timeNs,timeSeconds,vehicleId,latitude,longitude,projectedX,projectedY,speed,heading,active
7000000000,7,veh_0,52.6560022198442,13.569067123065468,,,34.82466244661715,186.33265938410221,true
8000000000,8,veh_0,52.65568818530395,13.569020171533026,,,35.08759377758484,186.33265938410452,true
9000000000,9,veh_0,52.65536716793438,13.568972176649016,,,35.867793266722,186.33265938410452,true
10000000000,10,veh_0,52.65504998546848,13.568924755768087,,,35.43930978522636,186.33265938410221,true
11000000000,11,veh_0,52.6547278010985,13.56887658773249,,,35.99817710604053,186.33265938410452,true
11000000000,11,veh_1,52.65600317758466,13.569114825884666,,,34.84471513260156,186.33353035528413,true
12000000000,12,veh_0,52.65440859890612,13.568828866205138,,,35.66497012538835,186.33265938411486,true
12000000000,12,veh_1,52.65568348599079,13.569067020158364,,,35.70392321095802,186.33353035528413,true
13000000000,13,veh_0,52.65409182548022,13.56877769723859,,,35.418059587026946,186.82898630358784,true
13000000000,13,veh_1,52.65536475210194,13.569019358299652,,,35.59696095442865,186.33353035528182,true
14000000000,14,veh_0,52.65377504115898,13.568725785097026,,,35.42403746628202,186.8289863035775,true
14000000000,14,veh_1,52.65504760162776,13.568971933866164,,,35.42011798819527,186.33353035528182,true
15000000000,15,veh_0,52.65345423307995,13.568673214300029,,,35.87398562006652,186.8289863035903,true
15000000000,15,veh_1,52.654733016996744,13.56892489375057,,,35.13355514629744,186.33353035528413,true
15000000000,15,veh_2,52.655998139814066,13.569066513053125,,,35.28053092024289,186.33265938410221,true
16000000000,16,veh_0,52.65313174926718,13.568620369637552,,,36.061368645532056,186.82898630358906,true
16000000000,16,veh_1,52.65441992719504,13.568878077790858,,,34.96660572727211,186.33353035529217,true
16000000000,16,veh_2,52.655682252281856,13.56901928448869,,,35.29463155252393,186.33265938410452,true
17000000000,17,veh_0,52.65281887318046,13.568569100076596,,,34.986992351445366,186.82898630358906,true
17000000000,17,veh_1,52.65409978259699,13.568826558721003,,,35.777910572630354,186.82872832338123,true
17000000000,17,veh_2,52.655366347339694,13.568972053963838,,,35.29657339289784,186.33265938410452,true
18000000000,18,veh_0,52.652503370770106,13.56851740085628,,,35.28067408508156,186.82898630358906,true
18000000000,18,veh_1,52.6537851781401,13.568775005785989,,,35.16470790399704,186.82872832337088,true
18000000000,18,veh_2,52.65505436211214,13.568925410100913,,,34.858613961273804,186.33265938410452,true
19000000000,19,veh_0,52.65218384011054,13.56846504227504,,,35.731124322665856,186.82898630357872,true
19000000000,19,veh_1,52.653464540780774,13.56872246498762,,,35.83902778696734,186.82872832337088,true
19000000000,19,veh_2,52.654732363542344,13.568877269834026,,,35.97741740293801,186.33265938410221,true
19000000000,19,veh_3,52.65600297078149,13.569114794959726,,,34.86781140751205,186.33353035528182,true
20000000000,20,veh_0,52.65186596310308,13.568413044643592,,,35.54560514939018,186.80510612248864,true
20000000000,20,veh_1,52.65314324577573,13.568669817157629,,,35.912531799208374,186.82872832338123,true
20000000000,20,veh_2,52.65442074716109,13.568830682387677,,,34.817395435473884,186.33265938410221,true
20000000000,20,veh_3,52.65568123985211,13.56906668427982,,,35.93168107517064,186.33353035528413,true
21000000000,21,veh_0,52.65154875596359,13.568361287767278,,,35.469821806941184,186.80510612248864,true
21000000000,21,veh_1,52.6528218486125,13.568617153321528,,,35.92394655534532,186.8287283233721,true
21000000000,21,veh_2,52.65410710999932,13.568780201964287,,,35.06622980264015,186.8289863035903,true
21000000000,21,veh_3,52.65536567955015,13.569019496984636,,,35.24252719028387,186.33353035528413,true
22000000000,22,veh_0,52.651237024426756,13.568310425006915,,,34.857541067493145,186.80510612248864,true
22000000000,22,veh_1,52.65250459181034,13.56851760093842,,,35.50708014996722,186.82898630358906,true
22000000000,22,veh_2,52.65379015929427,13.568728262522814,,,35.44264332327526,186.8289863035903,true
22000000000,22,veh_3,52.65504586095333,13.568971673579837,,,35.718100257790645,186.33353035528413,true
23000000000,23,veh_0,52.650920918119446,13.568258849151604,,,35.34672024805565,186.80510612248864,true
23000000000,23,veh_1,52.652190992702224,13.568466214297208,,,35.06783590388019,186.8289863035903,true
23000000000,23,veh_2,52.653476442370525,13.568676853711333,,,35.08102575285826,186.8289863035775,true
23000000000,23,veh_3,52.65473161402957,13.568924683965085,,,35.095839184653016,186.33353035528182,true
23000000000,23,veh_4,52.655997037296736,13.569066348213877,,,35.403716993997804,186.33265938410452,true
24000000000,24,veh_0,52.650604083495885,13.568207155173273,,,35.42815613342915,186.80510612248864,true
24000000000,24,veh_1,52.65187814880988,13.568415032929927,,,34.9828398701176,186.80510612248864,true
24000000000,24,veh_2,52.65316358619052,13.568625586646288,,,34.984770387238825,186.8289863035775,true
24000000000,24,veh_3,52.65441855773759,13.568877873018838,,,34.96286326755304,186.33353035529444,true
24000000000,24,veh_4,52.655683337736136,13.569019446774615,,,35.05016589904204,186.33265938410452,true
25000000000,25,veh_0,52.650287252033806,13.56815546242048,,,35.427798843188214,186.80510612248864,true
25000000000,25,veh_1,52.651561564667205,13.56836337767647,,,35.40015900250524,186.8051061224783,true
25000000000,25,veh_2,52.65284558492057,13.568573477179067,,,35.56011016041972,186.8289863035903,true
25000000000,25,veh_3,52.65410534550151,13.568827470297556,,,35.0031762909051,186.8287283233837,true
25000000000,25,veh_4,52.655370233019624,13.568972634902737,,,34.983699649749326,186.33265938410221,true
26000000000,26,veh_0,52.64997516363346,13.568102762638906,,,34.90964255942032,187.09837029306172,true
26000000000,26,veh_1,52.65124971906348,13.568312496276599,,,34.870296075418594,186.80510612248864,true
26000000000,26,veh_2,52.65252769759644,13.56852138710163,,,35.5473644786654,186.82898630358906,true
26000000000,26,veh_3,52.65378671183138,13.568775257103947,,,35.61507063018158,186.82872832338123,true
26000000000,26,veh_4,52.65505733656105,13.568925854797817,,,34.96042731293943,186.33265938410452,true
27000000000,27,veh_0,52.649654691584324,13.568047752354587,,,35.853557178857734,187.09837029306303,true
27000000000,27,veh_1,52.650935536009484,13.568261234188661,,,35.13166396968532,186.8051061224783,true
27000000000,27,veh_2,52.652205524600745,13.568468595492167,,,36.02660060207359,186.82898630358906,true
27000000000,27,veh_3,52.653464088918916,13.568722390944414,,,36.060961675844155,186.82872832337335,true
27000000000,27,veh_4,52.65474089884392,13.568878545892249,,,35.356094465069475,186.33265938410452,true
27000000000,27,veh_5,52.65599494830139,13.569113595293965,,,35.76378125114366,186.33353035529217,true
28000000000,28,veh_0,52.64933457579658,13.567992803989288,,,35.81369549957104,187.09837029307337,true
28000000000,28,veh_1,52.65062368940058,13.568210354005124,,,34.87040112378541,186.80510612248864,true
28000000000,28,veh_2,52.651889300060795,13.568416852429726,,,35.36092843852472,186.80510612248864,true
28000000000,28,veh_3,52.65314225119999,13.568669654186253,,,35.97319326700177,186.82872832338245,true
28000000000,28,veh_4,52.65442025591343,13.568830608945389,,,35.8259462271491,186.33265938410221,true
28000000000,28,veh_5,52.655679452956434,13.569066417074653,,,35.23527601111215,186.33353035528413,true
29000000000,29,veh_0,52.64901277361967,13.567937566923664,,,36.00236005966086,187.09837029306303,true
29000000000,29,veh_1,52.65030595693114,13.568158514205118,,,35.528548875744455,186.80510612248864,true
29000000000,29,veh_2,52.65157587446366,13.56836571251016,,,35.046973382555876,186.80510612248864,true
29000000000,29,veh_3,52.652823313569826,13.568617393366388,,,35.64903394420631,186.8287283233721,true
29000000000,29,veh_4,52.654101364562216,13.568779260439936,,,35.65381876457482,186.82898630358784,true
29000000000,29,veh_5,52.65536482651281,13.569019369426606,,,35.138231650264935,186.33353035529444,true
30000000000,30,veh_0,52.64870162378069,13.56788415905765,,,34.81060126380995,187.09837029307337,true
30000000000,30,veh_1,52.649992981385054,13.568105821148356,,,35.007804050100965,187.09837029306303,true
30000000000,30,veh_2,52.65125733921711,13.56831373958907,,,35.61832607592456,186.80510612248864,true
30000000000,30,veh_3,52.6525098528582,13.568566030693313,,,35.03685139530804,186.82872832337088,true
30000000000,30,veh_4,52.65378259725925,13.568727023323452,,,35.64578218661714,186.8289863035775,true
30000000000,30,veh_5,52.655052984200985,13.568972738732601,,,34.827289843806064,186.33353035529217,true
31000000000,31,veh_0,52.64838784882998,13.56783030133146,,,35.10428772984538,187.0983702930721,true
31000000000,31,veh_1,52.64967197792823,13.568050719603766,,,35.913009877773,187.09837029306172,true
31000000000,31,veh_2,52.65094326767552,13.568262495678443,,,35.119194845287126,186.8051061224783,true
31000000000,31,veh_3,52.652189544863596,13.568465977054647,,,35.8637120168563,186.82898630358906,true
31000000000,31,veh_4,52.65346533570287,13.56867503367384,,,35.47740001412109,186.8289863035903,true
31000000000,31,veh_5,52.65473502578616,13.568925194124587,,,35.510347338477146,186.33353035529444,true
31000000000,31,veh_6,52.655999284911545,13.569066684258614,,,35.152587297270074,186.33265938410452,true
32000000000,32,veh_0,52.64806516511443,13.567774915231732,,,36.100971989091484,187.09837029307337,true
32000000000,32,veh_1,52.64935987849613,13.567997147208583,,,34.916847402849235,187.09837029307337,true
32000000000,32,veh_2,52.65063179104441,13.568211675842205,,,34.829030641205605,186.80510612248742,true
32000000000,32,veh_3,52.65187524623668,13.568414559330172,,,35.14550028407481,186.80510612248864,true
32000000000,32,veh_4,52.65315359772066,13.568623949868806,,,34.85972912489902,186.8289863035903,true
32000000000,32,veh_5,52.65441606692996,13.568877500573779,,,35.622075531180016,186.33353035528413,true
32000000000,32,veh_6,52.65568124076207,13.569019133256695,,,35.53559393357951,186.33265938410452,true
33000000000,33,veh_0,52.64775076637254,13.56772095192947,,,35.17406777307857,187.09837029306303,true
33000000000,33,veh_1,52.64904359653226,13.567942857616506,,,35.38477386177052,187.0983702930721,true
33000000000,33,veh_2,52.65031214223545,13.568159523364725,,,35.74283226084896,186.80510612248986,true
33000000000,33,veh_3,52.65156085291064,13.568363261543956,,,35.15518380144145,186.80510612248864,true
33000000000,33,veh_4,52.652833951003174,13.568571570793894,,,35.74411022354849,186.82898630358906,true
33000000000,33,veh_5,52.654097350181495,13.56882616012841,,,35.61866877487861,186.82872832338123,true
33000000000,33,veh_6,52.655369520848296,13.568972528427665,,,34.828973369640295,186.33265938410452,true
34000000000,34,veh_0,52.64743472471981,13.56766670738201,,,35.3578681377368,187.09837029306303,true
34000000000,34,veh_1,52.648721039514804,13.56788749168463,,,36.08680582117755,187.09837029306172,true
34000000000,34,veh_2,52.649996399319846,13.568106407854856,,,35.31704953917302,187.09837029306172,true
34000000000,34,veh_3,52.651246754563736,13.568312012585737,,,35.1221957808733,186.80510612248864,true
34000000000,34,veh_4,52.652517790646975,13.568519763727373,,,35.35424825548194,186.82898630357994,true
34000000000,34,veh_5,52.653779573230594,13.568774087338953,,,35.519311305964365,186.82872832338123,true
34000000000,34,veh_6,52.65505012770436,13.568924777033146,,,35.68631243239157,186.33265938410452,true
35000000000,35,veh_0,52.6471173431437,13.567612233603848,,,35.50777104484383,187.09837029307337,true
35000000000,35,veh_1,52.64840958376429,13.567834031988435,,,34.844822177444584,187.09837029306172,true
35000000000,35,veh_2,52.649681038585825,13.568052274891821,,,35.2817171918368,187.0983702930721,true
35000000000,35,veh_3,52.650934391179895,13.56826104739961,,,34.92819007971789,186.80510612248864,true
35000000000,35,veh_4,52.65220054644365,13.568467779771838,,,35.47544434400275,186.82898630358906,true
35000000000,35,veh_5,52.65346463653479,13.568722480678108,,,35.2018398757698,186.82872832337088,true
35000000000,35,veh_6,52.65472897529839,13.568876763279526,,,35.88287411615252,186.33265938410221,true
35000000000,35,veh_7,52.65599255647636,13.56911323762528,,,36.03090601117816,186.33353035529444,true
36000000000,36,veh_0,52.64680030366434,13.567557819291979,,,35.46949418083764,187.09837029306172,true
36000000000,36,veh_1,52.64809211368057,13.567779540709571,,,35.51768542187288,187.09837029306172,true
36000000000,36,veh_2,52.649366234093975,13.567998238150446,,,35.219482329781165,187.09837029306303,true
36000000000,36,veh_3,52.65061680258815,13.568209230376228,,,35.51246431878768,186.80510612248864,true
36000000000,36,veh_4,52.65188573124035,13.56841627012114,,,35.20331452073529,186.80510612248864,true
36000000000,36,veh_5,52.65314188460637,13.568669594116153,,,36.07537841544487,186.82872832338245,true
36000000000,36,veh_6,52.65441719631451,13.56883015153063,,,34.835563251180574,186.33265938410452,true
36000000000,36,veh_7,52.65567571445825,13.569065858034788,,,35.38567566577345,186.33353035528413,true
37000000000,37,veh_0,52.646486723236286,13.567505513873472,,,35.33464680459816,186.8997196608967,true
37000000000,37,veh_1,52.64777914068266,13.567725822056948,,,35.014559798678384,187.0983702930721,true
37000000000,37,veh_2,52.649048648249746,13.56794372473464,,,35.53064855487551,187.0983702930721,true
37000000000,37,veh_3,52.650304220287886,13.56815823086418,,,34.95266170184128,186.80510612248864,true
37000000000,37,veh_4,52.65156797837434,13.568364424157949,,,35.53084469625261,186.80510612248864,true
37000000000,37,veh_5,52.65282799591351,13.568618160605594,,,35.08469247875269,186.82872832338245,true
37000000000,37,veh_6,52.65409797855485,13.568778705563481,,,35.69060126039199,186.8289863035903,true
37000000000,37,veh_7,52.655356951199344,13.569018191800213,,,35.60024098473601,186.33353035529444,true
38000000000,38,veh_0,52.646166560664625,13.56745240926163,,,35.79901281971485,186.89971966090704,true
38000000000,38,veh_1,52.64746050640237,13.567671132453407,,,35.64792450244073,187.09837029306303,true
38000000000,38,veh_2,52.64872729113638,13.567888564749099,,,35.952563872411844,187.09837029306172,true
38000000000,38,veh_3,52.649986024619324,13.568104626983162,,,35.59191865340341,187.0983702930721,true
38000000000,38,veh_4,52.65125559320741,13.56831345470821,,,34.93062962320633,186.80510612248864,true
38000000000,38,veh_5,52.65251388634573,13.568519123960286,,,35.15484036606736,186.82898630358906,true
38000000000,38,veh_6,52.65377787828825,13.568726250020458,,,35.79483924341854,186.8289863035903,true
38000000000,38,veh_7,52.65503868357888,13.56897060033372,,,35.544883449273186,186.33353035528413,true
39000000000,39,veh_0,52.645845424063175,13.567399143830604,,,35.90792011321988,186.89971966089794,true
39000000000,39,veh_1,52.64714508205924,13.567616994541881,,,35.2888015804952,187.0983702930721,true
39000000000,39,veh_2,52.64840792134118,13.567833746644434,,,35.73022400179412,187.09837029306172,true
39000000000,39,veh_3,52.64966993561223,13.568050369034406,,,35.36319430341479,187.09837029306172,true
39000000000,39,veh_4,52.65094319693247,13.568262484136085,,,34.93186803775839,186.80510612248864,true
39000000000,39,veh_5,52.65220168763564,13.568467966767429,,,34.911238229405136,186.8289863035903,true
39000000000,39,veh_6,52.653466550031354,13.568675232664482,,,34.81391576269176,186.8289863035903,true
39000000000,39,veh_7,52.65472399902155,13.56892354529423,,,35.144715057210995,186.33353035528182,true
39000000000,39,veh_8,52.65599737375903,13.569066398518926,,,35.36612351023592,186.33265938410452,true
40000000000,40,veh_0,52.645529814368395,13.56734679584472,,,35.28992465465795,186.89971966089794,true
40000000000,40,veh_1,52.64682845269263,13.567562650552702,,,35.42361226346344,187.0983702930721,true
40000000000,40,veh_2,52.64809427016217,13.567779910850383,,,35.090436800559985,187.09837029306172,true
40000000000,40,veh_3,52.64935508571986,13.567996324526103,,,35.22456147693097,187.09837029307337,true
40000000000,40,veh_4,52.65062284699867,13.568210216561676,,,35.821235136562024,186.80510612248864,true
40000000000,40,veh_5,52.65188361862401,13.568415925414955,,,35.56715781494509,186.8051061224783,true
40000000000,40,veh_6,52.65314866421152,13.56862314143126,,,35.54720373478718,186.8289863035775,true
40000000000,40,veh_7,52.65440810653603,13.56887631027361,,,35.27961593755987,186.33353035528413,true
40000000000,40,veh_8,52.65568385582767,13.569019524234317,,,35.02987216942944,186.33265938410452,true
41000000000,41,veh_0,52.64521295318404,13.567294241003838,,,35.42985622099601,186.8997196608967,true
41000000000,41,veh_1,52.64651607921808,13.567510383117957,,,35.201439049574546,186.89971966089794,true
41000000000,41,veh_2,52.64777896308337,13.567725791574027,,,35.27569037560839,187.09837029307337,true
41000000000,41,veh_3,52.649032733156346,13.567940992938404,,,36.063936091228385,187.0983702930721,true
41000000000,41,veh_4,52.650305870731295,13.568158500141234,,,35.44399105942808,186.8051061224783,true
41000000000,41,veh_5,52.651563839450155,13.568363748837479,,,35.757424610750746,186.80510612248864,true
41000000000,41,veh_6,52.65283116615925,13.568571114457194,,,35.50383826851845,186.82898630358906,true
41000000000,41,veh_7,52.654086297965755,13.568824349035665,,,35.96498756153974,186.82872832338123,true
41000000000,41,veh_8,52.6553643797275,13.568971759790786,,,35.69558468897827,186.33265938410452,true
42000000000,42,veh_0,52.64489811400912,13.567242022250383,,,35.20376127254218,186.89971966089794,true
42000000000,42,veh_1,52.646199181444985,13.56745781995991,,,35.43395938972477,186.89971966090826,true
42000000000,42,veh_2,52.64746743290663,13.567672321293493,,,34.85313702925574,187.09837029306303,true
42000000000,42,veh_3,52.64871464286898,13.567886393727665,,,35.587080042893064,187.09837029306172,true
42000000000,42,veh_4,52.649983340728134,13.568104166279314,,,36.07673628531862,187.09837029306303,true
42000000000,42,veh_5,52.651249446682634,13.568312451834656,,,35.15511766226496,186.80510612248864,true
42000000000,42,veh_6,52.65251212562794,13.568518835445364,,,35.676320292977614,186.82898630357872,true
42000000000,42,veh_7,52.6537701701579,13.568772546507407,,,35.33497929295059,186.82872832338123,true
42000000000,42,veh_8,52.655042876468734,13.568923692932927,,,35.922078905431555,186.33265938410452,true
43000000000,43,veh_0,52.64458437167581,13.567189929993804,,,35.08077579984907,186.94302107175417,true
43000000000,43,veh_1,52.6458817149651,13.567405163196138,,,35.497545538065026,186.89971966089794,true
43000000000,43,veh_2,52.647148414649116,13.56761756652764,,,35.69087882960681,187.0983702930721,true
43000000000,43,veh_3,52.648393111944735,13.567831204709792,,,35.972005061889064,187.09837029306172,true
43000000000,43,veh_4,52.64966072056297,13.568048787245345,,,36.09388275725301,187.09837029306172,true
43000000000,43,veh_5,52.650933615783735,13.568260920886893,,,35.31592447761446,186.80510612248864,true
43000000000,43,veh_6,52.65219564814703,13.568466977137613,,,35.389706485848876,186.82898630358906,true
43000000000,43,veh_7,52.65344830226473,13.568719804105028,,,35.976569700534455,186.82872832338123,true
43000000000,43,veh_8,52.65472929927964,13.568876811715866,,,35.036482933759686,186.33265938410452,true
43000000000,43,veh_9,52.65599707822184,13.569113913798004,,,35.52590662000235,186.33353035528413,true
44000000000,44,veh_0,52.644268404947,13.56713690584261,,,35.33092792938929,186.9469881362973,true
44000000000,44,veh_1,52.64556015956539,13.56735182896044,,,35.954744562893175,186.8997196608967,true
44000000000,44,veh_2,52.6468342110928,13.567563638876448,,,35.15221941716969,187.09837029306172,true
44000000000,44,veh_3,52.648081359302694,13.56777769481715,,,34.87803349945694,187.09837029306172,true
44000000000,44,veh_4,52.649341769063035,13.567994038716094,,,35.68343818678055,187.09837029306172,true
44000000000,44,veh_5,52.650614171511016,13.568208801098718,,,35.71996484034695,186.80510612247704,true
44000000000,44,veh_6,52.651882681623206,13.568415772528722,,,34.996574046104215,186.80510612248864,true
44000000000,44,veh_7,52.65313118832515,13.568667841421899,,,35.44519586592447,186.82872832338245,true
44000000000,44,veh_8,52.65440620996286,13.568828509054606,,,36.09928472879343,186.33265938410452,true
44000000000,44,veh_9,52.655676832616166,13.569066025239582,,,35.76579650742002,186.33353035528413,true
45000000000,45,veh_0,52.6439473095766,13.56708321167391,,,35.9067646417208,186.946988136287,true
45000000000,45,veh_1,52.64524091964746,13.567298879514007,,,35.69583484448027,186.89971966090826,true
45000000000,45,veh_2,52.64651782601813,13.56751067285796,,,35.65035414739046,186.89971966089794,true
45000000000,45,veh_3,52.64776543417504,13.567723469490122,,,35.34483581545297,187.09837029306172,true
45000000000,45,veh_4,52.64902691971494,13.56793999507245,,,35.22449645040557,187.09837029306172,true
45000000000,45,veh_5,52.65030197248538,13.568157864125403,,,34.90980426339898,186.80510612248864,true
45000000000,45,veh_6,52.651562655275725,13.56836355562371,,,35.7850633348478,186.80510612248864,true
45000000000,45,veh_7,52.652813410161244,13.568615770614748,,,35.519435275755825,186.82872832338123,true
45000000000,45,veh_8,52.654083418877555,13.56877631962096,,,36.09119775252417,186.8289863035903,true
45000000000,45,veh_9,52.655360506503726,13.569018723438719,,,35.32805468050297,186.33353035528413,true
46000000000,46,veh_0,52.64363488798429,13.567026233353136,,,34.97796565568075,186.32751799415365,true
46000000000,46,veh_1,52.64492394283818,13.56724630615439,,,35.44278131471015,186.89971966090826,true
46000000000,46,veh_2,52.64620609899311,13.567458967351158,,,34.85579167549964,186.8997196608967,true
46000000000,46,veh_3,52.64744399888076,13.567668299163676,,,35.96129402820021,187.0983702930721,true
46000000000,46,veh_4,52.6487142872517,13.567886332687486,,,34.97647341866046,187.09837029306172,true
46000000000,46,veh_5,52.64998236221162,13.568103998311889,,,35.75031189973466,187.09837029306303,true
46000000000,46,veh_6,52.65124729590578,13.568312100911667,,,35.26320225805044,186.80510612248864,true
46000000000,46,veh_7,52.65249579832642,13.56856372777888,,,35.500840140287764,186.82872832337088,true
46000000000,46,veh_8,52.653763608998716,13.568723911697177,,,35.762366796485146,186.82898630357994,true
46000000000,46,veh_9,52.6550451593835,13.568971568672783,,,35.21871510298457,186.33353035528413,true
47000000000,47,veh_0,52.64331702205213,13.566978782973706,,,35.507614142275415,186.3275179941525,true
47000000000,47,veh_1,52.64461121321081,13.567194437935141,,,34.96787863219157,186.89971966089794,true
47000000000,47,veh_2,52.64588696583149,13.567406034128275,,,35.68390579292551,186.8997196608967,true
47000000000,47,veh_3,52.647131449062115,13.56761465465681,,,34.96720755679067,187.09837029306303,true
47000000000,47,veh_4,52.648399127956324,13.567832237318068,,,35.25916459498927,187.09837029306172,true
47000000000,47,veh_5,52.6496600738969,13.568048676243322,,,36.05675620647613,187.0983702930721,true
47000000000,47,veh_6,52.65093171321214,13.568260610465575,,,35.288170368936846,186.8051061224783,true
47000000000,47,veh_7,52.65217659471088,13.568463855045746,,,35.74091153390705,186.82898630358906,true
47000000000,47,veh_8,52.65345031238556,13.568672571820644,,,35.03402470342349,186.8289863035903,true
47000000000,47,veh_9,52.654723129739395,13.56892341531064,,,35.9650317379646,186.33353035528413,true
47000000000,47,veh_10,52.65599347112606,13.569065815029658,,,35.802171106440944,186.33265938410221,true
48000000000,48,veh_0,52.64299429470663,13.566930607556474,,,36.05066092194989,186.32751799415365,true
48000000000,48,veh_1,52.64429661824501,13.56714162375886,,,35.176900635091584,186.94698813628827,true
48000000000,48,veh_2,52.64557427507987,13.567354170190466,,,34.96354329440743,186.8997196608967,true
48000000000,48,veh_3,52.64680887694703,13.567559290736957,,,36.088470207657664,187.09837029306303,true
48000000000,48,veh_4,52.64807778348951,13.567777081061106,,,35.951140654264016,187.09837029306303,true
48000000000,48,veh_5,52.64933741778812,13.567993291818123,,,36.09789985412732,187.09837029306303,true
48000000000,48,veh_6,52.65061766067313,13.568209370378435,,,35.11706614309456,186.80510612248742,true
48000000000,48,veh_7,52.65186283432493,13.568412534135268,,,35.08525448135566,186.80510612248864,true
48000000000,48,veh_8,52.653132689375965,13.568620523689889,,,35.517815097179266,186.8289863035903,true
48000000000,48,veh_9,52.65440982370816,13.56887656703854,,,34.99075464395806,186.33353035528182,true
48000000000,48,veh_10,52.65567734381632,13.569018550625666,,,35.32142223612405,186.33265938410452,true
49000000000,49,veh_0,52.642673073487494,13.566882657632043,,,35.8824136820063,186.32751799415365,true
49000000000,49,veh_1,52.643979307107344,13.567088562327312,,,35.48358994965907,186.946988136287,true
49000000000,49,veh_2,52.645254095307806,13.56730106482747,,,35.80092487336602,186.8997196608967,true
49000000000,49,veh_3,52.646497594778566,13.567507317123539,,,35.078198994384145,186.89971966090826,true
49000000000,49,veh_4,52.647759576960375,13.567722464165977,,,35.60007268929854,187.09837029307337,true
49000000000,49,veh_5,52.64901869051336,13.567938582546377,,,35.65834835228976,187.09837029306172,true
49000000000,49,veh_6,52.65029679543393,13.568157019467044,,,35.87885218003299,186.80510612248986,true
49000000000,49,veh_7,52.651548119664305,13.568361183946676,,,35.19111500204541,186.80510612248864,true
49000000000,49,veh_8,52.65281215404629,13.568567999050702,,,35.84347795542795,186.8289863035903,true
49000000000,49,veh_9,52.65409460628696,13.568825710494737,,,35.22810814456548,186.82872832338123,true
49000000000,49,veh_10,52.65536167343009,13.568971355178697,,,35.27036602479871,186.33265938411486,true
50000000000,50,veh_0,52.64235884388014,13.566835752013713,,,35.10140363987535,186.3275179941525,true
50000000000,50,veh_1,52.643667590884164,13.5670311152123,,,34.902997941863724,186.32751799415365,true
50000000000,50,veh_2,52.64493283299821,13.567247780654869,,,35.92196492982563,186.89971966090826,true
50000000000,50,veh_3,52.64618396900133,13.567455296722487,,,35.068100609201935,186.89971966090826,true
50000000000,50,veh_4,52.64744092276794,13.567667771191315,,,35.650151967853304,187.09837029306172,true
50000000000,50,veh_5,52.64870679052835,13.567885045907316,,,34.89452563842293,187.09837029306303,true
50000000000,50,veh_6,52.64997980964361,13.56810356015041,,,35.4569933725195,187.09837029306172,true
50000000000,50,veh_7,52.65122970697544,13.568309231084724,,,35.60462145268917,186.8051061224783,true
50000000000,50,veh_8,52.65249370168686,13.56851581646096,,,35.61054845963605,186.8289863035903,true
50000000000,50,veh_9,52.65377761832759,13.568773766999339,,,35.43112226325553,186.82872832337335,true
50000000000,50,veh_10,52.655049219882535,13.568924641308698,,,34.910940060103314,186.33265938411486,true
51000000000,51,veh_0,52.64203956199577,13.566788092882586,,,35.66577100019436,186.32751799415365,true
51000000000,51,veh_1,52.64335081163963,13.566983826983726,,,35.38622469007038,186.3275179941525,true
51000000000,51,veh_2,52.644616932572745,13.567195386521773,,,35.322421664060094,186.8997196608967,true
51000000000,51,veh_3,52.6458692001554,13.567403087434748,,,35.19590916492976,186.89971966090704,true
51000000000,51,veh_4,52.64712926822487,13.56761428035124,,,34.86704657218885,187.0983702930721,true
51000000000,51,veh_5,52.64839117513267,13.567830872268972,,,35.31019175964408,187.09837029306303,true
51000000000,51,veh_6,52.64966433400744,13.568049407503153,,,35.294571927925574,187.09837029306172,true
51000000000,51,veh_7,52.65091065541989,13.568257174703003,,,35.676055126069116,186.80510612248864,true
51000000000,51,veh_8,52.65217784411947,13.56846405977348,,,35.320385201126335,186.8289863035903,true
51000000000,51,veh_9,52.653466121565444,13.568722724018926,,,34.81734357552137,186.82872832337088,true
51000000000,51,veh_10,52.65473123035549,13.56887710041856,,,35.5294805839099,186.33265938410452,true
51000000000,51,veh_11,52.655998094785005,13.569114065812835,,,35.41237440401688,186.33353035528413,true
52000000000,52,veh_0,52.64171772507575,13.566738338038078,,,35.96919079410378,186.9042388770483,true
52000000000,52,veh_1,52.643030172817355,13.566935963260939,,,35.81736020931508,186.3275179941525,true
52000000000,52,veh_2,52.64430337162139,13.56714275308051,,,35.061209192862734,186.9469881362986,true
52000000000,52,veh_3,52.645557750697506,13.5673514294205,,,34.824747726358474,186.8997196608967,true
52000000000,52,veh_4,52.64681143766624,13.567559730237026,,,35.557998075955545,187.09837029307337,true
52000000000,52,veh_5,52.648078074354366,13.567777130985426,,,35.028859268003146,187.09837029306172,true
52000000000,52,veh_6,52.64934929812045,13.56799533108195,,,35.245369986551815,187.0983702930721,true
52000000000,52,veh_7,52.65059611258563,13.568205854667797,,,35.17189025558997,186.80510612248742,true
52000000000,52,veh_8,52.651858374424236,13.568411806433925,,,35.72367023237981,186.80510612248864,true
52000000000,52,veh_9,52.65314977129447,13.568670886430578,,,35.35983754255809,186.82872832338123,true
52000000000,52,veh_10,52.654408343833595,13.568828828071418,,,36.07662615586538,186.33265938411253,true
52000000000,52,veh_11,52.65568537784911,13.569067303059272,,,34.92497668013908,186.33353035529217,true
53000000000,53,veh_0,52.64139760241131,13.566685208920713,,,35.79518823538907,186.90423887703798,true
53000000000,53,veh_1,52.64271510211261,13.566888931368558,,,35.19536327881738,186.3275179941525,true
53000000000,53,veh_2,52.643989923073924,13.567090337539616,,,35.05165259459987,186.946988136287,true
53000000000,53,veh_3,52.64524546690038,13.567299633720697,,,34.91803569846321,186.8997196608967,true
53000000000,53,veh_4,52.64649423870207,13.567506760454945,,,35.73994519432541,186.89971966089794,true
53000000000,53,veh_5,52.64776242171511,13.567722952435673,,,35.31435052188113,187.09837029306172,true
53000000000,53,veh_6,52.649037724986705,13.567941849776615,,,34.85796253161039,187.09837029306303,true
53000000000,53,veh_7,52.6502832046465,13.56815480207212,,,34.98907409104518,186.80510612248742,true
53000000000,53,veh_8,52.65153617982846,13.56835923580584,,,36.02751463555265,186.80510612248864,true
53000000000,53,veh_9,52.65283207103941,13.568618828347466,,,35.5107272912655,186.82872832338245,true
53000000000,53,veh_10,52.65408914863189,13.568777258574594,,,35.68889538861345,186.8289863035903,true
53000000000,53,veh_11,52.65536862978625,13.569019938145084,,,35.3751791997021,186.33353035528413,true
54000000000,54,veh_0,52.64108545798845,13.566633404621456,,,34.90308059858158,186.90423887703798,true
54000000000,54,veh_1,52.64239514768243,13.566841171115131,,,35.74090242173057,186.3275179941525,true
54000000000,54,veh_2,52.643677278056984,13.567032561305972,,,35.0080195405893,186.3275179941525,true
54000000000,54,veh_3,52.64493072533856,13.567247431083477,,,35.19284705260303,186.89971966090704,true
54000000000,54,veh_4,52.64617164480752,13.567453252550678,,,36.07087153144181,186.89971966090826,true
54000000000,54,veh_5,52.64745034241658,13.567669387944377,,,34.91457105101086,187.09837029307337,true
54000000000,54,veh_6,52.648724157271836,13.567888026834435,,,35.081106967912056,187.09837029307337,true
54000000000,54,veh_7,52.64996691557963,13.568101346818498,,,35.37983779985458,187.09837029306172,true
54000000000,54,veh_8,52.65122246045439,13.56830804873595,,,35.079819088513034,186.80510612248864,true
54000000000,54,veh_9,52.65251862304577,13.568519900126022,,,35.08065902627073,186.82898630357994,true
54000000000,54,veh_10,52.6537739667362,13.568725609030222,,,35.244848072985185,186.82898630357994,true
54000000000,54,veh_11,52.6550547854263,13.568973008073298,,,35.05088336224668,186.33353035528413,true
55000000000,55,veh_0,52.64077317693143,13.566581578347762,,,34.91835489039309,186.90423887703798,true
55000000000,55,veh_1,52.6420794404535,13.566794045494724,,,35.26646017789841,186.32751799416405,true
55000000000,55,veh_2,52.64335827195682,13.566984940638875,,,35.63497849718202,186.32751799415365,true
55000000000,55,veh_3,52.64461398441258,13.567194897553682,,,35.416402239366434,186.89971966090826,true
55000000000,55,veh_4,52.64585445024592,13.567400640951321,,,35.46714063353371,186.89971966090826,true
55000000000,55,veh_5,52.647129829999095,13.567614376770727,,,35.85804108098615,187.0983702930721,true
55000000000,55,veh_6,52.648403439041616,13.56783297728728,,,35.8810831952747,187.09837029306303,true
55000000000,55,veh_7,52.6496551924399,13.568047838327814,,,34.87475250571966,187.09837029306172,true
55000000000,55,veh_8,52.65090095671015,13.568255592274927,,,35.95025653281715,186.80510612248986,true
55000000000,55,veh_9,52.65220643008462,13.568468743864681,,,34.91059541733935,186.8289863035903,true
55000000000,55,veh_10,52.65345616206686,13.56867353040079,,,35.5381328747049,186.82898630358784,true
55000000000,55,veh_11,52.654732388202525,13.568924799727055,,,36.00608400838915,186.33353035528413,true
56000000000,56,veh_0,52.64045924709206,13.566529479149002,,,35.102713137273675,186.90423887703798,true
56000000000,56,veh_1,52.64176544429685,13.566746257815723,,,35.08803690782748,186.74159904013072,true
56000000000,56,veh_2,52.6430370461591,13.56693698927987,,,35.88292911368422,186.3275179941525,true
56000000000,56,veh_3,52.644295863019096,13.567141497467537,,,35.571216470366345,186.9469881362973,true
56000000000,56,veh_4,52.645538829948634,13.567348291186393,,,35.29111028426792,186.89971966090826,true
56000000000,56,veh_5,52.64681176173219,13.567559785856954,,,35.58459221894387,187.09837029306172,true
56000000000,56,veh_6,52.64808331789875,13.567778030992514,,,35.814278576862996,187.0983702930721,true
56000000000,56,veh_7,52.64933852913984,13.567993482582049,,,35.427440469353456,187.09837029306172,true
56000000000,56,veh_8,52.650588704911826,13.56820464605839,,,34.91570862535387,186.8051061224783,true
56000000000,56,veh_9,52.65188718687192,13.568416507630069,,,35.698477983744816,186.80510612248864,true
56000000000,56,veh_10,52.65314153545785,13.568621973266685,,,35.18274625415448,186.8289863035903,true
56000000000,56,veh_11,52.65440959089055,13.568876532225842,,,36.0507632549759,186.33353035529217,true
57000000000,57,veh_0,52.64014413674843,13.566477184749276,,,35.23470985271502,186.90423887703798,true
57000000000,57,veh_1,52.64145004966443,13.5666939132719,,,35.26651400769129,186.90423887703798,true
57000000000,57,veh_2,52.642714683419115,13.566888868868892,,,36.00992914134636,186.32751799415365,true
57000000000,57,veh_3,52.64397981310741,13.56708864694112,,,35.342552272244355,186.946988136287,true
57000000000,57,veh_4,52.645216220106434,13.567294782854425,,,36.072642888608385,186.89971966090826,true
57000000000,57,veh_5,52.64649489421549,13.567506869184205,,,35.70290448052343,186.89971966090704,true
57000000000,57,veh_6,52.64776283275961,13.567723022986778,,,35.854997375831005,187.09837029306303,true
57000000000,57,veh_7,52.64902043914258,13.56793888269506,,,35.587051481418314,187.09837029306172,true
57000000000,57,veh_8,52.65027002727974,13.568152652129788,,,35.63423565578647,186.80510612248864,true
57000000000,57,veh_9,52.65156531236342,13.568363989162831,,,35.99172311109956,186.80510612248864,true
57000000000,57,veh_10,52.65281902844902,13.568569125519565,,,36.063958702320235,186.8289863035903,true
57000000000,57,veh_11,52.65408852578259,13.56882471410112,,,35.88175097116269,186.82872832337088,true
58000000000,58,veh_0,52.63982409831497,13.566424073235742,,,35.7857504289737,186.90423887703923,true
58000000000,58,veh_1,52.64113093072129,13.566640951350681,,,35.68295175364707,186.90423887703923,true
58000000000,58,veh_2,52.642396334684165,13.566841348300098,,,35.56153626885731,186.32751799415365,true
58000000000,58,veh_3,52.64366189490236,13.56703026492082,,,35.59585868556984,186.32751799415365,true
58000000000,58,veh_4,52.64490295437073,13.567242825060104,,,35.02782712189015,186.89971966090826,true
58000000000,58,veh_5,52.64617934603594,13.567454529926927,,,35.283054190422405,186.89971966089794,true
58000000000,58,veh_6,52.647445790344484,13.567668606643762,,,35.46983082044404,187.0983702930721,true
58000000000,58,veh_7,52.64870571278295,13.567884860917008,,,35.210732782203706,187.09837029306303,true
58000000000,58,veh_8,52.64995455839333,13.56809922564555,,,35.288846092591996,187.0983702930721,true
58000000000,58,veh_9,52.651252167936164,13.568312895837257,,,35.01552939600311,186.80510612247704,true
58000000000,58,veh_10,52.65249887969056,13.568516664938919,,,35.80024629483465,186.82898630358906,true
58000000000,58,veh_11,52.65377420966972,13.568773208440662,,,35.13247830890119,186.82872832337088,true
59000000000,59,veh_0,52.639502031159466,13.566370625792715,,,36.01259215033147,186.90423887703798,true
59000000000,59,veh_1,52.64081594678764,13.56658867640661,,,35.22058318694122,186.90423887703923,true
59000000000,59,veh_2,52.64207348445096,13.566793156448332,,,36.06437813696917,186.3275179941525,true
59000000000,59,veh_3,52.64334751698915,13.566983335167693,,,35.11798089997843,186.32751799415365,true
59000000000,59,veh_4,52.64459112031635,13.567191078605042,,,34.867578227506016,186.9204091602485,true
59000000000,59,veh_5,52.64585763957714,13.567401169947383,,,35.97163892371114,186.89971966090826,true
59000000000,59,veh_6,52.64713461045494,13.567615197259006,,,34.813943716990764,187.0983702930721,true
59000000000,59,veh_7,52.648394414944185,13.567831428360934,,,34.82715525237378,187.0983702930721,true
59000000000,59,veh_8,52.64963804516858,13.568044894952973,,,35.41065424151253,187.09837029306172,true
59000000000,59,veh_9,52.65093099232951,13.568260492847234,,,35.91356484882068,186.80510612248864,true
59000000000,59,veh_10,52.65217939141985,13.5684643133137,,,35.726384187527,186.82898630358906,true
59000000000,59,veh_11,52.6534548556832,13.568720877963832,,,35.6955795201147,186.82872832337088,true
60000000000,60,veh_0,52.63918585451416,13.56631815661324,,,35.353928933702406,186.90423887703923,true
60000000000,60,veh_1,52.64049976779924,13.56653620384859,,,35.35420688550454,186.90423887703798,true
60000000000,60,veh_2,52.6417527140029,13.566744145015646,,,35.846179089359936,186.82554430604011,true
60000000000,60,veh_3,52.643027116399836,13.566935507013934,,,35.79074806474615,186.3275179941525,true
60000000000,60,veh_4,52.64427097135948,13.56713733500592,,,35.798359507080164,186.946988136287,true
60000000000,60,veh_5,52.64553483675159,13.567347628866889,,,36.09422528670635,186.89971966089794,true
60000000000,60,veh_6,52.64681467555513,13.56756028596081,,,35.79342596134171,187.09837029307337,true
60000000000,60,veh_7,52.64807183628113,13.567776060276703,,,36.08921908600256,187.09837029306172,true
60000000000,60,veh_8,52.649323481333504,13.567990899621421,,,35.19255775575526,187.09837029306303,true
60000000000,60,veh_9,52.65061339073764,13.568208673710425,,,35.51391794142779,186.80510612248986,true
60000000000,60,veh_10,52.65186091000999,13.568412220153691,,,35.6131682229368,186.80510612248864,true
60000000000,60,veh_11,52.65314020256392,13.568669318496369,,,35.17013943615835,186.82872832337088,true
61000000000,61,veh_0,52.63887428619178,13.566266452883802,,,34.83863625998143,186.90423887703798,true
61000000000,61,veh_1,52.64018201575868,13.566483470954207,,,35.530097095216625,186.90423887703798,true
61000000000,61,veh_2,52.64143675234085,13.566691706394215,,,35.329917459995485,186.90423887703798,true
61000000000,61,veh_3,52.64270544859129,13.566887490358027,,,35.932300859354434,186.32751799415365,true
61000000000,61,veh_4,52.64395046523844,13.567083739365948,,,35.84087136384565,186.9469881362973,true
61000000000,61,veh_5,52.645216130902504,13.56729476805909,,,35.63611758976709,186.8997196608967,true
61000000000,61,veh_6,52.64649775435984,13.567507343593105,,,35.70908749014139,186.89971966090826,true
61000000000,61,veh_7,52.6477551643407,13.56772170679027,,,35.42838705271948,187.09837029306172,true
61000000000,61,veh_8,52.64900732055473,13.567936630916437,,,35.37121554004494,187.09837029306172,true
61000000000,61,veh_9,52.650296903922275,13.568157037167385,,,35.38926087968517,186.80510612248864,true
61000000000,61,veh_10,52.65153885044093,13.568359671551205,,,36.01241609932855,186.8051061224783,true
61000000000,61,veh_11,52.65282850912861,13.568618244699973,,,34.839319069976916,186.82872832338123,true
62000000000,62,veh_0,52.63855512109747,13.56621348921956,,,35.68808067044243,186.90423887703798,true
62000000000,62,veh_1,52.639866694077284,13.566431142111107,,,35.258337659751994,186.90423887703923,true
62000000000,62,veh_2,52.6411174648612,13.566638716532932,,,35.70179685090203,186.90423887703798,true
62000000000,62,veh_3,52.642392827016536,13.566840824706981,,,34.92177674042992,186.3275179941525,true
62000000000,62,veh_4,52.64362871928283,13.56702531249576,,,36.019932818613015,186.32751799415365,true
62000000000,62,veh_5,52.64490000211948,13.567242335407409,,,35.347958911713214,186.89971966089794,true
62000000000,62,veh_6,52.64618411435228,13.567455320831359,,,35.069691776218825,186.89971966089794,true
62000000000,62,veh_7,52.64743618951889,13.567666958794506,,,35.686023038988935,187.0983702930721,true
62000000000,62,veh_8,52.648689812340145,13.56788213167622,,,35.521958996625614,187.0983702930721,true
62000000000,62,veh_9,52.64997676725738,13.568103037909168,,,35.80949850705452,187.09837029307337,true
62000000000,62,veh_10,52.65121655500707,13.56830708519823,,,36.03878638152033,186.80510612248742,true
62000000000,62,veh_11,52.65251076851422,13.568518613065871,,,35.560852334708905,186.8289863035903,true
63000000000,63,veh_0,52.63823877200607,13.566160993578595,,,35.373199835806155,186.90423887703798,true
63000000000,63,veh_1,52.63954793975406,13.566378244335183,,,35.64216163332108,186.90423887703798,true
63000000000,63,veh_2,52.64079822915128,13.566585735997055,,,35.69600419687573,186.90423887703923,true
63000000000,63,veh_3,52.642075593658134,13.566793471287498,,,35.4369382950617,186.32751799415365,true
63000000000,63,veh_4,52.64331507019159,13.566978491605946,,,35.0365665729763,186.3275179941525,true
63000000000,63,veh_5,52.64457836589536,13.567188907816824,,,35.96327433948405,186.9631410966845,true
63000000000,63,veh_6,52.6458613284719,13.567401781803273,,,36.09233460437041,186.89971966089794,true
63000000000,63,veh_7,52.64711719301785,13.56761220783718,,,35.688444378101266,187.09837029306172,true
63000000000,63,veh_8,52.64836815457063,13.56782692094582,,,35.986195844332684,187.0983702930721,true
63000000000,63,veh_9,52.649658826176505,13.568048462068672,,,35.570399243282154,187.09837029306303,true
63000000000,63,veh_10,52.65090429938338,13.568256137660795,,,34.91614008365664,186.8051061224783,true
63000000000,63,veh_11,52.65219458628457,13.568466803140995,,,35.35669036024716,186.82898630358906,true
64000000000,64,veh_0,52.63791774762248,13.56610772284584,,,35.89597295838408,186.90423887703798,true
64000000000,64,veh_1,52.639226233565786,13.566324857434028,,,35.97222646008245,186.90423887703923,true
64000000000,64,veh_2,52.640481868071774,13.566533233260035,,,35.37456756244879,186.90423887703923,true
64000000000,64,veh_3,52.64175398352847,13.56674435571408,,,35.93983595554251,186.81717466474547,true
64000000000,64,veh_4,52.643001277116426,13.566931649854949,,,35.05264713153243,186.32751799416405,true
64000000000,64,veh_5,52.6442563125336,13.567134883713054,,,36.01179310129024,186.9469881362986,true
64000000000,64,veh_6,52.64554853411972,13.567349900739735,,,34.97512709329836,186.89971966090704,true
64000000000,64,veh_7,52.646801414030804,13.56755800986576,,,35.32847381670959,187.09837029306303,true
64000000000,64,veh_8,52.64804559850089,13.567771556802747,,,36.08669106919784,187.09837029307337,true
64000000000,64,veh_9,52.649341633678695,13.567994015477316,,,35.486645737187935,187.09837029306172,true
64000000000,64,veh_10,52.6505865797092,13.568204299318044,,,35.5271214772854,186.80510612248864,true
64000000000,64,veh_11,52.65187821593351,13.56841504388219,,,35.37718208484817,186.80510612248864,true
65000000000,65,veh_0,52.637600378120936,13.56605505933251,,,35.48729124159087,186.90423887703798,true
65000000000,65,veh_1,52.63890879759804,13.566272179902773,,,35.494739240142515,186.90423887703798,true
65000000000,65,veh_2,52.640167921206185,13.566481131893854,,,35.104613446947184,186.9042388770483,true
65000000000,65,veh_3,52.64143366335567,13.566691193733902,,,35.817273489423094,186.90423887703798,true
65000000000,65,veh_4,52.642680346750126,13.566883743332545,,,35.84992368206382,186.32751799415365,true
65000000000,65,veh_5,52.643935273059554,13.567080653825382,,,35.90473339517135,187.3675487031523,true
65000000000,65,veh_6,52.64523715205588,13.567298254621946,,,34.817208220125174,186.8997196608967,true
65000000000,65,veh_7,52.64648916045052,13.567505918131289,,,35.186354115479624,186.8997196608967,true
65000000000,65,veh_8,52.647730099198384,13.567717404647965,,,35.29719522017054,187.0983702930721,true
65000000000,65,veh_9,52.64902330063814,13.56793937386506,,,35.614242546577,187.09837029306303,true
65000000000,65,veh_10,52.65026909932038,13.568152500729395,,,35.50036101051606,186.80510612248864,true
65000000000,65,veh_11,52.6515630200915,13.568363615148243,,,35.24492045826278,186.80510612248864,true
66000000000,66,veh_0,52.6372801818213,13.56600192748169,,,35.803371277395634,186.90423887703798,true
66000000000,66,veh_1,52.63858929734331,13.566219160541573,,,35.72555772204883,186.9042388770483,true
66000000000,66,veh_2,52.639849483152446,13.566428285912677,,,35.60680100388359,186.90423887703923,true
66000000000,66,veh_3,52.6411155105846,13.56663839219787,,,35.574917008322664,186.90423887703798,true
66000000000,66,veh_4,52.6423611640205,13.566836098342913,,,35.654698291341774,186.32751799415365,true
66000000000,66,veh_5,52.64361647397526,13.567023484529631,,,35.68471250703092,186.32751799415365,true
66000000000,66,veh_6,52.64491435726543,13.56724471631507,,,36.09331915317103,186.89971966089794,true
66000000000,66,veh_7,52.64617464755415,13.567453750605871,,,35.167293827389365,186.89971966090826,true
66000000000,66,veh_8,52.647409036137304,13.567662298294891,,,35.919649151819755,187.0983702930721,true
66000000000,66,veh_9,52.64870574539246,13.567884866514289,,,35.52722091063857,187.09837029306172,true
66000000000,66,veh_10,52.64995721762259,13.56809968211548,,,34.887575063914994,187.09837029306172,true
66000000000,66,veh_11,52.651249836294994,13.568312515404218,,,35.019931603330186,186.80510612248864,true
67000000000,67,veh_0,52.63696488964046,13.565949610117803,,,35.2550038620038,186.90423887703923,true
67000000000,67,veh_1,52.63827311206739,13.566166692006552,,,35.35488289973233,186.90423887703798,true
67000000000,67,veh_2,52.63953366475533,13.566375875394039,,,35.313874905919654,186.90423887703798,true
67000000000,67,veh_3,52.64079896430028,13.56658585800195,,,35.39528047699947,186.90423887703798,true
67000000000,67,veh_4,52.64204326673814,13.566788645884845,,,35.511102383015675,186.3275179941525,true
67000000000,67,veh_5,52.643299904167094,13.566976227669086,,,35.36282878845464,186.32751799415365,true
67000000000,67,veh_6,52.64459924428301,13.567192452825498,,,35.234373461003415,186.89971966089794,true
67000000000,67,veh_7,52.64585834879781,13.567401287581752,,,35.36697612271178,186.89971966089794,true
67000000000,67,veh_8,52.647089831906825,13.567607511748866,,,35.711684221625326,187.0983702930721,true
67000000000,67,veh_9,52.64838773157322,13.567830281205126,,,35.57852083371486,187.09837029307337,true
67000000000,67,veh_10,52.64963560664915,13.56804447637479,,,35.98097674983088,187.09837029306172,true
67000000000,67,veh_11,52.65093616022499,13.568261336034933,,,35.07497348519042,186.80510612248864,true
68000000000,68,veh_0,52.636646407182674,13.565896764107938,,,35.61172696143854,186.90423887703798,true
68000000000,68,veh_1,52.637957417112894,13.566114305554319,,,35.30005280900747,186.90423887703798,true
68000000000,68,veh_2,52.63922120498719,13.566324022951086,,,34.938319223225115,186.90423887703798,true
68000000000,68,veh_3,52.64047832548709,13.566532645342892,,,35.852891173344105,186.90423887703798,true
68000000000,68,veh_4,52.64172453416685,13.566739468116026,,,35.62166065700818,186.90423887703798,true
68000000000,68,veh_5,52.64298049409467,13.566928547472521,,,35.68010062520858,186.32751799415365,true
68000000000,68,veh_6,52.644279550756494,13.56713876967917,,,35.747181092705574,186.9469881362986,true
68000000000,68,veh_7,52.645540250049265,13.567348526727098,,,35.56823855327908,186.8997196608967,true
68000000000,68,veh_8,52.64677927774753,13.567554245747209,,,34.81672069310676,187.07084604867345,true
68000000000,68,veh_9,52.64806779094129,13.567775365930945,,,35.79408330657985,187.09837029306303,true
68000000000,68,veh_10,52.649316767102306,13.567989747122098,,,35.67091285685543,187.09837029306172,true
68000000000,68,veh_11,52.65062222476573,13.568210115040255,,,35.103974445317874,186.80510612248864,true
69000000000,69,veh_0,52.63633423891385,13.565844966523903,,,34.90569002960343,186.90423887703798,true
69000000000,69,veh_1,52.637641197521575,13.566061832762692,,,35.35871227063704,186.90423887703923,true
69000000000,69,veh_2,52.638899623783594,13.56627065754701,,,35.958247010516935,186.9042388770483,true
69000000000,69,veh_3,52.640164539335416,13.566480570655969,,,35.086642848341725,186.90423887703798,true
69000000000,69,veh_4,52.641406841551905,13.566686742283176,,,35.523467240263706,186.9042388770483,true
69000000000,69,veh_5,52.64266566377618,13.566881551563814,,,35.16851010393817,186.32751799415365,true
69000000000,69,veh_6,52.64395846306183,13.567085076768038,,,35.90590643844567,186.946988136287,true
69000000000,69,veh_7,52.6452249387011,13.567296228917812,,,35.25656131230295,186.8997196608967,true
69000000000,69,veh_8,52.64645874871181,13.567500873775566,,,36.037514214231635,186.89971966090826,true
69000000000,69,veh_9,52.64774658948278,13.567720235014376,,,35.93513701634016,187.0983702930721,true
69000000000,69,veh_10,52.648994276613244,13.567934391951987,,,36.07936633337755,187.09837029306303,true
69000000000,69,veh_11,52.65030377026137,13.56815815744039,,,35.60928612580989,186.80510612248864,true
70000000000,70,veh_0,52.63601716948689,13.565792356416164,,,35.453718540132975,186.90423887703923,true
70000000000,70,veh_1,52.63732281726115,13.566009002161191,,,35.60030783490743,186.90423887703798,true
70000000000,70,veh_2,52.63858399523195,13.566218280690704,,,35.292635436509734,186.90423887703798,true
70000000000,70,veh_3,52.6398494933471,13.566428287604506,,,35.22751026471611,186.90423887703798,true
70000000000,70,veh_4,52.641092710642965,13.56663460828288,,,35.12520379038993,186.90423887703798,true
70000000000,70,veh_5,52.6423508585555,13.566834560038217,,,35.16570314980578,186.3275179941525,true
70000000000,70,veh_6,52.64364176606235,13.567027260105808,,,35.45688921160996,186.32751799415365,true
70000000000,70,veh_7,52.64490660151962,13.567243429966796,,,35.59489121003077,186.8997196608967,true
70000000000,70,veh_8,52.646144975746736,13.567448829048665,,,35.08455796359573,186.89971966090826,true
70000000000,70,veh_9,52.64742452091512,13.567664956040575,,,36.03214265807998,187.0983702930721,true
70000000000,70,veh_10,52.64868127348544,13.567880666020297,,,35.01794195740018,187.0983702930721,true
70000000000,70,veh_11,52.64998916684826,13.568105166363136,,,35.19005290394649,187.09837029306172,true
71000000000,71,veh_0,52.63570062806156,13.56573983463913,,,35.39467518663965,186.90423887703798,true
71000000000,71,veh_1,52.63700927040296,13.56595697430571,,,35.05984776256606,186.90423887703798,true
71000000000,71,veh_2,52.63827195465912,13.5661664999448,,,34.891434677680955,186.90423887703923,true
71000000000,71,veh_3,52.63953007389271,13.566375279489332,,,35.71653441024478,186.90423887703798,true
71000000000,71,veh_4,52.64077172171161,13.56658133684061,,,35.89204397947993,186.90423887703923,true
71000000000,71,veh_5,52.64203914315314,13.566788030362476,,,34.82054788623005,186.32751799415365,true
71000000000,71,veh_6,52.643319524268854,13.566979156496995,,,35.99642529321369,186.32751799415365,true
71000000000,71,veh_7,52.644592358507786,13.567191289343903,,,35.1369683657214,186.9162601215047,true
71000000000,71,veh_8,52.64582218396109,13.567395289131998,,,36.092994417962615,186.89971966089794,true
71000000000,71,veh_9,52.64710789760712,13.567610612430958,,,35.422937984196466,187.0983702930721,true
71000000000,71,veh_10,52.6483632026907,13.567826070989772,,,35.584894782551565,187.09837029306172,true
71000000000,71,veh_11,52.64966741281782,13.568049935989604,,,35.99698199710343,187.09837029307337,true
72000000000,72,veh_0,52.635380138995934,13.565686658588705,,,35.83608409661334,186.90423887703923,true
72000000000,72,veh_1,52.636693376512824,13.565904557714818,,,35.322281859572975,186.90423887703798,true
72000000000,72,veh_2,52.63795878719049,13.566114532903583,,,35.01743700147141,186.9042388770483,true
72000000000,72,veh_3,52.63921630993384,13.566323210626575,,,35.08414988912642,186.90423887703923,true
72000000000,72,veh_4,52.640460144112446,13.566529628015786,,,34.83969253784977,186.90423887703798,true
72000000000,72,veh_5,52.64172167551224,13.566738993676376,,,35.48067709178664,186.90423887703798,true
72000000000,72,veh_6,52.64299740411401,13.566931071712888,,,35.98283396425191,186.32751799415365,true
72000000000,72,veh_7,52.644270343517604,13.56713723001629,,,36.006984477876685,186.946988136287,true
72000000000,72,veh_8,52.64550968680456,13.567343457449946,,,34.94189566668589,186.89971966090704,true
72000000000,72,veh_9,52.64678914196469,13.567555920964214,,,35.69745073257014,187.08487428656463,true
72000000000,72,veh_10,52.64804468443424,13.567771399911692,,,35.63495152447373,187.09837029306303,true
72000000000,72,veh_11,52.649350724203885,13.567995575869816,,,35.430272671524435,187.0983702930721,true
73000000000,73,veh_0,52.63506747865669,13.565634782204912,,,34.960696618994696,186.9042388770483,true
73000000000,73,veh_1,52.63638160510633,13.565852825875721,,,34.86131467569154,186.90423887703798,true
73000000000,73,veh_2,52.63763671852724,13.566061089533274,,,36.01273767365143,186.90423887703798,true
73000000000,73,veh_3,52.63890116164059,13.566270912747841,,,35.238938221931456,186.90423887703798,true
73000000000,73,veh_4,52.640148556206704,13.566477918179219,,,34.84084126079921,186.90423887703798,true
73000000000,73,veh_5,52.64140499091275,13.566686435144103,,,35.41075384830125,186.90423887703798,true
73000000000,73,veh_6,52.642679437614376,13.566883607623256,,,35.51884126476012,186.3275179941525,true
73000000000,73,veh_7,52.64395601691844,13.567084667722035,,,35.149841073425485,186.946988136287,true
73000000000,73,veh_8,52.64519210236347,13.567290782695954,,,35.51072697587311,186.89971966089794,true
73000000000,73,veh_9,52.646471070433236,13.567502917562747,,,35.80016983245965,186.8997196608967,true
73000000000,73,veh_10,52.64772410807458,13.567716376341426,,,35.86520238059107,187.09837029306172,true
73000000000,73,veh_11,52.64903000235427,13.56794052420149,,,35.88149616680108,187.09837029306172,true
74000000000,74,veh_0,52.63474544140606,13.56558350809178,,,35.99490807996131,186.601415979438,true
74000000000,74,veh_1,52.63606373332727,13.565800082529389,,,35.54343563354574,186.90423887703923,true
74000000000,74,veh_2,52.63731964062301,13.56600847504769,,,35.45468229785561,186.90423887703798,true
74000000000,74,veh_3,52.63858778262805,13.566218909184414,,,35.04109877221286,186.90423887703798,true
74000000000,74,veh_4,52.639834358734824,13.566425775977386,,,35.132631481243294,186.90423887703798,true
74000000000,74,veh_5,52.64108329844384,13.566633046220263,,,35.970715344315394,186.90423887703798,true
74000000000,74,veh_6,52.64236213048898,13.566836242608442,,,35.445181618481875,186.32751799415365,true
74000000000,74,veh_7,52.64364277901422,13.567027411318282,,,35.070194079764185,186.32751799415365,true
74000000000,74,veh_8,52.644873803786716,13.567237990223003,,,35.59057422130368,186.89971966090704,true
74000000000,74,veh_9,52.64615515323592,13.567450517151899,,,35.32431566285901,186.89971966090704,true
74000000000,74,veh_10,52.64740832411748,13.567662176086682,,,35.32903752763755,187.09837029307337,true
74000000000,74,veh_11,52.64871551131796,13.567886542793211,,,35.18440556923393,187.0983702930721,true
75000000000,75,veh_0,52.634431546907244,13.565534181521745,,,35.080463247504085,186.601415979438,true
75000000000,75,veh_1,52.635745061350896,13.565747207138786,,,35.632907317476345,186.90423887703798,true
75000000000,75,veh_2,52.63700434827919,13.565956157567255,,,35.25502256216947,186.90423887703798,true
75000000000,75,veh_3,52.63827464021719,13.566166945589629,,,35.01463891646359,186.90423887703798,true
75000000000,75,veh_4,52.63951478481092,13.566372742262763,,,35.73380654455628,186.90423887703798,true
75000000000,75,veh_5,52.6407706888801,13.566581165432709,,,34.955087522733955,186.90423887703798,true
75000000000,75,veh_6,52.64204603290188,13.566789058786703,,,35.31006525733042,186.3275179941525,true
75000000000,75,veh_7,52.64332186547692,13.566979505985433,,,35.84805077914149,186.3275179941525,true
75000000000,75,veh_8,52.64455125012595,13.56718429274714,,,36.06514741442166,187.04953893125608,true
75000000000,75,veh_9,52.6458420727466,13.567398587967254,,,35.00712506961077,186.89971966089794,true
75000000000,75,veh_10,52.647095592879545,13.56760850052538,,,34.98750379471108,187.09837029307337,true
75000000000,75,veh_11,52.648402996529015,13.567832901332919,,,34.96330444187857,187.09837029306303,true
76000000000,76,veh_0,52.63411259444233,13.565484060808648,,,35.6457316856971,186.601415979438,true
76000000000,76,veh_1,52.63543104520594,13.565695104977868,,,35.11230294375215,186.90423887703923,true
76000000000,76,veh_2,52.63668564471193,13.56590327477832,,,35.636451223762705,186.90423887703798,true
76000000000,76,veh_3,52.63795848504662,13.566114482766139,,,35.35151279099751,186.90423887703798,true
76000000000,76,veh_4,52.63919252705393,13.566319263906719,,,36.033900815076194,186.90423887703798,true
76000000000,76,veh_5,52.64045685933507,13.566529082884111,,,35.09149849004112,186.90423887703798,true
76000000000,76,veh_6,52.64173365629215,13.56674098207965,,,34.91064865993336,186.90423887703798,true
76000000000,76,veh_7,52.643008450199886,13.566932720616538,,,35.010444794562645,186.3275179941525,true
76000000000,76,veh_8,52.644237056900266,13.567131663730615,,,35.13382982703857,186.946988136287,true
76000000000,76,veh_9,52.645528797581484,13.5673466271985,,,35.02888899661135,186.89971966090826,true
76000000000,76,veh_10,52.64677396313629,13.56755334317947,,,36.07566891151015,187.06320037579457,true
76000000000,76,veh_11,52.64809024459313,13.567779219897428,,,34.98983188088983,187.0983702930721,true
77000000000,77,veh_0,52.63379931206454,13.565434831774377,,,35.012046217885796,186.601415979438,true
77000000000,77,veh_1,52.63511157702618,13.565642098932795,,,35.72192853481043,186.90423887703798,true
77000000000,77,veh_2,52.6363719681002,13.565851226830503,,,35.074348730095664,186.90423887703798,true
77000000000,77,veh_3,52.63764274879214,13.566062090175402,,,35.30466703236103,186.90423887703923,true
77000000000,77,veh_4,52.63887125176399,13.566265949334014,,,35.924040309214035,186.90423887703798,true
77000000000,77,veh_5,52.64014349675801,13.56647707853986,,,35.03927972723264,186.90423887703798,true
77000000000,77,veh_6,52.64141735991529,13.566688487950998,,,35.36734406576957,186.90423887703923,true
77000000000,77,veh_7,52.64268771162094,13.566884842707998,,,35.82849991877097,186.32751799415365,true
77000000000,77,veh_8,52.643917253661606,13.567075391178653,,,35.783902884568086,189.10295873097218,true
77000000000,77,veh_9,52.64520992934389,13.567293739470854,,,35.6542749978276,186.89971966089794,true
77000000000,77,veh_10,52.646458486459586,13.567500830276163,,,35.452411373974755,186.89971966090704,true
77000000000,77,veh_11,52.647778024021385,13.56772563039463,,,34.93038040722254,187.09837029306172,true
78000000000,78,veh_0,52.63348618006911,13.565385627036626,,,34.99523614068981,186.60141597942766,true
78000000000,78,veh_1,52.6347928285974,13.565590954752535,,,35.62991440623533,186.60141597942766,true
78000000000,78,veh_2,52.63605629272801,13.565798847945633,,,35.29784013011027,186.90423887703798,true
78000000000,78,veh_3,52.63733003161898,13.566010199271501,,,34.96707877590321,186.90423887703798,true
78000000000,78,veh_4,52.638557139121986,13.56621382409715,,,35.1231306481082,186.90423887703798,true
78000000000,78,veh_5,52.6398208794188,13.566423539052247,,,36.07411601321306,186.9042388770483,true
78000000000,78,veh_6,52.64110235003452,13.566636208051353,,,35.22348798354156,186.90423887703798,true
78000000000,78,veh_7,52.642372398224225,13.56683777528193,,,35.22246981064323,186.32751799415365,true
78000000000,78,veh_8,52.64360510589701,13.567021787516197,,,34.922150779762305,186.3275179941525,true
78000000000,78,veh_9,52.64489049114125,13.567240757941788,,,35.71800177122,186.8997196608967,true
78000000000,78,veh_10,52.64614688450969,13.567449145648201,,,34.841805678061206,186.89971966090704,true
78000000000,78,veh_11,52.64746655540454,13.567672170682195,,,34.846249867989684,187.09837029306172,true
79000000000,79,veh_0,52.63317159464822,13.565336194581395,,,35.15766558087431,186.601415979438,true
79000000000,79,veh_1,52.63447298478055,13.565540693187742,,,35.74535222606733,186.60141597942766,true
79000000000,79,veh_2,52.63573908730623,13.56574621590722,,,35.468921673125585,186.90423887703923,true
79000000000,79,veh_3,52.63701639620097,13.565958156704816,,,35.06975033720024,186.90423887703798,true
79000000000,79,veh_4,52.63824409404347,13.566161876722841,,,35.00375513975974,186.90423887703923,true
79000000000,79,veh_5,52.63950878080277,13.566371745896713,,,34.89793971533887,186.90423887703923,true
79000000000,79,veh_6,52.64078567905895,13.566583653191742,,,35.409222926679064,186.90423887703923,true
79000000000,79,veh_7,52.64205799602568,13.566790844508041,,,35.12067993724719,186.3275179941525,true
79000000000,79,veh_8,52.6432928154493,13.566975169487902,,,34.884797343811954,186.32751799415365,true
79000000000,79,veh_9,52.644572733178805,13.567187949135139,,,35.52947878114879,186.98200885725257,true
79000000000,79,veh_10,52.64582652922696,13.567396009855312,,,35.82055665065069,186.89971966089794,true
79000000000,79,veh_11,52.647154890187934,13.567618677950556,,,34.868241020073185,187.09837029306303,true
80000000000,80,veh_0,52.63285914790199,13.565283989362866,,,34.93945941484068,187.02911890487374,true
80000000000,80,veh_1,52.63415182295326,13.565490225203918,,,35.892647749478925,186.601415979438,true
80000000000,80,veh_2,52.635424637439804,13.565694041796405,,,35.16080024797935,186.9042388770496,true
80000000000,80,veh_3,52.63669526509312,13.565904871086712,,,35.90789146699477,186.90423887703798,true
80000000000,80,veh_4,52.637923475805515,13.566108673373085,,,35.850559050627055,186.90423887703923,true
80000000000,80,veh_5,52.63919122640451,13.566319048066747,,,35.50798523047939,186.90423887703798,true
80000000000,80,veh_6,52.64046314301169,13.566530125704062,,,36.0650341434544,186.9042388770483,true
80000000000,80,veh_7,52.64174354080672,13.56674262257473,,,35.14174605434761,186.88600894846684,true
80000000000,80,veh_8,52.64298017400073,13.566928499690569,,,34.92400301479734,186.32751799415365,true
80000000000,80,veh_9,52.644255408516536,13.567134732540659,,,35.483210601322355,186.9469881362986,true
80000000000,80,veh_10,52.64551244431705,13.567343914815867,,,35.11943048759363,186.89971966089794,true
80000000000,80,veh_11,52.64683527045867,13.567563820697194,,,35.7581658188859,187.09837029307337,true
81000000000,81,veh_0,52.63254233024483,13.565230282090148,,,35.433404465895144,187.02911890487374,true
81000000000,81,veh_1,52.63382888346645,13.565439478581041,,,36.091313027231955,186.60141597942766,true
81000000000,81,veh_2,52.63510594469481,13.565641164424992,,,35.63522178003564,186.90423887703798,true
81000000000,81,veh_3,52.6363732508963,13.56585143968173,,,36.00663178080227,186.9042388770496,true
81000000000,81,veh_4,52.637608365207655,13.566056384681113,,,35.234707597144876,186.90423887703798,true
81000000000,81,veh_5,52.63887829970398,13.566267118908396,,,34.990526089505295,186.9042388770496,true
81000000000,81,veh_6,52.640142630396866,13.566476934763164,,,35.83877590891439,186.90423887703798,true
81000000000,81,veh_7,52.64143208682687,13.566690932086916,,,34.82588141610846,186.90423887703798,true
81000000000,81,veh_8,52.642658762302595,13.566880521361961,,,35.90369121824857,186.32751799415365,true
81000000000,81,veh_9,52.64393845107916,13.567081581980833,,,35.44518512956798,187.06145428384707,true
81000000000,81,veh_10,52.64520093702752,13.567292248009045,,,34.831209908183666,186.89971966089794,true
81000000000,81,veh_11,52.64652478654856,13.567511827394501,,,34.990580526473934,186.89971966089794,true
82000000000,82,veh_0,52.632227958178895,13.565176990126906,,,35.159881635257044,187.02911890487374,true
82000000000,82,veh_1,52.633517208254105,13.56539050269427,,,34.832428244771435,186.6014159794368,true
82000000000,82,veh_2,52.63478677003437,13.565590002678727,,,35.67722243446857,186.601415979438,true
82000000000,82,veh_3,52.63605911530718,13.565799316282918,,,35.12566639111843,186.90423887703923,true
82000000000,82,veh_4,52.63729586789737,13.566004530337349,,,34.94249396726023,186.90423887703798,true
82000000000,82,veh_5,52.63856587319626,13.566215273458353,,,34.93459227917716,186.90423887703798,true
82000000000,82,veh_6,52.63982625303291,13.566424430816369,,,35.37638047513552,186.90423887703798,true
82000000000,82,veh_7,52.64111364750574,13.566638082998164,,,35.606958180982616,186.90423887703923,true
82000000000,82,veh_8,52.64233995794279,13.566832932896105,,,35.612431791997516,186.3275179941525,true
82000000000,82,veh_9,52.64361714728546,13.567023585040618,,,35.96795531887561,186.32751799415365,true
82000000000,82,veh_10,52.64488519457025,13.567239879466854,,,35.30476169215049,186.89971966090826,true
82000000000,82,veh_11,52.64620417258859,13.567458647824658,,,35.849485320239324,186.89971966089794,true
83000000000,83,veh_0,52.631909100072214,13.565119934500688,,,35.68376226971392,187.76400786501054,true
83000000000,83,veh_1,52.63320028744394,13.565340703202875,,,35.41866604784969,186.60141597942766,true
83000000000,83,veh_2,52.63446723256593,13.565539789267577,,,35.7111150370352,186.601415979438,true
83000000000,83,veh_3,52.635737374729935,13.565745931751424,,,35.97602863096632,186.90423887703798,true
83000000000,83,veh_4,52.63697812236698,13.565951805848867,,,35.52933005244937,186.90423887703923,true
83000000000,83,veh_5,52.63824589209795,13.566162175093861,,,35.77931998706423,186.9042388770496,true
83000000000,83,veh_6,52.6395046318237,13.566371057373175,,,35.96272779201623,186.90423887703923,true
83000000000,83,veh_7,52.64079705144299,13.566585540545288,,,35.40084653430618,186.90423887703798,true
83000000000,83,veh_8,52.64202393625671,13.566785760449033,,,35.30158640268724,186.32751799415365,true
83000000000,83,veh_9,52.64329616949181,13.566975670168631,,,35.85522833689116,186.3275179941525,true
83000000000,83,veh_10,52.6445667638424,13.567186933161409,,,35.604547747122126,187.00200158217066,true
83000000000,83,veh_11,52.645889673517935,13.56740648323731,,,35.16574446045794,186.89971966090826,true
84000000000,84,veh_0,52.631593820707714,13.565059764054164,,,35.310962985749356,187.7640078650209,true
84000000000,84,veh_1,52.63288553278693,13.565288462190487,,,35.195200716438706,187.02911890487374,true
84000000000,84,veh_2,52.634151397929934,13.565490158415404,,,35.29728741765953,186.601415979438,true
84000000000,84,veh_3,52.635417468521645,13.565692852324371,,,35.7709112681821,186.9042388770483,true
84000000000,84,veh_4,52.63666593002317,13.565900003525087,,,34.908385997698645,186.90423887703923,true
84000000000,84,veh_5,52.63793127352973,13.566109967317676,,,35.17969423650298,186.9042388770483,true
84000000000,84,veh_6,52.639193230667146,13.56631938066982,,,34.81994809374679,186.90423887703798,true
84000000000,84,veh_7,52.64047631485148,13.566532311663643,,,35.863824431542305,186.90423887703798,true
84000000000,84,veh_8,52.64170337056293,13.566735955677384,,,35.82877879858948,186.90423887703798,true
84000000000,84,veh_9,52.642979469775774,13.566928394567547,,,35.37733685685322,186.3275179941525,true
84000000000,84,veh_10,52.6442447784773,13.567132954954635,,,36.00461856004782,186.9469881362973,true
84000000000,84,veh_11,52.64557693488929,13.567354611352417,,,34.968896701270715,186.89971966090826,true
85000000000,85,veh_0,52.63128109534845,13.564997626058718,,,35.04479378959164,188.25471148991207,true
85000000000,85,veh_1,52.632569467878064,13.565234882462226,,,35.34921619895846,187.02911890487374,true
85000000000,85,veh_2,52.63383939432042,13.565441130242622,,,34.86913312046323,186.601415979438,true
85000000000,85,veh_3,52.63509461846284,13.565639285194605,,,36.1000794389192,186.90423887703798,true
85000000000,85,veh_4,52.63635123868485,13.565847787250801,,,35.18781207612716,186.90423887703923,true
85000000000,85,veh_5,52.637615684545096,13.566057599226198,,,35.288199438611045,186.90423887703798,true
85000000000,85,veh_6,52.63887142736145,13.566265978473627,,,35.98308145435527,186.90423887703798,true
85000000000,85,veh_7,52.64016096552845,13.566479977565429,,,35.261432030182334,186.90423887703798,true
85000000000,85,veh_8,52.64138101184461,13.566682455489524,,,36.045217104922045,186.90423887703798,true
85000000000,85,veh_9,52.64266516341972,13.566881476874226,,,35.10998022499494,186.32751799415365,true
85000000000,85,veh_10,52.64393323975307,13.56708005998881,,,34.844268696187065,187.5634000961248,true
85000000000,85,veh_11,52.64525781093178,13.567301681100652,,,35.68286892682314,186.89971966089794,true
86000000000,86,veh_0,52.630969989136275,13.564933811090823,,,34.879530943781134,188.25471148991357,true
86000000000,86,veh_1,52.63225257112943,13.56518116245755,,,35.44224656630773,187.02911890487374,true
86000000000,86,veh_2,52.6335241281718,13.565391590066191,,,35.2337468483625,186.601415979438,true
86000000000,86,veh_3,52.63477220724483,13.565587714207963,,,36.038278375789524,186.60141597942766,true
86000000000,86,veh_4,52.636033022402714,13.565794986812199,,,35.58195652378723,186.90423887703798,true
86000000000,86,veh_5,52.637304320987695,13.56600593299442,,,34.81572128212079,186.90423887703798,true
86000000000,86,veh_6,52.63855532428754,13.566213522937582,,,35.345694745159705,186.90423887703798,true
86000000000,86,veh_7,52.63984783727341,13.566428012774812,,,35.01307497337926,186.90423887703798,true
86000000000,86,veh_8,52.64106886510868,13.566630650843656,,,34.90333904176019,186.90423887703798,true
86000000000,86,veh_9,52.64235250609893,13.566834805968249,,,34.9257693644287,186.32751799415365,true
86000000000,86,veh_10,52.64361121633351,13.567022699674913,,,36.04268294068984,186.32751799415365,true
86000000000,86,veh_11,52.64494294379814,13.56724945760843,,,35.20688802093733,186.89971966089794,true
87000000000,87,veh_0,52.63068261564299,13.564873001706681,,,32.26458244884387,189.36008626206416,true
87000000000,87,veh_1,52.631932438884185,13.565124388700044,,,35.82259142735507,187.76400786501054,true
87000000000,87,veh_2,52.63320519145042,13.565341473790905,,,35.64396178472322,186.601415979438,true
87000000000,87,veh_3,52.63444923246546,13.565536960679548,,,36.095264495247974,186.60141597942766,true
87000000000,87,veh_4,52.635712856464735,13.565741863609677,,,35.799957061852325,186.90423887703798,true
87000000000,87,veh_5,52.636991752533845,13.565954067529265,,,34.95044537413865,186.90423887703923,true
87000000000,87,veh_6,52.63823687251618,13.566160678375379,,,35.60831514614634,186.90423887703923,true
87000000000,87,veh_7,52.63952978751904,13.566375231965537,,,35.56337861261796,186.90423887703798,true
87000000000,87,veh_8,52.64074921835746,13.566577602203418,,,35.741965033174495,186.90423887703798,true
87000000000,87,veh_9,52.64203783238701,13.56678783470608,,,35.15100945361424,186.3275179941525,true
87000000000,87,veh_10,52.64328810471919,13.566974466285313,,,36.09358938058372,186.3275179941525,true
87000000000,87,veh_11,52.644629617320895,13.567197490355639,,,35.034615653115324,186.89971966090704,true
88000000000,88,veh_0,52.63039203114018,13.564804016960604,,,32.666705429549324,189.36008626207445,true
88000000000,88,veh_1,52.631611030243846,13.565063048438859,,,35.997435843423006,187.76400786501054,true
88000000000,88,veh_2,52.632886129706286,13.565288563381719,,,35.676505763377065,187.02911890487374,true
88000000000,88,veh_3,52.63412626133886,13.565486208433011,,,36.094852510457855,186.601415979438,true
88000000000,88,veh_4,52.63539360777925,13.565688893335567,,,35.69738883000333,186.90423887703798,true
88000000000,88,veh_5,52.63667575770395,13.56590163422928,,,35.33356841808651,186.9042388770496,true
88000000000,88,veh_6,52.63792473311577,13.56610888200954,,,34.90248111695051,186.90423887703798,true
88000000000,88,veh_7,52.639215698368545,13.566323109138526,,,35.12051183794625,186.90423887703798,true
88000000000,88,veh_8,52.64043750538822,13.566525870963469,,,34.85482895294204,186.9042388770483,true
88000000000,88,veh_9,52.6417235368344,13.566739302592682,,,35.1261287161056,186.90423887703798,true
88000000000,88,veh_10,52.64296977216903,13.566926946959782,,,35.55973453625571,186.3275179941525,true
88000000000,88,veh_11,52.64431671528946,13.567144984453234,,,34.987387651614846,186.946988136287,true
89000000000,89,veh_0,52.63009606303368,13.564733755061562,,,33.27190975564997,189.36008626206248,true
89000000000,89,veh_1,52.63129605277893,13.565000694190278,,,35.295298318671996,188.2547114899239,true
89000000000,89,veh_2,52.63256672994862,13.565234418328133,,,35.72219112803228,187.02911890487505,true
89000000000,89,veh_3,52.633814533066854,13.565437223579583,,,34.83836146331392,186.60141597942766,true
89000000000,89,veh_4,52.63508053573235,13.56563694861166,,,35.006732634911316,186.90423887703798,true
89000000000,89,veh_5,52.63636144212824,13.565849480282086,,,35.1457955851825,186.90423887703798,true
89000000000,89,veh_6,52.637612508544876,13.566057072211857,,,34.91200087877456,186.90423887703923,true
89000000000,89,veh_7,52.63889548276143,13.566269970362068,,,35.8055500443466,186.9042388770496,true
89000000000,89,veh_8,52.640121948738816,13.566473502546579,,,35.28461418292951,186.90423887703798,true
89000000000,89,veh_9,52.641409703800775,13.566687217312866,,,35.091900060223416,186.90423887703798,true
89000000000,89,veh_10,52.642651048621246,13.566879369919999,,,35.60340795867611,186.3275179941525,true
89000000000,89,veh_11,52.64400324607026,13.567092565425236,,,35.05396439206321,186.9469881362973,true
90000000000,90,veh_0,52.629800105439855,13.564663496580788,,,33.270722400462255,189.36008626206416,true
90000000000,90,veh_1,52.63098148752743,13.564936169657129,,,35.267339770649556,188.25471148992239,true
90000000000,90,veh_2,52.63224924830095,13.565180599179065,,,35.507662587091325,187.02911890487505,true
90000000000,90,veh_3,52.63349371990518,13.56538681181881,,,35.85367370514665,186.601415979438,true
90000000000,90,veh_4,52.634762656938705,13.565586213425101,,,35.530922311837784,186.601415979438,true
90000000000,90,veh_5,52.636040852568605,13.565796286033626,,,35.84732915318105,186.90423887703798,true
90000000000,90,veh_6,52.63729344705075,13.566004128636113,,,35.6764809502894,186.90423887703798,true
90000000000,90,veh_7,52.63857409749141,13.566216638225617,,,35.93633428701665,186.90423887703798,true
90000000000,90,veh_8,52.63980572968908,13.566421024919471,,,35.358677999712526,186.90423887703798,true
90000000000,90,veh_9,52.64109046447421,13.566634235505305,,,35.696412180238404,186.90423887703798,true
90000000000,90,veh_10,52.642333470226205,13.566831964470458,,,35.47548382223118,186.3275179941525,true
90000000000,90,veh_11,52.6436836215758,13.567033508261884,,,35.78926415263209,186.3275179941525,true
91000000000,91,veh_0,52.62950958901494,13.564588639737753,,,32.71997257875744,190.49828346893077,true
91000000000,91,veh_1,52.63068976362078,13.564874698647454,,,32.75016329069156,189.36008626207445,true
91000000000,91,veh_2,52.63193400273131,13.565124687159567,,,35.27581164307426,187.76400786501054,true
91000000000,91,veh_3,52.63317723817688,13.565337081372705,,,35.36959455482662,186.60141597942766,true
91000000000,91,veh_4,52.63443962365122,13.565535450723491,,,36.10180317909922,186.60141597942766,true
91000000000,91,veh_5,52.635727832068994,13.565744348404902,,,35.00097655822989,186.90423887703798,true
91000000000,91,veh_6,52.63697194322947,13.565950780532864,,,35.94957055376377,186.90423887703798,true
91000000000,91,veh_7,52.63826153224909,13.566164770437682,,,34.950101510775276,186.90423887703923,true
91000000000,91,veh_8,52.63948995970977,13.566368622535213,,,35.308460437636825,186.90423887703798,true
91000000000,91,veh_9,52.640773373156385,13.566581610913104,,,35.45622422310058,186.90423887703923,true
91000000000,91,veh_10,52.642010280561145,13.566783722082569,,,36.10229409128893,186.32751799415365,true
91000000000,91,veh_11,52.64336877501972,13.566986508507142,,,35.17033147319685,186.32751799415365,true
92000000000,92,veh_0,52.62921960349499,13.564510106884558,,,32.69962226436007,190.49828346892053,true
92000000000,92,veh_1,52.630403027469505,13.564806627472432,,,32.23408456833101,189.36008626206416,true
92000000000,92,veh_2,52.631617335646645,13.565064251805353,,,35.466386562110856,187.7640078650209,true
92000000000,92,veh_3,52.63285798837193,13.565283792796725,,,35.69985669645481,187.02911890487374,true
92000000000,92,veh_4,52.63412137772944,13.565485441019538,,,35.56676939680707,186.601415979438,true
92000000000,92,veh_5,52.63541597746095,13.56569260492656,,,34.87060645482503,186.90423887703798,true
92000000000,92,veh_6,52.63665253667786,13.56589778117234,,,35.71505636376329,186.90423887703798,true
92000000000,92,veh_7,52.63793916374384,13.566111276610368,,,36.04626884047408,186.90423887703798,true
92000000000,92,veh_8,52.639172178886646,13.566315887173568,,,35.533303153296,186.90423887703798,true
92000000000,92,veh_9,52.64045447885276,13.56652868782655,,,35.65782492986415,186.90423887703798,true
92000000000,92,veh_10,52.64169612769179,13.566734753607788,,,35.11322970310226,186.90423887703923,true
92000000000,92,veh_11,52.64304627437364,13.56693836682321,,,36.02533775036223,186.3275179941525,true
93000000000,93,veh_0,52.6289301638576,13.564428721050426,,,32.67206726574339,191.0491508258282,true
93000000000,93,veh_1,52.63011244731508,13.564737644614391,,,32.66621145000215,189.36008626206248,true
93000000000,93,veh_2,52.6312993518709,13.565001370914283,,,35.631620657271704,188.25471148992239,true
93000000000,93,veh_3,52.63254587894194,13.56523088366504,,,34.90682865969371,187.02911890487374,true
93000000000,93,veh_4,52.63380196912524,13.565435249300748,,,35.696705676163546,186.601415979438,true
93000000000,93,veh_5,52.63509607217738,13.565639526392557,,,35.77080392308068,186.90423887703798,true
93000000000,93,veh_6,52.636330252184116,13.565844305016718,,,36.036855017500926,186.90423887703798,true
93000000000,93,veh_7,52.63762561126327,13.566059246431474,,,35.0604838605877,186.90423887703798,true
93000000000,93,veh_8,52.63886013317594,13.566264104254364,,,34.892016225834375,186.90423887703798,true
93000000000,93,veh_9,52.640142360264754,13.566476889933476,,,34.90018051561434,186.90423887703798,true
93000000000,93,veh_10,52.6413804384786,13.566682360331637,,,35.29945233337581,186.90423887703923,true
93000000000,93,veh_11,52.64273314008934,13.56689162395389,,,34.97905321641825,186.32751799415365,true
94000000000,94,veh_0,52.62863885586615,13.564345096641429,,,32.90238149968907,191.0491508258282,true
94000000000,94,veh_1,52.62981604043872,13.564667279426304,,,33.32122978695668,189.36008626206248,true
94000000000,94,veh_2,52.6309872603814,13.564937353793574,,,34.98999514366966,188.25471148992239,true
94000000000,94,veh_3,52.63223187646871,13.565177654346067,,,35.11854583433829,187.02911890487374,true
94000000000,94,veh_4,52.633481540823226,13.565384898042739,,,35.81066213395912,186.601415979438,true
94000000000,94,veh_5,52.6347773200624,13.565588517661936,,,35.62942592062987,186.601415979438,true
94000000000,94,veh_6,52.63601111486386,13.565791351802941,,,35.68494388427585,186.90423887703923,true
94000000000,94,veh_7,52.63730720767744,13.566006411995193,,,35.60291581911966,186.90423887703798,true
94000000000,94,veh_8,52.63854701865576,13.566212144674164,,,35.011523540960624,186.90423887703798,true
94000000000,94,veh_9,52.63982890011791,13.566424870106534,,,35.05018590738997,186.90423887703798,true
94000000000,94,veh_10,52.64106070621066,13.566629296782125,,,35.75153108897153,186.9042388770483,true
94000000000,94,veh_11,52.64241308292332,13.566843848327892,,,35.752378851003016,186.3275179941525,true
95000000000,95,veh_0,52.62835023064526,13.564262243441313,,,32.599363191211594,191.0491508258282,true
95000000000,95,veh_1,52.629526437765634,13.564593202688158,,,32.61142529325559,190.49828346893077,true
95000000000,95,veh_2,52.63069225822294,13.564875290869917,,,33.1169478429202,189.36008626207274,true
95000000000,95,veh_3,52.631915592834396,13.5651211736403,,,35.394807431395165,187.7640078650209,true
95000000000,95,veh_4,52.63316852252202,13.565335711845426,,,34.98252623599488,186.60141597942766,true
95000000000,95,veh_5,52.63446251010745,13.565539047166533,,,35.182773854620756,186.60141597942766,true
95000000000,95,veh_6,52.63568876978687,13.565737867082358,,,36.04362130750902,186.90423887703798,true
95000000000,95,veh_7,52.63698709296537,13.565953294357753,,,35.79424480292015,186.90423887703798,true
95000000000,95,veh_8,52.638226884593806,13.56615902097016,,,35.79642368700821,186.90423887703798,true
95000000000,95,veh_9,52.639506719461664,13.566371403816914,,,36.02528352587484,186.90423887703798,true
95000000000,95,veh_10,52.6407425118009,13.566576489189794,,,35.579568367768076,186.90423887703798,true
95000000000,95,veh_11,52.642094457976135,13.566796287145934,,,35.59238762554247,186.3275179941525,true
96000000000,96,veh_0,52.62805990454674,13.564179462305585,,,32.785016194074416,190.8465233570806,true
96000000000,96,veh_1,52.629235927322476,13.56451452761874,,,32.75881453239825,190.4982834689224,true
96000000000,96,veh_2,52.63040223422376,13.564806439157056,,,32.60369534722529,189.36008626207445,true
96000000000,96,veh_3,52.63159673269881,13.565060319798139,,,35.71200571361929,187.76400786502225,true
96000000000,96,veh_4,52.63285194533216,13.565282768367213,,,35.401669750516305,187.02911890487374,true
96000000000,96,veh_5,52.634141831129895,13.56548865508091,,,35.83868494333234,186.60141597942766,true
96000000000,96,veh_6,52.63537220151177,13.56568534159821,,,35.39767345380038,186.90423887703798,true
96000000000,96,veh_7,52.63667134330021,13.56590090174847,,,35.30615479880012,186.90423887703798,true
96000000000,96,veh_8,52.63791267225904,13.56610688064683,,,35.134270216212606,186.90423887703798,true
96000000000,96,veh_9,52.639187541327466,13.566318436536212,,,35.6895465040952,186.90423887703798,true
96000000000,96,veh_10,52.64042418023545,13.566523659564245,,,35.59490082616918,186.90423887703923,true
96000000000,96,veh_11,52.64178084314131,13.56674881350687,,,35.04373319974635,186.64000430113848,true
97000000000,97,veh_0,52.62777043010671,13.56409810014194,,,32.675285491249525,190.8465233570806,true
97000000000,97,veh_1,52.62894305177914,13.56443242075044,,,33.05713697901927,191.04915082583844,true
97000000000,97,veh_2,52.63010923272525,13.564736881485368,,,32.938412169362415,189.36008626207274,true
97000000000,97,veh_3,52.63128005242868,13.564997412130667,,,35.48786024517845,188.25471148991207,true
97000000000,97,veh_4,52.632534022213086,13.565228873713542,,,35.55704103500116,187.02911890487374,true
97000000000,97,veh_5,52.63382848238095,13.565439415555016,,,35.01946410282049,186.60141597942766,true
97000000000,97,veh_6,52.635049821871334,13.565631852624467,,,36.04747817808762,186.9042388770483,true
97000000000,97,veh_7,52.63635880612682,13.565849042897037,,,34.94694009252358,186.90423887703923,true
97000000000,97,veh_8,52.63759307887168,13.56605384812159,,,35.735959306769075,186.90423887703923,true
97000000000,97,veh_9,52.63886921641514,13.566265611576963,,,35.59413788350299,186.90423887703923,true
97000000000,97,veh_10,52.64010416496599,13.566470551249877,,,35.783163740104065,186.90423887703798,true
97000000000,97,veh_11,52.64146368202094,13.566696175754325,,,35.464037749022246,186.90423887703798,true
98000000000,98,veh_0,52.627491703267616,13.563926832687155,,,33.24651988008525,206.15095769662156,true
98000000000,98,veh_1,52.628657919077476,13.56435056899401,,,32.204901060177946,191.0491508258282,true
98000000000,98,veh_2,52.62982420889694,13.56466921855616,,,32.04157949236222,189.36008626207445,true
98000000000,98,veh_3,52.630960634491025,13.564931892253597,,,35.81139616737142,188.25471148991207,true
98000000000,98,veh_4,52.63221664649567,13.565175072597931,,,35.49581476663239,187.0291189048841,true
98000000000,98,veh_5,52.633506836646916,13.565388872936408,,,35.94672109914478,186.60141597942766,true
98000000000,98,veh_6,52.63472832118974,13.565580817738924,,,35.93391635668464,186.60141597942766,true
98000000000,98,veh_7,52.636045733413994,13.565797095888833,,,35.00681869859341,186.90423887703798,true
98000000000,98,veh_8,52.63727831065384,13.566001616991228,,,35.19641971044708,186.90423887703798,true
98000000000,98,veh_9,52.638553181097556,13.566213167289657,,,35.33811840793584,186.90423887703923,true
98000000000,98,veh_10,52.6397912006475,13.566418613792884,,,34.9947433912335,186.90423887703798,true
98000000000,98,veh_11,52.641143772347256,13.566643082570652,,,35.771369106848724,186.90423887703798,true
99000000000,99,veh_0,52.627196669499,13.56385961424024,,,33.122873293790036,189.03438941908115,true
99000000000,99,veh_1,52.62837312351293,13.564268815063938,,,32.16681537783705,191.04915082583844,true
99000000000,99,veh_2,52.62953281702998,13.564594930310726,,,32.81035564408637,190.49828346892053,true
99000000000,99,veh_3,52.63066841630118,13.564869630762997,,,32.812041566539556,189.36008626206416,true
99000000000,99,veh_4,52.631899174746934,13.565118040259224,,,35.53027159135323,187.7640078650209,true
99000000000,99,veh_5,52.63319126513264,13.565339285487983,,,35.267870348123836,186.601415979438,true
99000000000,99,veh_6,52.634414134018726,13.565531445214088,,,35.11317173658404,186.60141597942766,true
99000000000,99,veh_7,52.63572465808,13.565743821767406,,,35.90164304130245,186.90423887703798,true
99000000000,99,veh_8,52.636955653205604,13.565948077499641,,,36.078565384112295,186.90423887703798,true
99000000000,99,veh_9,52.638240875890084,13.5661613426992,,,34.921024953331795,186.90423887703798,true
99000000000,99,veh_10,52.63946834768147,13.566365036020972,,,36.100458736405706,186.90423887703798,true
99000000000,99,veh_11,52.64082927602427,13.566590888521155,,,35.16606014432851,186.90423887703923,true
100000000000,100,veh_0,52.626903562046465,13.563800197831505,,,32.843028379715975,187.9109781042538,true
100000000000,100,veh_1,52.628082305412946,13.564185758528781,,,32.84213301038369,190.84652335708256,true
100000000000,100,veh_2,52.62923889816111,13.564515332166179,,,33.143158777193165,190.4982834689224,true
100000000000,100,veh_3,52.63037979543649,13.56480111222469,,,32.44595842791721,189.36008626207445,true
100000000000,100,veh_4,52.63157691997517,13.565056538606045,,,36.092201191270725,187.7640078650209,true
100000000000,100,veh_5,52.63287865210745,13.56528729576106,,,34.956425234735946,187.02911890487374,true
100000000000,100,veh_6,52.634095058465704,13.565481305196561,,,35.65948765826411,186.60141597942766,true
100000000000,100,veh_7,52.635410547424165,13.565691703971272,,,35.12287060768809,186.90423887703798,true
100000000000,100,veh_8,52.636635150476266,13.565894896288375,,,35.83762737392914,186.90423887703923,true
100000000000,100,veh_9,52.63792007029001,13.566108108266238,,,35.87150927615818,186.90423887703798,true
100000000000,100,veh_10,52.63914622357844,13.566311579952162,,,36.01895545301028,186.90423887703798,true
100000000000,100,veh_11,52.64050741598255,13.56653747312034,,,35.98944572984706,186.9042388770483,true
101000000000,101,veh_0,52.62661521177824,13.563743948939749,,,32.290957392002454,187.9109781042538,true
101000000000,101,veh_1,52.62779241048018,13.56410427809679,,,32.72275039148051,190.8465233570704,true
101000000000,101,veh_2,52.628949677949635,13.564434322907722,,,32.64373089791741,191.04915082583844,true
101000000000,101,veh_3,52.63009194557419,13.564732777596115,,,32.35927921700757,189.36008626206416,true
101000000000,101,veh_4,52.63126319198609,13.564993953647775,,,35.15915676910896,188.25471148992239,true
101000000000,101,veh_5,52.63256653091032,13.56523438458714,,,34.908144971323196,187.0291189048841,true
101000000000,101,veh_6,52.63378112674599,13.565431974163076,,,35.08461565679405,186.60141597942766,true
101000000000,101,veh_7,52.635098975213886,13.565640008059697,,,34.839025827697476,186.90423887703798,true
101000000000,101,veh_8,52.636317464279784,13.565842183155418,,,35.52268745830748,186.90423887703923,true
101000000000,101,veh_9,52.63760323012383,13.566055532583617,,,35.428102604197335,186.90423887703923,true
101000000000,101,veh_10,52.63882378407205,13.566258072290369,,,36.05421892554965,186.90423887703923,true
101000000000,101,veh_11,52.64018772256532,13.566484418027262,,,35.747176196859215,186.9042388770483,true
102000000000,102,veh_0,52.62631822509231,13.563686016072758,,,33.258104086685925,187.91097810425234,true
102000000000,102,veh_1,52.627525589378656,13.563944460015637,,,32.064197728056456,242.74187913671554,true
102000000000,102,veh_2,52.62866341793005,13.564352147514867,,,32.33222845696844,191.04915082582622,true
102000000000,102,veh_3,52.629803969125966,13.56466441378975,,,32.373504400528034,189.36008626207445,true
102000000000,102,veh_4,52.630944394012204,13.564928560986944,,,35.74188894491177,188.25471148991207,true
102000000000,102,veh_5,52.63224572335505,13.565180001638176,,,35.87963746289257,187.02911890487505,true
102000000000,102,veh_6,52.63346556252764,13.565382387273761,,,35.26705808075145,186.601415979438,true
102000000000,102,veh_7,52.63477934359305,13.565588835649814,,,35.72788701319601,186.601415979438,true
102000000000,102,veh_8,52.636001370033746,13.565789734892727,,,35.3446766409697,186.90423887703798,true
102000000000,102,veh_9,52.63728846239606,13.566003301511579,,,35.196365037085485,186.90423887703923,true
102000000000,102,veh_10,52.638509301897656,13.566205885839508,,,35.164450071323664,186.90423887703923,true
102000000000,102,veh_11,52.63987564559998,13.566432627640783,,,34.89552319579758,186.90423887703923,true
103000000000,103,veh_0,52.62602289263507,13.56362840664188,,,33.07285087031312,187.9109781042538,true
103000000000,103,veh_1,52.62723166071627,13.563867586350547,,,32.8578986738529,189.03438941907083,true
103000000000,103,veh_2,52.62837083538496,13.564268158234015,,,33.046331804636864,191.04915082582622,true
103000000000,103,veh_3,52.62951405550419,13.564589849344546,,,32.650662745926525,190.49828346893077,true
103000000000,103,veh_4,52.63065194859021,13.564865721307948,,,32.84250245170668,189.36008626207445,true
103000000000,103,veh_5,52.63193303764492,13.56512450297326,,,34.98966468478553,187.76400786501054,true
103000000000,103,veh_6,52.633143565000985,13.56533179016867,,,35.98603278676979,186.60141597942766,true
103000000000,103,veh_7,52.634458786126785,13.565538461969343,,,35.82510865059681,186.60141597942766,true
103000000000,103,veh_8,52.63568464060465,13.565737181957596,,,35.41569698777981,186.90423887703798,true
103000000000,103,veh_9,52.636967007533976,13.565949961543753,,,35.94409602351021,186.90423887703798,true
103000000000,103,veh_10,52.638197544443535,13.56615415224223,,,34.85977630451322,186.90423887703798,true
103000000000,103,veh_11,52.639555201038526,13.5663794493485,,,35.83115915243048,186.90423887703798,true
104000000000,104,veh_0,52.62573461794337,13.563572174662646,,,32.28248192343861,187.9109781042538,true
104000000000,104,veh_1,52.62693750769542,13.563806819703668,,,32.97001476923003,187.91097810424347,true
104000000000,104,veh_2,52.62807999663129,13.564185109598023,,,32.844306366629894,190.84652335707233,true
104000000000,104,veh_3,52.62922955032658,13.564512800633446,,,32.081642865082244,190.49828346892053,true
104000000000,104,veh_4,52.630364406354936,13.564797458884296,,,32.32470160638448,189.36008626207445,true
104000000000,104,veh_5,52.63161289484409,13.565063404291978,,,35.855663144043646,187.76400786501054,true
104000000000,104,veh_6,52.63282407217772,13.565278043251693,,,35.729828461902216,187.02911890487374,true
104000000000,104,veh_7,52.63413983250489,13.565488341015483,,,35.64586130016483,186.601415979438,true
104000000000,104,veh_8,52.63536900291951,13.565684810886651,,,35.293617753349245,186.90423887703798,true
104000000000,104,veh_9,52.63665155176642,13.565897617746405,,,35.27329183040652,186.90423887703798,true
104000000000,104,veh_10,52.63788262799455,13.56610189514563,,,35.21300177256577,186.90423887703798,true
104000000000,104,veh_11,52.639234916948034,13.566326298425032,,,35.81321182566695,186.90423887703798,true
105000000000,105,veh_0,52.625440215179346,13.563514748050883,,,32.96873090457637,187.91097810424347,true
105000000000,105,veh_1,52.62663990360059,13.56374876558039,,,33.32724926319904,187.91097810425234,true
105000000000,105,veh_2,52.62778800220525,13.564103039076247,,,32.959736842843704,190.8465233570806,true
105000000000,105,veh_3,52.628943576388345,13.564432571348599,,,32.2787951101968,191.04915082583844,true
105000000000,105,veh_4,52.63007754813294,13.564729359712933,,,32.24780150639825,189.36008626207445,true
105000000000,105,veh_5,52.63129163024864,13.564999787021906,,,35.9999616088951,188.25471148992239,true
105000000000,105,veh_6,52.6325075841899,13.5652243919462,,,35.39653327217326,187.02911890487374,true
105000000000,105,veh_7,52.6338206422988,13.565438183575463,,,35.6722979887994,186.601415979438,true
105000000000,105,veh_8,52.63504716485237,13.5656314117771,,,35.98692111728247,186.90423887703798,true
105000000000,105,veh_9,52.63633670068975,13.565845374999718,,,35.205673349499705,186.9042388770496,true
105000000000,105,veh_10,52.63756270808997,13.566048808508476,,,35.77246909652837,186.9042388770496,true
105000000000,105,veh_11,52.63891671954422,13.566273494516771,,,35.57988084171899,186.90423887703923,true
106000000000,106,veh_0,52.625147667410005,13.563457684010675,,,32.76099502765108,187.91097810424347,true
106000000000,106,veh_1,52.62634326200743,13.563690899967224,,,33.21945916581433,187.9109781042538,true
106000000000,106,veh_2,52.62751272441032,13.56393308492099,,,32.890825842153276,232.30213845684136,true
106000000000,106,veh_3,52.62865913473569,13.564350917965303,,,32.12684912387747,191.0491508258282,true
106000000000,106,veh_4,52.62978213019573,13.564659229400034,,,33.21005537667777,189.36008626206248,true
106000000000,106,veh_5,52.630976583252036,13.564935163685057,,,35.32135032938328,188.25471148992239,true
106000000000,106,veh_6,52.63219180849645,13.565170862124141,,,35.31686517143622,187.02911890487374,true
106000000000,106,veh_7,52.63350153335148,13.565388039595504,,,35.66321294423193,186.60141597942766,true
106000000000,106,veh_8,52.63473095486686,13.565581231607442,,,35.342480333419516,186.601415979438,true
106000000000,106,veh_9,52.63602500499866,13.565793656523711,,,34.85284414777067,186.90423887703798,true
106000000000,106,veh_10,52.637250354834684,13.565996978170968,,,34.92638563328888,186.90423887703798,true
106000000000,106,veh_11,52.638601001313475,13.566221102739965,,,35.302663291236385,186.90423887703798,true
107000000000,107,veh_0,52.62485590219013,13.56340077334215,,,32.67335710015148,187.9109781042538,true
107000000000,107,veh_1,52.62605632410495,13.563634927959994,,,32.13278575422708,187.91097810424205,true
107000000000,107,veh_2,52.62721899662524,13.563864701067086,,,32.955446537765674,189.03438941908115,true
107000000000,107,veh_3,52.62836637277569,13.564266877197774,,,33.066596076842394,191.04915082583844,true
107000000000,107,veh_4,52.6294942468234,13.564584484794166,,,32.42927716127131,190.49828346892053,true
107000000000,107,veh_5,52.63068141611767,13.564872716937606,,,33.13872600253205,189.36008626206248,true
107000000000,107,veh_6,52.63186963046893,13.56511240175908,,,36.06127844240051,187.76400786501193,true
107000000000,107,veh_7,52.63318240762349,13.565337893669707,,,35.665084660951976,186.60141597942766,true
107000000000,107,veh_8,52.63441443971988,13.565531493252763,,,35.373343483419156,186.601415979438,true
107000000000,107,veh_9,52.63571111870576,13.565741575275824,,,35.09778666728176,186.90423887703923,true
107000000000,107,veh_10,52.636930170282454,13.565943849075783,,,35.80205341483466,186.9042388770483,true
107000000000,107,veh_11,52.63828144433096,13.566168074672914,,,35.73189707458019,186.9042388770483,true
108000000000,108,veh_0,52.62456293966993,13.563343629864493,,,32.807432843786664,187.9109781042538,true
108000000000,108,veh_1,52.625761623337695,13.563577442409436,,,33.00210731967352,187.91097810425234,true
108000000000,108,veh_2,52.626924039763395,13.563804192475526,,,33.05645066974219,187.91097810424347,true
108000000000,108,veh_3,52.62808202506863,13.56418567973222,,,32.11130202188622,190.8465233570806,true
108000000000,108,veh_4,52.62920587964559,13.56450639026543,,,32.51713290535379,190.49828346892053,true
108000000000,108,veh_5,52.63038987945129,13.564803506153092,,,32.77374499081168,189.36008626206248,true
108000000000,108,veh_6,52.6315492072103,13.565051249722993,,,35.88707319261972,187.7640078650209,true
108000000000,108,veh_7,52.63286353766981,13.565284733526255,,,35.656944854944015,187.02911890487374,true
108000000000,108,veh_8,52.634095424027905,13.565481362641165,,,35.652797666881234,186.601415979438,true
108000000000,108,veh_9,52.63539232033715,13.565688679722511,,,35.64703578813001,186.90423887703798,true
108000000000,108,veh_10,52.63661879070305,13.565892181721157,,,34.817504618144596,186.90423887703798,true
108000000000,108,veh_11,52.63796789638348,13.566116044474018,,,35.05998110604938,186.90423887703798,true
109000000000,109,veh_0,52.624271151789394,13.563288733877336,,,32.66069513842929,187.14832257868892,true
109000000000,109,veh_1,52.625465482725886,13.563519676744521,,,33.16334437655285,187.9109781042538,true
109000000000,109,veh_2,52.626633494282146,13.56374751531236,,,32.53678898813203,187.91097810424347,true
109000000000,109,veh_3,52.627792740347,13.564104370811469,,,32.65387100146152,190.84652335708256,true
109000000000,109,veh_4,52.628920668439086,13.564425995228241,,,32.19700543658808,191.04915082583844,true
109000000000,109,veh_5,52.63010231956289,13.564735240332404,,,32.326681346511464,189.36008626207445,true
109000000000,109,veh_6,52.63123125931654,13.564987403495113,,,35.63547285053879,188.25471148991357,true
109000000000,109,veh_7,52.63255138438276,13.565231816947172,,,34.91173377410974,187.02911890487374,true
109000000000,109,veh_8,52.63377765578464,13.565431428742125,,,35.51338070318103,186.601415979438,true
109000000000,109,veh_9,52.635080020286786,13.565636863089825,,,34.920410396731455,186.90423887703923,true
109000000000,109,veh_10,52.63630138238033,13.565839514732366,,,35.491616275548004,186.90423887703798,true
109000000000,109,veh_11,52.637645920431105,13.566062616466741,,,36.00237113744021,186.90423887703923,true
110000000000,110,veh_0,52.623981892534346,13.5632387205357,,,32.34447863760404,187.14832257868892,true
110000000000,110,veh_1,52.62517069156056,13.563462175049182,,,33.012222315622495,187.9109781042538,true
110000000000,110,veh_2,52.626344562079616,13.563691153569511,,,32.35612171270884,187.91097810424205,true
110000000000,110,veh_3,52.62752238008629,13.563941622386146,,,32.43177336854394,240.37337274210458,true
110000000000,110,veh_4,52.628631469736824,13.564342976354396,,,32.664143270761706,191.0491508258282,true
110000000000,110,veh_5,52.62981564327536,13.56466718514276,,,32.22734418408479,189.36008626206248,true
110000000000,110,veh_6,52.6309155038119,13.564922635000002,,,35.40078340982087,188.25471148991357,true
110000000000,110,veh_7,52.632229584258205,13.565177265775985,,,35.990647824937476,187.02911890487374,true
110000000000,110,veh_8,52.63345940171184,13.565381419186917,,,35.56767275809776,186.60141597942766,true
110000000000,110,veh_9,52.634759661935114,13.56558574277539,,,35.80800474725198,186.60141597942766,true
110000000000,110,veh_10,52.63598419276277,13.565786884756974,,,35.467157479180024,186.90423887703923,true
110000000000,110,veh_11,52.63733272026323,13.56601064541023,,,35.02108580478467,186.90423887703798,true
111000000000,111,veh_0,52.62368678513483,13.563202929326305,,,32.9701939121075,182.41227707861347,true
111000000000,111,veh_1,52.624877767517155,13.56340503828854,,,32.803128382069985,187.9109781042538,true
111000000000,111,veh_2,52.62604964626394,13.563633625344487,,,33.026193569223395,187.91097810424347,true
111000000000,111,veh_3,52.62722753755668,13.563866646963234,,,32.99045688732993,189.03438941908115,true
111000000000,111,veh_4,52.62834567456243,13.564260935573774,,,32.2797176801553,191.04915082583844,true
111000000000,111,veh_5,52.629522801301356,13.564592217866716,,,32.97683578344993,190.49828346892053,true
111000000000,111,veh_6,52.63062362856399,13.564858998105203,,,32.787150257029566,189.36008626207445,true
111000000000,111,veh_7,52.63191094785315,13.56512028714849,,,35.65867603741586,187.7640078650209,true
111000000000,111,veh_8,52.63314741007755,13.565332394360908,,,34.86778700909577,186.60141597942766,true
111000000000,111,veh_9,52.63444658945254,13.565536545349012,,,34.988595888079146,186.601415979438,true
111000000000,111,veh_10,52.63567238639174,13.565735148707118,,,34.86521581077483,186.90423887703923,true
111000000000,111,veh_11,52.6370132342807,13.565957632040488,,,35.723942510448396,186.90423887703798,true
112000000000,112,veh_0,52.623391007309095,13.563176915103016,,,33.05382670403458,188.77102441059827,true
112000000000,112,veh_1,52.6245856584344,13.563348061221527,,,32.71186088595539,187.9109781042538,true
112000000000,112,veh_2,52.62575227384062,13.56357561867001,,,33.30129299254156,187.91097810424347,true
112000000000,112,veh_3,52.62694094127042,13.563807489501244,,,32.12260605319869,187.91097810425234,true
112000000000,112,veh_4,52.628054737427135,13.564178009981472,,,32.853674205271524,190.84652335708256,true
112000000000,112,veh_5,52.62923839011288,13.56451519457913,,,32.07104457146022,190.49828346892053,true
112000000000,112,veh_6,52.63033278700844,13.564789952515914,,,32.69560149961151,189.36008626206416,true
112000000000,112,veh_7,52.631597177705494,13.565060404726214,,,35.14193229627796,187.76400786501054,true
112000000000,112,veh_8,52.63283204849855,13.565279395413723,,,35.26746449502185,187.02911890487374,true
112000000000,112,veh_9,52.6341249973299,13.565486009805827,,,35.940736715905366,186.601415979438,true
112000000000,112,veh_10,52.635350455260514,13.565681733453967,,,35.9973310020892,186.90423887703798,true
112000000000,112,veh_11,52.636696325592304,13.565905047055221,,,35.43575351689011,186.9042388770483,true
113000000000,113,veh_0,52.623101175983045,13.56307938437546,,,32.9468491524877,195.64941906043254,true
113000000000,113,veh_1,52.6242909148156,13.563292150955965,,,32.99498962321784,187.14832257868892,true
113000000000,113,veh_2,52.62545766693325,13.563518152193566,,,32.99159216766245,187.9109781042538,true
113000000000,113,veh_3,52.62665312389637,13.5637513444693,,,32.23128165164496,187.9109781042538,true
113000000000,113,veh_4,52.62776198330945,13.564095726028665,,,33.04548866210505,190.8465233570806,true
113000000000,113,veh_5,52.62894718042898,13.564433605950992,,,32.86852953854948,191.04915082582622,true
113000000000,113,veh_6,52.63004343275479,13.564721260895254,,,32.52839782256167,189.36008626206416,true
113000000000,113,veh_7,52.631282906397225,13.564997997548614,,,35.21772912644315,188.25471148992239,true
113000000000,113,veh_8,52.63251747472941,13.565226068587483,,,35.18244403983932,187.02911890487374,true
113000000000,113,veh_9,52.63380872839322,13.565436311441792,,,35.345820423276166,186.60141597942766,true
113000000000,113,veh_10,52.63503595432908,13.565629551749652,,,35.16650548231788,186.90423887703798,true
113000000000,113,veh_11,52.636376234705516,13.565851934777964,,,35.7915732244635,186.90423887703798,true
114000000000,114,veh_0,52.62281557381068,13.562949655168062,,,32.99121979882009,197.35905646699592,true
114000000000,114,veh_1,52.62399434883621,13.563240874235273,,,33.16150433739647,187.14832257868892,true
114000000000,114,veh_2,52.625161323011405,13.563460347640717,,,33.18610781139694,187.9109781042538,true
114000000000,114,veh_3,52.62635552532371,13.563693292146581,,,33.326626855991776,187.9109781042538,true
114000000000,114,veh_4,52.627493366519836,13.56392721163349,,,32.10633256530389,208.3876607568539,true
114000000000,114,veh_5,52.62866205679718,13.56435175678302,,,32.20387674741912,191.04915082583844,true
114000000000,114,veh_6,52.62975539384978,13.564652882409309,,,32.38052473244723,189.36008626206416,true
114000000000,114,veh_7,52.630971412082616,13.564934102967529,,,34.923042898010465,188.25471148991207,true
114000000000,114,veh_8,52.63220418249356,13.56517295973176,,,35.03911139032803,187.02911890487374,true
114000000000,114,veh_9,52.63348863540894,13.565386012859676,,,35.7731875280058,186.60141597942766,true
114000000000,114,veh_10,52.63471560675154,13.56557881973245,,,35.80424149857368,186.601415979438,true
114000000000,114,veh_11,52.6360564642099,13.565798876398814,,,35.75574414531235,186.9042388770496,true
115000000000,115,veh_0,52.62253608457342,13.562784803000461,,,33.069023243146944,202.98606077669882,true
115000000000,115,veh_1,52.62370034481709,13.563203423459377,,,32.851100506512445,182.9272649729268,true
115000000000,115,veh_2,52.62486862415283,13.563403254827012,,,32.77791090718936,187.91097810424347,true
115000000000,115,veh_3,52.62606156635808,13.56363595054229,,,32.919040729426776,187.91097810424347,true
115000000000,115,veh_4,52.627204788148696,13.56386146392532,,,32.39813832896296,189.03438941908115,true
115000000000,115,veh_5,52.62837168420005,13.56426840189483,,,32.79672472308855,191.0491508258282,true
115000000000,115,veh_6,52.62946731834682,13.56457719208145,,,32.4601871252479,190.49828346892053,true
115000000000,115,veh_7,52.63068141166279,13.56487271588001,,,32.55946354709565,189.36008626207445,true
115000000000,115,veh_8,52.63188705352131,13.565115726932818,,,35.493842289308084,187.76400786501054,true
115000000000,115,veh_9,52.63317297397723,13.565336411321127,,,35.27791919702664,186.60141597942766,true
115000000000,115,veh_10,52.63439603498889,13.565528601086537,,,35.71494689717889,186.60141597942766,true
115000000000,115,veh_11,52.635739327908404,13.565746255828653,,,35.46119286123663,186.90423887703798,true
116000000000,116,veh_0,52.62226134482134,13.562593242321325,,,33.237798903365615,206.2505403088144,true
116000000000,116,veh_1,52.623407528893516,13.563182195313738,,,32.69200298927724,186.70118713212764,true
116000000000,116,veh_2,52.62457177917427,13.563345354033423,,,33.24221042505931,187.91097810424347,true
116000000000,116,veh_3,52.62576580849398,13.563578258778135,,,33.12048652616329,187.91097810424347,true
116000000000,116,veh_4,52.62690811555595,13.563801086096692,,,33.24456786452327,187.91097810424347,true
116000000000,116,veh_5,52.62808157659142,13.564185553678435,,,32.76183480135631,190.8465233570806,true
116000000000,116,veh_6,52.62917437820751,13.564497859223927,,,33.03279285139404,190.49828346892053,true
116000000000,116,veh_7,52.63039030341476,13.56480360680134,,,32.72558339121286,189.36008626206416,true
116000000000,116,veh_8,52.63156962341376,13.565055146082514,,,35.55184364778921,187.7640078650209,true
116000000000,116,veh_9,52.63285657593154,13.565283553356675,,,35.38126485295594,187.02911890487374,true
116000000000,116,veh_10,52.63407559476229,13.565478246662968,,,35.81200166869908,186.60141597942766,true
116000000000,116,veh_11,52.63541820944306,13.565692975258566,,,35.90646207599435,186.90423887703798,true
117000000000,117,veh_0,52.621994127657906,13.562376575817229,,,33.176858029696156,208.0566873785172,true
117000000000,117,veh_1,52.62312509642674,13.56308955517987,,,32.06991703186184,194.9415724915841,true
117000000000,117,veh_2,52.62427723623073,13.563289785892753,,,32.97023579542991,187.14832257868892,true
117000000000,117,veh_3,52.625477528546604,13.5635220264071,,,32.28306697147898,187.9109781042538,true
117000000000,117,veh_4,52.62661336057092,13.563743587824437,,,33.008190788184294,187.9109781042538,true
117000000000,117,veh_5,52.62779697690692,13.564105561568836,,,32.1250335848378,190.84652335707233,true
117000000000,117,veh_6,52.62888633635351,13.564416139625962,,,32.52251934699714,191.0491508258282,true
117000000000,117,veh_7,52.63010500865959,13.56473587871154,,,32.072041407548824,189.36008626207445,true
117000000000,117,veh_8,52.63125664089181,13.564992609861232,,,35.07642248288263,188.25471148992239,true
117000000000,117,veh_9,52.632540011592575,13.565229889032429,,,35.40507291582413,187.02911890487374,true
117000000000,117,veh_10,52.633760113685234,13.565428672207773,,,35.25776965924538,186.601415979438,true
117000000000,117,veh_11,52.6350970619682,13.565639690617049,,,35.90970186925493,186.90423887703923,true
118000000000,118,veh_0,52.62173008486557,13.562144738892078,,,33.32956429994199,209.4427559033446,true
118000000000,118,veh_1,52.622841942013466,13.56296225716826,,,32.6847839828534,197.35905646700897,true
118000000000,118,veh_2,52.62398990686932,13.563240106217284,,,32.128681291542016,187.14832257869926,true
118000000000,118,veh_3,52.625183457853495,13.563464665215228,,,32.93154032702557,187.91097810425234,true
118000000000,118,veh_4,52.626325921871384,13.56368751746549,,,32.188871263149196,187.9109781042538,true
118000000000,118,veh_5,52.62752974643984,13.563948135655084,,,32.15174932491034,242.85904170182926,true
118000000000,118,veh_6,52.62859920795808,13.564333715188313,,,32.43030736993067,191.0491508258282,true
118000000000,118,veh_7,52.629818273839895,13.564667809618685,,,32.233924254863524,189.36008626206416,true
118000000000,118,veh_8,52.63094142765755,13.564927952524949,,,35.33998742444906,188.25471148992239,true
118000000000,118,veh_9,52.63222043722473,13.565175715192979,,,35.74171545639634,187.02911890487374,true
118000000000,118,veh_10,52.633441396812174,13.565378589967864,,,35.61939452575985,186.601415979438,true
118000000000,118,veh_11,52.63477804927061,13.565588632253414,,,35.658605796624904,186.60141597942766,true
119000000000,119,veh_0,52.62147082656893,13.561915860412984,,,32.76462755859364,209.10087432509735,true
119000000000,119,veh_1,52.62256820754026,13.562805962120427,,,32.27337977806572,202.84184584081495,true
119000000000,119,veh_2,52.62369470566586,13.563203217961089,,,32.983185708285305,182.60464755769246,true
119000000000,119,veh_3,52.624891357354755,13.563407689059497,,,32.7109038301697,187.9109781042538,true
119000000000,119,veh_4,52.62603006699642,13.563629806109684,,,33.131354002347216,187.91097810425234,true
119000000000,119,veh_5,52.62723801183167,13.563869033337614,,,32.57276852428447,189.03438941907947,true
119000000000,119,veh_6,52.62831198087255,13.564251263483255,,,32.44144697859417,191.0491508258282,true
119000000000,119,veh_7,52.62952888023646,13.564593864154295,,,32.587077725371344,190.49828346892053,true
119000000000,119,veh_8,52.63064618135267,13.56486435215926,,,33.1582679035794,189.36008626206416,true
119000000000,119,veh_9,52.6319073993475,13.565119609918494,,,35.03308602968696,187.76400786501944,true
119000000000,119,veh_10,52.63312417127923,13.565328742757233,,,35.45272061076481,186.601415979438,true
119000000000,119,veh_11,52.634458478823845,13.565538413678867,,,35.71480055268854,186.60141597942766,true
120000000000,120,veh_0,52.621209613976625,13.561696027654367,,,32.67229497208726,208.26349583882364,true
120000000000,120,veh_1,52.622296233617526,13.562620107084907,,,32.80120149650145,206.2505403088144,true
120000000000,120,veh_2,52.623403384770924,13.563180870873776,,,32.53322127032559,187.22011254742532,true
120000000000,120,veh_3,52.62460292905113,13.56335142990542,,,32.29966872806661,187.9109781042538,true
120000000000,120,veh_4,52.625732889969115,13.56357183759943,,,33.27941126769409,187.91097810424205,true
120000000000,120,veh_5,52.62695138186288,13.563809526178945,,,32.12934093230404,187.9109781042538,true
120000000000,120,veh_6,52.62802694639492,13.564170198752091,,,32.18506771900691,190.84652335708256,true
120000000000,120,veh_7,52.62923564259218,13.564514450509535,,,33.06634179974906,190.4982834689224,true
120000000000,120,veh_8,52.63035966424804,13.56479633311712,,,32.20945916124154,189.36008626206416,true
120000000000,120,veh_9,52.63159163235893,13.565059346415005,,,35.36557634863071,187.76400786500912,true
120000000000,120,veh_10,52.63280674300691,13.565275105577246,,,35.50053383585997,187.02911890487505,true
120000000000,120,veh_11,52.634142823660795,13.56548881104797,,,35.27722964483779,186.601415979438,true
121000000000,121,veh_0,52.620947507408516,13.56148959676938,,,32.362323469407855,206.20459453012833,true
121000000000,121,veh_1,52.622031615052606,13.562407845625536,,,32.785931311449964,208.05668737852216,true
121000000000,121,veh_2,52.6231212783594,13.563087931763738,,,32.038972696773705,195.26738013465427,true
121000000000,121,veh_3,52.6243061775992,13.56329478993295,,,33.222382371705024,187.1483225786876,true
121000000000,121,veh_4,52.625439021314676,13.563514515175491,,,32.90891855421476,187.9109781042538,true
121000000000,121,veh_5,52.62665512864337,13.563751735536307,,,33.175971446856856,187.91097810424205,true
121000000000,121,veh_6,52.62773824073066,13.564089052785643,,,32.588506862726064,190.8465233570806,true
121000000000,121,veh_7,52.628941057362255,13.564431848218554,,,33.25029350856319,191.0491508258282,true
121000000000,121,veh_8,52.63006785563372,13.56472705876155,,,32.804310676753516,189.36008626206416,true
121000000000,121,veh_9,52.631275865480184,13.564996553286443,,,35.38604533622507,188.25471148991207,true
121000000000,121,veh_10,52.632495311003275,13.5652223114003,,,34.831063564298674,187.02911890487374,true
121000000000,121,veh_11,52.63382796565345,13.565439334357164,,,35.1881369384611,186.601415979438,true
122000000000,122,veh_0,52.62068062084528,13.561299110782514,,,32.397409865465015,203.76537332250956,true
122000000000,122,veh_1,52.62176789696652,13.562178193377187,,,33.228927016835655,209.4427559033588,true
122000000000,122,veh_2,52.62283578865532,13.562959316328577,,,32.95915157203097,197.35905646699592,true
122000000000,122,veh_3,52.62401191474605,13.563243911390085,,,32.90397286738269,187.1483225786876,true
122000000000,122,veh_4,52.625146861213615,13.563457526755924,,,32.71758193743415,187.91097810424347,true
122000000000,122,veh_5,52.626364387388755,13.563695020851798,,,32.558709001978855,187.9109781042538,true
122000000000,122,veh_6,52.62746278014168,13.563920243004011,,,32.86019297642167,189.03438941908115,true
122000000000,122,veh_7,52.62864622387914,13.564347211728636,,,33.30057565192226,191.04915082583844,true
122000000000,122,veh_8,52.62977867738086,13.56465840972949,,,32.50860745284706,189.36008626207445,true
122000000000,122,veh_9,52.63095764157863,13.564931278343613,,,35.67752729662694,188.2547114899239,true
122000000000,122,veh_10,52.63217257024412,13.565167600908168,,,36.09584920610301,187.02911890487374,true
122000000000,122,veh_11,52.633505076636354,13.56538859637461,,,36.08566883161198,186.60141597942766,true
123000000000,123,veh_0,52.62041044036951,13.561129810107822,,,32.19365799796768,203.27757243616665,true
123000000000,123,veh_1,52.62150939973608,13.561949487693733,,,32.68416363296099,209.4427559033588,true
123000000000,123,veh_2,52.622563507381194,13.56280286616431,,,32.12368853708729,202.98606077669882,true
123000000000,123,veh_3,52.623720384790595,13.563204153743397,,,32.58078733765986,184.0740105546775,true
123000000000,123,veh_4,52.624854123651275,13.563400426429025,,,32.78224495041184,187.9109781042538,true
123000000000,123,veh_5,52.62606731763408,13.563637072417617,,,33.267403027829715,187.91097810424347,true
123000000000,123,veh_6,52.627174719557416,13.563854613352909,,,32.34000687384512,189.03438941908115,true
123000000000,123,veh_7,52.628360479546785,13.56426518548837,,,32.27397559091449,191.0491508258282,true
123000000000,123,veh_8,52.62948904136198,13.5645830750615,,,32.628104667547156,190.49828346893077,true
123000000000,123,veh_9,52.63066537874637,13.564868909643494,,,32.81796611633152,189.36008626206416,true
123000000000,123,veh_10,52.63185207001701,13.565109050365335,,,35.87639381106943,187.76400786501054,true
123000000000,123,veh_11,52.633182394412884,13.565337891593867,,,36.06255408384837,186.60141597943922,true
124000000000,124,veh_0,52.62013460712329,13.560952183832644,,,32.98554141248576,201.51405013979948,true
124000000000,124,veh_1,52.62125155016746,13.561731320351438,,,32.288344172034414,208.26349583883285,true
124000000000,124,veh_2,52.6222971017035,13.562620775521424,,,32.1307468522992,206.25054030881904,true
124000000000,124,veh_3,52.62342998361462,13.563185833565626,,,32.411019071000624,186.62830983179714,true
124000000000,124,veh_4,52.624562678132655,13.563343578850958,,,32.63755127831362,187.91097810424205,true
124000000000,124,veh_5,52.62577653777641,13.563580351663706,,,32.56302388163283,187.9109781042538,true
124000000000,124,veh_6,52.62688505480342,13.563796587576268,,,32.45128800479695,187.9109781042538,true
124000000000,124,veh_7,52.62807415734065,13.564183468345101,,,32.33377257633954,190.8465233570806,true
124000000000,124,veh_8,52.62919437083337,13.56450327351253,,,33.22791712707374,190.49828346893267,true
124000000000,124,veh_9,52.63037330526206,13.564799571468603,,,32.83409227572381,189.36008626207445,true
124000000000,124,veh_10,52.63153270286706,13.565048099930568,,,35.768789865113796,187.7640078650209,true
124000000000,124,veh_11,52.632864059296764,13.565284821953647,,,35.59712884064298,187.02911890487505,true
125000000000,125,veh_0,52.61986326986762,13.56074713611547,,,33.213838860411194,198.21595230600158,true
125000000000,125,veh_1,52.62098481288115,13.561518260491702,,,33.02293992230668,206.20459453011895,true
125000000000,125,veh_2,52.62203173944996,13.562407949390682,,,32.87712629818823,208.05668737852216,true
125000000000,125,veh_3,52.62314410388582,13.563097637025795,,,32.39967297627125,193.318917556846,true
125000000000,125,veh_4,52.624269945968464,13.563288525387854,,,32.766239723418835,187.14832257868892,true
125000000000,125,veh_5,52.62548898623688,13.563524261349867,,,32.20149627674371,187.9109781042538,true
125000000000,125,veh_6,52.62659755161921,13.563740503970823,,,32.19609628533479,187.91097810424205,true
125000000000,125,veh_7,52.62778000145178,13.564100790329224,,,33.20371819829568,190.8465233570806,true
125000000000,125,veh_8,52.628903230878436,13.564420989481436,,,32.868759406935425,191.04915082583844,true
125000000000,125,veh_9,52.63007821397897,13.56472951778153,,,33.1733393681189,189.36008626207274,true
125000000000,125,veh_10,52.63121249149892,13.564983553772079,,,35.891149020884185,188.25471148991207,true
125000000000,125,veh_11,52.63254175323531,13.565230184275544,,,36.04723659720272,187.02911890487374,true
126000000000,126,veh_0,52.61958295335167,13.560605686914545,,,32.61844574624672,198.21595230600158,true
126000000000,126,veh_1,52.62071247350703,13.561320705714081,,,33.145127630834466,204.42739902861982,true
126000000000,126,veh_2,52.62176882301526,13.562179012705245,,,33.127369114542375,209.4427559033588,true
126000000000,126,veh_3,52.62285747278365,13.562969679705255,,,33.0698788055405,197.35905646699902,true
126000000000,126,veh_4,52.62397280184817,13.563237148753164,,,33.226150814671996,187.14832257868892,true
126000000000,126,veh_5,52.62519154999206,13.563466243651355,,,33.30843215747271,187.9109781042538,true
126000000000,126,veh_6,52.62630631033694,13.563683691890226,,,32.61470388704445,187.9109781042538,true
126000000000,126,veh_7,52.62750545237882,13.563929965210663,,,32.78332733865361,224.2653585587042,true
126000000000,126,veh_8,52.6286193570136,13.564339499236992,,,32.06271817301865,191.0491508258282,true
126000000000,126,veh_9,52.62978915485523,13.564660896998221,,,32.495215485775844,189.36008626207445,true
126000000000,126,veh_10,52.63089524315479,13.564918479118129,,,35.568152110036465,188.25471148992239,true
126000000000,126,veh_11,52.632227956578994,13.565176989855695,,,35.09552688776981,187.0291189048841,true
127000000000,127,veh_0,52.61929112799765,13.560511440464984,,,32.669408491854554,190.4034415036599,true
127000000000,127,veh_1,52.62044077522167,13.561150084085897,,,32.38491390426177,202.8746688125574,true
127000000000,127,veh_2,52.62150863991749,13.561948815447979,,,32.897323242896235,209.4427559033588,true
127000000000,127,veh_3,52.62258332109574,13.562815917299925,,,32.261323350057935,201.9129457324486,true
127000000000,127,veh_4,52.62367520198229,13.563202507220819,,,33.245237104170954,182.41227707860259,true
127000000000,127,veh_5,52.62490294492857,13.563409949279375,,,32.319467296772636,187.9109781042538,true
127000000000,127,veh_6,52.62601992974429,13.5636278286853,,,32.070374830877405,187.91097810424347,true
127000000000,127,veh_7,52.62721907887185,13.563864719805478,,,32.150602697716096,189.0343894190692,true
127000000000,127,veh_8,52.62832653753931,13.56425544210953,,,33.073091134238055,191.0491508258282,true
127000000000,127,veh_9,52.62949602065057,13.564584965178575,,,33.01894760098774,190.49828346892053,true
127000000000,127,veh_10,52.630603735241095,13.564854275415367,,,32.75198854938615,189.36008626207445,true
127000000000,127,veh_11,52.631908609491674,13.565119840873711,,,35.73852785058785,187.76400786501054,true
128000000000,128,veh_0,52.61900115947631,13.560447866373675,,,32.46652764582075,186.95743832181446,true
128000000000,128,veh_1,52.62016974732185,13.560973622890517,,,32.45827997864224,201.51405013980917,true
128000000000,128,veh_2,52.62124811382719,13.561728428390284,,,32.62208834916353,208.26349583882856,true
128000000000,128,veh_3,52.62230984715622,13.562630589674807,,,32.94019117555115,206.2505403088144,true
128000000000,128,veh_4,52.62338454503152,13.563174849794473,,,32.49518362509087,189.58079925064834,true
128000000000,128,veh_5,52.62460796040657,13.563352411286374,,,33.03386753098573,187.9109781042538,true
128000000000,128,veh_6,52.62573260258012,13.563571781540576,,,32.176372883836734,187.91097810425234,true
128000000000,128,veh_7,52.62692231062071,13.563803855166812,,,33.25932271081954,187.9109781042538,true
128000000000,128,veh_8,52.62804154727716,13.564174302622924,,,32.181081852032804,190.8465233570806,true
128000000000,128,veh_9,52.62920992820245,13.564507486673598,,,32.26062774790451,190.49828346892053,true
128000000000,128,veh_10,52.6303127568584,13.564785197404593,,,32.71098285866435,189.36008626206416,true
128000000000,128,veh_11,52.63159539824974,13.565060065122891,,,35.07933540250175,187.76400786501944,true
129000000000,129,veh_0,52.61871209817324,13.560403002954235,,,32.21312819718849,186.05684965555358,true
129000000000,129,veh_1,52.619900513673,13.560765929677341,,,33.053058189940636,201.37403969693656,true
129000000000,129,veh_2,52.62098715573099,13.56152006062608,,,32.30519578477367,206.20459453012833,true
129000000000,129,veh_3,52.622046834059994,13.562420540455001,,,32.559543626192024,208.05668737852216,true
129000000000,129,veh_4,52.62309187301747,13.563075428822962,,,33.28372305244673,195.64941906043254,true
129000000000,129,veh_5,52.624318208539925,13.563296870116705,,,32.44053966612089,187.1597926899938,true
129000000000,129,veh_6,52.625441800064586,13.563515057198812,,,32.5655566187296,187.9109781042538,true
129000000000,129,veh_7,52.626634404650396,13.563747692898199,,,32.24120286469813,187.91097810424347,true
129000000000,129,veh_8,52.62774783883603,13.564091750490467,,,33.15321041438263,190.8465233570704,true
129000000000,129,veh_9,52.628920417341206,13.564425923146317,,,32.681893366198054,191.0491508258282,true
129000000000,129,veh_10,52.63001987963799,13.564715669511978,,,32.92443951435387,189.36008626206248,true
129000000000,129,veh_11,52.631284695731516,13.56499836458437,,,34.817821523933674,188.25471148991207,true
130000000000,130,veh_0,52.61841785770262,13.560367468629783,,,32.73634967305232,184.1272483673034,true
130000000000,130,veh_1,52.61961896960739,13.560623860804,,,32.76128958083689,198.21595230600158,true
130000000000,130,veh_2,52.620721033254725,13.5613267583156,,,32.395636405581605,204.42739902861982,true
130000000000,130,veh_3,52.62178893859487,13.562196810113528,,,32.46853039899841,209.4427559033446,true
130000000000,130,veh_4,52.62280706828987,13.562945590177781,,,32.90757018334232,197.35905646699902,true
130000000000,130,veh_5,52.62402640975655,13.563246417586575,,,32.6284449226642,187.14832257868892,true
130000000000,130,veh_6,52.62515129904968,13.563458392389762,,,32.53178903383203,187.91097810424347,true
130000000000,130,veh_7,52.62634600053151,13.563691434165253,,,32.296984191886146,187.91097810424347,true
130000000000,130,veh_8,52.62747410634847,13.563922823502574,,,32.672035914165896,193.38604412150772,true
130000000000,130,veh_9,52.628628586334806,13.564342148635538,,,32.96145424611866,191.0491508258282,true
130000000000,130,veh_10,52.629730429824065,13.564646956159768,,,32.53913470389787,189.36008626206416,true
130000000000,130,veh_11,52.63096796767177,13.56493339644528,,,35.509821829679424,188.2547114899239,true
131000000000,131,veh_0,52.61812692466061,13.560350337584799,,,32.14691586237866,181.0863371817169,true
131000000000,131,veh_1,52.61933098532542,13.560521983204362,,,32.38133704310283,191.38480440724075,true
131000000000,131,veh_2,52.620447533148045,13.561154600678709,,,32.61014122762251,202.60889684537278,true
131000000000,131,veh_3,52.62152816549322,13.561966090613204,,,32.97192705533933,209.4427559033588,true
131000000000,131,veh_4,52.6225266374064,13.562778580239687,,,33.21596997677814,202.98606077669882,true
131000000000,131,veh_5,52.62372878549261,13.563204459876605,,,33.26489707275294,184.55468577945535,true
131000000000,131,veh_6,52.624863674677044,13.563402289405905,,,32.20964399026241,187.91097810424347,true
131000000000,131,veh_7,52.62605149224403,13.563633985431233,,,32.98055648472626,187.91097810425234,true
131000000000,131,veh_8,52.62718500739383,13.563856957245136,,,32.45658290213439,189.03438941907947,true
131000000000,131,veh_9,52.62834332176749,13.564260260181381,,,32.21978711939417,191.04915082583844,true
131000000000,131,veh_10,52.62943505532403,13.564568454689848,,,33.29187551319599,190.49828346892053,true
131000000000,131,veh_11,52.6306812107643,13.56487266818642,,,32.195879478794524,189.36008626206416,true
132000000000,132,veh_0,52.61782867512925,13.560354594816257,,,33.155894008623434,180.10872051375733,true
132000000000,132,veh_1,52.619036709135415,13.560453813334084,,,32.981172727555965,186.95743832181574,true
132000000000,132,veh_2,52.62017625569865,13.560977593659377,,,32.49758113543037,201.51405013980917,true
132000000000,132,veh_3,52.62126223912896,13.56174031598933,,,33.324100792985405,208.26349583882364,true
132000000000,132,veh_4,52.62225271896045,13.562586600319129,,,33.16522051905747,206.25054030881904,true
132000000000,132,veh_5,52.62343445949382,13.563186540003683,,,32.8464722966263,186.62830983179833,true
132000000000,132,veh_6,52.62457454239861,13.563345893007849,,,32.378503024550156,187.91097810424347,true
132000000000,132,veh_7,52.62575799558801,13.5635767347702,,,32.86726469429675,187.91097810424205,true
132000000000,132,veh_8,52.62689539637679,13.563798604933073,,,32.44818045054097,187.9109781042538,true
132000000000,132,veh_9,52.628052567204705,13.56417739999639,,,32.83290333540179,190.8465233570806,true
132000000000,132,veh_10,52.629144030514425,13.564489640644497,,,32.816813916498795,190.4982834689224,true
132000000000,132,veh_11,52.630387439136804,13.564802926826378,,,33.02499311072286,189.36008626207445,true
133000000000,133,veh_0,52.617541239358054,13.560389785388049,,,32.40583185110707,159.04849011065986,true
133000000000,133,veh_1,52.61874004675504,13.560406950130982,,,33.06537154076621,186.0568496555432,true
133000000000,133,veh_2,52.619915638836936,13.560773561981577,,,32.06594137639738,209.279538683758,true
133000000000,133,veh_3,52.62099731621992,13.561527867464939,,,32.823284362088884,206.20459453011895,true
133000000000,133,veh_4,52.62198544982989,13.56236933728541,,,33.19978551247157,208.05668737851292,true
133000000000,133,veh_5,52.623141087374044,13.563096354424454,,,33.24779618773144,193.5764515424072,true
133000000000,133,veh_6,52.62427936795288,13.563290154473012,,,33.0413101282157,187.14832257868892,true
133000000000,133,veh_7,52.625460603576016,13.563518725015964,,,33.3034825246036,187.91097810425234,true
133000000000,133,veh_8,52.62660762421304,13.563742468832345,,,32.22621814819984,187.9109781042538,true
133000000000,133,veh_9,52.62776853492469,13.564097567469343,,,32.0609854368912,190.8465233570806,true
133000000000,133,veh_10,52.62885225868642,13.564406357073816,,,32.94939707866404,191.0491508258282,true
133000000000,133,veh_11,52.63009154688348,13.564732682948833,,,33.2633824679954,189.36008626207274,true
134000000000,134,veh_0,52.61724906802713,13.560362987724261,,,32.786179757113565,186.29755969663836,true
134000000000,134,veh_1,52.618443295386065,13.56036964673933,,,33.02252076612319,184.1272483673034,true
134000000000,134,veh_2,52.61963487708892,13.560631887767324,,,32.6702579086367,198.21595230600158,true
134000000000,134,veh_3,52.62073210669359,13.561334588353082,,,32.30225642849226,204.42739902861982,true
134000000000,134,veh_4,52.62172892472026,13.562143712447533,,,32.39282687988132,209.4427559033588,true
134000000000,134,veh_5,52.622853074507084,13.562967577660178,,,33.232935917745344,197.35905646700897,true
134000000000,134,veh_6,52.62398837706163,13.563239841712914,,,32.53810734285042,187.14832257868892,true
134000000000,134,veh_7,52.6251713873586,13.563462310770037,,,32.38791110931896,187.91097810424347,true
134000000000,134,veh_8,52.62631714381382,13.563685805150326,,,32.52949641325511,187.91097810424347,true
134000000000,134,veh_9,52.6274962000918,13.563927857219168,,,32.52774577997159,212.19715355990675,true
134000000000,134,veh_10,52.62856228467757,13.564323115893561,,,32.75171014174819,191.0491508258282,true
134000000000,134,veh_11,52.629798106961594,13.564663022157692,,,32.98769272365141,189.36008626206416,true
135000000000,135,veh_0,52.61695242635669,13.560326743943204,,,33.09205047769472,185.11208072552822,true
135000000000,135,veh_1,52.618141935712025,13.56035031274392,,,33.30425214922987,181.08633718171674,true
135000000000,135,veh_2,52.61934375685334,13.560525774379473,,,32.79252514417283,191.38480440723868,true
135000000000,135,veh_3,52.62046064531797,13.561163364071179,,,32.376344747510736,202.09322059654838,true
135000000000,135,veh_4,52.62146811086123,13.561913574897371,,,32.957618861873634,209.02075855198467,true
135000000000,135,veh_5,52.62258011753928,13.562813807142005,,,32.1356163104251,202.1098663758045,true
135000000000,135,veh_6,52.6236955076602,13.563203247186843,,,32.72270099957939,182.6505261356969,true
135000000000,135,veh_7,52.62487449488116,13.563404399943513,,,33.24753384694457,187.9109781042538,true
135000000000,135,veh_8,52.626027633788226,13.563629331475537,,,32.4208249869477,187.91097810424347,true
135000000000,135,veh_9,52.62720661050514,13.563861879115823,,,32.51166558917146,189.03438941908115,true
135000000000,135,veh_10,52.62826826190683,13.564238713564848,,,33.20899842807091,191.0491508258282,true
135000000000,135,veh_11,52.62950690715621,13.564587913441587,,,32.79772360650357,190.49828346892053,true
136000000000,136,veh_0,52.61665788160616,13.560272068307444,,,32.997335295700466,189.3969987709504,true
136000000000,136,veh_1,52.61784354085827,13.560354153422846,,,33.17177917584311,180.10872051375733,true
136000000000,136,veh_2,52.619052991587196,13.560456537163432,,,32.60525935992598,186.95743832182603,true
136000000000,136,veh_3,52.62018597670985,13.560983524462848,,,32.91904802128673,201.51405013980917,true
136000000000,136,veh_4,52.62120846788788,13.561695063129047,,,32.47596772021614,208.26349583882364,true
136000000000,136,veh_5,52.622309533799545,13.562630348386284,,,32.59448765557725,206.25054030881904,true
136000000000,136,veh_6,52.62340248503137,13.56318058332174,,,32.724687497033734,187.33281040374555,true
136000000000,136,veh_7,52.62457829635953,13.563346625228238,,,33.1698169784341,187.91097810425234,true
136000000000,136,veh_8,52.62573940888346,13.563573109196193,,,32.27690659232437,187.91097810424347,true
136000000000,136,veh_9,52.62691112721572,13.563801673589259,,,33.11189900945872,187.91097810425234,true
136000000000,136,veh_10,52.62797408034418,13.564155339710545,,,33.21455346510746,190.8465233570806,true
136000000000,136,veh_11,52.6292121737646,13.564508094804625,,,33.235006156116725,190.49828346893077,true
137000000000,137,veh_0,52.61636315374376,13.56020183367729,,,33.12982221899554,189.3969987709504,true
137000000000,137,veh_1,52.61755142238148,13.560379738454923,,,32.7358707866352,166.60043957298907,true
137000000000,137,veh_2,52.61876337051145,13.560410244147498,,,32.283983834409156,186.05684965555466,true
137000000000,137,veh_3,52.61992400529447,13.560777783779418,,,32.24679894784465,216.48051807141917,true
137000000000,137,veh_4,52.620943284380495,13.561486352002106,,,32.737968993834215,206.20459453011895,true
137000000000,137,veh_5,52.62204452888251,13.56241861760656,,,32.80881938077044,208.05668737852216,true
137000000000,137,veh_6,52.62311412741491,13.563084891231798,,,32.759241680237466,195.64941906042975,true
137000000000,137,veh_7,52.6242911135316,13.563292185314488,,,32.148326998455445,187.14832257869926,true
137000000000,137,veh_8,52.625445254735816,13.563515731067532,,,32.940889635002236,187.91097810424205,true
137000000000,137,veh_9,52.62661665194118,13.56374422987259,,,32.9768674025964,187.9109781042538,true
137000000000,137,veh_10,52.62768094299475,13.56407294834203,,,33.08874509825371,190.84652335708256,true
137000000000,137,veh_11,52.62891774435207,13.564425155819315,,,33.23701584762428,191.0491508258282,true
138000000000,138,veh_0,52.61607538828018,13.560112348980248,,,32.603589008231644,193.74364691619493,true
138000000000,138,veh_1,52.61726417302234,13.560365225997005,,,32.42172458834946,186.29755969663725,true
138000000000,138,veh_2,52.618469253027115,13.560371869372734,,,32.735942986067386,184.1272483673034,true
138000000000,138,veh_3,52.61964509863061,13.560637045591351,,,32.45439554028678,198.21595230600158,true
138000000000,138,veh_4,52.62067442600713,13.561295305424183,,,32.61468182077631,203.35509483868356,true
138000000000,138,veh_5,52.62178467056665,13.562193033942354,,,32.72037558485288,209.4427559033537,true
138000000000,138,veh_6,52.62282779395437,13.562955495467586,,,33.0637456345791,197.35905646699902,true
138000000000,138,veh_7,52.623998251776996,13.563241549055533,,,32.74730423355475,187.14832257868892,true
138000000000,138,veh_8,52.62515489562342,13.563459093929078,,,32.51589811630081,187.91097810424205,true
138000000000,138,veh_9,52.626330327829876,13.563688376925764,,,32.06405396088492,187.9109781042538,true
138000000000,138,veh_10,52.62740879656116,13.563907943709706,,,32.453175144568085,189.0343894190692,true
138000000000,138,veh_11,52.62863004839008,13.564342568337915,,,32.49441311966628,191.04915082583844,true
139000000000,139,veh_0,52.61579299099952,13.559988097958541,,,32.535754572828296,197.19925219166262,true
139000000000,139,veh_1,52.616972486592466,13.560329030159044,,,32.54226711785421,185.11208072552822,true
139000000000,139,veh_2,52.618173900872975,13.560350259846327,,,32.634730918793935,181.3761549198826,true
139000000000,139,veh_3,52.61935319054508,13.560528574733146,,,32.918386014779095,191.38480440725095,true
139000000000,139,veh_4,52.620397631046224,13.561121249140886,,,32.99686129968148,203.27757243615704,true
139000000000,139,veh_5,52.62152332484315,13.561961807868228,,,33.04432789340615,209.4427559033588,true
139000000000,139,veh_6,52.62254723569883,13.562792148146421,,,33.14837987785693,202.98606077670843,true
139000000000,139,veh_7,52.623709165220646,13.563203744886874,,,32.30402534938883,183.43197266542762,true
139000000000,139,veh_8,52.6248595903465,13.56340149273605,,,33.06979081772268,187.91097810424205,true
139000000000,139,veh_9,52.626041216932634,13.563631981074426,,,32.37612872279249,187.9109781042538,true
139000000000,139,veh_10,52.62712218152785,13.563842844714397,,,32.17597967700101,188.87988030274087,true
139000000000,139,veh_11,52.62833701403813,13.564258449487436,,,33.097361196409906,191.0491508258282,true
140000000000,140,veh_0,52.61550962719697,13.559854245997485,,,32.79982570253313,197.10629478457298,true
140000000000,140,veh_1,52.61668617419711,13.560278810574292,,,32.05396170587744,189.3969987709504,true
140000000000,140,veh_2,52.61788550162305,13.560352907521155,,,32.05990723561961,180.10872051375733,true
140000000000,140,veh_3,52.61906391758832,13.56045836493363,,,32.45037472287193,186.95743832182478,true
140000000000,140,veh_4,52.62012032963966,13.560943473141,,,33.14156847462989,201.51405013979948,true
140000000000,140,veh_5,52.62125936271102,13.56173789524721,,,33.07183393204585,208.26349583883285,true
140000000000,140,veh_6,52.622275956980225,13.562604493841514,,,32.77876755075529,206.2505403088144,true
140000000000,140,veh_7,52.62342186202529,13.56318455171731,,,32.069531082380564,186.62830983178796,true
140000000000,140,veh_8,52.6245720927755,13.563345415202196,,,32.19544012539089,187.9109781042538,true
140000000000,140,veh_9,52.62574396592578,13.563573998105204,,,33.287696032221426,187.91097810424347,true
140000000000,140,veh_10,52.62683579998923,13.56378697932796,,,32.07049182299059,187.9109781042538,true
140000000000,140,veh_11,52.6280430989868,13.564174738762203,,,33.18921735244337,190.8465233570704,true
141000000000,141,veh_0,52.61522643034571,13.559707844978503,,,32.95617087725084,203.63214448432495,true
141000000000,141,veh_1,52.61640025871759,13.560210675865484,,,32.13923890499398,189.3969987709504,true
141000000000,141,veh_2,52.6175901734687,13.560361676356262,,,32.83406661240849,180.10872051374696,true
141000000000,141,veh_3,52.61877278110348,13.560411573207306,,,32.45452485268004,186.05684965555358,true
141000000000,141,veh_4,52.619855642514594,13.560743287288034,,,32.40588038188405,198.21595230599834,true
141000000000,141,veh_5,52.620995648192135,13.561526585831057,,,32.66849975345656,206.20459453012833,true
141000000000,141,veh_6,52.6220116246541,13.562391170788212,,,32.78883830853272,208.0566873785172,true
141000000000,141,veh_7,52.62313592469049,13.563094159285145,,,32.430706048007124,194.01722909881008,true
141000000000,141,veh_8,52.62428447019853,13.563291036664587,,,32.19646441726479,187.14832257868892,true
141000000000,141,veh_9,52.625451718281845,13.563516991848115,,,32.72738965220749,187.91097810424347,true
141000000000,141,veh_10,52.626542490849474,13.563729763278264,,,32.846276548430325,187.9109781042538,true
141000000000,141,veh_11,52.62774817405914,13.564091844710445,,,33.29052495606709,190.8465233570704,true
142000000000,142,veh_0,52.614970081241765,13.559522168685996,,,31.05871881867759,209.1110086678901,true
142000000000,142,veh_1,52.616108992436644,13.560124689311255,,,32.943984417682515,193.74364691619493,true
142000000000,142,veh_2,52.617301629702325,13.560370776370203,,,32.80490564663894,186.29755969663836,true
142000000000,142,veh_3,52.618482896467874,13.560373037598747,,,32.2681331045879,184.202735637214,true
142000000000,142,veh_4,52.61957282206886,13.56060057465036,,,32.909809674527494,198.21595230600158,true
142000000000,142,veh_5,52.620722317778586,13.561327666603233,,,33.28365337706171,204.42739902862417,true
142000000000,142,veh_6,52.62174877030389,13.562161270938518,,,33.1514892696822,209.4427559033588,true
142000000000,142,veh_7,52.62285098376608,13.562966578443524,,,32.88166204574052,197.35905646700587,true
142000000000,142,veh_8,52.623988050419186,13.563239785236302,,,33.1451564208325,187.14832257868892,true
142000000000,142,veh_9,52.62516103971027,13.563460292380636,,,32.55167287471238,187.91097810424347,true
142000000000,142,veh_10,52.62624956523258,13.563672622776531,,,32.80332360693254,187.91097810424347,true
142000000000,142,veh_11,52.627479895165365,13.563924142394201,,,32.05997583982069,196.31416885210407,true
143000000000,143,veh_0,52.61475392105645,13.559333489253794,,,27.11927734824829,209.18653204208442,true
143000000000,143,veh_1,52.61582785396226,13.560004581566455,,,32.33035970530007,197.19925219166413,true
143000000000,143,veh_2,52.61701217544479,13.560333553405817,,,32.30025442929007,185.1120807255386,true
143000000000,143,veh_3,52.61818708072048,13.560350238035486,,,32.68535769371781,182.23715359757682,true
143000000000,143,veh_4,52.61927817351328,13.560508112589167,,,32.94517508539837,190.03004322788723,true
143000000000,143,veh_5,52.620448771683634,13.561155428441806,,,32.616970485630446,202.560187371473,true
143000000000,143,veh_6,52.621494695449016,13.561936478152953,,,32.12499881176743,209.4427559033588,true
143000000000,143,veh_7,52.62257487829772,13.562810356094714,,,32.52160122401081,202.43189658833268,true
143000000000,143,veh_8,52.62369784243515,13.563203332269195,,,32.425843602670355,182.7840957798027,true
143000000000,143,veh_9,52.62486578168449,13.56340270038869,,,33.06449947929475,187.9109781042538,true
143000000000,143,veh_10,52.62596260780425,13.563616647190273,,,32.134971088119784,187.91097810424347,true
143000000000,143,veh_11,52.62719281995239,13.563858737192046,,,32.22938143792096,189.03438941908115,true
144000000000,144,veh_0,52.614547452591,13.559118261201666,,,27.15487026085146,215.9524280000994,true
144000000000,144,veh_1,52.61554178971408,13.559869327907053,,,33.11614430392626,197.19925219166262,true
144000000000,144,veh_2,52.61671442164003,13.560285542090575,,,33.30447795504704,189.3969987709487,true
144000000000,144,veh_3,52.6178942733746,13.560352647069351,,,32.54975323166698,180.10872051374696,true
144000000000,144,veh_4,52.618990557799975,13.560446092863376,,,32.19412009897176,186.95743832181446,true
144000000000,144,veh_5,52.62018142713859,13.560980748762272,,,32.03230684985872,201.51405013980917,true
144000000000,144,veh_6,52.621229590491495,13.561712839498238,,,33.175848488318735,208.26349583882856,true
144000000000,144,veh_7,52.622303572349644,13.56262575799676,,,32.69902700299397,206.25054030881904,true
144000000000,144,veh_8,52.62340353084678,13.563180917558855,,,32.86641140926629,187.20181664036429,true
144000000000,144,veh_9,52.624570888419086,13.563345180289215,,,33.02364763468038,187.91097810425234,true
144000000000,144,veh_10,52.62567094345994,13.563559754166752,,,32.66207179170567,187.9109781042538,true
144000000000,144,veh_11,52.626901913736226,13.563799876291288,,,32.595433561545796,187.91097810425234,true
145000000000,145,veh_0,52.614345629544545,13.558886733065538,,,27.251080892509783,216.59219049351802,true
145000000000,145,veh_1,52.61526303531406,13.559732740164007,,,32.28732861186843,203.63214448432495,true
145000000000,145,veh_2,52.616428091713715,13.56021730853272,,,32.18582662755623,189.3969987709504,true
145000000000,145,veh_3,52.617596715395365,13.560361482116146,,,33.081974680298,180.10872051375733,true
145000000000,145,veh_4,52.61870089506436,13.560401420741076,,,32.27835565993562,186.05684965555358,true
145000000000,145,veh_5,52.619916796634186,13.560774146217508,,,32.54534284139052,210.27982004257026,true
145000000000,145,veh_6,52.62097053060279,13.561507286672896,,,32.03148932039738,206.20459453011895,true
145000000000,145,veh_7,52.62204244903158,13.56241688271296,,,32.33556384106166,208.056687378508,true
145000000000,145,veh_8,52.62311552202262,13.563085484209232,,,32.717479964597146,195.64941906043254,true
145000000000,145,veh_9,52.624282837095606,13.563290754296814,,,32.24420527282171,187.14832257868892,true
145000000000,145,veh_10,52.62538276399506,13.563503541629512,,,32.27181313416921,187.91097810424347,true
145000000000,145,veh_11,52.626610272222095,13.563742985379788,,,32.65952811697032,187.91097810424205,true
146000000000,146,veh_0,52.61414639113114,13.55864206209213,,,27.603290762258695,220.2393242434215,true
146000000000,146,veh_1,52.61499985063796,13.559548136924288,,,31.713590162196198,207.64471553716507,true
146000000000,146,veh_2,52.616135076617866,13.560134268122408,,,33.09932877334766,193.7436469161937,true
146000000000,146,veh_3,52.61731005378282,13.56037202466121,,,32.59129257297143,186.29755969663725,true
146000000000,146,veh_4,52.618405349198916,13.560366397586096,,,32.878474323702974,184.1272483673034,true
146000000000,146,veh_5,52.61963250371401,13.560630690154785,,,33.08115538197569,198.21595230599834,true
146000000000,146,veh_6,52.620698296436736,13.561310681106779,,,33.1081045118114,204.42739902861464,true
146000000000,146,veh_7,52.621786417024445,13.562194579134383,,,32.23988568468019,209.4427559033588,true
146000000000,146,veh_8,52.62283396634358,13.56295844540158,,,32.508489873837675,197.35905646699902,true
146000000000,146,veh_9,52.62398978246103,13.56324008470704,,,32.76887164688203,187.14832257868892,true
146000000000,146,veh_10,52.625093641017614,13.5634471457631,,,32.377468555672095,187.91097810425234,true
146000000000,146,veh_11,52.62632120436227,13.563686597231934,,,32.371312999115325,187.91097810425234,true
147000000000,147,veh_0,52.61395708255348,13.558382688580245,,,27.355011292286218,222.50443773092118,true
147000000000,147,veh_1,52.6147829028847,13.559358804719556,,,27.213590162196198,209.17021223274267,true
147000000000,147,veh_2,52.61585038187029,13.56001523303353,,,32.695734110306944,197.1992521916725,true
147000000000,147,veh_3,52.61701432216177,13.560333798062404,,,33.00180397030897,185.1120807255386,true
147000000000,147,veh_4,52.61811162842628,13.56035036289749,,,32.45763138418086,181.0863371817169,true
147000000000,147,veh_5,52.61934099701263,13.560524955132012,,,32.82749473638367,191.38480440724075,true
147000000000,147,veh_6,52.620420453075205,13.561136501990626,,,33.109080043779684,203.27757243617077,true
147000000000,147,veh_7,52.6215311368535,13.561968719512379,,,32.277405660222286,209.4427559033537,true
147000000000,147,veh_8,52.62255316588933,13.562796054311159,,,33.15274983858224,202.98606077669882,true
147000000000,147,veh_9,52.6236981759692,13.563203344423627,,,32.58232775586191,182.8031777003452,true
147000000000,147,veh_10,52.624806289314954,13.563391096106526,,,32.17910823269747,187.9109781042538,true
147000000000,147,veh_11,52.62602512646956,13.563628842385068,,,33.15632861298043,187.91097810424205,true
148000000000,148,veh_0,52.61378647158133,13.558106821134876,,,26.558576043690557,225.68993794475963,true
148000000000,148,veh_1,52.6145718850137,13.55914616688285,,,27.494905611146244,215.95242800010246,true
148000000000,148,veh_2,52.61557007346182,13.5598827006281,,,32.449822762277904,197.1992521916725,true
148000000000,148,veh_3,52.61672476571352,13.56028800714056,,,32.38110281098168,189.3969987709504,true
148000000000,148,veh_4,52.61781349055472,13.560355045676424,,,33.14375654838048,180.10872051374696,true
148000000000,148,veh_5,52.619054269704115,13.560456750974828,,,32.15158559116069,186.95743832181574,true
148000000000,148,veh_6,52.62014607111958,13.560959178020212,,,32.827517512436025,201.51405013980917,true
148000000000,148,veh_7,52.62127457416716,13.56175069694189,,,32.1569391103182,208.26349583883285,true
148000000000,148,veh_8,52.62228317313138,13.562610050358888,,,32.60284141173586,206.25054030881904,true
148000000000,148,veh_9,52.623404162773014,13.56318111951917,,,32.83193268414587,187.12267161435574,true
148000000000,148,veh_10,52.62450915585634,13.563333139202399,,,33.274515010598115,187.91097810424205,true
148000000000,148,veh_11,52.62572781567993,13.56357084779534,,,33.29439058801625,187.91097810424347,true
149000000000,149,veh_0,52.61361847124928,13.557808514937337,,,27.360462015559897,228.4109449553501,true
149000000000,149,veh_1,52.61437541615166,13.558921769532159,,,26.52993612491526,215.95242800010246,true
149000000000,149,veh_2,52.615287504781584,13.559749381971686,,,32.628039281438106,202.75170164477007,true
149000000000,149,veh_3,52.61643335002182,13.560218561600601,,,32.75750841532834,189.3969987709504,true
149000000000,149,veh_4,52.617529878798244,13.560398526238838,,,32.135374607257546,155.16846875016734,true
149000000000,149,veh_5,52.61875737297805,13.560409397114926,,,33.094354269881734,186.0568496555443,true
149000000000,149,veh_6,52.61987652993804,13.560753827263458,,,33.03224658541847,198.21595230600158,true
149000000000,149,veh_7,52.62101055961445,13.56153804306852,,,32.73856822333298,206.20459453011895,true
149000000000,149,veh_8,52.6220213746215,13.562399303646485,,,32.458738983534275,208.05668737852216,true
149000000000,149,veh_9,52.62311576137712,13.563085585981092,,,32.76162433232646,195.64941906043254,true
149000000000,149,veh_10,52.62421590884084,13.563279182243427,,,32.814883570391686,187.14832257868892,true
149000000000,149,veh_11,52.62543413368394,13.563513561793755,,,32.88801551677287,187.9109781042538,true
150000000000,150,veh_0,52.613464395201675,13.557494278913763,,,27.24769697763957,233.2039846852452,true
150000000000,150,veh_1,52.61417632154844,13.558682574743566,,,27.32112306223251,217.4686345881197,true
150000000000,150,veh_2,52.61502404481357,13.559569241853207,,,31.612804991903197,204.31832834363365,true
150000000000,150,veh_3,52.61614771413814,13.560138908962998,,,32.249866216927764,193.74364691620383,true
150000000000,150,veh_4,52.61723284088679,13.560360583172589,,,33.180943250418636,186.29755969663725,true
150000000000,150,veh_5,52.61846513496877,13.560371516762185,,,32.52559443853795,184.1272483673034,true
150000000000,150,veh_6,52.619595916386174,13.56061222808947,,,32.65301062948536,198.21595230599164,true
150000000000,150,veh_7,52.62074690086125,13.561345049327546,,,32.13681310135405,204.4273990286103,true
150000000000,150,veh_8,52.62176047902376,13.562171630302284,,,32.8883297226578,209.4427559033446,true
150000000000,150,veh_9,52.622829346665675,13.562956237545773,,,33.07161916798912,197.35905646700897,true
150000000000,150,veh_10,52.62392477938496,13.563228845664266,,,32.553600658937356,187.14832257868892,true
150000000000,150,veh_11,52.62514019017777,13.563456225519719,,,32.91729667821899,187.91097810424205,true
151000000000,151,veh_0,52.61331878032652,13.55718215378765,,,26.551238843817266,235.7271466622537,true
151000000000,151,veh_1,52.61398322360739,13.55842120615717,,,27.75792893075384,220.63031880988152,true
151000000000,151,veh_2,52.61479293876937,13.559367609975173,,,28.986021052568645,209.1354488001649,true
151000000000,151,veh_3,52.615860657383145,13.560020091423866,,,32.946731341625565,197.1992521916741,true
151000000000,151,veh_4,52.61693578152809,13.5603248469744,,,33.13563823657576,185.1120807255386,true
151000000000,151,veh_5,52.6181695845842,13.560350266989175,,,32.65703980540391,181.10818743737764,true
151000000000,151,veh_6,52.619308800785376,13.560515980428239,,,32.19332976378035,190.94116569042146,true
151000000000,151,veh_7,52.6204742572718,13.561172346605474,,,32.53625554851722,201.64150326054377,true
151000000000,151,veh_8,52.62150323229049,13.561944031077413,,,32.526050432976334,209.4427559033588,true
151000000000,151,veh_9,52.62254820080563,13.562792783853771,,,33.212647939352316,202.98606077669882,true
151000000000,151,veh_10,52.62363262842899,13.563200955785316,,,32.622496550455686,182.41227707861347,true
151000000000,151,veh_11,52.624843317371386,13.563398318609288,,,33.24533054264728,187.91097810424205,true
152000000000,152,veh_0,52.6131890100596,13.55684525807127,,,26.90789388811216,238.82043378632906,true
152000000000,152,veh_1,52.61381127220119,13.55814692201467,,,26.597533414904028,225.68993794474864,true
152000000000,152,veh_2,52.61458441418158,13.559160477184019,,,27.064945229720326,215.952428000091,true
152000000000,152,veh_3,52.615574374555024,13.55988473421162,,,33.14145020399708,197.1992521916741,true
152000000000,152,veh_4,52.61664918351933,13.560269995511266,,,32.11898305606562,189.3969987709487,true
152000000000,152,veh_5,52.617877429810264,13.560353147190177,,,32.47751790075097,180.10872051374696,true
152000000000,152,veh_6,52.6190124611462,13.560449756983873,,,33.19069714236073,186.95743832182603,true
152000000000,152,veh_7,52.62020540411484,13.560995377159994,,,32.245083393338135,201.51405013980917,true
152000000000,152,veh_8,52.62124441287206,13.561725313734636,,,32.401266031102274,208.26349583882364,true
152000000000,152,veh_9,52.62227813838785,13.562606173549652,,,32.6263297357317,206.2505403088144,true
152000000000,152,veh_10,52.623344493451825,13.563162239681576,,,32.28806073052809,192.00315622348188,true
152000000000,152,veh_11,52.62454784343562,13.563340685305215,,,33.08867373603396,187.91097810424347,true
153000000000,153,veh_0,52.613062046807144,13.556497339037346,,,27.403185387719425,244.53449045093973,true
153000000000,153,veh_1,52.61363955803204,13.557846010709032,,,27.775727993734183,228.41094495535398,true
153000000000,153,veh_2,52.61438290519448,13.558930323113787,,,27.21052628312726,215.95242800009402,true
153000000000,153,veh_3,52.61529100318353,13.559751761254036,,,32.706544286170974,202.09759760112638,true
153000000000,153,veh_4,52.61636012902953,13.560201112882586,,,32.49208862781059,189.3969987709504,true
153000000000,153,veh_5,52.6175795080508,13.560363359746356,,,33.13336758601479,179.0474479138956,true
153000000000,153,veh_6,52.61871706709439,13.560403704714362,,,32.9201527330745,186.05684965555358,true
153000000000,153,veh_7,52.61994374524286,13.560792209664248,,,32.24680777913425,228.18241761344848,true
153000000000,153,veh_8,52.620980475915495,13.56151492817414,,,32.66321241585072,206.20459453011895,true
153000000000,153,veh_9,52.62201698016519,13.562395638044984,,,32.388394607668744,208.056687378508,true
153000000000,153,veh_10,52.6230603106089,13.563062008731798,,,32.37326310597825,195.64941906043254,true
153000000000,153,veh_11,52.624250200788325,13.563285111397967,,,33.31284763277043,187.14832257868892,true
154000000000,154,veh_0,52.612949956087846,13.55612981033455,,,27.744660129556433,244.53449045094422,true
154000000000,154,veh_1,52.61348453663343,13.557536719510635,,,27.060994721804747,233.203984685239,true
154000000000,154,veh_2,52.614180424824525,13.55868761326766,,,27.76392890139949,217.4106650401942,true
154000000000,154,veh_3,52.61502027550904,13.559565953832681,,,32.504945307993786,204.83621702623273,true
154000000000,154,veh_4,52.616072044318535,13.560111120990529,,,32.64476151579991,193.74364691620383,true
154000000000,154,veh_5,52.61729043335159,13.560369117281354,,,32.858778117685574,186.29755969663725,true
154000000000,154,veh_6,52.61841761595666,13.560367447930222,,,33.316506824055686,184.12724836730263,true
154000000000,154,veh_7,52.61966071351074,13.560644924916716,,,32.944464986696836,198.21595230600158,true
154000000000,154,veh_8,52.620714785454986,13.561322340493284,,,32.33192509368062,204.42739902862417,true
154000000000,154,veh_9,52.621760813740174,13.562171926444835,,,32.29736126861069,209.44275590334973,true
154000000000,154,veh_10,52.6227826430605,13.562932529400651,,,32.13862793726847,198.39369491977254,true
154000000000,154,veh_11,52.62395474356075,13.563234026471353,,,33.03752511080354,187.14832257868892,true
155000000000,155,veh_0,52.61283933859349,13.555767117602425,,,27.379733945261687,244.53449045094445,true
155000000000,155,veh_1,52.61333386107143,13.557219228363214,,,27.171072902898306,233.203984685239,true
155000000000,155,veh_2,52.61399272744964,13.558434070053933,,,26.96021560262423,220.63031880988152,true
155000000000,155,veh_3,52.614796978694976,13.559371169832678,,,28.004945307993786,209.1110086678926,true
155000000000,155,veh_4,52.61579397657645,13.559988563950226,,,32.04048442849424,197.1992521916725,true
155000000000,155,veh_5,52.61700276729378,13.560332481179907,,,32.09878722582478,185.1120807255386,true
155000000000,155,veh_6,52.61811723372118,13.560350353621685,,,33.19730579005088,181.0863371817169,true
155000000000,155,veh_7,52.61937431031341,13.560534844056248,,,32.354351926147935,191.38480440725095,true
155000000000,155,veh_8,52.62044280428039,13.561151440186926,,,32.4212563877413,202.79487247774017,true
155000000000,155,veh_9,52.621499485936184,13.561940716510229,,,33.04205705518368,209.4427559033588,true
155000000000,155,veh_10,52.62250204094785,13.562762378795327,,,33.30550035910681,202.98606077669882,true
155000000000,155,veh_11,52.62365855113867,13.563201900442214,,,33.08259766259696,182.41227707861347,true
156000000000,156,veh_0,52.61275446464514,13.555390660635794,,,27.144038074715063,252.71920084963983,true
156000000000,156,veh_1,52.61320514601229,13.55688714826655,,,26.574356687995607,238.82043378632906,true
156000000000,156,veh_2,52.61381943202019,13.558160115889871,,,26.693497038930655,225.68993794474864,true
156000000000,156,veh_3,52.61458845203089,13.55916508905186,,,27.028043567338027,215.95242800009402,true
156000000000,156,veh_4,52.615508852806045,13.559853912590324,,,33.002596668521875,197.08190476678163,true
156000000000,156,veh_5,52.616714777243594,13.560285626832856,,,32.21538893770892,189.3969987709487,true
156000000000,156,veh_6,52.617823585503004,13.560354745937412,,,32.64450335683767,180.10872051375742,true
156000000000,156,veh_7,52.61908845811507,13.560462470230469,,,32.0947221714491,187.66399904701004,true
156000000000,156,veh_8,52.6201704587397,13.560974056927373,,,32.61765662510413,201.51405013980917,true
156000000000,156,veh_9,52.62123709445079,13.561719154687918,,,32.84296335530933,208.26349583882856,true
156000000000,156,veh_10,52.62223747867965,13.562574865152124,,,32.08886671014596,206.25054030881904,true
156000000000,156,veh_11,52.62336554029555,13.563168834890707,,,32.79320221626665,191.91303538648594,true
157000000000,157,veh_0,52.61267562813019,13.555001979572898,,,27.651081607509404,252.71920084963983,true
157000000000,157,veh_1,52.6130774090552,13.556547709987004,,,26.946487442702058,242.06232728349192,true
157000000000,157,veh_2,52.61365138223817,13.557867036119248,,,27.11398241004907,228.41094495535398,true
157000000000,157,veh_3,52.61439234063477,13.55894109977094,,,26.481670935261064,215.95242800010246,true
157000000000,157,veh_4,52.615232458899555,13.55971194501904,,,32.14475544872228,203.63214448432495,true
157000000000,157,veh_5,52.61642055270927,13.560215511969748,,,33.07324509748258,189.3969987709487,true
157000000000,157,veh_6,52.61753595144546,13.560394811390786,,,32.52014473953284,156.50052039374006,true
157000000000,157,veh_7,52.61879533394416,13.560414758351722,,,32.679893875001,186.05684965555358,true
157000000000,157,veh_8,52.61990314848527,13.560767259228738,,,32.83094694762956,202.11265228373108,true
157000000000,157,veh_9,52.62097555631185,13.561511148186195,,,32.352434316808356,206.2045945301237,true
157000000000,157,veh_10,52.62197244232245,13.562358487196622,,,32.95006950371433,208.0566873785172,true
157000000000,157,veh_11,52.623080013035555,13.563070386048405,,,32.49291585452855,195.64941906043254,true
158000000000,158,veh_0,52.61260482561239,13.5546158165964,,,27.257113970881328,259.779816608903,true
158000000000,158,veh_1,52.61296894004916,13.556192055510563,,,26.848256222759375,244.53449045094422,true
158000000000,158,veh_2,52.61349189158188,13.55755221735414,,,27.666647547385658,233.203984685239,true
158000000000,158,veh_3,52.61419631678766,13.558706767629083,,,26.851285787317902,217.4106650401891,true
158000000000,158,veh_4,52.61496832189928,13.5595206339895,,,32.00210773499683,209.1110086678926,true
158000000000,158,veh_5,52.61613474331183,13.560134145723417,,,32.289876307402736,193.7436469161937,true
158000000000,158,veh_6,52.617245991807074,13.560362531887186,,,32.44961146995891,186.29755969663836,true
158000000000,158,veh_7,52.618502132108006,13.56037468466056,,,32.642484278623016,185.02743799328852,true
158000000000,158,veh_8,52.61961745597866,13.560623097022688,,,33.244014324848536,198.21595230599164,true
158000000000,158,veh_9,52.62070451603148,13.561315078981751,,,32.97194948573131,204.42739902861982,true
158000000000,158,veh_10,52.62170990031886,13.562126880519031,,,33.174271947699594,209.4427559033588,true
158000000000,158,veh_11,52.62279852655442,13.562941507881305,,,32.53407945513725,197.35905646699902,true
159000000000,159,veh_0,52.61255706854424,13.554225622829048,,,26.86230834393762,259.779816608903,true
159000000000,159,veh_1,52.61285808752734,13.55582859123868,,,27.43795380952768,244.53449045094894,true
159000000000,159,veh_2,52.613340978995105,13.557234226577346,,,27.213822466852143,233.203984685239,true
159000000000,159,veh_3,52.61400274053738,13.558447623246433,,,27.70757609409746,220.63031880988152,true
159000000000,159,veh_4,52.61474726612155,13.559327676210511,,,27.734286421043798,209.14339878095672,true
159000000000,159,veh_5,52.615845635890565,13.560012989076048,,,33.20715798998251,197.19925219166262,true
159000000000,159,veh_6,52.61694824376139,13.560326267263324,,,33.214857269097116,185.1120807255386,true
159000000000,159,veh_7,52.6182060418263,13.560350206657297,,,32.71459716404323,183.47434912724336,true
159000000000,159,veh_8,52.61932804823153,13.560521111340524,,,32.53633257629815,191.38480440724075,true
159000000000,159,veh_9,52.620433571960426,13.561145269859608,,,32.286202526949346,203.1579347093263,true
159000000000,159,veh_10,52.62145340957406,13.561901202429475,,,32.39101732694078,208.58705425479516,true
159000000000,159,veh_11,52.62251795031915,13.562772858138878,,,33.2675553793041,202.98606077669882,true
160000000000,160,veh_0,52.61250901383429,13.55383298211298,,,27.03077432303224,259.7838622656428,true
160000000000,160,veh_1,52.61276670257562,13.555450996965932,,,27.49233705279883,252.71920084963983,true
160000000000,160,veh_2,52.61320942248585,13.556898250337932,,,26.971191168501974,238.82043378632906,true
160000000000,160,veh_3,52.61382301573731,13.558165910520255,,,27.575014274795542,225.68993794475588,true
160000000000,160,veh_4,52.61453760848119,13.559107017686117,,,27.64850028000772,215.95242800010246,true
160000000000,160,veh_5,52.61556114705872,13.559878480170697,,,32.93376785146072,197.19925219166413,true
160000000000,160,veh_6,52.61665822442808,13.560272150003584,,,32.49239217573311,189.3969987709487,true
160000000000,160,veh_7,52.617908120243754,13.560352235926322,,,33.118002143078485,180.10872051374696,true
160000000000,160,veh_8,52.61903804557573,13.56045403690202,,,32.501011542528865,186.95743832181574,true
160000000000,160,veh_9,52.62015518374246,13.560964737636915,,,33.32203960171435,201.51405013980917,true
160000000000,160,veh_10,52.621196356702626,13.561684870601574,,,32.151996990265324,208.26349583882856,true
160000000000,160,veh_11,52.62225187280151,13.562585948768138,,,32.22733713800088,206.25054030881904,true
161000000000,161,veh_0,52.61248816480749,13.553438459529012,,,26.727604285995476,266.18751397884915,true
161000000000,161,veh_1,52.61269085959577,13.555077073393925,,,26.601204993966967,252.71920084963983,true
161000000000,161,veh_2,52.61308101367862,13.55655952912554,,,26.940991726676003,241.04187277059393,true
161000000000,161,veh_3,52.61365115883287,13.557866638867225,,,27.708352220286617,228.41094495535398,true
161000000000,161,veh_4,52.61434127729881,13.558881487317782,,,26.5206655669678,216.76536502868635,true
161000000000,161,veh_5,52.61527874222622,13.559743422511518,,,32.645185435558666,203.63214448432288,true
161000000000,161,veh_6,52.616369006073164,13.560203228297924,,,32.510508574005215,189.3969987709504,true
161000000000,161,veh_7,52.61761121894659,13.56036105148257,,,33.00896600330714,180.10872051375733,true
161000000000,161,veh_8,52.61873915495896,13.560406824182596,,,33.31371051547583,186.05684965555358,true
161000000000,161,veh_9,52.619892566533466,13.560761919475915,,,32.24833605261054,199.10826787449454,true
161000000000,161,veh_10,52.620933658077966,13.5614789556267,,,32.40615486860741,206.20459453011895,true
161000000000,161,veh_11,52.62198662053552,13.562370313818741,,,32.9495929727517,208.0566873785172,true
162000000000,162,veh_0,52.61247047045076,13.55303669229736,,,27.197008263524623,269.85525307548187,true
162000000000,162,veh_1,52.6126139662134,13.554690500143295,,,27.457885688422248,254.5506038931385,true
162000000000,162,veh_2,52.612973925431575,13.556208401757056,,,26.506500884606503,244.53449045094894,true
162000000000,162,veh_3,52.61349820325487,13.557565516886562,,,26.491968172620982,233.203984685239,true
162000000000,162,veh_4,52.614143143661884,13.558637666448181,,,27.471243437840606,220.53983455000474,true
162000000000,162,veh_5,52.61501952896071,13.559565302607513,,,31.128656256636607,204.93882250755064,true
162000000000,162,veh_6,52.61608099265073,13.560114407051355,,,32.62260162243154,193.74364691619493,true
162000000000,162,veh_7,52.61732186193711,13.56037377440935,,,32.884852680163455,186.29755969663836,true
162000000000,162,veh_8,52.618445717849006,13.56036985416359,,,32.65409679123666,184.1272483673034,true
162000000000,162,veh_9,52.61961290751417,13.560620801855006,,,32.54193959405646,198.21595230600158,true
162000000000,162,veh_10,52.62066437228439,13.561289129636922,,,32.626544071193784,202.6891945698544,true
162000000000,162,veh_11,52.62172821360045,13.562143083280628,,,32.62890268414747,209.4427559033588,true
163000000000,163,veh_0,52.612461291421695,13.552632703788927,,,27.319553060405887,267.22346444163395,true
163000000000,163,veh_1,52.61256555999798,13.554295000471019,,,27.227574214311318,259.7798166089063,true
163000000000,163,veh_2,52.61286537942697,13.555852499818306,,,26.86706495151855,244.53449045093973,true
163000000000,163,veh_3,52.613346836417705,13.557246568789711,,,27.29574284306262,233.203984685239,true
163000000000,163,veh_4,52.613957508539436,13.558383377377275,,,26.821873173532076,222.43730084702563,true
163000000000,163,veh_5,52.61479396388135,13.559368537260422,,,28.289549224361362,209.11287577826923,true
163000000000,163,veh_6,52.61579591892552,13.559989482314448,,,32.8356410233723,197.19925219166413,true
163000000000,163,veh_7,52.61702850183454,13.560335414088911,,,32.739527801652436,185.1120807255386,true
163000000000,163,veh_8,52.61815101640472,13.560350297716777,,,32.56396133224014,181.0863371817169,true
163000000000,163,veh_9,52.61932296497009,13.560519619068884,,,32.57995611617341,191.37210955639765,true
163000000000,163,veh_10,52.62039542650126,13.561119775758634,,,32.06690601461567,203.27757243617077,true
163000000000,163,veh_11,52.621470228396205,13.561915356996066,,,32.602845393791796,209.0832277737724,true
164000000000,164,veh_0,52.61245783029643,13.552233829698313,,,27.042793259299362,274.1083277912563,true
164000000000,164,veh_1,52.61251714724414,13.553899459018947,,,27.230512239406817,259.77981660890117,true
164000000000,164,veh_2,52.612774471559575,13.555489300268485,,,26.572281822557564,252.71920084964296,true
164000000000,164,veh_3,52.61321153786927,13.556903742046241,,,27.588823718177157,238.8204337863281,true
164000000000,164,veh_4,52.61378719980524,13.55810799862141,,,26.511527760764587,225.68993794475588,true
164000000000,164,veh_5,52.614581949355376,13.559157661959913,,,27.527892652847804,215.95242800010246,true
164000000000,164,veh_6,52.61551027285875,13.559854523981457,,,33.064841200290246,197.1266330798571,true
164000000000,164,veh_7,52.616730583522816,13.560289393557222,,,33.308328812890686,189.3969987709487,true
164000000000,164,veh_8,52.61785719458949,13.56035374801574,,,32.6631925019389,180.10872051374696,true
164000000000,164,veh_9,52.61902956187304,13.560452617696386,,,32.87419031527359,186.95743832181446,true
164000000000,164,veh_10,52.620116922214855,13.560941394272279,,,33.28126124594826,201.51405013980917,true
164000000000,164,veh_11,52.621212687833136,13.561698614550728,,,32.21300026138313,208.26349583883285,true
165000000000,165,veh_0,52.61247966543312,13.551839951326826,,,26.766709565948695,276.35421869678913,true
165000000000,165,veh_1,52.612491926298624,13.553509635720914,,,26.482116789016874,266.18751397884915,true
165000000000,165,veh_2,52.61269849151042,13.55511470019149,,,26.64932257029694,252.71920084964296,true
165000000000,165,veh_3,52.61308330388276,13.556567038440063,,,26.81274138006382,240.39369349471352,true
165000000000,165,veh_4,52.613617241508045,13.557806328256682,,,27.674750392856076,228.41094495535398,true
165000000000,165,veh_5,52.61438515921978,13.558932897540853,,,26.573321755412035,215.95242800009402,true
165000000000,165,veh_6,52.615225854162716,13.559707453114498,,,33.09918225360568,203.63214448432495,true
165000000000,165,veh_7,52.61643964003116,13.560220060525834,,,32.70442937709856,189.3969987709504,true
165000000000,165,veh_8,52.617558674439806,13.560372246846185,,,33.300093821641056,172.5328851045951,true
165000000000,165,veh_9,52.618730996703164,13.560405671992111,,,33.276076134825125,186.05684965555466,true
165000000000,165,veh_10,52.61984840257357,13.560739633953279,,,32.84369795291684,198.21595230599834,true
165000000000,165,veh_11,52.62095172194427,13.561492835012306,,,32.22884532231372,206.20459453012833,true
166000000000,166,veh_0,52.612501490127386,13.551446237290948,,,26.75551693050191,276.35421869679317,true
166000000000,166,veh_1,52.61247135853944,13.553101256826888,,,27.660204223422333,267.4726068607608,true
166000000000,166,veh_2,52.61262043898951,13.5547298897374,,,27.375793831674383,252.71920084964296,true
166000000000,166,veh_3,52.61297410905187,13.556209003817933,,,27.027925876337104,244.53449045094422,true
166000000000,166,veh_4,52.61346211550051,13.557489475293561,,,27.457864687284456,233.203984685239,true
166000000000,166,veh_5,52.61418833663392,13.558697149258926,,,26.97962774391752,217.4106650401942,true
166000000000,166,veh_6,52.614968117407166,13.559520455608496,,,31.235938467243688,209.1110086678901,true
166000000000,166,veh_7,52.616154423754516,13.560141372917409,,,32.19209164282773,193.74364691619493,true
166000000000,166,veh_8,52.61726799948031,13.560365793005465,,,32.94810085740872,186.29755969663836,true
166000000000,166,veh_9,52.61844134997627,13.560369480162933,,,32.230899696326816,184.1272483673034,true
166000000000,166,veh_10,52.61957216260499,13.560600241883748,,,32.144085940900254,198.21595230599834,true
166000000000,166,veh_11,52.62067847943628,13.561297795360026,,,33.16987453118898,203.6235560977755,true
167000000000,167,veh_0,52.61252391984215,13.551041583741167,,,27.498904525740073,276.35421869678913,true
167000000000,167,veh_1,52.612464415201345,13.552707643307016,,,26.593428593543358,267.9077764772285,true
167000000000,167,veh_2,52.61257112683563,13.554340483344992,,,26.855266543542967,259.77981660890117,true
167000000000,167,veh_3,52.612866539839146,13.55585630456388,,,26.62529321275186,244.53449045094894,true
167000000000,167,veh_4,52.61331175196655,13.557163907395342,,,27.59748035484925,237.365216720232,true
167000000000,167,veh_5,52.61400305607712,13.558448050344657,,,26.56414235797245,220.63031880988152,true
167000000000,167,veh_6,52.614748458400584,13.559328717658516,,,27.55892570279073,209.1433987809542,true
167000000000,167,veh_7,52.61587425801296,13.560026521974454,,,32.137080887653866,197.1992521916741,true
167000000000,167,veh_8,52.61697761956252,13.560329615151353,,,32.39728098650929,185.1120807255386,true
167000000000,167,veh_9,52.61814811639795,13.560350302515843,,,32.401083270898084,181.0863371817169,true
167000000000,167,veh_10,52.619277961586654,13.56050805814738,,,32.89223542306107,190.03004322788723,true
167000000000,167,veh_11,52.62040747889316,13.561127830837988,,,32.29506846854463,203.27757243617077,true
168000000000,168,veh_0,52.61254627055328,13.550638330239652,,,27.403735746229067,276.3542186967943,true
168000000000,168,veh_1,52.61245550449844,13.552307817845625,,,27.111976831960494,273.55248526793844,true
168000000000,168,veh_2,52.61252217636609,13.553940547364602,,,27.533040718683043,259.779816608903,true
168000000000,168,veh_3,52.61277223485216,13.555478272656519,,,27.644014085684905,252.71920084963983,true
168000000000,168,veh_4,52.613183114329495,13.55682995231196,,,26.67303314150311,238.82043378632906,true
168000000000,168,veh_5,52.613824354011975,13.558168074421072,,,27.412047623605467,225.68993794475236,true
168000000000,168,veh_6,52.61454353427835,13.559113785874043,,,26.99803099368699,215.95242800010246,true
168000000000,168,veh_7,52.615589573014454,13.55989192014069,,,32.95647881493903,197.1992521916741,true
168000000000,168,veh_8,52.616688307030344,13.560279318839532,,,32.3865985500114,189.3969987709504,true
168000000000,168,veh_9,52.61784843049307,13.560354008239663,,,33.315204182961025,180.10872051375742,true
168000000000,168,veh_10,52.61898854469174,13.560445756098975,,,32.394817887870595,186.95743832181446,true
168000000000,168,veh_11,52.62013530714595,13.56095261091657,,,32.546489960136824,201.51405013980917,true
169000000000,169,veh_0,52.61257626252035,13.550231531556749,,,27.736739628105425,278.72341132746544,true
169000000000,169,veh_1,52.61247550237062,13.551915049587643,,,26.678974054772407,276.3542186967943,true
169000000000,169,veh_2,52.612493151197754,13.553532813848395,,,27.740548648331316,266.18751397884984,true
169000000000,169,veh_3,52.612694157824116,13.555093334281073,,,27.384800823284316,252.71920084963983,true
169000000000,169,veh_4,52.61305566490853,13.556476413596098,,,27.760362163973042,244.53449045094422,true
169000000000,169,veh_5,52.61365849189694,13.557879678286737,,,26.718524924544617,228.4109449553501,true
169000000000,169,veh_6,52.61434386008962,13.558884600347056,,,26.965454546567052,216.6625933043152,true
169000000000,169,veh_7,52.61531101741573,13.559765373050933,,,32.06656125199049,198.34878028235406,true
169000000000,169,veh_8,52.61639516137114,13.560209461156944,,,32.95197022261098,189.3969987709504,true
169000000000,169,veh_9,52.61755762977434,13.560373326019274,,,32.46310904686805,171.68609496604154,true
169000000000,169,veh_10,52.61869931981695,13.560401198269215,,,32.22926780979149,186.05684965555358,true
169000000000,169,veh_11,52.619872743816174,13.560751916752691,,,32.19455235967878,198.21595230600158,true
170000000000,170,veh_0,52.61260916118754,13.549824915207779,,,27.760410694144667,278.7234113274603,true
170000000000,170,veh_1,52.612497746868925,13.551513766789544,,,27.269869830850514,276.354218696788,true
170000000000,170,veh_2,52.61247236144499,13.55313943199269,,,26.650344227948228,266.18751397884984,true
170000000000,170,veh_3,52.612616000606955,13.554707122271438,,,27.470375596634113,252.9358311449721,true
170000000000,170,veh_4,52.61294411150573,13.556110646977519,,,27.611648543756456,244.53449045094445,true
170000000000,170,veh_5,52.613498285968035,13.55756569117425,,,27.675205486821945,233.203984685239,true
170000000000,170,veh_6,52.61414581845654,13.558641286942741,,,27.442134421314115,220.2923230418295,true
170000000000,170,veh_7,52.615037571230346,13.559579401846056,,,32.782376270480455,203.63214448432495,true
170000000000,170,veh_8,52.616110216967925,13.560125138991737,,,32.23141782972496,193.74364691619493,true
170000000000,170,veh_9,52.61727446844829,13.560366751583976,,,32.088153270767066,186.29755969663725,true
170000000000,170,veh_10,52.61840009664411,13.560365947834967,,,33.28659285017755,184.12724836730263,true
170000000000,170,veh_11,52.61959191247782,13.560610207708331,,,32.678352626850824,198.21595230599164,true
171000000000,171,veh_0,52.612640684039135,13.549435286684623,,,26.60058470551856,278.72341132745873,true
171000000000,171,veh_1,52.61252002174839,13.551111910910732,,,27.308788595856168,276.35421869679317,true
171000000000,171,veh_2,52.61246536060903,13.552733953705529,,,27.389475201531315,268.6523253653951,true
171000000000,171,veh_3,52.61256805904597,13.554315418486786,,,26.96624923278112,259.7798166089081,true
171000000000,171,veh_4,52.61283639215334,13.555757456886546,,,26.66238339109812,244.53449045094422,true
171000000000,171,veh_5,52.61334489489541,13.557242477795103,,,27.6607690796908,233.203984685239,true
171000000000,171,veh_6,52.61396022301452,13.55838776654221,,,26.78382043728605,222.00954438008927,true
171000000000,171,veh_7,52.614794565271495,13.559369064591948,,,30.429623448909258,209.1110086678901,true
171000000000,171,veh_8,52.61582625409013,13.560003825128007,,,32.65515167980455,197.19925219166262,true
171000000000,171,veh_9,52.61697838595949,13.560329702495793,,,33.034374433448534,185.11208072552822,true
171000000000,171,veh_10,52.6181067211632,13.56035037101816,,,32.419597622631116,181.08633718170648,true
171000000000,171,veh_11,52.61929579908303,13.560512640419972,,,33.18739741516299,190.54556577937066,true
172000000000,172,veh_0,52.612674539370225,13.54902805627284,,,27.77896937243175,279.86394619065334,true
172000000000,172,veh_1,52.6125421984153,13.550711801990655,,,27.19004531425424,276.35421869679317,true
172000000000,172,veh_2,52.61245500417843,13.552327411040014,,,27.56859896445647,273.55248526793844,true
172000000000,172,veh_3,52.61252027655151,13.553925025706253,,,26.876055420138876,259.779816608903,true
172000000000,172,veh_4,52.6127533590693,13.555385209854895,,,26.802519355919213,252.71920084964475,true
172000000000,172,veh_5,52.61321343625925,13.556908670422905,,,26.84508238615934,238.82043378632906,true
172000000000,172,veh_6,52.61378650847467,13.558106880788793,,,27.04170146558434,225.68993794475588,true
172000000000,172,veh_7,52.614589570869946,13.55916636694469,,,26.574281106116253,215.9524280000994,true
172000000000,172,veh_8,52.61554268433795,13.559869750890176,,,32.827369678760874,197.1992521916725,true
172000000000,172,veh_9,52.616682351318595,13.560277899562603,,,33.1415313391434,189.3969987709487,true
172000000000,172,veh_10,52.61781392978178,13.560355032634906,,,32.54943189979065,180.10872051374696,true
172000000000,172,veh_11,52.619007826285994,13.560448981636926,,,32.24758762768004,186.95743832181574,true
173000000000,173,veh_0,52.612716555444514,13.548630929936785,,,27.265238019982355,281.16243108301023,true
173000000000,173,veh_1,52.6125694783248,13.550315379683518,,,27.005164365023376,278.72341132745873,true
173000000000,173,veh_2,52.612475107921306,13.551922165087099,,,27.522861125105994,276.35421869679317,true
173000000000,173,veh_3,52.61249317207558,13.553533208909586,,,26.645216123848222,266.18751397884984,true
173000000000,173,veh_4,52.612674463929416,13.554996239868771,,,27.671637290478685,252.71920084963983,true
173000000000,173,veh_5,52.61308130701688,13.556560490947657,,,27.700639067539015,240.95883888210622,true
173000000000,173,veh_6,52.61361879801987,13.557809095988796,,,27.312813944388182,228.41094495536086,true
173000000000,173,veh_7,52.61438446117437,13.5589321002707,,,27.69674467374105,215.95242800010246,true
173000000000,173,veh_8,52.61526452444579,13.559733752929404,,,32.21236831037793,203.63214448432495,true
173000000000,173,veh_9,52.61638668195113,13.560207440493661,,,33.23565554087516,189.3969987709504,true
173000000000,173,veh_10,52.617528482624095,13.560398746719102,,,32.34037220719736,155.34958767112397,true
173000000000,173,veh_11,52.61870899471187,13.560402564652836,,,33.30216648175381,186.05684965555358,true
174000000000,174,veh_0,52.612759618256185,13.54823008529765,,,27.563739981474356,281.16243108301535,true
174000000000,174,veh_1,52.61260121157968,13.549923171299413,,,26.776762283705175,278.7234113274603,true
174000000000,174,veh_2,52.612496888099336,13.551529259149016,,,26.700606466173195,276.35421869679317,true
174000000000,174,veh_3,52.61247201746524,13.553132923448882,,,27.118041277951562,266.18751397884984,true
174000000000,174,veh_4,52.61260424516753,13.554611074068637,,,27.175277968188748,259.779816608903,true
174000000000,174,veh_5,52.612972104253934,13.556202430414704,,,27.029884362891316,244.53449045094422,true
174000000000,174,veh_6,52.61346402265678,13.557493493914249,,,27.36826866610907,233.203984685239,true
174000000000,174,veh_7,52.61418952603336,13.55869858282552,,,26.721705917101353,217.41066504019736,true
174000000000,174,veh_8,52.61499797402092,13.559546499925231,,,32.127473842115144,207.90265566230912,true
174000000000,174,veh_9,52.61609966452845,13.560121263855875,,,32.481124599180184,193.74364691619493,true
174000000000,174,veh_10,52.617232497418094,13.560360532277118,,,33.06314209976233,186.29755969663725,true
174000000000,174,veh_11,52.61841908731719,13.560367573915862,,,32.25416970613412,184.1272483673034,true
175000000000,175,veh_0,52.612802939278176,13.547826823574415,,,27.729895889894106,281.16243108301535,true
175000000000,175,veh_1,52.61263348450997,13.549524275700955,,,27.233272279677912,278.72341132745873,true
175000000000,175,veh_2,52.61251864741002,13.55113670575188,,,26.676624159906062,276.35421869678913,true
175000000000,175,veh_3,52.6124651183996,13.552727213078073,,,27.405610726443122,268.46170729633644,true
175000000000,175,veh_4,52.61255633092199,13.554219596258045,,,26.950707219140604,259.779816608903,true
175000000000,175,veh_5,52.61286473946251,13.555850401510723,,,26.574690759968945,244.53449045093973,true
175000000000,175,veh_6,52.613315099730215,13.557172598554857,,,27.247233482794837,236.58507924156044,true
175000000000,175,veh_7,52.61399895195534,13.558442495218701,,,27.317773478217426,220.63031880988152,true
175000000000,175,veh_8,52.614777732522256,13.559354288433957,,,27.627473842115144,209.1744235976189,true
175000000000,175,veh_9,52.61581203994583,13.559997104515118,,,33.09778550632298,197.1992521916725,true
175000000000,175,veh_10,52.61693423925415,13.560324671205427,,,33.2692554347869,185.11208072552822,true
175000000000,175,veh_11,52.61812896839289,13.560350334202758,,,32.05633672468364,181.08633718171674,true
176000000000,176,veh_0,52.61284472284945,13.54743786060215,,,26.746606146586128,281.1624310830082,true
176000000000,176,veh_1,52.61266590163155,13.549123580550884,,,27.356092118397356,278.72341132745873,true
176000000000,176,veh_2,52.61254061160783,13.550740431816392,,,26.929434467963876,276.35421869679317,true
176000000000,176,veh_3,52.612455045313254,13.552325800150763,,,27.22066778626293,273.55248526793844,true
176000000000,176,veh_4,52.61250916330439,13.55383422982329,,,26.530037735747175,259.779816608903,true
176000000000,176,veh_5,52.612773530630434,13.555484661215992,,,26.743905025972055,252.71920084963983,true
176000000000,176,veh_6,52.6131847573991,13.556834217843445,,,27.026505499747582,238.82043378632906,true
176000000000,176,veh_7,52.61382327337709,13.558166327106575,,,26.990298208822498,225.68993794475963,true
176000000000,176,veh_8,52.61457039947393,13.559144470160991,,,27.046262680618092,215.95242800010246,true
176000000000,176,veh_9,52.615527999471546,13.559862807806274,,,32.88186178477015,197.1992521916741,true
176000000000,176,veh_10,52.616637095655534,13.560267114916165,,,33.30577675997745,189.3969987709504,true
176000000000,176,veh_11,52.617831141137316,13.560354521595542,,,33.10890915770549,180.10872051375742,true
177000000000,177,veh_0,52.61288720284572,13.547042401635672,,,27.19324543769006,281.16243108301023,true
177000000000,177,veh_1,52.61270693842924,13.548720446849067,,,27.607978279837408,281.16243108301535,true
177000000000,177,veh_2,52.61256687385322,13.55034756901096,,,26.75312523191795,278.7234113274603,true
177000000000,177,veh_3,52.61247469658038,13.551929585287125,,,26.90947098989971,276.35421869678913,true
177000000000,177,veh_4,52.612487564188974,13.55342709450087,,,27.583393690334635,266.18751397884984,true
177000000000,177,veh_5,52.61269447915111,13.555094918484413,,,27.726585235348903,252.71920084964296,true
177000000000,177,veh_6,52.613061958250036,13.55649704866961,,,26.54331834055018,244.53449045094894,true
177000000000,177,veh_7,52.61365445983349,13.55787250859987,,,27.20910624614451,228.41094495535398,true
177000000000,177,veh_8,52.614371639299385,13.558917455816145,,,26.839339986974373,215.95242800010246,true
177000000000,177,veh_9,52.61524114229473,13.559717850628566,,,33.315573511081745,203.63214448432495,true
177000000000,177,veh_10,52.616350520798356,13.560198823224887,,,32.21335744629148,189.3969987709487,true
177000000000,177,veh_11,52.61754476867258,13.560386430879372,,,32.22603296110872,161.2708620031627,true
178000000000,178,veh_0,52.61292727784276,13.546669319527636,,,25.654481815970502,281.16243108301535,true
178000000000,178,veh_1,52.6127487192083,13.548331538952565,,,26.742932146084495,281.16243108301023,true
178000000000,178,veh_2,52.61259937647865,13.549945852754634,,,27.425884244004266,278.7234113274603,true
178000000000,178,veh_3,52.61249688268621,13.551529356802751,,,27.198223078432495,276.35421869679317,true
178000000000,178,veh_4,52.61247028389704,13.553023130066046,,,27.342652407819408,269.8552530754871,true
178000000000,178,veh_5,52.612618292249714,13.55471930609934,,,26.72143797249999,252.71920084964296,true
178000000000,178,veh_6,52.61295366690871,13.556141977471542,,,26.804243633355945,244.53449045094422,true
178000000000,178,veh_7,52.61350035468187,13.557570050230318,,,26.643355695875364,233.20398468524314,true
178000000000,178,veh_8,52.61417779188532,13.558684439824464,,,26.604948146520183,217.4106650401891,true
178000000000,178,veh_9,52.61498255218046,13.559533047246008,,,31.258423075540925,209.1110086678926,true
178000000000,178,veh_10,52.61606713230302,13.56010931717096,,,32.12463394847698,193.74364691620383,true
178000000000,178,veh_11,52.617251862106784,13.560363401753564,,,32.92805862114299,186.29755969663836,true
179000000000,179,veh_0,52.61296062564343,13.546358873342426,,,21.447241967595183,281.1634984121304,true
179000000000,179,veh_1,52.61279168459918,13.547931591138024,,,27.50203165157698,281.16243108301023,true
179000000000,179,veh_2,52.61263174708231,13.549545750862736,,,27.31563008545898,278.7234113274603,true
179000000000,179,veh_3,52.61251934439755,13.55112413120751,,,27.537784219016324,276.35421869678913,true
179000000000,179,veh_4,52.61246090384968,13.552624988827105,,,26.927967870952564,267.0830783102308,true
179000000000,179,veh_5,52.61257036042999,13.554334221552544,,,26.53341870856937,259.7798166089081,true
179000000000,179,veh_6,52.61284147112664,13.555774109702392,,,27.770394610352817,244.53449045094445,true
179000000000,179,veh_7,52.613347142214586,13.557247213136424,,,27.62856366659515,233.20398468524314,true
179000000000,179,veh_8,52.61399062483491,13.558431224065538,,,26.900172915933656,220.63031880988152,true
179000000000,179,veh_9,52.61476925044474,13.55934687938448,,,26.758423075540925,209.1813346177045,true
179000000000,179,veh_10,52.61578887770594,13.559986153148014,,,32.07083769947756,197.19925219166413,true
179000000000,179,veh_11,52.61695314363107,13.560326825689172,,,33.32415268138982,185.11208072552822,true
180000000000,180,veh_0,52.61299393054679,13.546048834915428,,,21.319046781356445,281.1634984121233,true
180000000000,180,veh_1,52.61283371955591,13.547540291412616,,,26.907303583128378,281.16243108301023,true
180000000000,180,veh_2,52.61266415023017,13.549145229371096,,,27.344238261594437,278.72341132746385,true
180000000000,180,veh_3,52.6125410729488,13.55073210812784,,,26.640560046229513,276.3542186967943,true
180000000000,180,veh_4,52.61245867255365,13.55221863688411,,,27.551246056398377,274.68696230129297,true
180000000000,180,veh_5,52.61252307705536,13.553947906084293,,,26.59535527117085,259.77981660890117,true
180000000000,180,veh_6,52.61275685360657,13.555402438851704,,,26.83396404378116,252.71920084963983,true
180000000000,180,veh_7,52.613213885407035,13.55690983644764,,,27.15720607747324,238.82043378633347,true
180000000000,180,veh_8,52.6138123236933,13.558148622205856,,,27.497779311328195,225.68993794475236,true
180000000000,180,veh_9,52.61456229172366,13.559135209827625,,,27.075991605427117,215.9524280000994,true
180000000000,180,veh_10,52.615501190709494,13.559850613743102,,,33.28971803856082,196.84077323542857,true
180000000000,180,veh_11,52.616663929646556,13.560273509585206,,,32.39747031426057,189.39699877096066,true
