Replay bootstrap validation run
snapshotFolder=C:\Users\raffa\IdeaProjects\maga-core\data\snapshots\mosaic-generated
phase10iValidationFile=C:\Users\raffa\IdeaProjects\maga-core\data\mosaic-study\diagnostics\phase_10i_validation.json
validationOutFile=C:\Users\raffa\IdeaProjects\maga-core\data\mosaic-study\diagnostics\phase_10j_pre2_optional_gateway_reporting_validation.json
classpath=C:\Users\raffa\IdeaProjects\maga-core\tools\replay-bootstrap-validation\out\classes;C:\Users\raffa\IdeaProjects\maga-core\out\codex-lib\jackson-annotations-2.17.2.jar;C:\Users\raffa\IdeaProjects\maga-core\out\codex-lib\jackson-core-2.17.2.jar;C:\Users\raffa\IdeaProjects\maga-core\out\codex-lib\jackson-databind-2.17.2.jar
java=C:\Program Files\Java\jdk-21\bin\java.exe
Replay bootstrap validation completed
sourceRun=log-20260604-220216-MaGaIntegratedStudy
phase=10J_PRE2_OPTIONAL_GATEWAY_REPORTING_ALIGNMENT
testsExecuted=12
testsPassed=12
testsFailed=0
emptySnapshotOptimizerStatus=true
nonEmptyTaskWithoutCandidatesRejected=true
timeIndexedBeforeFirstSnapshotReturnsEmpty=true
timeIndexedExactFirstSnapshotResolved=true
sequentialEmptySnapshotPreserved=true
uncoveredToUncoveredValidated=true
coveredToUncoveredValidated=true
uncoveredToCoveredValidated=true
gatewayToGatewayHandoverValidated=true
cloudConfigurationAggregateValidated=true
jsonSequenceReplayStatus=true
jsonTimeSmokeStatus=true
jsonSequenceReplayExitCode=0
jsonSequenceWindowsExecuted=36
jsonSequenceTaskEvaluations=682
jsonTimeSmokeExitCode=0
jsonTimeSmokeWindowsExecuted=36
jsonTimeLastTriggerSeconds=31.653
jsonTimeLastSourceSnapshot=mosaic_generated_005_t_030
futureLookAheadViolations=0
phase10jPre2Status=COMPLETED
readyForPhase10J=true

JSON_SEQUENCE_REPLAY_OUTPUT_BEGIN
============================================================
MA-GA ADAPTIVE WINDOW EXECUTION
============================================================
Requested source mode: JSON_SEQUENCE
Runtime profile: CONFIGURED_RUNTIME
Snapshot folder: C:\Users\raffa\IdeaProjects\maga-core\data\snapshots\mosaic-generated

Bandwidth interpretation:
- 18.2: a GLOBAL pool reproduces Bmax from the formalization.
- 18.3: EDGE/CLOUD resolve the pool through the active gateway; V2V can bind a DIRECT_V2V pool.
- Hierarchical bandwidth repair checks candidateId first and poolId second.

============================================================
MA-GA TEMPORAL DIAGNOSTIC REPORT
============================================================

------------------------------------------------------------
1. EXECUTIVE SUMMARY
------------------------------------------------------------
Executed windows: 36
Critical-event windows: 0
Population-reuse windows: 34
Best final fitness: 0,000000

Main diagnostic counters:
- task evaluations: 682
- deadline violations: 0 (0,000000%)
- coverage insufficient: 0
- CPU violations: 0
- bandwidth violations: 0
- CPU saturated >= 95,000000%: 0
- bandwidth saturated >= 95,000000%: 0

Dominant deadline causes:

------------------------------------------------------------
2. TEMPORAL / DYNAMICITY SUMMARY
------------------------------------------------------------
idx | trigger | obsTime | snapshot | D | Dv | Dt | Dr | Dl | level | suggested | applied | initPop | finalPop
0 | FIRST_RUN | 5,000000 s | mosaic_generated_000_t_005 | 0,000000 | 0,000000 | 0,000000 | 0,000000 | 0,000000 | UNKNOWN | FIRST_RUN | FIRST_RUN | 40 | 1
1 | SCHEDULED | 10,000000 s | mosaic_generated_001_t_010 | 0,750000 | 1,000000 | 1,000000 | 1,000000 | 0,000000 | HIGH | COLD_START | COLD_START | 40 | 47
2 | SCHEDULED | 14,000000 s | mosaic_generated_002_t_015 | 0,625000 | 0,666667 | 1,000000 | 0,833333 | 0,000000 | MODERATE | PARTIAL_RESTART | PARTIAL_RESTART | 40 | 51
3 | SCHEDULED | 17,000000 s | mosaic_generated_003_t_020 | 0,375000 | 0,250000 | 1,000000 | 0,250000 | 0,000000 | MODERATE | PARTIAL_RESTART | PARTIAL_RESTART | 40 | 57
4 | SCHEDULED | 19,000000 s | mosaic_generated_004_t_025 | 0,350000 | 0,200000 | 1,000000 | 0,200000 | 0,000000 | MODERATE | PARTIAL_RESTART | PARTIAL_RESTART | 40 | 61
5 | SCHEDULED | 20,000000 s | mosaic_generated_005_t_030 | 0,333333 | 0,166667 | 1,000000 | 0,166667 | 0,000000 | MODERATE | PARTIAL_RESTART | PARTIAL_RESTART | 40 | 66
6 | SCHEDULED | 20,150001 s | mosaic_generated_006_t_035 | 0,411614 | 0,250000 | 1,000000 | 0,333333 | 0,063123 | MODERATE | PARTIAL_RESTART | PARTIAL_RESTART | 40 | 68
7 | SCHEDULED | 20,300002 s | mosaic_generated_007_t_040 | 0,327764 | 0,111111 | 1,000000 | 0,100000 | 0,099946 | MODERATE | PARTIAL_RESTART | PARTIAL_RESTART | 40 | 81
8 | SCHEDULED | 20,450003 s | mosaic_generated_008_t_045 | 0,330615 | 0,100000 | 1,000000 | 0,090909 | 0,131550 | MODERATE | PARTIAL_RESTART | PARTIAL_RESTART | 40 | 79
9 | SCHEDULED | 20,600004 s | mosaic_generated_009_t_050 | 0,330376 | 0,090909 | 1,000000 | 0,083333 | 0,147262 | MODERATE | PARTIAL_RESTART | PARTIAL_RESTART | 40 | 85
10 | SCHEDULED | 20,750005 s | mosaic_generated_010_t_055 | 0,331014 | 0,083333 | 1,000000 | 0,076923 | 0,163798 | MODERATE | PARTIAL_RESTART | PARTIAL_RESTART | 40 | 88
11 | SCHEDULED | 20,900006 s | mosaic_generated_011_t_060 | 0,296111 | 0,000000 | 1,000000 | 0,000000 | 0,184442 | MODERATE | PARTIAL_RESTART | PARTIAL_RESTART | 40 | 90
12 | SCHEDULED | 21,050007 s | mosaic_generated_012_t_065 | 0,298828 | 0,000000 | 1,000000 | 0,000000 | 0,195312 | MODERATE | PARTIAL_RESTART | PARTIAL_RESTART | 40 | 84
13 | SCHEDULED | 21,200008 s | mosaic_generated_013_t_070 | 0,298523 | 0,000000 | 1,000000 | 0,000000 | 0,194090 | MODERATE | PARTIAL_RESTART | PARTIAL_RESTART | 40 | 92
14 | SCHEDULED | 21,350009 s | mosaic_generated_014_t_075 | 0,296847 | 0,000000 | 1,000000 | 0,000000 | 0,187389 | MODERATE | PARTIAL_RESTART | PARTIAL_RESTART | 40 | 86
15 | SCHEDULED | 21,500010 s | mosaic_generated_015_t_080 | 0,294555 | 0,000000 | 1,000000 | 0,000000 | 0,178218 | MODERATE | PARTIAL_RESTART | PARTIAL_RESTART | 40 | 88
16 | SCHEDULED | 21,650011 s | mosaic_generated_016_t_085 | 0,287524 | 0,000000 | 1,000000 | 0,000000 | 0,150094 | MODERATE | PARTIAL_RESTART | PARTIAL_RESTART | 40 | 88
17 | SCHEDULED | 21,800012 s | mosaic_generated_017_t_090 | 0,279093 | 0,000000 | 1,000000 | 0,000000 | 0,116373 | MODERATE | PARTIAL_RESTART | PARTIAL_RESTART | 40 | 90
18 | SCHEDULED | 21,950013 s | mosaic_generated_018_t_095 | 0,273387 | 0,000000 | 1,000000 | 0,000000 | 0,093549 | MODERATE | PARTIAL_RESTART | PARTIAL_RESTART | 40 | 83
19 | SCHEDULED | 22,100014 s | mosaic_generated_019_t_100 | 0,279022 | 0,000000 | 1,000000 | 0,037037 | 0,079053 | MODERATE | PARTIAL_RESTART | PARTIAL_RESTART | 40 | 91
20 | SCHEDULED | 22,250015 s | mosaic_generated_020_t_105 | 0,283165 | 0,000000 | 1,000000 | 0,037037 | 0,095625 | MODERATE | PARTIAL_RESTART | PARTIAL_RESTART | 40 | 85
21 | SCHEDULED | 22,400016 s | mosaic_generated_021_t_110 | 0,275178 | 0,000000 | 1,000000 | 0,000000 | 0,100713 | MODERATE | PARTIAL_RESTART | PARTIAL_RESTART | 40 | 88
22 | SCHEDULED | 22,550017 s | mosaic_generated_022_t_115 | 0,291974 | 0,000000 | 1,000000 | 0,000000 | 0,167896 | MODERATE | PARTIAL_RESTART | PARTIAL_RESTART | 40 | 88
23 | SCHEDULED | 22,700018 s | mosaic_generated_023_t_120 | 0,294502 | 0,000000 | 1,000000 | 0,000000 | 0,178010 | MODERATE | PARTIAL_RESTART | PARTIAL_RESTART | 40 | 90
24 | SCHEDULED | 22,850019 s | mosaic_generated_024_t_125 | 0,288845 | 0,000000 | 1,000000 | 0,000000 | 0,155379 | MODERATE | PARTIAL_RESTART | PARTIAL_RESTART | 40 | 84
25 | SCHEDULED | 23,000020 s | mosaic_generated_025_t_130 | 0,292274 | 0,000000 | 1,000000 | 0,000000 | 0,169097 | MODERATE | PARTIAL_RESTART | PARTIAL_RESTART | 40 | 92
26 | SCHEDULED | 23,150021 s | mosaic_generated_026_t_135 | 0,295866 | 0,000000 | 1,000000 | 0,000000 | 0,183463 | MODERATE | PARTIAL_RESTART | PARTIAL_RESTART | 40 | 86
27 | SCHEDULED | 23,300022 s | mosaic_generated_027_t_140 | 0,295055 | 0,000000 | 1,000000 | 0,000000 | 0,180220 | MODERATE | PARTIAL_RESTART | PARTIAL_RESTART | 40 | 88
28 | SCHEDULED | 23,450023 s | mosaic_generated_028_t_145 | 0,288916 | 0,000000 | 1,000000 | 0,000000 | 0,155663 | MODERATE | PARTIAL_RESTART | PARTIAL_RESTART | 40 | 88
29 | SCHEDULED | 23,600024 s | mosaic_generated_029_t_150 | 0,282440 | 0,000000 | 1,000000 | 0,000000 | 0,129760 | MODERATE | PARTIAL_RESTART | PARTIAL_RESTART | 40 | 89
30 | SCHEDULED | 23,750025 s | mosaic_generated_030_t_155 | 0,273021 | 0,000000 | 1,000000 | 0,000000 | 0,092084 | MODERATE | PARTIAL_RESTART | PARTIAL_RESTART | 40 | 83
31 | SCHEDULED | 23,900026 s | mosaic_generated_031_t_160 | 0,281160 | 0,000000 | 1,000000 | 0,076923 | 0,047718 | MODERATE | PARTIAL_RESTART | PARTIAL_RESTART | 40 | 91
32 | SCHEDULED | 24,050027 s | mosaic_generated_032_t_165 | 0,250000 | 0,000000 | 1,000000 | 0,000000 | 0,000000 | MODERATE | PARTIAL_RESTART | PARTIAL_RESTART | 40 | 85
33 | SCHEDULED | 24,200028 s | mosaic_generated_033_t_170 | 0,250000 | 0,000000 | 1,000000 | 0,000000 | 0,000000 | MODERATE | PARTIAL_RESTART | PARTIAL_RESTART | 40 | 87
34 | SCHEDULED | 24,350029 s | mosaic_generated_034_t_175 | 0,250000 | 0,000000 | 1,000000 | 0,000000 | 0,000000 | MODERATE | PARTIAL_RESTART | PARTIAL_RESTART | 40 | 87
35 | SCHEDULED | 24,500030 s | mosaic_generated_035_t_180 | 0,375000 | 0,000000 | 1,000000 | 0,500000 | 0,000000 | MODERATE | PARTIAL_RESTART | PARTIAL_RESTART | 40 | 87

------------------------------------------------------------
3. GA CONVERGENCE SUMMARY
------------------------------------------------------------
idx | pop | maxGen | genRun | stop | initBest | finalBest | gain% | last10 | last50
0 | 40 | 100 | 0 | EMPTY_TASK_SET | 0,000000 | 0,000000 | 0,000000% | 0,000000 | 0,000000
1 | 47 | 110 | 17 | STAGNATION_REACHED | 0,262500 | 0,262500 | 0,000000% | 0,000000 | 0,000000
2 | 51 | 116 | 17 | STAGNATION_REACHED | 0,262500 | 0,262500 | 0,000000% | 0,000000 | 0,000000
3 | 57 | 126 | 19 | STAGNATION_REACHED | 0,262500 | 0,262500 | 0,000000% | 0,000000 | 0,000000
4 | 62 | 133 | 20 | STAGNATION_REACHED | 0,262500 | 0,262500 | 0,000000% | 0,000000 | 0,000000
5 | 66 | 140 | 21 | STAGNATION_REACHED | 0,262500 | 0,262500 | 0,000000% | 0,000000 | 0,000000
6 | 69 | 145 | 21 | STAGNATION_REACHED | 0,262500 | 0,262500 | 0,000000% | 0,000000 | 0,000000
7 | 82 | 165 | 24 | STAGNATION_REACHED | 0,262500 | 0,262500 | 0,000000% | 0,000000 | 0,000000
8 | 81 | 163 | 24 | STAGNATION_REACHED | 0,262500 | 0,262500 | 0,000000% | 0,000000 | 0,000000
9 | 87 | 173 | 25 | STAGNATION_REACHED | 0,262500 | 0,262500 | 0,000000% | 0,000000 | 0,000000
10 | 90 | 178 | 26 | STAGNATION_REACHED | 0,262500 | 0,262500 | 0,000000% | 0,000000 | 0,000000
11 | 92 | 181 | 26 | STAGNATION_REACHED | 0,262500 | 0,262500 | 0,000000% | 0,000000 | 0,000000
12 | 86 | 172 | 25 | STAGNATION_REACHED | 0,262500 | 0,262500 | 0,000000% | 0,000000 | 0,000000
13 | 94 | 184 | 27 | STAGNATION_REACHED | 0,262500 | 0,262500 | 0,000000% | 0,000000 | 0,000000
14 | 88 | 175 | 26 | STAGNATION_REACHED | 0,262500 | 0,262500 | 0,000000% | 0,000000 | 0,000000
15 | 90 | 178 | 26 | STAGNATION_REACHED | 0,262500 | 0,262500 | 0,000000% | 0,000000 | 0,000000
16 | 90 | 177 | 26 | STAGNATION_REACHED | 0,262500 | 0,262500 | 0,000000% | 0,000000 | 0,000000
17 | 92 | 180 | 26 | STAGNATION_REACHED | 0,262500 | 0,262500 | 0,000000% | 0,000000 | 0,000000
18 | 86 | 171 | 25 | STAGNATION_REACHED | 0,262500 | 0,262500 | 0,000000% | 0,000000 | 0,000000
19 | 94 | 183 | 27 | STAGNATION_REACHED | 0,262500 | 0,262500 | 0,000000% | 0,000000 | 0,000000
20 | 88 | 174 | 25 | STAGNATION_REACHED | 0,262500 | 0,262500 | 0,000000% | 0,000000 | 0,000000
21 | 90 | 177 | 26 | STAGNATION_REACHED | 0,262500 | 0,262500 | 0,000000% | 0,000000 | 0,000000
22 | 90 | 178 | 26 | STAGNATION_REACHED | 0,262500 | 0,262500 | 0,000000% | 0,000000 | 0,000000
23 | 92 | 180 | 26 | STAGNATION_REACHED | 0,262500 | 0,262500 | 0,000000% | 0,000000 | 0,000000
24 | 86 | 171 | 25 | STAGNATION_REACHED | 0,262500 | 0,262500 | 0,000000% | 0,000000 | 0,000000
25 | 94 | 184 | 27 | STAGNATION_REACHED | 0,262500 | 0,262500 | 0,000000% | 0,000000 | 0,000000
26 | 88 | 175 | 26 | STAGNATION_REACHED | 0,262500 | 0,262500 | 0,000000% | 0,000000 | 0,000000
27 | 90 | 177 | 26 | STAGNATION_REACHED | 0,262500 | 0,262500 | 0,000000% | 0,000000 | 0,000000
28 | 90 | 177 | 26 | STAGNATION_REACHED | 0,262500 | 0,262500 | 0,000000% | 0,000000 | 0,000000
29 | 92 | 180 | 26 | STAGNATION_REACHED | 0,262500 | 0,262500 | 0,000000% | 0,000000 | 0,000000
30 | 86 | 171 | 25 | STAGNATION_REACHED | 0,262500 | 0,262500 | 0,000000% | 0,000000 | 0,000000
31 | 94 | 183 | 27 | STAGNATION_REACHED | 0,262500 | 0,262500 | 0,000000% | 0,000000 | 0,000000
32 | 88 | 174 | 25 | STAGNATION_REACHED | 0,262500 | 0,262500 | 0,000000% | 0,000000 | 0,000000
33 | 90 | 178 | 26 | STAGNATION_REACHED | 0,262500 | 0,262500 | 0,000000% | 0,000000 | 0,000000
34 | 90 | 178 | 26 | STAGNATION_REACHED | 0,262500 | 0,262500 | 0,000000% | 0,000000 | 0,000000
35 | 87 | 171 | 26 | STAGNATION_REACHED | 0,262500 | 0,262500 | 0,000000% | 0,000000 | 0,000000

------------------------------------------------------------
4. DECISION / OFFLOADING SUMMARY
------------------------------------------------------------
idx | LOCAL | EDGE | CLOUD | VEHICLE | localExec | partial | full | avgP | p=0 | low | midLow | midHigh | high | p=1
0 | 0 | 0 | 0 | 0 | 0 | 0 | 0 | 0,000000 | 0 | 0 | 0 | 0 | 0 | 0
1 | 3 | 0 | 0 | 0 | 3 | 0 | 0 | 0,000000 | 3 | 0 | 0 | 0 | 0 | 0
2 | 5 | 0 | 0 | 0 | 5 | 0 | 0 | 0,000000 | 5 | 0 | 0 | 0 | 0 | 0
3 | 8 | 0 | 0 | 0 | 8 | 0 | 0 | 0,000000 | 8 | 0 | 0 | 0 | 0 | 0
4 | 10 | 0 | 0 | 0 | 10 | 0 | 0 | 0,000000 | 10 | 0 | 0 | 0 | 0 | 0
5 | 12 | 0 | 0 | 0 | 12 | 0 | 0 | 0,000000 | 12 | 0 | 0 | 0 | 0 | 0
6 | 13 | 0 | 0 | 0 | 13 | 0 | 0 | 0,000000 | 13 | 0 | 0 | 0 | 0 | 0
7 | 19 | 0 | 0 | 0 | 19 | 0 | 0 | 0,000000 | 19 | 0 | 0 | 0 | 0 | 0
8 | 18 | 0 | 0 | 0 | 18 | 0 | 0 | 0,000000 | 18 | 0 | 0 | 0 | 0 | 0
9 | 21 | 0 | 0 | 0 | 21 | 0 | 0 | 0,000000 | 21 | 0 | 0 | 0 | 0 | 0
10 | 22 | 0 | 0 | 0 | 22 | 0 | 0 | 0,000000 | 22 | 0 | 0 | 0 | 0 | 0
11 | 23 | 0 | 0 | 0 | 23 | 0 | 0 | 0,000000 | 23 | 0 | 0 | 0 | 0 | 0
12 | 20 | 0 | 0 | 0 | 20 | 0 | 0 | 0,000000 | 20 | 0 | 0 | 0 | 0 | 0
13 | 24 | 0 | 0 | 0 | 24 | 0 | 0 | 0,000000 | 24 | 0 | 0 | 0 | 0 | 0
14 | 21 | 0 | 0 | 0 | 21 | 0 | 0 | 0,000000 | 21 | 0 | 0 | 0 | 0 | 0
15 | 22 | 0 | 0 | 0 | 22 | 0 | 0 | 0,000000 | 22 | 0 | 0 | 0 | 0 | 0
16 | 22 | 0 | 0 | 0 | 22 | 0 | 0 | 0,000000 | 22 | 0 | 0 | 0 | 0 | 0
17 | 23 | 0 | 0 | 0 | 23 | 0 | 0 | 0,000000 | 23 | 0 | 0 | 0 | 0 | 0
18 | 20 | 0 | 0 | 0 | 20 | 0 | 0 | 0,000000 | 20 | 0 | 0 | 0 | 0 | 0
19 | 24 | 0 | 0 | 0 | 24 | 0 | 0 | 0,000000 | 24 | 0 | 0 | 0 | 0 | 0
20 | 21 | 0 | 0 | 0 | 21 | 0 | 0 | 0,000000 | 21 | 0 | 0 | 0 | 0 | 0
21 | 22 | 0 | 0 | 0 | 22 | 0 | 0 | 0,000000 | 22 | 0 | 0 | 0 | 0 | 0
22 | 22 | 0 | 0 | 0 | 22 | 0 | 0 | 0,000000 | 22 | 0 | 0 | 0 | 0 | 0
23 | 23 | 0 | 0 | 0 | 23 | 0 | 0 | 0,000000 | 23 | 0 | 0 | 0 | 0 | 0
24 | 20 | 0 | 0 | 0 | 20 | 0 | 0 | 0,000000 | 20 | 0 | 0 | 0 | 0 | 0
25 | 24 | 0 | 0 | 0 | 24 | 0 | 0 | 0,000000 | 24 | 0 | 0 | 0 | 0 | 0
26 | 21 | 0 | 0 | 0 | 21 | 0 | 0 | 0,000000 | 21 | 0 | 0 | 0 | 0 | 0
27 | 22 | 0 | 0 | 0 | 22 | 0 | 0 | 0,000000 | 22 | 0 | 0 | 0 | 0 | 0
28 | 22 | 0 | 0 | 0 | 22 | 0 | 0 | 0,000000 | 22 | 0 | 0 | 0 | 0 | 0
29 | 23 | 0 | 0 | 0 | 23 | 0 | 0 | 0,000000 | 23 | 0 | 0 | 0 | 0 | 0
30 | 20 | 0 | 0 | 0 | 20 | 0 | 0 | 0,000000 | 20 | 0 | 0 | 0 | 0 | 0
31 | 24 | 0 | 0 | 0 | 24 | 0 | 0 | 0,000000 | 24 | 0 | 0 | 0 | 0 | 0
32 | 21 | 0 | 0 | 0 | 21 | 0 | 0 | 0,000000 | 21 | 0 | 0 | 0 | 0 | 0
33 | 22 | 0 | 0 | 0 | 22 | 0 | 0 | 0,000000 | 22 | 0 | 0 | 0 | 0 | 0
34 | 22 | 0 | 0 | 0 | 22 | 0 | 0 | 0,000000 | 22 | 0 | 0 | 0 | 0 | 0
35 | 23 | 0 | 0 | 0 | 23 | 0 | 0 | 0,000000 | 23 | 0 | 0 | 0 | 0 | 0

------------------------------------------------------------
5. DEADLINE CAUSE SUMMARY
------------------------------------------------------------
idx | violated | rate | local | upload | remoteExec | download | baseLat | mixedLocalRemote | mixedRemote | coverage | unknown
0 | 0 | 0,000000% | 0 | 0 | 0 | 0 | 0 | 0 | 0 | 0 | 0
1 | 0 | 0,000000% | 0 | 0 | 0 | 0 | 0 | 0 | 0 | 0 | 0
2 | 0 | 0,000000% | 0 | 0 | 0 | 0 | 0 | 0 | 0 | 0 | 0
3 | 0 | 0,000000% | 0 | 0 | 0 | 0 | 0 | 0 | 0 | 0 | 0
4 | 0 | 0,000000% | 0 | 0 | 0 | 0 | 0 | 0 | 0 | 0 | 0
5 | 0 | 0,000000% | 0 | 0 | 0 | 0 | 0 | 0 | 0 | 0 | 0
6 | 0 | 0,000000% | 0 | 0 | 0 | 0 | 0 | 0 | 0 | 0 | 0
7 | 0 | 0,000000% | 0 | 0 | 0 | 0 | 0 | 0 | 0 | 0 | 0
8 | 0 | 0,000000% | 0 | 0 | 0 | 0 | 0 | 0 | 0 | 0 | 0
9 | 0 | 0,000000% | 0 | 0 | 0 | 0 | 0 | 0 | 0 | 0 | 0
10 | 0 | 0,000000% | 0 | 0 | 0 | 0 | 0 | 0 | 0 | 0 | 0
11 | 0 | 0,000000% | 0 | 0 | 0 | 0 | 0 | 0 | 0 | 0 | 0
12 | 0 | 0,000000% | 0 | 0 | 0 | 0 | 0 | 0 | 0 | 0 | 0
13 | 0 | 0,000000% | 0 | 0 | 0 | 0 | 0 | 0 | 0 | 0 | 0
14 | 0 | 0,000000% | 0 | 0 | 0 | 0 | 0 | 0 | 0 | 0 | 0
15 | 0 | 0,000000% | 0 | 0 | 0 | 0 | 0 | 0 | 0 | 0 | 0
16 | 0 | 0,000000% | 0 | 0 | 0 | 0 | 0 | 0 | 0 | 0 | 0
17 | 0 | 0,000000% | 0 | 0 | 0 | 0 | 0 | 0 | 0 | 0 | 0
18 | 0 | 0,000000% | 0 | 0 | 0 | 0 | 0 | 0 | 0 | 0 | 0
19 | 0 | 0,000000% | 0 | 0 | 0 | 0 | 0 | 0 | 0 | 0 | 0
20 | 0 | 0,000000% | 0 | 0 | 0 | 0 | 0 | 0 | 0 | 0 | 0
21 | 0 | 0,000000% | 0 | 0 | 0 | 0 | 0 | 0 | 0 | 0 | 0
22 | 0 | 0,000000% | 0 | 0 | 0 | 0 | 0 | 0 | 0 | 0 | 0
23 | 0 | 0,000000% | 0 | 0 | 0 | 0 | 0 | 0 | 0 | 0 | 0
24 | 0 | 0,000000% | 0 | 0 | 0 | 0 | 0 | 0 | 0 | 0 | 0
25 | 0 | 0,000000% | 0 | 0 | 0 | 0 | 0 | 0 | 0 | 0 | 0
26 | 0 | 0,000000% | 0 | 0 | 0 | 0 | 0 | 0 | 0 | 0 | 0
27 | 0 | 0,000000% | 0 | 0 | 0 | 0 | 0 | 0 | 0 | 0 | 0
28 | 0 | 0,000000% | 0 | 0 | 0 | 0 | 0 | 0 | 0 | 0 | 0
29 | 0 | 0,000000% | 0 | 0 | 0 | 0 | 0 | 0 | 0 | 0 | 0
30 | 0 | 0,000000% | 0 | 0 | 0 | 0 | 0 | 0 | 0 | 0 | 0
31 | 0 | 0,000000% | 0 | 0 | 0 | 0 | 0 | 0 | 0 | 0 | 0
32 | 0 | 0,000000% | 0 | 0 | 0 | 0 | 0 | 0 | 0 | 0 | 0
33 | 0 | 0,000000% | 0 | 0 | 0 | 0 | 0 | 0 | 0 | 0 | 0
34 | 0 | 0,000000% | 0 | 0 | 0 | 0 | 0 | 0 | 0 | 0 | 0
35 | 0 | 0,000000% | 0 | 0 | 0 | 0 | 0 | 0 | 0 | 0 | 0

------------------------------------------------------------
6. TOP DEADLINE VIOLATIONS BY WINDOW
------------------------------------------------------------
Window 0 | snapshot=mosaic_generated_000_t_005 | violated=0
- no deadline violations

Window 1 | snapshot=mosaic_generated_001_t_010 | violated=0
- no deadline violations

Window 2 | snapshot=mosaic_generated_002_t_015 | violated=0
- no deadline violations

Window 3 | snapshot=mosaic_generated_003_t_020 | violated=0
- no deadline violations

Window 4 | snapshot=mosaic_generated_004_t_025 | violated=0
- no deadline violations

Window 5 | snapshot=mosaic_generated_005_t_030 | violated=0
- no deadline violations

Window 6 | snapshot=mosaic_generated_006_t_035 | violated=0
- no deadline violations

Window 7 | snapshot=mosaic_generated_007_t_040 | violated=0
- no deadline violations

Window 8 | snapshot=mosaic_generated_008_t_045 | violated=0
- no deadline violations

Window 9 | snapshot=mosaic_generated_009_t_050 | violated=0
- no deadline violations

Window 10 | snapshot=mosaic_generated_010_t_055 | violated=0
- no deadline violations

Window 11 | snapshot=mosaic_generated_011_t_060 | violated=0
- no deadline violations

Window 12 | snapshot=mosaic_generated_012_t_065 | violated=0
- no deadline violations

Window 13 | snapshot=mosaic_generated_013_t_070 | violated=0
- no deadline violations

Window 14 | snapshot=mosaic_generated_014_t_075 | violated=0
- no deadline violations

Window 15 | snapshot=mosaic_generated_015_t_080 | violated=0
- no deadline violations

Window 16 | snapshot=mosaic_generated_016_t_085 | violated=0
- no deadline violations

Window 17 | snapshot=mosaic_generated_017_t_090 | violated=0
- no deadline violations

Window 18 | snapshot=mosaic_generated_018_t_095 | violated=0
- no deadline violations

Window 19 | snapshot=mosaic_generated_019_t_100 | violated=0
- no deadline violations

Window 20 | snapshot=mosaic_generated_020_t_105 | violated=0
- no deadline violations

Window 21 | snapshot=mosaic_generated_021_t_110 | violated=0
- no deadline violations

Window 22 | snapshot=mosaic_generated_022_t_115 | violated=0
- no deadline violations

Window 23 | snapshot=mosaic_generated_023_t_120 | violated=0
- no deadline violations

Window 24 | snapshot=mosaic_generated_024_t_125 | violated=0
- no deadline violations

Window 25 | snapshot=mosaic_generated_025_t_130 | violated=0
- no deadline violations

Window 26 | snapshot=mosaic_generated_026_t_135 | violated=0
- no deadline violations

Window 27 | snapshot=mosaic_generated_027_t_140 | violated=0
- no deadline violations

Window 28 | snapshot=mosaic_generated_028_t_145 | violated=0
- no deadline violations

Window 29 | snapshot=mosaic_generated_029_t_150 | violated=0
- no deadline violations

Window 30 | snapshot=mosaic_generated_030_t_155 | violated=0
- no deadline violations

Window 31 | snapshot=mosaic_generated_031_t_160 | violated=0
- no deadline violations

Window 32 | snapshot=mosaic_generated_032_t_165 | violated=0
- no deadline violations

Window 33 | snapshot=mosaic_generated_033_t_170 | violated=0
- no deadline violations

Window 34 | snapshot=mosaic_generated_034_t_175 | violated=0
- no deadline violations

Window 35 | snapshot=mosaic_generated_035_t_180 | violated=0
- no deadline violations

------------------------------------------------------------
7. COVERAGE PROBLEM SUMMARY
------------------------------------------------------------
idx | insufficient | worstTask | node | completion | coverage | cause
0 | 0 | none | - | - | - | -
1 | 0 | none | - | - | - | -
2 | 0 | none | - | - | - | -
3 | 0 | none | - | - | - | -
4 | 0 | none | - | - | - | -
5 | 0 | none | - | - | - | -
6 | 0 | none | - | - | - | -
7 | 0 | none | - | - | - | -
8 | 0 | none | - | - | - | -
9 | 0 | none | - | - | - | -
10 | 0 | none | - | - | - | -
11 | 0 | none | - | - | - | -
12 | 0 | none | - | - | - | -
13 | 0 | none | - | - | - | -
14 | 0 | none | - | - | - | -
15 | 0 | none | - | - | - | -
16 | 0 | none | - | - | - | -
17 | 0 | none | - | - | - | -
18 | 0 | none | - | - | - | -
19 | 0 | none | - | - | - | -
20 | 0 | none | - | - | - | -
21 | 0 | none | - | - | - | -
22 | 0 | none | - | - | - | -
23 | 0 | none | - | - | - | -
24 | 0 | none | - | - | - | -
25 | 0 | none | - | - | - | -
26 | 0 | none | - | - | - | -
27 | 0 | none | - | - | - | -
28 | 0 | none | - | - | - | -
29 | 0 | none | - | - | - | -
30 | 0 | none | - | - | - | -
31 | 0 | none | - | - | - | -
32 | 0 | none | - | - | - | -
33 | 0 | none | - | - | - | -
34 | 0 | none | - | - | - | -
35 | 0 | none | - | - | - | -

------------------------------------------------------------
8. RESOURCE PRESSURE SUMMARY
------------------------------------------------------------
idx | CPUviol | CPUsat | worstCpuNode | worstCpu% | BWviol | BWsat | worstBwLink | worstBw%
0 | 0 | 0 | none | - | 0 | 0 | none | -
1 | 0 | 0 | none | - | 0 | 0 | none | -
2 | 0 | 0 | veh_2 | 0,000000% | 0 | 0 | vehicle_veh_2_v2v_for_veh_0 | 0,000000%
3 | 0 | 0 | veh_2 | 0,000000% | 0 | 0 | vehicle_veh_2_v2v_for_veh_3 | 0,000000%
4 | 0 | 0 | veh_4 | 0,000000% | 0 | 0 | vehicle_veh_1_v2v_for_veh_0 | 0,000000%
5 | 0 | 0 | veh_4 | 0,000000% | 0 | 0 | vehicle_veh_5_v2v_for_veh_3 | 0,000000%
6 | 0 | 0 | veh_4 | 0,000000% | 0 | 0 | vehicle_veh_5_v2v_for_veh_3 | 0,000000%
7 | 0 | 0 | veh_4 | 0,000000% | 0 | 0 | vehicle_veh_5_v2v_for_veh_3 | 0,000000%
8 | 0 | 0 | veh_4 | 0,000000% | 0 | 0 | vehicle_veh_5_v2v_for_veh_3 | 0,000000%
9 | 0 | 0 | veh_4 | 0,000000% | 0 | 0 | cloud_regional_for_veh_4 | 0,000000%
10 | 0 | 0 | veh_4 | 0,000000% | 0 | 0 | cloud_regional_for_veh_4 | 0,000000%
11 | 0 | 0 | veh_4 | 0,000000% | 0 | 0 | cloud_regional_for_veh_4 | 0,000000%
12 | 0 | 0 | veh_4 | 0,000000% | 0 | 0 | cloud_regional_for_veh_4 | 0,000000%
13 | 0 | 0 | veh_4 | 0,000000% | 0 | 0 | cloud_regional_for_veh_4 | 0,000000%
14 | 0 | 0 | veh_4 | 0,000000% | 0 | 0 | cloud_regional_for_veh_4 | 0,000000%
15 | 0 | 0 | veh_4 | 0,000000% | 0 | 0 | vehicle_veh_5_v2v_for_veh_3 | 0,000000%
16 | 0 | 0 | veh_4 | 0,000000% | 0 | 0 | vehicle_veh_5_v2v_for_veh_3 | 0,000000%
17 | 0 | 0 | veh_4 | 0,000000% | 0 | 0 | vehicle_veh_5_v2v_for_veh_3 | 0,000000%
18 | 0 | 0 | veh_4 | 0,000000% | 0 | 0 | vehicle_veh_5_v2v_for_veh_3 | 0,000000%
19 | 0 | 0 | veh_4 | 0,000000% | 0 | 0 | vehicle_veh_5_v2v_for_veh_3 | 0,000000%
20 | 0 | 0 | veh_4 | 0,000000% | 0 | 0 | vehicle_veh_5_v2v_for_veh_3 | 0,000000%
21 | 0 | 0 | veh_4 | 0,000000% | 0 | 0 | vehicle_veh_5_v2v_for_veh_3 | 0,000000%
22 | 0 | 0 | veh_4 | 0,000000% | 0 | 0 | cloud_regional_for_veh_4 | 0,000000%
23 | 0 | 0 | veh_4 | 0,000000% | 0 | 0 | cloud_regional_for_veh_4 | 0,000000%
24 | 0 | 0 | veh_4 | 0,000000% | 0 | 0 | cloud_regional_for_veh_4 | 0,000000%
25 | 0 | 0 | veh_4 | 0,000000% | 0 | 0 | cloud_regional_for_veh_4 | 0,000000%
26 | 0 | 0 | veh_4 | 0,000000% | 0 | 0 | vehicle_veh_5_v2v_for_veh_3 | 0,000000%
27 | 0 | 0 | veh_4 | 0,000000% | 0 | 0 | vehicle_veh_5_v2v_for_veh_3 | 0,000000%
28 | 0 | 0 | veh_4 | 0,000000% | 0 | 0 | vehicle_veh_5_v2v_for_veh_3 | 0,000000%
29 | 0 | 0 | veh_4 | 0,000000% | 0 | 0 | vehicle_veh_5_v2v_for_veh_3 | 0,000000%
30 | 0 | 0 | veh_4 | 0,000000% | 0 | 0 | vehicle_veh_5_v2v_for_veh_3 | 0,000000%
31 | 0 | 0 | veh_4 | 0,000000% | 0 | 0 | vehicle_veh_5_v2v_for_veh_3 | 0,000000%
32 | 0 | 0 | veh_4 | 0,000000% | 0 | 0 | vehicle_veh_5_v2v_for_veh_3 | 0,000000%
33 | 0 | 0 | veh_4 | 0,000000% | 0 | 0 | vehicle_veh_5_v2v_for_veh_3 | 0,000000%
34 | 0 | 0 | veh_4 | 0,000000% | 0 | 0 | vehicle_veh_5_v2v_for_veh_3 | 0,000000%
35 | 0 | 0 | none | - | 0 | 0 | none | -

------------------------------------------------------------
9. WORST WINDOWS
------------------------------------------------------------
Worst by final fitness:
- idx=1 J=0,262500 Pres=0,000000 violated=0 coverage=0 reuse=COLD_START
- idx=2 J=0,262500 Pres=0,000000 violated=0 coverage=0 reuse=PARTIAL_RESTART
- idx=3 J=0,262500 Pres=0,000000 violated=0 coverage=0 reuse=PARTIAL_RESTART
- idx=4 J=0,262500 Pres=0,000000 violated=0 coverage=0 reuse=PARTIAL_RESTART
- idx=5 J=0,262500 Pres=0,000000 violated=0 coverage=0 reuse=PARTIAL_RESTART
- idx=6 J=0,262500 Pres=0,000000 violated=0 coverage=0 reuse=PARTIAL_RESTART
- idx=7 J=0,262500 Pres=0,000000 violated=0 coverage=0 reuse=PARTIAL_RESTART
- idx=8 J=0,262500 Pres=0,000000 violated=0 coverage=0 reuse=PARTIAL_RESTART
- idx=9 J=0,262500 Pres=0,000000 violated=0 coverage=0 reuse=PARTIAL_RESTART
- idx=10 J=0,262500 Pres=0,000000 violated=0 coverage=0 reuse=PARTIAL_RESTART
Worst by deadline violations:
- idx=0 violated=0 rate=0,000000% J=0,000000 mainCause=UNKNOWN
- idx=1 violated=0 rate=0,000000% J=0,262500 mainCause=UNKNOWN
- idx=2 violated=0 rate=0,000000% J=0,262500 mainCause=UNKNOWN
- idx=3 violated=0 rate=0,000000% J=0,262500 mainCause=UNKNOWN
- idx=4 violated=0 rate=0,000000% J=0,262500 mainCause=UNKNOWN
- idx=5 violated=0 rate=0,000000% J=0,262500 mainCause=UNKNOWN
- idx=6 violated=0 rate=0,000000% J=0,262500 mainCause=UNKNOWN
- idx=7 violated=0 rate=0,000000% J=0,262500 mainCause=UNKNOWN
- idx=8 violated=0 rate=0,000000% J=0,262500 mainCause=UNKNOWN
- idx=9 violated=0 rate=0,000000% J=0,262500 mainCause=UNKNOWN
Worst by coverage problems:
- idx=0 coverageInsufficient=0 violated=0 J=0,000000
- idx=1 coverageInsufficient=0 violated=0 J=0,262500
- idx=2 coverageInsufficient=0 violated=0 J=0,262500
- idx=3 coverageInsufficient=0 violated=0 J=0,262500
- idx=4 coverageInsufficient=0 violated=0 J=0,262500
- idx=5 coverageInsufficient=0 violated=0 J=0,262500
- idx=6 coverageInsufficient=0 violated=0 J=0,262500
- idx=7 coverageInsufficient=0 violated=0 J=0,262500
- idx=8 coverageInsufficient=0 violated=0 J=0,262500
- idx=9 coverageInsufficient=0 violated=0 J=0,262500

------------------------------------------------------------
10. DIAGNOSIS
------------------------------------------------------------
- CPU aggregate repair appears effective: no CPU violations were observed.
- Hierarchical bandwidth repair appears effective: no link-level bandwidth violations were observed.
- Use the bandwidth pool diagnostic report to inspect shared pool saturation and unresolved pool bindings.
- FULL_OFFLOADING never appears.
- Check initialization, mutation and repair of offloadingRatio before changing the fitness.

============================================================
DEADLINE / DEGRADED BEST-EFFORT REPORT
============================================================

Interpretation:
- ordinary mode: the repaired decision respects the task deadline;
- DEGRADED_BEST_EFFORT: the final decision still exceeds the deadline;
- the degraded label records a bounded-repair outcome, not a proof of global infeasibility;
- CLOUD is never preferred automatically: the retained decision is the one with the lowest predicted lateness among the alternatives evaluated by the repair policy.

------------------------------------------------------------
1. DEGRADED SUMMARY BY WINDOW
------------------------------------------------------------
idx | snapshot | tasks | deadlineOK | degradedBestEffort | maxLateness | avgLateness
0 | mosaic_generated_000_t_005 | 0 | 0 | 0 | 0,000000 s | 0,000000 s
1 | mosaic_generated_001_t_010 | 3 | 3 | 0 | 0,000000 s | 0,000000 s
2 | mosaic_generated_002_t_015 | 5 | 5 | 0 | 0,000000 s | 0,000000 s
3 | mosaic_generated_003_t_020 | 8 | 8 | 0 | 0,000000 s | 0,000000 s
4 | mosaic_generated_004_t_025 | 10 | 10 | 0 | 0,000000 s | 0,000000 s
5 | mosaic_generated_005_t_030 | 12 | 12 | 0 | 0,000000 s | 0,000000 s
6 | mosaic_generated_006_t_035 | 13 | 13 | 0 | 0,000000 s | 0,000000 s
7 | mosaic_generated_007_t_040 | 19 | 19 | 0 | 0,000000 s | 0,000000 s
8 | mosaic_generated_008_t_045 | 18 | 18 | 0 | 0,000000 s | 0,000000 s
9 | mosaic_generated_009_t_050 | 21 | 21 | 0 | 0,000000 s | 0,000000 s
10 | mosaic_generated_010_t_055 | 22 | 22 | 0 | 0,000000 s | 0,000000 s
11 | mosaic_generated_011_t_060 | 23 | 23 | 0 | 0,000000 s | 0,000000 s
12 | mosaic_generated_012_t_065 | 20 | 20 | 0 | 0,000000 s | 0,000000 s
13 | mosaic_generated_013_t_070 | 24 | 24 | 0 | 0,000000 s | 0,000000 s
14 | mosaic_generated_014_t_075 | 21 | 21 | 0 | 0,000000 s | 0,000000 s
15 | mosaic_generated_015_t_080 | 22 | 22 | 0 | 0,000000 s | 0,000000 s
16 | mosaic_generated_016_t_085 | 22 | 22 | 0 | 0,000000 s | 0,000000 s
17 | mosaic_generated_017_t_090 | 23 | 23 | 0 | 0,000000 s | 0,000000 s
18 | mosaic_generated_018_t_095 | 20 | 20 | 0 | 0,000000 s | 0,000000 s
19 | mosaic_generated_019_t_100 | 24 | 24 | 0 | 0,000000 s | 0,000000 s
20 | mosaic_generated_020_t_105 | 21 | 21 | 0 | 0,000000 s | 0,000000 s
21 | mosaic_generated_021_t_110 | 22 | 22 | 0 | 0,000000 s | 0,000000 s
22 | mosaic_generated_022_t_115 | 22 | 22 | 0 | 0,000000 s | 0,000000 s
23 | mosaic_generated_023_t_120 | 23 | 23 | 0 | 0,000000 s | 0,000000 s
24 | mosaic_generated_024_t_125 | 20 | 20 | 0 | 0,000000 s | 0,000000 s
25 | mosaic_generated_025_t_130 | 24 | 24 | 0 | 0,000000 s | 0,000000 s
26 | mosaic_generated_026_t_135 | 21 | 21 | 0 | 0,000000 s | 0,000000 s
27 | mosaic_generated_027_t_140 | 22 | 22 | 0 | 0,000000 s | 0,000000 s
28 | mosaic_generated_028_t_145 | 22 | 22 | 0 | 0,000000 s | 0,000000 s
29 | mosaic_generated_029_t_150 | 23 | 23 | 0 | 0,000000 s | 0,000000 s
30 | mosaic_generated_030_t_155 | 20 | 20 | 0 | 0,000000 s | 0,000000 s
31 | mosaic_generated_031_t_160 | 24 | 24 | 0 | 0,000000 s | 0,000000 s
32 | mosaic_generated_032_t_165 | 21 | 21 | 0 | 0,000000 s | 0,000000 s
33 | mosaic_generated_033_t_170 | 22 | 22 | 0 | 0,000000 s | 0,000000 s
34 | mosaic_generated_034_t_175 | 22 | 22 | 0 | 0,000000 s | 0,000000 s
35 | mosaic_generated_035_t_180 | 23 | 23 | 0 | 0,000000 s | 0,000000 s

------------------------------------------------------------
2. TOP DEGRADED BEST-EFFORT DECISIONS BY WINDOW
------------------------------------------------------------
Window 0 | snapshot=mosaic_generated_000_t_005 | degradedBestEffort=0
- no degraded best-effort decision

Window 1 | snapshot=mosaic_generated_001_t_010 | degradedBestEffort=0
- no degraded best-effort decision

Window 2 | snapshot=mosaic_generated_002_t_015 | degradedBestEffort=0
- no degraded best-effort decision

Window 3 | snapshot=mosaic_generated_003_t_020 | degradedBestEffort=0
- no degraded best-effort decision

Window 4 | snapshot=mosaic_generated_004_t_025 | degradedBestEffort=0
- no degraded best-effort decision

Window 5 | snapshot=mosaic_generated_005_t_030 | degradedBestEffort=0
- no degraded best-effort decision

Window 6 | snapshot=mosaic_generated_006_t_035 | degradedBestEffort=0
- no degraded best-effort decision

Window 7 | snapshot=mosaic_generated_007_t_040 | degradedBestEffort=0
- no degraded best-effort decision

Window 8 | snapshot=mosaic_generated_008_t_045 | degradedBestEffort=0
- no degraded best-effort decision

Window 9 | snapshot=mosaic_generated_009_t_050 | degradedBestEffort=0
- no degraded best-effort decision

Window 10 | snapshot=mosaic_generated_010_t_055 | degradedBestEffort=0
- no degraded best-effort decision

Window 11 | snapshot=mosaic_generated_011_t_060 | degradedBestEffort=0
- no degraded best-effort decision

Window 12 | snapshot=mosaic_generated_012_t_065 | degradedBestEffort=0
- no degraded best-effort decision

Window 13 | snapshot=mosaic_generated_013_t_070 | degradedBestEffort=0
- no degraded best-effort decision

Window 14 | snapshot=mosaic_generated_014_t_075 | degradedBestEffort=0
- no degraded best-effort decision

Window 15 | snapshot=mosaic_generated_015_t_080 | degradedBestEffort=0
- no degraded best-effort decision

Window 16 | snapshot=mosaic_generated_016_t_085 | degradedBestEffort=0
- no degraded best-effort decision

Window 17 | snapshot=mosaic_generated_017_t_090 | degradedBestEffort=0
- no degraded best-effort decision

Window 18 | snapshot=mosaic_generated_018_t_095 | degradedBestEffort=0
- no degraded best-effort decision

Window 19 | snapshot=mosaic_generated_019_t_100 | degradedBestEffort=0
- no degraded best-effort decision

Window 20 | snapshot=mosaic_generated_020_t_105 | degradedBestEffort=0
- no degraded best-effort decision

Window 21 | snapshot=mosaic_generated_021_t_110 | degradedBestEffort=0
- no degraded best-effort decision

Window 22 | snapshot=mosaic_generated_022_t_115 | degradedBestEffort=0
- no degraded best-effort decision

Window 23 | snapshot=mosaic_generated_023_t_120 | degradedBestEffort=0
- no degraded best-effort decision

Window 24 | snapshot=mosaic_generated_024_t_125 | degradedBestEffort=0
- no degraded best-effort decision

Window 25 | snapshot=mosaic_generated_025_t_130 | degradedBestEffort=0
- no degraded best-effort decision

Window 26 | snapshot=mosaic_generated_026_t_135 | degradedBestEffort=0
- no degraded best-effort decision

Window 27 | snapshot=mosaic_generated_027_t_140 | degradedBestEffort=0
- no degraded best-effort decision

Window 28 | snapshot=mosaic_generated_028_t_145 | degradedBestEffort=0
- no degraded best-effort decision

Window 29 | snapshot=mosaic_generated_029_t_150 | degradedBestEffort=0
- no degraded best-effort decision

Window 30 | snapshot=mosaic_generated_030_t_155 | degradedBestEffort=0
- no degraded best-effort decision

Window 31 | snapshot=mosaic_generated_031_t_160 | degradedBestEffort=0
- no degraded best-effort decision

Window 32 | snapshot=mosaic_generated_032_t_165 | degradedBestEffort=0
- no degraded best-effort decision

Window 33 | snapshot=mosaic_generated_033_t_170 | degradedBestEffort=0
- no degraded best-effort decision

Window 34 | snapshot=mosaic_generated_034_t_175 | degradedBestEffort=0
- no degraded best-effort decision

Window 35 | snapshot=mosaic_generated_035_t_180 | degradedBestEffort=0
- no degraded best-effort decision

------------------------------------------------------------
CLOUD GATEWAY CONFIGURATION SUMMARY
------------------------------------------------------------
mode: STRICT_GATEWAY
legacyPlaceholderEnabled: false
configuredGatewayCountAcrossRun: 2
firstSnapshotAccessLinkCount: 0
maximumAccessLinkCountAcrossWindows: 24
maximumActiveAccessLinkCountAcrossWindows: 8
windowsWithActiveAccessLinks: 25
windowsWithoutActiveAccessLinks: 11

------------------------------------------------------------
CLOUD GATEWAY SUMMARY BY WINDOW
------------------------------------------------------------
idx | snapshot | vehicles | gateways | activeLinks | cloudCandidates | cloudDecisions | gatewayAwareCloud | placeholderCloud | filteredCloud | avgPhiLink | maxPhiLink | avgCoverage | minCoverage
0 | mosaic_generated_000_t_005 | 0 | 2 | 0 | 0 | 0 | 0 | 0 | 0 | - | - | - | -
1 | mosaic_generated_001_t_010 | 1 | 2 | 0 | 0 | 0 | 0 | 0 | 0 | - | - | - | -
2 | mosaic_generated_002_t_015 | 3 | 2 | 0 | 0 | 0 | 0 | 0 | 0 | - | - | - | -
3 | mosaic_generated_003_t_020 | 4 | 2 | 0 | 0 | 0 | 0 | 0 | 0 | - | - | - | -
4 | mosaic_generated_004_t_025 | 5 | 2 | 0 | 0 | 0 | 0 | 0 | 0 | - | - | - | -
5 | mosaic_generated_005_t_030 | 6 | 2 | 0 | 0 | 0 | 0 | 0 | 0 | - | - | - | -
6 | mosaic_generated_006_t_035 | 8 | 2 | 2 | 2 | 0 | 0 | 0 | 0 | - | - | - | -
7 | mosaic_generated_007_t_040 | 9 | 2 | 3 | 3 | 0 | 0 | 0 | 0 | - | - | - | -
8 | mosaic_generated_008_t_045 | 10 | 2 | 4 | 4 | 0 | 0 | 0 | 0 | - | - | - | -
9 | mosaic_generated_009_t_050 | 11 | 2 | 5 | 5 | 0 | 0 | 0 | 0 | - | - | - | -
10 | mosaic_generated_010_t_055 | 12 | 2 | 7 | 7 | 0 | 0 | 0 | 0 | - | - | - | -
11 | mosaic_generated_011_t_060 | 12 | 2 | 7 | 7 | 0 | 0 | 0 | 0 | - | - | - | -
12 | mosaic_generated_012_t_065 | 12 | 2 | 7 | 7 | 0 | 0 | 0 | 0 | - | - | - | -
13 | mosaic_generated_013_t_070 | 12 | 2 | 7 | 7 | 0 | 0 | 0 | 0 | - | - | - | -
14 | mosaic_generated_014_t_075 | 12 | 2 | 8 | 8 | 0 | 0 | 0 | 0 | - | - | - | -
15 | mosaic_generated_015_t_080 | 12 | 2 | 6 | 6 | 0 | 0 | 0 | 0 | - | - | - | -
16 | mosaic_generated_016_t_085 | 12 | 2 | 5 | 5 | 0 | 0 | 0 | 0 | - | - | - | -
17 | mosaic_generated_017_t_090 | 12 | 2 | 4 | 4 | 0 | 0 | 0 | 0 | - | - | - | -
18 | mosaic_generated_018_t_095 | 12 | 2 | 3 | 3 | 0 | 0 | 0 | 0 | - | - | - | -
19 | mosaic_generated_019_t_100 | 12 | 2 | 2 | 2 | 0 | 0 | 0 | 0 | - | - | - | -
20 | mosaic_generated_020_t_105 | 12 | 2 | 2 | 2 | 0 | 0 | 0 | 0 | - | - | - | -
21 | mosaic_generated_021_t_110 | 12 | 2 | 4 | 4 | 0 | 0 | 0 | 0 | - | - | - | -
22 | mosaic_generated_022_t_115 | 12 | 2 | 5 | 5 | 0 | 0 | 0 | 0 | - | - | - | -
23 | mosaic_generated_023_t_120 | 12 | 2 | 4 | 4 | 0 | 0 | 0 | 0 | - | - | - | -
24 | mosaic_generated_024_t_125 | 12 | 2 | 4 | 4 | 0 | 0 | 0 | 0 | - | - | - | -
25 | mosaic_generated_025_t_130 | 12 | 2 | 5 | 5 | 0 | 0 | 0 | 0 | - | - | - | -
26 | mosaic_generated_026_t_135 | 12 | 2 | 5 | 5 | 0 | 0 | 0 | 0 | - | - | - | -
27 | mosaic_generated_027_t_140 | 12 | 2 | 4 | 4 | 0 | 0 | 0 | 0 | - | - | - | -
28 | mosaic_generated_028_t_145 | 12 | 2 | 4 | 4 | 0 | 0 | 0 | 0 | - | - | - | -
29 | mosaic_generated_029_t_150 | 12 | 2 | 3 | 3 | 0 | 0 | 0 | 0 | - | - | - | -
30 | mosaic_generated_030_t_155 | 12 | 2 | 2 | 2 | 0 | 0 | 0 | 0 | - | - | - | -
31 | mosaic_generated_031_t_160 | 12 | 2 | 0 | 0 | 0 | 0 | 0 | 0 | - | - | - | -
32 | mosaic_generated_032_t_165 | 12 | 2 | 0 | 0 | 0 | 0 | 0 | 0 | - | - | - | -
33 | mosaic_generated_033_t_170 | 12 | 2 | 0 | 0 | 0 | 0 | 0 | 0 | - | - | - | -
34 | mosaic_generated_034_t_175 | 12 | 2 | 0 | 0 | 0 | 0 | 0 | 0 | - | - | - | -
35 | mosaic_generated_035_t_180 | 12 | 2 | 0 | 0 | 0 | 0 | 0 | 0 | - | - | - | -

------------------------------------------------------------
CLOUD ACCESS-RISK DECISIONS BY WINDOW
------------------------------------------------------------
idx | task | vehicle | cloudCandidate | gateway | distance | radius | coverage | phiLink | phiHo | model

------------------------------------------------------------
ACCESS LINK TRANSITIONS
------------------------------------------------------------
idx | vehicle | previousGateway | currentGateway | transition
6 | veh_0 | - | rsu_north | COVERAGE_GAIN
6 | veh_1 | - | rsu_north | COVERAGE_GAIN
7 | veh_2 | - | rsu_north | COVERAGE_GAIN
8 | veh_3 | - | rsu_north | COVERAGE_GAIN
9 | veh_4 | - | rsu_north | COVERAGE_GAIN
10 | veh_5 | - | rsu_north | COVERAGE_GAIN
10 | veh_6 | - | rsu_north | COVERAGE_GAIN
11 | veh_0 | rsu_north | - | COVERAGE_LOSS
11 | veh_7 | - | rsu_north | COVERAGE_GAIN
12 | veh_1 | rsu_north | - | COVERAGE_LOSS
12 | veh_8 | - | rsu_north | COVERAGE_GAIN
13 | veh_2 | rsu_north | - | COVERAGE_LOSS
13 | veh_9 | - | rsu_north | COVERAGE_GAIN
14 | veh_10 | - | rsu_north | COVERAGE_GAIN
14 | veh_11 | - | rsu_north | COVERAGE_GAIN
14 | veh_3 | rsu_north | - | COVERAGE_LOSS
15 | veh_4 | rsu_north | - | COVERAGE_LOSS
15 | veh_5 | rsu_north | - | COVERAGE_LOSS
16 | veh_6 | rsu_north | - | COVERAGE_LOSS
17 | veh_7 | rsu_north | - | COVERAGE_LOSS
18 | veh_8 | rsu_north | - | COVERAGE_LOSS
19 | veh_0 | - | rsu_central | COVERAGE_GAIN
19 | veh_10 | rsu_north | - | COVERAGE_LOSS
19 | veh_9 | rsu_north | - | COVERAGE_LOSS
20 | veh_1 | - | rsu_central | COVERAGE_GAIN
20 | veh_11 | rsu_north | - | COVERAGE_LOSS
21 | veh_2 | - | rsu_central | COVERAGE_GAIN
21 | veh_3 | - | rsu_central | COVERAGE_GAIN
22 | veh_4 | - | rsu_central | COVERAGE_GAIN
23 | veh_0 | rsu_central | - | COVERAGE_LOSS
23 | veh_1 | rsu_central | - | COVERAGE_LOSS
23 | veh_5 | - | rsu_central | COVERAGE_GAIN
24 | veh_2 | rsu_central | - | COVERAGE_LOSS
24 | veh_6 | - | rsu_central | COVERAGE_GAIN
25 | veh_3 | rsu_central | - | COVERAGE_LOSS
25 | veh_7 | - | rsu_central | COVERAGE_GAIN
25 | veh_8 | - | rsu_central | COVERAGE_GAIN
26 | veh_4 | rsu_central | - | COVERAGE_LOSS
26 | veh_9 | - | rsu_central | COVERAGE_GAIN
27 | veh_10 | - | rsu_central | COVERAGE_GAIN
27 | veh_5 | rsu_central | - | COVERAGE_LOSS
27 | veh_6 | rsu_central | - | COVERAGE_LOSS
28 | veh_11 | - | rsu_central | COVERAGE_GAIN
28 | veh_7 | rsu_central | - | COVERAGE_LOSS
29 | veh_8 | rsu_central | - | COVERAGE_LOSS
30 | veh_9 | rsu_central | - | COVERAGE_LOSS
31 | veh_10 | rsu_central | - | COVERAGE_LOSS
31 | veh_11 | rsu_central | - | COVERAGE_LOSS

------------------------------------------------------------
ACCESS LINK DYNAMICITY DIAGNOSTIC
------------------------------------------------------------
idx | snapshot | commonVehicles | avgPrevQ | avgCurrQ | Dl | degradedLinks | recoveredLinks | unavailableLinks | coverageLosses | coverageGains | handovers
0 | mosaic_generated_000_t_005 | 0 | - | - | 0,000000 | 0 | 0 | 0 | 0
1 | mosaic_generated_001_t_010 | 0 | - | - | 0,000000 | 0 | 0 | 0 | 0 | 0 | 0
2 | mosaic_generated_002_t_015 | 1 | 0,000000 | 0,000000 | 0,000000 | 0 | 0 | 1 | 0 | 0 | 0
3 | mosaic_generated_003_t_020 | 3 | 0,000000 | 0,000000 | 0,000000 | 0 | 0 | 3 | 0 | 0 | 0
4 | mosaic_generated_004_t_025 | 4 | 0,000000 | 0,000000 | 0,000000 | 0 | 0 | 4 | 0 | 0 | 0
5 | mosaic_generated_005_t_030 | 5 | 0,000000 | 0,000000 | 0,000000 | 0 | 0 | 5 | 0 | 0 | 0
6 | mosaic_generated_006_t_035 | 6 | 0,000000 | 0,063123 | 0,063123 | 0 | 2 | 4 | 0 | 2 | 0
7 | mosaic_generated_007_t_040 | 8 | 0,047342 | 0,147289 | 0,099946 | 0 | 3 | 5 | 0 | 1 | 0
8 | mosaic_generated_008_t_045 | 9 | 0,130923 | 0,262473 | 0,131550 | 0 | 4 | 5 | 0 | 1 | 0
9 | mosaic_generated_009_t_050 | 10 | 0,236226 | 0,316263 | 0,147262 | 1 | 4 | 5 | 0 | 1 | 0
10 | mosaic_generated_010_t_055 | 11 | 0,287511 | 0,327446 | 0,163798 | 2 | 5 | 4 | 0 | 2 | 0
11 | mosaic_generated_011_t_060 | 12 | 0,300158 | 0,306905 | 0,184442 | 4 | 4 | 5 | 1 | 1 | 0
12 | mosaic_generated_012_t_065 | 12 | 0,306905 | 0,309937 | 0,195312 | 4 | 4 | 5 | 1 | 1 | 0
13 | mosaic_generated_013_t_070 | 12 | 0,309937 | 0,304842 | 0,194090 | 4 | 4 | 5 | 1 | 1 | 0
14 | mosaic_generated_014_t_075 | 12 | 0,304842 | 0,303910 | 0,187389 | 4 | 5 | 4 | 1 | 2 | 0
15 | mosaic_generated_015_t_080 | 12 | 0,303910 | 0,295296 | 0,178218 | 5 | 3 | 6 | 2 | 0 | 0
16 | mosaic_generated_016_t_085 | 12 | 0,295296 | 0,253206 | 0,150094 | 4 | 2 | 7 | 1 | 0 | 0
17 | mosaic_generated_017_t_090 | 12 | 0,253206 | 0,170852 | 0,116373 | 4 | 1 | 8 | 1 | 0 | 0
18 | mosaic_generated_018_t_095 | 12 | 0,170852 | 0,077303 | 0,093549 | 4 | 0 | 9 | 1 | 0 | 0
19 | mosaic_generated_019_t_100 | 12 | 0,077303 | 0,043480 | 0,079053 | 3 | 1 | 10 | 2 | 1 | 0
20 | mosaic_generated_020_t_105 | 12 | 0,043480 | 0,097374 | 0,095625 | 1 | 2 | 10 | 1 | 1 | 0
21 | mosaic_generated_021_t_110 | 12 | 0,097374 | 0,167918 | 0,100713 | 1 | 3 | 8 | 0 | 2 | 0
22 | mosaic_generated_022_t_115 | 12 | 0,167918 | 0,186525 | 0,167896 | 2 | 3 | 7 | 0 | 1 | 0
23 | mosaic_generated_023_t_120 | 12 | 0,186525 | 0,182676 | 0,178010 | 3 | 3 | 8 | 2 | 1 | 0
24 | mosaic_generated_024_t_125 | 12 | 0,182676 | 0,183413 | 0,155379 | 2 | 3 | 8 | 1 | 1 | 0
25 | mosaic_generated_025_t_130 | 12 | 0,183413 | 0,186667 | 0,169097 | 3 | 3 | 7 | 1 | 2 | 0
26 | mosaic_generated_026_t_135 | 12 | 0,186667 | 0,188798 | 0,183463 | 3 | 3 | 7 | 1 | 1 | 0
27 | mosaic_generated_027_t_140 | 12 | 0,188798 | 0,185683 | 0,180220 | 3 | 3 | 8 | 2 | 1 | 0
28 | mosaic_generated_028_t_145 | 12 | 0,185683 | 0,185414 | 0,155663 | 2 | 3 | 8 | 1 | 1 | 0
29 | mosaic_generated_029_t_150 | 12 | 0,185414 | 0,139802 | 0,129760 | 3 | 1 | 9 | 1 | 0 | 0
30 | mosaic_generated_030_t_155 | 12 | 0,139802 | 0,047718 | 0,092084 | 3 | 0 | 10 | 1 | 0 | 0
31 | mosaic_generated_031_t_160 | 12 | 0,047718 | 0,000000 | 0,047718 | 2 | 0 | 12 | 2 | 0 | 0
32 | mosaic_generated_032_t_165 | 12 | 0,000000 | 0,000000 | 0,000000 | 0 | 0 | 12 | 0 | 0 | 0
33 | mosaic_generated_033_t_170 | 12 | 0,000000 | 0,000000 | 0,000000 | 0 | 0 | 12 | 0 | 0 | 0
34 | mosaic_generated_034_t_175 | 12 | 0,000000 | 0,000000 | 0,000000 | 0 | 0 | 12 | 0 | 0 | 0
35 | mosaic_generated_035_t_180 | 12 | 0,000000 | 0,000000 | 0,000000 | 0 | 0 | 12 | 0 | 0 | 0

------------------------------------------------------------
TOP ACCESS LINK QUALITY CHANGES
------------------------------------------------------------
idx | vehicle | previousGateway | currentGateway | prevAvailable | currAvailable | prevDistance | currDistance | prevPhiLink | currPhiLink | prevQ | currQ | deltaQ | transition
22 | veh_3 | rsu_central | rsu_central | true | true | 287,757941 | 125,699358 | 0,959193 | 0,418998 | 0,040807 | 0,581002 | 0,540195 | UNCHANGED
23 | veh_4 | rsu_central | rsu_central | true | true | 252,115100 | 90,255936 | 0,840384 | 0,300853 | 0,159616 | 0,699147 | 0,539531 | UNCHANGED
27 | veh_9 | rsu_central | rsu_central | true | true | 252,318836 | 91,432604 | 0,841063 | 0,304775 | 0,158937 | 0,695225 | 0,536287 | UNCHANGED
25 | veh_4 | rsu_central | rsu_central | true | true | 83,532587 | 243,986171 | 0,278442 | 0,813287 | 0,721558 | 0,186713 | -0,534845 | UNCHANGED
26 | veh_8 | rsu_central | rsu_central | true | true | 282,239127 | 122,002407 | 0,940797 | 0,406675 | 0,059203 | 0,593325 | 0,534122 | UNCHANGED
22 | veh_0 | rsu_central | rsu_central | true | true | 114,409201 | 274,491545 | 0,381364 | 0,914972 | 0,618636 | 0,085028 | -0,533608 | UNCHANGED
26 | veh_5 | rsu_central | rsu_central | true | true | 109,586772 | 269,501037 | 0,365289 | 0,898337 | 0,634711 | 0,101663 | -0,533048 | UNCHANGED
29 | veh_9 | rsu_central | rsu_central | true | true | 82,174935 | 241,498122 | 0,273916 | 0,804994 | 0,726084 | 0,195006 | -0,531077 | UNCHANGED
24 | veh_5 | rsu_central | rsu_central | true | true | 223,897019 | 64,952596 | 0,746323 | 0,216509 | 0,253677 | 0,783491 | 0,529815 | UNCHANGED
20 | veh_0 | rsu_central | rsu_central | true | true | 218,585521 | 60,105592 | 0,728618 | 0,200352 | 0,271382 | 0,799648 | 0,528266 | UNCHANGED

------------------------------------------------------------
ACCESS LINK DYNAMICITY INTERPRETATION
------------------------------------------------------------
- Dv(k) now measures only vehicle entry/exit churn.
- Dl(k) is the mean absolute variation of q_v(k) over vehicles present in both consecutive windows.
- q_v(k) = 1 - phi_link(v, activeGateway); unavailable or missing access links have q_v(k) = 0.
- Missing gateways do not create synthetic distance or phi_link metrics; unavailable metrics are rendered as '-'.
- Coverage loss and coverage gain are reported separately from gateway-to-gateway handover.
- Computational candidate additions do not alter Dl(k) when active access links stay unchanged.
- A gateway transition is reported separately. It affects Dl(k) only through the resulting quality variation.

------------------------------------------------------------
HIERARCHICAL BANDWIDTH INTERPRETATION
------------------------------------------------------------
- link constraint: sum bandwidth by candidateId <= candidate.availableBandwidth
- pool constraint: sum bandwidth by poolId <= pool.availableBandwidth
- the pool does not replace the source-aware link limit: both constraints must hold
- EDGE/CLOUD resolve poolId through the active access gateway; V2V uses the explicit DIRECT_V2V binding

------------------------------------------------------------
BANDWIDTH POOL CONFIGURATION SUMMARY
------------------------------------------------------------
poolCount: 2
- pool_rsu_central | type=GATEWAY | capacity=8000000,000000
- pool_rsu_north | type=GATEWAY | capacity=40000000,000000

------------------------------------------------------------
HIERARCHICAL BANDWIDTH CHECK BY WINDOW
------------------------------------------------------------
idx | snapshot | remoteGenes | unresolved | violatedLinks | saturatedLinks | violatedPools | saturatedPools | status
0 | mosaic_generated_000_t_005 | 0 | 0 | 0 | 0 | 0 | 0 | OK
1 | mosaic_generated_001_t_010 | 0 | 0 | 0 | 0 | 0 | 0 | OK
2 | mosaic_generated_002_t_015 | 0 | 0 | 0 | 0 | 0 | 0 | OK
3 | mosaic_generated_003_t_020 | 0 | 0 | 0 | 0 | 0 | 0 | OK
4 | mosaic_generated_004_t_025 | 0 | 0 | 0 | 0 | 0 | 0 | OK
5 | mosaic_generated_005_t_030 | 0 | 0 | 0 | 0 | 0 | 0 | OK
6 | mosaic_generated_006_t_035 | 0 | 0 | 0 | 0 | 0 | 0 | OK
7 | mosaic_generated_007_t_040 | 0 | 0 | 0 | 0 | 0 | 0 | OK
8 | mosaic_generated_008_t_045 | 0 | 0 | 0 | 0 | 0 | 0 | OK
9 | mosaic_generated_009_t_050 | 0 | 0 | 0 | 0 | 0 | 0 | OK
10 | mosaic_generated_010_t_055 | 0 | 0 | 0 | 0 | 0 | 0 | OK
11 | mosaic_generated_011_t_060 | 0 | 0 | 0 | 0 | 0 | 0 | OK
12 | mosaic_generated_012_t_065 | 0 | 0 | 0 | 0 | 0 | 0 | OK
13 | mosaic_generated_013_t_070 | 0 | 0 | 0 | 0 | 0 | 0 | OK
14 | mosaic_generated_014_t_075 | 0 | 0 | 0 | 0 | 0 | 0 | OK
15 | mosaic_generated_015_t_080 | 0 | 0 | 0 | 0 | 0 | 0 | OK
16 | mosaic_generated_016_t_085 | 0 | 0 | 0 | 0 | 0 | 0 | OK
17 | mosaic_generated_017_t_090 | 0 | 0 | 0 | 0 | 0 | 0 | OK
18 | mosaic_generated_018_t_095 | 0 | 0 | 0 | 0 | 0 | 0 | OK
19 | mosaic_generated_019_t_100 | 0 | 0 | 0 | 0 | 0 | 0 | OK
20 | mosaic_generated_020_t_105 | 0 | 0 | 0 | 0 | 0 | 0 | OK
21 | mosaic_generated_021_t_110 | 0 | 0 | 0 | 0 | 0 | 0 | OK
22 | mosaic_generated_022_t_115 | 0 | 0 | 0 | 0 | 0 | 0 | OK
23 | mosaic_generated_023_t_120 | 0 | 0 | 0 | 0 | 0 | 0 | OK
24 | mosaic_generated_024_t_125 | 0 | 0 | 0 | 0 | 0 | 0 | OK
25 | mosaic_generated_025_t_130 | 0 | 0 | 0 | 0 | 0 | 0 | OK
26 | mosaic_generated_026_t_135 | 0 | 0 | 0 | 0 | 0 | 0 | OK
27 | mosaic_generated_027_t_140 | 0 | 0 | 0 | 0 | 0 | 0 | OK
28 | mosaic_generated_028_t_145 | 0 | 0 | 0 | 0 | 0 | 0 | OK
29 | mosaic_generated_029_t_150 | 0 | 0 | 0 | 0 | 0 | 0 | OK
30 | mosaic_generated_030_t_155 | 0 | 0 | 0 | 0 | 0 | 0 | OK
31 | mosaic_generated_031_t_160 | 0 | 0 | 0 | 0 | 0 | 0 | OK
32 | mosaic_generated_032_t_165 | 0 | 0 | 0 | 0 | 0 | 0 | OK
33 | mosaic_generated_033_t_170 | 0 | 0 | 0 | 0 | 0 | 0 | OK
34 | mosaic_generated_034_t_175 | 0 | 0 | 0 | 0 | 0 | 0 | OK
35 | mosaic_generated_035_t_180 | 0 | 0 | 0 | 0 | 0 | 0 | OK

------------------------------------------------------------
LINK BANDWIDTH PRESSURE SUMMARY BY WINDOW
------------------------------------------------------------
idx | snapshot | usedLinks | violatedLinks | saturatedLinks | worstLink | worstUsage% | totalRequested
0 | mosaic_generated_000_t_005 | 0 | 0 | 0 | none | 0,000000 | 0,000000
1 | mosaic_generated_001_t_010 | 0 | 0 | 0 | none | 0,000000 | 0,000000
2 | mosaic_generated_002_t_015 | 0 | 0 | 0 | none | 0,000000 | 0,000000
3 | mosaic_generated_003_t_020 | 0 | 0 | 0 | none | 0,000000 | 0,000000
4 | mosaic_generated_004_t_025 | 0 | 0 | 0 | none | 0,000000 | 0,000000
5 | mosaic_generated_005_t_030 | 0 | 0 | 0 | none | 0,000000 | 0,000000
6 | mosaic_generated_006_t_035 | 0 | 0 | 0 | none | 0,000000 | 0,000000
7 | mosaic_generated_007_t_040 | 0 | 0 | 0 | none | 0,000000 | 0,000000
8 | mosaic_generated_008_t_045 | 0 | 0 | 0 | none | 0,000000 | 0,000000
9 | mosaic_generated_009_t_050 | 0 | 0 | 0 | none | 0,000000 | 0,000000
10 | mosaic_generated_010_t_055 | 0 | 0 | 0 | none | 0,000000 | 0,000000
11 | mosaic_generated_011_t_060 | 0 | 0 | 0 | none | 0,000000 | 0,000000
12 | mosaic_generated_012_t_065 | 0 | 0 | 0 | none | 0,000000 | 0,000000
13 | mosaic_generated_013_t_070 | 0 | 0 | 0 | none | 0,000000 | 0,000000
14 | mosaic_generated_014_t_075 | 0 | 0 | 0 | none | 0,000000 | 0,000000
15 | mosaic_generated_015_t_080 | 0 | 0 | 0 | none | 0,000000 | 0,000000
16 | mosaic_generated_016_t_085 | 0 | 0 | 0 | none | 0,000000 | 0,000000
17 | mosaic_generated_017_t_090 | 0 | 0 | 0 | none | 0,000000 | 0,000000
18 | mosaic_generated_018_t_095 | 0 | 0 | 0 | none | 0,000000 | 0,000000
19 | mosaic_generated_019_t_100 | 0 | 0 | 0 | none | 0,000000 | 0,000000
20 | mosaic_generated_020_t_105 | 0 | 0 | 0 | none | 0,000000 | 0,000000
21 | mosaic_generated_021_t_110 | 0 | 0 | 0 | none | 0,000000 | 0,000000
22 | mosaic_generated_022_t_115 | 0 | 0 | 0 | none | 0,000000 | 0,000000
23 | mosaic_generated_023_t_120 | 0 | 0 | 0 | none | 0,000000 | 0,000000
24 | mosaic_generated_024_t_125 | 0 | 0 | 0 | none | 0,000000 | 0,000000
25 | mosaic_generated_025_t_130 | 0 | 0 | 0 | none | 0,000000 | 0,000000
26 | mosaic_generated_026_t_135 | 0 | 0 | 0 | none | 0,000000 | 0,000000
27 | mosaic_generated_027_t_140 | 0 | 0 | 0 | none | 0,000000 | 0,000000
28 | mosaic_generated_028_t_145 | 0 | 0 | 0 | none | 0,000000 | 0,000000
29 | mosaic_generated_029_t_150 | 0 | 0 | 0 | none | 0,000000 | 0,000000
30 | mosaic_generated_030_t_155 | 0 | 0 | 0 | none | 0,000000 | 0,000000
31 | mosaic_generated_031_t_160 | 0 | 0 | 0 | none | 0,000000 | 0,000000
32 | mosaic_generated_032_t_165 | 0 | 0 | 0 | none | 0,000000 | 0,000000
33 | mosaic_generated_033_t_170 | 0 | 0 | 0 | none | 0,000000 | 0,000000
34 | mosaic_generated_034_t_175 | 0 | 0 | 0 | none | 0,000000 | 0,000000
35 | mosaic_generated_035_t_180 | 0 | 0 | 0 | none | 0,000000 | 0,000000

------------------------------------------------------------
LINK BANDWIDTH DETAILS BY WINDOW
------------------------------------------------------------
idx | snapshot | candidateId | sourceVehicle | executionNode | type | used | capacity | usage% | violation | saturated | taskCount | resolvedPool

------------------------------------------------------------
BANDWIDTH POOL SUMMARY BY WINDOW
------------------------------------------------------------
idx | snapshot | pools | remoteGenes | unresolved | violatedPools | saturatedPools | worstPool | worstUsage% | totalRequested | totalCapacity
0 | mosaic_generated_000_t_005 | 2 | 0 | 0 | 0 | 0 | none | 0,000000 | 0,000000 | 48000000,000000
1 | mosaic_generated_001_t_010 | 2 | 0 | 0 | 0 | 0 | none | 0,000000 | 0,000000 | 47957680,000000
2 | mosaic_generated_002_t_015 | 5 | 0 | 0 | 0 | 0 | none | 0,000000 | 0,000000 | 77915360,000000
3 | mosaic_generated_003_t_020 | 8 | 0 | 0 | 0 | 0 | none | 0,000000 | 0,000000 | 107830720,000000
4 | mosaic_generated_004_t_025 | 12 | 0 | 0 | 0 | 0 | none | 0,000000 | 0,000000 | 147788400,000000
5 | mosaic_generated_005_t_030 | 16 | 0 | 0 | 0 | 0 | none | 0,000000 | 0,000000 | 187746080,000000
6 | mosaic_generated_006_t_035 | 26 | 0 | 0 | 0 | 0 | none | 0,000000 | 0,000000 | 287703760,000000
7 | mosaic_generated_007_t_040 | 31 | 0 | 0 | 0 | 0 | none | 0,000000 | 0,000000 | 337619120,000000
8 | mosaic_generated_008_t_045 | 36 | 0 | 0 | 0 | 0 | none | 0,000000 | 0,000000 | 387576800,000000
9 | mosaic_generated_009_t_050 | 41 | 0 | 0 | 0 | 0 | none | 0,000000 | 0,000000 | 437534480,000000
10 | mosaic_generated_010_t_055 | 45 | 0 | 0 | 0 | 0 | none | 0,000000 | 0,000000 | 477492160,000000
11 | mosaic_generated_011_t_060 | 47 | 0 | 0 | 0 | 0 | none | 0,000000 | 0,000000 | 497492160,000000
12 | mosaic_generated_012_t_065 | 47 | 0 | 0 | 0 | 0 | none | 0,000000 | 0,000000 | 497492160,000000
13 | mosaic_generated_013_t_070 | 46 | 0 | 0 | 0 | 0 | none | 0,000000 | 0,000000 | 487492160,000000
14 | mosaic_generated_014_t_075 | 46 | 0 | 0 | 0 | 0 | none | 0,000000 | 0,000000 | 487492160,000000
15 | mosaic_generated_015_t_080 | 46 | 0 | 0 | 0 | 0 | none | 0,000000 | 0,000000 | 487492160,000000
16 | mosaic_generated_016_t_085 | 46 | 0 | 0 | 0 | 0 | none | 0,000000 | 0,000000 | 487492160,000000
17 | mosaic_generated_017_t_090 | 46 | 0 | 0 | 0 | 0 | none | 0,000000 | 0,000000 | 487492160,000000
18 | mosaic_generated_018_t_095 | 46 | 0 | 0 | 0 | 0 | none | 0,000000 | 0,000000 | 487492160,000000
19 | mosaic_generated_019_t_100 | 46 | 0 | 0 | 0 | 0 | none | 0,000000 | 0,000000 | 487492160,000000
20 | mosaic_generated_020_t_105 | 46 | 0 | 0 | 0 | 0 | none | 0,000000 | 0,000000 | 487576800,000000
21 | mosaic_generated_021_t_110 | 46 | 0 | 0 | 0 | 0 | none | 0,000000 | 0,000000 | 487534480,000000
22 | mosaic_generated_022_t_115 | 47 | 0 | 0 | 0 | 0 | none | 0,000000 | 0,000000 | 497492160,000000
23 | mosaic_generated_023_t_120 | 47 | 0 | 0 | 0 | 0 | none | 0,000000 | 0,000000 | 497492160,000000
24 | mosaic_generated_024_t_125 | 47 | 0 | 0 | 0 | 0 | none | 0,000000 | 0,000000 | 497534480,000000
25 | mosaic_generated_025_t_130 | 47 | 0 | 0 | 0 | 0 | none | 0,000000 | 0,000000 | 497534480,000000
26 | mosaic_generated_026_t_135 | 47 | 0 | 0 | 0 | 0 | none | 0,000000 | 0,000000 | 497576800,000000
27 | mosaic_generated_027_t_140 | 47 | 0 | 0 | 0 | 0 | none | 0,000000 | 0,000000 | 497619120,000000
28 | mosaic_generated_028_t_145 | 47 | 0 | 0 | 0 | 0 | none | 0,000000 | 0,000000 | 497661440,000000
29 | mosaic_generated_029_t_150 | 47 | 0 | 0 | 0 | 0 | none | 0,000000 | 0,000000 | 497703760,000000
30 | mosaic_generated_030_t_155 | 49 | 0 | 0 | 0 | 0 | none | 0,000000 | 0,000000 | 517746080,000000
31 | mosaic_generated_031_t_160 | 50 | 0 | 0 | 0 | 0 | none | 0,000000 | 0,000000 | 527788400,000000
32 | mosaic_generated_032_t_165 | 51 | 0 | 0 | 0 | 0 | none | 0,000000 | 0,000000 | 537873040,000000
33 | mosaic_generated_033_t_170 | 54 | 0 | 0 | 0 | 0 | none | 0,000000 | 0,000000 | 567957680,000000
34 | mosaic_generated_034_t_175 | 55 | 0 | 0 | 0 | 0 | none | 0,000000 | 0,000000 | 577957680,000000
35 | mosaic_generated_035_t_180 | 2 | 0 | 0 | 0 | 0 | none | 0,000000 | 0,000000 | 48000000,000000

------------------------------------------------------------
BANDWIDTH POOL DETAILS BY WINDOW
------------------------------------------------------------
idx | snapshot | poolId | type | used | capacity | usage% | violation | saturated | taskCount
0 | mosaic_generated_000_t_005 | pool_rsu_central | GATEWAY | 0,000000 | 8000000,000000 | 0,000000 | false | false | 0
0 | mosaic_generated_000_t_005 | pool_rsu_north | GATEWAY | 0,000000 | 40000000,000000 | 0,000000 | false | false | 0
1 | mosaic_generated_001_t_010 | pool_rsu_central | GATEWAY | 0,000000 | 8000000,000000 | 0,000000 | false | false | 0
1 | mosaic_generated_001_t_010 | pool_rsu_north | GATEWAY | 0,000000 | 39957680,000000 | 0,000000 | false | false | 0
2 | mosaic_generated_002_t_015 | pool_v2v_veh_0_veh_1 | DIRECT_V2V | 0,000000 | 10000000,000000 | 0,000000 | false | false | 0
2 | mosaic_generated_002_t_015 | pool_v2v_veh_0_veh_2 | DIRECT_V2V | 0,000000 | 10000000,000000 | 0,000000 | false | false | 0
2 | mosaic_generated_002_t_015 | pool_v2v_veh_1_veh_2 | DIRECT_V2V | 0,000000 | 10000000,000000 | 0,000000 | false | false | 0
2 | mosaic_generated_002_t_015 | pool_rsu_central | GATEWAY | 0,000000 | 8000000,000000 | 0,000000 | false | false | 0
2 | mosaic_generated_002_t_015 | pool_rsu_north | GATEWAY | 0,000000 | 39915360,000000 | 0,000000 | false | false | 0
3 | mosaic_generated_003_t_020 | pool_v2v_veh_0_veh_1 | DIRECT_V2V | 0,000000 | 10000000,000000 | 0,000000 | false | false | 0
3 | mosaic_generated_003_t_020 | pool_v2v_veh_0_veh_2 | DIRECT_V2V | 0,000000 | 10000000,000000 | 0,000000 | false | false | 0
3 | mosaic_generated_003_t_020 | pool_v2v_veh_0_veh_3 | DIRECT_V2V | 0,000000 | 10000000,000000 | 0,000000 | false | false | 0
3 | mosaic_generated_003_t_020 | pool_v2v_veh_1_veh_2 | DIRECT_V2V | 0,000000 | 10000000,000000 | 0,000000 | false | false | 0
3 | mosaic_generated_003_t_020 | pool_v2v_veh_1_veh_3 | DIRECT_V2V | 0,000000 | 10000000,000000 | 0,000000 | false | false | 0
3 | mosaic_generated_003_t_020 | pool_v2v_veh_2_veh_3 | DIRECT_V2V | 0,000000 | 10000000,000000 | 0,000000 | false | false | 0
3 | mosaic_generated_003_t_020 | pool_rsu_central | GATEWAY | 0,000000 | 8000000,000000 | 0,000000 | false | false | 0
3 | mosaic_generated_003_t_020 | pool_rsu_north | GATEWAY | 0,000000 | 39830720,000000 | 0,000000 | false | false | 0
4 | mosaic_generated_004_t_025 | pool_v2v_veh_0_veh_1 | DIRECT_V2V | 0,000000 | 10000000,000000 | 0,000000 | false | false | 0
4 | mosaic_generated_004_t_025 | pool_v2v_veh_0_veh_2 | DIRECT_V2V | 0,000000 | 10000000,000000 | 0,000000 | false | false | 0
4 | mosaic_generated_004_t_025 | pool_v2v_veh_0_veh_3 | DIRECT_V2V | 0,000000 | 10000000,000000 | 0,000000 | false | false | 0
4 | mosaic_generated_004_t_025 | pool_v2v_veh_0_veh_4 | DIRECT_V2V | 0,000000 | 10000000,000000 | 0,000000 | false | false | 0
4 | mosaic_generated_004_t_025 | pool_v2v_veh_1_veh_2 | DIRECT_V2V | 0,000000 | 10000000,000000 | 0,000000 | false | false | 0
4 | mosaic_generated_004_t_025 | pool_v2v_veh_1_veh_3 | DIRECT_V2V | 0,000000 | 10000000,000000 | 0,000000 | false | false | 0
4 | mosaic_generated_004_t_025 | pool_v2v_veh_1_veh_4 | DIRECT_V2V | 0,000000 | 10000000,000000 | 0,000000 | false | false | 0
4 | mosaic_generated_004_t_025 | pool_v2v_veh_2_veh_3 | DIRECT_V2V | 0,000000 | 10000000,000000 | 0,000000 | false | false | 0
4 | mosaic_generated_004_t_025 | pool_v2v_veh_2_veh_4 | DIRECT_V2V | 0,000000 | 10000000,000000 | 0,000000 | false | false | 0
4 | mosaic_generated_004_t_025 | pool_v2v_veh_3_veh_4 | DIRECT_V2V | 0,000000 | 10000000,000000 | 0,000000 | false | false | 0
4 | mosaic_generated_004_t_025 | pool_rsu_central | GATEWAY | 0,000000 | 8000000,000000 | 0,000000 | false | false | 0
4 | mosaic_generated_004_t_025 | pool_rsu_north | GATEWAY | 0,000000 | 39788400,000000 | 0,000000 | false | false | 0
5 | mosaic_generated_005_t_030 | pool_v2v_veh_0_veh_1 | DIRECT_V2V | 0,000000 | 10000000,000000 | 0,000000 | false | false | 0
5 | mosaic_generated_005_t_030 | pool_v2v_veh_0_veh_2 | DIRECT_V2V | 0,000000 | 10000000,000000 | 0,000000 | false | false | 0
5 | mosaic_generated_005_t_030 | pool_v2v_veh_0_veh_3 | DIRECT_V2V | 0,000000 | 10000000,000000 | 0,000000 | false | false | 0
5 | mosaic_generated_005_t_030 | pool_v2v_veh_0_veh_4 | DIRECT_V2V | 0,000000 | 10000000,000000 | 0,000000 | false | false | 0
5 | mosaic_generated_005_t_030 | pool_v2v_veh_1_veh_2 | DIRECT_V2V | 0,000000 | 10000000,000000 | 0,000000 | false | false | 0
5 | mosaic_generated_005_t_030 | pool_v2v_veh_1_veh_3 | DIRECT_V2V | 0,000000 | 10000000,000000 | 0,000000 | false | false | 0
5 | mosaic_generated_005_t_030 | pool_v2v_veh_1_veh_4 | DIRECT_V2V | 0,000000 | 10000000,000000 | 0,000000 | false | false | 0
5 | mosaic_generated_005_t_030 | pool_v2v_veh_1_veh_5 | DIRECT_V2V | 0,000000 | 10000000,000000 | 0,000000 | false | false | 0
5 | mosaic_generated_005_t_030 | pool_v2v_veh_2_veh_3 | DIRECT_V2V | 0,000000 | 10000000,000000 | 0,000000 | false | false | 0
5 | mosaic_generated_005_t_030 | pool_v2v_veh_2_veh_4 | DIRECT_V2V | 0,000000 | 10000000,000000 | 0,000000 | false | false | 0
5 | mosaic_generated_005_t_030 | pool_v2v_veh_2_veh_5 | DIRECT_V2V | 0,000000 | 10000000,000000 | 0,000000 | false | false | 0
5 | mosaic_generated_005_t_030 | pool_v2v_veh_3_veh_4 | DIRECT_V2V | 0,000000 | 10000000,000000 | 0,000000 | false | false | 0
5 | mosaic_generated_005_t_030 | pool_v2v_veh_3_veh_5 | DIRECT_V2V | 0,000000 | 10000000,000000 | 0,000000 | false | false | 0
5 | mosaic_generated_005_t_030 | pool_v2v_veh_4_veh_5 | DIRECT_V2V | 0,000000 | 10000000,000000 | 0,000000 | false | false | 0
5 | mosaic_generated_005_t_030 | pool_rsu_central | GATEWAY | 0,000000 | 8000000,000000 | 0,000000 | false | false | 0
5 | mosaic_generated_005_t_030 | pool_rsu_north | GATEWAY | 0,000000 | 39746080,000000 | 0,000000 | false | false | 0
6 | mosaic_generated_006_t_035 | pool_v2v_veh_0_veh_1 | DIRECT_V2V | 0,000000 | 10000000,000000 | 0,000000 | false | false | 0
6 | mosaic_generated_006_t_035 | pool_v2v_veh_0_veh_2 | DIRECT_V2V | 0,000000 | 10000000,000000 | 0,000000 | false | false | 0
6 | mosaic_generated_006_t_035 | pool_v2v_veh_0_veh_3 | DIRECT_V2V | 0,000000 | 10000000,000000 | 0,000000 | false | false | 0
6 | mosaic_generated_006_t_035 | pool_v2v_veh_0_veh_4 | DIRECT_V2V | 0,000000 | 10000000,000000 | 0,000000 | false | false | 0
6 | mosaic_generated_006_t_035 | pool_v2v_veh_1_veh_2 | DIRECT_V2V | 0,000000 | 10000000,000000 | 0,000000 | false | false | 0
6 | mosaic_generated_006_t_035 | pool_v2v_veh_1_veh_3 | DIRECT_V2V | 0,000000 | 10000000,000000 | 0,000000 | false | false | 0
6 | mosaic_generated_006_t_035 | pool_v2v_veh_1_veh_4 | DIRECT_V2V | 0,000000 | 10000000,000000 | 0,000000 | false | false | 0
6 | mosaic_generated_006_t_035 | pool_v2v_veh_1_veh_5 | DIRECT_V2V | 0,000000 | 10000000,000000 | 0,000000 | false | false | 0
6 | mosaic_generated_006_t_035 | pool_v2v_veh_1_veh_6 | DIRECT_V2V | 0,000000 | 10000000,000000 | 0,000000 | false | false | 0
6 | mosaic_generated_006_t_035 | pool_v2v_veh_2_veh_3 | DIRECT_V2V | 0,000000 | 10000000,000000 | 0,000000 | false | false | 0
6 | mosaic_generated_006_t_035 | pool_v2v_veh_2_veh_4 | DIRECT_V2V | 0,000000 | 10000000,000000 | 0,000000 | false | false | 0
6 | mosaic_generated_006_t_035 | pool_v2v_veh_2_veh_5 | DIRECT_V2V | 0,000000 | 10000000,000000 | 0,000000 | false | false | 0
6 | mosaic_generated_006_t_035 | pool_v2v_veh_2_veh_6 | DIRECT_V2V | 0,000000 | 10000000,000000 | 0,000000 | false | false | 0
6 | mosaic_generated_006_t_035 | pool_v2v_veh_2_veh_7 | DIRECT_V2V | 0,000000 | 10000000,000000 | 0,000000 | false | false | 0
6 | mosaic_generated_006_t_035 | pool_v2v_veh_3_veh_4 | DIRECT_V2V | 0,000000 | 10000000,000000 | 0,000000 | false | false | 0
6 | mosaic_generated_006_t_035 | pool_v2v_veh_3_veh_5 | DIRECT_V2V | 0,000000 | 10000000,000000 | 0,000000 | false | false | 0
6 | mosaic_generated_006_t_035 | pool_v2v_veh_3_veh_6 | DIRECT_V2V | 0,000000 | 10000000,000000 | 0,000000 | false | false | 0
6 | mosaic_generated_006_t_035 | pool_v2v_veh_3_veh_7 | DIRECT_V2V | 0,000000 | 10000000,000000 | 0,000000 | false | false | 0
6 | mosaic_generated_006_t_035 | pool_v2v_veh_4_veh_5 | DIRECT_V2V | 0,000000 | 10000000,000000 | 0,000000 | false | false | 0
6 | mosaic_generated_006_t_035 | pool_v2v_veh_4_veh_6 | DIRECT_V2V | 0,000000 | 10000000,000000 | 0,000000 | false | false | 0
6 | mosaic_generated_006_t_035 | pool_v2v_veh_4_veh_7 | DIRECT_V2V | 0,000000 | 10000000,000000 | 0,000000 | false | false | 0
6 | mosaic_generated_006_t_035 | pool_v2v_veh_5_veh_6 | DIRECT_V2V | 0,000000 | 10000000,000000 | 0,000000 | false | false | 0
6 | mosaic_generated_006_t_035 | pool_v2v_veh_5_veh_7 | DIRECT_V2V | 0,000000 | 10000000,000000 | 0,000000 | false | false | 0
6 | mosaic_generated_006_t_035 | pool_v2v_veh_6_veh_7 | DIRECT_V2V | 0,000000 | 10000000,000000 | 0,000000 | false | false | 0
6 | mosaic_generated_006_t_035 | pool_rsu_central | GATEWAY | 0,000000 | 8000000,000000 | 0,000000 | false | false | 0
6 | mosaic_generated_006_t_035 | pool_rsu_north | GATEWAY | 0,000000 | 39703760,000000 | 0,000000 | false | false | 0
7 | mosaic_generated_007_t_040 | pool_v2v_veh_0_veh_1 | DIRECT_V2V | 0,000000 | 10000000,000000 | 0,000000 | false | false | 0
7 | mosaic_generated_007_t_040 | pool_v2v_veh_0_veh_2 | DIRECT_V2V | 0,000000 | 10000000,000000 | 0,000000 | false | false | 0
7 | mosaic_generated_007_t_040 | pool_v2v_veh_0_veh_3 | DIRECT_V2V | 0,000000 | 10000000,000000 | 0,000000 | false | false | 0
7 | mosaic_generated_007_t_040 | pool_v2v_veh_0_veh_4 | DIRECT_V2V | 0,000000 | 10000000,000000 | 0,000000 | false | false | 0
7 | mosaic_generated_007_t_040 | pool_v2v_veh_1_veh_2 | DIRECT_V2V | 0,000000 | 10000000,000000 | 0,000000 | false | false | 0
7 | mosaic_generated_007_t_040 | pool_v2v_veh_1_veh_3 | DIRECT_V2V | 0,000000 | 10000000,000000 | 0,000000 | false | false | 0
7 | mosaic_generated_007_t_040 | pool_v2v_veh_1_veh_4 | DIRECT_V2V | 0,000000 | 10000000,000000 | 0,000000 | false | false | 0
7 | mosaic_generated_007_t_040 | pool_v2v_veh_1_veh_5 | DIRECT_V2V | 0,000000 | 10000000,000000 | 0,000000 | false | false | 0
7 | mosaic_generated_007_t_040 | pool_v2v_veh_1_veh_6 | DIRECT_V2V | 0,000000 | 10000000,000000 | 0,000000 | false | false | 0
7 | mosaic_generated_007_t_040 | pool_v2v_veh_2_veh_3 | DIRECT_V2V | 0,000000 | 10000000,000000 | 0,000000 | false | false | 0
7 | mosaic_generated_007_t_040 | pool_v2v_veh_2_veh_4 | DIRECT_V2V | 0,000000 | 10000000,000000 | 0,000000 | false | false | 0
7 | mosaic_generated_007_t_040 | pool_v2v_veh_2_veh_5 | DIRECT_V2V | 0,000000 | 10000000,000000 | 0,000000 | false | false | 0
7 | mosaic_generated_007_t_040 | pool_v2v_veh_2_veh_6 | DIRECT_V2V | 0,000000 | 10000000,000000 | 0,000000 | false | false | 0
7 | mosaic_generated_007_t_040 | pool_v2v_veh_2_veh_7 | DIRECT_V2V | 0,000000 | 10000000,000000 | 0,000000 | false | false | 0
7 | mosaic_generated_007_t_040 | pool_v2v_veh_3_veh_4 | DIRECT_V2V | 0,000000 | 10000000,000000 | 0,000000 | false | false | 0
7 | mosaic_generated_007_t_040 | pool_v2v_veh_3_veh_5 | DIRECT_V2V | 0,000000 | 10000000,000000 | 0,000000 | false | false | 0
7 | mosaic_generated_007_t_040 | pool_v2v_veh_3_veh_6 | DIRECT_V2V | 0,000000 | 10000000,000000 | 0,000000 | false | false | 0
7 | mosaic_generated_007_t_040 | pool_v2v_veh_3_veh_7 | DIRECT_V2V | 0,000000 | 10000000,000000 | 0,000000 | false | false | 0
7 | mosaic_generated_007_t_040 | pool_v2v_veh_3_veh_8 | DIRECT_V2V | 0,000000 | 10000000,000000 | 0,000000 | false | false | 0
7 | mosaic_generated_007_t_040 | pool_v2v_veh_4_veh_5 | DIRECT_V2V | 0,000000 | 10000000,000000 | 0,000000 | false | false | 0
7 | mosaic_generated_007_t_040 | pool_v2v_veh_4_veh_6 | DIRECT_V2V | 0,000000 | 10000000,000000 | 0,000000 | false | false | 0
7 | mosaic_generated_007_t_040 | pool_v2v_veh_4_veh_7 | DIRECT_V2V | 0,000000 | 10000000,000000 | 0,000000 | false | false | 0
7 | mosaic_generated_007_t_040 | pool_v2v_veh_4_veh_8 | DIRECT_V2V | 0,000000 | 10000000,000000 | 0,000000 | false | false | 0
7 | mosaic_generated_007_t_040 | pool_v2v_veh_5_veh_6 | DIRECT_V2V | 0,000000 | 10000000,000000 | 0,000000 | false | false | 0
7 | mosaic_generated_007_t_040 | pool_v2v_veh_5_veh_7 | DIRECT_V2V | 0,000000 | 10000000,000000 | 0,000000 | false | false | 0
7 | mosaic_generated_007_t_040 | pool_v2v_veh_5_veh_8 | DIRECT_V2V | 0,000000 | 10000000,000000 | 0,000000 | false | false | 0
7 | mosaic_generated_007_t_040 | pool_v2v_veh_6_veh_7 | DIRECT_V2V | 0,000000 | 10000000,000000 | 0,000000 | false | false | 0
7 | mosaic_generated_007_t_040 | pool_v2v_veh_6_veh_8 | DIRECT_V2V | 0,000000 | 10000000,000000 | 0,000000 | false | false | 0
7 | mosaic_generated_007_t_040 | pool_v2v_veh_7_veh_8 | DIRECT_V2V | 0,000000 | 10000000,000000 | 0,000000 | false | false | 0
7 | mosaic_generated_007_t_040 | pool_rsu_central | GATEWAY | 0,000000 | 8000000,000000 | 0,000000 | false | false | 0
7 | mosaic_generated_007_t_040 | pool_rsu_north | GATEWAY | 0,000000 | 39619120,000000 | 0,000000 | false | false | 0
8 | mosaic_generated_008_t_045 | pool_v2v_veh_0_veh_1 | DIRECT_V2V | 0,000000 | 10000000,000000 | 0,000000 | false | false | 0
8 | mosaic_generated_008_t_045 | pool_v2v_veh_0_veh_2 | DIRECT_V2V | 0,000000 | 10000000,000000 | 0,000000 | false | false | 0
8 | mosaic_generated_008_t_045 | pool_v2v_veh_0_veh_3 | DIRECT_V2V | 0,000000 | 10000000,000000 | 0,000000 | false | false | 0
8 | mosaic_generated_008_t_045 | pool_v2v_veh_0_veh_4 | DIRECT_V2V | 0,000000 | 10000000,000000 | 0,000000 | false | false | 0
8 | mosaic_generated_008_t_045 | pool_v2v_veh_1_veh_2 | DIRECT_V2V | 0,000000 | 10000000,000000 | 0,000000 | false | false | 0
8 | mosaic_generated_008_t_045 | pool_v2v_veh_1_veh_3 | DIRECT_V2V | 0,000000 | 10000000,000000 | 0,000000 | false | false | 0
8 | mosaic_generated_008_t_045 | pool_v2v_veh_1_veh_4 | DIRECT_V2V | 0,000000 | 10000000,000000 | 0,000000 | false | false | 0
8 | mosaic_generated_008_t_045 | pool_v2v_veh_1_veh_5 | DIRECT_V2V | 0,000000 | 10000000,000000 | 0,000000 | false | false | 0
8 | mosaic_generated_008_t_045 | pool_v2v_veh_1_veh_6 | DIRECT_V2V | 0,000000 | 10000000,000000 | 0,000000 | false | false | 0
8 | mosaic_generated_008_t_045 | pool_v2v_veh_2_veh_3 | DIRECT_V2V | 0,000000 | 10000000,000000 | 0,000000 | false | false | 0
8 | mosaic_generated_008_t_045 | pool_v2v_veh_2_veh_4 | DIRECT_V2V | 0,000000 | 10000000,000000 | 0,000000 | false | false | 0
8 | mosaic_generated_008_t_045 | pool_v2v_veh_2_veh_5 | DIRECT_V2V | 0,000000 | 10000000,000000 | 0,000000 | false | false | 0
8 | mosaic_generated_008_t_045 | pool_v2v_veh_2_veh_6 | DIRECT_V2V | 0,000000 | 10000000,000000 | 0,000000 | false | false | 0
8 | mosaic_generated_008_t_045 | pool_v2v_veh_2_veh_7 | DIRECT_V2V | 0,000000 | 10000000,000000 | 0,000000 | false | false | 0
8 | mosaic_generated_008_t_045 | pool_v2v_veh_3_veh_4 | DIRECT_V2V | 0,000000 | 10000000,000000 | 0,000000 | false | false | 0
8 | mosaic_generated_008_t_045 | pool_v2v_veh_3_veh_5 | DIRECT_V2V | 0,000000 | 10000000,000000 | 0,000000 | false | false | 0
8 | mosaic_generated_008_t_045 | pool_v2v_veh_3_veh_6 | DIRECT_V2V | 0,000000 | 10000000,000000 | 0,000000 | false | false | 0
8 | mosaic_generated_008_t_045 | pool_v2v_veh_3_veh_7 | DIRECT_V2V | 0,000000 | 10000000,000000 | 0,000000 | false | false | 0
8 | mosaic_generated_008_t_045 | pool_v2v_veh_3_veh_8 | DIRECT_V2V | 0,000000 | 10000000,000000 | 0,000000 | false | false | 0
8 | mosaic_generated_008_t_045 | pool_v2v_veh_4_veh_5 | DIRECT_V2V | 0,000000 | 10000000,000000 | 0,000000 | false | false | 0
8 | mosaic_generated_008_t_045 | pool_v2v_veh_4_veh_6 | DIRECT_V2V | 0,000000 | 10000000,000000 | 0,000000 | false | false | 0
8 | mosaic_generated_008_t_045 | pool_v2v_veh_4_veh_7 | DIRECT_V2V | 0,000000 | 10000000,000000 | 0,000000 | false | false | 0
8 | mosaic_generated_008_t_045 | pool_v2v_veh_4_veh_8 | DIRECT_V2V | 0,000000 | 10000000,000000 | 0,000000 | false | false | 0
8 | mosaic_generated_008_t_045 | pool_v2v_veh_4_veh_9 | DIRECT_V2V | 0,000000 | 10000000,000000 | 0,000000 | false | false | 0
8 | mosaic_generated_008_t_045 | pool_v2v_veh_5_veh_6 | DIRECT_V2V | 0,000000 | 10000000,000000 | 0,000000 | false | false | 0
8 | mosaic_generated_008_t_045 | pool_v2v_veh_5_veh_7 | DIRECT_V2V | 0,000000 | 10000000,000000 | 0,000000 | false | false | 0
8 | mosaic_generated_008_t_045 | pool_v2v_veh_5_veh_8 | DIRECT_V2V | 0,000000 | 10000000,000000 | 0,000000 | false | false | 0
8 | mosaic_generated_008_t_045 | pool_v2v_veh_5_veh_9 | DIRECT_V2V | 0,000000 | 10000000,000000 | 0,000000 | false | false | 0
8 | mosaic_generated_008_t_045 | pool_v2v_veh_6_veh_7 | DIRECT_V2V | 0,000000 | 10000000,000000 | 0,000000 | false | false | 0
8 | mosaic_generated_008_t_045 | pool_v2v_veh_6_veh_8 | DIRECT_V2V | 0,000000 | 10000000,000000 | 0,000000 | false | false | 0
8 | mosaic_generated_008_t_045 | pool_v2v_veh_6_veh_9 | DIRECT_V2V | 0,000000 | 10000000,000000 | 0,000000 | false | false | 0
8 | mosaic_generated_008_t_045 | pool_v2v_veh_7_veh_8 | DIRECT_V2V | 0,000000 | 10000000,000000 | 0,000000 | false | false | 0
8 | mosaic_generated_008_t_045 | pool_v2v_veh_7_veh_9 | DIRECT_V2V | 0,000000 | 10000000,000000 | 0,000000 | false | false | 0
8 | mosaic_generated_008_t_045 | pool_v2v_veh_8_veh_9 | DIRECT_V2V | 0,000000 | 10000000,000000 | 0,000000 | false | false | 0
8 | mosaic_generated_008_t_045 | pool_rsu_central | GATEWAY | 0,000000 | 8000000,000000 | 0,000000 | false | false | 0
8 | mosaic_generated_008_t_045 | pool_rsu_north | GATEWAY | 0,000000 | 39576800,000000 | 0,000000 | false | false | 0
9 | mosaic_generated_009_t_050 | pool_v2v_veh_0_veh_1 | DIRECT_V2V | 0,000000 | 10000000,000000 | 0,000000 | false | false | 0
9 | mosaic_generated_009_t_050 | pool_v2v_veh_0_veh_2 | DIRECT_V2V | 0,000000 | 10000000,000000 | 0,000000 | false | false | 0
9 | mosaic_generated_009_t_050 | pool_v2v_veh_0_veh_3 | DIRECT_V2V | 0,000000 | 10000000,000000 | 0,000000 | false | false | 0
9 | mosaic_generated_009_t_050 | pool_v2v_veh_0_veh_4 | DIRECT_V2V | 0,000000 | 10000000,000000 | 0,000000 | false | false | 0
9 | mosaic_generated_009_t_050 | pool_v2v_veh_1_veh_2 | DIRECT_V2V | 0,000000 | 10000000,000000 | 0,000000 | false | false | 0
9 | mosaic_generated_009_t_050 | pool_v2v_veh_1_veh_3 | DIRECT_V2V | 0,000000 | 10000000,000000 | 0,000000 | false | false | 0
9 | mosaic_generated_009_t_050 | pool_v2v_veh_1_veh_4 | DIRECT_V2V | 0,000000 | 10000000,000000 | 0,000000 | false | false | 0
9 | mosaic_generated_009_t_050 | pool_v2v_veh_1_veh_5 | DIRECT_V2V | 0,000000 | 10000000,000000 | 0,000000 | false | false | 0
9 | mosaic_generated_009_t_050 | pool_v2v_veh_1_veh_6 | DIRECT_V2V | 0,000000 | 10000000,000000 | 0,000000 | false | false | 0
9 | mosaic_generated_009_t_050 | pool_v2v_veh_2_veh_3 | DIRECT_V2V | 0,000000 | 10000000,000000 | 0,000000 | false | false | 0
9 | mosaic_generated_009_t_050 | pool_v2v_veh_2_veh_4 | DIRECT_V2V | 0,000000 | 10000000,000000 | 0,000000 | false | false | 0
9 | mosaic_generated_009_t_050 | pool_v2v_veh_2_veh_5 | DIRECT_V2V | 0,000000 | 10000000,000000 | 0,000000 | false | false | 0
9 | mosaic_generated_009_t_050 | pool_v2v_veh_2_veh_6 | DIRECT_V2V | 0,000000 | 10000000,000000 | 0,000000 | false | false | 0
9 | mosaic_generated_009_t_050 | pool_v2v_veh_2_veh_7 | DIRECT_V2V | 0,000000 | 10000000,000000 | 0,000000 | false | false | 0
9 | mosaic_generated_009_t_050 | pool_v2v_veh_3_veh_4 | DIRECT_V2V | 0,000000 | 10000000,000000 | 0,000000 | false | false | 0
9 | mosaic_generated_009_t_050 | pool_v2v_veh_3_veh_5 | DIRECT_V2V | 0,000000 | 10000000,000000 | 0,000000 | false | false | 0
9 | mosaic_generated_009_t_050 | pool_v2v_veh_3_veh_6 | DIRECT_V2V | 0,000000 | 10000000,000000 | 0,000000 | false | false | 0
9 | mosaic_generated_009_t_050 | pool_v2v_veh_3_veh_7 | DIRECT_V2V | 0,000000 | 10000000,000000 | 0,000000 | false | false | 0
9 | mosaic_generated_009_t_050 | pool_v2v_veh_3_veh_8 | DIRECT_V2V | 0,000000 | 10000000,000000 | 0,000000 | false | false | 0
9 | mosaic_generated_009_t_050 | pool_v2v_veh_4_veh_5 | DIRECT_V2V | 0,000000 | 10000000,000000 | 0,000000 | false | false | 0
9 | mosaic_generated_009_t_050 | pool_v2v_veh_4_veh_6 | DIRECT_V2V | 0,000000 | 10000000,000000 | 0,000000 | false | false | 0
9 | mosaic_generated_009_t_050 | pool_v2v_veh_4_veh_7 | DIRECT_V2V | 0,000000 | 10000000,000000 | 0,000000 | false | false | 0
9 | mosaic_generated_009_t_050 | pool_v2v_veh_4_veh_8 | DIRECT_V2V | 0,000000 | 10000000,000000 | 0,000000 | false | false | 0
9 | mosaic_generated_009_t_050 | pool_v2v_veh_4_veh_9 | DIRECT_V2V | 0,000000 | 10000000,000000 | 0,000000 | false | false | 0
9 | mosaic_generated_009_t_050 | pool_v2v_veh_5_veh_6 | DIRECT_V2V | 0,000000 | 10000000,000000 | 0,000000 | false | false | 0
9 | mosaic_generated_009_t_050 | pool_v2v_veh_5_veh_7 | DIRECT_V2V | 0,000000 | 10000000,000000 | 0,000000 | false | false | 0
9 | mosaic_generated_009_t_050 | pool_v2v_veh_5_veh_8 | DIRECT_V2V | 0,000000 | 10000000,000000 | 0,000000 | false | false | 0
9 | mosaic_generated_009_t_050 | pool_v2v_veh_5_veh_9 | DIRECT_V2V | 0,000000 | 10000000,000000 | 0,000000 | false | false | 0
9 | mosaic_generated_009_t_050 | pool_v2v_veh_5_veh_10 | DIRECT_V2V | 0,000000 | 10000000,000000 | 0,000000 | false | false | 0
9 | mosaic_generated_009_t_050 | pool_v2v_veh_6_veh_7 | DIRECT_V2V | 0,000000 | 10000000,000000 | 0,000000 | false | false | 0
9 | mosaic_generated_009_t_050 | pool_v2v_veh_6_veh_8 | DIRECT_V2V | 0,000000 | 10000000,000000 | 0,000000 | false | false | 0
9 | mosaic_generated_009_t_050 | pool_v2v_veh_6_veh_9 | DIRECT_V2V | 0,000000 | 10000000,000000 | 0,000000 | false | false | 0
9 | mosaic_generated_009_t_050 | pool_v2v_veh_6_veh_10 | DIRECT_V2V | 0,000000 | 10000000,000000 | 0,000000 | false | false | 0
9 | mosaic_generated_009_t_050 | pool_v2v_veh_7_veh_8 | DIRECT_V2V | 0,000000 | 10000000,000000 | 0,000000 | false | false | 0
9 | mosaic_generated_009_t_050 | pool_v2v_veh_7_veh_9 | DIRECT_V2V | 0,000000 | 10000000,000000 | 0,000000 | false | false | 0
9 | mosaic_generated_009_t_050 | pool_v2v_veh_7_veh_10 | DIRECT_V2V | 0,000000 | 10000000,000000 | 0,000000 | false | false | 0
9 | mosaic_generated_009_t_050 | pool_v2v_veh_8_veh_9 | DIRECT_V2V | 0,000000 | 10000000,000000 | 0,000000 | false | false | 0
9 | mosaic_generated_009_t_050 | pool_v2v_veh_8_veh_10 | DIRECT_V2V | 0,000000 | 10000000,000000 | 0,000000 | false | false | 0
9 | mosaic_generated_009_t_050 | pool_v2v_veh_9_veh_10 | DIRECT_V2V | 0,000000 | 10000000,000000 | 0,000000 | false | false | 0
9 | mosaic_generated_009_t_050 | pool_rsu_central | GATEWAY | 0,000000 | 8000000,000000 | 0,000000 | false | false | 0
9 | mosaic_generated_009_t_050 | pool_rsu_north | GATEWAY | 0,000000 | 39534480,000000 | 0,000000 | false | false | 0
10 | mosaic_generated_010_t_055 | pool_v2v_veh_0_veh_1 | DIRECT_V2V | 0,000000 | 10000000,000000 | 0,000000 | false | false | 0
10 | mosaic_generated_010_t_055 | pool_v2v_veh_0_veh_2 | DIRECT_V2V | 0,000000 | 10000000,000000 | 0,000000 | false | false | 0
10 | mosaic_generated_010_t_055 | pool_v2v_veh_0_veh_3 | DIRECT_V2V | 0,000000 | 10000000,000000 | 0,000000 | false | false | 0
10 | mosaic_generated_010_t_055 | pool_v2v_veh_0_veh_4 | DIRECT_V2V | 0,000000 | 10000000,000000 | 0,000000 | false | false | 0
10 | mosaic_generated_010_t_055 | pool_v2v_veh_1_veh_2 | DIRECT_V2V | 0,000000 | 10000000,000000 | 0,000000 | false | false | 0
10 | mosaic_generated_010_t_055 | pool_v2v_veh_1_veh_3 | DIRECT_V2V | 0,000000 | 10000000,000000 | 0,000000 | false | false | 0
10 | mosaic_generated_010_t_055 | pool_v2v_veh_1_veh_4 | DIRECT_V2V | 0,000000 | 10000000,000000 | 0,000000 | false | false | 0
10 | mosaic_generated_010_t_055 | pool_v2v_veh_1_veh_5 | DIRECT_V2V | 0,000000 | 10000000,000000 | 0,000000 | false | false | 0
10 | mosaic_generated_010_t_055 | pool_v2v_veh_1_veh_6 | DIRECT_V2V | 0,000000 | 10000000,000000 | 0,000000 | false | false | 0
10 | mosaic_generated_010_t_055 | pool_v2v_veh_2_veh_3 | DIRECT_V2V | 0,000000 | 10000000,000000 | 0,000000 | false | false | 0
10 | mosaic_generated_010_t_055 | pool_v2v_veh_2_veh_4 | DIRECT_V2V | 0,000000 | 10000000,000000 | 0,000000 | false | false | 0
10 | mosaic_generated_010_t_055 | pool_v2v_veh_2_veh_5 | DIRECT_V2V | 0,000000 | 10000000,000000 | 0,000000 | false | false | 0
10 | mosaic_generated_010_t_055 | pool_v2v_veh_2_veh_6 | DIRECT_V2V | 0,000000 | 10000000,000000 | 0,000000 | false | false | 0
10 | mosaic_generated_010_t_055 | pool_v2v_veh_2_veh_7 | DIRECT_V2V | 0,000000 | 10000000,000000 | 0,000000 | false | false | 0
10 | mosaic_generated_010_t_055 | pool_v2v_veh_3_veh_4 | DIRECT_V2V | 0,000000 | 10000000,000000 | 0,000000 | false | false | 0
10 | mosaic_generated_010_t_055 | pool_v2v_veh_3_veh_5 | DIRECT_V2V | 0,000000 | 10000000,000000 | 0,000000 | false | false | 0
10 | mosaic_generated_010_t_055 | pool_v2v_veh_3_veh_6 | DIRECT_V2V | 0,000000 | 10000000,000000 | 0,000000 | false | false | 0
10 | mosaic_generated_010_t_055 | pool_v2v_veh_3_veh_7 | DIRECT_V2V | 0,000000 | 10000000,000000 | 0,000000 | false | false | 0
10 | mosaic_generated_010_t_055 | pool_v2v_veh_3_veh_8 | DIRECT_V2V | 0,000000 | 10000000,000000 | 0,000000 | false | false | 0
10 | mosaic_generated_010_t_055 | pool_v2v_veh_4_veh_5 | DIRECT_V2V | 0,000000 | 10000000,000000 | 0,000000 | false | false | 0
10 | mosaic_generated_010_t_055 | pool_v2v_veh_4_veh_6 | DIRECT_V2V | 0,000000 | 10000000,000000 | 0,000000 | false | false | 0
10 | mosaic_generated_010_t_055 | pool_v2v_veh_4_veh_7 | DIRECT_V2V | 0,000000 | 10000000,000000 | 0,000000 | false | false | 0
10 | mosaic_generated_010_t_055 | pool_v2v_veh_4_veh_8 | DIRECT_V2V | 0,000000 | 10000000,000000 | 0,000000 | false | false | 0
10 | mosaic_generated_010_t_055 | pool_v2v_veh_5_veh_6 | DIRECT_V2V | 0,000000 | 10000000,000000 | 0,000000 | false | false | 0
10 | mosaic_generated_010_t_055 | pool_v2v_veh_5_veh_7 | DIRECT_V2V | 0,000000 | 10000000,000000 | 0,000000 | false | false | 0
10 | mosaic_generated_010_t_055 | pool_v2v_veh_5_veh_8 | DIRECT_V2V | 0,000000 | 10000000,000000 | 0,000000 | false | false | 0
10 | mosaic_generated_010_t_055 | pool_v2v_veh_5_veh_9 | DIRECT_V2V | 0,000000 | 10000000,000000 | 0,000000 | false | false | 0
10 | mosaic_generated_010_t_055 | pool_v2v_veh_5_veh_10 | DIRECT_V2V | 0,000000 | 10000000,000000 | 0,000000 | false | false | 0
10 | mosaic_generated_010_t_055 | pool_v2v_veh_6_veh_7 | DIRECT_V2V | 0,000000 | 10000000,000000 | 0,000000 | false | false | 0
10 | mosaic_generated_010_t_055 | pool_v2v_veh_6_veh_8 | DIRECT_V2V | 0,000000 | 10000000,000000 | 0,000000 | false | false | 0
10 | mosaic_generated_010_t_055 | pool_v2v_veh_6_veh_9 | DIRECT_V2V | 0,000000 | 10000000,000000 | 0,000000 | false | false | 0
10 | mosaic_generated_010_t_055 | pool_v2v_veh_6_veh_10 | DIRECT_V2V | 0,000000 | 10000000,000000 | 0,000000 | false | false | 0
10 | mosaic_generated_010_t_055 | pool_v2v_veh_6_veh_11 | DIRECT_V2V | 0,000000 | 10000000,000000 | 0,000000 | false | false | 0
10 | mosaic_generated_010_t_055 | pool_v2v_veh_7_veh_8 | DIRECT_V2V | 0,000000 | 10000000,000000 | 0,000000 | false | false | 0
10 | mosaic_generated_010_t_055 | pool_v2v_veh_7_veh_9 | DIRECT_V2V | 0,000000 | 10000000,000000 | 0,000000 | false | false | 0
10 | mosaic_generated_010_t_055 | pool_v2v_veh_7_veh_10 | DIRECT_V2V | 0,000000 | 10000000,000000 | 0,000000 | false | false | 0
10 | mosaic_generated_010_t_055 | pool_v2v_veh_7_veh_11 | DIRECT_V2V | 0,000000 | 10000000,000000 | 0,000000 | false | false | 0
10 | mosaic_generated_010_t_055 | pool_v2v_veh_8_veh_9 | DIRECT_V2V | 0,000000 | 10000000,000000 | 0,000000 | false | false | 0
10 | mosaic_generated_010_t_055 | pool_v2v_veh_8_veh_10 | DIRECT_V2V | 0,000000 | 10000000,000000 | 0,000000 | false | false | 0
10 | mosaic_generated_010_t_055 | pool_v2v_veh_8_veh_11 | DIRECT_V2V | 0,000000 | 10000000,000000 | 0,000000 | false | false | 0
10 | mosaic_generated_010_t_055 | pool_v2v_veh_9_veh_10 | DIRECT_V2V | 0,000000 | 10000000,000000 | 0,000000 | false | false | 0
10 | mosaic_generated_010_t_055 | pool_v2v_veh_9_veh_11 | DIRECT_V2V | 0,000000 | 10000000,000000 | 0,000000 | false | false | 0
10 | mosaic_generated_010_t_055 | pool_v2v_veh_10_veh_11 | DIRECT_V2V | 0,000000 | 10000000,000000 | 0,000000 | false | false | 0
10 | mosaic_generated_010_t_055 | pool_rsu_central | GATEWAY | 0,000000 | 8000000,000000 | 0,000000 | false | false | 0
10 | mosaic_generated_010_t_055 | pool_rsu_north | GATEWAY | 0,000000 | 39492160,000000 | 0,000000 | false | false | 0
11 | mosaic_generated_011_t_060 | pool_v2v_veh_0_veh_1 | DIRECT_V2V | 0,000000 | 10000000,000000 | 0,000000 | false | false | 0
11 | mosaic_generated_011_t_060 | pool_v2v_veh_0_veh_2 | DIRECT_V2V | 0,000000 | 10000000,000000 | 0,000000 | false | false | 0
11 | mosaic_generated_011_t_060 | pool_v2v_veh_0_veh_3 | DIRECT_V2V | 0,000000 | 10000000,000000 | 0,000000 | false | false | 0
11 | mosaic_generated_011_t_060 | pool_v2v_veh_0_veh_4 | DIRECT_V2V | 0,000000 | 10000000,000000 | 0,000000 | false | false | 0
11 | mosaic_generated_011_t_060 | pool_v2v_veh_0_veh_5 | DIRECT_V2V | 0,000000 | 10000000,000000 | 0,000000 | false | false | 0
11 | mosaic_generated_011_t_060 | pool_v2v_veh_1_veh_2 | DIRECT_V2V | 0,000000 | 10000000,000000 | 0,000000 | false | false | 0
11 | mosaic_generated_011_t_060 | pool_v2v_veh_1_veh_3 | DIRECT_V2V | 0,000000 | 10000000,000000 | 0,000000 | false | false | 0
11 | mosaic_generated_011_t_060 | pool_v2v_veh_1_veh_4 | DIRECT_V2V | 0,000000 | 10000000,000000 | 0,000000 | false | false | 0
11 | mosaic_generated_011_t_060 | pool_v2v_veh_1_veh_5 | DIRECT_V2V | 0,000000 | 10000000,000000 | 0,000000 | false | false | 0
11 | mosaic_generated_011_t_060 | pool_v2v_veh_1_veh_6 | DIRECT_V2V | 0,000000 | 10000000,000000 | 0,000000 | false | false | 0
11 | mosaic_generated_011_t_060 | pool_v2v_veh_2_veh_3 | DIRECT_V2V | 0,000000 | 10000000,000000 | 0,000000 | false | false | 0
11 | mosaic_generated_011_t_060 | pool_v2v_veh_2_veh_4 | DIRECT_V2V | 0,000000 | 10000000,000000 | 0,000000 | false | false | 0
11 | mosaic_generated_011_t_060 | pool_v2v_veh_2_veh_5 | DIRECT_V2V | 0,000000 | 10000000,000000 | 0,000000 | false | false | 0
11 | mosaic_generated_011_t_060 | pool_v2v_veh_2_veh_6 | DIRECT_V2V | 0,000000 | 10000000,000000 | 0,000000 | false | false | 0
11 | mosaic_generated_011_t_060 | pool_v2v_veh_2_veh_7 | DIRECT_V2V | 0,000000 | 10000000,000000 | 0,000000 | false | false | 0
11 | mosaic_generated_011_t_060 | pool_v2v_veh_3_veh_4 | DIRECT_V2V | 0,000000 | 10000000,000000 | 0,000000 | false | false | 0
11 | mosaic_generated_011_t_060 | pool_v2v_veh_3_veh_5 | DIRECT_V2V | 0,000000 | 10000000,000000 | 0,000000 | false | false | 0
11 | mosaic_generated_011_t_060 | pool_v2v_veh_3_veh_6 | DIRECT_V2V | 0,000000 | 10000000,000000 | 0,000000 | false | false | 0
11 | mosaic_generated_011_t_060 | pool_v2v_veh_3_veh_7 | DIRECT_V2V | 0,000000 | 10000000,000000 | 0,000000 | false | false | 0
11 | mosaic_generated_011_t_060 | pool_v2v_veh_3_veh_8 | DIRECT_V2V | 0,000000 | 10000000,000000 | 0,000000 | false | false | 0
11 | mosaic_generated_011_t_060 | pool_v2v_veh_4_veh_5 | DIRECT_V2V | 0,000000 | 10000000,000000 | 0,000000 | false | false | 0
11 | mosaic_generated_011_t_060 | pool_v2v_veh_4_veh_6 | DIRECT_V2V | 0,000000 | 10000000,000000 | 0,000000 | false | false | 0
11 | mosaic_generated_011_t_060 | pool_v2v_veh_4_veh_7 | DIRECT_V2V | 0,000000 | 10000000,000000 | 0,000000 | false | false | 0
11 | mosaic_generated_011_t_060 | pool_v2v_veh_4_veh_8 | DIRECT_V2V | 0,000000 | 10000000,000000 | 0,000000 | false | false | 0
11 | mosaic_generated_011_t_060 | pool_v2v_veh_4_veh_9 | DIRECT_V2V | 0,000000 | 10000000,000000 | 0,000000 | false | false | 0
11 | mosaic_generated_011_t_060 | pool_v2v_veh_5_veh_6 | DIRECT_V2V | 0,000000 | 10000000,000000 | 0,000000 | false | false | 0
11 | mosaic_generated_011_t_060 | pool_v2v_veh_5_veh_7 | DIRECT_V2V | 0,000000 | 10000000,000000 | 0,000000 | false | false | 0
11 | mosaic_generated_011_t_060 | pool_v2v_veh_5_veh_8 | DIRECT_V2V | 0,000000 | 10000000,000000 | 0,000000 | false | false | 0
11 | mosaic_generated_011_t_060 | pool_v2v_veh_5_veh_9 | DIRECT_V2V | 0,000000 | 10000000,000000 | 0,000000 | false | false | 0
11 | mosaic_generated_011_t_060 | pool_v2v_veh_5_veh_10 | DIRECT_V2V | 0,000000 | 10000000,000000 | 0,000000 | false | false | 0
11 | mosaic_generated_011_t_060 | pool_v2v_veh_6_veh_7 | DIRECT_V2V | 0,000000 | 10000000,000000 | 0,000000 | false | false | 0
11 | mosaic_generated_011_t_060 | pool_v2v_veh_6_veh_8 | DIRECT_V2V | 0,000000 | 10000000,000000 | 0,000000 | false | false | 0
11 | mosaic_generated_011_t_060 | pool_v2v_veh_6_veh_9 | DIRECT_V2V | 0,000000 | 10000000,000000 | 0,000000 | false | false | 0
11 | mosaic_generated_011_t_060 | pool_v2v_veh_6_veh_10 | DIRECT_V2V | 0,000000 | 10000000,000000 | 0,000000 | false | false | 0
11 | mosaic_generated_011_t_060 | pool_v2v_veh_6_veh_11 | DIRECT_V2V | 0,000000 | 10000000,000000 | 0,000000 | false | false | 0
11 | mosaic_generated_011_t_060 | pool_v2v_veh_7_veh_8 | DIRECT_V2V | 0,000000 | 10000000,000000 | 0,000000 | false | false | 0
11 | mosaic_generated_011_t_060 | pool_v2v_veh_7_veh_9 | DIRECT_V2V | 0,000000 | 10000000,000000 | 0,000000 | false | false | 0
11 | mosaic_generated_011_t_060 | pool_v2v_veh_7_veh_10 | DIRECT_V2V | 0,000000 | 10000000,000000 | 0,000000 | false | false | 0
11 | mosaic_generated_011_t_060 | pool_v2v_veh_7_veh_11 | DIRECT_V2V | 0,000000 | 10000000,000000 | 0,000000 | false | false | 0
11 | mosaic_generated_011_t_060 | pool_v2v_veh_8_veh_9 | DIRECT_V2V | 0,000000 | 10000000,000000 | 0,000000 | false | false | 0
11 | mosaic_generated_011_t_060 | pool_v2v_veh_8_veh_10 | DIRECT_V2V | 0,000000 | 10000000,000000 | 0,000000 | false | false | 0
11 | mosaic_generated_011_t_060 | pool_v2v_veh_8_veh_11 | DIRECT_V2V | 0,000000 | 10000000,000000 | 0,000000 | false | false | 0
11 | mosaic_generated_011_t_060 | pool_v2v_veh_9_veh_10 | DIRECT_V2V | 0,000000 | 10000000,000000 | 0,000000 | false | false | 0
11 | mosaic_generated_011_t_060 | pool_v2v_veh_9_veh_11 | DIRECT_V2V | 0,000000 | 10000000,000000 | 0,000000 | false | false | 0
11 | mosaic_generated_011_t_060 | pool_v2v_veh_10_veh_11 | DIRECT_V2V | 0,000000 | 10000000,000000 | 0,000000 | false | false | 0
11 | mosaic_generated_011_t_060 | pool_rsu_central | GATEWAY | 0,000000 | 8000000,000000 | 0,000000 | false | false | 0
11 | mosaic_generated_011_t_060 | pool_rsu_north | GATEWAY | 0,000000 | 39492160,000000 | 0,000000 | false | false | 0
12 | mosaic_generated_012_t_065 | pool_v2v_veh_0_veh_1 | DIRECT_V2V | 0,000000 | 10000000,000000 | 0,000000 | false | false | 0
12 | mosaic_generated_012_t_065 | pool_v2v_veh_0_veh_2 | DIRECT_V2V | 0,000000 | 10000000,000000 | 0,000000 | false | false | 0
12 | mosaic_generated_012_t_065 | pool_v2v_veh_0_veh_3 | DIRECT_V2V | 0,000000 | 10000000,000000 | 0,000000 | false | false | 0
12 | mosaic_generated_012_t_065 | pool_v2v_veh_0_veh_4 | DIRECT_V2V | 0,000000 | 10000000,000000 | 0,000000 | false | false | 0
12 | mosaic_generated_012_t_065 | pool_v2v_veh_0_veh_5 | DIRECT_V2V | 0,000000 | 10000000,000000 | 0,000000 | false | false | 0
12 | mosaic_generated_012_t_065 | pool_v2v_veh_1_veh_2 | DIRECT_V2V | 0,000000 | 10000000,000000 | 0,000000 | false | false | 0
12 | mosaic_generated_012_t_065 | pool_v2v_veh_1_veh_3 | DIRECT_V2V | 0,000000 | 10000000,000000 | 0,000000 | false | false | 0
12 | mosaic_generated_012_t_065 | pool_v2v_veh_1_veh_4 | DIRECT_V2V | 0,000000 | 10000000,000000 | 0,000000 | false | false | 0
12 | mosaic_generated_012_t_065 | pool_v2v_veh_1_veh_5 | DIRECT_V2V | 0,000000 | 10000000,000000 | 0,000000 | false | false | 0
12 | mosaic_generated_012_t_065 | pool_v2v_veh_1_veh_6 | DIRECT_V2V | 0,000000 | 10000000,000000 | 0,000000 | false | false | 0
12 | mosaic_generated_012_t_065 | pool_v2v_veh_2_veh_3 | DIRECT_V2V | 0,000000 | 10000000,000000 | 0,000000 | false | false | 0
12 | mosaic_generated_012_t_065 | pool_v2v_veh_2_veh_4 | DIRECT_V2V | 0,000000 | 10000000,000000 | 0,000000 | false | false | 0
12 | mosaic_generated_012_t_065 | pool_v2v_veh_2_veh_5 | DIRECT_V2V | 0,000000 | 10000000,000000 | 0,000000 | false | false | 0
12 | mosaic_generated_012_t_065 | pool_v2v_veh_2_veh_6 | DIRECT_V2V | 0,000000 | 10000000,000000 | 0,000000 | false | false | 0
12 | mosaic_generated_012_t_065 | pool_v2v_veh_2_veh_7 | DIRECT_V2V | 0,000000 | 10000000,000000 | 0,000000 | false | false | 0
12 | mosaic_generated_012_t_065 | pool_v2v_veh_3_veh_4 | DIRECT_V2V | 0,000000 | 10000000,000000 | 0,000000 | false | false | 0
12 | mosaic_generated_012_t_065 | pool_v2v_veh_3_veh_5 | DIRECT_V2V | 0,000000 | 10000000,000000 | 0,000000 | false | false | 0
12 | mosaic_generated_012_t_065 | pool_v2v_veh_3_veh_6 | DIRECT_V2V | 0,000000 | 10000000,000000 | 0,000000 | false | false | 0
12 | mosaic_generated_012_t_065 | pool_v2v_veh_3_veh_7 | DIRECT_V2V | 0,000000 | 10000000,000000 | 0,000000 | false | false | 0
12 | mosaic_generated_012_t_065 | pool_v2v_veh_3_veh_8 | DIRECT_V2V | 0,000000 | 10000000,000000 | 0,000000 | false | false | 0
12 | mosaic_generated_012_t_065 | pool_v2v_veh_4_veh_5 | DIRECT_V2V | 0,000000 | 10000000,000000 | 0,000000 | false | false | 0
12 | mosaic_generated_012_t_065 | pool_v2v_veh_4_veh_6 | DIRECT_V2V | 0,000000 | 10000000,000000 | 0,000000 | false | false | 0
12 | mosaic_generated_012_t_065 | pool_v2v_veh_4_veh_7 | DIRECT_V2V | 0,000000 | 10000000,000000 | 0,000000 | false | false | 0
12 | mosaic_generated_012_t_065 | pool_v2v_veh_4_veh_8 | DIRECT_V2V | 0,000000 | 10000000,000000 | 0,000000 | false | false | 0
12 | mosaic_generated_012_t_065 | pool_v2v_veh_4_veh_9 | DIRECT_V2V | 0,000000 | 10000000,000000 | 0,000000 | false | false | 0
12 | mosaic_generated_012_t_065 | pool_v2v_veh_5_veh_6 | DIRECT_V2V | 0,000000 | 10000000,000000 | 0,000000 | false | false | 0
12 | mosaic_generated_012_t_065 | pool_v2v_veh_5_veh_7 | DIRECT_V2V | 0,000000 | 10000000,000000 | 0,000000 | false | false | 0
12 | mosaic_generated_012_t_065 | pool_v2v_veh_5_veh_8 | DIRECT_V2V | 0,000000 | 10000000,000000 | 0,000000 | false | false | 0
12 | mosaic_generated_012_t_065 | pool_v2v_veh_5_veh_9 | DIRECT_V2V | 0,000000 | 10000000,000000 | 0,000000 | false | false | 0
12 | mosaic_generated_012_t_065 | pool_v2v_veh_5_veh_10 | DIRECT_V2V | 0,000000 | 10000000,000000 | 0,000000 | false | false | 0
12 | mosaic_generated_012_t_065 | pool_v2v_veh_6_veh_7 | DIRECT_V2V | 0,000000 | 10000000,000000 | 0,000000 | false | false | 0
12 | mosaic_generated_012_t_065 | pool_v2v_veh_6_veh_8 | DIRECT_V2V | 0,000000 | 10000000,000000 | 0,000000 | false | false | 0
12 | mosaic_generated_012_t_065 | pool_v2v_veh_6_veh_9 | DIRECT_V2V | 0,000000 | 10000000,000000 | 0,000000 | false | false | 0
12 | mosaic_generated_012_t_065 | pool_v2v_veh_6_veh_10 | DIRECT_V2V | 0,000000 | 10000000,000000 | 0,000000 | false | false | 0
12 | mosaic_generated_012_t_065 | pool_v2v_veh_6_veh_11 | DIRECT_V2V | 0,000000 | 10000000,000000 | 0,000000 | false | false | 0
12 | mosaic_generated_012_t_065 | pool_v2v_veh_7_veh_8 | DIRECT_V2V | 0,000000 | 10000000,000000 | 0,000000 | false | false | 0
12 | mosaic_generated_012_t_065 | pool_v2v_veh_7_veh_9 | DIRECT_V2V | 0,000000 | 10000000,000000 | 0,000000 | false | false | 0
12 | mosaic_generated_012_t_065 | pool_v2v_veh_7_veh_10 | DIRECT_V2V | 0,000000 | 10000000,000000 | 0,000000 | false | false | 0
12 | mosaic_generated_012_t_065 | pool_v2v_veh_7_veh_11 | DIRECT_V2V | 0,000000 | 10000000,000000 | 0,000000 | false | false | 0
12 | mosaic_generated_012_t_065 | pool_v2v_veh_8_veh_9 | DIRECT_V2V | 0,000000 | 10000000,000000 | 0,000000 | false | false | 0
12 | mosaic_generated_012_t_065 | pool_v2v_veh_8_veh_10 | DIRECT_V2V | 0,000000 | 10000000,000000 | 0,000000 | false | false | 0
12 | mosaic_generated_012_t_065 | pool_v2v_veh_8_veh_11 | DIRECT_V2V | 0,000000 | 10000000,000000 | 0,000000 | false | false | 0
12 | mosaic_generated_012_t_065 | pool_v2v_veh_9_veh_10 | DIRECT_V2V | 0,000000 | 10000000,000000 | 0,000000 | false | false | 0
12 | mosaic_generated_012_t_065 | pool_v2v_veh_9_veh_11 | DIRECT_V2V | 0,000000 | 10000000,000000 | 0,000000 | false | false | 0
12 | mosaic_generated_012_t_065 | pool_v2v_veh_10_veh_11 | DIRECT_V2V | 0,000000 | 10000000,000000 | 0,000000 | false | false | 0
12 | mosaic_generated_012_t_065 | pool_rsu_central | GATEWAY | 0,000000 | 8000000,000000 | 0,000000 | false | false | 0
12 | mosaic_generated_012_t_065 | pool_rsu_north | GATEWAY | 0,000000 | 39492160,000000 | 0,000000 | false | false | 0
13 | mosaic_generated_013_t_070 | pool_v2v_veh_0_veh_1 | DIRECT_V2V | 0,000000 | 10000000,000000 | 0,000000 | false | false | 0
13 | mosaic_generated_013_t_070 | pool_v2v_veh_0_veh_2 | DIRECT_V2V | 0,000000 | 10000000,000000 | 0,000000 | false | false | 0
13 | mosaic_generated_013_t_070 | pool_v2v_veh_0_veh_3 | DIRECT_V2V | 0,000000 | 10000000,000000 | 0,000000 | false | false | 0
13 | mosaic_generated_013_t_070 | pool_v2v_veh_0_veh_4 | DIRECT_V2V | 0,000000 | 10000000,000000 | 0,000000 | false | false | 0
13 | mosaic_generated_013_t_070 | pool_v2v_veh_0_veh_5 | DIRECT_V2V | 0,000000 | 10000000,000000 | 0,000000 | false | false | 0
13 | mosaic_generated_013_t_070 | pool_v2v_veh_1_veh_2 | DIRECT_V2V | 0,000000 | 10000000,000000 | 0,000000 | false | false | 0
13 | mosaic_generated_013_t_070 | pool_v2v_veh_1_veh_3 | DIRECT_V2V | 0,000000 | 10000000,000000 | 0,000000 | false | false | 0
13 | mosaic_generated_013_t_070 | pool_v2v_veh_1_veh_4 | DIRECT_V2V | 0,000000 | 10000000,000000 | 0,000000 | false | false | 0
13 | mosaic_generated_013_t_070 | pool_v2v_veh_1_veh_5 | DIRECT_V2V | 0,000000 | 10000000,000000 | 0,000000 | false | false | 0
13 | mosaic_generated_013_t_070 | pool_v2v_veh_1_veh_6 | DIRECT_V2V | 0,000000 | 10000000,000000 | 0,000000 | false | false | 0
13 | mosaic_generated_013_t_070 | pool_v2v_veh_2_veh_3 | DIRECT_V2V | 0,000000 | 10000000,000000 | 0,000000 | false | false | 0
13 | mosaic_generated_013_t_070 | pool_v2v_veh_2_veh_4 | DIRECT_V2V | 0,000000 | 10000000,000000 | 0,000000 | false | false | 0
13 | mosaic_generated_013_t_070 | pool_v2v_veh_2_veh_5 | DIRECT_V2V | 0,000000 | 10000000,000000 | 0,000000 | false | false | 0
13 | mosaic_generated_013_t_070 | pool_v2v_veh_2_veh_6 | DIRECT_V2V | 0,000000 | 10000000,000000 | 0,000000 | false | false | 0
13 | mosaic_generated_013_t_070 | pool_v2v_veh_2_veh_7 | DIRECT_V2V | 0,000000 | 10000000,000000 | 0,000000 | false | false | 0
13 | mosaic_generated_013_t_070 | pool_v2v_veh_3_veh_4 | DIRECT_V2V | 0,000000 | 10000000,000000 | 0,000000 | false | false | 0
13 | mosaic_generated_013_t_070 | pool_v2v_veh_3_veh_5 | DIRECT_V2V | 0,000000 | 10000000,000000 | 0,000000 | false | false | 0
13 | mosaic_generated_013_t_070 | pool_v2v_veh_3_veh_6 | DIRECT_V2V | 0,000000 | 10000000,000000 | 0,000000 | false | false | 0
13 | mosaic_generated_013_t_070 | pool_v2v_veh_3_veh_7 | DIRECT_V2V | 0,000000 | 10000000,000000 | 0,000000 | false | false | 0
13 | mosaic_generated_013_t_070 | pool_v2v_veh_3_veh_8 | DIRECT_V2V | 0,000000 | 10000000,000000 | 0,000000 | false | false | 0
13 | mosaic_generated_013_t_070 | pool_v2v_veh_4_veh_5 | DIRECT_V2V | 0,000000 | 10000000,000000 | 0,000000 | false | false | 0
13 | mosaic_generated_013_t_070 | pool_v2v_veh_4_veh_6 | DIRECT_V2V | 0,000000 | 10000000,000000 | 0,000000 | false | false | 0
13 | mosaic_generated_013_t_070 | pool_v2v_veh_4_veh_7 | DIRECT_V2V | 0,000000 | 10000000,000000 | 0,000000 | false | false | 0
13 | mosaic_generated_013_t_070 | pool_v2v_veh_4_veh_8 | DIRECT_V2V | 0,000000 | 10000000,000000 | 0,000000 | false | false | 0
13 | mosaic_generated_013_t_070 | pool_v2v_veh_4_veh_9 | DIRECT_V2V | 0,000000 | 10000000,000000 | 0,000000 | false | false | 0
13 | mosaic_generated_013_t_070 | pool_v2v_veh_5_veh_6 | DIRECT_V2V | 0,000000 | 10000000,000000 | 0,000000 | false | false | 0
13 | mosaic_generated_013_t_070 | pool_v2v_veh_5_veh_7 | DIRECT_V2V | 0,000000 | 10000000,000000 | 0,000000 | false | false | 0
13 | mosaic_generated_013_t_070 | pool_v2v_veh_5_veh_8 | DIRECT_V2V | 0,000000 | 10000000,000000 | 0,000000 | false | false | 0
13 | mosaic_generated_013_t_070 | pool_v2v_veh_5_veh_9 | DIRECT_V2V | 0,000000 | 10000000,000000 | 0,000000 | false | false | 0
13 | mosaic_generated_013_t_070 | pool_v2v_veh_5_veh_10 | DIRECT_V2V | 0,000000 | 10000000,000000 | 0,000000 | false | false | 0
13 | mosaic_generated_013_t_070 | pool_v2v_veh_6_veh_7 | DIRECT_V2V | 0,000000 | 10000000,000000 | 0,000000 | false | false | 0
13 | mosaic_generated_013_t_070 | pool_v2v_veh_6_veh_8 | DIRECT_V2V | 0,000000 | 10000000,000000 | 0,000000 | false | false | 0
13 | mosaic_generated_013_t_070 | pool_v2v_veh_6_veh_9 | DIRECT_V2V | 0,000000 | 10000000,000000 | 0,000000 | false | false | 0
13 | mosaic_generated_013_t_070 | pool_v2v_veh_6_veh_10 | DIRECT_V2V | 0,000000 | 10000000,000000 | 0,000000 | false | false | 0
13 | mosaic_generated_013_t_070 | pool_v2v_veh_7_veh_8 | DIRECT_V2V | 0,000000 | 10000000,000000 | 0,000000 | false | false | 0
13 | mosaic_generated_013_t_070 | pool_v2v_veh_7_veh_9 | DIRECT_V2V | 0,000000 | 10000000,000000 | 0,000000 | false | false | 0
13 | mosaic_generated_013_t_070 | pool_v2v_veh_7_veh_10 | DIRECT_V2V | 0,000000 | 10000000,000000 | 0,000000 | false | false | 0
13 | mosaic_generated_013_t_070 | pool_v2v_veh_7_veh_11 | DIRECT_V2V | 0,000000 | 10000000,000000 | 0,000000 | false | false | 0
13 | mosaic_generated_013_t_070 | pool_v2v_veh_8_veh_9 | DIRECT_V2V | 0,000000 | 10000000,000000 | 0,000000 | false | false | 0
13 | mosaic_generated_013_t_070 | pool_v2v_veh_8_veh_10 | DIRECT_V2V | 0,000000 | 10000000,000000 | 0,000000 | false | false | 0
13 | mosaic_generated_013_t_070 | pool_v2v_veh_8_veh_11 | DIRECT_V2V | 0,000000 | 10000000,000000 | 0,000000 | false | false | 0
13 | mosaic_generated_013_t_070 | pool_v2v_veh_9_veh_10 | DIRECT_V2V | 0,000000 | 10000000,000000 | 0,000000 | false | false | 0
13 | mosaic_generated_013_t_070 | pool_v2v_veh_9_veh_11 | DIRECT_V2V | 0,000000 | 10000000,000000 | 0,000000 | false | false | 0
13 | mosaic_generated_013_t_070 | pool_v2v_veh_10_veh_11 | DIRECT_V2V | 0,000000 | 10000000,000000 | 0,000000 | false | false | 0
13 | mosaic_generated_013_t_070 | pool_rsu_central | GATEWAY | 0,000000 | 8000000,000000 | 0,000000 | false | false | 0
13 | mosaic_generated_013_t_070 | pool_rsu_north | GATEWAY | 0,000000 | 39492160,000000 | 0,000000 | false | false | 0
14 | mosaic_generated_014_t_075 | pool_v2v_veh_0_veh_1 | DIRECT_V2V | 0,000000 | 10000000,000000 | 0,000000 | false | false | 0
14 | mosaic_generated_014_t_075 | pool_v2v_veh_0_veh_2 | DIRECT_V2V | 0,000000 | 10000000,000000 | 0,000000 | false | false | 0
14 | mosaic_generated_014_t_075 | pool_v2v_veh_0_veh_3 | DIRECT_V2V | 0,000000 | 10000000,000000 | 0,000000 | false | false | 0
14 | mosaic_generated_014_t_075 | pool_v2v_veh_0_veh_4 | DIRECT_V2V | 0,000000 | 10000000,000000 | 0,000000 | false | false | 0
14 | mosaic_generated_014_t_075 | pool_v2v_veh_0_veh_5 | DIRECT_V2V | 0,000000 | 10000000,000000 | 0,000000 | false | false | 0
14 | mosaic_generated_014_t_075 | pool_v2v_veh_1_veh_2 | DIRECT_V2V | 0,000000 | 10000000,000000 | 0,000000 | false | false | 0
14 | mosaic_generated_014_t_075 | pool_v2v_veh_1_veh_3 | DIRECT_V2V | 0,000000 | 10000000,000000 | 0,000000 | false | false | 0
14 | mosaic_generated_014_t_075 | pool_v2v_veh_1_veh_4 | DIRECT_V2V | 0,000000 | 10000000,000000 | 0,000000 | false | false | 0
14 | mosaic_generated_014_t_075 | pool_v2v_veh_1_veh_5 | DIRECT_V2V | 0,000000 | 10000000,000000 | 0,000000 | false | false | 0
14 | mosaic_generated_014_t_075 | pool_v2v_veh_1_veh_6 | DIRECT_V2V | 0,000000 | 10000000,000000 | 0,000000 | false | false | 0
14 | mosaic_generated_014_t_075 | pool_v2v_veh_2_veh_3 | DIRECT_V2V | 0,000000 | 10000000,000000 | 0,000000 | false | false | 0
14 | mosaic_generated_014_t_075 | pool_v2v_veh_2_veh_4 | DIRECT_V2V | 0,000000 | 10000000,000000 | 0,000000 | false | false | 0
14 | mosaic_generated_014_t_075 | pool_v2v_veh_2_veh_5 | DIRECT_V2V | 0,000000 | 10000000,000000 | 0,000000 | false | false | 0
14 | mosaic_generated_014_t_075 | pool_v2v_veh_2_veh_6 | DIRECT_V2V | 0,000000 | 10000000,000000 | 0,000000 | false | false | 0
14 | mosaic_generated_014_t_075 | pool_v2v_veh_2_veh_7 | DIRECT_V2V | 0,000000 | 10000000,000000 | 0,000000 | false | false | 0
14 | mosaic_generated_014_t_075 | pool_v2v_veh_3_veh_4 | DIRECT_V2V | 0,000000 | 10000000,000000 | 0,000000 | false | false | 0
14 | mosaic_generated_014_t_075 | pool_v2v_veh_3_veh_5 | DIRECT_V2V | 0,000000 | 10000000,000000 | 0,000000 | false | false | 0
14 | mosaic_generated_014_t_075 | pool_v2v_veh_3_veh_6 | DIRECT_V2V | 0,000000 | 10000000,000000 | 0,000000 | false | false | 0
14 | mosaic_generated_014_t_075 | pool_v2v_veh_3_veh_7 | DIRECT_V2V | 0,000000 | 10000000,000000 | 0,000000 | false | false | 0
14 | mosaic_generated_014_t_075 | pool_v2v_veh_3_veh_8 | DIRECT_V2V | 0,000000 | 10000000,000000 | 0,000000 | false | false | 0
14 | mosaic_generated_014_t_075 | pool_v2v_veh_4_veh_5 | DIRECT_V2V | 0,000000 | 10000000,000000 | 0,000000 | false | false | 0
14 | mosaic_generated_014_t_075 | pool_v2v_veh_4_veh_6 | DIRECT_V2V | 0,000000 | 10000000,000000 | 0,000000 | false | false | 0
14 | mosaic_generated_014_t_075 | pool_v2v_veh_4_veh_7 | DIRECT_V2V | 0,000000 | 10000000,000000 | 0,000000 | false | false | 0
14 | mosaic_generated_014_t_075 | pool_v2v_veh_4_veh_8 | DIRECT_V2V | 0,000000 | 10000000,000000 | 0,000000 | false | false | 0
14 | mosaic_generated_014_t_075 | pool_v2v_veh_4_veh_9 | DIRECT_V2V | 0,000000 | 10000000,000000 | 0,000000 | false | false | 0
14 | mosaic_generated_014_t_075 | pool_v2v_veh_5_veh_6 | DIRECT_V2V | 0,000000 | 10000000,000000 | 0,000000 | false | false | 0
14 | mosaic_generated_014_t_075 | pool_v2v_veh_5_veh_7 | DIRECT_V2V | 0,000000 | 10000000,000000 | 0,000000 | false | false | 0
14 | mosaic_generated_014_t_075 | pool_v2v_veh_5_veh_8 | DIRECT_V2V | 0,000000 | 10000000,000000 | 0,000000 | false | false | 0
14 | mosaic_generated_014_t_075 | pool_v2v_veh_5_veh_9 | DIRECT_V2V | 0,000000 | 10000000,000000 | 0,000000 | false | false | 0
14 | mosaic_generated_014_t_075 | pool_v2v_veh_5_veh_10 | DIRECT_V2V | 0,000000 | 10000000,000000 | 0,000000 | false | false | 0
14 | mosaic_generated_014_t_075 | pool_v2v_veh_6_veh_7 | DIRECT_V2V | 0,000000 | 10000000,000000 | 0,000000 | false | false | 0
14 | mosaic_generated_014_t_075 | pool_v2v_veh_6_veh_8 | DIRECT_V2V | 0,000000 | 10000000,000000 | 0,000000 | false | false | 0
14 | mosaic_generated_014_t_075 | pool_v2v_veh_6_veh_9 | DIRECT_V2V | 0,000000 | 10000000,000000 | 0,000000 | false | false | 0
14 | mosaic_generated_014_t_075 | pool_v2v_veh_6_veh_10 | DIRECT_V2V | 0,000000 | 10000000,000000 | 0,000000 | false | false | 0
14 | mosaic_generated_014_t_075 | pool_v2v_veh_7_veh_8 | DIRECT_V2V | 0,000000 | 10000000,000000 | 0,000000 | false | false | 0
14 | mosaic_generated_014_t_075 | pool_v2v_veh_7_veh_9 | DIRECT_V2V | 0,000000 | 10000000,000000 | 0,000000 | false | false | 0
14 | mosaic_generated_014_t_075 | pool_v2v_veh_7_veh_10 | DIRECT_V2V | 0,000000 | 10000000,000000 | 0,000000 | false | false | 0
14 | mosaic_generated_014_t_075 | pool_v2v_veh_7_veh_11 | DIRECT_V2V | 0,000000 | 10000000,000000 | 0,000000 | false | false | 0
14 | mosaic_generated_014_t_075 | pool_v2v_veh_8_veh_9 | DIRECT_V2V | 0,000000 | 10000000,000000 | 0,000000 | false | false | 0
14 | mosaic_generated_014_t_075 | pool_v2v_veh_8_veh_10 | DIRECT_V2V | 0,000000 | 10000000,000000 | 0,000000 | false | false | 0
14 | mosaic_generated_014_t_075 | pool_v2v_veh_8_veh_11 | DIRECT_V2V | 0,000000 | 10000000,000000 | 0,000000 | false | false | 0
14 | mosaic_generated_014_t_075 | pool_v2v_veh_9_veh_10 | DIRECT_V2V | 0,000000 | 10000000,000000 | 0,000000 | false | false | 0
14 | mosaic_generated_014_t_075 | pool_v2v_veh_9_veh_11 | DIRECT_V2V | 0,000000 | 10000000,000000 | 0,000000 | false | false | 0
14 | mosaic_generated_014_t_075 | pool_v2v_veh_10_veh_11 | DIRECT_V2V | 0,000000 | 10000000,000000 | 0,000000 | false | false | 0
14 | mosaic_generated_014_t_075 | pool_rsu_central | GATEWAY | 0,000000 | 8000000,000000 | 0,000000 | false | false | 0
14 | mosaic_generated_014_t_075 | pool_rsu_north | GATEWAY | 0,000000 | 39492160,000000 | 0,000000 | false | false | 0
15 | mosaic_generated_015_t_080 | pool_v2v_veh_0_veh_1 | DIRECT_V2V | 0,000000 | 10000000,000000 | 0,000000 | false | false | 0
15 | mosaic_generated_015_t_080 | pool_v2v_veh_0_veh_2 | DIRECT_V2V | 0,000000 | 10000000,000000 | 0,000000 | false | false | 0
15 | mosaic_generated_015_t_080 | pool_v2v_veh_0_veh_3 | DIRECT_V2V | 0,000000 | 10000000,000000 | 0,000000 | false | false | 0
15 | mosaic_generated_015_t_080 | pool_v2v_veh_0_veh_4 | DIRECT_V2V | 0,000000 | 10000000,000000 | 0,000000 | false | false | 0
15 | mosaic_generated_015_t_080 | pool_v2v_veh_0_veh_5 | DIRECT_V2V | 0,000000 | 10000000,000000 | 0,000000 | false | false | 0
15 | mosaic_generated_015_t_080 | pool_v2v_veh_1_veh_2 | DIRECT_V2V | 0,000000 | 10000000,000000 | 0,000000 | false | false | 0
15 | mosaic_generated_015_t_080 | pool_v2v_veh_1_veh_3 | DIRECT_V2V | 0,000000 | 10000000,000000 | 0,000000 | false | false | 0
15 | mosaic_generated_015_t_080 | pool_v2v_veh_1_veh_4 | DIRECT_V2V | 0,000000 | 10000000,000000 | 0,000000 | false | false | 0
15 | mosaic_generated_015_t_080 | pool_v2v_veh_1_veh_5 | DIRECT_V2V | 0,000000 | 10000000,000000 | 0,000000 | false | false | 0
15 | mosaic_generated_015_t_080 | pool_v2v_veh_1_veh_6 | DIRECT_V2V | 0,000000 | 10000000,000000 | 0,000000 | false | false | 0
15 | mosaic_generated_015_t_080 | pool_v2v_veh_2_veh_3 | DIRECT_V2V | 0,000000 | 10000000,000000 | 0,000000 | false | false | 0
15 | mosaic_generated_015_t_080 | pool_v2v_veh_2_veh_4 | DIRECT_V2V | 0,000000 | 10000000,000000 | 0,000000 | false | false | 0
15 | mosaic_generated_015_t_080 | pool_v2v_veh_2_veh_5 | DIRECT_V2V | 0,000000 | 10000000,000000 | 0,000000 | false | false | 0
15 | mosaic_generated_015_t_080 | pool_v2v_veh_2_veh_6 | DIRECT_V2V | 0,000000 | 10000000,000000 | 0,000000 | false | false | 0
15 | mosaic_generated_015_t_080 | pool_v2v_veh_2_veh_7 | DIRECT_V2V | 0,000000 | 10000000,000000 | 0,000000 | false | false | 0
15 | mosaic_generated_015_t_080 | pool_v2v_veh_3_veh_4 | DIRECT_V2V | 0,000000 | 10000000,000000 | 0,000000 | false | false | 0
15 | mosaic_generated_015_t_080 | pool_v2v_veh_3_veh_5 | DIRECT_V2V | 0,000000 | 10000000,000000 | 0,000000 | false | false | 0
15 | mosaic_generated_015_t_080 | pool_v2v_veh_3_veh_6 | DIRECT_V2V | 0,000000 | 10000000,000000 | 0,000000 | false | false | 0
15 | mosaic_generated_015_t_080 | pool_v2v_veh_3_veh_7 | DIRECT_V2V | 0,000000 | 10000000,000000 | 0,000000 | false | false | 0
15 | mosaic_generated_015_t_080 | pool_v2v_veh_3_veh_8 | DIRECT_V2V | 0,000000 | 10000000,000000 | 0,000000 | false | false | 0
15 | mosaic_generated_015_t_080 | pool_v2v_veh_4_veh_5 | DIRECT_V2V | 0,000000 | 10000000,000000 | 0,000000 | false | false | 0
15 | mosaic_generated_015_t_080 | pool_v2v_veh_4_veh_6 | DIRECT_V2V | 0,000000 | 10000000,000000 | 0,000000 | false | false | 0
15 | mosaic_generated_015_t_080 | pool_v2v_veh_4_veh_7 | DIRECT_V2V | 0,000000 | 10000000,000000 | 0,000000 | false | false | 0
15 | mosaic_generated_015_t_080 | pool_v2v_veh_4_veh_8 | DIRECT_V2V | 0,000000 | 10000000,000000 | 0,000000 | false | false | 0
15 | mosaic_generated_015_t_080 | pool_v2v_veh_4_veh_9 | DIRECT_V2V | 0,000000 | 10000000,000000 | 0,000000 | false | false | 0
15 | mosaic_generated_015_t_080 | pool_v2v_veh_5_veh_6 | DIRECT_V2V | 0,000000 | 10000000,000000 | 0,000000 | false | false | 0
15 | mosaic_generated_015_t_080 | pool_v2v_veh_5_veh_7 | DIRECT_V2V | 0,000000 | 10000000,000000 | 0,000000 | false | false | 0
15 | mosaic_generated_015_t_080 | pool_v2v_veh_5_veh_8 | DIRECT_V2V | 0,000000 | 10000000,000000 | 0,000000 | false | false | 0
15 | mosaic_generated_015_t_080 | pool_v2v_veh_5_veh_9 | DIRECT_V2V | 0,000000 | 10000000,000000 | 0,000000 | false | false | 0
15 | mosaic_generated_015_t_080 | pool_v2v_veh_5_veh_10 | DIRECT_V2V | 0,000000 | 10000000,000000 | 0,000000 | false | false | 0
15 | mosaic_generated_015_t_080 | pool_v2v_veh_6_veh_7 | DIRECT_V2V | 0,000000 | 10000000,000000 | 0,000000 | false | false | 0
15 | mosaic_generated_015_t_080 | pool_v2v_veh_6_veh_8 | DIRECT_V2V | 0,000000 | 10000000,000000 | 0,000000 | false | false | 0
15 | mosaic_generated_015_t_080 | pool_v2v_veh_6_veh_9 | DIRECT_V2V | 0,000000 | 10000000,000000 | 0,000000 | false | false | 0
15 | mosaic_generated_015_t_080 | pool_v2v_veh_6_veh_10 | DIRECT_V2V | 0,000000 | 10000000,000000 | 0,000000 | false | false | 0
15 | mosaic_generated_015_t_080 | pool_v2v_veh_7_veh_8 | DIRECT_V2V | 0,000000 | 10000000,000000 | 0,000000 | false | false | 0
15 | mosaic_generated_015_t_080 | pool_v2v_veh_7_veh_9 | DIRECT_V2V | 0,000000 | 10000000,000000 | 0,000000 | false | false | 0
15 | mosaic_generated_015_t_080 | pool_v2v_veh_7_veh_10 | DIRECT_V2V | 0,000000 | 10000000,000000 | 0,000000 | false | false | 0
15 | mosaic_generated_015_t_080 | pool_v2v_veh_7_veh_11 | DIRECT_V2V | 0,000000 | 10000000,000000 | 0,000000 | false | false | 0
15 | mosaic_generated_015_t_080 | pool_v2v_veh_8_veh_9 | DIRECT_V2V | 0,000000 | 10000000,000000 | 0,000000 | false | false | 0
15 | mosaic_generated_015_t_080 | pool_v2v_veh_8_veh_10 | DIRECT_V2V | 0,000000 | 10000000,000000 | 0,000000 | false | false | 0
15 | mosaic_generated_015_t_080 | pool_v2v_veh_8_veh_11 | DIRECT_V2V | 0,000000 | 10000000,000000 | 0,000000 | false | false | 0
15 | mosaic_generated_015_t_080 | pool_v2v_veh_9_veh_10 | DIRECT_V2V | 0,000000 | 10000000,000000 | 0,000000 | false | false | 0
15 | mosaic_generated_015_t_080 | pool_v2v_veh_9_veh_11 | DIRECT_V2V | 0,000000 | 10000000,000000 | 0,000000 | false | false | 0
15 | mosaic_generated_015_t_080 | pool_v2v_veh_10_veh_11 | DIRECT_V2V | 0,000000 | 10000000,000000 | 0,000000 | false | false | 0
15 | mosaic_generated_015_t_080 | pool_rsu_central | GATEWAY | 0,000000 | 8000000,000000 | 0,000000 | false | false | 0
15 | mosaic_generated_015_t_080 | pool_rsu_north | GATEWAY | 0,000000 | 39492160,000000 | 0,000000 | false | false | 0
16 | mosaic_generated_016_t_085 | pool_v2v_veh_0_veh_1 | DIRECT_V2V | 0,000000 | 10000000,000000 | 0,000000 | false | false | 0
16 | mosaic_generated_016_t_085 | pool_v2v_veh_0_veh_2 | DIRECT_V2V | 0,000000 | 10000000,000000 | 0,000000 | false | false | 0
16 | mosaic_generated_016_t_085 | pool_v2v_veh_0_veh_3 | DIRECT_V2V | 0,000000 | 10000000,000000 | 0,000000 | false | false | 0
16 | mosaic_generated_016_t_085 | pool_v2v_veh_0_veh_4 | DIRECT_V2V | 0,000000 | 10000000,000000 | 0,000000 | false | false | 0
16 | mosaic_generated_016_t_085 | pool_v2v_veh_0_veh_5 | DIRECT_V2V | 0,000000 | 10000000,000000 | 0,000000 | false | false | 0
16 | mosaic_generated_016_t_085 | pool_v2v_veh_1_veh_2 | DIRECT_V2V | 0,000000 | 10000000,000000 | 0,000000 | false | false | 0
16 | mosaic_generated_016_t_085 | pool_v2v_veh_1_veh_3 | DIRECT_V2V | 0,000000 | 10000000,000000 | 0,000000 | false | false | 0
16 | mosaic_generated_016_t_085 | pool_v2v_veh_1_veh_4 | DIRECT_V2V | 0,000000 | 10000000,000000 | 0,000000 | false | false | 0
16 | mosaic_generated_016_t_085 | pool_v2v_veh_1_veh_5 | DIRECT_V2V | 0,000000 | 10000000,000000 | 0,000000 | false | false | 0
16 | mosaic_generated_016_t_085 | pool_v2v_veh_1_veh_6 | DIRECT_V2V | 0,000000 | 10000000,000000 | 0,000000 | false | false | 0
16 | mosaic_generated_016_t_085 | pool_v2v_veh_2_veh_3 | DIRECT_V2V | 0,000000 | 10000000,000000 | 0,000000 | false | false | 0
16 | mosaic_generated_016_t_085 | pool_v2v_veh_2_veh_4 | DIRECT_V2V | 0,000000 | 10000000,000000 | 0,000000 | false | false | 0
16 | mosaic_generated_016_t_085 | pool_v2v_veh_2_veh_5 | DIRECT_V2V | 0,000000 | 10000000,000000 | 0,000000 | false | false | 0
16 | mosaic_generated_016_t_085 | pool_v2v_veh_2_veh_6 | DIRECT_V2V | 0,000000 | 10000000,000000 | 0,000000 | false | false | 0
16 | mosaic_generated_016_t_085 | pool_v2v_veh_2_veh_7 | DIRECT_V2V | 0,000000 | 10000000,000000 | 0,000000 | false | false | 0
16 | mosaic_generated_016_t_085 | pool_v2v_veh_3_veh_4 | DIRECT_V2V | 0,000000 | 10000000,000000 | 0,000000 | false | false | 0
16 | mosaic_generated_016_t_085 | pool_v2v_veh_3_veh_5 | DIRECT_V2V | 0,000000 | 10000000,000000 | 0,000000 | false | false | 0
16 | mosaic_generated_016_t_085 | pool_v2v_veh_3_veh_6 | DIRECT_V2V | 0,000000 | 10000000,000000 | 0,000000 | false | false | 0
16 | mosaic_generated_016_t_085 | pool_v2v_veh_3_veh_7 | DIRECT_V2V | 0,000000 | 10000000,000000 | 0,000000 | false | false | 0
16 | mosaic_generated_016_t_085 | pool_v2v_veh_3_veh_8 | DIRECT_V2V | 0,000000 | 10000000,000000 | 0,000000 | false | false | 0
16 | mosaic_generated_016_t_085 | pool_v2v_veh_4_veh_5 | DIRECT_V2V | 0,000000 | 10000000,000000 | 0,000000 | false | false | 0
16 | mosaic_generated_016_t_085 | pool_v2v_veh_4_veh_6 | DIRECT_V2V | 0,000000 | 10000000,000000 | 0,000000 | false | false | 0
16 | mosaic_generated_016_t_085 | pool_v2v_veh_4_veh_7 | DIRECT_V2V | 0,000000 | 10000000,000000 | 0,000000 | false | false | 0
16 | mosaic_generated_016_t_085 | pool_v2v_veh_4_veh_8 | DIRECT_V2V | 0,000000 | 10000000,000000 | 0,000000 | false | false | 0
16 | mosaic_generated_016_t_085 | pool_v2v_veh_4_veh_9 | DIRECT_V2V | 0,000000 | 10000000,000000 | 0,000000 | false | false | 0
16 | mosaic_generated_016_t_085 | pool_v2v_veh_5_veh_6 | DIRECT_V2V | 0,000000 | 10000000,000000 | 0,000000 | false | false | 0
16 | mosaic_generated_016_t_085 | pool_v2v_veh_5_veh_7 | DIRECT_V2V | 0,000000 | 10000000,000000 | 0,000000 | false | false | 0
16 | mosaic_generated_016_t_085 | pool_v2v_veh_5_veh_8 | DIRECT_V2V | 0,000000 | 10000000,000000 | 0,000000 | false | false | 0
16 | mosaic_generated_016_t_085 | pool_v2v_veh_5_veh_9 | DIRECT_V2V | 0,000000 | 10000000,000000 | 0,000000 | false | false | 0
16 | mosaic_generated_016_t_085 | pool_v2v_veh_5_veh_10 | DIRECT_V2V | 0,000000 | 10000000,000000 | 0,000000 | false | false | 0
16 | mosaic_generated_016_t_085 | pool_v2v_veh_6_veh_7 | DIRECT_V2V | 0,000000 | 10000000,000000 | 0,000000 | false | false | 0
16 | mosaic_generated_016_t_085 | pool_v2v_veh_6_veh_8 | DIRECT_V2V | 0,000000 | 10000000,000000 | 0,000000 | false | false | 0
16 | mosaic_generated_016_t_085 | pool_v2v_veh_6_veh_9 | DIRECT_V2V | 0,000000 | 10000000,000000 | 0,000000 | false | false | 0
16 | mosaic_generated_016_t_085 | pool_v2v_veh_6_veh_10 | DIRECT_V2V | 0,000000 | 10000000,000000 | 0,000000 | false | false | 0
16 | mosaic_generated_016_t_085 | pool_v2v_veh_7_veh_8 | DIRECT_V2V | 0,000000 | 10000000,000000 | 0,000000 | false | false | 0
16 | mosaic_generated_016_t_085 | pool_v2v_veh_7_veh_9 | DIRECT_V2V | 0,000000 | 10000000,000000 | 0,000000 | false | false | 0
16 | mosaic_generated_016_t_085 | pool_v2v_veh_7_veh_10 | DIRECT_V2V | 0,000000 | 10000000,000000 | 0,000000 | false | false | 0
16 | mosaic_generated_016_t_085 | pool_v2v_veh_7_veh_11 | DIRECT_V2V | 0,000000 | 10000000,000000 | 0,000000 | false | false | 0
16 | mosaic_generated_016_t_085 | pool_v2v_veh_8_veh_9 | DIRECT_V2V | 0,000000 | 10000000,000000 | 0,000000 | false | false | 0
16 | mosaic_generated_016_t_085 | pool_v2v_veh_8_veh_10 | DIRECT_V2V | 0,000000 | 10000000,000000 | 0,000000 | false | false | 0
16 | mosaic_generated_016_t_085 | pool_v2v_veh_8_veh_11 | DIRECT_V2V | 0,000000 | 10000000,000000 | 0,000000 | false | false | 0
16 | mosaic_generated_016_t_085 | pool_v2v_veh_9_veh_10 | DIRECT_V2V | 0,000000 | 10000000,000000 | 0,000000 | false | false | 0
16 | mosaic_generated_016_t_085 | pool_v2v_veh_9_veh_11 | DIRECT_V2V | 0,000000 | 10000000,000000 | 0,000000 | false | false | 0
16 | mosaic_generated_016_t_085 | pool_v2v_veh_10_veh_11 | DIRECT_V2V | 0,000000 | 10000000,000000 | 0,000000 | false | false | 0
16 | mosaic_generated_016_t_085 | pool_rsu_central | GATEWAY | 0,000000 | 7957680,000000 | 0,000000 | false | false | 0
16 | mosaic_generated_016_t_085 | pool_rsu_north | GATEWAY | 0,000000 | 39534480,000000 | 0,000000 | false | false | 0
17 | mosaic_generated_017_t_090 | pool_v2v_veh_0_veh_1 | DIRECT_V2V | 0,000000 | 10000000,000000 | 0,000000 | false | false | 0
17 | mosaic_generated_017_t_090 | pool_v2v_veh_0_veh_2 | DIRECT_V2V | 0,000000 | 10000000,000000 | 0,000000 | false | false | 0
17 | mosaic_generated_017_t_090 | pool_v2v_veh_0_veh_3 | DIRECT_V2V | 0,000000 | 10000000,000000 | 0,000000 | false | false | 0
17 | mosaic_generated_017_t_090 | pool_v2v_veh_0_veh_4 | DIRECT_V2V | 0,000000 | 10000000,000000 | 0,000000 | false | false | 0
17 | mosaic_generated_017_t_090 | pool_v2v_veh_0_veh_5 | DIRECT_V2V | 0,000000 | 10000000,000000 | 0,000000 | false | false | 0
17 | mosaic_generated_017_t_090 | pool_v2v_veh_1_veh_2 | DIRECT_V2V | 0,000000 | 10000000,000000 | 0,000000 | false | false | 0
17 | mosaic_generated_017_t_090 | pool_v2v_veh_1_veh_3 | DIRECT_V2V | 0,000000 | 10000000,000000 | 0,000000 | false | false | 0
17 | mosaic_generated_017_t_090 | pool_v2v_veh_1_veh_4 | DIRECT_V2V | 0,000000 | 10000000,000000 | 0,000000 | false | false | 0
17 | mosaic_generated_017_t_090 | pool_v2v_veh_1_veh_5 | DIRECT_V2V | 0,000000 | 10000000,000000 | 0,000000 | false | false | 0
17 | mosaic_generated_017_t_090 | pool_v2v_veh_1_veh_6 | DIRECT_V2V | 0,000000 | 10000000,000000 | 0,000000 | false | false | 0
17 | mosaic_generated_017_t_090 | pool_v2v_veh_2_veh_3 | DIRECT_V2V | 0,000000 | 10000000,000000 | 0,000000 | false | false | 0
17 | mosaic_generated_017_t_090 | pool_v2v_veh_2_veh_4 | DIRECT_V2V | 0,000000 | 10000000,000000 | 0,000000 | false | false | 0
17 | mosaic_generated_017_t_090 | pool_v2v_veh_2_veh_5 | DIRECT_V2V | 0,000000 | 10000000,000000 | 0,000000 | false | false | 0
17 | mosaic_generated_017_t_090 | pool_v2v_veh_2_veh_6 | DIRECT_V2V | 0,000000 | 10000000,000000 | 0,000000 | false | false | 0
17 | mosaic_generated_017_t_090 | pool_v2v_veh_2_veh_7 | DIRECT_V2V | 0,000000 | 10000000,000000 | 0,000000 | false | false | 0
17 | mosaic_generated_017_t_090 | pool_v2v_veh_3_veh_4 | DIRECT_V2V | 0,000000 | 10000000,000000 | 0,000000 | false | false | 0
17 | mosaic_generated_017_t_090 | pool_v2v_veh_3_veh_5 | DIRECT_V2V | 0,000000 | 10000000,000000 | 0,000000 | false | false | 0
17 | mosaic_generated_017_t_090 | pool_v2v_veh_3_veh_6 | DIRECT_V2V | 0,000000 | 10000000,000000 | 0,000000 | false | false | 0
17 | mosaic_generated_017_t_090 | pool_v2v_veh_3_veh_7 | DIRECT_V2V | 0,000000 | 10000000,000000 | 0,000000 | false | false | 0
17 | mosaic_generated_017_t_090 | pool_v2v_veh_3_veh_8 | DIRECT_V2V | 0,000000 | 10000000,000000 | 0,000000 | false | false | 0
17 | mosaic_generated_017_t_090 | pool_v2v_veh_4_veh_5 | DIRECT_V2V | 0,000000 | 10000000,000000 | 0,000000 | false | false | 0
17 | mosaic_generated_017_t_090 | pool_v2v_veh_4_veh_6 | DIRECT_V2V | 0,000000 | 10000000,000000 | 0,000000 | false | false | 0
17 | mosaic_generated_017_t_090 | pool_v2v_veh_4_veh_7 | DIRECT_V2V | 0,000000 | 10000000,000000 | 0,000000 | false | false | 0
17 | mosaic_generated_017_t_090 | pool_v2v_veh_4_veh_8 | DIRECT_V2V | 0,000000 | 10000000,000000 | 0,000000 | false | false | 0
17 | mosaic_generated_017_t_090 | pool_v2v_veh_4_veh_9 | DIRECT_V2V | 0,000000 | 10000000,000000 | 0,000000 | false | false | 0
17 | mosaic_generated_017_t_090 | pool_v2v_veh_5_veh_6 | DIRECT_V2V | 0,000000 | 10000000,000000 | 0,000000 | false | false | 0
17 | mosaic_generated_017_t_090 | pool_v2v_veh_5_veh_7 | DIRECT_V2V | 0,000000 | 10000000,000000 | 0,000000 | false | false | 0
17 | mosaic_generated_017_t_090 | pool_v2v_veh_5_veh_8 | DIRECT_V2V | 0,000000 | 10000000,000000 | 0,000000 | false | false | 0
17 | mosaic_generated_017_t_090 | pool_v2v_veh_5_veh_9 | DIRECT_V2V | 0,000000 | 10000000,000000 | 0,000000 | false | false | 0
17 | mosaic_generated_017_t_090 | pool_v2v_veh_5_veh_10 | DIRECT_V2V | 0,000000 | 10000000,000000 | 0,000000 | false | false | 0
17 | mosaic_generated_017_t_090 | pool_v2v_veh_6_veh_7 | DIRECT_V2V | 0,000000 | 10000000,000000 | 0,000000 | false | false | 0
17 | mosaic_generated_017_t_090 | pool_v2v_veh_6_veh_8 | DIRECT_V2V | 0,000000 | 10000000,000000 | 0,000000 | false | false | 0
17 | mosaic_generated_017_t_090 | pool_v2v_veh_6_veh_9 | DIRECT_V2V | 0,000000 | 10000000,000000 | 0,000000 | false | false | 0
17 | mosaic_generated_017_t_090 | pool_v2v_veh_6_veh_10 | DIRECT_V2V | 0,000000 | 10000000,000000 | 0,000000 | false | false | 0
17 | mosaic_generated_017_t_090 | pool_v2v_veh_7_veh_8 | DIRECT_V2V | 0,000000 | 10000000,000000 | 0,000000 | false | false | 0
17 | mosaic_generated_017_t_090 | pool_v2v_veh_7_veh_9 | DIRECT_V2V | 0,000000 | 10000000,000000 | 0,000000 | false | false | 0
17 | mosaic_generated_017_t_090 | pool_v2v_veh_7_veh_10 | DIRECT_V2V | 0,000000 | 10000000,000000 | 0,000000 | false | false | 0
17 | mosaic_generated_017_t_090 | pool_v2v_veh_7_veh_11 | DIRECT_V2V | 0,000000 | 10000000,000000 | 0,000000 | false | false | 0
17 | mosaic_generated_017_t_090 | pool_v2v_veh_8_veh_9 | DIRECT_V2V | 0,000000 | 10000000,000000 | 0,000000 | false | false | 0
17 | mosaic_generated_017_t_090 | pool_v2v_veh_8_veh_10 | DIRECT_V2V | 0,000000 | 10000000,000000 | 0,000000 | false | false | 0
17 | mosaic_generated_017_t_090 | pool_v2v_veh_8_veh_11 | DIRECT_V2V | 0,000000 | 10000000,000000 | 0,000000 | false | false | 0
17 | mosaic_generated_017_t_090 | pool_v2v_veh_9_veh_10 | DIRECT_V2V | 0,000000 | 10000000,000000 | 0,000000 | false | false | 0
17 | mosaic_generated_017_t_090 | pool_v2v_veh_9_veh_11 | DIRECT_V2V | 0,000000 | 10000000,000000 | 0,000000 | false | false | 0
17 | mosaic_generated_017_t_090 | pool_v2v_veh_10_veh_11 | DIRECT_V2V | 0,000000 | 10000000,000000 | 0,000000 | false | false | 0
17 | mosaic_generated_017_t_090 | pool_rsu_central | GATEWAY | 0,000000 | 7915360,000000 | 0,000000 | false | false | 0
17 | mosaic_generated_017_t_090 | pool_rsu_north | GATEWAY | 0,000000 | 39576800,000000 | 0,000000 | false | false | 0
18 | mosaic_generated_018_t_095 | pool_v2v_veh_0_veh_1 | DIRECT_V2V | 0,000000 | 10000000,000000 | 0,000000 | false | false | 0
18 | mosaic_generated_018_t_095 | pool_v2v_veh_0_veh_2 | DIRECT_V2V | 0,000000 | 10000000,000000 | 0,000000 | false | false | 0
18 | mosaic_generated_018_t_095 | pool_v2v_veh_0_veh_3 | DIRECT_V2V | 0,000000 | 10000000,000000 | 0,000000 | false | false | 0
18 | mosaic_generated_018_t_095 | pool_v2v_veh_0_veh_4 | DIRECT_V2V | 0,000000 | 10000000,000000 | 0,000000 | false | false | 0
18 | mosaic_generated_018_t_095 | pool_v2v_veh_0_veh_5 | DIRECT_V2V | 0,000000 | 10000000,000000 | 0,000000 | false | false | 0
18 | mosaic_generated_018_t_095 | pool_v2v_veh_1_veh_2 | DIRECT_V2V | 0,000000 | 10000000,000000 | 0,000000 | false | false | 0
18 | mosaic_generated_018_t_095 | pool_v2v_veh_1_veh_3 | DIRECT_V2V | 0,000000 | 10000000,000000 | 0,000000 | false | false | 0
18 | mosaic_generated_018_t_095 | pool_v2v_veh_1_veh_4 | DIRECT_V2V | 0,000000 | 10000000,000000 | 0,000000 | false | false | 0
18 | mosaic_generated_018_t_095 | pool_v2v_veh_1_veh_5 | DIRECT_V2V | 0,000000 | 10000000,000000 | 0,000000 | false | false | 0
18 | mosaic_generated_018_t_095 | pool_v2v_veh_1_veh_6 | DIRECT_V2V | 0,000000 | 10000000,000000 | 0,000000 | false | false | 0
18 | mosaic_generated_018_t_095 | pool_v2v_veh_2_veh_3 | DIRECT_V2V | 0,000000 | 10000000,000000 | 0,000000 | false | false | 0
18 | mosaic_generated_018_t_095 | pool_v2v_veh_2_veh_4 | DIRECT_V2V | 0,000000 | 10000000,000000 | 0,000000 | false | false | 0
18 | mosaic_generated_018_t_095 | pool_v2v_veh_2_veh_5 | DIRECT_V2V | 0,000000 | 10000000,000000 | 0,000000 | false | false | 0
18 | mosaic_generated_018_t_095 | pool_v2v_veh_2_veh_6 | DIRECT_V2V | 0,000000 | 10000000,000000 | 0,000000 | false | false | 0
18 | mosaic_generated_018_t_095 | pool_v2v_veh_2_veh_7 | DIRECT_V2V | 0,000000 | 10000000,000000 | 0,000000 | false | false | 0
18 | mosaic_generated_018_t_095 | pool_v2v_veh_3_veh_4 | DIRECT_V2V | 0,000000 | 10000000,000000 | 0,000000 | false | false | 0
18 | mosaic_generated_018_t_095 | pool_v2v_veh_3_veh_5 | DIRECT_V2V | 0,000000 | 10000000,000000 | 0,000000 | false | false | 0
18 | mosaic_generated_018_t_095 | pool_v2v_veh_3_veh_6 | DIRECT_V2V | 0,000000 | 10000000,000000 | 0,000000 | false | false | 0
18 | mosaic_generated_018_t_095 | pool_v2v_veh_3_veh_7 | DIRECT_V2V | 0,000000 | 10000000,000000 | 0,000000 | false | false | 0
18 | mosaic_generated_018_t_095 | pool_v2v_veh_3_veh_8 | DIRECT_V2V | 0,000000 | 10000000,000000 | 0,000000 | false | false | 0
18 | mosaic_generated_018_t_095 | pool_v2v_veh_4_veh_5 | DIRECT_V2V | 0,000000 | 10000000,000000 | 0,000000 | false | false | 0
18 | mosaic_generated_018_t_095 | pool_v2v_veh_4_veh_6 | DIRECT_V2V | 0,000000 | 10000000,000000 | 0,000000 | false | false | 0
18 | mosaic_generated_018_t_095 | pool_v2v_veh_4_veh_7 | DIRECT_V2V | 0,000000 | 10000000,000000 | 0,000000 | false | false | 0
18 | mosaic_generated_018_t_095 | pool_v2v_veh_4_veh_8 | DIRECT_V2V | 0,000000 | 10000000,000000 | 0,000000 | false | false | 0
18 | mosaic_generated_018_t_095 | pool_v2v_veh_4_veh_9 | DIRECT_V2V | 0,000000 | 10000000,000000 | 0,000000 | false | false | 0
18 | mosaic_generated_018_t_095 | pool_v2v_veh_5_veh_6 | DIRECT_V2V | 0,000000 | 10000000,000000 | 0,000000 | false | false | 0
18 | mosaic_generated_018_t_095 | pool_v2v_veh_5_veh_7 | DIRECT_V2V | 0,000000 | 10000000,000000 | 0,000000 | false | false | 0
18 | mosaic_generated_018_t_095 | pool_v2v_veh_5_veh_8 | DIRECT_V2V | 0,000000 | 10000000,000000 | 0,000000 | false | false | 0
18 | mosaic_generated_018_t_095 | pool_v2v_veh_5_veh_9 | DIRECT_V2V | 0,000000 | 10000000,000000 | 0,000000 | false | false | 0
18 | mosaic_generated_018_t_095 | pool_v2v_veh_5_veh_10 | DIRECT_V2V | 0,000000 | 10000000,000000 | 0,000000 | false | false | 0
18 | mosaic_generated_018_t_095 | pool_v2v_veh_6_veh_7 | DIRECT_V2V | 0,000000 | 10000000,000000 | 0,000000 | false | false | 0
18 | mosaic_generated_018_t_095 | pool_v2v_veh_6_veh_8 | DIRECT_V2V | 0,000000 | 10000000,000000 | 0,000000 | false | false | 0
18 | mosaic_generated_018_t_095 | pool_v2v_veh_6_veh_9 | DIRECT_V2V | 0,000000 | 10000000,000000 | 0,000000 | false | false | 0
18 | mosaic_generated_018_t_095 | pool_v2v_veh_6_veh_10 | DIRECT_V2V | 0,000000 | 10000000,000000 | 0,000000 | false | false | 0
18 | mosaic_generated_018_t_095 | pool_v2v_veh_7_veh_8 | DIRECT_V2V | 0,000000 | 10000000,000000 | 0,000000 | false | false | 0
18 | mosaic_generated_018_t_095 | pool_v2v_veh_7_veh_9 | DIRECT_V2V | 0,000000 | 10000000,000000 | 0,000000 | false | false | 0
18 | mosaic_generated_018_t_095 | pool_v2v_veh_7_veh_10 | DIRECT_V2V | 0,000000 | 10000000,000000 | 0,000000 | false | false | 0
18 | mosaic_generated_018_t_095 | pool_v2v_veh_7_veh_11 | DIRECT_V2V | 0,000000 | 10000000,000000 | 0,000000 | false | false | 0
18 | mosaic_generated_018_t_095 | pool_v2v_veh_8_veh_9 | DIRECT_V2V | 0,000000 | 10000000,000000 | 0,000000 | false | false | 0
18 | mosaic_generated_018_t_095 | pool_v2v_veh_8_veh_10 | DIRECT_V2V | 0,000000 | 10000000,000000 | 0,000000 | false | false | 0
18 | mosaic_generated_018_t_095 | pool_v2v_veh_8_veh_11 | DIRECT_V2V | 0,000000 | 10000000,000000 | 0,000000 | false | false | 0
18 | mosaic_generated_018_t_095 | pool_v2v_veh_9_veh_10 | DIRECT_V2V | 0,000000 | 10000000,000000 | 0,000000 | false | false | 0
18 | mosaic_generated_018_t_095 | pool_v2v_veh_9_veh_11 | DIRECT_V2V | 0,000000 | 10000000,000000 | 0,000000 | false | false | 0
18 | mosaic_generated_018_t_095 | pool_v2v_veh_10_veh_11 | DIRECT_V2V | 0,000000 | 10000000,000000 | 0,000000 | false | false | 0
18 | mosaic_generated_018_t_095 | pool_rsu_central | GATEWAY | 0,000000 | 7873040,000000 | 0,000000 | false | false | 0
18 | mosaic_generated_018_t_095 | pool_rsu_north | GATEWAY | 0,000000 | 39619120,000000 | 0,000000 | false | false | 0
19 | mosaic_generated_019_t_100 | pool_v2v_veh_0_veh_1 | DIRECT_V2V | 0,000000 | 10000000,000000 | 0,000000 | false | false | 0
19 | mosaic_generated_019_t_100 | pool_v2v_veh_0_veh_2 | DIRECT_V2V | 0,000000 | 10000000,000000 | 0,000000 | false | false | 0
19 | mosaic_generated_019_t_100 | pool_v2v_veh_0_veh_3 | DIRECT_V2V | 0,000000 | 10000000,000000 | 0,000000 | false | false | 0
19 | mosaic_generated_019_t_100 | pool_v2v_veh_0_veh_4 | DIRECT_V2V | 0,000000 | 10000000,000000 | 0,000000 | false | false | 0
19 | mosaic_generated_019_t_100 | pool_v2v_veh_0_veh_5 | DIRECT_V2V | 0,000000 | 10000000,000000 | 0,000000 | false | false | 0
19 | mosaic_generated_019_t_100 | pool_v2v_veh_1_veh_2 | DIRECT_V2V | 0,000000 | 10000000,000000 | 0,000000 | false | false | 0
19 | mosaic_generated_019_t_100 | pool_v2v_veh_1_veh_3 | DIRECT_V2V | 0,000000 | 10000000,000000 | 0,000000 | false | false | 0
19 | mosaic_generated_019_t_100 | pool_v2v_veh_1_veh_4 | DIRECT_V2V | 0,000000 | 10000000,000000 | 0,000000 | false | false | 0
19 | mosaic_generated_019_t_100 | pool_v2v_veh_1_veh_5 | DIRECT_V2V | 0,000000 | 10000000,000000 | 0,000000 | false | false | 0
19 | mosaic_generated_019_t_100 | pool_v2v_veh_1_veh_6 | DIRECT_V2V | 0,000000 | 10000000,000000 | 0,000000 | false | false | 0
19 | mosaic_generated_019_t_100 | pool_v2v_veh_2_veh_3 | DIRECT_V2V | 0,000000 | 10000000,000000 | 0,000000 | false | false | 0
19 | mosaic_generated_019_t_100 | pool_v2v_veh_2_veh_4 | DIRECT_V2V | 0,000000 | 10000000,000000 | 0,000000 | false | false | 0
19 | mosaic_generated_019_t_100 | pool_v2v_veh_2_veh_5 | DIRECT_V2V | 0,000000 | 10000000,000000 | 0,000000 | false | false | 0
19 | mosaic_generated_019_t_100 | pool_v2v_veh_2_veh_6 | DIRECT_V2V | 0,000000 | 10000000,000000 | 0,000000 | false | false | 0
19 | mosaic_generated_019_t_100 | pool_v2v_veh_2_veh_7 | DIRECT_V2V | 0,000000 | 10000000,000000 | 0,000000 | false | false | 0
19 | mosaic_generated_019_t_100 | pool_v2v_veh_3_veh_4 | DIRECT_V2V | 0,000000 | 10000000,000000 | 0,000000 | false | false | 0
19 | mosaic_generated_019_t_100 | pool_v2v_veh_3_veh_5 | DIRECT_V2V | 0,000000 | 10000000,000000 | 0,000000 | false | false | 0
19 | mosaic_generated_019_t_100 | pool_v2v_veh_3_veh_6 | DIRECT_V2V | 0,000000 | 10000000,000000 | 0,000000 | false | false | 0
19 | mosaic_generated_019_t_100 | pool_v2v_veh_3_veh_7 | DIRECT_V2V | 0,000000 | 10000000,000000 | 0,000000 | false | false | 0
19 | mosaic_generated_019_t_100 | pool_v2v_veh_3_veh_8 | DIRECT_V2V | 0,000000 | 10000000,000000 | 0,000000 | false | false | 0
19 | mosaic_generated_019_t_100 | pool_v2v_veh_4_veh_5 | DIRECT_V2V | 0,000000 | 10000000,000000 | 0,000000 | false | false | 0
19 | mosaic_generated_019_t_100 | pool_v2v_veh_4_veh_6 | DIRECT_V2V | 0,000000 | 10000000,000000 | 0,000000 | false | false | 0
19 | mosaic_generated_019_t_100 | pool_v2v_veh_4_veh_7 | DIRECT_V2V | 0,000000 | 10000000,000000 | 0,000000 | false | false | 0
19 | mosaic_generated_019_t_100 | pool_v2v_veh_4_veh_8 | DIRECT_V2V | 0,000000 | 10000000,000000 | 0,000000 | false | false | 0
19 | mosaic_generated_019_t_100 | pool_v2v_veh_4_veh_9 | DIRECT_V2V | 0,000000 | 10000000,000000 | 0,000000 | false | false | 0
19 | mosaic_generated_019_t_100 | pool_v2v_veh_5_veh_6 | DIRECT_V2V | 0,000000 | 10000000,000000 | 0,000000 | false | false | 0
19 | mosaic_generated_019_t_100 | pool_v2v_veh_5_veh_7 | DIRECT_V2V | 0,000000 | 10000000,000000 | 0,000000 | false | false | 0
19 | mosaic_generated_019_t_100 | pool_v2v_veh_5_veh_8 | DIRECT_V2V | 0,000000 | 10000000,000000 | 0,000000 | false | false | 0
19 | mosaic_generated_019_t_100 | pool_v2v_veh_5_veh_9 | DIRECT_V2V | 0,000000 | 10000000,000000 | 0,000000 | false | false | 0
19 | mosaic_generated_019_t_100 | pool_v2v_veh_5_veh_10 | DIRECT_V2V | 0,000000 | 10000000,000000 | 0,000000 | false | false | 0
19 | mosaic_generated_019_t_100 | pool_v2v_veh_6_veh_7 | DIRECT_V2V | 0,000000 | 10000000,000000 | 0,000000 | false | false | 0
19 | mosaic_generated_019_t_100 | pool_v2v_veh_6_veh_8 | DIRECT_V2V | 0,000000 | 10000000,000000 | 0,000000 | false | false | 0
19 | mosaic_generated_019_t_100 | pool_v2v_veh_6_veh_9 | DIRECT_V2V | 0,000000 | 10000000,000000 | 0,000000 | false | false | 0
19 | mosaic_generated_019_t_100 | pool_v2v_veh_6_veh_10 | DIRECT_V2V | 0,000000 | 10000000,000000 | 0,000000 | false | false | 0
19 | mosaic_generated_019_t_100 | pool_v2v_veh_7_veh_8 | DIRECT_V2V | 0,000000 | 10000000,000000 | 0,000000 | false | false | 0
19 | mosaic_generated_019_t_100 | pool_v2v_veh_7_veh_9 | DIRECT_V2V | 0,000000 | 10000000,000000 | 0,000000 | false | false | 0
19 | mosaic_generated_019_t_100 | pool_v2v_veh_7_veh_10 | DIRECT_V2V | 0,000000 | 10000000,000000 | 0,000000 | false | false | 0
19 | mosaic_generated_019_t_100 | pool_v2v_veh_7_veh_11 | DIRECT_V2V | 0,000000 | 10000000,000000 | 0,000000 | false | false | 0
19 | mosaic_generated_019_t_100 | pool_v2v_veh_8_veh_9 | DIRECT_V2V | 0,000000 | 10000000,000000 | 0,000000 | false | false | 0
19 | mosaic_generated_019_t_100 | pool_v2v_veh_8_veh_10 | DIRECT_V2V | 0,000000 | 10000000,000000 | 0,000000 | false | false | 0
19 | mosaic_generated_019_t_100 | pool_v2v_veh_8_veh_11 | DIRECT_V2V | 0,000000 | 10000000,000000 | 0,000000 | false | false | 0
19 | mosaic_generated_019_t_100 | pool_v2v_veh_9_veh_10 | DIRECT_V2V | 0,000000 | 10000000,000000 | 0,000000 | false | false | 0
19 | mosaic_generated_019_t_100 | pool_v2v_veh_9_veh_11 | DIRECT_V2V | 0,000000 | 10000000,000000 | 0,000000 | false | false | 0
19 | mosaic_generated_019_t_100 | pool_v2v_veh_10_veh_11 | DIRECT_V2V | 0,000000 | 10000000,000000 | 0,000000 | false | false | 0
19 | mosaic_generated_019_t_100 | pool_rsu_central | GATEWAY | 0,000000 | 7788400,000000 | 0,000000 | false | false | 0
19 | mosaic_generated_019_t_100 | pool_rsu_north | GATEWAY | 0,000000 | 39703760,000000 | 0,000000 | false | false | 0
20 | mosaic_generated_020_t_105 | pool_v2v_veh_0_veh_1 | DIRECT_V2V | 0,000000 | 10000000,000000 | 0,000000 | false | false | 0
20 | mosaic_generated_020_t_105 | pool_v2v_veh_0_veh_2 | DIRECT_V2V | 0,000000 | 10000000,000000 | 0,000000 | false | false | 0
20 | mosaic_generated_020_t_105 | pool_v2v_veh_0_veh_3 | DIRECT_V2V | 0,000000 | 10000000,000000 | 0,000000 | false | false | 0
20 | mosaic_generated_020_t_105 | pool_v2v_veh_0_veh_4 | DIRECT_V2V | 0,000000 | 10000000,000000 | 0,000000 | false | false | 0
20 | mosaic_generated_020_t_105 | pool_v2v_veh_0_veh_5 | DIRECT_V2V | 0,000000 | 10000000,000000 | 0,000000 | false | false | 0
20 | mosaic_generated_020_t_105 | pool_v2v_veh_1_veh_2 | DIRECT_V2V | 0,000000 | 10000000,000000 | 0,000000 | false | false | 0
20 | mosaic_generated_020_t_105 | pool_v2v_veh_1_veh_3 | DIRECT_V2V | 0,000000 | 10000000,000000 | 0,000000 | false | false | 0
20 | mosaic_generated_020_t_105 | pool_v2v_veh_1_veh_4 | DIRECT_V2V | 0,000000 | 10000000,000000 | 0,000000 | false | false | 0
20 | mosaic_generated_020_t_105 | pool_v2v_veh_1_veh_5 | DIRECT_V2V | 0,000000 | 10000000,000000 | 0,000000 | false | false | 0
20 | mosaic_generated_020_t_105 | pool_v2v_veh_1_veh_6 | DIRECT_V2V | 0,000000 | 10000000,000000 | 0,000000 | false | false | 0
20 | mosaic_generated_020_t_105 | pool_v2v_veh_2_veh_3 | DIRECT_V2V | 0,000000 | 10000000,000000 | 0,000000 | false | false | 0
20 | mosaic_generated_020_t_105 | pool_v2v_veh_2_veh_4 | DIRECT_V2V | 0,000000 | 10000000,000000 | 0,000000 | false | false | 0
20 | mosaic_generated_020_t_105 | pool_v2v_veh_2_veh_5 | DIRECT_V2V | 0,000000 | 10000000,000000 | 0,000000 | false | false | 0
20 | mosaic_generated_020_t_105 | pool_v2v_veh_2_veh_6 | DIRECT_V2V | 0,000000 | 10000000,000000 | 0,000000 | false | false | 0
20 | mosaic_generated_020_t_105 | pool_v2v_veh_2_veh_7 | DIRECT_V2V | 0,000000 | 10000000,000000 | 0,000000 | false | false | 0
20 | mosaic_generated_020_t_105 | pool_v2v_veh_3_veh_4 | DIRECT_V2V | 0,000000 | 10000000,000000 | 0,000000 | false | false | 0
20 | mosaic_generated_020_t_105 | pool_v2v_veh_3_veh_5 | DIRECT_V2V | 0,000000 | 10000000,000000 | 0,000000 | false | false | 0
20 | mosaic_generated_020_t_105 | pool_v2v_veh_3_veh_6 | DIRECT_V2V | 0,000000 | 10000000,000000 | 0,000000 | false | false | 0
20 | mosaic_generated_020_t_105 | pool_v2v_veh_3_veh_7 | DIRECT_V2V | 0,000000 | 10000000,000000 | 0,000000 | false | false | 0
20 | mosaic_generated_020_t_105 | pool_v2v_veh_3_veh_8 | DIRECT_V2V | 0,000000 | 10000000,000000 | 0,000000 | false | false | 0
20 | mosaic_generated_020_t_105 | pool_v2v_veh_4_veh_5 | DIRECT_V2V | 0,000000 | 10000000,000000 | 0,000000 | false | false | 0
20 | mosaic_generated_020_t_105 | pool_v2v_veh_4_veh_6 | DIRECT_V2V | 0,000000 | 10000000,000000 | 0,000000 | false | false | 0
20 | mosaic_generated_020_t_105 | pool_v2v_veh_4_veh_7 | DIRECT_V2V | 0,000000 | 10000000,000000 | 0,000000 | false | false | 0
20 | mosaic_generated_020_t_105 | pool_v2v_veh_4_veh_8 | DIRECT_V2V | 0,000000 | 10000000,000000 | 0,000000 | false | false | 0
20 | mosaic_generated_020_t_105 | pool_v2v_veh_4_veh_9 | DIRECT_V2V | 0,000000 | 10000000,000000 | 0,000000 | false | false | 0
20 | mosaic_generated_020_t_105 | pool_v2v_veh_5_veh_6 | DIRECT_V2V | 0,000000 | 10000000,000000 | 0,000000 | false | false | 0
20 | mosaic_generated_020_t_105 | pool_v2v_veh_5_veh_7 | DIRECT_V2V | 0,000000 | 10000000,000000 | 0,000000 | false | false | 0
20 | mosaic_generated_020_t_105 | pool_v2v_veh_5_veh_8 | DIRECT_V2V | 0,000000 | 10000000,000000 | 0,000000 | false | false | 0
20 | mosaic_generated_020_t_105 | pool_v2v_veh_5_veh_9 | DIRECT_V2V | 0,000000 | 10000000,000000 | 0,000000 | false | false | 0
20 | mosaic_generated_020_t_105 | pool_v2v_veh_5_veh_10 | DIRECT_V2V | 0,000000 | 10000000,000000 | 0,000000 | false | false | 0
20 | mosaic_generated_020_t_105 | pool_v2v_veh_6_veh_7 | DIRECT_V2V | 0,000000 | 10000000,000000 | 0,000000 | false | false | 0
20 | mosaic_generated_020_t_105 | pool_v2v_veh_6_veh_8 | DIRECT_V2V | 0,000000 | 10000000,000000 | 0,000000 | false | false | 0
20 | mosaic_generated_020_t_105 | pool_v2v_veh_6_veh_9 | DIRECT_V2V | 0,000000 | 10000000,000000 | 0,000000 | false | false | 0
20 | mosaic_generated_020_t_105 | pool_v2v_veh_6_veh_10 | DIRECT_V2V | 0,000000 | 10000000,000000 | 0,000000 | false | false | 0
20 | mosaic_generated_020_t_105 | pool_v2v_veh_7_veh_8 | DIRECT_V2V | 0,000000 | 10000000,000000 | 0,000000 | false | false | 0
20 | mosaic_generated_020_t_105 | pool_v2v_veh_7_veh_9 | DIRECT_V2V | 0,000000 | 10000000,000000 | 0,000000 | false | false | 0
20 | mosaic_generated_020_t_105 | pool_v2v_veh_7_veh_10 | DIRECT_V2V | 0,000000 | 10000000,000000 | 0,000000 | false | false | 0
20 | mosaic_generated_020_t_105 | pool_v2v_veh_7_veh_11 | DIRECT_V2V | 0,000000 | 10000000,000000 | 0,000000 | false | false | 0
20 | mosaic_generated_020_t_105 | pool_v2v_veh_8_veh_9 | DIRECT_V2V | 0,000000 | 10000000,000000 | 0,000000 | false | false | 0
20 | mosaic_generated_020_t_105 | pool_v2v_veh_8_veh_10 | DIRECT_V2V | 0,000000 | 10000000,000000 | 0,000000 | false | false | 0
20 | mosaic_generated_020_t_105 | pool_v2v_veh_8_veh_11 | DIRECT_V2V | 0,000000 | 10000000,000000 | 0,000000 | false | false | 0
20 | mosaic_generated_020_t_105 | pool_v2v_veh_9_veh_10 | DIRECT_V2V | 0,000000 | 10000000,000000 | 0,000000 | false | false | 0
20 | mosaic_generated_020_t_105 | pool_v2v_veh_9_veh_11 | DIRECT_V2V | 0,000000 | 10000000,000000 | 0,000000 | false | false | 0
20 | mosaic_generated_020_t_105 | pool_v2v_veh_10_veh_11 | DIRECT_V2V | 0,000000 | 10000000,000000 | 0,000000 | false | false | 0
20 | mosaic_generated_020_t_105 | pool_rsu_central | GATEWAY | 0,000000 | 7830720,000000 | 0,000000 | false | false | 0
20 | mosaic_generated_020_t_105 | pool_rsu_north | GATEWAY | 0,000000 | 39746080,000000 | 0,000000 | false | false | 0
21 | mosaic_generated_021_t_110 | pool_v2v_veh_0_veh_1 | DIRECT_V2V | 0,000000 | 10000000,000000 | 0,000000 | false | false | 0
21 | mosaic_generated_021_t_110 | pool_v2v_veh_0_veh_2 | DIRECT_V2V | 0,000000 | 10000000,000000 | 0,000000 | false | false | 0
21 | mosaic_generated_021_t_110 | pool_v2v_veh_0_veh_3 | DIRECT_V2V | 0,000000 | 10000000,000000 | 0,000000 | false | false | 0
21 | mosaic_generated_021_t_110 | pool_v2v_veh_0_veh_4 | DIRECT_V2V | 0,000000 | 10000000,000000 | 0,000000 | false | false | 0
21 | mosaic_generated_021_t_110 | pool_v2v_veh_0_veh_5 | DIRECT_V2V | 0,000000 | 10000000,000000 | 0,000000 | false | false | 0
21 | mosaic_generated_021_t_110 | pool_v2v_veh_1_veh_2 | DIRECT_V2V | 0,000000 | 10000000,000000 | 0,000000 | false | false | 0
21 | mosaic_generated_021_t_110 | pool_v2v_veh_1_veh_3 | DIRECT_V2V | 0,000000 | 10000000,000000 | 0,000000 | false | false | 0
21 | mosaic_generated_021_t_110 | pool_v2v_veh_1_veh_4 | DIRECT_V2V | 0,000000 | 10000000,000000 | 0,000000 | false | false | 0
21 | mosaic_generated_021_t_110 | pool_v2v_veh_1_veh_5 | DIRECT_V2V | 0,000000 | 10000000,000000 | 0,000000 | false | false | 0
21 | mosaic_generated_021_t_110 | pool_v2v_veh_1_veh_6 | DIRECT_V2V | 0,000000 | 10000000,000000 | 0,000000 | false | false | 0
21 | mosaic_generated_021_t_110 | pool_v2v_veh_2_veh_3 | DIRECT_V2V | 0,000000 | 10000000,000000 | 0,000000 | false | false | 0
21 | mosaic_generated_021_t_110 | pool_v2v_veh_2_veh_4 | DIRECT_V2V | 0,000000 | 10000000,000000 | 0,000000 | false | false | 0
21 | mosaic_generated_021_t_110 | pool_v2v_veh_2_veh_5 | DIRECT_V2V | 0,000000 | 10000000,000000 | 0,000000 | false | false | 0
21 | mosaic_generated_021_t_110 | pool_v2v_veh_2_veh_6 | DIRECT_V2V | 0,000000 | 10000000,000000 | 0,000000 | false | false | 0
21 | mosaic_generated_021_t_110 | pool_v2v_veh_2_veh_7 | DIRECT_V2V | 0,000000 | 10000000,000000 | 0,000000 | false | false | 0
21 | mosaic_generated_021_t_110 | pool_v2v_veh_3_veh_4 | DIRECT_V2V | 0,000000 | 10000000,000000 | 0,000000 | false | false | 0
21 | mosaic_generated_021_t_110 | pool_v2v_veh_3_veh_5 | DIRECT_V2V | 0,000000 | 10000000,000000 | 0,000000 | false | false | 0
21 | mosaic_generated_021_t_110 | pool_v2v_veh_3_veh_6 | DIRECT_V2V | 0,000000 | 10000000,000000 | 0,000000 | false | false | 0
21 | mosaic_generated_021_t_110 | pool_v2v_veh_3_veh_7 | DIRECT_V2V | 0,000000 | 10000000,000000 | 0,000000 | false | false | 0
21 | mosaic_generated_021_t_110 | pool_v2v_veh_3_veh_8 | DIRECT_V2V | 0,000000 | 10000000,000000 | 0,000000 | false | false | 0
21 | mosaic_generated_021_t_110 | pool_v2v_veh_4_veh_5 | DIRECT_V2V | 0,000000 | 10000000,000000 | 0,000000 | false | false | 0
21 | mosaic_generated_021_t_110 | pool_v2v_veh_4_veh_6 | DIRECT_V2V | 0,000000 | 10000000,000000 | 0,000000 | false | false | 0
21 | mosaic_generated_021_t_110 | pool_v2v_veh_4_veh_7 | DIRECT_V2V | 0,000000 | 10000000,000000 | 0,000000 | false | false | 0
21 | mosaic_generated_021_t_110 | pool_v2v_veh_4_veh_8 | DIRECT_V2V | 0,000000 | 10000000,000000 | 0,000000 | false | false | 0
21 | mosaic_generated_021_t_110 | pool_v2v_veh_4_veh_9 | DIRECT_V2V | 0,000000 | 10000000,000000 | 0,000000 | false | false | 0
21 | mosaic_generated_021_t_110 | pool_v2v_veh_5_veh_6 | DIRECT_V2V | 0,000000 | 10000000,000000 | 0,000000 | false | false | 0
21 | mosaic_generated_021_t_110 | pool_v2v_veh_5_veh_7 | DIRECT_V2V | 0,000000 | 10000000,000000 | 0,000000 | false | false | 0
21 | mosaic_generated_021_t_110 | pool_v2v_veh_5_veh_8 | DIRECT_V2V | 0,000000 | 10000000,000000 | 0,000000 | false | false | 0
21 | mosaic_generated_021_t_110 | pool_v2v_veh_5_veh_9 | DIRECT_V2V | 0,000000 | 10000000,000000 | 0,000000 | false | false | 0
21 | mosaic_generated_021_t_110 | pool_v2v_veh_5_veh_10 | DIRECT_V2V | 0,000000 | 10000000,000000 | 0,000000 | false | false | 0
21 | mosaic_generated_021_t_110 | pool_v2v_veh_6_veh_7 | DIRECT_V2V | 0,000000 | 10000000,000000 | 0,000000 | false | false | 0
21 | mosaic_generated_021_t_110 | pool_v2v_veh_6_veh_8 | DIRECT_V2V | 0,000000 | 10000000,000000 | 0,000000 | false | false | 0
21 | mosaic_generated_021_t_110 | pool_v2v_veh_6_veh_9 | DIRECT_V2V | 0,000000 | 10000000,000000 | 0,000000 | false | false | 0
21 | mosaic_generated_021_t_110 | pool_v2v_veh_6_veh_10 | DIRECT_V2V | 0,000000 | 10000000,000000 | 0,000000 | false | false | 0
21 | mosaic_generated_021_t_110 | pool_v2v_veh_7_veh_8 | DIRECT_V2V | 0,000000 | 10000000,000000 | 0,000000 | false | false | 0
21 | mosaic_generated_021_t_110 | pool_v2v_veh_7_veh_9 | DIRECT_V2V | 0,000000 | 10000000,000000 | 0,000000 | false | false | 0
21 | mosaic_generated_021_t_110 | pool_v2v_veh_7_veh_10 | DIRECT_V2V | 0,000000 | 10000000,000000 | 0,000000 | false | false | 0
21 | mosaic_generated_021_t_110 | pool_v2v_veh_7_veh_11 | DIRECT_V2V | 0,000000 | 10000000,000000 | 0,000000 | false | false | 0
21 | mosaic_generated_021_t_110 | pool_v2v_veh_8_veh_9 | DIRECT_V2V | 0,000000 | 10000000,000000 | 0,000000 | false | false | 0
21 | mosaic_generated_021_t_110 | pool_v2v_veh_8_veh_10 | DIRECT_V2V | 0,000000 | 10000000,000000 | 0,000000 | false | false | 0
21 | mosaic_generated_021_t_110 | pool_v2v_veh_8_veh_11 | DIRECT_V2V | 0,000000 | 10000000,000000 | 0,000000 | false | false | 0
21 | mosaic_generated_021_t_110 | pool_v2v_veh_9_veh_10 | DIRECT_V2V | 0,000000 | 10000000,000000 | 0,000000 | false | false | 0
21 | mosaic_generated_021_t_110 | pool_v2v_veh_9_veh_11 | DIRECT_V2V | 0,000000 | 10000000,000000 | 0,000000 | false | false | 0
21 | mosaic_generated_021_t_110 | pool_v2v_veh_10_veh_11 | DIRECT_V2V | 0,000000 | 10000000,000000 | 0,000000 | false | false | 0
21 | mosaic_generated_021_t_110 | pool_rsu_central | GATEWAY | 0,000000 | 7746080,000000 | 0,000000 | false | false | 0
21 | mosaic_generated_021_t_110 | pool_rsu_north | GATEWAY | 0,000000 | 39788400,000000 | 0,000000 | false | false | 0
22 | mosaic_generated_022_t_115 | pool_v2v_veh_0_veh_1 | DIRECT_V2V | 0,000000 | 10000000,000000 | 0,000000 | false | false | 0
22 | mosaic_generated_022_t_115 | pool_v2v_veh_0_veh_2 | DIRECT_V2V | 0,000000 | 10000000,000000 | 0,000000 | false | false | 0
22 | mosaic_generated_022_t_115 | pool_v2v_veh_0_veh_3 | DIRECT_V2V | 0,000000 | 10000000,000000 | 0,000000 | false | false | 0
22 | mosaic_generated_022_t_115 | pool_v2v_veh_0_veh_4 | DIRECT_V2V | 0,000000 | 10000000,000000 | 0,000000 | false | false | 0
22 | mosaic_generated_022_t_115 | pool_v2v_veh_0_veh_5 | DIRECT_V2V | 0,000000 | 10000000,000000 | 0,000000 | false | false | 0
22 | mosaic_generated_022_t_115 | pool_v2v_veh_1_veh_2 | DIRECT_V2V | 0,000000 | 10000000,000000 | 0,000000 | false | false | 0
22 | mosaic_generated_022_t_115 | pool_v2v_veh_1_veh_3 | DIRECT_V2V | 0,000000 | 10000000,000000 | 0,000000 | false | false | 0
22 | mosaic_generated_022_t_115 | pool_v2v_veh_1_veh_4 | DIRECT_V2V | 0,000000 | 10000000,000000 | 0,000000 | false | false | 0
22 | mosaic_generated_022_t_115 | pool_v2v_veh_1_veh_5 | DIRECT_V2V | 0,000000 | 10000000,000000 | 0,000000 | false | false | 0
22 | mosaic_generated_022_t_115 | pool_v2v_veh_1_veh_6 | DIRECT_V2V | 0,000000 | 10000000,000000 | 0,000000 | false | false | 0
22 | mosaic_generated_022_t_115 | pool_v2v_veh_2_veh_3 | DIRECT_V2V | 0,000000 | 10000000,000000 | 0,000000 | false | false | 0
22 | mosaic_generated_022_t_115 | pool_v2v_veh_2_veh_4 | DIRECT_V2V | 0,000000 | 10000000,000000 | 0,000000 | false | false | 0
22 | mosaic_generated_022_t_115 | pool_v2v_veh_2_veh_5 | DIRECT_V2V | 0,000000 | 10000000,000000 | 0,000000 | false | false | 0
22 | mosaic_generated_022_t_115 | pool_v2v_veh_2_veh_6 | DIRECT_V2V | 0,000000 | 10000000,000000 | 0,000000 | false | false | 0
22 | mosaic_generated_022_t_115 | pool_v2v_veh_2_veh_7 | DIRECT_V2V | 0,000000 | 10000000,000000 | 0,000000 | false | false | 0
22 | mosaic_generated_022_t_115 | pool_v2v_veh_3_veh_4 | DIRECT_V2V | 0,000000 | 10000000,000000 | 0,000000 | false | false | 0
22 | mosaic_generated_022_t_115 | pool_v2v_veh_3_veh_5 | DIRECT_V2V | 0,000000 | 10000000,000000 | 0,000000 | false | false | 0
22 | mosaic_generated_022_t_115 | pool_v2v_veh_3_veh_6 | DIRECT_V2V | 0,000000 | 10000000,000000 | 0,000000 | false | false | 0
22 | mosaic_generated_022_t_115 | pool_v2v_veh_3_veh_7 | DIRECT_V2V | 0,000000 | 10000000,000000 | 0,000000 | false | false | 0
22 | mosaic_generated_022_t_115 | pool_v2v_veh_3_veh_8 | DIRECT_V2V | 0,000000 | 10000000,000000 | 0,000000 | false | false | 0
22 | mosaic_generated_022_t_115 | pool_v2v_veh_4_veh_5 | DIRECT_V2V | 0,000000 | 10000000,000000 | 0,000000 | false | false | 0
22 | mosaic_generated_022_t_115 | pool_v2v_veh_4_veh_6 | DIRECT_V2V | 0,000000 | 10000000,000000 | 0,000000 | false | false | 0
22 | mosaic_generated_022_t_115 | pool_v2v_veh_4_veh_7 | DIRECT_V2V | 0,000000 | 10000000,000000 | 0,000000 | false | false | 0
22 | mosaic_generated_022_t_115 | pool_v2v_veh_4_veh_8 | DIRECT_V2V | 0,000000 | 10000000,000000 | 0,000000 | false | false | 0
22 | mosaic_generated_022_t_115 | pool_v2v_veh_4_veh_9 | DIRECT_V2V | 0,000000 | 10000000,000000 | 0,000000 | false | false | 0
22 | mosaic_generated_022_t_115 | pool_v2v_veh_5_veh_6 | DIRECT_V2V | 0,000000 | 10000000,000000 | 0,000000 | false | false | 0
22 | mosaic_generated_022_t_115 | pool_v2v_veh_5_veh_7 | DIRECT_V2V | 0,000000 | 10000000,000000 | 0,000000 | false | false | 0
22 | mosaic_generated_022_t_115 | pool_v2v_veh_5_veh_8 | DIRECT_V2V | 0,000000 | 10000000,000000 | 0,000000 | false | false | 0
22 | mosaic_generated_022_t_115 | pool_v2v_veh_5_veh_9 | DIRECT_V2V | 0,000000 | 10000000,000000 | 0,000000 | false | false | 0
22 | mosaic_generated_022_t_115 | pool_v2v_veh_5_veh_10 | DIRECT_V2V | 0,000000 | 10000000,000000 | 0,000000 | false | false | 0
22 | mosaic_generated_022_t_115 | pool_v2v_veh_6_veh_7 | DIRECT_V2V | 0,000000 | 10000000,000000 | 0,000000 | false | false | 0
22 | mosaic_generated_022_t_115 | pool_v2v_veh_6_veh_8 | DIRECT_V2V | 0,000000 | 10000000,000000 | 0,000000 | false | false | 0
22 | mosaic_generated_022_t_115 | pool_v2v_veh_6_veh_9 | DIRECT_V2V | 0,000000 | 10000000,000000 | 0,000000 | false | false | 0
22 | mosaic_generated_022_t_115 | pool_v2v_veh_6_veh_10 | DIRECT_V2V | 0,000000 | 10000000,000000 | 0,000000 | false | false | 0
22 | mosaic_generated_022_t_115 | pool_v2v_veh_6_veh_11 | DIRECT_V2V | 0,000000 | 10000000,000000 | 0,000000 | false | false | 0
22 | mosaic_generated_022_t_115 | pool_v2v_veh_7_veh_8 | DIRECT_V2V | 0,000000 | 10000000,000000 | 0,000000 | false | false | 0
22 | mosaic_generated_022_t_115 | pool_v2v_veh_7_veh_9 | DIRECT_V2V | 0,000000 | 10000000,000000 | 0,000000 | false | false | 0
22 | mosaic_generated_022_t_115 | pool_v2v_veh_7_veh_10 | DIRECT_V2V | 0,000000 | 10000000,000000 | 0,000000 | false | false | 0
22 | mosaic_generated_022_t_115 | pool_v2v_veh_7_veh_11 | DIRECT_V2V | 0,000000 | 10000000,000000 | 0,000000 | false | false | 0
22 | mosaic_generated_022_t_115 | pool_v2v_veh_8_veh_9 | DIRECT_V2V | 0,000000 | 10000000,000000 | 0,000000 | false | false | 0
22 | mosaic_generated_022_t_115 | pool_v2v_veh_8_veh_10 | DIRECT_V2V | 0,000000 | 10000000,000000 | 0,000000 | false | false | 0
22 | mosaic_generated_022_t_115 | pool_v2v_veh_8_veh_11 | DIRECT_V2V | 0,000000 | 10000000,000000 | 0,000000 | false | false | 0
22 | mosaic_generated_022_t_115 | pool_v2v_veh_9_veh_10 | DIRECT_V2V | 0,000000 | 10000000,000000 | 0,000000 | false | false | 0
22 | mosaic_generated_022_t_115 | pool_v2v_veh_9_veh_11 | DIRECT_V2V | 0,000000 | 10000000,000000 | 0,000000 | false | false | 0
22 | mosaic_generated_022_t_115 | pool_v2v_veh_10_veh_11 | DIRECT_V2V | 0,000000 | 10000000,000000 | 0,000000 | false | false | 0
22 | mosaic_generated_022_t_115 | pool_rsu_central | GATEWAY | 0,000000 | 7661440,000000 | 0,000000 | false | false | 0
22 | mosaic_generated_022_t_115 | pool_rsu_north | GATEWAY | 0,000000 | 39830720,000000 | 0,000000 | false | false | 0
23 | mosaic_generated_023_t_120 | pool_v2v_veh_0_veh_1 | DIRECT_V2V | 0,000000 | 10000000,000000 | 0,000000 | false | false | 0
23 | mosaic_generated_023_t_120 | pool_v2v_veh_0_veh_2 | DIRECT_V2V | 0,000000 | 10000000,000000 | 0,000000 | false | false | 0
23 | mosaic_generated_023_t_120 | pool_v2v_veh_0_veh_3 | DIRECT_V2V | 0,000000 | 10000000,000000 | 0,000000 | false | false | 0
23 | mosaic_generated_023_t_120 | pool_v2v_veh_0_veh_4 | DIRECT_V2V | 0,000000 | 10000000,000000 | 0,000000 | false | false | 0
23 | mosaic_generated_023_t_120 | pool_v2v_veh_0_veh_5 | DIRECT_V2V | 0,000000 | 10000000,000000 | 0,000000 | false | false | 0
23 | mosaic_generated_023_t_120 | pool_v2v_veh_1_veh_2 | DIRECT_V2V | 0,000000 | 10000000,000000 | 0,000000 | false | false | 0
23 | mosaic_generated_023_t_120 | pool_v2v_veh_1_veh_3 | DIRECT_V2V | 0,000000 | 10000000,000000 | 0,000000 | false | false | 0
23 | mosaic_generated_023_t_120 | pool_v2v_veh_1_veh_4 | DIRECT_V2V | 0,000000 | 10000000,000000 | 0,000000 | false | false | 0
23 | mosaic_generated_023_t_120 | pool_v2v_veh_1_veh_5 | DIRECT_V2V | 0,000000 | 10000000,000000 | 0,000000 | false | false | 0
23 | mosaic_generated_023_t_120 | pool_v2v_veh_1_veh_6 | DIRECT_V2V | 0,000000 | 10000000,000000 | 0,000000 | false | false | 0
23 | mosaic_generated_023_t_120 | pool_v2v_veh_2_veh_3 | DIRECT_V2V | 0,000000 | 10000000,000000 | 0,000000 | false | false | 0
23 | mosaic_generated_023_t_120 | pool_v2v_veh_2_veh_4 | DIRECT_V2V | 0,000000 | 10000000,000000 | 0,000000 | false | false | 0
23 | mosaic_generated_023_t_120 | pool_v2v_veh_2_veh_5 | DIRECT_V2V | 0,000000 | 10000000,000000 | 0,000000 | false | false | 0
23 | mosaic_generated_023_t_120 | pool_v2v_veh_2_veh_6 | DIRECT_V2V | 0,000000 | 10000000,000000 | 0,000000 | false | false | 0
23 | mosaic_generated_023_t_120 | pool_v2v_veh_2_veh_7 | DIRECT_V2V | 0,000000 | 10000000,000000 | 0,000000 | false | false | 0
23 | mosaic_generated_023_t_120 | pool_v2v_veh_3_veh_4 | DIRECT_V2V | 0,000000 | 10000000,000000 | 0,000000 | false | false | 0
23 | mosaic_generated_023_t_120 | pool_v2v_veh_3_veh_5 | DIRECT_V2V | 0,000000 | 10000000,000000 | 0,000000 | false | false | 0
23 | mosaic_generated_023_t_120 | pool_v2v_veh_3_veh_6 | DIRECT_V2V | 0,000000 | 10000000,000000 | 0,000000 | false | false | 0
23 | mosaic_generated_023_t_120 | pool_v2v_veh_3_veh_7 | DIRECT_V2V | 0,000000 | 10000000,000000 | 0,000000 | false | false | 0
23 | mosaic_generated_023_t_120 | pool_v2v_veh_3_veh_8 | DIRECT_V2V | 0,000000 | 10000000,000000 | 0,000000 | false | false | 0
23 | mosaic_generated_023_t_120 | pool_v2v_veh_4_veh_5 | DIRECT_V2V | 0,000000 | 10000000,000000 | 0,000000 | false | false | 0
23 | mosaic_generated_023_t_120 | pool_v2v_veh_4_veh_6 | DIRECT_V2V | 0,000000 | 10000000,000000 | 0,000000 | false | false | 0
23 | mosaic_generated_023_t_120 | pool_v2v_veh_4_veh_7 | DIRECT_V2V | 0,000000 | 10000000,000000 | 0,000000 | false | false | 0
23 | mosaic_generated_023_t_120 | pool_v2v_veh_4_veh_8 | DIRECT_V2V | 0,000000 | 10000000,000000 | 0,000000 | false | false | 0
23 | mosaic_generated_023_t_120 | pool_v2v_veh_4_veh_9 | DIRECT_V2V | 0,000000 | 10000000,000000 | 0,000000 | false | false | 0
23 | mosaic_generated_023_t_120 | pool_v2v_veh_5_veh_6 | DIRECT_V2V | 0,000000 | 10000000,000000 | 0,000000 | false | false | 0
23 | mosaic_generated_023_t_120 | pool_v2v_veh_5_veh_7 | DIRECT_V2V | 0,000000 | 10000000,000000 | 0,000000 | false | false | 0
23 | mosaic_generated_023_t_120 | pool_v2v_veh_5_veh_8 | DIRECT_V2V | 0,000000 | 10000000,000000 | 0,000000 | false | false | 0
23 | mosaic_generated_023_t_120 | pool_v2v_veh_5_veh_9 | DIRECT_V2V | 0,000000 | 10000000,000000 | 0,000000 | false | false | 0
23 | mosaic_generated_023_t_120 | pool_v2v_veh_5_veh_10 | DIRECT_V2V | 0,000000 | 10000000,000000 | 0,000000 | false | false | 0
23 | mosaic_generated_023_t_120 | pool_v2v_veh_6_veh_7 | DIRECT_V2V | 0,000000 | 10000000,000000 | 0,000000 | false | false | 0
23 | mosaic_generated_023_t_120 | pool_v2v_veh_6_veh_8 | DIRECT_V2V | 0,000000 | 10000000,000000 | 0,000000 | false | false | 0
23 | mosaic_generated_023_t_120 | pool_v2v_veh_6_veh_9 | DIRECT_V2V | 0,000000 | 10000000,000000 | 0,000000 | false | false | 0
23 | mosaic_generated_023_t_120 | pool_v2v_veh_6_veh_10 | DIRECT_V2V | 0,000000 | 10000000,000000 | 0,000000 | false | false | 0
23 | mosaic_generated_023_t_120 | pool_v2v_veh_6_veh_11 | DIRECT_V2V | 0,000000 | 10000000,000000 | 0,000000 | false | false | 0
23 | mosaic_generated_023_t_120 | pool_v2v_veh_7_veh_8 | DIRECT_V2V | 0,000000 | 10000000,000000 | 0,000000 | false | false | 0
23 | mosaic_generated_023_t_120 | pool_v2v_veh_7_veh_9 | DIRECT_V2V | 0,000000 | 10000000,000000 | 0,000000 | false | false | 0
23 | mosaic_generated_023_t_120 | pool_v2v_veh_7_veh_10 | DIRECT_V2V | 0,000000 | 10000000,000000 | 0,000000 | false | false | 0
23 | mosaic_generated_023_t_120 | pool_v2v_veh_7_veh_11 | DIRECT_V2V | 0,000000 | 10000000,000000 | 0,000000 | false | false | 0
23 | mosaic_generated_023_t_120 | pool_v2v_veh_8_veh_9 | DIRECT_V2V | 0,000000 | 10000000,000000 | 0,000000 | false | false | 0
23 | mosaic_generated_023_t_120 | pool_v2v_veh_8_veh_10 | DIRECT_V2V | 0,000000 | 10000000,000000 | 0,000000 | false | false | 0
23 | mosaic_generated_023_t_120 | pool_v2v_veh_8_veh_11 | DIRECT_V2V | 0,000000 | 10000000,000000 | 0,000000 | false | false | 0
23 | mosaic_generated_023_t_120 | pool_v2v_veh_9_veh_10 | DIRECT_V2V | 0,000000 | 10000000,000000 | 0,000000 | false | false | 0
23 | mosaic_generated_023_t_120 | pool_v2v_veh_9_veh_11 | DIRECT_V2V | 0,000000 | 10000000,000000 | 0,000000 | false | false | 0
23 | mosaic_generated_023_t_120 | pool_v2v_veh_10_veh_11 | DIRECT_V2V | 0,000000 | 10000000,000000 | 0,000000 | false | false | 0
23 | mosaic_generated_023_t_120 | pool_rsu_central | GATEWAY | 0,000000 | 7576800,000000 | 0,000000 | false | false | 0
23 | mosaic_generated_023_t_120 | pool_rsu_north | GATEWAY | 0,000000 | 39915360,000000 | 0,000000 | false | false | 0
24 | mosaic_generated_024_t_125 | pool_v2v_veh_0_veh_1 | DIRECT_V2V | 0,000000 | 10000000,000000 | 0,000000 | false | false | 0
24 | mosaic_generated_024_t_125 | pool_v2v_veh_0_veh_2 | DIRECT_V2V | 0,000000 | 10000000,000000 | 0,000000 | false | false | 0
24 | mosaic_generated_024_t_125 | pool_v2v_veh_0_veh_3 | DIRECT_V2V | 0,000000 | 10000000,000000 | 0,000000 | false | false | 0
24 | mosaic_generated_024_t_125 | pool_v2v_veh_0_veh_4 | DIRECT_V2V | 0,000000 | 10000000,000000 | 0,000000 | false | false | 0
24 | mosaic_generated_024_t_125 | pool_v2v_veh_0_veh_5 | DIRECT_V2V | 0,000000 | 10000000,000000 | 0,000000 | false | false | 0
24 | mosaic_generated_024_t_125 | pool_v2v_veh_1_veh_2 | DIRECT_V2V | 0,000000 | 10000000,000000 | 0,000000 | false | false | 0
24 | mosaic_generated_024_t_125 | pool_v2v_veh_1_veh_3 | DIRECT_V2V | 0,000000 | 10000000,000000 | 0,000000 | false | false | 0
24 | mosaic_generated_024_t_125 | pool_v2v_veh_1_veh_4 | DIRECT_V2V | 0,000000 | 10000000,000000 | 0,000000 | false | false | 0
24 | mosaic_generated_024_t_125 | pool_v2v_veh_1_veh_5 | DIRECT_V2V | 0,000000 | 10000000,000000 | 0,000000 | false | false | 0
24 | mosaic_generated_024_t_125 | pool_v2v_veh_1_veh_6 | DIRECT_V2V | 0,000000 | 10000000,000000 | 0,000000 | false | false | 0
24 | mosaic_generated_024_t_125 | pool_v2v_veh_2_veh_3 | DIRECT_V2V | 0,000000 | 10000000,000000 | 0,000000 | false | false | 0
24 | mosaic_generated_024_t_125 | pool_v2v_veh_2_veh_4 | DIRECT_V2V | 0,000000 | 10000000,000000 | 0,000000 | false | false | 0
24 | mosaic_generated_024_t_125 | pool_v2v_veh_2_veh_5 | DIRECT_V2V | 0,000000 | 10000000,000000 | 0,000000 | false | false | 0
24 | mosaic_generated_024_t_125 | pool_v2v_veh_2_veh_6 | DIRECT_V2V | 0,000000 | 10000000,000000 | 0,000000 | false | false | 0
24 | mosaic_generated_024_t_125 | pool_v2v_veh_2_veh_7 | DIRECT_V2V | 0,000000 | 10000000,000000 | 0,000000 | false | false | 0
24 | mosaic_generated_024_t_125 | pool_v2v_veh_3_veh_4 | DIRECT_V2V | 0,000000 | 10000000,000000 | 0,000000 | false | false | 0
24 | mosaic_generated_024_t_125 | pool_v2v_veh_3_veh_5 | DIRECT_V2V | 0,000000 | 10000000,000000 | 0,000000 | false | false | 0
24 | mosaic_generated_024_t_125 | pool_v2v_veh_3_veh_6 | DIRECT_V2V | 0,000000 | 10000000,000000 | 0,000000 | false | false | 0
24 | mosaic_generated_024_t_125 | pool_v2v_veh_3_veh_7 | DIRECT_V2V | 0,000000 | 10000000,000000 | 0,000000 | false | false | 0
24 | mosaic_generated_024_t_125 | pool_v2v_veh_3_veh_8 | DIRECT_V2V | 0,000000 | 10000000,000000 | 0,000000 | false | false | 0
24 | mosaic_generated_024_t_125 | pool_v2v_veh_4_veh_5 | DIRECT_V2V | 0,000000 | 10000000,000000 | 0,000000 | false | false | 0
24 | mosaic_generated_024_t_125 | pool_v2v_veh_4_veh_6 | DIRECT_V2V | 0,000000 | 10000000,000000 | 0,000000 | false | false | 0
24 | mosaic_generated_024_t_125 | pool_v2v_veh_4_veh_7 | DIRECT_V2V | 0,000000 | 10000000,000000 | 0,000000 | false | false | 0
24 | mosaic_generated_024_t_125 | pool_v2v_veh_4_veh_8 | DIRECT_V2V | 0,000000 | 10000000,000000 | 0,000000 | false | false | 0
24 | mosaic_generated_024_t_125 | pool_v2v_veh_4_veh_9 | DIRECT_V2V | 0,000000 | 10000000,000000 | 0,000000 | false | false | 0
24 | mosaic_generated_024_t_125 | pool_v2v_veh_5_veh_6 | DIRECT_V2V | 0,000000 | 10000000,000000 | 0,000000 | false | false | 0
24 | mosaic_generated_024_t_125 | pool_v2v_veh_5_veh_7 | DIRECT_V2V | 0,000000 | 10000000,000000 | 0,000000 | false | false | 0
24 | mosaic_generated_024_t_125 | pool_v2v_veh_5_veh_8 | DIRECT_V2V | 0,000000 | 10000000,000000 | 0,000000 | false | false | 0
24 | mosaic_generated_024_t_125 | pool_v2v_veh_5_veh_9 | DIRECT_V2V | 0,000000 | 10000000,000000 | 0,000000 | false | false | 0
24 | mosaic_generated_024_t_125 | pool_v2v_veh_5_veh_10 | DIRECT_V2V | 0,000000 | 10000000,000000 | 0,000000 | false | false | 0
24 | mosaic_generated_024_t_125 | pool_v2v_veh_6_veh_7 | DIRECT_V2V | 0,000000 | 10000000,000000 | 0,000000 | false | false | 0
24 | mosaic_generated_024_t_125 | pool_v2v_veh_6_veh_8 | DIRECT_V2V | 0,000000 | 10000000,000000 | 0,000000 | false | false | 0
24 | mosaic_generated_024_t_125 | pool_v2v_veh_6_veh_9 | DIRECT_V2V | 0,000000 | 10000000,000000 | 0,000000 | false | false | 0
24 | mosaic_generated_024_t_125 | pool_v2v_veh_6_veh_10 | DIRECT_V2V | 0,000000 | 10000000,000000 | 0,000000 | false | false | 0
24 | mosaic_generated_024_t_125 | pool_v2v_veh_6_veh_11 | DIRECT_V2V | 0,000000 | 10000000,000000 | 0,000000 | false | false | 0
24 | mosaic_generated_024_t_125 | pool_v2v_veh_7_veh_8 | DIRECT_V2V | 0,000000 | 10000000,000000 | 0,000000 | false | false | 0
24 | mosaic_generated_024_t_125 | pool_v2v_veh_7_veh_9 | DIRECT_V2V | 0,000000 | 10000000,000000 | 0,000000 | false | false | 0
24 | mosaic_generated_024_t_125 | pool_v2v_veh_7_veh_10 | DIRECT_V2V | 0,000000 | 10000000,000000 | 0,000000 | false | false | 0
24 | mosaic_generated_024_t_125 | pool_v2v_veh_7_veh_11 | DIRECT_V2V | 0,000000 | 10000000,000000 | 0,000000 | false | false | 0
24 | mosaic_generated_024_t_125 | pool_v2v_veh_8_veh_9 | DIRECT_V2V | 0,000000 | 10000000,000000 | 0,000000 | false | false | 0
24 | mosaic_generated_024_t_125 | pool_v2v_veh_8_veh_10 | DIRECT_V2V | 0,000000 | 10000000,000000 | 0,000000 | false | false | 0
24 | mosaic_generated_024_t_125 | pool_v2v_veh_8_veh_11 | DIRECT_V2V | 0,000000 | 10000000,000000 | 0,000000 | false | false | 0
24 | mosaic_generated_024_t_125 | pool_v2v_veh_9_veh_10 | DIRECT_V2V | 0,000000 | 10000000,000000 | 0,000000 | false | false | 0
24 | mosaic_generated_024_t_125 | pool_v2v_veh_9_veh_11 | DIRECT_V2V | 0,000000 | 10000000,000000 | 0,000000 | false | false | 0
24 | mosaic_generated_024_t_125 | pool_v2v_veh_10_veh_11 | DIRECT_V2V | 0,000000 | 10000000,000000 | 0,000000 | false | false | 0
24 | mosaic_generated_024_t_125 | pool_rsu_central | GATEWAY | 0,000000 | 7576800,000000 | 0,000000 | false | false | 0
24 | mosaic_generated_024_t_125 | pool_rsu_north | GATEWAY | 0,000000 | 39957680,000000 | 0,000000 | false | false | 0
25 | mosaic_generated_025_t_130 | pool_v2v_veh_0_veh_1 | DIRECT_V2V | 0,000000 | 10000000,000000 | 0,000000 | false | false | 0
25 | mosaic_generated_025_t_130 | pool_v2v_veh_0_veh_2 | DIRECT_V2V | 0,000000 | 10000000,000000 | 0,000000 | false | false | 0
25 | mosaic_generated_025_t_130 | pool_v2v_veh_0_veh_3 | DIRECT_V2V | 0,000000 | 10000000,000000 | 0,000000 | false | false | 0
25 | mosaic_generated_025_t_130 | pool_v2v_veh_0_veh_4 | DIRECT_V2V | 0,000000 | 10000000,000000 | 0,000000 | false | false | 0
25 | mosaic_generated_025_t_130 | pool_v2v_veh_0_veh_5 | DIRECT_V2V | 0,000000 | 10000000,000000 | 0,000000 | false | false | 0
25 | mosaic_generated_025_t_130 | pool_v2v_veh_1_veh_2 | DIRECT_V2V | 0,000000 | 10000000,000000 | 0,000000 | false | false | 0
25 | mosaic_generated_025_t_130 | pool_v2v_veh_1_veh_3 | DIRECT_V2V | 0,000000 | 10000000,000000 | 0,000000 | false | false | 0
25 | mosaic_generated_025_t_130 | pool_v2v_veh_1_veh_4 | DIRECT_V2V | 0,000000 | 10000000,000000 | 0,000000 | false | false | 0
25 | mosaic_generated_025_t_130 | pool_v2v_veh_1_veh_5 | DIRECT_V2V | 0,000000 | 10000000,000000 | 0,000000 | false | false | 0
25 | mosaic_generated_025_t_130 | pool_v2v_veh_1_veh_6 | DIRECT_V2V | 0,000000 | 10000000,000000 | 0,000000 | false | false | 0
25 | mosaic_generated_025_t_130 | pool_v2v_veh_2_veh_3 | DIRECT_V2V | 0,000000 | 10000000,000000 | 0,000000 | false | false | 0
25 | mosaic_generated_025_t_130 | pool_v2v_veh_2_veh_4 | DIRECT_V2V | 0,000000 | 10000000,000000 | 0,000000 | false | false | 0
25 | mosaic_generated_025_t_130 | pool_v2v_veh_2_veh_5 | DIRECT_V2V | 0,000000 | 10000000,000000 | 0,000000 | false | false | 0
25 | mosaic_generated_025_t_130 | pool_v2v_veh_2_veh_6 | DIRECT_V2V | 0,000000 | 10000000,000000 | 0,000000 | false | false | 0
25 | mosaic_generated_025_t_130 | pool_v2v_veh_2_veh_7 | DIRECT_V2V | 0,000000 | 10000000,000000 | 0,000000 | false | false | 0
25 | mosaic_generated_025_t_130 | pool_v2v_veh_3_veh_4 | DIRECT_V2V | 0,000000 | 10000000,000000 | 0,000000 | false | false | 0
25 | mosaic_generated_025_t_130 | pool_v2v_veh_3_veh_5 | DIRECT_V2V | 0,000000 | 10000000,000000 | 0,000000 | false | false | 0
25 | mosaic_generated_025_t_130 | pool_v2v_veh_3_veh_6 | DIRECT_V2V | 0,000000 | 10000000,000000 | 0,000000 | false | false | 0
25 | mosaic_generated_025_t_130 | pool_v2v_veh_3_veh_7 | DIRECT_V2V | 0,000000 | 10000000,000000 | 0,000000 | false | false | 0
25 | mosaic_generated_025_t_130 | pool_v2v_veh_3_veh_8 | DIRECT_V2V | 0,000000 | 10000000,000000 | 0,000000 | false | false | 0
25 | mosaic_generated_025_t_130 | pool_v2v_veh_4_veh_5 | DIRECT_V2V | 0,000000 | 10000000,000000 | 0,000000 | false | false | 0
25 | mosaic_generated_025_t_130 | pool_v2v_veh_4_veh_6 | DIRECT_V2V | 0,000000 | 10000000,000000 | 0,000000 | false | false | 0
25 | mosaic_generated_025_t_130 | pool_v2v_veh_4_veh_7 | DIRECT_V2V | 0,000000 | 10000000,000000 | 0,000000 | false | false | 0
25 | mosaic_generated_025_t_130 | pool_v2v_veh_4_veh_8 | DIRECT_V2V | 0,000000 | 10000000,000000 | 0,000000 | false | false | 0
25 | mosaic_generated_025_t_130 | pool_v2v_veh_4_veh_9 | DIRECT_V2V | 0,000000 | 10000000,000000 | 0,000000 | false | false | 0
25 | mosaic_generated_025_t_130 | pool_v2v_veh_5_veh_6 | DIRECT_V2V | 0,000000 | 10000000,000000 | 0,000000 | false | false | 0
25 | mosaic_generated_025_t_130 | pool_v2v_veh_5_veh_7 | DIRECT_V2V | 0,000000 | 10000000,000000 | 0,000000 | false | false | 0
25 | mosaic_generated_025_t_130 | pool_v2v_veh_5_veh_8 | DIRECT_V2V | 0,000000 | 10000000,000000 | 0,000000 | false | false | 0
25 | mosaic_generated_025_t_130 | pool_v2v_veh_5_veh_9 | DIRECT_V2V | 0,000000 | 10000000,000000 | 0,000000 | false | false | 0
25 | mosaic_generated_025_t_130 | pool_v2v_veh_5_veh_10 | DIRECT_V2V | 0,000000 | 10000000,000000 | 0,000000 | false | false | 0
25 | mosaic_generated_025_t_130 | pool_v2v_veh_6_veh_7 | DIRECT_V2V | 0,000000 | 10000000,000000 | 0,000000 | false | false | 0
25 | mosaic_generated_025_t_130 | pool_v2v_veh_6_veh_8 | DIRECT_V2V | 0,000000 | 10000000,000000 | 0,000000 | false | false | 0
25 | mosaic_generated_025_t_130 | pool_v2v_veh_6_veh_9 | DIRECT_V2V | 0,000000 | 10000000,000000 | 0,000000 | false | false | 0
25 | mosaic_generated_025_t_130 | pool_v2v_veh_6_veh_10 | DIRECT_V2V | 0,000000 | 10000000,000000 | 0,000000 | false | false | 0
25 | mosaic_generated_025_t_130 | pool_v2v_veh_6_veh_11 | DIRECT_V2V | 0,000000 | 10000000,000000 | 0,000000 | false | false | 0
25 | mosaic_generated_025_t_130 | pool_v2v_veh_7_veh_8 | DIRECT_V2V | 0,000000 | 10000000,000000 | 0,000000 | false | false | 0
25 | mosaic_generated_025_t_130 | pool_v2v_veh_7_veh_9 | DIRECT_V2V | 0,000000 | 10000000,000000 | 0,000000 | false | false | 0
25 | mosaic_generated_025_t_130 | pool_v2v_veh_7_veh_10 | DIRECT_V2V | 0,000000 | 10000000,000000 | 0,000000 | false | false | 0
25 | mosaic_generated_025_t_130 | pool_v2v_veh_7_veh_11 | DIRECT_V2V | 0,000000 | 10000000,000000 | 0,000000 | false | false | 0
25 | mosaic_generated_025_t_130 | pool_v2v_veh_8_veh_9 | DIRECT_V2V | 0,000000 | 10000000,000000 | 0,000000 | false | false | 0
25 | mosaic_generated_025_t_130 | pool_v2v_veh_8_veh_10 | DIRECT_V2V | 0,000000 | 10000000,000000 | 0,000000 | false | false | 0
25 | mosaic_generated_025_t_130 | pool_v2v_veh_8_veh_11 | DIRECT_V2V | 0,000000 | 10000000,000000 | 0,000000 | false | false | 0
25 | mosaic_generated_025_t_130 | pool_v2v_veh_9_veh_10 | DIRECT_V2V | 0,000000 | 10000000,000000 | 0,000000 | false | false | 0
25 | mosaic_generated_025_t_130 | pool_v2v_veh_9_veh_11 | DIRECT_V2V | 0,000000 | 10000000,000000 | 0,000000 | false | false | 0
25 | mosaic_generated_025_t_130 | pool_v2v_veh_10_veh_11 | DIRECT_V2V | 0,000000 | 10000000,000000 | 0,000000 | false | false | 0
25 | mosaic_generated_025_t_130 | pool_rsu_central | GATEWAY | 0,000000 | 7534480,000000 | 0,000000 | false | false | 0
25 | mosaic_generated_025_t_130 | pool_rsu_north | GATEWAY | 0,000000 | 40000000,000000 | 0,000000 | false | false | 0
26 | mosaic_generated_026_t_135 | pool_v2v_veh_0_veh_1 | DIRECT_V2V | 0,000000 | 10000000,000000 | 0,000000 | false | false | 0
26 | mosaic_generated_026_t_135 | pool_v2v_veh_0_veh_2 | DIRECT_V2V | 0,000000 | 10000000,000000 | 0,000000 | false | false | 0
26 | mosaic_generated_026_t_135 | pool_v2v_veh_0_veh_3 | DIRECT_V2V | 0,000000 | 10000000,000000 | 0,000000 | false | false | 0
26 | mosaic_generated_026_t_135 | pool_v2v_veh_0_veh_4 | DIRECT_V2V | 0,000000 | 10000000,000000 | 0,000000 | false | false | 0
26 | mosaic_generated_026_t_135 | pool_v2v_veh_0_veh_5 | DIRECT_V2V | 0,000000 | 10000000,000000 | 0,000000 | false | false | 0
26 | mosaic_generated_026_t_135 | pool_v2v_veh_1_veh_2 | DIRECT_V2V | 0,000000 | 10000000,000000 | 0,000000 | false | false | 0
26 | mosaic_generated_026_t_135 | pool_v2v_veh_1_veh_3 | DIRECT_V2V | 0,000000 | 10000000,000000 | 0,000000 | false | false | 0
26 | mosaic_generated_026_t_135 | pool_v2v_veh_1_veh_4 | DIRECT_V2V | 0,000000 | 10000000,000000 | 0,000000 | false | false | 0
26 | mosaic_generated_026_t_135 | pool_v2v_veh_1_veh_5 | DIRECT_V2V | 0,000000 | 10000000,000000 | 0,000000 | false | false | 0
26 | mosaic_generated_026_t_135 | pool_v2v_veh_1_veh_6 | DIRECT_V2V | 0,000000 | 10000000,000000 | 0,000000 | false | false | 0
26 | mosaic_generated_026_t_135 | pool_v2v_veh_2_veh_3 | DIRECT_V2V | 0,000000 | 10000000,000000 | 0,000000 | false | false | 0
26 | mosaic_generated_026_t_135 | pool_v2v_veh_2_veh_4 | DIRECT_V2V | 0,000000 | 10000000,000000 | 0,000000 | false | false | 0
26 | mosaic_generated_026_t_135 | pool_v2v_veh_2_veh_5 | DIRECT_V2V | 0,000000 | 10000000,000000 | 0,000000 | false | false | 0
26 | mosaic_generated_026_t_135 | pool_v2v_veh_2_veh_6 | DIRECT_V2V | 0,000000 | 10000000,000000 | 0,000000 | false | false | 0
26 | mosaic_generated_026_t_135 | pool_v2v_veh_2_veh_7 | DIRECT_V2V | 0,000000 | 10000000,000000 | 0,000000 | false | false | 0
26 | mosaic_generated_026_t_135 | pool_v2v_veh_3_veh_4 | DIRECT_V2V | 0,000000 | 10000000,000000 | 0,000000 | false | false | 0
26 | mosaic_generated_026_t_135 | pool_v2v_veh_3_veh_5 | DIRECT_V2V | 0,000000 | 10000000,000000 | 0,000000 | false | false | 0
26 | mosaic_generated_026_t_135 | pool_v2v_veh_3_veh_6 | DIRECT_V2V | 0,000000 | 10000000,000000 | 0,000000 | false | false | 0
26 | mosaic_generated_026_t_135 | pool_v2v_veh_3_veh_7 | DIRECT_V2V | 0,000000 | 10000000,000000 | 0,000000 | false | false | 0
26 | mosaic_generated_026_t_135 | pool_v2v_veh_3_veh_8 | DIRECT_V2V | 0,000000 | 10000000,000000 | 0,000000 | false | false | 0
26 | mosaic_generated_026_t_135 | pool_v2v_veh_4_veh_5 | DIRECT_V2V | 0,000000 | 10000000,000000 | 0,000000 | false | false | 0
26 | mosaic_generated_026_t_135 | pool_v2v_veh_4_veh_6 | DIRECT_V2V | 0,000000 | 10000000,000000 | 0,000000 | false | false | 0
26 | mosaic_generated_026_t_135 | pool_v2v_veh_4_veh_7 | DIRECT_V2V | 0,000000 | 10000000,000000 | 0,000000 | false | false | 0
26 | mosaic_generated_026_t_135 | pool_v2v_veh_4_veh_8 | DIRECT_V2V | 0,000000 | 10000000,000000 | 0,000000 | false | false | 0
26 | mosaic_generated_026_t_135 | pool_v2v_veh_4_veh_9 | DIRECT_V2V | 0,000000 | 10000000,000000 | 0,000000 | false | false | 0
26 | mosaic_generated_026_t_135 | pool_v2v_veh_5_veh_6 | DIRECT_V2V | 0,000000 | 10000000,000000 | 0,000000 | false | false | 0
26 | mosaic_generated_026_t_135 | pool_v2v_veh_5_veh_7 | DIRECT_V2V | 0,000000 | 10000000,000000 | 0,000000 | false | false | 0
26 | mosaic_generated_026_t_135 | pool_v2v_veh_5_veh_8 | DIRECT_V2V | 0,000000 | 10000000,000000 | 0,000000 | false | false | 0
26 | mosaic_generated_026_t_135 | pool_v2v_veh_5_veh_9 | DIRECT_V2V | 0,000000 | 10000000,000000 | 0,000000 | false | false | 0
26 | mosaic_generated_026_t_135 | pool_v2v_veh_5_veh_10 | DIRECT_V2V | 0,000000 | 10000000,000000 | 0,000000 | false | false | 0
26 | mosaic_generated_026_t_135 | pool_v2v_veh_6_veh_7 | DIRECT_V2V | 0,000000 | 10000000,000000 | 0,000000 | false | false | 0
26 | mosaic_generated_026_t_135 | pool_v2v_veh_6_veh_8 | DIRECT_V2V | 0,000000 | 10000000,000000 | 0,000000 | false | false | 0
26 | mosaic_generated_026_t_135 | pool_v2v_veh_6_veh_9 | DIRECT_V2V | 0,000000 | 10000000,000000 | 0,000000 | false | false | 0
26 | mosaic_generated_026_t_135 | pool_v2v_veh_6_veh_10 | DIRECT_V2V | 0,000000 | 10000000,000000 | 0,000000 | false | false | 0
26 | mosaic_generated_026_t_135 | pool_v2v_veh_6_veh_11 | DIRECT_V2V | 0,000000 | 10000000,000000 | 0,000000 | false | false | 0
26 | mosaic_generated_026_t_135 | pool_v2v_veh_7_veh_8 | DIRECT_V2V | 0,000000 | 10000000,000000 | 0,000000 | false | false | 0
26 | mosaic_generated_026_t_135 | pool_v2v_veh_7_veh_9 | DIRECT_V2V | 0,000000 | 10000000,000000 | 0,000000 | false | false | 0
26 | mosaic_generated_026_t_135 | pool_v2v_veh_7_veh_10 | DIRECT_V2V | 0,000000 | 10000000,000000 | 0,000000 | false | false | 0
26 | mosaic_generated_026_t_135 | pool_v2v_veh_7_veh_11 | DIRECT_V2V | 0,000000 | 10000000,000000 | 0,000000 | false | false | 0
26 | mosaic_generated_026_t_135 | pool_v2v_veh_8_veh_9 | DIRECT_V2V | 0,000000 | 10000000,000000 | 0,000000 | false | false | 0
26 | mosaic_generated_026_t_135 | pool_v2v_veh_8_veh_10 | DIRECT_V2V | 0,000000 | 10000000,000000 | 0,000000 | false | false | 0
26 | mosaic_generated_026_t_135 | pool_v2v_veh_8_veh_11 | DIRECT_V2V | 0,000000 | 10000000,000000 | 0,000000 | false | false | 0
26 | mosaic_generated_026_t_135 | pool_v2v_veh_9_veh_10 | DIRECT_V2V | 0,000000 | 10000000,000000 | 0,000000 | false | false | 0
26 | mosaic_generated_026_t_135 | pool_v2v_veh_9_veh_11 | DIRECT_V2V | 0,000000 | 10000000,000000 | 0,000000 | false | false | 0
26 | mosaic_generated_026_t_135 | pool_v2v_veh_10_veh_11 | DIRECT_V2V | 0,000000 | 10000000,000000 | 0,000000 | false | false | 0
26 | mosaic_generated_026_t_135 | pool_rsu_central | GATEWAY | 0,000000 | 7576800,000000 | 0,000000 | false | false | 0
26 | mosaic_generated_026_t_135 | pool_rsu_north | GATEWAY | 0,000000 | 40000000,000000 | 0,000000 | false | false | 0
27 | mosaic_generated_027_t_140 | pool_v2v_veh_0_veh_1 | DIRECT_V2V | 0,000000 | 10000000,000000 | 0,000000 | false | false | 0
27 | mosaic_generated_027_t_140 | pool_v2v_veh_0_veh_2 | DIRECT_V2V | 0,000000 | 10000000,000000 | 0,000000 | false | false | 0
27 | mosaic_generated_027_t_140 | pool_v2v_veh_0_veh_3 | DIRECT_V2V | 0,000000 | 10000000,000000 | 0,000000 | false | false | 0
27 | mosaic_generated_027_t_140 | pool_v2v_veh_0_veh_4 | DIRECT_V2V | 0,000000 | 10000000,000000 | 0,000000 | false | false | 0
27 | mosaic_generated_027_t_140 | pool_v2v_veh_0_veh_5 | DIRECT_V2V | 0,000000 | 10000000,000000 | 0,000000 | false | false | 0
27 | mosaic_generated_027_t_140 | pool_v2v_veh_1_veh_2 | DIRECT_V2V | 0,000000 | 10000000,000000 | 0,000000 | false | false | 0
27 | mosaic_generated_027_t_140 | pool_v2v_veh_1_veh_3 | DIRECT_V2V | 0,000000 | 10000000,000000 | 0,000000 | false | false | 0
27 | mosaic_generated_027_t_140 | pool_v2v_veh_1_veh_4 | DIRECT_V2V | 0,000000 | 10000000,000000 | 0,000000 | false | false | 0
27 | mosaic_generated_027_t_140 | pool_v2v_veh_1_veh_5 | DIRECT_V2V | 0,000000 | 10000000,000000 | 0,000000 | false | false | 0
27 | mosaic_generated_027_t_140 | pool_v2v_veh_1_veh_6 | DIRECT_V2V | 0,000000 | 10000000,000000 | 0,000000 | false | false | 0
27 | mosaic_generated_027_t_140 | pool_v2v_veh_2_veh_3 | DIRECT_V2V | 0,000000 | 10000000,000000 | 0,000000 | false | false | 0
27 | mosaic_generated_027_t_140 | pool_v2v_veh_2_veh_4 | DIRECT_V2V | 0,000000 | 10000000,000000 | 0,000000 | false | false | 0
27 | mosaic_generated_027_t_140 | pool_v2v_veh_2_veh_5 | DIRECT_V2V | 0,000000 | 10000000,000000 | 0,000000 | false | false | 0
27 | mosaic_generated_027_t_140 | pool_v2v_veh_2_veh_6 | DIRECT_V2V | 0,000000 | 10000000,000000 | 0,000000 | false | false | 0
27 | mosaic_generated_027_t_140 | pool_v2v_veh_2_veh_7 | DIRECT_V2V | 0,000000 | 10000000,000000 | 0,000000 | false | false | 0
27 | mosaic_generated_027_t_140 | pool_v2v_veh_3_veh_4 | DIRECT_V2V | 0,000000 | 10000000,000000 | 0,000000 | false | false | 0
27 | mosaic_generated_027_t_140 | pool_v2v_veh_3_veh_5 | DIRECT_V2V | 0,000000 | 10000000,000000 | 0,000000 | false | false | 0
27 | mosaic_generated_027_t_140 | pool_v2v_veh_3_veh_6 | DIRECT_V2V | 0,000000 | 10000000,000000 | 0,000000 | false | false | 0
27 | mosaic_generated_027_t_140 | pool_v2v_veh_3_veh_7 | DIRECT_V2V | 0,000000 | 10000000,000000 | 0,000000 | false | false | 0
27 | mosaic_generated_027_t_140 | pool_v2v_veh_3_veh_8 | DIRECT_V2V | 0,000000 | 10000000,000000 | 0,000000 | false | false | 0
27 | mosaic_generated_027_t_140 | pool_v2v_veh_4_veh_5 | DIRECT_V2V | 0,000000 | 10000000,000000 | 0,000000 | false | false | 0
27 | mosaic_generated_027_t_140 | pool_v2v_veh_4_veh_6 | DIRECT_V2V | 0,000000 | 10000000,000000 | 0,000000 | false | false | 0
27 | mosaic_generated_027_t_140 | pool_v2v_veh_4_veh_7 | DIRECT_V2V | 0,000000 | 10000000,000000 | 0,000000 | false | false | 0
27 | mosaic_generated_027_t_140 | pool_v2v_veh_4_veh_8 | DIRECT_V2V | 0,000000 | 10000000,000000 | 0,000000 | false | false | 0
27 | mosaic_generated_027_t_140 | pool_v2v_veh_4_veh_9 | DIRECT_V2V | 0,000000 | 10000000,000000 | 0,000000 | false | false | 0
27 | mosaic_generated_027_t_140 | pool_v2v_veh_5_veh_6 | DIRECT_V2V | 0,000000 | 10000000,000000 | 0,000000 | false | false | 0
27 | mosaic_generated_027_t_140 | pool_v2v_veh_5_veh_7 | DIRECT_V2V | 0,000000 | 10000000,000000 | 0,000000 | false | false | 0
27 | mosaic_generated_027_t_140 | pool_v2v_veh_5_veh_8 | DIRECT_V2V | 0,000000 | 10000000,000000 | 0,000000 | false | false | 0
27 | mosaic_generated_027_t_140 | pool_v2v_veh_5_veh_9 | DIRECT_V2V | 0,000000 | 10000000,000000 | 0,000000 | false | false | 0
27 | mosaic_generated_027_t_140 | pool_v2v_veh_5_veh_10 | DIRECT_V2V | 0,000000 | 10000000,000000 | 0,000000 | false | false | 0
27 | mosaic_generated_027_t_140 | pool_v2v_veh_6_veh_7 | DIRECT_V2V | 0,000000 | 10000000,000000 | 0,000000 | false | false | 0
27 | mosaic_generated_027_t_140 | pool_v2v_veh_6_veh_8 | DIRECT_V2V | 0,000000 | 10000000,000000 | 0,000000 | false | false | 0
27 | mosaic_generated_027_t_140 | pool_v2v_veh_6_veh_9 | DIRECT_V2V | 0,000000 | 10000000,000000 | 0,000000 | false | false | 0
27 | mosaic_generated_027_t_140 | pool_v2v_veh_6_veh_10 | DIRECT_V2V | 0,000000 | 10000000,000000 | 0,000000 | false | false | 0
27 | mosaic_generated_027_t_140 | pool_v2v_veh_6_veh_11 | DIRECT_V2V | 0,000000 | 10000000,000000 | 0,000000 | false | false | 0
27 | mosaic_generated_027_t_140 | pool_v2v_veh_7_veh_8 | DIRECT_V2V | 0,000000 | 10000000,000000 | 0,000000 | false | false | 0
27 | mosaic_generated_027_t_140 | pool_v2v_veh_7_veh_9 | DIRECT_V2V | 0,000000 | 10000000,000000 | 0,000000 | false | false | 0
27 | mosaic_generated_027_t_140 | pool_v2v_veh_7_veh_10 | DIRECT_V2V | 0,000000 | 10000000,000000 | 0,000000 | false | false | 0
27 | mosaic_generated_027_t_140 | pool_v2v_veh_7_veh_11 | DIRECT_V2V | 0,000000 | 10000000,000000 | 0,000000 | false | false | 0
27 | mosaic_generated_027_t_140 | pool_v2v_veh_8_veh_9 | DIRECT_V2V | 0,000000 | 10000000,000000 | 0,000000 | false | false | 0
27 | mosaic_generated_027_t_140 | pool_v2v_veh_8_veh_10 | DIRECT_V2V | 0,000000 | 10000000,000000 | 0,000000 | false | false | 0
27 | mosaic_generated_027_t_140 | pool_v2v_veh_8_veh_11 | DIRECT_V2V | 0,000000 | 10000000,000000 | 0,000000 | false | false | 0
27 | mosaic_generated_027_t_140 | pool_v2v_veh_9_veh_10 | DIRECT_V2V | 0,000000 | 10000000,000000 | 0,000000 | false | false | 0
27 | mosaic_generated_027_t_140 | pool_v2v_veh_9_veh_11 | DIRECT_V2V | 0,000000 | 10000000,000000 | 0,000000 | false | false | 0
27 | mosaic_generated_027_t_140 | pool_v2v_veh_10_veh_11 | DIRECT_V2V | 0,000000 | 10000000,000000 | 0,000000 | false | false | 0
27 | mosaic_generated_027_t_140 | pool_rsu_central | GATEWAY | 0,000000 | 7619120,000000 | 0,000000 | false | false | 0
27 | mosaic_generated_027_t_140 | pool_rsu_north | GATEWAY | 0,000000 | 40000000,000000 | 0,000000 | false | false | 0
28 | mosaic_generated_028_t_145 | pool_v2v_veh_0_veh_1 | DIRECT_V2V | 0,000000 | 10000000,000000 | 0,000000 | false | false | 0
28 | mosaic_generated_028_t_145 | pool_v2v_veh_0_veh_2 | DIRECT_V2V | 0,000000 | 10000000,000000 | 0,000000 | false | false | 0
28 | mosaic_generated_028_t_145 | pool_v2v_veh_0_veh_3 | DIRECT_V2V | 0,000000 | 10000000,000000 | 0,000000 | false | false | 0
28 | mosaic_generated_028_t_145 | pool_v2v_veh_0_veh_4 | DIRECT_V2V | 0,000000 | 10000000,000000 | 0,000000 | false | false | 0
28 | mosaic_generated_028_t_145 | pool_v2v_veh_0_veh_5 | DIRECT_V2V | 0,000000 | 10000000,000000 | 0,000000 | false | false | 0
28 | mosaic_generated_028_t_145 | pool_v2v_veh_1_veh_2 | DIRECT_V2V | 0,000000 | 10000000,000000 | 0,000000 | false | false | 0
28 | mosaic_generated_028_t_145 | pool_v2v_veh_1_veh_3 | DIRECT_V2V | 0,000000 | 10000000,000000 | 0,000000 | false | false | 0
28 | mosaic_generated_028_t_145 | pool_v2v_veh_1_veh_4 | DIRECT_V2V | 0,000000 | 10000000,000000 | 0,000000 | false | false | 0
28 | mosaic_generated_028_t_145 | pool_v2v_veh_1_veh_5 | DIRECT_V2V | 0,000000 | 10000000,000000 | 0,000000 | false | false | 0
28 | mosaic_generated_028_t_145 | pool_v2v_veh_1_veh_6 | DIRECT_V2V | 0,000000 | 10000000,000000 | 0,000000 | false | false | 0
28 | mosaic_generated_028_t_145 | pool_v2v_veh_2_veh_3 | DIRECT_V2V | 0,000000 | 10000000,000000 | 0,000000 | false | false | 0
28 | mosaic_generated_028_t_145 | pool_v2v_veh_2_veh_4 | DIRECT_V2V | 0,000000 | 10000000,000000 | 0,000000 | false | false | 0
28 | mosaic_generated_028_t_145 | pool_v2v_veh_2_veh_5 | DIRECT_V2V | 0,000000 | 10000000,000000 | 0,000000 | false | false | 0
28 | mosaic_generated_028_t_145 | pool_v2v_veh_2_veh_6 | DIRECT_V2V | 0,000000 | 10000000,000000 | 0,000000 | false | false | 0
28 | mosaic_generated_028_t_145 | pool_v2v_veh_2_veh_7 | DIRECT_V2V | 0,000000 | 10000000,000000 | 0,000000 | false | false | 0
28 | mosaic_generated_028_t_145 | pool_v2v_veh_3_veh_4 | DIRECT_V2V | 0,000000 | 10000000,000000 | 0,000000 | false | false | 0
28 | mosaic_generated_028_t_145 | pool_v2v_veh_3_veh_5 | DIRECT_V2V | 0,000000 | 10000000,000000 | 0,000000 | false | false | 0
28 | mosaic_generated_028_t_145 | pool_v2v_veh_3_veh_6 | DIRECT_V2V | 0,000000 | 10000000,000000 | 0,000000 | false | false | 0
28 | mosaic_generated_028_t_145 | pool_v2v_veh_3_veh_7 | DIRECT_V2V | 0,000000 | 10000000,000000 | 0,000000 | false | false | 0
28 | mosaic_generated_028_t_145 | pool_v2v_veh_3_veh_8 | DIRECT_V2V | 0,000000 | 10000000,000000 | 0,000000 | false | false | 0
28 | mosaic_generated_028_t_145 | pool_v2v_veh_4_veh_5 | DIRECT_V2V | 0,000000 | 10000000,000000 | 0,000000 | false | false | 0
28 | mosaic_generated_028_t_145 | pool_v2v_veh_4_veh_6 | DIRECT_V2V | 0,000000 | 10000000,000000 | 0,000000 | false | false | 0
28 | mosaic_generated_028_t_145 | pool_v2v_veh_4_veh_7 | DIRECT_V2V | 0,000000 | 10000000,000000 | 0,000000 | false | false | 0
28 | mosaic_generated_028_t_145 | pool_v2v_veh_4_veh_8 | DIRECT_V2V | 0,000000 | 10000000,000000 | 0,000000 | false | false | 0
28 | mosaic_generated_028_t_145 | pool_v2v_veh_4_veh_9 | DIRECT_V2V | 0,000000 | 10000000,000000 | 0,000000 | false | false | 0
28 | mosaic_generated_028_t_145 | pool_v2v_veh_5_veh_6 | DIRECT_V2V | 0,000000 | 10000000,000000 | 0,000000 | false | false | 0
28 | mosaic_generated_028_t_145 | pool_v2v_veh_5_veh_7 | DIRECT_V2V | 0,000000 | 10000000,000000 | 0,000000 | false | false | 0
28 | mosaic_generated_028_t_145 | pool_v2v_veh_5_veh_8 | DIRECT_V2V | 0,000000 | 10000000,000000 | 0,000000 | false | false | 0
28 | mosaic_generated_028_t_145 | pool_v2v_veh_5_veh_9 | DIRECT_V2V | 0,000000 | 10000000,000000 | 0,000000 | false | false | 0
28 | mosaic_generated_028_t_145 | pool_v2v_veh_5_veh_10 | DIRECT_V2V | 0,000000 | 10000000,000000 | 0,000000 | false | false | 0
28 | mosaic_generated_028_t_145 | pool_v2v_veh_6_veh_7 | DIRECT_V2V | 0,000000 | 10000000,000000 | 0,000000 | false | false | 0
28 | mosaic_generated_028_t_145 | pool_v2v_veh_6_veh_8 | DIRECT_V2V | 0,000000 | 10000000,000000 | 0,000000 | false | false | 0
28 | mosaic_generated_028_t_145 | pool_v2v_veh_6_veh_9 | DIRECT_V2V | 0,000000 | 10000000,000000 | 0,000000 | false | false | 0
28 | mosaic_generated_028_t_145 | pool_v2v_veh_6_veh_10 | DIRECT_V2V | 0,000000 | 10000000,000000 | 0,000000 | false | false | 0
28 | mosaic_generated_028_t_145 | pool_v2v_veh_6_veh_11 | DIRECT_V2V | 0,000000 | 10000000,000000 | 0,000000 | false | false | 0
28 | mosaic_generated_028_t_145 | pool_v2v_veh_7_veh_8 | DIRECT_V2V | 0,000000 | 10000000,000000 | 0,000000 | false | false | 0
28 | mosaic_generated_028_t_145 | pool_v2v_veh_7_veh_9 | DIRECT_V2V | 0,000000 | 10000000,000000 | 0,000000 | false | false | 0
28 | mosaic_generated_028_t_145 | pool_v2v_veh_7_veh_10 | DIRECT_V2V | 0,000000 | 10000000,000000 | 0,000000 | false | false | 0
28 | mosaic_generated_028_t_145 | pool_v2v_veh_7_veh_11 | DIRECT_V2V | 0,000000 | 10000000,000000 | 0,000000 | false | false | 0
28 | mosaic_generated_028_t_145 | pool_v2v_veh_8_veh_9 | DIRECT_V2V | 0,000000 | 10000000,000000 | 0,000000 | false | false | 0
28 | mosaic_generated_028_t_145 | pool_v2v_veh_8_veh_10 | DIRECT_V2V | 0,000000 | 10000000,000000 | 0,000000 | false | false | 0
28 | mosaic_generated_028_t_145 | pool_v2v_veh_8_veh_11 | DIRECT_V2V | 0,000000 | 10000000,000000 | 0,000000 | false | false | 0
28 | mosaic_generated_028_t_145 | pool_v2v_veh_9_veh_10 | DIRECT_V2V | 0,000000 | 10000000,000000 | 0,000000 | false | false | 0
28 | mosaic_generated_028_t_145 | pool_v2v_veh_9_veh_11 | DIRECT_V2V | 0,000000 | 10000000,000000 | 0,000000 | false | false | 0
28 | mosaic_generated_028_t_145 | pool_v2v_veh_10_veh_11 | DIRECT_V2V | 0,000000 | 10000000,000000 | 0,000000 | false | false | 0
28 | mosaic_generated_028_t_145 | pool_rsu_central | GATEWAY | 0,000000 | 7661440,000000 | 0,000000 | false | false | 0
28 | mosaic_generated_028_t_145 | pool_rsu_north | GATEWAY | 0,000000 | 40000000,000000 | 0,000000 | false | false | 0
29 | mosaic_generated_029_t_150 | pool_v2v_veh_0_veh_1 | DIRECT_V2V | 0,000000 | 10000000,000000 | 0,000000 | false | false | 0
29 | mosaic_generated_029_t_150 | pool_v2v_veh_0_veh_2 | DIRECT_V2V | 0,000000 | 10000000,000000 | 0,000000 | false | false | 0
29 | mosaic_generated_029_t_150 | pool_v2v_veh_0_veh_3 | DIRECT_V2V | 0,000000 | 10000000,000000 | 0,000000 | false | false | 0
29 | mosaic_generated_029_t_150 | pool_v2v_veh_0_veh_4 | DIRECT_V2V | 0,000000 | 10000000,000000 | 0,000000 | false | false | 0
29 | mosaic_generated_029_t_150 | pool_v2v_veh_0_veh_5 | DIRECT_V2V | 0,000000 | 10000000,000000 | 0,000000 | false | false | 0
29 | mosaic_generated_029_t_150 | pool_v2v_veh_1_veh_2 | DIRECT_V2V | 0,000000 | 10000000,000000 | 0,000000 | false | false | 0
29 | mosaic_generated_029_t_150 | pool_v2v_veh_1_veh_3 | DIRECT_V2V | 0,000000 | 10000000,000000 | 0,000000 | false | false | 0
29 | mosaic_generated_029_t_150 | pool_v2v_veh_1_veh_4 | DIRECT_V2V | 0,000000 | 10000000,000000 | 0,000000 | false | false | 0
29 | mosaic_generated_029_t_150 | pool_v2v_veh_1_veh_5 | DIRECT_V2V | 0,000000 | 10000000,000000 | 0,000000 | false | false | 0
29 | mosaic_generated_029_t_150 | pool_v2v_veh_1_veh_6 | DIRECT_V2V | 0,000000 | 10000000,000000 | 0,000000 | false | false | 0
29 | mosaic_generated_029_t_150 | pool_v2v_veh_2_veh_3 | DIRECT_V2V | 0,000000 | 10000000,000000 | 0,000000 | false | false | 0
29 | mosaic_generated_029_t_150 | pool_v2v_veh_2_veh_4 | DIRECT_V2V | 0,000000 | 10000000,000000 | 0,000000 | false | false | 0
29 | mosaic_generated_029_t_150 | pool_v2v_veh_2_veh_5 | DIRECT_V2V | 0,000000 | 10000000,000000 | 0,000000 | false | false | 0
29 | mosaic_generated_029_t_150 | pool_v2v_veh_2_veh_6 | DIRECT_V2V | 0,000000 | 10000000,000000 | 0,000000 | false | false | 0
29 | mosaic_generated_029_t_150 | pool_v2v_veh_2_veh_7 | DIRECT_V2V | 0,000000 | 10000000,000000 | 0,000000 | false | false | 0
29 | mosaic_generated_029_t_150 | pool_v2v_veh_3_veh_4 | DIRECT_V2V | 0,000000 | 10000000,000000 | 0,000000 | false | false | 0
29 | mosaic_generated_029_t_150 | pool_v2v_veh_3_veh_5 | DIRECT_V2V | 0,000000 | 10000000,000000 | 0,000000 | false | false | 0
29 | mosaic_generated_029_t_150 | pool_v2v_veh_3_veh_6 | DIRECT_V2V | 0,000000 | 10000000,000000 | 0,000000 | false | false | 0
29 | mosaic_generated_029_t_150 | pool_v2v_veh_3_veh_7 | DIRECT_V2V | 0,000000 | 10000000,000000 | 0,000000 | false | false | 0
29 | mosaic_generated_029_t_150 | pool_v2v_veh_3_veh_8 | DIRECT_V2V | 0,000000 | 10000000,000000 | 0,000000 | false | false | 0
29 | mosaic_generated_029_t_150 | pool_v2v_veh_4_veh_5 | DIRECT_V2V | 0,000000 | 10000000,000000 | 0,000000 | false | false | 0
29 | mosaic_generated_029_t_150 | pool_v2v_veh_4_veh_6 | DIRECT_V2V | 0,000000 | 10000000,000000 | 0,000000 | false | false | 0
29 | mosaic_generated_029_t_150 | pool_v2v_veh_4_veh_7 | DIRECT_V2V | 0,000000 | 10000000,000000 | 0,000000 | false | false | 0
29 | mosaic_generated_029_t_150 | pool_v2v_veh_4_veh_8 | DIRECT_V2V | 0,000000 | 10000000,000000 | 0,000000 | false | false | 0
29 | mosaic_generated_029_t_150 | pool_v2v_veh_4_veh_9 | DIRECT_V2V | 0,000000 | 10000000,000000 | 0,000000 | false | false | 0
29 | mosaic_generated_029_t_150 | pool_v2v_veh_5_veh_6 | DIRECT_V2V | 0,000000 | 10000000,000000 | 0,000000 | false | false | 0
29 | mosaic_generated_029_t_150 | pool_v2v_veh_5_veh_7 | DIRECT_V2V | 0,000000 | 10000000,000000 | 0,000000 | false | false | 0
29 | mosaic_generated_029_t_150 | pool_v2v_veh_5_veh_8 | DIRECT_V2V | 0,000000 | 10000000,000000 | 0,000000 | false | false | 0
29 | mosaic_generated_029_t_150 | pool_v2v_veh_5_veh_9 | DIRECT_V2V | 0,000000 | 10000000,000000 | 0,000000 | false | false | 0
29 | mosaic_generated_029_t_150 | pool_v2v_veh_5_veh_10 | DIRECT_V2V | 0,000000 | 10000000,000000 | 0,000000 | false | false | 0
29 | mosaic_generated_029_t_150 | pool_v2v_veh_6_veh_7 | DIRECT_V2V | 0,000000 | 10000000,000000 | 0,000000 | false | false | 0
29 | mosaic_generated_029_t_150 | pool_v2v_veh_6_veh_8 | DIRECT_V2V | 0,000000 | 10000000,000000 | 0,000000 | false | false | 0
29 | mosaic_generated_029_t_150 | pool_v2v_veh_6_veh_9 | DIRECT_V2V | 0,000000 | 10000000,000000 | 0,000000 | false | false | 0
29 | mosaic_generated_029_t_150 | pool_v2v_veh_6_veh_10 | DIRECT_V2V | 0,000000 | 10000000,000000 | 0,000000 | false | false | 0
29 | mosaic_generated_029_t_150 | pool_v2v_veh_6_veh_11 | DIRECT_V2V | 0,000000 | 10000000,000000 | 0,000000 | false | false | 0
29 | mosaic_generated_029_t_150 | pool_v2v_veh_7_veh_8 | DIRECT_V2V | 0,000000 | 10000000,000000 | 0,000000 | false | false | 0
29 | mosaic_generated_029_t_150 | pool_v2v_veh_7_veh_9 | DIRECT_V2V | 0,000000 | 10000000,000000 | 0,000000 | false | false | 0
29 | mosaic_generated_029_t_150 | pool_v2v_veh_7_veh_10 | DIRECT_V2V | 0,000000 | 10000000,000000 | 0,000000 | false | false | 0
29 | mosaic_generated_029_t_150 | pool_v2v_veh_7_veh_11 | DIRECT_V2V | 0,000000 | 10000000,000000 | 0,000000 | false | false | 0
29 | mosaic_generated_029_t_150 | pool_v2v_veh_8_veh_9 | DIRECT_V2V | 0,000000 | 10000000,000000 | 0,000000 | false | false | 0
29 | mosaic_generated_029_t_150 | pool_v2v_veh_8_veh_10 | DIRECT_V2V | 0,000000 | 10000000,000000 | 0,000000 | false | false | 0
29 | mosaic_generated_029_t_150 | pool_v2v_veh_8_veh_11 | DIRECT_V2V | 0,000000 | 10000000,000000 | 0,000000 | false | false | 0
29 | mosaic_generated_029_t_150 | pool_v2v_veh_9_veh_10 | DIRECT_V2V | 0,000000 | 10000000,000000 | 0,000000 | false | false | 0
29 | mosaic_generated_029_t_150 | pool_v2v_veh_9_veh_11 | DIRECT_V2V | 0,000000 | 10000000,000000 | 0,000000 | false | false | 0
29 | mosaic_generated_029_t_150 | pool_v2v_veh_10_veh_11 | DIRECT_V2V | 0,000000 | 10000000,000000 | 0,000000 | false | false | 0
29 | mosaic_generated_029_t_150 | pool_rsu_central | GATEWAY | 0,000000 | 7703760,000000 | 0,000000 | false | false | 0
29 | mosaic_generated_029_t_150 | pool_rsu_north | GATEWAY | 0,000000 | 40000000,000000 | 0,000000 | false | false | 0
30 | mosaic_generated_030_t_155 | pool_v2v_veh_0_veh_1 | DIRECT_V2V | 0,000000 | 10000000,000000 | 0,000000 | false | false | 0
30 | mosaic_generated_030_t_155 | pool_v2v_veh_0_veh_2 | DIRECT_V2V | 0,000000 | 10000000,000000 | 0,000000 | false | false | 0
30 | mosaic_generated_030_t_155 | pool_v2v_veh_0_veh_3 | DIRECT_V2V | 0,000000 | 10000000,000000 | 0,000000 | false | false | 0
30 | mosaic_generated_030_t_155 | pool_v2v_veh_0_veh_4 | DIRECT_V2V | 0,000000 | 10000000,000000 | 0,000000 | false | false | 0
30 | mosaic_generated_030_t_155 | pool_v2v_veh_0_veh_5 | DIRECT_V2V | 0,000000 | 10000000,000000 | 0,000000 | false | false | 0
30 | mosaic_generated_030_t_155 | pool_v2v_veh_0_veh_6 | DIRECT_V2V | 0,000000 | 10000000,000000 | 0,000000 | false | false | 0
30 | mosaic_generated_030_t_155 | pool_v2v_veh_1_veh_2 | DIRECT_V2V | 0,000000 | 10000000,000000 | 0,000000 | false | false | 0
30 | mosaic_generated_030_t_155 | pool_v2v_veh_1_veh_3 | DIRECT_V2V | 0,000000 | 10000000,000000 | 0,000000 | false | false | 0
30 | mosaic_generated_030_t_155 | pool_v2v_veh_1_veh_4 | DIRECT_V2V | 0,000000 | 10000000,000000 | 0,000000 | false | false | 0
30 | mosaic_generated_030_t_155 | pool_v2v_veh_1_veh_5 | DIRECT_V2V | 0,000000 | 10000000,000000 | 0,000000 | false | false | 0
30 | mosaic_generated_030_t_155 | pool_v2v_veh_1_veh_6 | DIRECT_V2V | 0,000000 | 10000000,000000 | 0,000000 | false | false | 0
30 | mosaic_generated_030_t_155 | pool_v2v_veh_1_veh_7 | DIRECT_V2V | 0,000000 | 10000000,000000 | 0,000000 | false | false | 0
30 | mosaic_generated_030_t_155 | pool_v2v_veh_2_veh_3 | DIRECT_V2V | 0,000000 | 10000000,000000 | 0,000000 | false | false | 0
30 | mosaic_generated_030_t_155 | pool_v2v_veh_2_veh_4 | DIRECT_V2V | 0,000000 | 10000000,000000 | 0,000000 | false | false | 0
30 | mosaic_generated_030_t_155 | pool_v2v_veh_2_veh_5 | DIRECT_V2V | 0,000000 | 10000000,000000 | 0,000000 | false | false | 0
30 | mosaic_generated_030_t_155 | pool_v2v_veh_2_veh_6 | DIRECT_V2V | 0,000000 | 10000000,000000 | 0,000000 | false | false | 0
30 | mosaic_generated_030_t_155 | pool_v2v_veh_2_veh_7 | DIRECT_V2V | 0,000000 | 10000000,000000 | 0,000000 | false | false | 0
30 | mosaic_generated_030_t_155 | pool_v2v_veh_3_veh_4 | DIRECT_V2V | 0,000000 | 10000000,000000 | 0,000000 | false | false | 0
30 | mosaic_generated_030_t_155 | pool_v2v_veh_3_veh_5 | DIRECT_V2V | 0,000000 | 10000000,000000 | 0,000000 | false | false | 0
30 | mosaic_generated_030_t_155 | pool_v2v_veh_3_veh_6 | DIRECT_V2V | 0,000000 | 10000000,000000 | 0,000000 | false | false | 0
30 | mosaic_generated_030_t_155 | pool_v2v_veh_3_veh_7 | DIRECT_V2V | 0,000000 | 10000000,000000 | 0,000000 | false | false | 0
30 | mosaic_generated_030_t_155 | pool_v2v_veh_3_veh_8 | DIRECT_V2V | 0,000000 | 10000000,000000 | 0,000000 | false | false | 0
30 | mosaic_generated_030_t_155 | pool_v2v_veh_4_veh_5 | DIRECT_V2V | 0,000000 | 10000000,000000 | 0,000000 | false | false | 0
30 | mosaic_generated_030_t_155 | pool_v2v_veh_4_veh_6 | DIRECT_V2V | 0,000000 | 10000000,000000 | 0,000000 | false | false | 0
30 | mosaic_generated_030_t_155 | pool_v2v_veh_4_veh_7 | DIRECT_V2V | 0,000000 | 10000000,000000 | 0,000000 | false | false | 0
30 | mosaic_generated_030_t_155 | pool_v2v_veh_4_veh_8 | DIRECT_V2V | 0,000000 | 10000000,000000 | 0,000000 | false | false | 0
30 | mosaic_generated_030_t_155 | pool_v2v_veh_4_veh_9 | DIRECT_V2V | 0,000000 | 10000000,000000 | 0,000000 | false | false | 0
30 | mosaic_generated_030_t_155 | pool_v2v_veh_5_veh_6 | DIRECT_V2V | 0,000000 | 10000000,000000 | 0,000000 | false | false | 0
30 | mosaic_generated_030_t_155 | pool_v2v_veh_5_veh_7 | DIRECT_V2V | 0,000000 | 10000000,000000 | 0,000000 | false | false | 0
30 | mosaic_generated_030_t_155 | pool_v2v_veh_5_veh_8 | DIRECT_V2V | 0,000000 | 10000000,000000 | 0,000000 | false | false | 0
30 | mosaic_generated_030_t_155 | pool_v2v_veh_5_veh_9 | DIRECT_V2V | 0,000000 | 10000000,000000 | 0,000000 | false | false | 0
30 | mosaic_generated_030_t_155 | pool_v2v_veh_5_veh_10 | DIRECT_V2V | 0,000000 | 10000000,000000 | 0,000000 | false | false | 0
30 | mosaic_generated_030_t_155 | pool_v2v_veh_6_veh_7 | DIRECT_V2V | 0,000000 | 10000000,000000 | 0,000000 | false | false | 0
30 | mosaic_generated_030_t_155 | pool_v2v_veh_6_veh_8 | DIRECT_V2V | 0,000000 | 10000000,000000 | 0,000000 | false | false | 0
30 | mosaic_generated_030_t_155 | pool_v2v_veh_6_veh_9 | DIRECT_V2V | 0,000000 | 10000000,000000 | 0,000000 | false | false | 0
30 | mosaic_generated_030_t_155 | pool_v2v_veh_6_veh_10 | DIRECT_V2V | 0,000000 | 10000000,000000 | 0,000000 | false | false | 0
30 | mosaic_generated_030_t_155 | pool_v2v_veh_6_veh_11 | DIRECT_V2V | 0,000000 | 10000000,000000 | 0,000000 | false | false | 0
30 | mosaic_generated_030_t_155 | pool_v2v_veh_7_veh_8 | DIRECT_V2V | 0,000000 | 10000000,000000 | 0,000000 | false | false | 0
30 | mosaic_generated_030_t_155 | pool_v2v_veh_7_veh_9 | DIRECT_V2V | 0,000000 | 10000000,000000 | 0,000000 | false | false | 0
30 | mosaic_generated_030_t_155 | pool_v2v_veh_7_veh_10 | DIRECT_V2V | 0,000000 | 10000000,000000 | 0,000000 | false | false | 0
30 | mosaic_generated_030_t_155 | pool_v2v_veh_7_veh_11 | DIRECT_V2V | 0,000000 | 10000000,000000 | 0,000000 | false | false | 0
30 | mosaic_generated_030_t_155 | pool_v2v_veh_8_veh_9 | DIRECT_V2V | 0,000000 | 10000000,000000 | 0,000000 | false | false | 0
30 | mosaic_generated_030_t_155 | pool_v2v_veh_8_veh_10 | DIRECT_V2V | 0,000000 | 10000000,000000 | 0,000000 | false | false | 0
30 | mosaic_generated_030_t_155 | pool_v2v_veh_8_veh_11 | DIRECT_V2V | 0,000000 | 10000000,000000 | 0,000000 | false | false | 0
30 | mosaic_generated_030_t_155 | pool_v2v_veh_9_veh_10 | DIRECT_V2V | 0,000000 | 10000000,000000 | 0,000000 | false | false | 0
30 | mosaic_generated_030_t_155 | pool_v2v_veh_9_veh_11 | DIRECT_V2V | 0,000000 | 10000000,000000 | 0,000000 | false | false | 0
30 | mosaic_generated_030_t_155 | pool_v2v_veh_10_veh_11 | DIRECT_V2V | 0,000000 | 10000000,000000 | 0,000000 | false | false | 0
30 | mosaic_generated_030_t_155 | pool_rsu_central | GATEWAY | 0,000000 | 7746080,000000 | 0,000000 | false | false | 0
30 | mosaic_generated_030_t_155 | pool_rsu_north | GATEWAY | 0,000000 | 40000000,000000 | 0,000000 | false | false | 0
31 | mosaic_generated_031_t_160 | pool_v2v_veh_0_veh_1 | DIRECT_V2V | 0,000000 | 10000000,000000 | 0,000000 | false | false | 0
31 | mosaic_generated_031_t_160 | pool_v2v_veh_0_veh_2 | DIRECT_V2V | 0,000000 | 10000000,000000 | 0,000000 | false | false | 0
31 | mosaic_generated_031_t_160 | pool_v2v_veh_0_veh_3 | DIRECT_V2V | 0,000000 | 10000000,000000 | 0,000000 | false | false | 0
31 | mosaic_generated_031_t_160 | pool_v2v_veh_0_veh_4 | DIRECT_V2V | 0,000000 | 10000000,000000 | 0,000000 | false | false | 0
31 | mosaic_generated_031_t_160 | pool_v2v_veh_0_veh_5 | DIRECT_V2V | 0,000000 | 10000000,000000 | 0,000000 | false | false | 0
31 | mosaic_generated_031_t_160 | pool_v2v_veh_0_veh_6 | DIRECT_V2V | 0,000000 | 10000000,000000 | 0,000000 | false | false | 0
31 | mosaic_generated_031_t_160 | pool_v2v_veh_1_veh_2 | DIRECT_V2V | 0,000000 | 10000000,000000 | 0,000000 | false | false | 0
31 | mosaic_generated_031_t_160 | pool_v2v_veh_1_veh_3 | DIRECT_V2V | 0,000000 | 10000000,000000 | 0,000000 | false | false | 0
31 | mosaic_generated_031_t_160 | pool_v2v_veh_1_veh_4 | DIRECT_V2V | 0,000000 | 10000000,000000 | 0,000000 | false | false | 0
31 | mosaic_generated_031_t_160 | pool_v2v_veh_1_veh_5 | DIRECT_V2V | 0,000000 | 10000000,000000 | 0,000000 | false | false | 0
31 | mosaic_generated_031_t_160 | pool_v2v_veh_1_veh_6 | DIRECT_V2V | 0,000000 | 10000000,000000 | 0,000000 | false | false | 0
31 | mosaic_generated_031_t_160 | pool_v2v_veh_1_veh_7 | DIRECT_V2V | 0,000000 | 10000000,000000 | 0,000000 | false | false | 0
31 | mosaic_generated_031_t_160 | pool_v2v_veh_2_veh_3 | DIRECT_V2V | 0,000000 | 10000000,000000 | 0,000000 | false | false | 0
31 | mosaic_generated_031_t_160 | pool_v2v_veh_2_veh_4 | DIRECT_V2V | 0,000000 | 10000000,000000 | 0,000000 | false | false | 0
31 | mosaic_generated_031_t_160 | pool_v2v_veh_2_veh_5 | DIRECT_V2V | 0,000000 | 10000000,000000 | 0,000000 | false | false | 0
31 | mosaic_generated_031_t_160 | pool_v2v_veh_2_veh_6 | DIRECT_V2V | 0,000000 | 10000000,000000 | 0,000000 | false | false | 0
31 | mosaic_generated_031_t_160 | pool_v2v_veh_2_veh_7 | DIRECT_V2V | 0,000000 | 10000000,000000 | 0,000000 | false | false | 0
31 | mosaic_generated_031_t_160 | pool_v2v_veh_2_veh_8 | DIRECT_V2V | 0,000000 | 10000000,000000 | 0,000000 | false | false | 0
31 | mosaic_generated_031_t_160 | pool_v2v_veh_3_veh_4 | DIRECT_V2V | 0,000000 | 10000000,000000 | 0,000000 | false | false | 0
31 | mosaic_generated_031_t_160 | pool_v2v_veh_3_veh_5 | DIRECT_V2V | 0,000000 | 10000000,000000 | 0,000000 | false | false | 0
31 | mosaic_generated_031_t_160 | pool_v2v_veh_3_veh_6 | DIRECT_V2V | 0,000000 | 10000000,000000 | 0,000000 | false | false | 0
31 | mosaic_generated_031_t_160 | pool_v2v_veh_3_veh_7 | DIRECT_V2V | 0,000000 | 10000000,000000 | 0,000000 | false | false | 0
31 | mosaic_generated_031_t_160 | pool_v2v_veh_3_veh_8 | DIRECT_V2V | 0,000000 | 10000000,000000 | 0,000000 | false | false | 0
31 | mosaic_generated_031_t_160 | pool_v2v_veh_4_veh_5 | DIRECT_V2V | 0,000000 | 10000000,000000 | 0,000000 | false | false | 0
31 | mosaic_generated_031_t_160 | pool_v2v_veh_4_veh_6 | DIRECT_V2V | 0,000000 | 10000000,000000 | 0,000000 | false | false | 0
31 | mosaic_generated_031_t_160 | pool_v2v_veh_4_veh_7 | DIRECT_V2V | 0,000000 | 10000000,000000 | 0,000000 | false | false | 0
31 | mosaic_generated_031_t_160 | pool_v2v_veh_4_veh_8 | DIRECT_V2V | 0,000000 | 10000000,000000 | 0,000000 | false | false | 0
31 | mosaic_generated_031_t_160 | pool_v2v_veh_4_veh_9 | DIRECT_V2V | 0,000000 | 10000000,000000 | 0,000000 | false | false | 0
31 | mosaic_generated_031_t_160 | pool_v2v_veh_5_veh_6 | DIRECT_V2V | 0,000000 | 10000000,000000 | 0,000000 | false | false | 0
31 | mosaic_generated_031_t_160 | pool_v2v_veh_5_veh_7 | DIRECT_V2V | 0,000000 | 10000000,000000 | 0,000000 | false | false | 0
31 | mosaic_generated_031_t_160 | pool_v2v_veh_5_veh_8 | DIRECT_V2V | 0,000000 | 10000000,000000 | 0,000000 | false | false | 0
31 | mosaic_generated_031_t_160 | pool_v2v_veh_5_veh_9 | DIRECT_V2V | 0,000000 | 10000000,000000 | 0,000000 | false | false | 0
31 | mosaic_generated_031_t_160 | pool_v2v_veh_5_veh_10 | DIRECT_V2V | 0,000000 | 10000000,000000 | 0,000000 | false | false | 0
31 | mosaic_generated_031_t_160 | pool_v2v_veh_6_veh_7 | DIRECT_V2V | 0,000000 | 10000000,000000 | 0,000000 | false | false | 0
31 | mosaic_generated_031_t_160 | pool_v2v_veh_6_veh_8 | DIRECT_V2V | 0,000000 | 10000000,000000 | 0,000000 | false | false | 0
31 | mosaic_generated_031_t_160 | pool_v2v_veh_6_veh_9 | DIRECT_V2V | 0,000000 | 10000000,000000 | 0,000000 | false | false | 0
31 | mosaic_generated_031_t_160 | pool_v2v_veh_6_veh_10 | DIRECT_V2V | 0,000000 | 10000000,000000 | 0,000000 | false | false | 0
31 | mosaic_generated_031_t_160 | pool_v2v_veh_6_veh_11 | DIRECT_V2V | 0,000000 | 10000000,000000 | 0,000000 | false | false | 0
31 | mosaic_generated_031_t_160 | pool_v2v_veh_7_veh_8 | DIRECT_V2V | 0,000000 | 10000000,000000 | 0,000000 | false | false | 0
31 | mosaic_generated_031_t_160 | pool_v2v_veh_7_veh_9 | DIRECT_V2V | 0,000000 | 10000000,000000 | 0,000000 | false | false | 0
31 | mosaic_generated_031_t_160 | pool_v2v_veh_7_veh_10 | DIRECT_V2V | 0,000000 | 10000000,000000 | 0,000000 | false | false | 0
31 | mosaic_generated_031_t_160 | pool_v2v_veh_7_veh_11 | DIRECT_V2V | 0,000000 | 10000000,000000 | 0,000000 | false | false | 0
31 | mosaic_generated_031_t_160 | pool_v2v_veh_8_veh_9 | DIRECT_V2V | 0,000000 | 10000000,000000 | 0,000000 | false | false | 0
31 | mosaic_generated_031_t_160 | pool_v2v_veh_8_veh_10 | DIRECT_V2V | 0,000000 | 10000000,000000 | 0,000000 | false | false | 0
31 | mosaic_generated_031_t_160 | pool_v2v_veh_8_veh_11 | DIRECT_V2V | 0,000000 | 10000000,000000 | 0,000000 | false | false | 0
31 | mosaic_generated_031_t_160 | pool_v2v_veh_9_veh_10 | DIRECT_V2V | 0,000000 | 10000000,000000 | 0,000000 | false | false | 0
31 | mosaic_generated_031_t_160 | pool_v2v_veh_9_veh_11 | DIRECT_V2V | 0,000000 | 10000000,000000 | 0,000000 | false | false | 0
31 | mosaic_generated_031_t_160 | pool_v2v_veh_10_veh_11 | DIRECT_V2V | 0,000000 | 10000000,000000 | 0,000000 | false | false | 0
31 | mosaic_generated_031_t_160 | pool_rsu_central | GATEWAY | 0,000000 | 7788400,000000 | 0,000000 | false | false | 0
31 | mosaic_generated_031_t_160 | pool_rsu_north | GATEWAY | 0,000000 | 40000000,000000 | 0,000000 | false | false | 0
32 | mosaic_generated_032_t_165 | pool_v2v_veh_0_veh_1 | DIRECT_V2V | 0,000000 | 10000000,000000 | 0,000000 | false | false | 0
32 | mosaic_generated_032_t_165 | pool_v2v_veh_0_veh_2 | DIRECT_V2V | 0,000000 | 10000000,000000 | 0,000000 | false | false | 0
32 | mosaic_generated_032_t_165 | pool_v2v_veh_0_veh_3 | DIRECT_V2V | 0,000000 | 10000000,000000 | 0,000000 | false | false | 0
32 | mosaic_generated_032_t_165 | pool_v2v_veh_0_veh_4 | DIRECT_V2V | 0,000000 | 10000000,000000 | 0,000000 | false | false | 0
32 | mosaic_generated_032_t_165 | pool_v2v_veh_0_veh_5 | DIRECT_V2V | 0,000000 | 10000000,000000 | 0,000000 | false | false | 0
32 | mosaic_generated_032_t_165 | pool_v2v_veh_0_veh_6 | DIRECT_V2V | 0,000000 | 10000000,000000 | 0,000000 | false | false | 0
32 | mosaic_generated_032_t_165 | pool_v2v_veh_1_veh_2 | DIRECT_V2V | 0,000000 | 10000000,000000 | 0,000000 | false | false | 0
32 | mosaic_generated_032_t_165 | pool_v2v_veh_1_veh_3 | DIRECT_V2V | 0,000000 | 10000000,000000 | 0,000000 | false | false | 0
32 | mosaic_generated_032_t_165 | pool_v2v_veh_1_veh_4 | DIRECT_V2V | 0,000000 | 10000000,000000 | 0,000000 | false | false | 0
32 | mosaic_generated_032_t_165 | pool_v2v_veh_1_veh_5 | DIRECT_V2V | 0,000000 | 10000000,000000 | 0,000000 | false | false | 0
32 | mosaic_generated_032_t_165 | pool_v2v_veh_1_veh_6 | DIRECT_V2V | 0,000000 | 10000000,000000 | 0,000000 | false | false | 0
32 | mosaic_generated_032_t_165 | pool_v2v_veh_1_veh_7 | DIRECT_V2V | 0,000000 | 10000000,000000 | 0,000000 | false | false | 0
32 | mosaic_generated_032_t_165 | pool_v2v_veh_2_veh_3 | DIRECT_V2V | 0,000000 | 10000000,000000 | 0,000000 | false | false | 0
32 | mosaic_generated_032_t_165 | pool_v2v_veh_2_veh_4 | DIRECT_V2V | 0,000000 | 10000000,000000 | 0,000000 | false | false | 0
32 | mosaic_generated_032_t_165 | pool_v2v_veh_2_veh_5 | DIRECT_V2V | 0,000000 | 10000000,000000 | 0,000000 | false | false | 0
32 | mosaic_generated_032_t_165 | pool_v2v_veh_2_veh_6 | DIRECT_V2V | 0,000000 | 10000000,000000 | 0,000000 | false | false | 0
32 | mosaic_generated_032_t_165 | pool_v2v_veh_2_veh_7 | DIRECT_V2V | 0,000000 | 10000000,000000 | 0,000000 | false | false | 0
32 | mosaic_generated_032_t_165 | pool_v2v_veh_2_veh_8 | DIRECT_V2V | 0,000000 | 10000000,000000 | 0,000000 | false | false | 0
32 | mosaic_generated_032_t_165 | pool_v2v_veh_3_veh_4 | DIRECT_V2V | 0,000000 | 10000000,000000 | 0,000000 | false | false | 0
32 | mosaic_generated_032_t_165 | pool_v2v_veh_3_veh_5 | DIRECT_V2V | 0,000000 | 10000000,000000 | 0,000000 | false | false | 0
32 | mosaic_generated_032_t_165 | pool_v2v_veh_3_veh_6 | DIRECT_V2V | 0,000000 | 10000000,000000 | 0,000000 | false | false | 0
32 | mosaic_generated_032_t_165 | pool_v2v_veh_3_veh_7 | DIRECT_V2V | 0,000000 | 10000000,000000 | 0,000000 | false | false | 0
32 | mosaic_generated_032_t_165 | pool_v2v_veh_3_veh_8 | DIRECT_V2V | 0,000000 | 10000000,000000 | 0,000000 | false | false | 0
32 | mosaic_generated_032_t_165 | pool_v2v_veh_3_veh_9 | DIRECT_V2V | 0,000000 | 10000000,000000 | 0,000000 | false | false | 0
32 | mosaic_generated_032_t_165 | pool_v2v_veh_4_veh_5 | DIRECT_V2V | 0,000000 | 10000000,000000 | 0,000000 | false | false | 0
32 | mosaic_generated_032_t_165 | pool_v2v_veh_4_veh_6 | DIRECT_V2V | 0,000000 | 10000000,000000 | 0,000000 | false | false | 0
32 | mosaic_generated_032_t_165 | pool_v2v_veh_4_veh_7 | DIRECT_V2V | 0,000000 | 10000000,000000 | 0,000000 | false | false | 0
32 | mosaic_generated_032_t_165 | pool_v2v_veh_4_veh_8 | DIRECT_V2V | 0,000000 | 10000000,000000 | 0,000000 | false | false | 0
32 | mosaic_generated_032_t_165 | pool_v2v_veh_4_veh_9 | DIRECT_V2V | 0,000000 | 10000000,000000 | 0,000000 | false | false | 0
32 | mosaic_generated_032_t_165 | pool_v2v_veh_5_veh_6 | DIRECT_V2V | 0,000000 | 10000000,000000 | 0,000000 | false | false | 0
32 | mosaic_generated_032_t_165 | pool_v2v_veh_5_veh_7 | DIRECT_V2V | 0,000000 | 10000000,000000 | 0,000000 | false | false | 0
32 | mosaic_generated_032_t_165 | pool_v2v_veh_5_veh_8 | DIRECT_V2V | 0,000000 | 10000000,000000 | 0,000000 | false | false | 0
32 | mosaic_generated_032_t_165 | pool_v2v_veh_5_veh_9 | DIRECT_V2V | 0,000000 | 10000000,000000 | 0,000000 | false | false | 0
32 | mosaic_generated_032_t_165 | pool_v2v_veh_5_veh_10 | DIRECT_V2V | 0,000000 | 10000000,000000 | 0,000000 | false | false | 0
32 | mosaic_generated_032_t_165 | pool_v2v_veh_6_veh_7 | DIRECT_V2V | 0,000000 | 10000000,000000 | 0,000000 | false | false | 0
32 | mosaic_generated_032_t_165 | pool_v2v_veh_6_veh_8 | DIRECT_V2V | 0,000000 | 10000000,000000 | 0,000000 | false | false | 0
32 | mosaic_generated_032_t_165 | pool_v2v_veh_6_veh_9 | DIRECT_V2V | 0,000000 | 10000000,000000 | 0,000000 | false | false | 0
32 | mosaic_generated_032_t_165 | pool_v2v_veh_6_veh_10 | DIRECT_V2V | 0,000000 | 10000000,000000 | 0,000000 | false | false | 0
32 | mosaic_generated_032_t_165 | pool_v2v_veh_6_veh_11 | DIRECT_V2V | 0,000000 | 10000000,000000 | 0,000000 | false | false | 0
32 | mosaic_generated_032_t_165 | pool_v2v_veh_7_veh_8 | DIRECT_V2V | 0,000000 | 10000000,000000 | 0,000000 | false | false | 0
32 | mosaic_generated_032_t_165 | pool_v2v_veh_7_veh_9 | DIRECT_V2V | 0,000000 | 10000000,000000 | 0,000000 | false | false | 0
32 | mosaic_generated_032_t_165 | pool_v2v_veh_7_veh_10 | DIRECT_V2V | 0,000000 | 10000000,000000 | 0,000000 | false | false | 0
32 | mosaic_generated_032_t_165 | pool_v2v_veh_7_veh_11 | DIRECT_V2V | 0,000000 | 10000000,000000 | 0,000000 | false | false | 0
32 | mosaic_generated_032_t_165 | pool_v2v_veh_8_veh_9 | DIRECT_V2V | 0,000000 | 10000000,000000 | 0,000000 | false | false | 0
32 | mosaic_generated_032_t_165 | pool_v2v_veh_8_veh_10 | DIRECT_V2V | 0,000000 | 10000000,000000 | 0,000000 | false | false | 0
32 | mosaic_generated_032_t_165 | pool_v2v_veh_8_veh_11 | DIRECT_V2V | 0,000000 | 10000000,000000 | 0,000000 | false | false | 0
32 | mosaic_generated_032_t_165 | pool_v2v_veh_9_veh_10 | DIRECT_V2V | 0,000000 | 10000000,000000 | 0,000000 | false | false | 0
32 | mosaic_generated_032_t_165 | pool_v2v_veh_9_veh_11 | DIRECT_V2V | 0,000000 | 10000000,000000 | 0,000000 | false | false | 0
32 | mosaic_generated_032_t_165 | pool_v2v_veh_10_veh_11 | DIRECT_V2V | 0,000000 | 10000000,000000 | 0,000000 | false | false | 0
32 | mosaic_generated_032_t_165 | pool_rsu_central | GATEWAY | 0,000000 | 7873040,000000 | 0,000000 | false | false | 0
32 | mosaic_generated_032_t_165 | pool_rsu_north | GATEWAY | 0,000000 | 40000000,000000 | 0,000000 | false | false | 0
33 | mosaic_generated_033_t_170 | pool_v2v_veh_0_veh_1 | DIRECT_V2V | 0,000000 | 10000000,000000 | 0,000000 | false | false | 0
33 | mosaic_generated_033_t_170 | pool_v2v_veh_0_veh_2 | DIRECT_V2V | 0,000000 | 10000000,000000 | 0,000000 | false | false | 0
33 | mosaic_generated_033_t_170 | pool_v2v_veh_0_veh_3 | DIRECT_V2V | 0,000000 | 10000000,000000 | 0,000000 | false | false | 0
33 | mosaic_generated_033_t_170 | pool_v2v_veh_0_veh_4 | DIRECT_V2V | 0,000000 | 10000000,000000 | 0,000000 | false | false | 0
33 | mosaic_generated_033_t_170 | pool_v2v_veh_0_veh_5 | DIRECT_V2V | 0,000000 | 10000000,000000 | 0,000000 | false | false | 0
33 | mosaic_generated_033_t_170 | pool_v2v_veh_0_veh_6 | DIRECT_V2V | 0,000000 | 10000000,000000 | 0,000000 | false | false | 0
33 | mosaic_generated_033_t_170 | pool_v2v_veh_1_veh_2 | DIRECT_V2V | 0,000000 | 10000000,000000 | 0,000000 | false | false | 0
33 | mosaic_generated_033_t_170 | pool_v2v_veh_1_veh_3 | DIRECT_V2V | 0,000000 | 10000000,000000 | 0,000000 | false | false | 0
33 | mosaic_generated_033_t_170 | pool_v2v_veh_1_veh_4 | DIRECT_V2V | 0,000000 | 10000000,000000 | 0,000000 | false | false | 0
33 | mosaic_generated_033_t_170 | pool_v2v_veh_1_veh_5 | DIRECT_V2V | 0,000000 | 10000000,000000 | 0,000000 | false | false | 0
33 | mosaic_generated_033_t_170 | pool_v2v_veh_1_veh_6 | DIRECT_V2V | 0,000000 | 10000000,000000 | 0,000000 | false | false | 0
33 | mosaic_generated_033_t_170 | pool_v2v_veh_1_veh_7 | DIRECT_V2V | 0,000000 | 10000000,000000 | 0,000000 | false | false | 0
33 | mosaic_generated_033_t_170 | pool_v2v_veh_1_veh_8 | DIRECT_V2V | 0,000000 | 10000000,000000 | 0,000000 | false | false | 0
33 | mosaic_generated_033_t_170 | pool_v2v_veh_2_veh_3 | DIRECT_V2V | 0,000000 | 10000000,000000 | 0,000000 | false | false | 0
33 | mosaic_generated_033_t_170 | pool_v2v_veh_2_veh_4 | DIRECT_V2V | 0,000000 | 10000000,000000 | 0,000000 | false | false | 0
33 | mosaic_generated_033_t_170 | pool_v2v_veh_2_veh_5 | DIRECT_V2V | 0,000000 | 10000000,000000 | 0,000000 | false | false | 0
33 | mosaic_generated_033_t_170 | pool_v2v_veh_2_veh_6 | DIRECT_V2V | 0,000000 | 10000000,000000 | 0,000000 | false | false | 0
33 | mosaic_generated_033_t_170 | pool_v2v_veh_2_veh_7 | DIRECT_V2V | 0,000000 | 10000000,000000 | 0,000000 | false | false | 0
33 | mosaic_generated_033_t_170 | pool_v2v_veh_2_veh_8 | DIRECT_V2V | 0,000000 | 10000000,000000 | 0,000000 | false | false | 0
33 | mosaic_generated_033_t_170 | pool_v2v_veh_3_veh_4 | DIRECT_V2V | 0,000000 | 10000000,000000 | 0,000000 | false | false | 0
33 | mosaic_generated_033_t_170 | pool_v2v_veh_3_veh_5 | DIRECT_V2V | 0,000000 | 10000000,000000 | 0,000000 | false | false | 0
33 | mosaic_generated_033_t_170 | pool_v2v_veh_3_veh_6 | DIRECT_V2V | 0,000000 | 10000000,000000 | 0,000000 | false | false | 0
33 | mosaic_generated_033_t_170 | pool_v2v_veh_3_veh_7 | DIRECT_V2V | 0,000000 | 10000000,000000 | 0,000000 | false | false | 0
33 | mosaic_generated_033_t_170 | pool_v2v_veh_3_veh_8 | DIRECT_V2V | 0,000000 | 10000000,000000 | 0,000000 | false | false | 0
33 | mosaic_generated_033_t_170 | pool_v2v_veh_3_veh_9 | DIRECT_V2V | 0,000000 | 10000000,000000 | 0,000000 | false | false | 0
33 | mosaic_generated_033_t_170 | pool_v2v_veh_4_veh_5 | DIRECT_V2V | 0,000000 | 10000000,000000 | 0,000000 | false | false | 0
33 | mosaic_generated_033_t_170 | pool_v2v_veh_4_veh_6 | DIRECT_V2V | 0,000000 | 10000000,000000 | 0,000000 | false | false | 0
33 | mosaic_generated_033_t_170 | pool_v2v_veh_4_veh_7 | DIRECT_V2V | 0,000000 | 10000000,000000 | 0,000000 | false | false | 0
33 | mosaic_generated_033_t_170 | pool_v2v_veh_4_veh_8 | DIRECT_V2V | 0,000000 | 10000000,000000 | 0,000000 | false | false | 0
33 | mosaic_generated_033_t_170 | pool_v2v_veh_4_veh_9 | DIRECT_V2V | 0,000000 | 10000000,000000 | 0,000000 | false | false | 0
33 | mosaic_generated_033_t_170 | pool_v2v_veh_4_veh_10 | DIRECT_V2V | 0,000000 | 10000000,000000 | 0,000000 | false | false | 0
33 | mosaic_generated_033_t_170 | pool_v2v_veh_5_veh_6 | DIRECT_V2V | 0,000000 | 10000000,000000 | 0,000000 | false | false | 0
33 | mosaic_generated_033_t_170 | pool_v2v_veh_5_veh_7 | DIRECT_V2V | 0,000000 | 10000000,000000 | 0,000000 | false | false | 0
33 | mosaic_generated_033_t_170 | pool_v2v_veh_5_veh_8 | DIRECT_V2V | 0,000000 | 10000000,000000 | 0,000000 | false | false | 0
33 | mosaic_generated_033_t_170 | pool_v2v_veh_5_veh_9 | DIRECT_V2V | 0,000000 | 10000000,000000 | 0,000000 | false | false | 0
33 | mosaic_generated_033_t_170 | pool_v2v_veh_5_veh_10 | DIRECT_V2V | 0,000000 | 10000000,000000 | 0,000000 | false | false | 0
33 | mosaic_generated_033_t_170 | pool_v2v_veh_5_veh_11 | DIRECT_V2V | 0,000000 | 10000000,000000 | 0,000000 | false | false | 0
33 | mosaic_generated_033_t_170 | pool_v2v_veh_6_veh_7 | DIRECT_V2V | 0,000000 | 10000000,000000 | 0,000000 | false | false | 0
33 | mosaic_generated_033_t_170 | pool_v2v_veh_6_veh_8 | DIRECT_V2V | 0,000000 | 10000000,000000 | 0,000000 | false | false | 0
33 | mosaic_generated_033_t_170 | pool_v2v_veh_6_veh_9 | DIRECT_V2V | 0,000000 | 10000000,000000 | 0,000000 | false | false | 0
33 | mosaic_generated_033_t_170 | pool_v2v_veh_6_veh_10 | DIRECT_V2V | 0,000000 | 10000000,000000 | 0,000000 | false | false | 0
33 | mosaic_generated_033_t_170 | pool_v2v_veh_6_veh_11 | DIRECT_V2V | 0,000000 | 10000000,000000 | 0,000000 | false | false | 0
33 | mosaic_generated_033_t_170 | pool_v2v_veh_7_veh_8 | DIRECT_V2V | 0,000000 | 10000000,000000 | 0,000000 | false | false | 0
33 | mosaic_generated_033_t_170 | pool_v2v_veh_7_veh_9 | DIRECT_V2V | 0,000000 | 10000000,000000 | 0,000000 | false | false | 0
33 | mosaic_generated_033_t_170 | pool_v2v_veh_7_veh_10 | DIRECT_V2V | 0,000000 | 10000000,000000 | 0,000000 | false | false | 0
33 | mosaic_generated_033_t_170 | pool_v2v_veh_7_veh_11 | DIRECT_V2V | 0,000000 | 10000000,000000 | 0,000000 | false | false | 0
33 | mosaic_generated_033_t_170 | pool_v2v_veh_8_veh_9 | DIRECT_V2V | 0,000000 | 10000000,000000 | 0,000000 | false | false | 0
33 | mosaic_generated_033_t_170 | pool_v2v_veh_8_veh_10 | DIRECT_V2V | 0,000000 | 10000000,000000 | 0,000000 | false | false | 0
33 | mosaic_generated_033_t_170 | pool_v2v_veh_8_veh_11 | DIRECT_V2V | 0,000000 | 10000000,000000 | 0,000000 | false | false | 0
33 | mosaic_generated_033_t_170 | pool_v2v_veh_9_veh_10 | DIRECT_V2V | 0,000000 | 10000000,000000 | 0,000000 | false | false | 0
33 | mosaic_generated_033_t_170 | pool_v2v_veh_9_veh_11 | DIRECT_V2V | 0,000000 | 10000000,000000 | 0,000000 | false | false | 0
33 | mosaic_generated_033_t_170 | pool_v2v_veh_10_veh_11 | DIRECT_V2V | 0,000000 | 10000000,000000 | 0,000000 | false | false | 0
33 | mosaic_generated_033_t_170 | pool_rsu_central | GATEWAY | 0,000000 | 7957680,000000 | 0,000000 | false | false | 0
33 | mosaic_generated_033_t_170 | pool_rsu_north | GATEWAY | 0,000000 | 40000000,000000 | 0,000000 | false | false | 0
34 | mosaic_generated_034_t_175 | pool_v2v_veh_0_veh_1 | DIRECT_V2V | 0,000000 | 10000000,000000 | 0,000000 | false | false | 0
34 | mosaic_generated_034_t_175 | pool_v2v_veh_0_veh_2 | DIRECT_V2V | 0,000000 | 10000000,000000 | 0,000000 | false | false | 0
34 | mosaic_generated_034_t_175 | pool_v2v_veh_0_veh_3 | DIRECT_V2V | 0,000000 | 10000000,000000 | 0,000000 | false | false | 0
34 | mosaic_generated_034_t_175 | pool_v2v_veh_0_veh_4 | DIRECT_V2V | 0,000000 | 10000000,000000 | 0,000000 | false | false | 0
34 | mosaic_generated_034_t_175 | pool_v2v_veh_0_veh_5 | DIRECT_V2V | 0,000000 | 10000000,000000 | 0,000000 | false | false | 0
34 | mosaic_generated_034_t_175 | pool_v2v_veh_0_veh_6 | DIRECT_V2V | 0,000000 | 10000000,000000 | 0,000000 | false | false | 0
34 | mosaic_generated_034_t_175 | pool_v2v_veh_1_veh_2 | DIRECT_V2V | 0,000000 | 10000000,000000 | 0,000000 | false | false | 0
34 | mosaic_generated_034_t_175 | pool_v2v_veh_1_veh_3 | DIRECT_V2V | 0,000000 | 10000000,000000 | 0,000000 | false | false | 0
34 | mosaic_generated_034_t_175 | pool_v2v_veh_1_veh_4 | DIRECT_V2V | 0,000000 | 10000000,000000 | 0,000000 | false | false | 0
34 | mosaic_generated_034_t_175 | pool_v2v_veh_1_veh_5 | DIRECT_V2V | 0,000000 | 10000000,000000 | 0,000000 | false | false | 0
34 | mosaic_generated_034_t_175 | pool_v2v_veh_1_veh_6 | DIRECT_V2V | 0,000000 | 10000000,000000 | 0,000000 | false | false | 0
34 | mosaic_generated_034_t_175 | pool_v2v_veh_1_veh_7 | DIRECT_V2V | 0,000000 | 10000000,000000 | 0,000000 | false | false | 0
34 | mosaic_generated_034_t_175 | pool_v2v_veh_1_veh_8 | DIRECT_V2V | 0,000000 | 10000000,000000 | 0,000000 | false | false | 0
34 | mosaic_generated_034_t_175 | pool_v2v_veh_2_veh_3 | DIRECT_V2V | 0,000000 | 10000000,000000 | 0,000000 | false | false | 0
34 | mosaic_generated_034_t_175 | pool_v2v_veh_2_veh_4 | DIRECT_V2V | 0,000000 | 10000000,000000 | 0,000000 | false | false | 0
34 | mosaic_generated_034_t_175 | pool_v2v_veh_2_veh_5 | DIRECT_V2V | 0,000000 | 10000000,000000 | 0,000000 | false | false | 0
34 | mosaic_generated_034_t_175 | pool_v2v_veh_2_veh_6 | DIRECT_V2V | 0,000000 | 10000000,000000 | 0,000000 | false | false | 0
34 | mosaic_generated_034_t_175 | pool_v2v_veh_2_veh_7 | DIRECT_V2V | 0,000000 | 10000000,000000 | 0,000000 | false | false | 0
34 | mosaic_generated_034_t_175 | pool_v2v_veh_2_veh_8 | DIRECT_V2V | 0,000000 | 10000000,000000 | 0,000000 | false | false | 0
34 | mosaic_generated_034_t_175 | pool_v2v_veh_2_veh_9 | DIRECT_V2V | 0,000000 | 10000000,000000 | 0,000000 | false | false | 0
34 | mosaic_generated_034_t_175 | pool_v2v_veh_3_veh_4 | DIRECT_V2V | 0,000000 | 10000000,000000 | 0,000000 | false | false | 0
34 | mosaic_generated_034_t_175 | pool_v2v_veh_3_veh_5 | DIRECT_V2V | 0,000000 | 10000000,000000 | 0,000000 | false | false | 0
34 | mosaic_generated_034_t_175 | pool_v2v_veh_3_veh_6 | DIRECT_V2V | 0,000000 | 10000000,000000 | 0,000000 | false | false | 0
34 | mosaic_generated_034_t_175 | pool_v2v_veh_3_veh_7 | DIRECT_V2V | 0,000000 | 10000000,000000 | 0,000000 | false | false | 0
34 | mosaic_generated_034_t_175 | pool_v2v_veh_3_veh_8 | DIRECT_V2V | 0,000000 | 10000000,000000 | 0,000000 | false | false | 0
34 | mosaic_generated_034_t_175 | pool_v2v_veh_3_veh_9 | DIRECT_V2V | 0,000000 | 10000000,000000 | 0,000000 | false | false | 0
34 | mosaic_generated_034_t_175 | pool_v2v_veh_4_veh_5 | DIRECT_V2V | 0,000000 | 10000000,000000 | 0,000000 | false | false | 0
34 | mosaic_generated_034_t_175 | pool_v2v_veh_4_veh_6 | DIRECT_V2V | 0,000000 | 10000000,000000 | 0,000000 | false | false | 0
34 | mosaic_generated_034_t_175 | pool_v2v_veh_4_veh_7 | DIRECT_V2V | 0,000000 | 10000000,000000 | 0,000000 | false | false | 0
34 | mosaic_generated_034_t_175 | pool_v2v_veh_4_veh_8 | DIRECT_V2V | 0,000000 | 10000000,000000 | 0,000000 | false | false | 0
34 | mosaic_generated_034_t_175 | pool_v2v_veh_4_veh_9 | DIRECT_V2V | 0,000000 | 10000000,000000 | 0,000000 | false | false | 0
34 | mosaic_generated_034_t_175 | pool_v2v_veh_4_veh_10 | DIRECT_V2V | 0,000000 | 10000000,000000 | 0,000000 | false | false | 0
34 | mosaic_generated_034_t_175 | pool_v2v_veh_5_veh_6 | DIRECT_V2V | 0,000000 | 10000000,000000 | 0,000000 | false | false | 0
34 | mosaic_generated_034_t_175 | pool_v2v_veh_5_veh_7 | DIRECT_V2V | 0,000000 | 10000000,000000 | 0,000000 | false | false | 0
34 | mosaic_generated_034_t_175 | pool_v2v_veh_5_veh_8 | DIRECT_V2V | 0,000000 | 10000000,000000 | 0,000000 | false | false | 0
34 | mosaic_generated_034_t_175 | pool_v2v_veh_5_veh_9 | DIRECT_V2V | 0,000000 | 10000000,000000 | 0,000000 | false | false | 0
34 | mosaic_generated_034_t_175 | pool_v2v_veh_5_veh_10 | DIRECT_V2V | 0,000000 | 10000000,000000 | 0,000000 | false | false | 0
34 | mosaic_generated_034_t_175 | pool_v2v_veh_5_veh_11 | DIRECT_V2V | 0,000000 | 10000000,000000 | 0,000000 | false | false | 0
34 | mosaic_generated_034_t_175 | pool_v2v_veh_6_veh_7 | DIRECT_V2V | 0,000000 | 10000000,000000 | 0,000000 | false | false | 0
34 | mosaic_generated_034_t_175 | pool_v2v_veh_6_veh_8 | DIRECT_V2V | 0,000000 | 10000000,000000 | 0,000000 | false | false | 0
34 | mosaic_generated_034_t_175 | pool_v2v_veh_6_veh_9 | DIRECT_V2V | 0,000000 | 10000000,000000 | 0,000000 | false | false | 0
34 | mosaic_generated_034_t_175 | pool_v2v_veh_6_veh_10 | DIRECT_V2V | 0,000000 | 10000000,000000 | 0,000000 | false | false | 0
34 | mosaic_generated_034_t_175 | pool_v2v_veh_6_veh_11 | DIRECT_V2V | 0,000000 | 10000000,000000 | 0,000000 | false | false | 0
34 | mosaic_generated_034_t_175 | pool_v2v_veh_7_veh_8 | DIRECT_V2V | 0,000000 | 10000000,000000 | 0,000000 | false | false | 0
34 | mosaic_generated_034_t_175 | pool_v2v_veh_7_veh_9 | DIRECT_V2V | 0,000000 | 10000000,000000 | 0,000000 | false | false | 0
34 | mosaic_generated_034_t_175 | pool_v2v_veh_7_veh_10 | DIRECT_V2V | 0,000000 | 10000000,000000 | 0,000000 | false | false | 0
34 | mosaic_generated_034_t_175 | pool_v2v_veh_7_veh_11 | DIRECT_V2V | 0,000000 | 10000000,000000 | 0,000000 | false | false | 0
34 | mosaic_generated_034_t_175 | pool_v2v_veh_8_veh_9 | DIRECT_V2V | 0,000000 | 10000000,000000 | 0,000000 | false | false | 0
34 | mosaic_generated_034_t_175 | pool_v2v_veh_8_veh_10 | DIRECT_V2V | 0,000000 | 10000000,000000 | 0,000000 | false | false | 0
34 | mosaic_generated_034_t_175 | pool_v2v_veh_8_veh_11 | DIRECT_V2V | 0,000000 | 10000000,000000 | 0,000000 | false | false | 0
34 | mosaic_generated_034_t_175 | pool_v2v_veh_9_veh_10 | DIRECT_V2V | 0,000000 | 10000000,000000 | 0,000000 | false | false | 0
34 | mosaic_generated_034_t_175 | pool_v2v_veh_9_veh_11 | DIRECT_V2V | 0,000000 | 10000000,000000 | 0,000000 | false | false | 0
34 | mosaic_generated_034_t_175 | pool_v2v_veh_10_veh_11 | DIRECT_V2V | 0,000000 | 10000000,000000 | 0,000000 | false | false | 0
34 | mosaic_generated_034_t_175 | pool_rsu_central | GATEWAY | 0,000000 | 7957680,000000 | 0,000000 | false | false | 0
34 | mosaic_generated_034_t_175 | pool_rsu_north | GATEWAY | 0,000000 | 40000000,000000 | 0,000000 | false | false | 0
35 | mosaic_generated_035_t_180 | pool_rsu_central | GATEWAY | 0,000000 | 8000000,000000 | 0,000000 | false | false | 0
35 | mosaic_generated_035_t_180 | pool_rsu_north | GATEWAY | 0,000000 | 40000000,000000 | 0,000000 | false | false | 0

------------------------------------------------------------
MOBILITY CONFIGURATION SUMMARY
------------------------------------------------------------
coverageRiskWeight: 1,000000
linkInstabilityWeight: 0,500000
handoverRiskWeight: 0,500000

epsilonSpeed: 0,100000 m/s
v2vCommunicationRadius: 250,000000 m
localCoverageTime: 300,000000 s
maxCoverageTime: 300,000000 s
cloudCoverageTime: derived from active access gateway

------------------------------------------------------------
MOBILITY PENALTY SUMMARY BY WINDOW
------------------------------------------------------------
idx | snapshot | remote | Pmob | normalizedPmob | avgCoverage | minCoverage | avgPhiCov | maxPhiCov | avgPhiLink | maxPhiLink | avgPhiHo | maxPhiHo | gatewayAwareCloud | placeholderCloud
0 | mosaic_generated_000_t_005 | 0 | 0,000000 | 0,000000 | - | - | 0,000000 | 0,000000 | 0,000000 | 0,000000 | 0,000000 | 0,000000 | 0 | 0
1 | mosaic_generated_001_t_010 | 0 | 0,000000 | 0,000000 | - | - | 0,000000 | 0,000000 | 0,000000 | 0,000000 | 0,000000 | 0,000000 | 0 | 0
2 | mosaic_generated_002_t_015 | 0 | 0,000000 | 0,000000 | - | - | 0,000000 | 0,000000 | 0,000000 | 0,000000 | 0,000000 | 0,000000 | 0 | 0
3 | mosaic_generated_003_t_020 | 0 | 0,000000 | 0,000000 | - | - | 0,000000 | 0,000000 | 0,000000 | 0,000000 | 0,000000 | 0,000000 | 0 | 0
4 | mosaic_generated_004_t_025 | 0 | 0,000000 | 0,000000 | - | - | 0,000000 | 0,000000 | 0,000000 | 0,000000 | 0,000000 | 0,000000 | 0 | 0
5 | mosaic_generated_005_t_030 | 0 | 0,000000 | 0,000000 | - | - | 0,000000 | 0,000000 | 0,000000 | 0,000000 | 0,000000 | 0,000000 | 0 | 0
6 | mosaic_generated_006_t_035 | 0 | 0,000000 | 0,000000 | - | - | 0,000000 | 0,000000 | 0,000000 | 0,000000 | 0,000000 | 0,000000 | 0 | 0
7 | mosaic_generated_007_t_040 | 0 | 0,000000 | 0,000000 | - | - | 0,000000 | 0,000000 | 0,000000 | 0,000000 | 0,000000 | 0,000000 | 0 | 0
8 | mosaic_generated_008_t_045 | 0 | 0,000000 | 0,000000 | - | - | 0,000000 | 0,000000 | 0,000000 | 0,000000 | 0,000000 | 0,000000 | 0 | 0
9 | mosaic_generated_009_t_050 | 0 | 0,000000 | 0,000000 | - | - | 0,000000 | 0,000000 | 0,000000 | 0,000000 | 0,000000 | 0,000000 | 0 | 0
10 | mosaic_generated_010_t_055 | 0 | 0,000000 | 0,000000 | - | - | 0,000000 | 0,000000 | 0,000000 | 0,000000 | 0,000000 | 0,000000 | 0 | 0
11 | mosaic_generated_011_t_060 | 0 | 0,000000 | 0,000000 | - | - | 0,000000 | 0,000000 | 0,000000 | 0,000000 | 0,000000 | 0,000000 | 0 | 0
12 | mosaic_generated_012_t_065 | 0 | 0,000000 | 0,000000 | - | - | 0,000000 | 0,000000 | 0,000000 | 0,000000 | 0,000000 | 0,000000 | 0 | 0
13 | mosaic_generated_013_t_070 | 0 | 0,000000 | 0,000000 | - | - | 0,000000 | 0,000000 | 0,000000 | 0,000000 | 0,000000 | 0,000000 | 0 | 0
14 | mosaic_generated_014_t_075 | 0 | 0,000000 | 0,000000 | - | - | 0,000000 | 0,000000 | 0,000000 | 0,000000 | 0,000000 | 0,000000 | 0 | 0
15 | mosaic_generated_015_t_080 | 0 | 0,000000 | 0,000000 | - | - | 0,000000 | 0,000000 | 0,000000 | 0,000000 | 0,000000 | 0,000000 | 0 | 0
16 | mosaic_generated_016_t_085 | 0 | 0,000000 | 0,000000 | - | - | 0,000000 | 0,000000 | 0,000000 | 0,000000 | 0,000000 | 0,000000 | 0 | 0
17 | mosaic_generated_017_t_090 | 0 | 0,000000 | 0,000000 | - | - | 0,000000 | 0,000000 | 0,000000 | 0,000000 | 0,000000 | 0,000000 | 0 | 0
18 | mosaic_generated_018_t_095 | 0 | 0,000000 | 0,000000 | - | - | 0,000000 | 0,000000 | 0,000000 | 0,000000 | 0,000000 | 0,000000 | 0 | 0
19 | mosaic_generated_019_t_100 | 0 | 0,000000 | 0,000000 | - | - | 0,000000 | 0,000000 | 0,000000 | 0,000000 | 0,000000 | 0,000000 | 0 | 0
20 | mosaic_generated_020_t_105 | 0 | 0,000000 | 0,000000 | - | - | 0,000000 | 0,000000 | 0,000000 | 0,000000 | 0,000000 | 0,000000 | 0 | 0
21 | mosaic_generated_021_t_110 | 0 | 0,000000 | 0,000000 | - | - | 0,000000 | 0,000000 | 0,000000 | 0,000000 | 0,000000 | 0,000000 | 0 | 0
22 | mosaic_generated_022_t_115 | 0 | 0,000000 | 0,000000 | - | - | 0,000000 | 0,000000 | 0,000000 | 0,000000 | 0,000000 | 0,000000 | 0 | 0
23 | mosaic_generated_023_t_120 | 0 | 0,000000 | 0,000000 | - | - | 0,000000 | 0,000000 | 0,000000 | 0,000000 | 0,000000 | 0,000000 | 0 | 0
24 | mosaic_generated_024_t_125 | 0 | 0,000000 | 0,000000 | - | - | 0,000000 | 0,000000 | 0,000000 | 0,000000 | 0,000000 | 0,000000 | 0 | 0
25 | mosaic_generated_025_t_130 | 0 | 0,000000 | 0,000000 | - | - | 0,000000 | 0,000000 | 0,000000 | 0,000000 | 0,000000 | 0,000000 | 0 | 0
26 | mosaic_generated_026_t_135 | 0 | 0,000000 | 0,000000 | - | - | 0,000000 | 0,000000 | 0,000000 | 0,000000 | 0,000000 | 0,000000 | 0 | 0
27 | mosaic_generated_027_t_140 | 0 | 0,000000 | 0,000000 | - | - | 0,000000 | 0,000000 | 0,000000 | 0,000000 | 0,000000 | 0,000000 | 0 | 0
28 | mosaic_generated_028_t_145 | 0 | 0,000000 | 0,000000 | - | - | 0,000000 | 0,000000 | 0,000000 | 0,000000 | 0,000000 | 0,000000 | 0 | 0
29 | mosaic_generated_029_t_150 | 0 | 0,000000 | 0,000000 | - | - | 0,000000 | 0,000000 | 0,000000 | 0,000000 | 0,000000 | 0,000000 | 0 | 0
30 | mosaic_generated_030_t_155 | 0 | 0,000000 | 0,000000 | - | - | 0,000000 | 0,000000 | 0,000000 | 0,000000 | 0,000000 | 0,000000 | 0 | 0
31 | mosaic_generated_031_t_160 | 0 | 0,000000 | 0,000000 | - | - | 0,000000 | 0,000000 | 0,000000 | 0,000000 | 0,000000 | 0,000000 | 0 | 0
32 | mosaic_generated_032_t_165 | 0 | 0,000000 | 0,000000 | - | - | 0,000000 | 0,000000 | 0,000000 | 0,000000 | 0,000000 | 0,000000 | 0 | 0
33 | mosaic_generated_033_t_170 | 0 | 0,000000 | 0,000000 | - | - | 0,000000 | 0,000000 | 0,000000 | 0,000000 | 0,000000 | 0,000000 | 0 | 0
34 | mosaic_generated_034_t_175 | 0 | 0,000000 | 0,000000 | - | - | 0,000000 | 0,000000 | 0,000000 | 0,000000 | 0,000000 | 0,000000 | 0 | 0
35 | mosaic_generated_035_t_180 | 0 | 0,000000 | 0,000000 | - | - | 0,000000 | 0,000000 | 0,000000 | 0,000000 | 0,000000 | 0,000000 | 0 | 0

------------------------------------------------------------
MOBILITY SUMMARY BY NODE TYPE
------------------------------------------------------------
idx | type | tasks | avgDistance | avgRadius | avgCoverage | avgPhiLink | avgPhiHo | totalPenalty | model
1 | LOCAL | 3 | - | - | 300,000000 | 0,000000 | 0,000000 | 0,000000 | LOCAL_CONVENTIONAL
2 | LOCAL | 5 | - | - | 300,000000 | 0,000000 | 0,000000 | 0,000000 | LOCAL_CONVENTIONAL
3 | LOCAL | 8 | - | - | 300,000000 | 0,000000 | 0,000000 | 0,000000 | LOCAL_CONVENTIONAL
4 | LOCAL | 10 | - | - | 300,000000 | 0,000000 | 0,000000 | 0,000000 | LOCAL_CONVENTIONAL
5 | LOCAL | 12 | - | - | 300,000000 | 0,000000 | 0,000000 | 0,000000 | LOCAL_CONVENTIONAL
6 | LOCAL | 13 | - | - | 300,000000 | 0,000000 | 0,000000 | 0,000000 | LOCAL_CONVENTIONAL
7 | LOCAL | 19 | - | - | 300,000000 | 0,000000 | 0,000000 | 0,000000 | LOCAL_CONVENTIONAL
8 | LOCAL | 18 | - | - | 300,000000 | 0,000000 | 0,000000 | 0,000000 | LOCAL_CONVENTIONAL
9 | LOCAL | 21 | - | - | 300,000000 | 0,000000 | 0,000000 | 0,000000 | LOCAL_CONVENTIONAL
10 | LOCAL | 22 | - | - | 300,000000 | 0,000000 | 0,000000 | 0,000000 | LOCAL_CONVENTIONAL
11 | LOCAL | 23 | - | - | 300,000000 | 0,000000 | 0,000000 | 0,000000 | LOCAL_CONVENTIONAL
12 | LOCAL | 20 | - | - | 300,000000 | 0,000000 | 0,000000 | 0,000000 | LOCAL_CONVENTIONAL
13 | LOCAL | 24 | - | - | 300,000000 | 0,000000 | 0,000000 | 0,000000 | LOCAL_CONVENTIONAL
14 | LOCAL | 21 | - | - | 300,000000 | 0,000000 | 0,000000 | 0,000000 | LOCAL_CONVENTIONAL
15 | LOCAL | 22 | - | - | 300,000000 | 0,000000 | 0,000000 | 0,000000 | LOCAL_CONVENTIONAL
16 | LOCAL | 22 | - | - | 300,000000 | 0,000000 | 0,000000 | 0,000000 | LOCAL_CONVENTIONAL
17 | LOCAL | 23 | - | - | 300,000000 | 0,000000 | 0,000000 | 0,000000 | LOCAL_CONVENTIONAL
18 | LOCAL | 20 | - | - | 300,000000 | 0,000000 | 0,000000 | 0,000000 | LOCAL_CONVENTIONAL
19 | LOCAL | 24 | - | - | 300,000000 | 0,000000 | 0,000000 | 0,000000 | LOCAL_CONVENTIONAL
20 | LOCAL | 21 | - | - | 300,000000 | 0,000000 | 0,000000 | 0,000000 | LOCAL_CONVENTIONAL
21 | LOCAL | 22 | - | - | 300,000000 | 0,000000 | 0,000000 | 0,000000 | LOCAL_CONVENTIONAL
22 | LOCAL | 22 | - | - | 300,000000 | 0,000000 | 0,000000 | 0,000000 | LOCAL_CONVENTIONAL
23 | LOCAL | 23 | - | - | 300,000000 | 0,000000 | 0,000000 | 0,000000 | LOCAL_CONVENTIONAL
24 | LOCAL | 20 | - | - | 300,000000 | 0,000000 | 0,000000 | 0,000000 | LOCAL_CONVENTIONAL
25 | LOCAL | 24 | - | - | 300,000000 | 0,000000 | 0,000000 | 0,000000 | LOCAL_CONVENTIONAL
26 | LOCAL | 21 | - | - | 300,000000 | 0,000000 | 0,000000 | 0,000000 | LOCAL_CONVENTIONAL
27 | LOCAL | 22 | - | - | 300,000000 | 0,000000 | 0,000000 | 0,000000 | LOCAL_CONVENTIONAL
28 | LOCAL | 22 | - | - | 300,000000 | 0,000000 | 0,000000 | 0,000000 | LOCAL_CONVENTIONAL
29 | LOCAL | 23 | - | - | 300,000000 | 0,000000 | 0,000000 | 0,000000 | LOCAL_CONVENTIONAL
30 | LOCAL | 20 | - | - | 300,000000 | 0,000000 | 0,000000 | 0,000000 | LOCAL_CONVENTIONAL
31 | LOCAL | 24 | - | - | 300,000000 | 0,000000 | 0,000000 | 0,000000 | LOCAL_CONVENTIONAL
32 | LOCAL | 21 | - | - | 300,000000 | 0,000000 | 0,000000 | 0,000000 | LOCAL_CONVENTIONAL
33 | LOCAL | 22 | - | - | 300,000000 | 0,000000 | 0,000000 | 0,000000 | LOCAL_CONVENTIONAL
34 | LOCAL | 22 | - | - | 300,000000 | 0,000000 | 0,000000 | 0,000000 | LOCAL_CONVENTIONAL
35 | LOCAL | 23 | - | - | 300,000000 | 0,000000 | 0,000000 | 0,000000 | LOCAL_CONVENTIONAL

------------------------------------------------------------
TOP MOBILITY-RISK DECISIONS BY WINDOW
------------------------------------------------------------
Window 0 | snapshot=mosaic_generated_000_t_005 | remote=0
- no remote mobility-aware decisions

Window 1 | snapshot=mosaic_generated_001_t_010 | remote=0
- no remote mobility-aware decisions

Window 2 | snapshot=mosaic_generated_002_t_015 | remote=0
- no remote mobility-aware decisions

Window 3 | snapshot=mosaic_generated_003_t_020 | remote=0
- no remote mobility-aware decisions

Window 4 | snapshot=mosaic_generated_004_t_025 | remote=0
- no remote mobility-aware decisions

Window 5 | snapshot=mosaic_generated_005_t_030 | remote=0
- no remote mobility-aware decisions

Window 6 | snapshot=mosaic_generated_006_t_035 | remote=0
- no remote mobility-aware decisions

Window 7 | snapshot=mosaic_generated_007_t_040 | remote=0
- no remote mobility-aware decisions

Window 8 | snapshot=mosaic_generated_008_t_045 | remote=0
- no remote mobility-aware decisions

Window 9 | snapshot=mosaic_generated_009_t_050 | remote=0
- no remote mobility-aware decisions

Window 10 | snapshot=mosaic_generated_010_t_055 | remote=0
- no remote mobility-aware decisions

Window 11 | snapshot=mosaic_generated_011_t_060 | remote=0
- no remote mobility-aware decisions

Window 12 | snapshot=mosaic_generated_012_t_065 | remote=0
- no remote mobility-aware decisions

Window 13 | snapshot=mosaic_generated_013_t_070 | remote=0
- no remote mobility-aware decisions

Window 14 | snapshot=mosaic_generated_014_t_075 | remote=0
- no remote mobility-aware decisions

Window 15 | snapshot=mosaic_generated_015_t_080 | remote=0
- no remote mobility-aware decisions

Window 16 | snapshot=mosaic_generated_016_t_085 | remote=0
- no remote mobility-aware decisions

Window 17 | snapshot=mosaic_generated_017_t_090 | remote=0
- no remote mobility-aware decisions

Window 18 | snapshot=mosaic_generated_018_t_095 | remote=0
- no remote mobility-aware decisions

Window 19 | snapshot=mosaic_generated_019_t_100 | remote=0
- no remote mobility-aware decisions

Window 20 | snapshot=mosaic_generated_020_t_105 | remote=0
- no remote mobility-aware decisions

Window 21 | snapshot=mosaic_generated_021_t_110 | remote=0
- no remote mobility-aware decisions

Window 22 | snapshot=mosaic_generated_022_t_115 | remote=0
- no remote mobility-aware decisions

Window 23 | snapshot=mosaic_generated_023_t_120 | remote=0
- no remote mobility-aware decisions

Window 24 | snapshot=mosaic_generated_024_t_125 | remote=0
- no remote mobility-aware decisions

Window 25 | snapshot=mosaic_generated_025_t_130 | remote=0
- no remote mobility-aware decisions

Window 26 | snapshot=mosaic_generated_026_t_135 | remote=0
- no remote mobility-aware decisions

Window 27 | snapshot=mosaic_generated_027_t_140 | remote=0
- no remote mobility-aware decisions

Window 28 | snapshot=mosaic_generated_028_t_145 | remote=0
- no remote mobility-aware decisions

Window 29 | snapshot=mosaic_generated_029_t_150 | remote=0
- no remote mobility-aware decisions

Window 30 | snapshot=mosaic_generated_030_t_155 | remote=0
- no remote mobility-aware decisions

Window 31 | snapshot=mosaic_generated_031_t_160 | remote=0
- no remote mobility-aware decisions

Window 32 | snapshot=mosaic_generated_032_t_165 | remote=0
- no remote mobility-aware decisions

Window 33 | snapshot=mosaic_generated_033_t_170 | remote=0
- no remote mobility-aware decisions

Window 34 | snapshot=mosaic_generated_034_t_175 | remote=0
- no remote mobility-aware decisions

Window 35 | snapshot=mosaic_generated_035_t_180 | remote=0
- no remote mobility-aware decisions

------------------------------------------------------------
MOBILITY MODEL ASSUMPTIONS
------------------------------------------------------------
- LOCAL decisions use a conventional coverage time of 300,000000 s.
- CLOUD decisions derive coverage and phi_link from the active radio access gateway.
- CLOUD_STABLE_PLACEHOLDER is not used in STRICT_GATEWAY mode.
- EDGE coverage uses current Euclidean distance, node radius and source speed.
- V2V coverage uses Euclidean distance and scalar relative speed abs(v_source - v_target).
- V2V heading and trajectory vectors are not modeled yet.
- Coverage estimates are clamped to 300,000000 s.

------------------------------------------------------------
COMMUNICATION LATENCY CONFIGURATION SUMMARY
------------------------------------------------------------
Lref: 1,000000 s
Aggregation rule: L(C) = sum_i L_i(C)
Partial upload rule: p * input / bandwidth
Partial download rule: output / bandwidth for every remote choice p > 0
Propagation delay rule: tau_n is included once as aggregated end-to-end delay

------------------------------------------------------------
COMMUNICATION LATENCY SUMMARY BY WINDOW
------------------------------------------------------------
idx | snapshot | tasks | remote | partial | full | L(C) | Lref | normalizedL | avgPerTask | avgPerRemote | uploadSum | downloadSum | tauSum | componentDelta
0 | mosaic_generated_000_t_005 | 0 | 0 | 0 | 0 | 0,000000 | 1,000000 | 0,000000 | 0,000000 | 0,000000 | 0,000000 | 0,000000 | 0,000000 | 0,000000000
1 | mosaic_generated_001_t_010 | 3 | 0 | 0 | 0 | 0,000000 | 1,000000 | 0,000000 | 0,000000 | 0,000000 | 0,000000 | 0,000000 | 0,000000 | 0,000000000
2 | mosaic_generated_002_t_015 | 5 | 0 | 0 | 0 | 0,000000 | 1,000000 | 0,000000 | 0,000000 | 0,000000 | 0,000000 | 0,000000 | 0,000000 | 0,000000000
3 | mosaic_generated_003_t_020 | 8 | 0 | 0 | 0 | 0,000000 | 1,000000 | 0,000000 | 0,000000 | 0,000000 | 0,000000 | 0,000000 | 0,000000 | 0,000000000
4 | mosaic_generated_004_t_025 | 10 | 0 | 0 | 0 | 0,000000 | 1,000000 | 0,000000 | 0,000000 | 0,000000 | 0,000000 | 0,000000 | 0,000000 | 0,000000000
5 | mosaic_generated_005_t_030 | 12 | 0 | 0 | 0 | 0,000000 | 1,000000 | 0,000000 | 0,000000 | 0,000000 | 0,000000 | 0,000000 | 0,000000 | 0,000000000
6 | mosaic_generated_006_t_035 | 13 | 0 | 0 | 0 | 0,000000 | 1,000000 | 0,000000 | 0,000000 | 0,000000 | 0,000000 | 0,000000 | 0,000000 | 0,000000000
7 | mosaic_generated_007_t_040 | 19 | 0 | 0 | 0 | 0,000000 | 1,000000 | 0,000000 | 0,000000 | 0,000000 | 0,000000 | 0,000000 | 0,000000 | 0,000000000
8 | mosaic_generated_008_t_045 | 18 | 0 | 0 | 0 | 0,000000 | 1,000000 | 0,000000 | 0,000000 | 0,000000 | 0,000000 | 0,000000 | 0,000000 | 0,000000000
9 | mosaic_generated_009_t_050 | 21 | 0 | 0 | 0 | 0,000000 | 1,000000 | 0,000000 | 0,000000 | 0,000000 | 0,000000 | 0,000000 | 0,000000 | 0,000000000
10 | mosaic_generated_010_t_055 | 22 | 0 | 0 | 0 | 0,000000 | 1,000000 | 0,000000 | 0,000000 | 0,000000 | 0,000000 | 0,000000 | 0,000000 | 0,000000000
11 | mosaic_generated_011_t_060 | 23 | 0 | 0 | 0 | 0,000000 | 1,000000 | 0,000000 | 0,000000 | 0,000000 | 0,000000 | 0,000000 | 0,000000 | 0,000000000
12 | mosaic_generated_012_t_065 | 20 | 0 | 0 | 0 | 0,000000 | 1,000000 | 0,000000 | 0,000000 | 0,000000 | 0,000000 | 0,000000 | 0,000000 | 0,000000000
13 | mosaic_generated_013_t_070 | 24 | 0 | 0 | 0 | 0,000000 | 1,000000 | 0,000000 | 0,000000 | 0,000000 | 0,000000 | 0,000000 | 0,000000 | 0,000000000
14 | mosaic_generated_014_t_075 | 21 | 0 | 0 | 0 | 0,000000 | 1,000000 | 0,000000 | 0,000000 | 0,000000 | 0,000000 | 0,000000 | 0,000000 | 0,000000000
15 | mosaic_generated_015_t_080 | 22 | 0 | 0 | 0 | 0,000000 | 1,000000 | 0,000000 | 0,000000 | 0,000000 | 0,000000 | 0,000000 | 0,000000 | 0,000000000
16 | mosaic_generated_016_t_085 | 22 | 0 | 0 | 0 | 0,000000 | 1,000000 | 0,000000 | 0,000000 | 0,000000 | 0,000000 | 0,000000 | 0,000000 | 0,000000000
17 | mosaic_generated_017_t_090 | 23 | 0 | 0 | 0 | 0,000000 | 1,000000 | 0,000000 | 0,000000 | 0,000000 | 0,000000 | 0,000000 | 0,000000 | 0,000000000
18 | mosaic_generated_018_t_095 | 20 | 0 | 0 | 0 | 0,000000 | 1,000000 | 0,000000 | 0,000000 | 0,000000 | 0,000000 | 0,000000 | 0,000000 | 0,000000000
19 | mosaic_generated_019_t_100 | 24 | 0 | 0 | 0 | 0,000000 | 1,000000 | 0,000000 | 0,000000 | 0,000000 | 0,000000 | 0,000000 | 0,000000 | 0,000000000
20 | mosaic_generated_020_t_105 | 21 | 0 | 0 | 0 | 0,000000 | 1,000000 | 0,000000 | 0,000000 | 0,000000 | 0,000000 | 0,000000 | 0,000000 | 0,000000000
21 | mosaic_generated_021_t_110 | 22 | 0 | 0 | 0 | 0,000000 | 1,000000 | 0,000000 | 0,000000 | 0,000000 | 0,000000 | 0,000000 | 0,000000 | 0,000000000
22 | mosaic_generated_022_t_115 | 22 | 0 | 0 | 0 | 0,000000 | 1,000000 | 0,000000 | 0,000000 | 0,000000 | 0,000000 | 0,000000 | 0,000000 | 0,000000000
23 | mosaic_generated_023_t_120 | 23 | 0 | 0 | 0 | 0,000000 | 1,000000 | 0,000000 | 0,000000 | 0,000000 | 0,000000 | 0,000000 | 0,000000 | 0,000000000
24 | mosaic_generated_024_t_125 | 20 | 0 | 0 | 0 | 0,000000 | 1,000000 | 0,000000 | 0,000000 | 0,000000 | 0,000000 | 0,000000 | 0,000000 | 0,000000000
25 | mosaic_generated_025_t_130 | 24 | 0 | 0 | 0 | 0,000000 | 1,000000 | 0,000000 | 0,000000 | 0,000000 | 0,000000 | 0,000000 | 0,000000 | 0,000000000
26 | mosaic_generated_026_t_135 | 21 | 0 | 0 | 0 | 0,000000 | 1,000000 | 0,000000 | 0,000000 | 0,000000 | 0,000000 | 0,000000 | 0,000000 | 0,000000000
27 | mosaic_generated_027_t_140 | 22 | 0 | 0 | 0 | 0,000000 | 1,000000 | 0,000000 | 0,000000 | 0,000000 | 0,000000 | 0,000000 | 0,000000 | 0,000000000
28 | mosaic_generated_028_t_145 | 22 | 0 | 0 | 0 | 0,000000 | 1,000000 | 0,000000 | 0,000000 | 0,000000 | 0,000000 | 0,000000 | 0,000000 | 0,000000000
29 | mosaic_generated_029_t_150 | 23 | 0 | 0 | 0 | 0,000000 | 1,000000 | 0,000000 | 0,000000 | 0,000000 | 0,000000 | 0,000000 | 0,000000 | 0,000000000
30 | mosaic_generated_030_t_155 | 20 | 0 | 0 | 0 | 0,000000 | 1,000000 | 0,000000 | 0,000000 | 0,000000 | 0,000000 | 0,000000 | 0,000000 | 0,000000000
31 | mosaic_generated_031_t_160 | 24 | 0 | 0 | 0 | 0,000000 | 1,000000 | 0,000000 | 0,000000 | 0,000000 | 0,000000 | 0,000000 | 0,000000 | 0,000000000
32 | mosaic_generated_032_t_165 | 21 | 0 | 0 | 0 | 0,000000 | 1,000000 | 0,000000 | 0,000000 | 0,000000 | 0,000000 | 0,000000 | 0,000000 | 0,000000000
33 | mosaic_generated_033_t_170 | 22 | 0 | 0 | 0 | 0,000000 | 1,000000 | 0,000000 | 0,000000 | 0,000000 | 0,000000 | 0,000000 | 0,000000 | 0,000000000
34 | mosaic_generated_034_t_175 | 22 | 0 | 0 | 0 | 0,000000 | 1,000000 | 0,000000 | 0,000000 | 0,000000 | 0,000000 | 0,000000 | 0,000000 | 0,000000000
35 | mosaic_generated_035_t_180 | 23 | 0 | 0 | 0 | 0,000000 | 1,000000 | 0,000000 | 0,000000 | 0,000000 | 0,000000 | 0,000000 | 0,000000 | 0,000000000

------------------------------------------------------------
TOP COMMUNICATION-LATENCY DECISIONS BY WINDOW
------------------------------------------------------------
Window 0 | snapshot=mosaic_generated_000_t_005 | remote=0
- no remote communication decisions

Window 1 | snapshot=mosaic_generated_001_t_010 | remote=0
- no remote communication decisions

Window 2 | snapshot=mosaic_generated_002_t_015 | remote=0
- no remote communication decisions

Window 3 | snapshot=mosaic_generated_003_t_020 | remote=0
- no remote communication decisions

Window 4 | snapshot=mosaic_generated_004_t_025 | remote=0
- no remote communication decisions

Window 5 | snapshot=mosaic_generated_005_t_030 | remote=0
- no remote communication decisions

Window 6 | snapshot=mosaic_generated_006_t_035 | remote=0
- no remote communication decisions

Window 7 | snapshot=mosaic_generated_007_t_040 | remote=0
- no remote communication decisions

Window 8 | snapshot=mosaic_generated_008_t_045 | remote=0
- no remote communication decisions

Window 9 | snapshot=mosaic_generated_009_t_050 | remote=0
- no remote communication decisions

Window 10 | snapshot=mosaic_generated_010_t_055 | remote=0
- no remote communication decisions

Window 11 | snapshot=mosaic_generated_011_t_060 | remote=0
- no remote communication decisions

Window 12 | snapshot=mosaic_generated_012_t_065 | remote=0
- no remote communication decisions

Window 13 | snapshot=mosaic_generated_013_t_070 | remote=0
- no remote communication decisions

Window 14 | snapshot=mosaic_generated_014_t_075 | remote=0
- no remote communication decisions

Window 15 | snapshot=mosaic_generated_015_t_080 | remote=0
- no remote communication decisions

Window 16 | snapshot=mosaic_generated_016_t_085 | remote=0
- no remote communication decisions

Window 17 | snapshot=mosaic_generated_017_t_090 | remote=0
- no remote communication decisions

Window 18 | snapshot=mosaic_generated_018_t_095 | remote=0
- no remote communication decisions

Window 19 | snapshot=mosaic_generated_019_t_100 | remote=0
- no remote communication decisions

Window 20 | snapshot=mosaic_generated_020_t_105 | remote=0
- no remote communication decisions

Window 21 | snapshot=mosaic_generated_021_t_110 | remote=0
- no remote communication decisions

Window 22 | snapshot=mosaic_generated_022_t_115 | remote=0
- no remote communication decisions

Window 23 | snapshot=mosaic_generated_023_t_120 | remote=0
- no remote communication decisions

Window 24 | snapshot=mosaic_generated_024_t_125 | remote=0
- no remote communication decisions

Window 25 | snapshot=mosaic_generated_025_t_130 | remote=0
- no remote communication decisions

Window 26 | snapshot=mosaic_generated_026_t_135 | remote=0
- no remote communication decisions

Window 27 | snapshot=mosaic_generated_027_t_140 | remote=0
- no remote communication decisions

Window 28 | snapshot=mosaic_generated_028_t_145 | remote=0
- no remote communication decisions

Window 29 | snapshot=mosaic_generated_029_t_150 | remote=0
- no remote communication decisions

Window 30 | snapshot=mosaic_generated_030_t_155 | remote=0
- no remote communication decisions

Window 31 | snapshot=mosaic_generated_031_t_160 | remote=0
- no remote communication decisions

Window 32 | snapshot=mosaic_generated_032_t_165 | remote=0
- no remote communication decisions

Window 33 | snapshot=mosaic_generated_033_t_170 | remote=0
- no remote communication decisions

Window 34 | snapshot=mosaic_generated_034_t_175 | remote=0
- no remote communication decisions

Window 35 | snapshot=mosaic_generated_035_t_180 | remote=0
- no remote communication decisions

------------------------------------------------------------
COMMUNICATION LATENCY MODEL ASSUMPTIONS
------------------------------------------------------------
- LOCAL decisions have L_i = 0.
- For every remote choice p > 0, upload scales with p.
- For every remote choice p > 0, download uses the integral remote output.
- L(C) is the sum of the task communication latencies, not their average.
- tau_n is included once as aggregated end-to-end propagation delay.
- tau_n is independent of p and excludes bandwidth-dependent transfer times.

------------------------------------------------------------
ADAPTIVE WINDOW SUMMARY
------------------------------------------------------------
idx | snapshot | currentDt | nextDt | minDt | maxDt | TcovRef | minMode | maxMode | gaUsed | gaObserved | adaptiveMax | configuredMax | raisedMax | runtimeBudget | action | reason
0 | mosaic_generated_000_t_005 | 5,000000 s | 5,000000 s | 0,150001 s | 5,000000 s | 0,000000 s | CONFIGURED_GA_ESTIMATE | COVERAGE_ADAPTIVE | 0,100000 s | 0,100000 s | 5,000000 s | 8,000000 s | false | WITHIN_WINDOW | FIRST_RUN | First run: keep the initial window inside the computed bounds.
1 | mosaic_generated_001_t_010 | 5,000000 s | 4,000000 s | 0,150001 s | 5,000000 s | 0,000000 s | CONFIGURED_GA_ESTIMATE | COVERAGE_ADAPTIVE | 0,100000 s | 0,000037 s | 5,000000 s | 8,000000 s | false | WITHIN_WINDOW | DECREASE | High dynamicity or severe component spike: decrease the next window.
2 | mosaic_generated_002_t_015 | 4,000000 s | 3,000000 s | 0,150001 s | 4,000000 s | 0,000000 s | CONFIGURED_GA_ESTIMATE | COVERAGE_ADAPTIVE | 0,100000 s | 0,030974 s | 4,000000 s | 8,000000 s | false | WITHIN_WINDOW | DECREASE | High dynamicity or severe component spike: decrease the next window.
3 | mosaic_generated_003_t_020 | 3,000000 s | 2,000000 s | 0,150001 s | 3,000000 s | 0,000000 s | CONFIGURED_GA_ESTIMATE | COVERAGE_ADAPTIVE | 0,100000 s | 0,036312 s | 3,000000 s | 8,000000 s | false | WITHIN_WINDOW | DECREASE | High dynamicity or severe component spike: decrease the next window.
4 | mosaic_generated_004_t_025 | 2,000000 s | 1,000000 s | 0,150001 s | 2,000000 s | 0,000000 s | CONFIGURED_GA_ESTIMATE | COVERAGE_ADAPTIVE | 0,100000 s | 0,052805 s | 2,000000 s | 8,000000 s | false | WITHIN_WINDOW | DECREASE | High dynamicity or severe component spike: decrease the next window.
5 | mosaic_generated_005_t_030 | 1,000000 s | 0,150001 s | 0,150001 s | 1,000000 s | 0,000000 s | CONFIGURED_GA_ESTIMATE | COVERAGE_ADAPTIVE | 0,100000 s | 0,047984 s | 1,000000 s | 8,000000 s | false | WITHIN_WINDOW | CLAMP_TO_BOUNDS | High dynamicity or severe component spike: decrease the next window. The candidate value was clamped to temporal bounds.
6 | mosaic_generated_006_t_035 | 0,150001 s | 0,150001 s | 0,150001 s | 1,668163 s | 2,780271 s | CONFIGURED_GA_ESTIMATE | COVERAGE_ADAPTIVE | 0,100000 s | 0,053100 s | 1,668163 s | 8,000000 s | false | WITHIN_WINDOW | CLAMP_TO_BOUNDS | High dynamicity or severe component spike: decrease the next window. The candidate value was clamped to temporal bounds.
7 | mosaic_generated_007_t_040 | 0,150001 s | 0,150001 s | 0,150001 s | 3,470134 s | 5,783557 s | CONFIGURED_GA_ESTIMATE | COVERAGE_ADAPTIVE | 0,100000 s | 0,062089 s | 3,470134 s | 8,000000 s | false | WITHIN_WINDOW | CLAMP_TO_BOUNDS | High dynamicity or severe component spike: decrease the next window. The candidate value was clamped to temporal bounds.
8 | mosaic_generated_008_t_045 | 0,150001 s | 0,150001 s | 0,150001 s | 5,154580 s | 8,590967 s | CONFIGURED_GA_ESTIMATE | COVERAGE_ADAPTIVE | 0,100000 s | 0,100689 s | 5,154580 s | 8,000000 s | false | WITHIN_WINDOW | CLAMP_TO_BOUNDS | High dynamicity or severe component spike: decrease the next window. The candidate value was clamped to temporal bounds.
9 | mosaic_generated_009_t_050 | 0,150001 s | 0,150001 s | 0,150001 s | 5,593020 s | 9,321699 s | CONFIGURED_GA_ESTIMATE | COVERAGE_ADAPTIVE | 0,100000 s | 0,072004 s | 5,593020 s | 8,000000 s | false | WITHIN_WINDOW | CLAMP_TO_BOUNDS | High dynamicity or severe component spike: decrease the next window. The candidate value was clamped to temporal bounds.
10 | mosaic_generated_010_t_055 | 0,150001 s | 0,150001 s | 0,150001 s | 4,528019 s | 7,546698 s | CONFIGURED_GA_ESTIMATE | COVERAGE_ADAPTIVE | 0,100000 s | 0,082445 s | 4,528019 s | 8,000000 s | false | WITHIN_WINDOW | CLAMP_TO_BOUNDS | High dynamicity or severe component spike: decrease the next window. The candidate value was clamped to temporal bounds.
11 | mosaic_generated_011_t_060 | 0,150001 s | 0,150001 s | 0,150001 s | 4,580658 s | 7,634430 s | CONFIGURED_GA_ESTIMATE | COVERAGE_ADAPTIVE | 0,100000 s | 0,112881 s | 4,580658 s | 8,000000 s | false | WITHIN_WINDOW | CLAMP_TO_BOUNDS | High dynamicity or severe component spike: decrease the next window. The candidate value was clamped to temporal bounds.
12 | mosaic_generated_012_t_065 | 0,150001 s | 0,150001 s | 0,150001 s | 4,669089 s | 7,781816 s | CONFIGURED_GA_ESTIMATE | COVERAGE_ADAPTIVE | 0,100000 s | 0,159839 s | 4,669089 s | 8,000000 s | false | EXCEEDS_CURRENT_AND_NEXT | CLAMP_TO_BOUNDS | High dynamicity or severe component spike: decrease the next window. The candidate value was clamped to temporal bounds.
13 | mosaic_generated_013_t_070 | 0,150001 s | 0,150001 s | 0,150001 s | 4,608527 s | 7,680878 s | CONFIGURED_GA_ESTIMATE | COVERAGE_ADAPTIVE | 0,100000 s | 0,088426 s | 4,608527 s | 8,000000 s | false | WITHIN_WINDOW | CLAMP_TO_BOUNDS | High dynamicity or severe component spike: decrease the next window. The candidate value was clamped to temporal bounds.
14 | mosaic_generated_014_t_075 | 0,150001 s | 0,150001 s | 0,150001 s | 4,006192 s | 6,676987 s | CONFIGURED_GA_ESTIMATE | COVERAGE_ADAPTIVE | 0,100000 s | 0,087339 s | 4,006192 s | 8,000000 s | false | WITHIN_WINDOW | CLAMP_TO_BOUNDS | High dynamicity or severe component spike: decrease the next window. The candidate value was clamped to temporal bounds.
15 | mosaic_generated_015_t_080 | 0,150001 s | 0,150001 s | 0,150001 s | 5,218847 s | 8,698078 s | CONFIGURED_GA_ESTIMATE | COVERAGE_ADAPTIVE | 0,100000 s | 0,114616 s | 5,218847 s | 8,000000 s | false | WITHIN_WINDOW | CLAMP_TO_BOUNDS | High dynamicity or severe component spike: decrease the next window. The candidate value was clamped to temporal bounds.
16 | mosaic_generated_016_t_085 | 0,150001 s | 0,150001 s | 0,150001 s | 5,371174 s | 8,951957 s | CONFIGURED_GA_ESTIMATE | COVERAGE_ADAPTIVE | 0,100000 s | 0,088735 s | 5,371174 s | 8,000000 s | false | WITHIN_WINDOW | CLAMP_TO_BOUNDS | High dynamicity or severe component spike: decrease the next window. The candidate value was clamped to temporal bounds.
17 | mosaic_generated_017_t_090 | 0,150001 s | 0,150001 s | 0,150001 s | 4,485461 s | 7,475768 s | CONFIGURED_GA_ESTIMATE | COVERAGE_ADAPTIVE | 0,100000 s | 0,076344 s | 4,485461 s | 8,000000 s | false | WITHIN_WINDOW | CLAMP_TO_BOUNDS | High dynamicity or severe component spike: decrease the next window. The candidate value was clamped to temporal bounds.
18 | mosaic_generated_018_t_095 | 0,150001 s | 0,150001 s | 0,150001 s | 2,709604 s | 4,516006 s | CONFIGURED_GA_ESTIMATE | COVERAGE_ADAPTIVE | 0,100000 s | 0,063694 s | 2,709604 s | 8,000000 s | false | WITHIN_WINDOW | CLAMP_TO_BOUNDS | High dynamicity or severe component spike: decrease the next window. The candidate value was clamped to temporal bounds.
19 | mosaic_generated_019_t_100 | 0,150001 s | 0,150001 s | 0,150001 s | 1,828978 s | 3,048296 s | CONFIGURED_GA_ESTIMATE | COVERAGE_ADAPTIVE | 0,100000 s | 0,051597 s | 1,828978 s | 8,000000 s | false | WITHIN_WINDOW | CLAMP_TO_BOUNDS | High dynamicity or severe component spike: decrease the next window. The candidate value was clamped to temporal bounds.
20 | mosaic_generated_020_t_105 | 0,150001 s | 0,150001 s | 0,150001 s | 3,178991 s | 5,298318 s | CONFIGURED_GA_ESTIMATE | COVERAGE_ADAPTIVE | 0,100000 s | 0,115913 s | 3,178991 s | 8,000000 s | false | WITHIN_WINDOW | CLAMP_TO_BOUNDS | High dynamicity or severe component spike: decrease the next window. The candidate value was clamped to temporal bounds.
21 | mosaic_generated_021_t_110 | 0,150001 s | 0,150001 s | 0,150001 s | 2,778345 s | 4,630575 s | CONFIGURED_GA_ESTIMATE | COVERAGE_ADAPTIVE | 0,100000 s | 0,065982 s | 2,778345 s | 8,000000 s | false | WITHIN_WINDOW | CLAMP_TO_BOUNDS | High dynamicity or severe component spike: decrease the next window. The candidate value was clamped to temporal bounds.
22 | mosaic_generated_022_t_115 | 0,150001 s | 0,150001 s | 0,150001 s | 2,455562 s | 4,092604 s | CONFIGURED_GA_ESTIMATE | COVERAGE_ADAPTIVE | 0,100000 s | 0,065571 s | 2,455562 s | 8,000000 s | false | WITHIN_WINDOW | CLAMP_TO_BOUNDS | High dynamicity or severe component spike: decrease the next window. The candidate value was clamped to temporal bounds.
23 | mosaic_generated_023_t_120 | 0,150001 s | 0,150001 s | 0,150001 s | 3,023187 s | 5,038645 s | CONFIGURED_GA_ESTIMATE | COVERAGE_ADAPTIVE | 0,100000 s | 0,053388 s | 3,023187 s | 8,000000 s | false | WITHIN_WINDOW | CLAMP_TO_BOUNDS | High dynamicity or severe component spike: decrease the next window. The candidate value was clamped to temporal bounds.
24 | mosaic_generated_024_t_125 | 0,150001 s | 0,150001 s | 0,150001 s | 3,055775 s | 5,092958 s | CONFIGURED_GA_ESTIMATE | COVERAGE_ADAPTIVE | 0,100000 s | 0,054371 s | 3,055775 s | 8,000000 s | false | WITHIN_WINDOW | CLAMP_TO_BOUNDS | High dynamicity or severe component spike: decrease the next window. The candidate value was clamped to temporal bounds.
25 | mosaic_generated_025_t_130 | 0,150001 s | 0,150001 s | 0,150001 s | 2,477923 s | 4,129871 s | CONFIGURED_GA_ESTIMATE | COVERAGE_ADAPTIVE | 0,100000 s | 0,042924 s | 2,477923 s | 8,000000 s | false | WITHIN_WINDOW | CLAMP_TO_BOUNDS | High dynamicity or severe component spike: decrease the next window. The candidate value was clamped to temporal bounds.
26 | mosaic_generated_026_t_135 | 0,150001 s | 0,150001 s | 0,150001 s | 2,486152 s | 4,143587 s | CONFIGURED_GA_ESTIMATE | COVERAGE_ADAPTIVE | 0,100000 s | 0,061925 s | 2,486152 s | 8,000000 s | false | WITHIN_WINDOW | CLAMP_TO_BOUNDS | High dynamicity or severe component spike: decrease the next window. The candidate value was clamped to temporal bounds.
27 | mosaic_generated_027_t_140 | 0,150001 s | 0,150001 s | 0,150001 s | 3,086380 s | 5,143967 s | CONFIGURED_GA_ESTIMATE | COVERAGE_ADAPTIVE | 0,100000 s | 0,058440 s | 3,086380 s | 8,000000 s | false | WITHIN_WINDOW | CLAMP_TO_BOUNDS | High dynamicity or severe component spike: decrease the next window. The candidate value was clamped to temporal bounds.
28 | mosaic_generated_028_t_145 | 0,150001 s | 0,150001 s | 0,150001 s | 3,091369 s | 5,152282 s | CONFIGURED_GA_ESTIMATE | COVERAGE_ADAPTIVE | 0,100000 s | 0,052642 s | 3,091369 s | 8,000000 s | false | WITHIN_WINDOW | CLAMP_TO_BOUNDS | High dynamicity or severe component spike: decrease the next window. The candidate value was clamped to temporal bounds.
29 | mosaic_generated_029_t_150 | 0,150001 s | 0,150001 s | 0,150001 s | 3,068407 s | 5,114012 s | CONFIGURED_GA_ESTIMATE | COVERAGE_ADAPTIVE | 0,100000 s | 0,043606 s | 3,068407 s | 8,000000 s | false | WITHIN_WINDOW | CLAMP_TO_BOUNDS | High dynamicity or severe component spike: decrease the next window. The candidate value was clamped to temporal bounds.
30 | mosaic_generated_030_t_155 | 0,150001 s | 0,150001 s | 0,150001 s | 1,556471 s | 2,594119 s | CONFIGURED_GA_ESTIMATE | COVERAGE_ADAPTIVE | 0,100000 s | 0,066929 s | 1,556471 s | 8,000000 s | false | WITHIN_WINDOW | CLAMP_TO_BOUNDS | High dynamicity or severe component spike: decrease the next window. The candidate value was clamped to temporal bounds.
31 | mosaic_generated_031_t_160 | 0,150001 s | 0,150001 s | 0,150001 s | 0,150001 s | 0,000000 s | CONFIGURED_GA_ESTIMATE | COVERAGE_ADAPTIVE | 0,100000 s | 0,044859 s | 0,150001 s | 8,000000 s | false | WITHIN_WINDOW | CLAMP_TO_BOUNDS | High dynamicity or severe component spike: decrease the next window. The candidate value was clamped to temporal bounds.
32 | mosaic_generated_032_t_165 | 0,150001 s | 0,150001 s | 0,150001 s | 0,150001 s | 0,000000 s | CONFIGURED_GA_ESTIMATE | COVERAGE_ADAPTIVE | 0,100000 s | 0,044256 s | 0,150001 s | 8,000000 s | false | WITHIN_WINDOW | CLAMP_TO_BOUNDS | High dynamicity or severe component spike: decrease the next window. The candidate value was clamped to temporal bounds.
33 | mosaic_generated_033_t_170 | 0,150001 s | 0,150001 s | 0,150001 s | 0,150001 s | 0,000000 s | CONFIGURED_GA_ESTIMATE | COVERAGE_ADAPTIVE | 0,100000 s | 0,034145 s | 0,150001 s | 8,000000 s | false | WITHIN_WINDOW | CLAMP_TO_BOUNDS | High dynamicity or severe component spike: decrease the next window. The candidate value was clamped to temporal bounds.
34 | mosaic_generated_034_t_175 | 0,150001 s | 0,150001 s | 0,150001 s | 0,150001 s | 0,000000 s | CONFIGURED_GA_ESTIMATE | COVERAGE_ADAPTIVE | 0,100000 s | 0,038005 s | 0,150001 s | 8,000000 s | false | WITHIN_WINDOW | CLAMP_TO_BOUNDS | High dynamicity or severe component spike: decrease the next window. The candidate value was clamped to temporal bounds.
35 | mosaic_generated_035_t_180 | 0,150001 s | 0,150001 s | 0,150001 s | 0,150001 s | 0,000000 s | CONFIGURED_GA_ESTIMATE | COVERAGE_ADAPTIVE | 0,100000 s | 0,047887 s | 0,150001 s | 8,000000 s | false | WITHIN_WINDOW | CLAMP_TO_BOUNDS | High dynamicity or severe component spike: decrease the next window. The candidate value was clamped to temporal bounds.

Runtime budget notes:
- WITHIN_WINDOW: the observed GA runtime fits both the current and next logical window.
- EXCEEDS_CURRENT: the GA completed after the current logical window duration.
- EXCEEDS_NEXT: the measured runtime is longer than the next planned window.
- EXCEEDS_CURRENT_AND_NEXT: both conditions hold. This requires an explicit orchestration decision before live integration.
- Runtime budget warnings: 1

------------------------------------------------------------
TEMPORAL TIMING SUMMARY
------------------------------------------------------------
idx | snapshot | triggerTime | managerObsTime | sourceTime | currentDt | nextDt
0 | mosaic_generated_000_t_005 | 5,000000 s | 5,000000 s | 5,000000 s | 5,000000 s | 5,000000 s
1 | mosaic_generated_001_t_010 | 10,000000 s | 10,000000 s | 10,000000 s | 5,000000 s | 4,000000 s
2 | mosaic_generated_002_t_015 | 14,000000 s | 14,000000 s | 15,000000 s | 4,000000 s | 3,000000 s
3 | mosaic_generated_003_t_020 | 17,000000 s | 17,000000 s | 20,000000 s | 3,000000 s | 2,000000 s
4 | mosaic_generated_004_t_025 | 19,000000 s | 19,000000 s | 25,000000 s | 2,000000 s | 1,000000 s
5 | mosaic_generated_005_t_030 | 20,000000 s | 20,000000 s | 30,000000 s | 1,000000 s | 0,150001 s
6 | mosaic_generated_006_t_035 | 20,150001 s | 20,150001 s | 35,000000 s | 0,150001 s | 0,150001 s
7 | mosaic_generated_007_t_040 | 20,300002 s | 20,300002 s | 40,000000 s | 0,150001 s | 0,150001 s
8 | mosaic_generated_008_t_045 | 20,450003 s | 20,450003 s | 45,000000 s | 0,150001 s | 0,150001 s
9 | mosaic_generated_009_t_050 | 20,600004 s | 20,600004 s | 50,000000 s | 0,150001 s | 0,150001 s
10 | mosaic_generated_010_t_055 | 20,750005 s | 20,750005 s | 55,000000 s | 0,150001 s | 0,150001 s
11 | mosaic_generated_011_t_060 | 20,900006 s | 20,900006 s | 60,000000 s | 0,150001 s | 0,150001 s
12 | mosaic_generated_012_t_065 | 21,050007 s | 21,050007 s | 65,000000 s | 0,150001 s | 0,150001 s
13 | mosaic_generated_013_t_070 | 21,200008 s | 21,200008 s | 70,000000 s | 0,150001 s | 0,150001 s
14 | mosaic_generated_014_t_075 | 21,350009 s | 21,350009 s | 75,000000 s | 0,150001 s | 0,150001 s
15 | mosaic_generated_015_t_080 | 21,500010 s | 21,500010 s | 80,000000 s | 0,150001 s | 0,150001 s
16 | mosaic_generated_016_t_085 | 21,650011 s | 21,650011 s | 85,000000 s | 0,150001 s | 0,150001 s
17 | mosaic_generated_017_t_090 | 21,800012 s | 21,800012 s | 90,000000 s | 0,150001 s | 0,150001 s
18 | mosaic_generated_018_t_095 | 21,950013 s | 21,950013 s | 95,000000 s | 0,150001 s | 0,150001 s
19 | mosaic_generated_019_t_100 | 22,100014 s | 22,100014 s | 100,000000 s | 0,150001 s | 0,150001 s
20 | mosaic_generated_020_t_105 | 22,250015 s | 22,250015 s | 105,000000 s | 0,150001 s | 0,150001 s
21 | mosaic_generated_021_t_110 | 22,400016 s | 22,400016 s | 110,000000 s | 0,150001 s | 0,150001 s
22 | mosaic_generated_022_t_115 | 22,550017 s | 22,550017 s | 115,000000 s | 0,150001 s | 0,150001 s
23 | mosaic_generated_023_t_120 | 22,700018 s | 22,700018 s | 120,000000 s | 0,150001 s | 0,150001 s
24 | mosaic_generated_024_t_125 | 22,850019 s | 22,850019 s | 125,000000 s | 0,150001 s | 0,150001 s
25 | mosaic_generated_025_t_130 | 23,000020 s | 23,000020 s | 130,000000 s | 0,150001 s | 0,150001 s
26 | mosaic_generated_026_t_135 | 23,150021 s | 23,150021 s | 135,000000 s | 0,150001 s | 0,150001 s
27 | mosaic_generated_027_t_140 | 23,300022 s | 23,300022 s | 140,000000 s | 0,150001 s | 0,150001 s
28 | mosaic_generated_028_t_145 | 23,450023 s | 23,450023 s | 145,000000 s | 0,150001 s | 0,150001 s
29 | mosaic_generated_029_t_150 | 23,600024 s | 23,600024 s | 150,000000 s | 0,150001 s | 0,150001 s
30 | mosaic_generated_030_t_155 | 23,750025 s | 23,750025 s | 155,000000 s | 0,150001 s | 0,150001 s
31 | mosaic_generated_031_t_160 | 23,900026 s | 23,900026 s | 160,000000 s | 0,150001 s | 0,150001 s
32 | mosaic_generated_032_t_165 | 24,050027 s | 24,050027 s | 165,000000 s | 0,150001 s | 0,150001 s
33 | mosaic_generated_033_t_170 | 24,200028 s | 24,200028 s | 170,000000 s | 0,150001 s | 0,150001 s
34 | mosaic_generated_034_t_175 | 24,350029 s | 24,350029 s | 175,000000 s | 0,150001 s | 0,150001 s
35 | mosaic_generated_035_t_180 | 24,500030 s | 24,500030 s | 180,000000 s | 0,150001 s | 0,150001 s

------------------------------------------------------------
POPULATION REUSE DECISION SUMMARY
------------------------------------------------------------
idx | snapshot | D | Dt | Dl | Dr | Dv | base | applied | prevPerf | spike | severeSpike | corrected | reason
0 | mosaic_generated_000_t_005 | 0,000000 | 0,000000 | 0,000000 | 0,000000 | 0,000000 | FIRST_RUN | FIRST_RUN | UNKNOWN | false | false | false | First run: no previous population exists.
1 | mosaic_generated_001_t_010 | 0,750000 | 1,000000 | 0,000000 | 1,000000 | 1,000000 | COLD_START | COLD_START | UNKNOWN | true | true | false | Global dynamicity is above thetaHigh.
2 | mosaic_generated_002_t_015 | 0,625000 | 1,000000 | 0,000000 | 0,833333 | 0,666667 | PARTIAL_RESTART | PARTIAL_RESTART | GOOD | true | true | false | Partial restart confirmed: no critical task-link spike and no performance condition requires correction.
3 | mosaic_generated_003_t_020 | 0,375000 | 1,000000 | 0,000000 | 0,250000 | 0,250000 | PARTIAL_RESTART | PARTIAL_RESTART | GOOD | true | true | false | Partial restart confirmed: no critical task-link spike and no performance condition requires correction.
4 | mosaic_generated_004_t_025 | 0,350000 | 1,000000 | 0,000000 | 0,200000 | 0,200000 | PARTIAL_RESTART | PARTIAL_RESTART | GOOD | true | true | false | Partial restart confirmed: no critical task-link spike and no performance condition requires correction.
5 | mosaic_generated_005_t_030 | 0,333333 | 1,000000 | 0,000000 | 0,166667 | 0,166667 | PARTIAL_RESTART | PARTIAL_RESTART | GOOD | true | true | false | Partial restart confirmed: no critical task-link spike and no performance condition requires correction.
6 | mosaic_generated_006_t_035 | 0,411614 | 1,000000 | 0,063123 | 0,333333 | 0,250000 | PARTIAL_RESTART | PARTIAL_RESTART | GOOD | true | true | false | Partial restart confirmed: no critical task-link spike and no performance condition requires correction.
7 | mosaic_generated_007_t_040 | 0,327764 | 1,000000 | 0,099946 | 0,100000 | 0,111111 | PARTIAL_RESTART | PARTIAL_RESTART | GOOD | true | true | false | Partial restart confirmed: no critical task-link spike and no performance condition requires correction.
8 | mosaic_generated_008_t_045 | 0,330615 | 1,000000 | 0,131550 | 0,090909 | 0,100000 | PARTIAL_RESTART | PARTIAL_RESTART | GOOD | true | true | false | Partial restart confirmed: no critical task-link spike and no performance condition requires correction.
9 | mosaic_generated_009_t_050 | 0,330376 | 1,000000 | 0,147262 | 0,083333 | 0,090909 | PARTIAL_RESTART | PARTIAL_RESTART | GOOD | true | true | false | Partial restart confirmed: no critical task-link spike and no performance condition requires correction.
10 | mosaic_generated_010_t_055 | 0,331014 | 1,000000 | 0,163798 | 0,076923 | 0,083333 | PARTIAL_RESTART | PARTIAL_RESTART | GOOD | true | true | false | Partial restart confirmed: no critical task-link spike and no performance condition requires correction.
11 | mosaic_generated_011_t_060 | 0,296111 | 1,000000 | 0,184442 | 0,000000 | 0,000000 | PARTIAL_RESTART | PARTIAL_RESTART | GOOD | true | true | false | Partial restart confirmed: no critical task-link spike and no performance condition requires correction.
12 | mosaic_generated_012_t_065 | 0,298828 | 1,000000 | 0,195312 | 0,000000 | 0,000000 | PARTIAL_RESTART | PARTIAL_RESTART | GOOD | true | true | false | Partial restart confirmed: no critical task-link spike and no performance condition requires correction.
13 | mosaic_generated_013_t_070 | 0,298523 | 1,000000 | 0,194090 | 0,000000 | 0,000000 | PARTIAL_RESTART | PARTIAL_RESTART | GOOD | true | true | false | Partial restart confirmed: no critical task-link spike and no performance condition requires correction.
14 | mosaic_generated_014_t_075 | 0,296847 | 1,000000 | 0,187389 | 0,000000 | 0,000000 | PARTIAL_RESTART | PARTIAL_RESTART | GOOD | true | true | false | Partial restart confirmed: no critical task-link spike and no performance condition requires correction.
15 | mosaic_generated_015_t_080 | 0,294555 | 1,000000 | 0,178218 | 0,000000 | 0,000000 | PARTIAL_RESTART | PARTIAL_RESTART | GOOD | true | true | false | Partial restart confirmed: no critical task-link spike and no performance condition requires correction.
16 | mosaic_generated_016_t_085 | 0,287524 | 1,000000 | 0,150094 | 0,000000 | 0,000000 | PARTIAL_RESTART | PARTIAL_RESTART | GOOD | true | true | false | Partial restart confirmed: no critical task-link spike and no performance condition requires correction.
17 | mosaic_generated_017_t_090 | 0,279093 | 1,000000 | 0,116373 | 0,000000 | 0,000000 | PARTIAL_RESTART | PARTIAL_RESTART | GOOD | true | true | false | Partial restart confirmed: no critical task-link spike and no performance condition requires correction.
18 | mosaic_generated_018_t_095 | 0,273387 | 1,000000 | 0,093549 | 0,000000 | 0,000000 | PARTIAL_RESTART | PARTIAL_RESTART | GOOD | true | true | false | Partial restart confirmed: no critical task-link spike and no performance condition requires correction.
19 | mosaic_generated_019_t_100 | 0,279022 | 1,000000 | 0,079053 | 0,037037 | 0,000000 | PARTIAL_RESTART | PARTIAL_RESTART | GOOD | true | true | false | Partial restart confirmed: no critical task-link spike and no performance condition requires correction.
20 | mosaic_generated_020_t_105 | 0,283165 | 1,000000 | 0,095625 | 0,037037 | 0,000000 | PARTIAL_RESTART | PARTIAL_RESTART | GOOD | true | true | false | Partial restart confirmed: no critical task-link spike and no performance condition requires correction.
21 | mosaic_generated_021_t_110 | 0,275178 | 1,000000 | 0,100713 | 0,000000 | 0,000000 | PARTIAL_RESTART | PARTIAL_RESTART | GOOD | true | true | false | Partial restart confirmed: no critical task-link spike and no performance condition requires correction.
22 | mosaic_generated_022_t_115 | 0,291974 | 1,000000 | 0,167896 | 0,000000 | 0,000000 | PARTIAL_RESTART | PARTIAL_RESTART | GOOD | true | true | false | Partial restart confirmed: no critical task-link spike and no performance condition requires correction.
23 | mosaic_generated_023_t_120 | 0,294502 | 1,000000 | 0,178010 | 0,000000 | 0,000000 | PARTIAL_RESTART | PARTIAL_RESTART | GOOD | true | true | false | Partial restart confirmed: no critical task-link spike and no performance condition requires correction.
24 | mosaic_generated_024_t_125 | 0,288845 | 1,000000 | 0,155379 | 0,000000 | 0,000000 | PARTIAL_RESTART | PARTIAL_RESTART | GOOD | true | true | false | Partial restart confirmed: no critical task-link spike and no performance condition requires correction.
25 | mosaic_generated_025_t_130 | 0,292274 | 1,000000 | 0,169097 | 0,000000 | 0,000000 | PARTIAL_RESTART | PARTIAL_RESTART | GOOD | true | true | false | Partial restart confirmed: no critical task-link spike and no performance condition requires correction.
26 | mosaic_generated_026_t_135 | 0,295866 | 1,000000 | 0,183463 | 0,000000 | 0,000000 | PARTIAL_RESTART | PARTIAL_RESTART | GOOD | true | true | false | Partial restart confirmed: no critical task-link spike and no performance condition requires correction.
27 | mosaic_generated_027_t_140 | 0,295055 | 1,000000 | 0,180220 | 0,000000 | 0,000000 | PARTIAL_RESTART | PARTIAL_RESTART | GOOD | true | true | false | Partial restart confirmed: no critical task-link spike and no performance condition requires correction.
28 | mosaic_generated_028_t_145 | 0,288916 | 1,000000 | 0,155663 | 0,000000 | 0,000000 | PARTIAL_RESTART | PARTIAL_RESTART | GOOD | true | true | false | Partial restart confirmed: no critical task-link spike and no performance condition requires correction.
29 | mosaic_generated_029_t_150 | 0,282440 | 1,000000 | 0,129760 | 0,000000 | 0,000000 | PARTIAL_RESTART | PARTIAL_RESTART | GOOD | true | true | false | Partial restart confirmed: no critical task-link spike and no performance condition requires correction.
30 | mosaic_generated_030_t_155 | 0,273021 | 1,000000 | 0,092084 | 0,000000 | 0,000000 | PARTIAL_RESTART | PARTIAL_RESTART | GOOD | true | true | false | Partial restart confirmed: no critical task-link spike and no performance condition requires correction.
31 | mosaic_generated_031_t_160 | 0,281160 | 1,000000 | 0,047718 | 0,076923 | 0,000000 | PARTIAL_RESTART | PARTIAL_RESTART | GOOD | true | true | false | Partial restart confirmed: no critical task-link spike and no performance condition requires correction.
32 | mosaic_generated_032_t_165 | 0,250000 | 1,000000 | 0,000000 | 0,000000 | 0,000000 | PARTIAL_RESTART | PARTIAL_RESTART | GOOD | true | true | false | Partial restart confirmed: no critical task-link spike and no performance condition requires correction.
33 | mosaic_generated_033_t_170 | 0,250000 | 1,000000 | 0,000000 | 0,000000 | 0,000000 | PARTIAL_RESTART | PARTIAL_RESTART | GOOD | true | true | false | Partial restart confirmed: no critical task-link spike and no performance condition requires correction.
34 | mosaic_generated_034_t_175 | 0,250000 | 1,000000 | 0,000000 | 0,000000 | 0,000000 | PARTIAL_RESTART | PARTIAL_RESTART | GOOD | true | true | false | Partial restart confirmed: no critical task-link spike and no performance condition requires correction.
35 | mosaic_generated_035_t_180 | 0,375000 | 1,000000 | 0,000000 | 0,500000 | 0,000000 | PARTIAL_RESTART | PARTIAL_RESTART | GOOD | true | true | false | Partial restart confirmed: no critical task-link spike and no performance condition requires correction.

------------------------------------------------------------
SYSTEM STATE SOURCE SUMMARY
------------------------------------------------------------
idx | snapshot | mode | seq | managerTime | sourceTime | shift | exactMatch | futureLookAhead | interpretation | source
0 | mosaic_generated_000_t_005 | JSON_SEQUENTIAL_REPLAY | 0 | 5,000000 s | 5,000000 s | 0,000000 s | true | false | aligned | sequential JSON replay from C:\Users\raffa\IdeaProjects\maga-core\data\snapshots\mosaic-generated
1 | mosaic_generated_001_t_010 | JSON_SEQUENTIAL_REPLAY | 1 | 10,000000 s | 10,000000 s | 0,000000 s | true | false | aligned | sequential JSON replay from C:\Users\raffa\IdeaProjects\maga-core\data\snapshots\mosaic-generated
2 | mosaic_generated_002_t_015 | JSON_SEQUENTIAL_REPLAY | 2 | 14,000000 s | 15,000000 s | 1,000000 s | false | true | expected ordinal shift | sequential JSON replay from C:\Users\raffa\IdeaProjects\maga-core\data\snapshots\mosaic-generated
3 | mosaic_generated_003_t_020 | JSON_SEQUENTIAL_REPLAY | 3 | 17,000000 s | 20,000000 s | 3,000000 s | false | true | expected ordinal shift | sequential JSON replay from C:\Users\raffa\IdeaProjects\maga-core\data\snapshots\mosaic-generated
4 | mosaic_generated_004_t_025 | JSON_SEQUENTIAL_REPLAY | 4 | 19,000000 s | 25,000000 s | 6,000000 s | false | true | expected ordinal shift | sequential JSON replay from C:\Users\raffa\IdeaProjects\maga-core\data\snapshots\mosaic-generated
5 | mosaic_generated_005_t_030 | JSON_SEQUENTIAL_REPLAY | 5 | 20,000000 s | 30,000000 s | 10,000000 s | false | true | expected ordinal shift | sequential JSON replay from C:\Users\raffa\IdeaProjects\maga-core\data\snapshots\mosaic-generated
6 | mosaic_generated_006_t_035 | JSON_SEQUENTIAL_REPLAY | 6 | 20,150001 s | 35,000000 s | 14,849999 s | false | true | expected ordinal shift | sequential JSON replay from C:\Users\raffa\IdeaProjects\maga-core\data\snapshots\mosaic-generated
7 | mosaic_generated_007_t_040 | JSON_SEQUENTIAL_REPLAY | 7 | 20,300002 s | 40,000000 s | 19,699998 s | false | true | expected ordinal shift | sequential JSON replay from C:\Users\raffa\IdeaProjects\maga-core\data\snapshots\mosaic-generated
8 | mosaic_generated_008_t_045 | JSON_SEQUENTIAL_REPLAY | 8 | 20,450003 s | 45,000000 s | 24,549997 s | false | true | expected ordinal shift | sequential JSON replay from C:\Users\raffa\IdeaProjects\maga-core\data\snapshots\mosaic-generated
9 | mosaic_generated_009_t_050 | JSON_SEQUENTIAL_REPLAY | 9 | 20,600004 s | 50,000000 s | 29,399996 s | false | true | expected ordinal shift | sequential JSON replay from C:\Users\raffa\IdeaProjects\maga-core\data\snapshots\mosaic-generated
10 | mosaic_generated_010_t_055 | JSON_SEQUENTIAL_REPLAY | 10 | 20,750005 s | 55,000000 s | 34,249995 s | false | true | expected ordinal shift | sequential JSON replay from C:\Users\raffa\IdeaProjects\maga-core\data\snapshots\mosaic-generated
11 | mosaic_generated_011_t_060 | JSON_SEQUENTIAL_REPLAY | 11 | 20,900006 s | 60,000000 s | 39,099994 s | false | true | expected ordinal shift | sequential JSON replay from C:\Users\raffa\IdeaProjects\maga-core\data\snapshots\mosaic-generated
12 | mosaic_generated_012_t_065 | JSON_SEQUENTIAL_REPLAY | 12 | 21,050007 s | 65,000000 s | 43,949993 s | false | true | expected ordinal shift | sequential JSON replay from C:\Users\raffa\IdeaProjects\maga-core\data\snapshots\mosaic-generated
13 | mosaic_generated_013_t_070 | JSON_SEQUENTIAL_REPLAY | 13 | 21,200008 s | 70,000000 s | 48,799992 s | false | true | expected ordinal shift | sequential JSON replay from C:\Users\raffa\IdeaProjects\maga-core\data\snapshots\mosaic-generated
14 | mosaic_generated_014_t_075 | JSON_SEQUENTIAL_REPLAY | 14 | 21,350009 s | 75,000000 s | 53,649991 s | false | true | expected ordinal shift | sequential JSON replay from C:\Users\raffa\IdeaProjects\maga-core\data\snapshots\mosaic-generated
15 | mosaic_generated_015_t_080 | JSON_SEQUENTIAL_REPLAY | 15 | 21,500010 s | 80,000000 s | 58,499990 s | false | true | expected ordinal shift | sequential JSON replay from C:\Users\raffa\IdeaProjects\maga-core\data\snapshots\mosaic-generated
16 | mosaic_generated_016_t_085 | JSON_SEQUENTIAL_REPLAY | 16 | 21,650011 s | 85,000000 s | 63,349989 s | false | true | expected ordinal shift | sequential JSON replay from C:\Users\raffa\IdeaProjects\maga-core\data\snapshots\mosaic-generated
17 | mosaic_generated_017_t_090 | JSON_SEQUENTIAL_REPLAY | 17 | 21,800012 s | 90,000000 s | 68,199988 s | false | true | expected ordinal shift | sequential JSON replay from C:\Users\raffa\IdeaProjects\maga-core\data\snapshots\mosaic-generated
18 | mosaic_generated_018_t_095 | JSON_SEQUENTIAL_REPLAY | 18 | 21,950013 s | 95,000000 s | 73,049987 s | false | true | expected ordinal shift | sequential JSON replay from C:\Users\raffa\IdeaProjects\maga-core\data\snapshots\mosaic-generated
19 | mosaic_generated_019_t_100 | JSON_SEQUENTIAL_REPLAY | 19 | 22,100014 s | 100,000000 s | 77,899986 s | false | true | expected ordinal shift | sequential JSON replay from C:\Users\raffa\IdeaProjects\maga-core\data\snapshots\mosaic-generated
20 | mosaic_generated_020_t_105 | JSON_SEQUENTIAL_REPLAY | 20 | 22,250015 s | 105,000000 s | 82,749985 s | false | true | expected ordinal shift | sequential JSON replay from C:\Users\raffa\IdeaProjects\maga-core\data\snapshots\mosaic-generated
21 | mosaic_generated_021_t_110 | JSON_SEQUENTIAL_REPLAY | 21 | 22,400016 s | 110,000000 s | 87,599984 s | false | true | expected ordinal shift | sequential JSON replay from C:\Users\raffa\IdeaProjects\maga-core\data\snapshots\mosaic-generated
22 | mosaic_generated_022_t_115 | JSON_SEQUENTIAL_REPLAY | 22 | 22,550017 s | 115,000000 s | 92,449983 s | false | true | expected ordinal shift | sequential JSON replay from C:\Users\raffa\IdeaProjects\maga-core\data\snapshots\mosaic-generated
23 | mosaic_generated_023_t_120 | JSON_SEQUENTIAL_REPLAY | 23 | 22,700018 s | 120,000000 s | 97,299982 s | false | true | expected ordinal shift | sequential JSON replay from C:\Users\raffa\IdeaProjects\maga-core\data\snapshots\mosaic-generated
24 | mosaic_generated_024_t_125 | JSON_SEQUENTIAL_REPLAY | 24 | 22,850019 s | 125,000000 s | 102,149981 s | false | true | expected ordinal shift | sequential JSON replay from C:\Users\raffa\IdeaProjects\maga-core\data\snapshots\mosaic-generated
25 | mosaic_generated_025_t_130 | JSON_SEQUENTIAL_REPLAY | 25 | 23,000020 s | 130,000000 s | 106,999980 s | false | true | expected ordinal shift | sequential JSON replay from C:\Users\raffa\IdeaProjects\maga-core\data\snapshots\mosaic-generated
26 | mosaic_generated_026_t_135 | JSON_SEQUENTIAL_REPLAY | 26 | 23,150021 s | 135,000000 s | 111,849979 s | false | true | expected ordinal shift | sequential JSON replay from C:\Users\raffa\IdeaProjects\maga-core\data\snapshots\mosaic-generated
27 | mosaic_generated_027_t_140 | JSON_SEQUENTIAL_REPLAY | 27 | 23,300022 s | 140,000000 s | 116,699978 s | false | true | expected ordinal shift | sequential JSON replay from C:\Users\raffa\IdeaProjects\maga-core\data\snapshots\mosaic-generated
28 | mosaic_generated_028_t_145 | JSON_SEQUENTIAL_REPLAY | 28 | 23,450023 s | 145,000000 s | 121,549977 s | false | true | expected ordinal shift | sequential JSON replay from C:\Users\raffa\IdeaProjects\maga-core\data\snapshots\mosaic-generated
29 | mosaic_generated_029_t_150 | JSON_SEQUENTIAL_REPLAY | 29 | 23,600024 s | 150,000000 s | 126,399976 s | false | true | expected ordinal shift | sequential JSON replay from C:\Users\raffa\IdeaProjects\maga-core\data\snapshots\mosaic-generated
30 | mosaic_generated_030_t_155 | JSON_SEQUENTIAL_REPLAY | 30 | 23,750025 s | 155,000000 s | 131,249975 s | false | true | expected ordinal shift | sequential JSON replay from C:\Users\raffa\IdeaProjects\maga-core\data\snapshots\mosaic-generated
31 | mosaic_generated_031_t_160 | JSON_SEQUENTIAL_REPLAY | 31 | 23,900026 s | 160,000000 s | 136,099974 s | false | true | expected ordinal shift | sequential JSON replay from C:\Users\raffa\IdeaProjects\maga-core\data\snapshots\mosaic-generated
32 | mosaic_generated_032_t_165 | JSON_SEQUENTIAL_REPLAY | 32 | 24,050027 s | 165,000000 s | 140,949973 s | false | true | expected ordinal shift | sequential JSON replay from C:\Users\raffa\IdeaProjects\maga-core\data\snapshots\mosaic-generated
33 | mosaic_generated_033_t_170 | JSON_SEQUENTIAL_REPLAY | 33 | 24,200028 s | 170,000000 s | 145,799972 s | false | true | expected ordinal shift | sequential JSON replay from C:\Users\raffa\IdeaProjects\maga-core\data\snapshots\mosaic-generated
34 | mosaic_generated_034_t_175 | JSON_SEQUENTIAL_REPLAY | 34 | 24,350029 s | 175,000000 s | 150,649971 s | false | true | expected ordinal shift | sequential JSON replay from C:\Users\raffa\IdeaProjects\maga-core\data\snapshots\mosaic-generated
35 | mosaic_generated_035_t_180 | JSON_SEQUENTIAL_REPLAY | 35 | 24,500030 s | 180,000000 s | 155,499970 s | false | true | expected ordinal shift | sequential JSON replay from C:\Users\raffa\IdeaProjects\maga-core\data\snapshots\mosaic-generated

Interpretation notes:
- In JSON_SEQUENCE mode, a positive shift is expected when the adaptive window duration changes because files are consumed ordinally.
- In JSON_TIME mode, a futureLookAhead=true row is anomalous: it means that a snapshot newer than the manager time was exposed.

------------------------------------------------------------
CANDIDATE PREFILTER SUMMARY
------------------------------------------------------------
idx | snapshot | original | filtered | removed | reasons
0 | mosaic_generated_000_t_005 | 0 | 0 | 0 | 
1 | mosaic_generated_001_t_010 | 1 | 1 | 0 | KEPT=1
2 | mosaic_generated_002_t_015 | 9 | 9 | 0 | KEPT=9
3 | mosaic_generated_003_t_020 | 16 | 14 | 2 | KEPT=14, INSUFFICIENT_COVERAGE=2
4 | mosaic_generated_004_t_025 | 25 | 19 | 6 | KEPT=19, INSUFFICIENT_COVERAGE=6
5 | mosaic_generated_005_t_030 | 34 | 24 | 10 | KEPT=24, INSUFFICIENT_COVERAGE=10
6 | mosaic_generated_006_t_035 | 60 | 38 | 22 | KEPT=38, INSUFFICIENT_COVERAGE=22
7 | mosaic_generated_007_t_040 | 73 | 45 | 28 | KEPT=45, INSUFFICIENT_COVERAGE=28
8 | mosaic_generated_008_t_045 | 86 | 52 | 34 | KEPT=52, INSUFFICIENT_COVERAGE=34
9 | mosaic_generated_009_t_050 | 99 | 59 | 40 | KEPT=59, INSUFFICIENT_COVERAGE=40
10 | mosaic_generated_010_t_055 | 112 | 68 | 44 | KEPT=68, INSUFFICIENT_COVERAGE=44
11 | mosaic_generated_011_t_060 | 116 | 68 | 48 | KEPT=68, INSUFFICIENT_COVERAGE=48
12 | mosaic_generated_012_t_065 | 116 | 68 | 48 | KEPT=68, INSUFFICIENT_COVERAGE=48
13 | mosaic_generated_013_t_070 | 114 | 68 | 46 | KEPT=68, INSUFFICIENT_COVERAGE=46
14 | mosaic_generated_014_t_075 | 116 | 70 | 46 | KEPT=70, INSUFFICIENT_COVERAGE=46
15 | mosaic_generated_015_t_080 | 112 | 66 | 46 | KEPT=66, INSUFFICIENT_COVERAGE=46
16 | mosaic_generated_016_t_085 | 110 | 64 | 46 | KEPT=64, INSUFFICIENT_COVERAGE=46
17 | mosaic_generated_017_t_090 | 108 | 62 | 46 | KEPT=62, INSUFFICIENT_COVERAGE=46
18 | mosaic_generated_018_t_095 | 106 | 60 | 46 | KEPT=60, INSUFFICIENT_COVERAGE=46
19 | mosaic_generated_019_t_100 | 104 | 58 | 46 | KEPT=58, INSUFFICIENT_COVERAGE=46
20 | mosaic_generated_020_t_105 | 104 | 58 | 46 | KEPT=58, INSUFFICIENT_COVERAGE=46
21 | mosaic_generated_021_t_110 | 108 | 62 | 46 | KEPT=62, INSUFFICIENT_COVERAGE=46
22 | mosaic_generated_022_t_115 | 112 | 64 | 48 | KEPT=64, INSUFFICIENT_COVERAGE=48
23 | mosaic_generated_023_t_120 | 110 | 62 | 48 | KEPT=62, INSUFFICIENT_COVERAGE=48
24 | mosaic_generated_024_t_125 | 110 | 62 | 48 | KEPT=62, INSUFFICIENT_COVERAGE=48
25 | mosaic_generated_025_t_130 | 112 | 64 | 48 | KEPT=64, INSUFFICIENT_COVERAGE=48
26 | mosaic_generated_026_t_135 | 112 | 64 | 48 | KEPT=64, INSUFFICIENT_COVERAGE=48
27 | mosaic_generated_027_t_140 | 110 | 62 | 48 | KEPT=62, INSUFFICIENT_COVERAGE=48
28 | mosaic_generated_028_t_145 | 110 | 62 | 48 | KEPT=62, INSUFFICIENT_COVERAGE=48
29 | mosaic_generated_029_t_150 | 108 | 60 | 48 | KEPT=60, INSUFFICIENT_COVERAGE=48
30 | mosaic_generated_030_t_155 | 110 | 58 | 52 | KEPT=58, INSUFFICIENT_COVERAGE=52
31 | mosaic_generated_031_t_160 | 108 | 54 | 54 | KEPT=54, INSUFFICIENT_COVERAGE=54
32 | mosaic_generated_032_t_165 | 110 | 54 | 56 | KEPT=54, INSUFFICIENT_COVERAGE=56
33 | mosaic_generated_033_t_170 | 116 | 54 | 62 | KEPT=54, INSUFFICIENT_COVERAGE=62
34 | mosaic_generated_034_t_175 | 118 | 54 | 64 | KEPT=54, INSUFFICIENT_COVERAGE=64
35 | mosaic_generated_035_t_180 | 12 | 12 | 0 | KEPT=12

JSON_SEQUENCE_REPLAY_OUTPUT_END

JSON_TIME_SMOKE_OUTPUT_BEGIN
============================================================
MA-GA ADAPTIVE WINDOW EXECUTION
============================================================
Requested source mode: JSON_TIME
Runtime profile: OBSERVED_RUNTIME
Snapshot folder: C:\Users\raffa\IdeaProjects\maga-core\data\snapshots\mosaic-generated

Bandwidth interpretation:
- 18.2: a GLOBAL pool reproduces Bmax from the formalization.
- 18.3: EDGE/CLOUD resolve the pool through the active gateway; V2V can bind a DIRECT_V2V pool.
- Hierarchical bandwidth repair checks candidateId first and poolId second.

============================================================
MA-GA TEMPORAL DIAGNOSTIC REPORT
============================================================

------------------------------------------------------------
1. EXECUTIVE SUMMARY
------------------------------------------------------------
Executed windows: 36
Critical-event windows: 0
Population-reuse windows: 34
Best final fitness: 0,000000

Main diagnostic counters:
- task evaluations: 377
- deadline violations: 0 (0,000000%)
- coverage insufficient: 0
- CPU violations: 0
- bandwidth violations: 0
- CPU saturated >= 95,000000%: 0
- bandwidth saturated >= 95,000000%: 0

Dominant deadline causes:

------------------------------------------------------------
2. TEMPORAL / DYNAMICITY SUMMARY
------------------------------------------------------------
idx | trigger | obsTime | snapshot | D | Dv | Dt | Dr | Dl | level | suggested | applied | initPop | finalPop
0 | FIRST_RUN | 5,000000 s | mosaic_generated_000_t_005 | 0,000000 | 0,000000 | 0,000000 | 0,000000 | 0,000000 | UNKNOWN | FIRST_RUN | FIRST_RUN | 40 | 1
1 | SCHEDULED | 10,000000 s | mosaic_generated_001_t_010 | 0,750000 | 1,000000 | 1,000000 | 1,000000 | 0,000000 | HIGH | COLD_START | COLD_START | 40 | 47
2 | SCHEDULED | 14,000000 s | mosaic_generated_001_t_010 | 0,000000 | 0,000000 | 0,000000 | 0,000000 | 0,000000 | STABLE | WARM_START | WARM_START | 40 | 47
3 | SCHEDULED | 18,000000 s | mosaic_generated_002_t_015 | 0,625000 | 0,666667 | 1,000000 | 0,833333 | 0,000000 | MODERATE | PARTIAL_RESTART | PARTIAL_RESTART | 40 | 51
4 | SCHEDULED | 21,000000 s | mosaic_generated_003_t_020 | 0,375000 | 0,250000 | 1,000000 | 0,250000 | 0,000000 | MODERATE | PARTIAL_RESTART | PARTIAL_RESTART | 40 | 57
5 | SCHEDULED | 23,000000 s | mosaic_generated_003_t_020 | 0,000000 | 0,000000 | 0,000000 | 0,000000 | 0,000000 | STABLE | WARM_START | WARM_START | 40 | 57
6 | SCHEDULED | 25,000000 s | mosaic_generated_004_t_025 | 0,350000 | 0,200000 | 1,000000 | 0,200000 | 0,000000 | MODERATE | PARTIAL_RESTART | PARTIAL_RESTART | 40 | 61
7 | SCHEDULED | 26,000000 s | mosaic_generated_004_t_025 | 0,000000 | 0,000000 | 0,000000 | 0,000000 | 0,000000 | STABLE | WARM_START | WARM_START | 40 | 61
8 | SCHEDULED | 27,000000 s | mosaic_generated_004_t_025 | 0,000000 | 0,000000 | 0,000000 | 0,000000 | 0,000000 | STABLE | WARM_START | WARM_START | 40 | 61
9 | SCHEDULED | 28,000000 s | mosaic_generated_004_t_025 | 0,000000 | 0,000000 | 0,000000 | 0,000000 | 0,000000 | STABLE | WARM_START | WARM_START | 40 | 61
10 | SCHEDULED | 29,000000 s | mosaic_generated_004_t_025 | 0,000000 | 0,000000 | 0,000000 | 0,000000 | 0,000000 | STABLE | WARM_START | WARM_START | 40 | 61
11 | SCHEDULED | 30,000000 s | mosaic_generated_005_t_030 | 0,333333 | 0,166667 | 1,000000 | 0,166667 | 0,000000 | MODERATE | PARTIAL_RESTART | PARTIAL_RESTART | 40 | 66
12 | SCHEDULED | 30,064050 s | mosaic_generated_005_t_030 | 0,000000 | 0,000000 | 0,000000 | 0,000000 | 0,000000 | STABLE | WARM_START | WARM_START | 40 | 66
13 | SCHEDULED | 30,128474 s | mosaic_generated_005_t_030 | 0,000000 | 0,000000 | 0,000000 | 0,000000 | 0,000000 | STABLE | WARM_START | WARM_START | 40 | 66
14 | SCHEDULED | 30,194782 s | mosaic_generated_005_t_030 | 0,000000 | 0,000000 | 0,000000 | 0,000000 | 0,000000 | STABLE | WARM_START | WARM_START | 40 | 66
15 | SCHEDULED | 30,261090 s | mosaic_generated_005_t_030 | 0,000000 | 0,000000 | 0,000000 | 0,000000 | 0,000000 | STABLE | WARM_START | WARM_START | 40 | 66
16 | SCHEDULED | 30,327397 s | mosaic_generated_005_t_030 | 0,000000 | 0,000000 | 0,000000 | 0,000000 | 0,000000 | STABLE | WARM_START | WARM_START | 40 | 66
17 | SCHEDULED | 30,393705 s | mosaic_generated_005_t_030 | 0,000000 | 0,000000 | 0,000000 | 0,000000 | 0,000000 | STABLE | WARM_START | WARM_START | 40 | 66
18 | SCHEDULED | 30,460013 s | mosaic_generated_005_t_030 | 0,000000 | 0,000000 | 0,000000 | 0,000000 | 0,000000 | STABLE | WARM_START | WARM_START | 40 | 66
19 | SCHEDULED | 30,527660 s | mosaic_generated_005_t_030 | 0,000000 | 0,000000 | 0,000000 | 0,000000 | 0,000000 | STABLE | WARM_START | WARM_START | 40 | 66
20 | SCHEDULED | 30,597994 s | mosaic_generated_005_t_030 | 0,000000 | 0,000000 | 0,000000 | 0,000000 | 0,000000 | STABLE | WARM_START | WARM_START | 40 | 66
21 | SCHEDULED | 30,668328 s | mosaic_generated_005_t_030 | 0,000000 | 0,000000 | 0,000000 | 0,000000 | 0,000000 | STABLE | WARM_START | WARM_START | 40 | 66
22 | SCHEDULED | 30,738662 s | mosaic_generated_005_t_030 | 0,000000 | 0,000000 | 0,000000 | 0,000000 | 0,000000 | STABLE | WARM_START | WARM_START | 40 | 66
23 | SCHEDULED | 30,808995 s | mosaic_generated_005_t_030 | 0,000000 | 0,000000 | 0,000000 | 0,000000 | 0,000000 | STABLE | WARM_START | WARM_START | 40 | 66
24 | SCHEDULED | 30,879329 s | mosaic_generated_005_t_030 | 0,000000 | 0,000000 | 0,000000 | 0,000000 | 0,000000 | STABLE | WARM_START | WARM_START | 40 | 66
25 | SCHEDULED | 30,949663 s | mosaic_generated_005_t_030 | 0,000000 | 0,000000 | 0,000000 | 0,000000 | 0,000000 | STABLE | WARM_START | WARM_START | 40 | 66
26 | SCHEDULED | 31,019996 s | mosaic_generated_005_t_030 | 0,000000 | 0,000000 | 0,000000 | 0,000000 | 0,000000 | STABLE | WARM_START | WARM_START | 40 | 66
27 | SCHEDULED | 31,090330 s | mosaic_generated_005_t_030 | 0,000000 | 0,000000 | 0,000000 | 0,000000 | 0,000000 | STABLE | WARM_START | WARM_START | 40 | 66
28 | SCHEDULED | 31,160664 s | mosaic_generated_005_t_030 | 0,000000 | 0,000000 | 0,000000 | 0,000000 | 0,000000 | STABLE | WARM_START | WARM_START | 40 | 66
29 | SCHEDULED | 31,230997 s | mosaic_generated_005_t_030 | 0,000000 | 0,000000 | 0,000000 | 0,000000 | 0,000000 | STABLE | WARM_START | WARM_START | 40 | 66
30 | SCHEDULED | 31,301331 s | mosaic_generated_005_t_030 | 0,000000 | 0,000000 | 0,000000 | 0,000000 | 0,000000 | STABLE | WARM_START | WARM_START | 40 | 66
31 | SCHEDULED | 31,371665 s | mosaic_generated_005_t_030 | 0,000000 | 0,000000 | 0,000000 | 0,000000 | 0,000000 | STABLE | WARM_START | WARM_START | 40 | 66
32 | SCHEDULED | 31,441998 s | mosaic_generated_005_t_030 | 0,000000 | 0,000000 | 0,000000 | 0,000000 | 0,000000 | STABLE | WARM_START | WARM_START | 40 | 66
33 | SCHEDULED | 31,512332 s | mosaic_generated_005_t_030 | 0,000000 | 0,000000 | 0,000000 | 0,000000 | 0,000000 | STABLE | WARM_START | WARM_START | 40 | 66
34 | SCHEDULED | 31,582666 s | mosaic_generated_005_t_030 | 0,000000 | 0,000000 | 0,000000 | 0,000000 | 0,000000 | STABLE | WARM_START | WARM_START | 40 | 66
35 | SCHEDULED | 31,653000 s | mosaic_generated_005_t_030 | 0,000000 | 0,000000 | 0,000000 | 0,000000 | 0,000000 | STABLE | WARM_START | WARM_START | 40 | 66

------------------------------------------------------------
3. GA CONVERGENCE SUMMARY
------------------------------------------------------------
idx | pop | maxGen | genRun | stop | initBest | finalBest | gain% | last10 | last50
0 | 40 | 100 | 0 | EMPTY_TASK_SET | 0,000000 | 0,000000 | 0,000000% | 0,000000 | 0,000000
1 | 47 | 110 | 17 | STAGNATION_REACHED | 0,262500 | 0,262500 | 0,000000% | 0,000000 | 0,000000
2 | 47 | 110 | 17 | STAGNATION_REACHED | 0,262500 | 0,262500 | 0,000000% | 0,000000 | 0,000000
3 | 51 | 116 | 17 | STAGNATION_REACHED | 0,262500 | 0,262500 | 0,000000% | 0,000000 | 0,000000
4 | 57 | 126 | 19 | STAGNATION_REACHED | 0,262500 | 0,262500 | 0,000000% | 0,000000 | 0,000000
5 | 57 | 126 | 19 | STAGNATION_REACHED | 0,262500 | 0,262500 | 0,000000% | 0,000000 | 0,000000
6 | 62 | 133 | 20 | STAGNATION_REACHED | 0,262500 | 0,262500 | 0,000000% | 0,000000 | 0,000000
7 | 62 | 133 | 20 | STAGNATION_REACHED | 0,262500 | 0,262500 | 0,000000% | 0,000000 | 0,000000
8 | 62 | 133 | 20 | STAGNATION_REACHED | 0,262500 | 0,262500 | 0,000000% | 0,000000 | 0,000000
9 | 62 | 133 | 20 | STAGNATION_REACHED | 0,262500 | 0,262500 | 0,000000% | 0,000000 | 0,000000
10 | 62 | 133 | 20 | STAGNATION_REACHED | 0,262500 | 0,262500 | 0,000000% | 0,000000 | 0,000000
11 | 66 | 140 | 21 | STAGNATION_REACHED | 0,262500 | 0,262500 | 0,000000% | 0,000000 | 0,000000
12 | 66 | 140 | 21 | STAGNATION_REACHED | 0,262500 | 0,262500 | 0,000000% | 0,000000 | 0,000000
13 | 66 | 140 | 21 | STAGNATION_REACHED | 0,262500 | 0,262500 | 0,000000% | 0,000000 | 0,000000
14 | 66 | 140 | 21 | STAGNATION_REACHED | 0,262500 | 0,262500 | 0,000000% | 0,000000 | 0,000000
15 | 66 | 140 | 21 | STAGNATION_REACHED | 0,262500 | 0,262500 | 0,000000% | 0,000000 | 0,000000
16 | 66 | 140 | 21 | STAGNATION_REACHED | 0,262500 | 0,262500 | 0,000000% | 0,000000 | 0,000000
17 | 66 | 140 | 21 | STAGNATION_REACHED | 0,262500 | 0,262500 | 0,000000% | 0,000000 | 0,000000
18 | 66 | 140 | 21 | STAGNATION_REACHED | 0,262500 | 0,262500 | 0,000000% | 0,000000 | 0,000000
19 | 66 | 140 | 21 | STAGNATION_REACHED | 0,262500 | 0,262500 | 0,000000% | 0,000000 | 0,000000
20 | 66 | 140 | 21 | STAGNATION_REACHED | 0,262500 | 0,262500 | 0,000000% | 0,000000 | 0,000000
21 | 66 | 140 | 21 | STAGNATION_REACHED | 0,262500 | 0,262500 | 0,000000% | 0,000000 | 0,000000
22 | 66 | 140 | 21 | STAGNATION_REACHED | 0,262500 | 0,262500 | 0,000000% | 0,000000 | 0,000000
23 | 66 | 140 | 21 | STAGNATION_REACHED | 0,262500 | 0,262500 | 0,000000% | 0,000000 | 0,000000
24 | 66 | 140 | 21 | STAGNATION_REACHED | 0,262500 | 0,262500 | 0,000000% | 0,000000 | 0,000000
25 | 66 | 140 | 21 | STAGNATION_REACHED | 0,262500 | 0,262500 | 0,000000% | 0,000000 | 0,000000
26 | 66 | 140 | 21 | STAGNATION_REACHED | 0,262500 | 0,262500 | 0,000000% | 0,000000 | 0,000000
27 | 66 | 140 | 21 | STAGNATION_REACHED | 0,262500 | 0,262500 | 0,000000% | 0,000000 | 0,000000
28 | 66 | 140 | 21 | STAGNATION_REACHED | 0,262500 | 0,262500 | 0,000000% | 0,000000 | 0,000000
29 | 66 | 140 | 21 | STAGNATION_REACHED | 0,262500 | 0,262500 | 0,000000% | 0,000000 | 0,000000
30 | 66 | 140 | 21 | STAGNATION_REACHED | 0,262500 | 0,262500 | 0,000000% | 0,000000 | 0,000000
31 | 66 | 140 | 21 | STAGNATION_REACHED | 0,262500 | 0,262500 | 0,000000% | 0,000000 | 0,000000
32 | 66 | 140 | 21 | STAGNATION_REACHED | 0,262500 | 0,262500 | 0,000000% | 0,000000 | 0,000000
33 | 66 | 140 | 21 | STAGNATION_REACHED | 0,262500 | 0,262500 | 0,000000% | 0,000000 | 0,000000
34 | 66 | 140 | 21 | STAGNATION_REACHED | 0,262500 | 0,262500 | 0,000000% | 0,000000 | 0,000000
35 | 66 | 140 | 21 | STAGNATION_REACHED | 0,262500 | 0,262500 | 0,000000% | 0,000000 | 0,000000

------------------------------------------------------------
4. DECISION / OFFLOADING SUMMARY
------------------------------------------------------------
idx | LOCAL | EDGE | CLOUD | VEHICLE | localExec | partial | full | avgP | p=0 | low | midLow | midHigh | high | p=1
0 | 0 | 0 | 0 | 0 | 0 | 0 | 0 | 0,000000 | 0 | 0 | 0 | 0 | 0 | 0
1 | 3 | 0 | 0 | 0 | 3 | 0 | 0 | 0,000000 | 3 | 0 | 0 | 0 | 0 | 0
2 | 3 | 0 | 0 | 0 | 3 | 0 | 0 | 0,000000 | 3 | 0 | 0 | 0 | 0 | 0
3 | 5 | 0 | 0 | 0 | 5 | 0 | 0 | 0,000000 | 5 | 0 | 0 | 0 | 0 | 0
4 | 8 | 0 | 0 | 0 | 8 | 0 | 0 | 0,000000 | 8 | 0 | 0 | 0 | 0 | 0
5 | 8 | 0 | 0 | 0 | 8 | 0 | 0 | 0,000000 | 8 | 0 | 0 | 0 | 0 | 0
6 | 10 | 0 | 0 | 0 | 10 | 0 | 0 | 0,000000 | 10 | 0 | 0 | 0 | 0 | 0
7 | 10 | 0 | 0 | 0 | 10 | 0 | 0 | 0,000000 | 10 | 0 | 0 | 0 | 0 | 0
8 | 10 | 0 | 0 | 0 | 10 | 0 | 0 | 0,000000 | 10 | 0 | 0 | 0 | 0 | 0
9 | 10 | 0 | 0 | 0 | 10 | 0 | 0 | 0,000000 | 10 | 0 | 0 | 0 | 0 | 0
10 | 10 | 0 | 0 | 0 | 10 | 0 | 0 | 0,000000 | 10 | 0 | 0 | 0 | 0 | 0
11 | 12 | 0 | 0 | 0 | 12 | 0 | 0 | 0,000000 | 12 | 0 | 0 | 0 | 0 | 0
12 | 12 | 0 | 0 | 0 | 12 | 0 | 0 | 0,000000 | 12 | 0 | 0 | 0 | 0 | 0
13 | 12 | 0 | 0 | 0 | 12 | 0 | 0 | 0,000000 | 12 | 0 | 0 | 0 | 0 | 0
14 | 12 | 0 | 0 | 0 | 12 | 0 | 0 | 0,000000 | 12 | 0 | 0 | 0 | 0 | 0
15 | 12 | 0 | 0 | 0 | 12 | 0 | 0 | 0,000000 | 12 | 0 | 0 | 0 | 0 | 0
16 | 12 | 0 | 0 | 0 | 12 | 0 | 0 | 0,000000 | 12 | 0 | 0 | 0 | 0 | 0
17 | 12 | 0 | 0 | 0 | 12 | 0 | 0 | 0,000000 | 12 | 0 | 0 | 0 | 0 | 0
18 | 12 | 0 | 0 | 0 | 12 | 0 | 0 | 0,000000 | 12 | 0 | 0 | 0 | 0 | 0
19 | 12 | 0 | 0 | 0 | 12 | 0 | 0 | 0,000000 | 12 | 0 | 0 | 0 | 0 | 0
20 | 12 | 0 | 0 | 0 | 12 | 0 | 0 | 0,000000 | 12 | 0 | 0 | 0 | 0 | 0
21 | 12 | 0 | 0 | 0 | 12 | 0 | 0 | 0,000000 | 12 | 0 | 0 | 0 | 0 | 0
22 | 12 | 0 | 0 | 0 | 12 | 0 | 0 | 0,000000 | 12 | 0 | 0 | 0 | 0 | 0
23 | 12 | 0 | 0 | 0 | 12 | 0 | 0 | 0,000000 | 12 | 0 | 0 | 0 | 0 | 0
24 | 12 | 0 | 0 | 0 | 12 | 0 | 0 | 0,000000 | 12 | 0 | 0 | 0 | 0 | 0
25 | 12 | 0 | 0 | 0 | 12 | 0 | 0 | 0,000000 | 12 | 0 | 0 | 0 | 0 | 0
26 | 12 | 0 | 0 | 0 | 12 | 0 | 0 | 0,000000 | 12 | 0 | 0 | 0 | 0 | 0
27 | 12 | 0 | 0 | 0 | 12 | 0 | 0 | 0,000000 | 12 | 0 | 0 | 0 | 0 | 0
28 | 12 | 0 | 0 | 0 | 12 | 0 | 0 | 0,000000 | 12 | 0 | 0 | 0 | 0 | 0
29 | 12 | 0 | 0 | 0 | 12 | 0 | 0 | 0,000000 | 12 | 0 | 0 | 0 | 0 | 0
30 | 12 | 0 | 0 | 0 | 12 | 0 | 0 | 0,000000 | 12 | 0 | 0 | 0 | 0 | 0
31 | 12 | 0 | 0 | 0 | 12 | 0 | 0 | 0,000000 | 12 | 0 | 0 | 0 | 0 | 0
32 | 12 | 0 | 0 | 0 | 12 | 0 | 0 | 0,000000 | 12 | 0 | 0 | 0 | 0 | 0
33 | 12 | 0 | 0 | 0 | 12 | 0 | 0 | 0,000000 | 12 | 0 | 0 | 0 | 0 | 0
34 | 12 | 0 | 0 | 0 | 12 | 0 | 0 | 0,000000 | 12 | 0 | 0 | 0 | 0 | 0
35 | 12 | 0 | 0 | 0 | 12 | 0 | 0 | 0,000000 | 12 | 0 | 0 | 0 | 0 | 0

------------------------------------------------------------
5. DEADLINE CAUSE SUMMARY
------------------------------------------------------------
idx | violated | rate | local | upload | remoteExec | download | baseLat | mixedLocalRemote | mixedRemote | coverage | unknown
0 | 0 | 0,000000% | 0 | 0 | 0 | 0 | 0 | 0 | 0 | 0 | 0
1 | 0 | 0,000000% | 0 | 0 | 0 | 0 | 0 | 0 | 0 | 0 | 0
2 | 0 | 0,000000% | 0 | 0 | 0 | 0 | 0 | 0 | 0 | 0 | 0
3 | 0 | 0,000000% | 0 | 0 | 0 | 0 | 0 | 0 | 0 | 0 | 0
4 | 0 | 0,000000% | 0 | 0 | 0 | 0 | 0 | 0 | 0 | 0 | 0
5 | 0 | 0,000000% | 0 | 0 | 0 | 0 | 0 | 0 | 0 | 0 | 0
6 | 0 | 0,000000% | 0 | 0 | 0 | 0 | 0 | 0 | 0 | 0 | 0
7 | 0 | 0,000000% | 0 | 0 | 0 | 0 | 0 | 0 | 0 | 0 | 0
8 | 0 | 0,000000% | 0 | 0 | 0 | 0 | 0 | 0 | 0 | 0 | 0
9 | 0 | 0,000000% | 0 | 0 | 0 | 0 | 0 | 0 | 0 | 0 | 0
10 | 0 | 0,000000% | 0 | 0 | 0 | 0 | 0 | 0 | 0 | 0 | 0
11 | 0 | 0,000000% | 0 | 0 | 0 | 0 | 0 | 0 | 0 | 0 | 0
12 | 0 | 0,000000% | 0 | 0 | 0 | 0 | 0 | 0 | 0 | 0 | 0
13 | 0 | 0,000000% | 0 | 0 | 0 | 0 | 0 | 0 | 0 | 0 | 0
14 | 0 | 0,000000% | 0 | 0 | 0 | 0 | 0 | 0 | 0 | 0 | 0
15 | 0 | 0,000000% | 0 | 0 | 0 | 0 | 0 | 0 | 0 | 0 | 0
16 | 0 | 0,000000% | 0 | 0 | 0 | 0 | 0 | 0 | 0 | 0 | 0
17 | 0 | 0,000000% | 0 | 0 | 0 | 0 | 0 | 0 | 0 | 0 | 0
18 | 0 | 0,000000% | 0 | 0 | 0 | 0 | 0 | 0 | 0 | 0 | 0
19 | 0 | 0,000000% | 0 | 0 | 0 | 0 | 0 | 0 | 0 | 0 | 0
20 | 0 | 0,000000% | 0 | 0 | 0 | 0 | 0 | 0 | 0 | 0 | 0
21 | 0 | 0,000000% | 0 | 0 | 0 | 0 | 0 | 0 | 0 | 0 | 0
22 | 0 | 0,000000% | 0 | 0 | 0 | 0 | 0 | 0 | 0 | 0 | 0
23 | 0 | 0,000000% | 0 | 0 | 0 | 0 | 0 | 0 | 0 | 0 | 0
24 | 0 | 0,000000% | 0 | 0 | 0 | 0 | 0 | 0 | 0 | 0 | 0
25 | 0 | 0,000000% | 0 | 0 | 0 | 0 | 0 | 0 | 0 | 0 | 0
26 | 0 | 0,000000% | 0 | 0 | 0 | 0 | 0 | 0 | 0 | 0 | 0
27 | 0 | 0,000000% | 0 | 0 | 0 | 0 | 0 | 0 | 0 | 0 | 0
28 | 0 | 0,000000% | 0 | 0 | 0 | 0 | 0 | 0 | 0 | 0 | 0
29 | 0 | 0,000000% | 0 | 0 | 0 | 0 | 0 | 0 | 0 | 0 | 0
30 | 0 | 0,000000% | 0 | 0 | 0 | 0 | 0 | 0 | 0 | 0 | 0
31 | 0 | 0,000000% | 0 | 0 | 0 | 0 | 0 | 0 | 0 | 0 | 0
32 | 0 | 0,000000% | 0 | 0 | 0 | 0 | 0 | 0 | 0 | 0 | 0
33 | 0 | 0,000000% | 0 | 0 | 0 | 0 | 0 | 0 | 0 | 0 | 0
34 | 0 | 0,000000% | 0 | 0 | 0 | 0 | 0 | 0 | 0 | 0 | 0
35 | 0 | 0,000000% | 0 | 0 | 0 | 0 | 0 | 0 | 0 | 0 | 0

------------------------------------------------------------
6. TOP DEADLINE VIOLATIONS BY WINDOW
------------------------------------------------------------
Window 0 | snapshot=mosaic_generated_000_t_005 | violated=0
- no deadline violations

Window 1 | snapshot=mosaic_generated_001_t_010 | violated=0
- no deadline violations

Window 2 | snapshot=mosaic_generated_001_t_010 | violated=0
- no deadline violations

Window 3 | snapshot=mosaic_generated_002_t_015 | violated=0
- no deadline violations

Window 4 | snapshot=mosaic_generated_003_t_020 | violated=0
- no deadline violations

Window 5 | snapshot=mosaic_generated_003_t_020 | violated=0
- no deadline violations

Window 6 | snapshot=mosaic_generated_004_t_025 | violated=0
- no deadline violations

Window 7 | snapshot=mosaic_generated_004_t_025 | violated=0
- no deadline violations

Window 8 | snapshot=mosaic_generated_004_t_025 | violated=0
- no deadline violations

Window 9 | snapshot=mosaic_generated_004_t_025 | violated=0
- no deadline violations

Window 10 | snapshot=mosaic_generated_004_t_025 | violated=0
- no deadline violations

Window 11 | snapshot=mosaic_generated_005_t_030 | violated=0
- no deadline violations

Window 12 | snapshot=mosaic_generated_005_t_030 | violated=0
- no deadline violations

Window 13 | snapshot=mosaic_generated_005_t_030 | violated=0
- no deadline violations

Window 14 | snapshot=mosaic_generated_005_t_030 | violated=0
- no deadline violations

Window 15 | snapshot=mosaic_generated_005_t_030 | violated=0
- no deadline violations

Window 16 | snapshot=mosaic_generated_005_t_030 | violated=0
- no deadline violations

Window 17 | snapshot=mosaic_generated_005_t_030 | violated=0
- no deadline violations

Window 18 | snapshot=mosaic_generated_005_t_030 | violated=0
- no deadline violations

Window 19 | snapshot=mosaic_generated_005_t_030 | violated=0
- no deadline violations

Window 20 | snapshot=mosaic_generated_005_t_030 | violated=0
- no deadline violations

Window 21 | snapshot=mosaic_generated_005_t_030 | violated=0
- no deadline violations

Window 22 | snapshot=mosaic_generated_005_t_030 | violated=0
- no deadline violations

Window 23 | snapshot=mosaic_generated_005_t_030 | violated=0
- no deadline violations

Window 24 | snapshot=mosaic_generated_005_t_030 | violated=0
- no deadline violations

Window 25 | snapshot=mosaic_generated_005_t_030 | violated=0
- no deadline violations

Window 26 | snapshot=mosaic_generated_005_t_030 | violated=0
- no deadline violations

Window 27 | snapshot=mosaic_generated_005_t_030 | violated=0
- no deadline violations

Window 28 | snapshot=mosaic_generated_005_t_030 | violated=0
- no deadline violations

Window 29 | snapshot=mosaic_generated_005_t_030 | violated=0
- no deadline violations

Window 30 | snapshot=mosaic_generated_005_t_030 | violated=0
- no deadline violations

Window 31 | snapshot=mosaic_generated_005_t_030 | violated=0
- no deadline violations

Window 32 | snapshot=mosaic_generated_005_t_030 | violated=0
- no deadline violations

Window 33 | snapshot=mosaic_generated_005_t_030 | violated=0
- no deadline violations

Window 34 | snapshot=mosaic_generated_005_t_030 | violated=0
- no deadline violations

Window 35 | snapshot=mosaic_generated_005_t_030 | violated=0
- no deadline violations

------------------------------------------------------------
7. COVERAGE PROBLEM SUMMARY
------------------------------------------------------------
idx | insufficient | worstTask | node | completion | coverage | cause
0 | 0 | none | - | - | - | -
1 | 0 | none | - | - | - | -
2 | 0 | none | - | - | - | -
3 | 0 | none | - | - | - | -
4 | 0 | none | - | - | - | -
5 | 0 | none | - | - | - | -
6 | 0 | none | - | - | - | -
7 | 0 | none | - | - | - | -
8 | 0 | none | - | - | - | -
9 | 0 | none | - | - | - | -
10 | 0 | none | - | - | - | -
11 | 0 | none | - | - | - | -
12 | 0 | none | - | - | - | -
13 | 0 | none | - | - | - | -
14 | 0 | none | - | - | - | -
15 | 0 | none | - | - | - | -
16 | 0 | none | - | - | - | -
17 | 0 | none | - | - | - | -
18 | 0 | none | - | - | - | -
19 | 0 | none | - | - | - | -
20 | 0 | none | - | - | - | -
21 | 0 | none | - | - | - | -
22 | 0 | none | - | - | - | -
23 | 0 | none | - | - | - | -
24 | 0 | none | - | - | - | -
25 | 0 | none | - | - | - | -
26 | 0 | none | - | - | - | -
27 | 0 | none | - | - | - | -
28 | 0 | none | - | - | - | -
29 | 0 | none | - | - | - | -
30 | 0 | none | - | - | - | -
31 | 0 | none | - | - | - | -
32 | 0 | none | - | - | - | -
33 | 0 | none | - | - | - | -
34 | 0 | none | - | - | - | -
35 | 0 | none | - | - | - | -

------------------------------------------------------------
8. RESOURCE PRESSURE SUMMARY
------------------------------------------------------------
idx | CPUviol | CPUsat | worstCpuNode | worstCpu% | BWviol | BWsat | worstBwLink | worstBw%
0 | 0 | 0 | none | - | 0 | 0 | none | -
1 | 0 | 0 | none | - | 0 | 0 | none | -
2 | 0 | 0 | none | - | 0 | 0 | none | -
3 | 0 | 0 | veh_2 | 0,000000% | 0 | 0 | vehicle_veh_2_v2v_for_veh_0 | 0,000000%
4 | 0 | 0 | veh_2 | 0,000000% | 0 | 0 | vehicle_veh_2_v2v_for_veh_3 | 0,000000%
5 | 0 | 0 | veh_2 | 0,000000% | 0 | 0 | vehicle_veh_2_v2v_for_veh_3 | 0,000000%
6 | 0 | 0 | veh_4 | 0,000000% | 0 | 0 | vehicle_veh_1_v2v_for_veh_0 | 0,000000%
7 | 0 | 0 | veh_4 | 0,000000% | 0 | 0 | vehicle_veh_1_v2v_for_veh_0 | 0,000000%
8 | 0 | 0 | veh_4 | 0,000000% | 0 | 0 | vehicle_veh_1_v2v_for_veh_0 | 0,000000%
9 | 0 | 0 | veh_4 | 0,000000% | 0 | 0 | vehicle_veh_1_v2v_for_veh_0 | 0,000000%
10 | 0 | 0 | veh_4 | 0,000000% | 0 | 0 | vehicle_veh_1_v2v_for_veh_0 | 0,000000%
11 | 0 | 0 | veh_4 | 0,000000% | 0 | 0 | vehicle_veh_5_v2v_for_veh_3 | 0,000000%
12 | 0 | 0 | veh_4 | 0,000000% | 0 | 0 | vehicle_veh_5_v2v_for_veh_3 | 0,000000%
13 | 0 | 0 | veh_4 | 0,000000% | 0 | 0 | vehicle_veh_5_v2v_for_veh_3 | 0,000000%
14 | 0 | 0 | veh_4 | 0,000000% | 0 | 0 | vehicle_veh_5_v2v_for_veh_3 | 0,000000%
15 | 0 | 0 | veh_4 | 0,000000% | 0 | 0 | vehicle_veh_5_v2v_for_veh_3 | 0,000000%
16 | 0 | 0 | veh_4 | 0,000000% | 0 | 0 | vehicle_veh_5_v2v_for_veh_3 | 0,000000%
17 | 0 | 0 | veh_4 | 0,000000% | 0 | 0 | vehicle_veh_5_v2v_for_veh_3 | 0,000000%
18 | 0 | 0 | veh_4 | 0,000000% | 0 | 0 | vehicle_veh_5_v2v_for_veh_3 | 0,000000%
19 | 0 | 0 | veh_4 | 0,000000% | 0 | 0 | vehicle_veh_5_v2v_for_veh_3 | 0,000000%
20 | 0 | 0 | veh_4 | 0,000000% | 0 | 0 | vehicle_veh_5_v2v_for_veh_3 | 0,000000%
21 | 0 | 0 | veh_4 | 0,000000% | 0 | 0 | vehicle_veh_5_v2v_for_veh_3 | 0,000000%
22 | 0 | 0 | veh_4 | 0,000000% | 0 | 0 | vehicle_veh_5_v2v_for_veh_3 | 0,000000%
23 | 0 | 0 | veh_4 | 0,000000% | 0 | 0 | vehicle_veh_5_v2v_for_veh_3 | 0,000000%
24 | 0 | 0 | veh_4 | 0,000000% | 0 | 0 | vehicle_veh_5_v2v_for_veh_3 | 0,000000%
25 | 0 | 0 | veh_4 | 0,000000% | 0 | 0 | vehicle_veh_5_v2v_for_veh_3 | 0,000000%
26 | 0 | 0 | veh_4 | 0,000000% | 0 | 0 | vehicle_veh_5_v2v_for_veh_3 | 0,000000%
27 | 0 | 0 | veh_4 | 0,000000% | 0 | 0 | vehicle_veh_5_v2v_for_veh_3 | 0,000000%
28 | 0 | 0 | veh_4 | 0,000000% | 0 | 0 | vehicle_veh_5_v2v_for_veh_3 | 0,000000%
29 | 0 | 0 | veh_4 | 0,000000% | 0 | 0 | vehicle_veh_5_v2v_for_veh_3 | 0,000000%
30 | 0 | 0 | veh_4 | 0,000000% | 0 | 0 | vehicle_veh_5_v2v_for_veh_3 | 0,000000%
31 | 0 | 0 | veh_4 | 0,000000% | 0 | 0 | vehicle_veh_5_v2v_for_veh_3 | 0,000000%
32 | 0 | 0 | veh_4 | 0,000000% | 0 | 0 | vehicle_veh_5_v2v_for_veh_3 | 0,000000%
33 | 0 | 0 | veh_4 | 0,000000% | 0 | 0 | vehicle_veh_5_v2v_for_veh_3 | 0,000000%
34 | 0 | 0 | veh_4 | 0,000000% | 0 | 0 | vehicle_veh_5_v2v_for_veh_3 | 0,000000%
35 | 0 | 0 | veh_4 | 0,000000% | 0 | 0 | vehicle_veh_5_v2v_for_veh_3 | 0,000000%

------------------------------------------------------------
9. WORST WINDOWS
------------------------------------------------------------
Worst by final fitness:
- idx=1 J=0,262500 Pres=0,000000 violated=0 coverage=0 reuse=COLD_START
- idx=2 J=0,262500 Pres=0,000000 violated=0 coverage=0 reuse=WARM_START
- idx=3 J=0,262500 Pres=0,000000 violated=0 coverage=0 reuse=PARTIAL_RESTART
- idx=4 J=0,262500 Pres=0,000000 violated=0 coverage=0 reuse=PARTIAL_RESTART
- idx=5 J=0,262500 Pres=0,000000 violated=0 coverage=0 reuse=WARM_START
- idx=6 J=0,262500 Pres=0,000000 violated=0 coverage=0 reuse=PARTIAL_RESTART
- idx=7 J=0,262500 Pres=0,000000 violated=0 coverage=0 reuse=WARM_START
- idx=8 J=0,262500 Pres=0,000000 violated=0 coverage=0 reuse=WARM_START
- idx=9 J=0,262500 Pres=0,000000 violated=0 coverage=0 reuse=WARM_START
- idx=10 J=0,262500 Pres=0,000000 violated=0 coverage=0 reuse=WARM_START
Worst by deadline violations:
- idx=0 violated=0 rate=0,000000% J=0,000000 mainCause=UNKNOWN
- idx=1 violated=0 rate=0,000000% J=0,262500 mainCause=UNKNOWN
- idx=2 violated=0 rate=0,000000% J=0,262500 mainCause=UNKNOWN
- idx=3 violated=0 rate=0,000000% J=0,262500 mainCause=UNKNOWN
- idx=4 violated=0 rate=0,000000% J=0,262500 mainCause=UNKNOWN
- idx=5 violated=0 rate=0,000000% J=0,262500 mainCause=UNKNOWN
- idx=6 violated=0 rate=0,000000% J=0,262500 mainCause=UNKNOWN
- idx=7 violated=0 rate=0,000000% J=0,262500 mainCause=UNKNOWN
- idx=8 violated=0 rate=0,000000% J=0,262500 mainCause=UNKNOWN
- idx=9 violated=0 rate=0,000000% J=0,262500 mainCause=UNKNOWN
Worst by coverage problems:
- idx=0 coverageInsufficient=0 violated=0 J=0,000000
- idx=1 coverageInsufficient=0 violated=0 J=0,262500
- idx=2 coverageInsufficient=0 violated=0 J=0,262500
- idx=3 coverageInsufficient=0 violated=0 J=0,262500
- idx=4 coverageInsufficient=0 violated=0 J=0,262500
- idx=5 coverageInsufficient=0 violated=0 J=0,262500
- idx=6 coverageInsufficient=0 violated=0 J=0,262500
- idx=7 coverageInsufficient=0 violated=0 J=0,262500
- idx=8 coverageInsufficient=0 violated=0 J=0,262500
- idx=9 coverageInsufficient=0 violated=0 J=0,262500

------------------------------------------------------------
10. DIAGNOSIS
------------------------------------------------------------
- CPU aggregate repair appears effective: no CPU violations were observed.
- Hierarchical bandwidth repair appears effective: no link-level bandwidth violations were observed.
- Use the bandwidth pool diagnostic report to inspect shared pool saturation and unresolved pool bindings.
- FULL_OFFLOADING never appears.
- Check initialization, mutation and repair of offloadingRatio before changing the fitness.

============================================================
DEADLINE / DEGRADED BEST-EFFORT REPORT
============================================================

Interpretation:
- ordinary mode: the repaired decision respects the task deadline;
- DEGRADED_BEST_EFFORT: the final decision still exceeds the deadline;
- the degraded label records a bounded-repair outcome, not a proof of global infeasibility;
- CLOUD is never preferred automatically: the retained decision is the one with the lowest predicted lateness among the alternatives evaluated by the repair policy.

------------------------------------------------------------
1. DEGRADED SUMMARY BY WINDOW
------------------------------------------------------------
idx | snapshot | tasks | deadlineOK | degradedBestEffort | maxLateness | avgLateness
0 | mosaic_generated_000_t_005 | 0 | 0 | 0 | 0,000000 s | 0,000000 s
1 | mosaic_generated_001_t_010 | 3 | 3 | 0 | 0,000000 s | 0,000000 s
2 | mosaic_generated_001_t_010 | 3 | 3 | 0 | 0,000000 s | 0,000000 s
3 | mosaic_generated_002_t_015 | 5 | 5 | 0 | 0,000000 s | 0,000000 s
4 | mosaic_generated_003_t_020 | 8 | 8 | 0 | 0,000000 s | 0,000000 s
5 | mosaic_generated_003_t_020 | 8 | 8 | 0 | 0,000000 s | 0,000000 s
6 | mosaic_generated_004_t_025 | 10 | 10 | 0 | 0,000000 s | 0,000000 s
7 | mosaic_generated_004_t_025 | 10 | 10 | 0 | 0,000000 s | 0,000000 s
8 | mosaic_generated_004_t_025 | 10 | 10 | 0 | 0,000000 s | 0,000000 s
9 | mosaic_generated_004_t_025 | 10 | 10 | 0 | 0,000000 s | 0,000000 s
10 | mosaic_generated_004_t_025 | 10 | 10 | 0 | 0,000000 s | 0,000000 s
11 | mosaic_generated_005_t_030 | 12 | 12 | 0 | 0,000000 s | 0,000000 s
12 | mosaic_generated_005_t_030 | 12 | 12 | 0 | 0,000000 s | 0,000000 s
13 | mosaic_generated_005_t_030 | 12 | 12 | 0 | 0,000000 s | 0,000000 s
14 | mosaic_generated_005_t_030 | 12 | 12 | 0 | 0,000000 s | 0,000000 s
15 | mosaic_generated_005_t_030 | 12 | 12 | 0 | 0,000000 s | 0,000000 s
16 | mosaic_generated_005_t_030 | 12 | 12 | 0 | 0,000000 s | 0,000000 s
17 | mosaic_generated_005_t_030 | 12 | 12 | 0 | 0,000000 s | 0,000000 s
18 | mosaic_generated_005_t_030 | 12 | 12 | 0 | 0,000000 s | 0,000000 s
19 | mosaic_generated_005_t_030 | 12 | 12 | 0 | 0,000000 s | 0,000000 s
20 | mosaic_generated_005_t_030 | 12 | 12 | 0 | 0,000000 s | 0,000000 s
21 | mosaic_generated_005_t_030 | 12 | 12 | 0 | 0,000000 s | 0,000000 s
22 | mosaic_generated_005_t_030 | 12 | 12 | 0 | 0,000000 s | 0,000000 s
23 | mosaic_generated_005_t_030 | 12 | 12 | 0 | 0,000000 s | 0,000000 s
24 | mosaic_generated_005_t_030 | 12 | 12 | 0 | 0,000000 s | 0,000000 s
25 | mosaic_generated_005_t_030 | 12 | 12 | 0 | 0,000000 s | 0,000000 s
26 | mosaic_generated_005_t_030 | 12 | 12 | 0 | 0,000000 s | 0,000000 s
27 | mosaic_generated_005_t_030 | 12 | 12 | 0 | 0,000000 s | 0,000000 s
28 | mosaic_generated_005_t_030 | 12 | 12 | 0 | 0,000000 s | 0,000000 s
29 | mosaic_generated_005_t_030 | 12 | 12 | 0 | 0,000000 s | 0,000000 s
30 | mosaic_generated_005_t_030 | 12 | 12 | 0 | 0,000000 s | 0,000000 s
31 | mosaic_generated_005_t_030 | 12 | 12 | 0 | 0,000000 s | 0,000000 s
32 | mosaic_generated_005_t_030 | 12 | 12 | 0 | 0,000000 s | 0,000000 s
33 | mosaic_generated_005_t_030 | 12 | 12 | 0 | 0,000000 s | 0,000000 s
34 | mosaic_generated_005_t_030 | 12 | 12 | 0 | 0,000000 s | 0,000000 s
35 | mosaic_generated_005_t_030 | 12 | 12 | 0 | 0,000000 s | 0,000000 s

------------------------------------------------------------
2. TOP DEGRADED BEST-EFFORT DECISIONS BY WINDOW
------------------------------------------------------------
Window 0 | snapshot=mosaic_generated_000_t_005 | degradedBestEffort=0
- no degraded best-effort decision

Window 1 | snapshot=mosaic_generated_001_t_010 | degradedBestEffort=0
- no degraded best-effort decision

Window 2 | snapshot=mosaic_generated_001_t_010 | degradedBestEffort=0
- no degraded best-effort decision

Window 3 | snapshot=mosaic_generated_002_t_015 | degradedBestEffort=0
- no degraded best-effort decision

Window 4 | snapshot=mosaic_generated_003_t_020 | degradedBestEffort=0
- no degraded best-effort decision

Window 5 | snapshot=mosaic_generated_003_t_020 | degradedBestEffort=0
- no degraded best-effort decision

Window 6 | snapshot=mosaic_generated_004_t_025 | degradedBestEffort=0
- no degraded best-effort decision

Window 7 | snapshot=mosaic_generated_004_t_025 | degradedBestEffort=0
- no degraded best-effort decision

Window 8 | snapshot=mosaic_generated_004_t_025 | degradedBestEffort=0
- no degraded best-effort decision

Window 9 | snapshot=mosaic_generated_004_t_025 | degradedBestEffort=0
- no degraded best-effort decision

Window 10 | snapshot=mosaic_generated_004_t_025 | degradedBestEffort=0
- no degraded best-effort decision

Window 11 | snapshot=mosaic_generated_005_t_030 | degradedBestEffort=0
- no degraded best-effort decision

Window 12 | snapshot=mosaic_generated_005_t_030 | degradedBestEffort=0
- no degraded best-effort decision

Window 13 | snapshot=mosaic_generated_005_t_030 | degradedBestEffort=0
- no degraded best-effort decision

Window 14 | snapshot=mosaic_generated_005_t_030 | degradedBestEffort=0
- no degraded best-effort decision

Window 15 | snapshot=mosaic_generated_005_t_030 | degradedBestEffort=0
- no degraded best-effort decision

Window 16 | snapshot=mosaic_generated_005_t_030 | degradedBestEffort=0
- no degraded best-effort decision

Window 17 | snapshot=mosaic_generated_005_t_030 | degradedBestEffort=0
- no degraded best-effort decision

Window 18 | snapshot=mosaic_generated_005_t_030 | degradedBestEffort=0
- no degraded best-effort decision

Window 19 | snapshot=mosaic_generated_005_t_030 | degradedBestEffort=0
- no degraded best-effort decision

Window 20 | snapshot=mosaic_generated_005_t_030 | degradedBestEffort=0
- no degraded best-effort decision

Window 21 | snapshot=mosaic_generated_005_t_030 | degradedBestEffort=0
- no degraded best-effort decision

Window 22 | snapshot=mosaic_generated_005_t_030 | degradedBestEffort=0
- no degraded best-effort decision

Window 23 | snapshot=mosaic_generated_005_t_030 | degradedBestEffort=0
- no degraded best-effort decision

Window 24 | snapshot=mosaic_generated_005_t_030 | degradedBestEffort=0
- no degraded best-effort decision

Window 25 | snapshot=mosaic_generated_005_t_030 | degradedBestEffort=0
- no degraded best-effort decision

Window 26 | snapshot=mosaic_generated_005_t_030 | degradedBestEffort=0
- no degraded best-effort decision

Window 27 | snapshot=mosaic_generated_005_t_030 | degradedBestEffort=0
- no degraded best-effort decision

Window 28 | snapshot=mosaic_generated_005_t_030 | degradedBestEffort=0
- no degraded best-effort decision

Window 29 | snapshot=mosaic_generated_005_t_030 | degradedBestEffort=0
- no degraded best-effort decision

Window 30 | snapshot=mosaic_generated_005_t_030 | degradedBestEffort=0
- no degraded best-effort decision

Window 31 | snapshot=mosaic_generated_005_t_030 | degradedBestEffort=0
- no degraded best-effort decision

Window 32 | snapshot=mosaic_generated_005_t_030 | degradedBestEffort=0
- no degraded best-effort decision

Window 33 | snapshot=mosaic_generated_005_t_030 | degradedBestEffort=0
- no degraded best-effort decision

Window 34 | snapshot=mosaic_generated_005_t_030 | degradedBestEffort=0
- no degraded best-effort decision

Window 35 | snapshot=mosaic_generated_005_t_030 | degradedBestEffort=0
- no degraded best-effort decision

------------------------------------------------------------
CLOUD GATEWAY CONFIGURATION SUMMARY
------------------------------------------------------------
mode: STRICT_GATEWAY
legacyPlaceholderEnabled: false
configuredGatewayCountAcrossRun: 2
firstSnapshotAccessLinkCount: 0
maximumAccessLinkCountAcrossWindows: 12
maximumActiveAccessLinkCountAcrossWindows: 0
windowsWithActiveAccessLinks: 0
windowsWithoutActiveAccessLinks: 36

------------------------------------------------------------
CLOUD GATEWAY SUMMARY BY WINDOW
------------------------------------------------------------
idx | snapshot | vehicles | gateways | activeLinks | cloudCandidates | cloudDecisions | gatewayAwareCloud | placeholderCloud | filteredCloud | avgPhiLink | maxPhiLink | avgCoverage | minCoverage
0 | mosaic_generated_000_t_005 | 0 | 2 | 0 | 0 | 0 | 0 | 0 | 0 | - | - | - | -
1 | mosaic_generated_001_t_010 | 1 | 2 | 0 | 0 | 0 | 0 | 0 | 0 | - | - | - | -
2 | mosaic_generated_001_t_010 | 1 | 2 | 0 | 0 | 0 | 0 | 0 | 0 | - | - | - | -
3 | mosaic_generated_002_t_015 | 3 | 2 | 0 | 0 | 0 | 0 | 0 | 0 | - | - | - | -
4 | mosaic_generated_003_t_020 | 4 | 2 | 0 | 0 | 0 | 0 | 0 | 0 | - | - | - | -
5 | mosaic_generated_003_t_020 | 4 | 2 | 0 | 0 | 0 | 0 | 0 | 0 | - | - | - | -
6 | mosaic_generated_004_t_025 | 5 | 2 | 0 | 0 | 0 | 0 | 0 | 0 | - | - | - | -
7 | mosaic_generated_004_t_025 | 5 | 2 | 0 | 0 | 0 | 0 | 0 | 0 | - | - | - | -
8 | mosaic_generated_004_t_025 | 5 | 2 | 0 | 0 | 0 | 0 | 0 | 0 | - | - | - | -
9 | mosaic_generated_004_t_025 | 5 | 2 | 0 | 0 | 0 | 0 | 0 | 0 | - | - | - | -
10 | mosaic_generated_004_t_025 | 5 | 2 | 0 | 0 | 0 | 0 | 0 | 0 | - | - | - | -
11 | mosaic_generated_005_t_030 | 6 | 2 | 0 | 0 | 0 | 0 | 0 | 0 | - | - | - | -
12 | mosaic_generated_005_t_030 | 6 | 2 | 0 | 0 | 0 | 0 | 0 | 0 | - | - | - | -
13 | mosaic_generated_005_t_030 | 6 | 2 | 0 | 0 | 0 | 0 | 0 | 0 | - | - | - | -
14 | mosaic_generated_005_t_030 | 6 | 2 | 0 | 0 | 0 | 0 | 0 | 0 | - | - | - | -
15 | mosaic_generated_005_t_030 | 6 | 2 | 0 | 0 | 0 | 0 | 0 | 0 | - | - | - | -
16 | mosaic_generated_005_t_030 | 6 | 2 | 0 | 0 | 0 | 0 | 0 | 0 | - | - | - | -
17 | mosaic_generated_005_t_030 | 6 | 2 | 0 | 0 | 0 | 0 | 0 | 0 | - | - | - | -
18 | mosaic_generated_005_t_030 | 6 | 2 | 0 | 0 | 0 | 0 | 0 | 0 | - | - | - | -
19 | mosaic_generated_005_t_030 | 6 | 2 | 0 | 0 | 0 | 0 | 0 | 0 | - | - | - | -
20 | mosaic_generated_005_t_030 | 6 | 2 | 0 | 0 | 0 | 0 | 0 | 0 | - | - | - | -
21 | mosaic_generated_005_t_030 | 6 | 2 | 0 | 0 | 0 | 0 | 0 | 0 | - | - | - | -
22 | mosaic_generated_005_t_030 | 6 | 2 | 0 | 0 | 0 | 0 | 0 | 0 | - | - | - | -
23 | mosaic_generated_005_t_030 | 6 | 2 | 0 | 0 | 0 | 0 | 0 | 0 | - | - | - | -
24 | mosaic_generated_005_t_030 | 6 | 2 | 0 | 0 | 0 | 0 | 0 | 0 | - | - | - | -
25 | mosaic_generated_005_t_030 | 6 | 2 | 0 | 0 | 0 | 0 | 0 | 0 | - | - | - | -
26 | mosaic_generated_005_t_030 | 6 | 2 | 0 | 0 | 0 | 0 | 0 | 0 | - | - | - | -
27 | mosaic_generated_005_t_030 | 6 | 2 | 0 | 0 | 0 | 0 | 0 | 0 | - | - | - | -
28 | mosaic_generated_005_t_030 | 6 | 2 | 0 | 0 | 0 | 0 | 0 | 0 | - | - | - | -
29 | mosaic_generated_005_t_030 | 6 | 2 | 0 | 0 | 0 | 0 | 0 | 0 | - | - | - | -
30 | mosaic_generated_005_t_030 | 6 | 2 | 0 | 0 | 0 | 0 | 0 | 0 | - | - | - | -
31 | mosaic_generated_005_t_030 | 6 | 2 | 0 | 0 | 0 | 0 | 0 | 0 | - | - | - | -
32 | mosaic_generated_005_t_030 | 6 | 2 | 0 | 0 | 0 | 0 | 0 | 0 | - | - | - | -
33 | mosaic_generated_005_t_030 | 6 | 2 | 0 | 0 | 0 | 0 | 0 | 0 | - | - | - | -
34 | mosaic_generated_005_t_030 | 6 | 2 | 0 | 0 | 0 | 0 | 0 | 0 | - | - | - | -
35 | mosaic_generated_005_t_030 | 6 | 2 | 0 | 0 | 0 | 0 | 0 | 0 | - | - | - | -

------------------------------------------------------------
CLOUD ACCESS-RISK DECISIONS BY WINDOW
------------------------------------------------------------
idx | task | vehicle | cloudCandidate | gateway | distance | radius | coverage | phiLink | phiHo | model

------------------------------------------------------------
ACCESS LINK TRANSITIONS
------------------------------------------------------------
idx | vehicle | previousGateway | currentGateway | transition

------------------------------------------------------------
ACCESS LINK DYNAMICITY DIAGNOSTIC
------------------------------------------------------------
idx | snapshot | commonVehicles | avgPrevQ | avgCurrQ | Dl | degradedLinks | recoveredLinks | unavailableLinks | coverageLosses | coverageGains | handovers
0 | mosaic_generated_000_t_005 | 0 | - | - | 0,000000 | 0 | 0 | 0 | 0
1 | mosaic_generated_001_t_010 | 0 | - | - | 0,000000 | 0 | 0 | 0 | 0 | 0 | 0
2 | mosaic_generated_001_t_010 | 1 | 0,000000 | 0,000000 | 0,000000 | 0 | 0 | 1 | 0 | 0 | 0
3 | mosaic_generated_002_t_015 | 1 | 0,000000 | 0,000000 | 0,000000 | 0 | 0 | 1 | 0 | 0 | 0
4 | mosaic_generated_003_t_020 | 3 | 0,000000 | 0,000000 | 0,000000 | 0 | 0 | 3 | 0 | 0 | 0
5 | mosaic_generated_003_t_020 | 4 | 0,000000 | 0,000000 | 0,000000 | 0 | 0 | 4 | 0 | 0 | 0
6 | mosaic_generated_004_t_025 | 4 | 0,000000 | 0,000000 | 0,000000 | 0 | 0 | 4 | 0 | 0 | 0
7 | mosaic_generated_004_t_025 | 5 | 0,000000 | 0,000000 | 0,000000 | 0 | 0 | 5 | 0 | 0 | 0
8 | mosaic_generated_004_t_025 | 5 | 0,000000 | 0,000000 | 0,000000 | 0 | 0 | 5 | 0 | 0 | 0
9 | mosaic_generated_004_t_025 | 5 | 0,000000 | 0,000000 | 0,000000 | 0 | 0 | 5 | 0 | 0 | 0
10 | mosaic_generated_004_t_025 | 5 | 0,000000 | 0,000000 | 0,000000 | 0 | 0 | 5 | 0 | 0 | 0
11 | mosaic_generated_005_t_030 | 5 | 0,000000 | 0,000000 | 0,000000 | 0 | 0 | 5 | 0 | 0 | 0
12 | mosaic_generated_005_t_030 | 6 | 0,000000 | 0,000000 | 0,000000 | 0 | 0 | 6 | 0 | 0 | 0
13 | mosaic_generated_005_t_030 | 6 | 0,000000 | 0,000000 | 0,000000 | 0 | 0 | 6 | 0 | 0 | 0
14 | mosaic_generated_005_t_030 | 6 | 0,000000 | 0,000000 | 0,000000 | 0 | 0 | 6 | 0 | 0 | 0
15 | mosaic_generated_005_t_030 | 6 | 0,000000 | 0,000000 | 0,000000 | 0 | 0 | 6 | 0 | 0 | 0
16 | mosaic_generated_005_t_030 | 6 | 0,000000 | 0,000000 | 0,000000 | 0 | 0 | 6 | 0 | 0 | 0
17 | mosaic_generated_005_t_030 | 6 | 0,000000 | 0,000000 | 0,000000 | 0 | 0 | 6 | 0 | 0 | 0
18 | mosaic_generated_005_t_030 | 6 | 0,000000 | 0,000000 | 0,000000 | 0 | 0 | 6 | 0 | 0 | 0
19 | mosaic_generated_005_t_030 | 6 | 0,000000 | 0,000000 | 0,000000 | 0 | 0 | 6 | 0 | 0 | 0
20 | mosaic_generated_005_t_030 | 6 | 0,000000 | 0,000000 | 0,000000 | 0 | 0 | 6 | 0 | 0 | 0
21 | mosaic_generated_005_t_030 | 6 | 0,000000 | 0,000000 | 0,000000 | 0 | 0 | 6 | 0 | 0 | 0
22 | mosaic_generated_005_t_030 | 6 | 0,000000 | 0,000000 | 0,000000 | 0 | 0 | 6 | 0 | 0 | 0
23 | mosaic_generated_005_t_030 | 6 | 0,000000 | 0,000000 | 0,000000 | 0 | 0 | 6 | 0 | 0 | 0
24 | mosaic_generated_005_t_030 | 6 | 0,000000 | 0,000000 | 0,000000 | 0 | 0 | 6 | 0 | 0 | 0
25 | mosaic_generated_005_t_030 | 6 | 0,000000 | 0,000000 | 0,000000 | 0 | 0 | 6 | 0 | 0 | 0
26 | mosaic_generated_005_t_030 | 6 | 0,000000 | 0,000000 | 0,000000 | 0 | 0 | 6 | 0 | 0 | 0
27 | mosaic_generated_005_t_030 | 6 | 0,000000 | 0,000000 | 0,000000 | 0 | 0 | 6 | 0 | 0 | 0
28 | mosaic_generated_005_t_030 | 6 | 0,000000 | 0,000000 | 0,000000 | 0 | 0 | 6 | 0 | 0 | 0
29 | mosaic_generated_005_t_030 | 6 | 0,000000 | 0,000000 | 0,000000 | 0 | 0 | 6 | 0 | 0 | 0
30 | mosaic_generated_005_t_030 | 6 | 0,000000 | 0,000000 | 0,000000 | 0 | 0 | 6 | 0 | 0 | 0
31 | mosaic_generated_005_t_030 | 6 | 0,000000 | 0,000000 | 0,000000 | 0 | 0 | 6 | 0 | 0 | 0
32 | mosaic_generated_005_t_030 | 6 | 0,000000 | 0,000000 | 0,000000 | 0 | 0 | 6 | 0 | 0 | 0
33 | mosaic_generated_005_t_030 | 6 | 0,000000 | 0,000000 | 0,000000 | 0 | 0 | 6 | 0 | 0 | 0
34 | mosaic_generated_005_t_030 | 6 | 0,000000 | 0,000000 | 0,000000 | 0 | 0 | 6 | 0 | 0 | 0
35 | mosaic_generated_005_t_030 | 6 | 0,000000 | 0,000000 | 0,000000 | 0 | 0 | 6 | 0 | 0 | 0

------------------------------------------------------------
TOP ACCESS LINK QUALITY CHANGES
------------------------------------------------------------
idx | vehicle | previousGateway | currentGateway | prevAvailable | currAvailable | prevDistance | currDistance | prevPhiLink | currPhiLink | prevQ | currQ | deltaQ | transition

------------------------------------------------------------
ACCESS LINK DYNAMICITY INTERPRETATION
------------------------------------------------------------
- Dv(k) now measures only vehicle entry/exit churn.
- Dl(k) is the mean absolute variation of q_v(k) over vehicles present in both consecutive windows.
- q_v(k) = 1 - phi_link(v, activeGateway); unavailable or missing access links have q_v(k) = 0.
- Missing gateways do not create synthetic distance or phi_link metrics; unavailable metrics are rendered as '-'.
- Coverage loss and coverage gain are reported separately from gateway-to-gateway handover.
- Computational candidate additions do not alter Dl(k) when active access links stay unchanged.
- A gateway transition is reported separately. It affects Dl(k) only through the resulting quality variation.

------------------------------------------------------------
HIERARCHICAL BANDWIDTH INTERPRETATION
------------------------------------------------------------
- link constraint: sum bandwidth by candidateId <= candidate.availableBandwidth
- pool constraint: sum bandwidth by poolId <= pool.availableBandwidth
- the pool does not replace the source-aware link limit: both constraints must hold
- EDGE/CLOUD resolve poolId through the active access gateway; V2V uses the explicit DIRECT_V2V binding

------------------------------------------------------------
BANDWIDTH POOL CONFIGURATION SUMMARY
------------------------------------------------------------
poolCount: 2
- pool_rsu_central | type=GATEWAY | capacity=8000000,000000
- pool_rsu_north | type=GATEWAY | capacity=40000000,000000

------------------------------------------------------------
HIERARCHICAL BANDWIDTH CHECK BY WINDOW
------------------------------------------------------------
idx | snapshot | remoteGenes | unresolved | violatedLinks | saturatedLinks | violatedPools | saturatedPools | status
0 | mosaic_generated_000_t_005 | 0 | 0 | 0 | 0 | 0 | 0 | OK
1 | mosaic_generated_001_t_010 | 0 | 0 | 0 | 0 | 0 | 0 | OK
2 | mosaic_generated_001_t_010 | 0 | 0 | 0 | 0 | 0 | 0 | OK
3 | mosaic_generated_002_t_015 | 0 | 0 | 0 | 0 | 0 | 0 | OK
4 | mosaic_generated_003_t_020 | 0 | 0 | 0 | 0 | 0 | 0 | OK
5 | mosaic_generated_003_t_020 | 0 | 0 | 0 | 0 | 0 | 0 | OK
6 | mosaic_generated_004_t_025 | 0 | 0 | 0 | 0 | 0 | 0 | OK
7 | mosaic_generated_004_t_025 | 0 | 0 | 0 | 0 | 0 | 0 | OK
8 | mosaic_generated_004_t_025 | 0 | 0 | 0 | 0 | 0 | 0 | OK
9 | mosaic_generated_004_t_025 | 0 | 0 | 0 | 0 | 0 | 0 | OK
10 | mosaic_generated_004_t_025 | 0 | 0 | 0 | 0 | 0 | 0 | OK
11 | mosaic_generated_005_t_030 | 0 | 0 | 0 | 0 | 0 | 0 | OK
12 | mosaic_generated_005_t_030 | 0 | 0 | 0 | 0 | 0 | 0 | OK
13 | mosaic_generated_005_t_030 | 0 | 0 | 0 | 0 | 0 | 0 | OK
14 | mosaic_generated_005_t_030 | 0 | 0 | 0 | 0 | 0 | 0 | OK
15 | mosaic_generated_005_t_030 | 0 | 0 | 0 | 0 | 0 | 0 | OK
16 | mosaic_generated_005_t_030 | 0 | 0 | 0 | 0 | 0 | 0 | OK
17 | mosaic_generated_005_t_030 | 0 | 0 | 0 | 0 | 0 | 0 | OK
18 | mosaic_generated_005_t_030 | 0 | 0 | 0 | 0 | 0 | 0 | OK
19 | mosaic_generated_005_t_030 | 0 | 0 | 0 | 0 | 0 | 0 | OK
20 | mosaic_generated_005_t_030 | 0 | 0 | 0 | 0 | 0 | 0 | OK
21 | mosaic_generated_005_t_030 | 0 | 0 | 0 | 0 | 0 | 0 | OK
22 | mosaic_generated_005_t_030 | 0 | 0 | 0 | 0 | 0 | 0 | OK
23 | mosaic_generated_005_t_030 | 0 | 0 | 0 | 0 | 0 | 0 | OK
24 | mosaic_generated_005_t_030 | 0 | 0 | 0 | 0 | 0 | 0 | OK
25 | mosaic_generated_005_t_030 | 0 | 0 | 0 | 0 | 0 | 0 | OK
26 | mosaic_generated_005_t_030 | 0 | 0 | 0 | 0 | 0 | 0 | OK
27 | mosaic_generated_005_t_030 | 0 | 0 | 0 | 0 | 0 | 0 | OK
28 | mosaic_generated_005_t_030 | 0 | 0 | 0 | 0 | 0 | 0 | OK
29 | mosaic_generated_005_t_030 | 0 | 0 | 0 | 0 | 0 | 0 | OK
30 | mosaic_generated_005_t_030 | 0 | 0 | 0 | 0 | 0 | 0 | OK
31 | mosaic_generated_005_t_030 | 0 | 0 | 0 | 0 | 0 | 0 | OK
32 | mosaic_generated_005_t_030 | 0 | 0 | 0 | 0 | 0 | 0 | OK
33 | mosaic_generated_005_t_030 | 0 | 0 | 0 | 0 | 0 | 0 | OK
34 | mosaic_generated_005_t_030 | 0 | 0 | 0 | 0 | 0 | 0 | OK
35 | mosaic_generated_005_t_030 | 0 | 0 | 0 | 0 | 0 | 0 | OK

------------------------------------------------------------
LINK BANDWIDTH PRESSURE SUMMARY BY WINDOW
------------------------------------------------------------
idx | snapshot | usedLinks | violatedLinks | saturatedLinks | worstLink | worstUsage% | totalRequested
0 | mosaic_generated_000_t_005 | 0 | 0 | 0 | none | 0,000000 | 0,000000
1 | mosaic_generated_001_t_010 | 0 | 0 | 0 | none | 0,000000 | 0,000000
2 | mosaic_generated_001_t_010 | 0 | 0 | 0 | none | 0,000000 | 0,000000
3 | mosaic_generated_002_t_015 | 0 | 0 | 0 | none | 0,000000 | 0,000000
4 | mosaic_generated_003_t_020 | 0 | 0 | 0 | none | 0,000000 | 0,000000
5 | mosaic_generated_003_t_020 | 0 | 0 | 0 | none | 0,000000 | 0,000000
6 | mosaic_generated_004_t_025 | 0 | 0 | 0 | none | 0,000000 | 0,000000
7 | mosaic_generated_004_t_025 | 0 | 0 | 0 | none | 0,000000 | 0,000000
8 | mosaic_generated_004_t_025 | 0 | 0 | 0 | none | 0,000000 | 0,000000
9 | mosaic_generated_004_t_025 | 0 | 0 | 0 | none | 0,000000 | 0,000000
10 | mosaic_generated_004_t_025 | 0 | 0 | 0 | none | 0,000000 | 0,000000
11 | mosaic_generated_005_t_030 | 0 | 0 | 0 | none | 0,000000 | 0,000000
12 | mosaic_generated_005_t_030 | 0 | 0 | 0 | none | 0,000000 | 0,000000
13 | mosaic_generated_005_t_030 | 0 | 0 | 0 | none | 0,000000 | 0,000000
14 | mosaic_generated_005_t_030 | 0 | 0 | 0 | none | 0,000000 | 0,000000
15 | mosaic_generated_005_t_030 | 0 | 0 | 0 | none | 0,000000 | 0,000000
16 | mosaic_generated_005_t_030 | 0 | 0 | 0 | none | 0,000000 | 0,000000
17 | mosaic_generated_005_t_030 | 0 | 0 | 0 | none | 0,000000 | 0,000000
18 | mosaic_generated_005_t_030 | 0 | 0 | 0 | none | 0,000000 | 0,000000
19 | mosaic_generated_005_t_030 | 0 | 0 | 0 | none | 0,000000 | 0,000000
20 | mosaic_generated_005_t_030 | 0 | 0 | 0 | none | 0,000000 | 0,000000
21 | mosaic_generated_005_t_030 | 0 | 0 | 0 | none | 0,000000 | 0,000000
22 | mosaic_generated_005_t_030 | 0 | 0 | 0 | none | 0,000000 | 0,000000
23 | mosaic_generated_005_t_030 | 0 | 0 | 0 | none | 0,000000 | 0,000000
24 | mosaic_generated_005_t_030 | 0 | 0 | 0 | none | 0,000000 | 0,000000
25 | mosaic_generated_005_t_030 | 0 | 0 | 0 | none | 0,000000 | 0,000000
26 | mosaic_generated_005_t_030 | 0 | 0 | 0 | none | 0,000000 | 0,000000
27 | mosaic_generated_005_t_030 | 0 | 0 | 0 | none | 0,000000 | 0,000000
28 | mosaic_generated_005_t_030 | 0 | 0 | 0 | none | 0,000000 | 0,000000
29 | mosaic_generated_005_t_030 | 0 | 0 | 0 | none | 0,000000 | 0,000000
30 | mosaic_generated_005_t_030 | 0 | 0 | 0 | none | 0,000000 | 0,000000
31 | mosaic_generated_005_t_030 | 0 | 0 | 0 | none | 0,000000 | 0,000000
32 | mosaic_generated_005_t_030 | 0 | 0 | 0 | none | 0,000000 | 0,000000
33 | mosaic_generated_005_t_030 | 0 | 0 | 0 | none | 0,000000 | 0,000000
34 | mosaic_generated_005_t_030 | 0 | 0 | 0 | none | 0,000000 | 0,000000
35 | mosaic_generated_005_t_030 | 0 | 0 | 0 | none | 0,000000 | 0,000000

------------------------------------------------------------
LINK BANDWIDTH DETAILS BY WINDOW
------------------------------------------------------------
idx | snapshot | candidateId | sourceVehicle | executionNode | type | used | capacity | usage% | violation | saturated | taskCount | resolvedPool

------------------------------------------------------------
BANDWIDTH POOL SUMMARY BY WINDOW
------------------------------------------------------------
idx | snapshot | pools | remoteGenes | unresolved | violatedPools | saturatedPools | worstPool | worstUsage% | totalRequested | totalCapacity
0 | mosaic_generated_000_t_005 | 2 | 0 | 0 | 0 | 0 | none | 0,000000 | 0,000000 | 48000000,000000
1 | mosaic_generated_001_t_010 | 2 | 0 | 0 | 0 | 0 | none | 0,000000 | 0,000000 | 47957680,000000
2 | mosaic_generated_001_t_010 | 2 | 0 | 0 | 0 | 0 | none | 0,000000 | 0,000000 | 47957680,000000
3 | mosaic_generated_002_t_015 | 5 | 0 | 0 | 0 | 0 | none | 0,000000 | 0,000000 | 77915360,000000
4 | mosaic_generated_003_t_020 | 8 | 0 | 0 | 0 | 0 | none | 0,000000 | 0,000000 | 107830720,000000
5 | mosaic_generated_003_t_020 | 8 | 0 | 0 | 0 | 0 | none | 0,000000 | 0,000000 | 107830720,000000
6 | mosaic_generated_004_t_025 | 12 | 0 | 0 | 0 | 0 | none | 0,000000 | 0,000000 | 147788400,000000
7 | mosaic_generated_004_t_025 | 12 | 0 | 0 | 0 | 0 | none | 0,000000 | 0,000000 | 147788400,000000
8 | mosaic_generated_004_t_025 | 12 | 0 | 0 | 0 | 0 | none | 0,000000 | 0,000000 | 147788400,000000
9 | mosaic_generated_004_t_025 | 12 | 0 | 0 | 0 | 0 | none | 0,000000 | 0,000000 | 147788400,000000
10 | mosaic_generated_004_t_025 | 12 | 0 | 0 | 0 | 0 | none | 0,000000 | 0,000000 | 147788400,000000
11 | mosaic_generated_005_t_030 | 16 | 0 | 0 | 0 | 0 | none | 0,000000 | 0,000000 | 187746080,000000
12 | mosaic_generated_005_t_030 | 16 | 0 | 0 | 0 | 0 | none | 0,000000 | 0,000000 | 187746080,000000
13 | mosaic_generated_005_t_030 | 16 | 0 | 0 | 0 | 0 | none | 0,000000 | 0,000000 | 187746080,000000
14 | mosaic_generated_005_t_030 | 16 | 0 | 0 | 0 | 0 | none | 0,000000 | 0,000000 | 187746080,000000
15 | mosaic_generated_005_t_030 | 16 | 0 | 0 | 0 | 0 | none | 0,000000 | 0,000000 | 187746080,000000
16 | mosaic_generated_005_t_030 | 16 | 0 | 0 | 0 | 0 | none | 0,000000 | 0,000000 | 187746080,000000
17 | mosaic_generated_005_t_030 | 16 | 0 | 0 | 0 | 0 | none | 0,000000 | 0,000000 | 187746080,000000
18 | mosaic_generated_005_t_030 | 16 | 0 | 0 | 0 | 0 | none | 0,000000 | 0,000000 | 187746080,000000
19 | mosaic_generated_005_t_030 | 16 | 0 | 0 | 0 | 0 | none | 0,000000 | 0,000000 | 187746080,000000
20 | mosaic_generated_005_t_030 | 16 | 0 | 0 | 0 | 0 | none | 0,000000 | 0,000000 | 187746080,000000
21 | mosaic_generated_005_t_030 | 16 | 0 | 0 | 0 | 0 | none | 0,000000 | 0,000000 | 187746080,000000
22 | mosaic_generated_005_t_030 | 16 | 0 | 0 | 0 | 0 | none | 0,000000 | 0,000000 | 187746080,000000
23 | mosaic_generated_005_t_030 | 16 | 0 | 0 | 0 | 0 | none | 0,000000 | 0,000000 | 187746080,000000
24 | mosaic_generated_005_t_030 | 16 | 0 | 0 | 0 | 0 | none | 0,000000 | 0,000000 | 187746080,000000
25 | mosaic_generated_005_t_030 | 16 | 0 | 0 | 0 | 0 | none | 0,000000 | 0,000000 | 187746080,000000
26 | mosaic_generated_005_t_030 | 16 | 0 | 0 | 0 | 0 | none | 0,000000 | 0,000000 | 187746080,000000
27 | mosaic_generated_005_t_030 | 16 | 0 | 0 | 0 | 0 | none | 0,000000 | 0,000000 | 187746080,000000
28 | mosaic_generated_005_t_030 | 16 | 0 | 0 | 0 | 0 | none | 0,000000 | 0,000000 | 187746080,000000
29 | mosaic_generated_005_t_030 | 16 | 0 | 0 | 0 | 0 | none | 0,000000 | 0,000000 | 187746080,000000
30 | mosaic_generated_005_t_030 | 16 | 0 | 0 | 0 | 0 | none | 0,000000 | 0,000000 | 187746080,000000
31 | mosaic_generated_005_t_030 | 16 | 0 | 0 | 0 | 0 | none | 0,000000 | 0,000000 | 187746080,000000
32 | mosaic_generated_005_t_030 | 16 | 0 | 0 | 0 | 0 | none | 0,000000 | 0,000000 | 187746080,000000
33 | mosaic_generated_005_t_030 | 16 | 0 | 0 | 0 | 0 | none | 0,000000 | 0,000000 | 187746080,000000
34 | mosaic_generated_005_t_030 | 16 | 0 | 0 | 0 | 0 | none | 0,000000 | 0,000000 | 187746080,000000
35 | mosaic_generated_005_t_030 | 16 | 0 | 0 | 0 | 0 | none | 0,000000 | 0,000000 | 187746080,000000

------------------------------------------------------------
BANDWIDTH POOL DETAILS BY WINDOW
------------------------------------------------------------
idx | snapshot | poolId | type | used | capacity | usage% | violation | saturated | taskCount
0 | mosaic_generated_000_t_005 | pool_rsu_central | GATEWAY | 0,000000 | 8000000,000000 | 0,000000 | false | false | 0
0 | mosaic_generated_000_t_005 | pool_rsu_north | GATEWAY | 0,000000 | 40000000,000000 | 0,000000 | false | false | 0
1 | mosaic_generated_001_t_010 | pool_rsu_central | GATEWAY | 0,000000 | 8000000,000000 | 0,000000 | false | false | 0
1 | mosaic_generated_001_t_010 | pool_rsu_north | GATEWAY | 0,000000 | 39957680,000000 | 0,000000 | false | false | 0
2 | mosaic_generated_001_t_010 | pool_rsu_central | GATEWAY | 0,000000 | 8000000,000000 | 0,000000 | false | false | 0
2 | mosaic_generated_001_t_010 | pool_rsu_north | GATEWAY | 0,000000 | 39957680,000000 | 0,000000 | false | false | 0
3 | mosaic_generated_002_t_015 | pool_v2v_veh_0_veh_1 | DIRECT_V2V | 0,000000 | 10000000,000000 | 0,000000 | false | false | 0
3 | mosaic_generated_002_t_015 | pool_v2v_veh_0_veh_2 | DIRECT_V2V | 0,000000 | 10000000,000000 | 0,000000 | false | false | 0
3 | mosaic_generated_002_t_015 | pool_v2v_veh_1_veh_2 | DIRECT_V2V | 0,000000 | 10000000,000000 | 0,000000 | false | false | 0
3 | mosaic_generated_002_t_015 | pool_rsu_central | GATEWAY | 0,000000 | 8000000,000000 | 0,000000 | false | false | 0
3 | mosaic_generated_002_t_015 | pool_rsu_north | GATEWAY | 0,000000 | 39915360,000000 | 0,000000 | false | false | 0
4 | mosaic_generated_003_t_020 | pool_v2v_veh_0_veh_1 | DIRECT_V2V | 0,000000 | 10000000,000000 | 0,000000 | false | false | 0
4 | mosaic_generated_003_t_020 | pool_v2v_veh_0_veh_2 | DIRECT_V2V | 0,000000 | 10000000,000000 | 0,000000 | false | false | 0
4 | mosaic_generated_003_t_020 | pool_v2v_veh_0_veh_3 | DIRECT_V2V | 0,000000 | 10000000,000000 | 0,000000 | false | false | 0
4 | mosaic_generated_003_t_020 | pool_v2v_veh_1_veh_2 | DIRECT_V2V | 0,000000 | 10000000,000000 | 0,000000 | false | false | 0
4 | mosaic_generated_003_t_020 | pool_v2v_veh_1_veh_3 | DIRECT_V2V | 0,000000 | 10000000,000000 | 0,000000 | false | false | 0
4 | mosaic_generated_003_t_020 | pool_v2v_veh_2_veh_3 | DIRECT_V2V | 0,000000 | 10000000,000000 | 0,000000 | false | false | 0
4 | mosaic_generated_003_t_020 | pool_rsu_central | GATEWAY | 0,000000 | 8000000,000000 | 0,000000 | false | false | 0
4 | mosaic_generated_003_t_020 | pool_rsu_north | GATEWAY | 0,000000 | 39830720,000000 | 0,000000 | false | false | 0
5 | mosaic_generated_003_t_020 | pool_v2v_veh_0_veh_1 | DIRECT_V2V | 0,000000 | 10000000,000000 | 0,000000 | false | false | 0
5 | mosaic_generated_003_t_020 | pool_v2v_veh_0_veh_2 | DIRECT_V2V | 0,000000 | 10000000,000000 | 0,000000 | false | false | 0
5 | mosaic_generated_003_t_020 | pool_v2v_veh_0_veh_3 | DIRECT_V2V | 0,000000 | 10000000,000000 | 0,000000 | false | false | 0
5 | mosaic_generated_003_t_020 | pool_v2v_veh_1_veh_2 | DIRECT_V2V | 0,000000 | 10000000,000000 | 0,000000 | false | false | 0
5 | mosaic_generated_003_t_020 | pool_v2v_veh_1_veh_3 | DIRECT_V2V | 0,000000 | 10000000,000000 | 0,000000 | false | false | 0
5 | mosaic_generated_003_t_020 | pool_v2v_veh_2_veh_3 | DIRECT_V2V | 0,000000 | 10000000,000000 | 0,000000 | false | false | 0
5 | mosaic_generated_003_t_020 | pool_rsu_central | GATEWAY | 0,000000 | 8000000,000000 | 0,000000 | false | false | 0
5 | mosaic_generated_003_t_020 | pool_rsu_north | GATEWAY | 0,000000 | 39830720,000000 | 0,000000 | false | false | 0
6 | mosaic_generated_004_t_025 | pool_v2v_veh_0_veh_1 | DIRECT_V2V | 0,000000 | 10000000,000000 | 0,000000 | false | false | 0
6 | mosaic_generated_004_t_025 | pool_v2v_veh_0_veh_2 | DIRECT_V2V | 0,000000 | 10000000,000000 | 0,000000 | false | false | 0
6 | mosaic_generated_004_t_025 | pool_v2v_veh_0_veh_3 | DIRECT_V2V | 0,000000 | 10000000,000000 | 0,000000 | false | false | 0
6 | mosaic_generated_004_t_025 | pool_v2v_veh_0_veh_4 | DIRECT_V2V | 0,000000 | 10000000,000000 | 0,000000 | false | false | 0
6 | mosaic_generated_004_t_025 | pool_v2v_veh_1_veh_2 | DIRECT_V2V | 0,000000 | 10000000,000000 | 0,000000 | false | false | 0
6 | mosaic_generated_004_t_025 | pool_v2v_veh_1_veh_3 | DIRECT_V2V | 0,000000 | 10000000,000000 | 0,000000 | false | false | 0
6 | mosaic_generated_004_t_025 | pool_v2v_veh_1_veh_4 | DIRECT_V2V | 0,000000 | 10000000,000000 | 0,000000 | false | false | 0
6 | mosaic_generated_004_t_025 | pool_v2v_veh_2_veh_3 | DIRECT_V2V | 0,000000 | 10000000,000000 | 0,000000 | false | false | 0
6 | mosaic_generated_004_t_025 | pool_v2v_veh_2_veh_4 | DIRECT_V2V | 0,000000 | 10000000,000000 | 0,000000 | false | false | 0
6 | mosaic_generated_004_t_025 | pool_v2v_veh_3_veh_4 | DIRECT_V2V | 0,000000 | 10000000,000000 | 0,000000 | false | false | 0
6 | mosaic_generated_004_t_025 | pool_rsu_central | GATEWAY | 0,000000 | 8000000,000000 | 0,000000 | false | false | 0
6 | mosaic_generated_004_t_025 | pool_rsu_north | GATEWAY | 0,000000 | 39788400,000000 | 0,000000 | false | false | 0
7 | mosaic_generated_004_t_025 | pool_v2v_veh_0_veh_1 | DIRECT_V2V | 0,000000 | 10000000,000000 | 0,000000 | false | false | 0
7 | mosaic_generated_004_t_025 | pool_v2v_veh_0_veh_2 | DIRECT_V2V | 0,000000 | 10000000,000000 | 0,000000 | false | false | 0
7 | mosaic_generated_004_t_025 | pool_v2v_veh_0_veh_3 | DIRECT_V2V | 0,000000 | 10000000,000000 | 0,000000 | false | false | 0
7 | mosaic_generated_004_t_025 | pool_v2v_veh_0_veh_4 | DIRECT_V2V | 0,000000 | 10000000,000000 | 0,000000 | false | false | 0
7 | mosaic_generated_004_t_025 | pool_v2v_veh_1_veh_2 | DIRECT_V2V | 0,000000 | 10000000,000000 | 0,000000 | false | false | 0
7 | mosaic_generated_004_t_025 | pool_v2v_veh_1_veh_3 | DIRECT_V2V | 0,000000 | 10000000,000000 | 0,000000 | false | false | 0
7 | mosaic_generated_004_t_025 | pool_v2v_veh_1_veh_4 | DIRECT_V2V | 0,000000 | 10000000,000000 | 0,000000 | false | false | 0
7 | mosaic_generated_004_t_025 | pool_v2v_veh_2_veh_3 | DIRECT_V2V | 0,000000 | 10000000,000000 | 0,000000 | false | false | 0
7 | mosaic_generated_004_t_025 | pool_v2v_veh_2_veh_4 | DIRECT_V2V | 0,000000 | 10000000,000000 | 0,000000 | false | false | 0
7 | mosaic_generated_004_t_025 | pool_v2v_veh_3_veh_4 | DIRECT_V2V | 0,000000 | 10000000,000000 | 0,000000 | false | false | 0
7 | mosaic_generated_004_t_025 | pool_rsu_central | GATEWAY | 0,000000 | 8000000,000000 | 0,000000 | false | false | 0
7 | mosaic_generated_004_t_025 | pool_rsu_north | GATEWAY | 0,000000 | 39788400,000000 | 0,000000 | false | false | 0
8 | mosaic_generated_004_t_025 | pool_v2v_veh_0_veh_1 | DIRECT_V2V | 0,000000 | 10000000,000000 | 0,000000 | false | false | 0
8 | mosaic_generated_004_t_025 | pool_v2v_veh_0_veh_2 | DIRECT_V2V | 0,000000 | 10000000,000000 | 0,000000 | false | false | 0
8 | mosaic_generated_004_t_025 | pool_v2v_veh_0_veh_3 | DIRECT_V2V | 0,000000 | 10000000,000000 | 0,000000 | false | false | 0
8 | mosaic_generated_004_t_025 | pool_v2v_veh_0_veh_4 | DIRECT_V2V | 0,000000 | 10000000,000000 | 0,000000 | false | false | 0
8 | mosaic_generated_004_t_025 | pool_v2v_veh_1_veh_2 | DIRECT_V2V | 0,000000 | 10000000,000000 | 0,000000 | false | false | 0
8 | mosaic_generated_004_t_025 | pool_v2v_veh_1_veh_3 | DIRECT_V2V | 0,000000 | 10000000,000000 | 0,000000 | false | false | 0
8 | mosaic_generated_004_t_025 | pool_v2v_veh_1_veh_4 | DIRECT_V2V | 0,000000 | 10000000,000000 | 0,000000 | false | false | 0
8 | mosaic_generated_004_t_025 | pool_v2v_veh_2_veh_3 | DIRECT_V2V | 0,000000 | 10000000,000000 | 0,000000 | false | false | 0
8 | mosaic_generated_004_t_025 | pool_v2v_veh_2_veh_4 | DIRECT_V2V | 0,000000 | 10000000,000000 | 0,000000 | false | false | 0
8 | mosaic_generated_004_t_025 | pool_v2v_veh_3_veh_4 | DIRECT_V2V | 0,000000 | 10000000,000000 | 0,000000 | false | false | 0
8 | mosaic_generated_004_t_025 | pool_rsu_central | GATEWAY | 0,000000 | 8000000,000000 | 0,000000 | false | false | 0
8 | mosaic_generated_004_t_025 | pool_rsu_north | GATEWAY | 0,000000 | 39788400,000000 | 0,000000 | false | false | 0
9 | mosaic_generated_004_t_025 | pool_v2v_veh_0_veh_1 | DIRECT_V2V | 0,000000 | 10000000,000000 | 0,000000 | false | false | 0
9 | mosaic_generated_004_t_025 | pool_v2v_veh_0_veh_2 | DIRECT_V2V | 0,000000 | 10000000,000000 | 0,000000 | false | false | 0
9 | mosaic_generated_004_t_025 | pool_v2v_veh_0_veh_3 | DIRECT_V2V | 0,000000 | 10000000,000000 | 0,000000 | false | false | 0
9 | mosaic_generated_004_t_025 | pool_v2v_veh_0_veh_4 | DIRECT_V2V | 0,000000 | 10000000,000000 | 0,000000 | false | false | 0
9 | mosaic_generated_004_t_025 | pool_v2v_veh_1_veh_2 | DIRECT_V2V | 0,000000 | 10000000,000000 | 0,000000 | false | false | 0
9 | mosaic_generated_004_t_025 | pool_v2v_veh_1_veh_3 | DIRECT_V2V | 0,000000 | 10000000,000000 | 0,000000 | false | false | 0
9 | mosaic_generated_004_t_025 | pool_v2v_veh_1_veh_4 | DIRECT_V2V | 0,000000 | 10000000,000000 | 0,000000 | false | false | 0
9 | mosaic_generated_004_t_025 | pool_v2v_veh_2_veh_3 | DIRECT_V2V | 0,000000 | 10000000,000000 | 0,000000 | false | false | 0
9 | mosaic_generated_004_t_025 | pool_v2v_veh_2_veh_4 | DIRECT_V2V | 0,000000 | 10000000,000000 | 0,000000 | false | false | 0
9 | mosaic_generated_004_t_025 | pool_v2v_veh_3_veh_4 | DIRECT_V2V | 0,000000 | 10000000,000000 | 0,000000 | false | false | 0
9 | mosaic_generated_004_t_025 | pool_rsu_central | GATEWAY | 0,000000 | 8000000,000000 | 0,000000 | false | false | 0
9 | mosaic_generated_004_t_025 | pool_rsu_north | GATEWAY | 0,000000 | 39788400,000000 | 0,000000 | false | false | 0
10 | mosaic_generated_004_t_025 | pool_v2v_veh_0_veh_1 | DIRECT_V2V | 0,000000 | 10000000,000000 | 0,000000 | false | false | 0
10 | mosaic_generated_004_t_025 | pool_v2v_veh_0_veh_2 | DIRECT_V2V | 0,000000 | 10000000,000000 | 0,000000 | false | false | 0
10 | mosaic_generated_004_t_025 | pool_v2v_veh_0_veh_3 | DIRECT_V2V | 0,000000 | 10000000,000000 | 0,000000 | false | false | 0
10 | mosaic_generated_004_t_025 | pool_v2v_veh_0_veh_4 | DIRECT_V2V | 0,000000 | 10000000,000000 | 0,000000 | false | false | 0
10 | mosaic_generated_004_t_025 | pool_v2v_veh_1_veh_2 | DIRECT_V2V | 0,000000 | 10000000,000000 | 0,000000 | false | false | 0
10 | mosaic_generated_004_t_025 | pool_v2v_veh_1_veh_3 | DIRECT_V2V | 0,000000 | 10000000,000000 | 0,000000 | false | false | 0
10 | mosaic_generated_004_t_025 | pool_v2v_veh_1_veh_4 | DIRECT_V2V | 0,000000 | 10000000,000000 | 0,000000 | false | false | 0
10 | mosaic_generated_004_t_025 | pool_v2v_veh_2_veh_3 | DIRECT_V2V | 0,000000 | 10000000,000000 | 0,000000 | false | false | 0
10 | mosaic_generated_004_t_025 | pool_v2v_veh_2_veh_4 | DIRECT_V2V | 0,000000 | 10000000,000000 | 0,000000 | false | false | 0
10 | mosaic_generated_004_t_025 | pool_v2v_veh_3_veh_4 | DIRECT_V2V | 0,000000 | 10000000,000000 | 0,000000 | false | false | 0
10 | mosaic_generated_004_t_025 | pool_rsu_central | GATEWAY | 0,000000 | 8000000,000000 | 0,000000 | false | false | 0
10 | mosaic_generated_004_t_025 | pool_rsu_north | GATEWAY | 0,000000 | 39788400,000000 | 0,000000 | false | false | 0
11 | mosaic_generated_005_t_030 | pool_v2v_veh_0_veh_1 | DIRECT_V2V | 0,000000 | 10000000,000000 | 0,000000 | false | false | 0
11 | mosaic_generated_005_t_030 | pool_v2v_veh_0_veh_2 | DIRECT_V2V | 0,000000 | 10000000,000000 | 0,000000 | false | false | 0
11 | mosaic_generated_005_t_030 | pool_v2v_veh_0_veh_3 | DIRECT_V2V | 0,000000 | 10000000,000000 | 0,000000 | false | false | 0
11 | mosaic_generated_005_t_030 | pool_v2v_veh_0_veh_4 | DIRECT_V2V | 0,000000 | 10000000,000000 | 0,000000 | false | false | 0
11 | mosaic_generated_005_t_030 | pool_v2v_veh_1_veh_2 | DIRECT_V2V | 0,000000 | 10000000,000000 | 0,000000 | false | false | 0
11 | mosaic_generated_005_t_030 | pool_v2v_veh_1_veh_3 | DIRECT_V2V | 0,000000 | 10000000,000000 | 0,000000 | false | false | 0
11 | mosaic_generated_005_t_030 | pool_v2v_veh_1_veh_4 | DIRECT_V2V | 0,000000 | 10000000,000000 | 0,000000 | false | false | 0
11 | mosaic_generated_005_t_030 | pool_v2v_veh_1_veh_5 | DIRECT_V2V | 0,000000 | 10000000,000000 | 0,000000 | false | false | 0
11 | mosaic_generated_005_t_030 | pool_v2v_veh_2_veh_3 | DIRECT_V2V | 0,000000 | 10000000,000000 | 0,000000 | false | false | 0
11 | mosaic_generated_005_t_030 | pool_v2v_veh_2_veh_4 | DIRECT_V2V | 0,000000 | 10000000,000000 | 0,000000 | false | false | 0
11 | mosaic_generated_005_t_030 | pool_v2v_veh_2_veh_5 | DIRECT_V2V | 0,000000 | 10000000,000000 | 0,000000 | false | false | 0
11 | mosaic_generated_005_t_030 | pool_v2v_veh_3_veh_4 | DIRECT_V2V | 0,000000 | 10000000,000000 | 0,000000 | false | false | 0
11 | mosaic_generated_005_t_030 | pool_v2v_veh_3_veh_5 | DIRECT_V2V | 0,000000 | 10000000,000000 | 0,000000 | false | false | 0
11 | mosaic_generated_005_t_030 | pool_v2v_veh_4_veh_5 | DIRECT_V2V | 0,000000 | 10000000,000000 | 0,000000 | false | false | 0
11 | mosaic_generated_005_t_030 | pool_rsu_central | GATEWAY | 0,000000 | 8000000,000000 | 0,000000 | false | false | 0
11 | mosaic_generated_005_t_030 | pool_rsu_north | GATEWAY | 0,000000 | 39746080,000000 | 0,000000 | false | false | 0
12 | mosaic_generated_005_t_030 | pool_v2v_veh_0_veh_1 | DIRECT_V2V | 0,000000 | 10000000,000000 | 0,000000 | false | false | 0
12 | mosaic_generated_005_t_030 | pool_v2v_veh_0_veh_2 | DIRECT_V2V | 0,000000 | 10000000,000000 | 0,000000 | false | false | 0
12 | mosaic_generated_005_t_030 | pool_v2v_veh_0_veh_3 | DIRECT_V2V | 0,000000 | 10000000,000000 | 0,000000 | false | false | 0
12 | mosaic_generated_005_t_030 | pool_v2v_veh_0_veh_4 | DIRECT_V2V | 0,000000 | 10000000,000000 | 0,000000 | false | false | 0
12 | mosaic_generated_005_t_030 | pool_v2v_veh_1_veh_2 | DIRECT_V2V | 0,000000 | 10000000,000000 | 0,000000 | false | false | 0
12 | mosaic_generated_005_t_030 | pool_v2v_veh_1_veh_3 | DIRECT_V2V | 0,000000 | 10000000,000000 | 0,000000 | false | false | 0
12 | mosaic_generated_005_t_030 | pool_v2v_veh_1_veh_4 | DIRECT_V2V | 0,000000 | 10000000,000000 | 0,000000 | false | false | 0
12 | mosaic_generated_005_t_030 | pool_v2v_veh_1_veh_5 | DIRECT_V2V | 0,000000 | 10000000,000000 | 0,000000 | false | false | 0
12 | mosaic_generated_005_t_030 | pool_v2v_veh_2_veh_3 | DIRECT_V2V | 0,000000 | 10000000,000000 | 0,000000 | false | false | 0
12 | mosaic_generated_005_t_030 | pool_v2v_veh_2_veh_4 | DIRECT_V2V | 0,000000 | 10000000,000000 | 0,000000 | false | false | 0
12 | mosaic_generated_005_t_030 | pool_v2v_veh_2_veh_5 | DIRECT_V2V | 0,000000 | 10000000,000000 | 0,000000 | false | false | 0
12 | mosaic_generated_005_t_030 | pool_v2v_veh_3_veh_4 | DIRECT_V2V | 0,000000 | 10000000,000000 | 0,000000 | false | false | 0
12 | mosaic_generated_005_t_030 | pool_v2v_veh_3_veh_5 | DIRECT_V2V | 0,000000 | 10000000,000000 | 0,000000 | false | false | 0
12 | mosaic_generated_005_t_030 | pool_v2v_veh_4_veh_5 | DIRECT_V2V | 0,000000 | 10000000,000000 | 0,000000 | false | false | 0
12 | mosaic_generated_005_t_030 | pool_rsu_central | GATEWAY | 0,000000 | 8000000,000000 | 0,000000 | false | false | 0
12 | mosaic_generated_005_t_030 | pool_rsu_north | GATEWAY | 0,000000 | 39746080,000000 | 0,000000 | false | false | 0
13 | mosaic_generated_005_t_030 | pool_v2v_veh_0_veh_1 | DIRECT_V2V | 0,000000 | 10000000,000000 | 0,000000 | false | false | 0
13 | mosaic_generated_005_t_030 | pool_v2v_veh_0_veh_2 | DIRECT_V2V | 0,000000 | 10000000,000000 | 0,000000 | false | false | 0
13 | mosaic_generated_005_t_030 | pool_v2v_veh_0_veh_3 | DIRECT_V2V | 0,000000 | 10000000,000000 | 0,000000 | false | false | 0
13 | mosaic_generated_005_t_030 | pool_v2v_veh_0_veh_4 | DIRECT_V2V | 0,000000 | 10000000,000000 | 0,000000 | false | false | 0
13 | mosaic_generated_005_t_030 | pool_v2v_veh_1_veh_2 | DIRECT_V2V | 0,000000 | 10000000,000000 | 0,000000 | false | false | 0
13 | mosaic_generated_005_t_030 | pool_v2v_veh_1_veh_3 | DIRECT_V2V | 0,000000 | 10000000,000000 | 0,000000 | false | false | 0
13 | mosaic_generated_005_t_030 | pool_v2v_veh_1_veh_4 | DIRECT_V2V | 0,000000 | 10000000,000000 | 0,000000 | false | false | 0
13 | mosaic_generated_005_t_030 | pool_v2v_veh_1_veh_5 | DIRECT_V2V | 0,000000 | 10000000,000000 | 0,000000 | false | false | 0
13 | mosaic_generated_005_t_030 | pool_v2v_veh_2_veh_3 | DIRECT_V2V | 0,000000 | 10000000,000000 | 0,000000 | false | false | 0
13 | mosaic_generated_005_t_030 | pool_v2v_veh_2_veh_4 | DIRECT_V2V | 0,000000 | 10000000,000000 | 0,000000 | false | false | 0
13 | mosaic_generated_005_t_030 | pool_v2v_veh_2_veh_5 | DIRECT_V2V | 0,000000 | 10000000,000000 | 0,000000 | false | false | 0
13 | mosaic_generated_005_t_030 | pool_v2v_veh_3_veh_4 | DIRECT_V2V | 0,000000 | 10000000,000000 | 0,000000 | false | false | 0
13 | mosaic_generated_005_t_030 | pool_v2v_veh_3_veh_5 | DIRECT_V2V | 0,000000 | 10000000,000000 | 0,000000 | false | false | 0
13 | mosaic_generated_005_t_030 | pool_v2v_veh_4_veh_5 | DIRECT_V2V | 0,000000 | 10000000,000000 | 0,000000 | false | false | 0
13 | mosaic_generated_005_t_030 | pool_rsu_central | GATEWAY | 0,000000 | 8000000,000000 | 0,000000 | false | false | 0
13 | mosaic_generated_005_t_030 | pool_rsu_north | GATEWAY | 0,000000 | 39746080,000000 | 0,000000 | false | false | 0
14 | mosaic_generated_005_t_030 | pool_v2v_veh_0_veh_1 | DIRECT_V2V | 0,000000 | 10000000,000000 | 0,000000 | false | false | 0
14 | mosaic_generated_005_t_030 | pool_v2v_veh_0_veh_2 | DIRECT_V2V | 0,000000 | 10000000,000000 | 0,000000 | false | false | 0
14 | mosaic_generated_005_t_030 | pool_v2v_veh_0_veh_3 | DIRECT_V2V | 0,000000 | 10000000,000000 | 0,000000 | false | false | 0
14 | mosaic_generated_005_t_030 | pool_v2v_veh_0_veh_4 | DIRECT_V2V | 0,000000 | 10000000,000000 | 0,000000 | false | false | 0
14 | mosaic_generated_005_t_030 | pool_v2v_veh_1_veh_2 | DIRECT_V2V | 0,000000 | 10000000,000000 | 0,000000 | false | false | 0
14 | mosaic_generated_005_t_030 | pool_v2v_veh_1_veh_3 | DIRECT_V2V | 0,000000 | 10000000,000000 | 0,000000 | false | false | 0
14 | mosaic_generated_005_t_030 | pool_v2v_veh_1_veh_4 | DIRECT_V2V | 0,000000 | 10000000,000000 | 0,000000 | false | false | 0
14 | mosaic_generated_005_t_030 | pool_v2v_veh_1_veh_5 | DIRECT_V2V | 0,000000 | 10000000,000000 | 0,000000 | false | false | 0
14 | mosaic_generated_005_t_030 | pool_v2v_veh_2_veh_3 | DIRECT_V2V | 0,000000 | 10000000,000000 | 0,000000 | false | false | 0
14 | mosaic_generated_005_t_030 | pool_v2v_veh_2_veh_4 | DIRECT_V2V | 0,000000 | 10000000,000000 | 0,000000 | false | false | 0
14 | mosaic_generated_005_t_030 | pool_v2v_veh_2_veh_5 | DIRECT_V2V | 0,000000 | 10000000,000000 | 0,000000 | false | false | 0
14 | mosaic_generated_005_t_030 | pool_v2v_veh_3_veh_4 | DIRECT_V2V | 0,000000 | 10000000,000000 | 0,000000 | false | false | 0
14 | mosaic_generated_005_t_030 | pool_v2v_veh_3_veh_5 | DIRECT_V2V | 0,000000 | 10000000,000000 | 0,000000 | false | false | 0
14 | mosaic_generated_005_t_030 | pool_v2v_veh_4_veh_5 | DIRECT_V2V | 0,000000 | 10000000,000000 | 0,000000 | false | false | 0
14 | mosaic_generated_005_t_030 | pool_rsu_central | GATEWAY | 0,000000 | 8000000,000000 | 0,000000 | false | false | 0
14 | mosaic_generated_005_t_030 | pool_rsu_north | GATEWAY | 0,000000 | 39746080,000000 | 0,000000 | false | false | 0
15 | mosaic_generated_005_t_030 | pool_v2v_veh_0_veh_1 | DIRECT_V2V | 0,000000 | 10000000,000000 | 0,000000 | false | false | 0
15 | mosaic_generated_005_t_030 | pool_v2v_veh_0_veh_2 | DIRECT_V2V | 0,000000 | 10000000,000000 | 0,000000 | false | false | 0
15 | mosaic_generated_005_t_030 | pool_v2v_veh_0_veh_3 | DIRECT_V2V | 0,000000 | 10000000,000000 | 0,000000 | false | false | 0
15 | mosaic_generated_005_t_030 | pool_v2v_veh_0_veh_4 | DIRECT_V2V | 0,000000 | 10000000,000000 | 0,000000 | false | false | 0
15 | mosaic_generated_005_t_030 | pool_v2v_veh_1_veh_2 | DIRECT_V2V | 0,000000 | 10000000,000000 | 0,000000 | false | false | 0
15 | mosaic_generated_005_t_030 | pool_v2v_veh_1_veh_3 | DIRECT_V2V | 0,000000 | 10000000,000000 | 0,000000 | false | false | 0
15 | mosaic_generated_005_t_030 | pool_v2v_veh_1_veh_4 | DIRECT_V2V | 0,000000 | 10000000,000000 | 0,000000 | false | false | 0
15 | mosaic_generated_005_t_030 | pool_v2v_veh_1_veh_5 | DIRECT_V2V | 0,000000 | 10000000,000000 | 0,000000 | false | false | 0
15 | mosaic_generated_005_t_030 | pool_v2v_veh_2_veh_3 | DIRECT_V2V | 0,000000 | 10000000,000000 | 0,000000 | false | false | 0
15 | mosaic_generated_005_t_030 | pool_v2v_veh_2_veh_4 | DIRECT_V2V | 0,000000 | 10000000,000000 | 0,000000 | false | false | 0
15 | mosaic_generated_005_t_030 | pool_v2v_veh_2_veh_5 | DIRECT_V2V | 0,000000 | 10000000,000000 | 0,000000 | false | false | 0
15 | mosaic_generated_005_t_030 | pool_v2v_veh_3_veh_4 | DIRECT_V2V | 0,000000 | 10000000,000000 | 0,000000 | false | false | 0
15 | mosaic_generated_005_t_030 | pool_v2v_veh_3_veh_5 | DIRECT_V2V | 0,000000 | 10000000,000000 | 0,000000 | false | false | 0
15 | mosaic_generated_005_t_030 | pool_v2v_veh_4_veh_5 | DIRECT_V2V | 0,000000 | 10000000,000000 | 0,000000 | false | false | 0
15 | mosaic_generated_005_t_030 | pool_rsu_central | GATEWAY | 0,000000 | 8000000,000000 | 0,000000 | false | false | 0
15 | mosaic_generated_005_t_030 | pool_rsu_north | GATEWAY | 0,000000 | 39746080,000000 | 0,000000 | false | false | 0
16 | mosaic_generated_005_t_030 | pool_v2v_veh_0_veh_1 | DIRECT_V2V | 0,000000 | 10000000,000000 | 0,000000 | false | false | 0
16 | mosaic_generated_005_t_030 | pool_v2v_veh_0_veh_2 | DIRECT_V2V | 0,000000 | 10000000,000000 | 0,000000 | false | false | 0
16 | mosaic_generated_005_t_030 | pool_v2v_veh_0_veh_3 | DIRECT_V2V | 0,000000 | 10000000,000000 | 0,000000 | false | false | 0
16 | mosaic_generated_005_t_030 | pool_v2v_veh_0_veh_4 | DIRECT_V2V | 0,000000 | 10000000,000000 | 0,000000 | false | false | 0
16 | mosaic_generated_005_t_030 | pool_v2v_veh_1_veh_2 | DIRECT_V2V | 0,000000 | 10000000,000000 | 0,000000 | false | false | 0
16 | mosaic_generated_005_t_030 | pool_v2v_veh_1_veh_3 | DIRECT_V2V | 0,000000 | 10000000,000000 | 0,000000 | false | false | 0
16 | mosaic_generated_005_t_030 | pool_v2v_veh_1_veh_4 | DIRECT_V2V | 0,000000 | 10000000,000000 | 0,000000 | false | false | 0
16 | mosaic_generated_005_t_030 | pool_v2v_veh_1_veh_5 | DIRECT_V2V | 0,000000 | 10000000,000000 | 0,000000 | false | false | 0
16 | mosaic_generated_005_t_030 | pool_v2v_veh_2_veh_3 | DIRECT_V2V | 0,000000 | 10000000,000000 | 0,000000 | false | false | 0
16 | mosaic_generated_005_t_030 | pool_v2v_veh_2_veh_4 | DIRECT_V2V | 0,000000 | 10000000,000000 | 0,000000 | false | false | 0
16 | mosaic_generated_005_t_030 | pool_v2v_veh_2_veh_5 | DIRECT_V2V | 0,000000 | 10000000,000000 | 0,000000 | false | false | 0
16 | mosaic_generated_005_t_030 | pool_v2v_veh_3_veh_4 | DIRECT_V2V | 0,000000 | 10000000,000000 | 0,000000 | false | false | 0
16 | mosaic_generated_005_t_030 | pool_v2v_veh_3_veh_5 | DIRECT_V2V | 0,000000 | 10000000,000000 | 0,000000 | false | false | 0
16 | mosaic_generated_005_t_030 | pool_v2v_veh_4_veh_5 | DIRECT_V2V | 0,000000 | 10000000,000000 | 0,000000 | false | false | 0
16 | mosaic_generated_005_t_030 | pool_rsu_central | GATEWAY | 0,000000 | 8000000,000000 | 0,000000 | false | false | 0
16 | mosaic_generated_005_t_030 | pool_rsu_north | GATEWAY | 0,000000 | 39746080,000000 | 0,000000 | false | false | 0
17 | mosaic_generated_005_t_030 | pool_v2v_veh_0_veh_1 | DIRECT_V2V | 0,000000 | 10000000,000000 | 0,000000 | false | false | 0
17 | mosaic_generated_005_t_030 | pool_v2v_veh_0_veh_2 | DIRECT_V2V | 0,000000 | 10000000,000000 | 0,000000 | false | false | 0
17 | mosaic_generated_005_t_030 | pool_v2v_veh_0_veh_3 | DIRECT_V2V | 0,000000 | 10000000,000000 | 0,000000 | false | false | 0
17 | mosaic_generated_005_t_030 | pool_v2v_veh_0_veh_4 | DIRECT_V2V | 0,000000 | 10000000,000000 | 0,000000 | false | false | 0
17 | mosaic_generated_005_t_030 | pool_v2v_veh_1_veh_2 | DIRECT_V2V | 0,000000 | 10000000,000000 | 0,000000 | false | false | 0
17 | mosaic_generated_005_t_030 | pool_v2v_veh_1_veh_3 | DIRECT_V2V | 0,000000 | 10000000,000000 | 0,000000 | false | false | 0
17 | mosaic_generated_005_t_030 | pool_v2v_veh_1_veh_4 | DIRECT_V2V | 0,000000 | 10000000,000000 | 0,000000 | false | false | 0
17 | mosaic_generated_005_t_030 | pool_v2v_veh_1_veh_5 | DIRECT_V2V | 0,000000 | 10000000,000000 | 0,000000 | false | false | 0
17 | mosaic_generated_005_t_030 | pool_v2v_veh_2_veh_3 | DIRECT_V2V | 0,000000 | 10000000,000000 | 0,000000 | false | false | 0
17 | mosaic_generated_005_t_030 | pool_v2v_veh_2_veh_4 | DIRECT_V2V | 0,000000 | 10000000,000000 | 0,000000 | false | false | 0
17 | mosaic_generated_005_t_030 | pool_v2v_veh_2_veh_5 | DIRECT_V2V | 0,000000 | 10000000,000000 | 0,000000 | false | false | 0
17 | mosaic_generated_005_t_030 | pool_v2v_veh_3_veh_4 | DIRECT_V2V | 0,000000 | 10000000,000000 | 0,000000 | false | false | 0
17 | mosaic_generated_005_t_030 | pool_v2v_veh_3_veh_5 | DIRECT_V2V | 0,000000 | 10000000,000000 | 0,000000 | false | false | 0
17 | mosaic_generated_005_t_030 | pool_v2v_veh_4_veh_5 | DIRECT_V2V | 0,000000 | 10000000,000000 | 0,000000 | false | false | 0
17 | mosaic_generated_005_t_030 | pool_rsu_central | GATEWAY | 0,000000 | 8000000,000000 | 0,000000 | false | false | 0
17 | mosaic_generated_005_t_030 | pool_rsu_north | GATEWAY | 0,000000 | 39746080,000000 | 0,000000 | false | false | 0
18 | mosaic_generated_005_t_030 | pool_v2v_veh_0_veh_1 | DIRECT_V2V | 0,000000 | 10000000,000000 | 0,000000 | false | false | 0
18 | mosaic_generated_005_t_030 | pool_v2v_veh_0_veh_2 | DIRECT_V2V | 0,000000 | 10000000,000000 | 0,000000 | false | false | 0
18 | mosaic_generated_005_t_030 | pool_v2v_veh_0_veh_3 | DIRECT_V2V | 0,000000 | 10000000,000000 | 0,000000 | false | false | 0
18 | mosaic_generated_005_t_030 | pool_v2v_veh_0_veh_4 | DIRECT_V2V | 0,000000 | 10000000,000000 | 0,000000 | false | false | 0
18 | mosaic_generated_005_t_030 | pool_v2v_veh_1_veh_2 | DIRECT_V2V | 0,000000 | 10000000,000000 | 0,000000 | false | false | 0
18 | mosaic_generated_005_t_030 | pool_v2v_veh_1_veh_3 | DIRECT_V2V | 0,000000 | 10000000,000000 | 0,000000 | false | false | 0
18 | mosaic_generated_005_t_030 | pool_v2v_veh_1_veh_4 | DIRECT_V2V | 0,000000 | 10000000,000000 | 0,000000 | false | false | 0
18 | mosaic_generated_005_t_030 | pool_v2v_veh_1_veh_5 | DIRECT_V2V | 0,000000 | 10000000,000000 | 0,000000 | false | false | 0
18 | mosaic_generated_005_t_030 | pool_v2v_veh_2_veh_3 | DIRECT_V2V | 0,000000 | 10000000,000000 | 0,000000 | false | false | 0
18 | mosaic_generated_005_t_030 | pool_v2v_veh_2_veh_4 | DIRECT_V2V | 0,000000 | 10000000,000000 | 0,000000 | false | false | 0
18 | mosaic_generated_005_t_030 | pool_v2v_veh_2_veh_5 | DIRECT_V2V | 0,000000 | 10000000,000000 | 0,000000 | false | false | 0
18 | mosaic_generated_005_t_030 | pool_v2v_veh_3_veh_4 | DIRECT_V2V | 0,000000 | 10000000,000000 | 0,000000 | false | false | 0
18 | mosaic_generated_005_t_030 | pool_v2v_veh_3_veh_5 | DIRECT_V2V | 0,000000 | 10000000,000000 | 0,000000 | false | false | 0
18 | mosaic_generated_005_t_030 | pool_v2v_veh_4_veh_5 | DIRECT_V2V | 0,000000 | 10000000,000000 | 0,000000 | false | false | 0
18 | mosaic_generated_005_t_030 | pool_rsu_central | GATEWAY | 0,000000 | 8000000,000000 | 0,000000 | false | false | 0
18 | mosaic_generated_005_t_030 | pool_rsu_north | GATEWAY | 0,000000 | 39746080,000000 | 0,000000 | false | false | 0
19 | mosaic_generated_005_t_030 | pool_v2v_veh_0_veh_1 | DIRECT_V2V | 0,000000 | 10000000,000000 | 0,000000 | false | false | 0
19 | mosaic_generated_005_t_030 | pool_v2v_veh_0_veh_2 | DIRECT_V2V | 0,000000 | 10000000,000000 | 0,000000 | false | false | 0
19 | mosaic_generated_005_t_030 | pool_v2v_veh_0_veh_3 | DIRECT_V2V | 0,000000 | 10000000,000000 | 0,000000 | false | false | 0
19 | mosaic_generated_005_t_030 | pool_v2v_veh_0_veh_4 | DIRECT_V2V | 0,000000 | 10000000,000000 | 0,000000 | false | false | 0
19 | mosaic_generated_005_t_030 | pool_v2v_veh_1_veh_2 | DIRECT_V2V | 0,000000 | 10000000,000000 | 0,000000 | false | false | 0
19 | mosaic_generated_005_t_030 | pool_v2v_veh_1_veh_3 | DIRECT_V2V | 0,000000 | 10000000,000000 | 0,000000 | false | false | 0
19 | mosaic_generated_005_t_030 | pool_v2v_veh_1_veh_4 | DIRECT_V2V | 0,000000 | 10000000,000000 | 0,000000 | false | false | 0
19 | mosaic_generated_005_t_030 | pool_v2v_veh_1_veh_5 | DIRECT_V2V | 0,000000 | 10000000,000000 | 0,000000 | false | false | 0
19 | mosaic_generated_005_t_030 | pool_v2v_veh_2_veh_3 | DIRECT_V2V | 0,000000 | 10000000,000000 | 0,000000 | false | false | 0
19 | mosaic_generated_005_t_030 | pool_v2v_veh_2_veh_4 | DIRECT_V2V | 0,000000 | 10000000,000000 | 0,000000 | false | false | 0
19 | mosaic_generated_005_t_030 | pool_v2v_veh_2_veh_5 | DIRECT_V2V | 0,000000 | 10000000,000000 | 0,000000 | false | false | 0
19 | mosaic_generated_005_t_030 | pool_v2v_veh_3_veh_4 | DIRECT_V2V | 0,000000 | 10000000,000000 | 0,000000 | false | false | 0
19 | mosaic_generated_005_t_030 | pool_v2v_veh_3_veh_5 | DIRECT_V2V | 0,000000 | 10000000,000000 | 0,000000 | false | false | 0
19 | mosaic_generated_005_t_030 | pool_v2v_veh_4_veh_5 | DIRECT_V2V | 0,000000 | 10000000,000000 | 0,000000 | false | false | 0
19 | mosaic_generated_005_t_030 | pool_rsu_central | GATEWAY | 0,000000 | 8000000,000000 | 0,000000 | false | false | 0
19 | mosaic_generated_005_t_030 | pool_rsu_north | GATEWAY | 0,000000 | 39746080,000000 | 0,000000 | false | false | 0
20 | mosaic_generated_005_t_030 | pool_v2v_veh_0_veh_1 | DIRECT_V2V | 0,000000 | 10000000,000000 | 0,000000 | false | false | 0
20 | mosaic_generated_005_t_030 | pool_v2v_veh_0_veh_2 | DIRECT_V2V | 0,000000 | 10000000,000000 | 0,000000 | false | false | 0
20 | mosaic_generated_005_t_030 | pool_v2v_veh_0_veh_3 | DIRECT_V2V | 0,000000 | 10000000,000000 | 0,000000 | false | false | 0
20 | mosaic_generated_005_t_030 | pool_v2v_veh_0_veh_4 | DIRECT_V2V | 0,000000 | 10000000,000000 | 0,000000 | false | false | 0
20 | mosaic_generated_005_t_030 | pool_v2v_veh_1_veh_2 | DIRECT_V2V | 0,000000 | 10000000,000000 | 0,000000 | false | false | 0
20 | mosaic_generated_005_t_030 | pool_v2v_veh_1_veh_3 | DIRECT_V2V | 0,000000 | 10000000,000000 | 0,000000 | false | false | 0
20 | mosaic_generated_005_t_030 | pool_v2v_veh_1_veh_4 | DIRECT_V2V | 0,000000 | 10000000,000000 | 0,000000 | false | false | 0
20 | mosaic_generated_005_t_030 | pool_v2v_veh_1_veh_5 | DIRECT_V2V | 0,000000 | 10000000,000000 | 0,000000 | false | false | 0
20 | mosaic_generated_005_t_030 | pool_v2v_veh_2_veh_3 | DIRECT_V2V | 0,000000 | 10000000,000000 | 0,000000 | false | false | 0
20 | mosaic_generated_005_t_030 | pool_v2v_veh_2_veh_4 | DIRECT_V2V | 0,000000 | 10000000,000000 | 0,000000 | false | false | 0
20 | mosaic_generated_005_t_030 | pool_v2v_veh_2_veh_5 | DIRECT_V2V | 0,000000 | 10000000,000000 | 0,000000 | false | false | 0
20 | mosaic_generated_005_t_030 | pool_v2v_veh_3_veh_4 | DIRECT_V2V | 0,000000 | 10000000,000000 | 0,000000 | false | false | 0
20 | mosaic_generated_005_t_030 | pool_v2v_veh_3_veh_5 | DIRECT_V2V | 0,000000 | 10000000,000000 | 0,000000 | false | false | 0
20 | mosaic_generated_005_t_030 | pool_v2v_veh_4_veh_5 | DIRECT_V2V | 0,000000 | 10000000,000000 | 0,000000 | false | false | 0
20 | mosaic_generated_005_t_030 | pool_rsu_central | GATEWAY | 0,000000 | 8000000,000000 | 0,000000 | false | false | 0
20 | mosaic_generated_005_t_030 | pool_rsu_north | GATEWAY | 0,000000 | 39746080,000000 | 0,000000 | false | false | 0
21 | mosaic_generated_005_t_030 | pool_v2v_veh_0_veh_1 | DIRECT_V2V | 0,000000 | 10000000,000000 | 0,000000 | false | false | 0
21 | mosaic_generated_005_t_030 | pool_v2v_veh_0_veh_2 | DIRECT_V2V | 0,000000 | 10000000,000000 | 0,000000 | false | false | 0
21 | mosaic_generated_005_t_030 | pool_v2v_veh_0_veh_3 | DIRECT_V2V | 0,000000 | 10000000,000000 | 0,000000 | false | false | 0
21 | mosaic_generated_005_t_030 | pool_v2v_veh_0_veh_4 | DIRECT_V2V | 0,000000 | 10000000,000000 | 0,000000 | false | false | 0
21 | mosaic_generated_005_t_030 | pool_v2v_veh_1_veh_2 | DIRECT_V2V | 0,000000 | 10000000,000000 | 0,000000 | false | false | 0
21 | mosaic_generated_005_t_030 | pool_v2v_veh_1_veh_3 | DIRECT_V2V | 0,000000 | 10000000,000000 | 0,000000 | false | false | 0
21 | mosaic_generated_005_t_030 | pool_v2v_veh_1_veh_4 | DIRECT_V2V | 0,000000 | 10000000,000000 | 0,000000 | false | false | 0
21 | mosaic_generated_005_t_030 | pool_v2v_veh_1_veh_5 | DIRECT_V2V | 0,000000 | 10000000,000000 | 0,000000 | false | false | 0
21 | mosaic_generated_005_t_030 | pool_v2v_veh_2_veh_3 | DIRECT_V2V | 0,000000 | 10000000,000000 | 0,000000 | false | false | 0
21 | mosaic_generated_005_t_030 | pool_v2v_veh_2_veh_4 | DIRECT_V2V | 0,000000 | 10000000,000000 | 0,000000 | false | false | 0
21 | mosaic_generated_005_t_030 | pool_v2v_veh_2_veh_5 | DIRECT_V2V | 0,000000 | 10000000,000000 | 0,000000 | false | false | 0
21 | mosaic_generated_005_t_030 | pool_v2v_veh_3_veh_4 | DIRECT_V2V | 0,000000 | 10000000,000000 | 0,000000 | false | false | 0
21 | mosaic_generated_005_t_030 | pool_v2v_veh_3_veh_5 | DIRECT_V2V | 0,000000 | 10000000,000000 | 0,000000 | false | false | 0
21 | mosaic_generated_005_t_030 | pool_v2v_veh_4_veh_5 | DIRECT_V2V | 0,000000 | 10000000,000000 | 0,000000 | false | false | 0
21 | mosaic_generated_005_t_030 | pool_rsu_central | GATEWAY | 0,000000 | 8000000,000000 | 0,000000 | false | false | 0
21 | mosaic_generated_005_t_030 | pool_rsu_north | GATEWAY | 0,000000 | 39746080,000000 | 0,000000 | false | false | 0
22 | mosaic_generated_005_t_030 | pool_v2v_veh_0_veh_1 | DIRECT_V2V | 0,000000 | 10000000,000000 | 0,000000 | false | false | 0
22 | mosaic_generated_005_t_030 | pool_v2v_veh_0_veh_2 | DIRECT_V2V | 0,000000 | 10000000,000000 | 0,000000 | false | false | 0
22 | mosaic_generated_005_t_030 | pool_v2v_veh_0_veh_3 | DIRECT_V2V | 0,000000 | 10000000,000000 | 0,000000 | false | false | 0
22 | mosaic_generated_005_t_030 | pool_v2v_veh_0_veh_4 | DIRECT_V2V | 0,000000 | 10000000,000000 | 0,000000 | false | false | 0
22 | mosaic_generated_005_t_030 | pool_v2v_veh_1_veh_2 | DIRECT_V2V | 0,000000 | 10000000,000000 | 0,000000 | false | false | 0
22 | mosaic_generated_005_t_030 | pool_v2v_veh_1_veh_3 | DIRECT_V2V | 0,000000 | 10000000,000000 | 0,000000 | false | false | 0
22 | mosaic_generated_005_t_030 | pool_v2v_veh_1_veh_4 | DIRECT_V2V | 0,000000 | 10000000,000000 | 0,000000 | false | false | 0
22 | mosaic_generated_005_t_030 | pool_v2v_veh_1_veh_5 | DIRECT_V2V | 0,000000 | 10000000,000000 | 0,000000 | false | false | 0
22 | mosaic_generated_005_t_030 | pool_v2v_veh_2_veh_3 | DIRECT_V2V | 0,000000 | 10000000,000000 | 0,000000 | false | false | 0
22 | mosaic_generated_005_t_030 | pool_v2v_veh_2_veh_4 | DIRECT_V2V | 0,000000 | 10000000,000000 | 0,000000 | false | false | 0
22 | mosaic_generated_005_t_030 | pool_v2v_veh_2_veh_5 | DIRECT_V2V | 0,000000 | 10000000,000000 | 0,000000 | false | false | 0
22 | mosaic_generated_005_t_030 | pool_v2v_veh_3_veh_4 | DIRECT_V2V | 0,000000 | 10000000,000000 | 0,000000 | false | false | 0
22 | mosaic_generated_005_t_030 | pool_v2v_veh_3_veh_5 | DIRECT_V2V | 0,000000 | 10000000,000000 | 0,000000 | false | false | 0
22 | mosaic_generated_005_t_030 | pool_v2v_veh_4_veh_5 | DIRECT_V2V | 0,000000 | 10000000,000000 | 0,000000 | false | false | 0
22 | mosaic_generated_005_t_030 | pool_rsu_central | GATEWAY | 0,000000 | 8000000,000000 | 0,000000 | false | false | 0
22 | mosaic_generated_005_t_030 | pool_rsu_north | GATEWAY | 0,000000 | 39746080,000000 | 0,000000 | false | false | 0
23 | mosaic_generated_005_t_030 | pool_v2v_veh_0_veh_1 | DIRECT_V2V | 0,000000 | 10000000,000000 | 0,000000 | false | false | 0
23 | mosaic_generated_005_t_030 | pool_v2v_veh_0_veh_2 | DIRECT_V2V | 0,000000 | 10000000,000000 | 0,000000 | false | false | 0
23 | mosaic_generated_005_t_030 | pool_v2v_veh_0_veh_3 | DIRECT_V2V | 0,000000 | 10000000,000000 | 0,000000 | false | false | 0
23 | mosaic_generated_005_t_030 | pool_v2v_veh_0_veh_4 | DIRECT_V2V | 0,000000 | 10000000,000000 | 0,000000 | false | false | 0
23 | mosaic_generated_005_t_030 | pool_v2v_veh_1_veh_2 | DIRECT_V2V | 0,000000 | 10000000,000000 | 0,000000 | false | false | 0
23 | mosaic_generated_005_t_030 | pool_v2v_veh_1_veh_3 | DIRECT_V2V | 0,000000 | 10000000,000000 | 0,000000 | false | false | 0
23 | mosaic_generated_005_t_030 | pool_v2v_veh_1_veh_4 | DIRECT_V2V | 0,000000 | 10000000,000000 | 0,000000 | false | false | 0
23 | mosaic_generated_005_t_030 | pool_v2v_veh_1_veh_5 | DIRECT_V2V | 0,000000 | 10000000,000000 | 0,000000 | false | false | 0
23 | mosaic_generated_005_t_030 | pool_v2v_veh_2_veh_3 | DIRECT_V2V | 0,000000 | 10000000,000000 | 0,000000 | false | false | 0
23 | mosaic_generated_005_t_030 | pool_v2v_veh_2_veh_4 | DIRECT_V2V | 0,000000 | 10000000,000000 | 0,000000 | false | false | 0
23 | mosaic_generated_005_t_030 | pool_v2v_veh_2_veh_5 | DIRECT_V2V | 0,000000 | 10000000,000000 | 0,000000 | false | false | 0
23 | mosaic_generated_005_t_030 | pool_v2v_veh_3_veh_4 | DIRECT_V2V | 0,000000 | 10000000,000000 | 0,000000 | false | false | 0
23 | mosaic_generated_005_t_030 | pool_v2v_veh_3_veh_5 | DIRECT_V2V | 0,000000 | 10000000,000000 | 0,000000 | false | false | 0
23 | mosaic_generated_005_t_030 | pool_v2v_veh_4_veh_5 | DIRECT_V2V | 0,000000 | 10000000,000000 | 0,000000 | false | false | 0
23 | mosaic_generated_005_t_030 | pool_rsu_central | GATEWAY | 0,000000 | 8000000,000000 | 0,000000 | false | false | 0
23 | mosaic_generated_005_t_030 | pool_rsu_north | GATEWAY | 0,000000 | 39746080,000000 | 0,000000 | false | false | 0
24 | mosaic_generated_005_t_030 | pool_v2v_veh_0_veh_1 | DIRECT_V2V | 0,000000 | 10000000,000000 | 0,000000 | false | false | 0
24 | mosaic_generated_005_t_030 | pool_v2v_veh_0_veh_2 | DIRECT_V2V | 0,000000 | 10000000,000000 | 0,000000 | false | false | 0
24 | mosaic_generated_005_t_030 | pool_v2v_veh_0_veh_3 | DIRECT_V2V | 0,000000 | 10000000,000000 | 0,000000 | false | false | 0
24 | mosaic_generated_005_t_030 | pool_v2v_veh_0_veh_4 | DIRECT_V2V | 0,000000 | 10000000,000000 | 0,000000 | false | false | 0
24 | mosaic_generated_005_t_030 | pool_v2v_veh_1_veh_2 | DIRECT_V2V | 0,000000 | 10000000,000000 | 0,000000 | false | false | 0
24 | mosaic_generated_005_t_030 | pool_v2v_veh_1_veh_3 | DIRECT_V2V | 0,000000 | 10000000,000000 | 0,000000 | false | false | 0
24 | mosaic_generated_005_t_030 | pool_v2v_veh_1_veh_4 | DIRECT_V2V | 0,000000 | 10000000,000000 | 0,000000 | false | false | 0
24 | mosaic_generated_005_t_030 | pool_v2v_veh_1_veh_5 | DIRECT_V2V | 0,000000 | 10000000,000000 | 0,000000 | false | false | 0
24 | mosaic_generated_005_t_030 | pool_v2v_veh_2_veh_3 | DIRECT_V2V | 0,000000 | 10000000,000000 | 0,000000 | false | false | 0
24 | mosaic_generated_005_t_030 | pool_v2v_veh_2_veh_4 | DIRECT_V2V | 0,000000 | 10000000,000000 | 0,000000 | false | false | 0
24 | mosaic_generated_005_t_030 | pool_v2v_veh_2_veh_5 | DIRECT_V2V | 0,000000 | 10000000,000000 | 0,000000 | false | false | 0
24 | mosaic_generated_005_t_030 | pool_v2v_veh_3_veh_4 | DIRECT_V2V | 0,000000 | 10000000,000000 | 0,000000 | false | false | 0
24 | mosaic_generated_005_t_030 | pool_v2v_veh_3_veh_5 | DIRECT_V2V | 0,000000 | 10000000,000000 | 0,000000 | false | false | 0
24 | mosaic_generated_005_t_030 | pool_v2v_veh_4_veh_5 | DIRECT_V2V | 0,000000 | 10000000,000000 | 0,000000 | false | false | 0
24 | mosaic_generated_005_t_030 | pool_rsu_central | GATEWAY | 0,000000 | 8000000,000000 | 0,000000 | false | false | 0
24 | mosaic_generated_005_t_030 | pool_rsu_north | GATEWAY | 0,000000 | 39746080,000000 | 0,000000 | false | false | 0
25 | mosaic_generated_005_t_030 | pool_v2v_veh_0_veh_1 | DIRECT_V2V | 0,000000 | 10000000,000000 | 0,000000 | false | false | 0
25 | mosaic_generated_005_t_030 | pool_v2v_veh_0_veh_2 | DIRECT_V2V | 0,000000 | 10000000,000000 | 0,000000 | false | false | 0
25 | mosaic_generated_005_t_030 | pool_v2v_veh_0_veh_3 | DIRECT_V2V | 0,000000 | 10000000,000000 | 0,000000 | false | false | 0
25 | mosaic_generated_005_t_030 | pool_v2v_veh_0_veh_4 | DIRECT_V2V | 0,000000 | 10000000,000000 | 0,000000 | false | false | 0
25 | mosaic_generated_005_t_030 | pool_v2v_veh_1_veh_2 | DIRECT_V2V | 0,000000 | 10000000,000000 | 0,000000 | false | false | 0
25 | mosaic_generated_005_t_030 | pool_v2v_veh_1_veh_3 | DIRECT_V2V | 0,000000 | 10000000,000000 | 0,000000 | false | false | 0
25 | mosaic_generated_005_t_030 | pool_v2v_veh_1_veh_4 | DIRECT_V2V | 0,000000 | 10000000,000000 | 0,000000 | false | false | 0
25 | mosaic_generated_005_t_030 | pool_v2v_veh_1_veh_5 | DIRECT_V2V | 0,000000 | 10000000,000000 | 0,000000 | false | false | 0
25 | mosaic_generated_005_t_030 | pool_v2v_veh_2_veh_3 | DIRECT_V2V | 0,000000 | 10000000,000000 | 0,000000 | false | false | 0
25 | mosaic_generated_005_t_030 | pool_v2v_veh_2_veh_4 | DIRECT_V2V | 0,000000 | 10000000,000000 | 0,000000 | false | false | 0
25 | mosaic_generated_005_t_030 | pool_v2v_veh_2_veh_5 | DIRECT_V2V | 0,000000 | 10000000,000000 | 0,000000 | false | false | 0
25 | mosaic_generated_005_t_030 | pool_v2v_veh_3_veh_4 | DIRECT_V2V | 0,000000 | 10000000,000000 | 0,000000 | false | false | 0
25 | mosaic_generated_005_t_030 | pool_v2v_veh_3_veh_5 | DIRECT_V2V | 0,000000 | 10000000,000000 | 0,000000 | false | false | 0
25 | mosaic_generated_005_t_030 | pool_v2v_veh_4_veh_5 | DIRECT_V2V | 0,000000 | 10000000,000000 | 0,000000 | false | false | 0
25 | mosaic_generated_005_t_030 | pool_rsu_central | GATEWAY | 0,000000 | 8000000,000000 | 0,000000 | false | false | 0
25 | mosaic_generated_005_t_030 | pool_rsu_north | GATEWAY | 0,000000 | 39746080,000000 | 0,000000 | false | false | 0
26 | mosaic_generated_005_t_030 | pool_v2v_veh_0_veh_1 | DIRECT_V2V | 0,000000 | 10000000,000000 | 0,000000 | false | false | 0
26 | mosaic_generated_005_t_030 | pool_v2v_veh_0_veh_2 | DIRECT_V2V | 0,000000 | 10000000,000000 | 0,000000 | false | false | 0
26 | mosaic_generated_005_t_030 | pool_v2v_veh_0_veh_3 | DIRECT_V2V | 0,000000 | 10000000,000000 | 0,000000 | false | false | 0
26 | mosaic_generated_005_t_030 | pool_v2v_veh_0_veh_4 | DIRECT_V2V | 0,000000 | 10000000,000000 | 0,000000 | false | false | 0
26 | mosaic_generated_005_t_030 | pool_v2v_veh_1_veh_2 | DIRECT_V2V | 0,000000 | 10000000,000000 | 0,000000 | false | false | 0
26 | mosaic_generated_005_t_030 | pool_v2v_veh_1_veh_3 | DIRECT_V2V | 0,000000 | 10000000,000000 | 0,000000 | false | false | 0
26 | mosaic_generated_005_t_030 | pool_v2v_veh_1_veh_4 | DIRECT_V2V | 0,000000 | 10000000,000000 | 0,000000 | false | false | 0
26 | mosaic_generated_005_t_030 | pool_v2v_veh_1_veh_5 | DIRECT_V2V | 0,000000 | 10000000,000000 | 0,000000 | false | false | 0
26 | mosaic_generated_005_t_030 | pool_v2v_veh_2_veh_3 | DIRECT_V2V | 0,000000 | 10000000,000000 | 0,000000 | false | false | 0
26 | mosaic_generated_005_t_030 | pool_v2v_veh_2_veh_4 | DIRECT_V2V | 0,000000 | 10000000,000000 | 0,000000 | false | false | 0
26 | mosaic_generated_005_t_030 | pool_v2v_veh_2_veh_5 | DIRECT_V2V | 0,000000 | 10000000,000000 | 0,000000 | false | false | 0
26 | mosaic_generated_005_t_030 | pool_v2v_veh_3_veh_4 | DIRECT_V2V | 0,000000 | 10000000,000000 | 0,000000 | false | false | 0
26 | mosaic_generated_005_t_030 | pool_v2v_veh_3_veh_5 | DIRECT_V2V | 0,000000 | 10000000,000000 | 0,000000 | false | false | 0
26 | mosaic_generated_005_t_030 | pool_v2v_veh_4_veh_5 | DIRECT_V2V | 0,000000 | 10000000,000000 | 0,000000 | false | false | 0
26 | mosaic_generated_005_t_030 | pool_rsu_central | GATEWAY | 0,000000 | 8000000,000000 | 0,000000 | false | false | 0
26 | mosaic_generated_005_t_030 | pool_rsu_north | GATEWAY | 0,000000 | 39746080,000000 | 0,000000 | false | false | 0
27 | mosaic_generated_005_t_030 | pool_v2v_veh_0_veh_1 | DIRECT_V2V | 0,000000 | 10000000,000000 | 0,000000 | false | false | 0
27 | mosaic_generated_005_t_030 | pool_v2v_veh_0_veh_2 | DIRECT_V2V | 0,000000 | 10000000,000000 | 0,000000 | false | false | 0
27 | mosaic_generated_005_t_030 | pool_v2v_veh_0_veh_3 | DIRECT_V2V | 0,000000 | 10000000,000000 | 0,000000 | false | false | 0
27 | mosaic_generated_005_t_030 | pool_v2v_veh_0_veh_4 | DIRECT_V2V | 0,000000 | 10000000,000000 | 0,000000 | false | false | 0
27 | mosaic_generated_005_t_030 | pool_v2v_veh_1_veh_2 | DIRECT_V2V | 0,000000 | 10000000,000000 | 0,000000 | false | false | 0
27 | mosaic_generated_005_t_030 | pool_v2v_veh_1_veh_3 | DIRECT_V2V | 0,000000 | 10000000,000000 | 0,000000 | false | false | 0
27 | mosaic_generated_005_t_030 | pool_v2v_veh_1_veh_4 | DIRECT_V2V | 0,000000 | 10000000,000000 | 0,000000 | false | false | 0
27 | mosaic_generated_005_t_030 | pool_v2v_veh_1_veh_5 | DIRECT_V2V | 0,000000 | 10000000,000000 | 0,000000 | false | false | 0
27 | mosaic_generated_005_t_030 | pool_v2v_veh_2_veh_3 | DIRECT_V2V | 0,000000 | 10000000,000000 | 0,000000 | false | false | 0
27 | mosaic_generated_005_t_030 | pool_v2v_veh_2_veh_4 | DIRECT_V2V | 0,000000 | 10000000,000000 | 0,000000 | false | false | 0
27 | mosaic_generated_005_t_030 | pool_v2v_veh_2_veh_5 | DIRECT_V2V | 0,000000 | 10000000,000000 | 0,000000 | false | false | 0
27 | mosaic_generated_005_t_030 | pool_v2v_veh_3_veh_4 | DIRECT_V2V | 0,000000 | 10000000,000000 | 0,000000 | false | false | 0
27 | mosaic_generated_005_t_030 | pool_v2v_veh_3_veh_5 | DIRECT_V2V | 0,000000 | 10000000,000000 | 0,000000 | false | false | 0
27 | mosaic_generated_005_t_030 | pool_v2v_veh_4_veh_5 | DIRECT_V2V | 0,000000 | 10000000,000000 | 0,000000 | false | false | 0
27 | mosaic_generated_005_t_030 | pool_rsu_central | GATEWAY | 0,000000 | 8000000,000000 | 0,000000 | false | false | 0
27 | mosaic_generated_005_t_030 | pool_rsu_north | GATEWAY | 0,000000 | 39746080,000000 | 0,000000 | false | false | 0
28 | mosaic_generated_005_t_030 | pool_v2v_veh_0_veh_1 | DIRECT_V2V | 0,000000 | 10000000,000000 | 0,000000 | false | false | 0
28 | mosaic_generated_005_t_030 | pool_v2v_veh_0_veh_2 | DIRECT_V2V | 0,000000 | 10000000,000000 | 0,000000 | false | false | 0
28 | mosaic_generated_005_t_030 | pool_v2v_veh_0_veh_3 | DIRECT_V2V | 0,000000 | 10000000,000000 | 0,000000 | false | false | 0
28 | mosaic_generated_005_t_030 | pool_v2v_veh_0_veh_4 | DIRECT_V2V | 0,000000 | 10000000,000000 | 0,000000 | false | false | 0
28 | mosaic_generated_005_t_030 | pool_v2v_veh_1_veh_2 | DIRECT_V2V | 0,000000 | 10000000,000000 | 0,000000 | false | false | 0
28 | mosaic_generated_005_t_030 | pool_v2v_veh_1_veh_3 | DIRECT_V2V | 0,000000 | 10000000,000000 | 0,000000 | false | false | 0
28 | mosaic_generated_005_t_030 | pool_v2v_veh_1_veh_4 | DIRECT_V2V | 0,000000 | 10000000,000000 | 0,000000 | false | false | 0
28 | mosaic_generated_005_t_030 | pool_v2v_veh_1_veh_5 | DIRECT_V2V | 0,000000 | 10000000,000000 | 0,000000 | false | false | 0
28 | mosaic_generated_005_t_030 | pool_v2v_veh_2_veh_3 | DIRECT_V2V | 0,000000 | 10000000,000000 | 0,000000 | false | false | 0
28 | mosaic_generated_005_t_030 | pool_v2v_veh_2_veh_4 | DIRECT_V2V | 0,000000 | 10000000,000000 | 0,000000 | false | false | 0
28 | mosaic_generated_005_t_030 | pool_v2v_veh_2_veh_5 | DIRECT_V2V | 0,000000 | 10000000,000000 | 0,000000 | false | false | 0
28 | mosaic_generated_005_t_030 | pool_v2v_veh_3_veh_4 | DIRECT_V2V | 0,000000 | 10000000,000000 | 0,000000 | false | false | 0
28 | mosaic_generated_005_t_030 | pool_v2v_veh_3_veh_5 | DIRECT_V2V | 0,000000 | 10000000,000000 | 0,000000 | false | false | 0
28 | mosaic_generated_005_t_030 | pool_v2v_veh_4_veh_5 | DIRECT_V2V | 0,000000 | 10000000,000000 | 0,000000 | false | false | 0
28 | mosaic_generated_005_t_030 | pool_rsu_central | GATEWAY | 0,000000 | 8000000,000000 | 0,000000 | false | false | 0
28 | mosaic_generated_005_t_030 | pool_rsu_north | GATEWAY | 0,000000 | 39746080,000000 | 0,000000 | false | false | 0
29 | mosaic_generated_005_t_030 | pool_v2v_veh_0_veh_1 | DIRECT_V2V | 0,000000 | 10000000,000000 | 0,000000 | false | false | 0
29 | mosaic_generated_005_t_030 | pool_v2v_veh_0_veh_2 | DIRECT_V2V | 0,000000 | 10000000,000000 | 0,000000 | false | false | 0
29 | mosaic_generated_005_t_030 | pool_v2v_veh_0_veh_3 | DIRECT_V2V | 0,000000 | 10000000,000000 | 0,000000 | false | false | 0
29 | mosaic_generated_005_t_030 | pool_v2v_veh_0_veh_4 | DIRECT_V2V | 0,000000 | 10000000,000000 | 0,000000 | false | false | 0
29 | mosaic_generated_005_t_030 | pool_v2v_veh_1_veh_2 | DIRECT_V2V | 0,000000 | 10000000,000000 | 0,000000 | false | false | 0
29 | mosaic_generated_005_t_030 | pool_v2v_veh_1_veh_3 | DIRECT_V2V | 0,000000 | 10000000,000000 | 0,000000 | false | false | 0
29 | mosaic_generated_005_t_030 | pool_v2v_veh_1_veh_4 | DIRECT_V2V | 0,000000 | 10000000,000000 | 0,000000 | false | false | 0
29 | mosaic_generated_005_t_030 | pool_v2v_veh_1_veh_5 | DIRECT_V2V | 0,000000 | 10000000,000000 | 0,000000 | false | false | 0
29 | mosaic_generated_005_t_030 | pool_v2v_veh_2_veh_3 | DIRECT_V2V | 0,000000 | 10000000,000000 | 0,000000 | false | false | 0
29 | mosaic_generated_005_t_030 | pool_v2v_veh_2_veh_4 | DIRECT_V2V | 0,000000 | 10000000,000000 | 0,000000 | false | false | 0
29 | mosaic_generated_005_t_030 | pool_v2v_veh_2_veh_5 | DIRECT_V2V | 0,000000 | 10000000,000000 | 0,000000 | false | false | 0
29 | mosaic_generated_005_t_030 | pool_v2v_veh_3_veh_4 | DIRECT_V2V | 0,000000 | 10000000,000000 | 0,000000 | false | false | 0
29 | mosaic_generated_005_t_030 | pool_v2v_veh_3_veh_5 | DIRECT_V2V | 0,000000 | 10000000,000000 | 0,000000 | false | false | 0
29 | mosaic_generated_005_t_030 | pool_v2v_veh_4_veh_5 | DIRECT_V2V | 0,000000 | 10000000,000000 | 0,000000 | false | false | 0
29 | mosaic_generated_005_t_030 | pool_rsu_central | GATEWAY | 0,000000 | 8000000,000000 | 0,000000 | false | false | 0
29 | mosaic_generated_005_t_030 | pool_rsu_north | GATEWAY | 0,000000 | 39746080,000000 | 0,000000 | false | false | 0
30 | mosaic_generated_005_t_030 | pool_v2v_veh_0_veh_1 | DIRECT_V2V | 0,000000 | 10000000,000000 | 0,000000 | false | false | 0
30 | mosaic_generated_005_t_030 | pool_v2v_veh_0_veh_2 | DIRECT_V2V | 0,000000 | 10000000,000000 | 0,000000 | false | false | 0
30 | mosaic_generated_005_t_030 | pool_v2v_veh_0_veh_3 | DIRECT_V2V | 0,000000 | 10000000,000000 | 0,000000 | false | false | 0
30 | mosaic_generated_005_t_030 | pool_v2v_veh_0_veh_4 | DIRECT_V2V | 0,000000 | 10000000,000000 | 0,000000 | false | false | 0
30 | mosaic_generated_005_t_030 | pool_v2v_veh_1_veh_2 | DIRECT_V2V | 0,000000 | 10000000,000000 | 0,000000 | false | false | 0
30 | mosaic_generated_005_t_030 | pool_v2v_veh_1_veh_3 | DIRECT_V2V | 0,000000 | 10000000,000000 | 0,000000 | false | false | 0
30 | mosaic_generated_005_t_030 | pool_v2v_veh_1_veh_4 | DIRECT_V2V | 0,000000 | 10000000,000000 | 0,000000 | false | false | 0
30 | mosaic_generated_005_t_030 | pool_v2v_veh_1_veh_5 | DIRECT_V2V | 0,000000 | 10000000,000000 | 0,000000 | false | false | 0
30 | mosaic_generated_005_t_030 | pool_v2v_veh_2_veh_3 | DIRECT_V2V | 0,000000 | 10000000,000000 | 0,000000 | false | false | 0
30 | mosaic_generated_005_t_030 | pool_v2v_veh_2_veh_4 | DIRECT_V2V | 0,000000 | 10000000,000000 | 0,000000 | false | false | 0
30 | mosaic_generated_005_t_030 | pool_v2v_veh_2_veh_5 | DIRECT_V2V | 0,000000 | 10000000,000000 | 0,000000 | false | false | 0
30 | mosaic_generated_005_t_030 | pool_v2v_veh_3_veh_4 | DIRECT_V2V | 0,000000 | 10000000,000000 | 0,000000 | false | false | 0
30 | mosaic_generated_005_t_030 | pool_v2v_veh_3_veh_5 | DIRECT_V2V | 0,000000 | 10000000,000000 | 0,000000 | false | false | 0
30 | mosaic_generated_005_t_030 | pool_v2v_veh_4_veh_5 | DIRECT_V2V | 0,000000 | 10000000,000000 | 0,000000 | false | false | 0
30 | mosaic_generated_005_t_030 | pool_rsu_central | GATEWAY | 0,000000 | 8000000,000000 | 0,000000 | false | false | 0
30 | mosaic_generated_005_t_030 | pool_rsu_north | GATEWAY | 0,000000 | 39746080,000000 | 0,000000 | false | false | 0
31 | mosaic_generated_005_t_030 | pool_v2v_veh_0_veh_1 | DIRECT_V2V | 0,000000 | 10000000,000000 | 0,000000 | false | false | 0
31 | mosaic_generated_005_t_030 | pool_v2v_veh_0_veh_2 | DIRECT_V2V | 0,000000 | 10000000,000000 | 0,000000 | false | false | 0
31 | mosaic_generated_005_t_030 | pool_v2v_veh_0_veh_3 | DIRECT_V2V | 0,000000 | 10000000,000000 | 0,000000 | false | false | 0
31 | mosaic_generated_005_t_030 | pool_v2v_veh_0_veh_4 | DIRECT_V2V | 0,000000 | 10000000,000000 | 0,000000 | false | false | 0
31 | mosaic_generated_005_t_030 | pool_v2v_veh_1_veh_2 | DIRECT_V2V | 0,000000 | 10000000,000000 | 0,000000 | false | false | 0
31 | mosaic_generated_005_t_030 | pool_v2v_veh_1_veh_3 | DIRECT_V2V | 0,000000 | 10000000,000000 | 0,000000 | false | false | 0
31 | mosaic_generated_005_t_030 | pool_v2v_veh_1_veh_4 | DIRECT_V2V | 0,000000 | 10000000,000000 | 0,000000 | false | false | 0
31 | mosaic_generated_005_t_030 | pool_v2v_veh_1_veh_5 | DIRECT_V2V | 0,000000 | 10000000,000000 | 0,000000 | false | false | 0
31 | mosaic_generated_005_t_030 | pool_v2v_veh_2_veh_3 | DIRECT_V2V | 0,000000 | 10000000,000000 | 0,000000 | false | false | 0
31 | mosaic_generated_005_t_030 | pool_v2v_veh_2_veh_4 | DIRECT_V2V | 0,000000 | 10000000,000000 | 0,000000 | false | false | 0
31 | mosaic_generated_005_t_030 | pool_v2v_veh_2_veh_5 | DIRECT_V2V | 0,000000 | 10000000,000000 | 0,000000 | false | false | 0
31 | mosaic_generated_005_t_030 | pool_v2v_veh_3_veh_4 | DIRECT_V2V | 0,000000 | 10000000,000000 | 0,000000 | false | false | 0
31 | mosaic_generated_005_t_030 | pool_v2v_veh_3_veh_5 | DIRECT_V2V | 0,000000 | 10000000,000000 | 0,000000 | false | false | 0
31 | mosaic_generated_005_t_030 | pool_v2v_veh_4_veh_5 | DIRECT_V2V | 0,000000 | 10000000,000000 | 0,000000 | false | false | 0
31 | mosaic_generated_005_t_030 | pool_rsu_central | GATEWAY | 0,000000 | 8000000,000000 | 0,000000 | false | false | 0
31 | mosaic_generated_005_t_030 | pool_rsu_north | GATEWAY | 0,000000 | 39746080,000000 | 0,000000 | false | false | 0
32 | mosaic_generated_005_t_030 | pool_v2v_veh_0_veh_1 | DIRECT_V2V | 0,000000 | 10000000,000000 | 0,000000 | false | false | 0
32 | mosaic_generated_005_t_030 | pool_v2v_veh_0_veh_2 | DIRECT_V2V | 0,000000 | 10000000,000000 | 0,000000 | false | false | 0
32 | mosaic_generated_005_t_030 | pool_v2v_veh_0_veh_3 | DIRECT_V2V | 0,000000 | 10000000,000000 | 0,000000 | false | false | 0
32 | mosaic_generated_005_t_030 | pool_v2v_veh_0_veh_4 | DIRECT_V2V | 0,000000 | 10000000,000000 | 0,000000 | false | false | 0
32 | mosaic_generated_005_t_030 | pool_v2v_veh_1_veh_2 | DIRECT_V2V | 0,000000 | 10000000,000000 | 0,000000 | false | false | 0
32 | mosaic_generated_005_t_030 | pool_v2v_veh_1_veh_3 | DIRECT_V2V | 0,000000 | 10000000,000000 | 0,000000 | false | false | 0
32 | mosaic_generated_005_t_030 | pool_v2v_veh_1_veh_4 | DIRECT_V2V | 0,000000 | 10000000,000000 | 0,000000 | false | false | 0
32 | mosaic_generated_005_t_030 | pool_v2v_veh_1_veh_5 | DIRECT_V2V | 0,000000 | 10000000,000000 | 0,000000 | false | false | 0
32 | mosaic_generated_005_t_030 | pool_v2v_veh_2_veh_3 | DIRECT_V2V | 0,000000 | 10000000,000000 | 0,000000 | false | false | 0
32 | mosaic_generated_005_t_030 | pool_v2v_veh_2_veh_4 | DIRECT_V2V | 0,000000 | 10000000,000000 | 0,000000 | false | false | 0
32 | mosaic_generated_005_t_030 | pool_v2v_veh_2_veh_5 | DIRECT_V2V | 0,000000 | 10000000,000000 | 0,000000 | false | false | 0
32 | mosaic_generated_005_t_030 | pool_v2v_veh_3_veh_4 | DIRECT_V2V | 0,000000 | 10000000,000000 | 0,000000 | false | false | 0
32 | mosaic_generated_005_t_030 | pool_v2v_veh_3_veh_5 | DIRECT_V2V | 0,000000 | 10000000,000000 | 0,000000 | false | false | 0
32 | mosaic_generated_005_t_030 | pool_v2v_veh_4_veh_5 | DIRECT_V2V | 0,000000 | 10000000,000000 | 0,000000 | false | false | 0
32 | mosaic_generated_005_t_030 | pool_rsu_central | GATEWAY | 0,000000 | 8000000,000000 | 0,000000 | false | false | 0
32 | mosaic_generated_005_t_030 | pool_rsu_north | GATEWAY | 0,000000 | 39746080,000000 | 0,000000 | false | false | 0
33 | mosaic_generated_005_t_030 | pool_v2v_veh_0_veh_1 | DIRECT_V2V | 0,000000 | 10000000,000000 | 0,000000 | false | false | 0
33 | mosaic_generated_005_t_030 | pool_v2v_veh_0_veh_2 | DIRECT_V2V | 0,000000 | 10000000,000000 | 0,000000 | false | false | 0
33 | mosaic_generated_005_t_030 | pool_v2v_veh_0_veh_3 | DIRECT_V2V | 0,000000 | 10000000,000000 | 0,000000 | false | false | 0
33 | mosaic_generated_005_t_030 | pool_v2v_veh_0_veh_4 | DIRECT_V2V | 0,000000 | 10000000,000000 | 0,000000 | false | false | 0
33 | mosaic_generated_005_t_030 | pool_v2v_veh_1_veh_2 | DIRECT_V2V | 0,000000 | 10000000,000000 | 0,000000 | false | false | 0
33 | mosaic_generated_005_t_030 | pool_v2v_veh_1_veh_3 | DIRECT_V2V | 0,000000 | 10000000,000000 | 0,000000 | false | false | 0
33 | mosaic_generated_005_t_030 | pool_v2v_veh_1_veh_4 | DIRECT_V2V | 0,000000 | 10000000,000000 | 0,000000 | false | false | 0
33 | mosaic_generated_005_t_030 | pool_v2v_veh_1_veh_5 | DIRECT_V2V | 0,000000 | 10000000,000000 | 0,000000 | false | false | 0
33 | mosaic_generated_005_t_030 | pool_v2v_veh_2_veh_3 | DIRECT_V2V | 0,000000 | 10000000,000000 | 0,000000 | false | false | 0
33 | mosaic_generated_005_t_030 | pool_v2v_veh_2_veh_4 | DIRECT_V2V | 0,000000 | 10000000,000000 | 0,000000 | false | false | 0
33 | mosaic_generated_005_t_030 | pool_v2v_veh_2_veh_5 | DIRECT_V2V | 0,000000 | 10000000,000000 | 0,000000 | false | false | 0
33 | mosaic_generated_005_t_030 | pool_v2v_veh_3_veh_4 | DIRECT_V2V | 0,000000 | 10000000,000000 | 0,000000 | false | false | 0
33 | mosaic_generated_005_t_030 | pool_v2v_veh_3_veh_5 | DIRECT_V2V | 0,000000 | 10000000,000000 | 0,000000 | false | false | 0
33 | mosaic_generated_005_t_030 | pool_v2v_veh_4_veh_5 | DIRECT_V2V | 0,000000 | 10000000,000000 | 0,000000 | false | false | 0
33 | mosaic_generated_005_t_030 | pool_rsu_central | GATEWAY | 0,000000 | 8000000,000000 | 0,000000 | false | false | 0
33 | mosaic_generated_005_t_030 | pool_rsu_north | GATEWAY | 0,000000 | 39746080,000000 | 0,000000 | false | false | 0
34 | mosaic_generated_005_t_030 | pool_v2v_veh_0_veh_1 | DIRECT_V2V | 0,000000 | 10000000,000000 | 0,000000 | false | false | 0
34 | mosaic_generated_005_t_030 | pool_v2v_veh_0_veh_2 | DIRECT_V2V | 0,000000 | 10000000,000000 | 0,000000 | false | false | 0
34 | mosaic_generated_005_t_030 | pool_v2v_veh_0_veh_3 | DIRECT_V2V | 0,000000 | 10000000,000000 | 0,000000 | false | false | 0
34 | mosaic_generated_005_t_030 | pool_v2v_veh_0_veh_4 | DIRECT_V2V | 0,000000 | 10000000,000000 | 0,000000 | false | false | 0
34 | mosaic_generated_005_t_030 | pool_v2v_veh_1_veh_2 | DIRECT_V2V | 0,000000 | 10000000,000000 | 0,000000 | false | false | 0
34 | mosaic_generated_005_t_030 | pool_v2v_veh_1_veh_3 | DIRECT_V2V | 0,000000 | 10000000,000000 | 0,000000 | false | false | 0
34 | mosaic_generated_005_t_030 | pool_v2v_veh_1_veh_4 | DIRECT_V2V | 0,000000 | 10000000,000000 | 0,000000 | false | false | 0
34 | mosaic_generated_005_t_030 | pool_v2v_veh_1_veh_5 | DIRECT_V2V | 0,000000 | 10000000,000000 | 0,000000 | false | false | 0
34 | mosaic_generated_005_t_030 | pool_v2v_veh_2_veh_3 | DIRECT_V2V | 0,000000 | 10000000,000000 | 0,000000 | false | false | 0
34 | mosaic_generated_005_t_030 | pool_v2v_veh_2_veh_4 | DIRECT_V2V | 0,000000 | 10000000,000000 | 0,000000 | false | false | 0
34 | mosaic_generated_005_t_030 | pool_v2v_veh_2_veh_5 | DIRECT_V2V | 0,000000 | 10000000,000000 | 0,000000 | false | false | 0
34 | mosaic_generated_005_t_030 | pool_v2v_veh_3_veh_4 | DIRECT_V2V | 0,000000 | 10000000,000000 | 0,000000 | false | false | 0
34 | mosaic_generated_005_t_030 | pool_v2v_veh_3_veh_5 | DIRECT_V2V | 0,000000 | 10000000,000000 | 0,000000 | false | false | 0
34 | mosaic_generated_005_t_030 | pool_v2v_veh_4_veh_5 | DIRECT_V2V | 0,000000 | 10000000,000000 | 0,000000 | false | false | 0
34 | mosaic_generated_005_t_030 | pool_rsu_central | GATEWAY | 0,000000 | 8000000,000000 | 0,000000 | false | false | 0
34 | mosaic_generated_005_t_030 | pool_rsu_north | GATEWAY | 0,000000 | 39746080,000000 | 0,000000 | false | false | 0
35 | mosaic_generated_005_t_030 | pool_v2v_veh_0_veh_1 | DIRECT_V2V | 0,000000 | 10000000,000000 | 0,000000 | false | false | 0
35 | mosaic_generated_005_t_030 | pool_v2v_veh_0_veh_2 | DIRECT_V2V | 0,000000 | 10000000,000000 | 0,000000 | false | false | 0
35 | mosaic_generated_005_t_030 | pool_v2v_veh_0_veh_3 | DIRECT_V2V | 0,000000 | 10000000,000000 | 0,000000 | false | false | 0
35 | mosaic_generated_005_t_030 | pool_v2v_veh_0_veh_4 | DIRECT_V2V | 0,000000 | 10000000,000000 | 0,000000 | false | false | 0
35 | mosaic_generated_005_t_030 | pool_v2v_veh_1_veh_2 | DIRECT_V2V | 0,000000 | 10000000,000000 | 0,000000 | false | false | 0
35 | mosaic_generated_005_t_030 | pool_v2v_veh_1_veh_3 | DIRECT_V2V | 0,000000 | 10000000,000000 | 0,000000 | false | false | 0
35 | mosaic_generated_005_t_030 | pool_v2v_veh_1_veh_4 | DIRECT_V2V | 0,000000 | 10000000,000000 | 0,000000 | false | false | 0
35 | mosaic_generated_005_t_030 | pool_v2v_veh_1_veh_5 | DIRECT_V2V | 0,000000 | 10000000,000000 | 0,000000 | false | false | 0
35 | mosaic_generated_005_t_030 | pool_v2v_veh_2_veh_3 | DIRECT_V2V | 0,000000 | 10000000,000000 | 0,000000 | false | false | 0
35 | mosaic_generated_005_t_030 | pool_v2v_veh_2_veh_4 | DIRECT_V2V | 0,000000 | 10000000,000000 | 0,000000 | false | false | 0
35 | mosaic_generated_005_t_030 | pool_v2v_veh_2_veh_5 | DIRECT_V2V | 0,000000 | 10000000,000000 | 0,000000 | false | false | 0
35 | mosaic_generated_005_t_030 | pool_v2v_veh_3_veh_4 | DIRECT_V2V | 0,000000 | 10000000,000000 | 0,000000 | false | false | 0
35 | mosaic_generated_005_t_030 | pool_v2v_veh_3_veh_5 | DIRECT_V2V | 0,000000 | 10000000,000000 | 0,000000 | false | false | 0
35 | mosaic_generated_005_t_030 | pool_v2v_veh_4_veh_5 | DIRECT_V2V | 0,000000 | 10000000,000000 | 0,000000 | false | false | 0
35 | mosaic_generated_005_t_030 | pool_rsu_central | GATEWAY | 0,000000 | 8000000,000000 | 0,000000 | false | false | 0
35 | mosaic_generated_005_t_030 | pool_rsu_north | GATEWAY | 0,000000 | 39746080,000000 | 0,000000 | false | false | 0

------------------------------------------------------------
MOBILITY CONFIGURATION SUMMARY
------------------------------------------------------------
coverageRiskWeight: 1,000000
linkInstabilityWeight: 0,500000
handoverRiskWeight: 0,500000

epsilonSpeed: 0,100000 m/s
v2vCommunicationRadius: 250,000000 m
localCoverageTime: 300,000000 s
maxCoverageTime: 300,000000 s
cloudCoverageTime: derived from active access gateway

------------------------------------------------------------
MOBILITY PENALTY SUMMARY BY WINDOW
------------------------------------------------------------
idx | snapshot | remote | Pmob | normalizedPmob | avgCoverage | minCoverage | avgPhiCov | maxPhiCov | avgPhiLink | maxPhiLink | avgPhiHo | maxPhiHo | gatewayAwareCloud | placeholderCloud
0 | mosaic_generated_000_t_005 | 0 | 0,000000 | 0,000000 | - | - | 0,000000 | 0,000000 | 0,000000 | 0,000000 | 0,000000 | 0,000000 | 0 | 0
1 | mosaic_generated_001_t_010 | 0 | 0,000000 | 0,000000 | - | - | 0,000000 | 0,000000 | 0,000000 | 0,000000 | 0,000000 | 0,000000 | 0 | 0
2 | mosaic_generated_001_t_010 | 0 | 0,000000 | 0,000000 | - | - | 0,000000 | 0,000000 | 0,000000 | 0,000000 | 0,000000 | 0,000000 | 0 | 0
3 | mosaic_generated_002_t_015 | 0 | 0,000000 | 0,000000 | - | - | 0,000000 | 0,000000 | 0,000000 | 0,000000 | 0,000000 | 0,000000 | 0 | 0
4 | mosaic_generated_003_t_020 | 0 | 0,000000 | 0,000000 | - | - | 0,000000 | 0,000000 | 0,000000 | 0,000000 | 0,000000 | 0,000000 | 0 | 0
5 | mosaic_generated_003_t_020 | 0 | 0,000000 | 0,000000 | - | - | 0,000000 | 0,000000 | 0,000000 | 0,000000 | 0,000000 | 0,000000 | 0 | 0
6 | mosaic_generated_004_t_025 | 0 | 0,000000 | 0,000000 | - | - | 0,000000 | 0,000000 | 0,000000 | 0,000000 | 0,000000 | 0,000000 | 0 | 0
7 | mosaic_generated_004_t_025 | 0 | 0,000000 | 0,000000 | - | - | 0,000000 | 0,000000 | 0,000000 | 0,000000 | 0,000000 | 0,000000 | 0 | 0
8 | mosaic_generated_004_t_025 | 0 | 0,000000 | 0,000000 | - | - | 0,000000 | 0,000000 | 0,000000 | 0,000000 | 0,000000 | 0,000000 | 0 | 0
9 | mosaic_generated_004_t_025 | 0 | 0,000000 | 0,000000 | - | - | 0,000000 | 0,000000 | 0,000000 | 0,000000 | 0,000000 | 0,000000 | 0 | 0
10 | mosaic_generated_004_t_025 | 0 | 0,000000 | 0,000000 | - | - | 0,000000 | 0,000000 | 0,000000 | 0,000000 | 0,000000 | 0,000000 | 0 | 0
11 | mosaic_generated_005_t_030 | 0 | 0,000000 | 0,000000 | - | - | 0,000000 | 0,000000 | 0,000000 | 0,000000 | 0,000000 | 0,000000 | 0 | 0
12 | mosaic_generated_005_t_030 | 0 | 0,000000 | 0,000000 | - | - | 0,000000 | 0,000000 | 0,000000 | 0,000000 | 0,000000 | 0,000000 | 0 | 0
13 | mosaic_generated_005_t_030 | 0 | 0,000000 | 0,000000 | - | - | 0,000000 | 0,000000 | 0,000000 | 0,000000 | 0,000000 | 0,000000 | 0 | 0
14 | mosaic_generated_005_t_030 | 0 | 0,000000 | 0,000000 | - | - | 0,000000 | 0,000000 | 0,000000 | 0,000000 | 0,000000 | 0,000000 | 0 | 0
15 | mosaic_generated_005_t_030 | 0 | 0,000000 | 0,000000 | - | - | 0,000000 | 0,000000 | 0,000000 | 0,000000 | 0,000000 | 0,000000 | 0 | 0
16 | mosaic_generated_005_t_030 | 0 | 0,000000 | 0,000000 | - | - | 0,000000 | 0,000000 | 0,000000 | 0,000000 | 0,000000 | 0,000000 | 0 | 0
17 | mosaic_generated_005_t_030 | 0 | 0,000000 | 0,000000 | - | - | 0,000000 | 0,000000 | 0,000000 | 0,000000 | 0,000000 | 0,000000 | 0 | 0
18 | mosaic_generated_005_t_030 | 0 | 0,000000 | 0,000000 | - | - | 0,000000 | 0,000000 | 0,000000 | 0,000000 | 0,000000 | 0,000000 | 0 | 0
19 | mosaic_generated_005_t_030 | 0 | 0,000000 | 0,000000 | - | - | 0,000000 | 0,000000 | 0,000000 | 0,000000 | 0,000000 | 0,000000 | 0 | 0
20 | mosaic_generated_005_t_030 | 0 | 0,000000 | 0,000000 | - | - | 0,000000 | 0,000000 | 0,000000 | 0,000000 | 0,000000 | 0,000000 | 0 | 0
21 | mosaic_generated_005_t_030 | 0 | 0,000000 | 0,000000 | - | - | 0,000000 | 0,000000 | 0,000000 | 0,000000 | 0,000000 | 0,000000 | 0 | 0
22 | mosaic_generated_005_t_030 | 0 | 0,000000 | 0,000000 | - | - | 0,000000 | 0,000000 | 0,000000 | 0,000000 | 0,000000 | 0,000000 | 0 | 0
23 | mosaic_generated_005_t_030 | 0 | 0,000000 | 0,000000 | - | - | 0,000000 | 0,000000 | 0,000000 | 0,000000 | 0,000000 | 0,000000 | 0 | 0
24 | mosaic_generated_005_t_030 | 0 | 0,000000 | 0,000000 | - | - | 0,000000 | 0,000000 | 0,000000 | 0,000000 | 0,000000 | 0,000000 | 0 | 0
25 | mosaic_generated_005_t_030 | 0 | 0,000000 | 0,000000 | - | - | 0,000000 | 0,000000 | 0,000000 | 0,000000 | 0,000000 | 0,000000 | 0 | 0
26 | mosaic_generated_005_t_030 | 0 | 0,000000 | 0,000000 | - | - | 0,000000 | 0,000000 | 0,000000 | 0,000000 | 0,000000 | 0,000000 | 0 | 0
27 | mosaic_generated_005_t_030 | 0 | 0,000000 | 0,000000 | - | - | 0,000000 | 0,000000 | 0,000000 | 0,000000 | 0,000000 | 0,000000 | 0 | 0
28 | mosaic_generated_005_t_030 | 0 | 0,000000 | 0,000000 | - | - | 0,000000 | 0,000000 | 0,000000 | 0,000000 | 0,000000 | 0,000000 | 0 | 0
29 | mosaic_generated_005_t_030 | 0 | 0,000000 | 0,000000 | - | - | 0,000000 | 0,000000 | 0,000000 | 0,000000 | 0,000000 | 0,000000 | 0 | 0
30 | mosaic_generated_005_t_030 | 0 | 0,000000 | 0,000000 | - | - | 0,000000 | 0,000000 | 0,000000 | 0,000000 | 0,000000 | 0,000000 | 0 | 0
31 | mosaic_generated_005_t_030 | 0 | 0,000000 | 0,000000 | - | - | 0,000000 | 0,000000 | 0,000000 | 0,000000 | 0,000000 | 0,000000 | 0 | 0
32 | mosaic_generated_005_t_030 | 0 | 0,000000 | 0,000000 | - | - | 0,000000 | 0,000000 | 0,000000 | 0,000000 | 0,000000 | 0,000000 | 0 | 0
33 | mosaic_generated_005_t_030 | 0 | 0,000000 | 0,000000 | - | - | 0,000000 | 0,000000 | 0,000000 | 0,000000 | 0,000000 | 0,000000 | 0 | 0
34 | mosaic_generated_005_t_030 | 0 | 0,000000 | 0,000000 | - | - | 0,000000 | 0,000000 | 0,000000 | 0,000000 | 0,000000 | 0,000000 | 0 | 0
35 | mosaic_generated_005_t_030 | 0 | 0,000000 | 0,000000 | - | - | 0,000000 | 0,000000 | 0,000000 | 0,000000 | 0,000000 | 0,000000 | 0 | 0

------------------------------------------------------------
MOBILITY SUMMARY BY NODE TYPE
------------------------------------------------------------
idx | type | tasks | avgDistance | avgRadius | avgCoverage | avgPhiLink | avgPhiHo | totalPenalty | model
1 | LOCAL | 3 | - | - | 300,000000 | 0,000000 | 0,000000 | 0,000000 | LOCAL_CONVENTIONAL
2 | LOCAL | 3 | - | - | 300,000000 | 0,000000 | 0,000000 | 0,000000 | LOCAL_CONVENTIONAL
3 | LOCAL | 5 | - | - | 300,000000 | 0,000000 | 0,000000 | 0,000000 | LOCAL_CONVENTIONAL
4 | LOCAL | 8 | - | - | 300,000000 | 0,000000 | 0,000000 | 0,000000 | LOCAL_CONVENTIONAL
5 | LOCAL | 8 | - | - | 300,000000 | 0,000000 | 0,000000 | 0,000000 | LOCAL_CONVENTIONAL
6 | LOCAL | 10 | - | - | 300,000000 | 0,000000 | 0,000000 | 0,000000 | LOCAL_CONVENTIONAL
7 | LOCAL | 10 | - | - | 300,000000 | 0,000000 | 0,000000 | 0,000000 | LOCAL_CONVENTIONAL
8 | LOCAL | 10 | - | - | 300,000000 | 0,000000 | 0,000000 | 0,000000 | LOCAL_CONVENTIONAL
9 | LOCAL | 10 | - | - | 300,000000 | 0,000000 | 0,000000 | 0,000000 | LOCAL_CONVENTIONAL
10 | LOCAL | 10 | - | - | 300,000000 | 0,000000 | 0,000000 | 0,000000 | LOCAL_CONVENTIONAL
11 | LOCAL | 12 | - | - | 300,000000 | 0,000000 | 0,000000 | 0,000000 | LOCAL_CONVENTIONAL
12 | LOCAL | 12 | - | - | 300,000000 | 0,000000 | 0,000000 | 0,000000 | LOCAL_CONVENTIONAL
13 | LOCAL | 12 | - | - | 300,000000 | 0,000000 | 0,000000 | 0,000000 | LOCAL_CONVENTIONAL
14 | LOCAL | 12 | - | - | 300,000000 | 0,000000 | 0,000000 | 0,000000 | LOCAL_CONVENTIONAL
15 | LOCAL | 12 | - | - | 300,000000 | 0,000000 | 0,000000 | 0,000000 | LOCAL_CONVENTIONAL
16 | LOCAL | 12 | - | - | 300,000000 | 0,000000 | 0,000000 | 0,000000 | LOCAL_CONVENTIONAL
17 | LOCAL | 12 | - | - | 300,000000 | 0,000000 | 0,000000 | 0,000000 | LOCAL_CONVENTIONAL
18 | LOCAL | 12 | - | - | 300,000000 | 0,000000 | 0,000000 | 0,000000 | LOCAL_CONVENTIONAL
19 | LOCAL | 12 | - | - | 300,000000 | 0,000000 | 0,000000 | 0,000000 | LOCAL_CONVENTIONAL
20 | LOCAL | 12 | - | - | 300,000000 | 0,000000 | 0,000000 | 0,000000 | LOCAL_CONVENTIONAL
21 | LOCAL | 12 | - | - | 300,000000 | 0,000000 | 0,000000 | 0,000000 | LOCAL_CONVENTIONAL
22 | LOCAL | 12 | - | - | 300,000000 | 0,000000 | 0,000000 | 0,000000 | LOCAL_CONVENTIONAL
23 | LOCAL | 12 | - | - | 300,000000 | 0,000000 | 0,000000 | 0,000000 | LOCAL_CONVENTIONAL
24 | LOCAL | 12 | - | - | 300,000000 | 0,000000 | 0,000000 | 0,000000 | LOCAL_CONVENTIONAL
25 | LOCAL | 12 | - | - | 300,000000 | 0,000000 | 0,000000 | 0,000000 | LOCAL_CONVENTIONAL
26 | LOCAL | 12 | - | - | 300,000000 | 0,000000 | 0,000000 | 0,000000 | LOCAL_CONVENTIONAL
27 | LOCAL | 12 | - | - | 300,000000 | 0,000000 | 0,000000 | 0,000000 | LOCAL_CONVENTIONAL
28 | LOCAL | 12 | - | - | 300,000000 | 0,000000 | 0,000000 | 0,000000 | LOCAL_CONVENTIONAL
29 | LOCAL | 12 | - | - | 300,000000 | 0,000000 | 0,000000 | 0,000000 | LOCAL_CONVENTIONAL
30 | LOCAL | 12 | - | - | 300,000000 | 0,000000 | 0,000000 | 0,000000 | LOCAL_CONVENTIONAL
31 | LOCAL | 12 | - | - | 300,000000 | 0,000000 | 0,000000 | 0,000000 | LOCAL_CONVENTIONAL
32 | LOCAL | 12 | - | - | 300,000000 | 0,000000 | 0,000000 | 0,000000 | LOCAL_CONVENTIONAL
33 | LOCAL | 12 | - | - | 300,000000 | 0,000000 | 0,000000 | 0,000000 | LOCAL_CONVENTIONAL
34 | LOCAL | 12 | - | - | 300,000000 | 0,000000 | 0,000000 | 0,000000 | LOCAL_CONVENTIONAL
35 | LOCAL | 12 | - | - | 300,000000 | 0,000000 | 0,000000 | 0,000000 | LOCAL_CONVENTIONAL

------------------------------------------------------------
TOP MOBILITY-RISK DECISIONS BY WINDOW
------------------------------------------------------------
Window 0 | snapshot=mosaic_generated_000_t_005 | remote=0
- no remote mobility-aware decisions

Window 1 | snapshot=mosaic_generated_001_t_010 | remote=0
- no remote mobility-aware decisions

Window 2 | snapshot=mosaic_generated_001_t_010 | remote=0
- no remote mobility-aware decisions

Window 3 | snapshot=mosaic_generated_002_t_015 | remote=0
- no remote mobility-aware decisions

Window 4 | snapshot=mosaic_generated_003_t_020 | remote=0
- no remote mobility-aware decisions

Window 5 | snapshot=mosaic_generated_003_t_020 | remote=0
- no remote mobility-aware decisions

Window 6 | snapshot=mosaic_generated_004_t_025 | remote=0
- no remote mobility-aware decisions

Window 7 | snapshot=mosaic_generated_004_t_025 | remote=0
- no remote mobility-aware decisions

Window 8 | snapshot=mosaic_generated_004_t_025 | remote=0
- no remote mobility-aware decisions

Window 9 | snapshot=mosaic_generated_004_t_025 | remote=0
- no remote mobility-aware decisions

Window 10 | snapshot=mosaic_generated_004_t_025 | remote=0
- no remote mobility-aware decisions

Window 11 | snapshot=mosaic_generated_005_t_030 | remote=0
- no remote mobility-aware decisions

Window 12 | snapshot=mosaic_generated_005_t_030 | remote=0
- no remote mobility-aware decisions

Window 13 | snapshot=mosaic_generated_005_t_030 | remote=0
- no remote mobility-aware decisions

Window 14 | snapshot=mosaic_generated_005_t_030 | remote=0
- no remote mobility-aware decisions

Window 15 | snapshot=mosaic_generated_005_t_030 | remote=0
- no remote mobility-aware decisions

Window 16 | snapshot=mosaic_generated_005_t_030 | remote=0
- no remote mobility-aware decisions

Window 17 | snapshot=mosaic_generated_005_t_030 | remote=0
- no remote mobility-aware decisions

Window 18 | snapshot=mosaic_generated_005_t_030 | remote=0
- no remote mobility-aware decisions

Window 19 | snapshot=mosaic_generated_005_t_030 | remote=0
- no remote mobility-aware decisions

Window 20 | snapshot=mosaic_generated_005_t_030 | remote=0
- no remote mobility-aware decisions

Window 21 | snapshot=mosaic_generated_005_t_030 | remote=0
- no remote mobility-aware decisions

Window 22 | snapshot=mosaic_generated_005_t_030 | remote=0
- no remote mobility-aware decisions

Window 23 | snapshot=mosaic_generated_005_t_030 | remote=0
- no remote mobility-aware decisions

Window 24 | snapshot=mosaic_generated_005_t_030 | remote=0
- no remote mobility-aware decisions

Window 25 | snapshot=mosaic_generated_005_t_030 | remote=0
- no remote mobility-aware decisions

Window 26 | snapshot=mosaic_generated_005_t_030 | remote=0
- no remote mobility-aware decisions

Window 27 | snapshot=mosaic_generated_005_t_030 | remote=0
- no remote mobility-aware decisions

Window 28 | snapshot=mosaic_generated_005_t_030 | remote=0
- no remote mobility-aware decisions

Window 29 | snapshot=mosaic_generated_005_t_030 | remote=0
- no remote mobility-aware decisions

Window 30 | snapshot=mosaic_generated_005_t_030 | remote=0
- no remote mobility-aware decisions

Window 31 | snapshot=mosaic_generated_005_t_030 | remote=0
- no remote mobility-aware decisions

Window 32 | snapshot=mosaic_generated_005_t_030 | remote=0
- no remote mobility-aware decisions

Window 33 | snapshot=mosaic_generated_005_t_030 | remote=0
- no remote mobility-aware decisions

Window 34 | snapshot=mosaic_generated_005_t_030 | remote=0
- no remote mobility-aware decisions

Window 35 | snapshot=mosaic_generated_005_t_030 | remote=0
- no remote mobility-aware decisions

------------------------------------------------------------
MOBILITY MODEL ASSUMPTIONS
------------------------------------------------------------
- LOCAL decisions use a conventional coverage time of 300,000000 s.
- CLOUD decisions derive coverage and phi_link from the active radio access gateway.
- CLOUD_STABLE_PLACEHOLDER is not used in STRICT_GATEWAY mode.
- EDGE coverage uses current Euclidean distance, node radius and source speed.
- V2V coverage uses Euclidean distance and scalar relative speed abs(v_source - v_target).
- V2V heading and trajectory vectors are not modeled yet.
- Coverage estimates are clamped to 300,000000 s.

------------------------------------------------------------
COMMUNICATION LATENCY CONFIGURATION SUMMARY
------------------------------------------------------------
Lref: 1,000000 s
Aggregation rule: L(C) = sum_i L_i(C)
Partial upload rule: p * input / bandwidth
Partial download rule: output / bandwidth for every remote choice p > 0
Propagation delay rule: tau_n is included once as aggregated end-to-end delay

------------------------------------------------------------
COMMUNICATION LATENCY SUMMARY BY WINDOW
------------------------------------------------------------
idx | snapshot | tasks | remote | partial | full | L(C) | Lref | normalizedL | avgPerTask | avgPerRemote | uploadSum | downloadSum | tauSum | componentDelta
0 | mosaic_generated_000_t_005 | 0 | 0 | 0 | 0 | 0,000000 | 1,000000 | 0,000000 | 0,000000 | 0,000000 | 0,000000 | 0,000000 | 0,000000 | 0,000000000
1 | mosaic_generated_001_t_010 | 3 | 0 | 0 | 0 | 0,000000 | 1,000000 | 0,000000 | 0,000000 | 0,000000 | 0,000000 | 0,000000 | 0,000000 | 0,000000000
2 | mosaic_generated_001_t_010 | 3 | 0 | 0 | 0 | 0,000000 | 1,000000 | 0,000000 | 0,000000 | 0,000000 | 0,000000 | 0,000000 | 0,000000 | 0,000000000
3 | mosaic_generated_002_t_015 | 5 | 0 | 0 | 0 | 0,000000 | 1,000000 | 0,000000 | 0,000000 | 0,000000 | 0,000000 | 0,000000 | 0,000000 | 0,000000000
4 | mosaic_generated_003_t_020 | 8 | 0 | 0 | 0 | 0,000000 | 1,000000 | 0,000000 | 0,000000 | 0,000000 | 0,000000 | 0,000000 | 0,000000 | 0,000000000
5 | mosaic_generated_003_t_020 | 8 | 0 | 0 | 0 | 0,000000 | 1,000000 | 0,000000 | 0,000000 | 0,000000 | 0,000000 | 0,000000 | 0,000000 | 0,000000000
6 | mosaic_generated_004_t_025 | 10 | 0 | 0 | 0 | 0,000000 | 1,000000 | 0,000000 | 0,000000 | 0,000000 | 0,000000 | 0,000000 | 0,000000 | 0,000000000
7 | mosaic_generated_004_t_025 | 10 | 0 | 0 | 0 | 0,000000 | 1,000000 | 0,000000 | 0,000000 | 0,000000 | 0,000000 | 0,000000 | 0,000000 | 0,000000000
8 | mosaic_generated_004_t_025 | 10 | 0 | 0 | 0 | 0,000000 | 1,000000 | 0,000000 | 0,000000 | 0,000000 | 0,000000 | 0,000000 | 0,000000 | 0,000000000
9 | mosaic_generated_004_t_025 | 10 | 0 | 0 | 0 | 0,000000 | 1,000000 | 0,000000 | 0,000000 | 0,000000 | 0,000000 | 0,000000 | 0,000000 | 0,000000000
10 | mosaic_generated_004_t_025 | 10 | 0 | 0 | 0 | 0,000000 | 1,000000 | 0,000000 | 0,000000 | 0,000000 | 0,000000 | 0,000000 | 0,000000 | 0,000000000
11 | mosaic_generated_005_t_030 | 12 | 0 | 0 | 0 | 0,000000 | 1,000000 | 0,000000 | 0,000000 | 0,000000 | 0,000000 | 0,000000 | 0,000000 | 0,000000000
12 | mosaic_generated_005_t_030 | 12 | 0 | 0 | 0 | 0,000000 | 1,000000 | 0,000000 | 0,000000 | 0,000000 | 0,000000 | 0,000000 | 0,000000 | 0,000000000
13 | mosaic_generated_005_t_030 | 12 | 0 | 0 | 0 | 0,000000 | 1,000000 | 0,000000 | 0,000000 | 0,000000 | 0,000000 | 0,000000 | 0,000000 | 0,000000000
14 | mosaic_generated_005_t_030 | 12 | 0 | 0 | 0 | 0,000000 | 1,000000 | 0,000000 | 0,000000 | 0,000000 | 0,000000 | 0,000000 | 0,000000 | 0,000000000
15 | mosaic_generated_005_t_030 | 12 | 0 | 0 | 0 | 0,000000 | 1,000000 | 0,000000 | 0,000000 | 0,000000 | 0,000000 | 0,000000 | 0,000000 | 0,000000000
16 | mosaic_generated_005_t_030 | 12 | 0 | 0 | 0 | 0,000000 | 1,000000 | 0,000000 | 0,000000 | 0,000000 | 0,000000 | 0,000000 | 0,000000 | 0,000000000
17 | mosaic_generated_005_t_030 | 12 | 0 | 0 | 0 | 0,000000 | 1,000000 | 0,000000 | 0,000000 | 0,000000 | 0,000000 | 0,000000 | 0,000000 | 0,000000000
18 | mosaic_generated_005_t_030 | 12 | 0 | 0 | 0 | 0,000000 | 1,000000 | 0,000000 | 0,000000 | 0,000000 | 0,000000 | 0,000000 | 0,000000 | 0,000000000
19 | mosaic_generated_005_t_030 | 12 | 0 | 0 | 0 | 0,000000 | 1,000000 | 0,000000 | 0,000000 | 0,000000 | 0,000000 | 0,000000 | 0,000000 | 0,000000000
20 | mosaic_generated_005_t_030 | 12 | 0 | 0 | 0 | 0,000000 | 1,000000 | 0,000000 | 0,000000 | 0,000000 | 0,000000 | 0,000000 | 0,000000 | 0,000000000
21 | mosaic_generated_005_t_030 | 12 | 0 | 0 | 0 | 0,000000 | 1,000000 | 0,000000 | 0,000000 | 0,000000 | 0,000000 | 0,000000 | 0,000000 | 0,000000000
22 | mosaic_generated_005_t_030 | 12 | 0 | 0 | 0 | 0,000000 | 1,000000 | 0,000000 | 0,000000 | 0,000000 | 0,000000 | 0,000000 | 0,000000 | 0,000000000
23 | mosaic_generated_005_t_030 | 12 | 0 | 0 | 0 | 0,000000 | 1,000000 | 0,000000 | 0,000000 | 0,000000 | 0,000000 | 0,000000 | 0,000000 | 0,000000000
24 | mosaic_generated_005_t_030 | 12 | 0 | 0 | 0 | 0,000000 | 1,000000 | 0,000000 | 0,000000 | 0,000000 | 0,000000 | 0,000000 | 0,000000 | 0,000000000
25 | mosaic_generated_005_t_030 | 12 | 0 | 0 | 0 | 0,000000 | 1,000000 | 0,000000 | 0,000000 | 0,000000 | 0,000000 | 0,000000 | 0,000000 | 0,000000000
26 | mosaic_generated_005_t_030 | 12 | 0 | 0 | 0 | 0,000000 | 1,000000 | 0,000000 | 0,000000 | 0,000000 | 0,000000 | 0,000000 | 0,000000 | 0,000000000
27 | mosaic_generated_005_t_030 | 12 | 0 | 0 | 0 | 0,000000 | 1,000000 | 0,000000 | 0,000000 | 0,000000 | 0,000000 | 0,000000 | 0,000000 | 0,000000000
28 | mosaic_generated_005_t_030 | 12 | 0 | 0 | 0 | 0,000000 | 1,000000 | 0,000000 | 0,000000 | 0,000000 | 0,000000 | 0,000000 | 0,000000 | 0,000000000
29 | mosaic_generated_005_t_030 | 12 | 0 | 0 | 0 | 0,000000 | 1,000000 | 0,000000 | 0,000000 | 0,000000 | 0,000000 | 0,000000 | 0,000000 | 0,000000000
30 | mosaic_generated_005_t_030 | 12 | 0 | 0 | 0 | 0,000000 | 1,000000 | 0,000000 | 0,000000 | 0,000000 | 0,000000 | 0,000000 | 0,000000 | 0,000000000
31 | mosaic_generated_005_t_030 | 12 | 0 | 0 | 0 | 0,000000 | 1,000000 | 0,000000 | 0,000000 | 0,000000 | 0,000000 | 0,000000 | 0,000000 | 0,000000000
32 | mosaic_generated_005_t_030 | 12 | 0 | 0 | 0 | 0,000000 | 1,000000 | 0,000000 | 0,000000 | 0,000000 | 0,000000 | 0,000000 | 0,000000 | 0,000000000
33 | mosaic_generated_005_t_030 | 12 | 0 | 0 | 0 | 0,000000 | 1,000000 | 0,000000 | 0,000000 | 0,000000 | 0,000000 | 0,000000 | 0,000000 | 0,000000000
34 | mosaic_generated_005_t_030 | 12 | 0 | 0 | 0 | 0,000000 | 1,000000 | 0,000000 | 0,000000 | 0,000000 | 0,000000 | 0,000000 | 0,000000 | 0,000000000
35 | mosaic_generated_005_t_030 | 12 | 0 | 0 | 0 | 0,000000 | 1,000000 | 0,000000 | 0,000000 | 0,000000 | 0,000000 | 0,000000 | 0,000000 | 0,000000000

------------------------------------------------------------
TOP COMMUNICATION-LATENCY DECISIONS BY WINDOW
------------------------------------------------------------
Window 0 | snapshot=mosaic_generated_000_t_005 | remote=0
- no remote communication decisions

Window 1 | snapshot=mosaic_generated_001_t_010 | remote=0
- no remote communication decisions

Window 2 | snapshot=mosaic_generated_001_t_010 | remote=0
- no remote communication decisions

Window 3 | snapshot=mosaic_generated_002_t_015 | remote=0
- no remote communication decisions

Window 4 | snapshot=mosaic_generated_003_t_020 | remote=0
- no remote communication decisions

Window 5 | snapshot=mosaic_generated_003_t_020 | remote=0
- no remote communication decisions

Window 6 | snapshot=mosaic_generated_004_t_025 | remote=0
- no remote communication decisions

Window 7 | snapshot=mosaic_generated_004_t_025 | remote=0
- no remote communication decisions

Window 8 | snapshot=mosaic_generated_004_t_025 | remote=0
- no remote communication decisions

Window 9 | snapshot=mosaic_generated_004_t_025 | remote=0
- no remote communication decisions

Window 10 | snapshot=mosaic_generated_004_t_025 | remote=0
- no remote communication decisions

Window 11 | snapshot=mosaic_generated_005_t_030 | remote=0
- no remote communication decisions

Window 12 | snapshot=mosaic_generated_005_t_030 | remote=0
- no remote communication decisions

Window 13 | snapshot=mosaic_generated_005_t_030 | remote=0
- no remote communication decisions

Window 14 | snapshot=mosaic_generated_005_t_030 | remote=0
- no remote communication decisions

Window 15 | snapshot=mosaic_generated_005_t_030 | remote=0
- no remote communication decisions

Window 16 | snapshot=mosaic_generated_005_t_030 | remote=0
- no remote communication decisions

Window 17 | snapshot=mosaic_generated_005_t_030 | remote=0
- no remote communication decisions

Window 18 | snapshot=mosaic_generated_005_t_030 | remote=0
- no remote communication decisions

Window 19 | snapshot=mosaic_generated_005_t_030 | remote=0
- no remote communication decisions

Window 20 | snapshot=mosaic_generated_005_t_030 | remote=0
- no remote communication decisions

Window 21 | snapshot=mosaic_generated_005_t_030 | remote=0
- no remote communication decisions

Window 22 | snapshot=mosaic_generated_005_t_030 | remote=0
- no remote communication decisions

Window 23 | snapshot=mosaic_generated_005_t_030 | remote=0
- no remote communication decisions

Window 24 | snapshot=mosaic_generated_005_t_030 | remote=0
- no remote communication decisions

Window 25 | snapshot=mosaic_generated_005_t_030 | remote=0
- no remote communication decisions

Window 26 | snapshot=mosaic_generated_005_t_030 | remote=0
- no remote communication decisions

Window 27 | snapshot=mosaic_generated_005_t_030 | remote=0
- no remote communication decisions

Window 28 | snapshot=mosaic_generated_005_t_030 | remote=0
- no remote communication decisions

Window 29 | snapshot=mosaic_generated_005_t_030 | remote=0
- no remote communication decisions

Window 30 | snapshot=mosaic_generated_005_t_030 | remote=0
- no remote communication decisions

Window 31 | snapshot=mosaic_generated_005_t_030 | remote=0
- no remote communication decisions

Window 32 | snapshot=mosaic_generated_005_t_030 | remote=0
- no remote communication decisions

Window 33 | snapshot=mosaic_generated_005_t_030 | remote=0
- no remote communication decisions

Window 34 | snapshot=mosaic_generated_005_t_030 | remote=0
- no remote communication decisions

Window 35 | snapshot=mosaic_generated_005_t_030 | remote=0
- no remote communication decisions

------------------------------------------------------------
COMMUNICATION LATENCY MODEL ASSUMPTIONS
------------------------------------------------------------
- LOCAL decisions have L_i = 0.
- For every remote choice p > 0, upload scales with p.
- For every remote choice p > 0, download uses the integral remote output.
- L(C) is the sum of the task communication latencies, not their average.
- tau_n is included once as aggregated end-to-end propagation delay.
- tau_n is independent of p and excludes bandwidth-dependent transfer times.

------------------------------------------------------------
ADAPTIVE WINDOW SUMMARY
------------------------------------------------------------
idx | snapshot | currentDt | nextDt | minDt | maxDt | TcovRef | minMode | maxMode | gaUsed | gaObserved | adaptiveMax | configuredMax | raisedMax | runtimeBudget | action | reason
0 | mosaic_generated_000_t_005 | 5,000000 s | 5,000000 s | 0,150001 s | 5,000000 s | 0,000000 s | OBSERVED_GA_RUNTIME | COVERAGE_ADAPTIVE | 0,100000 s | 0,100000 s | 5,000000 s | 8,000000 s | false | WITHIN_WINDOW | FIRST_RUN | First run: keep the initial window inside the computed bounds.
1 | mosaic_generated_001_t_010 | 5,000000 s | 4,000000 s | 0,050065 s | 5,000000 s | 0,000000 s | OBSERVED_GA_RUNTIME | COVERAGE_ADAPTIVE | 0,000064 s | 0,000064 s | 5,000000 s | 8,000000 s | false | WITHIN_WINDOW | DECREASE | High dynamicity or severe component spike: decrease the next window.
2 | mosaic_generated_001_t_010 | 4,000000 s | 4,000000 s | 0,052162 s | 4,000000 s | 0,000000 s | OBSERVED_GA_RUNTIME | COVERAGE_ADAPTIVE | 0,002161 s | 0,002161 s | 4,000000 s | 8,000000 s | false | WITHIN_WINDOW | CLAMP_TO_BOUNDS | Stable dynamicity: increase the next window additively. The candidate value was clamped to temporal bounds.
3 | mosaic_generated_002_t_015 | 4,000000 s | 3,000000 s | 0,051503 s | 4,000000 s | 0,000000 s | OBSERVED_GA_RUNTIME | COVERAGE_ADAPTIVE | 0,001502 s | 0,001502 s | 4,000000 s | 8,000000 s | false | WITHIN_WINDOW | DECREASE | High dynamicity or severe component spike: decrease the next window.
4 | mosaic_generated_003_t_020 | 3,000000 s | 2,000000 s | 0,055225 s | 3,000000 s | 0,000000 s | OBSERVED_GA_RUNTIME | COVERAGE_ADAPTIVE | 0,005224 s | 0,005224 s | 3,000000 s | 8,000000 s | false | WITHIN_WINDOW | DECREASE | High dynamicity or severe component spike: decrease the next window.
5 | mosaic_generated_003_t_020 | 2,000000 s | 2,000000 s | 0,057866 s | 2,000000 s | 0,000000 s | OBSERVED_GA_RUNTIME | COVERAGE_ADAPTIVE | 0,007865 s | 0,007865 s | 2,000000 s | 8,000000 s | false | WITHIN_WINDOW | CLAMP_TO_BOUNDS | Stable dynamicity: increase the next window additively. The candidate value was clamped to temporal bounds.
6 | mosaic_generated_004_t_025 | 2,000000 s | 1,000000 s | 0,059014 s | 2,000000 s | 0,000000 s | OBSERVED_GA_RUNTIME | COVERAGE_ADAPTIVE | 0,009013 s | 0,009013 s | 2,000000 s | 8,000000 s | false | WITHIN_WINDOW | DECREASE | High dynamicity or severe component spike: decrease the next window.
7 | mosaic_generated_004_t_025 | 1,000000 s | 1,000000 s | 0,063206 s | 1,000000 s | 0,000000 s | OBSERVED_GA_RUNTIME | COVERAGE_ADAPTIVE | 0,013205 s | 0,013205 s | 1,000000 s | 8,000000 s | false | WITHIN_WINDOW | CLAMP_TO_BOUNDS | Stable dynamicity: increase the next window additively. The candidate value was clamped to temporal bounds.
8 | mosaic_generated_004_t_025 | 1,000000 s | 1,000000 s | 0,060605 s | 1,000000 s | 0,000000 s | OBSERVED_GA_RUNTIME | COVERAGE_ADAPTIVE | 0,010604 s | 0,010604 s | 1,000000 s | 8,000000 s | false | WITHIN_WINDOW | CLAMP_TO_BOUNDS | Stable dynamicity: increase the next window additively. The candidate value was clamped to temporal bounds.
9 | mosaic_generated_004_t_025 | 1,000000 s | 1,000000 s | 0,058599 s | 1,000000 s | 0,000000 s | OBSERVED_GA_RUNTIME | COVERAGE_ADAPTIVE | 0,008598 s | 0,008598 s | 1,000000 s | 8,000000 s | false | WITHIN_WINDOW | CLAMP_TO_BOUNDS | Stable dynamicity: increase the next window additively. The candidate value was clamped to temporal bounds.
10 | mosaic_generated_004_t_025 | 1,000000 s | 1,000000 s | 0,061553 s | 1,000000 s | 0,000000 s | OBSERVED_GA_RUNTIME | COVERAGE_ADAPTIVE | 0,011552 s | 0,011552 s | 1,000000 s | 8,000000 s | false | WITHIN_WINDOW | CLAMP_TO_BOUNDS | Stable dynamicity: increase the next window additively. The candidate value was clamped to temporal bounds.
11 | mosaic_generated_005_t_030 | 1,000000 s | 0,064050 s | 0,064050 s | 1,000000 s | 0,000000 s | OBSERVED_GA_RUNTIME | COVERAGE_ADAPTIVE | 0,014049 s | 0,014049 s | 1,000000 s | 8,000000 s | false | WITHIN_WINDOW | CLAMP_TO_BOUNDS | High dynamicity or severe component spike: decrease the next window. The candidate value was clamped to temporal bounds.
12 | mosaic_generated_005_t_030 | 0,064050 s | 0,064424 s | 0,064424 s | 0,064424 s | 0,000000 s | OBSERVED_GA_RUNTIME | COVERAGE_ADAPTIVE | 0,014423 s | 0,014423 s | 0,064050 s | 8,000000 s | true | WITHIN_WINDOW | CLAMP_TO_BOUNDS | Stable dynamicity: increase the next window additively. The candidate value was clamped to temporal bounds.
13 | mosaic_generated_005_t_030 | 0,064424 s | 0,066308 s | 0,066308 s | 0,066308 s | 0,000000 s | OBSERVED_GA_RUNTIME | COVERAGE_ADAPTIVE | 0,016307 s | 0,016307 s | 0,064424 s | 8,000000 s | true | WITHIN_WINDOW | CLAMP_TO_BOUNDS | Stable dynamicity: increase the next window additively. The candidate value was clamped to temporal bounds.
14 | mosaic_generated_005_t_030 | 0,066308 s | 0,066308 s | 0,063274 s | 0,066308 s | 0,000000 s | OBSERVED_GA_RUNTIME | COVERAGE_ADAPTIVE | 0,013273 s | 0,013273 s | 0,066308 s | 8,000000 s | false | WITHIN_WINDOW | CLAMP_TO_BOUNDS | Stable dynamicity: increase the next window additively. The candidate value was clamped to temporal bounds.
15 | mosaic_generated_005_t_030 | 0,066308 s | 0,066308 s | 0,061580 s | 0,066308 s | 0,000000 s | OBSERVED_GA_RUNTIME | COVERAGE_ADAPTIVE | 0,011579 s | 0,011579 s | 0,066308 s | 8,000000 s | false | WITHIN_WINDOW | CLAMP_TO_BOUNDS | Stable dynamicity: increase the next window additively. The candidate value was clamped to temporal bounds.
16 | mosaic_generated_005_t_030 | 0,066308 s | 0,066308 s | 0,063171 s | 0,066308 s | 0,000000 s | OBSERVED_GA_RUNTIME | COVERAGE_ADAPTIVE | 0,013170 s | 0,013170 s | 0,066308 s | 8,000000 s | false | WITHIN_WINDOW | CLAMP_TO_BOUNDS | Stable dynamicity: increase the next window additively. The candidate value was clamped to temporal bounds.
17 | mosaic_generated_005_t_030 | 0,066308 s | 0,066308 s | 0,060447 s | 0,066308 s | 0,000000 s | OBSERVED_GA_RUNTIME | COVERAGE_ADAPTIVE | 0,010446 s | 0,010446 s | 0,066308 s | 8,000000 s | false | WITHIN_WINDOW | CLAMP_TO_BOUNDS | Stable dynamicity: increase the next window additively. The candidate value was clamped to temporal bounds.
18 | mosaic_generated_005_t_030 | 0,066308 s | 0,067647 s | 0,067647 s | 0,067647 s | 0,000000 s | OBSERVED_GA_RUNTIME | COVERAGE_ADAPTIVE | 0,017646 s | 0,017646 s | 0,066308 s | 8,000000 s | true | WITHIN_WINDOW | CLAMP_TO_BOUNDS | Stable dynamicity: increase the next window additively. The candidate value was clamped to temporal bounds.
19 | mosaic_generated_005_t_030 | 0,067647 s | 0,070334 s | 0,070334 s | 0,070334 s | 0,000000 s | OBSERVED_GA_RUNTIME | COVERAGE_ADAPTIVE | 0,020333 s | 0,020333 s | 0,067647 s | 8,000000 s | true | WITHIN_WINDOW | CLAMP_TO_BOUNDS | Stable dynamicity: increase the next window additively. The candidate value was clamped to temporal bounds.
20 | mosaic_generated_005_t_030 | 0,070334 s | 0,070334 s | 0,060773 s | 0,070334 s | 0,000000 s | OBSERVED_GA_RUNTIME | COVERAGE_ADAPTIVE | 0,010772 s | 0,010772 s | 0,070334 s | 8,000000 s | false | WITHIN_WINDOW | CLAMP_TO_BOUNDS | Stable dynamicity: increase the next window additively. The candidate value was clamped to temporal bounds.
21 | mosaic_generated_005_t_030 | 0,070334 s | 0,070334 s | 0,060952 s | 0,070334 s | 0,000000 s | OBSERVED_GA_RUNTIME | COVERAGE_ADAPTIVE | 0,010951 s | 0,010951 s | 0,070334 s | 8,000000 s | false | WITHIN_WINDOW | CLAMP_TO_BOUNDS | Stable dynamicity: increase the next window additively. The candidate value was clamped to temporal bounds.
22 | mosaic_generated_005_t_030 | 0,070334 s | 0,070334 s | 0,061565 s | 0,070334 s | 0,000000 s | OBSERVED_GA_RUNTIME | COVERAGE_ADAPTIVE | 0,011564 s | 0,011564 s | 0,070334 s | 8,000000 s | false | WITHIN_WINDOW | CLAMP_TO_BOUNDS | Stable dynamicity: increase the next window additively. The candidate value was clamped to temporal bounds.
23 | mosaic_generated_005_t_030 | 0,070334 s | 0,070334 s | 0,060787 s | 0,070334 s | 0,000000 s | OBSERVED_GA_RUNTIME | COVERAGE_ADAPTIVE | 0,010786 s | 0,010786 s | 0,070334 s | 8,000000 s | false | WITHIN_WINDOW | CLAMP_TO_BOUNDS | Stable dynamicity: increase the next window additively. The candidate value was clamped to temporal bounds.
24 | mosaic_generated_005_t_030 | 0,070334 s | 0,070334 s | 0,063247 s | 0,070334 s | 0,000000 s | OBSERVED_GA_RUNTIME | COVERAGE_ADAPTIVE | 0,013246 s | 0,013246 s | 0,070334 s | 8,000000 s | false | WITHIN_WINDOW | CLAMP_TO_BOUNDS | Stable dynamicity: increase the next window additively. The candidate value was clamped to temporal bounds.
25 | mosaic_generated_005_t_030 | 0,070334 s | 0,070334 s | 0,061180 s | 0,070334 s | 0,000000 s | OBSERVED_GA_RUNTIME | COVERAGE_ADAPTIVE | 0,011179 s | 0,011179 s | 0,070334 s | 8,000000 s | false | WITHIN_WINDOW | CLAMP_TO_BOUNDS | Stable dynamicity: increase the next window additively. The candidate value was clamped to temporal bounds.
26 | mosaic_generated_005_t_030 | 0,070334 s | 0,070334 s | 0,060948 s | 0,070334 s | 0,000000 s | OBSERVED_GA_RUNTIME | COVERAGE_ADAPTIVE | 0,010947 s | 0,010947 s | 0,070334 s | 8,000000 s | false | WITHIN_WINDOW | CLAMP_TO_BOUNDS | Stable dynamicity: increase the next window additively. The candidate value was clamped to temporal bounds.
27 | mosaic_generated_005_t_030 | 0,070334 s | 0,070334 s | 0,063334 s | 0,070334 s | 0,000000 s | OBSERVED_GA_RUNTIME | COVERAGE_ADAPTIVE | 0,013333 s | 0,013333 s | 0,070334 s | 8,000000 s | false | WITHIN_WINDOW | CLAMP_TO_BOUNDS | Stable dynamicity: increase the next window additively. The candidate value was clamped to temporal bounds.
28 | mosaic_generated_005_t_030 | 0,070334 s | 0,070334 s | 0,064884 s | 0,070334 s | 0,000000 s | OBSERVED_GA_RUNTIME | COVERAGE_ADAPTIVE | 0,014883 s | 0,014883 s | 0,070334 s | 8,000000 s | false | WITHIN_WINDOW | CLAMP_TO_BOUNDS | Stable dynamicity: increase the next window additively. The candidate value was clamped to temporal bounds.
29 | mosaic_generated_005_t_030 | 0,070334 s | 0,070334 s | 0,060628 s | 0,070334 s | 0,000000 s | OBSERVED_GA_RUNTIME | COVERAGE_ADAPTIVE | 0,010627 s | 0,010627 s | 0,070334 s | 8,000000 s | false | WITHIN_WINDOW | CLAMP_TO_BOUNDS | Stable dynamicity: increase the next window additively. The candidate value was clamped to temporal bounds.
30 | mosaic_generated_005_t_030 | 0,070334 s | 0,070334 s | 0,062029 s | 0,070334 s | 0,000000 s | OBSERVED_GA_RUNTIME | COVERAGE_ADAPTIVE | 0,012028 s | 0,012028 s | 0,070334 s | 8,000000 s | false | WITHIN_WINDOW | CLAMP_TO_BOUNDS | Stable dynamicity: increase the next window additively. The candidate value was clamped to temporal bounds.
31 | mosaic_generated_005_t_030 | 0,070334 s | 0,070334 s | 0,063186 s | 0,070334 s | 0,000000 s | OBSERVED_GA_RUNTIME | COVERAGE_ADAPTIVE | 0,013185 s | 0,013185 s | 0,070334 s | 8,000000 s | false | WITHIN_WINDOW | CLAMP_TO_BOUNDS | Stable dynamicity: increase the next window additively. The candidate value was clamped to temporal bounds.
32 | mosaic_generated_005_t_030 | 0,070334 s | 0,070334 s | 0,061165 s | 0,070334 s | 0,000000 s | OBSERVED_GA_RUNTIME | COVERAGE_ADAPTIVE | 0,011164 s | 0,011164 s | 0,070334 s | 8,000000 s | false | WITHIN_WINDOW | CLAMP_TO_BOUNDS | Stable dynamicity: increase the next window additively. The candidate value was clamped to temporal bounds.
33 | mosaic_generated_005_t_030 | 0,070334 s | 0,070334 s | 0,061331 s | 0,070334 s | 0,000000 s | OBSERVED_GA_RUNTIME | COVERAGE_ADAPTIVE | 0,011330 s | 0,011330 s | 0,070334 s | 8,000000 s | false | WITHIN_WINDOW | CLAMP_TO_BOUNDS | Stable dynamicity: increase the next window additively. The candidate value was clamped to temporal bounds.
34 | mosaic_generated_005_t_030 | 0,070334 s | 0,070334 s | 0,060262 s | 0,070334 s | 0,000000 s | OBSERVED_GA_RUNTIME | COVERAGE_ADAPTIVE | 0,010261 s | 0,010261 s | 0,070334 s | 8,000000 s | false | WITHIN_WINDOW | CLAMP_TO_BOUNDS | Stable dynamicity: increase the next window additively. The candidate value was clamped to temporal bounds.
35 | mosaic_generated_005_t_030 | 0,070334 s | 0,070334 s | 0,066679 s | 0,070334 s | 0,000000 s | OBSERVED_GA_RUNTIME | COVERAGE_ADAPTIVE | 0,016678 s | 0,016678 s | 0,070334 s | 8,000000 s | false | WITHIN_WINDOW | CLAMP_TO_BOUNDS | Stable dynamicity: increase the next window additively. The candidate value was clamped to temporal bounds.

Runtime budget notes:
- WITHIN_WINDOW: the observed GA runtime fits both the current and next logical window.
- EXCEEDS_CURRENT: the GA completed after the current logical window duration.
- EXCEEDS_NEXT: the measured runtime is longer than the next planned window.
- EXCEEDS_CURRENT_AND_NEXT: both conditions hold. This requires an explicit orchestration decision before live integration.
- Runtime budget warnings: 0

------------------------------------------------------------
TEMPORAL TIMING SUMMARY
------------------------------------------------------------
idx | snapshot | triggerTime | managerObsTime | sourceTime | currentDt | nextDt
0 | mosaic_generated_000_t_005 | 5,000000 s | 5,000000 s | 5,000000 s | 5,000000 s | 5,000000 s
1 | mosaic_generated_001_t_010 | 10,000000 s | 10,000000 s | 10,000000 s | 5,000000 s | 4,000000 s
2 | mosaic_generated_001_t_010 | 14,000000 s | 14,000000 s | 10,000000 s | 4,000000 s | 4,000000 s
3 | mosaic_generated_002_t_015 | 18,000000 s | 18,000000 s | 15,000000 s | 4,000000 s | 3,000000 s
4 | mosaic_generated_003_t_020 | 21,000000 s | 21,000000 s | 20,000000 s | 3,000000 s | 2,000000 s
5 | mosaic_generated_003_t_020 | 23,000000 s | 23,000000 s | 20,000000 s | 2,000000 s | 2,000000 s
6 | mosaic_generated_004_t_025 | 25,000000 s | 25,000000 s | 25,000000 s | 2,000000 s | 1,000000 s
7 | mosaic_generated_004_t_025 | 26,000000 s | 26,000000 s | 25,000000 s | 1,000000 s | 1,000000 s
8 | mosaic_generated_004_t_025 | 27,000000 s | 27,000000 s | 25,000000 s | 1,000000 s | 1,000000 s
9 | mosaic_generated_004_t_025 | 28,000000 s | 28,000000 s | 25,000000 s | 1,000000 s | 1,000000 s
10 | mosaic_generated_004_t_025 | 29,000000 s | 29,000000 s | 25,000000 s | 1,000000 s | 1,000000 s
11 | mosaic_generated_005_t_030 | 30,000000 s | 30,000000 s | 30,000000 s | 1,000000 s | 0,064050 s
12 | mosaic_generated_005_t_030 | 30,064050 s | 30,064050 s | 30,000000 s | 0,064050 s | 0,064424 s
13 | mosaic_generated_005_t_030 | 30,128474 s | 30,128474 s | 30,000000 s | 0,064424 s | 0,066308 s
14 | mosaic_generated_005_t_030 | 30,194782 s | 30,194782 s | 30,000000 s | 0,066308 s | 0,066308 s
15 | mosaic_generated_005_t_030 | 30,261090 s | 30,261090 s | 30,000000 s | 0,066308 s | 0,066308 s
16 | mosaic_generated_005_t_030 | 30,327397 s | 30,327397 s | 30,000000 s | 0,066308 s | 0,066308 s
17 | mosaic_generated_005_t_030 | 30,393705 s | 30,393705 s | 30,000000 s | 0,066308 s | 0,066308 s
18 | mosaic_generated_005_t_030 | 30,460013 s | 30,460013 s | 30,000000 s | 0,066308 s | 0,067647 s
19 | mosaic_generated_005_t_030 | 30,527660 s | 30,527660 s | 30,000000 s | 0,067647 s | 0,070334 s
20 | mosaic_generated_005_t_030 | 30,597994 s | 30,597994 s | 30,000000 s | 0,070334 s | 0,070334 s
21 | mosaic_generated_005_t_030 | 30,668328 s | 30,668328 s | 30,000000 s | 0,070334 s | 0,070334 s
22 | mosaic_generated_005_t_030 | 30,738662 s | 30,738662 s | 30,000000 s | 0,070334 s | 0,070334 s
23 | mosaic_generated_005_t_030 | 30,808995 s | 30,808995 s | 30,000000 s | 0,070334 s | 0,070334 s
24 | mosaic_generated_005_t_030 | 30,879329 s | 30,879329 s | 30,000000 s | 0,070334 s | 0,070334 s
25 | mosaic_generated_005_t_030 | 30,949663 s | 30,949663 s | 30,000000 s | 0,070334 s | 0,070334 s
26 | mosaic_generated_005_t_030 | 31,019996 s | 31,019996 s | 30,000000 s | 0,070334 s | 0,070334 s
27 | mosaic_generated_005_t_030 | 31,090330 s | 31,090330 s | 30,000000 s | 0,070334 s | 0,070334 s
28 | mosaic_generated_005_t_030 | 31,160664 s | 31,160664 s | 30,000000 s | 0,070334 s | 0,070334 s
29 | mosaic_generated_005_t_030 | 31,230997 s | 31,230997 s | 30,000000 s | 0,070334 s | 0,070334 s
30 | mosaic_generated_005_t_030 | 31,301331 s | 31,301331 s | 30,000000 s | 0,070334 s | 0,070334 s
31 | mosaic_generated_005_t_030 | 31,371665 s | 31,371665 s | 30,000000 s | 0,070334 s | 0,070334 s
32 | mosaic_generated_005_t_030 | 31,441998 s | 31,441998 s | 30,000000 s | 0,070334 s | 0,070334 s
33 | mosaic_generated_005_t_030 | 31,512332 s | 31,512332 s | 30,000000 s | 0,070334 s | 0,070334 s
34 | mosaic_generated_005_t_030 | 31,582666 s | 31,582666 s | 30,000000 s | 0,070334 s | 0,070334 s
35 | mosaic_generated_005_t_030 | 31,653000 s | 31,653000 s | 30,000000 s | 0,070334 s | 0,070334 s

------------------------------------------------------------
POPULATION REUSE DECISION SUMMARY
------------------------------------------------------------
idx | snapshot | D | Dt | Dl | Dr | Dv | base | applied | prevPerf | spike | severeSpike | corrected | reason
0 | mosaic_generated_000_t_005 | 0,000000 | 0,000000 | 0,000000 | 0,000000 | 0,000000 | FIRST_RUN | FIRST_RUN | UNKNOWN | false | false | false | First run: no previous population exists.
1 | mosaic_generated_001_t_010 | 0,750000 | 1,000000 | 0,000000 | 1,000000 | 1,000000 | COLD_START | COLD_START | UNKNOWN | true | true | false | Global dynamicity is above thetaHigh.
2 | mosaic_generated_001_t_010 | 0,000000 | 0,000000 | 0,000000 | 0,000000 | 0,000000 | WARM_START | WARM_START | GOOD | false | false | false | Scenario is stable and previous population can be reused.
3 | mosaic_generated_002_t_015 | 0,625000 | 1,000000 | 0,000000 | 0,833333 | 0,666667 | PARTIAL_RESTART | PARTIAL_RESTART | GOOD | true | true | false | Partial restart confirmed: no critical task-link spike and no performance condition requires correction.
4 | mosaic_generated_003_t_020 | 0,375000 | 1,000000 | 0,000000 | 0,250000 | 0,250000 | PARTIAL_RESTART | PARTIAL_RESTART | GOOD | true | true | false | Partial restart confirmed: no critical task-link spike and no performance condition requires correction.
5 | mosaic_generated_003_t_020 | 0,000000 | 0,000000 | 0,000000 | 0,000000 | 0,000000 | WARM_START | WARM_START | GOOD | false | false | false | Scenario is stable and previous population can be reused.
6 | mosaic_generated_004_t_025 | 0,350000 | 1,000000 | 0,000000 | 0,200000 | 0,200000 | PARTIAL_RESTART | PARTIAL_RESTART | GOOD | true | true | false | Partial restart confirmed: no critical task-link spike and no performance condition requires correction.
7 | mosaic_generated_004_t_025 | 0,000000 | 0,000000 | 0,000000 | 0,000000 | 0,000000 | WARM_START | WARM_START | GOOD | false | false | false | Scenario is stable and previous population can be reused.
8 | mosaic_generated_004_t_025 | 0,000000 | 0,000000 | 0,000000 | 0,000000 | 0,000000 | WARM_START | WARM_START | GOOD | false | false | false | Scenario is stable and previous population can be reused.
9 | mosaic_generated_004_t_025 | 0,000000 | 0,000000 | 0,000000 | 0,000000 | 0,000000 | WARM_START | WARM_START | GOOD | false | false | false | Scenario is stable and previous population can be reused.
10 | mosaic_generated_004_t_025 | 0,000000 | 0,000000 | 0,000000 | 0,000000 | 0,000000 | WARM_START | WARM_START | GOOD | false | false | false | Scenario is stable and previous population can be reused.
11 | mosaic_generated_005_t_030 | 0,333333 | 1,000000 | 0,000000 | 0,166667 | 0,166667 | PARTIAL_RESTART | PARTIAL_RESTART | GOOD | true | true | false | Partial restart confirmed: no critical task-link spike and no performance condition requires correction.
12 | mosaic_generated_005_t_030 | 0,000000 | 0,000000 | 0,000000 | 0,000000 | 0,000000 | WARM_START | WARM_START | GOOD | false | false | false | Scenario is stable and previous population can be reused.
13 | mosaic_generated_005_t_030 | 0,000000 | 0,000000 | 0,000000 | 0,000000 | 0,000000 | WARM_START | WARM_START | GOOD | false | false | false | Scenario is stable and previous population can be reused.
14 | mosaic_generated_005_t_030 | 0,000000 | 0,000000 | 0,000000 | 0,000000 | 0,000000 | WARM_START | WARM_START | GOOD | false | false | false | Scenario is stable and previous population can be reused.
15 | mosaic_generated_005_t_030 | 0,000000 | 0,000000 | 0,000000 | 0,000000 | 0,000000 | WARM_START | WARM_START | GOOD | false | false | false | Scenario is stable and previous population can be reused.
16 | mosaic_generated_005_t_030 | 0,000000 | 0,000000 | 0,000000 | 0,000000 | 0,000000 | WARM_START | WARM_START | GOOD | false | false | false | Scenario is stable and previous population can be reused.
17 | mosaic_generated_005_t_030 | 0,000000 | 0,000000 | 0,000000 | 0,000000 | 0,000000 | WARM_START | WARM_START | GOOD | false | false | false | Scenario is stable and previous population can be reused.
18 | mosaic_generated_005_t_030 | 0,000000 | 0,000000 | 0,000000 | 0,000000 | 0,000000 | WARM_START | WARM_START | GOOD | false | false | false | Scenario is stable and previous population can be reused.
19 | mosaic_generated_005_t_030 | 0,000000 | 0,000000 | 0,000000 | 0,000000 | 0,000000 | WARM_START | WARM_START | GOOD | false | false | false | Scenario is stable and previous population can be reused.
20 | mosaic_generated_005_t_030 | 0,000000 | 0,000000 | 0,000000 | 0,000000 | 0,000000 | WARM_START | WARM_START | GOOD | false | false | false | Scenario is stable and previous population can be reused.
21 | mosaic_generated_005_t_030 | 0,000000 | 0,000000 | 0,000000 | 0,000000 | 0,000000 | WARM_START | WARM_START | GOOD | false | false | false | Scenario is stable and previous population can be reused.
22 | mosaic_generated_005_t_030 | 0,000000 | 0,000000 | 0,000000 | 0,000000 | 0,000000 | WARM_START | WARM_START | GOOD | false | false | false | Scenario is stable and previous population can be reused.
23 | mosaic_generated_005_t_030 | 0,000000 | 0,000000 | 0,000000 | 0,000000 | 0,000000 | WARM_START | WARM_START | GOOD | false | false | false | Scenario is stable and previous population can be reused.
24 | mosaic_generated_005_t_030 | 0,000000 | 0,000000 | 0,000000 | 0,000000 | 0,000000 | WARM_START | WARM_START | GOOD | false | false | false | Scenario is stable and previous population can be reused.
25 | mosaic_generated_005_t_030 | 0,000000 | 0,000000 | 0,000000 | 0,000000 | 0,000000 | WARM_START | WARM_START | GOOD | false | false | false | Scenario is stable and previous population can be reused.
26 | mosaic_generated_005_t_030 | 0,000000 | 0,000000 | 0,000000 | 0,000000 | 0,000000 | WARM_START | WARM_START | GOOD | false | false | false | Scenario is stable and previous population can be reused.
27 | mosaic_generated_005_t_030 | 0,000000 | 0,000000 | 0,000000 | 0,000000 | 0,000000 | WARM_START | WARM_START | GOOD | false | false | false | Scenario is stable and previous population can be reused.
28 | mosaic_generated_005_t_030 | 0,000000 | 0,000000 | 0,000000 | 0,000000 | 0,000000 | WARM_START | WARM_START | GOOD | false | false | false | Scenario is stable and previous population can be reused.
29 | mosaic_generated_005_t_030 | 0,000000 | 0,000000 | 0,000000 | 0,000000 | 0,000000 | WARM_START | WARM_START | GOOD | false | false | false | Scenario is stable and previous population can be reused.
30 | mosaic_generated_005_t_030 | 0,000000 | 0,000000 | 0,000000 | 0,000000 | 0,000000 | WARM_START | WARM_START | GOOD | false | false | false | Scenario is stable and previous population can be reused.
31 | mosaic_generated_005_t_030 | 0,000000 | 0,000000 | 0,000000 | 0,000000 | 0,000000 | WARM_START | WARM_START | GOOD | false | false | false | Scenario is stable and previous population can be reused.
32 | mosaic_generated_005_t_030 | 0,000000 | 0,000000 | 0,000000 | 0,000000 | 0,000000 | WARM_START | WARM_START | GOOD | false | false | false | Scenario is stable and previous population can be reused.
33 | mosaic_generated_005_t_030 | 0,000000 | 0,000000 | 0,000000 | 0,000000 | 0,000000 | WARM_START | WARM_START | GOOD | false | false | false | Scenario is stable and previous population can be reused.
34 | mosaic_generated_005_t_030 | 0,000000 | 0,000000 | 0,000000 | 0,000000 | 0,000000 | WARM_START | WARM_START | GOOD | false | false | false | Scenario is stable and previous population can be reused.
35 | mosaic_generated_005_t_030 | 0,000000 | 0,000000 | 0,000000 | 0,000000 | 0,000000 | WARM_START | WARM_START | GOOD | false | false | false | Scenario is stable and previous population can be reused.

------------------------------------------------------------
SYSTEM STATE SOURCE SUMMARY
------------------------------------------------------------
idx | snapshot | mode | seq | managerTime | sourceTime | shift | exactMatch | futureLookAhead | interpretation | source
0 | mosaic_generated_000_t_005 | JSON_TIME_INDEXED_REPLAY | 0 | 5,000000 s | 5,000000 s | 0,000000 s | true | false | aligned | time-indexed JSON replay from C:\Users\raffa\IdeaProjects\maga-core\data\snapshots\mosaic-generated
1 | mosaic_generated_001_t_010 | JSON_TIME_INDEXED_REPLAY | 1 | 10,000000 s | 10,000000 s | 0,000000 s | true | false | aligned | time-indexed JSON replay from C:\Users\raffa\IdeaProjects\maga-core\data\snapshots\mosaic-generated
2 | mosaic_generated_001_t_010 | JSON_TIME_INDEXED_REPLAY | 1 | 14,000000 s | 10,000000 s | -4,000000 s | false | false | past snapshot reuse | time-indexed JSON replay from C:\Users\raffa\IdeaProjects\maga-core\data\snapshots\mosaic-generated
3 | mosaic_generated_002_t_015 | JSON_TIME_INDEXED_REPLAY | 2 | 18,000000 s | 15,000000 s | -3,000000 s | false | false | past snapshot reuse | time-indexed JSON replay from C:\Users\raffa\IdeaProjects\maga-core\data\snapshots\mosaic-generated
4 | mosaic_generated_003_t_020 | JSON_TIME_INDEXED_REPLAY | 3 | 21,000000 s | 20,000000 s | -1,000000 s | false | false | past snapshot reuse | time-indexed JSON replay from C:\Users\raffa\IdeaProjects\maga-core\data\snapshots\mosaic-generated
5 | mosaic_generated_003_t_020 | JSON_TIME_INDEXED_REPLAY | 3 | 23,000000 s | 20,000000 s | -3,000000 s | false | false | past snapshot reuse | time-indexed JSON replay from C:\Users\raffa\IdeaProjects\maga-core\data\snapshots\mosaic-generated
6 | mosaic_generated_004_t_025 | JSON_TIME_INDEXED_REPLAY | 4 | 25,000000 s | 25,000000 s | 0,000000 s | true | false | aligned | time-indexed JSON replay from C:\Users\raffa\IdeaProjects\maga-core\data\snapshots\mosaic-generated
7 | mosaic_generated_004_t_025 | JSON_TIME_INDEXED_REPLAY | 4 | 26,000000 s | 25,000000 s | -1,000000 s | false | false | past snapshot reuse | time-indexed JSON replay from C:\Users\raffa\IdeaProjects\maga-core\data\snapshots\mosaic-generated
8 | mosaic_generated_004_t_025 | JSON_TIME_INDEXED_REPLAY | 4 | 27,000000 s | 25,000000 s | -2,000000 s | false | false | past snapshot reuse | time-indexed JSON replay from C:\Users\raffa\IdeaProjects\maga-core\data\snapshots\mosaic-generated
9 | mosaic_generated_004_t_025 | JSON_TIME_INDEXED_REPLAY | 4 | 28,000000 s | 25,000000 s | -3,000000 s | false | false | past snapshot reuse | time-indexed JSON replay from C:\Users\raffa\IdeaProjects\maga-core\data\snapshots\mosaic-generated
10 | mosaic_generated_004_t_025 | JSON_TIME_INDEXED_REPLAY | 4 | 29,000000 s | 25,000000 s | -4,000000 s | false | false | past snapshot reuse | time-indexed JSON replay from C:\Users\raffa\IdeaProjects\maga-core\data\snapshots\mosaic-generated
11 | mosaic_generated_005_t_030 | JSON_TIME_INDEXED_REPLAY | 5 | 30,000000 s | 30,000000 s | 0,000000 s | true | false | aligned | time-indexed JSON replay from C:\Users\raffa\IdeaProjects\maga-core\data\snapshots\mosaic-generated
12 | mosaic_generated_005_t_030 | JSON_TIME_INDEXED_REPLAY | 5 | 30,064050 s | 30,000000 s | -0,064050 s | false | false | past snapshot reuse | time-indexed JSON replay from C:\Users\raffa\IdeaProjects\maga-core\data\snapshots\mosaic-generated
13 | mosaic_generated_005_t_030 | JSON_TIME_INDEXED_REPLAY | 5 | 30,128474 s | 30,000000 s | -0,128474 s | false | false | past snapshot reuse | time-indexed JSON replay from C:\Users\raffa\IdeaProjects\maga-core\data\snapshots\mosaic-generated
14 | mosaic_generated_005_t_030 | JSON_TIME_INDEXED_REPLAY | 5 | 30,194782 s | 30,000000 s | -0,194782 s | false | false | past snapshot reuse | time-indexed JSON replay from C:\Users\raffa\IdeaProjects\maga-core\data\snapshots\mosaic-generated
15 | mosaic_generated_005_t_030 | JSON_TIME_INDEXED_REPLAY | 5 | 30,261090 s | 30,000000 s | -0,261090 s | false | false | past snapshot reuse | time-indexed JSON replay from C:\Users\raffa\IdeaProjects\maga-core\data\snapshots\mosaic-generated
16 | mosaic_generated_005_t_030 | JSON_TIME_INDEXED_REPLAY | 5 | 30,327397 s | 30,000000 s | -0,327397 s | false | false | past snapshot reuse | time-indexed JSON replay from C:\Users\raffa\IdeaProjects\maga-core\data\snapshots\mosaic-generated
17 | mosaic_generated_005_t_030 | JSON_TIME_INDEXED_REPLAY | 5 | 30,393705 s | 30,000000 s | -0,393705 s | false | false | past snapshot reuse | time-indexed JSON replay from C:\Users\raffa\IdeaProjects\maga-core\data\snapshots\mosaic-generated
18 | mosaic_generated_005_t_030 | JSON_TIME_INDEXED_REPLAY | 5 | 30,460013 s | 30,000000 s | -0,460013 s | false | false | past snapshot reuse | time-indexed JSON replay from C:\Users\raffa\IdeaProjects\maga-core\data\snapshots\mosaic-generated
19 | mosaic_generated_005_t_030 | JSON_TIME_INDEXED_REPLAY | 5 | 30,527660 s | 30,000000 s | -0,527660 s | false | false | past snapshot reuse | time-indexed JSON replay from C:\Users\raffa\IdeaProjects\maga-core\data\snapshots\mosaic-generated
20 | mosaic_generated_005_t_030 | JSON_TIME_INDEXED_REPLAY | 5 | 30,597994 s | 30,000000 s | -0,597994 s | false | false | past snapshot reuse | time-indexed JSON replay from C:\Users\raffa\IdeaProjects\maga-core\data\snapshots\mosaic-generated
21 | mosaic_generated_005_t_030 | JSON_TIME_INDEXED_REPLAY | 5 | 30,668328 s | 30,000000 s | -0,668328 s | false | false | past snapshot reuse | time-indexed JSON replay from C:\Users\raffa\IdeaProjects\maga-core\data\snapshots\mosaic-generated
22 | mosaic_generated_005_t_030 | JSON_TIME_INDEXED_REPLAY | 5 | 30,738662 s | 30,000000 s | -0,738661 s | false | false | past snapshot reuse | time-indexed JSON replay from C:\Users\raffa\IdeaProjects\maga-core\data\snapshots\mosaic-generated
23 | mosaic_generated_005_t_030 | JSON_TIME_INDEXED_REPLAY | 5 | 30,808995 s | 30,000000 s | -0,808995 s | false | false | past snapshot reuse | time-indexed JSON replay from C:\Users\raffa\IdeaProjects\maga-core\data\snapshots\mosaic-generated
24 | mosaic_generated_005_t_030 | JSON_TIME_INDEXED_REPLAY | 5 | 30,879329 s | 30,000000 s | -0,879329 s | false | false | past snapshot reuse | time-indexed JSON replay from C:\Users\raffa\IdeaProjects\maga-core\data\snapshots\mosaic-generated
25 | mosaic_generated_005_t_030 | JSON_TIME_INDEXED_REPLAY | 5 | 30,949663 s | 30,000000 s | -0,949663 s | false | false | past snapshot reuse | time-indexed JSON replay from C:\Users\raffa\IdeaProjects\maga-core\data\snapshots\mosaic-generated
26 | mosaic_generated_005_t_030 | JSON_TIME_INDEXED_REPLAY | 5 | 31,019996 s | 30,000000 s | -1,019996 s | false | false | past snapshot reuse | time-indexed JSON replay from C:\Users\raffa\IdeaProjects\maga-core\data\snapshots\mosaic-generated
27 | mosaic_generated_005_t_030 | JSON_TIME_INDEXED_REPLAY | 5 | 31,090330 s | 30,000000 s | -1,090330 s | false | false | past snapshot reuse | time-indexed JSON replay from C:\Users\raffa\IdeaProjects\maga-core\data\snapshots\mosaic-generated
28 | mosaic_generated_005_t_030 | JSON_TIME_INDEXED_REPLAY | 5 | 31,160664 s | 30,000000 s | -1,160664 s | false | false | past snapshot reuse | time-indexed JSON replay from C:\Users\raffa\IdeaProjects\maga-core\data\snapshots\mosaic-generated
29 | mosaic_generated_005_t_030 | JSON_TIME_INDEXED_REPLAY | 5 | 31,230997 s | 30,000000 s | -1,230997 s | false | false | past snapshot reuse | time-indexed JSON replay from C:\Users\raffa\IdeaProjects\maga-core\data\snapshots\mosaic-generated
30 | mosaic_generated_005_t_030 | JSON_TIME_INDEXED_REPLAY | 5 | 31,301331 s | 30,000000 s | -1,301331 s | false | false | past snapshot reuse | time-indexed JSON replay from C:\Users\raffa\IdeaProjects\maga-core\data\snapshots\mosaic-generated
31 | mosaic_generated_005_t_030 | JSON_TIME_INDEXED_REPLAY | 5 | 31,371665 s | 30,000000 s | -1,371665 s | false | false | past snapshot reuse | time-indexed JSON replay from C:\Users\raffa\IdeaProjects\maga-core\data\snapshots\mosaic-generated
32 | mosaic_generated_005_t_030 | JSON_TIME_INDEXED_REPLAY | 5 | 31,441998 s | 30,000000 s | -1,441998 s | false | false | past snapshot reuse | time-indexed JSON replay from C:\Users\raffa\IdeaProjects\maga-core\data\snapshots\mosaic-generated
33 | mosaic_generated_005_t_030 | JSON_TIME_INDEXED_REPLAY | 5 | 31,512332 s | 30,000000 s | -1,512332 s | false | false | past snapshot reuse | time-indexed JSON replay from C:\Users\raffa\IdeaProjects\maga-core\data\snapshots\mosaic-generated
34 | mosaic_generated_005_t_030 | JSON_TIME_INDEXED_REPLAY | 5 | 31,582666 s | 30,000000 s | -1,582666 s | false | false | past snapshot reuse | time-indexed JSON replay from C:\Users\raffa\IdeaProjects\maga-core\data\snapshots\mosaic-generated
35 | mosaic_generated_005_t_030 | JSON_TIME_INDEXED_REPLAY | 5 | 31,653000 s | 30,000000 s | -1,653000 s | false | false | past snapshot reuse | time-indexed JSON replay from C:\Users\raffa\IdeaProjects\maga-core\data\snapshots\mosaic-generated

Interpretation notes:
- In JSON_SEQUENCE mode, a positive shift is expected when the adaptive window duration changes because files are consumed ordinally.
- In JSON_TIME mode, a futureLookAhead=true row is anomalous: it means that a snapshot newer than the manager time was exposed.

------------------------------------------------------------
CANDIDATE PREFILTER SUMMARY
------------------------------------------------------------
idx | snapshot | original | filtered | removed | reasons
0 | mosaic_generated_000_t_005 | 0 | 0 | 0 | 
1 | mosaic_generated_001_t_010 | 1 | 1 | 0 | KEPT=1
2 | mosaic_generated_001_t_010 | 1 | 1 | 0 | KEPT=1
3 | mosaic_generated_002_t_015 | 9 | 9 | 0 | KEPT=9
4 | mosaic_generated_003_t_020 | 16 | 14 | 2 | KEPT=14, INSUFFICIENT_COVERAGE=2
5 | mosaic_generated_003_t_020 | 16 | 14 | 2 | KEPT=14, INSUFFICIENT_COVERAGE=2
6 | mosaic_generated_004_t_025 | 25 | 19 | 6 | KEPT=19, INSUFFICIENT_COVERAGE=6
7 | mosaic_generated_004_t_025 | 25 | 19 | 6 | KEPT=19, INSUFFICIENT_COVERAGE=6
8 | mosaic_generated_004_t_025 | 25 | 19 | 6 | KEPT=19, INSUFFICIENT_COVERAGE=6
9 | mosaic_generated_004_t_025 | 25 | 19 | 6 | KEPT=19, INSUFFICIENT_COVERAGE=6
10 | mosaic_generated_004_t_025 | 25 | 19 | 6 | KEPT=19, INSUFFICIENT_COVERAGE=6
11 | mosaic_generated_005_t_030 | 34 | 24 | 10 | KEPT=24, INSUFFICIENT_COVERAGE=10
12 | mosaic_generated_005_t_030 | 34 | 24 | 10 | KEPT=24, INSUFFICIENT_COVERAGE=10
13 | mosaic_generated_005_t_030 | 34 | 24 | 10 | KEPT=24, INSUFFICIENT_COVERAGE=10
14 | mosaic_generated_005_t_030 | 34 | 24 | 10 | KEPT=24, INSUFFICIENT_COVERAGE=10
15 | mosaic_generated_005_t_030 | 34 | 24 | 10 | KEPT=24, INSUFFICIENT_COVERAGE=10
16 | mosaic_generated_005_t_030 | 34 | 24 | 10 | KEPT=24, INSUFFICIENT_COVERAGE=10
17 | mosaic_generated_005_t_030 | 34 | 24 | 10 | KEPT=24, INSUFFICIENT_COVERAGE=10
18 | mosaic_generated_005_t_030 | 34 | 24 | 10 | KEPT=24, INSUFFICIENT_COVERAGE=10
19 | mosaic_generated_005_t_030 | 34 | 24 | 10 | KEPT=24, INSUFFICIENT_COVERAGE=10
20 | mosaic_generated_005_t_030 | 34 | 24 | 10 | KEPT=24, INSUFFICIENT_COVERAGE=10
21 | mosaic_generated_005_t_030 | 34 | 24 | 10 | KEPT=24, INSUFFICIENT_COVERAGE=10
22 | mosaic_generated_005_t_030 | 34 | 24 | 10 | KEPT=24, INSUFFICIENT_COVERAGE=10
23 | mosaic_generated_005_t_030 | 34 | 24 | 10 | KEPT=24, INSUFFICIENT_COVERAGE=10
24 | mosaic_generated_005_t_030 | 34 | 24 | 10 | KEPT=24, INSUFFICIENT_COVERAGE=10
25 | mosaic_generated_005_t_030 | 34 | 24 | 10 | KEPT=24, INSUFFICIENT_COVERAGE=10
26 | mosaic_generated_005_t_030 | 34 | 24 | 10 | KEPT=24, INSUFFICIENT_COVERAGE=10
27 | mosaic_generated_005_t_030 | 34 | 24 | 10 | KEPT=24, INSUFFICIENT_COVERAGE=10
28 | mosaic_generated_005_t_030 | 34 | 24 | 10 | KEPT=24, INSUFFICIENT_COVERAGE=10
29 | mosaic_generated_005_t_030 | 34 | 24 | 10 | KEPT=24, INSUFFICIENT_COVERAGE=10
30 | mosaic_generated_005_t_030 | 34 | 24 | 10 | KEPT=24, INSUFFICIENT_COVERAGE=10
31 | mosaic_generated_005_t_030 | 34 | 24 | 10 | KEPT=24, INSUFFICIENT_COVERAGE=10
32 | mosaic_generated_005_t_030 | 34 | 24 | 10 | KEPT=24, INSUFFICIENT_COVERAGE=10
33 | mosaic_generated_005_t_030 | 34 | 24 | 10 | KEPT=24, INSUFFICIENT_COVERAGE=10
34 | mosaic_generated_005_t_030 | 34 | 24 | 10 | KEPT=24, INSUFFICIENT_COVERAGE=10
35 | mosaic_generated_005_t_030 | 34 | 24 | 10 | KEPT=24, INSUFFICIENT_COVERAGE=10

JSON_TIME_SMOKE_OUTPUT_END
