timeNs,timeSeconds,vehicleId,gatewayId,runtimeGatewayId,distanceMeters,coverageRadiusMeters,active,available,cellRegionId,bandwidthPoolId
7000000000,7,veh_0,rsu_central,rsu_1,3471.511896,300,false,false,region_central_degraded,pool_rsu_central
7000000000,7,veh_0,rsu_north,rsu_0,1341.851500,520,false,false,region_north_normal,pool_rsu_north
8000000000,8,veh_0,rsu_central,rsu_1,3436.463214,300,false,false,region_central_degraded,pool_rsu_central
8000000000,8,veh_0,rsu_north,rsu_0,1306.792505,520,false,false,region_north_normal,pool_rsu_north
9000000000,9,veh_0,rsu_central,rsu_1,3400.635488,300,false,false,region_central_degraded,pool_rsu_central
9000000000,9,veh_0,rsu_north,rsu_0,1270.954136,520,false,false,region_north_normal,pool_rsu_north
10000000000,10,veh_0,rsu_central,rsu_1,3365.236064,300,false,false,region_central_degraded,pool_rsu_central
10000000000,10,veh_0,rsu_north,rsu_0,1235.544105,520,false,false,region_north_normal,pool_rsu_north
11000000000,11,veh_0,rsu_central,rsu_1,3329.278714,300,false,false,region_central_degraded,pool_rsu_central
11000000000,11,veh_0,rsu_north,rsu_0,1199.575897,520,false,false,region_north_normal,pool_rsu_north
11000000000,11,veh_1,rsu_central,rsu_1,3471.998676,300,false,false,region_central_degraded,pool_rsu_central
11000000000,11,veh_1,rsu_north,rsu_0,1342.295634,520,false,false,region_north_normal,pool_rsu_north
12000000000,12,veh_0,rsu_central,rsu_1,3293.654513,300,false,false,region_central_degraded,pool_rsu_central
12000000000,12,veh_0,rsu_north,rsu_0,1163.940865,520,false,false,region_north_normal,pool_rsu_north
12000000000,12,veh_1,rsu_central,rsu_1,3436.319493,300,false,false,region_central_degraded,pool_rsu_central
12000000000,12,veh_1,rsu_north,rsu_0,1306.606318,520,false,false,region_north_normal,pool_rsu_north
13000000000,13,veh_0,rsu_central,rsu_1,3258.270920,300,false,false,region_central_degraded,pool_rsu_central
13000000000,13,veh_0,rsu_north,rsu_0,1128.549895,520,false,false,region_north_normal,pool_rsu_north
13000000000,13,veh_1,rsu_central,rsu_1,3400.747507,300,false,false,region_central_degraded,pool_rsu_central
13000000000,13,veh_1,rsu_north,rsu_0,1271.024183,520,false,false,region_north_normal,pool_rsu_north
14000000000,14,veh_0,rsu_central,rsu_1,3222.880301,300,false,false,region_central_degraded,pool_rsu_central
14000000000,14,veh_0,rsu_north,rsu_0,1093.152463,520,false,false,region_north_normal,pool_rsu_north
14000000000,14,veh_1,rsu_central,rsu_1,3365.352555,300,false,false,region_central_degraded,pool_rsu_central
14000000000,14,veh_1,rsu_north,rsu_0,1235.619100,520,false,false,region_north_normal,pool_rsu_north
15000000000,15,veh_0,rsu_central,rsu_1,3187.040333,300,false,false,region_central_degraded,pool_rsu_central
15000000000,15,veh_0,rsu_north,rsu_0,1057.305487,520,false,false,region_north_normal,pool_rsu_north
15000000000,15,veh_1,rsu_central,rsu_1,3330.244283,300,false,false,region_central_degraded,pool_rsu_central
15000000000,15,veh_1,rsu_north,rsu_0,1200.500761,520,false,false,region_north_normal,pool_rsu_north
15000000000,15,veh_2,rsu_central,rsu_1,3471.056531,300,false,false,region_central_degraded,pool_rsu_central
15000000000,15,veh_2,rsu_north,rsu_0,1341.396002,520,false,false,region_north_normal,pool_rsu_north
16000000000,16,veh_0,rsu_central,rsu_1,3151.013343,300,false,false,region_central_degraded,pool_rsu_central
16000000000,16,veh_0,rsu_north,rsu_0,1021.271344,520,false,false,region_north_normal,pool_rsu_north
16000000000,16,veh_1,rsu_central,rsu_1,3295.303169,300,false,false,region_central_degraded,pool_rsu_central
16000000000,16,veh_1,rsu_north,rsu_0,1165.549625,520,false,false,region_north_normal,pool_rsu_north
16000000000,16,veh_2,rsu_central,rsu_1,3435.801046,300,false,false,region_central_degraded,pool_rsu_central
16000000000,16,veh_2,rsu_north,rsu_0,1306.130141,520,false,false,region_north_normal,pool_rsu_north
17000000000,17,veh_0,rsu_central,rsu_1,3116.059887,300,false,false,region_central_degraded,pool_rsu_central
17000000000,17,veh_0,rsu_north,rsu_0,986.310846,520,false,false,region_north_normal,pool_rsu_north
17000000000,17,veh_1,rsu_central,rsu_1,3259.545378,300,false,false,region_central_degraded,pool_rsu_central
17000000000,17,veh_1,rsu_north,rsu_0,1129.784440,520,false,false,region_north_normal,pool_rsu_north
17000000000,17,veh_2,rsu_central,rsu_1,3400.543905,300,false,false,region_central_degraded,pool_rsu_central
17000000000,17,veh_2,rsu_north,rsu_0,1270.862526,520,false,false,region_north_normal,pool_rsu_north
18000000000,18,veh_0,rsu_central,rsu_1,3080.813220,300,false,false,region_central_degraded,pool_rsu_central
18000000000,18,veh_0,rsu_north,rsu_0,951.056977,520,false,false,region_north_normal,pool_rsu_north
18000000000,18,veh_1,rsu_central,rsu_1,3224.399044,300,false,false,region_central_degraded,pool_rsu_central
18000000000,18,veh_1,rsu_north,rsu_0,1094.631501,520,false,false,region_north_normal,pool_rsu_north
18000000000,18,veh_2,rsu_central,rsu_1,3365.724521,300,false,false,region_central_degraded,pool_rsu_central
18000000000,18,veh_2,rsu_north,rsu_0,1236.032709,520,false,false,region_north_normal,pool_rsu_north
19000000000,19,veh_0,rsu_central,rsu_1,3045.116735,300,false,false,region_central_degraded,pool_rsu_central
19000000000,19,veh_0,rsu_north,rsu_0,915.353101,520,false,false,region_north_normal,pool_rsu_north
19000000000,19,veh_1,rsu_central,rsu_1,3188.578933,300,false,false,region_central_degraded,pool_rsu_central
19000000000,19,veh_1,rsu_north,rsu_0,1058.804594,520,false,false,region_north_normal,pool_rsu_north
19000000000,19,veh_2,rsu_central,rsu_1,3329.787903,300,false,false,region_central_degraded,pool_rsu_central
19000000000,19,veh_2,rsu_north,rsu_0,1200.085240,520,false,false,region_north_normal,pool_rsu_north
19000000000,19,veh_3,rsu_central,rsu_1,3471.975595,300,false,false,region_central_degraded,pool_rsu_central
19000000000,19,veh_3,rsu_north,rsu_0,1342.272547,520,false,false,region_north_normal,pool_rsu_north
20000000000,20,veh_0,rsu_central,rsu_1,3009.605930,300,false,false,region_central_degraded,pool_rsu_central
20000000000,20,veh_0,rsu_north,rsu_0,879.834771,520,false,false,region_north_normal,pool_rsu_north
20000000000,20,veh_1,rsu_central,rsu_1,3152.685557,300,false,false,region_central_degraded,pool_rsu_central
20000000000,20,veh_1,rsu_north,rsu_0,1022.904352,520,false,false,region_north_normal,pool_rsu_north
20000000000,20,veh_2,rsu_central,rsu_1,3295.010299,300,false,false,region_central_degraded,pool_rsu_central
20000000000,20,veh_2,rsu_north,rsu_0,1165.297065,520,false,false,region_north_normal,pool_rsu_north
20000000000,20,veh_3,rsu_central,rsu_1,3436.068814,300,false,false,region_central_degraded,pool_rsu_central
20000000000,20,veh_3,rsu_north,rsu_0,1306.355568,520,false,false,region_north_normal,pool_rsu_north
21000000000,21,veh_0,rsu_central,rsu_1,2974.171247,300,false,false,region_central_degraded,pool_rsu_central
21000000000,21,veh_0,rsu_north,rsu_0,844.392383,520,false,false,region_north_normal,pool_rsu_north
21000000000,21,veh_1,rsu_central,rsu_1,3116.780980,300,false,false,region_central_degraded,pool_rsu_central
21000000000,21,veh_1,rsu_north,rsu_0,986.992858,520,false,false,region_north_normal,pool_rsu_north
21000000000,21,veh_2,rsu_central,rsu_1,3259.978486,300,false,false,region_central_degraded,pool_rsu_central
21000000000,21,veh_2,rsu_north,rsu_0,1130.257787,520,false,false,region_north_normal,pool_rsu_north
21000000000,21,veh_3,rsu_central,rsu_1,3400.851013,300,false,false,region_central_degraded,pool_rsu_central
21000000000,21,veh_3,rsu_north,rsu_0,1271.127719,520,false,false,region_north_normal,pool_rsu_north
22000000000,22,veh_0,rsu_central,rsu_1,2939.348461,300,false,false,region_central_degraded,pool_rsu_central
22000000000,22,veh_0,rsu_north,rsu_0,809.561955,520,false,false,region_north_normal,pool_rsu_north
22000000000,22,veh_1,rsu_central,rsu_1,3080.949629,300,false,false,region_central_degraded,pool_rsu_central
22000000000,22,veh_1,rsu_north,rsu_0,951.193414,520,false,false,region_north_normal,pool_rsu_north
22000000000,22,veh_2,rsu_central,rsu_1,3224.569270,300,false,false,region_central_degraded,pool_rsu_central
22000000000,22,veh_2,rsu_north,rsu_0,1094.841759,520,false,false,region_north_normal,pool_rsu_north
22000000000,22,veh_3,rsu_central,rsu_1,3365.158291,300,false,false,region_central_degraded,pool_rsu_central
22000000000,22,veh_3,rsu_north,rsu_0,1235.424781,520,false,false,region_north_normal,pool_rsu_north
23000000000,23,veh_0,rsu_central,rsu_1,2904.037216,300,false,false,region_central_degraded,pool_rsu_central
23000000000,23,veh_0,rsu_north,rsu_0,774.242904,520,false,false,region_north_normal,pool_rsu_north
23000000000,23,veh_1,rsu_central,rsu_1,3045.915787,300,false,false,region_central_degraded,pool_rsu_central
23000000000,23,veh_1,rsu_north,rsu_0,916.152319,520,false,false,region_north_normal,pool_rsu_north
23000000000,23,veh_2,rsu_central,rsu_1,3189.521499,300,false,false,region_central_degraded,pool_rsu_central
23000000000,23,veh_2,rsu_north,rsu_0,1059.787142,520,false,false,region_north_normal,pool_rsu_north
23000000000,23,veh_3,rsu_central,rsu_1,3330.087710,300,false,false,region_central_degraded,pool_rsu_central
23000000000,23,veh_3,rsu_north,rsu_0,1200.344143,520,false,false,region_north_normal,pool_rsu_north
23000000000,23,veh_4,rsu_central,rsu_1,3470.933481,300,false,false,region_central_degraded,pool_rsu_central
23000000000,23,veh_4,rsu_north,rsu_0,1341.272916,520,false,false,region_north_normal,pool_rsu_north
24000000000,24,veh_0,rsu_central,rsu_1,2868.644861,300,false,false,region_central_degraded,pool_rsu_central
24000000000,24,veh_0,rsu_north,rsu_0,738.842685,520,false,false,region_north_normal,pool_rsu_north
24000000000,24,veh_1,rsu_central,rsu_1,3010.967180,300,false,false,region_central_degraded,pool_rsu_central
24000000000,24,veh_1,rsu_north,rsu_0,881.196315,520,false,false,region_north_normal,pool_rsu_north
24000000000,24,veh_2,rsu_central,rsu_1,3154.570066,300,false,false,region_central_degraded,pool_rsu_central
24000000000,24,veh_2,rsu_north,rsu_0,1024.828779,520,false,false,region_north_normal,pool_rsu_north
24000000000,24,veh_3,rsu_central,rsu_1,3295.150337,300,false,false,region_central_degraded,pool_rsu_central
24000000000,24,veh_3,rsu_north,rsu_0,1165.396750,520,false,false,region_north_normal,pool_rsu_north
24000000000,24,veh_4,rsu_central,rsu_1,3435.922191,300,false,false,region_central_degraded,pool_rsu_central
24000000000,24,veh_4,rsu_north,rsu_0,1306.251321,520,false,false,region_north_normal,pool_rsu_north
25000000000,25,veh_0,rsu_central,rsu_1,2833.253116,300,false,false,region_central_degraded,pool_rsu_central
25000000000,25,veh_0,rsu_north,rsu_0,703.443059,520,false,false,region_north_normal,pool_rsu_north
25000000000,25,veh_1,rsu_central,rsu_1,2975.602082,300,false,false,region_central_degraded,pool_rsu_central
25000000000,25,veh_1,rsu_north,rsu_0,845.823530,520,false,false,region_north_normal,pool_rsu_north
25000000000,25,veh_2,rsu_central,rsu_1,3119.044025,300,false,false,region_central_degraded,pool_rsu_central
25000000000,25,veh_2,rsu_north,rsu_0,989.295589,520,false,false,region_north_normal,pool_rsu_north
25000000000,25,veh_3,rsu_central,rsu_1,3260.166845,300,false,false,region_central_degraded,pool_rsu_central
25000000000,25,veh_3,rsu_north,rsu_0,1130.406023,520,false,false,region_north_normal,pool_rsu_north
25000000000,25,veh_4,rsu_central,rsu_1,3400.977571,300,false,false,region_central_degraded,pool_rsu_central
25000000000,25,veh_4,rsu_north,rsu_0,1271.296321,520,false,false,region_north_normal,pool_rsu_north
26000000000,26,veh_0,rsu_central,rsu_1,2798.376663,300,false,false,region_central_degraded,pool_rsu_central
26000000000,26,veh_0,rsu_north,rsu_0,668.560259,520,false,false,region_north_normal,pool_rsu_north
26000000000,26,veh_1,rsu_central,rsu_1,2940.766544,300,false,false,region_central_degraded,pool_rsu_central
26000000000,26,veh_1,rsu_north,rsu_0,810.980350,520,false,false,region_north_normal,pool_rsu_north
26000000000,26,veh_2,rsu_central,rsu_1,3083.530909,300,false,false,region_central_degraded,pool_rsu_central
26000000000,26,veh_2,rsu_north,rsu_0,953.775224,520,false,false,region_north_normal,pool_rsu_north
26000000000,26,veh_3,rsu_central,rsu_1,3224.570381,300,false,false,region_central_degraded,pool_rsu_central
26000000000,26,veh_3,rsu_north,rsu_0,1094.802870,520,false,false,region_north_normal,pool_rsu_north
26000000000,26,veh_4,rsu_central,rsu_1,3366.056486,300,false,false,region_central_degraded,pool_rsu_central
26000000000,26,veh_4,rsu_north,rsu_0,1236.364774,520,false,false,region_north_normal,pool_rsu_north
27000000000,27,veh_0,rsu_central,rsu_1,2762.556077,300,false,false,region_central_degraded,pool_rsu_central
27000000000,27,veh_0,rsu_north,rsu_0,632.733820,520,false,false,region_north_normal,pool_rsu_north
27000000000,27,veh_1,rsu_central,rsu_1,2905.670129,300,false,false,region_central_degraded,pool_rsu_central
27000000000,27,veh_1,rsu_north,rsu_0,775.876180,520,false,false,region_north_normal,pool_rsu_north
27000000000,27,veh_2,rsu_central,rsu_1,3047.539219,300,false,false,region_central_degraded,pool_rsu_central
27000000000,27,veh_2,rsu_north,rsu_0,917.776089,520,false,false,region_north_normal,pool_rsu_north
27000000000,27,veh_3,rsu_central,rsu_1,3188.528453,300,false,false,region_central_degraded,pool_rsu_central
27000000000,27,veh_3,rsu_north,rsu_0,1058.754105,520,false,false,region_north_normal,pool_rsu_north
27000000000,27,veh_4,rsu_central,rsu_1,3330.740480,300,false,false,region_central_degraded,pool_rsu_central
27000000000,27,veh_4,rsu_north,rsu_0,1201.038106,520,false,false,region_north_normal,pool_rsu_north
27000000000,27,veh_5,rsu_central,rsu_1,3471.080243,300,false,false,region_central_degraded,pool_rsu_central
27000000000,27,veh_5,rsu_north,rsu_0,1341.376940,520,false,false,region_north_normal,pool_rsu_north
28000000000,28,veh_0,rsu_central,rsu_1,2726.775498,300,false,false,region_central_degraded,pool_rsu_central
28000000000,28,veh_0,rsu_north,rsu_0,596.947347,520,false,false,region_north_normal,pool_rsu_north
28000000000,28,veh_1,rsu_central,rsu_1,2870.834952,300,false,false,region_central_degraded,pool_rsu_central
28000000000,28,veh_1,rsu_north,rsu_0,741.033264,520,false,false,region_north_normal,pool_rsu_north
28000000000,28,veh_2,rsu_central,rsu_1,3012.212872,300,false,false,region_central_degraded,pool_rsu_central
28000000000,28,veh_2,rsu_north,rsu_0,882.442276,520,false,false,region_north_normal,pool_rsu_north
28000000000,28,veh_3,rsu_central,rsu_1,3152.574448,300,false,false,region_central_degraded,pool_rsu_central
28000000000,28,veh_3,rsu_north,rsu_0,1022.793222,520,false,false,region_north_normal,pool_rsu_north
28000000000,28,veh_4,rsu_central,rsu_1,3294.955474,300,false,false,region_central_degraded,pool_rsu_central
28000000000,28,veh_4,rsu_north,rsu_0,1165.242223,520,false,false,region_north_normal,pool_rsu_north
28000000000,28,veh_5,rsu_central,rsu_1,3435.869388,300,false,false,region_central_degraded,pool_rsu_central
28000000000,28,veh_5,rsu_north,rsu_0,1306.156085,520,false,false,region_north_normal,pool_rsu_north
29000000000,29,veh_0,rsu_central,rsu_1,2690.806619,300,false,false,region_central_degraded,pool_rsu_central
29000000000,29,veh_0,rsu_north,rsu_0,560.972515,520,false,false,region_north_normal,pool_rsu_north
29000000000,29,veh_1,rsu_central,rsu_1,2835.342545,300,false,false,region_central_degraded,pool_rsu_central
29000000000,29,veh_1,rsu_north,rsu_0,705.532952,520,false,false,region_north_normal,pool_rsu_north
29000000000,29,veh_2,rsu_central,rsu_1,2977.200601,300,false,false,region_central_degraded,pool_rsu_central
29000000000,29,veh_2,rsu_north,rsu_0,847.422398,520,false,false,region_north_normal,pool_rsu_north
29000000000,29,veh_3,rsu_central,rsu_1,3116.944635,300,false,false,region_central_degraded,pool_rsu_central
29000000000,29,veh_3,rsu_north,rsu_0,987.156546,520,false,false,region_north_normal,pool_rsu_north
29000000000,29,veh_4,rsu_central,rsu_1,3259.336613,300,false,false,region_central_degraded,pool_rsu_central
29000000000,29,veh_4,rsu_north,rsu_0,1129.615792,520,false,false,region_north_normal,pool_rsu_north
29000000000,29,veh_5,rsu_central,rsu_1,3400.755811,300,false,false,region_central_degraded,pool_rsu_central
29000000000,29,veh_5,rsu_north,rsu_0,1271.032490,520,false,false,region_north_normal,pool_rsu_north
30000000000,30,veh_0,rsu_central,rsu_1,2656.028580,300,false,false,region_central_degraded,pool_rsu_central
30000000000,30,veh_0,rsu_north,rsu_0,526.188716,520,false,false,region_north_normal,pool_rsu_north
30000000000,30,veh_1,rsu_central,rsu_1,2800.368237,300,false,false,region_central_degraded,pool_rsu_central
30000000000,30,veh_1,rsu_north,rsu_0,670.552158,520,false,false,region_north_normal,pool_rsu_north
30000000000,30,veh_2,rsu_central,rsu_1,2941.617771,300,false,false,region_central_degraded,pool_rsu_central
30000000000,30,veh_2,rsu_north,rsu_0,811.831764,520,false,false,region_north_normal,pool_rsu_north
30000000000,30,veh_3,rsu_central,rsu_1,3081.926881,300,false,false,region_central_degraded,pool_rsu_central
30000000000,30,veh_3,rsu_north,rsu_0,952.132009,520,false,false,region_north_normal,pool_rsu_north
30000000000,30,veh_4,rsu_central,rsu_1,3223.724454,300,false,false,region_central_degraded,pool_rsu_central
30000000000,30,veh_4,rsu_north,rsu_0,1093.996780,520,false,false,region_north_normal,pool_rsu_north
30000000000,30,veh_5,rsu_central,rsu_1,3365.953264,300,false,false,region_central_degraded,pool_rsu_central
30000000000,30,veh_5,rsu_north,rsu_0,1236.219981,520,false,false,region_north_normal,pool_rsu_north
31000000000,31,veh_0,rsu_central,rsu_1,2620.957325,300,false,false,region_central_degraded,pool_rsu_central
31000000000,31,veh_0,rsu_north,rsu_0,491.111683,520,true,true,region_north_normal,pool_rsu_north
31000000000,31,veh_1,rsu_central,rsu_1,2764.488244,300,false,false,region_central_degraded,pool_rsu_central
31000000000,31,veh_1,rsu_north,rsu_0,634.666304,520,false,false,region_north_normal,pool_rsu_north
31000000000,31,veh_2,rsu_central,rsu_1,2906.533807,300,false,false,region_central_degraded,pool_rsu_central
31000000000,31,veh_2,rsu_north,rsu_0,776.740048,520,false,false,region_north_normal,pool_rsu_north
31000000000,31,veh_3,rsu_central,rsu_1,3045.754042,300,false,false,region_central_degraded,pool_rsu_central
31000000000,31,veh_3,rsu_north,rsu_0,915.990540,520,false,false,region_north_normal,pool_rsu_north
31000000000,31,veh_4,rsu_central,rsu_1,3188.280690,300,false,false,region_central_degraded,pool_rsu_central
31000000000,31,veh_4,rsu_north,rsu_0,1058.546089,520,false,false,region_north_normal,pool_rsu_north
31000000000,31,veh_5,rsu_central,rsu_1,3330.468467,300,false,false,region_central_degraded,pool_rsu_central
31000000000,31,veh_5,rsu_north,rsu_0,1200.725009,520,false,false,region_north_normal,pool_rsu_north
31000000000,31,veh_6,rsu_central,rsu_1,3471.184333,300,false,false,region_central_degraded,pool_rsu_central
31000000000,31,veh_6,rsu_north,rsu_0,1341.523842,520,false,false,region_north_normal,pool_rsu_north
32000000000,32,veh_0,rsu_central,rsu_1,2584.890537,300,false,false,region_central_degraded,pool_rsu_central
32000000000,32,veh_0,rsu_north,rsu_0,455.039031,520,true,true,region_north_normal,pool_rsu_north
32000000000,32,veh_1,rsu_central,rsu_1,2729.603671,300,false,false,region_central_degraded,pool_rsu_central
32000000000,32,veh_1,rsu_north,rsu_0,599.775988,520,false,false,region_north_normal,pool_rsu_north
32000000000,32,veh_2,rsu_central,rsu_1,2871.739952,300,false,false,region_central_degraded,pool_rsu_central
32000000000,32,veh_2,rsu_north,rsu_0,741.938466,520,false,false,region_north_normal,pool_rsu_north
32000000000,32,veh_3,rsu_central,rsu_1,3010.642937,300,false,false,region_central_degraded,pool_rsu_central
32000000000,32,veh_3,rsu_north,rsu_0,880.872002,520,false,false,region_north_normal,pool_rsu_north
32000000000,32,veh_4,rsu_central,rsu_1,3153.454185,300,false,false,region_central_degraded,pool_rsu_central
32000000000,32,veh_4,rsu_north,rsu_0,1023.712674,520,false,false,region_north_normal,pool_rsu_north
32000000000,32,veh_5,rsu_central,rsu_1,3294.872362,300,false,false,region_central_degraded,pool_rsu_central
32000000000,32,veh_5,rsu_north,rsu_0,1165.118695,520,false,false,region_north_normal,pool_rsu_north
32000000000,32,veh_6,rsu_central,rsu_1,3435.688153,300,false,false,region_central_degraded,pool_rsu_central
32000000000,32,veh_6,rsu_north,rsu_0,1306.017214,520,false,false,region_north_normal,pool_rsu_north
33000000000,33,veh_0,rsu_central,rsu_1,2549.749992,300,false,false,region_central_degraded,pool_rsu_central
33000000000,33,veh_0,rsu_north,rsu_0,419.892913,520,true,true,region_north_normal,pool_rsu_north
33000000000,33,veh_1,rsu_central,rsu_1,2694.251788,300,false,false,region_central_degraded,pool_rsu_central
33000000000,33,veh_1,rsu_north,rsu_0,564.418255,520,false,false,region_north_normal,pool_rsu_north
33000000000,33,veh_2,rsu_central,rsu_1,2836.033474,300,false,false,region_central_degraded,pool_rsu_central
33000000000,33,veh_2,rsu_north,rsu_0,706.224035,520,false,false,region_north_normal,pool_rsu_north
33000000000,33,veh_3,rsu_central,rsu_1,2975.522573,300,false,false,region_central_degraded,pool_rsu_central
33000000000,33,veh_3,rsu_north,rsu_0,845.744004,520,false,false,region_north_normal,pool_rsu_north
33000000000,33,veh_4,rsu_central,rsu_1,3117.744326,300,false,false,region_central_degraded,pool_rsu_central
33000000000,33,veh_4,rsu_north,rsu_0,987.995626,520,false,false,region_north_normal,pool_rsu_north
33000000000,33,veh_5,rsu_central,rsu_1,3259.273638,300,false,false,region_central_degraded,pool_rsu_central
33000000000,33,veh_5,rsu_north,rsu_0,1129.512649,520,false,false,region_north_normal,pool_rsu_north
33000000000,33,veh_6,rsu_central,rsu_1,3400.898089,300,false,false,region_central_degraded,pool_rsu_central
33000000000,33,veh_6,rsu_north,rsu_0,1271.216815,520,false,false,region_north_normal,pool_rsu_north
34000000000,34,veh_0,rsu_central,rsu_1,2514.426047,300,false,false,region_central_degraded,pool_rsu_central
34000000000,34,veh_0,rsu_north,rsu_0,384.563594,520,true,true,region_north_normal,pool_rsu_north
34000000000,34,veh_1,rsu_central,rsu_1,2658.198722,300,false,false,region_central_degraded,pool_rsu_central
34000000000,34,veh_1,rsu_north,rsu_0,528.359218,520,false,false,region_north_normal,pool_rsu_north
34000000000,34,veh_2,rsu_central,rsu_1,2800.750276,300,false,false,region_central_degraded,pool_rsu_central
34000000000,34,veh_2,rsu_north,rsu_0,670.934259,520,false,false,region_north_normal,pool_rsu_north
34000000000,34,veh_3,rsu_central,rsu_1,2940.435388,300,false,false,region_central_degraded,pool_rsu_central
34000000000,34,veh_3,rsu_north,rsu_0,810.649121,520,false,false,region_north_normal,pool_rsu_north
34000000000,34,veh_4,rsu_central,rsu_1,3082.424147,300,false,false,region_central_degraded,pool_rsu_central
34000000000,34,veh_4,rsu_north,rsu_0,952.668235,520,false,false,region_north_normal,pool_rsu_north
34000000000,34,veh_5,rsu_central,rsu_1,3223.772888,300,false,false,region_central_degraded,pool_rsu_central
34000000000,34,veh_5,rsu_north,rsu_0,1094.005226,520,false,false,region_north_normal,pool_rsu_north
34000000000,34,veh_6,rsu_central,rsu_1,3365.251939,300,false,false,region_central_degraded,pool_rsu_central
34000000000,34,veh_6,rsu_north,rsu_0,1235.559984,520,false,false,region_north_normal,pool_rsu_north
35000000000,35,veh_0,rsu_central,rsu_1,2478.952580,300,false,false,region_central_degraded,pool_rsu_central
35000000000,35,veh_0,rsu_north,rsu_0,349.085090,520,true,true,region_north_normal,pool_rsu_north
35000000000,35,veh_1,rsu_central,rsu_1,2623.386675,300,false,false,region_central_degraded,pool_rsu_central
35000000000,35,veh_1,rsu_north,rsu_0,493.541432,520,true,true,region_north_normal,pool_rsu_north
35000000000,35,veh_2,rsu_central,rsu_1,2765.500991,300,false,false,region_central_degraded,pool_rsu_central
35000000000,35,veh_2,rsu_north,rsu_0,635.679218,520,false,false,region_north_normal,pool_rsu_north
35000000000,35,veh_3,rsu_central,rsu_1,2905.542244,300,false,false,region_central_degraded,pool_rsu_central
35000000000,35,veh_3,rsu_north,rsu_0,775.748266,520,false,false,region_north_normal,pool_rsu_north
35000000000,35,veh_4,rsu_central,rsu_1,3046.983084,300,false,false,region_central_degraded,pool_rsu_central
35000000000,35,veh_4,rsu_north,rsu_0,917.219838,520,false,false,region_north_normal,pool_rsu_north
35000000000,35,veh_5,rsu_central,rsu_1,3188.589630,300,false,false,region_central_degraded,pool_rsu_central
35000000000,35,veh_5,rsu_north,rsu_0,1058.815294,520,false,false,region_north_normal,pool_rsu_north
35000000000,35,veh_6,rsu_central,rsu_1,3329.409760,300,false,false,region_central_degraded,pool_rsu_central
35000000000,35,veh_6,rsu_north,rsu_0,1199.706982,520,false,false,region_north_normal,pool_rsu_north
35000000000,35,veh_7,rsu_central,rsu_1,3470.813302,300,false,false,region_central_degraded,pool_rsu_central
35000000000,35,veh_7,rsu_north,rsu_0,1341.109924,520,false,false,region_north_normal,pool_rsu_north
36000000000,36,veh_0,rsu_central,rsu_1,2443.517601,300,false,false,region_central_degraded,pool_rsu_central
36000000000,36,veh_0,rsu_north,rsu_0,313.645632,520,true,true,region_north_normal,pool_rsu_north
36000000000,36,veh_1,rsu_central,rsu_1,2587.902605,300,false,false,region_central_degraded,pool_rsu_central
36000000000,36,veh_1,rsu_north,rsu_0,458.051585,520,true,true,region_north_normal,pool_rsu_north
36000000000,36,veh_2,rsu_central,rsu_1,2730.314060,300,false,false,region_central_degraded,pool_rsu_central
36000000000,36,veh_2,rsu_north,rsu_0,600.486493,520,false,false,region_north_normal,pool_rsu_north
36000000000,36,veh_3,rsu_central,rsu_1,2870.065656,300,false,false,region_central_degraded,pool_rsu_central
36000000000,36,veh_3,rsu_north,rsu_0,740.263797,520,false,false,region_north_normal,pool_rsu_north
36000000000,36,veh_4,rsu_central,rsu_1,3011.814203,300,false,false,region_central_degraded,pool_rsu_central
36000000000,36,veh_4,rsu_north,rsu_0,882.043522,520,false,false,region_north_normal,pool_rsu_north
36000000000,36,veh_5,rsu_central,rsu_1,3152.533495,300,false,false,region_central_degraded,pool_rsu_central
36000000000,36,veh_5,rsu_north,rsu_0,1022.752261,520,false,false,region_north_normal,pool_rsu_north
36000000000,36,veh_6,rsu_central,rsu_1,3294.614013,300,false,false,region_central_degraded,pool_rsu_central
36000000000,36,veh_6,rsu_north,rsu_0,1164.900657,520,false,false,region_north_normal,pool_rsu_north
36000000000,36,veh_7,rsu_central,rsu_1,3435.452155,300,false,false,region_central_degraded,pool_rsu_central
36000000000,36,veh_7,rsu_north,rsu_0,1305.738733,520,false,false,region_north_normal,pool_rsu_north
37000000000,37,veh_0,rsu_central,rsu_1,2408.482391,300,false,false,region_central_degraded,pool_rsu_central
37000000000,37,veh_0,rsu_north,rsu_0,278.606415,520,true,true,region_north_normal,pool_rsu_north
37000000000,37,veh_1,rsu_central,rsu_1,2552.921397,300,false,false,region_central_degraded,pool_rsu_central
37000000000,37,veh_1,rsu_north,rsu_0,423.064813,520,true,true,region_north_normal,pool_rsu_north
37000000000,37,veh_2,rsu_central,rsu_1,2694.816434,300,false,false,region_central_degraded,pool_rsu_central
37000000000,37,veh_2,rsu_north,rsu_0,564.982994,520,false,false,region_north_normal,pool_rsu_north
37000000000,37,veh_3,rsu_central,rsu_1,2835.148553,300,false,false,region_central_degraded,pool_rsu_central
37000000000,37,veh_3,rsu_north,rsu_0,705.338918,520,false,false,region_north_normal,pool_rsu_north
37000000000,37,veh_4,rsu_central,rsu_1,2976.318544,300,false,false,region_central_degraded,pool_rsu_central
37000000000,37,veh_4,rsu_north,rsu_0,846.540149,520,false,false,region_north_normal,pool_rsu_north
37000000000,37,veh_5,rsu_central,rsu_1,3117.467717,300,false,false,region_central_degraded,pool_rsu_central
37000000000,37,veh_5,rsu_north,rsu_0,987.679729,520,false,false,region_north_normal,pool_rsu_north
37000000000,37,veh_6,rsu_central,rsu_1,3258.958333,300,false,false,region_central_degraded,pool_rsu_central
37000000000,37,veh_6,rsu_north,rsu_0,1129.237439,520,false,false,region_north_normal,pool_rsu_north
37000000000,37,veh_7,rsu_central,rsu_1,3399.876898,300,false,false,region_central_degraded,pool_rsu_central
37000000000,37,veh_7,rsu_north,rsu_0,1270.153326,520,false,false,region_north_normal,pool_rsu_north
38000000000,38,veh_0,rsu_central,rsu_1,2372.714679,300,false,false,region_central_degraded,pool_rsu_central
38000000000,38,veh_0,rsu_north,rsu_0,242.836460,520,true,true,region_north_normal,pool_rsu_north
38000000000,38,veh_1,rsu_central,rsu_1,2517.307655,300,false,false,region_central_degraded,pool_rsu_central
38000000000,38,veh_1,rsu_north,rsu_0,387.445628,520,true,true,region_north_normal,pool_rsu_north
38000000000,38,veh_2,rsu_central,rsu_1,2658.897481,300,false,false,region_central_degraded,pool_rsu_central
38000000000,38,veh_2,rsu_north,rsu_0,529.058092,520,false,false,region_north_normal,pool_rsu_north
38000000000,38,veh_3,rsu_central,rsu_1,2799.590647,300,false,false,region_central_degraded,pool_rsu_central
38000000000,38,veh_3,rsu_north,rsu_0,669.774441,520,false,false,region_north_normal,pool_rsu_north
38000000000,38,veh_4,rsu_central,rsu_1,2941.422729,300,false,false,region_central_degraded,pool_rsu_central
38000000000,38,veh_4,rsu_north,rsu_0,811.636679,520,false,false,region_north_normal,pool_rsu_north
38000000000,38,veh_5,rsu_central,rsu_1,3081.987975,300,false,false,region_central_degraded,pool_rsu_central
38000000000,38,veh_5,rsu_north,rsu_0,952.231973,520,false,false,region_north_normal,pool_rsu_north
38000000000,38,veh_6,rsu_central,rsu_1,3223.197259,300,false,false,region_central_degraded,pool_rsu_central
38000000000,38,veh_6,rsu_north,rsu_0,1093.469483,520,false,false,region_north_normal,pool_rsu_north
38000000000,38,veh_7,rsu_central,rsu_1,3364.357278,300,false,false,region_central_degraded,pool_rsu_central
38000000000,38,veh_7,rsu_north,rsu_0,1234.623538,520,false,false,region_north_normal,pool_rsu_north
39000000000,39,veh_0,rsu_central,rsu_1,2336.838540,300,false,false,region_central_degraded,pool_rsu_central
39000000000,39,veh_0,rsu_north,rsu_0,206.961269,520,true,true,region_north_normal,pool_rsu_north
39000000000,39,veh_1,rsu_central,rsu_1,2482.052925,300,false,false,region_central_degraded,pool_rsu_central
39000000000,39,veh_1,rsu_north,rsu_0,352.185856,520,true,true,region_north_normal,pool_rsu_north
39000000000,39,veh_2,rsu_central,rsu_1,2623.200863,300,false,false,region_central_degraded,pool_rsu_central
39000000000,39,veh_2,rsu_north,rsu_0,493.355590,520,true,true,region_north_normal,pool_rsu_north
39000000000,39,veh_3,rsu_central,rsu_1,2764.259966,300,false,false,region_central_degraded,pool_rsu_central
39000000000,39,veh_3,rsu_north,rsu_0,634.437988,520,false,false,region_north_normal,pool_rsu_north
39000000000,39,veh_4,rsu_central,rsu_1,2906.525904,300,false,false,region_central_degraded,pool_rsu_central
39000000000,39,veh_4,rsu_north,rsu_0,776.732144,520,false,false,region_north_normal,pool_rsu_north
39000000000,39,veh_5,rsu_central,rsu_1,3047.110573,300,false,false,region_central_degraded,pool_rsu_central
39000000000,39,veh_5,rsu_north,rsu_0,917.347353,520,false,false,region_north_normal,pool_rsu_north
39000000000,39,veh_6,rsu_central,rsu_1,3188.416352,300,false,false,region_central_degraded,pool_rsu_central
39000000000,39,veh_6,rsu_north,rsu_0,1058.681777,520,false,false,region_north_normal,pool_rsu_north
39000000000,39,veh_7,rsu_central,rsu_1,3329.237864,300,false,false,region_central_degraded,pool_rsu_central
39000000000,39,veh_7,rsu_north,rsu_0,1199.494053,520,false,false,region_north_normal,pool_rsu_north
39000000000,39,veh_8,rsu_central,rsu_1,3470.971033,300,false,false,region_central_degraded,pool_rsu_central
39000000000,39,veh_8,rsu_north,rsu_0,1341.310479,520,false,false,region_north_normal,pool_rsu_north
40000000000,40,veh_0,rsu_central,rsu_1,2301.580242,300,false,false,region_central_degraded,pool_rsu_central
40000000000,40,veh_0,rsu_north,rsu_0,171.709185,520,true,true,region_north_normal,pool_rsu_north
40000000000,40,veh_1,rsu_central,rsu_1,2446.663761,300,false,false,region_central_degraded,pool_rsu_central
40000000000,40,veh_1,rsu_north,rsu_0,316.792160,520,true,true,region_north_normal,pool_rsu_north
40000000000,40,veh_2,rsu_central,rsu_1,2588.143637,300,false,false,region_central_degraded,pool_rsu_central
40000000000,40,veh_2,rsu_north,rsu_0,458.292656,520,true,true,region_north_normal,pool_rsu_north
40000000000,40,veh_3,rsu_central,rsu_1,2729.067966,300,false,false,region_central_degraded,pool_rsu_central
40000000000,40,veh_3,rsu_north,rsu_0,599.240193,520,false,false,region_north_normal,pool_rsu_north
40000000000,40,veh_4,rsu_central,rsu_1,2870.740851,300,false,false,region_central_degraded,pool_rsu_central
40000000000,40,veh_4,rsu_north,rsu_0,740.939142,520,false,false,region_north_normal,pool_rsu_north
40000000000,40,veh_5,rsu_central,rsu_1,3011.578206,300,false,false,region_central_degraded,pool_rsu_central
40000000000,40,veh_5,rsu_north,rsu_0,881.807473,520,false,false,region_north_normal,pool_rsu_north
40000000000,40,veh_6,rsu_central,rsu_1,3152.903028,300,false,false,region_central_degraded,pool_rsu_central
40000000000,40,veh_6,rsu_north,rsu_0,1023.161407,520,false,false,region_north_normal,pool_rsu_north
40000000000,40,veh_7,rsu_central,rsu_1,3293.983979,300,false,false,region_central_degraded,pool_rsu_central
40000000000,40,veh_7,rsu_north,rsu_0,1164.230057,520,false,false,region_north_normal,pool_rsu_north
40000000000,40,veh_8,rsu_central,rsu_1,3435.980013,300,false,false,region_central_degraded,pool_rsu_central
40000000000,40,veh_8,rsu_north,rsu_0,1306.309161,520,false,false,region_north_normal,pool_rsu_north
41000000000,41,veh_0,rsu_central,rsu_1,2266.182549,300,false,false,region_central_degraded,pool_rsu_central
41000000000,41,veh_0,rsu_north,rsu_0,136.327402,520,true,true,region_north_normal,pool_rsu_north
41000000000,41,veh_1,rsu_central,rsu_1,2411.761982,300,false,false,region_central_degraded,pool_rsu_central
41000000000,41,veh_1,rsu_north,rsu_0,281.886324,520,true,true,region_north_normal,pool_rsu_north
41000000000,41,veh_2,rsu_central,rsu_1,2552.901547,300,false,false,region_central_degraded,pool_rsu_central
41000000000,41,veh_2,rsu_north,rsu_0,423.044960,520,true,true,region_north_normal,pool_rsu_north
41000000000,41,veh_3,rsu_central,rsu_1,2693.037556,300,false,false,region_central_degraded,pool_rsu_central
41000000000,41,veh_3,rsu_north,rsu_0,563.203821,520,false,false,region_north_normal,pool_rsu_north
41000000000,41,veh_4,rsu_central,rsu_1,2835.332916,300,false,false,region_central_degraded,pool_rsu_central
41000000000,41,veh_4,rsu_north,rsu_0,705.523321,520,false,false,region_north_normal,pool_rsu_north
41000000000,41,veh_5,rsu_central,rsu_1,2975.856193,300,false,false,region_central_degraded,pool_rsu_central
41000000000,41,veh_5,rsu_north,rsu_0,846.077697,520,false,false,region_north_normal,pool_rsu_north
41000000000,41,veh_6,rsu_central,rsu_1,3117.433214,300,false,false,region_central_degraded,pool_rsu_central
41000000000,41,veh_6,rsu_north,rsu_0,987.684451,520,false,false,region_north_normal,pool_rsu_north
41000000000,41,veh_7,rsu_central,rsu_1,3258.038926,300,false,false,region_central_degraded,pool_rsu_central
41000000000,41,veh_7,rsu_north,rsu_0,1128.277706,520,false,false,region_north_normal,pool_rsu_north
41000000000,41,veh_8,rsu_central,rsu_1,3400.324307,300,false,false,region_central_degraded,pool_rsu_central
41000000000,41,veh_8,rsu_north,rsu_0,1270.642862,520,false,false,region_north_normal,pool_rsu_north
42000000000,42,veh_0,rsu_central,rsu_1,2231.011172,300,false,false,region_central_degraded,pool_rsu_central
42000000000,42,veh_0,rsu_north,rsu_0,101.191873,520,true,true,region_north_normal,pool_rsu_north
42000000000,42,veh_1,rsu_central,rsu_1,2376.358968,300,false,false,region_central_degraded,pool_rsu_central
42000000000,42,veh_1,rsu_north,rsu_0,246.480858,520,true,true,region_north_normal,pool_rsu_north
42000000000,42,veh_2,rsu_central,rsu_1,2518.081827,300,false,false,region_central_degraded,pool_rsu_central
42000000000,42,veh_2,rsu_north,rsu_0,388.219916,520,true,true,region_north_normal,pool_rsu_north
42000000000,42,veh_3,rsu_central,rsu_1,2657.483754,300,false,false,region_central_degraded,pool_rsu_central
42000000000,42,veh_3,rsu_north,rsu_0,527.644131,520,false,false,region_north_normal,pool_rsu_north
42000000000,42,veh_4,rsu_central,rsu_1,2799.290655,300,false,false,region_central_degraded,pool_rsu_central
42000000000,42,veh_4,rsu_north,rsu_0,669.474401,520,false,false,region_north_normal,pool_rsu_north
42000000000,42,veh_5,rsu_central,rsu_1,2940.736117,300,false,false,region_central_degraded,pool_rsu_central
42000000000,42,veh_5,rsu_north,rsu_0,810.949916,520,false,false,region_north_normal,pool_rsu_north
42000000000,42,veh_6,rsu_central,rsu_1,3081.791275,300,false,false,region_central_degraded,pool_rsu_central
42000000000,42,veh_6,rsu_north,rsu_0,952.035233,520,false,false,region_north_normal,pool_rsu_north
42000000000,42,veh_7,rsu_central,rsu_1,3222.722417,300,false,false,region_central_degraded,pool_rsu_central
42000000000,42,veh_7,rsu_north,rsu_0,1092.954558,520,false,false,region_north_normal,pool_rsu_north
42000000000,42,veh_8,rsu_central,rsu_1,3364.442662,300,false,false,region_central_degraded,pool_rsu_central
42000000000,42,veh_8,rsu_north,rsu_0,1234.750464,520,false,false,region_north_normal,pool_rsu_north
43000000000,43,veh_0,rsu_central,rsu_1,2195.962286,300,false,false,region_central_degraded,pool_rsu_central
43000000000,43,veh_0,rsu_north,rsu_0,66.230654,520,true,true,region_north_normal,pool_rsu_north
43000000000,43,veh_1,rsu_central,rsu_1,2340.892799,300,false,false,region_central_degraded,pool_rsu_central
43000000000,43,veh_1,rsu_north,rsu_0,211.015203,520,true,true,region_north_normal,pool_rsu_north
43000000000,43,veh_2,rsu_central,rsu_1,2482.425405,300,false,false,region_central_degraded,pool_rsu_central
43000000000,43,veh_2,rsu_north,rsu_0,352.558387,520,true,true,region_north_normal,pool_rsu_north
43000000000,43,veh_3,rsu_central,rsu_1,2621.545592,300,false,false,region_central_degraded,pool_rsu_central
43000000000,43,veh_3,rsu_north,rsu_0,491.700047,520,true,true,region_north_normal,pool_rsu_north
43000000000,43,veh_4,rsu_central,rsu_1,2763.229961,300,false,false,region_central_degraded,pool_rsu_central
43000000000,43,veh_4,rsu_north,rsu_0,633.407815,520,false,false,region_north_normal,pool_rsu_north
43000000000,43,veh_5,rsu_central,rsu_1,2905.455627,300,false,false,region_central_degraded,pool_rsu_central
43000000000,43,veh_5,rsu_north,rsu_0,775.661630,520,false,false,region_north_normal,pool_rsu_north
43000000000,43,veh_6,rsu_central,rsu_1,3046.435871,300,false,false,region_central_degraded,pool_rsu_central
43000000000,43,veh_6,rsu_north,rsu_0,916.672511,520,false,false,region_north_normal,pool_rsu_north
43000000000,43,veh_7,rsu_central,rsu_1,3186.764847,300,false,false,region_central_degraded,pool_rsu_central
43000000000,43,veh_7,rsu_north,rsu_0,1056.990163,520,false,false,region_north_normal,pool_rsu_north
43000000000,43,veh_8,rsu_central,rsu_1,3329.445918,300,false,false,region_central_degraded,pool_rsu_central
43000000000,43,veh_8,rsu_north,rsu_0,1199.743151,520,false,false,region_north_normal,pool_rsu_north
43000000000,43,veh_9,rsu_central,rsu_1,3471.317953,300,false,false,region_central_degraded,pool_rsu_central
43000000000,43,veh_9,rsu_north,rsu_0,1341.614719,520,false,false,region_north_normal,pool_rsu_north
44000000000,44,veh_0,rsu_central,rsu_1,2160.660465,300,false,false,region_central_degraded,pool_rsu_central
44000000000,44,veh_0,rsu_north,rsu_0,31.241967,520,true,true,region_north_normal,pool_rsu_north
44000000000,44,veh_1,rsu_central,rsu_1,2304.970235,300,false,false,region_central_degraded,pool_rsu_central
44000000000,44,veh_1,rsu_north,rsu_0,175.098259,520,true,true,region_north_normal,pool_rsu_north
44000000000,44,veh_2,rsu_central,rsu_1,2447.307366,300,false,false,region_central_degraded,pool_rsu_central
44000000000,44,veh_2,rsu_north,rsu_0,317.435842,520,true,true,region_north_normal,pool_rsu_north
44000000000,44,veh_3,rsu_central,rsu_1,2586.700577,300,false,false,region_central_degraded,pool_rsu_central
44000000000,44,veh_3,rsu_north,rsu_0,456.849363,520,true,true,region_north_normal,pool_rsu_north
44000000000,44,veh_4,rsu_central,rsu_1,2727.579515,300,false,false,region_central_degraded,pool_rsu_central
44000000000,44,veh_4,rsu_north,rsu_0,597.751497,520,false,false,region_north_normal,pool_rsu_north
44000000000,44,veh_5,rsu_central,rsu_1,2869.771750,300,false,false,region_central_degraded,pool_rsu_central
44000000000,44,veh_5,rsu_north,rsu_0,739.969825,520,false,false,region_north_normal,pool_rsu_north
44000000000,44,veh_6,rsu_central,rsu_1,3011.473534,300,false,false,region_central_degraded,pool_rsu_central
44000000000,44,veh_6,rsu_north,rsu_0,881.702779,520,false,false,region_north_normal,pool_rsu_north
44000000000,44,veh_7,rsu_central,rsu_1,3151.338566,300,false,false,region_central_degraded,pool_rsu_central
44000000000,44,veh_7,rsu_north,rsu_0,1021.557103,520,false,false,region_north_normal,pool_rsu_north
44000000000,44,veh_8,rsu_central,rsu_1,3293.387899,300,false,false,region_central_degraded,pool_rsu_central
44000000000,44,veh_8,rsu_north,rsu_0,1163.674170,520,false,false,region_north_normal,pool_rsu_north
44000000000,44,veh_9,rsu_central,rsu_1,3435.576946,300,false,false,region_central_degraded,pool_rsu_central
44000000000,44,veh_9,rsu_north,rsu_0,1305.863560,520,false,false,region_north_normal,pool_rsu_north
45000000000,45,veh_0,rsu_central,rsu_1,2124.787771,300,false,false,region_central_degraded,pool_rsu_central
45000000000,45,veh_0,rsu_north,rsu_0,8.114580,520,true,true,region_north_normal,pool_rsu_north
45000000000,45,veh_1,rsu_central,rsu_1,2269.306765,300,false,false,region_central_degraded,pool_rsu_central
45000000000,45,veh_1,rsu_north,rsu_0,139.449628,520,true,true,region_north_normal,pool_rsu_north
45000000000,45,veh_2,rsu_central,rsu_1,2411.957131,300,false,false,region_central_degraded,pool_rsu_central
45000000000,45,veh_2,rsu_north,rsu_0,282.081493,520,true,true,region_north_normal,pool_rsu_north
45000000000,45,veh_3,rsu_central,rsu_1,2551.389417,300,false,false,region_central_degraded,pool_rsu_central
45000000000,45,veh_3,rsu_north,rsu_0,421.532593,520,true,true,region_north_normal,pool_rsu_north
45000000000,45,veh_4,rsu_central,rsu_1,2692.387770,300,false,false,region_central_degraded,pool_rsu_central
45000000000,45,veh_4,rsu_north,rsu_0,562.553928,520,false,false,region_north_normal,pool_rsu_north
45000000000,45,veh_5,rsu_central,rsu_1,2834.897463,300,false,false,region_central_degraded,pool_rsu_central
45000000000,45,veh_5,rsu_north,rsu_0,705.087771,520,false,false,region_north_normal,pool_rsu_north
45000000000,45,veh_6,rsu_central,rsu_1,2975.723912,300,false,false,region_central_degraded,pool_rsu_central
45000000000,45,veh_6,rsu_north,rsu_0,845.945386,520,false,false,region_north_normal,pool_rsu_north
45000000000,45,veh_7,rsu_central,rsu_1,3115.838289,300,false,false,region_central_degraded,pool_rsu_central
45000000000,45,veh_7,rsu_north,rsu_0,986.049985,520,false,false,region_north_normal,pool_rsu_north
45000000000,45,veh_8,rsu_central,rsu_1,3257.331746,300,false,false,region_central_degraded,pool_rsu_central
45000000000,45,veh_8,rsu_north,rsu_0,1127.610542,520,false,false,region_north_normal,pool_rsu_north
45000000000,45,veh_9,rsu_central,rsu_1,3400.273683,300,false,false,region_central_degraded,pool_rsu_central
45000000000,45,veh_9,rsu_north,rsu_0,1270.550224,520,false,false,region_north_normal,pool_rsu_north
46000000000,46,veh_0,rsu_central,rsu_1,2089.843029,300,false,false,region_central_degraded,pool_rsu_central
46000000000,46,veh_0,rsu_north,rsu_0,40.637167,520,true,true,region_north_normal,pool_rsu_north
46000000000,46,veh_1,rsu_central,rsu_1,2233.896551,300,false,false,region_central_degraded,pool_rsu_central
46000000000,46,veh_1,rsu_north,rsu_0,104.073059,520,true,true,region_north_normal,pool_rsu_north
46000000000,46,veh_2,rsu_central,rsu_1,2377.131775,300,false,false,region_central_degraded,pool_rsu_central
46000000000,46,veh_2,rsu_north,rsu_0,247.253692,520,true,true,region_north_normal,pool_rsu_north
46000000000,46,veh_3,rsu_central,rsu_1,2515.462616,300,false,false,region_central_degraded,pool_rsu_central
46000000000,46,veh_3,rsu_north,rsu_0,385.600316,520,true,true,region_north_normal,pool_rsu_north
46000000000,46,veh_4,rsu_central,rsu_1,2657.444006,300,false,false,region_central_degraded,pool_rsu_central
46000000000,46,veh_4,rsu_north,rsu_0,527.604376,520,false,false,region_north_normal,pool_rsu_north
46000000000,46,veh_5,rsu_central,rsu_1,2799.181282,300,false,false,region_central_degraded,pool_rsu_central
46000000000,46,veh_5,rsu_north,rsu_0,669.365009,520,false,false,region_north_normal,pool_rsu_north
46000000000,46,veh_6,rsu_central,rsu_1,2940.495860,300,false,false,region_central_degraded,pool_rsu_central
46000000000,46,veh_6,rsu_north,rsu_0,810.709606,520,false,false,region_north_normal,pool_rsu_north
46000000000,46,veh_7,rsu_central,rsu_1,3080.356807,300,false,false,region_central_degraded,pool_rsu_central
46000000000,46,veh_7,rsu_north,rsu_0,950.561630,520,false,false,region_north_normal,pool_rsu_north
46000000000,46,veh_8,rsu_central,rsu_1,3221.603122,300,false,false,region_central_degraded,pool_rsu_central
46000000000,46,veh_8,rsu_north,rsu_0,1091.875036,520,false,false,region_north_normal,pool_rsu_north
46000000000,46,veh_9,rsu_central,rsu_1,3365.079994,300,false,false,region_central_degraded,pool_rsu_central
46000000000,46,veh_9,rsu_north,rsu_0,1235.346461,520,false,false,region_north_normal,pool_rsu_north
47000000000,47,veh_0,rsu_central,rsu_1,2054.382247,300,false,false,region_central_degraded,pool_rsu_central
47000000000,47,veh_0,rsu_north,rsu_0,75.957173,520,true,true,region_north_normal,pool_rsu_north
47000000000,47,veh_1,rsu_central,rsu_1,2198.961244,300,false,false,region_central_degraded,pool_rsu_central
47000000000,47,veh_1,rsu_north,rsu_0,69.218307,520,true,true,region_north_normal,pool_rsu_north
47000000000,47,veh_2,rsu_central,rsu_1,2341.479403,300,false,false,region_central_degraded,pool_rsu_central
47000000000,47,veh_2,rsu_north,rsu_0,211.601766,520,true,true,region_north_normal,pool_rsu_north
47000000000,47,veh_3,rsu_central,rsu_1,2480.529182,300,false,false,region_central_degraded,pool_rsu_central
47000000000,47,veh_3,rsu_north,rsu_0,350.661905,520,true,true,region_north_normal,pool_rsu_north
47000000000,47,veh_4,rsu_central,rsu_1,2622.218012,300,false,false,region_central_degraded,pool_rsu_central
47000000000,47,veh_4,rsu_north,rsu_0,492.372577,520,true,true,region_north_normal,pool_rsu_north
47000000000,47,veh_5,rsu_central,rsu_1,2763.157680,300,false,false,region_central_degraded,pool_rsu_central
47000000000,47,veh_5,rsu_north,rsu_0,633.335522,520,false,false,region_north_normal,pool_rsu_north
47000000000,47,veh_6,rsu_central,rsu_1,2905.243098,300,false,false,region_central_degraded,pool_rsu_central
47000000000,47,veh_6,rsu_north,rsu_0,775.449053,520,false,false,region_north_normal,pool_rsu_north
47000000000,47,veh_7,rsu_central,rsu_1,3044.307315,300,false,false,region_central_degraded,pool_rsu_central
47000000000,47,veh_7,rsu_north,rsu_0,914.543512,520,false,false,region_north_normal,pool_rsu_north
47000000000,47,veh_8,rsu_central,rsu_1,3186.602322,300,false,false,region_central_degraded,pool_rsu_central
47000000000,47,veh_8,rsu_north,rsu_0,1056.867391,520,false,false,region_north_normal,pool_rsu_north
47000000000,47,veh_9,rsu_central,rsu_1,3329.140851,300,false,false,region_central_degraded,pool_rsu_central
47000000000,47,veh_9,rsu_north,rsu_0,1199.397012,520,false,false,region_north_normal,pool_rsu_north
47000000000,47,veh_10,rsu_central,rsu_1,3470.535468,300,false,false,region_central_degraded,pool_rsu_central
47000000000,47,veh_10,rsu_north,rsu_0,1340.874786,520,false,false,region_north_normal,pool_rsu_north
48000000000,48,veh_0,rsu_central,rsu_1,2018.380174,300,false,false,region_central_degraded,pool_rsu_central
48000000000,48,veh_0,rsu_north,rsu_0,111.927291,520,true,true,region_north_normal,pool_rsu_north
48000000000,48,veh_1,rsu_central,rsu_1,2163.812471,300,false,false,region_central_degraded,pool_rsu_central
48000000000,48,veh_1,rsu_north,rsu_0,34.338663,520,true,true,region_north_normal,pool_rsu_north
48000000000,48,veh_2,rsu_central,rsu_1,2306.547141,300,false,false,region_central_degraded,pool_rsu_central
48000000000,48,veh_2,rsu_north,rsu_0,176.674765,520,true,true,region_north_normal,pool_rsu_north
48000000000,48,veh_3,rsu_central,rsu_1,2444.475819,300,false,false,region_central_degraded,pool_rsu_central
48000000000,48,veh_3,rsu_north,rsu_0,314.603962,520,true,true,region_north_normal,pool_rsu_north
48000000000,48,veh_4,rsu_central,rsu_1,2586.300905,300,false,false,region_central_degraded,pool_rsu_central
48000000000,48,veh_4,rsu_north,rsu_0,456.449626,520,true,true,region_north_normal,pool_rsu_north
48000000000,48,veh_5,rsu_central,rsu_1,2727.093157,300,false,false,region_central_degraded,pool_rsu_central
48000000000,48,veh_5,rsu_north,rsu_0,597.265059,520,false,false,region_north_normal,pool_rsu_north
48000000000,48,veh_6,rsu_central,rsu_1,2870.161509,300,false,false,region_central_degraded,pool_rsu_central
48000000000,48,veh_6,rsu_north,rsu_0,740.359671,520,false,false,region_north_normal,pool_rsu_north
48000000000,48,veh_7,rsu_central,rsu_1,3009.256418,300,false,false,region_central_degraded,pool_rsu_central
48000000000,48,veh_7,rsu_north,rsu_0,879.485184,520,false,false,region_north_normal,pool_rsu_north
48000000000,48,veh_8,rsu_central,rsu_1,3151.118369,300,false,false,region_central_degraded,pool_rsu_central
48000000000,48,veh_8,rsu_north,rsu_0,1021.376391,520,false,false,region_north_normal,pool_rsu_north
48000000000,48,veh_9,rsu_central,rsu_1,3294.175616,300,false,false,region_central_degraded,pool_rsu_central
48000000000,48,veh_9,rsu_north,rsu_0,1164.421749,520,false,false,region_north_normal,pool_rsu_north
48000000000,48,veh_10,rsu_central,rsu_1,3435.253226,300,false,false,region_central_degraded,pool_rsu_central
48000000000,48,veh_10,rsu_north,rsu_0,1305.582158,520,false,false,region_north_normal,pool_rsu_north
49000000000,49,veh_0,rsu_central,rsu_1,1982.547220,300,false,false,region_central_degraded,pool_rsu_central
49000000000,49,veh_0,rsu_north,rsu_0,147.759753,520,true,true,region_north_normal,pool_rsu_north
49000000000,49,veh_1,rsu_central,rsu_1,2128.362505,300,false,false,region_central_degraded,pool_rsu_central
49000000000,49,veh_1,rsu_north,rsu_0,6.402952,520,true,true,region_north_normal,pool_rsu_north
49000000000,49,veh_2,rsu_central,rsu_1,2270.778658,300,false,false,region_central_degraded,pool_rsu_central
49000000000,49,veh_2,rsu_north,rsu_0,140.920631,520,true,true,region_north_normal,pool_rsu_north
49000000000,49,veh_3,rsu_central,rsu_1,2409.696937,300,false,false,region_central_degraded,pool_rsu_central
49000000000,49,veh_3,rsu_north,rsu_0,279.821077,520,true,true,region_north_normal,pool_rsu_north
49000000000,49,veh_4,rsu_central,rsu_1,2550.734754,300,false,false,region_central_degraded,pool_rsu_central
49000000000,49,veh_4,rsu_north,rsu_0,420.877828,520,true,true,region_north_normal,pool_rsu_north
49000000000,49,veh_5,rsu_central,rsu_1,2691.467968,300,false,false,region_central_degraded,pool_rsu_central
49000000000,49,veh_5,rsu_north,rsu_0,561.633973,520,false,false,region_north_normal,pool_rsu_north
49000000000,49,veh_6,rsu_central,rsu_1,2834.319161,300,false,false,region_central_degraded,pool_rsu_central
49000000000,49,veh_6,rsu_north,rsu_0,704.509340,520,false,false,region_north_normal,pool_rsu_north
49000000000,49,veh_7,rsu_central,rsu_1,2974.100168,300,false,false,region_central_degraded,pool_rsu_central
49000000000,49,veh_7,rsu_north,rsu_0,844.321287,520,false,false,region_north_normal,pool_rsu_north
49000000000,49,veh_8,rsu_central,rsu_1,3115.309251,300,false,false,region_central_degraded,pool_rsu_central
49000000000,49,veh_8,rsu_north,rsu_0,985.560057,520,false,false,region_north_normal,pool_rsu_north
49000000000,49,veh_9,rsu_central,rsu_1,3258.967100,300,false,false,region_central_degraded,pool_rsu_central
49000000000,49,veh_9,rsu_north,rsu_0,1129.206054,520,false,false,region_north_normal,pool_rsu_north
49000000000,49,veh_10,rsu_central,rsu_1,3400.022267,300,false,false,region_central_degraded,pool_rsu_central
49000000000,49,veh_10,rsu_north,rsu_0,1270.340732,520,false,false,region_north_normal,pool_rsu_north
50000000000,50,veh_0,rsu_central,rsu_1,1947.495318,300,false,false,region_central_degraded,pool_rsu_central
50000000000,50,veh_0,rsu_north,rsu_0,182.824408,520,true,true,region_north_normal,pool_rsu_north
50000000000,50,veh_1,rsu_central,rsu_1,2093.491385,300,false,false,region_central_degraded,pool_rsu_central
50000000000,50,veh_1,rsu_north,rsu_0,37.021777,520,true,true,region_north_normal,pool_rsu_north
50000000000,50,veh_2,rsu_central,rsu_1,2234.889685,300,false,false,region_central_degraded,pool_rsu_central
50000000000,50,veh_2,rsu_north,rsu_0,105.064818,520,true,true,region_north_normal,pool_rsu_north
50000000000,50,veh_3,rsu_central,rsu_1,2374.659482,300,false,false,region_central_degraded,pool_rsu_central
50000000000,50,veh_3,rsu_north,rsu_0,244.781317,520,true,true,region_north_normal,pool_rsu_north
50000000000,50,veh_4,rsu_central,rsu_1,2515.118800,300,false,false,region_central_degraded,pool_rsu_central
50000000000,50,veh_4,rsu_north,rsu_0,385.256449,520,true,true,region_north_normal,pool_rsu_north
50000000000,50,veh_5,rsu_central,rsu_1,2656.606079,300,false,false,region_central_degraded,pool_rsu_central
50000000000,50,veh_5,rsu_north,rsu_0,526.766311,520,false,false,region_north_normal,pool_rsu_north
50000000000,50,veh_6,rsu_central,rsu_1,2798.895969,300,false,false,region_central_degraded,pool_rsu_central
50000000000,50,veh_6,rsu_north,rsu_0,669.079650,520,false,false,region_north_normal,pool_rsu_north
50000000000,50,veh_7,rsu_central,rsu_1,2938.531048,300,false,false,region_central_degraded,pool_rsu_central
50000000000,50,veh_7,rsu_north,rsu_0,808.744362,520,false,false,region_north_normal,pool_rsu_north
50000000000,50,veh_8,rsu_central,rsu_1,3079.733032,300,false,false,region_central_degraded,pool_rsu_central
50000000000,50,veh_8,rsu_north,rsu_0,949.976566,520,false,false,region_north_normal,pool_rsu_north
50000000000,50,veh_9,rsu_central,rsu_1,3223.554494,300,false,false,region_central_degraded,pool_rsu_central
50000000000,50,veh_9,rsu_north,rsu_0,1093.786792,520,false,false,region_north_normal,pool_rsu_north
50000000000,50,veh_10,rsu_central,rsu_1,3365.150621,300,false,false,region_central_degraded,pool_rsu_central
50000000000,50,veh_10,rsu_north,rsu_0,1235.458636,520,false,false,region_north_normal,pool_rsu_north
51000000000,51,veh_0,rsu_central,rsu_1,1911.881040,300,false,false,region_central_degraded,pool_rsu_central
51000000000,51,veh_0,rsu_north,rsu_0,218.459129,520,true,true,region_north_normal,pool_rsu_north
51000000000,51,veh_1,rsu_central,rsu_1,2058.151729,300,false,false,region_central_degraded,pool_rsu_central
51000000000,51,veh_1,rsu_north,rsu_0,72.194699,520,true,true,region_north_normal,pool_rsu_north
51000000000,51,veh_2,rsu_central,rsu_1,2199.600155,300,false,false,region_central_degraded,pool_rsu_central
51000000000,51,veh_2,rsu_north,rsu_0,69.854898,520,true,true,region_north_normal,pool_rsu_north
51000000000,51,veh_3,rsu_central,rsu_1,2339.494699,300,false,false,region_central_degraded,pool_rsu_central
51000000000,51,veh_3,rsu_north,rsu_0,209.617208,520,true,true,region_north_normal,pool_rsu_north
51000000000,51,veh_4,rsu_central,rsu_1,2480.285432,300,false,false,region_central_degraded,pool_rsu_central
51000000000,51,veh_4,rsu_north,rsu_0,350.418122,520,true,true,region_north_normal,pool_rsu_north
51000000000,51,veh_5,rsu_central,rsu_1,2621.329111,300,false,false,region_central_degraded,pool_rsu_central
51000000000,51,veh_5,rsu_north,rsu_0,491.483531,520,true,true,region_north_normal,pool_rsu_north
51000000000,51,veh_6,rsu_central,rsu_1,2763.633851,300,false,false,region_central_degraded,pool_rsu_central
51000000000,51,veh_6,rsu_north,rsu_0,633.811771,520,false,false,region_north_normal,pool_rsu_north
51000000000,51,veh_7,rsu_central,rsu_1,2902.890806,300,false,false,region_central_degraded,pool_rsu_central
51000000000,51,veh_7,rsu_north,rsu_0,773.096240,520,false,false,region_north_normal,pool_rsu_north
51000000000,51,veh_8,rsu_central,rsu_1,3044.446893,300,false,false,region_central_degraded,pool_rsu_central
51000000000,51,veh_8,rsu_north,rsu_0,914.683119,520,false,false,region_north_normal,pool_rsu_north
51000000000,51,veh_9,rsu_central,rsu_1,3188.755530,300,false,false,region_central_degraded,pool_rsu_central
51000000000,51,veh_9,rsu_north,rsu_0,1058.981225,520,false,false,region_north_normal,pool_rsu_north
51000000000,51,veh_10,rsu_central,rsu_1,3329.661434,300,false,false,region_central_degraded,pool_rsu_central
51000000000,51,veh_10,rsu_north,rsu_0,1199.958733,520,false,false,region_north_normal,pool_rsu_north
51000000000,51,veh_11,rsu_central,rsu_1,3471.431407,300,false,false,region_central_degraded,pool_rsu_central
51000000000,51,veh_11,rsu_north,rsu_0,1341.728205,520,false,false,region_north_normal,pool_rsu_north
52000000000,52,veh_0,rsu_central,rsu_1,1875.967485,300,false,false,region_central_degraded,pool_rsu_central
52000000000,52,veh_0,rsu_north,rsu_0,254.390743,520,true,true,region_north_normal,pool_rsu_north
52000000000,52,veh_1,rsu_central,rsu_1,2022.382528,300,false,false,region_central_degraded,pool_rsu_central
52000000000,52,veh_1,rsu_north,rsu_0,107.926378,520,true,true,region_north_normal,pool_rsu_north
52000000000,52,veh_2,rsu_central,rsu_1,2164.566963,300,false,false,region_central_degraded,pool_rsu_central
52000000000,52,veh_2,rsu_north,rsu_0,35.081410,520,true,true,region_north_normal,pool_rsu_north
52000000000,52,veh_3,rsu_central,rsu_1,2304.701130,300,false,false,region_central_degraded,pool_rsu_central
52000000000,52,veh_3,rsu_north,rsu_0,174.829223,520,true,true,region_north_normal,pool_rsu_north
52000000000,52,veh_4,rsu_central,rsu_1,2444.762025,300,false,false,region_central_degraded,pool_rsu_central
52000000000,52,veh_4,rsu_north,rsu_0,314.890202,520,true,true,region_north_normal,pool_rsu_north
52000000000,52,veh_5,rsu_central,rsu_1,2586.333415,300,false,false,region_central_degraded,pool_rsu_central
52000000000,52,veh_5,rsu_north,rsu_0,456.482142,520,true,true,region_north_normal,pool_rsu_north
52000000000,52,veh_6,rsu_central,rsu_1,2728.421065,300,false,false,region_central_degraded,pool_rsu_central
52000000000,52,veh_6,rsu_north,rsu_0,598.593186,520,false,false,region_north_normal,pool_rsu_north
52000000000,52,veh_7,rsu_central,rsu_1,2867.754465,300,false,false,region_central_degraded,pool_rsu_central
52000000000,52,veh_7,rsu_north,rsu_0,737.952091,520,false,false,region_north_normal,pool_rsu_north
52000000000,52,veh_8,rsu_central,rsu_1,3008.758209,300,false,false,region_central_degraded,pool_rsu_central
52000000000,52,veh_8,rsu_north,rsu_0,878.986866,520,false,false,region_north_normal,pool_rsu_north
52000000000,52,veh_9,rsu_central,rsu_1,3153.414551,300,false,false,region_central_degraded,pool_rsu_central
52000000000,52,veh_9,rsu_north,rsu_0,1023.633486,520,false,false,region_north_normal,pool_rsu_north
52000000000,52,veh_10,rsu_central,rsu_1,3293.626046,300,false,false,region_central_degraded,pool_rsu_central
52000000000,52,veh_10,rsu_north,rsu_0,1163.912389,520,false,false,region_north_normal,pool_rsu_north
52000000000,52,veh_11,rsu_central,rsu_1,3436.530633,300,false,false,region_central_degraded,pool_rsu_central
52000000000,52,veh_11,rsu_north,rsu_0,1306.817518,520,false,false,region_north_normal,pool_rsu_north
53000000000,53,veh_0,rsu_central,rsu_1,1840.213180,300,false,false,region_central_degraded,pool_rsu_central
53000000000,53,veh_0,rsu_north,rsu_0,290.151822,520,true,true,region_north_normal,pool_rsu_north
53000000000,53,veh_1,rsu_central,rsu_1,1987.235544,300,false,false,region_central_degraded,pool_rsu_central
53000000000,53,veh_1,rsu_north,rsu_0,143.070519,520,true,true,region_north_normal,pool_rsu_north
53000000000,53,veh_2,rsu_central,rsu_1,2129.548512,300,false,false,region_central_degraded,pool_rsu_central
53000000000,53,veh_2,rsu_north,rsu_0,6.197148,520,true,true,region_north_normal,pool_rsu_north
53000000000,53,veh_3,rsu_central,rsu_1,2269.814753,300,false,false,region_central_degraded,pool_rsu_central
53000000000,53,veh_3,rsu_north,rsu_0,139.957305,520,true,true,region_north_normal,pool_rsu_north
53000000000,53,veh_4,rsu_central,rsu_1,2409.322003,300,false,false,region_central_degraded,pool_rsu_central
53000000000,53,veh_4,rsu_north,rsu_0,279.446107,520,true,true,region_north_normal,pool_rsu_north
53000000000,53,veh_5,rsu_central,rsu_1,2551.052713,300,false,false,region_central_degraded,pool_rsu_central
53000000000,53,veh_5,rsu_north,rsu_0,421.195837,520,true,true,region_north_normal,pool_rsu_north
53000000000,53,veh_6,rsu_central,rsu_1,2693.595508,300,false,false,region_central_degraded,pool_rsu_central
53000000000,53,veh_6,rsu_north,rsu_0,563.761866,520,false,false,region_north_normal,pool_rsu_north
53000000000,53,veh_7,rsu_central,rsu_1,2832.801004,300,false,false,region_central_degraded,pool_rsu_central
53000000000,53,veh_7,rsu_north,rsu_0,702.990845,520,false,false,region_north_normal,pool_rsu_north
53000000000,53,veh_8,rsu_central,rsu_1,2972.766393,300,false,false,region_central_degraded,pool_rsu_central
53000000000,53,veh_8,rsu_north,rsu_0,842.987221,520,false,false,region_north_normal,pool_rsu_north
53000000000,53,veh_9,rsu_central,rsu_1,3117.922965,300,false,false,region_central_degraded,pool_rsu_central
53000000000,53,veh_9,rsu_north,rsu_0,988.135064,520,false,false,region_north_normal,pool_rsu_north
53000000000,53,veh_10,rsu_central,rsu_1,3257.971867,300,false,false,region_central_degraded,pool_rsu_central
53000000000,53,veh_10,rsu_north,rsu_0,1128.250784,520,false,false,region_north_normal,pool_rsu_north
53000000000,53,veh_11,rsu_central,rsu_1,3401.180270,300,false,false,region_central_degraded,pool_rsu_central
53000000000,53,veh_11,rsu_north,rsu_0,1271.457070,520,false,false,region_north_normal,pool_rsu_north
54000000000,54,veh_0,rsu_central,rsu_1,1805.350792,300,false,false,region_central_degraded,pool_rsu_central
54000000000,54,veh_0,rsu_north,rsu_0,325.024822,520,true,true,region_north_normal,pool_rsu_north
54000000000,54,veh_1,rsu_central,rsu_1,1951.544901,300,false,false,region_central_degraded,pool_rsu_central
54000000000,54,veh_1,rsu_north,rsu_0,178.772910,520,true,true,region_north_normal,pool_rsu_north
54000000000,54,veh_2,rsu_central,rsu_1,2094.572095,300,false,false,region_central_degraded,pool_rsu_central
54000000000,54,veh_2,rsu_north,rsu_0,35.952227,520,true,true,region_north_normal,pool_rsu_north
54000000000,54,veh_3,rsu_central,rsu_1,2234.654235,300,false,false,region_central_degraded,pool_rsu_central
54000000000,54,veh_3,rsu_north,rsu_0,104.829691,520,true,true,region_north_normal,pool_rsu_north
54000000000,54,veh_4,rsu_central,rsu_1,2373.282663,300,false,false,region_central_degraded,pool_rsu_central
54000000000,54,veh_4,rsu_north,rsu_0,243.404459,520,true,true,region_north_normal,pool_rsu_north
54000000000,54,veh_5,rsu_central,rsu_1,2516.171630,300,false,false,region_central_degraded,pool_rsu_central
54000000000,54,veh_5,rsu_north,rsu_0,386.309435,520,true,true,region_north_normal,pool_rsu_north
54000000000,54,veh_6,rsu_central,rsu_1,2658.547201,300,false,false,region_central_degraded,pool_rsu_central
54000000000,54,veh_6,rsu_north,rsu_0,528.707754,520,false,false,region_north_normal,pool_rsu_north
54000000000,54,veh_7,rsu_central,rsu_1,2797.454739,300,false,false,region_central_degraded,pool_rsu_central
54000000000,54,veh_7,rsu_north,rsu_0,667.638185,520,false,false,region_north_normal,pool_rsu_north
54000000000,54,veh_8,rsu_central,rsu_1,2937.721560,300,false,false,region_central_degraded,pool_rsu_central
54000000000,54,veh_8,rsu_north,rsu_0,807.934695,520,false,false,region_north_normal,pool_rsu_north
54000000000,54,veh_9,rsu_central,rsu_1,3082.517139,300,false,false,region_central_degraded,pool_rsu_central
54000000000,54,veh_9,rsu_north,rsu_0,952.761246,520,false,false,region_north_normal,pool_rsu_north
54000000000,54,veh_10,rsu_central,rsu_1,3222.760268,300,false,false,region_central_degraded,pool_rsu_central
54000000000,54,veh_10,rsu_north,rsu_0,1093.032407,520,false,false,region_north_normal,pool_rsu_north
54000000000,54,veh_11,rsu_central,rsu_1,3366.154285,300,false,false,region_central_degraded,pool_rsu_central
54000000000,54,veh_11,rsu_north,rsu_0,1236.421060,520,false,false,region_north_normal,pool_rsu_north
55000000000,55,veh_0,rsu_central,rsu_1,1770.474016,300,false,false,region_central_degraded,pool_rsu_central
55000000000,55,veh_0,rsu_north,rsu_0,359.915303,520,true,true,region_north_normal,pool_rsu_north
55000000000,55,veh_1,rsu_central,rsu_1,1916.329212,300,false,false,region_central_degraded,pool_rsu_central
55000000000,55,veh_1,rsu_north,rsu_0,214.008096,520,true,true,region_north_normal,pool_rsu_north
55000000000,55,veh_2,rsu_central,rsu_1,2058.983985,300,false,false,region_central_degraded,pool_rsu_central
55000000000,55,veh_2,rsu_north,rsu_0,71.364136,520,true,true,region_north_normal,pool_rsu_north
55000000000,55,veh_3,rsu_central,rsu_1,2199.270816,300,false,false,region_central_degraded,pool_rsu_central
55000000000,55,veh_3,rsu_north,rsu_0,69.526749,520,true,true,region_north_normal,pool_rsu_north
55000000000,55,veh_4,rsu_central,rsu_1,2337.846905,300,false,false,region_central_degraded,pool_rsu_central
55000000000,55,veh_4,rsu_north,rsu_0,207.969547,520,true,true,region_north_normal,pool_rsu_north
55000000000,55,veh_5,rsu_central,rsu_1,2480.348221,300,false,false,region_central_degraded,pool_rsu_central
55000000000,55,veh_5,rsu_north,rsu_0,350.480920,520,true,true,region_north_normal,pool_rsu_north
55000000000,55,veh_6,rsu_central,rsu_1,2622.699869,300,false,false,region_central_degraded,pool_rsu_central
55000000000,55,veh_6,rsu_north,rsu_0,492.854513,520,true,true,region_north_normal,pool_rsu_north
55000000000,55,veh_7,rsu_central,rsu_1,2762.612060,300,false,false,region_central_degraded,pool_rsu_central
55000000000,55,veh_7,rsu_north,rsu_0,632.789812,520,false,false,region_north_normal,pool_rsu_north
55000000000,55,veh_8,rsu_central,rsu_1,2901.807398,300,false,false,region_central_degraded,pool_rsu_central
55000000000,55,veh_8,rsu_north,rsu_0,772.012591,520,false,false,region_north_normal,pool_rsu_north
55000000000,55,veh_9,rsu_central,rsu_1,3047.640376,300,false,false,region_central_degraded,pool_rsu_central
55000000000,55,veh_9,rsu_north,rsu_0,917.877267,520,false,false,region_north_normal,pool_rsu_north
55000000000,55,veh_10,rsu_central,rsu_1,3187.255834,300,false,false,region_central_degraded,pool_rsu_central
55000000000,55,veh_10,rsu_north,rsu_0,1057.521031,520,false,false,region_north_normal,pool_rsu_north
55000000000,55,veh_11,rsu_central,rsu_1,3330.174109,300,false,false,region_central_degraded,pool_rsu_central
55000000000,55,veh_11,rsu_north,rsu_0,1200.430566,520,false,false,region_north_normal,pool_rsu_north
56000000000,56,veh_0,rsu_central,rsu_1,1735.414028,300,false,false,region_central_degraded,pool_rsu_central
56000000000,56,veh_0,rsu_north,rsu_0,394.991639,520,true,true,region_north_normal,pool_rsu_north
56000000000,56,veh_1,rsu_central,rsu_1,1881.297287,300,false,false,region_central_degraded,pool_rsu_central
56000000000,56,veh_1,rsu_north,rsu_0,249.060371,520,true,true,region_north_normal,pool_rsu_north
56000000000,56,veh_2,rsu_central,rsu_1,2023.149280,300,false,false,region_central_degraded,pool_rsu_central
56000000000,56,veh_2,rsu_north,rsu_0,107.159946,520,true,true,region_north_normal,pool_rsu_north
56000000000,56,veh_3,rsu_central,rsu_1,2163.728097,300,false,false,region_central_degraded,pool_rsu_central
56000000000,56,veh_3,rsu_north,rsu_0,34.255635,520,true,true,region_north_normal,pool_rsu_north
56000000000,56,veh_4,rsu_central,rsu_1,2302.587411,300,false,false,region_central_degraded,pool_rsu_central
56000000000,56,veh_4,rsu_north,rsu_0,172.716072,520,true,true,region_north_normal,pool_rsu_north
56000000000,56,veh_5,rsu_central,rsu_1,2444.798246,300,false,false,region_central_degraded,pool_rsu_central
56000000000,56,veh_5,rsu_north,rsu_0,314.926426,520,true,true,region_north_normal,pool_rsu_north
56000000000,56,veh_6,rsu_central,rsu_1,2586.919491,300,false,false,region_central_degraded,pool_rsu_central
56000000000,56,veh_6,rsu_north,rsu_0,457.068313,520,true,true,region_north_normal,pool_rsu_north
56000000000,56,veh_7,rsu_central,rsu_1,2727.217377,300,false,false,region_central_degraded,pool_rsu_central
56000000000,56,veh_7,rsu_north,rsu_0,597.389299,520,false,false,region_north_normal,pool_rsu_north
56000000000,56,veh_8,rsu_central,rsu_1,2866.926986,300,false,false,region_central_degraded,pool_rsu_central
56000000000,56,veh_8,rsu_north,rsu_0,737.124428,520,false,false,region_north_normal,pool_rsu_north
56000000000,56,veh_9,rsu_central,rsu_1,3011.976810,300,false,false,region_central_degraded,pool_rsu_central
56000000000,56,veh_9,rsu_north,rsu_0,882.206164,520,false,false,region_north_normal,pool_rsu_north
56000000000,56,veh_10,rsu_central,rsu_1,3152.106626,300,false,false,region_central_degraded,pool_rsu_central
56000000000,56,veh_10,rsu_north,rsu_0,1022.364846,520,false,false,region_north_normal,pool_rsu_north
56000000000,56,veh_11,rsu_central,rsu_1,3294.149633,300,false,false,region_central_degraded,pool_rsu_central
56000000000,56,veh_11,rsu_north,rsu_0,1164.395759,520,false,false,region_north_normal,pool_rsu_north
57000000000,57,veh_0,rsu_central,rsu_1,1700.223197,300,false,false,region_central_degraded,pool_rsu_central
57000000000,57,veh_0,rsu_north,rsu_0,430.201126,520,true,true,region_north_normal,pool_rsu_north
57000000000,57,veh_1,rsu_central,rsu_1,1846.070924,300,false,false,region_central_degraded,pool_rsu_central
57000000000,57,veh_1,rsu_north,rsu_0,284.292652,520,true,true,region_north_normal,pool_rsu_north
57000000000,57,veh_2,rsu_central,rsu_1,1987.188838,300,false,false,region_central_degraded,pool_rsu_central
57000000000,57,veh_2,rsu_north,rsu_0,143.117233,520,true,true,region_north_normal,pool_rsu_north
57000000000,57,veh_3,rsu_central,rsu_1,2128.419035,300,false,false,region_central_degraded,pool_rsu_central
57000000000,57,veh_3,rsu_north,rsu_0,6.388293,520,true,true,region_north_normal,pool_rsu_north
57000000000,57,veh_4,rsu_central,rsu_1,2266.547507,300,false,false,region_central_degraded,pool_rsu_central
57000000000,57,veh_4,rsu_north,rsu_0,136.692119,520,true,true,region_north_normal,pool_rsu_north
57000000000,57,veh_5,rsu_central,rsu_1,2409.395236,300,false,false,region_central_degraded,pool_rsu_central
57000000000,57,veh_5,rsu_north,rsu_0,279.519347,520,true,true,region_north_normal,pool_rsu_north
57000000000,57,veh_6,rsu_central,rsu_1,2551.098656,300,false,false,region_central_degraded,pool_rsu_central
57000000000,57,veh_6,rsu_north,rsu_0,421.241787,520,true,true,region_north_normal,pool_rsu_north
57000000000,57,veh_7,rsu_central,rsu_1,2691.663417,300,false,false,region_central_degraded,pool_rsu_central
57000000000,57,veh_7,rsu_north,rsu_0,561.829455,520,false,false,region_north_normal,pool_rsu_north
57000000000,57,veh_8,rsu_central,rsu_1,2831.329028,300,false,false,region_central_degraded,pool_rsu_central
57000000000,57,veh_8,rsu_north,rsu_0,701.518542,520,false,false,region_north_normal,pool_rsu_north
57000000000,57,veh_9,rsu_central,rsu_1,2976.020730,300,false,false,region_central_degraded,pool_rsu_central
57000000000,57,veh_9,rsu_north,rsu_0,846.242269,520,false,false,region_north_normal,pool_rsu_north
57000000000,57,veh_10,rsu_central,rsu_1,3116.077233,300,false,false,region_central_degraded,pool_rsu_central
57000000000,57,veh_10,rsu_north,rsu_0,986.328195,520,false,false,region_north_normal,pool_rsu_north
57000000000,57,veh_11,rsu_central,rsu_1,3258.287809,300,false,false,region_central_degraded,pool_rsu_central
57000000000,57,veh_11,rsu_north,rsu_0,1128.526636,520,false,false,region_north_normal,pool_rsu_north
58000000000,58,veh_0,rsu_central,rsu_1,1664.483096,300,false,false,region_central_degraded,pool_rsu_central
58000000000,58,veh_0,rsu_north,rsu_0,465.962252,520,true,true,region_north_normal,pool_rsu_north
58000000000,58,veh_1,rsu_central,rsu_1,1810.429440,300,false,false,region_central_degraded,pool_rsu_central
58000000000,58,veh_1,rsu_north,rsu_0,319.944421,520,true,true,region_north_normal,pool_rsu_north
58000000000,58,veh_2,rsu_central,rsu_1,1951.677308,300,false,false,region_central_degraded,pool_rsu_central
58000000000,58,veh_2,rsu_north,rsu_0,178.640442,520,true,true,region_north_normal,pool_rsu_north
58000000000,58,veh_3,rsu_central,rsu_1,2092.855937,300,false,false,region_central_degraded,pool_rsu_central
58000000000,58,veh_3,rsu_north,rsu_0,37.650984,520,true,true,region_north_normal,pool_rsu_north
58000000000,58,veh_4,rsu_central,rsu_1,2231.551897,300,false,false,region_central_degraded,pool_rsu_central
58000000000,58,veh_4,rsu_north,rsu_0,101.731788,520,true,true,region_north_normal,pool_rsu_north
58000000000,58,veh_5,rsu_central,rsu_1,2374.143019,300,false,false,region_central_degraded,pool_rsu_central
58000000000,58,veh_5,rsu_north,rsu_0,244.264839,520,true,true,region_north_normal,pool_rsu_north
58000000000,58,veh_6,rsu_central,rsu_1,2515.662847,300,false,false,region_central_degraded,pool_rsu_central
58000000000,58,veh_6,rsu_north,rsu_0,385.800577,520,true,true,region_north_normal,pool_rsu_north
58000000000,58,veh_7,rsu_central,rsu_1,2656.485617,300,false,false,region_central_degraded,pool_rsu_central
58000000000,58,veh_7,rsu_north,rsu_0,526.645829,520,false,false,region_north_normal,pool_rsu_north
58000000000,58,veh_8,rsu_central,rsu_1,2796.073518,300,false,false,region_central_degraded,pool_rsu_central
58000000000,58,veh_8,rsu_north,rsu_0,666.256740,520,false,false,region_north_normal,pool_rsu_north
58000000000,58,veh_9,rsu_central,rsu_1,2941.040101,300,false,false,region_central_degraded,pool_rsu_central
58000000000,58,veh_9,rsu_north,rsu_0,811.253967,520,false,false,region_north_normal,pool_rsu_north
58000000000,58,veh_10,rsu_central,rsu_1,3080.311496,300,false,false,region_central_degraded,pool_rsu_central
58000000000,58,veh_10,rsu_north,rsu_0,950.555149,520,false,false,region_north_normal,pool_rsu_north
58000000000,58,veh_11,rsu_central,rsu_1,3223.173694,300,false,false,region_central_degraded,pool_rsu_central
58000000000,58,veh_11,rsu_north,rsu_0,1093.405920,520,false,false,region_north_normal,pool_rsu_north
59000000000,59,veh_0,rsu_central,rsu_1,1628.517617,300,false,false,region_central_degraded,pool_rsu_central
59000000000,59,veh_0,rsu_north,rsu_0,501.950859,520,true,true,region_north_normal,pool_rsu_north
59000000000,59,veh_1,rsu_central,rsu_1,1775.250668,300,false,false,region_central_degraded,pool_rsu_central
59000000000,59,veh_1,rsu_north,rsu_0,355.136613,520,true,true,region_north_normal,pool_rsu_north
59000000000,59,veh_2,rsu_central,rsu_1,1915.664859,300,false,false,region_central_degraded,pool_rsu_central
59000000000,59,veh_2,rsu_north,rsu_0,214.672872,520,true,true,region_north_normal,pool_rsu_north
59000000000,59,veh_3,rsu_central,rsu_1,2057.784186,300,false,false,region_central_degraded,pool_rsu_central
59000000000,59,veh_3,rsu_north,rsu_0,72.561512,520,true,true,region_north_normal,pool_rsu_north
59000000000,59,veh_4,rsu_central,rsu_1,2196.716432,300,false,false,region_central_degraded,pool_rsu_central
59000000000,59,veh_4,rsu_north,rsu_0,66.981918,520,true,true,region_north_normal,pool_rsu_north
59000000000,59,veh_5,rsu_central,rsu_1,2338.203203,300,false,false,region_central_degraded,pool_rsu_central
59000000000,59,veh_5,rsu_north,rsu_0,208.325815,520,true,true,region_north_normal,pool_rsu_north
59000000000,59,veh_6,rsu_central,rsu_1,2480.882527,300,false,false,region_central_degraded,pool_rsu_central
59000000000,59,veh_6,rsu_north,rsu_0,351.015298,520,true,true,region_north_normal,pool_rsu_north
59000000000,59,veh_7,rsu_central,rsu_1,2621.691230,300,false,false,region_central_degraded,pool_rsu_central
59000000000,59,veh_7,rsu_north,rsu_0,491.845709,520,true,true,region_north_normal,pool_rsu_north
59000000000,59,veh_8,rsu_central,rsu_1,2760.695438,300,false,false,region_central_degraded,pool_rsu_central
59000000000,59,veh_8,rsu_north,rsu_0,630.872876,520,false,false,region_north_normal,pool_rsu_north
59000000000,59,veh_9,rsu_central,rsu_1,2905.162570,300,false,false,region_central_degraded,pool_rsu_central
59000000000,59,veh_9,rsu_north,rsu_0,775.368508,520,false,false,region_north_normal,pool_rsu_north
59000000000,59,veh_10,rsu_central,rsu_1,3044.619750,300,false,false,region_central_degraded,pool_rsu_central
59000000000,59,veh_10,rsu_north,rsu_0,914.856011,520,false,false,region_north_normal,pool_rsu_north
59000000000,59,veh_11,rsu_central,rsu_1,3187.496962,300,false,false,region_central_degraded,pool_rsu_central
59000000000,59,veh_11,rsu_north,rsu_0,1057.722417,520,false,false,region_north_normal,pool_rsu_north
60000000000,60,veh_0,rsu_central,rsu_1,1593.211163,300,false,false,region_central_degraded,pool_rsu_central
60000000000,60,veh_0,rsu_north,rsu_0,537.281863,520,false,false,region_north_normal,pool_rsu_north
60000000000,60,veh_1,rsu_central,rsu_1,1739.939365,300,false,false,region_central_degraded,pool_rsu_central
60000000000,60,veh_1,rsu_north,rsu_0,390.464061,520,true,true,region_north_normal,pool_rsu_north
60000000000,60,veh_2,rsu_central,rsu_1,1879.875428,300,false,false,region_central_degraded,pool_rsu_central
60000000000,60,veh_2,rsu_north,rsu_0,250.482370,520,true,true,region_north_normal,pool_rsu_north
60000000000,60,veh_3,rsu_central,rsu_1,2022.041571,300,false,false,region_central_degraded,pool_rsu_central
60000000000,60,veh_3,rsu_north,rsu_0,108.267198,520,true,true,region_north_normal,pool_rsu_north
60000000000,60,veh_4,rsu_central,rsu_1,2160.947186,300,false,false,region_central_degraded,pool_rsu_central
60000000000,60,veh_4,rsu_north,rsu_0,31.523193,520,true,true,region_north_normal,pool_rsu_north
60000000000,60,veh_5,rsu_central,rsu_1,2302.141314,300,false,false,region_central_degraded,pool_rsu_central
60000000000,60,veh_5,rsu_north,rsu_0,172.270099,520,true,true,region_north_normal,pool_rsu_north
60000000000,60,veh_6,rsu_central,rsu_1,2445.123918,300,false,false,region_central_degraded,pool_rsu_central
60000000000,60,veh_6,rsu_north,rsu_0,315.252136,520,true,true,region_north_normal,pool_rsu_north
60000000000,60,veh_7,rsu_central,rsu_1,2585.636180,300,false,false,region_central_degraded,pool_rsu_central
60000000000,60,veh_7,rsu_north,rsu_0,455.784794,520,true,true,region_north_normal,pool_rsu_north
60000000000,60,veh_8,rsu_central,rsu_1,2725.535430,300,false,false,region_central_degraded,pool_rsu_central
60000000000,60,veh_8,rsu_north,rsu_0,595.707075,520,false,false,region_north_normal,pool_rsu_north
60000000000,60,veh_9,rsu_central,rsu_1,2869.684533,300,false,false,region_central_degraded,pool_rsu_central
60000000000,60,veh_9,rsu_north,rsu_0,739.882589,520,false,false,region_north_normal,pool_rsu_north
60000000000,60,veh_10,rsu_central,rsu_1,3009.041456,300,false,false,region_central_degraded,pool_rsu_central
60000000000,60,veh_10,rsu_north,rsu_0,879.270174,520,false,false,region_north_normal,pool_rsu_north
60000000000,60,veh_11,rsu_central,rsu_1,3152.345586,300,false,false,region_central_degraded,pool_rsu_central
60000000000,60,veh_11,rsu_north,rsu_0,1022.564316,520,false,false,region_north_normal,pool_rsu_north
61000000000,61,veh_0,rsu_central,rsu_1,1558.420576,300,false,false,region_central_degraded,pool_rsu_central
61000000000,61,veh_0,rsu_north,rsu_0,572.098399,520,false,false,region_north_normal,pool_rsu_north
61000000000,61,veh_1,rsu_central,rsu_1,1704.453387,300,false,false,region_central_degraded,pool_rsu_central
61000000000,61,veh_1,rsu_north,rsu_0,425.968583,520,true,true,region_north_normal,pool_rsu_north
61000000000,61,veh_2,rsu_central,rsu_1,1844.585766,300,false,false,region_central_degraded,pool_rsu_central
61000000000,61,veh_2,rsu_north,rsu_0,285.778161,520,true,true,region_north_normal,pool_rsu_north
61000000000,61,veh_3,rsu_central,rsu_1,1986.158685,300,false,false,region_central_degraded,pool_rsu_central
61000000000,61,veh_3,rsu_north,rsu_0,144.147567,520,true,true,region_north_normal,pool_rsu_north
61000000000,61,veh_4,rsu_central,rsu_1,2125.140319,300,false,false,region_central_degraded,pool_rsu_central
61000000000,61,veh_4,rsu_north,rsu_0,7.890429,520,true,true,region_north_normal,pool_rsu_north
61000000000,61,veh_5,rsu_central,rsu_1,2266.537541,300,false,false,region_central_degraded,pool_rsu_central
61000000000,61,veh_5,rsu_north,rsu_0,136.682161,520,true,true,region_north_normal,pool_rsu_north
61000000000,61,veh_6,rsu_central,rsu_1,2409.714765,300,false,false,region_central_degraded,pool_rsu_central
61000000000,61,veh_6,rsu_north,rsu_0,279.838907,520,true,true,region_north_normal,pool_rsu_north
61000000000,61,veh_7,rsu_central,rsu_1,2550.241554,300,false,false,region_central_degraded,pool_rsu_central
61000000000,61,veh_7,rsu_north,rsu_0,420.384552,520,true,true,region_north_normal,pool_rsu_north
61000000000,61,veh_8,rsu_central,rsu_1,2690.197114,300,false,false,region_central_degraded,pool_rsu_central
61000000000,61,veh_8,rsu_north,rsu_0,560.362909,520,false,false,region_north_normal,pool_rsu_north
61000000000,61,veh_9,rsu_central,rsu_1,2834.331279,300,false,false,region_central_degraded,pool_rsu_central
61000000000,61,veh_9,rsu_north,rsu_0,704.521462,520,false,false,region_north_normal,pool_rsu_north
61000000000,61,veh_10,rsu_central,rsu_1,2973.064721,300,false,false,region_central_degraded,pool_rsu_central
61000000000,61,veh_10,rsu_north,rsu_0,843.285615,520,false,false,region_north_normal,pool_rsu_north
61000000000,61,veh_11,rsu_central,rsu_1,3117.525051,300,false,false,region_central_degraded,pool_rsu_central
61000000000,61,veh_11,rsu_north,rsu_0,987.737073,520,false,false,region_north_normal,pool_rsu_north
62000000000,62,veh_0,rsu_central,rsu_1,1522.783111,300,false,false,region_central_degraded,pool_rsu_central
62000000000,62,veh_0,rsu_north,rsu_0,607.764258,520,false,false,region_north_normal,pool_rsu_north
62000000000,62,veh_1,rsu_central,rsu_1,1669.239886,300,false,false,region_central_degraded,pool_rsu_central
62000000000,62,veh_1,rsu_north,rsu_0,461.202548,520,true,true,region_north_normal,pool_rsu_north
62000000000,62,veh_2,rsu_central,rsu_1,1808.925496,300,false,false,region_central_degraded,pool_rsu_central
62000000000,62,veh_2,rsu_north,rsu_0,321.448877,520,true,true,region_north_normal,pool_rsu_north
62000000000,62,veh_3,rsu_central,rsu_1,1951.286037,300,false,false,region_central_degraded,pool_rsu_central
62000000000,62,veh_3,rsu_north,rsu_0,179.031893,520,true,true,region_north_normal,pool_rsu_north
62000000000,62,veh_4,rsu_central,rsu_1,2089.154846,300,false,false,region_central_degraded,pool_rsu_central
62000000000,62,veh_4,rsu_north,rsu_0,41.319841,520,true,true,region_north_normal,pool_rsu_north
62000000000,62,veh_5,rsu_central,rsu_1,2231.222096,300,false,false,region_central_degraded,pool_rsu_central
62000000000,62,veh_5,rsu_north,rsu_0,101.402480,520,true,true,region_north_normal,pool_rsu_north
62000000000,62,veh_6,rsu_central,rsu_1,2374.675720,300,false,false,region_central_degraded,pool_rsu_central
62000000000,62,veh_6,rsu_north,rsu_0,244.797556,520,true,true,region_north_normal,pool_rsu_north
62000000000,62,veh_7,rsu_central,rsu_1,2514.589767,300,false,false,region_central_degraded,pool_rsu_central
62000000000,62,veh_7,rsu_north,rsu_0,384.727338,520,true,true,region_north_normal,pool_rsu_north
62000000000,62,veh_8,rsu_central,rsu_1,2654.708388,300,false,false,region_central_degraded,pool_rsu_central
62000000000,62,veh_8,rsu_north,rsu_0,524.868306,520,false,false,region_north_normal,pool_rsu_north
62000000000,62,veh_9,rsu_central,rsu_1,2798.555907,300,false,false,region_central_degraded,pool_rsu_central
62000000000,62,veh_9,rsu_north,rsu_0,668.739533,520,false,false,region_north_normal,pool_rsu_north
62000000000,62,veh_10,rsu_central,rsu_1,2937.061879,300,false,false,region_central_degraded,pool_rsu_central
62000000000,62,veh_10,rsu_north,rsu_0,807.274869,520,false,false,region_north_normal,pool_rsu_north
62000000000,62,veh_11,rsu_central,rsu_1,3081.639664,300,false,false,region_central_degraded,pool_rsu_central
62000000000,62,veh_11,rsu_north,rsu_0,951.883591,520,false,false,region_north_normal,pool_rsu_north
63000000000,63,veh_0,rsu_central,rsu_1,1487.461572,300,false,false,region_central_degraded,pool_rsu_central
63000000000,63,veh_0,rsu_north,rsu_0,643.115782,520,false,false,region_north_normal,pool_rsu_north
63000000000,63,veh_1,rsu_central,rsu_1,1633.644189,300,false,false,region_central_degraded,pool_rsu_central
63000000000,63,veh_1,rsu_north,rsu_0,496.820873,520,true,true,region_north_normal,pool_rsu_north
63000000000,63,veh_2,rsu_central,rsu_1,1773.271913,300,false,false,region_central_degraded,pool_rsu_central
63000000000,63,veh_2,rsu_north,rsu_0,357.116207,520,true,true,region_north_normal,pool_rsu_north
63000000000,63,veh_3,rsu_central,rsu_1,1915.900127,300,false,false,region_central_degraded,pool_rsu_central
63000000000,63,veh_3,rsu_north,rsu_0,214.437454,520,true,true,region_north_normal,pool_rsu_north
63000000000,63,veh_4,rsu_central,rsu_1,2054.164502,300,false,false,region_central_degraded,pool_rsu_central
63000000000,63,veh_4,rsu_north,rsu_0,76.174544,520,true,true,region_north_normal,pool_rsu_north
63000000000,63,veh_5,rsu_central,rsu_1,2195.291153,300,false,false,region_central_degraded,pool_rsu_central
63000000000,63,veh_5,rsu_north,rsu_0,65.562146,520,true,true,region_north_normal,pool_rsu_north
63000000000,63,veh_6,rsu_central,rsu_1,2338.615309,300,false,false,region_central_degraded,pool_rsu_central
63000000000,63,veh_6,rsu_north,rsu_0,208.737888,520,true,true,region_north_normal,pool_rsu_north
63000000000,63,veh_7,rsu_central,rsu_1,2478.935801,300,false,false,region_central_degraded,pool_rsu_central
63000000000,63,veh_7,rsu_north,rsu_0,349.068308,520,true,true,region_north_normal,pool_rsu_north
63000000000,63,veh_8,rsu_central,rsu_1,2618.756065,300,false,false,region_central_degraded,pool_rsu_central
63000000000,63,veh_8,rsu_north,rsu_0,488.910063,520,true,true,region_north_normal,pool_rsu_north
63000000000,63,veh_9,rsu_central,rsu_1,2763.018217,300,false,false,region_central_degraded,pool_rsu_central
63000000000,63,veh_9,rsu_north,rsu_0,633.196036,520,false,false,region_north_normal,pool_rsu_north
63000000000,63,veh_10,rsu_central,rsu_1,2902.180796,300,false,false,region_central_degraded,pool_rsu_central
63000000000,63,veh_10,rsu_north,rsu_0,772.386072,520,false,false,region_north_normal,pool_rsu_north
63000000000,63,veh_11,rsu_central,rsu_1,3046.317245,300,false,false,region_central_degraded,pool_rsu_central
63000000000,63,veh_11,rsu_north,rsu_0,916.553860,520,false,false,region_north_normal,pool_rsu_north
64000000000,64,veh_0,rsu_central,rsu_1,1451.619653,300,false,false,region_central_degraded,pool_rsu_central
64000000000,64,veh_0,rsu_north,rsu_0,678.990057,520,false,false,region_north_normal,pool_rsu_north
64000000000,64,veh_1,rsu_central,rsu_1,1597.720094,300,false,false,region_central_degraded,pool_rsu_central
64000000000,64,veh_1,rsu_north,rsu_0,532.769696,520,false,false,region_north_normal,pool_rsu_north
64000000000,64,veh_2,rsu_central,rsu_1,1737.940328,300,false,false,region_central_degraded,pool_rsu_central
64000000000,64,veh_2,rsu_north,rsu_0,392.464083,520,true,true,region_north_normal,pool_rsu_north
64000000000,64,veh_3,rsu_central,rsu_1,1880.017222,300,false,false,region_central_degraded,pool_rsu_central
64000000000,64,veh_3,rsu_north,rsu_0,250.340561,520,true,true,region_north_normal,pool_rsu_north
64000000000,64,veh_4,rsu_central,rsu_1,2019.159090,300,false,false,region_central_degraded,pool_rsu_central
64000000000,64,veh_4,rsu_north,rsu_0,111.148627,520,true,true,region_north_normal,pool_rsu_north
64000000000,64,veh_5,rsu_central,rsu_1,2159.309494,300,false,false,region_central_degraded,pool_rsu_central
64000000000,64,veh_5,rsu_north,rsu_0,29.918321,520,true,true,region_north_normal,pool_rsu_north
64000000000,64,veh_6,rsu_central,rsu_1,2303.671506,300,false,false,region_central_degraded,pool_rsu_central
64000000000,64,veh_6,rsu_north,rsu_0,173.799872,520,true,true,region_north_normal,pool_rsu_north
64000000000,64,veh_7,rsu_central,rsu_1,2443.641704,300,false,false,region_central_degraded,pool_rsu_central
64000000000,64,veh_7,rsu_north,rsu_0,313.769750,520,true,true,region_north_normal,pool_rsu_north
64000000000,64,veh_8,rsu_central,rsu_1,2582.703558,300,false,false,region_central_degraded,pool_rsu_central
64000000000,64,veh_8,rsu_north,rsu_0,452.851700,520,true,true,region_north_normal,pool_rsu_north
64000000000,64,veh_9,rsu_central,rsu_1,2727.564383,300,false,false,region_central_degraded,pool_rsu_central
64000000000,64,veh_9,rsu_north,rsu_0,597.736362,520,false,false,region_north_normal,pool_rsu_north
64000000000,64,veh_10,rsu_central,rsu_1,2866.689589,300,false,false,region_central_degraded,pool_rsu_central
64000000000,64,veh_10,rsu_north,rsu_0,736.886978,520,false,false,region_north_normal,pool_rsu_north
64000000000,64,veh_11,rsu_central,rsu_1,3010.974678,300,false,false,region_central_degraded,pool_rsu_central
64000000000,64,veh_11,rsu_north,rsu_0,881.203815,520,false,false,region_north_normal,pool_rsu_north
65000000000,65,veh_0,rsu_central,rsu_1,1416.187536,300,false,false,region_central_degraded,pool_rsu_central
65000000000,65,veh_0,rsu_north,rsu_0,714.456150,520,false,false,region_north_normal,pool_rsu_north
65000000000,65,veh_1,rsu_central,rsu_1,1562.274151,300,false,false,region_central_degraded,pool_rsu_central
65000000000,65,veh_1,rsu_north,rsu_0,568.241864,520,false,false,region_north_normal,pool_rsu_north
65000000000,65,veh_2,rsu_central,rsu_1,1702.879357,300,false,false,region_central_degraded,pool_rsu_central
65000000000,65,veh_2,rsu_north,rsu_0,427.543485,520,true,true,region_north_normal,pool_rsu_north
65000000000,65,veh_3,rsu_central,rsu_1,1844.240763,300,false,false,region_central_degraded,pool_rsu_central
65000000000,65,veh_3,rsu_north,rsu_0,286.123247,520,true,true,region_north_normal,pool_rsu_north
65000000000,65,veh_4,rsu_central,rsu_1,1983.358557,300,false,false,region_central_degraded,pool_rsu_central
65000000000,65,veh_4,rsu_north,rsu_0,146.948242,520,true,true,region_north_normal,pool_rsu_north
65000000000,65,veh_5,rsu_central,rsu_1,2123.438294,300,false,false,region_central_degraded,pool_rsu_central
65000000000,65,veh_5,rsu_north,rsu_0,9.022908,520,true,true,region_north_normal,pool_rsu_north
65000000000,65,veh_6,rsu_central,rsu_1,2268.885876,300,false,false,region_central_degraded,pool_rsu_central
65000000000,65,veh_6,rsu_north,rsu_0,139.028999,520,true,true,region_north_normal,pool_rsu_north
65000000000,65,veh_7,rsu_central,rsu_1,2408.754671,300,false,false,region_central_degraded,pool_rsu_central
65000000000,65,veh_7,rsu_north,rsu_0,278.878721,520,true,true,region_north_normal,pool_rsu_north
65000000000,65,veh_8,rsu_central,rsu_1,2547.440017,300,false,false,region_central_degraded,pool_rsu_central
65000000000,65,veh_8,rsu_north,rsu_0,417.582578,520,true,true,region_north_normal,pool_rsu_north
65000000000,65,veh_9,rsu_central,rsu_1,2691.983255,300,false,false,region_central_degraded,pool_rsu_central
65000000000,65,veh_9,rsu_north,rsu_0,562.149346,520,false,false,region_north_normal,pool_rsu_north
65000000000,65,veh_10,rsu_central,rsu_1,2831.225371,300,false,false,region_central_degraded,pool_rsu_central
65000000000,65,veh_10,rsu_north,rsu_0,701.414861,520,false,false,region_north_normal,pool_rsu_north
65000000000,65,veh_11,rsu_central,rsu_1,2975.764664,300,false,false,region_central_degraded,pool_rsu_central
65000000000,65,veh_11,rsu_north,rsu_0,845.986148,520,false,false,region_north_normal,pool_rsu_north
66000000000,66,veh_0,rsu_central,rsu_1,1380.441714,300,false,false,region_central_degraded,pool_rsu_central
66000000000,66,veh_0,rsu_north,rsu_0,750.238353,520,false,false,region_north_normal,pool_rsu_north
66000000000,66,veh_1,rsu_central,rsu_1,1526.599106,300,false,false,region_central_degraded,pool_rsu_central
66000000000,66,veh_1,rsu_north,rsu_0,603.945135,520,false,false,region_north_normal,pool_rsu_north
66000000000,66,veh_2,rsu_central,rsu_1,1667.317891,300,false,false,region_central_degraded,pool_rsu_central
66000000000,66,veh_2,rsu_north,rsu_0,463.125717,520,true,true,region_north_normal,pool_rsu_north
66000000000,66,veh_3,rsu_central,rsu_1,1808.707231,300,false,false,region_central_degraded,pool_rsu_central
66000000000,66,veh_3,rsu_north,rsu_0,321.667217,520,true,true,region_north_normal,pool_rsu_north
66000000000,66,veh_4,rsu_central,rsu_1,1947.754122,300,false,false,region_central_degraded,pool_rsu_central
66000000000,66,veh_4,rsu_north,rsu_0,182.565478,520,true,true,region_north_normal,pool_rsu_north
66000000000,66,veh_5,rsu_central,rsu_1,2087.788755,300,false,false,region_central_degraded,pool_rsu_central
66000000000,66,veh_5,rsu_north,rsu_0,42.675573,520,true,true,region_north_normal,pool_rsu_north
66000000000,66,veh_6,rsu_central,rsu_1,2232.825732,300,false,false,region_central_degraded,pool_rsu_central
66000000000,66,veh_6,rsu_north,rsu_0,103.003761,520,true,true,region_north_normal,pool_rsu_north
66000000000,66,veh_7,rsu_central,rsu_1,2373.618120,300,false,false,region_central_degraded,pool_rsu_central
66000000000,66,veh_7,rsu_north,rsu_0,243.739925,520,true,true,region_north_normal,pool_rsu_north
66000000000,66,veh_8,rsu_central,rsu_1,2511.554847,300,false,false,region_central_degraded,pool_rsu_central
66000000000,66,veh_8,rsu_north,rsu_0,381.691971,520,true,true,region_north_normal,pool_rsu_north
66000000000,66,veh_9,rsu_central,rsu_1,2656.489262,300,false,false,region_central_degraded,pool_rsu_central
66000000000,66,veh_9,rsu_north,rsu_0,526.649475,520,false,false,region_north_normal,pool_rsu_north
66000000000,66,veh_10,rsu_central,rsu_1,2796.370753,300,false,false,region_central_degraded,pool_rsu_central
66000000000,66,veh_10,rsu_north,rsu_0,666.554023,520,false,false,region_north_normal,pool_rsu_north
66000000000,66,veh_11,rsu_central,rsu_1,2940.779640,300,false,false,region_central_degraded,pool_rsu_central
66000000000,66,veh_11,rsu_north,rsu_0,810.993449,520,false,false,region_north_normal,pool_rsu_north
67000000000,67,veh_0,rsu_central,rsu_1,1345.245375,300,false,false,region_central_degraded,pool_rsu_central
67000000000,67,veh_0,rsu_north,rsu_0,785.472697,520,false,false,region_north_normal,pool_rsu_north
67000000000,67,veh_1,rsu_central,rsu_1,1491.295691,300,false,false,region_central_degraded,pool_rsu_central
67000000000,67,veh_1,rsu_north,rsu_0,639.278318,520,false,false,region_north_normal,pool_rsu_north
67000000000,67,veh_2,rsu_central,rsu_1,1632.050109,300,false,false,region_central_degraded,pool_rsu_central
67000000000,67,veh_2,rsu_north,rsu_0,498.416010,520,true,true,region_north_normal,pool_rsu_north
67000000000,67,veh_3,rsu_central,rsu_1,1773.354016,300,false,false,region_central_degraded,pool_rsu_central
67000000000,67,veh_3,rsu_north,rsu_0,357.034068,520,true,true,region_north_normal,pool_rsu_north
67000000000,67,veh_4,rsu_central,rsu_1,1912.294278,300,false,false,region_central_degraded,pool_rsu_central
67000000000,67,veh_4,rsu_north,rsu_0,218.045622,520,true,true,region_north_normal,pool_rsu_north
67000000000,67,veh_5,rsu_central,rsu_1,2052.472622,300,false,false,region_central_degraded,pool_rsu_central
67000000000,67,veh_5,rsu_north,rsu_0,77.863626,520,true,true,region_north_normal,pool_rsu_north
67000000000,67,veh_6,rsu_central,rsu_1,2197.624194,300,false,false,region_central_degraded,pool_rsu_central
67000000000,67,veh_6,rsu_north,rsu_0,67.886268,520,true,true,region_north_normal,pool_rsu_north
67000000000,67,veh_7,rsu_central,rsu_1,2338.282433,300,false,false,region_central_degraded,pool_rsu_central
67000000000,67,veh_7,rsu_north,rsu_0,208.405040,520,true,true,region_north_normal,pool_rsu_north
67000000000,67,veh_8,rsu_central,rsu_1,2475.877685,300,false,false,region_central_degraded,pool_rsu_central
67000000000,67,veh_8,rsu_north,rsu_0,346.009780,520,true,true,region_north_normal,pool_rsu_north
67000000000,67,veh_9,rsu_central,rsu_1,2620.944219,300,false,false,region_central_degraded,pool_rsu_central
67000000000,67,veh_9,rsu_north,rsu_0,491.098575,520,true,true,region_north_normal,pool_rsu_north
67000000000,67,veh_10,rsu_central,rsu_1,2760.422875,300,false,false,region_central_degraded,pool_rsu_central
67000000000,67,veh_10,rsu_north,rsu_0,630.600268,520,false,false,region_north_normal,pool_rsu_north
67000000000,67,veh_11,rsu_central,rsu_1,2905.739858,300,false,false,region_central_degraded,pool_rsu_central
67000000000,67,veh_11,rsu_north,rsu_0,775.945924,520,false,false,region_north_normal,pool_rsu_north
68000000000,68,veh_0,rsu_central,rsu_1,1309.695080,300,false,false,region_central_degraded,pool_rsu_central
68000000000,68,veh_0,rsu_north,rsu_0,821.063719,520,false,false,region_north_normal,pool_rsu_north
68000000000,68,veh_1,rsu_central,rsu_1,1456.048602,300,false,false,region_central_degraded,pool_rsu_central
68000000000,68,veh_1,rsu_north,rsu_0,674.557002,520,false,false,region_north_normal,pool_rsu_north
68000000000,68,veh_2,rsu_central,rsu_1,1597.158576,300,false,false,region_central_degraded,pool_rsu_central
68000000000,68,veh_2,rsu_north,rsu_0,533.331615,520,false,false,region_north_normal,pool_rsu_north
68000000000,68,veh_3,rsu_central,rsu_1,1737.544694,300,false,false,region_central_degraded,pool_rsu_central
68000000000,68,veh_3,rsu_north,rsu_0,392.859913,520,true,true,region_north_normal,pool_rsu_north
68000000000,68,veh_4,rsu_central,rsu_1,1876.727998,300,false,false,region_central_degraded,pool_rsu_central
68000000000,68,veh_4,rsu_north,rsu_0,253.630141,520,true,true,region_north_normal,pool_rsu_north
68000000000,68,veh_5,rsu_central,rsu_1,2016.840662,300,false,false,region_central_degraded,pool_rsu_central
68000000000,68,veh_5,rsu_north,rsu_0,113.466345,520,true,true,region_north_normal,pool_rsu_north
68000000000,68,veh_6,rsu_central,rsu_1,2161.905681,300,false,false,region_central_degraded,pool_rsu_central
68000000000,68,veh_6,rsu_north,rsu_0,32.464031,520,true,true,region_north_normal,pool_rsu_north
68000000000,68,veh_7,rsu_central,rsu_1,2302.746057,300,false,false,region_central_degraded,pool_rsu_central
68000000000,68,veh_7,rsu_north,rsu_0,172.874674,520,true,true,region_north_normal,pool_rsu_north
68000000000,68,veh_8,rsu_central,rsu_1,2441.167877,300,false,false,region_central_degraded,pool_rsu_central
68000000000,68,veh_8,rsu_north,rsu_0,311.295623,520,true,true,region_north_normal,pool_rsu_north
68000000000,68,veh_9,rsu_central,rsu_1,2585.184028,300,false,false,region_central_degraded,pool_rsu_central
68000000000,68,veh_9,rsu_north,rsu_0,455.332570,520,true,true,region_north_normal,pool_rsu_north
68000000000,68,veh_10,rsu_central,rsu_1,2724.784957,300,false,false,region_central_degraded,pool_rsu_central
68000000000,68,veh_10,rsu_north,rsu_0,594.956477,520,false,false,region_north_normal,pool_rsu_north
68000000000,68,veh_11,rsu_central,rsu_1,2870.671344,300,false,false,region_central_degraded,pool_rsu_central
68000000000,68,veh_11,rsu_north,rsu_0,740.869620,520,false,false,region_north_normal,pool_rsu_north
69000000000,69,veh_0,rsu_central,rsu_1,1274.851900,300,false,false,region_central_degraded,pool_rsu_central
69000000000,69,veh_0,rsu_north,rsu_0,855.949253,520,false,false,region_north_normal,pool_rsu_north
69000000000,69,veh_1,rsu_central,rsu_1,1420.744639,300,false,false,region_central_degraded,pool_rsu_central
69000000000,69,veh_1,rsu_north,rsu_0,709.894563,520,false,false,region_north_normal,pool_rsu_north
69000000000,69,veh_2,rsu_central,rsu_1,1561.249793,300,false,false,region_central_degraded,pool_rsu_central
69000000000,69,veh_2,rsu_north,rsu_0,569.267007,520,false,false,region_north_normal,pool_rsu_north
69000000000,69,veh_3,rsu_central,rsu_1,1702.501682,300,false,false,region_central_degraded,pool_rsu_central
69000000000,69,veh_3,rsu_north,rsu_0,427.921370,520,true,true,region_north_normal,pool_rsu_north
69000000000,69,veh_4,rsu_central,rsu_1,1841.245082,300,false,false,region_central_degraded,pool_rsu_central
69000000000,69,veh_4,rsu_north,rsu_0,289.119661,520,true,true,region_north_normal,pool_rsu_north
69000000000,69,veh_5,rsu_central,rsu_1,1981.720664,300,false,false,region_central_degraded,pool_rsu_central
69000000000,69,veh_5,rsu_north,rsu_0,148.586493,520,true,true,region_north_normal,pool_rsu_north
69000000000,69,veh_6,rsu_central,rsu_1,2126.033827,300,false,false,region_central_degraded,pool_rsu_central
69000000000,69,veh_6,rsu_north,rsu_0,7.367547,520,true,true,region_north_normal,pool_rsu_north
69000000000,69,veh_7,rsu_central,rsu_1,2267.521486,300,false,false,region_central_degraded,pool_rsu_central
69000000000,69,veh_7,rsu_north,rsu_0,137.665468,520,true,true,region_north_normal,pool_rsu_north
69000000000,69,veh_8,rsu_central,rsu_1,2405.357136,300,false,false,region_central_degraded,pool_rsu_central
69000000000,69,veh_8,rsu_north,rsu_0,275.480873,520,true,true,region_north_normal,pool_rsu_north
69000000000,69,veh_9,rsu_central,rsu_1,2549.283140,300,false,false,region_central_degraded,pool_rsu_central
69000000000,69,veh_9,rsu_north,rsu_0,419.425988,520,true,true,region_north_normal,pool_rsu_north
69000000000,69,veh_10,rsu_central,rsu_1,2688.739155,300,false,false,region_central_degraded,pool_rsu_central
69000000000,69,veh_10,rsu_north,rsu_0,558.904708,520,false,false,region_north_normal,pool_rsu_north
69000000000,69,veh_11,rsu_central,rsu_1,2835.098283,300,false,false,region_central_degraded,pool_rsu_central
69000000000,69,veh_11,rsu_north,rsu_0,705.288636,520,false,false,region_north_normal,pool_rsu_north
70000000000,70,veh_0,rsu_central,rsu_1,1239.464199,300,false,false,region_central_degraded,pool_rsu_central
70000000000,70,veh_0,rsu_north,rsu_0,891.382623,520,false,false,region_north_normal,pool_rsu_north
70000000000,70,veh_1,rsu_central,rsu_1,1385.201301,300,false,false,region_central_degraded,pool_rsu_central
70000000000,70,veh_1,rsu_north,rsu_0,745.473796,520,false,false,region_north_normal,pool_rsu_north
70000000000,70,veh_2,rsu_central,rsu_1,1526.007090,300,false,false,region_central_degraded,pool_rsu_central
70000000000,70,veh_2,rsu_north,rsu_0,604.537635,520,false,false,region_north_normal,pool_rsu_north
70000000000,70,veh_3,rsu_central,rsu_1,1667.319029,300,false,false,region_central_degraded,pool_rsu_central
70000000000,70,veh_3,rsu_north,rsu_0,463.124578,520,true,true,region_north_normal,pool_rsu_north
70000000000,70,veh_4,rsu_central,rsu_1,1806.160808,300,false,false,region_central_degraded,pool_rsu_central
70000000000,70,veh_4,rsu_north,rsu_0,324.214522,520,true,true,region_north_normal,pool_rsu_north
70000000000,70,veh_5,rsu_central,rsu_1,1946.604580,300,false,false,region_central_degraded,pool_rsu_central
70000000000,70,veh_5,rsu_north,rsu_0,183.715580,520,true,true,region_north_normal,pool_rsu_north
70000000000,70,veh_6,rsu_central,rsu_1,2090.610351,300,false,false,region_central_degraded,pool_rsu_central
70000000000,70,veh_6,rsu_north,rsu_0,39.876235,520,true,true,region_north_normal,pool_rsu_north
70000000000,70,veh_7,rsu_central,rsu_1,2231.959325,300,false,false,region_central_degraded,pool_rsu_central
70000000000,70,veh_7,rsu_north,rsu_0,102.138615,520,true,true,region_north_normal,pool_rsu_north
70000000000,70,veh_8,rsu_central,rsu_1,2370.303283,300,false,false,region_central_degraded,pool_rsu_central
70000000000,70,veh_8,rsu_north,rsu_0,240.425009,520,true,true,region_north_normal,pool_rsu_north
70000000000,70,veh_9,rsu_central,rsu_1,2513.285573,300,false,false,region_central_degraded,pool_rsu_central
70000000000,70,veh_9,rsu_north,rsu_0,383.422951,520,true,true,region_north_normal,pool_rsu_north
70000000000,70,veh_10,rsu_central,rsu_1,2653.753980,300,false,false,region_central_degraded,pool_rsu_central
70000000000,70,veh_10,rsu_north,rsu_0,523.913741,520,false,false,region_north_normal,pool_rsu_north
70000000000,70,veh_11,rsu_central,rsu_1,2799.941868,300,false,false,region_central_degraded,pool_rsu_central
70000000000,70,veh_11,rsu_north,rsu_0,670.125719,520,false,false,region_north_normal,pool_rsu_north
71000000000,71,veh_0,rsu_central,rsu_1,1204.138194,300,false,false,region_central_degraded,pool_rsu_central
71000000000,71,veh_0,rsu_north,rsu_0,926.757095,520,false,false,region_north_normal,pool_rsu_north
71000000000,71,veh_1,rsu_central,rsu_1,1350.199512,300,false,false,region_central_degraded,pool_rsu_central
71000000000,71,veh_1,rsu_north,rsu_0,780.513075,520,false,false,region_north_normal,pool_rsu_north
71000000000,71,veh_2,rsu_central,rsu_1,1491.166464,300,false,false,region_central_degraded,pool_rsu_central
71000000000,71,veh_2,rsu_north,rsu_0,639.407657,520,false,false,region_north_normal,pool_rsu_north
71000000000,71,veh_3,rsu_central,rsu_1,1631.649121,300,false,false,region_central_degraded,pool_rsu_central
71000000000,71,veh_3,rsu_north,rsu_0,498.817265,520,true,true,region_north_normal,pool_rsu_north
71000000000,71,veh_4,rsu_central,rsu_1,1770.311493,300,false,false,region_central_degraded,pool_rsu_central
71000000000,71,veh_4,rsu_north,rsu_0,360.077896,520,true,true,region_north_normal,pool_rsu_north
71000000000,71,veh_5,rsu_central,rsu_1,1911.834321,300,false,false,region_central_degraded,pool_rsu_central
71000000000,71,veh_5,rsu_north,rsu_0,218.505878,520,true,true,region_north_normal,pool_rsu_north
71000000000,71,veh_6,rsu_central,rsu_1,2054.661387,300,false,false,region_central_degraded,pool_rsu_central
71000000000,71,veh_6,rsu_north,rsu_0,75.678517,520,true,true,region_north_normal,pool_rsu_north
71000000000,71,veh_7,rsu_central,rsu_1,2196.854797,300,false,false,region_central_degraded,pool_rsu_central
71000000000,71,veh_7,rsu_north,rsu_0,67.119762,520,true,true,region_north_normal,pool_rsu_north
71000000000,71,veh_8,rsu_central,rsu_1,2334.242261,300,false,false,region_central_degraded,pool_rsu_central
71000000000,71,veh_8,rsu_north,rsu_0,204.365233,520,true,true,region_north_normal,pool_rsu_north
71000000000,71,veh_9,rsu_central,rsu_1,2477.896865,300,false,false,region_central_degraded,pool_rsu_central
71000000000,71,veh_9,rsu_north,rsu_0,348.029232,520,true,true,region_north_normal,pool_rsu_north
71000000000,71,veh_10,rsu_central,rsu_1,2618.202585,300,false,false,region_central_degraded,pool_rsu_central
71000000000,71,veh_10,rsu_north,rsu_0,488.356492,520,true,true,region_north_normal,pool_rsu_north
71000000000,71,veh_11,rsu_central,rsu_1,2763.977982,300,false,false,region_central_degraded,pool_rsu_central
71000000000,71,veh_11,rsu_north,rsu_0,634.155959,520,false,false,region_north_normal,pool_rsu_north
72000000000,72,veh_0,rsu_central,rsu_1,1168.374704,300,false,false,region_central_degraded,pool_rsu_central
72000000000,72,veh_0,rsu_north,rsu_0,962.572825,520,false,false,region_north_normal,pool_rsu_north
72000000000,72,veh_1,rsu_central,rsu_1,1314.937841,300,false,false,region_central_degraded,pool_rsu_central
72000000000,72,veh_1,rsu_north,rsu_0,815.814797,520,false,false,region_north_normal,pool_rsu_north
72000000000,72,veh_2,rsu_central,rsu_1,1456.201567,300,false,false,region_central_degraded,pool_rsu_central
72000000000,72,veh_2,rsu_north,rsu_0,674.403896,520,false,false,region_north_normal,pool_rsu_north
72000000000,72,veh_3,rsu_central,rsu_1,1596.611969,300,false,false,region_central_degraded,pool_rsu_central
72000000000,72,veh_3,rsu_north,rsu_0,533.878614,520,false,false,region_north_normal,pool_rsu_north
72000000000,72,veh_4,rsu_central,rsu_1,1735.514206,300,false,false,region_central_degraded,pool_rsu_central
72000000000,72,veh_4,rsu_north,rsu_0,394.891411,520,true,true,region_north_normal,pool_rsu_north
72000000000,72,veh_5,rsu_central,rsu_1,1876.408712,300,false,false,region_central_degraded,pool_rsu_central
72000000000,72,veh_5,rsu_north,rsu_0,253.949464,520,true,true,region_north_normal,pool_rsu_north
72000000000,72,veh_6,rsu_central,rsu_1,2018.727041,300,false,false,region_central_degraded,pool_rsu_central
72000000000,72,veh_6,rsu_north,rsu_0,111.580535,520,true,true,region_north_normal,pool_rsu_north
72000000000,72,veh_7,rsu_central,rsu_1,2160.877043,300,false,false,region_central_degraded,pool_rsu_central
72000000000,72,veh_7,rsu_north,rsu_0,31.454385,520,true,true,region_north_normal,pool_rsu_north
72000000000,72,veh_8,rsu_central,rsu_1,2299.331708,300,false,false,region_central_degraded,pool_rsu_central
72000000000,72,veh_8,rsu_north,rsu_0,169.461307,520,true,true,region_north_normal,pool_rsu_north
72000000000,72,veh_9,rsu_central,rsu_1,2442.270228,300,false,false,region_central_degraded,pool_rsu_central
72000000000,72,veh_9,rsu_north,rsu_0,312.398108,520,true,true,region_north_normal,pool_rsu_north
72000000000,72,veh_10,rsu_central,rsu_1,2582.601391,300,false,false,region_central_degraded,pool_rsu_central
72000000000,72,veh_10,rsu_north,rsu_0,452.749518,520,true,true,region_north_normal,pool_rsu_north
72000000000,72,veh_11,rsu_central,rsu_1,2728.580463,300,false,false,region_central_degraded,pool_rsu_central
72000000000,72,veh_11,rsu_north,rsu_0,598.752611,520,false,false,region_north_normal,pool_rsu_north
73000000000,73,veh_0,rsu_central,rsu_1,1133.488081,300,false,false,region_central_degraded,pool_rsu_central
73000000000,73,veh_0,rsu_north,rsu_0,997.513752,520,false,false,region_north_normal,pool_rsu_north
73000000000,73,veh_1,rsu_central,rsu_1,1280.138602,300,false,false,region_central_degraded,pool_rsu_central
73000000000,73,veh_1,rsu_north,rsu_0,850.655962,520,false,false,region_north_normal,pool_rsu_north
73000000000,73,veh_2,rsu_central,rsu_1,1420.244600,300,false,false,region_central_degraded,pool_rsu_central
73000000000,73,veh_2,rsu_north,rsu_0,710.395093,520,false,false,region_north_normal,pool_rsu_north
73000000000,73,veh_3,rsu_central,rsu_1,1561.421512,300,false,false,region_central_degraded,pool_rsu_central
73000000000,73,veh_3,rsu_north,rsu_0,569.095156,520,false,false,region_north_normal,pool_rsu_north
73000000000,73,veh_4,rsu_central,rsu_1,1700.716745,300,false,false,region_central_degraded,pool_rsu_central
73000000000,73,veh_4,rsu_north,rsu_0,429.707302,520,true,true,region_north_normal,pool_rsu_north
73000000000,73,veh_5,rsu_central,rsu_1,1841.038388,300,false,false,region_central_degraded,pool_rsu_central
73000000000,73,veh_5,rsu_north,rsu_0,289.326407,520,true,true,region_north_normal,pool_rsu_north
73000000000,73,veh_6,rsu_central,rsu_1,1983.257142,300,false,false,region_central_degraded,pool_rsu_central
73000000000,73,veh_6,rsu_north,rsu_0,147.049678,520,true,true,region_north_normal,pool_rsu_north
73000000000,73,veh_7,rsu_central,rsu_1,2125.760547,300,false,false,region_central_degraded,pool_rsu_central
73000000000,73,veh_7,rsu_north,rsu_0,7.520055,520,true,true,region_north_normal,pool_rsu_north
73000000000,73,veh_8,rsu_central,rsu_1,2263.853245,300,false,false,region_central_degraded,pool_rsu_central
73000000000,73,veh_8,rsu_north,rsu_0,133.999676,520,true,true,region_north_normal,pool_rsu_north
73000000000,73,veh_9,rsu_central,rsu_1,2406.733692,300,false,false,region_central_degraded,pool_rsu_central
73000000000,73,veh_9,rsu_north,rsu_0,276.857554,520,true,true,region_north_normal,pool_rsu_north
73000000000,73,veh_10,rsu_central,rsu_1,2546.770388,300,false,false,region_central_degraded,pool_rsu_central
73000000000,73,veh_10,rsu_north,rsu_0,416.912845,520,true,true,region_north_normal,pool_rsu_north
73000000000,73,veh_11,rsu_central,rsu_1,2692.732326,300,false,false,region_central_degraded,pool_rsu_central
73000000000,73,veh_11,rsu_north,rsu_0,562.898541,520,false,false,region_north_normal,pool_rsu_north
74000000000,74,veh_0,rsu_central,rsu_1,1097.581993,300,false,false,region_central_degraded,pool_rsu_central
74000000000,74,veh_0,rsu_north,rsu_0,1033.489188,520,false,false,region_north_normal,pool_rsu_north
74000000000,74,veh_1,rsu_central,rsu_1,1244.660960,300,false,false,region_central_degraded,pool_rsu_central
74000000000,74,veh_1,rsu_north,rsu_0,886.178980,520,false,false,region_north_normal,pool_rsu_north
74000000000,74,veh_2,rsu_central,rsu_1,1384.846677,300,false,false,region_central_degraded,pool_rsu_central
74000000000,74,veh_2,rsu_north,rsu_0,745.828788,520,false,false,region_north_normal,pool_rsu_north
74000000000,74,veh_3,rsu_central,rsu_1,1526.429978,300,false,false,region_central_degraded,pool_rsu_central
74000000000,74,veh_3,rsu_north,rsu_0,604.114401,520,false,false,region_north_normal,pool_rsu_north
74000000000,74,veh_4,rsu_central,rsu_1,1665.628904,300,false,false,region_central_degraded,pool_rsu_central
74000000000,74,veh_4,rsu_north,rsu_0,464.815739,520,true,true,region_north_normal,pool_rsu_north
74000000000,74,veh_5,rsu_central,rsu_1,1805.109603,300,false,false,region_central_degraded,pool_rsu_central
74000000000,74,veh_5,rsu_north,rsu_0,325.266097,520,true,true,region_north_normal,pool_rsu_north
74000000000,74,veh_6,rsu_central,rsu_1,1947.861929,300,false,false,region_central_degraded,pool_rsu_central
74000000000,74,veh_6,rsu_north,rsu_0,182.457620,520,true,true,region_north_normal,pool_rsu_north
74000000000,74,veh_7,rsu_central,rsu_1,2090.723357,300,false,false,region_central_degraded,pool_rsu_central
74000000000,74,veh_7,rsu_north,rsu_0,39.764193,520,true,true,region_north_normal,pool_rsu_north
74000000000,74,veh_8,rsu_central,rsu_1,2228.295442,300,false,false,region_central_degraded,pool_rsu_central
74000000000,74,veh_8,rsu_north,rsu_0,98.480371,520,true,true,region_north_normal,pool_rsu_north
74000000000,74,veh_9,rsu_central,rsu_1,2371.440278,300,false,false,region_central_degraded,pool_rsu_central
74000000000,74,veh_9,rsu_north,rsu_0,241.562029,520,true,true,region_north_normal,pool_rsu_north
74000000000,74,veh_10,rsu_central,rsu_1,2511.475265,300,false,false,region_central_degraded,pool_rsu_central
74000000000,74,veh_10,rsu_north,rsu_0,381.612377,520,true,true,region_north_normal,pool_rsu_north
74000000000,74,veh_11,rsu_central,rsu_1,2657.580823,300,false,false,region_central_degraded,pool_rsu_central
74000000000,74,veh_11,rsu_north,rsu_0,527.741216,520,false,false,region_north_normal,pool_rsu_north
75000000000,75,veh_0,rsu_central,rsu_1,1062.595393,300,false,false,region_central_degraded,pool_rsu_central
75000000000,75,veh_0,rsu_north,rsu_0,1068.550931,520,false,false,region_north_normal,pool_rsu_north
75000000000,75,veh_1,rsu_central,rsu_1,1209.096771,300,false,false,region_central_degraded,pool_rsu_central
75000000000,75,veh_1,rsu_north,rsu_0,921.791534,520,false,false,region_north_normal,pool_rsu_north
75000000000,75,veh_2,rsu_central,rsu_1,1349.650063,300,false,false,region_central_degraded,pool_rsu_central
75000000000,75,veh_2,rsu_north,rsu_0,781.063130,520,false,false,region_north_normal,pool_rsu_north
75000000000,75,veh_3,rsu_central,rsu_1,1491.466311,300,false,false,region_central_degraded,pool_rsu_central
75000000000,75,veh_3,rsu_north,rsu_0,639.107549,520,false,false,region_north_normal,pool_rsu_north
75000000000,75,veh_4,rsu_central,rsu_1,1629.941803,300,false,false,region_central_degraded,pool_rsu_central
75000000000,75,veh_4,rsu_north,rsu_0,500.525720,520,true,true,region_north_normal,pool_rsu_north
75000000000,75,veh_5,rsu_central,rsu_1,1770.196144,300,false,false,region_central_degraded,pool_rsu_central
75000000000,75,veh_5,rsu_north,rsu_0,360.193295,520,true,true,region_north_normal,pool_rsu_north
75000000000,75,veh_6,rsu_central,rsu_1,1912.602824,300,false,false,region_central_degraded,pool_rsu_central
75000000000,75,veh_6,rsu_north,rsu_0,217.736875,520,true,true,region_north_normal,pool_rsu_north
75000000000,75,veh_7,rsu_central,rsu_1,2054.922566,300,false,false,region_central_degraded,pool_rsu_central
75000000000,75,veh_7,rsu_north,rsu_0,75.417795,520,true,true,region_north_normal,pool_rsu_north
75000000000,75,veh_8,rsu_central,rsu_1,2192.261028,300,false,false,region_central_degraded,pool_rsu_central
75000000000,75,veh_8,rsu_north,rsu_0,62.544632,520,true,true,region_north_normal,pool_rsu_north
75000000000,75,veh_9,rsu_central,rsu_1,2336.464146,300,false,false,region_central_degraded,pool_rsu_central
75000000000,75,veh_9,rsu_north,rsu_0,206.586908,520,true,true,region_north_normal,pool_rsu_north
75000000000,75,veh_10,rsu_central,rsu_1,2476.521581,300,false,false,region_central_degraded,pool_rsu_central
75000000000,75,veh_10,rsu_north,rsu_0,346.653763,520,true,true,region_north_normal,pool_rsu_north
75000000000,75,veh_11,rsu_central,rsu_1,2622.650409,300,false,false,region_central_degraded,pool_rsu_central
75000000000,75,veh_11,rsu_north,rsu_0,492.805045,520,true,true,region_north_normal,pool_rsu_north
76000000000,76,veh_0,rsu_central,rsu_1,1027.050291,300,false,false,region_central_degraded,pool_rsu_central
76000000000,76,veh_0,rsu_north,rsu_0,1104.177650,520,false,false,region_north_normal,pool_rsu_north
76000000000,76,veh_1,rsu_central,rsu_1,1174.055128,300,false,false,region_central_degraded,pool_rsu_central
76000000000,76,veh_1,rsu_north,rsu_0,956.883879,520,false,false,region_north_normal,pool_rsu_north
76000000000,76,veh_2,rsu_central,rsu_1,1314.074807,300,false,false,region_central_degraded,pool_rsu_central
76000000000,76,veh_2,rsu_north,rsu_0,816.678842,520,false,false,region_north_normal,pool_rsu_north
76000000000,76,veh_3,rsu_central,rsu_1,1456.167833,300,false,false,region_central_degraded,pool_rsu_central
76000000000,76,veh_3,rsu_north,rsu_0,674.437661,520,false,false,region_north_normal,pool_rsu_north
76000000000,76,veh_4,rsu_central,rsu_1,1593.956251,300,false,false,region_central_degraded,pool_rsu_central
76000000000,76,veh_4,rsu_north,rsu_0,536.536238,520,false,false,region_north_normal,pool_rsu_north
76000000000,76,veh_5,rsu_central,rsu_1,1735.147364,300,false,false,region_central_degraded,pool_rsu_central
76000000000,76,veh_5,rsu_north,rsu_0,395.258436,520,true,true,region_north_normal,pool_rsu_north
76000000000,76,veh_6,rsu_central,rsu_1,1877.746855,300,false,false,region_central_degraded,pool_rsu_central
76000000000,76,veh_6,rsu_north,rsu_0,252.611168,520,true,true,region_north_normal,pool_rsu_north
76000000000,76,veh_7,rsu_central,rsu_1,2019.959277,300,false,false,region_central_degraded,pool_rsu_central
76000000000,76,veh_7,rsu_north,rsu_0,110.348713,520,true,true,region_north_normal,pool_rsu_north
76000000000,76,veh_8,rsu_central,rsu_1,2157.158247,300,false,false,region_central_degraded,pool_rsu_central
76000000000,76,veh_8,rsu_north,rsu_0,27.816116,520,true,true,region_north_normal,pool_rsu_north
76000000000,76,veh_9,rsu_central,rsu_1,2301.466653,300,false,false,region_central_degraded,pool_rsu_central
76000000000,76,veh_9,rsu_north,rsu_0,171.595628,520,true,true,region_north_normal,pool_rsu_north
76000000000,76,veh_10,rsu_central,rsu_1,2440.573955,300,false,false,region_central_degraded,pool_rsu_central
76000000000,76,veh_10,rsu_north,rsu_0,310.701630,520,true,true,region_north_normal,pool_rsu_north
76000000000,76,veh_11,rsu_central,rsu_1,2587.693695,300,false,false,region_central_degraded,pool_rsu_central
76000000000,76,veh_11,rsu_north,rsu_0,457.842641,520,true,true,region_north_normal,pool_rsu_north
77000000000,77,veh_0,rsu_central,rsu_1,992.142792,300,false,false,region_central_degraded,pool_rsu_central
77000000000,77,veh_0,rsu_north,rsu_0,1139.171028,520,false,false,region_north_normal,pool_rsu_north
77000000000,77,veh_1,rsu_central,rsu_1,1138.408368,300,false,false,region_central_degraded,pool_rsu_central
77000000000,77,veh_1,rsu_north,rsu_0,992.585595,520,false,false,region_north_normal,pool_rsu_north
77000000000,77,veh_2,rsu_central,rsu_1,1279.062979,300,false,false,region_central_degraded,pool_rsu_central
77000000000,77,veh_2,rsu_north,rsu_0,851.732921,520,false,false,region_north_normal,pool_rsu_north
77000000000,77,veh_3,rsu_central,rsu_1,1420.917824,300,false,false,region_central_degraded,pool_rsu_central
77000000000,77,veh_3,rsu_north,rsu_0,709.721208,520,false,false,region_north_normal,pool_rsu_north
77000000000,77,veh_4,rsu_central,rsu_1,1558.081750,300,false,false,region_central_degraded,pool_rsu_central
77000000000,77,veh_4,rsu_north,rsu_0,572.437486,520,false,false,region_north_normal,pool_rsu_north
77000000000,77,veh_5,rsu_central,rsu_1,1700.151725,300,false,false,region_central_degraded,pool_rsu_central
77000000000,77,veh_5,rsu_north,rsu_0,430.272638,520,true,true,region_north_normal,pool_rsu_north
77000000000,77,veh_6,rsu_central,rsu_1,1842.419859,300,false,false,region_central_degraded,pool_rsu_central
77000000000,77,veh_6,rsu_north,rsu_0,287.944593,520,true,true,region_north_normal,pool_rsu_north
77000000000,77,veh_7,rsu_central,rsu_1,1984.180112,300,false,false,region_central_degraded,pool_rsu_central
77000000000,77,veh_7,rsu_north,rsu_0,146.126517,520,true,true,region_north_normal,pool_rsu_north
77000000000,77,veh_8,rsu_central,rsu_1,2121.405501,300,false,false,region_central_degraded,pool_rsu_central
77000000000,77,veh_8,rsu_north,rsu_0,10.513388,520,true,true,region_north_normal,pool_rsu_north
77000000000,77,veh_9,rsu_central,rsu_1,2265.844747,300,false,false,region_central_degraded,pool_rsu_central
77000000000,77,veh_9,rsu_north,rsu_0,135.989824,520,true,true,region_north_normal,pool_rsu_north
77000000000,77,veh_10,rsu_central,rsu_1,2405.327838,300,false,false,region_central_degraded,pool_rsu_central
77000000000,77,veh_10,rsu_north,rsu_0,275.451572,520,true,true,region_north_normal,pool_rsu_north
77000000000,77,veh_11,rsu_central,rsu_1,2552.796588,300,false,false,region_central_degraded,pool_rsu_central
77000000000,77,veh_11,rsu_north,rsu_0,422.939984,520,true,true,region_north_normal,pool_rsu_north
78000000000,78,veh_0,rsu_central,rsu_1,957.258323,300,false,false,region_central_degraded,pool_rsu_central
78000000000,78,veh_0,rsu_north,rsu_0,1174.147613,520,false,false,region_north_normal,pool_rsu_north
78000000000,78,veh_1,rsu_central,rsu_1,1102.864172,300,false,false,region_central_degraded,pool_rsu_central
78000000000,78,veh_1,rsu_north,rsu_0,1028.196080,520,false,false,region_north_normal,pool_rsu_north
78000000000,78,veh_2,rsu_central,rsu_1,1243.830547,300,false,false,region_central_degraded,pool_rsu_central
78000000000,78,veh_2,rsu_north,rsu_0,887.010489,520,false,false,region_north_normal,pool_rsu_north
78000000000,78,veh_3,rsu_central,rsu_1,1386.006676,300,false,false,region_central_degraded,pool_rsu_central
78000000000,78,veh_3,rsu_north,rsu_0,744.667584,520,false,false,region_north_normal,pool_rsu_north
78000000000,78,veh_4,rsu_central,rsu_1,1523.008436,300,false,false,region_central_degraded,pool_rsu_central
78000000000,78,veh_4,rsu_north,rsu_0,607.538748,520,false,false,region_north_normal,pool_rsu_north
78000000000,78,veh_5,rsu_central,rsu_1,1664.123633,300,false,false,region_central_degraded,pool_rsu_central
78000000000,78,veh_5,rsu_north,rsu_0,466.321936,520,true,true,region_north_normal,pool_rsu_north
78000000000,78,veh_6,rsu_central,rsu_1,1807.237388,300,false,false,region_central_degraded,pool_rsu_central
78000000000,78,veh_6,rsu_north,rsu_0,323.137567,520,true,true,region_north_normal,pool_rsu_north
78000000000,78,veh_7,rsu_central,rsu_1,1949.007264,300,false,false,region_central_degraded,pool_rsu_central
78000000000,78,veh_7,rsu_north,rsu_0,181.311736,520,true,true,region_north_normal,pool_rsu_north
78000000000,78,veh_8,rsu_central,rsu_1,2086.520530,300,false,false,region_central_degraded,pool_rsu_central
78000000000,78,veh_8,rsu_north,rsu_0,43.934820,520,true,true,region_north_normal,pool_rsu_north
78000000000,78,veh_9,rsu_central,rsu_1,2230.159611,300,false,false,region_central_degraded,pool_rsu_central
78000000000,78,veh_9,rsu_north,rsu_0,100.341606,520,true,true,region_north_normal,pool_rsu_north
78000000000,78,veh_10,rsu_central,rsu_1,2370.516524,300,false,false,region_central_degraded,pool_rsu_central
78000000000,78,veh_10,rsu_north,rsu_0,240.638254,520,true,true,region_north_normal,pool_rsu_north
78000000000,78,veh_11,rsu_central,rsu_1,2517.983749,300,false,false,region_central_degraded,pool_rsu_central
78000000000,78,veh_11,rsu_north,rsu_0,388.121823,520,true,true,region_north_normal,pool_rsu_north
79000000000,79,veh_0,rsu_central,rsu_1,922.218971,300,false,false,region_central_degraded,pool_rsu_central
79000000000,79,veh_0,rsu_north,rsu_0,1209.286547,520,false,false,region_north_normal,pool_rsu_north
79000000000,79,veh_1,rsu_central,rsu_1,1067.213764,300,false,false,region_central_degraded,pool_rsu_central
79000000000,79,veh_1,rsu_north,rsu_0,1063.922356,520,false,false,region_north_normal,pool_rsu_north
79000000000,79,veh_2,rsu_central,rsu_1,1208.430088,300,false,false,region_central_degraded,pool_rsu_central
79000000000,79,veh_2,rsu_north,rsu_0,922.459152,520,false,false,region_north_normal,pool_rsu_north
79000000000,79,veh_3,rsu_central,rsu_1,1350.994954,300,false,false,region_central_degraded,pool_rsu_central
79000000000,79,veh_3,rsu_north,rsu_0,779.716755,520,false,false,region_north_normal,pool_rsu_north
79000000000,79,veh_4,rsu_central,rsu_1,1488.055784,300,false,false,region_central_degraded,pool_rsu_central
79000000000,79,veh_4,rsu_north,rsu_0,642.521050,520,false,false,region_north_normal,pool_rsu_north
79000000000,79,veh_5,rsu_central,rsu_1,1629.271342,300,false,false,region_central_degraded,pool_rsu_central
79000000000,79,veh_5,rsu_north,rsu_0,501.196630,520,true,true,region_north_normal,pool_rsu_north
79000000000,79,veh_6,rsu_central,rsu_1,1771.870285,300,false,false,region_central_degraded,pool_rsu_central
79000000000,79,veh_6,rsu_north,rsu_0,358.518433,520,true,true,region_north_normal,pool_rsu_north
79000000000,79,veh_7,rsu_central,rsu_1,1913.937229,300,false,false,region_central_degraded,pool_rsu_central
79000000000,79,veh_7,rsu_north,rsu_0,216.401608,520,true,true,region_north_normal,pool_rsu_north
79000000000,79,veh_8,rsu_central,rsu_1,2051.681825,300,false,false,region_central_degraded,pool_rsu_central
79000000000,79,veh_8,rsu_north,rsu_0,78.653178,520,true,true,region_north_normal,pool_rsu_north
79000000000,79,veh_9,rsu_central,rsu_1,2194.661710,300,false,false,region_central_degraded,pool_rsu_central
79000000000,79,veh_9,rsu_north,rsu_0,64.935218,520,true,true,region_north_normal,pool_rsu_north
79000000000,79,veh_10,rsu_central,rsu_1,2334.727694,300,false,false,region_central_degraded,pool_rsu_central
79000000000,79,veh_10,rsu_north,rsu_0,204.850619,520,true,true,region_north_normal,pool_rsu_north
79000000000,79,veh_11,rsu_central,rsu_1,2483.149169,300,false,false,region_central_degraded,pool_rsu_central
79000000000,79,veh_11,rsu_north,rsu_0,353.282250,520,true,true,region_north_normal,pool_rsu_north
80000000000,80,veh_0,rsu_central,rsu_1,887.389152,300,false,false,region_central_degraded,pool_rsu_central
80000000000,80,veh_0,rsu_north,rsu_0,1244.206104,520,false,false,region_north_normal,pool_rsu_north
80000000000,80,veh_1,rsu_central,rsu_1,1031.421740,300,false,false,region_central_degraded,pool_rsu_central
80000000000,80,veh_1,rsu_north,rsu_0,1099.795858,520,false,false,region_north_normal,pool_rsu_north
80000000000,80,veh_2,rsu_central,rsu_1,1173.340106,300,false,false,region_central_degraded,pool_rsu_central
80000000000,80,veh_2,rsu_north,rsu_0,957.599969,520,false,false,region_north_normal,pool_rsu_north
80000000000,80,veh_3,rsu_central,rsu_1,1315.148647,300,false,false,region_central_degraded,pool_rsu_central
80000000000,80,veh_3,rsu_north,rsu_0,815.603744,520,false,false,region_north_normal,pool_rsu_north
80000000000,80,veh_4,rsu_central,rsu_1,1452.259181,300,false,false,region_central_degraded,pool_rsu_central
80000000000,80,veh_4,rsu_north,rsu_0,678.349934,520,false,false,region_north_normal,pool_rsu_north
80000000000,80,veh_5,rsu_central,rsu_1,1593.811014,300,false,false,region_central_degraded,pool_rsu_central
80000000000,80,veh_5,rsu_north,rsu_0,536.681579,520,false,false,region_north_normal,pool_rsu_north
80000000000,80,veh_6,rsu_central,rsu_1,1735.849122,300,false,false,region_central_degraded,pool_rsu_central
80000000000,80,veh_6,rsu_north,rsu_0,394.556328,520,true,true,region_north_normal,pool_rsu_north
80000000000,80,veh_7,rsu_central,rsu_1,1878.850865,300,false,false,region_central_degraded,pool_rsu_central
80000000000,80,veh_7,rsu_north,rsu_0,251.507039,520,true,true,region_north_normal,pool_rsu_north
80000000000,80,veh_8,rsu_central,rsu_1,2016.804954,300,false,false,region_central_degraded,pool_rsu_central
80000000000,80,veh_8,rsu_north,rsu_0,113.502042,520,true,true,region_north_normal,pool_rsu_north
80000000000,80,veh_9,rsu_central,rsu_1,2159.208497,300,false,false,region_central_degraded,pool_rsu_central
80000000000,80,veh_9,rsu_north,rsu_0,29.819467,520,true,true,region_north_normal,pool_rsu_north
80000000000,80,veh_10,rsu_central,rsu_1,2299.639761,300,false,false,region_central_degraded,pool_rsu_central
80000000000,80,veh_10,rsu_north,rsu_0,169.769268,520,true,true,region_north_normal,pool_rsu_north
80000000000,80,veh_11,rsu_central,rsu_1,2447.425769,300,false,false,region_central_degraded,pool_rsu_central
80000000000,80,veh_11,rsu_north,rsu_0,317.554259,520,true,true,region_north_normal,pool_rsu_north
81000000000,81,veh_0,rsu_central,rsu_1,852.070473,300,false,false,region_central_degraded,pool_rsu_central
81000000000,81,veh_0,rsu_north,rsu_0,1279.619085,520,false,false,region_north_normal,pool_rsu_north
81000000000,81,veh_1,rsu_central,rsu_1,995.437528,300,false,false,region_central_degraded,pool_rsu_central
81000000000,81,veh_1,rsu_north,rsu_0,1135.867927,520,false,false,region_north_normal,pool_rsu_north
81000000000,81,veh_2,rsu_central,rsu_1,1137.779936,300,false,false,region_central_degraded,pool_rsu_central
81000000000,81,veh_2,rsu_north,rsu_0,993.215029,520,false,false,region_north_normal,pool_rsu_north
81000000000,81,veh_3,rsu_central,rsu_1,1279.206156,300,false,false,region_central_degraded,pool_rsu_central
81000000000,81,veh_3,rsu_north,rsu_0,851.589566,520,false,false,region_north_normal,pool_rsu_north
81000000000,81,veh_4,rsu_central,rsu_1,1417.079217,300,false,false,region_central_degraded,pool_rsu_central
81000000000,81,veh_4,rsu_north,rsu_0,713.563589,520,false,false,region_north_normal,pool_rsu_north
81000000000,81,veh_5,rsu_central,rsu_1,1558.868728,300,false,false,region_central_degraded,pool_rsu_central
81000000000,81,veh_5,rsu_north,rsu_0,571.649902,520,false,false,region_north_normal,pool_rsu_north
81000000000,81,veh_6,rsu_central,rsu_1,1700.054974,300,false,false,region_central_degraded,pool_rsu_central
81000000000,81,veh_6,rsu_north,rsu_0,430.369444,520,true,true,region_north_normal,pool_rsu_north
81000000000,81,veh_7,rsu_central,rsu_1,1844.064683,300,false,false,region_central_degraded,pool_rsu_central
81000000000,81,veh_7,rsu_north,rsu_0,286.299369,520,true,true,region_north_normal,pool_rsu_north
81000000000,81,veh_8,rsu_central,rsu_1,1980.950802,300,false,false,region_central_degraded,pool_rsu_central
81000000000,81,veh_8,rsu_north,rsu_0,149.356532,520,true,true,region_north_normal,pool_rsu_north
81000000000,81,veh_9,rsu_central,rsu_1,2123.796811,300,false,false,region_central_degraded,pool_rsu_central
81000000000,81,veh_9,rsu_north,rsu_0,8.782735,520,true,true,region_north_normal,pool_rsu_north
81000000000,81,veh_10,rsu_central,rsu_1,2264.840190,300,false,false,region_central_degraded,pool_rsu_central
81000000000,81,veh_10,rsu_north,rsu_0,134.985942,520,true,true,region_north_normal,pool_rsu_north
81000000000,81,veh_11,rsu_central,rsu_1,2412.734748,300,false,false,region_central_degraded,pool_rsu_central
81000000000,81,veh_11,rsu_north,rsu_0,282.859188,520,true,true,region_north_normal,pool_rsu_north
82000000000,82,veh_0,rsu_central,rsu_1,817.032627,300,false,false,region_central_degraded,pool_rsu_central
82000000000,82,veh_0,rsu_north,rsu_0,1314.758783,520,false,false,region_north_normal,pool_rsu_north
82000000000,82,veh_1,rsu_central,rsu_1,960.714719,300,false,false,region_central_degraded,pool_rsu_central
82000000000,82,veh_1,rsu_north,rsu_0,1170.681790,520,false,false,region_north_normal,pool_rsu_north
82000000000,82,veh_2,rsu_central,rsu_1,1102.188828,300,false,false,region_central_degraded,pool_rsu_central
82000000000,82,veh_2,rsu_north,rsu_0,1028.872816,520,false,false,region_north_normal,pool_rsu_north
82000000000,82,veh_3,rsu_central,rsu_1,1244.145563,300,false,false,region_central_degraded,pool_rsu_central
82000000000,82,veh_3,rsu_north,rsu_0,886.695057,520,false,false,region_north_normal,pool_rsu_north
82000000000,82,veh_4,rsu_central,rsu_1,1382.192818,300,false,false,region_central_degraded,pool_rsu_central
82000000000,82,veh_4,rsu_north,rsu_0,748.485416,520,false,false,region_north_normal,pool_rsu_north
82000000000,82,veh_5,rsu_central,rsu_1,1523.983649,300,false,false,region_central_degraded,pool_rsu_central
82000000000,82,veh_5,rsu_north,rsu_0,606.562734,520,false,false,region_north_normal,pool_rsu_north
82000000000,82,veh_6,rsu_central,rsu_1,1664.723719,300,false,false,region_central_degraded,pool_rsu_central
82000000000,82,veh_6,rsu_north,rsu_0,465.721481,520,true,true,region_north_normal,pool_rsu_north
82000000000,82,veh_7,rsu_central,rsu_1,1808.499152,300,false,false,region_central_degraded,pool_rsu_central
82000000000,82,veh_7,rsu_north,rsu_0,321.875367,520,true,true,region_north_normal,pool_rsu_north
82000000000,82,veh_8,rsu_central,rsu_1,1945.388653,300,false,false,region_central_degraded,pool_rsu_central
82000000000,82,veh_8,rsu_north,rsu_0,184.932107,520,true,true,region_north_normal,pool_rsu_north
82000000000,82,veh_9,rsu_central,rsu_1,2087.863870,300,false,false,region_central_degraded,pool_rsu_central
82000000000,82,veh_9,rsu_north,rsu_0,42.601009,520,true,true,region_north_normal,pool_rsu_north
82000000000,82,veh_10,rsu_central,rsu_1,2229.567923,300,false,false,region_central_degraded,pool_rsu_central
82000000000,82,veh_10,rsu_north,rsu_0,99.750835,520,true,true,region_north_normal,pool_rsu_north
82000000000,82,veh_11,rsu_central,rsu_1,2376.916563,300,false,false,region_central_degraded,pool_rsu_central
82000000000,82,veh_11,rsu_north,rsu_0,247.038472,520,true,true,region_north_normal,pool_rsu_north
83000000000,83,veh_0,rsu_central,rsu_1,781.467125,300,false,false,region_central_degraded,pool_rsu_central
83000000000,83,veh_0,rsu_north,rsu_0,1350.419018,520,false,false,region_north_normal,pool_rsu_north
83000000000,83,veh_1,rsu_central,rsu_1,925.414537,300,false,false,region_central_degraded,pool_rsu_central
83000000000,83,veh_1,rsu_north,rsu_0,1206.081585,520,false,false,region_north_normal,pool_rsu_north
83000000000,83,veh_2,rsu_central,rsu_1,1066.572658,300,false,false,region_central_degraded,pool_rsu_central
83000000000,83,veh_2,rsu_north,rsu_0,1064.564874,520,false,false,region_north_normal,pool_rsu_north
83000000000,83,veh_3,rsu_central,rsu_1,1208.238970,300,false,false,region_central_degraded,pool_rsu_central
83000000000,83,veh_3,rsu_north,rsu_0,922.650538,520,false,false,region_north_normal,pool_rsu_north
83000000000,83,veh_4,rsu_central,rsu_1,1346.722513,300,false,false,region_central_degraded,pool_rsu_central
83000000000,83,veh_4,rsu_north,rsu_0,783.993918,520,false,false,region_north_normal,pool_rsu_north
83000000000,83,veh_5,rsu_central,rsu_1,1488.256539,300,false,false,region_central_degraded,pool_rsu_central
83000000000,83,veh_5,rsu_north,rsu_0,642.320119,520,false,false,region_north_normal,pool_rsu_north
83000000000,83,veh_6,rsu_central,rsu_1,1628.808030,300,false,false,region_central_degraded,pool_rsu_central
83000000000,83,veh_6,rsu_north,rsu_0,501.660251,520,true,true,region_north_normal,pool_rsu_north
83000000000,83,veh_7,rsu_central,rsu_1,1773.140383,300,false,false,region_central_degraded,pool_rsu_central
83000000000,83,veh_7,rsu_north,rsu_0,357.247792,520,true,true,region_north_normal,pool_rsu_north
83000000000,83,veh_8,rsu_central,rsu_1,1910.138100,300,false,false,region_central_degraded,pool_rsu_central
83000000000,83,veh_8,rsu_north,rsu_0,220.203211,520,true,true,region_north_normal,pool_rsu_north
83000000000,83,veh_9,rsu_central,rsu_1,2052.055992,300,false,false,region_central_degraded,pool_rsu_central
83000000000,83,veh_9,rsu_north,rsu_0,78.279595,520,true,true,region_north_normal,pool_rsu_north
83000000000,83,veh_10,rsu_central,rsu_1,2193.994650,300,false,false,region_central_degraded,pool_rsu_central
83000000000,83,veh_10,rsu_north,rsu_0,64.270882,520,true,true,region_north_normal,pool_rsu_north
83000000000,83,veh_11,rsu_central,rsu_1,2341.781894,300,false,false,region_central_degraded,pool_rsu_central
83000000000,83,veh_11,rsu_north,rsu_0,211.904236,520,true,true,region_north_normal,pool_rsu_north
84000000000,84,veh_0,rsu_central,rsu_1,746.262764,300,false,false,region_central_degraded,pool_rsu_central
84000000000,84,veh_0,rsu_north,rsu_0,1385.703122,520,false,false,region_north_normal,pool_rsu_north
84000000000,84,veh_1,rsu_central,rsu_1,890.330870,300,false,false,region_central_degraded,pool_rsu_central
84000000000,84,veh_1,rsu_north,rsu_0,1241.256880,520,false,false,region_north_normal,pool_rsu_north
84000000000,84,veh_2,rsu_central,rsu_1,1031.374377,300,false,false,region_central_degraded,pool_rsu_central
84000000000,84,veh_2,rsu_north,rsu_0,1099.843333,520,false,false,region_north_normal,pool_rsu_north
84000000000,84,veh_3,rsu_central,rsu_1,1172.540151,300,false,false,region_central_degraded,pool_rsu_central
84000000000,84,veh_3,rsu_north,rsu_0,958.401121,520,false,false,region_north_normal,pool_rsu_north
84000000000,84,veh_4,rsu_central,rsu_1,1311.874231,300,false,false,region_central_degraded,pool_rsu_central
84000000000,84,veh_4,rsu_north,rsu_0,818.882000,520,false,false,region_north_normal,pool_rsu_north
84000000000,84,veh_5,rsu_central,rsu_1,1453.129767,300,false,false,region_central_degraded,pool_rsu_central
84000000000,84,veh_5,rsu_north,rsu_0,677.478540,520,false,false,region_north_normal,pool_rsu_north
84000000000,84,veh_6,rsu_central,rsu_1,1594.034820,300,false,false,region_central_degraded,pool_rsu_central
84000000000,84,veh_6,rsu_north,rsu_0,536.457612,520,false,false,region_north_normal,pool_rsu_north
84000000000,84,veh_7,rsu_central,rsu_1,1737.320147,300,false,false,region_central_degraded,pool_rsu_central
84000000000,84,veh_7,rsu_north,rsu_0,393.084572,520,true,true,region_north_normal,pool_rsu_north
84000000000,84,veh_8,rsu_central,rsu_1,1874.364221,300,false,false,region_central_degraded,pool_rsu_central
84000000000,84,veh_8,rsu_north,rsu_0,255.994204,520,true,true,region_north_normal,pool_rsu_north
84000000000,84,veh_9,rsu_central,rsu_1,2016.726395,300,false,false,region_central_degraded,pool_rsu_central
84000000000,84,veh_9,rsu_north,rsu_0,113.580579,520,true,true,region_north_normal,pool_rsu_north
84000000000,84,veh_10,rsu_central,rsu_1,2158.020905,300,false,false,region_central_degraded,pool_rsu_central
84000000000,84,veh_10,rsu_north,rsu_0,28.658218,520,true,true,region_north_normal,pool_rsu_north
84000000000,84,veh_11,rsu_central,rsu_1,2306.844280,300,false,false,region_central_degraded,pool_rsu_central
84000000000,84,veh_11,rsu_north,rsu_0,176.971830,520,true,true,region_north_normal,pool_rsu_north
85000000000,85,veh_0,rsu_central,rsu_1,711.320719,300,false,false,region_central_degraded,pool_rsu_central
85000000000,85,veh_0,rsu_north,rsu_0,1420.717526,520,false,false,region_north_normal,pool_rsu_north
85000000000,85,veh_1,rsu_central,rsu_1,855.095453,300,false,false,region_central_degraded,pool_rsu_central
85000000000,85,veh_1,rsu_north,rsu_0,1276.585714,520,false,false,region_north_normal,pool_rsu_north
85000000000,85,veh_2,rsu_central,rsu_1,996.608622,300,false,false,region_central_degraded,pool_rsu_central
85000000000,85,veh_2,rsu_north,rsu_0,1134.693874,520,false,false,region_north_normal,pool_rsu_north
85000000000,85,veh_3,rsu_central,rsu_1,1136.516204,300,false,false,region_central_degraded,pool_rsu_central
85000000000,85,veh_3,rsu_north,rsu_0,994.480778,520,false,false,region_north_normal,pool_rsu_north
85000000000,85,veh_4,rsu_central,rsu_1,1276.749296,300,false,false,region_central_degraded,pool_rsu_central
85000000000,85,veh_4,rsu_north,rsu_0,854.049485,520,false,false,region_north_normal,pool_rsu_north
85000000000,85,veh_5,rsu_central,rsu_1,1417.896351,300,false,false,region_central_degraded,pool_rsu_central
85000000000,85,veh_5,rsu_north,rsu_0,712.745650,520,false,false,region_north_normal,pool_rsu_north
85000000000,85,veh_6,rsu_central,rsu_1,1558.101357,300,false,false,region_central_degraded,pool_rsu_central
85000000000,85,veh_6,rsu_north,rsu_0,572.417864,520,false,false,region_north_normal,pool_rsu_north
85000000000,85,veh_7,rsu_central,rsu_1,1702.102572,300,false,false,region_central_degraded,pool_rsu_central
85000000000,85,veh_7,rsu_north,rsu_0,428.320702,520,true,true,region_north_normal,pool_rsu_north
85000000000,85,veh_8,rsu_central,rsu_1,1838.360213,300,false,false,region_central_degraded,pool_rsu_central
85000000000,85,veh_8,rsu_north,rsu_0,292.005263,520,true,true,region_north_normal,pool_rsu_north
85000000000,85,veh_9,rsu_central,rsu_1,1981.664849,300,false,false,region_central_degraded,pool_rsu_central
85000000000,85,veh_9,rsu_north,rsu_0,148.642321,520,true,true,region_north_normal,pool_rsu_north
85000000000,85,veh_10,rsu_central,rsu_1,2123.208913,300,false,false,region_central_degraded,pool_rsu_central
85000000000,85,veh_10,rsu_north,rsu_0,9.180636,520,true,true,region_north_normal,pool_rsu_north
85000000000,85,veh_11,rsu_central,rsu_1,2271.193742,300,false,false,region_central_degraded,pool_rsu_central
85000000000,85,veh_11,rsu_north,rsu_0,141.335469,520,true,true,region_north_normal,pool_rsu_north
86000000000,86,veh_0,rsu_central,rsu_1,676.542099,300,false,false,region_central_degraded,pool_rsu_central
86000000000,86,veh_0,rsu_north,rsu_0,1455.564083,520,false,false,region_north_normal,pool_rsu_north
86000000000,86,veh_1,rsu_central,rsu_1,819.775506,300,false,false,region_central_degraded,pool_rsu_central
86000000000,86,veh_1,rsu_north,rsu_0,1312.007608,520,false,false,region_north_normal,pool_rsu_north
86000000000,86,veh_2,rsu_central,rsu_1,961.485575,300,false,false,region_central_degraded,pool_rsu_central
86000000000,86,veh_2,rsu_north,rsu_0,1169.908841,520,false,false,region_north_normal,pool_rsu_north
86000000000,86,veh_3,rsu_central,rsu_1,1100.565528,300,false,false,region_central_degraded,pool_rsu_central
86000000000,86,veh_3,rsu_north,rsu_0,1030.499467,520,false,false,region_north_normal,pool_rsu_north
86000000000,86,veh_4,rsu_central,rsu_1,1241.233458,300,false,false,region_central_degraded,pool_rsu_central
86000000000,86,veh_4,rsu_north,rsu_0,889.611014,520,false,false,region_north_normal,pool_rsu_north
86000000000,86,veh_5,rsu_central,rsu_1,1383.136474,300,false,false,region_central_degraded,pool_rsu_central
86000000000,86,veh_5,rsu_north,rsu_0,747.540774,520,false,false,region_north_normal,pool_rsu_north
86000000000,86,veh_6,rsu_central,rsu_1,1522.805799,300,false,false,region_central_degraded,pool_rsu_central
86000000000,86,veh_6,rsu_north,rsu_0,607.741552,520,false,false,region_north_normal,pool_rsu_north
86000000000,86,veh_7,rsu_central,rsu_1,1667.134091,300,false,false,region_central_degraded,pool_rsu_central
86000000000,86,veh_7,rsu_north,rsu_0,463.309629,520,true,true,region_north_normal,pool_rsu_north
86000000000,86,veh_8,rsu_central,rsu_1,1803.497612,300,false,false,region_central_degraded,pool_rsu_central
86000000000,86,veh_8,rsu_north,rsu_0,326.878659,520,true,true,region_north_normal,pool_rsu_north
86000000000,86,veh_9,rsu_central,rsu_1,1946.788359,300,false,false,region_central_degraded,pool_rsu_central
86000000000,86,veh_9,rsu_north,rsu_0,183.531712,520,true,true,region_north_normal,pool_rsu_north
86000000000,86,veh_10,rsu_central,rsu_1,2087.202211,300,false,false,region_central_degraded,pool_rsu_central
86000000000,86,veh_10,rsu_north,rsu_0,43.257892,520,true,true,region_north_normal,pool_rsu_north
86000000000,86,veh_11,rsu_central,rsu_1,2236.019180,300,false,false,region_central_degraded,pool_rsu_central
86000000000,86,veh_11,rsu_north,rsu_0,106.192788,520,true,true,region_north_normal,pool_rsu_north
87000000000,87,veh_0,rsu_central,rsu_1,644.399744,300,false,false,region_central_degraded,pool_rsu_central
87000000000,87,veh_0,rsu_north,rsu_0,1487.765074,520,false,false,region_north_normal,pool_rsu_north
87000000000,87,veh_1,rsu_central,rsu_1,784.073469,300,false,false,region_central_degraded,pool_rsu_central
87000000000,87,veh_1,rsu_north,rsu_0,1347.807099,520,false,false,region_north_normal,pool_rsu_north
87000000000,87,veh_2,rsu_central,rsu_1,925.960711,300,false,false,region_central_degraded,pool_rsu_central
87000000000,87,veh_2,rsu_north,rsu_0,1205.533811,520,false,false,region_north_normal,pool_rsu_north
87000000000,87,veh_3,rsu_central,rsu_1,1064.566489,300,false,false,region_central_degraded,pool_rsu_central
87000000000,87,veh_3,rsu_north,rsu_0,1066.575469,520,false,false,region_north_normal,pool_rsu_north
87000000000,87,veh_4,rsu_central,rsu_1,1205.502829,300,false,false,region_central_degraded,pool_rsu_central
87000000000,87,veh_4,rsu_north,rsu_0,925.390532,520,false,false,region_north_normal,pool_rsu_north
87000000000,87,veh_5,rsu_central,rsu_1,1348.244021,300,false,false,region_central_degraded,pool_rsu_central
87000000000,87,veh_5,rsu_north,rsu_0,782.470725,520,false,false,region_north_normal,pool_rsu_north
87000000000,87,veh_6,rsu_central,rsu_1,1487.249492,300,false,false,region_central_degraded,pool_rsu_central
87000000000,87,veh_6,rsu_north,rsu_0,643.328048,520,false,false,region_north_normal,pool_rsu_north
87000000000,87,veh_7,rsu_central,rsu_1,1631.617142,300,false,false,region_central_degraded,pool_rsu_central
87000000000,87,veh_7,rsu_north,rsu_0,498.849265,520,true,true,region_north_normal,pool_rsu_north
87000000000,87,veh_8,rsu_central,rsu_1,1767.798265,300,false,false,region_central_degraded,pool_rsu_central
87000000000,87,veh_8,rsu_north,rsu_0,362.592216,520,true,true,region_north_normal,pool_rsu_north
87000000000,87,veh_9,rsu_central,rsu_1,1911.688114,300,false,false,region_central_degraded,pool_rsu_central
87000000000,87,veh_9,rsu_north,rsu_0,218.652180,520,true,true,region_north_normal,pool_rsu_north
87000000000,87,veh_10,rsu_central,rsu_1,2051.156310,300,false,false,region_central_degraded,pool_rsu_central
87000000000,87,veh_10,rsu_north,rsu_0,79.177888,520,true,true,region_north_normal,pool_rsu_north
87000000000,87,veh_11,rsu_central,rsu_1,2201.017171,300,false,false,region_central_degraded,pool_rsu_central
87000000000,87,veh_11,rsu_north,rsu_0,71.266934,520,true,true,region_north_normal,pool_rsu_north
88000000000,88,veh_0,rsu_central,rsu_1,611.805320,300,false,false,region_central_degraded,pool_rsu_central
88000000000,88,veh_0,rsu_north,rsu_0,1520.375774,520,false,false,region_north_normal,pool_rsu_north
88000000000,88,veh_1,rsu_central,rsu_1,748.184182,300,false,false,region_central_degraded,pool_rsu_central
88000000000,88,veh_1,rsu_north,rsu_0,1383.777127,520,false,false,region_north_normal,pool_rsu_north
88000000000,88,veh_2,rsu_central,rsu_1,890.397423,300,false,false,region_central_degraded,pool_rsu_central
88000000000,88,veh_2,rsu_north,rsu_0,1241.190159,520,false,false,region_north_normal,pool_rsu_north
88000000000,88,veh_3,rsu_central,rsu_1,1028.573259,300,false,false,region_central_degraded,pool_rsu_central
88000000000,88,veh_3,rsu_north,rsu_0,1102.651069,520,false,false,region_north_normal,pool_rsu_north
88000000000,88,veh_4,rsu_central,rsu_1,1169.877624,300,false,false,region_central_degraded,pool_rsu_central
88000000000,88,veh_4,rsu_north,rsu_0,961.067642,520,false,false,region_north_normal,pool_rsu_north
88000000000,88,veh_5,rsu_central,rsu_1,1312.971207,300,false,false,region_central_degraded,pool_rsu_central
88000000000,88,veh_5,rsu_north,rsu_0,817.783736,520,false,false,region_north_normal,pool_rsu_north
88000000000,88,veh_6,rsu_central,rsu_1,1452.399555,300,false,false,region_central_degraded,pool_rsu_central
88000000000,88,veh_6,rsu_north,rsu_0,678.209430,520,false,false,region_north_normal,pool_rsu_north
88000000000,88,veh_7,rsu_central,rsu_1,1596.543678,300,false,false,region_central_degraded,pool_rsu_central
88000000000,88,veh_7,rsu_north,rsu_0,533.946953,520,false,false,region_north_normal,pool_rsu_north
88000000000,88,veh_8,rsu_central,rsu_1,1732.985929,300,false,false,region_central_degraded,pool_rsu_central
88000000000,88,veh_8,rsu_north,rsu_0,397.420956,520,true,true,region_north_normal,pool_rsu_north
88000000000,88,veh_9,rsu_central,rsu_1,1876.616605,300,false,false,region_central_degraded,pool_rsu_central
88000000000,88,veh_9,rsu_north,rsu_0,253.741547,520,true,true,region_north_normal,pool_rsu_north
88000000000,88,veh_10,rsu_central,rsu_1,2015.644590,300,false,false,region_central_degraded,pool_rsu_central
88000000000,88,veh_10,rsu_north,rsu_0,114.662094,520,true,true,region_north_normal,pool_rsu_north
88000000000,88,veh_11,rsu_central,rsu_1,2166.057727,300,false,false,region_central_degraded,pool_rsu_central
88000000000,88,veh_11,rsu_north,rsu_0,36.550420,520,true,true,region_north_normal,pool_rsu_north
89000000000,89,veh_0,rsu_central,rsu_1,578.612918,300,false,false,region_central_degraded,pool_rsu_central
89000000000,89,veh_0,rsu_north,rsu_0,1553.592132,520,false,false,region_north_normal,pool_rsu_north
89000000000,89,veh_1,rsu_central,rsu_1,712.993015,300,false,false,region_central_degraded,pool_rsu_central
89000000000,89,veh_1,rsu_north,rsu_0,1419.042183,520,false,false,region_north_normal,pool_rsu_north
89000000000,89,veh_2,rsu_central,rsu_1,854.790258,300,false,false,region_central_degraded,pool_rsu_central
89000000000,89,veh_2,rsu_north,rsu_0,1276.891753,520,false,false,region_north_normal,pool_rsu_north
89000000000,89,veh_3,rsu_central,rsu_1,993.838653,300,false,false,region_central_degraded,pool_rsu_central
89000000000,89,veh_3,rsu_north,rsu_0,1137.470855,520,false,false,region_north_normal,pool_rsu_north
89000000000,89,veh_4,rsu_central,rsu_1,1134.944920,300,false,false,region_central_degraded,pool_rsu_central
89000000000,89,veh_4,rsu_north,rsu_0,996.054575,520,false,false,region_north_normal,pool_rsu_north
89000000000,89,veh_5,rsu_central,rsu_1,1277.888137,300,false,false,region_central_degraded,pool_rsu_central
89000000000,89,veh_5,rsu_north,rsu_0,852.909225,520,false,false,region_north_normal,pool_rsu_north
89000000000,89,veh_6,rsu_central,rsu_1,1417.541781,300,false,false,region_central_degraded,pool_rsu_central
89000000000,89,veh_6,rsu_north,rsu_0,713.100569,520,false,false,region_north_normal,pool_rsu_north
89000000000,89,veh_7,rsu_central,rsu_1,1560.787403,300,false,false,region_central_degraded,pool_rsu_central
89000000000,89,veh_7,rsu_north,rsu_0,569.729752,520,false,false,region_north_normal,pool_rsu_north
89000000000,89,veh_8,rsu_central,rsu_1,1697.745328,300,false,false,region_central_degraded,pool_rsu_central
89000000000,89,veh_8,rsu_north,rsu_0,432.680387,520,true,true,region_north_normal,pool_rsu_north
89000000000,89,veh_9,rsu_central,rsu_1,1841.564761,300,false,false,region_central_degraded,pool_rsu_central
89000000000,89,veh_9,rsu_north,rsu_0,288.799902,520,true,true,region_north_normal,pool_rsu_north
89000000000,89,veh_10,rsu_central,rsu_1,1980.090338,300,false,false,region_central_degraded,pool_rsu_central
89000000000,89,veh_10,rsu_north,rsu_0,150.217201,520,true,true,region_north_normal,pool_rsu_north
89000000000,89,veh_11,rsu_central,rsu_1,2131.036946,300,false,false,region_central_degraded,pool_rsu_central
89000000000,89,veh_11,rsu_north,rsu_0,6.255742,520,true,true,region_north_normal,pool_rsu_north
90000000000,90,veh_0,rsu_central,rsu_1,545.428719,300,false,false,region_central_degraded,pool_rsu_central
90000000000,90,veh_0,rsu_north,rsu_0,1586.808717,520,false,false,region_north_normal,pool_rsu_north
90000000000,90,veh_1,rsu_central,rsu_1,677.827356,300,false,false,region_central_degraded,pool_rsu_central
90000000000,90,veh_1,rsu_north,rsu_0,1454.276153,520,false,false,region_north_normal,pool_rsu_north
90000000000,90,veh_2,rsu_central,rsu_1,819.405205,300,false,false,region_central_degraded,pool_rsu_central
90000000000,90,veh_2,rsu_north,rsu_0,1312.379026,520,false,false,region_north_normal,pool_rsu_north
90000000000,90,veh_3,rsu_central,rsu_1,958.098220,300,false,false,region_central_degraded,pool_rsu_central
90000000000,90,veh_3,rsu_north,rsu_0,1173.305419,520,false,false,region_north_normal,pool_rsu_north
90000000000,90,veh_4,rsu_central,rsu_1,1099.500970,300,false,false,region_central_degraded,pool_rsu_central
90000000000,90,veh_4,rsu_north,rsu_0,1031.566228,520,false,false,region_north_normal,pool_rsu_north
90000000000,90,veh_5,rsu_central,rsu_1,1242.107344,300,false,false,region_central_degraded,pool_rsu_central
90000000000,90,veh_5,rsu_north,rsu_0,888.735971,520,false,false,region_north_normal,pool_rsu_north
90000000000,90,veh_6,rsu_central,rsu_1,1381.922568,300,false,false,region_central_degraded,pool_rsu_central
90000000000,90,veh_6,rsu_north,rsu_0,748.755948,520,false,false,region_north_normal,pool_rsu_north
90000000000,90,veh_7,rsu_central,rsu_1,1524.901944,300,false,false,region_central_degraded,pool_rsu_central
90000000000,90,veh_7,rsu_north,rsu_0,605.643686,520,false,false,region_north_normal,pool_rsu_north
90000000000,90,veh_8,rsu_central,rsu_1,1662.431825,300,false,false,region_central_degraded,pool_rsu_central
90000000000,90,veh_8,rsu_north,rsu_0,468.014790,520,true,true,region_north_normal,pool_rsu_north
90000000000,90,veh_9,rsu_central,rsu_1,1805.909943,300,false,false,region_central_degraded,pool_rsu_central
90000000000,90,veh_9,rsu_north,rsu_0,324.465475,520,true,true,region_north_normal,pool_rsu_north
90000000000,90,veh_10,rsu_central,rsu_1,1944.664970,300,false,false,region_central_degraded,pool_rsu_central
90000000000,90,veh_10,rsu_north,rsu_0,185.656151,520,true,true,region_north_normal,pool_rsu_north
90000000000,90,veh_11,rsu_central,rsu_1,2095.279783,300,false,false,region_central_degraded,pool_rsu_central
90000000000,90,veh_11,rsu_north,rsu_0,35.252244,520,true,true,region_north_normal,pool_rsu_north
91000000000,91,veh_0,rsu_central,rsu_1,512.779469,300,false,false,region_central_degraded,pool_rsu_central
91000000000,91,veh_0,rsu_north,rsu_0,1619.455793,520,false,false,region_north_normal,pool_rsu_north
91000000000,91,veh_1,rsu_central,rsu_1,645.201586,300,false,false,region_central_degraded,pool_rsu_central
91000000000,91,veh_1,rsu_north,rsu_0,1486.962915,520,false,false,region_north_normal,pool_rsu_north
91000000000,91,veh_2,rsu_central,rsu_1,784.248112,300,false,false,region_central_degraded,pool_rsu_central
91000000000,91,veh_2,rsu_north,rsu_0,1347.632085,520,false,false,region_north_normal,pool_rsu_north
91000000000,91,veh_3,rsu_central,rsu_1,922.847496,300,false,false,region_central_degraded,pool_rsu_central
91000000000,91,veh_3,rsu_north,rsu_0,1208.656169,520,false,false,region_north_normal,pool_rsu_north
91000000000,91,veh_4,rsu_central,rsu_1,1063.495562,300,false,false,region_central_degraded,pool_rsu_central
91000000000,91,veh_4,rsu_north,rsu_0,1067.648766,520,false,false,region_north_normal,pool_rsu_north
91000000000,91,veh_5,rsu_central,rsu_1,1207.174045,300,false,false,region_central_degraded,pool_rsu_central
91000000000,91,veh_5,rsu_north,rsu_0,923.716961,520,false,false,region_north_normal,pool_rsu_north
91000000000,91,veh_6,rsu_central,rsu_1,1346.032750,300,false,false,region_central_degraded,pool_rsu_central
91000000000,91,veh_6,rsu_north,rsu_0,784.684447,520,false,false,region_north_normal,pool_rsu_north
91000000000,91,veh_7,rsu_central,rsu_1,1490.002785,300,false,false,region_central_degraded,pool_rsu_central
91000000000,91,veh_7,rsu_north,rsu_0,640.572349,520,false,false,region_north_normal,pool_rsu_north
91000000000,91,veh_8,rsu_central,rsu_1,1627.169613,300,false,false,region_central_degraded,pool_rsu_central
91000000000,91,veh_8,rsu_north,rsu_0,503.299767,520,true,true,region_north_normal,pool_rsu_north
91000000000,91,veh_9,rsu_central,rsu_1,1770.495930,300,false,false,region_central_degraded,pool_rsu_central
91000000000,91,veh_9,rsu_north,rsu_0,359.893379,520,true,true,region_north_normal,pool_rsu_north
91000000000,91,veh_10,rsu_central,rsu_1,1908.614907,300,false,false,region_central_degraded,pool_rsu_central
91000000000,91,veh_10,rsu_north,rsu_0,221.727411,520,true,true,region_north_normal,pool_rsu_north
91000000000,91,veh_11,rsu_central,rsu_1,2060.155684,300,false,false,region_central_degraded,pool_rsu_central
91000000000,91,veh_11,rsu_north,rsu_0,70.194918,520,true,true,region_north_normal,pool_rsu_north
92000000000,92,veh_0,rsu_central,rsu_1,480.141610,300,false,false,region_central_degraded,pool_rsu_central
92000000000,92,veh_0,rsu_north,rsu_0,1652.071313,520,false,false,region_north_normal,pool_rsu_north
92000000000,92,veh_1,rsu_central,rsu_1,613.038663,300,false,false,region_central_degraded,pool_rsu_central
92000000000,92,veh_1,rsu_north,rsu_0,1519.141689,520,false,false,region_north_normal,pool_rsu_north
92000000000,92,veh_2,rsu_central,rsu_1,748.888177,300,false,false,region_central_degraded,pool_rsu_central
92000000000,92,veh_2,rsu_north,rsu_0,1383.071462,520,false,false,region_north_normal,pool_rsu_north
92000000000,92,veh_3,rsu_central,rsu_1,887.259875,300,false,false,region_central_degraded,pool_rsu_central
92000000000,92,veh_3,rsu_north,rsu_0,1244.335713,520,false,false,region_north_normal,pool_rsu_north
92000000000,92,veh_4,rsu_central,rsu_1,1028.029054,300,false,false,region_central_degraded,pool_rsu_central
92000000000,92,veh_4,rsu_north,rsu_0,1103.196564,520,false,false,region_north_normal,pool_rsu_north
92000000000,92,veh_5,rsu_central,rsu_1,1172.373769,300,false,false,region_central_degraded,pool_rsu_central
92000000000,92,veh_5,rsu_north,rsu_0,958.567752,520,false,false,region_north_normal,pool_rsu_north
92000000000,92,veh_6,rsu_central,rsu_1,1310.379257,300,false,false,region_central_degraded,pool_rsu_central
92000000000,92,veh_6,rsu_north,rsu_0,820.378734,520,false,false,region_north_normal,pool_rsu_north
92000000000,92,veh_7,rsu_central,rsu_1,1454.010679,300,false,false,region_central_degraded,pool_rsu_central
92000000000,92,veh_7,rsu_north,rsu_0,676.596811,520,false,false,region_north_normal,pool_rsu_north
92000000000,92,veh_8,rsu_central,rsu_1,1591.684077,300,false,false,region_central_degraded,pool_rsu_central
92000000000,92,veh_8,rsu_north,rsu_0,538.810051,520,false,false,region_north_normal,pool_rsu_north
92000000000,92,veh_9,rsu_central,rsu_1,1734.881514,300,false,false,region_central_degraded,pool_rsu_central
92000000000,92,veh_9,rsu_north,rsu_0,395.524420,520,true,true,region_north_normal,pool_rsu_north
92000000000,92,veh_10,rsu_central,rsu_1,1873.555260,300,false,false,region_central_degraded,pool_rsu_central
92000000000,92,veh_10,rsu_north,rsu_0,256.803267,520,true,true,region_north_normal,pool_rsu_north
92000000000,92,veh_11,rsu_central,rsu_1,2024.178729,300,false,false,region_central_degraded,pool_rsu_central
92000000000,92,veh_11,rsu_north,rsu_0,106.130949,520,true,true,region_north_normal,pool_rsu_north
93000000000,93,veh_0,rsu_central,rsu_1,447.527282,300,false,false,region_central_degraded,pool_rsu_central
93000000000,93,veh_0,rsu_north,rsu_0,1684.648682,520,false,false,region_north_normal,pool_rsu_north
93000000000,93,veh_1,rsu_central,rsu_1,580.450219,300,false,false,region_central_degraded,pool_rsu_central
93000000000,93,veh_1,rsu_north,rsu_0,1551.753294,520,false,false,region_north_normal,pool_rsu_north
93000000000,93,veh_2,rsu_central,rsu_1,713.361868,300,false,false,region_central_degraded,pool_rsu_central
93000000000,93,veh_2,rsu_north,rsu_0,1418.672660,520,false,false,region_north_normal,pool_rsu_north
93000000000,93,veh_3,rsu_central,rsu_1,852.466036,300,false,false,region_central_degraded,pool_rsu_central
93000000000,93,veh_3,rsu_north,rsu_0,1279.222422,520,false,false,region_north_normal,pool_rsu_north
93000000000,93,veh_4,rsu_central,rsu_1,992.438829,300,false,false,region_central_degraded,pool_rsu_central
93000000000,93,veh_4,rsu_north,rsu_0,1138.874237,520,false,false,region_north_normal,pool_rsu_north
93000000000,93,veh_5,rsu_central,rsu_1,1136.678403,300,false,false,region_central_degraded,pool_rsu_central
93000000000,93,veh_5,rsu_north,rsu_0,994.318320,520,false,false,region_north_normal,pool_rsu_north
93000000000,93,veh_6,rsu_central,rsu_1,1274.406930,300,false,false,region_central_degraded,pool_rsu_central
93000000000,93,veh_6,rsu_north,rsu_0,856.394780,520,false,false,region_north_normal,pool_rsu_north
93000000000,93,veh_7,rsu_central,rsu_1,1419.004576,300,false,false,region_central_degraded,pool_rsu_central
93000000000,93,veh_7,rsu_north,rsu_0,711.636334,520,false,false,region_north_normal,pool_rsu_north
93000000000,93,veh_8,rsu_central,rsu_1,1556.840242,300,false,false,region_central_degraded,pool_rsu_central
93000000000,93,veh_8,rsu_north,rsu_0,573.679953,520,false,false,region_north_normal,pool_rsu_north
93000000000,93,veh_9,rsu_central,rsu_1,1700.024806,300,false,false,region_central_degraded,pool_rsu_central
93000000000,93,veh_9,rsu_north,rsu_0,430.399628,520,true,true,region_north_normal,pool_rsu_north
93000000000,93,veh_10,rsu_central,rsu_1,1838.296175,300,false,false,region_central_degraded,pool_rsu_central
93000000000,93,veh_10,rsu_north,rsu_0,292.069318,520,true,true,region_north_normal,pool_rsu_north
93000000000,93,veh_11,rsu_central,rsu_1,1989.247699,300,false,false,region_central_degraded,pool_rsu_central
93000000000,93,veh_11,rsu_north,rsu_0,141.058046,520,true,true,region_north_normal,pool_rsu_north
94000000000,94,veh_0,rsu_central,rsu_1,414.682689,300,false,false,region_central_degraded,pool_rsu_central
94000000000,94,veh_0,rsu_north,rsu_0,1717.451168,520,false,false,region_north_normal,pool_rsu_north
94000000000,94,veh_1,rsu_central,rsu_1,547.215228,300,false,false,region_central_degraded,pool_rsu_central
94000000000,94,veh_1,rsu_north,rsu_0,1585.020229,520,false,false,region_north_normal,pool_rsu_north
94000000000,94,veh_2,rsu_central,rsu_1,678.472634,300,false,false,region_central_degraded,pool_rsu_central
94000000000,94,veh_2,rsu_north,rsu_0,1453.629538,520,false,false,region_north_normal,pool_rsu_north
94000000000,94,veh_3,rsu_central,rsu_1,817.469280,300,false,false,region_central_degraded,pool_rsu_central
94000000000,94,veh_3,rsu_north,rsu_0,1314.320806,520,false,false,region_north_normal,pool_rsu_north
94000000000,94,veh_4,rsu_central,rsu_1,956.741539,300,false,false,region_central_degraded,pool_rsu_central
94000000000,94,veh_4,rsu_north,rsu_0,1174.665813,520,false,false,region_north_normal,pool_rsu_north
94000000000,94,veh_5,rsu_central,rsu_1,1101.135448,300,false,false,region_central_degraded,pool_rsu_central
94000000000,94,veh_5,rsu_north,rsu_0,1029.928370,520,false,false,region_north_normal,pool_rsu_north
94000000000,94,veh_6,rsu_central,rsu_1,1238.788477,300,false,false,region_central_degraded,pool_rsu_central
94000000000,94,veh_6,rsu_north,rsu_0,892.059245,520,false,false,region_north_normal,pool_rsu_north
94000000000,94,veh_7,rsu_central,rsu_1,1383.458729,300,false,false,region_central_degraded,pool_rsu_central
94000000000,94,veh_7,rsu_north,rsu_0,747.218183,520,false,false,region_north_normal,pool_rsu_north
94000000000,94,veh_8,rsu_central,rsu_1,1521.878425,300,false,false,region_central_degraded,pool_rsu_central
94000000000,94,veh_8,rsu_north,rsu_0,608.669690,520,false,false,region_north_normal,pool_rsu_north
94000000000,94,veh_9,rsu_central,rsu_1,1665.019326,300,false,false,region_central_degraded,pool_rsu_central
94000000000,94,veh_9,rsu_north,rsu_0,465.425692,520,true,true,region_north_normal,pool_rsu_north
94000000000,94,veh_10,rsu_central,rsu_1,1802.586384,300,false,false,region_central_degraded,pool_rsu_central
94000000000,94,veh_10,rsu_north,rsu_0,327.790213,520,true,true,region_north_normal,pool_rsu_north
94000000000,94,veh_11,rsu_central,rsu_1,1953.545531,300,false,false,region_central_degraded,pool_rsu_central
94000000000,94,veh_11,rsu_north,rsu_0,176.771371,520,true,true,region_north_normal,pool_rsu_north
95000000000,95,veh_0,rsu_central,rsu_1,382.146588,300,false,false,region_central_degraded,pool_rsu_central
95000000000,95,veh_0,rsu_north,rsu_0,1749.954426,520,false,false,region_north_normal,pool_rsu_north
95000000000,95,veh_1,rsu_central,rsu_1,514.675951,300,false,false,region_central_degraded,pool_rsu_central
95000000000,95,veh_1,rsu_north,rsu_0,1617.560842,520,false,false,region_north_normal,pool_rsu_north
95000000000,95,veh_2,rsu_central,rsu_1,645.481426,300,false,false,region_central_degraded,pool_rsu_central
95000000000,95,veh_2,rsu_north,rsu_0,1486.682966,520,false,false,region_north_normal,pool_rsu_north
95000000000,95,veh_3,rsu_central,rsu_1,782.192195,300,false,false,region_central_degraded,pool_rsu_central
95000000000,95,veh_3,rsu_north,rsu_0,1349.692393,520,false,false,region_north_normal,pool_rsu_north
95000000000,95,veh_4,rsu_central,rsu_1,921.876827,300,false,false,region_central_degraded,pool_rsu_central
95000000000,95,veh_4,rsu_north,rsu_0,1209.629701,520,false,false,region_north_normal,pool_rsu_north
95000000000,95,veh_5,rsu_central,rsu_1,1066.046323,300,false,false,region_central_degraded,pool_rsu_central
95000000000,95,veh_5,rsu_north,rsu_0,1065.092368,520,false,false,region_north_normal,pool_rsu_north
95000000000,95,veh_6,rsu_central,rsu_1,1202.814868,300,false,false,region_central_degraded,pool_rsu_central
95000000000,95,veh_6,rsu_north,rsu_0,928.082296,520,false,false,region_north_normal,pool_rsu_north
95000000000,95,veh_7,rsu_central,rsu_1,1347.723883,300,false,false,region_central_degraded,pool_rsu_central
95000000000,95,veh_7,rsu_north,rsu_0,782.991439,520,false,false,region_north_normal,pool_rsu_north
95000000000,95,veh_8,rsu_central,rsu_1,1486.134329,300,false,false,region_central_degraded,pool_rsu_central
95000000000,95,veh_8,rsu_north,rsu_0,644.444188,520,false,false,region_north_normal,pool_rsu_north
95000000000,95,veh_9,rsu_central,rsu_1,1629.041154,300,false,false,region_central_degraded,pool_rsu_central
95000000000,95,veh_9,rsu_north,rsu_0,501.426971,520,true,true,region_north_normal,pool_rsu_north
95000000000,95,veh_10,rsu_central,rsu_1,1767.049262,300,false,false,region_central_degraded,pool_rsu_central
95000000000,95,veh_10,rsu_north,rsu_0,363.341547,520,true,true,region_north_normal,pool_rsu_north
95000000000,95,veh_11,rsu_central,rsu_1,1918.004320,300,false,false,region_central_degraded,pool_rsu_central
95000000000,95,veh_11,rsu_north,rsu_0,212.331931,520,true,true,region_north_normal,pool_rsu_north
96000000000,96,veh_0,rsu_central,rsu_1,349.435080,300,false,false,region_central_degraded,pool_rsu_central
96000000000,96,veh_0,rsu_north,rsu_0,1782.647914,520,false,false,region_north_normal,pool_rsu_north
96000000000,96,veh_1,rsu_central,rsu_1,481.978713,300,false,false,region_central_degraded,pool_rsu_central
96000000000,96,veh_1,rsu_north,rsu_0,1650.235259,520,false,false,region_north_normal,pool_rsu_north
96000000000,96,veh_2,rsu_central,rsu_1,612.949693,300,false,false,region_central_degraded,pool_rsu_central
96000000000,96,veh_2,rsu_north,rsu_0,1519.230713,520,false,false,region_north_normal,pool_rsu_north
96000000000,96,veh_3,rsu_central,rsu_1,746.587881,300,false,false,region_central_degraded,pool_rsu_central
96000000000,96,veh_3,rsu_north,rsu_0,1385.377228,520,false,false,region_north_normal,pool_rsu_north
96000000000,96,veh_4,rsu_central,rsu_1,886.586129,300,false,false,region_central_degraded,pool_rsu_central
96000000000,96,veh_4,rsu_north,rsu_0,1245.011186,520,false,false,region_north_normal,pool_rsu_north
96000000000,96,veh_5,rsu_central,rsu_1,1030.308288,300,false,false,region_central_degraded,pool_rsu_central
96000000000,96,veh_5,rsu_north,rsu_0,1100.911936,520,false,false,region_north_normal,pool_rsu_north
96000000000,96,veh_6,rsu_central,rsu_1,1167.488999,300,false,false,region_central_degraded,pool_rsu_central
96000000000,96,veh_6,rsu_north,rsu_0,963.459867,520,false,false,region_north_normal,pool_rsu_north
96000000000,96,veh_7,rsu_central,rsu_1,1312.478466,300,false,false,region_central_degraded,pool_rsu_central
96000000000,96,veh_7,rsu_north,rsu_0,818.277055,520,false,false,region_north_normal,pool_rsu_north
96000000000,96,veh_8,rsu_central,rsu_1,1451.053010,300,false,false,region_central_degraded,pool_rsu_central
96000000000,96,veh_8,rsu_north,rsu_0,679.557228,520,false,false,region_north_normal,pool_rsu_north
96000000000,96,veh_9,rsu_central,rsu_1,1593.399521,300,false,false,region_central_degraded,pool_rsu_central
96000000000,96,veh_9,rsu_north,rsu_0,537.093369,520,false,false,region_north_normal,pool_rsu_north
96000000000,96,veh_10,rsu_central,rsu_1,1731.497788,300,false,false,region_central_degraded,pool_rsu_central
96000000000,96,veh_10,rsu_north,rsu_0,398.909849,520,true,true,region_north_normal,pool_rsu_north
96000000000,96,veh_11,rsu_central,rsu_1,1883.017201,300,false,false,region_central_degraded,pool_rsu_central
96000000000,96,veh_11,rsu_north,rsu_0,247.340300,520,true,true,region_north_normal,pool_rsu_north
97000000000,97,veh_0,rsu_central,rsu_1,316.848615,300,false,false,region_central_degraded,pool_rsu_central
97000000000,97,veh_0,rsu_north,rsu_0,1815.239420,520,false,false,region_north_normal,pool_rsu_north
97000000000,97,veh_1,rsu_central,rsu_1,448.980498,300,false,false,region_central_degraded,pool_rsu_central
97000000000,97,veh_1,rsu_north,rsu_0,1683.197518,520,false,false,region_north_normal,pool_rsu_north
97000000000,97,veh_2,rsu_central,rsu_1,580.089740,300,false,false,region_central_degraded,pool_rsu_central
97000000000,97,veh_2,rsu_north,rsu_0,1552.114073,520,false,false,region_north_normal,pool_rsu_north
97000000000,97,veh_3,rsu_central,rsu_1,711.204118,300,false,false,region_central_degraded,pool_rsu_central
97000000000,97,veh_3,rsu_north,rsu_0,1420.834340,520,false,false,region_north_normal,pool_rsu_north
97000000000,97,veh_4,rsu_central,rsu_1,851.144405,300,false,false,region_central_degraded,pool_rsu_central
97000000000,97,veh_4,rsu_north,rsu_0,1280.547735,520,false,false,region_north_normal,pool_rsu_north
97000000000,97,veh_5,rsu_central,rsu_1,995.392840,300,false,false,region_central_degraded,pool_rsu_central
97000000000,97,veh_5,rsu_north,rsu_0,1135.912728,520,false,false,region_north_normal,pool_rsu_north
97000000000,97,veh_6,rsu_central,rsu_1,1131.518040,300,false,false,region_central_degraded,pool_rsu_central
97000000000,97,veh_6,rsu_north,rsu_0,999.486964,520,false,false,region_north_normal,pool_rsu_north
97000000000,97,veh_7,rsu_central,rsu_1,1277.593923,300,false,false,region_central_degraded,pool_rsu_central
97000000000,97,veh_7,rsu_north,rsu_0,853.203805,520,false,false,region_north_normal,pool_rsu_north
97000000000,97,veh_8,rsu_central,rsu_1,1415.372646,300,false,false,region_central_degraded,pool_rsu_central
97000000000,97,veh_8,rsu_north,rsu_0,715.271845,520,false,false,region_north_normal,pool_rsu_north
97000000000,97,veh_9,rsu_central,rsu_1,1557.854482,300,false,false,region_central_degraded,pool_rsu_central
97000000000,97,veh_9,rsu_north,rsu_0,572.664930,520,false,false,region_north_normal,pool_rsu_north
97000000000,97,veh_10,rsu_central,rsu_1,1695.759311,300,false,false,region_central_degraded,pool_rsu_central
97000000000,97,veh_10,rsu_north,rsu_0,434.667528,520,true,true,region_north_normal,pool_rsu_north
97000000000,97,veh_11,rsu_central,rsu_1,1847.593502,300,false,false,region_central_degraded,pool_rsu_central
97000000000,97,veh_11,rsu_north,rsu_0,282.769722,520,true,true,region_north_normal,pool_rsu_north
98000000000,98,veh_0,rsu_central,rsu_1,284.039429,300,true,true,region_central_degraded,pool_rsu_central
98000000000,98,veh_0,rsu_north,rsu_0,1847.316393,520,false,false,region_north_normal,pool_rsu_north
98000000000,98,veh_1,rsu_central,rsu_1,416.831870,300,false,false,region_central_degraded,pool_rsu_central
98000000000,98,veh_1,rsu_north,rsu_0,1715.304481,520,false,false,region_north_normal,pool_rsu_north
98000000000,98,veh_2,rsu_central,rsu_1,548.131022,300,false,false,region_central_degraded,pool_rsu_central
98000000000,98,veh_2,rsu_north,rsu_0,1584.103432,520,false,false,region_north_normal,pool_rsu_north
98000000000,98,veh_3,rsu_central,rsu_1,675.496472,300,false,false,region_central_degraded,pool_rsu_central
98000000000,98,veh_3,rsu_north,rsu_0,1456.611893,520,false,false,region_north_normal,pool_rsu_north
98000000000,98,veh_4,rsu_central,rsu_1,815.772067,300,false,false,region_central_degraded,pool_rsu_central
98000000000,98,veh_4,rsu_north,rsu_0,1316.023175,520,false,false,region_north_normal,pool_rsu_north
98000000000,98,veh_5,rsu_central,rsu_1,959.559362,300,false,false,region_central_degraded,pool_rsu_central
98000000000,98,veh_5,rsu_north,rsu_0,1171.840290,520,false,false,region_north_normal,pool_rsu_north
98000000000,98,veh_6,rsu_central,rsu_1,1095.673654,300,false,false,region_central_degraded,pool_rsu_central
98000000000,98,veh_6,rsu_north,rsu_0,1035.401501,520,false,false,region_north_normal,pool_rsu_north
98000000000,98,veh_7,rsu_central,rsu_1,1242.652071,300,false,false,region_central_degraded,pool_rsu_central
98000000000,98,veh_7,rsu_north,rsu_0,888.190522,520,false,false,region_north_normal,pool_rsu_north
98000000000,98,veh_8,rsu_central,rsu_1,1380.232828,300,false,false,region_central_degraded,pool_rsu_central
98000000000,98,veh_8,rsu_north,rsu_0,750.447458,520,false,false,region_north_normal,pool_rsu_north
98000000000,98,veh_9,rsu_central,rsu_1,1522.566498,300,false,false,region_central_degraded,pool_rsu_central
98000000000,98,veh_9,rsu_north,rsu_0,607.981049,520,false,false,region_north_normal,pool_rsu_north
98000000000,98,veh_10,rsu_central,rsu_1,1660.809333,300,false,false,region_central_degraded,pool_rsu_central
98000000000,98,veh_10,rsu_north,rsu_0,469.638288,520,true,true,region_north_normal,pool_rsu_north
98000000000,98,veh_11,rsu_central,rsu_1,1811.863667,300,false,false,region_central_degraded,pool_rsu_central
98000000000,98,veh_11,rsu_north,rsu_0,318.509710,520,true,true,region_north_normal,pool_rsu_north
99000000000,99,veh_0,rsu_central,rsu_1,251.055142,300,true,true,region_central_degraded,pool_rsu_central
99000000000,99,veh_0,rsu_north,rsu_0,1880.424757,520,false,false,region_north_normal,pool_rsu_north
99000000000,99,veh_1,rsu_central,rsu_1,384.726998,300,false,false,region_central_degraded,pool_rsu_central
99000000000,99,veh_1,rsu_north,rsu_0,1747.376267,520,false,false,region_north_normal,pool_rsu_north
99000000000,99,veh_2,rsu_central,rsu_1,515.394000,300,false,false,region_central_degraded,pool_rsu_central
99000000000,99,veh_2,rsu_north,rsu_0,1616.843379,520,false,false,region_north_normal,pool_rsu_north
99000000000,99,veh_3,rsu_central,rsu_1,642.806905,300,false,false,region_central_degraded,pool_rsu_central
99000000000,99,veh_3,rsu_north,rsu_0,1489.358553,520,false,false,region_north_normal,pool_rsu_north
99000000000,99,veh_4,rsu_central,rsu_1,780.358734,300,false,false,region_central_degraded,pool_rsu_central
99000000000,99,veh_4,rsu_north,rsu_0,1351.529792,520,false,false,region_north_normal,pool_rsu_north
99000000000,99,veh_5,rsu_central,rsu_1,924.409700,300,false,false,region_central_degraded,pool_rsu_central
99000000000,99,veh_5,rsu_north,rsu_0,1207.089370,520,false,false,region_north_normal,pool_rsu_north
99000000000,99,veh_6,rsu_central,rsu_1,1060.654702,300,false,false,region_central_degraded,pool_rsu_central
99000000000,99,veh_6,rsu_north,rsu_0,1070.495936,520,false,false,region_north_normal,pool_rsu_north
99000000000,99,veh_7,rsu_central,rsu_1,1206.819840,300,false,false,region_central_degraded,pool_rsu_central
99000000000,99,veh_7,rsu_north,rsu_0,924.071664,520,false,false,region_north_normal,pool_rsu_north
99000000000,99,veh_8,rsu_central,rsu_1,1344.214335,300,false,false,region_central_degraded,pool_rsu_central
99000000000,99,veh_8,rsu_north,rsu_0,786.504884,520,false,false,region_north_normal,pool_rsu_north
99000000000,99,veh_9,rsu_central,rsu_1,1487.696473,300,false,false,region_central_degraded,pool_rsu_central
99000000000,99,veh_9,rsu_north,rsu_0,642.880675,520,false,false,region_north_normal,pool_rsu_north
99000000000,99,veh_10,rsu_central,rsu_1,1624.756229,300,false,false,region_central_degraded,pool_rsu_central
99000000000,99,veh_10,rsu_north,rsu_0,505.714776,520,true,true,region_north_normal,pool_rsu_north
99000000000,99,veh_11,rsu_central,rsu_1,1776.739316,300,false,false,region_central_degraded,pool_rsu_central
99000000000,99,veh_11,rsu_north,rsu_0,353.647340,520,true,true,region_north_normal,pool_rsu_north
100000000000,100,veh_0,rsu_central,rsu_1,218.448790,300,true,true,region_central_degraded,pool_rsu_central
100000000000,100,veh_0,rsu_north,rsu_0,1913.261159,520,false,false,region_north_normal,pool_rsu_north
100000000000,100,veh_1,rsu_central,rsu_1,351.957287,300,false,false,region_central_degraded,pool_rsu_central
100000000000,100,veh_1,rsu_north,rsu_0,1780.125927,520,false,false,region_north_normal,pool_rsu_north
100000000000,100,veh_2,rsu_central,rsu_1,482.313056,300,false,false,region_central_degraded,pool_rsu_central
100000000000,100,veh_2,rsu_north,rsu_0,1649.901109,520,false,false,region_north_normal,pool_rsu_north
100000000000,100,veh_3,rsu_central,rsu_1,610.432979,300,false,false,region_central_degraded,pool_rsu_central
100000000000,100,veh_3,rsu_north,rsu_0,1521.748952,520,false,false,region_north_normal,pool_rsu_north
100000000000,100,veh_4,rsu_central,rsu_1,744.375848,300,false,false,region_central_degraded,pool_rsu_central
100000000000,100,veh_4,rsu_north,rsu_0,1387.594557,520,false,false,region_north_normal,pool_rsu_north
100000000000,100,veh_5,rsu_central,rsu_1,889.563721,300,false,false,region_central_degraded,pool_rsu_central
100000000000,100,veh_5,rsu_north,rsu_0,1242.025982,520,false,false,region_north_normal,pool_rsu_north
100000000000,100,veh_6,rsu_central,rsu_1,1025.096190,300,false,false,region_central_degraded,pool_rsu_central
100000000000,100,veh_6,rsu_north,rsu_0,1106.136403,520,false,false,region_north_normal,pool_rsu_north
100000000000,100,veh_7,rsu_central,rsu_1,1171.767851,300,false,false,region_central_degraded,pool_rsu_central
100000000000,100,veh_7,rsu_north,rsu_0,959.174577,520,false,false,region_north_normal,pool_rsu_north
100000000000,100,veh_8,rsu_central,rsu_1,1308.438603,300,false,false,region_central_degraded,pool_rsu_central
100000000000,100,veh_8,rsu_north,rsu_0,822.321680,520,false,false,region_north_normal,pool_rsu_north
100000000000,100,veh_9,rsu_central,rsu_1,1451.878969,300,false,false,region_central_degraded,pool_rsu_central
100000000000,100,veh_9,rsu_north,rsu_0,678.730500,520,false,false,region_north_normal,pool_rsu_north
100000000000,100,veh_10,rsu_central,rsu_1,1588.785791,300,false,false,region_central_degraded,pool_rsu_central
100000000000,100,veh_10,rsu_north,rsu_0,541.710439,520,false,false,region_north_normal,pool_rsu_north
100000000000,100,veh_11,rsu_central,rsu_1,1740.793513,300,false,false,region_central_degraded,pool_rsu_central
100000000000,100,veh_11,rsu_north,rsu_0,389.609494,520,true,true,region_north_normal,pool_rsu_north
101000000000,101,veh_0,rsu_central,rsu_1,186.490930,300,true,true,region_central_degraded,pool_rsu_central
101000000000,101,veh_0,rsu_north,rsu_0,1945.547875,520,false,false,region_north_normal,pool_rsu_north
101000000000,101,veh_1,rsu_central,rsu_1,319.322492,300,false,false,region_central_degraded,pool_rsu_central
101000000000,101,veh_1,rsu_north,rsu_0,1812.764604,520,false,false,region_north_normal,pool_rsu_north
101000000000,101,veh_2,rsu_central,rsu_1,449.727656,300,false,false,region_central_degraded,pool_rsu_central
101000000000,101,veh_2,rsu_north,rsu_0,1682.451422,520,false,false,region_north_normal,pool_rsu_north
101000000000,101,veh_3,rsu_central,rsu_1,578.151197,300,false,false,region_central_degraded,pool_rsu_central
101000000000,101,veh_3,rsu_north,rsu_0,1554.054243,520,false,false,region_north_normal,pool_rsu_north
101000000000,101,veh_4,rsu_central,rsu_1,709.319081,300,false,false,region_central_degraded,pool_rsu_central
101000000000,101,veh_4,rsu_north,rsu_0,1422.722837,520,false,false,region_north_normal,pool_rsu_north
101000000000,101,veh_5,rsu_central,rsu_1,854.768072,300,false,false,region_central_degraded,pool_rsu_central
101000000000,101,veh_5,rsu_north,rsu_0,1276.914001,520,false,false,region_north_normal,pool_rsu_north
101000000000,101,veh_6,rsu_central,rsu_1,990.116678,300,false,false,region_central_degraded,pool_rsu_central
101000000000,101,veh_6,rsu_north,rsu_0,1141.202313,520,false,false,region_north_normal,pool_rsu_north
101000000000,101,veh_7,rsu_central,rsu_1,1137.002311,300,false,false,region_central_degraded,pool_rsu_central
101000000000,101,veh_7,rsu_north,rsu_0,993.993894,520,false,false,region_north_normal,pool_rsu_north
101000000000,101,veh_8,rsu_central,rsu_1,1272.979640,300,false,false,region_central_degraded,pool_rsu_central
101000000000,101,veh_8,rsu_north,rsu_0,857.823861,520,false,false,region_north_normal,pool_rsu_north
101000000000,101,veh_9,rsu_central,rsu_1,1416.505934,300,false,false,region_central_degraded,pool_rsu_central
101000000000,101,veh_9,rsu_north,rsu_0,714.137437,520,false,false,region_north_normal,pool_rsu_north
101000000000,101,veh_10,rsu_central,rsu_1,1552.781494,300,false,false,region_central_degraded,pool_rsu_central
101000000000,101,veh_10,rsu_north,rsu_0,577.741852,520,false,false,region_north_normal,pool_rsu_north
101000000000,101,veh_11,rsu_central,rsu_1,1705.090704,300,false,false,region_central_degraded,pool_rsu_central
101000000000,101,veh_11,rsu_north,rsu_0,425.330914,520,true,true,region_north_normal,pool_rsu_north
102000000000,102,veh_0,rsu_central,rsu_1,153.719801,300,true,true,region_central_degraded,pool_rsu_central
102000000000,102,veh_0,rsu_north,rsu_0,1978.801624,520,false,false,region_north_normal,pool_rsu_north
102000000000,102,veh_1,rsu_central,rsu_1,287.977097,300,true,true,region_central_degraded,pool_rsu_central
102000000000,102,veh_1,rsu_north,rsu_0,1843.438857,520,false,false,region_north_normal,pool_rsu_north
102000000000,102,veh_2,rsu_central,rsu_1,417.451814,300,false,false,region_central_degraded,pool_rsu_central
102000000000,102,veh_2,rsu_north,rsu_0,1714.685263,520,false,false,region_north_normal,pool_rsu_north
102000000000,102,veh_3,rsu_central,rsu_1,545.861884,300,false,false,region_central_degraded,pool_rsu_central
102000000000,102,veh_3,rsu_north,rsu_0,1586.375070,520,false,false,region_north_normal,pool_rsu_north
102000000000,102,veh_4,rsu_central,rsu_1,673.681192,300,false,false,region_central_degraded,pool_rsu_central
102000000000,102,veh_4,rsu_north,rsu_0,1458.430985,520,false,false,region_north_normal,pool_rsu_north
102000000000,102,veh_5,rsu_central,rsu_1,819.012381,300,false,false,region_central_degraded,pool_rsu_central
102000000000,102,veh_5,rsu_north,rsu_0,1312.773035,520,false,false,region_north_normal,pool_rsu_north
102000000000,102,veh_6,rsu_central,rsu_1,954.961663,300,false,false,region_central_degraded,pool_rsu_central
102000000000,102,veh_6,rsu_north,rsu_0,1176.450575,520,false,false,region_north_normal,pool_rsu_north
102000000000,102,veh_7,rsu_central,rsu_1,1101.361008,300,false,false,region_central_degraded,pool_rsu_central
102000000000,102,veh_7,rsu_north,rsu_0,1029.702343,520,false,false,region_north_normal,pool_rsu_north
102000000000,102,veh_8,rsu_central,rsu_1,1237.700914,300,false,false,region_central_degraded,pool_rsu_central
102000000000,102,veh_8,rsu_north,rsu_0,893.148258,520,false,false,region_north_normal,pool_rsu_north
102000000000,102,veh_9,rsu_central,rsu_1,1381.366109,300,false,false,region_central_degraded,pool_rsu_central
102000000000,102,veh_9,rsu_north,rsu_0,749.312989,520,false,false,region_north_normal,pool_rsu_north
102000000000,102,veh_10,rsu_central,rsu_1,1517.667134,300,false,false,region_central_degraded,pool_rsu_central
102000000000,102,veh_10,rsu_north,rsu_0,612.884463,520,false,false,region_north_normal,pool_rsu_north
102000000000,102,veh_11,rsu_central,rsu_1,1670.239531,300,false,false,region_central_degraded,pool_rsu_central
102000000000,102,veh_11,rsu_north,rsu_0,460.202296,520,true,true,region_north_normal,pool_rsu_north
103000000000,103,veh_0,rsu_central,rsu_1,121.391993,300,true,true,region_central_degraded,pool_rsu_central
103000000000,103,veh_0,rsu_north,rsu_0,2011.870157,520,false,false,region_north_normal,pool_rsu_north
103000000000,103,veh_1,rsu_central,rsu_1,254.965284,300,true,true,region_central_degraded,pool_rsu_central
103000000000,103,veh_1,rsu_north,rsu_0,1876.498062,520,false,false,region_north_normal,pool_rsu_north
103000000000,103,veh_2,rsu_central,rsu_1,384.469085,300,false,false,region_central_degraded,pool_rsu_central
103000000000,103,veh_2,rsu_north,rsu_0,1747.633951,520,false,false,region_north_normal,pool_rsu_north
103000000000,103,veh_3,rsu_central,rsu_1,513.282212,300,false,false,region_central_degraded,pool_rsu_central
103000000000,103,veh_3,rsu_north,rsu_0,1618.953454,520,false,false,region_north_normal,pool_rsu_north
103000000000,103,veh_4,rsu_central,rsu_1,640.959623,300,false,false,region_central_degraded,pool_rsu_central
103000000000,103,veh_4,rsu_north,rsu_0,1491.206598,520,false,false,region_north_normal,pool_rsu_north
103000000000,103,veh_5,rsu_central,rsu_1,784.140336,300,false,false,region_central_degraded,pool_rsu_central
103000000000,103,veh_5,rsu_north,rsu_0,1347.740090,520,false,false,region_north_normal,pool_rsu_north
103000000000,103,veh_6,rsu_central,rsu_1,919.097325,300,false,false,region_central_degraded,pool_rsu_central
103000000000,103,veh_6,rsu_north,rsu_0,1212.417435,520,false,false,region_north_normal,pool_rsu_north
103000000000,103,veh_7,rsu_central,rsu_1,1065.631273,300,false,false,region_central_degraded,pool_rsu_central
103000000000,103,veh_7,rsu_north,rsu_0,1065.508334,520,false,false,region_north_normal,pool_rsu_north
103000000000,103,veh_8,rsu_central,rsu_1,1202.354072,300,false,false,region_central_degraded,pool_rsu_central
103000000000,103,veh_8,rsu_north,rsu_0,928.543745,520,false,false,region_north_normal,pool_rsu_north
103000000000,103,veh_9,rsu_central,rsu_1,1345.481790,300,false,false,region_central_degraded,pool_rsu_central
103000000000,103,veh_9,rsu_north,rsu_0,785.236019,520,false,false,region_north_normal,pool_rsu_north
103000000000,103,veh_10,rsu_central,rsu_1,1482.858478,300,false,false,region_central_degraded,pool_rsu_central
103000000000,103,veh_10,rsu_north,rsu_0,647.722921,520,false,false,region_north_normal,pool_rsu_north
103000000000,103,veh_11,rsu_central,rsu_1,1634.455052,300,false,false,region_central_degraded,pool_rsu_central
103000000000,103,veh_11,rsu_north,rsu_0,496.009473,520,true,true,region_north_normal,pool_rsu_north
104000000000,104,veh_0,rsu_central,rsu_1,90.355531,300,true,true,region_central_degraded,pool_rsu_central
104000000000,104,veh_0,rsu_north,rsu_0,2044.148437,520,false,false,region_north_normal,pool_rsu_north
104000000000,104,veh_1,rsu_central,rsu_1,222.217249,300,true,true,region_central_degraded,pool_rsu_central
104000000000,104,veh_1,rsu_north,rsu_0,1909.460249,520,false,false,region_north_normal,pool_rsu_north
104000000000,104,veh_2,rsu_central,rsu_1,351.697328,300,false,false,region_central_degraded,pool_rsu_central
104000000000,104,veh_2,rsu_north,rsu_0,1780.385859,520,false,false,region_north_normal,pool_rsu_north
104000000000,104,veh_3,rsu_central,rsu_1,481.261036,300,false,false,region_central_degraded,pool_rsu_central
104000000000,104,veh_3,rsu_north,rsu_0,1650.952523,520,false,false,region_north_normal,pool_rsu_north
104000000000,104,veh_4,rsu_central,rsu_1,608.706973,300,false,false,region_central_degraded,pool_rsu_central
104000000000,104,veh_4,rsu_north,rsu_0,1523.476028,520,false,false,region_north_normal,pool_rsu_north
104000000000,104,veh_5,rsu_central,rsu_1,748.392364,300,false,false,region_central_degraded,pool_rsu_central
104000000000,104,veh_5,rsu_north,rsu_0,1383.568452,520,false,false,region_north_normal,pool_rsu_north
104000000000,104,veh_6,rsu_central,rsu_1,883.478550,300,false,false,region_central_degraded,pool_rsu_central
104000000000,104,veh_6,rsu_north,rsu_0,1248.126766,520,false,false,region_north_normal,pool_rsu_north
104000000000,104,veh_7,rsu_central,rsu_1,1030.085569,300,false,false,region_central_degraded,pool_rsu_central
104000000000,104,veh_7,rsu_north,rsu_0,1101.135181,520,false,false,region_north_normal,pool_rsu_north
104000000000,104,veh_8,rsu_central,rsu_1,1167.132084,300,false,false,region_central_degraded,pool_rsu_central
104000000000,104,veh_8,rsu_north,rsu_0,963.817321,520,false,false,region_north_normal,pool_rsu_north
104000000000,104,veh_9,rsu_central,rsu_1,1310.269320,300,false,false,region_central_degraded,pool_rsu_central
104000000000,104,veh_9,rsu_north,rsu_0,820.488800,520,false,false,region_north_normal,pool_rsu_north
104000000000,104,veh_10,rsu_central,rsu_1,1447.698701,300,false,false,region_central_degraded,pool_rsu_central
104000000000,104,veh_10,rsu_north,rsu_0,682.914670,520,false,false,region_north_normal,pool_rsu_north
104000000000,104,veh_11,rsu_central,rsu_1,1598.689728,300,false,false,region_central_degraded,pool_rsu_central
104000000000,104,veh_11,rsu_north,rsu_0,531.799370,520,false,false,region_north_normal,pool_rsu_north
105000000000,105,veh_0,rsu_central,rsu_1,60.027147,300,true,true,region_central_degraded,pool_rsu_central
105000000000,105,veh_0,rsu_north,rsu_0,2077.112888,520,false,false,region_north_normal,pool_rsu_north
105000000000,105,veh_1,rsu_central,rsu_1,189.223149,300,true,true,region_central_degraded,pool_rsu_central
105000000000,105,veh_1,rsu_north,rsu_0,1942.783119,520,false,false,region_north_normal,pool_rsu_north
105000000000,105,veh_2,rsu_central,rsu_1,318.826336,300,false,false,region_central_degraded,pool_rsu_central
105000000000,105,veh_2,rsu_north,rsu_0,1813.260940,520,false,false,region_north_normal,pool_rsu_north
105000000000,105,veh_3,rsu_central,rsu_1,449.039653,300,false,false,region_central_degraded,pool_rsu_central
105000000000,105,veh_3,rsu_north,rsu_0,1683.138448,520,false,false,region_north_normal,pool_rsu_north
105000000000,105,veh_4,rsu_central,rsu_1,576.536719,300,false,false,region_central_degraded,pool_rsu_central
105000000000,105,veh_4,rsu_north,rsu_0,1555.670098,520,false,false,region_north_normal,pool_rsu_north
105000000000,105,veh_5,rsu_central,rsu_1,712.498558,300,false,false,region_central_degraded,pool_rsu_central
105000000000,105,veh_5,rsu_north,rsu_0,1419.537539,520,false,false,region_north_normal,pool_rsu_north
105000000000,105,veh_6,rsu_central,rsu_1,848.197486,300,false,false,region_central_degraded,pool_rsu_central
105000000000,105,veh_6,rsu_north,rsu_0,1283.502906,520,false,false,region_north_normal,pool_rsu_north
105000000000,105,veh_7,rsu_central,rsu_1,994.519322,300,false,false,region_central_degraded,pool_rsu_central
105000000000,105,veh_7,rsu_north,rsu_0,1136.788459,520,false,false,region_north_normal,pool_rsu_north
105000000000,105,veh_8,rsu_central,rsu_1,1131.221586,300,false,false,region_central_degraded,pool_rsu_central
105000000000,105,veh_8,rsu_north,rsu_0,999.783896,520,false,false,region_north_normal,pool_rsu_north
105000000000,105,veh_9,rsu_central,rsu_1,1275.126666,300,false,false,region_central_degraded,pool_rsu_central
105000000000,105,veh_9,rsu_north,rsu_0,855.674143,520,false,false,region_north_normal,pool_rsu_north
105000000000,105,veh_10,rsu_central,rsu_1,1411.982057,300,false,false,region_central_degraded,pool_rsu_central
105000000000,105,veh_10,rsu_north,rsu_0,718.665797,520,false,false,region_north_normal,pool_rsu_north
105000000000,105,veh_11,rsu_central,rsu_1,1563.158725,300,false,false,region_central_degraded,pool_rsu_central
105000000000,105,veh_11,rsu_north,rsu_0,567.356613,520,false,false,region_north_normal,pool_rsu_north
106000000000,106,veh_0,rsu_central,rsu_1,34.985526,300,true,true,region_central_degraded,pool_rsu_central
106000000000,106,veh_0,rsu_north,rsu_0,2109.869641,520,false,false,region_north_normal,pool_rsu_north
106000000000,106,veh_1,rsu_central,rsu_1,156.474644,300,true,true,region_central_degraded,pool_rsu_central
106000000000,106,veh_1,rsu_north,rsu_0,1975.998227,520,false,false,region_north_normal,pool_rsu_north
106000000000,106,veh_2,rsu_central,rsu_1,286.412437,300,true,true,region_central_degraded,pool_rsu_central
106000000000,106,veh_2,rsu_north,rsu_0,1844.946361,520,false,false,region_north_normal,pool_rsu_north
106000000000,106,veh_3,rsu_central,rsu_1,416.968924,300,false,false,region_central_degraded,pool_rsu_central
106000000000,106,veh_3,rsu_north,rsu_0,1715.167587,520,false,false,region_north_normal,pool_rsu_north
106000000000,106,veh_4,rsu_central,rsu_1,543.413502,300,false,false,region_central_degraded,pool_rsu_central
106000000000,106,veh_4,rsu_north,rsu_0,1588.826198,520,false,false,region_north_normal,pool_rsu_north
106000000000,106,veh_5,rsu_central,rsu_1,677.279169,300,false,false,region_central_degraded,pool_rsu_central
106000000000,106,veh_5,rsu_north,rsu_0,1454.825478,520,false,false,region_north_normal,pool_rsu_north
106000000000,106,veh_6,rsu_central,rsu_1,813.004193,300,false,false,region_central_degraded,pool_rsu_central
106000000000,106,veh_6,rsu_north,rsu_0,1318.799505,520,false,false,region_north_normal,pool_rsu_north
106000000000,106,veh_7,rsu_central,rsu_1,958.968599,300,false,false,region_central_degraded,pool_rsu_central
106000000000,106,veh_7,rsu_north,rsu_0,1172.432664,520,false,false,region_north_normal,pool_rsu_north
106000000000,106,veh_8,rsu_central,rsu_1,1095.967221,300,false,false,region_central_degraded,pool_rsu_central
106000000000,106,veh_8,rsu_north,rsu_0,1035.107321,520,false,false,region_north_normal,pool_rsu_north
106000000000,106,veh_9,rsu_central,rsu_1,1240.338678,300,false,false,region_central_degraded,pool_rsu_central
106000000000,106,veh_9,rsu_north,rsu_0,890.506982,520,false,false,region_north_normal,pool_rsu_north
106000000000,106,veh_10,rsu_central,rsu_1,1377.112014,300,false,false,region_central_degraded,pool_rsu_central
106000000000,106,veh_10,rsu_north,rsu_0,753.571553,520,false,false,region_north_normal,pool_rsu_north
106000000000,106,veh_11,rsu_central,rsu_1,1527.905932,300,false,false,region_central_degraded,pool_rsu_central
106000000000,106,veh_11,rsu_north,rsu_0,602.637242,520,false,false,region_north_normal,pool_rsu_north
107000000000,107,veh_0,rsu_central,rsu_1,31.440858,300,true,true,region_central_degraded,pool_rsu_central
107000000000,107,veh_0,rsu_north,rsu_0,2142.538779,520,false,false,region_north_normal,pool_rsu_north
107000000000,107,veh_1,rsu_central,rsu_1,125.032029,300,true,true,region_central_degraded,pool_rsu_central
107000000000,107,veh_1,rsu_north,rsu_0,2008.126817,520,false,false,region_north_normal,pool_rsu_north
107000000000,107,veh_2,rsu_central,rsu_1,253.550054,300,true,true,region_central_degraded,pool_rsu_central
107000000000,107,veh_2,rsu_north,rsu_0,1877.919219,520,false,false,region_north_normal,pool_rsu_north
107000000000,107,veh_3,rsu_central,rsu_1,383.966072,300,false,false,region_central_degraded,pool_rsu_central
107000000000,107,veh_3,rsu_north,rsu_0,1748.136522,520,false,false,region_north_normal,pool_rsu_north
107000000000,107,veh_4,rsu_central,rsu_1,511.052578,300,false,false,region_central_degraded,pool_rsu_central
107000000000,107,veh_4,rsu_north,rsu_0,1621.181312,520,false,false,region_north_normal,pool_rsu_north
107000000000,107,veh_5,rsu_central,rsu_1,644.265184,300,false,false,region_central_degraded,pool_rsu_central
107000000000,107,veh_5,rsu_north,rsu_0,1487.899687,520,false,false,region_north_normal,pool_rsu_north
107000000000,107,veh_6,rsu_central,rsu_1,777.059480,300,false,false,region_central_degraded,pool_rsu_central
107000000000,107,veh_6,rsu_north,rsu_0,1354.836188,520,false,false,region_north_normal,pool_rsu_north
107000000000,107,veh_7,rsu_central,rsu_1,923.423223,300,false,false,region_central_degraded,pool_rsu_central
107000000000,107,veh_7,rsu_north,rsu_0,1208.078746,520,false,false,region_north_normal,pool_rsu_north
107000000000,107,veh_8,rsu_central,rsu_1,1060.688773,300,false,false,region_central_degraded,pool_rsu_central
107000000000,107,veh_8,rsu_north,rsu_0,1070.461789,520,false,false,region_north_normal,pool_rsu_north
107000000000,107,veh_9,rsu_central,rsu_1,1205.308902,300,false,false,region_central_degraded,pool_rsu_central
107000000000,107,veh_9,rsu_north,rsu_0,925.584732,520,false,false,region_north_normal,pool_rsu_north
107000000000,107,veh_10,rsu_central,rsu_1,1341.369751,300,false,false,region_central_degraded,pool_rsu_central
107000000000,107,veh_10,rsu_north,rsu_0,789.352644,520,false,false,region_north_normal,pool_rsu_north
107000000000,107,veh_11,rsu_central,rsu_1,1492.226003,300,false,false,region_central_degraded,pool_rsu_central
107000000000,107,veh_11,rsu_north,rsu_0,638.347197,520,false,false,region_north_normal,pool_rsu_north
108000000000,108,veh_0,rsu_central,rsu_1,53.850195,300,true,true,region_central_degraded,pool_rsu_central
108000000000,108,veh_0,rsu_north,rsu_0,2175.341986,520,false,false,region_north_normal,pool_rsu_north
108000000000,108,veh_1,rsu_central,rsu_1,93.227202,300,true,true,region_central_degraded,pool_rsu_central
108000000000,108,veh_1,rsu_north,rsu_0,2041.124627,520,false,false,region_north_normal,pool_rsu_north
108000000000,108,veh_2,rsu_central,rsu_1,220.721980,300,true,true,region_central_degraded,pool_rsu_central
108000000000,108,veh_2,rsu_north,rsu_0,1910.968260,520,false,false,region_north_normal,pool_rsu_north
108000000000,108,veh_3,rsu_central,rsu_1,351.925721,300,false,false,region_central_degraded,pool_rsu_central
108000000000,108,veh_3,rsu_north,rsu_0,1780.157489,520,false,false,region_north_normal,pool_rsu_north
108000000000,108,veh_4,rsu_central,rsu_1,478.597126,300,false,false,region_central_degraded,pool_rsu_central
108000000000,108,veh_4,rsu_north,rsu_0,1653.614935,520,false,false,region_north_normal,pool_rsu_north
108000000000,108,veh_5,rsu_central,rsu_1,611.563989,300,false,false,region_central_degraded,pool_rsu_central
108000000000,108,veh_5,rsu_north,rsu_0,1520.617251,520,false,false,region_north_normal,pool_rsu_north
108000000000,108,veh_6,rsu_central,rsu_1,741.281855,300,false,false,region_central_degraded,pool_rsu_central
108000000000,108,veh_6,rsu_north,rsu_0,1390.696018,520,false,false,region_north_normal,pool_rsu_north
108000000000,108,veh_7,rsu_central,rsu_1,887.878575,300,false,false,region_central_degraded,pool_rsu_central
108000000000,108,veh_7,rsu_north,rsu_0,1243.715429,520,false,false,region_north_normal,pool_rsu_north
108000000000,108,veh_8,rsu_central,rsu_1,1025.136926,300,false,false,region_central_degraded,pool_rsu_central
108000000000,108,veh_8,rsu_north,rsu_0,1106.095570,520,false,false,region_north_normal,pool_rsu_north
108000000000,108,veh_9,rsu_central,rsu_1,1169.733964,300,false,false,region_central_degraded,pool_rsu_central
108000000000,108,veh_9,rsu_north,rsu_0,961.211518,520,false,false,region_north_normal,pool_rsu_north
108000000000,108,veh_10,rsu_central,rsu_1,1306.612526,300,false,false,region_central_degraded,pool_rsu_central
108000000000,108,veh_10,rsu_north,rsu_0,824.149920,520,false,false,region_north_normal,pool_rsu_north
108000000000,108,veh_11,rsu_central,rsu_1,1457.218578,300,false,false,region_central_degraded,pool_rsu_central
108000000000,108,veh_11,rsu_north,rsu_0,673.385947,520,false,false,region_north_normal,pool_rsu_north
109000000000,109,veh_0,rsu_central,rsu_1,83.354654,300,true,true,region_central_degraded,pool_rsu_central
109000000000,109,veh_0,rsu_north,rsu_0,2207.998224,520,false,false,region_north_normal,pool_rsu_north
109000000000,109,veh_1,rsu_central,rsu_1,62.525516,300,true,true,region_central_degraded,pool_rsu_central
109000000000,109,veh_1,rsu_north,rsu_0,2074.283666,520,false,false,region_north_normal,pool_rsu_north
109000000000,109,veh_2,rsu_central,rsu_1,188.513848,300,true,true,region_central_degraded,pool_rsu_central
109000000000,109,veh_2,rsu_north,rsu_0,1943.500774,520,false,false,region_north_normal,pool_rsu_north
109000000000,109,veh_3,rsu_central,rsu_1,319.359619,300,false,false,region_central_degraded,pool_rsu_central
109000000000,109,veh_3,rsu_north,rsu_0,1812.727463,520,false,false,region_north_normal,pool_rsu_north
109000000000,109,veh_4,rsu_central,rsu_1,446.456604,300,false,false,region_central_degraded,pool_rsu_central
109000000000,109,veh_4,rsu_north,rsu_0,1685.717858,520,false,false,region_north_normal,pool_rsu_north
109000000000,109,veh_5,rsu_central,rsu_1,579.314510,300,false,false,region_central_degraded,pool_rsu_central
109000000000,109,veh_5,rsu_north,rsu_0,1552.889950,520,false,false,region_north_normal,pool_rsu_north
109000000000,109,veh_6,rsu_central,rsu_1,705.748996,300,false,false,region_central_degraded,pool_rsu_central
109000000000,109,veh_6,rsu_north,rsu_0,1426.299542,520,false,false,region_north_normal,pool_rsu_north
109000000000,109,veh_7,rsu_central,rsu_1,853.079714,300,false,false,region_central_degraded,pool_rsu_central
109000000000,109,veh_7,rsu_north,rsu_0,1278.607038,520,false,false,region_north_normal,pool_rsu_north
109000000000,109,veh_8,rsu_central,rsu_1,989.729964,300,false,false,region_central_degraded,pool_rsu_central
109000000000,109,veh_8,rsu_north,rsu_0,1141.590017,520,false,false,region_north_normal,pool_rsu_north
109000000000,109,veh_9,rsu_central,rsu_1,1134.887410,300,false,false,region_central_degraded,pool_rsu_central
109000000000,109,veh_9,rsu_north,rsu_0,996.112178,520,false,false,region_north_normal,pool_rsu_north
109000000000,109,veh_10,rsu_central,rsu_1,1271.184704,300,false,false,region_central_degraded,pool_rsu_central
109000000000,109,veh_10,rsu_north,rsu_0,859.621054,520,false,false,region_north_normal,pool_rsu_north
109000000000,109,veh_11,rsu_central,rsu_1,1421.271909,300,false,false,region_central_degraded,pool_rsu_central
109000000000,109,veh_11,rsu_north,rsu_0,709.366776,520,false,false,region_north_normal,pool_rsu_north
110000000000,110,veh_0,rsu_central,rsu_1,114.349389,300,true,true,region_central_degraded,pool_rsu_central
110000000000,110,veh_0,rsu_north,rsu_0,2240.337753,520,false,false,region_north_normal,pool_rsu_north
110000000000,110,veh_1,rsu_central,rsu_1,36.516268,300,true,true,region_central_degraded,pool_rsu_central
110000000000,110,veh_1,rsu_north,rsu_0,2107.291613,520,false,false,region_north_normal,pool_rsu_north
110000000000,110,veh_2,rsu_central,rsu_1,156.617740,300,true,true,region_central_degraded,pool_rsu_central
110000000000,110,veh_2,rsu_north,rsu_0,1975.852658,520,false,false,region_north_normal,pool_rsu_north
110000000000,110,veh_3,rsu_central,rsu_1,287.586716,300,true,true,region_central_degraded,pool_rsu_central
110000000000,110,veh_3,rsu_north,rsu_0,1843.814900,520,false,false,region_north_normal,pool_rsu_north
110000000000,110,veh_4,rsu_central,rsu_1,413.849986,300,false,false,region_central_degraded,pool_rsu_central
110000000000,110,veh_4,rsu_north,rsu_0,1718.282915,520,false,false,region_north_normal,pool_rsu_north
110000000000,110,veh_5,rsu_central,rsu_1,547.170701,300,false,false,region_central_degraded,pool_rsu_central
110000000000,110,veh_5,rsu_north,rsu_0,1585.064805,520,false,false,region_north_normal,pool_rsu_north
110000000000,110,veh_6,rsu_central,rsu_1,670.452050,300,false,false,region_central_degraded,pool_rsu_central
110000000000,110,veh_6,rsu_north,rsu_0,1461.666973,520,false,false,region_north_normal,pool_rsu_north
110000000000,110,veh_7,rsu_central,rsu_1,817.213837,300,false,false,region_central_degraded,pool_rsu_central
110000000000,110,veh_7,rsu_north,rsu_0,1314.577024,520,false,false,region_north_normal,pool_rsu_north
110000000000,110,veh_8,rsu_central,rsu_1,954.275394,300,false,false,region_central_degraded,pool_rsu_central
110000000000,110,veh_8,rsu_north,rsu_0,1177.138733,520,false,false,region_north_normal,pool_rsu_north
110000000000,110,veh_9,rsu_central,rsu_1,1099.167123,300,false,false,region_central_degraded,pool_rsu_central
110000000000,110,veh_9,rsu_north,rsu_0,1031.900767,520,false,false,region_north_normal,pool_rsu_north
110000000000,110,veh_10,rsu_central,rsu_1,1235.783866,300,false,false,region_central_degraded,pool_rsu_central
110000000000,110,veh_10,rsu_north,rsu_0,895.067868,520,false,false,region_north_normal,pool_rsu_north
110000000000,110,veh_11,rsu_central,rsu_1,1386.306823,300,false,false,region_central_degraded,pool_rsu_central
110000000000,110,veh_11,rsu_north,rsu_0,744.367125,520,false,false,region_north_normal,pool_rsu_north
111000000000,111,veh_0,rsu_central,rsu_1,146.663876,300,true,true,region_central_degraded,pool_rsu_central
111000000000,111,veh_0,rsu_north,rsu_0,2273.215041,520,false,false,region_north_normal,pool_rsu_north
111000000000,111,veh_1,rsu_central,rsu_1,30.531671,300,true,true,region_central_degraded,pool_rsu_central
111000000000,111,veh_1,rsu_north,rsu_0,2140.090504,520,false,false,region_north_normal,pool_rsu_north
111000000000,111,veh_2,rsu_central,rsu_1,124.304452,300,true,true,region_central_degraded,pool_rsu_central
111000000000,111,veh_2,rsu_north,rsu_0,2008.874539,520,false,false,region_north_normal,pool_rsu_north
111000000000,111,veh_3,rsu_central,rsu_1,254.504507,300,true,true,region_central_degraded,pool_rsu_central
111000000000,111,veh_3,rsu_north,rsu_0,1876.960761,520,false,false,region_north_normal,pool_rsu_north
111000000000,111,veh_4,rsu_central,rsu_1,381.633047,300,false,false,region_central_degraded,pool_rsu_central
111000000000,111,veh_4,rsu_north,rsu_0,1750.467527,520,false,false,region_north_normal,pool_rsu_north
111000000000,111,veh_5,rsu_central,rsu_1,514.266632,300,false,false,region_central_degraded,pool_rsu_central
111000000000,111,veh_5,rsu_north,rsu_0,1617.969828,520,false,false,region_north_normal,pool_rsu_north
111000000000,111,veh_6,rsu_central,rsu_1,637.782832,300,false,false,region_central_degraded,pool_rsu_central
111000000000,111,veh_6,rsu_north,rsu_0,1494.384748,520,false,false,region_north_normal,pool_rsu_north
111000000000,111,veh_7,rsu_central,rsu_1,781.673473,300,false,false,region_central_degraded,pool_rsu_central
111000000000,111,veh_7,rsu_north,rsu_0,1350.212227,520,false,false,region_north_normal,pool_rsu_north
111000000000,111,veh_8,rsu_central,rsu_1,919.525545,300,false,false,region_central_degraded,pool_rsu_central
111000000000,111,veh_8,rsu_north,rsu_0,1211.987944,520,false,false,region_north_normal,pool_rsu_north
111000000000,111,veh_9,rsu_central,rsu_1,1064.271918,300,false,false,region_central_degraded,pool_rsu_central
111000000000,111,veh_9,rsu_north,rsu_0,1066.870692,520,false,false,region_north_normal,pool_rsu_north
111000000000,111,veh_10,rsu_central,rsu_1,1200.986568,300,false,false,region_central_degraded,pool_rsu_central
111000000000,111,veh_10,rsu_north,rsu_0,929.913193,520,false,false,region_north_normal,pool_rsu_north
111000000000,111,veh_11,rsu_central,rsu_1,1350.641994,300,false,false,region_central_degraded,pool_rsu_central
111000000000,111,veh_11,rsu_north,rsu_0,780.070105,520,false,false,region_north_normal,pool_rsu_north
112000000000,112,veh_0,rsu_central,rsu_1,179.309916,300,true,true,region_central_degraded,pool_rsu_central
112000000000,112,veh_0,rsu_north,rsu_0,2306.093240,520,false,false,region_north_normal,pool_rsu_north
112000000000,112,veh_1,rsu_central,rsu_1,51.716997,300,true,true,region_central_degraded,pool_rsu_central
112000000000,112,veh_1,rsu_north,rsu_0,2172.798150,520,false,false,region_north_normal,pool_rsu_north
112000000000,112,veh_2,rsu_central,rsu_1,92.231905,300,true,true,region_central_degraded,pool_rsu_central
112000000000,112,veh_2,rsu_north,rsu_0,2042.171496,520,false,false,region_north_normal,pool_rsu_north
112000000000,112,veh_3,rsu_central,rsu_1,222.598487,300,true,true,region_central_degraded,pool_rsu_central
112000000000,112,veh_3,rsu_north,rsu_0,1909.075790,520,false,false,region_north_normal,pool_rsu_north
112000000000,112,veh_4,rsu_central,rsu_1,348.853302,300,false,false,region_central_degraded,pool_rsu_central
112000000000,112,veh_4,rsu_north,rsu_0,1783.229652,520,false,false,region_north_normal,pool_rsu_north
112000000000,112,veh_5,rsu_central,rsu_1,482.255880,300,false,false,region_central_degraded,pool_rsu_central
112000000000,112,veh_5,rsu_north,rsu_0,1649.958253,520,false,false,region_north_normal,pool_rsu_north
112000000000,112,veh_6,rsu_central,rsu_1,605.160668,300,false,false,region_central_degraded,pool_rsu_central
112000000000,112,veh_6,rsu_north,rsu_0,1527.024597,520,false,false,region_north_normal,pool_rsu_north
112000000000,112,veh_7,rsu_central,rsu_1,746.637565,300,false,false,region_central_degraded,pool_rsu_central
112000000000,112,veh_7,rsu_north,rsu_0,1385.327425,520,false,false,region_north_normal,pool_rsu_north
112000000000,112,veh_8,rsu_central,rsu_1,884.367824,300,false,false,region_central_degraded,pool_rsu_central
112000000000,112,veh_8,rsu_north,rsu_0,1247.235196,520,false,false,region_north_normal,pool_rsu_north
112000000000,112,veh_9,rsu_central,rsu_1,1028.432404,300,false,false,region_central_degraded,pool_rsu_central
112000000000,112,veh_9,rsu_north,rsu_0,1102.792258,520,false,false,region_north_normal,pool_rsu_north
112000000000,112,veh_10,rsu_central,rsu_1,1165.062451,300,false,false,region_central_degraded,pool_rsu_central
112000000000,112,veh_10,rsu_north,rsu_0,965.890087,520,false,false,region_north_normal,pool_rsu_north
112000000000,112,veh_11,rsu_central,rsu_1,1315.267022,300,false,false,region_central_degraded,pool_rsu_central
112000000000,112,veh_11,rsu_north,rsu_0,815.485231,520,false,false,region_north_normal,pool_rsu_north
113000000000,113,veh_0,rsu_central,rsu_1,211.207582,300,true,true,region_central_degraded,pool_rsu_central
113000000000,113,veh_0,rsu_north,rsu_0,2338.856993,520,false,false,region_north_normal,pool_rsu_north
113000000000,113,veh_1,rsu_central,rsu_1,81.275296,300,true,true,region_central_degraded,pool_rsu_central
113000000000,113,veh_1,rsu_north,rsu_0,2205.788696,520,false,false,region_north_normal,pool_rsu_north
113000000000,113,veh_2,rsu_central,rsu_1,61.749668,300,true,true,region_central_degraded,pool_rsu_central
113000000000,113,veh_2,rsu_north,rsu_0,2075.158805,520,false,false,region_north_normal,pool_rsu_north
113000000000,113,veh_3,rsu_central,rsu_1,190.686397,300,true,true,region_central_degraded,pool_rsu_central
113000000000,113,veh_3,rsu_north,rsu_0,1941.302836,520,false,false,region_north_normal,pool_rsu_north
113000000000,113,veh_4,rsu_central,rsu_1,315.897956,300,false,false,region_central_degraded,pool_rsu_central
113000000000,113,veh_4,rsu_north,rsu_0,1816.190465,520,false,false,region_north_normal,pool_rsu_north
113000000000,113,veh_5,rsu_central,rsu_1,449.446039,300,false,false,region_central_degraded,pool_rsu_central
113000000000,113,veh_5,rsu_north,rsu_0,1682.732639,520,false,false,region_north_normal,pool_rsu_north
113000000000,113,veh_6,rsu_central,rsu_1,572.711208,300,false,false,region_central_degraded,pool_rsu_central
113000000000,113,veh_6,rsu_north,rsu_0,1559.498953,520,false,false,region_north_normal,pool_rsu_north
113000000000,113,veh_7,rsu_central,rsu_1,711.523200,300,false,false,region_central_degraded,pool_rsu_central
113000000000,113,veh_7,rsu_north,rsu_0,1420.514675,520,false,false,region_north_normal,pool_rsu_north
113000000000,113,veh_8,rsu_central,rsu_1,849.299930,300,false,false,region_central_degraded,pool_rsu_central
113000000000,113,veh_8,rsu_north,rsu_0,1282.397368,520,false,false,region_north_normal,pool_rsu_north
113000000000,113,veh_9,rsu_central,rsu_1,993.191918,300,false,false,region_central_degraded,pool_rsu_central
113000000000,113,veh_9,rsu_north,rsu_0,1138.119232,520,false,false,region_north_normal,pool_rsu_north
113000000000,113,veh_10,rsu_central,rsu_1,1129.970788,300,false,false,region_central_degraded,pool_rsu_central
113000000000,113,veh_10,rsu_north,rsu_0,1001.036715,520,false,false,region_north_normal,pool_rsu_north
113000000000,113,veh_11,rsu_central,rsu_1,1279.539191,300,false,false,region_central_degraded,pool_rsu_central
113000000000,113,veh_11,rsu_north,rsu_0,851.256117,520,false,false,region_north_normal,pool_rsu_north
114000000000,114,veh_0,rsu_central,rsu_1,242.920881,300,true,true,region_central_degraded,pool_rsu_central
114000000000,114,veh_0,rsu_north,rsu_0,2371.406639,520,false,false,region_north_normal,pool_rsu_north
114000000000,114,veh_1,rsu_central,rsu_1,112.999125,300,true,true,region_central_degraded,pool_rsu_central
114000000000,114,veh_1,rsu_north,rsu_0,2238.945123,520,false,false,region_north_normal,pool_rsu_north
114000000000,114,veh_2,rsu_central,rsu_1,35.878938,300,true,true,region_central_degraded,pool_rsu_central
114000000000,114,veh_2,rsu_north,rsu_0,2108.340615,520,false,false,region_north_normal,pool_rsu_north
114000000000,114,veh_3,rsu_central,rsu_1,157.824617,300,true,true,region_central_degraded,pool_rsu_central
114000000000,114,veh_3,rsu_north,rsu_0,1974.625098,520,false,false,region_north_normal,pool_rsu_north
114000000000,114,veh_4,rsu_central,rsu_1,284.225467,300,true,true,region_central_degraded,pool_rsu_central
114000000000,114,veh_4,rsu_north,rsu_0,1847.129746,520,false,false,region_north_normal,pool_rsu_north
114000000000,114,veh_5,rsu_central,rsu_1,417.298359,300,false,false,region_central_degraded,pool_rsu_central
114000000000,114,veh_5,rsu_north,rsu_0,1714.838538,520,false,false,region_north_normal,pool_rsu_north
114000000000,114,veh_6,rsu_central,rsu_1,540.416130,300,false,false,region_central_degraded,pool_rsu_central
114000000000,114,veh_6,rsu_north,rsu_0,1591.827006,520,false,false,region_north_normal,pool_rsu_north
114000000000,114,veh_7,rsu_central,rsu_1,676.701151,300,false,false,region_central_degraded,pool_rsu_central
114000000000,114,veh_7,rsu_north,rsu_0,1455.404699,520,false,false,region_north_normal,pool_rsu_north
114000000000,114,veh_8,rsu_central,rsu_1,814.383108,300,false,false,region_central_degraded,pool_rsu_central
114000000000,114,veh_8,rsu_north,rsu_0,1317.416370,520,false,false,region_north_normal,pool_rsu_north
114000000000,114,veh_9,rsu_central,rsu_1,957.531834,300,false,false,region_central_degraded,pool_rsu_central
114000000000,114,veh_9,rsu_north,rsu_0,1173.873353,520,false,false,region_north_normal,pool_rsu_north
114000000000,114,veh_10,rsu_central,rsu_1,1094.256423,300,false,false,region_central_degraded,pool_rsu_central
114000000000,114,veh_10,rsu_north,rsu_0,1036.821692,520,false,false,region_north_normal,pool_rsu_north
114000000000,114,veh_11,rsu_central,rsu_1,1243.849686,300,false,false,region_central_degraded,pool_rsu_central
114000000000,114,veh_11,rsu_north,rsu_0,886.991325,520,false,false,region_north_normal,pool_rsu_north
115000000000,115,veh_0,rsu_central,rsu_1,274.359700,300,true,true,region_central_degraded,pool_rsu_central
115000000000,115,veh_0,rsu_north,rsu_0,2403.571334,520,false,false,region_north_normal,pool_rsu_north
115000000000,115,veh_1,rsu_central,rsu_1,145.165917,300,true,true,region_central_degraded,pool_rsu_central
115000000000,115,veh_1,rsu_north,rsu_0,2271.713124,520,false,false,region_north_normal,pool_rsu_north
115000000000,115,veh_2,rsu_central,rsu_1,30.891520,300,true,true,region_central_degraded,pool_rsu_central
115000000000,115,veh_2,rsu_north,rsu_0,2141.114293,520,false,false,region_north_normal,pool_rsu_north
115000000000,115,veh_3,rsu_central,rsu_1,125.603360,300,true,true,region_central_degraded,pool_rsu_central
115000000000,115,veh_3,rsu_north,rsu_0,2007.539839,520,false,false,region_north_normal,pool_rsu_north
115000000000,115,veh_4,rsu_central,rsu_1,251.962323,300,true,true,region_central_degraded,pool_rsu_central
115000000000,115,veh_4,rsu_north,rsu_0,1879.513686,520,false,false,region_north_normal,pool_rsu_north
115000000000,115,veh_5,rsu_central,rsu_1,384.564762,300,false,false,region_central_degraded,pool_rsu_central
115000000000,115,veh_5,rsu_north,rsu_0,1747.538359,520,false,false,region_north_normal,pool_rsu_north
115000000000,115,veh_6,rsu_central,rsu_1,508.021588,300,false,false,region_central_degraded,pool_rsu_central
115000000000,115,veh_6,rsu_north,rsu_0,1624.209944,520,false,false,region_north_normal,pool_rsu_north
115000000000,115,veh_7,rsu_central,rsu_1,644.264685,300,false,false,region_central_degraded,pool_rsu_central
115000000000,115,veh_7,rsu_north,rsu_0,1487.900187,520,false,false,region_north_normal,pool_rsu_north
115000000000,115,veh_8,rsu_central,rsu_1,779.005131,300,false,false,region_central_degraded,pool_rsu_central
115000000000,115,veh_8,rsu_north,rsu_0,1352.886318,520,false,false,region_north_normal,pool_rsu_north
115000000000,115,veh_9,rsu_central,rsu_1,922.372588,300,false,false,region_central_degraded,pool_rsu_central
115000000000,115,veh_9,rsu_north,rsu_0,1209.132477,520,false,false,region_north_normal,pool_rsu_north
115000000000,115,veh_10,rsu_central,rsu_1,1058.637557,300,false,false,region_central_degraded,pool_rsu_central
115000000000,115,veh_10,rsu_north,rsu_0,1072.517582,520,false,false,region_north_normal,pool_rsu_north
115000000000,115,veh_11,rsu_central,rsu_1,1208.456938,300,false,false,region_central_degraded,pool_rsu_central
115000000000,115,veh_11,rsu_north,rsu_0,922.432264,520,false,false,region_north_normal,pool_rsu_north
116000000000,116,veh_0,rsu_central,rsu_1,305.759813,300,false,false,region_central_degraded,pool_rsu_central
116000000000,116,veh_0,rsu_north,rsu_0,2435.453864,520,false,false,region_north_normal,pool_rsu_north
116000000000,116,veh_1,rsu_central,rsu_1,177.501258,300,true,true,region_central_degraded,pool_rsu_central
116000000000,116,veh_1,rsu_north,rsu_0,2304.227790,520,false,false,region_north_normal,pool_rsu_north
116000000000,116,veh_2,rsu_central,rsu_1,53.015896,300,true,true,region_central_degraded,pool_rsu_central
116000000000,116,veh_2,rsu_north,rsu_0,2174.352220,520,false,false,region_north_normal,pool_rsu_north
116000000000,116,veh_3,rsu_central,rsu_1,93.673096,300,true,true,region_central_degraded,pool_rsu_central
116000000000,116,veh_3,rsu_north,rsu_0,2040.656013,520,false,false,region_north_normal,pool_rsu_north
116000000000,116,veh_4,rsu_central,rsu_1,218.954230,300,true,true,region_central_degraded,pool_rsu_central
116000000000,116,veh_4,rsu_north,rsu_0,1912.751300,520,false,false,region_north_normal,pool_rsu_north
116000000000,116,veh_5,rsu_central,rsu_1,351.875225,300,false,false,region_central_degraded,pool_rsu_central
116000000000,116,veh_5,rsu_north,rsu_0,1780.207980,520,false,false,region_north_normal,pool_rsu_north
116000000000,116,veh_6,rsu_central,rsu_1,475.051999,300,false,false,region_central_degraded,pool_rsu_central
116000000000,116,veh_6,rsu_north,rsu_0,1657.158153,520,false,false,region_north_normal,pool_rsu_north
116000000000,116,veh_7,rsu_central,rsu_1,611.611540,300,false,false,region_central_degraded,pool_rsu_central
116000000000,116,veh_7,rsu_north,rsu_0,1520.569671,520,false,false,region_north_normal,pool_rsu_north
116000000000,116,veh_8,rsu_central,rsu_1,743.561216,300,false,false,region_central_degraded,pool_rsu_central
116000000000,116,veh_8,rsu_north,rsu_0,1388.411148,520,false,false,region_north_normal,pool_rsu_north
116000000000,116,veh_9,rsu_central,rsu_1,887.102400,300,false,false,region_central_degraded,pool_rsu_central
116000000000,116,veh_9,rsu_north,rsu_0,1244.493592,520,false,false,region_north_normal,pool_rsu_north
116000000000,116,veh_10,rsu_central,rsu_1,1022.927295,300,false,false,region_central_degraded,pool_rsu_central
116000000000,116,veh_10,rsu_north,rsu_0,1108.310483,520,false,false,region_north_normal,pool_rsu_north
116000000000,116,veh_11,rsu_central,rsu_1,1172.622828,300,false,false,region_central_degraded,pool_rsu_central
116000000000,116,veh_11,rsu_north,rsu_0,958.318320,520,false,false,region_north_normal,pool_rsu_north
117000000000,117,veh_0,rsu_central,rsu_1,336.876453,300,false,false,region_central_degraded,pool_rsu_central
117000000000,117,veh_0,rsu_north,rsu_0,2466.754327,520,false,false,region_north_normal,pool_rsu_north
117000000000,117,veh_1,rsu_central,rsu_1,208.567385,300,true,true,region_central_degraded,pool_rsu_central
117000000000,117,veh_1,rsu_north,rsu_0,2336.136611,520,false,false,region_north_normal,pool_rsu_north
117000000000,117,veh_2,rsu_central,rsu_1,82.713763,300,true,true,region_central_degraded,pool_rsu_central
117000000000,117,veh_2,rsu_north,rsu_0,2207.317977,520,false,false,region_north_normal,pool_rsu_north
117000000000,117,veh_3,rsu_central,rsu_1,63.726304,300,true,true,region_central_degraded,pool_rsu_central
117000000000,117,veh_3,rsu_north,rsu_0,2072.934888,520,false,false,region_north_normal,pool_rsu_north
117000000000,117,veh_4,rsu_central,rsu_1,186.286127,300,true,true,region_central_degraded,pool_rsu_central
117000000000,117,veh_4,rsu_north,rsu_0,1945.755155,520,false,false,region_north_normal,pool_rsu_north
117000000000,117,veh_5,rsu_central,rsu_1,319.836451,300,false,false,region_central_degraded,pool_rsu_central
117000000000,117,veh_5,rsu_north,rsu_0,1812.250462,520,false,false,region_north_normal,pool_rsu_north
117000000000,117,veh_6,rsu_central,rsu_1,442.585452,300,false,false,region_central_degraded,pool_rsu_central
117000000000,117,veh_6,rsu_north,rsu_0,1689.583648,520,false,false,region_north_normal,pool_rsu_north
117000000000,117,veh_7,rsu_central,rsu_1,579.616060,300,false,false,region_central_degraded,pool_rsu_central
117000000000,117,veh_7,rsu_north,rsu_0,1552.588148,520,false,false,region_north_normal,pool_rsu_north
117000000000,117,veh_8,rsu_central,rsu_1,708.586659,300,false,false,region_central_degraded,pool_rsu_central
117000000000,117,veh_8,rsu_north,rsu_0,1423.456609,520,false,false,region_north_normal,pool_rsu_north
117000000000,117,veh_9,rsu_central,rsu_1,851.812020,300,false,false,region_central_degraded,pool_rsu_central
117000000000,117,veh_9,rsu_north,rsu_0,1279.878258,520,false,false,region_north_normal,pool_rsu_north
117000000000,117,veh_10,rsu_central,rsu_1,987.775539,300,false,false,region_central_degraded,pool_rsu_central
117000000000,117,veh_10,rsu_north,rsu_0,1143.549455,520,false,false,region_north_normal,pool_rsu_north
117000000000,117,veh_11,rsu_central,rsu_1,1136.788839,300,false,false,region_central_degraded,pool_rsu_central
117000000000,117,veh_11,rsu_north,rsu_0,994.207707,520,false,false,region_north_normal,pool_rsu_north
118000000000,118,veh_0,rsu_central,rsu_1,368.152632,300,false,false,region_central_degraded,pool_rsu_central
118000000000,118,veh_0,rsu_north,rsu_0,2497.885779,520,false,false,region_north_normal,pool_rsu_north
118000000000,118,veh_1,rsu_central,rsu_1,239.978623,300,true,true,region_central_degraded,pool_rsu_central
118000000000,118,veh_1,rsu_north,rsu_0,2368.396188,520,false,false,region_north_normal,pool_rsu_north
118000000000,118,veh_2,rsu_central,rsu_1,113.480517,300,true,true,region_central_degraded,pool_rsu_central
118000000000,118,veh_2,rsu_north,rsu_0,2239.441740,520,false,false,region_north_normal,pool_rsu_north
118000000000,118,veh_3,rsu_central,rsu_1,37.414623,300,true,true,region_central_degraded,pool_rsu_central
118000000000,118,veh_3,rsu_north,rsu_0,2105.862163,520,false,false,region_north_normal,pool_rsu_north
118000000000,118,veh_4,rsu_central,rsu_1,154.566501,300,true,true,region_central_degraded,pool_rsu_central
118000000000,118,veh_4,rsu_north,rsu_0,1977.939812,520,false,false,region_north_normal,pool_rsu_north
118000000000,118,veh_5,rsu_central,rsu_1,288.482826,300,true,true,region_central_degraded,pool_rsu_central
118000000000,118,veh_5,rsu_north,rsu_0,1842.951778,520,false,false,region_north_normal,pool_rsu_north
118000000000,118,veh_6,rsu_central,rsu_1,410.212879,300,false,false,region_central_degraded,pool_rsu_central
118000000000,118,veh_6,rsu_north,rsu_0,1721.915914,520,false,false,region_north_normal,pool_rsu_north
118000000000,118,veh_7,rsu_central,rsu_1,547.465622,300,false,false,region_central_degraded,pool_rsu_central
118000000000,118,veh_7,rsu_north,rsu_0,1584.769561,520,false,false,region_north_normal,pool_rsu_north
118000000000,118,veh_8,rsu_central,rsu_1,673.349630,300,false,false,region_central_degraded,pool_rsu_central
118000000000,118,veh_8,rsu_north,rsu_0,1458.763246,520,false,false,region_north_normal,pool_rsu_north
118000000000,118,veh_9,rsu_central,rsu_1,816.194500,300,false,false,region_central_degraded,pool_rsu_central
118000000000,118,veh_9,rsu_north,rsu_0,1315.599456,520,false,false,region_north_normal,pool_rsu_north
118000000000,118,veh_10,rsu_central,rsu_1,952.269798,300,false,false,region_central_degraded,pool_rsu_central
118000000000,118,veh_10,rsu_north,rsu_0,1179.149866,520,false,false,region_north_normal,pool_rsu_north
118000000000,118,veh_11,rsu_central,rsu_1,1101.216732,300,false,false,region_central_degraded,pool_rsu_central
118000000000,118,veh_11,rsu_north,rsu_0,1029.846918,520,false,false,region_north_normal,pool_rsu_north
119000000000,119,veh_0,rsu_central,rsu_1,399.191356,300,false,false,region_central_degraded,pool_rsu_central
119000000000,119,veh_0,rsu_north,rsu_0,2528.517493,520,false,false,region_north_normal,pool_rsu_north
119000000000,119,veh_1,rsu_central,rsu_1,270.720007,300,true,true,region_central_degraded,pool_rsu_central
119000000000,119,veh_1,rsu_north,rsu_0,2399.855723,520,false,false,region_north_normal,pool_rsu_north
119000000000,119,veh_2,rsu_central,rsu_1,145.788857,300,true,true,region_central_degraded,pool_rsu_central
119000000000,119,veh_2,rsu_north,rsu_0,2272.337735,520,false,false,region_north_normal,pool_rsu_north
119000000000,119,veh_3,rsu_central,rsu_1,30.053359,300,true,true,region_central_degraded,pool_rsu_central
119000000000,119,veh_3,rsu_north,rsu_0,2138.568841,520,false,false,region_north_normal,pool_rsu_north
119000000000,119,veh_4,rsu_central,rsu_1,122.172615,300,true,true,region_central_degraded,pool_rsu_central
119000000000,119,veh_4,rsu_north,rsu_0,2011.066840,520,false,false,region_north_normal,pool_rsu_north
119000000000,119,veh_5,rsu_central,rsu_1,255.675056,300,true,true,region_central_degraded,pool_rsu_central
119000000000,119,veh_5,rsu_north,rsu_0,1875.785344,520,false,false,region_north_normal,pool_rsu_north
119000000000,119,veh_6,rsu_central,rsu_1,377.835305,300,false,false,region_central_degraded,pool_rsu_central
119000000000,119,veh_6,rsu_north,rsu_0,1754.262093,520,false,false,region_north_normal,pool_rsu_north
119000000000,119,veh_7,rsu_central,rsu_1,514.950874,300,false,false,region_central_degraded,pool_rsu_central
119000000000,119,veh_7,rsu_north,rsu_0,1617.286142,520,false,false,region_north_normal,pool_rsu_north
119000000000,119,veh_8,rsu_central,rsu_1,640.312681,300,false,false,region_central_degraded,pool_rsu_central
119000000000,119,veh_8,rsu_north,rsu_0,1491.853811,520,false,false,region_north_normal,pool_rsu_north
119000000000,119,veh_9,rsu_central,rsu_1,781.277199,300,false,false,region_central_degraded,pool_rsu_central
119000000000,119,veh_9,rsu_north,rsu_0,1350.609351,520,false,false,region_north_normal,pool_rsu_north
119000000000,119,veh_10,rsu_central,rsu_1,916.937493,300,false,false,region_central_degraded,pool_rsu_central
119000000000,119,veh_10,rsu_north,rsu_0,1214.583698,520,false,false,region_north_normal,pool_rsu_north
119000000000,119,veh_11,rsu_central,rsu_1,1065.597023,300,false,false,region_central_degraded,pool_rsu_central
119000000000,119,veh_11,rsu_north,rsu_0,1065.542659,520,false,false,region_north_normal,pool_rsu_north
120000000000,120,veh_0,rsu_central,rsu_1,430.564656,300,false,false,region_central_degraded,pool_rsu_central
120000000000,120,veh_0,rsu_north,rsu_0,2559.330271,520,false,false,region_north_normal,pool_rsu_north
120000000000,120,veh_1,rsu_central,rsu_1,301.736712,300,false,false,region_central_degraded,pool_rsu_central
120000000000,120,veh_1,rsu_north,rsu_0,2431.382400,520,false,false,region_north_normal,pool_rsu_north
120000000000,120,veh_2,rsu_central,rsu_1,177.954803,300,true,true,region_central_degraded,pool_rsu_central
120000000000,120,veh_2,rsu_north,rsu_0,2304.695701,520,false,false,region_north_normal,pool_rsu_north
120000000000,120,veh_3,rsu_central,rsu_1,50.121003,300,true,true,region_central_degraded,pool_rsu_central
120000000000,120,veh_3,rsu_north,rsu_0,2170.864348,520,false,false,region_north_normal,pool_rsu_north
120000000000,120,veh_4,rsu_central,rsu_1,90.172123,300,true,true,region_central_degraded,pool_rsu_central
120000000000,120,veh_4,rsu_north,rsu_0,2044.341919,520,false,false,region_north_normal,pool_rsu_north
120000000000,120,veh_5,rsu_central,rsu_1,223.757799,300,true,true,region_central_degraded,pool_rsu_central
120000000000,120,veh_5,rsu_north,rsu_0,1907.906752,520,false,false,region_north_normal,pool_rsu_north
120000000000,120,veh_6,rsu_central,rsu_1,345.724309,300,false,false,region_central_degraded,pool_rsu_central
120000000000,120,veh_6,rsu_north,rsu_0,1786.358511,520,false,false,region_north_normal,pool_rsu_north
120000000000,120,veh_7,rsu_central,rsu_1,481.946669,300,false,false,region_central_degraded,pool_rsu_central
120000000000,120,veh_7,rsu_north,rsu_0,1650.267284,520,false,false,region_north_normal,pool_rsu_north
120000000000,120,veh_8,rsu_central,rsu_1,608.175112,300,false,false,region_central_degraded,pool_rsu_central
120000000000,120,veh_8,rsu_north,rsu_0,1524.008223,520,false,false,region_north_normal,pool_rsu_north
120000000000,120,veh_9,rsu_central,rsu_1,746.018440,300,false,false,region_central_degraded,pool_rsu_central
120000000000,120,veh_9,rsu_north,rsu_0,1385.948029,520,false,false,region_north_normal,pool_rsu_north
120000000000,120,veh_10,rsu_central,rsu_1,881.546549,300,false,false,region_central_degraded,pool_rsu_central
120000000000,120,veh_10,rsu_north,rsu_0,1250.063770,520,false,false,region_north_normal,pool_rsu_north
120000000000,120,veh_11,rsu_central,rsu_1,1030.418892,300,false,false,region_central_degraded,pool_rsu_central
120000000000,120,veh_11,rsu_north,rsu_0,1100.801071,520,false,false,region_north_normal,pool_rsu_north
121000000000,121,veh_0,rsu_central,rsu_1,462.006612,300,false,false,region_central_degraded,pool_rsu_central
121000000000,121,veh_0,rsu_north,rsu_0,2590.155568,520,false,false,region_north_normal,pool_rsu_north
121000000000,121,veh_1,rsu_central,rsu_1,332.480749,300,false,false,region_central_degraded,pool_rsu_central
121000000000,121,veh_1,rsu_north,rsu_0,2462.352953,520,false,false,region_north_normal,pool_rsu_north
121000000000,121,veh_2,rsu_central,rsu_1,208.988616,300,true,true,region_central_degraded,pool_rsu_central
121000000000,121,veh_2,rsu_north,rsu_0,2336.570822,520,false,false,region_north_normal,pool_rsu_north
121000000000,121,veh_3,rsu_central,rsu_1,79.674229,300,true,true,region_central_degraded,pool_rsu_central
121000000000,121,veh_3,rsu_north,rsu_0,2204.082300,520,false,false,region_north_normal,pool_rsu_north
121000000000,121,veh_4,rsu_central,rsu_1,59.909829,300,true,true,region_central_degraded,pool_rsu_central
121000000000,121,veh_4,rsu_north,rsu_0,2077.246566,520,false,false,region_north_normal,pool_rsu_north
121000000000,121,veh_5,rsu_central,rsu_1,190.908309,300,true,true,region_central_degraded,pool_rsu_central
121000000000,121,veh_5,rsu_north,rsu_0,1941.078364,520,false,false,region_north_normal,pool_rsu_north
121000000000,121,veh_6,rsu_central,rsu_1,313.225879,300,false,false,region_central_degraded,pool_rsu_central
121000000000,121,veh_6,rsu_north,rsu_0,1818.863711,520,false,false,region_north_normal,pool_rsu_north
121000000000,121,veh_7,rsu_central,rsu_1,448.755611,300,false,false,region_central_degraded,pool_rsu_central
121000000000,121,veh_7,rsu_north,rsu_0,1683.422087,520,false,false,region_north_normal,pool_rsu_north
121000000000,121,veh_8,rsu_central,rsu_1,575.449846,300,false,false,region_central_degraded,pool_rsu_central
121000000000,121,veh_8,rsu_north,rsu_0,1556.757910,520,false,false,region_north_normal,pool_rsu_north
121000000000,121,veh_9,rsu_central,rsu_1,710.736005,300,false,false,region_central_degraded,pool_rsu_central
121000000000,121,veh_9,rsu_north,rsu_0,1421.303310,520,false,false,region_north_normal,pool_rsu_north
121000000000,121,veh_10,rsu_central,rsu_1,846.829473,300,false,false,region_central_degraded,pool_rsu_central
121000000000,121,veh_10,rsu_north,rsu_0,1284.874770,520,false,false,region_north_normal,pool_rsu_north
121000000000,121,veh_11,rsu_central,rsu_1,995.335268,300,false,false,region_central_degraded,pool_rsu_central
121000000000,121,veh_11,rsu_north,rsu_0,1135.970446,520,false,false,region_north_normal,pool_rsu_north
122000000000,122,veh_0,rsu_central,rsu_1,493.825367,300,false,false,region_central_degraded,pool_rsu_central
122000000000,122,veh_0,rsu_north,rsu_0,2621.384065,520,false,false,region_north_normal,pool_rsu_north
122000000000,122,veh_1,rsu_central,rsu_1,363.649408,300,false,false,region_central_degraded,pool_rsu_central
122000000000,122,veh_1,rsu_north,rsu_0,2493.421988,520,false,false,region_north_normal,pool_rsu_north
122000000000,122,veh_2,rsu_central,rsu_1,240.664990,300,true,true,region_central_degraded,pool_rsu_central
122000000000,122,veh_2,rsu_north,rsu_0,2369.098706,520,false,false,region_north_normal,pool_rsu_north
122000000000,122,veh_3,rsu_central,rsu_1,111.096760,300,true,true,region_central_degraded,pool_rsu_central
122000000000,122,veh_3,rsu_north,rsu_0,2236.981232,520,false,false,region_north_normal,pool_rsu_north
122000000000,122,veh_4,rsu_central,rsu_1,34.934159,300,true,true,region_central_degraded,pool_rsu_central
122000000000,122,veh_4,rsu_north,rsu_0,2109.959912,520,false,false,region_north_normal,pool_rsu_north
122000000000,122,veh_5,rsu_central,rsu_1,158.800420,300,true,true,region_central_degraded,pool_rsu_central
122000000000,122,veh_5,rsu_north,rsu_0,1973.632808,520,false,false,region_north_normal,pool_rsu_north
122000000000,122,veh_6,rsu_central,rsu_1,280.804475,300,true,true,region_central_degraded,pool_rsu_central
122000000000,122,veh_6,rsu_north,rsu_0,1850.562098,520,false,false,region_north_normal,pool_rsu_north
122000000000,122,veh_7,rsu_central,rsu_1,415.513354,300,false,false,region_central_degraded,pool_rsu_central
122000000000,122,veh_7,rsu_north,rsu_0,1716.621462,520,false,false,region_north_normal,pool_rsu_north
122000000000,122,veh_8,rsu_central,rsu_1,543.026409,300,false,false,region_central_degraded,pool_rsu_central
122000000000,122,veh_8,rsu_north,rsu_0,1589.213731,520,false,false,region_north_normal,pool_rsu_north
122000000000,122,veh_9,rsu_central,rsu_1,675.161937,300,false,false,region_central_degraded,pool_rsu_central
122000000000,122,veh_9,rsu_north,rsu_0,1456.947128,520,false,false,region_north_normal,pool_rsu_north
122000000000,122,veh_10,rsu_central,rsu_1,810.860378,300,false,false,region_central_degraded,pool_rsu_central
122000000000,122,veh_10,rsu_north,rsu_0,1320.949910,520,false,false,region_north_normal,pool_rsu_north
122000000000,122,veh_11,rsu_central,rsu_1,959.363305,300,false,false,region_central_degraded,pool_rsu_central
122000000000,122,veh_11,rsu_north,rsu_0,1172.036882,520,false,false,region_north_normal,pool_rsu_north
123000000000,123,veh_0,rsu_central,rsu_1,525.718131,300,false,false,region_central_degraded,pool_rsu_central
123000000000,123,veh_0,rsu_north,rsu_0,2652.787489,520,false,false,region_north_normal,pool_rsu_north
123000000000,123,veh_1,rsu_central,rsu_1,394.561424,300,false,false,region_central_degraded,pool_rsu_central
123000000000,123,veh_1,rsu_north,rsu_0,2523.960606,520,false,false,region_north_normal,pool_rsu_north
123000000000,123,veh_2,rsu_central,rsu_1,271.252201,300,true,true,region_central_degraded,pool_rsu_central
123000000000,123,veh_2,rsu_north,rsu_0,2400.399357,520,false,false,region_north_normal,pool_rsu_north
123000000000,123,veh_3,rsu_central,rsu_1,142.952463,300,true,true,region_central_degraded,pool_rsu_central
123000000000,123,veh_3,rsu_north,rsu_0,2269.493442,520,false,false,region_north_normal,pool_rsu_north
123000000000,123,veh_4,rsu_central,rsu_1,31.522023,300,true,true,region_central_degraded,pool_rsu_central
123000000000,123,veh_4,rsu_north,rsu_0,2142.737923,520,false,false,region_north_normal,pool_rsu_north
123000000000,123,veh_5,rsu_central,rsu_1,126.230331,300,true,true,region_central_degraded,pool_rsu_central
123000000000,123,veh_5,rsu_north,rsu_0,2006.895866,520,false,false,region_north_normal,pool_rsu_north
123000000000,123,veh_6,rsu_central,rsu_1,248.602601,300,true,true,region_central_degraded,pool_rsu_central
123000000000,123,veh_6,rsu_north,rsu_0,1882.887969,520,false,false,region_north_normal,pool_rsu_north
123000000000,123,veh_7,rsu_central,rsu_1,383.301805,300,false,false,region_central_degraded,pool_rsu_central
123000000000,123,veh_7,rsu_north,rsu_0,1748.800208,520,false,false,region_north_normal,pool_rsu_north
123000000000,123,veh_8,rsu_central,rsu_1,510.466664,300,false,false,region_central_degraded,pool_rsu_central
123000000000,123,veh_8,rsu_north,rsu_0,1621.766766,520,false,false,region_north_normal,pool_rsu_north
123000000000,123,veh_9,rsu_central,rsu_1,642.466163,300,false,false,region_central_degraded,pool_rsu_central
123000000000,123,veh_9,rsu_north,rsu_0,1489.699434,520,false,false,region_north_normal,pool_rsu_north
123000000000,123,veh_10,rsu_central,rsu_1,775.098511,300,false,false,region_central_degraded,pool_rsu_central
123000000000,123,veh_10,rsu_north,rsu_0,1356.801437,520,false,false,region_north_normal,pool_rsu_north
123000000000,123,veh_11,rsu_central,rsu_1,923.421752,300,false,false,region_central_degraded,pool_rsu_central
123000000000,123,veh_11,rsu_north,rsu_0,1208.080222,520,false,false,region_north_normal,pool_rsu_north
124000000000,124,veh_0,rsu_central,rsu_1,558.387639,300,false,false,region_central_degraded,pool_rsu_central
124000000000,124,veh_0,rsu_north,rsu_0,2684.915052,520,false,false,region_north_normal,pool_rsu_north
124000000000,124,veh_1,rsu_central,rsu_1,425.515254,300,false,false,region_central_degraded,pool_rsu_central
124000000000,124,veh_1,rsu_north,rsu_0,2554.380440,520,false,false,region_north_normal,pool_rsu_north
124000000000,124,veh_2,rsu_central,rsu_1,301.636702,300,false,false,region_central_degraded,pool_rsu_central
124000000000,124,veh_2,rsu_north,rsu_0,2431.281105,520,false,false,region_north_normal,pool_rsu_north
124000000000,124,veh_3,rsu_central,rsu_1,175.027921,300,true,true,region_central_degraded,pool_rsu_central
124000000000,124,veh_3,rsu_north,rsu_0,2301.719136,520,false,false,region_north_normal,pool_rsu_north
124000000000,124,veh_4,rsu_central,rsu_1,53.874959,300,true,true,region_central_degraded,pool_rsu_central
124000000000,124,veh_4,rsu_north,rsu_0,2175.371270,520,false,false,region_north_normal,pool_rsu_north
124000000000,124,veh_5,rsu_central,rsu_1,94.817214,300,true,true,region_central_degraded,pool_rsu_central
124000000000,124,veh_5,rsu_north,rsu_0,2039.454649,520,false,false,region_north_normal,pool_rsu_north
124000000000,124,veh_6,rsu_central,rsu_1,216.394697,300,true,true,region_central_degraded,pool_rsu_central
124000000000,124,veh_6,rsu_north,rsu_0,1915.333423,520,false,false,region_north_normal,pool_rsu_north
124000000000,124,veh_7,rsu_central,rsu_1,351.039854,300,false,false,region_central_degraded,pool_rsu_central
124000000000,124,veh_7,rsu_north,rsu_0,1781.043270,520,false,false,region_north_normal,pool_rsu_north
124000000000,124,veh_8,rsu_central,rsu_1,477.301932,300,false,false,region_central_degraded,pool_rsu_central
124000000000,124,veh_8,rsu_north,rsu_0,1654.909420,520,false,false,region_north_normal,pool_rsu_north
124000000000,124,veh_9,rsu_central,rsu_1,609.705053,300,false,false,region_central_degraded,pool_rsu_central
124000000000,124,veh_9,rsu_north,rsu_0,1522.477327,520,false,false,region_north_normal,pool_rsu_north
124000000000,124,veh_10,rsu_central,rsu_1,739.439260,300,false,false,region_central_degraded,pool_rsu_central
124000000000,124,veh_10,rsu_north,rsu_0,1392.543095,520,false,false,region_north_normal,pool_rsu_north
124000000000,124,veh_11,rsu_central,rsu_1,887.936733,300,false,false,region_central_degraded,pool_rsu_central
124000000000,124,veh_11,rsu_north,rsu_0,1243.657123,520,false,false,region_north_normal,pool_rsu_north
125000000000,125,veh_0,rsu_central,rsu_1,591.076294,300,false,false,region_central_degraded,pool_rsu_central
125000000000,125,veh_0,rsu_north,rsu_0,2716.854777,520,false,false,region_north_normal,pool_rsu_north
125000000000,125,veh_1,rsu_central,rsu_1,457.534742,300,false,false,region_central_degraded,pool_rsu_central
125000000000,125,veh_1,rsu_north,rsu_0,2585.772944,520,false,false,region_north_normal,pool_rsu_north
125000000000,125,veh_2,rsu_central,rsu_1,332.466175,300,false,false,region_central_degraded,pool_rsu_central
125000000000,125,veh_2,rsu_north,rsu_0,2462.338350,520,false,false,region_north_normal,pool_rsu_north
125000000000,125,veh_3,rsu_central,rsu_1,206.471442,300,true,true,region_central_degraded,pool_rsu_central
125000000000,125,veh_3,rsu_north,rsu_0,2333.975009,520,false,false,region_north_normal,pool_rsu_north
125000000000,125,veh_4,rsu_central,rsu_1,83.481740,300,true,true,region_central_degraded,pool_rsu_central
125000000000,125,veh_4,rsu_north,rsu_0,2208.133036,520,false,false,region_north_normal,pool_rsu_north
125000000000,125,veh_5,rsu_central,rsu_1,64.873862,300,true,true,region_central_degraded,pool_rsu_central
125000000000,125,veh_5,rsu_north,rsu_0,2071.651963,520,false,false,region_north_normal,pool_rsu_north
125000000000,125,veh_6,rsu_central,rsu_1,184.537379,300,true,true,region_central_degraded,pool_rsu_central
125000000000,125,veh_6,rsu_north,rsu_0,1947.525291,520,false,false,region_north_normal,pool_rsu_north
125000000000,125,veh_7,rsu_central,rsu_1,317.925853,300,false,false,region_central_degraded,pool_rsu_central
125000000000,125,veh_7,rsu_north,rsu_0,1814.161760,520,false,false,region_north_normal,pool_rsu_north
125000000000,125,veh_8,rsu_central,rsu_1,444.490404,300,false,false,region_central_degraded,pool_rsu_central
125000000000,125,veh_8,rsu_north,rsu_0,1687.681321,520,false,false,region_north_normal,pool_rsu_north
125000000000,125,veh_9,rsu_central,rsu_1,576.611384,300,false,false,region_central_degraded,pool_rsu_central
125000000000,125,veh_9,rsu_north,rsu_0,1555.595369,520,false,false,region_north_normal,pool_rsu_north
125000000000,125,veh_10,rsu_central,rsu_1,703.650786,300,false,false,region_central_degraded,pool_rsu_central
125000000000,125,veh_10,rsu_north,rsu_0,1428.401686,520,false,false,region_north_normal,pool_rsu_north
125000000000,125,veh_11,rsu_central,rsu_1,852.006156,300,false,false,region_central_degraded,pool_rsu_central
125000000000,125,veh_11,rsu_north,rsu_0,1279.683582,520,false,false,region_north_normal,pool_rsu_north
126000000000,126,veh_0,rsu_central,rsu_1,623.654659,300,false,false,region_central_degraded,pool_rsu_central
126000000000,126,veh_0,rsu_north,rsu_0,2749.133048,520,false,false,region_north_normal,pool_rsu_north
126000000000,126,veh_1,rsu_central,rsu_1,490.042009,300,false,false,region_central_degraded,pool_rsu_central
126000000000,126,veh_1,rsu_north,rsu_0,2617.666810,520,false,false,region_north_normal,pool_rsu_north
126000000000,126,veh_2,rsu_central,rsu_1,363.539207,300,false,false,region_central_degraded,pool_rsu_central
126000000000,126,veh_2,rsu_north,rsu_0,2493.312680,520,false,false,region_north_normal,pool_rsu_north
126000000000,126,veh_3,rsu_central,rsu_1,238.246947,300,true,true,region_central_degraded,pool_rsu_central
126000000000,126,veh_3,rsu_north,rsu_0,2366.623095,520,false,false,region_north_normal,pool_rsu_north
126000000000,126,veh_4,rsu_central,rsu_1,115.335456,300,true,true,region_central_degraded,pool_rsu_central
126000000000,126,veh_4,rsu_north,rsu_0,2241.354103,520,false,false,region_north_normal,pool_rsu_north
126000000000,126,veh_5,rsu_central,rsu_1,38.000912,300,true,true,region_central_degraded,pool_rsu_central
126000000000,126,veh_5,rsu_north,rsu_0,2104.956081,520,false,false,region_north_normal,pool_rsu_north
126000000000,126,veh_6,rsu_central,rsu_1,152.409427,300,true,true,region_central_degraded,pool_rsu_central
126000000000,126,veh_6,rsu_north,rsu_0,1980.135725,520,false,false,region_north_normal,pool_rsu_north
126000000000,126,veh_7,rsu_central,rsu_1,285.577315,300,true,true,region_central_degraded,pool_rsu_central
126000000000,126,veh_7,rsu_north,rsu_0,1845.773492,520,false,false,region_north_normal,pool_rsu_north
126000000000,126,veh_8,rsu_central,rsu_1,412.484421,300,false,false,region_central_degraded,pool_rsu_central
126000000000,126,veh_8,rsu_north,rsu_0,1719.646925,520,false,false,region_north_normal,pool_rsu_north
126000000000,126,veh_9,rsu_central,rsu_1,544.201038,300,false,false,region_central_degraded,pool_rsu_central
126000000000,126,veh_9,rsu_north,rsu_0,1588.037773,520,false,false,region_north_normal,pool_rsu_north
126000000000,126,veh_10,rsu_central,rsu_1,668.187504,300,false,false,region_central_degraded,pool_rsu_central
126000000000,126,veh_10,rsu_north,rsu_0,1463.936370,520,false,false,region_north_normal,pool_rsu_north
126000000000,126,veh_11,rsu_central,rsu_1,817.032449,300,false,false,region_central_degraded,pool_rsu_central
126000000000,126,veh_11,rsu_north,rsu_0,1314.758961,520,false,false,region_north_normal,pool_rsu_north
127000000000,127,veh_0,rsu_central,rsu_1,656.648313,300,false,false,region_central_degraded,pool_rsu_central
127000000000,127,veh_0,rsu_north,rsu_0,2782.179179,520,false,false,region_north_normal,pool_rsu_north
127000000000,127,veh_1,rsu_central,rsu_1,522.115362,300,false,false,region_central_degraded,pool_rsu_central
127000000000,127,veh_1,rsu_north,rsu_0,2649.248017,520,false,false,region_north_normal,pool_rsu_north
127000000000,127,veh_2,rsu_central,rsu_1,394.652693,300,false,false,region_central_degraded,pool_rsu_central
127000000000,127,veh_2,rsu_north,rsu_0,2524.050447,520,false,false,region_north_normal,pool_rsu_north
127000000000,127,veh_3,rsu_central,rsu_1,269.009560,300,true,true,region_central_degraded,pool_rsu_central
127000000000,127,veh_3,rsu_north,rsu_0,2398.107706,520,false,false,region_north_normal,pool_rsu_north
127000000000,127,veh_4,rsu_central,rsu_1,147.943648,300,true,true,region_central_degraded,pool_rsu_central
127000000000,127,veh_4,rsu_north,rsu_0,2274.498038,520,false,false,region_north_normal,pool_rsu_north
127000000000,127,veh_5,rsu_central,rsu_1,29.701063,300,true,true,region_central_degraded,pool_rsu_central
127000000000,127,veh_5,rsu_north,rsu_0,2137.271373,520,false,false,region_north_normal,pool_rsu_north
127000000000,127,veh_6,rsu_central,rsu_1,121.069696,300,true,true,region_central_degraded,pool_rsu_central
127000000000,127,veh_6,rsu_north,rsu_0,2012.201914,520,false,false,region_north_normal,pool_rsu_north
127000000000,127,veh_7,rsu_central,rsu_1,253.559245,300,true,true,region_central_degraded,pool_rsu_central
127000000000,127,veh_7,rsu_north,rsu_0,1877.909989,520,false,false,region_north_normal,pool_rsu_north
127000000000,127,veh_8,rsu_central,rsu_1,379.476029,300,false,false,region_central_degraded,pool_rsu_central
127000000000,127,veh_8,rsu_north,rsu_0,1752.622724,520,false,false,region_north_normal,pool_rsu_north
127000000000,127,veh_9,rsu_central,rsu_1,511.252237,300,false,false,region_central_degraded,pool_rsu_central
127000000000,127,veh_9,rsu_north,rsu_0,1620.981811,520,false,false,region_north_normal,pool_rsu_north
127000000000,127,veh_10,rsu_central,rsu_1,635.551333,300,false,false,region_central_degraded,pool_rsu_central
127000000000,127,veh_10,rsu_north,rsu_0,1496.617239,520,false,false,region_north_normal,pool_rsu_north
127000000000,127,veh_11,rsu_central,rsu_1,781.412340,300,false,false,region_central_degraded,pool_rsu_central
127000000000,127,veh_11,rsu_north,rsu_0,1350.473920,520,false,false,region_north_normal,pool_rsu_north
128000000000,128,veh_0,rsu_central,rsu_1,688.928605,300,false,false,region_central_degraded,pool_rsu_central
128000000000,128,veh_0,rsu_north,rsu_0,2814.695980,520,false,false,region_north_normal,pool_rsu_north
128000000000,128,veh_1,rsu_central,rsu_1,554.243748,300,false,false,region_central_degraded,pool_rsu_central
128000000000,128,veh_1,rsu_north,rsu_0,2680.833209,520,false,false,region_north_normal,pool_rsu_north
128000000000,128,veh_2,rsu_central,rsu_1,425.928843,300,false,false,region_central_degraded,pool_rsu_central
128000000000,128,veh_2,rsu_north,rsu_0,2554.785996,520,false,false,region_north_normal,pool_rsu_north
128000000000,128,veh_3,rsu_central,rsu_1,300.168851,300,false,false,region_central_degraded,pool_rsu_central
128000000000,128,veh_3,rsu_north,rsu_0,2429.793920,520,false,false,region_north_normal,pool_rsu_north
128000000000,128,veh_4,rsu_central,rsu_1,180.017706,300,true,true,region_central_degraded,pool_rsu_central
128000000000,128,veh_4,rsu_north,rsu_0,2306.822897,520,false,false,region_north_normal,pool_rsu_north
128000000000,128,veh_5,rsu_central,rsu_1,49.660568,300,true,true,region_central_degraded,pool_rsu_central
128000000000,128,veh_5,rsu_north,rsu_0,2170.300984,520,false,false,region_north_normal,pool_rsu_north
128000000000,128,veh_6,rsu_central,rsu_1,90.141623,300,true,true,region_central_degraded,pool_rsu_central
128000000000,128,veh_6,rsu_north,rsu_0,2044.374098,520,false,false,region_north_normal,pool_rsu_north
128000000000,128,veh_7,rsu_central,rsu_1,220.530015,300,true,true,region_central_degraded,pool_rsu_central
128000000000,128,veh_7,rsu_north,rsu_0,1911.161873,520,false,false,region_north_normal,pool_rsu_north
128000000000,128,veh_8,rsu_central,rsu_1,347.368209,300,false,false,region_central_degraded,pool_rsu_central
128000000000,128,veh_8,rsu_north,rsu_0,1784.714665,520,false,false,region_north_normal,pool_rsu_north
128000000000,128,veh_9,rsu_central,rsu_1,479.052750,300,false,false,region_central_degraded,pool_rsu_central
128000000000,128,veh_9,rsu_north,rsu_0,1653.159563,520,false,false,region_north_normal,pool_rsu_north
128000000000,128,veh_10,rsu_central,rsu_1,602.914199,300,false,false,region_central_degraded,pool_rsu_central
128000000000,128,veh_10,rsu_north,rsu_0,1529.272545,520,false,false,region_north_normal,pool_rsu_north
128000000000,128,veh_11,rsu_central,rsu_1,746.438893,300,false,false,region_central_degraded,pool_rsu_central
128000000000,128,veh_11,rsu_north,rsu_0,1385.526572,520,false,false,region_north_normal,pool_rsu_north
129000000000,129,veh_0,rsu_central,rsu_1,720.825091,300,false,false,region_central_degraded,pool_rsu_central
129000000000,129,veh_0,rsu_north,rsu_0,2846.915645,520,false,false,region_north_normal,pool_rsu_north
129000000000,129,veh_1,rsu_central,rsu_1,586.747998,300,false,false,region_central_degraded,pool_rsu_central
129000000000,129,veh_1,rsu_north,rsu_0,2712.566753,520,false,false,region_north_normal,pool_rsu_north
129000000000,129,veh_2,rsu_central,rsu_1,457.253971,300,false,false,region_central_degraded,pool_rsu_central
129000000000,129,veh_2,rsu_north,rsu_0,2585.497730,520,false,false,region_north_normal,pool_rsu_north
129000000000,129,veh_3,rsu_central,rsu_1,330.698360,300,false,false,region_central_degraded,pool_rsu_central
129000000000,129,veh_3,rsu_north,rsu_0,2460.566383,520,false,false,region_north_normal,pool_rsu_north
129000000000,129,veh_4,rsu_central,rsu_1,212.235120,300,true,true,region_central_degraded,pool_rsu_central
129000000000,129,veh_4,rsu_north,rsu_0,2339.915001,520,false,false,region_north_normal,pool_rsu_north
129000000000,129,veh_5,rsu_central,rsu_1,78.415315,300,true,true,region_central_degraded,pool_rsu_central
129000000000,129,veh_5,rsu_north,rsu_0,2202.737227,520,false,false,region_north_normal,pool_rsu_north
129000000000,129,veh_6,rsu_central,rsu_1,60.182994,300,true,true,region_central_degraded,pool_rsu_central
129000000000,129,veh_6,rsu_north,rsu_0,2076.935427,520,false,false,region_north_normal,pool_rsu_north
129000000000,129,veh_7,rsu_central,rsu_1,188.614592,300,true,true,region_central_degraded,pool_rsu_central
129000000000,129,veh_7,rsu_north,rsu_0,1943.398839,520,false,false,region_north_normal,pool_rsu_north
129000000000,129,veh_8,rsu_central,rsu_1,314.306072,300,false,false,region_central_degraded,pool_rsu_central
129000000000,129,veh_8,rsu_north,rsu_0,1817.783031,520,false,false,region_north_normal,pool_rsu_north
129000000000,129,veh_9,rsu_central,rsu_1,446.428291,300,false,false,region_central_degraded,pool_rsu_central
129000000000,129,veh_9,rsu_north,rsu_0,1685.746131,520,false,false,region_north_normal,pool_rsu_north
129000000000,129,veh_10,rsu_central,rsu_1,570.070146,300,false,false,region_central_degraded,pool_rsu_central
129000000000,129,veh_10,rsu_north,rsu_0,1562.142389,520,false,false,region_north_normal,pool_rsu_north
129000000000,129,veh_11,rsu_central,rsu_1,711.723254,300,false,false,region_central_degraded,pool_rsu_central
129000000000,129,veh_11,rsu_north,rsu_0,1420.314256,520,false,false,region_north_normal,pool_rsu_north
130000000000,130,veh_0,rsu_central,rsu_1,753.165353,300,false,false,region_central_degraded,pool_rsu_central
130000000000,130,veh_0,rsu_north,rsu_0,2879.607710,520,false,false,region_north_normal,pool_rsu_north
130000000000,130,veh_1,rsu_central,rsu_1,619.468728,300,false,false,region_central_degraded,pool_rsu_central
130000000000,130,veh_1,rsu_north,rsu_0,2744.985374,520,false,false,region_north_normal,pool_rsu_north
130000000000,130,veh_2,rsu_central,rsu_1,489.021545,300,false,false,region_central_degraded,pool_rsu_central
130000000000,130,veh_2,rsu_north,rsu_0,2616.665466,520,false,false,region_north_normal,pool_rsu_north
130000000000,130,veh_3,rsu_central,rsu_1,361.146456,300,false,false,region_central_degraded,pool_rsu_central
130000000000,130,veh_3,rsu_north,rsu_0,2490.938479,520,false,false,region_north_normal,pool_rsu_north
130000000000,130,veh_4,rsu_central,rsu_1,243.870537,300,true,true,region_central_degraded,pool_rsu_central
130000000000,130,veh_4,rsu_north,rsu_0,2372.377735,520,false,false,region_north_normal,pool_rsu_north
130000000000,130,veh_5,rsu_central,rsu_1,109.528608,300,true,true,region_central_degraded,pool_rsu_central
130000000000,130,veh_5,rsu_north,rsu_0,2235.360672,520,false,false,region_north_normal,pool_rsu_north
130000000000,130,veh_6,rsu_central,rsu_1,35.218857,300,true,true,region_central_degraded,pool_rsu_central
130000000000,130,veh_6,rsu_north,rsu_0,2109.463004,520,false,false,region_north_normal,pool_rsu_north
130000000000,130,veh_7,rsu_central,rsu_1,156.776072,300,true,true,region_central_degraded,pool_rsu_central
130000000000,130,veh_7,rsu_north,rsu_0,1975.691594,520,false,false,region_north_normal,pool_rsu_north
130000000000,130,veh_8,rsu_central,rsu_1,282.071241,300,true,true,region_central_degraded,pool_rsu_central
130000000000,130,veh_8,rsu_north,rsu_0,1849.291090,520,false,false,region_north_normal,pool_rsu_north
130000000000,130,veh_9,rsu_central,rsu_1,413.524916,300,false,false,region_central_degraded,pool_rsu_central
130000000000,130,veh_9,rsu_north,rsu_0,1718.607613,520,false,false,region_north_normal,pool_rsu_north
130000000000,130,veh_10,rsu_central,rsu_1,537.617514,300,false,false,region_central_degraded,pool_rsu_central
130000000000,130,veh_10,rsu_north,rsu_0,1594.628903,520,false,false,region_north_normal,pool_rsu_north
130000000000,130,veh_11,rsu_central,rsu_1,676.316146,300,false,false,region_central_degraded,pool_rsu_central
130000000000,130,veh_11,rsu_north,rsu_0,1455.790506,520,false,false,region_north_normal,pool_rsu_north
131000000000,131,veh_0,rsu_central,rsu_1,784.902243,300,false,false,region_central_degraded,pool_rsu_central
131000000000,131,veh_0,rsu_north,rsu_0,2911.747296,520,false,false,region_north_normal,pool_rsu_north
131000000000,131,veh_1,rsu_central,rsu_1,652.181930,300,false,false,region_central_degraded,pool_rsu_central
131000000000,131,veh_1,rsu_north,rsu_0,2777.690467,520,false,false,region_north_normal,pool_rsu_north
131000000000,131,veh_2,rsu_central,rsu_1,521.312817,300,false,false,region_central_degraded,pool_rsu_central
131000000000,131,veh_2,rsu_north,rsu_0,2648.459539,520,false,false,region_north_normal,pool_rsu_north
131000000000,131,veh_3,rsu_central,rsu_1,392.307998,300,false,false,region_central_degraded,pool_rsu_central
131000000000,131,veh_3,rsu_north,rsu_0,2521.741878,520,false,false,region_north_normal,pool_rsu_north
131000000000,131,veh_4,rsu_central,rsu_1,275.431183,300,true,true,region_central_degraded,pool_rsu_central
131000000000,131,veh_4,rsu_north,rsu_0,2404.664151,520,false,false,region_north_normal,pool_rsu_north
131000000000,131,veh_5,rsu_central,rsu_1,142.024733,300,true,true,region_central_degraded,pool_rsu_central
131000000000,131,veh_5,rsu_north,rsu_0,2268.562963,520,false,false,region_north_normal,pool_rsu_north
131000000000,131,veh_6,rsu_central,rsu_1,31.098639,300,true,true,region_central_degraded,pool_rsu_central
131000000000,131,veh_6,rsu_north,rsu_0,2141.668489,520,false,false,region_north_normal,pool_rsu_north
131000000000,131,veh_7,rsu_central,rsu_1,124.505555,300,true,true,region_central_degraded,pool_rsu_central
131000000000,131,veh_7,rsu_north,rsu_0,2008.667843,520,false,false,region_north_normal,pool_rsu_north
131000000000,131,veh_8,rsu_central,rsu_1,249.752068,300,true,true,region_central_degraded,pool_rsu_central
131000000000,131,veh_8,rsu_north,rsu_0,1881.733472,520,false,false,region_north_normal,pool_rsu_north
131000000000,131,veh_9,rsu_central,rsu_1,381.367851,300,false,false,region_central_degraded,pool_rsu_central
131000000000,131,veh_9,rsu_north,rsu_0,1750.732496,520,false,false,region_north_normal,pool_rsu_north
131000000000,131,veh_10,rsu_central,rsu_1,504.390213,300,false,false,region_central_degraded,pool_rsu_central
131000000000,131,veh_10,rsu_north,rsu_0,1627.838578,520,false,false,region_north_normal,pool_rsu_north
131000000000,131,veh_11,rsu_central,rsu_1,644.242148,300,false,false,region_central_degraded,pool_rsu_central
131000000000,131,veh_11,rsu_north,rsu_0,1487.922732,520,false,false,region_north_normal,pool_rsu_north
132000000000,132,veh_0,rsu_central,rsu_1,817.165750,300,false,false,region_central_degraded,pool_rsu_central
132000000000,132,veh_0,rsu_north,rsu_0,2944.475747,520,false,false,region_north_normal,pool_rsu_north
132000000000,132,veh_1,rsu_central,rsu_1,685.001112,300,false,false,region_central_degraded,pool_rsu_central
132000000000,132,veh_1,rsu_north,rsu_0,2810.729052,520,false,false,region_north_normal,pool_rsu_north
132000000000,132,veh_2,rsu_central,rsu_1,553.476289,300,false,false,region_central_degraded,pool_rsu_central
132000000000,132,veh_2,rsu_north,rsu_0,2680.077233,520,false,false,region_north_normal,pool_rsu_north
132000000000,132,veh_3,rsu_central,rsu_1,424.228956,300,false,false,region_central_degraded,pool_rsu_central
132000000000,132,veh_3,rsu_north,rsu_0,2553.118978,520,false,false,region_north_normal,pool_rsu_north
132000000000,132,veh_4,rsu_central,rsu_1,306.755562,300,false,false,region_central_degraded,pool_rsu_central
132000000000,132,veh_4,rsu_north,rsu_0,2436.460599,520,false,false,region_north_normal,pool_rsu_north
132000000000,132,veh_5,rsu_central,rsu_1,174.534943,300,true,true,region_central_degraded,pool_rsu_central
132000000000,132,veh_5,rsu_north,rsu_0,2301.219230,520,false,false,region_north_normal,pool_rsu_north
132000000000,132,veh_6,rsu_central,rsu_1,52.756198,300,true,true,region_central_degraded,pool_rsu_central
132000000000,132,veh_6,rsu_north,rsu_0,2174.042820,520,false,false,region_north_normal,pool_rsu_north
132000000000,132,veh_7,rsu_central,rsu_1,92.840877,300,true,true,region_central_degraded,pool_rsu_central
132000000000,132,veh_7,rsu_north,rsu_0,2041.530828,520,false,false,region_north_normal,pool_rsu_north
132000000000,132,veh_8,rsu_central,rsu_1,217.542451,300,true,true,region_central_degraded,pool_rsu_central
132000000000,132,veh_8,rsu_north,rsu_0,1914.175473,520,false,false,region_north_normal,pool_rsu_north
132000000000,132,veh_9,rsu_central,rsu_1,348.608953,300,false,false,region_central_degraded,pool_rsu_central
132000000000,132,veh_9,rsu_north,rsu_0,1783.473986,520,false,false,region_north_normal,pool_rsu_north
132000000000,132,veh_10,rsu_central,rsu_1,471.636780,300,false,false,region_central_degraded,pool_rsu_central
132000000000,132,veh_10,rsu_north,rsu_0,1660.571627,520,false,false,region_north_normal,pool_rsu_north
132000000000,132,veh_11,rsu_central,rsu_1,611.290286,300,false,false,region_central_degraded,pool_rsu_central
132000000000,132,veh_11,rsu_north,rsu_0,1520.891121,520,false,false,region_north_normal,pool_rsu_north
133000000000,133,veh_0,rsu_central,rsu_1,847.886679,300,false,false,region_central_degraded,pool_rsu_central
133000000000,133,veh_0,rsu_north,rsu_0,2975.711425,520,false,false,region_north_normal,pool_rsu_north
133000000000,133,veh_1,rsu_central,rsu_1,717.746017,300,false,false,region_central_degraded,pool_rsu_central
133000000000,133,veh_1,rsu_north,rsu_0,2843.804470,520,false,false,region_north_normal,pool_rsu_north
133000000000,133,veh_2,rsu_central,rsu_1,584.990236,300,false,false,region_central_degraded,pool_rsu_central
133000000000,133,veh_2,rsu_north,rsu_0,2710.825374,520,false,false,region_north_normal,pool_rsu_north
133000000000,133,veh_3,rsu_central,rsu_1,456.036414,300,false,false,region_central_degraded,pool_rsu_central
133000000000,133,veh_3,rsu_north,rsu_0,2584.304211,520,false,false,region_north_normal,pool_rsu_north
133000000000,133,veh_4,rsu_central,rsu_1,337.895057,300,false,false,region_central_degraded,pool_rsu_central
133000000000,133,veh_4,rsu_north,rsu_0,2467.773328,520,false,false,region_north_normal,pool_rsu_north
133000000000,133,veh_5,rsu_central,rsu_1,206.803952,300,true,true,region_central_degraded,pool_rsu_central
133000000000,133,veh_5,rsu_north,rsu_0,2334.318056,520,false,false,region_north_normal,pool_rsu_north
133000000000,133,veh_6,rsu_central,rsu_1,82.489371,300,true,true,region_central_degraded,pool_rsu_central
133000000000,133,veh_6,rsu_north,rsu_0,2207.079648,520,false,false,region_north_normal,pool_rsu_north
133000000000,133,veh_7,rsu_central,rsu_1,62.040869,300,true,true,region_central_degraded,pool_rsu_central
133000000000,133,veh_7,rsu_north,rsu_0,2074.829987,520,false,false,region_north_normal,pool_rsu_north
133000000000,133,veh_8,rsu_central,rsu_1,185.651538,300,true,true,region_central_degraded,pool_rsu_central
133000000000,133,veh_8,rsu_north,rsu_0,1946.397458,520,false,false,region_north_normal,pool_rsu_north
133000000000,133,veh_9,rsu_central,rsu_1,316.635317,300,false,false,region_central_degraded,pool_rsu_central
133000000000,133,veh_9,rsu_north,rsu_0,1815.452803,520,false,false,region_north_normal,pool_rsu_north
133000000000,133,veh_10,rsu_central,rsu_1,438.743056,300,false,false,region_central_degraded,pool_rsu_central
133000000000,133,veh_10,rsu_north,rsu_0,1693.420833,520,false,false,region_north_normal,pool_rsu_north
133000000000,133,veh_11,rsu_central,rsu_1,578.106489,300,false,false,region_central_degraded,pool_rsu_central
133000000000,133,veh_11,rsu_north,rsu_0,1554.098989,520,false,false,region_north_normal,pool_rsu_north
134000000000,134,veh_0,rsu_central,rsu_1,880.055543,300,false,false,region_central_degraded,pool_rsu_central
134000000000,134,veh_0,rsu_north,rsu_0,3008.105159,520,false,false,region_north_normal,pool_rsu_north
134000000000,134,veh_1,rsu_central,rsu_1,750.382152,300,false,false,region_central_degraded,pool_rsu_central
134000000000,134,veh_1,rsu_north,rsu_0,2876.790696,520,false,false,region_north_normal,pool_rsu_north
134000000000,134,veh_2,rsu_central,rsu_1,617.619918,300,false,false,region_central_degraded,pool_rsu_central
134000000000,134,veh_2,rsu_north,rsu_0,2743.153490,520,false,false,region_north_normal,pool_rsu_north
134000000000,134,veh_3,rsu_central,rsu_1,487.701503,300,false,false,region_central_degraded,pool_rsu_central
134000000000,134,veh_3,rsu_north,rsu_0,2615.370104,520,false,false,region_north_normal,pool_rsu_north
134000000000,134,veh_4,rsu_central,rsu_1,368.290907,300,false,false,region_central_degraded,pool_rsu_central
134000000000,134,veh_4,rsu_north,rsu_0,2498.022754,520,false,false,region_north_normal,pool_rsu_north
134000000000,134,veh_5,rsu_central,rsu_1,238.737254,300,true,true,region_central_degraded,pool_rsu_central
134000000000,134,veh_5,rsu_north,rsu_0,2367.125227,520,false,false,region_north_normal,pool_rsu_north
134000000000,134,veh_6,rsu_central,rsu_1,113.646338,300,true,true,region_central_degraded,pool_rsu_central
134000000000,134,veh_6,rsu_north,rsu_0,2239.612775,520,false,false,region_north_normal,pool_rsu_north
134000000000,134,veh_7,rsu_central,rsu_1,36.564359,300,true,true,region_central_degraded,pool_rsu_central
134000000000,134,veh_7,rsu_north,rsu_0,2107.213704,520,false,false,region_north_normal,pool_rsu_north
134000000000,134,veh_8,rsu_central,rsu_1,153.600866,300,true,true,region_central_degraded,pool_rsu_central
134000000000,134,veh_8,rsu_north,rsu_0,1978.922695,520,false,false,region_north_normal,pool_rsu_north
134000000000,134,veh_9,rsu_central,rsu_1,284.542408,300,true,true,region_central_degraded,pool_rsu_central
134000000000,134,veh_9,rsu_north,rsu_0,1846.811767,520,false,false,region_north_normal,pool_rsu_north
134000000000,134,veh_10,rsu_central,rsu_1,406.050341,300,false,false,region_central_degraded,pool_rsu_central
134000000000,134,veh_10,rsu_north,rsu_0,1726.073889,520,false,false,region_north_normal,pool_rsu_north
134000000000,134,veh_11,rsu_central,rsu_1,545.204667,300,false,false,region_central_degraded,pool_rsu_central
134000000000,134,veh_11,rsu_north,rsu_0,1587.033019,520,false,false,region_north_normal,pool_rsu_north
135000000000,135,veh_0,rsu_central,rsu_1,912.863790,300,false,false,region_central_degraded,pool_rsu_central
135000000000,135,veh_0,rsu_north,rsu_0,3041.087949,520,false,false,region_north_normal,pool_rsu_north
135000000000,135,veh_1,rsu_central,rsu_1,783.277474,300,false,false,region_central_degraded,pool_rsu_central
135000000000,135,veh_1,rsu_north,rsu_0,2910.098346,520,false,false,region_north_normal,pool_rsu_north
135000000000,135,veh_2,rsu_central,rsu_1,650.743673,300,false,false,region_central_degraded,pool_rsu_central
135000000000,135,veh_2,rsu_north,rsu_0,2776.247758,520,false,false,region_north_normal,pool_rsu_north
135000000000,135,veh_3,rsu_central,rsu_1,519.755740,300,false,false,region_central_degraded,pool_rsu_central
135000000000,135,veh_3,rsu_north,rsu_0,2646.929721,520,false,false,region_north_normal,pool_rsu_north
135000000000,135,veh_4,rsu_central,rsu_1,399.516506,300,false,false,region_central_degraded,pool_rsu_central
135000000000,135,veh_4,rsu_north,rsu_0,2528.837607,520,false,false,region_north_normal,pool_rsu_north
135000000000,135,veh_5,rsu_central,rsu_1,269.372007,300,true,true,region_central_degraded,pool_rsu_central
135000000000,135,veh_5,rsu_north,rsu_0,2398.478218,520,false,false,region_north_normal,pool_rsu_north
135000000000,135,veh_6,rsu_central,rsu_1,145.700261,300,true,true,region_central_degraded,pool_rsu_central
135000000000,135,veh_6,rsu_north,rsu_0,2272.248903,520,false,false,region_north_normal,pool_rsu_north
135000000000,135,veh_7,rsu_central,rsu_1,30.657027,300,true,true,region_central_degraded,pool_rsu_central
135000000000,135,veh_7,rsu_north,rsu_0,2140.456943,520,false,false,region_north_normal,pool_rsu_north
135000000000,135,veh_8,rsu_central,rsu_1,121.907832,300,true,true,region_central_degraded,pool_rsu_central
135000000000,135,veh_8,rsu_north,rsu_0,2011.339288,520,false,false,region_north_normal,pool_rsu_north
135000000000,135,veh_9,rsu_central,rsu_1,252.165957,300,true,true,region_central_degraded,pool_rsu_central
135000000000,135,veh_9,rsu_north,rsu_0,1879.309182,520,false,false,region_north_normal,pool_rsu_north
135000000000,135,veh_10,rsu_central,rsu_1,372.907738,300,false,false,region_central_degraded,pool_rsu_central
135000000000,135,veh_10,rsu_north,rsu_0,1759.185756,520,false,false,region_north_normal,pool_rsu_north
135000000000,135,veh_11,rsu_central,rsu_1,512.477603,300,false,false,region_central_degraded,pool_rsu_central
135000000000,135,veh_11,rsu_north,rsu_0,1619.757418,520,false,false,region_north_normal,pool_rsu_north
136000000000,136,veh_0,rsu_central,rsu_1,945.703402,300,false,false,region_central_degraded,pool_rsu_central
136000000000,136,veh_0,rsu_north,rsu_0,3074.025618,520,false,false,region_north_normal,pool_rsu_north
136000000000,136,veh_1,rsu_central,rsu_1,815.559307,300,false,false,region_central_degraded,pool_rsu_central
136000000000,136,veh_1,rsu_north,rsu_0,2942.846580,520,false,false,region_north_normal,pool_rsu_north
136000000000,136,veh_2,rsu_central,rsu_1,683.202418,300,false,false,region_central_degraded,pool_rsu_central
136000000000,136,veh_2,rsu_north,rsu_0,2808.912126,520,false,false,region_north_normal,pool_rsu_north
136000000000,136,veh_3,rsu_central,rsu_1,552.330022,300,false,false,region_central_degraded,pool_rsu_central
136000000000,136,veh_3,rsu_north,rsu_0,2678.948111,520,false,false,region_north_normal,pool_rsu_north
136000000000,136,veh_4,rsu_central,rsu_1,430.702716,300,false,false,region_central_degraded,pool_rsu_central
136000000000,136,veh_4,rsu_north,rsu_0,2559.465562,520,false,false,region_north_normal,pool_rsu_north
136000000000,136,veh_5,rsu_central,rsu_1,300.204928,300,false,false,region_central_degraded,pool_rsu_central
136000000000,136,veh_5,rsu_north,rsu_0,2429.830482,520,false,false,region_north_normal,pool_rsu_north
136000000000,136,veh_6,rsu_central,rsu_1,178.053284,300,true,true,region_central_degraded,pool_rsu_central
136000000000,136,veh_6,rsu_north,rsu_0,2304.797291,520,false,false,region_north_normal,pool_rsu_north
136000000000,136,veh_7,rsu_central,rsu_1,52.404252,300,true,true,region_central_degraded,pool_rsu_central
136000000000,136,veh_7,rsu_north,rsu_0,2173.622487,520,false,false,region_north_normal,pool_rsu_north
136000000000,136,veh_8,rsu_central,rsu_1,90.864265,300,true,true,region_central_degraded,pool_rsu_central
136000000000,136,veh_8,rsu_north,rsu_0,2043.611992,520,false,false,region_north_normal,pool_rsu_north
136000000000,136,veh_9,rsu_central,rsu_1,219.288536,300,true,true,region_central_degraded,pool_rsu_central
136000000000,136,veh_9,rsu_north,rsu_0,1912.414084,520,false,false,region_north_normal,pool_rsu_north
136000000000,136,veh_10,rsu_central,rsu_1,339.772416,300,false,false,region_central_degraded,pool_rsu_central
136000000000,136,veh_10,rsu_north,rsu_0,1792.310502,520,false,false,region_north_normal,pool_rsu_north
136000000000,136,veh_11,rsu_central,rsu_1,479.305465,300,false,false,region_central_degraded,pool_rsu_central
136000000000,136,veh_11,rsu_north,rsu_0,1652.906988,520,false,false,region_north_normal,pool_rsu_north
137000000000,137,veh_0,rsu_central,rsu_1,978.773202,300,false,false,region_central_degraded,pool_rsu_central
137000000000,137,veh_0,rsu_north,rsu_0,3107.138773,520,false,false,region_north_normal,pool_rsu_north
137000000000,137,veh_1,rsu_central,rsu_1,846.920510,300,false,false,region_central_degraded,pool_rsu_central
137000000000,137,veh_1,rsu_north,rsu_0,2974.693688,520,false,false,region_north_normal,pool_rsu_north
137000000000,137,veh_2,rsu_central,rsu_1,715.176721,300,false,false,region_central_degraded,pool_rsu_central
137000000000,137,veh_2,rsu_north,rsu_0,2841.208133,520,false,false,region_north_normal,pool_rsu_north
137000000000,137,veh_3,rsu_central,rsu_1,584.017937,300,false,false,region_central_degraded,pool_rsu_central
137000000000,137,veh_3,rsu_north,rsu_0,2709.862143,520,false,false,region_north_normal,pool_rsu_north
137000000000,137,veh_4,rsu_central,rsu_1,462.512963,300,false,false,region_central_degraded,pool_rsu_central
137000000000,137,veh_4,rsu_north,rsu_0,2590.651729,520,false,false,region_north_normal,pool_rsu_north
137000000000,137,veh_5,rsu_central,rsu_1,330.968252,300,false,false,region_central_degraded,pool_rsu_central
137000000000,137,veh_5,rsu_north,rsu_0,2460.836979,520,false,false,region_north_normal,pool_rsu_north
137000000000,137,veh_6,rsu_central,rsu_1,209.777739,300,true,true,region_central_degraded,pool_rsu_central
137000000000,137,veh_6,rsu_north,rsu_0,2337.384068,520,false,false,region_north_normal,pool_rsu_north
137000000000,137,veh_7,rsu_central,rsu_1,81.254423,300,true,true,region_central_degraded,pool_rsu_central
137000000000,137,veh_7,rsu_north,rsu_0,2205.766479,520,false,false,region_north_normal,pool_rsu_north
137000000000,137,veh_8,rsu_central,rsu_1,60.523116,300,true,true,region_central_degraded,pool_rsu_central
137000000000,137,veh_8,rsu_north,rsu_0,2076.548606,520,false,false,region_north_normal,pool_rsu_north
137000000000,137,veh_9,rsu_central,rsu_1,186.650262,300,true,true,region_central_degraded,pool_rsu_central
137000000000,137,veh_9,rsu_north,rsu_0,1945.386619,520,false,false,region_north_normal,pool_rsu_north
137000000000,137,veh_10,rsu_central,rsu_1,306.777821,300,false,false,region_central_degraded,pool_rsu_central
137000000000,137,veh_10,rsu_north,rsu_0,1825.315088,520,false,false,region_north_normal,pool_rsu_north
137000000000,137,veh_11,rsu_central,rsu_1,446.126893,300,false,false,region_central_degraded,pool_rsu_central
137000000000,137,veh_11,rsu_north,rsu_0,1686.047108,520,false,false,region_north_normal,pool_rsu_north
138000000000,138,veh_0,rsu_central,rsu_1,1011.335668,300,false,false,region_central_degraded,pool_rsu_central
138000000000,138,veh_0,rsu_north,rsu_0,3139.678329,520,false,false,region_north_normal,pool_rsu_north
138000000000,138,veh_1,rsu_central,rsu_1,878.380115,300,false,false,region_central_degraded,pool_rsu_central
138000000000,138,veh_1,rsu_north,rsu_0,3006.421782,520,false,false,region_north_normal,pool_rsu_north
138000000000,138,veh_2,rsu_central,rsu_1,747.542441,300,false,false,region_central_degraded,pool_rsu_central
138000000000,138,veh_2,rsu_north,rsu_0,2873.916132,520,false,false,region_north_normal,pool_rsu_north
138000000000,138,veh_3,rsu_central,rsu_1,616.431947,300,false,false,region_central_degraded,pool_rsu_central
138000000000,138,veh_3,rsu_north,rsu_0,2741.976404,520,false,false,region_north_normal,pool_rsu_north
138000000000,138,veh_4,rsu_central,rsu_1,494.555056,300,false,false,region_central_degraded,pool_rsu_central
138000000000,138,veh_4,rsu_north,rsu_0,2622.103141,520,false,false,region_north_normal,pool_rsu_north
138000000000,138,veh_5,rsu_central,rsu_1,361.653972,300,false,false,region_central_degraded,pool_rsu_central
138000000000,138,veh_5,rsu_north,rsu_0,2491.442198,520,false,false,region_north_normal,pool_rsu_north
138000000000,138,veh_6,rsu_central,rsu_1,241.556972,300,true,true,region_central_degraded,pool_rsu_central
138000000000,138,veh_6,rsu_north,rsu_0,2370.011455,520,false,false,region_north_normal,pool_rsu_north
138000000000,138,veh_7,rsu_central,rsu_1,112.576259,300,true,true,region_central_degraded,pool_rsu_central
138000000000,138,veh_7,rsu_north,rsu_0,2238.508769,520,false,false,region_north_normal,pool_rsu_north
138000000000,138,veh_8,rsu_central,rsu_1,35.453019,300,true,true,region_central_degraded,pool_rsu_central
138000000000,138,veh_8,rsu_north,rsu_0,2109.060294,520,false,false,region_north_normal,pool_rsu_north
138000000000,138,veh_9,rsu_central,rsu_1,155.051263,300,true,true,region_central_degraded,pool_rsu_central
138000000000,138,veh_9,rsu_north,rsu_0,1977.446474,520,false,false,region_north_normal,pool_rsu_north
138000000000,138,veh_10,rsu_central,rsu_1,274.767335,300,true,true,region_central_degraded,pool_rsu_central
138000000000,138,veh_10,rsu_north,rsu_0,1856.620056,520,false,false,region_north_normal,pool_rsu_north
138000000000,138,veh_11,rsu_central,rsu_1,413.689746,300,false,false,region_central_degraded,pool_rsu_central
138000000000,138,veh_11,rsu_north,rsu_0,1718.442972,520,false,false,region_north_normal,pool_rsu_north
139000000000,139,veh_0,rsu_central,rsu_1,1043.767083,300,false,false,region_central_degraded,pool_rsu_central
139000000000,139,veh_0,rsu_north,rsu_0,3171.977296,520,false,false,region_north_normal,pool_rsu_north
139000000000,139,veh_1,rsu_central,rsu_1,910.646741,300,false,false,region_central_degraded,pool_rsu_central
139000000000,139,veh_1,rsu_north,rsu_0,3038.859089,520,false,false,region_north_normal,pool_rsu_north
139000000000,139,veh_2,rsu_central,rsu_1,779.818250,300,false,false,region_central_degraded,pool_rsu_central
139000000000,139,veh_2,rsu_north,rsu_0,2906.587080,520,false,false,region_north_normal,pool_rsu_north
139000000000,139,veh_3,rsu_central,rsu_1,649.681317,300,false,false,region_central_degraded,pool_rsu_central
139000000000,139,veh_3,rsu_north,rsu_0,2775.182101,520,false,false,region_north_normal,pool_rsu_north
139000000000,139,veh_4,rsu_central,rsu_1,527.239605,300,false,false,region_central_degraded,pool_rsu_central
139000000000,139,veh_4,rsu_north,rsu_0,2654.282163,520,false,false,region_north_normal,pool_rsu_north
139000000000,139,veh_5,rsu_central,rsu_1,392.889143,300,false,false,region_central_degraded,pool_rsu_central
139000000000,139,veh_5,rsu_north,rsu_0,2522.314175,520,false,false,region_north_normal,pool_rsu_north
139000000000,139,veh_6,rsu_central,rsu_1,273.095578,300,true,true,region_central_degraded,pool_rsu_central
139000000000,139,veh_6,rsu_north,rsu_0,2402.281455,520,false,false,region_north_normal,pool_rsu_north
139000000000,139,veh_7,rsu_central,rsu_1,144.191628,300,true,true,region_central_degraded,pool_rsu_central
139000000000,139,veh_7,rsu_north,rsu_0,2270.736150,520,false,false,region_north_normal,pool_rsu_north
139000000000,139,veh_8,rsu_central,rsu_1,31.275918,300,true,true,region_central_degraded,pool_rsu_central
139000000000,139,veh_8,rsu_north,rsu_0,2142.125814,520,false,false,region_north_normal,pool_rsu_north
139000000000,139,veh_9,rsu_central,rsu_1,123.386387,300,true,true,region_central_degraded,pool_rsu_central
139000000000,139,veh_9,rsu_north,rsu_0,2009.818376,520,false,false,region_north_normal,pool_rsu_north
139000000000,139,veh_10,rsu_central,rsu_1,242.736471,300,true,true,region_central_degraded,pool_rsu_central
139000000000,139,veh_10,rsu_north,rsu_0,1888.782239,520,false,false,region_north_normal,pool_rsu_north
139000000000,139,veh_11,rsu_central,rsu_1,380.656877,300,false,false,region_central_degraded,pool_rsu_central
139000000000,139,veh_11,rsu_north,rsu_0,1751.442867,520,false,false,region_north_normal,pool_rsu_north
140000000000,140,veh_0,rsu_central,rsu_1,1076.435826,300,false,false,region_central_degraded,pool_rsu_central
140000000000,140,veh_0,rsu_north,rsu_0,3204.484085,520,false,false,region_north_normal,pool_rsu_north
140000000000,140,veh_1,rsu_central,rsu_1,942.529007,300,false,false,region_central_degraded,pool_rsu_central
140000000000,140,veh_1,rsu_north,rsu_0,3070.846899,520,false,false,region_north_normal,pool_rsu_north
140000000000,140,veh_2,rsu_central,rsu_1,811.025894,300,false,false,region_central_degraded,pool_rsu_central
140000000000,140,veh_2,rsu_north,rsu_0,2938.248157,520,false,false,region_north_normal,pool_rsu_north
140000000000,140,veh_3,rsu_central,rsu_1,681.995505,300,false,false,region_central_degraded,pool_rsu_central
140000000000,140,veh_3,rsu_north,rsu_0,2807.692918,520,false,false,region_north_normal,pool_rsu_north
140000000000,140,veh_4,rsu_central,rsu_1,560.071401,300,false,false,region_central_degraded,pool_rsu_central
140000000000,140,veh_4,rsu_north,rsu_0,2686.573582,520,false,false,region_north_normal,pool_rsu_north
140000000000,140,veh_5,rsu_central,rsu_1,424.575071,300,false,false,region_central_degraded,pool_rsu_central
140000000000,140,veh_5,rsu_north,rsu_0,2553.458432,520,false,false,region_north_normal,pool_rsu_north
140000000000,140,veh_6,rsu_central,rsu_1,304.073992,300,false,false,region_central_degraded,pool_rsu_central
140000000000,140,veh_6,rsu_north,rsu_0,2433.748562,520,false,false,region_north_normal,pool_rsu_north
140000000000,140,veh_7,rsu_central,rsu_1,175.922542,300,true,true,region_central_degraded,pool_rsu_central
140000000000,140,veh_7,rsu_north,rsu_0,2302.626227,520,false,false,region_north_normal,pool_rsu_north
140000000000,140,veh_8,rsu_central,rsu_1,52.986396,300,true,true,region_central_degraded,pool_rsu_central
140000000000,140,veh_8,rsu_north,rsu_0,2174.317106,520,false,false,region_north_normal,pool_rsu_north
140000000000,140,veh_9,rsu_central,rsu_1,91.348456,300,true,true,region_central_degraded,pool_rsu_central
140000000000,140,veh_9,rsu_north,rsu_0,2043.101738,520,false,false,region_north_normal,pool_rsu_north
140000000000,140,veh_10,rsu_central,rsu_1,210.929708,300,true,true,region_central_degraded,pool_rsu_central
140000000000,140,veh_10,rsu_north,rsu_0,1920.848508,520,false,false,region_north_normal,pool_rsu_north
140000000000,140,veh_11,rsu_central,rsu_1,347.542917,300,false,false,region_central_degraded,pool_rsu_central
140000000000,140,veh_11,rsu_north,rsu_0,1784.539966,520,false,false,region_north_normal,pool_rsu_north
141000000000,141,veh_0,rsu_central,rsu_1,1109.262299,300,false,false,region_central_degraded,pool_rsu_central
141000000000,141,veh_0,rsu_north,rsu_0,3237.106675,520,false,false,region_north_normal,pool_rsu_north
141000000000,141,veh_1,rsu_central,rsu_1,974.609693,300,false,false,region_central_degraded,pool_rsu_central
141000000000,141,veh_1,rsu_north,rsu_0,3102.969969,520,false,false,region_north_normal,pool_rsu_north
141000000000,141,veh_2,rsu_central,rsu_1,842.963831,300,false,false,region_central_degraded,pool_rsu_central
141000000000,141,veh_2,rsu_north,rsu_0,2970.617288,520,false,false,region_north_normal,pool_rsu_north
141000000000,141,veh_3,rsu_central,rsu_1,714.140140,300,false,false,region_central_degraded,pool_rsu_central
141000000000,141,veh_3,rsu_north,rsu_0,2840.160575,520,false,false,region_north_normal,pool_rsu_north
141000000000,141,veh_4,rsu_central,rsu_1,591.962714,300,false,false,region_central_degraded,pool_rsu_central
141000000000,141,veh_4,rsu_north,rsu_0,2717.732961,520,false,false,region_north_normal,pool_rsu_north
141000000000,141,veh_5,rsu_central,rsu_1,456.236287,300,false,false,region_central_degraded,pool_rsu_central
141000000000,141,veh_5,rsu_north,rsu_0,2584.500145,520,false,false,region_north_normal,pool_rsu_north
141000000000,141,veh_6,rsu_central,rsu_1,334.823854,300,false,false,region_central_degraded,pool_rsu_central
141000000000,141,veh_6,rsu_north,rsu_0,2464.699891,520,false,false,region_north_normal,pool_rsu_north
141000000000,141,veh_7,rsu_central,rsu_1,207.373138,300,true,true,region_central_degraded,pool_rsu_central
141000000000,141,veh_7,rsu_north,rsu_0,2334.905174,520,false,false,region_north_normal,pool_rsu_north
141000000000,141,veh_8,rsu_central,rsu_1,81.952615,300,true,true,region_central_degraded,pool_rsu_central
141000000000,141,veh_8,rsu_north,rsu_0,2206.509211,520,false,false,region_north_normal,pool_rsu_north
141000000000,141,veh_9,rsu_central,rsu_1,61.160961,300,true,true,region_central_degraded,pool_rsu_central
141000000000,141,veh_9,rsu_north,rsu_0,2075.824879,520,false,false,region_north_normal,pool_rsu_north
141000000000,141,veh_10,rsu_central,rsu_1,178.449986,300,true,true,region_central_degraded,pool_rsu_central
141000000000,141,veh_10,rsu_north,rsu_0,1953.690473,520,false,false,region_north_normal,pool_rsu_north
141000000000,141,veh_11,rsu_central,rsu_1,314.343799,300,false,false,region_central_degraded,pool_rsu_central
141000000000,141,veh_11,rsu_north,rsu_0,1817.745287,520,false,false,region_north_normal,pool_rsu_north
142000000000,142,veh_0,rsu_central,rsu_1,1139.719385,300,false,false,region_central_degraded,pool_rsu_central
142000000000,142,veh_0,rsu_north,rsu_0,3267.195428,520,false,false,region_north_normal,pool_rsu_north
142000000000,142,veh_1,rsu_central,rsu_1,1007.508547,300,false,false,region_central_degraded,pool_rsu_central
142000000000,142,veh_1,rsu_north,rsu_0,3135.859573,520,false,false,region_north_normal,pool_rsu_north
142000000000,142,veh_2,rsu_central,rsu_1,874.225647,300,false,false,region_central_degraded,pool_rsu_central
142000000000,142,veh_2,rsu_north,rsu_0,3002.247435,520,false,false,region_north_normal,pool_rsu_north
142000000000,142,veh_3,rsu_central,rsu_1,746.050033,300,false,false,region_central_degraded,pool_rsu_central
142000000000,142,veh_3,rsu_north,rsu_0,2872.405262,520,false,false,region_north_normal,pool_rsu_north
142000000000,142,veh_4,rsu_central,rsu_1,624.832157,300,false,false,region_central_degraded,pool_rsu_central
142000000000,142,veh_4,rsu_north,rsu_0,2750.299800,520,false,false,region_north_normal,pool_rsu_north
142000000000,142,veh_5,rsu_central,rsu_1,488.868414,300,false,false,region_central_degraded,pool_rsu_central
142000000000,142,veh_5,rsu_north,rsu_0,2616.515201,520,false,false,region_north_normal,pool_rsu_north
142000000000,142,veh_6,rsu_central,rsu_1,365.926441,300,false,false,region_central_degraded,pool_rsu_central
142000000000,142,veh_6,rsu_north,rsu_0,2495.679784,520,false,false,region_north_normal,pool_rsu_north
142000000000,142,veh_7,rsu_central,rsu_1,238.970351,300,true,true,region_central_degraded,pool_rsu_central
142000000000,142,veh_7,rsu_north,rsu_0,2367.363919,520,false,false,region_north_normal,pool_rsu_north
142000000000,142,veh_8,rsu_central,rsu_1,113.681746,300,true,true,region_central_degraded,pool_rsu_central
142000000000,142,veh_8,rsu_north,rsu_0,2239.649294,520,false,false,region_north_normal,pool_rsu_north
142000000000,142,veh_9,rsu_central,rsu_1,35.859967,300,true,true,region_central_degraded,pool_rsu_central
142000000000,142,veh_9,rsu_north,rsu_0,2108.372337,520,false,false,region_north_normal,pool_rsu_north
142000000000,142,veh_10,rsu_central,rsu_1,146.174549,300,true,true,region_central_degraded,pool_rsu_central
142000000000,142,veh_10,rsu_north,rsu_0,1986.489504,520,false,false,region_north_normal,pool_rsu_north
142000000000,142,veh_11,rsu_central,rsu_1,282.718700,300,true,true,region_central_degraded,pool_rsu_central
142000000000,142,veh_11,rsu_north,rsu_0,1848.641478,520,false,false,region_north_normal,pool_rsu_north
143000000000,143,veh_0,rsu_central,rsu_1,1165.887900,300,false,false,region_central_degraded,pool_rsu_central
143000000000,143,veh_0,rsu_north,rsu_0,3292.922081,520,false,false,region_north_normal,pool_rsu_north
143000000000,143,veh_1,rsu_central,rsu_1,1039.748041,300,false,false,region_central_degraded,pool_rsu_central
143000000000,143,veh_1,rsu_north,rsu_0,3167.978135,520,false,false,region_north_normal,pool_rsu_north
143000000000,143,veh_2,rsu_central,rsu_1,906.260620,300,false,false,region_central_degraded,pool_rsu_central
143000000000,143,veh_2,rsu_north,rsu_0,3034.449356,520,false,false,region_north_normal,pool_rsu_north
143000000000,143,veh_3,rsu_central,rsu_1,778.392194,300,false,false,region_central_degraded,pool_rsu_central
143000000000,143,veh_3,rsu_north,rsu_0,2905.139348,520,false,false,region_north_normal,pool_rsu_north
143000000000,143,veh_4,rsu_central,rsu_1,658.098344,300,false,false,region_central_degraded,pool_rsu_central
143000000000,143,veh_4,rsu_north,rsu_0,2783.637057,520,false,false,region_north_normal,pool_rsu_north
143000000000,143,veh_5,rsu_central,rsu_1,521.165736,300,false,false,region_central_degraded,pool_rsu_central
143000000000,143,veh_5,rsu_north,rsu_0,2648.315035,520,false,false,region_north_normal,pool_rsu_north
143000000000,143,veh_6,rsu_central,rsu_1,396.328080,300,false,false,region_central_degraded,pool_rsu_central
143000000000,143,veh_6,rsu_north,rsu_0,2525.699325,520,false,false,region_north_normal,pool_rsu_north
143000000000,143,veh_7,rsu_central,rsu_1,269.964897,300,true,true,region_central_degraded,pool_rsu_central
143000000000,143,veh_7,rsu_north,rsu_0,2399.084179,520,false,false,region_north_normal,pool_rsu_north
143000000000,143,veh_8,rsu_central,rsu_1,145.442343,300,true,true,region_central_degraded,pool_rsu_central
143000000000,143,veh_8,rsu_north,rsu_0,2271.990296,520,false,false,region_north_normal,pool_rsu_north
143000000000,143,veh_9,rsu_central,rsu_1,31.009426,300,true,true,region_central_degraded,pool_rsu_central
143000000000,143,veh_9,rsu_north,rsu_0,2141.432566,520,false,false,region_north_normal,pool_rsu_north
143000000000,143,veh_10,rsu_central,rsu_1,114.844943,300,true,true,region_central_degraded,pool_rsu_central
143000000000,143,veh_10,rsu_north,rsu_0,2018.620283,520,false,false,region_north_normal,pool_rsu_north
143000000000,143,veh_11,rsu_central,rsu_1,250.625003,300,true,true,region_central_degraded,pool_rsu_central
143000000000,143,veh_11,rsu_north,rsu_0,1880.856751,520,false,false,region_north_normal,pool_rsu_north
144000000000,144,veh_0,rsu_central,rsu_1,1191.443951,300,false,false,region_central_degraded,pool_rsu_central
144000000000,144,veh_0,rsu_north,rsu_0,3317.895239,520,false,false,region_north_normal,pool_rsu_north
144000000000,144,veh_1,rsu_central,rsu_1,1072.728973,300,false,false,region_central_degraded,pool_rsu_central
144000000000,144,veh_1,rsu_north,rsu_0,3200.795325,520,false,false,region_north_normal,pool_rsu_north
144000000000,144,veh_2,rsu_central,rsu_1,939.359706,300,false,false,region_central_degraded,pool_rsu_central
144000000000,144,veh_2,rsu_north,rsu_0,3067.673253,520,false,false,region_north_normal,pool_rsu_north
144000000000,144,veh_3,rsu_central,rsu_1,810.078391,300,false,false,region_central_degraded,pool_rsu_central
144000000000,144,veh_3,rsu_north,rsu_0,2937.286899,520,false,false,region_north_normal,pool_rsu_north
144000000000,144,veh_4,rsu_central,rsu_1,690.099970,300,false,false,region_central_degraded,pool_rsu_central
144000000000,144,veh_4,rsu_north,rsu_0,2815.879008,520,false,false,region_north_normal,pool_rsu_north
144000000000,144,veh_5,rsu_central,rsu_1,552.866488,300,false,false,region_central_degraded,pool_rsu_central
144000000000,144,veh_5,rsu_north,rsu_0,2679.476554,520,false,false,region_north_normal,pool_rsu_north
144000000000,144,veh_6,rsu_central,rsu_1,428.158788,300,false,false,region_central_degraded,pool_rsu_central
144000000000,144,veh_6,rsu_north,rsu_0,2556.972251,520,false,false,region_north_normal,pool_rsu_north
144000000000,144,veh_7,rsu_central,rsu_1,300.891378,300,false,false,region_central_degraded,pool_rsu_central
144000000000,144,veh_7,rsu_north,rsu_0,2430.526075,520,false,false,region_north_normal,pool_rsu_north
144000000000,144,veh_8,rsu_central,rsu_1,177.938815,300,true,true,region_central_degraded,pool_rsu_central
144000000000,144,veh_8,rsu_north,rsu_0,2304.679208,520,false,false,region_north_normal,pool_rsu_north
144000000000,144,veh_9,rsu_central,rsu_1,53.099727,300,true,true,region_central_degraded,pool_rsu_central
144000000000,144,veh_9,rsu_north,rsu_0,2174.451959,520,false,false,region_north_normal,pool_rsu_north
144000000000,144,veh_10,rsu_central,rsu_1,83.627059,300,true,true,region_central_degraded,pool_rsu_central
144000000000,144,veh_10,rsu_north,rsu_0,2051.278106,520,false,false,region_north_normal,pool_rsu_north
144000000000,144,veh_11,rsu_central,rsu_1,218.265833,300,true,true,region_central_degraded,pool_rsu_central
144000000000,144,veh_11,rsu_north,rsu_0,1913.445721,520,false,false,region_north_normal,pool_rsu_north
145000000000,145,veh_0,rsu_central,rsu_1,1216.817528,300,false,false,region_central_degraded,pool_rsu_central
145000000000,145,veh_0,rsu_north,rsu_0,3342.573096,520,false,false,region_north_normal,pool_rsu_north
145000000000,145,veh_1,rsu_central,rsu_1,1104.938130,300,false,false,region_central_degraded,pool_rsu_central
145000000000,145,veh_1,rsu_north,rsu_0,3232.828389,520,false,false,region_north_normal,pool_rsu_north
145000000000,145,veh_2,rsu_central,rsu_1,971.486613,300,false,false,region_central_degraded,pool_rsu_central
145000000000,145,veh_2,rsu_north,rsu_0,3099.842886,520,false,false,region_north_normal,pool_rsu_north
145000000000,145,veh_3,rsu_central,rsu_1,842.255607,300,false,false,region_central_degraded,pool_rsu_central
145000000000,145,veh_3,rsu_north,rsu_0,2969.900154,520,false,false,region_north_normal,pool_rsu_north
145000000000,145,veh_4,rsu_central,rsu_1,722.059426,300,false,false,region_central_degraded,pool_rsu_central
145000000000,145,veh_4,rsu_north,rsu_0,2848.162756,520,false,false,region_north_normal,pool_rsu_north
145000000000,145,veh_5,rsu_central,rsu_1,584.855684,300,false,false,region_central_degraded,pool_rsu_central
145000000000,145,veh_5,rsu_north,rsu_0,2710.692076,520,false,false,region_north_normal,pool_rsu_north
145000000000,145,veh_6,rsu_central,rsu_1,459.246538,300,false,false,region_central_degraded,pool_rsu_central
145000000000,145,veh_6,rsu_north,rsu_0,2587.450738,520,false,false,region_north_normal,pool_rsu_north
145000000000,145,veh_7,rsu_central,rsu_1,331.211787,300,false,false,region_central_degraded,pool_rsu_central
145000000000,145,veh_7,rsu_north,rsu_0,2461.081128,520,false,false,region_north_normal,pool_rsu_north
145000000000,145,veh_8,rsu_central,rsu_1,209.623822,300,true,true,region_central_degraded,pool_rsu_central
145000000000,145,veh_8,rsu_north,rsu_0,2337.225465,520,false,false,region_north_normal,pool_rsu_north
145000000000,145,veh_9,rsu_central,rsu_1,82.124368,300,true,true,region_central_degraded,pool_rsu_central
145000000000,145,veh_9,rsu_north,rsu_0,2206.691794,520,false,false,region_north_normal,pool_rsu_north
145000000000,145,veh_10,rsu_central,rsu_1,54.467154,300,true,true,region_central_degraded,pool_rsu_central
145000000000,145,veh_10,rsu_north,rsu_0,2083.545732,520,false,false,region_north_normal,pool_rsu_north
145000000000,145,veh_11,rsu_central,rsu_1,185.944470,300,true,true,region_central_degraded,pool_rsu_central
145000000000,145,veh_11,rsu_north,rsu_0,1946.100959,520,false,false,region_north_normal,pool_rsu_north
146000000000,146,veh_0,rsu_central,rsu_1,1242.205489,300,false,false,region_central_degraded,pool_rsu_central
146000000000,146,veh_0,rsu_north,rsu_0,3367.157340,520,false,false,region_north_normal,pool_rsu_north
146000000000,146,veh_1,rsu_central,rsu_1,1136.119514,300,false,false,region_central_degraded,pool_rsu_central
146000000000,146,veh_1,rsu_north,rsu_0,3263.654422,520,false,false,region_north_normal,pool_rsu_north
146000000000,146,veh_2,rsu_central,rsu_1,1004.537871,300,false,false,region_central_degraded,pool_rsu_central
146000000000,146,veh_2,rsu_north,rsu_0,3132.895399,520,false,false,region_north_normal,pool_rsu_north
146000000000,146,veh_3,rsu_central,rsu_1,873.291335,300,false,false,region_central_degraded,pool_rsu_central
146000000000,146,veh_3,rsu_north,rsu_0,3001.308619,520,false,false,region_north_normal,pool_rsu_north
146000000000,146,veh_4,rsu_central,rsu_1,754.534075,300,false,false,region_central_degraded,pool_rsu_central
146000000000,146,veh_4,rsu_north,rsu_0,2880.992935,520,false,false,region_north_normal,pool_rsu_north
146000000000,146,veh_5,rsu_central,rsu_1,617.895758,300,false,false,region_central_degraded,pool_rsu_central
146000000000,146,veh_5,rsu_north,rsu_0,2743.426803,520,false,false,region_north_normal,pool_rsu_north
146000000000,146,veh_6,rsu_central,rsu_1,491.732292,300,false,false,region_central_degraded,pool_rsu_central
146000000000,146,veh_6,rsu_north,rsu_0,2619.325342,520,false,false,region_north_normal,pool_rsu_north
146000000000,146,veh_7,rsu_central,rsu_1,361.446287,300,false,false,region_central_degraded,pool_rsu_central
146000000000,146,veh_7,rsu_north,rsu_0,2491.236077,520,false,false,region_north_normal,pool_rsu_north
146000000000,146,veh_8,rsu_central,rsu_1,240.868286,300,true,true,region_central_degraded,pool_rsu_central
146000000000,146,veh_8,rsu_north,rsu_0,2369.306757,520,false,false,region_north_normal,pool_rsu_north
146000000000,146,veh_9,rsu_central,rsu_1,113.494001,300,true,true,region_central_degraded,pool_rsu_central
146000000000,146,veh_9,rsu_north,rsu_0,2239.455649,520,false,false,region_north_normal,pool_rsu_north
146000000000,146,veh_10,rsu_central,rsu_1,31.927277,300,true,true,region_central_degraded,pool_rsu_central
146000000000,146,veh_10,rsu_north,rsu_0,2115.919011,520,false,false,region_north_normal,pool_rsu_north
146000000000,146,veh_11,rsu_central,rsu_1,154.047522,300,true,true,region_central_degraded,pool_rsu_central
146000000000,146,veh_11,rsu_north,rsu_0,1978.468033,520,false,false,region_north_normal,pool_rsu_north
147000000000,147,veh_0,rsu_central,rsu_1,1266.860809,300,false,false,region_central_degraded,pool_rsu_central
147000000000,147,veh_0,rsu_north,rsu_0,3390.870728,520,false,false,region_north_normal,pool_rsu_north
147000000000,147,veh_1,rsu_central,rsu_1,1162.376322,300,false,false,region_central_degraded,pool_rsu_central
147000000000,147,veh_1,rsu_north,rsu_0,3289.471192,520,false,false,region_north_normal,pool_rsu_north
147000000000,147,veh_2,rsu_central,rsu_1,1037.151057,300,false,false,region_central_degraded,pool_rsu_central
147000000000,147,veh_2,rsu_north,rsu_0,3165.393985,520,false,false,region_north_normal,pool_rsu_north
147000000000,147,veh_3,rsu_central,rsu_1,906.023391,300,false,false,region_central_degraded,pool_rsu_central
147000000000,147,veh_3,rsu_north,rsu_0,3034.210840,520,false,false,region_north_normal,pool_rsu_north
147000000000,147,veh_4,rsu_central,rsu_1,786.558070,300,false,false,region_central_degraded,pool_rsu_central
147000000000,147,veh_4,rsu_north,rsu_0,2913.427596,520,false,false,region_north_normal,pool_rsu_north
147000000000,147,veh_5,rsu_central,rsu_1,651.054469,300,false,false,region_central_degraded,pool_rsu_central
147000000000,147,veh_5,rsu_north,rsu_0,2776.559518,520,false,false,region_north_normal,pool_rsu_north
147000000000,147,veh_6,rsu_central,rsu_1,524.528898,300,false,false,region_central_degraded,pool_rsu_central
147000000000,147,veh_6,rsu_north,rsu_0,2651.619176,520,false,false,region_north_normal,pool_rsu_north
147000000000,147,veh_7,rsu_central,rsu_1,391.951317,300,false,false,region_central_degraded,pool_rsu_central
147000000000,147,veh_7,rsu_north,rsu_0,2521.390590,520,false,false,region_north_normal,pool_rsu_north
147000000000,147,veh_8,rsu_central,rsu_1,272.423592,300,true,true,region_central_degraded,pool_rsu_central
147000000000,147,veh_8,rsu_north,rsu_0,2401.595515,520,false,false,region_north_normal,pool_rsu_north
147000000000,147,veh_9,rsu_central,rsu_1,145.405499,300,true,true,region_central_degraded,pool_rsu_central
147000000000,147,veh_9,rsu_north,rsu_0,2271.953352,520,false,false,region_north_normal,pool_rsu_north
147000000000,147,veh_10,rsu_central,rsu_1,34.071047,300,true,true,region_central_degraded,pool_rsu_central
147000000000,147,veh_10,rsu_north,rsu_0,2148.093965,520,false,false,region_north_normal,pool_rsu_north
147000000000,147,veh_11,rsu_central,rsu_1,121.635019,300,true,true,region_central_degraded,pool_rsu_central
147000000000,147,veh_11,rsu_north,rsu_0,2011.620034,520,false,false,region_north_normal,pool_rsu_north
148000000000,148,veh_0,rsu_central,rsu_1,1289.900332,300,false,false,region_central_degraded,pool_rsu_central
148000000000,148,veh_0,rsu_north,rsu_0,3412.787755,520,false,false,region_north_normal,pool_rsu_north
148000000000,148,veh_1,rsu_central,rsu_1,1188.380021,300,false,false,region_central_degraded,pool_rsu_central
148000000000,148,veh_1,rsu_north,rsu_0,3314.911940,520,false,false,region_north_normal,pool_rsu_north
148000000000,148,veh_2,rsu_central,rsu_1,1069.467772,300,false,false,region_central_degraded,pool_rsu_central
148000000000,148,veh_2,rsu_north,rsu_0,3197.550370,520,false,false,region_north_normal,pool_rsu_north
148000000000,148,veh_3,rsu_central,rsu_1,938.199131,300,false,false,region_central_degraded,pool_rsu_central
148000000000,148,veh_3,rsu_north,rsu_0,3066.511080,520,false,false,region_north_normal,pool_rsu_north
148000000000,148,veh_4,rsu_central,rsu_1,818.806841,300,false,false,region_central_degraded,pool_rsu_central
148000000000,148,veh_4,rsu_north,rsu_0,2946.139884,520,false,false,region_north_normal,pool_rsu_north
148000000000,148,veh_5,rsu_central,rsu_1,683.061232,300,false,false,region_central_degraded,pool_rsu_central
148000000000,148,veh_5,rsu_north,rsu_0,2808.769504,520,false,false,region_north_normal,pool_rsu_north
148000000000,148,veh_6,rsu_central,rsu_1,557.035715,300,false,false,region_central_degraded,pool_rsu_central
148000000000,148,veh_6,rsu_north,rsu_0,2683.583380,520,false,false,region_north_normal,pool_rsu_north
148000000000,148,veh_7,rsu_central,rsu_1,422.744943,300,false,false,region_central_degraded,pool_rsu_central
148000000000,148,veh_7,rsu_north,rsu_0,2551.663347,520,false,false,region_north_normal,pool_rsu_north
148000000000,148,veh_8,rsu_central,rsu_1,303.241913,300,false,false,region_central_degraded,pool_rsu_central
148000000000,148,veh_8,rsu_north,rsu_0,2432.906452,520,false,false,region_north_normal,pool_rsu_north
148000000000,148,veh_9,rsu_central,rsu_1,177.869650,300,true,true,region_central_degraded,pool_rsu_central
148000000000,148,veh_9,rsu_north,rsu_0,2304.607857,520,false,false,region_north_normal,pool_rsu_north
148000000000,148,veh_10,rsu_central,rsu_1,59.030104,300,true,true,region_central_degraded,pool_rsu_central
148000000000,148,veh_10,rsu_north,rsu_0,2181.364195,520,false,false,region_north_normal,pool_rsu_north
148000000000,148,veh_11,rsu_central,rsu_1,89.633778,300,true,true,region_central_degraded,pool_rsu_central
148000000000,148,veh_11,rsu_north,rsu_0,2044.910090,520,false,false,region_north_normal,pool_rsu_north
149000000000,149,veh_0,rsu_central,rsu_1,1313.197455,300,false,false,region_central_degraded,pool_rsu_central
149000000000,149,veh_0,rsu_north,rsu_0,3434.758331,520,false,false,region_north_normal,pool_rsu_north
149000000000,149,veh_1,rsu_central,rsu_1,1213.054034,300,false,false,region_central_degraded,pool_rsu_central
149000000000,149,veh_1,rsu_north,rsu_0,3338.918788,520,false,false,region_north_normal,pool_rsu_north
149000000000,149,veh_2,rsu_central,rsu_1,1102.047887,300,false,false,region_central_degraded,pool_rsu_central
149000000000,149,veh_2,rsu_north,rsu_0,3229.968654,520,false,false,region_north_normal,pool_rsu_north
149000000000,149,veh_3,rsu_central,rsu_1,970.896592,300,false,false,region_central_degraded,pool_rsu_central
149000000000,149,veh_3,rsu_north,rsu_0,3099.252107,520,false,false,region_north_normal,pool_rsu_north
149000000000,149,veh_4,rsu_central,rsu_1,849.000139,300,false,false,region_central_degraded,pool_rsu_central
149000000000,149,veh_4,rsu_north,rsu_0,2976.872052,520,false,false,region_north_normal,pool_rsu_north
149000000000,149,veh_5,rsu_central,rsu_1,715.837374,300,false,false,region_central_degraded,pool_rsu_central
149000000000,149,veh_5,rsu_north,rsu_0,2841.875761,520,false,false,region_north_normal,pool_rsu_north
149000000000,149,veh_6,rsu_central,rsu_1,589.535267,300,false,false,region_central_degraded,pool_rsu_central
149000000000,149,veh_6,rsu_north,rsu_0,2715.328078,520,false,false,region_north_normal,pool_rsu_north
149000000000,149,veh_7,rsu_central,rsu_1,454.449662,300,false,false,region_central_degraded,pool_rsu_central
149000000000,149,veh_7,rsu_north,rsu_0,2582.748628,520,false,false,region_north_normal,pool_rsu_north
149000000000,149,veh_8,rsu_central,rsu_1,333.680777,300,false,false,region_central_degraded,pool_rsu_central
149000000000,149,veh_8,rsu_north,rsu_0,2463.555178,520,false,false,region_north_normal,pool_rsu_north
149000000000,149,veh_9,rsu_central,rsu_1,209.597406,300,true,true,region_central_degraded,pool_rsu_central
149000000000,149,veh_9,rsu_north,rsu_0,2337.198244,520,false,false,region_north_normal,pool_rsu_north
149000000000,149,veh_10,rsu_central,rsu_1,89.200244,300,true,true,region_central_degraded,pool_rsu_central
149000000000,149,veh_10,rsu_north,rsu_0,2214.174449,520,false,false,region_north_normal,pool_rsu_north
149000000000,149,veh_11,rsu_central,rsu_1,59.430258,300,true,true,region_central_degraded,pool_rsu_central
149000000000,149,veh_11,rsu_north,rsu_0,2077.793837,520,false,false,region_north_normal,pool_rsu_north
150000000000,150,veh_0,rsu_central,rsu_1,1335.464384,300,false,false,region_central_degraded,pool_rsu_central
150000000000,150,veh_0,rsu_north,rsu_0,3455.485461,520,false,false,region_north_normal,pool_rsu_north
150000000000,150,veh_1,rsu_central,rsu_1,1238.325745,300,false,false,region_central_degraded,pool_rsu_central
150000000000,150,veh_1,rsu_north,rsu_0,3363.418840,520,false,false,region_north_normal,pool_rsu_north
150000000000,150,veh_2,rsu_central,rsu_1,1133.194525,300,false,false,region_central_degraded,pool_rsu_central
150000000000,150,veh_2,rsu_north,rsu_0,3260.776913,520,false,false,region_north_normal,pool_rsu_north
150000000000,150,veh_3,rsu_central,rsu_1,1003.098610,300,false,false,region_central_degraded,pool_rsu_central
150000000000,150,veh_3,rsu_north,rsu_0,3131.459292,520,false,false,region_north_normal,pool_rsu_north
150000000000,150,veh_4,rsu_central,rsu_1,881.855484,300,false,false,region_central_degraded,pool_rsu_central
150000000000,150,veh_4,rsu_north,rsu_0,3009.913597,520,false,false,region_north_normal,pool_rsu_north
150000000000,150,veh_5,rsu_central,rsu_1,747.992922,300,false,false,region_central_degraded,pool_rsu_central
150000000000,150,veh_5,rsu_north,rsu_0,2874.372166,520,false,false,region_north_normal,pool_rsu_north
150000000000,150,veh_6,rsu_central,rsu_1,622.148047,300,false,false,region_central_degraded,pool_rsu_central
150000000000,150,veh_6,rsu_north,rsu_0,2747.640195,520,false,false,region_north_normal,pool_rsu_north
150000000000,150,veh_7,rsu_central,rsu_1,485.938091,300,false,false,region_central_degraded,pool_rsu_central
150000000000,150,veh_7,rsu_north,rsu_0,2613.639564,520,false,false,region_north_normal,pool_rsu_north
150000000000,150,veh_8,rsu_central,rsu_1,364.532306,300,false,false,region_central_degraded,pool_rsu_central
150000000000,150,veh_8,rsu_north,rsu_0,2494.297600,520,false,false,region_north_normal,pool_rsu_north
150000000000,150,veh_9,rsu_central,rsu_1,241.383714,300,true,true,region_central_degraded,pool_rsu_central
150000000000,150,veh_9,rsu_north,rsu_0,2369.834182,520,false,false,region_north_normal,pool_rsu_north
150000000000,150,veh_10,rsu_central,rsu_1,120.552814,300,true,true,region_central_degraded,pool_rsu_central
150000000000,150,veh_10,rsu_north,rsu_0,2246.723075,520,false,false,region_north_normal,pool_rsu_north
150000000000,150,veh_11,rsu_central,rsu_1,34.515238,300,true,true,region_central_degraded,pool_rsu_central
150000000000,150,veh_11,rsu_north,rsu_0,2110.706872,520,false,false,region_north_normal,pool_rsu_north
151000000000,151,veh_0,rsu_central,rsu_1,1356.971952,300,false,false,region_central_degraded,pool_rsu_central
151000000000,151,veh_0,rsu_north,rsu_0,3475.352107,520,false,false,region_north_normal,pool_rsu_north
151000000000,151,veh_1,rsu_central,rsu_1,1263.404919,300,false,false,region_central_degraded,pool_rsu_central
151000000000,151,veh_1,rsu_north,rsu_0,3387.561758,520,false,false,region_north_normal,pool_rsu_north
151000000000,151,veh_2,rsu_central,rsu_1,1161.159966,300,false,false,region_central_degraded,pool_rsu_central
151000000000,151,veh_2,rsu_north,rsu_0,3288.275899,520,false,false,region_north_normal,pool_rsu_north
151000000000,151,veh_3,rsu_central,rsu_1,1035.966526,300,false,false,region_central_degraded,pool_rsu_central
151000000000,151,veh_3,rsu_north,rsu_0,3164.215305,520,false,false,region_north_normal,pool_rsu_north
151000000000,151,veh_4,rsu_central,rsu_1,914.703438,300,false,false,region_central_degraded,pool_rsu_central
151000000000,151,veh_4,rsu_north,rsu_0,3042.937337,520,false,false,region_north_normal,pool_rsu_north
151000000000,151,veh_5,rsu_central,rsu_1,780.285302,300,false,false,region_central_degraded,pool_rsu_central
151000000000,151,veh_5,rsu_north,rsu_0,2907.061203,520,false,false,region_north_normal,pool_rsu_north
151000000000,151,veh_6,rsu_central,rsu_1,654.670204,300,false,false,region_central_degraded,pool_rsu_central
151000000000,151,veh_6,rsu_north,rsu_0,2780.190310,520,false,false,region_north_normal,pool_rsu_north
151000000000,151,veh_7,rsu_central,rsu_1,518.141265,300,false,false,region_central_degraded,pool_rsu_central
151000000000,151,veh_7,rsu_north,rsu_0,2645.342800,520,false,false,region_north_normal,pool_rsu_north
151000000000,151,veh_8,rsu_central,rsu_1,395.302316,300,false,false,region_central_degraded,pool_rsu_central
151000000000,151,veh_8,rsu_north,rsu_0,2524.689860,520,false,false,region_north_normal,pool_rsu_north
151000000000,151,veh_9,rsu_central,rsu_1,272.986203,300,true,true,region_central_degraded,pool_rsu_central
151000000000,151,veh_9,rsu_north,rsu_0,2402.169821,520,false,false,region_north_normal,pool_rsu_north
151000000000,151,veh_10,rsu_central,rsu_1,152.648647,300,true,true,region_central_degraded,pool_rsu_central
151000000000,151,veh_10,rsu_north,rsu_0,2279.213707,520,false,false,region_north_normal,pool_rsu_north
151000000000,151,veh_11,rsu_central,rsu_1,32.037369,300,true,true,region_central_degraded,pool_rsu_central
151000000000,151,veh_11,rsu_north,rsu_0,2143.947909,520,false,false,region_north_normal,pool_rsu_north
152000000000,152,veh_0,rsu_central,rsu_1,1377.479194,300,false,false,region_central_degraded,pool_rsu_central
152000000000,152,veh_0,rsu_north,rsu_0,3493.907591,520,false,false,region_north_normal,pool_rsu_north
152000000000,152,veh_1,rsu_central,rsu_1,1286.542733,300,false,false,region_central_degraded,pool_rsu_central
152000000000,152,veh_1,rsu_north,rsu_0,3409.597697,520,false,false,region_north_normal,pool_rsu_north
152000000000,152,veh_2,rsu_central,rsu_1,1186.809314,300,false,false,region_central_degraded,pool_rsu_central
152000000000,152,veh_2,rsu_north,rsu_0,3313.382315,520,false,false,region_north_normal,pool_rsu_north
152000000000,152,veh_3,rsu_central,rsu_1,1068.971849,300,false,false,region_central_degraded,pool_rsu_central
152000000000,152,veh_3,rsu_north,rsu_0,3197.056917,520,false,false,region_north_normal,pool_rsu_north
152000000000,152,veh_4,rsu_central,rsu_1,946.679323,300,false,false,region_central_degraded,pool_rsu_central
152000000000,152,veh_4,rsu_north,rsu_0,3075.002862,520,false,false,region_north_normal,pool_rsu_north
152000000000,152,veh_5,rsu_central,rsu_1,811.897850,300,false,false,region_central_degraded,pool_rsu_central
152000000000,152,veh_5,rsu_north,rsu_0,2939.132719,520,false,false,region_north_normal,pool_rsu_north
152000000000,152,veh_6,rsu_central,rsu_1,687.679950,300,false,false,region_central_degraded,pool_rsu_central
152000000000,152,veh_6,rsu_north,rsu_0,2813.434844,520,false,false,region_north_normal,pool_rsu_north
152000000000,152,veh_7,rsu_central,rsu_1,550.039292,300,false,false,region_central_degraded,pool_rsu_central
152000000000,152,veh_7,rsu_north,rsu_0,2676.691627,520,false,false,region_north_normal,pool_rsu_north
152000000000,152,veh_8,rsu_central,rsu_1,426.374314,300,false,false,region_central_degraded,pool_rsu_central
152000000000,152,veh_8,rsu_north,rsu_0,2555.222791,520,false,false,region_north_normal,pool_rsu_north
152000000000,152,veh_9,rsu_central,rsu_1,303.822427,300,false,false,region_central_degraded,pool_rsu_central
152000000000,152,veh_9,rsu_north,rsu_0,2433.493993,520,false,false,region_north_normal,pool_rsu_north
152000000000,152,veh_10,rsu_central,rsu_1,184.409383,300,true,true,region_central_degraded,pool_rsu_central
152000000000,152,veh_10,rsu_north,rsu_0,2311.343726,520,false,false,region_north_normal,pool_rsu_north
152000000000,152,veh_11,rsu_central,rsu_1,55.286883,300,true,true,region_central_degraded,pool_rsu_central
152000000000,152,veh_11,rsu_north,rsu_0,2177.032321,520,false,false,region_north_normal,pool_rsu_north
153000000000,153,veh_0,rsu_central,rsu_1,1398.141640,300,false,false,region_central_degraded,pool_rsu_central
153000000000,153,veh_0,rsu_north,rsu_0,3512.415904,520,false,false,region_north_normal,pool_rsu_north
153000000000,153,veh_1,rsu_central,rsu_1,1310.263456,300,false,false,region_central_degraded,pool_rsu_central
153000000000,153,veh_1,rsu_north,rsu_0,3431.995670,520,false,false,region_north_normal,pool_rsu_north
153000000000,153,veh_2,rsu_central,rsu_1,1212.112024,300,false,false,region_central_degraded,pool_rsu_central
153000000000,153,veh_2,rsu_north,rsu_0,3338.002975,520,false,false,region_north_normal,pool_rsu_north
153000000000,153,veh_3,rsu_central,rsu_1,1101.634692,300,false,false,region_central_degraded,pool_rsu_central
153000000000,153,veh_3,rsu_north,rsu_0,3229.559810,520,false,false,region_north_normal,pool_rsu_north
153000000000,153,veh_4,rsu_central,rsu_1,979.112604,300,false,false,region_central_degraded,pool_rsu_central
153000000000,153,veh_4,rsu_north,rsu_0,3107.478605,520,false,false,region_north_normal,pool_rsu_north
153000000000,153,veh_5,rsu_central,rsu_1,844.099074,300,false,false,region_central_degraded,pool_rsu_central
153000000000,153,veh_5,rsu_north,rsu_0,2971.772552,520,false,false,region_north_normal,pool_rsu_north
153000000000,153,veh_6,rsu_central,rsu_1,720.277644,300,false,false,region_central_degraded,pool_rsu_central
153000000000,153,veh_6,rsu_north,rsu_0,2846.362514,520,false,false,region_north_normal,pool_rsu_north
153000000000,153,veh_7,rsu_central,rsu_1,581.646591,300,false,false,region_central_degraded,pool_rsu_central
153000000000,153,veh_7,rsu_north,rsu_0,2707.542865,520,false,false,region_north_normal,pool_rsu_north
153000000000,153,veh_8,rsu_central,rsu_1,458.054515,300,false,false,region_central_degraded,pool_rsu_central
153000000000,153,veh_8,rsu_north,rsu_0,2586.282414,520,false,false,region_north_normal,pool_rsu_north
153000000000,153,veh_9,rsu_central,rsu_1,334.195916,300,false,false,region_central_degraded,pool_rsu_central
153000000000,153,veh_9,rsu_north,rsu_0,2464.071109,520,false,false,region_north_normal,pool_rsu_north
153000000000,153,veh_10,rsu_central,rsu_1,215.724229,300,true,true,region_central_degraded,pool_rsu_central
153000000000,153,veh_10,rsu_north,rsu_0,2343.504602,520,false,false,region_north_normal,pool_rsu_north
153000000000,153,veh_11,rsu_central,rsu_1,85.566134,300,true,true,region_central_degraded,pool_rsu_central
153000000000,153,veh_11,rsu_north,rsu_0,2210.340570,520,false,false,region_north_normal,pool_rsu_north
154000000000,154,veh_0,rsu_central,rsu_1,1417.901565,300,false,false,region_central_degraded,pool_rsu_central
154000000000,154,veh_0,rsu_north,rsu_0,3529.696900,520,false,false,region_north_normal,pool_rsu_north
154000000000,154,veh_1,rsu_central,rsu_1,1332.517540,300,false,false,region_central_degraded,pool_rsu_central
154000000000,154,veh_1,rsu_north,rsu_0,3452.753753,520,false,false,region_north_normal,pool_rsu_north
154000000000,154,veh_2,rsu_central,rsu_1,1237.802261,300,false,false,region_central_degraded,pool_rsu_central
154000000000,154,veh_2,rsu_north,rsu_0,3362.912225,520,false,false,region_north_normal,pool_rsu_north
154000000000,154,veh_3,rsu_central,rsu_1,1133.650179,300,false,false,region_central_degraded,pool_rsu_central
154000000000,154,veh_3,rsu_north,rsu_0,3261.225192,520,false,false,region_north_normal,pool_rsu_north
154000000000,154,veh_4,rsu_central,rsu_1,1011.716506,300,false,false,region_central_degraded,pool_rsu_central
154000000000,154,veh_4,rsu_north,rsu_0,3140.058336,520,false,false,region_north_normal,pool_rsu_north
154000000000,154,veh_5,rsu_central,rsu_1,875.467451,300,false,false,region_central_degraded,pool_rsu_central
154000000000,154,veh_5,rsu_north,rsu_0,3003.495206,520,false,false,region_north_normal,pool_rsu_north
154000000000,154,veh_6,rsu_central,rsu_1,753.191805,300,false,false,region_central_degraded,pool_rsu_central
154000000000,154,veh_6,rsu_north,rsu_0,2879.634482,520,false,false,region_north_normal,pool_rsu_north
154000000000,154,veh_7,rsu_central,rsu_1,614.617155,300,false,false,region_central_degraded,pool_rsu_central
154000000000,154,veh_7,rsu_north,rsu_0,2740.178254,520,false,false,region_north_normal,pool_rsu_north
154000000000,154,veh_8,rsu_central,rsu_1,489.766380,300,false,false,region_central_degraded,pool_rsu_central
154000000000,154,veh_8,rsu_north,rsu_0,2617.396349,520,false,false,region_north_normal,pool_rsu_north
154000000000,154,veh_9,rsu_central,rsu_1,364.492462,300,false,false,region_central_degraded,pool_rsu_central
154000000000,154,veh_9,rsu_north,rsu_0,2494.258089,520,false,false,region_north_normal,pool_rsu_north
154000000000,154,veh_10,rsu_central,rsu_1,246.600901,300,true,true,region_central_degraded,pool_rsu_central
154000000000,154,veh_10,rsu_north,rsu_0,2375.177304,520,false,false,region_north_normal,pool_rsu_north
154000000000,154,veh_11,rsu_central,rsu_1,117.295775,300,true,true,region_central_degraded,pool_rsu_central
154000000000,154,veh_11,rsu_north,rsu_0,2243.373042,520,false,false,region_north_normal,pool_rsu_north
155000000000,155,veh_0,rsu_central,rsu_1,1437.661180,300,false,false,region_central_degraded,pool_rsu_central
155000000000,155,veh_0,rsu_north,rsu_0,3546.881192,520,false,false,region_north_normal,pool_rsu_north
155000000000,155,veh_1,rsu_central,rsu_1,1354.643761,300,false,false,region_central_degraded,pool_rsu_central
155000000000,155,veh_1,rsu_north,rsu_0,3473.229503,520,false,false,region_north_normal,pool_rsu_north
155000000000,155,veh_2,rsu_central,rsu_1,1262.167921,300,false,false,region_central_degraded,pool_rsu_central
155000000000,155,veh_2,rsu_north,rsu_0,3386.372191,520,false,false,region_north_normal,pool_rsu_north
155000000000,155,veh_3,rsu_central,rsu_1,1160.670136,300,false,false,region_central_degraded,pool_rsu_central
155000000000,155,veh_3,rsu_north,rsu_0,3287.794588,520,false,false,region_north_normal,pool_rsu_north
155000000000,155,veh_4,rsu_central,rsu_1,1043.653463,300,false,false,region_central_degraded,pool_rsu_central
155000000000,155,veh_4,rsu_north,rsu_0,3171.864238,520,false,false,region_north_normal,pool_rsu_north
155000000000,155,veh_5,rsu_central,rsu_1,907.300307,300,false,false,region_central_degraded,pool_rsu_central
155000000000,155,veh_5,rsu_north,rsu_0,3035.494669,520,false,false,region_north_normal,pool_rsu_north
155000000000,155,veh_6,rsu_central,rsu_1,785.951271,300,false,false,region_central_degraded,pool_rsu_central
155000000000,155,veh_6,rsu_north,rsu_0,2912.811849,520,false,false,region_north_normal,pool_rsu_north
155000000000,155,veh_7,rsu_central,rsu_1,647.302999,300,false,false,region_central_degraded,pool_rsu_central
155000000000,155,veh_7,rsu_north,rsu_0,2772.796351,520,false,false,region_north_normal,pool_rsu_north
155000000000,155,veh_8,rsu_central,rsu_1,521.874396,300,false,false,region_central_degraded,pool_rsu_central
155000000000,155,veh_8,rsu_north,rsu_0,2649.011276,520,false,false,region_north_normal,pool_rsu_north
155000000000,155,veh_9,rsu_central,rsu_1,395.752434,300,false,false,region_central_degraded,pool_rsu_central
155000000000,155,veh_9,rsu_north,rsu_0,2525.132852,520,false,false,region_north_normal,pool_rsu_north
155000000000,155,veh_10,rsu_central,rsu_1,278.223098,300,true,true,region_central_degraded,pool_rsu_central
155000000000,155,veh_10,rsu_north,rsu_0,2407.509555,520,false,false,region_north_normal,pool_rsu_north
155000000000,155,veh_11,rsu_central,rsu_1,149.783583,300,true,true,region_central_degraded,pool_rsu_central
155000000000,155,veh_11,rsu_north,rsu_0,2276.342362,520,false,false,region_north_normal,pool_rsu_north
156000000000,156,veh_0,rsu_central,rsu_1,1455.316488,300,false,false,region_central_degraded,pool_rsu_central
156000000000,156,veh_0,rsu_north,rsu_0,3561.604815,520,false,false,region_north_normal,pool_rsu_north
156000000000,156,veh_1,rsu_central,rsu_1,1374.917203,300,false,false,region_central_degraded,pool_rsu_central
156000000000,156,veh_1,rsu_north,rsu_0,3491.594419,520,false,false,region_north_normal,pool_rsu_north
156000000000,156,veh_2,rsu_central,rsu_1,1285.438649,300,false,false,region_central_degraded,pool_rsu_central
156000000000,156,veh_2,rsu_north,rsu_0,3408.548420,520,false,false,region_north_normal,pool_rsu_north
156000000000,156,veh_3,rsu_central,rsu_1,1186.303186,300,false,false,region_central_degraded,pool_rsu_central
156000000000,156,veh_3,rsu_north,rsu_0,3312.889387,520,false,false,region_north_normal,pool_rsu_north
156000000000,156,veh_4,rsu_central,rsu_1,1076.524683,300,false,false,region_central_degraded,pool_rsu_central
156000000000,156,veh_4,rsu_north,rsu_0,3204.572600,520,false,false,region_north_normal,pool_rsu_north
156000000000,156,veh_5,rsu_central,rsu_1,939.319808,300,false,false,region_central_degraded,pool_rsu_central
156000000000,156,veh_5,rsu_north,rsu_0,3067.633300,520,false,false,region_north_normal,pool_rsu_north
156000000000,156,veh_6,rsu_central,rsu_1,817.715796,300,false,false,region_central_degraded,pool_rsu_central
156000000000,156,veh_6,rsu_north,rsu_0,2945.033536,520,false,false,region_north_normal,pool_rsu_north
156000000000,156,veh_7,rsu_central,rsu_1,679.284884,300,false,false,region_central_degraded,pool_rsu_central
156000000000,156,veh_7,rsu_north,rsu_0,2804.954501,520,false,false,region_north_normal,pool_rsu_north
156000000000,156,veh_8,rsu_central,rsu_1,554.159858,300,false,false,region_central_degraded,pool_rsu_central
156000000000,156,veh_8,rsu_north,rsu_0,2680.750575,520,false,false,region_north_normal,pool_rsu_north
156000000000,156,veh_9,rsu_central,rsu_1,427.255312,300,false,false,region_central_degraded,pool_rsu_central
156000000000,156,veh_9,rsu_north,rsu_0,2556.086554,520,false,false,region_north_normal,pool_rsu_north
156000000000,156,veh_10,rsu_central,rsu_1,308.515889,300,false,false,region_central_degraded,pool_rsu_central
156000000000,156,veh_10,rsu_north,rsu_0,2438.239419,520,false,false,region_north_normal,pool_rsu_north
156000000000,156,veh_11,rsu_central,rsu_1,182.100583,300,true,true,region_central_degraded,pool_rsu_central
156000000000,156,veh_11,rsu_north,rsu_0,2308.968290,520,false,false,region_north_normal,pool_rsu_north
157000000000,157,veh_0,rsu_central,rsu_1,1472.936664,300,false,false,region_central_degraded,pool_rsu_central
157000000000,157,veh_0,rsu_north,rsu_0,3576.006058,520,false,false,region_north_normal,pool_rsu_north
157000000000,157,veh_1,rsu_central,rsu_1,1395.454744,300,false,false,region_central_degraded,pool_rsu_central
157000000000,157,veh_1,rsu_north,rsu_0,3510.057985,520,false,false,region_north_normal,pool_rsu_north
157000000000,157,veh_2,rsu_central,rsu_1,1308.619347,300,false,false,region_central_degraded,pool_rsu_central
157000000000,157,veh_2,rsu_north,rsu_0,3430.447080,520,false,false,region_north_normal,pool_rsu_north
157000000000,157,veh_3,rsu_central,rsu_1,1210.925349,300,false,false,region_central_degraded,pool_rsu_central
157000000000,157,veh_3,rsu_north,rsu_0,3336.849222,520,false,false,region_north_normal,pool_rsu_north
157000000000,157,veh_4,rsu_central,rsu_1,1108.550099,300,false,false,region_central_degraded,pool_rsu_central
157000000000,157,veh_4,rsu_north,rsu_0,3236.402051,520,false,false,region_north_normal,pool_rsu_north
157000000000,157,veh_5,rsu_central,rsu_1,972.332546,300,false,false,region_central_degraded,pool_rsu_central
157000000000,157,veh_5,rsu_north,rsu_0,3100.689905,520,false,false,region_north_normal,pool_rsu_north
157000000000,157,veh_6,rsu_central,rsu_1,848.391449,300,false,false,region_central_degraded,pool_rsu_central
157000000000,157,veh_6,rsu_north,rsu_0,2976.241949,520,false,false,region_north_normal,pool_rsu_north
157000000000,157,veh_7,rsu_central,rsu_1,711.656096,300,false,false,region_central_degraded,pool_rsu_central
157000000000,157,veh_7,rsu_north,rsu_0,2837.650071,520,false,false,region_north_normal,pool_rsu_north
157000000000,157,veh_8,rsu_central,rsu_1,586.441794,300,false,false,region_central_degraded,pool_rsu_central
157000000000,157,veh_8,rsu_north,rsu_0,2712.263402,520,false,false,region_north_normal,pool_rsu_north
157000000000,157,veh_9,rsu_central,rsu_1,458.644149,300,false,false,region_central_degraded,pool_rsu_central
157000000000,157,veh_9,rsu_north,rsu_0,2586.860337,520,false,false,region_north_normal,pool_rsu_north
157000000000,157,veh_10,rsu_central,rsu_1,339.422610,300,false,false,region_central_degraded,pool_rsu_central
157000000000,157,veh_10,rsu_north,rsu_0,2469.300844,520,false,false,region_north_normal,pool_rsu_north
157000000000,157,veh_11,rsu_central,rsu_1,213.545668,300,true,true,region_central_degraded,pool_rsu_central
157000000000,157,veh_11,rsu_north,rsu_0,2341.263827,520,false,false,region_north_normal,pool_rsu_north
158000000000,158,veh_0,rsu_central,rsu_1,1489.971029,300,false,false,region_central_degraded,pool_rsu_central
158000000000,158,veh_0,rsu_north,rsu_0,3589.654258,520,false,false,region_north_normal,pool_rsu_north
158000000000,158,veh_1,rsu_central,rsu_1,1414.536061,300,false,false,region_central_degraded,pool_rsu_central
158000000000,158,veh_1,rsu_north,rsu_0,3526.760737,520,false,false,region_north_normal,pool_rsu_north
158000000000,158,veh_2,rsu_central,rsu_1,1331.442305,300,false,false,region_central_degraded,pool_rsu_central
158000000000,158,veh_2,rsu_north,rsu_0,3451.756645,520,false,false,region_north_normal,pool_rsu_north
158000000000,158,veh_3,rsu_central,rsu_1,1235.780886,300,false,false,region_central_degraded,pool_rsu_central
158000000000,158,veh_3,rsu_north,rsu_0,3360.954341,520,false,false,region_north_normal,pool_rsu_north
158000000000,158,veh_4,rsu_central,rsu_1,1139.932163,300,false,false,region_central_degraded,pool_rsu_central
158000000000,158,veh_4,rsu_north,rsu_0,3267.404713,520,false,false,region_north_normal,pool_rsu_north
158000000000,158,veh_5,rsu_central,rsu_1,1004.575830,300,false,false,region_central_degraded,pool_rsu_central
158000000000,158,veh_5,rsu_north,rsu_0,3132.933276,520,false,false,region_north_normal,pool_rsu_north
158000000000,158,veh_6,rsu_central,rsu_1,880.396759,300,false,false,region_central_degraded,pool_rsu_central
158000000000,158,veh_6,rsu_north,rsu_0,3008.447989,520,false,false,region_north_normal,pool_rsu_north
158000000000,158,veh_7,rsu_central,rsu_1,743.946098,300,false,false,region_central_degraded,pool_rsu_central
158000000000,158,veh_7,rsu_north,rsu_0,2870.275129,520,false,false,region_north_normal,pool_rsu_north
158000000000,158,veh_8,rsu_central,rsu_1,619.644647,300,false,false,region_central_degraded,pool_rsu_central
158000000000,158,veh_8,rsu_north,rsu_0,2745.159683,520,false,false,region_north_normal,pool_rsu_north
158000000000,158,veh_9,rsu_central,rsu_1,490.990730,300,false,false,region_central_degraded,pool_rsu_central
158000000000,158,veh_9,rsu_north,rsu_0,2618.597721,520,false,false,region_north_normal,pool_rsu_north
158000000000,158,veh_10,rsu_central,rsu_1,370.559267,300,false,false,region_central_degraded,pool_rsu_central
158000000000,158,veh_10,rsu_north,rsu_0,2500.269070,520,false,false,region_north_normal,pool_rsu_north
158000000000,158,veh_11,rsu_central,rsu_1,244.824517,300,true,true,region_central_degraded,pool_rsu_central
158000000000,158,veh_11,rsu_north,rsu_0,2373.352977,520,false,false,region_north_normal,pool_rsu_north
159000000000,159,veh_0,rsu_central,rsu_1,1505.055718,300,false,false,region_central_degraded,pool_rsu_central
159000000000,159,veh_0,rsu_north,rsu_0,3601.033476,520,false,false,region_north_normal,pool_rsu_north
159000000000,159,veh_1,rsu_central,rsu_1,1434.294379,300,false,false,region_central_degraded,pool_rsu_central
159000000000,159,veh_1,rsu_north,rsu_0,3543.959531,520,false,false,region_north_normal,pool_rsu_north
159000000000,159,veh_2,rsu_central,rsu_1,1353.594352,300,false,false,region_central_degraded,pool_rsu_central
159000000000,159,veh_2,rsu_north,rsu_0,3472.260150,520,false,false,region_north_normal,pool_rsu_north
159000000000,159,veh_3,rsu_central,rsu_1,1260.864933,300,false,false,region_central_degraded,pool_rsu_central
159000000000,159,veh_3,rsu_north,rsu_0,3385.119028,520,false,false,region_north_normal,pool_rsu_north
159000000000,159,veh_4,rsu_central,rsu_1,1166.694361,300,false,false,region_central_degraded,pool_rsu_central
159000000000,159,veh_4,rsu_north,rsu_0,3293.714549,520,false,false,region_north_normal,pool_rsu_north
159000000000,159,veh_5,rsu_central,rsu_1,1037.698163,300,false,false,region_central_degraded,pool_rsu_central
159000000000,159,veh_5,rsu_north,rsu_0,3165.938388,520,false,false,region_north_normal,pool_rsu_north
159000000000,159,veh_6,rsu_central,rsu_1,913.326060,300,false,false,region_central_degraded,pool_rsu_central
159000000000,159,veh_6,rsu_north,rsu_0,3041.552672,520,false,false,region_north_normal,pool_rsu_north
159000000000,159,veh_7,rsu_central,rsu_1,776.340867,300,false,false,region_central_degraded,pool_rsu_central
159000000000,159,veh_7,rsu_north,rsu_0,2903.056609,520,false,false,region_north_normal,pool_rsu_north
159000000000,159,veh_8,rsu_central,rsu_1,652.512692,300,false,false,region_central_degraded,pool_rsu_central
159000000000,159,veh_8,rsu_north,rsu_0,2778.022250,520,false,false,region_north_normal,pool_rsu_north
159000000000,159,veh_9,rsu_central,rsu_1,522.970823,300,false,false,region_central_degraded,pool_rsu_central
159000000000,159,veh_9,rsu_north,rsu_0,2650.088469,520,false,false,region_north_normal,pool_rsu_north
159000000000,159,veh_10,rsu_central,rsu_1,401.277080,300,false,false,region_central_degraded,pool_rsu_central
159000000000,159,veh_10,rsu_north,rsu_0,2530.570605,520,false,false,region_north_normal,pool_rsu_north
159000000000,159,veh_11,rsu_central,rsu_1,276.416880,300,true,true,region_central_degraded,pool_rsu_central
159000000000,159,veh_11,rsu_north,rsu_0,2405.669076,520,false,false,region_north_normal,pool_rsu_north
160000000000,160,veh_0,rsu_central,rsu_1,1520.563158,300,false,false,region_central_degraded,pool_rsu_central
160000000000,160,veh_0,rsu_north,rsu_0,3612.649362,520,false,false,region_north_normal,pool_rsu_north
160000000000,160,veh_1,rsu_central,rsu_1,1452.609341,300,false,false,region_central_degraded,pool_rsu_central
160000000000,160,veh_1,rsu_north,rsu_0,3559.383323,520,false,false,region_north_normal,pool_rsu_north
160000000000,160,veh_2,rsu_central,rsu_1,1374.238772,300,false,false,region_central_degraded,pool_rsu_central
160000000000,160,veh_2,rsu_north,rsu_0,3490.981646,520,false,false,region_north_normal,pool_rsu_north
160000000000,160,veh_3,rsu_central,rsu_1,1284.953843,300,false,false,region_central_degraded,pool_rsu_central
160000000000,160,veh_3,rsu_north,rsu_0,3408.087635,520,false,false,region_north_normal,pool_rsu_north
160000000000,160,veh_4,rsu_central,rsu_1,1192.678809,300,false,false,region_central_degraded,pool_rsu_central
160000000000,160,veh_4,rsu_north,rsu_0,3319.097418,520,false,false,region_north_normal,pool_rsu_north
160000000000,160,veh_5,rsu_central,rsu_1,1070.497006,300,false,false,region_central_degraded,pool_rsu_central
160000000000,160,veh_5,rsu_north,rsu_0,3198.574478,520,false,false,region_north_normal,pool_rsu_north
160000000000,160,veh_6,rsu_central,rsu_1,945.664938,300,false,false,region_central_degraded,pool_rsu_central
160000000000,160,veh_6,rsu_north,rsu_0,3073.987101,520,false,false,region_north_normal,pool_rsu_north
160000000000,160,veh_7,rsu_central,rsu_1,808.582823,300,false,false,region_central_degraded,pool_rsu_central
160000000000,160,veh_7,rsu_north,rsu_0,2935.769502,520,false,false,region_north_normal,pool_rsu_north
160000000000,160,veh_8,rsu_central,rsu_1,684.853473,300,false,false,region_central_degraded,pool_rsu_central
160000000000,160,veh_8,rsu_north,rsu_0,2810.579922,520,false,false,region_north_normal,pool_rsu_north
160000000000,160,veh_9,rsu_central,rsu_1,555.961110,300,false,false,region_central_degraded,pool_rsu_central
160000000000,160,veh_9,rsu_north,rsu_0,2682.524865,520,false,false,region_north_normal,pool_rsu_north
160000000000,160,veh_10,rsu_central,rsu_1,432.161848,300,false,false,region_central_degraded,pool_rsu_central
160000000000,160,veh_10,rsu_north,rsu_0,2560.895296,520,false,false,region_north_normal,pool_rsu_north
160000000000,160,veh_11,rsu_central,rsu_1,306.853263,300,false,false,region_central_degraded,pool_rsu_central
160000000000,160,veh_11,rsu_north,rsu_0,2436.559358,520,false,false,region_north_normal,pool_rsu_north
161000000000,161,veh_0,rsu_central,rsu_1,1533.698605,300,false,false,region_central_degraded,pool_rsu_central
161000000000,161,veh_0,rsu_north,rsu_0,3621.534685,520,false,false,region_north_normal,pool_rsu_north
161000000000,161,veh_1,rsu_central,rsu_1,1469.508277,300,false,false,region_central_degraded,pool_rsu_central
161000000000,161,veh_1,rsu_north,rsu_0,3573.211536,520,false,false,region_north_normal,pool_rsu_north
161000000000,161,veh_2,rsu_central,rsu_1,1394.825040,300,false,false,region_central_degraded,pool_rsu_central
161000000000,161,veh_2,rsu_north,rsu_0,3509.505086,520,false,false,region_north_normal,pool_rsu_north
161000000000,161,veh_3,rsu_central,rsu_1,1308.650403,300,false,false,region_central_degraded,pool_rsu_central
161000000000,161,veh_3,rsu_north,rsu_0,3430.476335,520,false,false,region_north_normal,pool_rsu_north
161000000000,161,veh_4,rsu_central,rsu_1,1217.369543,300,false,false,region_central_degraded,pool_rsu_central
161000000000,161,veh_4,rsu_north,rsu_0,3343.108521,520,false,false,region_north_normal,pool_rsu_north
161000000000,161,veh_5,rsu_central,rsu_1,1103.082855,300,false,false,region_central_degraded,pool_rsu_central
161000000000,161,veh_5,rsu_north,rsu_0,3230.992712,520,false,false,region_north_normal,pool_rsu_north
161000000000,161,veh_6,rsu_central,rsu_1,978.116515,300,false,false,region_central_degraded,pool_rsu_central
161000000000,161,veh_6,rsu_north,rsu_0,3106.481254,520,false,false,region_north_normal,pool_rsu_north
161000000000,161,veh_7,rsu_central,rsu_1,840.685580,300,false,false,region_central_degraded,pool_rsu_central
161000000000,161,veh_7,rsu_north,rsu_0,2968.310275,520,false,false,region_north_normal,pool_rsu_north
161000000000,161,veh_8,rsu_central,rsu_1,717.844260,300,false,false,region_central_degraded,pool_rsu_central
161000000000,161,veh_8,rsu_north,rsu_0,2843.903742,520,false,false,region_north_normal,pool_rsu_north
161000000000,161,veh_9,rsu_central,rsu_1,587.671572,300,false,false,region_central_degraded,pool_rsu_central
161000000000,161,veh_9,rsu_north,rsu_0,2713.481727,520,false,false,region_north_normal,pool_rsu_north
161000000000,161,veh_10,rsu_central,rsu_1,463.667278,300,false,false,region_central_degraded,pool_rsu_central
161000000000,161,veh_10,rsu_north,rsu_0,2591.782749,520,false,false,region_north_normal,pool_rsu_north
161000000000,161,veh_11,rsu_central,rsu_1,337.757617,300,false,false,region_central_degraded,pool_rsu_central
161000000000,161,veh_11,rsu_north,rsu_0,2467.635854,520,false,false,region_north_normal,pool_rsu_north
162000000000,162,veh_0,rsu_central,rsu_1,1547.081138,300,false,false,region_central_degraded,pool_rsu_central
162000000000,162,veh_0,rsu_north,rsu_0,3630.383171,520,false,false,region_north_normal,pool_rsu_north
162000000000,162,veh_1,rsu_central,rsu_1,1487.121735,300,false,false,region_central_degraded,pool_rsu_central
162000000000,162,veh_1,rsu_north,rsu_0,3587.495105,520,false,false,region_north_normal,pool_rsu_north
162000000000,162,veh_2,rsu_central,rsu_1,1413.653510,300,false,false,region_central_degraded,pool_rsu_central
162000000000,162,veh_2,rsu_north,rsu_0,3525.990304,520,false,false,region_north_normal,pool_rsu_north
162000000000,162,veh_3,rsu_central,rsu_1,1330.519952,300,false,false,region_central_degraded,pool_rsu_central
162000000000,162,veh_3,rsu_north,rsu_0,3450.901150,520,false,false,region_north_normal,pool_rsu_north
162000000000,162,veh_4,rsu_central,rsu_1,1242.626614,300,false,false,region_central_degraded,pool_rsu_central
162000000000,162,veh_4,rsu_north,rsu_0,3367.563051,520,false,false,region_north_normal,pool_rsu_north
162000000000,162,veh_5,rsu_central,rsu_1,1133.740428,300,false,false,region_central_degraded,pool_rsu_central
162000000000,162,veh_5,rsu_north,rsu_0,3261.313979,520,false,false,region_north_normal,pool_rsu_north
162000000000,162,veh_6,rsu_central,rsu_1,1010.697395,300,false,false,region_central_degraded,pool_rsu_central
162000000000,162,veh_6,rsu_north,rsu_0,3139.041450,520,false,false,region_north_normal,pool_rsu_north
162000000000,162,veh_7,rsu_central,rsu_1,871.981719,300,false,false,region_central_degraded,pool_rsu_central
162000000000,162,veh_7,rsu_north,rsu_0,2999.992669,520,false,false,region_north_normal,pool_rsu_north
162000000000,162,veh_8,rsu_central,rsu_1,750.117123,300,false,false,region_central_degraded,pool_rsu_central
162000000000,162,veh_8,rsu_north,rsu_0,2876.522430,520,false,false,region_north_normal,pool_rsu_north
162000000000,162,veh_9,rsu_central,rsu_1,620.173283,300,false,false,region_central_degraded,pool_rsu_central
162000000000,162,veh_9,rsu_north,rsu_0,2745.683483,520,false,false,region_north_normal,pool_rsu_north
162000000000,162,veh_10,rsu_central,rsu_1,495.739319,300,false,false,region_central_degraded,pool_rsu_central
162000000000,162,veh_10,rsu_north,rsu_0,2623.270161,520,false,false,region_north_normal,pool_rsu_north
162000000000,162,veh_11,rsu_central,rsu_1,368.375666,300,false,false,region_central_degraded,pool_rsu_central
162000000000,162,veh_11,rsu_north,rsu_0,2498.106715,520,false,false,region_north_normal,pool_rsu_north
163000000000,163,veh_0,rsu_central,rsu_1,1560.043688,300,false,false,region_central_degraded,pool_rsu_central
163000000000,163,veh_0,rsu_north,rsu_0,3638.540553,520,false,false,region_north_normal,pool_rsu_north
163000000000,163,veh_1,rsu_central,rsu_1,1502.349542,300,false,false,region_central_degraded,pool_rsu_central
163000000000,163,veh_1,rsu_north,rsu_0,3598.998175,520,false,false,region_north_normal,pool_rsu_north
163000000000,163,veh_2,rsu_central,rsu_1,1432.986880,300,false,false,region_central_degraded,pool_rsu_central
163000000000,163,veh_2,rsu_north,rsu_0,3542.824221,520,false,false,region_north_normal,pool_rsu_north
163000000000,163,veh_3,rsu_central,rsu_1,1352.731087,300,false,false,region_central_degraded,pool_rsu_central
163000000000,163,veh_3,rsu_north,rsu_0,3471.462611,520,false,false,region_north_normal,pool_rsu_north
163000000000,163,veh_4,rsu_central,rsu_1,1266.803457,300,false,false,region_central_degraded,pool_rsu_central
163000000000,163,veh_4,rsu_north,rsu_0,3390.816088,520,false,false,region_north_normal,pool_rsu_north
163000000000,163,veh_5,rsu_central,rsu_1,1161.035331,300,false,false,region_central_degraded,pool_rsu_central
163000000000,163,veh_5,rsu_north,rsu_0,3288.153514,520,false,false,region_north_normal,pool_rsu_north
163000000000,163,veh_6,rsu_central,rsu_1,1043.429544,300,false,false,region_central_degraded,pool_rsu_central
163000000000,163,veh_6,rsu_north,rsu_0,3171.641427,520,false,false,region_north_normal,pool_rsu_north
163000000000,163,veh_7,rsu_central,rsu_1,904.456453,300,false,false,region_central_degraded,pool_rsu_central
163000000000,163,veh_7,rsu_north,rsu_0,3032.635382,520,false,false,region_north_normal,pool_rsu_north
163000000000,163,veh_8,rsu_central,rsu_1,782.294688,300,false,false,region_central_degraded,pool_rsu_central
163000000000,163,veh_8,rsu_north,rsu_0,2909.100851,520,false,false,region_north_normal,pool_rsu_north
163000000000,163,veh_9,rsu_central,rsu_1,653.084860,300,false,false,region_central_degraded,pool_rsu_central
163000000000,163,veh_9,rsu_north,rsu_0,2778.596293,520,false,false,region_north_normal,pool_rsu_north
163000000000,163,veh_10,rsu_central,rsu_1,527.501467,300,false,false,region_central_degraded,pool_rsu_central
163000000000,163,veh_10,rsu_north,rsu_0,2654.539408,520,false,false,region_north_normal,pool_rsu_north
163000000000,163,veh_11,rsu_central,rsu_1,399.262973,300,false,false,region_central_degraded,pool_rsu_central
163000000000,163,veh_11,rsu_north,rsu_0,2528.588002,520,false,false,region_north_normal,pool_rsu_north
164000000000,164,veh_0,rsu_central,rsu_1,1572.649474,300,false,false,region_central_degraded,pool_rsu_central
164000000000,164,veh_0,rsu_north,rsu_0,3646.177883,520,false,false,region_north_normal,pool_rsu_north
164000000000,164,veh_1,rsu_central,rsu_1,1517.915168,300,false,false,region_central_degraded,pool_rsu_central
164000000000,164,veh_1,rsu_north,rsu_0,3610.671382,520,false,false,region_north_normal,pool_rsu_north
164000000000,164,veh_2,rsu_central,rsu_1,1450.894741,300,false,false,region_central_degraded,pool_rsu_central
164000000000,164,veh_2,rsu_north,rsu_0,3557.975026,520,false,false,region_north_normal,pool_rsu_north
164000000000,164,veh_3,rsu_central,rsu_1,1373.903270,300,false,false,region_central_degraded,pool_rsu_central
164000000000,164,veh_3,rsu_north,rsu_0,3490.678577,520,false,false,region_north_normal,pool_rsu_north
164000000000,164,veh_4,rsu_central,rsu_1,1289.801702,300,false,false,region_central_degraded,pool_rsu_central
164000000000,164,veh_4,rsu_north,rsu_0,3412.694065,520,false,false,region_north_normal,pool_rsu_north
164000000000,164,veh_5,rsu_central,rsu_1,1187.118288,300,false,false,region_central_degraded,pool_rsu_central
164000000000,164,veh_5,rsu_north,rsu_0,3313.683221,520,false,false,region_north_normal,pool_rsu_north
164000000000,164,veh_6,rsu_central,rsu_1,1076.361740,300,false,false,region_central_degraded,pool_rsu_central
164000000000,164,veh_6,rsu_north,rsu_0,3204.410285,520,false,false,region_north_normal,pool_rsu_north
164000000000,164,veh_7,rsu_central,rsu_1,937.546392,300,false,false,region_central_degraded,pool_rsu_central
164000000000,164,veh_7,rsu_north,rsu_0,3065.857439,520,false,false,region_north_normal,pool_rsu_north
164000000000,164,veh_8,rsu_central,rsu_1,814.084002,300,false,false,region_central_degraded,pool_rsu_central
164000000000,164,veh_8,rsu_north,rsu_0,2941.350263,520,false,false,region_north_normal,pool_rsu_north
164000000000,164,veh_9,rsu_central,rsu_1,685.790692,300,false,false,region_central_degraded,pool_rsu_central
164000000000,164,veh_9,rsu_north,rsu_0,2811.526602,520,false,false,region_north_normal,pool_rsu_north
164000000000,164,veh_10,rsu_central,rsu_1,560.473252,300,false,false,region_central_degraded,pool_rsu_central
164000000000,164,veh_10,rsu_north,rsu_0,2686.969408,520,false,false,region_north_normal,pool_rsu_north
164000000000,164,veh_11,rsu_central,rsu_1,430.194391,300,false,false,region_central_degraded,pool_rsu_central
164000000000,164,veh_11,rsu_north,rsu_0,2558.967417,520,false,false,region_north_normal,pool_rsu_north
165000000000,165,veh_0,rsu_central,rsu_1,1582.977692,300,false,false,region_central_degraded,pool_rsu_central
165000000000,165,veh_0,rsu_north,rsu_0,3651.202934,520,false,false,region_north_normal,pool_rsu_north
165000000000,165,veh_1,rsu_central,rsu_1,1531.302639,300,false,false,region_central_degraded,pool_rsu_central
165000000000,165,veh_1,rsu_north,rsu_0,3619.918686,520,false,false,region_north_normal,pool_rsu_north
165000000000,165,veh_2,rsu_central,rsu_1,1467.794748,300,false,false,region_central_degraded,pool_rsu_central
165000000000,165,veh_2,rsu_north,rsu_0,3571.813490,520,false,false,region_north_normal,pool_rsu_north
165000000000,165,veh_3,rsu_central,rsu_1,1394.425105,300,false,false,region_central_degraded,pool_rsu_central
165000000000,165,veh_3,rsu_north,rsu_0,3509.153874,520,false,false,region_north_normal,pool_rsu_north
165000000000,165,veh_4,rsu_central,rsu_1,1313.368638,300,false,false,region_central_degraded,pool_rsu_central
165000000000,165,veh_4,rsu_north,rsu_0,3434.919482,520,false,false,region_north_normal,pool_rsu_north
165000000000,165,veh_5,rsu_central,rsu_1,1211.828523,300,false,false,region_central_degraded,pool_rsu_central
165000000000,165,veh_5,rsu_north,rsu_0,3337.727347,520,false,false,region_north_normal,pool_rsu_north
165000000000,165,veh_6,rsu_central,rsu_1,1109.330369,300,false,false,region_central_degraded,pool_rsu_central
165000000000,165,veh_6,rsu_north,rsu_0,3237.174020,520,false,false,region_north_normal,pool_rsu_north
165000000000,165,veh_7,rsu_central,rsu_1,970.190809,300,false,false,region_central_degraded,pool_rsu_central
165000000000,165,veh_7,rsu_north,rsu_0,3098.545414,520,false,false,region_north_normal,pool_rsu_north
165000000000,165,veh_8,rsu_central,rsu_1,846.237776,300,false,false,region_central_degraded,pool_rsu_central
165000000000,165,veh_8,rsu_north,rsu_0,2973.972445,520,false,false,region_north_normal,pool_rsu_north
165000000000,165,veh_9,rsu_central,rsu_1,718.743016,300,false,false,region_central_degraded,pool_rsu_central
165000000000,165,veh_9,rsu_north,rsu_0,2844.811900,520,false,false,region_north_normal,pool_rsu_north
165000000000,165,veh_10,rsu_central,rsu_1,592.804112,300,false,false,region_central_degraded,pool_rsu_central
165000000000,165,veh_10,rsu_north,rsu_0,2718.566545,520,false,false,region_north_normal,pool_rsu_north
165000000000,165,veh_11,rsu_central,rsu_1,461.501305,300,false,false,region_central_degraded,pool_rsu_central
165000000000,165,veh_11,rsu_north,rsu_0,2589.660413,520,false,false,region_north_normal,pool_rsu_north
166000000000,166,veh_0,rsu_central,rsu_1,1593.681935,300,false,false,region_central_degraded,pool_rsu_central
166000000000,166,veh_0,rsu_north,rsu_0,3656.413899,520,false,false,region_north_normal,pool_rsu_north
166000000000,166,veh_1,rsu_central,rsu_1,1545.102133,300,false,false,region_central_degraded,pool_rsu_central
166000000000,166,veh_1,rsu_north,rsu_0,3629.158974,520,false,false,region_north_normal,pool_rsu_north
166000000000,166,veh_2,rsu_central,rsu_1,1485.453717,300,false,false,region_central_degraded,pool_rsu_central
166000000000,166,veh_2,rsu_north,rsu_0,3586.180055,520,false,false,region_north_normal,pool_rsu_north
166000000000,166,veh_3,rsu_central,rsu_1,1413.621014,300,false,false,region_central_degraded,pool_rsu_central
166000000000,166,veh_3,rsu_north,rsu_0,3525.961933,520,false,false,region_north_normal,pool_rsu_north
166000000000,166,veh_4,rsu_central,rsu_1,1335.798136,300,false,false,region_central_degraded,pool_rsu_central
166000000000,166,veh_4,rsu_north,rsu_0,3455.794753,520,false,false,region_north_normal,pool_rsu_north
166000000000,166,veh_5,rsu_central,rsu_1,1236.795848,300,false,false,region_central_degraded,pool_rsu_central
166000000000,166,veh_5,rsu_north,rsu_0,3361.937457,520,false,false,region_north_normal,pool_rsu_north
166000000000,166,veh_6,rsu_central,rsu_1,1139.956895,300,false,false,region_central_degraded,pool_rsu_central
166000000000,166,veh_6,rsu_north,rsu_0,3267.429038,520,false,false,region_north_normal,pool_rsu_north
166000000000,166,veh_7,rsu_central,rsu_1,1002.334467,300,false,false,region_central_degraded,pool_rsu_central
166000000000,166,veh_7,rsu_north,rsu_0,3130.696824,520,false,false,region_north_normal,pool_rsu_north
166000000000,166,veh_8,rsu_central,rsu_1,877.955696,300,false,false,region_central_degraded,pool_rsu_central
166000000000,166,veh_8,rsu_north,rsu_0,3005.995343,520,false,false,region_north_normal,pool_rsu_north
166000000000,166,veh_9,rsu_central,rsu_1,750.594991,300,false,false,region_central_degraded,pool_rsu_central
166000000000,166,veh_9,rsu_north,rsu_0,2877.006133,520,false,false,region_north_normal,pool_rsu_north
166000000000,166,veh_10,rsu_central,rsu_1,624.908803,300,false,false,region_central_degraded,pool_rsu_central
166000000000,166,veh_10,rsu_north,rsu_0,2750.375746,520,false,false,region_north_normal,pool_rsu_north
166000000000,166,veh_11,rsu_central,rsu_1,494.077601,300,false,false,region_central_degraded,pool_rsu_central
166000000000,166,veh_11,rsu_north,rsu_0,2621.632631,520,false,false,region_north_normal,pool_rsu_north
167000000000,167,veh_0,rsu_central,rsu_1,1605.071844,300,false,false,region_central_degraded,pool_rsu_central
167000000000,167,veh_0,rsu_north,rsu_0,3661.964687,520,false,false,region_north_normal,pool_rsu_north
167000000000,167,veh_1,rsu_central,rsu_1,1557.469744,300,false,false,region_central_degraded,pool_rsu_central
167000000000,167,veh_1,rsu_north,rsu_0,3636.860923,520,false,false,region_north_normal,pool_rsu_north
167000000000,167,veh_2,rsu_central,rsu_1,1500.581027,300,false,false,region_central_degraded,pool_rsu_central
167000000000,167,veh_2,rsu_north,rsu_0,3597.666685,520,false,false,region_north_normal,pool_rsu_north
167000000000,167,veh_3,rsu_central,rsu_1,1432.778908,300,false,false,region_central_degraded,pool_rsu_central
167000000000,167,veh_3,rsu_north,rsu_0,3542.643603,520,false,false,region_north_normal,pool_rsu_north
167000000000,167,veh_4,rsu_central,rsu_1,1358.076875,300,false,false,region_central_degraded,pool_rsu_central
167000000000,167,veh_4,rsu_north,rsu_0,3476.354267,520,false,false,region_north_normal,pool_rsu_north
167000000000,167,veh_5,rsu_central,rsu_1,1260.823878,300,false,false,region_central_degraded,pool_rsu_central
167000000000,167,veh_5,rsu_north,rsu_0,3385.079540,520,false,false,region_north_normal,pool_rsu_north
167000000000,167,veh_6,rsu_central,rsu_1,1166.549875,300,false,false,region_central_degraded,pool_rsu_central
167000000000,167,veh_6,rsu_north,rsu_0,3293.572571,520,false,false,region_north_normal,pool_rsu_north
167000000000,167,veh_7,rsu_central,rsu_1,1034.398700,300,false,false,region_central_degraded,pool_rsu_central
167000000000,167,veh_7,rsu_north,rsu_0,3162.655220,520,false,false,region_north_normal,pool_rsu_north
167000000000,167,veh_8,rsu_central,rsu_1,910.079462,300,false,false,region_central_degraded,pool_rsu_central
167000000000,167,veh_8,rsu_north,rsu_0,3038.288775,520,false,false,region_north_normal,pool_rsu_north
167000000000,167,veh_9,rsu_central,rsu_1,782.608543,300,false,false,region_central_degraded,pool_rsu_central
167000000000,167,veh_9,rsu_north,rsu_0,2909.419410,520,false,false,region_north_normal,pool_rsu_north
167000000000,167,veh_10,rsu_central,rsu_1,658.122066,300,false,false,region_central_degraded,pool_rsu_central
167000000000,167,veh_10,rsu_north,rsu_0,2783.660907,520,false,false,region_north_normal,pool_rsu_north
167000000000,167,veh_11,rsu_central,rsu_1,526.069883,300,false,false,region_central_degraded,pool_rsu_central
167000000000,167,veh_11,rsu_north,rsu_0,2653.133048,520,false,false,region_north_normal,pool_rsu_north
168000000000,168,veh_0,rsu_central,rsu_1,1616.805675,300,false,false,region_central_degraded,pool_rsu_central
168000000000,168,veh_0,rsu_north,rsu_0,3667.692066,520,false,false,region_north_normal,pool_rsu_north
168000000000,168,veh_1,rsu_central,rsu_1,1570.577045,300,false,false,region_central_degraded,pool_rsu_central
168000000000,168,veh_1,rsu_north,rsu_0,3645.064967,520,false,false,region_north_normal,pool_rsu_north
168000000000,168,veh_2,rsu_central,rsu_1,1516.282884,300,false,false,region_central_degraded,pool_rsu_central
168000000000,168,veh_2,rsu_north,rsu_0,3609.450970,520,false,false,region_north_normal,pool_rsu_north
168000000000,168,veh_3,rsu_central,rsu_1,1451.388061,300,false,false,region_central_degraded,pool_rsu_central
168000000000,168,veh_3,rsu_north,rsu_0,3558.380321,520,false,false,region_north_normal,pool_rsu_north
168000000000,168,veh_4,rsu_central,rsu_1,1378.416132,300,false,false,region_central_degraded,pool_rsu_central
168000000000,168,veh_4,rsu_north,rsu_0,3494.753192,520,false,false,region_north_normal,pool_rsu_north
168000000000,168,veh_5,rsu_central,rsu_1,1284.772817,300,false,false,region_central_degraded,pool_rsu_central
168000000000,168,veh_5,rsu_north,rsu_0,3407.915570,520,false,false,region_north_normal,pool_rsu_north
168000000000,168,veh_6,rsu_central,rsu_1,1191.935444,300,false,false,region_central_degraded,pool_rsu_central
168000000000,168,veh_6,rsu_north,rsu_0,3318.373738,520,false,false,region_north_normal,pool_rsu_north
168000000000,168,veh_7,rsu_central,rsu_1,1067.219454,300,false,false,region_central_degraded,pool_rsu_central
168000000000,168,veh_7,rsu_north,rsu_0,3195.313246,520,false,false,region_north_normal,pool_rsu_north
168000000000,168,veh_8,rsu_central,rsu_1,942.289706,300,false,false,region_central_degraded,pool_rsu_central
168000000000,168,veh_8,rsu_north,rsu_0,3070.607272,520,false,false,region_north_normal,pool_rsu_north
168000000000,168,veh_9,rsu_central,rsu_1,815.030957,300,false,false,region_central_degraded,pool_rsu_central
168000000000,168,veh_9,rsu_north,rsu_0,2942.310721,520,false,false,region_north_normal,pool_rsu_north
168000000000,168,veh_10,rsu_central,rsu_1,690.322401,300,false,false,region_central_degraded,pool_rsu_central
168000000000,168,veh_10,rsu_north,rsu_0,2816.103648,520,false,false,region_north_normal,pool_rsu_north
168000000000,168,veh_11,rsu_central,rsu_1,558.305086,300,false,false,region_central_degraded,pool_rsu_central
168000000000,168,veh_11,rsu_north,rsu_0,2684.833736,520,false,false,region_north_normal,pool_rsu_north
169000000000,169,veh_0,rsu_central,rsu_1,1628.319428,300,false,false,region_central_degraded,pool_rsu_central
169000000000,169,veh_0,rsu_north,rsu_0,3672.879182,520,false,false,region_north_normal,pool_rsu_north
169000000000,169,veh_1,rsu_central,rsu_1,1580.978882,300,false,false,region_central_degraded,pool_rsu_central
169000000000,169,veh_1,rsu_north,rsu_0,3650.230301,520,false,false,region_north_normal,pool_rsu_north
169000000000,169,veh_2,rsu_central,rsu_1,1530.524879,300,false,false,region_central_degraded,pool_rsu_central
169000000000,169,veh_2,rsu_north,rsu_0,3619.393677,520,false,false,region_north_normal,pool_rsu_north
169000000000,169,veh_3,rsu_central,rsu_1,1468.767400,300,false,false,region_central_degraded,pool_rsu_central
169000000000,169,veh_3,rsu_north,rsu_0,3572.607174,520,false,false,region_north_normal,pool_rsu_north
169000000000,169,veh_4,rsu_central,rsu_1,1399.259376,300,false,false,region_central_degraded,pool_rsu_central
169000000000,169,veh_4,rsu_north,rsu_0,3513.396194,520,false,false,region_north_normal,pool_rsu_north
169000000000,169,veh_5,rsu_central,rsu_1,1307.631160,300,false,false,region_central_degraded,pool_rsu_central
169000000000,169,veh_5,rsu_north,rsu_0,3429.516132,520,false,false,region_north_normal,pool_rsu_north
169000000000,169,veh_6,rsu_central,rsu_1,1217.041951,300,false,false,region_central_degraded,pool_rsu_central
169000000000,169,veh_6,rsu_north,rsu_0,3342.790776,520,false,false,region_north_normal,pool_rsu_north
169000000000,169,veh_7,rsu_central,rsu_1,1099.270929,300,false,false,region_central_degraded,pool_rsu_central
169000000000,169,veh_7,rsu_north,rsu_0,3227.220886,520,false,false,region_north_normal,pool_rsu_north
169000000000,169,veh_8,rsu_central,rsu_1,975.181658,300,false,false,region_central_degraded,pool_rsu_central
169000000000,169,veh_8,rsu_north,rsu_0,3103.542664,520,false,false,region_north_normal,pool_rsu_north
169000000000,169,veh_9,rsu_central,rsu_1,846.336093,300,false,false,region_central_degraded,pool_rsu_central
169000000000,169,veh_9,rsu_north,rsu_0,2974.076333,520,false,false,region_north_normal,pool_rsu_north
169000000000,169,veh_10,rsu_central,rsu_1,722.232988,300,false,false,region_central_degraded,pool_rsu_central
169000000000,169,veh_10,rsu_north,rsu_0,2848.338110,520,false,false,region_north_normal,pool_rsu_north
169000000000,169,veh_11,rsu_central,rsu_1,589.975273,300,false,false,region_central_degraded,pool_rsu_central
169000000000,169,veh_11,rsu_north,rsu_0,2715.763992,520,false,false,region_north_normal,pool_rsu_north
170000000000,170,veh_0,rsu_central,rsu_1,1639.940719,300,false,false,region_central_degraded,pool_rsu_central
170000000000,170,veh_0,rsu_north,rsu_0,3677.956317,520,false,false,region_north_normal,pool_rsu_north
170000000000,170,veh_1,rsu_central,rsu_1,1591.819264,300,false,false,region_central_degraded,pool_rsu_central
170000000000,170,veh_1,rsu_north,rsu_0,3655.506798,520,false,false,region_north_normal,pool_rsu_north
170000000000,170,veh_2,rsu_central,rsu_1,1543.888662,300,false,false,region_central_degraded,pool_rsu_central
170000000000,170,veh_2,rsu_north,rsu_0,3628.386075,520,false,false,region_north_normal,pool_rsu_north
170000000000,170,veh_3,rsu_central,rsu_1,1486.489254,300,false,false,region_central_degraded,pool_rsu_central
170000000000,170,veh_3,rsu_north,rsu_0,3587.015375,520,false,false,region_north_normal,pool_rsu_north
170000000000,170,veh_4,rsu_central,rsu_1,1418.939231,300,false,false,region_central_degraded,pool_rsu_central
170000000000,170,veh_4,rsu_north,rsu_0,3530.601624,520,false,false,region_north_normal,pool_rsu_north
170000000000,170,veh_5,rsu_central,rsu_1,1330.507867,300,false,false,region_central_degraded,pool_rsu_central
170000000000,170,veh_5,rsu_north,rsu_0,3450.889940,520,false,false,region_north_normal,pool_rsu_north
170000000000,170,veh_6,rsu_central,rsu_1,1242.279750,300,false,false,region_central_degraded,pool_rsu_central
170000000000,170,veh_6,rsu_north,rsu_0,3367.228884,520,false,false,region_north_normal,pool_rsu_north
170000000000,170,veh_7,rsu_central,rsu_1,1131.582080,300,false,false,region_central_degraded,pool_rsu_central
170000000000,170,veh_7,rsu_north,rsu_0,3259.185295,520,false,false,region_north_normal,pool_rsu_north
170000000000,170,veh_8,rsu_central,rsu_1,1007.369088,300,false,false,region_central_degraded,pool_rsu_central
170000000000,170,veh_8,rsu_north,rsu_0,3135.720419,520,false,false,region_north_normal,pool_rsu_north
170000000000,170,veh_9,rsu_central,rsu_1,877.238183,300,false,false,region_central_degraded,pool_rsu_central
170000000000,170,veh_9,rsu_north,rsu_0,3005.274410,520,false,false,region_north_normal,pool_rsu_north
170000000000,170,veh_10,rsu_central,rsu_1,755.108853,300,false,false,region_central_degraded,pool_rsu_central
170000000000,170,veh_10,rsu_north,rsu_0,2881.574619,520,false,false,region_north_normal,pool_rsu_north
170000000000,170,veh_11,rsu_central,rsu_1,622.613396,300,false,false,region_central_degraded,pool_rsu_central
170000000000,170,veh_11,rsu_north,rsu_0,2748.101293,520,false,false,region_north_normal,pool_rsu_north
171000000000,171,veh_0,rsu_central,rsu_1,1651.435583,300,false,false,region_central_degraded,pool_rsu_central
171000000000,171,veh_0,rsu_north,rsu_0,3683.010177,520,false,false,region_north_normal,pool_rsu_north
171000000000,171,veh_1,rsu_central,rsu_1,1603.064425,300,false,false,region_central_degraded,pool_rsu_central
171000000000,171,veh_1,rsu_north,rsu_0,3660.985826,520,false,false,region_north_normal,pool_rsu_north
171000000000,171,veh_2,rsu_central,rsu_1,1556.584037,300,false,false,region_central_degraded,pool_rsu_central
171000000000,171,veh_2,rsu_north,rsu_0,3636.288941,520,false,false,region_north_normal,pool_rsu_north
171000000000,171,veh_3,rsu_central,rsu_1,1501.555076,300,false,false,region_central_degraded,pool_rsu_central
171000000000,171,veh_3,rsu_north,rsu_0,3598.400171,520,false,false,region_north_normal,pool_rsu_north
171000000000,171,veh_4,rsu_central,rsu_1,1438.190928,300,false,false,region_central_degraded,pool_rsu_central
171000000000,171,veh_4,rsu_north,rsu_0,3547.340672,520,false,false,region_north_normal,pool_rsu_north
171000000000,171,veh_5,rsu_central,rsu_1,1353.017197,300,false,false,region_central_degraded,pool_rsu_central
171000000000,171,veh_5,rsu_north,rsu_0,3471.726951,520,false,false,region_north_normal,pool_rsu_north
171000000000,171,veh_6,rsu_central,rsu_1,1266.438019,300,false,false,region_central_degraded,pool_rsu_central
171000000000,171,veh_6,rsu_north,rsu_0,3390.467923,520,false,false,region_north_normal,pool_rsu_north
171000000000,171,veh_7,rsu_central,rsu_1,1160.962450,300,false,false,region_central_degraded,pool_rsu_central
171000000000,171,veh_7,rsu_north,rsu_0,3288.081893,520,false,false,region_north_normal,pool_rsu_north
171000000000,171,veh_8,rsu_central,rsu_1,1039.932474,300,false,false,region_central_degraded,pool_rsu_central
171000000000,171,veh_8,rsu_north,rsu_0,3168.161656,520,false,false,region_north_normal,pool_rsu_north
171000000000,171,veh_9,rsu_central,rsu_1,909.994763,300,false,false,region_central_degraded,pool_rsu_central
171000000000,171,veh_9,rsu_north,rsu_0,3038.203622,520,false,false,region_north_normal,pool_rsu_north
171000000000,171,veh_10,rsu_central,rsu_1,787.089325,300,false,false,region_central_degraded,pool_rsu_central
171000000000,171,veh_10,rsu_north,rsu_0,2913.966667,520,false,false,region_north_normal,pool_rsu_north
171000000000,171,veh_11,rsu_central,rsu_1,656.125473,300,false,false,region_central_degraded,pool_rsu_central
171000000000,171,veh_11,rsu_north,rsu_0,2781.653502,520,false,false,region_north_normal,pool_rsu_north
172000000000,172,veh_0,rsu_central,rsu_1,1663.733983,300,false,false,region_central_degraded,pool_rsu_central
172000000000,172,veh_0,rsu_north,rsu_0,3688.393491,520,false,false,region_north_normal,pool_rsu_north
172000000000,172,veh_1,rsu_central,rsu_1,1614.639666,300,false,false,region_central_degraded,pool_rsu_central
172000000000,172,veh_1,rsu_north,rsu_0,3666.634032,520,false,false,region_north_normal,pool_rsu_north
172000000000,172,veh_2,rsu_central,rsu_1,1570.019024,300,false,false,region_central_degraded,pool_rsu_central
172000000000,172,veh_2,rsu_north,rsu_0,3644.758972,520,false,false,region_north_normal,pool_rsu_north
172000000000,172,veh_3,rsu_central,rsu_1,1516.899086,300,false,false,region_central_degraded,pool_rsu_central
172000000000,172,veh_3,rsu_north,rsu_0,3609.911784,520,false,false,region_north_normal,pool_rsu_north
172000000000,172,veh_4,rsu_central,rsu_1,1455.561428,300,false,false,region_central_degraded,pool_rsu_central
172000000000,172,veh_4,rsu_north,rsu_0,3561.805691,520,false,false,region_north_normal,pool_rsu_north
172000000000,172,veh_5,rsu_central,rsu_1,1373.602233,300,false,false,region_central_degraded,pool_rsu_central
172000000000,172,veh_5,rsu_north,rsu_0,3490.406622,520,false,false,region_north_normal,pool_rsu_north
172000000000,172,veh_6,rsu_central,rsu_1,1289.895335,300,false,false,region_central_degraded,pool_rsu_central
172000000000,172,veh_6,rsu_north,rsu_0,3412.783009,520,false,false,region_north_normal,pool_rsu_north
172000000000,172,veh_7,rsu_central,rsu_1,1186.162951,300,false,false,region_central_degraded,pool_rsu_central
172000000000,172,veh_7,rsu_north,rsu_0,3312.752806,520,false,false,region_north_normal,pool_rsu_north
172000000000,172,veh_8,rsu_central,rsu_1,1072.625819,300,false,false,region_central_degraded,pool_rsu_central
172000000000,172,veh_8,rsu_north,rsu_0,3200.692685,520,false,false,region_north_normal,pool_rsu_north
172000000000,172,veh_9,rsu_central,rsu_1,942.957927,300,false,false,region_central_degraded,pool_rsu_central
172000000000,172,veh_9,rsu_north,rsu_0,3071.276406,520,false,false,region_north_normal,pool_rsu_north
172000000000,172,veh_10,rsu_central,rsu_1,818.759368,300,false,false,region_central_degraded,pool_rsu_central
172000000000,172,veh_10,rsu_north,rsu_0,2946.091747,520,false,false,region_north_normal,pool_rsu_north
172000000000,172,veh_11,rsu_central,rsu_1,688.192022,300,false,false,region_central_degraded,pool_rsu_central
172000000000,172,veh_11,rsu_north,rsu_0,2813.952041,520,false,false,region_north_normal,pool_rsu_north
173000000000,173,veh_0,rsu_central,rsu_1,1675.266612,300,false,false,region_central_degraded,pool_rsu_central
173000000000,173,veh_0,rsu_north,rsu_0,3692.893526,520,false,false,region_north_normal,pool_rsu_north
173000000000,173,veh_1,rsu_central,rsu_1,1625.971349,300,false,false,region_central_degraded,pool_rsu_central
173000000000,173,veh_1,rsu_north,rsu_0,3671.857336,520,false,false,region_north_normal,pool_rsu_north
173000000000,173,veh_2,rsu_central,rsu_1,1580.790216,300,false,false,region_central_degraded,pool_rsu_central
173000000000,173,veh_2,rsu_north,rsu_0,3650.138499,520,false,false,region_north_normal,pool_rsu_north
173000000000,173,veh_3,rsu_central,rsu_1,1530.511633,300,false,false,region_central_degraded,pool_rsu_central
173000000000,173,veh_3,rsu_north,rsu_0,3619.384734,520,false,false,region_north_normal,pool_rsu_north
173000000000,173,veh_4,rsu_central,rsu_1,1473.199178,300,false,false,region_central_degraded,pool_rsu_central
173000000000,173,veh_4,rsu_north,rsu_0,3576.219893,520,false,false,region_north_normal,pool_rsu_north
173000000000,173,veh_5,rsu_central,rsu_1,1394.773808,300,false,false,region_central_degraded,pool_rsu_central
173000000000,173,veh_5,rsu_north,rsu_0,3509.460099,520,false,false,region_north_normal,pool_rsu_north
173000000000,173,veh_6,rsu_central,rsu_1,1313.151969,300,false,false,region_central_degraded,pool_rsu_central
173000000000,173,veh_6,rsu_north,rsu_0,3434.715510,520,false,false,region_north_normal,pool_rsu_north
173000000000,173,veh_7,rsu_central,rsu_1,1211.916319,300,false,false,region_central_degraded,pool_rsu_central
173000000000,173,veh_7,rsu_north,rsu_0,3337.812705,520,false,false,region_north_normal,pool_rsu_north
173000000000,173,veh_8,rsu_central,rsu_1,1104.762232,300,false,false,region_central_degraded,pool_rsu_central
173000000000,173,veh_8,rsu_north,rsu_0,3232.654351,520,false,false,region_north_normal,pool_rsu_north
173000000000,173,veh_9,rsu_central,rsu_1,976.133122,300,false,false,region_central_degraded,pool_rsu_central
173000000000,173,veh_9,rsu_north,rsu_0,3104.495340,520,false,false,region_north_normal,pool_rsu_north
173000000000,173,veh_10,rsu_central,rsu_1,849.148953,300,false,false,region_central_degraded,pool_rsu_central
173000000000,173,veh_10,rsu_north,rsu_0,2977.023326,520,false,false,region_north_normal,pool_rsu_north
173000000000,173,veh_11,rsu_central,rsu_1,721.167019,300,false,false,region_central_degraded,pool_rsu_central
173000000000,173,veh_11,rsu_north,rsu_0,2847.261117,520,false,false,region_north_normal,pool_rsu_north
174000000000,174,veh_0,rsu_central,rsu_1,1687.213778,300,false,false,region_central_degraded,pool_rsu_central
174000000000,174,veh_0,rsu_north,rsu_0,3697.564891,520,false,false,region_north_normal,pool_rsu_north
174000000000,174,veh_1,rsu_central,rsu_1,1637.097140,300,false,false,region_central_degraded,pool_rsu_central
174000000000,174,veh_1,rsu_north,rsu_0,3676.710988,520,false,false,region_north_normal,pool_rsu_north
174000000000,174,veh_2,rsu_central,rsu_1,1591.393487,300,false,false,region_central_degraded,pool_rsu_central
174000000000,174,veh_2,rsu_north,rsu_0,3655.299471,520,false,false,region_north_normal,pool_rsu_north
174000000000,174,veh_3,rsu_central,rsu_1,1544.112666,300,false,false,region_central_degraded,pool_rsu_central
174000000000,174,veh_3,rsu_north,rsu_0,3628.536316,520,false,false,region_north_normal,pool_rsu_north
174000000000,174,veh_4,rsu_central,rsu_1,1490.152379,300,false,false,region_central_degraded,pool_rsu_central
174000000000,174,veh_4,rsu_north,rsu_0,3589.791573,520,false,false,region_north_normal,pool_rsu_north
174000000000,174,veh_5,rsu_central,rsu_1,1413.975848,300,false,false,region_central_degraded,pool_rsu_central
174000000000,174,veh_5,rsu_north,rsu_0,3526.271715,520,false,false,region_north_normal,pool_rsu_north
174000000000,174,veh_6,rsu_central,rsu_1,1335.518923,300,false,false,region_central_degraded,pool_rsu_central
174000000000,174,veh_6,rsu_north,rsu_0,3455.536003,520,false,false,region_north_normal,pool_rsu_north
174000000000,174,veh_7,rsu_central,rsu_1,1236.644564,300,false,false,region_central_degraded,pool_rsu_central
174000000000,174,veh_7,rsu_north,rsu_0,3361.790924,520,false,false,region_north_normal,pool_rsu_north
174000000000,174,veh_8,rsu_central,rsu_1,1136.346417,300,false,false,region_central_degraded,pool_rsu_central
174000000000,174,veh_8,rsu_north,rsu_0,3263.877628,520,false,false,region_north_normal,pool_rsu_north
174000000000,174,veh_9,rsu_central,rsu_1,1008.570886,300,false,false,region_central_degraded,pool_rsu_central
174000000000,174,veh_9,rsu_north,rsu_0,3136.919589,520,false,false,region_north_normal,pool_rsu_north
174000000000,174,veh_10,rsu_central,rsu_1,881.893583,300,false,false,region_central_degraded,pool_rsu_central
174000000000,174,veh_10,rsu_north,rsu_0,3009.951875,520,false,false,region_north_normal,pool_rsu_north
174000000000,174,veh_11,rsu_central,rsu_1,753.030810,300,false,false,region_central_degraded,pool_rsu_central
174000000000,174,veh_11,rsu_north,rsu_0,2879.471540,520,false,false,region_north_normal,pool_rsu_north
175000000000,175,veh_0,rsu_central,rsu_1,1699.596737,300,false,false,region_central_degraded,pool_rsu_central
175000000000,175,veh_0,rsu_north,rsu_0,3702.464345,520,false,false,region_north_normal,pool_rsu_north
175000000000,175,veh_1,rsu_central,rsu_1,1648.779641,300,false,false,region_central_degraded,pool_rsu_central
175000000000,175,veh_1,rsu_north,rsu_0,3681.839658,520,false,false,region_north_normal,pool_rsu_north
175000000000,175,veh_2,rsu_central,rsu_1,1602.359464,300,false,false,region_central_degraded,pool_rsu_central
175000000000,175,veh_2,rsu_north,rsu_0,3660.642133,520,false,false,region_north_normal,pool_rsu_north
175000000000,175,veh_3,rsu_central,rsu_1,1556.810806,300,false,false,region_central_degraded,pool_rsu_central
175000000000,175,veh_3,rsu_north,rsu_0,3636.435406,520,false,false,region_north_normal,pool_rsu_north
175000000000,175,veh_4,rsu_central,rsu_1,1505.291279,300,false,false,region_central_degraded,pool_rsu_central
175000000000,175,veh_4,rsu_north,rsu_0,3601.210520,520,false,false,region_north_normal,pool_rsu_north
175000000000,175,veh_5,rsu_central,rsu_1,1433.101587,300,false,false,region_central_degraded,pool_rsu_central
175000000000,175,veh_5,rsu_north,rsu_0,3542.923838,520,false,false,region_north_normal,pool_rsu_north
175000000000,175,veh_6,rsu_central,rsu_1,1357.550493,300,false,false,region_central_degraded,pool_rsu_central
175000000000,175,veh_6,rsu_north,rsu_0,3475.876876,520,false,false,region_north_normal,pool_rsu_north
175000000000,175,veh_7,rsu_central,rsu_1,1261.357900,300,false,false,region_central_degraded,pool_rsu_central
175000000000,175,veh_7,rsu_north,rsu_0,3385.593161,520,false,false,region_north_normal,pool_rsu_north
175000000000,175,veh_8,rsu_central,rsu_1,1163.002727,300,false,false,region_central_degraded,pool_rsu_central
175000000000,175,veh_8,rsu_north,rsu_0,3290.086800,520,false,false,region_north_normal,pool_rsu_north
175000000000,175,veh_9,rsu_central,rsu_1,1041.571085,300,false,false,region_central_degraded,pool_rsu_central
175000000000,175,veh_9,rsu_north,rsu_0,3169.792164,520,false,false,region_north_normal,pool_rsu_north
175000000000,175,veh_10,rsu_central,rsu_1,914.873900,300,false,false,region_central_degraded,pool_rsu_central
175000000000,175,veh_10,rsu_north,rsu_0,3043.108697,520,false,false,region_north_normal,pool_rsu_north
175000000000,175,veh_11,rsu_central,rsu_1,784.681022,300,false,false,region_central_degraded,pool_rsu_central
175000000000,175,veh_11,rsu_north,rsu_0,2911.522792,520,false,false,region_north_normal,pool_rsu_north
176000000000,176,veh_0,rsu_central,rsu_1,1711.878897,300,false,false,region_central_degraded,pool_rsu_central
176000000000,176,veh_0,rsu_north,rsu_0,3707.379315,520,false,false,region_north_normal,pool_rsu_north
176000000000,176,veh_1,rsu_central,rsu_1,1660.879635,300,false,false,region_central_degraded,pool_rsu_central
176000000000,176,veh_1,rsu_north,rsu_0,3687.185855,520,false,false,region_north_normal,pool_rsu_north
176000000000,176,veh_2,rsu_central,rsu_1,1613.799010,300,false,false,region_central_degraded,pool_rsu_central
176000000000,176,veh_2,rsu_north,rsu_0,3666.223496,520,false,false,region_north_normal,pool_rsu_north
176000000000,176,veh_3,rsu_central,rsu_1,1570.064868,300,false,false,region_central_degraded,pool_rsu_central
176000000000,176,veh_3,rsu_north,rsu_0,3644.784113,520,false,false,region_north_normal,pool_rsu_north
176000000000,176,veh_4,rsu_central,rsu_1,1520.513696,300,false,false,region_central_degraded,pool_rsu_central
176000000000,176,veh_4,rsu_north,rsu_0,3612.612537,520,false,false,region_north_normal,pool_rsu_north
176000000000,176,veh_5,rsu_central,rsu_1,1451.102238,300,false,false,region_central_degraded,pool_rsu_central
176000000000,176,veh_5,rsu_north,rsu_0,3558.145509,520,false,false,region_north_normal,pool_rsu_north
176000000000,176,veh_6,rsu_central,rsu_1,1378.154974,300,false,false,region_central_degraded,pool_rsu_central
176000000000,176,veh_6,rsu_north,rsu_0,3494.517511,520,false,false,region_north_normal,pool_rsu_north
176000000000,176,veh_7,rsu_central,rsu_1,1284.918992,300,false,false,region_central_degraded,pool_rsu_central
176000000000,176,veh_7,rsu_north,rsu_0,3408.054509,520,false,false,region_north_normal,pool_rsu_north
176000000000,176,veh_8,rsu_central,rsu_1,1188.566277,300,false,false,region_central_degraded,pool_rsu_central
176000000000,176,veh_8,rsu_north,rsu_0,3315.093313,520,false,false,region_north_normal,pool_rsu_north
176000000000,176,veh_9,rsu_central,rsu_1,1074.319053,300,false,false,region_central_degraded,pool_rsu_central
176000000000,176,veh_9,rsu_north,rsu_0,3202.377480,520,false,false,region_north_normal,pool_rsu_north
176000000000,176,veh_10,rsu_central,rsu_1,948.035580,300,false,false,region_central_degraded,pool_rsu_central
176000000000,176,veh_10,rsu_north,rsu_0,3076.360953,520,false,false,region_north_normal,pool_rsu_north
176000000000,176,veh_11,rsu_central,rsu_1,816.899251,300,false,false,region_central_degraded,pool_rsu_central
176000000000,176,veh_11,rsu_north,rsu_0,2944.205490,520,false,false,region_north_normal,pool_rsu_north
177000000000,177,veh_0,rsu_central,rsu_1,1724.699305,300,false,false,region_central_degraded,pool_rsu_central
177000000000,177,veh_0,rsu_north,rsu_0,3712.566103,520,false,false,region_north_normal,pool_rsu_north
177000000000,177,veh_1,rsu_central,rsu_1,1672.648592,300,false,false,region_central_degraded,pool_rsu_central
177000000000,177,veh_1,rsu_north,rsu_0,3691.877454,520,false,false,region_north_normal,pool_rsu_north
177000000000,177,veh_2,rsu_central,rsu_1,1625.074351,300,false,false,region_central_degraded,pool_rsu_central
177000000000,177,veh_2,rsu_north,rsu_0,3671.467334,520,false,false,region_north_normal,pool_rsu_north
177000000000,177,veh_3,rsu_central,rsu_1,1580.593603,300,false,false,region_central_degraded,pool_rsu_central
177000000000,177,veh_3,rsu_north,rsu_0,3650.042832,520,false,false,region_north_normal,pool_rsu_north
177000000000,177,veh_4,rsu_central,rsu_1,1534.082237,300,false,false,region_central_degraded,pool_rsu_central
177000000000,177,veh_4,rsu_north,rsu_0,3621.793247,520,false,false,region_north_normal,pool_rsu_north
177000000000,177,veh_5,rsu_central,rsu_1,1468.695250,300,false,false,region_central_degraded,pool_rsu_central
177000000000,177,veh_5,rsu_north,rsu_0,3572.548309,520,false,false,region_north_normal,pool_rsu_north
177000000000,177,veh_6,rsu_central,rsu_1,1398.157144,300,false,false,region_central_degraded,pool_rsu_central
177000000000,177,veh_6,rsu_north,rsu_0,3512.429503,520,false,false,region_north_normal,pool_rsu_north
177000000000,177,veh_7,rsu_central,rsu_1,1308.191550,300,false,false,region_central_degraded,pool_rsu_central
177000000000,177,veh_7,rsu_north,rsu_0,3430.044079,520,false,false,region_north_normal,pool_rsu_north
177000000000,177,veh_8,rsu_central,rsu_1,1213.529149,300,false,false,region_central_degraded,pool_rsu_central
177000000000,177,veh_8,rsu_north,rsu_0,3339.380670,520,false,false,region_north_normal,pool_rsu_north
177000000000,177,veh_9,rsu_central,rsu_1,1107.524292,300,false,false,region_central_degraded,pool_rsu_central
177000000000,177,veh_9,rsu_north,rsu_0,3235.387143,520,false,false,region_north_normal,pool_rsu_north
177000000000,177,veh_10,rsu_central,rsu_1,980.190742,300,false,false,region_central_degraded,pool_rsu_central
177000000000,177,veh_10,rsu_north,rsu_0,3108.558105,520,false,false,region_north_normal,pool_rsu_north
177000000000,177,veh_11,rsu_central,rsu_1,847.549915,300,false,false,region_central_degraded,pool_rsu_central
177000000000,177,veh_11,rsu_north,rsu_0,2975.357370,520,false,false,region_north_normal,pool_rsu_north
178000000000,178,veh_0,rsu_central,rsu_1,1737.095540,300,false,false,region_central_degraded,pool_rsu_central
178000000000,178,veh_0,rsu_north,rsu_0,3717.634056,520,false,false,region_north_normal,pool_rsu_north
178000000000,178,veh_1,rsu_central,rsu_1,1684.155572,300,false,false,region_central_degraded,pool_rsu_central
178000000000,178,veh_1,rsu_north,rsu_0,3696.363812,520,false,false,region_north_normal,pool_rsu_north
178000000000,178,veh_2,rsu_central,rsu_1,1636.443914,300,false,false,region_central_degraded,pool_rsu_central
178000000000,178,veh_2,rsu_north,rsu_0,3676.425187,520,false,false,region_north_normal,pool_rsu_north
178000000000,178,veh_3,rsu_central,rsu_1,1591.390805,300,false,false,region_central_degraded,pool_rsu_central
178000000000,178,veh_3,rsu_north,rsu_0,3655.298165,520,false,false,region_north_normal,pool_rsu_north
178000000000,178,veh_4,rsu_central,rsu_1,1547.498082,300,false,false,region_central_degraded,pool_rsu_central
178000000000,178,veh_4,rsu_north,rsu_0,3630.640935,520,false,false,region_north_normal,pool_rsu_north
178000000000,178,veh_5,rsu_central,rsu_1,1485.943572,300,false,false,region_central_degraded,pool_rsu_central
178000000000,178,veh_5,rsu_north,rsu_0,3586.577330,520,false,false,region_north_normal,pool_rsu_north
178000000000,178,veh_6,rsu_central,rsu_1,1417.243107,300,false,false,region_central_degraded,pool_rsu_central
178000000000,178,veh_6,rsu_north,rsu_0,3529.122664,520,false,false,region_north_normal,pool_rsu_north
178000000000,178,veh_7,rsu_central,rsu_1,1330.205632,300,false,false,region_central_degraded,pool_rsu_central
178000000000,178,veh_7,rsu_north,rsu_0,3450.609580,520,false,false,region_north_normal,pool_rsu_north
178000000000,178,veh_8,rsu_central,rsu_1,1238.137212,300,false,false,region_central_degraded,pool_rsu_central
178000000000,178,veh_8,rsu_north,rsu_0,3363.236630,520,false,false,region_north_normal,pool_rsu_north
178000000000,178,veh_9,rsu_central,rsu_1,1138.211219,300,false,false,region_central_degraded,pool_rsu_central
178000000000,178,veh_9,rsu_north,rsu_0,3265.711981,520,false,false,region_north_normal,pool_rsu_north
178000000000,178,veh_10,rsu_central,rsu_1,1012.275928,300,false,false,region_central_degraded,pool_rsu_central
178000000000,178,veh_10,rsu_north,rsu_0,3140.616536,520,false,false,region_north_normal,pool_rsu_north
178000000000,178,veh_11,rsu_central,rsu_1,879.745624,300,false,false,region_central_degraded,pool_rsu_central
178000000000,178,veh_11,rsu_north,rsu_0,3007.793773,520,false,false,region_north_normal,pool_rsu_north
179000000000,179,veh_0,rsu_central,rsu_1,1747.628827,300,false,false,region_central_degraded,pool_rsu_central
179000000000,179,veh_0,rsu_north,rsu_0,3721.979720,520,false,false,region_north_normal,pool_rsu_north
179000000000,179,veh_1,rsu_central,rsu_1,1696.344999,300,false,false,region_central_degraded,pool_rsu_central
179000000000,179,veh_1,rsu_north,rsu_0,3701.172228,520,false,false,region_north_normal,pool_rsu_north
179000000000,179,veh_2,rsu_central,rsu_1,1648.141397,300,false,false,region_central_degraded,pool_rsu_central
179000000000,179,veh_2,rsu_north,rsu_0,3681.558623,520,false,false,region_north_normal,pool_rsu_north
179000000000,179,veh_3,rsu_central,rsu_1,1602.716799,300,false,false,region_central_degraded,pool_rsu_central
179000000000,179,veh_3,rsu_north,rsu_0,3660.816342,520,false,false,region_north_normal,pool_rsu_north
179000000000,179,veh_4,rsu_central,rsu_1,1560.315925,300,false,false,region_central_degraded,pool_rsu_central
179000000000,179,veh_4,rsu_north,rsu_0,3638.720898,520,false,false,region_north_normal,pool_rsu_north
179000000000,179,veh_5,rsu_central,rsu_1,1500.824240,300,false,false,region_central_degraded,pool_rsu_central
179000000000,179,veh_5,rsu_north,rsu_0,3597.849863,520,false,false,region_north_normal,pool_rsu_north
179000000000,179,veh_6,rsu_central,rsu_1,1437.277876,300,false,false,region_central_degraded,pool_rsu_central
179000000000,179,veh_6,rsu_north,rsu_0,3546.548693,520,false,false,region_north_normal,pool_rsu_north
179000000000,179,veh_7,rsu_central,rsu_1,1352.686026,300,false,false,region_central_degraded,pool_rsu_central
179000000000,179,veh_7,rsu_north,rsu_0,3471.420978,520,false,false,region_north_normal,pool_rsu_north
179000000000,179,veh_8,rsu_central,rsu_1,1262.441569,300,false,false,region_central_degraded,pool_rsu_central
179000000000,179,veh_8,rsu_north,rsu_0,3386.635357,520,false,false,region_north_normal,pool_rsu_north
179000000000,179,veh_9,rsu_central,rsu_1,1164.030413,300,false,false,region_central_degraded,pool_rsu_central
179000000000,179,veh_9,rsu_north,rsu_0,3291.096746,520,false,false,region_north_normal,pool_rsu_north
179000000000,179,veh_10,rsu_central,rsu_1,1044.241275,300,false,false,region_central_degraded,pool_rsu_central
179000000000,179,veh_10,rsu_north,rsu_0,3172.449141,520,false,false,region_north_normal,pool_rsu_north
179000000000,179,veh_11,rsu_central,rsu_1,912.784515,300,false,false,region_central_degraded,pool_rsu_central
179000000000,179,veh_11,rsu_north,rsu_0,3041.008254,520,false,false,region_north_normal,pool_rsu_north
180000000000,180,veh_0,rsu_central,rsu_1,1758.342321,300,false,false,region_central_degraded,pool_rsu_central
180000000000,180,veh_0,rsu_north,rsu_0,3726.435780,520,false,false,region_north_normal,pool_rsu_north
180000000000,180,veh_1,rsu_central,rsu_1,1708.612660,300,false,false,region_central_degraded,pool_rsu_central
180000000000,180,veh_1,rsu_north,rsu_0,3706.067008,520,false,false,region_north_normal,pool_rsu_north
180000000000,180,veh_2,rsu_central,rsu_1,1660.216683,300,false,false,region_central_degraded,pool_rsu_central
180000000000,180,veh_2,rsu_north,rsu_0,3686.892045,520,false,false,region_north_normal,pool_rsu_north
180000000000,180,veh_3,rsu_central,rsu_1,1614.043223,300,false,false,region_central_degraded,pool_rsu_central
180000000000,180,veh_3,rsu_north,rsu_0,3666.342752,520,false,false,region_north_normal,pool_rsu_north
180000000000,180,veh_4,rsu_central,rsu_1,1573.040710,300,false,false,region_central_degraded,pool_rsu_central
180000000000,180,veh_4,rsu_north,rsu_0,3646.368214,520,false,false,region_north_normal,pool_rsu_north
180000000000,180,veh_5,rsu_central,rsu_1,1515.990922,300,false,false,region_central_degraded,pool_rsu_central
180000000000,180,veh_5,rsu_north,rsu_0,3609.232590,520,false,false,region_north_normal,pool_rsu_north
180000000000,180,veh_6,rsu_central,rsu_1,1454.787427,300,false,false,region_central_degraded,pool_rsu_central
180000000000,180,veh_6,rsu_north,rsu_0,3561.170861,520,false,false,region_north_normal,pool_rsu_north
180000000000,180,veh_7,rsu_central,rsu_1,1373.531016,300,false,false,region_central_degraded,pool_rsu_central
180000000000,180,veh_7,rsu_north,rsu_0,3490.342282,520,false,false,region_north_normal,pool_rsu_north
180000000000,180,veh_8,rsu_central,rsu_1,1286.400441,300,false,false,region_central_degraded,pool_rsu_central
180000000000,180,veh_8,rsu_north,rsu_0,3409.462477,520,false,false,region_north_normal,pool_rsu_north
180000000000,180,veh_9,rsu_central,rsu_1,1189.582906,300,false,false,region_central_degraded,pool_rsu_central
180000000000,180,veh_9,rsu_north,rsu_0,3316.083247,520,false,false,region_north_normal,pool_rsu_north
180000000000,180,veh_10,rsu_central,rsu_1,1077.403863,300,false,false,region_central_degraded,pool_rsu_central
180000000000,180,veh_10,rsu_north,rsu_0,3205.448398,520,false,false,region_north_normal,pool_rsu_north
180000000000,180,veh_11,rsu_central,rsu_1,945.024817,300,false,false,region_central_degraded,pool_rsu_central
180000000000,180,veh_11,rsu_north,rsu_0,3073.346110,520,false,false,region_north_normal,pool_rsu_north
