measurementTimeSeconds,availableFromTimeSeconds,bucketStartSeconds,bucketEndSeconds,regionId,direction,trafficObservedBitsPerSecond,nominalCapacityBitsPerSecond,residualCapacityBitsPerSecond,residualPolicy,bucketBoundaryPolicy,availableFromPolicy,sourceFile
0,1,0,1,globalNetwork,DOWNLINK,0,42200000,42200000,NOMINAL_MINUS_OBSERVED_DIAGNOSTIC,START_TIMESTAMP_FOR_INTERVAL,SAFE_AFTER_TIMESTAMP,tmp\mosaic-25.2\logs\log-20260603-174645-MaGaIntegratedStudy\bandwidthMeasurements\ALL#ALL#ALL#Dn.csv
0,1,0,1,globalNetwork,UPLINK,0,28000000,28000000,NOMINAL_MINUS_OBSERVED_DIAGNOSTIC,START_TIMESTAMP_FOR_INTERVAL,SAFE_AFTER_TIMESTAMP,tmp\mosaic-25.2\logs\log-20260603-174645-MaGaIntegratedStudy\bandwidthMeasurements\ALL#ALL#ALL#Up.csv
0,1,0,1,region_central_degraded,DOWNLINK,0,12000000,12000000,NOMINAL_MINUS_OBSERVED_DIAGNOSTIC,START_TIMESTAMP_FOR_INTERVAL,SAFE_AFTER_TIMESTAMP,tmp\mosaic-25.2\logs\log-20260603-174645-MaGaIntegratedStudy\bandwidthMeasurements\ALL#ALL#ALL#Dn.csv
0,1,0,1,region_central_degraded,UPLINK,0,8000000,8000000,NOMINAL_MINUS_OBSERVED_DIAGNOSTIC,START_TIMESTAMP_FOR_INTERVAL,SAFE_AFTER_TIMESTAMP,tmp\mosaic-25.2\logs\log-20260603-174645-MaGaIntegratedStudy\bandwidthMeasurements\ALL#ALL#ALL#Up.csv
0,1,0,1,region_north_normal,DOWNLINK,0,60000000,60000000,NOMINAL_MINUS_OBSERVED_DIAGNOSTIC,START_TIMESTAMP_FOR_INTERVAL,SAFE_AFTER_TIMESTAMP,tmp\mosaic-25.2\logs\log-20260603-174645-MaGaIntegratedStudy\bandwidthMeasurements\ALL#ALL#ALL#Dn.csv
0,1,0,1,region_north_normal,UPLINK,0,40000000,40000000,NOMINAL_MINUS_OBSERVED_DIAGNOSTIC,START_TIMESTAMP_FOR_INTERVAL,SAFE_AFTER_TIMESTAMP,tmp\mosaic-25.2\logs\log-20260603-174645-MaGaIntegratedStudy\bandwidthMeasurements\ALL#ALL#ALL#Up.csv
1,2,1,2,globalNetwork,DOWNLINK,0,42200000,42200000,NOMINAL_MINUS_OBSERVED_DIAGNOSTIC,START_TIMESTAMP_FOR_INTERVAL,SAFE_AFTER_TIMESTAMP,tmp\mosaic-25.2\logs\log-20260603-174645-MaGaIntegratedStudy\bandwidthMeasurements\ALL#ALL#ALL#Dn.csv
1,2,1,2,globalNetwork,UPLINK,0,28000000,28000000,NOMINAL_MINUS_OBSERVED_DIAGNOSTIC,START_TIMESTAMP_FOR_INTERVAL,SAFE_AFTER_TIMESTAMP,tmp\mosaic-25.2\logs\log-20260603-174645-MaGaIntegratedStudy\bandwidthMeasurements\ALL#ALL#ALL#Up.csv
1,2,1,2,region_central_degraded,DOWNLINK,0,12000000,12000000,NOMINAL_MINUS_OBSERVED_DIAGNOSTIC,START_TIMESTAMP_FOR_INTERVAL,SAFE_AFTER_TIMESTAMP,tmp\mosaic-25.2\logs\log-20260603-174645-MaGaIntegratedStudy\bandwidthMeasurements\ALL#ALL#ALL#Dn.csv
1,2,1,2,region_central_degraded,UPLINK,0,8000000,8000000,NOMINAL_MINUS_OBSERVED_DIAGNOSTIC,START_TIMESTAMP_FOR_INTERVAL,SAFE_AFTER_TIMESTAMP,tmp\mosaic-25.2\logs\log-20260603-174645-MaGaIntegratedStudy\bandwidthMeasurements\ALL#ALL#ALL#Up.csv
1,2,1,2,region_north_normal,DOWNLINK,0,60000000,60000000,NOMINAL_MINUS_OBSERVED_DIAGNOSTIC,START_TIMESTAMP_FOR_INTERVAL,SAFE_AFTER_TIMESTAMP,tmp\mosaic-25.2\logs\log-20260603-174645-MaGaIntegratedStudy\bandwidthMeasurements\ALL#ALL#ALL#Dn.csv
1,2,1,2,region_north_normal,UPLINK,0,40000000,40000000,NOMINAL_MINUS_OBSERVED_DIAGNOSTIC,START_TIMESTAMP_FOR_INTERVAL,SAFE_AFTER_TIMESTAMP,tmp\mosaic-25.2\logs\log-20260603-174645-MaGaIntegratedStudy\bandwidthMeasurements\ALL#ALL#ALL#Up.csv
2,3,2,3,globalNetwork,DOWNLINK,0,42200000,42200000,NOMINAL_MINUS_OBSERVED_DIAGNOSTIC,START_TIMESTAMP_FOR_INTERVAL,SAFE_AFTER_TIMESTAMP,tmp\mosaic-25.2\logs\log-20260603-174645-MaGaIntegratedStudy\bandwidthMeasurements\ALL#ALL#ALL#Dn.csv
2,3,2,3,globalNetwork,UPLINK,0,28000000,28000000,NOMINAL_MINUS_OBSERVED_DIAGNOSTIC,START_TIMESTAMP_FOR_INTERVAL,SAFE_AFTER_TIMESTAMP,tmp\mosaic-25.2\logs\log-20260603-174645-MaGaIntegratedStudy\bandwidthMeasurements\ALL#ALL#ALL#Up.csv
2,3,2,3,region_central_degraded,DOWNLINK,0,12000000,12000000,NOMINAL_MINUS_OBSERVED_DIAGNOSTIC,START_TIMESTAMP_FOR_INTERVAL,SAFE_AFTER_TIMESTAMP,tmp\mosaic-25.2\logs\log-20260603-174645-MaGaIntegratedStudy\bandwidthMeasurements\ALL#ALL#ALL#Dn.csv
2,3,2,3,region_central_degraded,UPLINK,0,8000000,8000000,NOMINAL_MINUS_OBSERVED_DIAGNOSTIC,START_TIMESTAMP_FOR_INTERVAL,SAFE_AFTER_TIMESTAMP,tmp\mosaic-25.2\logs\log-20260603-174645-MaGaIntegratedStudy\bandwidthMeasurements\ALL#ALL#ALL#Up.csv
2,3,2,3,region_north_normal,DOWNLINK,0,60000000,60000000,NOMINAL_MINUS_OBSERVED_DIAGNOSTIC,START_TIMESTAMP_FOR_INTERVAL,SAFE_AFTER_TIMESTAMP,tmp\mosaic-25.2\logs\log-20260603-174645-MaGaIntegratedStudy\bandwidthMeasurements\ALL#ALL#ALL#Dn.csv
2,3,2,3,region_north_normal,UPLINK,0,40000000,40000000,NOMINAL_MINUS_OBSERVED_DIAGNOSTIC,START_TIMESTAMP_FOR_INTERVAL,SAFE_AFTER_TIMESTAMP,tmp\mosaic-25.2\logs\log-20260603-174645-MaGaIntegratedStudy\bandwidthMeasurements\ALL#ALL#ALL#Up.csv
3,4,3,4,globalNetwork,DOWNLINK,0,42200000,42200000,NOMINAL_MINUS_OBSERVED_DIAGNOSTIC,START_TIMESTAMP_FOR_INTERVAL,SAFE_AFTER_TIMESTAMP,tmp\mosaic-25.2\logs\log-20260603-174645-MaGaIntegratedStudy\bandwidthMeasurements\ALL#ALL#ALL#Dn.csv
3,4,3,4,globalNetwork,UPLINK,0,28000000,28000000,NOMINAL_MINUS_OBSERVED_DIAGNOSTIC,START_TIMESTAMP_FOR_INTERVAL,SAFE_AFTER_TIMESTAMP,tmp\mosaic-25.2\logs\log-20260603-174645-MaGaIntegratedStudy\bandwidthMeasurements\ALL#ALL#ALL#Up.csv
3,4,3,4,region_central_degraded,DOWNLINK,0,12000000,12000000,NOMINAL_MINUS_OBSERVED_DIAGNOSTIC,START_TIMESTAMP_FOR_INTERVAL,SAFE_AFTER_TIMESTAMP,tmp\mosaic-25.2\logs\log-20260603-174645-MaGaIntegratedStudy\bandwidthMeasurements\ALL#ALL#ALL#Dn.csv
3,4,3,4,region_central_degraded,UPLINK,0,8000000,8000000,NOMINAL_MINUS_OBSERVED_DIAGNOSTIC,START_TIMESTAMP_FOR_INTERVAL,SAFE_AFTER_TIMESTAMP,tmp\mosaic-25.2\logs\log-20260603-174645-MaGaIntegratedStudy\bandwidthMeasurements\ALL#ALL#ALL#Up.csv
3,4,3,4,region_north_normal,DOWNLINK,0,60000000,60000000,NOMINAL_MINUS_OBSERVED_DIAGNOSTIC,START_TIMESTAMP_FOR_INTERVAL,SAFE_AFTER_TIMESTAMP,tmp\mosaic-25.2\logs\log-20260603-174645-MaGaIntegratedStudy\bandwidthMeasurements\ALL#ALL#ALL#Dn.csv
3,4,3,4,region_north_normal,UPLINK,0,40000000,40000000,NOMINAL_MINUS_OBSERVED_DIAGNOSTIC,START_TIMESTAMP_FOR_INTERVAL,SAFE_AFTER_TIMESTAMP,tmp\mosaic-25.2\logs\log-20260603-174645-MaGaIntegratedStudy\bandwidthMeasurements\ALL#ALL#ALL#Up.csv
4,5,4,5,globalNetwork,DOWNLINK,0,42200000,42200000,NOMINAL_MINUS_OBSERVED_DIAGNOSTIC,START_TIMESTAMP_FOR_INTERVAL,SAFE_AFTER_TIMESTAMP,tmp\mosaic-25.2\logs\log-20260603-174645-MaGaIntegratedStudy\bandwidthMeasurements\ALL#ALL#ALL#Dn.csv
4,5,4,5,globalNetwork,UPLINK,0,28000000,28000000,NOMINAL_MINUS_OBSERVED_DIAGNOSTIC,START_TIMESTAMP_FOR_INTERVAL,SAFE_AFTER_TIMESTAMP,tmp\mosaic-25.2\logs\log-20260603-174645-MaGaIntegratedStudy\bandwidthMeasurements\ALL#ALL#ALL#Up.csv
4,5,4,5,region_central_degraded,DOWNLINK,0,12000000,12000000,NOMINAL_MINUS_OBSERVED_DIAGNOSTIC,START_TIMESTAMP_FOR_INTERVAL,SAFE_AFTER_TIMESTAMP,tmp\mosaic-25.2\logs\log-20260603-174645-MaGaIntegratedStudy\bandwidthMeasurements\ALL#ALL#ALL#Dn.csv
4,5,4,5,region_central_degraded,UPLINK,0,8000000,8000000,NOMINAL_MINUS_OBSERVED_DIAGNOSTIC,START_TIMESTAMP_FOR_INTERVAL,SAFE_AFTER_TIMESTAMP,tmp\mosaic-25.2\logs\log-20260603-174645-MaGaIntegratedStudy\bandwidthMeasurements\ALL#ALL#ALL#Up.csv
4,5,4,5,region_north_normal,DOWNLINK,0,60000000,60000000,NOMINAL_MINUS_OBSERVED_DIAGNOSTIC,START_TIMESTAMP_FOR_INTERVAL,SAFE_AFTER_TIMESTAMP,tmp\mosaic-25.2\logs\log-20260603-174645-MaGaIntegratedStudy\bandwidthMeasurements\ALL#ALL#ALL#Dn.csv
4,5,4,5,region_north_normal,UPLINK,0,40000000,40000000,NOMINAL_MINUS_OBSERVED_DIAGNOSTIC,START_TIMESTAMP_FOR_INTERVAL,SAFE_AFTER_TIMESTAMP,tmp\mosaic-25.2\logs\log-20260603-174645-MaGaIntegratedStudy\bandwidthMeasurements\ALL#ALL#ALL#Up.csv
5,6,5,6,globalNetwork,DOWNLINK,0,42200000,42200000,NOMINAL_MINUS_OBSERVED_DIAGNOSTIC,START_TIMESTAMP_FOR_INTERVAL,SAFE_AFTER_TIMESTAMP,tmp\mosaic-25.2\logs\log-20260603-174645-MaGaIntegratedStudy\bandwidthMeasurements\ALL#ALL#ALL#Dn.csv
5,6,5,6,globalNetwork,UPLINK,0,28000000,28000000,NOMINAL_MINUS_OBSERVED_DIAGNOSTIC,START_TIMESTAMP_FOR_INTERVAL,SAFE_AFTER_TIMESTAMP,tmp\mosaic-25.2\logs\log-20260603-174645-MaGaIntegratedStudy\bandwidthMeasurements\ALL#ALL#ALL#Up.csv
5,6,5,6,region_central_degraded,DOWNLINK,0,12000000,12000000,NOMINAL_MINUS_OBSERVED_DIAGNOSTIC,START_TIMESTAMP_FOR_INTERVAL,SAFE_AFTER_TIMESTAMP,tmp\mosaic-25.2\logs\log-20260603-174645-MaGaIntegratedStudy\bandwidthMeasurements\ALL#ALL#ALL#Dn.csv
5,6,5,6,region_central_degraded,UPLINK,0,8000000,8000000,NOMINAL_MINUS_OBSERVED_DIAGNOSTIC,START_TIMESTAMP_FOR_INTERVAL,SAFE_AFTER_TIMESTAMP,tmp\mosaic-25.2\logs\log-20260603-174645-MaGaIntegratedStudy\bandwidthMeasurements\ALL#ALL#ALL#Up.csv
5,6,5,6,region_north_normal,DOWNLINK,0,60000000,60000000,NOMINAL_MINUS_OBSERVED_DIAGNOSTIC,START_TIMESTAMP_FOR_INTERVAL,SAFE_AFTER_TIMESTAMP,tmp\mosaic-25.2\logs\log-20260603-174645-MaGaIntegratedStudy\bandwidthMeasurements\ALL#ALL#ALL#Dn.csv
5,6,5,6,region_north_normal,UPLINK,0,40000000,40000000,NOMINAL_MINUS_OBSERVED_DIAGNOSTIC,START_TIMESTAMP_FOR_INTERVAL,SAFE_AFTER_TIMESTAMP,tmp\mosaic-25.2\logs\log-20260603-174645-MaGaIntegratedStudy\bandwidthMeasurements\ALL#ALL#ALL#Up.csv
6,7,6,7,globalNetwork,DOWNLINK,0,42200000,42200000,NOMINAL_MINUS_OBSERVED_DIAGNOSTIC,START_TIMESTAMP_FOR_INTERVAL,SAFE_AFTER_TIMESTAMP,tmp\mosaic-25.2\logs\log-20260603-174645-MaGaIntegratedStudy\bandwidthMeasurements\ALL#ALL#ALL#Dn.csv
6,7,6,7,globalNetwork,UPLINK,0,28000000,28000000,NOMINAL_MINUS_OBSERVED_DIAGNOSTIC,START_TIMESTAMP_FOR_INTERVAL,SAFE_AFTER_TIMESTAMP,tmp\mosaic-25.2\logs\log-20260603-174645-MaGaIntegratedStudy\bandwidthMeasurements\ALL#ALL#ALL#Up.csv
6,7,6,7,region_central_degraded,DOWNLINK,0,12000000,12000000,NOMINAL_MINUS_OBSERVED_DIAGNOSTIC,START_TIMESTAMP_FOR_INTERVAL,SAFE_AFTER_TIMESTAMP,tmp\mosaic-25.2\logs\log-20260603-174645-MaGaIntegratedStudy\bandwidthMeasurements\ALL#ALL#ALL#Dn.csv
6,7,6,7,region_central_degraded,UPLINK,0,8000000,8000000,NOMINAL_MINUS_OBSERVED_DIAGNOSTIC,START_TIMESTAMP_FOR_INTERVAL,SAFE_AFTER_TIMESTAMP,tmp\mosaic-25.2\logs\log-20260603-174645-MaGaIntegratedStudy\bandwidthMeasurements\ALL#ALL#ALL#Up.csv
6,7,6,7,region_north_normal,DOWNLINK,0,60000000,60000000,NOMINAL_MINUS_OBSERVED_DIAGNOSTIC,START_TIMESTAMP_FOR_INTERVAL,SAFE_AFTER_TIMESTAMP,tmp\mosaic-25.2\logs\log-20260603-174645-MaGaIntegratedStudy\bandwidthMeasurements\ALL#ALL#ALL#Dn.csv
6,7,6,7,region_north_normal,UPLINK,0,40000000,40000000,NOMINAL_MINUS_OBSERVED_DIAGNOSTIC,START_TIMESTAMP_FOR_INTERVAL,SAFE_AFTER_TIMESTAMP,tmp\mosaic-25.2\logs\log-20260603-174645-MaGaIntegratedStudy\bandwidthMeasurements\ALL#ALL#ALL#Up.csv
7,8,7,8,globalNetwork,DOWNLINK,0,42200000,42200000,NOMINAL_MINUS_OBSERVED_DIAGNOSTIC,START_TIMESTAMP_FOR_INTERVAL,SAFE_AFTER_TIMESTAMP,tmp\mosaic-25.2\logs\log-20260603-174645-MaGaIntegratedStudy\bandwidthMeasurements\ALL#ALL#ALL#Dn.csv
7,8,7,8,globalNetwork,UPLINK,0,28000000,28000000,NOMINAL_MINUS_OBSERVED_DIAGNOSTIC,START_TIMESTAMP_FOR_INTERVAL,SAFE_AFTER_TIMESTAMP,tmp\mosaic-25.2\logs\log-20260603-174645-MaGaIntegratedStudy\bandwidthMeasurements\ALL#ALL#ALL#Up.csv
7,8,7,8,region_central_degraded,DOWNLINK,0,12000000,12000000,NOMINAL_MINUS_OBSERVED_DIAGNOSTIC,START_TIMESTAMP_FOR_INTERVAL,SAFE_AFTER_TIMESTAMP,tmp\mosaic-25.2\logs\log-20260603-174645-MaGaIntegratedStudy\bandwidthMeasurements\ALL#ALL#ALL#Dn.csv
7,8,7,8,region_central_degraded,UPLINK,0,8000000,8000000,NOMINAL_MINUS_OBSERVED_DIAGNOSTIC,START_TIMESTAMP_FOR_INTERVAL,SAFE_AFTER_TIMESTAMP,tmp\mosaic-25.2\logs\log-20260603-174645-MaGaIntegratedStudy\bandwidthMeasurements\ALL#ALL#ALL#Up.csv
7,8,7,8,region_north_normal,DOWNLINK,55800,60000000,59944200,NOMINAL_MINUS_OBSERVED_DIAGNOSTIC,START_TIMESTAMP_FOR_INTERVAL,SAFE_AFTER_TIMESTAMP,tmp\mosaic-25.2\logs\log-20260603-174645-MaGaIntegratedStudy\bandwidthMeasurements\ALL#ALL#ALL#Dn.csv
7,8,7,8,region_north_normal,UPLINK,42320,40000000,39957680,NOMINAL_MINUS_OBSERVED_DIAGNOSTIC,START_TIMESTAMP_FOR_INTERVAL,SAFE_AFTER_TIMESTAMP,tmp\mosaic-25.2\logs\log-20260603-174645-MaGaIntegratedStudy\bandwidthMeasurements\ALL#ALL#ALL#Up.csv
8,9,8,9,globalNetwork,DOWNLINK,0,42200000,42200000,NOMINAL_MINUS_OBSERVED_DIAGNOSTIC,START_TIMESTAMP_FOR_INTERVAL,SAFE_AFTER_TIMESTAMP,tmp\mosaic-25.2\logs\log-20260603-174645-MaGaIntegratedStudy\bandwidthMeasurements\ALL#ALL#ALL#Dn.csv
8,9,8,9,globalNetwork,UPLINK,0,28000000,28000000,NOMINAL_MINUS_OBSERVED_DIAGNOSTIC,START_TIMESTAMP_FOR_INTERVAL,SAFE_AFTER_TIMESTAMP,tmp\mosaic-25.2\logs\log-20260603-174645-MaGaIntegratedStudy\bandwidthMeasurements\ALL#ALL#ALL#Up.csv
8,9,8,9,region_central_degraded,DOWNLINK,0,12000000,12000000,NOMINAL_MINUS_OBSERVED_DIAGNOSTIC,START_TIMESTAMP_FOR_INTERVAL,SAFE_AFTER_TIMESTAMP,tmp\mosaic-25.2\logs\log-20260603-174645-MaGaIntegratedStudy\bandwidthMeasurements\ALL#ALL#ALL#Dn.csv
8,9,8,9,region_central_degraded,UPLINK,0,8000000,8000000,NOMINAL_MINUS_OBSERVED_DIAGNOSTIC,START_TIMESTAMP_FOR_INTERVAL,SAFE_AFTER_TIMESTAMP,tmp\mosaic-25.2\logs\log-20260603-174645-MaGaIntegratedStudy\bandwidthMeasurements\ALL#ALL#ALL#Up.csv
8,9,8,9,region_north_normal,DOWNLINK,55800,60000000,59944200,NOMINAL_MINUS_OBSERVED_DIAGNOSTIC,START_TIMESTAMP_FOR_INTERVAL,SAFE_AFTER_TIMESTAMP,tmp\mosaic-25.2\logs\log-20260603-174645-MaGaIntegratedStudy\bandwidthMeasurements\ALL#ALL#ALL#Dn.csv
8,9,8,9,region_north_normal,UPLINK,42320,40000000,39957680,NOMINAL_MINUS_OBSERVED_DIAGNOSTIC,START_TIMESTAMP_FOR_INTERVAL,SAFE_AFTER_TIMESTAMP,tmp\mosaic-25.2\logs\log-20260603-174645-MaGaIntegratedStudy\bandwidthMeasurements\ALL#ALL#ALL#Up.csv
9,10,9,10,globalNetwork,DOWNLINK,0,42200000,42200000,NOMINAL_MINUS_OBSERVED_DIAGNOSTIC,START_TIMESTAMP_FOR_INTERVAL,SAFE_AFTER_TIMESTAMP,tmp\mosaic-25.2\logs\log-20260603-174645-MaGaIntegratedStudy\bandwidthMeasurements\ALL#ALL#ALL#Dn.csv
9,10,9,10,globalNetwork,UPLINK,0,28000000,28000000,NOMINAL_MINUS_OBSERVED_DIAGNOSTIC,START_TIMESTAMP_FOR_INTERVAL,SAFE_AFTER_TIMESTAMP,tmp\mosaic-25.2\logs\log-20260603-174645-MaGaIntegratedStudy\bandwidthMeasurements\ALL#ALL#ALL#Up.csv
9,10,9,10,region_central_degraded,DOWNLINK,0,12000000,12000000,NOMINAL_MINUS_OBSERVED_DIAGNOSTIC,START_TIMESTAMP_FOR_INTERVAL,SAFE_AFTER_TIMESTAMP,tmp\mosaic-25.2\logs\log-20260603-174645-MaGaIntegratedStudy\bandwidthMeasurements\ALL#ALL#ALL#Dn.csv
9,10,9,10,region_central_degraded,UPLINK,0,8000000,8000000,NOMINAL_MINUS_OBSERVED_DIAGNOSTIC,START_TIMESTAMP_FOR_INTERVAL,SAFE_AFTER_TIMESTAMP,tmp\mosaic-25.2\logs\log-20260603-174645-MaGaIntegratedStudy\bandwidthMeasurements\ALL#ALL#ALL#Up.csv
9,10,9,10,region_north_normal,DOWNLINK,55800,60000000,59944200,NOMINAL_MINUS_OBSERVED_DIAGNOSTIC,START_TIMESTAMP_FOR_INTERVAL,SAFE_AFTER_TIMESTAMP,tmp\mosaic-25.2\logs\log-20260603-174645-MaGaIntegratedStudy\bandwidthMeasurements\ALL#ALL#ALL#Dn.csv
9,10,9,10,region_north_normal,UPLINK,42320,40000000,39957680,NOMINAL_MINUS_OBSERVED_DIAGNOSTIC,START_TIMESTAMP_FOR_INTERVAL,SAFE_AFTER_TIMESTAMP,tmp\mosaic-25.2\logs\log-20260603-174645-MaGaIntegratedStudy\bandwidthMeasurements\ALL#ALL#ALL#Up.csv
10,11,10,11,globalNetwork,DOWNLINK,0,42200000,42200000,NOMINAL_MINUS_OBSERVED_DIAGNOSTIC,START_TIMESTAMP_FOR_INTERVAL,SAFE_AFTER_TIMESTAMP,tmp\mosaic-25.2\logs\log-20260603-174645-MaGaIntegratedStudy\bandwidthMeasurements\ALL#ALL#ALL#Dn.csv
10,11,10,11,globalNetwork,UPLINK,0,28000000,28000000,NOMINAL_MINUS_OBSERVED_DIAGNOSTIC,START_TIMESTAMP_FOR_INTERVAL,SAFE_AFTER_TIMESTAMP,tmp\mosaic-25.2\logs\log-20260603-174645-MaGaIntegratedStudy\bandwidthMeasurements\ALL#ALL#ALL#Up.csv
10,11,10,11,region_central_degraded,DOWNLINK,0,12000000,12000000,NOMINAL_MINUS_OBSERVED_DIAGNOSTIC,START_TIMESTAMP_FOR_INTERVAL,SAFE_AFTER_TIMESTAMP,tmp\mosaic-25.2\logs\log-20260603-174645-MaGaIntegratedStudy\bandwidthMeasurements\ALL#ALL#ALL#Dn.csv
10,11,10,11,region_central_degraded,UPLINK,0,8000000,8000000,NOMINAL_MINUS_OBSERVED_DIAGNOSTIC,START_TIMESTAMP_FOR_INTERVAL,SAFE_AFTER_TIMESTAMP,tmp\mosaic-25.2\logs\log-20260603-174645-MaGaIntegratedStudy\bandwidthMeasurements\ALL#ALL#ALL#Up.csv
10,11,10,11,region_north_normal,DOWNLINK,55800,60000000,59944200,NOMINAL_MINUS_OBSERVED_DIAGNOSTIC,START_TIMESTAMP_FOR_INTERVAL,SAFE_AFTER_TIMESTAMP,tmp\mosaic-25.2\logs\log-20260603-174645-MaGaIntegratedStudy\bandwidthMeasurements\ALL#ALL#ALL#Dn.csv
10,11,10,11,region_north_normal,UPLINK,42320,40000000,39957680,NOMINAL_MINUS_OBSERVED_DIAGNOSTIC,START_TIMESTAMP_FOR_INTERVAL,SAFE_AFTER_TIMESTAMP,tmp\mosaic-25.2\logs\log-20260603-174645-MaGaIntegratedStudy\bandwidthMeasurements\ALL#ALL#ALL#Up.csv
11,12,11,12,globalNetwork,DOWNLINK,0,42200000,42200000,NOMINAL_MINUS_OBSERVED_DIAGNOSTIC,START_TIMESTAMP_FOR_INTERVAL,SAFE_AFTER_TIMESTAMP,tmp\mosaic-25.2\logs\log-20260603-174645-MaGaIntegratedStudy\bandwidthMeasurements\ALL#ALL#ALL#Dn.csv
11,12,11,12,globalNetwork,UPLINK,0,28000000,28000000,NOMINAL_MINUS_OBSERVED_DIAGNOSTIC,START_TIMESTAMP_FOR_INTERVAL,SAFE_AFTER_TIMESTAMP,tmp\mosaic-25.2\logs\log-20260603-174645-MaGaIntegratedStudy\bandwidthMeasurements\ALL#ALL#ALL#Up.csv
11,12,11,12,region_central_degraded,DOWNLINK,0,12000000,12000000,NOMINAL_MINUS_OBSERVED_DIAGNOSTIC,START_TIMESTAMP_FOR_INTERVAL,SAFE_AFTER_TIMESTAMP,tmp\mosaic-25.2\logs\log-20260603-174645-MaGaIntegratedStudy\bandwidthMeasurements\ALL#ALL#ALL#Dn.csv
11,12,11,12,region_central_degraded,UPLINK,0,8000000,8000000,NOMINAL_MINUS_OBSERVED_DIAGNOSTIC,START_TIMESTAMP_FOR_INTERVAL,SAFE_AFTER_TIMESTAMP,tmp\mosaic-25.2\logs\log-20260603-174645-MaGaIntegratedStudy\bandwidthMeasurements\ALL#ALL#ALL#Up.csv
11,12,11,12,region_north_normal,DOWNLINK,111600,60000000,59888400,NOMINAL_MINUS_OBSERVED_DIAGNOSTIC,START_TIMESTAMP_FOR_INTERVAL,SAFE_AFTER_TIMESTAMP,tmp\mosaic-25.2\logs\log-20260603-174645-MaGaIntegratedStudy\bandwidthMeasurements\ALL#ALL#ALL#Dn.csv
11,12,11,12,region_north_normal,UPLINK,84640,40000000,39915360,NOMINAL_MINUS_OBSERVED_DIAGNOSTIC,START_TIMESTAMP_FOR_INTERVAL,SAFE_AFTER_TIMESTAMP,tmp\mosaic-25.2\logs\log-20260603-174645-MaGaIntegratedStudy\bandwidthMeasurements\ALL#ALL#ALL#Up.csv
12,13,12,13,globalNetwork,DOWNLINK,0,42200000,42200000,NOMINAL_MINUS_OBSERVED_DIAGNOSTIC,START_TIMESTAMP_FOR_INTERVAL,SAFE_AFTER_TIMESTAMP,tmp\mosaic-25.2\logs\log-20260603-174645-MaGaIntegratedStudy\bandwidthMeasurements\ALL#ALL#ALL#Dn.csv
12,13,12,13,globalNetwork,UPLINK,0,28000000,28000000,NOMINAL_MINUS_OBSERVED_DIAGNOSTIC,START_TIMESTAMP_FOR_INTERVAL,SAFE_AFTER_TIMESTAMP,tmp\mosaic-25.2\logs\log-20260603-174645-MaGaIntegratedStudy\bandwidthMeasurements\ALL#ALL#ALL#Up.csv
12,13,12,13,region_central_degraded,DOWNLINK,0,12000000,12000000,NOMINAL_MINUS_OBSERVED_DIAGNOSTIC,START_TIMESTAMP_FOR_INTERVAL,SAFE_AFTER_TIMESTAMP,tmp\mosaic-25.2\logs\log-20260603-174645-MaGaIntegratedStudy\bandwidthMeasurements\ALL#ALL#ALL#Dn.csv
12,13,12,13,region_central_degraded,UPLINK,0,8000000,8000000,NOMINAL_MINUS_OBSERVED_DIAGNOSTIC,START_TIMESTAMP_FOR_INTERVAL,SAFE_AFTER_TIMESTAMP,tmp\mosaic-25.2\logs\log-20260603-174645-MaGaIntegratedStudy\bandwidthMeasurements\ALL#ALL#ALL#Up.csv
12,13,12,13,region_north_normal,DOWNLINK,111600,60000000,59888400,NOMINAL_MINUS_OBSERVED_DIAGNOSTIC,START_TIMESTAMP_FOR_INTERVAL,SAFE_AFTER_TIMESTAMP,tmp\mosaic-25.2\logs\log-20260603-174645-MaGaIntegratedStudy\bandwidthMeasurements\ALL#ALL#ALL#Dn.csv
12,13,12,13,region_north_normal,UPLINK,84640,40000000,39915360,NOMINAL_MINUS_OBSERVED_DIAGNOSTIC,START_TIMESTAMP_FOR_INTERVAL,SAFE_AFTER_TIMESTAMP,tmp\mosaic-25.2\logs\log-20260603-174645-MaGaIntegratedStudy\bandwidthMeasurements\ALL#ALL#ALL#Up.csv
13,14,13,14,globalNetwork,DOWNLINK,0,42200000,42200000,NOMINAL_MINUS_OBSERVED_DIAGNOSTIC,START_TIMESTAMP_FOR_INTERVAL,SAFE_AFTER_TIMESTAMP,tmp\mosaic-25.2\logs\log-20260603-174645-MaGaIntegratedStudy\bandwidthMeasurements\ALL#ALL#ALL#Dn.csv
13,14,13,14,globalNetwork,UPLINK,0,28000000,28000000,NOMINAL_MINUS_OBSERVED_DIAGNOSTIC,START_TIMESTAMP_FOR_INTERVAL,SAFE_AFTER_TIMESTAMP,tmp\mosaic-25.2\logs\log-20260603-174645-MaGaIntegratedStudy\bandwidthMeasurements\ALL#ALL#ALL#Up.csv
13,14,13,14,region_central_degraded,DOWNLINK,0,12000000,12000000,NOMINAL_MINUS_OBSERVED_DIAGNOSTIC,START_TIMESTAMP_FOR_INTERVAL,SAFE_AFTER_TIMESTAMP,tmp\mosaic-25.2\logs\log-20260603-174645-MaGaIntegratedStudy\bandwidthMeasurements\ALL#ALL#ALL#Dn.csv
13,14,13,14,region_central_degraded,UPLINK,0,8000000,8000000,NOMINAL_MINUS_OBSERVED_DIAGNOSTIC,START_TIMESTAMP_FOR_INTERVAL,SAFE_AFTER_TIMESTAMP,tmp\mosaic-25.2\logs\log-20260603-174645-MaGaIntegratedStudy\bandwidthMeasurements\ALL#ALL#ALL#Up.csv
13,14,13,14,region_north_normal,DOWNLINK,111600,60000000,59888400,NOMINAL_MINUS_OBSERVED_DIAGNOSTIC,START_TIMESTAMP_FOR_INTERVAL,SAFE_AFTER_TIMESTAMP,tmp\mosaic-25.2\logs\log-20260603-174645-MaGaIntegratedStudy\bandwidthMeasurements\ALL#ALL#ALL#Dn.csv
13,14,13,14,region_north_normal,UPLINK,84640,40000000,39915360,NOMINAL_MINUS_OBSERVED_DIAGNOSTIC,START_TIMESTAMP_FOR_INTERVAL,SAFE_AFTER_TIMESTAMP,tmp\mosaic-25.2\logs\log-20260603-174645-MaGaIntegratedStudy\bandwidthMeasurements\ALL#ALL#ALL#Up.csv
14,15,14,15,globalNetwork,DOWNLINK,0,42200000,42200000,NOMINAL_MINUS_OBSERVED_DIAGNOSTIC,START_TIMESTAMP_FOR_INTERVAL,SAFE_AFTER_TIMESTAMP,tmp\mosaic-25.2\logs\log-20260603-174645-MaGaIntegratedStudy\bandwidthMeasurements\ALL#ALL#ALL#Dn.csv
14,15,14,15,globalNetwork,UPLINK,0,28000000,28000000,NOMINAL_MINUS_OBSERVED_DIAGNOSTIC,START_TIMESTAMP_FOR_INTERVAL,SAFE_AFTER_TIMESTAMP,tmp\mosaic-25.2\logs\log-20260603-174645-MaGaIntegratedStudy\bandwidthMeasurements\ALL#ALL#ALL#Up.csv
14,15,14,15,region_central_degraded,DOWNLINK,0,12000000,12000000,NOMINAL_MINUS_OBSERVED_DIAGNOSTIC,START_TIMESTAMP_FOR_INTERVAL,SAFE_AFTER_TIMESTAMP,tmp\mosaic-25.2\logs\log-20260603-174645-MaGaIntegratedStudy\bandwidthMeasurements\ALL#ALL#ALL#Dn.csv
14,15,14,15,region_central_degraded,UPLINK,0,8000000,8000000,NOMINAL_MINUS_OBSERVED_DIAGNOSTIC,START_TIMESTAMP_FOR_INTERVAL,SAFE_AFTER_TIMESTAMP,tmp\mosaic-25.2\logs\log-20260603-174645-MaGaIntegratedStudy\bandwidthMeasurements\ALL#ALL#ALL#Up.csv
14,15,14,15,region_north_normal,DOWNLINK,111600,60000000,59888400,NOMINAL_MINUS_OBSERVED_DIAGNOSTIC,START_TIMESTAMP_FOR_INTERVAL,SAFE_AFTER_TIMESTAMP,tmp\mosaic-25.2\logs\log-20260603-174645-MaGaIntegratedStudy\bandwidthMeasurements\ALL#ALL#ALL#Dn.csv
14,15,14,15,region_north_normal,UPLINK,84640,40000000,39915360,NOMINAL_MINUS_OBSERVED_DIAGNOSTIC,START_TIMESTAMP_FOR_INTERVAL,SAFE_AFTER_TIMESTAMP,tmp\mosaic-25.2\logs\log-20260603-174645-MaGaIntegratedStudy\bandwidthMeasurements\ALL#ALL#ALL#Up.csv
15,16,15,16,globalNetwork,DOWNLINK,0,42200000,42200000,NOMINAL_MINUS_OBSERVED_DIAGNOSTIC,START_TIMESTAMP_FOR_INTERVAL,SAFE_AFTER_TIMESTAMP,tmp\mosaic-25.2\logs\log-20260603-174645-MaGaIntegratedStudy\bandwidthMeasurements\ALL#ALL#ALL#Dn.csv
15,16,15,16,globalNetwork,UPLINK,0,28000000,28000000,NOMINAL_MINUS_OBSERVED_DIAGNOSTIC,START_TIMESTAMP_FOR_INTERVAL,SAFE_AFTER_TIMESTAMP,tmp\mosaic-25.2\logs\log-20260603-174645-MaGaIntegratedStudy\bandwidthMeasurements\ALL#ALL#ALL#Up.csv
15,16,15,16,region_central_degraded,DOWNLINK,0,12000000,12000000,NOMINAL_MINUS_OBSERVED_DIAGNOSTIC,START_TIMESTAMP_FOR_INTERVAL,SAFE_AFTER_TIMESTAMP,tmp\mosaic-25.2\logs\log-20260603-174645-MaGaIntegratedStudy\bandwidthMeasurements\ALL#ALL#ALL#Dn.csv
15,16,15,16,region_central_degraded,UPLINK,0,8000000,8000000,NOMINAL_MINUS_OBSERVED_DIAGNOSTIC,START_TIMESTAMP_FOR_INTERVAL,SAFE_AFTER_TIMESTAMP,tmp\mosaic-25.2\logs\log-20260603-174645-MaGaIntegratedStudy\bandwidthMeasurements\ALL#ALL#ALL#Up.csv
15,16,15,16,region_north_normal,DOWNLINK,167400,60000000,59832600,NOMINAL_MINUS_OBSERVED_DIAGNOSTIC,START_TIMESTAMP_FOR_INTERVAL,SAFE_AFTER_TIMESTAMP,tmp\mosaic-25.2\logs\log-20260603-174645-MaGaIntegratedStudy\bandwidthMeasurements\ALL#ALL#ALL#Dn.csv
15,16,15,16,region_north_normal,UPLINK,126960,40000000,39873040,NOMINAL_MINUS_OBSERVED_DIAGNOSTIC,START_TIMESTAMP_FOR_INTERVAL,SAFE_AFTER_TIMESTAMP,tmp\mosaic-25.2\logs\log-20260603-174645-MaGaIntegratedStudy\bandwidthMeasurements\ALL#ALL#ALL#Up.csv
16,17,16,17,globalNetwork,DOWNLINK,0,42200000,42200000,NOMINAL_MINUS_OBSERVED_DIAGNOSTIC,START_TIMESTAMP_FOR_INTERVAL,SAFE_AFTER_TIMESTAMP,tmp\mosaic-25.2\logs\log-20260603-174645-MaGaIntegratedStudy\bandwidthMeasurements\ALL#ALL#ALL#Dn.csv
16,17,16,17,globalNetwork,UPLINK,0,28000000,28000000,NOMINAL_MINUS_OBSERVED_DIAGNOSTIC,START_TIMESTAMP_FOR_INTERVAL,SAFE_AFTER_TIMESTAMP,tmp\mosaic-25.2\logs\log-20260603-174645-MaGaIntegratedStudy\bandwidthMeasurements\ALL#ALL#ALL#Up.csv
16,17,16,17,region_central_degraded,DOWNLINK,0,12000000,12000000,NOMINAL_MINUS_OBSERVED_DIAGNOSTIC,START_TIMESTAMP_FOR_INTERVAL,SAFE_AFTER_TIMESTAMP,tmp\mosaic-25.2\logs\log-20260603-174645-MaGaIntegratedStudy\bandwidthMeasurements\ALL#ALL#ALL#Dn.csv
16,17,16,17,region_central_degraded,UPLINK,0,8000000,8000000,NOMINAL_MINUS_OBSERVED_DIAGNOSTIC,START_TIMESTAMP_FOR_INTERVAL,SAFE_AFTER_TIMESTAMP,tmp\mosaic-25.2\logs\log-20260603-174645-MaGaIntegratedStudy\bandwidthMeasurements\ALL#ALL#ALL#Up.csv
16,17,16,17,region_north_normal,DOWNLINK,167400,60000000,59832600,NOMINAL_MINUS_OBSERVED_DIAGNOSTIC,START_TIMESTAMP_FOR_INTERVAL,SAFE_AFTER_TIMESTAMP,tmp\mosaic-25.2\logs\log-20260603-174645-MaGaIntegratedStudy\bandwidthMeasurements\ALL#ALL#ALL#Dn.csv
16,17,16,17,region_north_normal,UPLINK,126960,40000000,39873040,NOMINAL_MINUS_OBSERVED_DIAGNOSTIC,START_TIMESTAMP_FOR_INTERVAL,SAFE_AFTER_TIMESTAMP,tmp\mosaic-25.2\logs\log-20260603-174645-MaGaIntegratedStudy\bandwidthMeasurements\ALL#ALL#ALL#Up.csv
17,18,17,18,globalNetwork,DOWNLINK,0,42200000,42200000,NOMINAL_MINUS_OBSERVED_DIAGNOSTIC,START_TIMESTAMP_FOR_INTERVAL,SAFE_AFTER_TIMESTAMP,tmp\mosaic-25.2\logs\log-20260603-174645-MaGaIntegratedStudy\bandwidthMeasurements\ALL#ALL#ALL#Dn.csv
17,18,17,18,globalNetwork,UPLINK,0,28000000,28000000,NOMINAL_MINUS_OBSERVED_DIAGNOSTIC,START_TIMESTAMP_FOR_INTERVAL,SAFE_AFTER_TIMESTAMP,tmp\mosaic-25.2\logs\log-20260603-174645-MaGaIntegratedStudy\bandwidthMeasurements\ALL#ALL#ALL#Up.csv
17,18,17,18,region_central_degraded,DOWNLINK,0,12000000,12000000,NOMINAL_MINUS_OBSERVED_DIAGNOSTIC,START_TIMESTAMP_FOR_INTERVAL,SAFE_AFTER_TIMESTAMP,tmp\mosaic-25.2\logs\log-20260603-174645-MaGaIntegratedStudy\bandwidthMeasurements\ALL#ALL#ALL#Dn.csv
17,18,17,18,region_central_degraded,UPLINK,0,8000000,8000000,NOMINAL_MINUS_OBSERVED_DIAGNOSTIC,START_TIMESTAMP_FOR_INTERVAL,SAFE_AFTER_TIMESTAMP,tmp\mosaic-25.2\logs\log-20260603-174645-MaGaIntegratedStudy\bandwidthMeasurements\ALL#ALL#ALL#Up.csv
17,18,17,18,region_north_normal,DOWNLINK,167400,60000000,59832600,NOMINAL_MINUS_OBSERVED_DIAGNOSTIC,START_TIMESTAMP_FOR_INTERVAL,SAFE_AFTER_TIMESTAMP,tmp\mosaic-25.2\logs\log-20260603-174645-MaGaIntegratedStudy\bandwidthMeasurements\ALL#ALL#ALL#Dn.csv
17,18,17,18,region_north_normal,UPLINK,126960,40000000,39873040,NOMINAL_MINUS_OBSERVED_DIAGNOSTIC,START_TIMESTAMP_FOR_INTERVAL,SAFE_AFTER_TIMESTAMP,tmp\mosaic-25.2\logs\log-20260603-174645-MaGaIntegratedStudy\bandwidthMeasurements\ALL#ALL#ALL#Up.csv
18,19,18,19,globalNetwork,DOWNLINK,0,42200000,42200000,NOMINAL_MINUS_OBSERVED_DIAGNOSTIC,START_TIMESTAMP_FOR_INTERVAL,SAFE_AFTER_TIMESTAMP,tmp\mosaic-25.2\logs\log-20260603-174645-MaGaIntegratedStudy\bandwidthMeasurements\ALL#ALL#ALL#Dn.csv
18,19,18,19,globalNetwork,UPLINK,0,28000000,28000000,NOMINAL_MINUS_OBSERVED_DIAGNOSTIC,START_TIMESTAMP_FOR_INTERVAL,SAFE_AFTER_TIMESTAMP,tmp\mosaic-25.2\logs\log-20260603-174645-MaGaIntegratedStudy\bandwidthMeasurements\ALL#ALL#ALL#Up.csv
18,19,18,19,region_central_degraded,DOWNLINK,0,12000000,12000000,NOMINAL_MINUS_OBSERVED_DIAGNOSTIC,START_TIMESTAMP_FOR_INTERVAL,SAFE_AFTER_TIMESTAMP,tmp\mosaic-25.2\logs\log-20260603-174645-MaGaIntegratedStudy\bandwidthMeasurements\ALL#ALL#ALL#Dn.csv
18,19,18,19,region_central_degraded,UPLINK,0,8000000,8000000,NOMINAL_MINUS_OBSERVED_DIAGNOSTIC,START_TIMESTAMP_FOR_INTERVAL,SAFE_AFTER_TIMESTAMP,tmp\mosaic-25.2\logs\log-20260603-174645-MaGaIntegratedStudy\bandwidthMeasurements\ALL#ALL#ALL#Up.csv
18,19,18,19,region_north_normal,DOWNLINK,167400,60000000,59832600,NOMINAL_MINUS_OBSERVED_DIAGNOSTIC,START_TIMESTAMP_FOR_INTERVAL,SAFE_AFTER_TIMESTAMP,tmp\mosaic-25.2\logs\log-20260603-174645-MaGaIntegratedStudy\bandwidthMeasurements\ALL#ALL#ALL#Dn.csv
18,19,18,19,region_north_normal,UPLINK,126960,40000000,39873040,NOMINAL_MINUS_OBSERVED_DIAGNOSTIC,START_TIMESTAMP_FOR_INTERVAL,SAFE_AFTER_TIMESTAMP,tmp\mosaic-25.2\logs\log-20260603-174645-MaGaIntegratedStudy\bandwidthMeasurements\ALL#ALL#ALL#Up.csv
19,20,19,20,globalNetwork,DOWNLINK,0,42200000,42200000,NOMINAL_MINUS_OBSERVED_DIAGNOSTIC,START_TIMESTAMP_FOR_INTERVAL,SAFE_AFTER_TIMESTAMP,tmp\mosaic-25.2\logs\log-20260603-174645-MaGaIntegratedStudy\bandwidthMeasurements\ALL#ALL#ALL#Dn.csv
19,20,19,20,globalNetwork,UPLINK,0,28000000,28000000,NOMINAL_MINUS_OBSERVED_DIAGNOSTIC,START_TIMESTAMP_FOR_INTERVAL,SAFE_AFTER_TIMESTAMP,tmp\mosaic-25.2\logs\log-20260603-174645-MaGaIntegratedStudy\bandwidthMeasurements\ALL#ALL#ALL#Up.csv
19,20,19,20,region_central_degraded,DOWNLINK,0,12000000,12000000,NOMINAL_MINUS_OBSERVED_DIAGNOSTIC,START_TIMESTAMP_FOR_INTERVAL,SAFE_AFTER_TIMESTAMP,tmp\mosaic-25.2\logs\log-20260603-174645-MaGaIntegratedStudy\bandwidthMeasurements\ALL#ALL#ALL#Dn.csv
19,20,19,20,region_central_degraded,UPLINK,0,8000000,8000000,NOMINAL_MINUS_OBSERVED_DIAGNOSTIC,START_TIMESTAMP_FOR_INTERVAL,SAFE_AFTER_TIMESTAMP,tmp\mosaic-25.2\logs\log-20260603-174645-MaGaIntegratedStudy\bandwidthMeasurements\ALL#ALL#ALL#Up.csv
19,20,19,20,region_north_normal,DOWNLINK,223200,60000000,59776800,NOMINAL_MINUS_OBSERVED_DIAGNOSTIC,START_TIMESTAMP_FOR_INTERVAL,SAFE_AFTER_TIMESTAMP,tmp\mosaic-25.2\logs\log-20260603-174645-MaGaIntegratedStudy\bandwidthMeasurements\ALL#ALL#ALL#Dn.csv
19,20,19,20,region_north_normal,UPLINK,169280,40000000,39830720,NOMINAL_MINUS_OBSERVED_DIAGNOSTIC,START_TIMESTAMP_FOR_INTERVAL,SAFE_AFTER_TIMESTAMP,tmp\mosaic-25.2\logs\log-20260603-174645-MaGaIntegratedStudy\bandwidthMeasurements\ALL#ALL#ALL#Up.csv
20,21,20,21,globalNetwork,DOWNLINK,0,42200000,42200000,NOMINAL_MINUS_OBSERVED_DIAGNOSTIC,START_TIMESTAMP_FOR_INTERVAL,SAFE_AFTER_TIMESTAMP,tmp\mosaic-25.2\logs\log-20260603-174645-MaGaIntegratedStudy\bandwidthMeasurements\ALL#ALL#ALL#Dn.csv
20,21,20,21,globalNetwork,UPLINK,0,28000000,28000000,NOMINAL_MINUS_OBSERVED_DIAGNOSTIC,START_TIMESTAMP_FOR_INTERVAL,SAFE_AFTER_TIMESTAMP,tmp\mosaic-25.2\logs\log-20260603-174645-MaGaIntegratedStudy\bandwidthMeasurements\ALL#ALL#ALL#Up.csv
20,21,20,21,region_central_degraded,DOWNLINK,0,12000000,12000000,NOMINAL_MINUS_OBSERVED_DIAGNOSTIC,START_TIMESTAMP_FOR_INTERVAL,SAFE_AFTER_TIMESTAMP,tmp\mosaic-25.2\logs\log-20260603-174645-MaGaIntegratedStudy\bandwidthMeasurements\ALL#ALL#ALL#Dn.csv
20,21,20,21,region_central_degraded,UPLINK,0,8000000,8000000,NOMINAL_MINUS_OBSERVED_DIAGNOSTIC,START_TIMESTAMP_FOR_INTERVAL,SAFE_AFTER_TIMESTAMP,tmp\mosaic-25.2\logs\log-20260603-174645-MaGaIntegratedStudy\bandwidthMeasurements\ALL#ALL#ALL#Up.csv
20,21,20,21,region_north_normal,DOWNLINK,223200,60000000,59776800,NOMINAL_MINUS_OBSERVED_DIAGNOSTIC,START_TIMESTAMP_FOR_INTERVAL,SAFE_AFTER_TIMESTAMP,tmp\mosaic-25.2\logs\log-20260603-174645-MaGaIntegratedStudy\bandwidthMeasurements\ALL#ALL#ALL#Dn.csv
20,21,20,21,region_north_normal,UPLINK,169280,40000000,39830720,NOMINAL_MINUS_OBSERVED_DIAGNOSTIC,START_TIMESTAMP_FOR_INTERVAL,SAFE_AFTER_TIMESTAMP,tmp\mosaic-25.2\logs\log-20260603-174645-MaGaIntegratedStudy\bandwidthMeasurements\ALL#ALL#ALL#Up.csv
21,22,21,22,globalNetwork,DOWNLINK,0,42200000,42200000,NOMINAL_MINUS_OBSERVED_DIAGNOSTIC,START_TIMESTAMP_FOR_INTERVAL,SAFE_AFTER_TIMESTAMP,tmp\mosaic-25.2\logs\log-20260603-174645-MaGaIntegratedStudy\bandwidthMeasurements\ALL#ALL#ALL#Dn.csv
21,22,21,22,globalNetwork,UPLINK,0,28000000,28000000,NOMINAL_MINUS_OBSERVED_DIAGNOSTIC,START_TIMESTAMP_FOR_INTERVAL,SAFE_AFTER_TIMESTAMP,tmp\mosaic-25.2\logs\log-20260603-174645-MaGaIntegratedStudy\bandwidthMeasurements\ALL#ALL#ALL#Up.csv
21,22,21,22,region_central_degraded,DOWNLINK,0,12000000,12000000,NOMINAL_MINUS_OBSERVED_DIAGNOSTIC,START_TIMESTAMP_FOR_INTERVAL,SAFE_AFTER_TIMESTAMP,tmp\mosaic-25.2\logs\log-20260603-174645-MaGaIntegratedStudy\bandwidthMeasurements\ALL#ALL#ALL#Dn.csv
21,22,21,22,region_central_degraded,UPLINK,0,8000000,8000000,NOMINAL_MINUS_OBSERVED_DIAGNOSTIC,START_TIMESTAMP_FOR_INTERVAL,SAFE_AFTER_TIMESTAMP,tmp\mosaic-25.2\logs\log-20260603-174645-MaGaIntegratedStudy\bandwidthMeasurements\ALL#ALL#ALL#Up.csv
21,22,21,22,region_north_normal,DOWNLINK,223200,60000000,59776800,NOMINAL_MINUS_OBSERVED_DIAGNOSTIC,START_TIMESTAMP_FOR_INTERVAL,SAFE_AFTER_TIMESTAMP,tmp\mosaic-25.2\logs\log-20260603-174645-MaGaIntegratedStudy\bandwidthMeasurements\ALL#ALL#ALL#Dn.csv
21,22,21,22,region_north_normal,UPLINK,169280,40000000,39830720,NOMINAL_MINUS_OBSERVED_DIAGNOSTIC,START_TIMESTAMP_FOR_INTERVAL,SAFE_AFTER_TIMESTAMP,tmp\mosaic-25.2\logs\log-20260603-174645-MaGaIntegratedStudy\bandwidthMeasurements\ALL#ALL#ALL#Up.csv
22,23,22,23,globalNetwork,DOWNLINK,0,42200000,42200000,NOMINAL_MINUS_OBSERVED_DIAGNOSTIC,START_TIMESTAMP_FOR_INTERVAL,SAFE_AFTER_TIMESTAMP,tmp\mosaic-25.2\logs\log-20260603-174645-MaGaIntegratedStudy\bandwidthMeasurements\ALL#ALL#ALL#Dn.csv
22,23,22,23,globalNetwork,UPLINK,0,28000000,28000000,NOMINAL_MINUS_OBSERVED_DIAGNOSTIC,START_TIMESTAMP_FOR_INTERVAL,SAFE_AFTER_TIMESTAMP,tmp\mosaic-25.2\logs\log-20260603-174645-MaGaIntegratedStudy\bandwidthMeasurements\ALL#ALL#ALL#Up.csv
22,23,22,23,region_central_degraded,DOWNLINK,0,12000000,12000000,NOMINAL_MINUS_OBSERVED_DIAGNOSTIC,START_TIMESTAMP_FOR_INTERVAL,SAFE_AFTER_TIMESTAMP,tmp\mosaic-25.2\logs\log-20260603-174645-MaGaIntegratedStudy\bandwidthMeasurements\ALL#ALL#ALL#Dn.csv
22,23,22,23,region_central_degraded,UPLINK,0,8000000,8000000,NOMINAL_MINUS_OBSERVED_DIAGNOSTIC,START_TIMESTAMP_FOR_INTERVAL,SAFE_AFTER_TIMESTAMP,tmp\mosaic-25.2\logs\log-20260603-174645-MaGaIntegratedStudy\bandwidthMeasurements\ALL#ALL#ALL#Up.csv
22,23,22,23,region_north_normal,DOWNLINK,223200,60000000,59776800,NOMINAL_MINUS_OBSERVED_DIAGNOSTIC,START_TIMESTAMP_FOR_INTERVAL,SAFE_AFTER_TIMESTAMP,tmp\mosaic-25.2\logs\log-20260603-174645-MaGaIntegratedStudy\bandwidthMeasurements\ALL#ALL#ALL#Dn.csv
22,23,22,23,region_north_normal,UPLINK,169280,40000000,39830720,NOMINAL_MINUS_OBSERVED_DIAGNOSTIC,START_TIMESTAMP_FOR_INTERVAL,SAFE_AFTER_TIMESTAMP,tmp\mosaic-25.2\logs\log-20260603-174645-MaGaIntegratedStudy\bandwidthMeasurements\ALL#ALL#ALL#Up.csv
23,24,23,24,globalNetwork,DOWNLINK,0,42200000,42200000,NOMINAL_MINUS_OBSERVED_DIAGNOSTIC,START_TIMESTAMP_FOR_INTERVAL,SAFE_AFTER_TIMESTAMP,tmp\mosaic-25.2\logs\log-20260603-174645-MaGaIntegratedStudy\bandwidthMeasurements\ALL#ALL#ALL#Dn.csv
23,24,23,24,globalNetwork,UPLINK,0,28000000,28000000,NOMINAL_MINUS_OBSERVED_DIAGNOSTIC,START_TIMESTAMP_FOR_INTERVAL,SAFE_AFTER_TIMESTAMP,tmp\mosaic-25.2\logs\log-20260603-174645-MaGaIntegratedStudy\bandwidthMeasurements\ALL#ALL#ALL#Up.csv
23,24,23,24,region_central_degraded,DOWNLINK,0,12000000,12000000,NOMINAL_MINUS_OBSERVED_DIAGNOSTIC,START_TIMESTAMP_FOR_INTERVAL,SAFE_AFTER_TIMESTAMP,tmp\mosaic-25.2\logs\log-20260603-174645-MaGaIntegratedStudy\bandwidthMeasurements\ALL#ALL#ALL#Dn.csv
23,24,23,24,region_central_degraded,UPLINK,0,8000000,8000000,NOMINAL_MINUS_OBSERVED_DIAGNOSTIC,START_TIMESTAMP_FOR_INTERVAL,SAFE_AFTER_TIMESTAMP,tmp\mosaic-25.2\logs\log-20260603-174645-MaGaIntegratedStudy\bandwidthMeasurements\ALL#ALL#ALL#Up.csv
23,24,23,24,region_north_normal,DOWNLINK,279000,60000000,59721000,NOMINAL_MINUS_OBSERVED_DIAGNOSTIC,START_TIMESTAMP_FOR_INTERVAL,SAFE_AFTER_TIMESTAMP,tmp\mosaic-25.2\logs\log-20260603-174645-MaGaIntegratedStudy\bandwidthMeasurements\ALL#ALL#ALL#Dn.csv
23,24,23,24,region_north_normal,UPLINK,211600,40000000,39788400,NOMINAL_MINUS_OBSERVED_DIAGNOSTIC,START_TIMESTAMP_FOR_INTERVAL,SAFE_AFTER_TIMESTAMP,tmp\mosaic-25.2\logs\log-20260603-174645-MaGaIntegratedStudy\bandwidthMeasurements\ALL#ALL#ALL#Up.csv
24,25,24,25,globalNetwork,DOWNLINK,0,42200000,42200000,NOMINAL_MINUS_OBSERVED_DIAGNOSTIC,START_TIMESTAMP_FOR_INTERVAL,SAFE_AFTER_TIMESTAMP,tmp\mosaic-25.2\logs\log-20260603-174645-MaGaIntegratedStudy\bandwidthMeasurements\ALL#ALL#ALL#Dn.csv
24,25,24,25,globalNetwork,UPLINK,0,28000000,28000000,NOMINAL_MINUS_OBSERVED_DIAGNOSTIC,START_TIMESTAMP_FOR_INTERVAL,SAFE_AFTER_TIMESTAMP,tmp\mosaic-25.2\logs\log-20260603-174645-MaGaIntegratedStudy\bandwidthMeasurements\ALL#ALL#ALL#Up.csv
24,25,24,25,region_central_degraded,DOWNLINK,0,12000000,12000000,NOMINAL_MINUS_OBSERVED_DIAGNOSTIC,START_TIMESTAMP_FOR_INTERVAL,SAFE_AFTER_TIMESTAMP,tmp\mosaic-25.2\logs\log-20260603-174645-MaGaIntegratedStudy\bandwidthMeasurements\ALL#ALL#ALL#Dn.csv
24,25,24,25,region_central_degraded,UPLINK,0,8000000,8000000,NOMINAL_MINUS_OBSERVED_DIAGNOSTIC,START_TIMESTAMP_FOR_INTERVAL,SAFE_AFTER_TIMESTAMP,tmp\mosaic-25.2\logs\log-20260603-174645-MaGaIntegratedStudy\bandwidthMeasurements\ALL#ALL#ALL#Up.csv
24,25,24,25,region_north_normal,DOWNLINK,279000,60000000,59721000,NOMINAL_MINUS_OBSERVED_DIAGNOSTIC,START_TIMESTAMP_FOR_INTERVAL,SAFE_AFTER_TIMESTAMP,tmp\mosaic-25.2\logs\log-20260603-174645-MaGaIntegratedStudy\bandwidthMeasurements\ALL#ALL#ALL#Dn.csv
24,25,24,25,region_north_normal,UPLINK,211600,40000000,39788400,NOMINAL_MINUS_OBSERVED_DIAGNOSTIC,START_TIMESTAMP_FOR_INTERVAL,SAFE_AFTER_TIMESTAMP,tmp\mosaic-25.2\logs\log-20260603-174645-MaGaIntegratedStudy\bandwidthMeasurements\ALL#ALL#ALL#Up.csv
25,26,25,26,globalNetwork,DOWNLINK,0,42200000,42200000,NOMINAL_MINUS_OBSERVED_DIAGNOSTIC,START_TIMESTAMP_FOR_INTERVAL,SAFE_AFTER_TIMESTAMP,tmp\mosaic-25.2\logs\log-20260603-174645-MaGaIntegratedStudy\bandwidthMeasurements\ALL#ALL#ALL#Dn.csv
25,26,25,26,globalNetwork,UPLINK,0,28000000,28000000,NOMINAL_MINUS_OBSERVED_DIAGNOSTIC,START_TIMESTAMP_FOR_INTERVAL,SAFE_AFTER_TIMESTAMP,tmp\mosaic-25.2\logs\log-20260603-174645-MaGaIntegratedStudy\bandwidthMeasurements\ALL#ALL#ALL#Up.csv
25,26,25,26,region_central_degraded,DOWNLINK,0,12000000,12000000,NOMINAL_MINUS_OBSERVED_DIAGNOSTIC,START_TIMESTAMP_FOR_INTERVAL,SAFE_AFTER_TIMESTAMP,tmp\mosaic-25.2\logs\log-20260603-174645-MaGaIntegratedStudy\bandwidthMeasurements\ALL#ALL#ALL#Dn.csv
25,26,25,26,region_central_degraded,UPLINK,0,8000000,8000000,NOMINAL_MINUS_OBSERVED_DIAGNOSTIC,START_TIMESTAMP_FOR_INTERVAL,SAFE_AFTER_TIMESTAMP,tmp\mosaic-25.2\logs\log-20260603-174645-MaGaIntegratedStudy\bandwidthMeasurements\ALL#ALL#ALL#Up.csv
25,26,25,26,region_north_normal,DOWNLINK,279000,60000000,59721000,NOMINAL_MINUS_OBSERVED_DIAGNOSTIC,START_TIMESTAMP_FOR_INTERVAL,SAFE_AFTER_TIMESTAMP,tmp\mosaic-25.2\logs\log-20260603-174645-MaGaIntegratedStudy\bandwidthMeasurements\ALL#ALL#ALL#Dn.csv
25,26,25,26,region_north_normal,UPLINK,211600,40000000,39788400,NOMINAL_MINUS_OBSERVED_DIAGNOSTIC,START_TIMESTAMP_FOR_INTERVAL,SAFE_AFTER_TIMESTAMP,tmp\mosaic-25.2\logs\log-20260603-174645-MaGaIntegratedStudy\bandwidthMeasurements\ALL#ALL#ALL#Up.csv
26,27,26,27,globalNetwork,DOWNLINK,0,42200000,42200000,NOMINAL_MINUS_OBSERVED_DIAGNOSTIC,START_TIMESTAMP_FOR_INTERVAL,SAFE_AFTER_TIMESTAMP,tmp\mosaic-25.2\logs\log-20260603-174645-MaGaIntegratedStudy\bandwidthMeasurements\ALL#ALL#ALL#Dn.csv
26,27,26,27,globalNetwork,UPLINK,0,28000000,28000000,NOMINAL_MINUS_OBSERVED_DIAGNOSTIC,START_TIMESTAMP_FOR_INTERVAL,SAFE_AFTER_TIMESTAMP,tmp\mosaic-25.2\logs\log-20260603-174645-MaGaIntegratedStudy\bandwidthMeasurements\ALL#ALL#ALL#Up.csv
26,27,26,27,region_central_degraded,DOWNLINK,0,12000000,12000000,NOMINAL_MINUS_OBSERVED_DIAGNOSTIC,START_TIMESTAMP_FOR_INTERVAL,SAFE_AFTER_TIMESTAMP,tmp\mosaic-25.2\logs\log-20260603-174645-MaGaIntegratedStudy\bandwidthMeasurements\ALL#ALL#ALL#Dn.csv
26,27,26,27,region_central_degraded,UPLINK,0,8000000,8000000,NOMINAL_MINUS_OBSERVED_DIAGNOSTIC,START_TIMESTAMP_FOR_INTERVAL,SAFE_AFTER_TIMESTAMP,tmp\mosaic-25.2\logs\log-20260603-174645-MaGaIntegratedStudy\bandwidthMeasurements\ALL#ALL#ALL#Up.csv
26,27,26,27,region_north_normal,DOWNLINK,279000,60000000,59721000,NOMINAL_MINUS_OBSERVED_DIAGNOSTIC,START_TIMESTAMP_FOR_INTERVAL,SAFE_AFTER_TIMESTAMP,tmp\mosaic-25.2\logs\log-20260603-174645-MaGaIntegratedStudy\bandwidthMeasurements\ALL#ALL#ALL#Dn.csv
26,27,26,27,region_north_normal,UPLINK,211600,40000000,39788400,NOMINAL_MINUS_OBSERVED_DIAGNOSTIC,START_TIMESTAMP_FOR_INTERVAL,SAFE_AFTER_TIMESTAMP,tmp\mosaic-25.2\logs\log-20260603-174645-MaGaIntegratedStudy\bandwidthMeasurements\ALL#ALL#ALL#Up.csv
27,28,27,28,globalNetwork,DOWNLINK,0,42200000,42200000,NOMINAL_MINUS_OBSERVED_DIAGNOSTIC,START_TIMESTAMP_FOR_INTERVAL,SAFE_AFTER_TIMESTAMP,tmp\mosaic-25.2\logs\log-20260603-174645-MaGaIntegratedStudy\bandwidthMeasurements\ALL#ALL#ALL#Dn.csv
27,28,27,28,globalNetwork,UPLINK,0,28000000,28000000,NOMINAL_MINUS_OBSERVED_DIAGNOSTIC,START_TIMESTAMP_FOR_INTERVAL,SAFE_AFTER_TIMESTAMP,tmp\mosaic-25.2\logs\log-20260603-174645-MaGaIntegratedStudy\bandwidthMeasurements\ALL#ALL#ALL#Up.csv
27,28,27,28,region_central_degraded,DOWNLINK,0,12000000,12000000,NOMINAL_MINUS_OBSERVED_DIAGNOSTIC,START_TIMESTAMP_FOR_INTERVAL,SAFE_AFTER_TIMESTAMP,tmp\mosaic-25.2\logs\log-20260603-174645-MaGaIntegratedStudy\bandwidthMeasurements\ALL#ALL#ALL#Dn.csv
27,28,27,28,region_central_degraded,UPLINK,0,8000000,8000000,NOMINAL_MINUS_OBSERVED_DIAGNOSTIC,START_TIMESTAMP_FOR_INTERVAL,SAFE_AFTER_TIMESTAMP,tmp\mosaic-25.2\logs\log-20260603-174645-MaGaIntegratedStudy\bandwidthMeasurements\ALL#ALL#ALL#Up.csv
27,28,27,28,region_north_normal,DOWNLINK,334800,60000000,59665200,NOMINAL_MINUS_OBSERVED_DIAGNOSTIC,START_TIMESTAMP_FOR_INTERVAL,SAFE_AFTER_TIMESTAMP,tmp\mosaic-25.2\logs\log-20260603-174645-MaGaIntegratedStudy\bandwidthMeasurements\ALL#ALL#ALL#Dn.csv
27,28,27,28,region_north_normal,UPLINK,253920,40000000,39746080,NOMINAL_MINUS_OBSERVED_DIAGNOSTIC,START_TIMESTAMP_FOR_INTERVAL,SAFE_AFTER_TIMESTAMP,tmp\mosaic-25.2\logs\log-20260603-174645-MaGaIntegratedStudy\bandwidthMeasurements\ALL#ALL#ALL#Up.csv
28,29,28,29,globalNetwork,DOWNLINK,0,42200000,42200000,NOMINAL_MINUS_OBSERVED_DIAGNOSTIC,START_TIMESTAMP_FOR_INTERVAL,SAFE_AFTER_TIMESTAMP,tmp\mosaic-25.2\logs\log-20260603-174645-MaGaIntegratedStudy\bandwidthMeasurements\ALL#ALL#ALL#Dn.csv
28,29,28,29,globalNetwork,UPLINK,0,28000000,28000000,NOMINAL_MINUS_OBSERVED_DIAGNOSTIC,START_TIMESTAMP_FOR_INTERVAL,SAFE_AFTER_TIMESTAMP,tmp\mosaic-25.2\logs\log-20260603-174645-MaGaIntegratedStudy\bandwidthMeasurements\ALL#ALL#ALL#Up.csv
28,29,28,29,region_central_degraded,DOWNLINK,0,12000000,12000000,NOMINAL_MINUS_OBSERVED_DIAGNOSTIC,START_TIMESTAMP_FOR_INTERVAL,SAFE_AFTER_TIMESTAMP,tmp\mosaic-25.2\logs\log-20260603-174645-MaGaIntegratedStudy\bandwidthMeasurements\ALL#ALL#ALL#Dn.csv
28,29,28,29,region_central_degraded,UPLINK,0,8000000,8000000,NOMINAL_MINUS_OBSERVED_DIAGNOSTIC,START_TIMESTAMP_FOR_INTERVAL,SAFE_AFTER_TIMESTAMP,tmp\mosaic-25.2\logs\log-20260603-174645-MaGaIntegratedStudy\bandwidthMeasurements\ALL#ALL#ALL#Up.csv
28,29,28,29,region_north_normal,DOWNLINK,334800,60000000,59665200,NOMINAL_MINUS_OBSERVED_DIAGNOSTIC,START_TIMESTAMP_FOR_INTERVAL,SAFE_AFTER_TIMESTAMP,tmp\mosaic-25.2\logs\log-20260603-174645-MaGaIntegratedStudy\bandwidthMeasurements\ALL#ALL#ALL#Dn.csv
28,29,28,29,region_north_normal,UPLINK,253920,40000000,39746080,NOMINAL_MINUS_OBSERVED_DIAGNOSTIC,START_TIMESTAMP_FOR_INTERVAL,SAFE_AFTER_TIMESTAMP,tmp\mosaic-25.2\logs\log-20260603-174645-MaGaIntegratedStudy\bandwidthMeasurements\ALL#ALL#ALL#Up.csv
29,30,29,30,globalNetwork,DOWNLINK,0,42200000,42200000,NOMINAL_MINUS_OBSERVED_DIAGNOSTIC,START_TIMESTAMP_FOR_INTERVAL,SAFE_AFTER_TIMESTAMP,tmp\mosaic-25.2\logs\log-20260603-174645-MaGaIntegratedStudy\bandwidthMeasurements\ALL#ALL#ALL#Dn.csv
29,30,29,30,globalNetwork,UPLINK,0,28000000,28000000,NOMINAL_MINUS_OBSERVED_DIAGNOSTIC,START_TIMESTAMP_FOR_INTERVAL,SAFE_AFTER_TIMESTAMP,tmp\mosaic-25.2\logs\log-20260603-174645-MaGaIntegratedStudy\bandwidthMeasurements\ALL#ALL#ALL#Up.csv
29,30,29,30,region_central_degraded,DOWNLINK,0,12000000,12000000,NOMINAL_MINUS_OBSERVED_DIAGNOSTIC,START_TIMESTAMP_FOR_INTERVAL,SAFE_AFTER_TIMESTAMP,tmp\mosaic-25.2\logs\log-20260603-174645-MaGaIntegratedStudy\bandwidthMeasurements\ALL#ALL#ALL#Dn.csv
29,30,29,30,region_central_degraded,UPLINK,0,8000000,8000000,NOMINAL_MINUS_OBSERVED_DIAGNOSTIC,START_TIMESTAMP_FOR_INTERVAL,SAFE_AFTER_TIMESTAMP,tmp\mosaic-25.2\logs\log-20260603-174645-MaGaIntegratedStudy\bandwidthMeasurements\ALL#ALL#ALL#Up.csv
29,30,29,30,region_north_normal,DOWNLINK,334800,60000000,59665200,NOMINAL_MINUS_OBSERVED_DIAGNOSTIC,START_TIMESTAMP_FOR_INTERVAL,SAFE_AFTER_TIMESTAMP,tmp\mosaic-25.2\logs\log-20260603-174645-MaGaIntegratedStudy\bandwidthMeasurements\ALL#ALL#ALL#Dn.csv
29,30,29,30,region_north_normal,UPLINK,253920,40000000,39746080,NOMINAL_MINUS_OBSERVED_DIAGNOSTIC,START_TIMESTAMP_FOR_INTERVAL,SAFE_AFTER_TIMESTAMP,tmp\mosaic-25.2\logs\log-20260603-174645-MaGaIntegratedStudy\bandwidthMeasurements\ALL#ALL#ALL#Up.csv
30,31,30,31,globalNetwork,DOWNLINK,0,42200000,42200000,NOMINAL_MINUS_OBSERVED_DIAGNOSTIC,START_TIMESTAMP_FOR_INTERVAL,SAFE_AFTER_TIMESTAMP,tmp\mosaic-25.2\logs\log-20260603-174645-MaGaIntegratedStudy\bandwidthMeasurements\ALL#ALL#ALL#Dn.csv
30,31,30,31,globalNetwork,UPLINK,0,28000000,28000000,NOMINAL_MINUS_OBSERVED_DIAGNOSTIC,START_TIMESTAMP_FOR_INTERVAL,SAFE_AFTER_TIMESTAMP,tmp\mosaic-25.2\logs\log-20260603-174645-MaGaIntegratedStudy\bandwidthMeasurements\ALL#ALL#ALL#Up.csv
30,31,30,31,region_central_degraded,DOWNLINK,0,12000000,12000000,NOMINAL_MINUS_OBSERVED_DIAGNOSTIC,START_TIMESTAMP_FOR_INTERVAL,SAFE_AFTER_TIMESTAMP,tmp\mosaic-25.2\logs\log-20260603-174645-MaGaIntegratedStudy\bandwidthMeasurements\ALL#ALL#ALL#Dn.csv
30,31,30,31,region_central_degraded,UPLINK,0,8000000,8000000,NOMINAL_MINUS_OBSERVED_DIAGNOSTIC,START_TIMESTAMP_FOR_INTERVAL,SAFE_AFTER_TIMESTAMP,tmp\mosaic-25.2\logs\log-20260603-174645-MaGaIntegratedStudy\bandwidthMeasurements\ALL#ALL#ALL#Up.csv
30,31,30,31,region_north_normal,DOWNLINK,334800,60000000,59665200,NOMINAL_MINUS_OBSERVED_DIAGNOSTIC,START_TIMESTAMP_FOR_INTERVAL,SAFE_AFTER_TIMESTAMP,tmp\mosaic-25.2\logs\log-20260603-174645-MaGaIntegratedStudy\bandwidthMeasurements\ALL#ALL#ALL#Dn.csv
30,31,30,31,region_north_normal,UPLINK,253920,40000000,39746080,NOMINAL_MINUS_OBSERVED_DIAGNOSTIC,START_TIMESTAMP_FOR_INTERVAL,SAFE_AFTER_TIMESTAMP,tmp\mosaic-25.2\logs\log-20260603-174645-MaGaIntegratedStudy\bandwidthMeasurements\ALL#ALL#ALL#Up.csv
31,32,31,32,globalNetwork,DOWNLINK,0,42200000,42200000,NOMINAL_MINUS_OBSERVED_DIAGNOSTIC,START_TIMESTAMP_FOR_INTERVAL,SAFE_AFTER_TIMESTAMP,tmp\mosaic-25.2\logs\log-20260603-174645-MaGaIntegratedStudy\bandwidthMeasurements\ALL#ALL#ALL#Dn.csv
31,32,31,32,globalNetwork,UPLINK,0,28000000,28000000,NOMINAL_MINUS_OBSERVED_DIAGNOSTIC,START_TIMESTAMP_FOR_INTERVAL,SAFE_AFTER_TIMESTAMP,tmp\mosaic-25.2\logs\log-20260603-174645-MaGaIntegratedStudy\bandwidthMeasurements\ALL#ALL#ALL#Up.csv
31,32,31,32,region_central_degraded,DOWNLINK,0,12000000,12000000,NOMINAL_MINUS_OBSERVED_DIAGNOSTIC,START_TIMESTAMP_FOR_INTERVAL,SAFE_AFTER_TIMESTAMP,tmp\mosaic-25.2\logs\log-20260603-174645-MaGaIntegratedStudy\bandwidthMeasurements\ALL#ALL#ALL#Dn.csv
31,32,31,32,region_central_degraded,UPLINK,0,8000000,8000000,NOMINAL_MINUS_OBSERVED_DIAGNOSTIC,START_TIMESTAMP_FOR_INTERVAL,SAFE_AFTER_TIMESTAMP,tmp\mosaic-25.2\logs\log-20260603-174645-MaGaIntegratedStudy\bandwidthMeasurements\ALL#ALL#ALL#Up.csv
31,32,31,32,region_north_normal,DOWNLINK,390600,60000000,59609400,NOMINAL_MINUS_OBSERVED_DIAGNOSTIC,START_TIMESTAMP_FOR_INTERVAL,SAFE_AFTER_TIMESTAMP,tmp\mosaic-25.2\logs\log-20260603-174645-MaGaIntegratedStudy\bandwidthMeasurements\ALL#ALL#ALL#Dn.csv
31,32,31,32,region_north_normal,UPLINK,296240,40000000,39703760,NOMINAL_MINUS_OBSERVED_DIAGNOSTIC,START_TIMESTAMP_FOR_INTERVAL,SAFE_AFTER_TIMESTAMP,tmp\mosaic-25.2\logs\log-20260603-174645-MaGaIntegratedStudy\bandwidthMeasurements\ALL#ALL#ALL#Up.csv
32,33,32,33,globalNetwork,DOWNLINK,0,42200000,42200000,NOMINAL_MINUS_OBSERVED_DIAGNOSTIC,START_TIMESTAMP_FOR_INTERVAL,SAFE_AFTER_TIMESTAMP,tmp\mosaic-25.2\logs\log-20260603-174645-MaGaIntegratedStudy\bandwidthMeasurements\ALL#ALL#ALL#Dn.csv
32,33,32,33,globalNetwork,UPLINK,0,28000000,28000000,NOMINAL_MINUS_OBSERVED_DIAGNOSTIC,START_TIMESTAMP_FOR_INTERVAL,SAFE_AFTER_TIMESTAMP,tmp\mosaic-25.2\logs\log-20260603-174645-MaGaIntegratedStudy\bandwidthMeasurements\ALL#ALL#ALL#Up.csv
32,33,32,33,region_central_degraded,DOWNLINK,0,12000000,12000000,NOMINAL_MINUS_OBSERVED_DIAGNOSTIC,START_TIMESTAMP_FOR_INTERVAL,SAFE_AFTER_TIMESTAMP,tmp\mosaic-25.2\logs\log-20260603-174645-MaGaIntegratedStudy\bandwidthMeasurements\ALL#ALL#ALL#Dn.csv
32,33,32,33,region_central_degraded,UPLINK,0,8000000,8000000,NOMINAL_MINUS_OBSERVED_DIAGNOSTIC,START_TIMESTAMP_FOR_INTERVAL,SAFE_AFTER_TIMESTAMP,tmp\mosaic-25.2\logs\log-20260603-174645-MaGaIntegratedStudy\bandwidthMeasurements\ALL#ALL#ALL#Up.csv
32,33,32,33,region_north_normal,DOWNLINK,390600,60000000,59609400,NOMINAL_MINUS_OBSERVED_DIAGNOSTIC,START_TIMESTAMP_FOR_INTERVAL,SAFE_AFTER_TIMESTAMP,tmp\mosaic-25.2\logs\log-20260603-174645-MaGaIntegratedStudy\bandwidthMeasurements\ALL#ALL#ALL#Dn.csv
32,33,32,33,region_north_normal,UPLINK,296240,40000000,39703760,NOMINAL_MINUS_OBSERVED_DIAGNOSTIC,START_TIMESTAMP_FOR_INTERVAL,SAFE_AFTER_TIMESTAMP,tmp\mosaic-25.2\logs\log-20260603-174645-MaGaIntegratedStudy\bandwidthMeasurements\ALL#ALL#ALL#Up.csv
33,34,33,34,globalNetwork,DOWNLINK,0,42200000,42200000,NOMINAL_MINUS_OBSERVED_DIAGNOSTIC,START_TIMESTAMP_FOR_INTERVAL,SAFE_AFTER_TIMESTAMP,tmp\mosaic-25.2\logs\log-20260603-174645-MaGaIntegratedStudy\bandwidthMeasurements\ALL#ALL#ALL#Dn.csv
33,34,33,34,globalNetwork,UPLINK,0,28000000,28000000,NOMINAL_MINUS_OBSERVED_DIAGNOSTIC,START_TIMESTAMP_FOR_INTERVAL,SAFE_AFTER_TIMESTAMP,tmp\mosaic-25.2\logs\log-20260603-174645-MaGaIntegratedStudy\bandwidthMeasurements\ALL#ALL#ALL#Up.csv
33,34,33,34,region_central_degraded,DOWNLINK,0,12000000,12000000,NOMINAL_MINUS_OBSERVED_DIAGNOSTIC,START_TIMESTAMP_FOR_INTERVAL,SAFE_AFTER_TIMESTAMP,tmp\mosaic-25.2\logs\log-20260603-174645-MaGaIntegratedStudy\bandwidthMeasurements\ALL#ALL#ALL#Dn.csv
33,34,33,34,region_central_degraded,UPLINK,0,8000000,8000000,NOMINAL_MINUS_OBSERVED_DIAGNOSTIC,START_TIMESTAMP_FOR_INTERVAL,SAFE_AFTER_TIMESTAMP,tmp\mosaic-25.2\logs\log-20260603-174645-MaGaIntegratedStudy\bandwidthMeasurements\ALL#ALL#ALL#Up.csv
33,34,33,34,region_north_normal,DOWNLINK,390600,60000000,59609400,NOMINAL_MINUS_OBSERVED_DIAGNOSTIC,START_TIMESTAMP_FOR_INTERVAL,SAFE_AFTER_TIMESTAMP,tmp\mosaic-25.2\logs\log-20260603-174645-MaGaIntegratedStudy\bandwidthMeasurements\ALL#ALL#ALL#Dn.csv
33,34,33,34,region_north_normal,UPLINK,296240,40000000,39703760,NOMINAL_MINUS_OBSERVED_DIAGNOSTIC,START_TIMESTAMP_FOR_INTERVAL,SAFE_AFTER_TIMESTAMP,tmp\mosaic-25.2\logs\log-20260603-174645-MaGaIntegratedStudy\bandwidthMeasurements\ALL#ALL#ALL#Up.csv
34,35,34,35,globalNetwork,DOWNLINK,0,42200000,42200000,NOMINAL_MINUS_OBSERVED_DIAGNOSTIC,START_TIMESTAMP_FOR_INTERVAL,SAFE_AFTER_TIMESTAMP,tmp\mosaic-25.2\logs\log-20260603-174645-MaGaIntegratedStudy\bandwidthMeasurements\ALL#ALL#ALL#Dn.csv
34,35,34,35,globalNetwork,UPLINK,0,28000000,28000000,NOMINAL_MINUS_OBSERVED_DIAGNOSTIC,START_TIMESTAMP_FOR_INTERVAL,SAFE_AFTER_TIMESTAMP,tmp\mosaic-25.2\logs\log-20260603-174645-MaGaIntegratedStudy\bandwidthMeasurements\ALL#ALL#ALL#Up.csv
34,35,34,35,region_central_degraded,DOWNLINK,0,12000000,12000000,NOMINAL_MINUS_OBSERVED_DIAGNOSTIC,START_TIMESTAMP_FOR_INTERVAL,SAFE_AFTER_TIMESTAMP,tmp\mosaic-25.2\logs\log-20260603-174645-MaGaIntegratedStudy\bandwidthMeasurements\ALL#ALL#ALL#Dn.csv
34,35,34,35,region_central_degraded,UPLINK,0,8000000,8000000,NOMINAL_MINUS_OBSERVED_DIAGNOSTIC,START_TIMESTAMP_FOR_INTERVAL,SAFE_AFTER_TIMESTAMP,tmp\mosaic-25.2\logs\log-20260603-174645-MaGaIntegratedStudy\bandwidthMeasurements\ALL#ALL#ALL#Up.csv
34,35,34,35,region_north_normal,DOWNLINK,390600,60000000,59609400,NOMINAL_MINUS_OBSERVED_DIAGNOSTIC,START_TIMESTAMP_FOR_INTERVAL,SAFE_AFTER_TIMESTAMP,tmp\mosaic-25.2\logs\log-20260603-174645-MaGaIntegratedStudy\bandwidthMeasurements\ALL#ALL#ALL#Dn.csv
34,35,34,35,region_north_normal,UPLINK,296240,40000000,39703760,NOMINAL_MINUS_OBSERVED_DIAGNOSTIC,START_TIMESTAMP_FOR_INTERVAL,SAFE_AFTER_TIMESTAMP,tmp\mosaic-25.2\logs\log-20260603-174645-MaGaIntegratedStudy\bandwidthMeasurements\ALL#ALL#ALL#Up.csv
35,36,35,36,globalNetwork,DOWNLINK,0,42200000,42200000,NOMINAL_MINUS_OBSERVED_DIAGNOSTIC,START_TIMESTAMP_FOR_INTERVAL,SAFE_AFTER_TIMESTAMP,tmp\mosaic-25.2\logs\log-20260603-174645-MaGaIntegratedStudy\bandwidthMeasurements\ALL#ALL#ALL#Dn.csv
35,36,35,36,globalNetwork,UPLINK,0,28000000,28000000,NOMINAL_MINUS_OBSERVED_DIAGNOSTIC,START_TIMESTAMP_FOR_INTERVAL,SAFE_AFTER_TIMESTAMP,tmp\mosaic-25.2\logs\log-20260603-174645-MaGaIntegratedStudy\bandwidthMeasurements\ALL#ALL#ALL#Up.csv
35,36,35,36,region_central_degraded,DOWNLINK,0,12000000,12000000,NOMINAL_MINUS_OBSERVED_DIAGNOSTIC,START_TIMESTAMP_FOR_INTERVAL,SAFE_AFTER_TIMESTAMP,tmp\mosaic-25.2\logs\log-20260603-174645-MaGaIntegratedStudy\bandwidthMeasurements\ALL#ALL#ALL#Dn.csv
35,36,35,36,region_central_degraded,UPLINK,0,8000000,8000000,NOMINAL_MINUS_OBSERVED_DIAGNOSTIC,START_TIMESTAMP_FOR_INTERVAL,SAFE_AFTER_TIMESTAMP,tmp\mosaic-25.2\logs\log-20260603-174645-MaGaIntegratedStudy\bandwidthMeasurements\ALL#ALL#ALL#Up.csv
35,36,35,36,region_north_normal,DOWNLINK,446400,60000000,59553600,NOMINAL_MINUS_OBSERVED_DIAGNOSTIC,START_TIMESTAMP_FOR_INTERVAL,SAFE_AFTER_TIMESTAMP,tmp\mosaic-25.2\logs\log-20260603-174645-MaGaIntegratedStudy\bandwidthMeasurements\ALL#ALL#ALL#Dn.csv
35,36,35,36,region_north_normal,UPLINK,338560,40000000,39661440,NOMINAL_MINUS_OBSERVED_DIAGNOSTIC,START_TIMESTAMP_FOR_INTERVAL,SAFE_AFTER_TIMESTAMP,tmp\mosaic-25.2\logs\log-20260603-174645-MaGaIntegratedStudy\bandwidthMeasurements\ALL#ALL#ALL#Up.csv
36,37,36,37,globalNetwork,DOWNLINK,0,42200000,42200000,NOMINAL_MINUS_OBSERVED_DIAGNOSTIC,START_TIMESTAMP_FOR_INTERVAL,SAFE_AFTER_TIMESTAMP,tmp\mosaic-25.2\logs\log-20260603-174645-MaGaIntegratedStudy\bandwidthMeasurements\ALL#ALL#ALL#Dn.csv
36,37,36,37,globalNetwork,UPLINK,0,28000000,28000000,NOMINAL_MINUS_OBSERVED_DIAGNOSTIC,START_TIMESTAMP_FOR_INTERVAL,SAFE_AFTER_TIMESTAMP,tmp\mosaic-25.2\logs\log-20260603-174645-MaGaIntegratedStudy\bandwidthMeasurements\ALL#ALL#ALL#Up.csv
36,37,36,37,region_central_degraded,DOWNLINK,0,12000000,12000000,NOMINAL_MINUS_OBSERVED_DIAGNOSTIC,START_TIMESTAMP_FOR_INTERVAL,SAFE_AFTER_TIMESTAMP,tmp\mosaic-25.2\logs\log-20260603-174645-MaGaIntegratedStudy\bandwidthMeasurements\ALL#ALL#ALL#Dn.csv
36,37,36,37,region_central_degraded,UPLINK,0,8000000,8000000,NOMINAL_MINUS_OBSERVED_DIAGNOSTIC,START_TIMESTAMP_FOR_INTERVAL,SAFE_AFTER_TIMESTAMP,tmp\mosaic-25.2\logs\log-20260603-174645-MaGaIntegratedStudy\bandwidthMeasurements\ALL#ALL#ALL#Up.csv
36,37,36,37,region_north_normal,DOWNLINK,446400,60000000,59553600,NOMINAL_MINUS_OBSERVED_DIAGNOSTIC,START_TIMESTAMP_FOR_INTERVAL,SAFE_AFTER_TIMESTAMP,tmp\mosaic-25.2\logs\log-20260603-174645-MaGaIntegratedStudy\bandwidthMeasurements\ALL#ALL#ALL#Dn.csv
36,37,36,37,region_north_normal,UPLINK,338560,40000000,39661440,NOMINAL_MINUS_OBSERVED_DIAGNOSTIC,START_TIMESTAMP_FOR_INTERVAL,SAFE_AFTER_TIMESTAMP,tmp\mosaic-25.2\logs\log-20260603-174645-MaGaIntegratedStudy\bandwidthMeasurements\ALL#ALL#ALL#Up.csv
37,38,37,38,globalNetwork,DOWNLINK,0,42200000,42200000,NOMINAL_MINUS_OBSERVED_DIAGNOSTIC,START_TIMESTAMP_FOR_INTERVAL,SAFE_AFTER_TIMESTAMP,tmp\mosaic-25.2\logs\log-20260603-174645-MaGaIntegratedStudy\bandwidthMeasurements\ALL#ALL#ALL#Dn.csv
37,38,37,38,globalNetwork,UPLINK,0,28000000,28000000,NOMINAL_MINUS_OBSERVED_DIAGNOSTIC,START_TIMESTAMP_FOR_INTERVAL,SAFE_AFTER_TIMESTAMP,tmp\mosaic-25.2\logs\log-20260603-174645-MaGaIntegratedStudy\bandwidthMeasurements\ALL#ALL#ALL#Up.csv
37,38,37,38,region_central_degraded,DOWNLINK,0,12000000,12000000,NOMINAL_MINUS_OBSERVED_DIAGNOSTIC,START_TIMESTAMP_FOR_INTERVAL,SAFE_AFTER_TIMESTAMP,tmp\mosaic-25.2\logs\log-20260603-174645-MaGaIntegratedStudy\bandwidthMeasurements\ALL#ALL#ALL#Dn.csv
37,38,37,38,region_central_degraded,UPLINK,0,8000000,8000000,NOMINAL_MINUS_OBSERVED_DIAGNOSTIC,START_TIMESTAMP_FOR_INTERVAL,SAFE_AFTER_TIMESTAMP,tmp\mosaic-25.2\logs\log-20260603-174645-MaGaIntegratedStudy\bandwidthMeasurements\ALL#ALL#ALL#Up.csv
37,38,37,38,region_north_normal,DOWNLINK,446400,60000000,59553600,NOMINAL_MINUS_OBSERVED_DIAGNOSTIC,START_TIMESTAMP_FOR_INTERVAL,SAFE_AFTER_TIMESTAMP,tmp\mosaic-25.2\logs\log-20260603-174645-MaGaIntegratedStudy\bandwidthMeasurements\ALL#ALL#ALL#Dn.csv
37,38,37,38,region_north_normal,UPLINK,338560,40000000,39661440,NOMINAL_MINUS_OBSERVED_DIAGNOSTIC,START_TIMESTAMP_FOR_INTERVAL,SAFE_AFTER_TIMESTAMP,tmp\mosaic-25.2\logs\log-20260603-174645-MaGaIntegratedStudy\bandwidthMeasurements\ALL#ALL#ALL#Up.csv
38,39,38,39,globalNetwork,DOWNLINK,0,42200000,42200000,NOMINAL_MINUS_OBSERVED_DIAGNOSTIC,START_TIMESTAMP_FOR_INTERVAL,SAFE_AFTER_TIMESTAMP,tmp\mosaic-25.2\logs\log-20260603-174645-MaGaIntegratedStudy\bandwidthMeasurements\ALL#ALL#ALL#Dn.csv
38,39,38,39,globalNetwork,UPLINK,0,28000000,28000000,NOMINAL_MINUS_OBSERVED_DIAGNOSTIC,START_TIMESTAMP_FOR_INTERVAL,SAFE_AFTER_TIMESTAMP,tmp\mosaic-25.2\logs\log-20260603-174645-MaGaIntegratedStudy\bandwidthMeasurements\ALL#ALL#ALL#Up.csv
38,39,38,39,region_central_degraded,DOWNLINK,0,12000000,12000000,NOMINAL_MINUS_OBSERVED_DIAGNOSTIC,START_TIMESTAMP_FOR_INTERVAL,SAFE_AFTER_TIMESTAMP,tmp\mosaic-25.2\logs\log-20260603-174645-MaGaIntegratedStudy\bandwidthMeasurements\ALL#ALL#ALL#Dn.csv
38,39,38,39,region_central_degraded,UPLINK,0,8000000,8000000,NOMINAL_MINUS_OBSERVED_DIAGNOSTIC,START_TIMESTAMP_FOR_INTERVAL,SAFE_AFTER_TIMESTAMP,tmp\mosaic-25.2\logs\log-20260603-174645-MaGaIntegratedStudy\bandwidthMeasurements\ALL#ALL#ALL#Up.csv
38,39,38,39,region_north_normal,DOWNLINK,446400,60000000,59553600,NOMINAL_MINUS_OBSERVED_DIAGNOSTIC,START_TIMESTAMP_FOR_INTERVAL,SAFE_AFTER_TIMESTAMP,tmp\mosaic-25.2\logs\log-20260603-174645-MaGaIntegratedStudy\bandwidthMeasurements\ALL#ALL#ALL#Dn.csv
38,39,38,39,region_north_normal,UPLINK,338560,40000000,39661440,NOMINAL_MINUS_OBSERVED_DIAGNOSTIC,START_TIMESTAMP_FOR_INTERVAL,SAFE_AFTER_TIMESTAMP,tmp\mosaic-25.2\logs\log-20260603-174645-MaGaIntegratedStudy\bandwidthMeasurements\ALL#ALL#ALL#Up.csv
39,40,39,40,globalNetwork,DOWNLINK,0,42200000,42200000,NOMINAL_MINUS_OBSERVED_DIAGNOSTIC,START_TIMESTAMP_FOR_INTERVAL,SAFE_AFTER_TIMESTAMP,tmp\mosaic-25.2\logs\log-20260603-174645-MaGaIntegratedStudy\bandwidthMeasurements\ALL#ALL#ALL#Dn.csv
39,40,39,40,globalNetwork,UPLINK,0,28000000,28000000,NOMINAL_MINUS_OBSERVED_DIAGNOSTIC,START_TIMESTAMP_FOR_INTERVAL,SAFE_AFTER_TIMESTAMP,tmp\mosaic-25.2\logs\log-20260603-174645-MaGaIntegratedStudy\bandwidthMeasurements\ALL#ALL#ALL#Up.csv
39,40,39,40,region_central_degraded,DOWNLINK,0,12000000,12000000,NOMINAL_MINUS_OBSERVED_DIAGNOSTIC,START_TIMESTAMP_FOR_INTERVAL,SAFE_AFTER_TIMESTAMP,tmp\mosaic-25.2\logs\log-20260603-174645-MaGaIntegratedStudy\bandwidthMeasurements\ALL#ALL#ALL#Dn.csv
39,40,39,40,region_central_degraded,UPLINK,0,8000000,8000000,NOMINAL_MINUS_OBSERVED_DIAGNOSTIC,START_TIMESTAMP_FOR_INTERVAL,SAFE_AFTER_TIMESTAMP,tmp\mosaic-25.2\logs\log-20260603-174645-MaGaIntegratedStudy\bandwidthMeasurements\ALL#ALL#ALL#Up.csv
39,40,39,40,region_north_normal,DOWNLINK,502200,60000000,59497800,NOMINAL_MINUS_OBSERVED_DIAGNOSTIC,START_TIMESTAMP_FOR_INTERVAL,SAFE_AFTER_TIMESTAMP,tmp\mosaic-25.2\logs\log-20260603-174645-MaGaIntegratedStudy\bandwidthMeasurements\ALL#ALL#ALL#Dn.csv
39,40,39,40,region_north_normal,UPLINK,380880,40000000,39619120,NOMINAL_MINUS_OBSERVED_DIAGNOSTIC,START_TIMESTAMP_FOR_INTERVAL,SAFE_AFTER_TIMESTAMP,tmp\mosaic-25.2\logs\log-20260603-174645-MaGaIntegratedStudy\bandwidthMeasurements\ALL#ALL#ALL#Up.csv
40,41,40,41,globalNetwork,DOWNLINK,0,42200000,42200000,NOMINAL_MINUS_OBSERVED_DIAGNOSTIC,START_TIMESTAMP_FOR_INTERVAL,SAFE_AFTER_TIMESTAMP,tmp\mosaic-25.2\logs\log-20260603-174645-MaGaIntegratedStudy\bandwidthMeasurements\ALL#ALL#ALL#Dn.csv
40,41,40,41,globalNetwork,UPLINK,0,28000000,28000000,NOMINAL_MINUS_OBSERVED_DIAGNOSTIC,START_TIMESTAMP_FOR_INTERVAL,SAFE_AFTER_TIMESTAMP,tmp\mosaic-25.2\logs\log-20260603-174645-MaGaIntegratedStudy\bandwidthMeasurements\ALL#ALL#ALL#Up.csv
40,41,40,41,region_central_degraded,DOWNLINK,0,12000000,12000000,NOMINAL_MINUS_OBSERVED_DIAGNOSTIC,START_TIMESTAMP_FOR_INTERVAL,SAFE_AFTER_TIMESTAMP,tmp\mosaic-25.2\logs\log-20260603-174645-MaGaIntegratedStudy\bandwidthMeasurements\ALL#ALL#ALL#Dn.csv
40,41,40,41,region_central_degraded,UPLINK,0,8000000,8000000,NOMINAL_MINUS_OBSERVED_DIAGNOSTIC,START_TIMESTAMP_FOR_INTERVAL,SAFE_AFTER_TIMESTAMP,tmp\mosaic-25.2\logs\log-20260603-174645-MaGaIntegratedStudy\bandwidthMeasurements\ALL#ALL#ALL#Up.csv
40,41,40,41,region_north_normal,DOWNLINK,502200,60000000,59497800,NOMINAL_MINUS_OBSERVED_DIAGNOSTIC,START_TIMESTAMP_FOR_INTERVAL,SAFE_AFTER_TIMESTAMP,tmp\mosaic-25.2\logs\log-20260603-174645-MaGaIntegratedStudy\bandwidthMeasurements\ALL#ALL#ALL#Dn.csv
40,41,40,41,region_north_normal,UPLINK,380880,40000000,39619120,NOMINAL_MINUS_OBSERVED_DIAGNOSTIC,START_TIMESTAMP_FOR_INTERVAL,SAFE_AFTER_TIMESTAMP,tmp\mosaic-25.2\logs\log-20260603-174645-MaGaIntegratedStudy\bandwidthMeasurements\ALL#ALL#ALL#Up.csv
41,42,41,42,globalNetwork,DOWNLINK,0,42200000,42200000,NOMINAL_MINUS_OBSERVED_DIAGNOSTIC,START_TIMESTAMP_FOR_INTERVAL,SAFE_AFTER_TIMESTAMP,tmp\mosaic-25.2\logs\log-20260603-174645-MaGaIntegratedStudy\bandwidthMeasurements\ALL#ALL#ALL#Dn.csv
41,42,41,42,globalNetwork,UPLINK,0,28000000,28000000,NOMINAL_MINUS_OBSERVED_DIAGNOSTIC,START_TIMESTAMP_FOR_INTERVAL,SAFE_AFTER_TIMESTAMP,tmp\mosaic-25.2\logs\log-20260603-174645-MaGaIntegratedStudy\bandwidthMeasurements\ALL#ALL#ALL#Up.csv
41,42,41,42,region_central_degraded,DOWNLINK,0,12000000,12000000,NOMINAL_MINUS_OBSERVED_DIAGNOSTIC,START_TIMESTAMP_FOR_INTERVAL,SAFE_AFTER_TIMESTAMP,tmp\mosaic-25.2\logs\log-20260603-174645-MaGaIntegratedStudy\bandwidthMeasurements\ALL#ALL#ALL#Dn.csv
41,42,41,42,region_central_degraded,UPLINK,0,8000000,8000000,NOMINAL_MINUS_OBSERVED_DIAGNOSTIC,START_TIMESTAMP_FOR_INTERVAL,SAFE_AFTER_TIMESTAMP,tmp\mosaic-25.2\logs\log-20260603-174645-MaGaIntegratedStudy\bandwidthMeasurements\ALL#ALL#ALL#Up.csv
41,42,41,42,region_north_normal,DOWNLINK,502200,60000000,59497800,NOMINAL_MINUS_OBSERVED_DIAGNOSTIC,START_TIMESTAMP_FOR_INTERVAL,SAFE_AFTER_TIMESTAMP,tmp\mosaic-25.2\logs\log-20260603-174645-MaGaIntegratedStudy\bandwidthMeasurements\ALL#ALL#ALL#Dn.csv
41,42,41,42,region_north_normal,UPLINK,380880,40000000,39619120,NOMINAL_MINUS_OBSERVED_DIAGNOSTIC,START_TIMESTAMP_FOR_INTERVAL,SAFE_AFTER_TIMESTAMP,tmp\mosaic-25.2\logs\log-20260603-174645-MaGaIntegratedStudy\bandwidthMeasurements\ALL#ALL#ALL#Up.csv
42,43,42,43,globalNetwork,DOWNLINK,0,42200000,42200000,NOMINAL_MINUS_OBSERVED_DIAGNOSTIC,START_TIMESTAMP_FOR_INTERVAL,SAFE_AFTER_TIMESTAMP,tmp\mosaic-25.2\logs\log-20260603-174645-MaGaIntegratedStudy\bandwidthMeasurements\ALL#ALL#ALL#Dn.csv
42,43,42,43,globalNetwork,UPLINK,0,28000000,28000000,NOMINAL_MINUS_OBSERVED_DIAGNOSTIC,START_TIMESTAMP_FOR_INTERVAL,SAFE_AFTER_TIMESTAMP,tmp\mosaic-25.2\logs\log-20260603-174645-MaGaIntegratedStudy\bandwidthMeasurements\ALL#ALL#ALL#Up.csv
42,43,42,43,region_central_degraded,DOWNLINK,0,12000000,12000000,NOMINAL_MINUS_OBSERVED_DIAGNOSTIC,START_TIMESTAMP_FOR_INTERVAL,SAFE_AFTER_TIMESTAMP,tmp\mosaic-25.2\logs\log-20260603-174645-MaGaIntegratedStudy\bandwidthMeasurements\ALL#ALL#ALL#Dn.csv
42,43,42,43,region_central_degraded,UPLINK,0,8000000,8000000,NOMINAL_MINUS_OBSERVED_DIAGNOSTIC,START_TIMESTAMP_FOR_INTERVAL,SAFE_AFTER_TIMESTAMP,tmp\mosaic-25.2\logs\log-20260603-174645-MaGaIntegratedStudy\bandwidthMeasurements\ALL#ALL#ALL#Up.csv
42,43,42,43,region_north_normal,DOWNLINK,502200,60000000,59497800,NOMINAL_MINUS_OBSERVED_DIAGNOSTIC,START_TIMESTAMP_FOR_INTERVAL,SAFE_AFTER_TIMESTAMP,tmp\mosaic-25.2\logs\log-20260603-174645-MaGaIntegratedStudy\bandwidthMeasurements\ALL#ALL#ALL#Dn.csv
42,43,42,43,region_north_normal,UPLINK,380880,40000000,39619120,NOMINAL_MINUS_OBSERVED_DIAGNOSTIC,START_TIMESTAMP_FOR_INTERVAL,SAFE_AFTER_TIMESTAMP,tmp\mosaic-25.2\logs\log-20260603-174645-MaGaIntegratedStudy\bandwidthMeasurements\ALL#ALL#ALL#Up.csv
43,44,43,44,globalNetwork,DOWNLINK,0,42200000,42200000,NOMINAL_MINUS_OBSERVED_DIAGNOSTIC,START_TIMESTAMP_FOR_INTERVAL,SAFE_AFTER_TIMESTAMP,tmp\mosaic-25.2\logs\log-20260603-174645-MaGaIntegratedStudy\bandwidthMeasurements\ALL#ALL#ALL#Dn.csv
43,44,43,44,globalNetwork,UPLINK,0,28000000,28000000,NOMINAL_MINUS_OBSERVED_DIAGNOSTIC,START_TIMESTAMP_FOR_INTERVAL,SAFE_AFTER_TIMESTAMP,tmp\mosaic-25.2\logs\log-20260603-174645-MaGaIntegratedStudy\bandwidthMeasurements\ALL#ALL#ALL#Up.csv
43,44,43,44,region_central_degraded,DOWNLINK,0,12000000,12000000,NOMINAL_MINUS_OBSERVED_DIAGNOSTIC,START_TIMESTAMP_FOR_INTERVAL,SAFE_AFTER_TIMESTAMP,tmp\mosaic-25.2\logs\log-20260603-174645-MaGaIntegratedStudy\bandwidthMeasurements\ALL#ALL#ALL#Dn.csv
43,44,43,44,region_central_degraded,UPLINK,0,8000000,8000000,NOMINAL_MINUS_OBSERVED_DIAGNOSTIC,START_TIMESTAMP_FOR_INTERVAL,SAFE_AFTER_TIMESTAMP,tmp\mosaic-25.2\logs\log-20260603-174645-MaGaIntegratedStudy\bandwidthMeasurements\ALL#ALL#ALL#Up.csv
43,44,43,44,region_north_normal,DOWNLINK,558000,60000000,59442000,NOMINAL_MINUS_OBSERVED_DIAGNOSTIC,START_TIMESTAMP_FOR_INTERVAL,SAFE_AFTER_TIMESTAMP,tmp\mosaic-25.2\logs\log-20260603-174645-MaGaIntegratedStudy\bandwidthMeasurements\ALL#ALL#ALL#Dn.csv
43,44,43,44,region_north_normal,UPLINK,423200,40000000,39576800,NOMINAL_MINUS_OBSERVED_DIAGNOSTIC,START_TIMESTAMP_FOR_INTERVAL,SAFE_AFTER_TIMESTAMP,tmp\mosaic-25.2\logs\log-20260603-174645-MaGaIntegratedStudy\bandwidthMeasurements\ALL#ALL#ALL#Up.csv
44,45,44,45,globalNetwork,DOWNLINK,0,42200000,42200000,NOMINAL_MINUS_OBSERVED_DIAGNOSTIC,START_TIMESTAMP_FOR_INTERVAL,SAFE_AFTER_TIMESTAMP,tmp\mosaic-25.2\logs\log-20260603-174645-MaGaIntegratedStudy\bandwidthMeasurements\ALL#ALL#ALL#Dn.csv
44,45,44,45,globalNetwork,UPLINK,0,28000000,28000000,NOMINAL_MINUS_OBSERVED_DIAGNOSTIC,START_TIMESTAMP_FOR_INTERVAL,SAFE_AFTER_TIMESTAMP,tmp\mosaic-25.2\logs\log-20260603-174645-MaGaIntegratedStudy\bandwidthMeasurements\ALL#ALL#ALL#Up.csv
44,45,44,45,region_central_degraded,DOWNLINK,0,12000000,12000000,NOMINAL_MINUS_OBSERVED_DIAGNOSTIC,START_TIMESTAMP_FOR_INTERVAL,SAFE_AFTER_TIMESTAMP,tmp\mosaic-25.2\logs\log-20260603-174645-MaGaIntegratedStudy\bandwidthMeasurements\ALL#ALL#ALL#Dn.csv
44,45,44,45,region_central_degraded,UPLINK,0,8000000,8000000,NOMINAL_MINUS_OBSERVED_DIAGNOSTIC,START_TIMESTAMP_FOR_INTERVAL,SAFE_AFTER_TIMESTAMP,tmp\mosaic-25.2\logs\log-20260603-174645-MaGaIntegratedStudy\bandwidthMeasurements\ALL#ALL#ALL#Up.csv
44,45,44,45,region_north_normal,DOWNLINK,558000,60000000,59442000,NOMINAL_MINUS_OBSERVED_DIAGNOSTIC,START_TIMESTAMP_FOR_INTERVAL,SAFE_AFTER_TIMESTAMP,tmp\mosaic-25.2\logs\log-20260603-174645-MaGaIntegratedStudy\bandwidthMeasurements\ALL#ALL#ALL#Dn.csv
44,45,44,45,region_north_normal,UPLINK,423200,40000000,39576800,NOMINAL_MINUS_OBSERVED_DIAGNOSTIC,START_TIMESTAMP_FOR_INTERVAL,SAFE_AFTER_TIMESTAMP,tmp\mosaic-25.2\logs\log-20260603-174645-MaGaIntegratedStudy\bandwidthMeasurements\ALL#ALL#ALL#Up.csv
45,46,45,46,globalNetwork,DOWNLINK,0,42200000,42200000,NOMINAL_MINUS_OBSERVED_DIAGNOSTIC,START_TIMESTAMP_FOR_INTERVAL,SAFE_AFTER_TIMESTAMP,tmp\mosaic-25.2\logs\log-20260603-174645-MaGaIntegratedStudy\bandwidthMeasurements\ALL#ALL#ALL#Dn.csv
45,46,45,46,globalNetwork,UPLINK,0,28000000,28000000,NOMINAL_MINUS_OBSERVED_DIAGNOSTIC,START_TIMESTAMP_FOR_INTERVAL,SAFE_AFTER_TIMESTAMP,tmp\mosaic-25.2\logs\log-20260603-174645-MaGaIntegratedStudy\bandwidthMeasurements\ALL#ALL#ALL#Up.csv
45,46,45,46,region_central_degraded,DOWNLINK,0,12000000,12000000,NOMINAL_MINUS_OBSERVED_DIAGNOSTIC,START_TIMESTAMP_FOR_INTERVAL,SAFE_AFTER_TIMESTAMP,tmp\mosaic-25.2\logs\log-20260603-174645-MaGaIntegratedStudy\bandwidthMeasurements\ALL#ALL#ALL#Dn.csv
45,46,45,46,region_central_degraded,UPLINK,0,8000000,8000000,NOMINAL_MINUS_OBSERVED_DIAGNOSTIC,START_TIMESTAMP_FOR_INTERVAL,SAFE_AFTER_TIMESTAMP,tmp\mosaic-25.2\logs\log-20260603-174645-MaGaIntegratedStudy\bandwidthMeasurements\ALL#ALL#ALL#Up.csv
45,46,45,46,region_north_normal,DOWNLINK,558000,60000000,59442000,NOMINAL_MINUS_OBSERVED_DIAGNOSTIC,START_TIMESTAMP_FOR_INTERVAL,SAFE_AFTER_TIMESTAMP,tmp\mosaic-25.2\logs\log-20260603-174645-MaGaIntegratedStudy\bandwidthMeasurements\ALL#ALL#ALL#Dn.csv
45,46,45,46,region_north_normal,UPLINK,423200,40000000,39576800,NOMINAL_MINUS_OBSERVED_DIAGNOSTIC,START_TIMESTAMP_FOR_INTERVAL,SAFE_AFTER_TIMESTAMP,tmp\mosaic-25.2\logs\log-20260603-174645-MaGaIntegratedStudy\bandwidthMeasurements\ALL#ALL#ALL#Up.csv
46,47,46,47,globalNetwork,DOWNLINK,0,42200000,42200000,NOMINAL_MINUS_OBSERVED_DIAGNOSTIC,START_TIMESTAMP_FOR_INTERVAL,SAFE_AFTER_TIMESTAMP,tmp\mosaic-25.2\logs\log-20260603-174645-MaGaIntegratedStudy\bandwidthMeasurements\ALL#ALL#ALL#Dn.csv
46,47,46,47,globalNetwork,UPLINK,0,28000000,28000000,NOMINAL_MINUS_OBSERVED_DIAGNOSTIC,START_TIMESTAMP_FOR_INTERVAL,SAFE_AFTER_TIMESTAMP,tmp\mosaic-25.2\logs\log-20260603-174645-MaGaIntegratedStudy\bandwidthMeasurements\ALL#ALL#ALL#Up.csv
46,47,46,47,region_central_degraded,DOWNLINK,0,12000000,12000000,NOMINAL_MINUS_OBSERVED_DIAGNOSTIC,START_TIMESTAMP_FOR_INTERVAL,SAFE_AFTER_TIMESTAMP,tmp\mosaic-25.2\logs\log-20260603-174645-MaGaIntegratedStudy\bandwidthMeasurements\ALL#ALL#ALL#Dn.csv
46,47,46,47,region_central_degraded,UPLINK,0,8000000,8000000,NOMINAL_MINUS_OBSERVED_DIAGNOSTIC,START_TIMESTAMP_FOR_INTERVAL,SAFE_AFTER_TIMESTAMP,tmp\mosaic-25.2\logs\log-20260603-174645-MaGaIntegratedStudy\bandwidthMeasurements\ALL#ALL#ALL#Up.csv
46,47,46,47,region_north_normal,DOWNLINK,558000,60000000,59442000,NOMINAL_MINUS_OBSERVED_DIAGNOSTIC,START_TIMESTAMP_FOR_INTERVAL,SAFE_AFTER_TIMESTAMP,tmp\mosaic-25.2\logs\log-20260603-174645-MaGaIntegratedStudy\bandwidthMeasurements\ALL#ALL#ALL#Dn.csv
46,47,46,47,region_north_normal,UPLINK,423200,40000000,39576800,NOMINAL_MINUS_OBSERVED_DIAGNOSTIC,START_TIMESTAMP_FOR_INTERVAL,SAFE_AFTER_TIMESTAMP,tmp\mosaic-25.2\logs\log-20260603-174645-MaGaIntegratedStudy\bandwidthMeasurements\ALL#ALL#ALL#Up.csv
47,48,47,48,globalNetwork,DOWNLINK,0,42200000,42200000,NOMINAL_MINUS_OBSERVED_DIAGNOSTIC,START_TIMESTAMP_FOR_INTERVAL,SAFE_AFTER_TIMESTAMP,tmp\mosaic-25.2\logs\log-20260603-174645-MaGaIntegratedStudy\bandwidthMeasurements\ALL#ALL#ALL#Dn.csv
47,48,47,48,globalNetwork,UPLINK,0,28000000,28000000,NOMINAL_MINUS_OBSERVED_DIAGNOSTIC,START_TIMESTAMP_FOR_INTERVAL,SAFE_AFTER_TIMESTAMP,tmp\mosaic-25.2\logs\log-20260603-174645-MaGaIntegratedStudy\bandwidthMeasurements\ALL#ALL#ALL#Up.csv
47,48,47,48,region_central_degraded,DOWNLINK,0,12000000,12000000,NOMINAL_MINUS_OBSERVED_DIAGNOSTIC,START_TIMESTAMP_FOR_INTERVAL,SAFE_AFTER_TIMESTAMP,tmp\mosaic-25.2\logs\log-20260603-174645-MaGaIntegratedStudy\bandwidthMeasurements\ALL#ALL#ALL#Dn.csv
47,48,47,48,region_central_degraded,UPLINK,0,8000000,8000000,NOMINAL_MINUS_OBSERVED_DIAGNOSTIC,START_TIMESTAMP_FOR_INTERVAL,SAFE_AFTER_TIMESTAMP,tmp\mosaic-25.2\logs\log-20260603-174645-MaGaIntegratedStudy\bandwidthMeasurements\ALL#ALL#ALL#Up.csv
47,48,47,48,region_north_normal,DOWNLINK,613800,60000000,59386200,NOMINAL_MINUS_OBSERVED_DIAGNOSTIC,START_TIMESTAMP_FOR_INTERVAL,SAFE_AFTER_TIMESTAMP,tmp\mosaic-25.2\logs\log-20260603-174645-MaGaIntegratedStudy\bandwidthMeasurements\ALL#ALL#ALL#Dn.csv
47,48,47,48,region_north_normal,UPLINK,465520,40000000,39534480,NOMINAL_MINUS_OBSERVED_DIAGNOSTIC,START_TIMESTAMP_FOR_INTERVAL,SAFE_AFTER_TIMESTAMP,tmp\mosaic-25.2\logs\log-20260603-174645-MaGaIntegratedStudy\bandwidthMeasurements\ALL#ALL#ALL#Up.csv
48,49,48,49,globalNetwork,DOWNLINK,0,42200000,42200000,NOMINAL_MINUS_OBSERVED_DIAGNOSTIC,START_TIMESTAMP_FOR_INTERVAL,SAFE_AFTER_TIMESTAMP,tmp\mosaic-25.2\logs\log-20260603-174645-MaGaIntegratedStudy\bandwidthMeasurements\ALL#ALL#ALL#Dn.csv
48,49,48,49,globalNetwork,UPLINK,0,28000000,28000000,NOMINAL_MINUS_OBSERVED_DIAGNOSTIC,START_TIMESTAMP_FOR_INTERVAL,SAFE_AFTER_TIMESTAMP,tmp\mosaic-25.2\logs\log-20260603-174645-MaGaIntegratedStudy\bandwidthMeasurements\ALL#ALL#ALL#Up.csv
48,49,48,49,region_central_degraded,DOWNLINK,0,12000000,12000000,NOMINAL_MINUS_OBSERVED_DIAGNOSTIC,START_TIMESTAMP_FOR_INTERVAL,SAFE_AFTER_TIMESTAMP,tmp\mosaic-25.2\logs\log-20260603-174645-MaGaIntegratedStudy\bandwidthMeasurements\ALL#ALL#ALL#Dn.csv
48,49,48,49,region_central_degraded,UPLINK,0,8000000,8000000,NOMINAL_MINUS_OBSERVED_DIAGNOSTIC,START_TIMESTAMP_FOR_INTERVAL,SAFE_AFTER_TIMESTAMP,tmp\mosaic-25.2\logs\log-20260603-174645-MaGaIntegratedStudy\bandwidthMeasurements\ALL#ALL#ALL#Up.csv
48,49,48,49,region_north_normal,DOWNLINK,613800,60000000,59386200,NOMINAL_MINUS_OBSERVED_DIAGNOSTIC,START_TIMESTAMP_FOR_INTERVAL,SAFE_AFTER_TIMESTAMP,tmp\mosaic-25.2\logs\log-20260603-174645-MaGaIntegratedStudy\bandwidthMeasurements\ALL#ALL#ALL#Dn.csv
48,49,48,49,region_north_normal,UPLINK,465520,40000000,39534480,NOMINAL_MINUS_OBSERVED_DIAGNOSTIC,START_TIMESTAMP_FOR_INTERVAL,SAFE_AFTER_TIMESTAMP,tmp\mosaic-25.2\logs\log-20260603-174645-MaGaIntegratedStudy\bandwidthMeasurements\ALL#ALL#ALL#Up.csv
49,50,49,50,globalNetwork,DOWNLINK,0,42200000,42200000,NOMINAL_MINUS_OBSERVED_DIAGNOSTIC,START_TIMESTAMP_FOR_INTERVAL,SAFE_AFTER_TIMESTAMP,tmp\mosaic-25.2\logs\log-20260603-174645-MaGaIntegratedStudy\bandwidthMeasurements\ALL#ALL#ALL#Dn.csv
49,50,49,50,globalNetwork,UPLINK,0,28000000,28000000,NOMINAL_MINUS_OBSERVED_DIAGNOSTIC,START_TIMESTAMP_FOR_INTERVAL,SAFE_AFTER_TIMESTAMP,tmp\mosaic-25.2\logs\log-20260603-174645-MaGaIntegratedStudy\bandwidthMeasurements\ALL#ALL#ALL#Up.csv
49,50,49,50,region_central_degraded,DOWNLINK,0,12000000,12000000,NOMINAL_MINUS_OBSERVED_DIAGNOSTIC,START_TIMESTAMP_FOR_INTERVAL,SAFE_AFTER_TIMESTAMP,tmp\mosaic-25.2\logs\log-20260603-174645-MaGaIntegratedStudy\bandwidthMeasurements\ALL#ALL#ALL#Dn.csv
49,50,49,50,region_central_degraded,UPLINK,0,8000000,8000000,NOMINAL_MINUS_OBSERVED_DIAGNOSTIC,START_TIMESTAMP_FOR_INTERVAL,SAFE_AFTER_TIMESTAMP,tmp\mosaic-25.2\logs\log-20260603-174645-MaGaIntegratedStudy\bandwidthMeasurements\ALL#ALL#ALL#Up.csv
49,50,49,50,region_north_normal,DOWNLINK,613800,60000000,59386200,NOMINAL_MINUS_OBSERVED_DIAGNOSTIC,START_TIMESTAMP_FOR_INTERVAL,SAFE_AFTER_TIMESTAMP,tmp\mosaic-25.2\logs\log-20260603-174645-MaGaIntegratedStudy\bandwidthMeasurements\ALL#ALL#ALL#Dn.csv
49,50,49,50,region_north_normal,UPLINK,465520,40000000,39534480,NOMINAL_MINUS_OBSERVED_DIAGNOSTIC,START_TIMESTAMP_FOR_INTERVAL,SAFE_AFTER_TIMESTAMP,tmp\mosaic-25.2\logs\log-20260603-174645-MaGaIntegratedStudy\bandwidthMeasurements\ALL#ALL#ALL#Up.csv
50,51,50,51,globalNetwork,DOWNLINK,0,42200000,42200000,NOMINAL_MINUS_OBSERVED_DIAGNOSTIC,START_TIMESTAMP_FOR_INTERVAL,SAFE_AFTER_TIMESTAMP,tmp\mosaic-25.2\logs\log-20260603-174645-MaGaIntegratedStudy\bandwidthMeasurements\ALL#ALL#ALL#Dn.csv
50,51,50,51,globalNetwork,UPLINK,0,28000000,28000000,NOMINAL_MINUS_OBSERVED_DIAGNOSTIC,START_TIMESTAMP_FOR_INTERVAL,SAFE_AFTER_TIMESTAMP,tmp\mosaic-25.2\logs\log-20260603-174645-MaGaIntegratedStudy\bandwidthMeasurements\ALL#ALL#ALL#Up.csv
50,51,50,51,region_central_degraded,DOWNLINK,0,12000000,12000000,NOMINAL_MINUS_OBSERVED_DIAGNOSTIC,START_TIMESTAMP_FOR_INTERVAL,SAFE_AFTER_TIMESTAMP,tmp\mosaic-25.2\logs\log-20260603-174645-MaGaIntegratedStudy\bandwidthMeasurements\ALL#ALL#ALL#Dn.csv
50,51,50,51,region_central_degraded,UPLINK,0,8000000,8000000,NOMINAL_MINUS_OBSERVED_DIAGNOSTIC,START_TIMESTAMP_FOR_INTERVAL,SAFE_AFTER_TIMESTAMP,tmp\mosaic-25.2\logs\log-20260603-174645-MaGaIntegratedStudy\bandwidthMeasurements\ALL#ALL#ALL#Up.csv
50,51,50,51,region_north_normal,DOWNLINK,613800,60000000,59386200,NOMINAL_MINUS_OBSERVED_DIAGNOSTIC,START_TIMESTAMP_FOR_INTERVAL,SAFE_AFTER_TIMESTAMP,tmp\mosaic-25.2\logs\log-20260603-174645-MaGaIntegratedStudy\bandwidthMeasurements\ALL#ALL#ALL#Dn.csv
50,51,50,51,region_north_normal,UPLINK,465520,40000000,39534480,NOMINAL_MINUS_OBSERVED_DIAGNOSTIC,START_TIMESTAMP_FOR_INTERVAL,SAFE_AFTER_TIMESTAMP,tmp\mosaic-25.2\logs\log-20260603-174645-MaGaIntegratedStudy\bandwidthMeasurements\ALL#ALL#ALL#Up.csv
51,52,51,52,globalNetwork,DOWNLINK,0,42200000,42200000,NOMINAL_MINUS_OBSERVED_DIAGNOSTIC,START_TIMESTAMP_FOR_INTERVAL,SAFE_AFTER_TIMESTAMP,tmp\mosaic-25.2\logs\log-20260603-174645-MaGaIntegratedStudy\bandwidthMeasurements\ALL#ALL#ALL#Dn.csv
51,52,51,52,globalNetwork,UPLINK,0,28000000,28000000,NOMINAL_MINUS_OBSERVED_DIAGNOSTIC,START_TIMESTAMP_FOR_INTERVAL,SAFE_AFTER_TIMESTAMP,tmp\mosaic-25.2\logs\log-20260603-174645-MaGaIntegratedStudy\bandwidthMeasurements\ALL#ALL#ALL#Up.csv
51,52,51,52,region_central_degraded,DOWNLINK,0,12000000,12000000,NOMINAL_MINUS_OBSERVED_DIAGNOSTIC,START_TIMESTAMP_FOR_INTERVAL,SAFE_AFTER_TIMESTAMP,tmp\mosaic-25.2\logs\log-20260603-174645-MaGaIntegratedStudy\bandwidthMeasurements\ALL#ALL#ALL#Dn.csv
51,52,51,52,region_central_degraded,UPLINK,0,8000000,8000000,NOMINAL_MINUS_OBSERVED_DIAGNOSTIC,START_TIMESTAMP_FOR_INTERVAL,SAFE_AFTER_TIMESTAMP,tmp\mosaic-25.2\logs\log-20260603-174645-MaGaIntegratedStudy\bandwidthMeasurements\ALL#ALL#ALL#Up.csv
51,52,51,52,region_north_normal,DOWNLINK,669600,60000000,59330400,NOMINAL_MINUS_OBSERVED_DIAGNOSTIC,START_TIMESTAMP_FOR_INTERVAL,SAFE_AFTER_TIMESTAMP,tmp\mosaic-25.2\logs\log-20260603-174645-MaGaIntegratedStudy\bandwidthMeasurements\ALL#ALL#ALL#Dn.csv
51,52,51,52,region_north_normal,UPLINK,507840,40000000,39492160,NOMINAL_MINUS_OBSERVED_DIAGNOSTIC,START_TIMESTAMP_FOR_INTERVAL,SAFE_AFTER_TIMESTAMP,tmp\mosaic-25.2\logs\log-20260603-174645-MaGaIntegratedStudy\bandwidthMeasurements\ALL#ALL#ALL#Up.csv
52,53,52,53,globalNetwork,DOWNLINK,0,42200000,42200000,NOMINAL_MINUS_OBSERVED_DIAGNOSTIC,START_TIMESTAMP_FOR_INTERVAL,SAFE_AFTER_TIMESTAMP,tmp\mosaic-25.2\logs\log-20260603-174645-MaGaIntegratedStudy\bandwidthMeasurements\ALL#ALL#ALL#Dn.csv
52,53,52,53,globalNetwork,UPLINK,0,28000000,28000000,NOMINAL_MINUS_OBSERVED_DIAGNOSTIC,START_TIMESTAMP_FOR_INTERVAL,SAFE_AFTER_TIMESTAMP,tmp\mosaic-25.2\logs\log-20260603-174645-MaGaIntegratedStudy\bandwidthMeasurements\ALL#ALL#ALL#Up.csv
52,53,52,53,region_central_degraded,DOWNLINK,0,12000000,12000000,NOMINAL_MINUS_OBSERVED_DIAGNOSTIC,START_TIMESTAMP_FOR_INTERVAL,SAFE_AFTER_TIMESTAMP,tmp\mosaic-25.2\logs\log-20260603-174645-MaGaIntegratedStudy\bandwidthMeasurements\ALL#ALL#ALL#Dn.csv
52,53,52,53,region_central_degraded,UPLINK,0,8000000,8000000,NOMINAL_MINUS_OBSERVED_DIAGNOSTIC,START_TIMESTAMP_FOR_INTERVAL,SAFE_AFTER_TIMESTAMP,tmp\mosaic-25.2\logs\log-20260603-174645-MaGaIntegratedStudy\bandwidthMeasurements\ALL#ALL#ALL#Up.csv
52,53,52,53,region_north_normal,DOWNLINK,669600,60000000,59330400,NOMINAL_MINUS_OBSERVED_DIAGNOSTIC,START_TIMESTAMP_FOR_INTERVAL,SAFE_AFTER_TIMESTAMP,tmp\mosaic-25.2\logs\log-20260603-174645-MaGaIntegratedStudy\bandwidthMeasurements\ALL#ALL#ALL#Dn.csv
52,53,52,53,region_north_normal,UPLINK,507840,40000000,39492160,NOMINAL_MINUS_OBSERVED_DIAGNOSTIC,START_TIMESTAMP_FOR_INTERVAL,SAFE_AFTER_TIMESTAMP,tmp\mosaic-25.2\logs\log-20260603-174645-MaGaIntegratedStudy\bandwidthMeasurements\ALL#ALL#ALL#Up.csv
53,54,53,54,globalNetwork,DOWNLINK,0,42200000,42200000,NOMINAL_MINUS_OBSERVED_DIAGNOSTIC,START_TIMESTAMP_FOR_INTERVAL,SAFE_AFTER_TIMESTAMP,tmp\mosaic-25.2\logs\log-20260603-174645-MaGaIntegratedStudy\bandwidthMeasurements\ALL#ALL#ALL#Dn.csv
53,54,53,54,globalNetwork,UPLINK,0,28000000,28000000,NOMINAL_MINUS_OBSERVED_DIAGNOSTIC,START_TIMESTAMP_FOR_INTERVAL,SAFE_AFTER_TIMESTAMP,tmp\mosaic-25.2\logs\log-20260603-174645-MaGaIntegratedStudy\bandwidthMeasurements\ALL#ALL#ALL#Up.csv
53,54,53,54,region_central_degraded,DOWNLINK,0,12000000,12000000,NOMINAL_MINUS_OBSERVED_DIAGNOSTIC,START_TIMESTAMP_FOR_INTERVAL,SAFE_AFTER_TIMESTAMP,tmp\mosaic-25.2\logs\log-20260603-174645-MaGaIntegratedStudy\bandwidthMeasurements\ALL#ALL#ALL#Dn.csv
53,54,53,54,region_central_degraded,UPLINK,0,8000000,8000000,NOMINAL_MINUS_OBSERVED_DIAGNOSTIC,START_TIMESTAMP_FOR_INTERVAL,SAFE_AFTER_TIMESTAMP,tmp\mosaic-25.2\logs\log-20260603-174645-MaGaIntegratedStudy\bandwidthMeasurements\ALL#ALL#ALL#Up.csv
53,54,53,54,region_north_normal,DOWNLINK,669600,60000000,59330400,NOMINAL_MINUS_OBSERVED_DIAGNOSTIC,START_TIMESTAMP_FOR_INTERVAL,SAFE_AFTER_TIMESTAMP,tmp\mosaic-25.2\logs\log-20260603-174645-MaGaIntegratedStudy\bandwidthMeasurements\ALL#ALL#ALL#Dn.csv
53,54,53,54,region_north_normal,UPLINK,507840,40000000,39492160,NOMINAL_MINUS_OBSERVED_DIAGNOSTIC,START_TIMESTAMP_FOR_INTERVAL,SAFE_AFTER_TIMESTAMP,tmp\mosaic-25.2\logs\log-20260603-174645-MaGaIntegratedStudy\bandwidthMeasurements\ALL#ALL#ALL#Up.csv
54,55,54,55,globalNetwork,DOWNLINK,0,42200000,42200000,NOMINAL_MINUS_OBSERVED_DIAGNOSTIC,START_TIMESTAMP_FOR_INTERVAL,SAFE_AFTER_TIMESTAMP,tmp\mosaic-25.2\logs\log-20260603-174645-MaGaIntegratedStudy\bandwidthMeasurements\ALL#ALL#ALL#Dn.csv
54,55,54,55,globalNetwork,UPLINK,0,28000000,28000000,NOMINAL_MINUS_OBSERVED_DIAGNOSTIC,START_TIMESTAMP_FOR_INTERVAL,SAFE_AFTER_TIMESTAMP,tmp\mosaic-25.2\logs\log-20260603-174645-MaGaIntegratedStudy\bandwidthMeasurements\ALL#ALL#ALL#Up.csv
54,55,54,55,region_central_degraded,DOWNLINK,0,12000000,12000000,NOMINAL_MINUS_OBSERVED_DIAGNOSTIC,START_TIMESTAMP_FOR_INTERVAL,SAFE_AFTER_TIMESTAMP,tmp\mosaic-25.2\logs\log-20260603-174645-MaGaIntegratedStudy\bandwidthMeasurements\ALL#ALL#ALL#Dn.csv
54,55,54,55,region_central_degraded,UPLINK,0,8000000,8000000,NOMINAL_MINUS_OBSERVED_DIAGNOSTIC,START_TIMESTAMP_FOR_INTERVAL,SAFE_AFTER_TIMESTAMP,tmp\mosaic-25.2\logs\log-20260603-174645-MaGaIntegratedStudy\bandwidthMeasurements\ALL#ALL#ALL#Up.csv
54,55,54,55,region_north_normal,DOWNLINK,669600,60000000,59330400,NOMINAL_MINUS_OBSERVED_DIAGNOSTIC,START_TIMESTAMP_FOR_INTERVAL,SAFE_AFTER_TIMESTAMP,tmp\mosaic-25.2\logs\log-20260603-174645-MaGaIntegratedStudy\bandwidthMeasurements\ALL#ALL#ALL#Dn.csv
54,55,54,55,region_north_normal,UPLINK,507840,40000000,39492160,NOMINAL_MINUS_OBSERVED_DIAGNOSTIC,START_TIMESTAMP_FOR_INTERVAL,SAFE_AFTER_TIMESTAMP,tmp\mosaic-25.2\logs\log-20260603-174645-MaGaIntegratedStudy\bandwidthMeasurements\ALL#ALL#ALL#Up.csv
55,56,55,56,globalNetwork,DOWNLINK,0,42200000,42200000,NOMINAL_MINUS_OBSERVED_DIAGNOSTIC,START_TIMESTAMP_FOR_INTERVAL,SAFE_AFTER_TIMESTAMP,tmp\mosaic-25.2\logs\log-20260603-174645-MaGaIntegratedStudy\bandwidthMeasurements\ALL#ALL#ALL#Dn.csv
55,56,55,56,globalNetwork,UPLINK,0,28000000,28000000,NOMINAL_MINUS_OBSERVED_DIAGNOSTIC,START_TIMESTAMP_FOR_INTERVAL,SAFE_AFTER_TIMESTAMP,tmp\mosaic-25.2\logs\log-20260603-174645-MaGaIntegratedStudy\bandwidthMeasurements\ALL#ALL#ALL#Up.csv
55,56,55,56,region_central_degraded,DOWNLINK,0,12000000,12000000,NOMINAL_MINUS_OBSERVED_DIAGNOSTIC,START_TIMESTAMP_FOR_INTERVAL,SAFE_AFTER_TIMESTAMP,tmp\mosaic-25.2\logs\log-20260603-174645-MaGaIntegratedStudy\bandwidthMeasurements\ALL#ALL#ALL#Dn.csv
55,56,55,56,region_central_degraded,UPLINK,0,8000000,8000000,NOMINAL_MINUS_OBSERVED_DIAGNOSTIC,START_TIMESTAMP_FOR_INTERVAL,SAFE_AFTER_TIMESTAMP,tmp\mosaic-25.2\logs\log-20260603-174645-MaGaIntegratedStudy\bandwidthMeasurements\ALL#ALL#ALL#Up.csv
55,56,55,56,region_north_normal,DOWNLINK,669600,60000000,59330400,NOMINAL_MINUS_OBSERVED_DIAGNOSTIC,START_TIMESTAMP_FOR_INTERVAL,SAFE_AFTER_TIMESTAMP,tmp\mosaic-25.2\logs\log-20260603-174645-MaGaIntegratedStudy\bandwidthMeasurements\ALL#ALL#ALL#Dn.csv
55,56,55,56,region_north_normal,UPLINK,507840,40000000,39492160,NOMINAL_MINUS_OBSERVED_DIAGNOSTIC,START_TIMESTAMP_FOR_INTERVAL,SAFE_AFTER_TIMESTAMP,tmp\mosaic-25.2\logs\log-20260603-174645-MaGaIntegratedStudy\bandwidthMeasurements\ALL#ALL#ALL#Up.csv
56,57,56,57,globalNetwork,DOWNLINK,0,42200000,42200000,NOMINAL_MINUS_OBSERVED_DIAGNOSTIC,START_TIMESTAMP_FOR_INTERVAL,SAFE_AFTER_TIMESTAMP,tmp\mosaic-25.2\logs\log-20260603-174645-MaGaIntegratedStudy\bandwidthMeasurements\ALL#ALL#ALL#Dn.csv
56,57,56,57,globalNetwork,UPLINK,0,28000000,28000000,NOMINAL_MINUS_OBSERVED_DIAGNOSTIC,START_TIMESTAMP_FOR_INTERVAL,SAFE_AFTER_TIMESTAMP,tmp\mosaic-25.2\logs\log-20260603-174645-MaGaIntegratedStudy\bandwidthMeasurements\ALL#ALL#ALL#Up.csv
56,57,56,57,region_central_degraded,DOWNLINK,0,12000000,12000000,NOMINAL_MINUS_OBSERVED_DIAGNOSTIC,START_TIMESTAMP_FOR_INTERVAL,SAFE_AFTER_TIMESTAMP,tmp\mosaic-25.2\logs\log-20260603-174645-MaGaIntegratedStudy\bandwidthMeasurements\ALL#ALL#ALL#Dn.csv
56,57,56,57,region_central_degraded,UPLINK,0,8000000,8000000,NOMINAL_MINUS_OBSERVED_DIAGNOSTIC,START_TIMESTAMP_FOR_INTERVAL,SAFE_AFTER_TIMESTAMP,tmp\mosaic-25.2\logs\log-20260603-174645-MaGaIntegratedStudy\bandwidthMeasurements\ALL#ALL#ALL#Up.csv
56,57,56,57,region_north_normal,DOWNLINK,669600,60000000,59330400,NOMINAL_MINUS_OBSERVED_DIAGNOSTIC,START_TIMESTAMP_FOR_INTERVAL,SAFE_AFTER_TIMESTAMP,tmp\mosaic-25.2\logs\log-20260603-174645-MaGaIntegratedStudy\bandwidthMeasurements\ALL#ALL#ALL#Dn.csv
56,57,56,57,region_north_normal,UPLINK,507840,40000000,39492160,NOMINAL_MINUS_OBSERVED_DIAGNOSTIC,START_TIMESTAMP_FOR_INTERVAL,SAFE_AFTER_TIMESTAMP,tmp\mosaic-25.2\logs\log-20260603-174645-MaGaIntegratedStudy\bandwidthMeasurements\ALL#ALL#ALL#Up.csv
57,58,57,58,globalNetwork,DOWNLINK,0,42200000,42200000,NOMINAL_MINUS_OBSERVED_DIAGNOSTIC,START_TIMESTAMP_FOR_INTERVAL,SAFE_AFTER_TIMESTAMP,tmp\mosaic-25.2\logs\log-20260603-174645-MaGaIntegratedStudy\bandwidthMeasurements\ALL#ALL#ALL#Dn.csv
57,58,57,58,globalNetwork,UPLINK,0,28000000,28000000,NOMINAL_MINUS_OBSERVED_DIAGNOSTIC,START_TIMESTAMP_FOR_INTERVAL,SAFE_AFTER_TIMESTAMP,tmp\mosaic-25.2\logs\log-20260603-174645-MaGaIntegratedStudy\bandwidthMeasurements\ALL#ALL#ALL#Up.csv
57,58,57,58,region_central_degraded,DOWNLINK,0,12000000,12000000,NOMINAL_MINUS_OBSERVED_DIAGNOSTIC,START_TIMESTAMP_FOR_INTERVAL,SAFE_AFTER_TIMESTAMP,tmp\mosaic-25.2\logs\log-20260603-174645-MaGaIntegratedStudy\bandwidthMeasurements\ALL#ALL#ALL#Dn.csv
57,58,57,58,region_central_degraded,UPLINK,0,8000000,8000000,NOMINAL_MINUS_OBSERVED_DIAGNOSTIC,START_TIMESTAMP_FOR_INTERVAL,SAFE_AFTER_TIMESTAMP,tmp\mosaic-25.2\logs\log-20260603-174645-MaGaIntegratedStudy\bandwidthMeasurements\ALL#ALL#ALL#Up.csv
57,58,57,58,region_north_normal,DOWNLINK,669600,60000000,59330400,NOMINAL_MINUS_OBSERVED_DIAGNOSTIC,START_TIMESTAMP_FOR_INTERVAL,SAFE_AFTER_TIMESTAMP,tmp\mosaic-25.2\logs\log-20260603-174645-MaGaIntegratedStudy\bandwidthMeasurements\ALL#ALL#ALL#Dn.csv
57,58,57,58,region_north_normal,UPLINK,507840,40000000,39492160,NOMINAL_MINUS_OBSERVED_DIAGNOSTIC,START_TIMESTAMP_FOR_INTERVAL,SAFE_AFTER_TIMESTAMP,tmp\mosaic-25.2\logs\log-20260603-174645-MaGaIntegratedStudy\bandwidthMeasurements\ALL#ALL#ALL#Up.csv
58,59,58,59,globalNetwork,DOWNLINK,0,42200000,42200000,NOMINAL_MINUS_OBSERVED_DIAGNOSTIC,START_TIMESTAMP_FOR_INTERVAL,SAFE_AFTER_TIMESTAMP,tmp\mosaic-25.2\logs\log-20260603-174645-MaGaIntegratedStudy\bandwidthMeasurements\ALL#ALL#ALL#Dn.csv
58,59,58,59,globalNetwork,UPLINK,0,28000000,28000000,NOMINAL_MINUS_OBSERVED_DIAGNOSTIC,START_TIMESTAMP_FOR_INTERVAL,SAFE_AFTER_TIMESTAMP,tmp\mosaic-25.2\logs\log-20260603-174645-MaGaIntegratedStudy\bandwidthMeasurements\ALL#ALL#ALL#Up.csv
58,59,58,59,region_central_degraded,DOWNLINK,0,12000000,12000000,NOMINAL_MINUS_OBSERVED_DIAGNOSTIC,START_TIMESTAMP_FOR_INTERVAL,SAFE_AFTER_TIMESTAMP,tmp\mosaic-25.2\logs\log-20260603-174645-MaGaIntegratedStudy\bandwidthMeasurements\ALL#ALL#ALL#Dn.csv
58,59,58,59,region_central_degraded,UPLINK,0,8000000,8000000,NOMINAL_MINUS_OBSERVED_DIAGNOSTIC,START_TIMESTAMP_FOR_INTERVAL,SAFE_AFTER_TIMESTAMP,tmp\mosaic-25.2\logs\log-20260603-174645-MaGaIntegratedStudy\bandwidthMeasurements\ALL#ALL#ALL#Up.csv
58,59,58,59,region_north_normal,DOWNLINK,669600,60000000,59330400,NOMINAL_MINUS_OBSERVED_DIAGNOSTIC,START_TIMESTAMP_FOR_INTERVAL,SAFE_AFTER_TIMESTAMP,tmp\mosaic-25.2\logs\log-20260603-174645-MaGaIntegratedStudy\bandwidthMeasurements\ALL#ALL#ALL#Dn.csv
58,59,58,59,region_north_normal,UPLINK,507840,40000000,39492160,NOMINAL_MINUS_OBSERVED_DIAGNOSTIC,START_TIMESTAMP_FOR_INTERVAL,SAFE_AFTER_TIMESTAMP,tmp\mosaic-25.2\logs\log-20260603-174645-MaGaIntegratedStudy\bandwidthMeasurements\ALL#ALL#ALL#Up.csv
59,60,59,60,globalNetwork,DOWNLINK,0,42200000,42200000,NOMINAL_MINUS_OBSERVED_DIAGNOSTIC,START_TIMESTAMP_FOR_INTERVAL,SAFE_AFTER_TIMESTAMP,tmp\mosaic-25.2\logs\log-20260603-174645-MaGaIntegratedStudy\bandwidthMeasurements\ALL#ALL#ALL#Dn.csv
59,60,59,60,globalNetwork,UPLINK,0,28000000,28000000,NOMINAL_MINUS_OBSERVED_DIAGNOSTIC,START_TIMESTAMP_FOR_INTERVAL,SAFE_AFTER_TIMESTAMP,tmp\mosaic-25.2\logs\log-20260603-174645-MaGaIntegratedStudy\bandwidthMeasurements\ALL#ALL#ALL#Up.csv
59,60,59,60,region_central_degraded,DOWNLINK,0,12000000,12000000,NOMINAL_MINUS_OBSERVED_DIAGNOSTIC,START_TIMESTAMP_FOR_INTERVAL,SAFE_AFTER_TIMESTAMP,tmp\mosaic-25.2\logs\log-20260603-174645-MaGaIntegratedStudy\bandwidthMeasurements\ALL#ALL#ALL#Dn.csv
59,60,59,60,region_central_degraded,UPLINK,0,8000000,8000000,NOMINAL_MINUS_OBSERVED_DIAGNOSTIC,START_TIMESTAMP_FOR_INTERVAL,SAFE_AFTER_TIMESTAMP,tmp\mosaic-25.2\logs\log-20260603-174645-MaGaIntegratedStudy\bandwidthMeasurements\ALL#ALL#ALL#Up.csv
59,60,59,60,region_north_normal,DOWNLINK,669600,60000000,59330400,NOMINAL_MINUS_OBSERVED_DIAGNOSTIC,START_TIMESTAMP_FOR_INTERVAL,SAFE_AFTER_TIMESTAMP,tmp\mosaic-25.2\logs\log-20260603-174645-MaGaIntegratedStudy\bandwidthMeasurements\ALL#ALL#ALL#Dn.csv
59,60,59,60,region_north_normal,UPLINK,507840,40000000,39492160,NOMINAL_MINUS_OBSERVED_DIAGNOSTIC,START_TIMESTAMP_FOR_INTERVAL,SAFE_AFTER_TIMESTAMP,tmp\mosaic-25.2\logs\log-20260603-174645-MaGaIntegratedStudy\bandwidthMeasurements\ALL#ALL#ALL#Up.csv
60,61,60,61,globalNetwork,DOWNLINK,0,42200000,42200000,NOMINAL_MINUS_OBSERVED_DIAGNOSTIC,START_TIMESTAMP_FOR_INTERVAL,SAFE_AFTER_TIMESTAMP,tmp\mosaic-25.2\logs\log-20260603-174645-MaGaIntegratedStudy\bandwidthMeasurements\ALL#ALL#ALL#Dn.csv
60,61,60,61,globalNetwork,UPLINK,0,28000000,28000000,NOMINAL_MINUS_OBSERVED_DIAGNOSTIC,START_TIMESTAMP_FOR_INTERVAL,SAFE_AFTER_TIMESTAMP,tmp\mosaic-25.2\logs\log-20260603-174645-MaGaIntegratedStudy\bandwidthMeasurements\ALL#ALL#ALL#Up.csv
60,61,60,61,region_central_degraded,DOWNLINK,0,12000000,12000000,NOMINAL_MINUS_OBSERVED_DIAGNOSTIC,START_TIMESTAMP_FOR_INTERVAL,SAFE_AFTER_TIMESTAMP,tmp\mosaic-25.2\logs\log-20260603-174645-MaGaIntegratedStudy\bandwidthMeasurements\ALL#ALL#ALL#Dn.csv
60,61,60,61,region_central_degraded,UPLINK,0,8000000,8000000,NOMINAL_MINUS_OBSERVED_DIAGNOSTIC,START_TIMESTAMP_FOR_INTERVAL,SAFE_AFTER_TIMESTAMP,tmp\mosaic-25.2\logs\log-20260603-174645-MaGaIntegratedStudy\bandwidthMeasurements\ALL#ALL#ALL#Up.csv
60,61,60,61,region_north_normal,DOWNLINK,669600,60000000,59330400,NOMINAL_MINUS_OBSERVED_DIAGNOSTIC,START_TIMESTAMP_FOR_INTERVAL,SAFE_AFTER_TIMESTAMP,tmp\mosaic-25.2\logs\log-20260603-174645-MaGaIntegratedStudy\bandwidthMeasurements\ALL#ALL#ALL#Dn.csv
60,61,60,61,region_north_normal,UPLINK,507840,40000000,39492160,NOMINAL_MINUS_OBSERVED_DIAGNOSTIC,START_TIMESTAMP_FOR_INTERVAL,SAFE_AFTER_TIMESTAMP,tmp\mosaic-25.2\logs\log-20260603-174645-MaGaIntegratedStudy\bandwidthMeasurements\ALL#ALL#ALL#Up.csv
61,62,61,62,globalNetwork,DOWNLINK,0,42200000,42200000,NOMINAL_MINUS_OBSERVED_DIAGNOSTIC,START_TIMESTAMP_FOR_INTERVAL,SAFE_AFTER_TIMESTAMP,tmp\mosaic-25.2\logs\log-20260603-174645-MaGaIntegratedStudy\bandwidthMeasurements\ALL#ALL#ALL#Dn.csv
61,62,61,62,globalNetwork,UPLINK,0,28000000,28000000,NOMINAL_MINUS_OBSERVED_DIAGNOSTIC,START_TIMESTAMP_FOR_INTERVAL,SAFE_AFTER_TIMESTAMP,tmp\mosaic-25.2\logs\log-20260603-174645-MaGaIntegratedStudy\bandwidthMeasurements\ALL#ALL#ALL#Up.csv
61,62,61,62,region_central_degraded,DOWNLINK,0,12000000,12000000,NOMINAL_MINUS_OBSERVED_DIAGNOSTIC,START_TIMESTAMP_FOR_INTERVAL,SAFE_AFTER_TIMESTAMP,tmp\mosaic-25.2\logs\log-20260603-174645-MaGaIntegratedStudy\bandwidthMeasurements\ALL#ALL#ALL#Dn.csv
61,62,61,62,region_central_degraded,UPLINK,0,8000000,8000000,NOMINAL_MINUS_OBSERVED_DIAGNOSTIC,START_TIMESTAMP_FOR_INTERVAL,SAFE_AFTER_TIMESTAMP,tmp\mosaic-25.2\logs\log-20260603-174645-MaGaIntegratedStudy\bandwidthMeasurements\ALL#ALL#ALL#Up.csv
61,62,61,62,region_north_normal,DOWNLINK,669600,60000000,59330400,NOMINAL_MINUS_OBSERVED_DIAGNOSTIC,START_TIMESTAMP_FOR_INTERVAL,SAFE_AFTER_TIMESTAMP,tmp\mosaic-25.2\logs\log-20260603-174645-MaGaIntegratedStudy\bandwidthMeasurements\ALL#ALL#ALL#Dn.csv
61,62,61,62,region_north_normal,UPLINK,507840,40000000,39492160,NOMINAL_MINUS_OBSERVED_DIAGNOSTIC,START_TIMESTAMP_FOR_INTERVAL,SAFE_AFTER_TIMESTAMP,tmp\mosaic-25.2\logs\log-20260603-174645-MaGaIntegratedStudy\bandwidthMeasurements\ALL#ALL#ALL#Up.csv
62,63,62,63,globalNetwork,DOWNLINK,0,42200000,42200000,NOMINAL_MINUS_OBSERVED_DIAGNOSTIC,START_TIMESTAMP_FOR_INTERVAL,SAFE_AFTER_TIMESTAMP,tmp\mosaic-25.2\logs\log-20260603-174645-MaGaIntegratedStudy\bandwidthMeasurements\ALL#ALL#ALL#Dn.csv
62,63,62,63,globalNetwork,UPLINK,0,28000000,28000000,NOMINAL_MINUS_OBSERVED_DIAGNOSTIC,START_TIMESTAMP_FOR_INTERVAL,SAFE_AFTER_TIMESTAMP,tmp\mosaic-25.2\logs\log-20260603-174645-MaGaIntegratedStudy\bandwidthMeasurements\ALL#ALL#ALL#Up.csv
62,63,62,63,region_central_degraded,DOWNLINK,0,12000000,12000000,NOMINAL_MINUS_OBSERVED_DIAGNOSTIC,START_TIMESTAMP_FOR_INTERVAL,SAFE_AFTER_TIMESTAMP,tmp\mosaic-25.2\logs\log-20260603-174645-MaGaIntegratedStudy\bandwidthMeasurements\ALL#ALL#ALL#Dn.csv
62,63,62,63,region_central_degraded,UPLINK,0,8000000,8000000,NOMINAL_MINUS_OBSERVED_DIAGNOSTIC,START_TIMESTAMP_FOR_INTERVAL,SAFE_AFTER_TIMESTAMP,tmp\mosaic-25.2\logs\log-20260603-174645-MaGaIntegratedStudy\bandwidthMeasurements\ALL#ALL#ALL#Up.csv
62,63,62,63,region_north_normal,DOWNLINK,669600,60000000,59330400,NOMINAL_MINUS_OBSERVED_DIAGNOSTIC,START_TIMESTAMP_FOR_INTERVAL,SAFE_AFTER_TIMESTAMP,tmp\mosaic-25.2\logs\log-20260603-174645-MaGaIntegratedStudy\bandwidthMeasurements\ALL#ALL#ALL#Dn.csv
62,63,62,63,region_north_normal,UPLINK,507840,40000000,39492160,NOMINAL_MINUS_OBSERVED_DIAGNOSTIC,START_TIMESTAMP_FOR_INTERVAL,SAFE_AFTER_TIMESTAMP,tmp\mosaic-25.2\logs\log-20260603-174645-MaGaIntegratedStudy\bandwidthMeasurements\ALL#ALL#ALL#Up.csv
63,64,63,64,globalNetwork,DOWNLINK,0,42200000,42200000,NOMINAL_MINUS_OBSERVED_DIAGNOSTIC,START_TIMESTAMP_FOR_INTERVAL,SAFE_AFTER_TIMESTAMP,tmp\mosaic-25.2\logs\log-20260603-174645-MaGaIntegratedStudy\bandwidthMeasurements\ALL#ALL#ALL#Dn.csv
63,64,63,64,globalNetwork,UPLINK,0,28000000,28000000,NOMINAL_MINUS_OBSERVED_DIAGNOSTIC,START_TIMESTAMP_FOR_INTERVAL,SAFE_AFTER_TIMESTAMP,tmp\mosaic-25.2\logs\log-20260603-174645-MaGaIntegratedStudy\bandwidthMeasurements\ALL#ALL#ALL#Up.csv
63,64,63,64,region_central_degraded,DOWNLINK,0,12000000,12000000,NOMINAL_MINUS_OBSERVED_DIAGNOSTIC,START_TIMESTAMP_FOR_INTERVAL,SAFE_AFTER_TIMESTAMP,tmp\mosaic-25.2\logs\log-20260603-174645-MaGaIntegratedStudy\bandwidthMeasurements\ALL#ALL#ALL#Dn.csv
63,64,63,64,region_central_degraded,UPLINK,0,8000000,8000000,NOMINAL_MINUS_OBSERVED_DIAGNOSTIC,START_TIMESTAMP_FOR_INTERVAL,SAFE_AFTER_TIMESTAMP,tmp\mosaic-25.2\logs\log-20260603-174645-MaGaIntegratedStudy\bandwidthMeasurements\ALL#ALL#ALL#Up.csv
63,64,63,64,region_north_normal,DOWNLINK,669600,60000000,59330400,NOMINAL_MINUS_OBSERVED_DIAGNOSTIC,START_TIMESTAMP_FOR_INTERVAL,SAFE_AFTER_TIMESTAMP,tmp\mosaic-25.2\logs\log-20260603-174645-MaGaIntegratedStudy\bandwidthMeasurements\ALL#ALL#ALL#Dn.csv
63,64,63,64,region_north_normal,UPLINK,507840,40000000,39492160,NOMINAL_MINUS_OBSERVED_DIAGNOSTIC,START_TIMESTAMP_FOR_INTERVAL,SAFE_AFTER_TIMESTAMP,tmp\mosaic-25.2\logs\log-20260603-174645-MaGaIntegratedStudy\bandwidthMeasurements\ALL#ALL#ALL#Up.csv
64,65,64,65,globalNetwork,DOWNLINK,0,42200000,42200000,NOMINAL_MINUS_OBSERVED_DIAGNOSTIC,START_TIMESTAMP_FOR_INTERVAL,SAFE_AFTER_TIMESTAMP,tmp\mosaic-25.2\logs\log-20260603-174645-MaGaIntegratedStudy\bandwidthMeasurements\ALL#ALL#ALL#Dn.csv
64,65,64,65,globalNetwork,UPLINK,0,28000000,28000000,NOMINAL_MINUS_OBSERVED_DIAGNOSTIC,START_TIMESTAMP_FOR_INTERVAL,SAFE_AFTER_TIMESTAMP,tmp\mosaic-25.2\logs\log-20260603-174645-MaGaIntegratedStudy\bandwidthMeasurements\ALL#ALL#ALL#Up.csv
64,65,64,65,region_central_degraded,DOWNLINK,0,12000000,12000000,NOMINAL_MINUS_OBSERVED_DIAGNOSTIC,START_TIMESTAMP_FOR_INTERVAL,SAFE_AFTER_TIMESTAMP,tmp\mosaic-25.2\logs\log-20260603-174645-MaGaIntegratedStudy\bandwidthMeasurements\ALL#ALL#ALL#Dn.csv
64,65,64,65,region_central_degraded,UPLINK,0,8000000,8000000,NOMINAL_MINUS_OBSERVED_DIAGNOSTIC,START_TIMESTAMP_FOR_INTERVAL,SAFE_AFTER_TIMESTAMP,tmp\mosaic-25.2\logs\log-20260603-174645-MaGaIntegratedStudy\bandwidthMeasurements\ALL#ALL#ALL#Up.csv
64,65,64,65,region_north_normal,DOWNLINK,669600,60000000,59330400,NOMINAL_MINUS_OBSERVED_DIAGNOSTIC,START_TIMESTAMP_FOR_INTERVAL,SAFE_AFTER_TIMESTAMP,tmp\mosaic-25.2\logs\log-20260603-174645-MaGaIntegratedStudy\bandwidthMeasurements\ALL#ALL#ALL#Dn.csv
64,65,64,65,region_north_normal,UPLINK,507840,40000000,39492160,NOMINAL_MINUS_OBSERVED_DIAGNOSTIC,START_TIMESTAMP_FOR_INTERVAL,SAFE_AFTER_TIMESTAMP,tmp\mosaic-25.2\logs\log-20260603-174645-MaGaIntegratedStudy\bandwidthMeasurements\ALL#ALL#ALL#Up.csv
65,66,65,66,globalNetwork,DOWNLINK,0,42200000,42200000,NOMINAL_MINUS_OBSERVED_DIAGNOSTIC,START_TIMESTAMP_FOR_INTERVAL,SAFE_AFTER_TIMESTAMP,tmp\mosaic-25.2\logs\log-20260603-174645-MaGaIntegratedStudy\bandwidthMeasurements\ALL#ALL#ALL#Dn.csv
65,66,65,66,globalNetwork,UPLINK,0,28000000,28000000,NOMINAL_MINUS_OBSERVED_DIAGNOSTIC,START_TIMESTAMP_FOR_INTERVAL,SAFE_AFTER_TIMESTAMP,tmp\mosaic-25.2\logs\log-20260603-174645-MaGaIntegratedStudy\bandwidthMeasurements\ALL#ALL#ALL#Up.csv
65,66,65,66,region_central_degraded,DOWNLINK,0,12000000,12000000,NOMINAL_MINUS_OBSERVED_DIAGNOSTIC,START_TIMESTAMP_FOR_INTERVAL,SAFE_AFTER_TIMESTAMP,tmp\mosaic-25.2\logs\log-20260603-174645-MaGaIntegratedStudy\bandwidthMeasurements\ALL#ALL#ALL#Dn.csv
65,66,65,66,region_central_degraded,UPLINK,0,8000000,8000000,NOMINAL_MINUS_OBSERVED_DIAGNOSTIC,START_TIMESTAMP_FOR_INTERVAL,SAFE_AFTER_TIMESTAMP,tmp\mosaic-25.2\logs\log-20260603-174645-MaGaIntegratedStudy\bandwidthMeasurements\ALL#ALL#ALL#Up.csv
65,66,65,66,region_north_normal,DOWNLINK,669600,60000000,59330400,NOMINAL_MINUS_OBSERVED_DIAGNOSTIC,START_TIMESTAMP_FOR_INTERVAL,SAFE_AFTER_TIMESTAMP,tmp\mosaic-25.2\logs\log-20260603-174645-MaGaIntegratedStudy\bandwidthMeasurements\ALL#ALL#ALL#Dn.csv
65,66,65,66,region_north_normal,UPLINK,507840,40000000,39492160,NOMINAL_MINUS_OBSERVED_DIAGNOSTIC,START_TIMESTAMP_FOR_INTERVAL,SAFE_AFTER_TIMESTAMP,tmp\mosaic-25.2\logs\log-20260603-174645-MaGaIntegratedStudy\bandwidthMeasurements\ALL#ALL#ALL#Up.csv
66,67,66,67,globalNetwork,DOWNLINK,0,42200000,42200000,NOMINAL_MINUS_OBSERVED_DIAGNOSTIC,START_TIMESTAMP_FOR_INTERVAL,SAFE_AFTER_TIMESTAMP,tmp\mosaic-25.2\logs\log-20260603-174645-MaGaIntegratedStudy\bandwidthMeasurements\ALL#ALL#ALL#Dn.csv
66,67,66,67,globalNetwork,UPLINK,0,28000000,28000000,NOMINAL_MINUS_OBSERVED_DIAGNOSTIC,START_TIMESTAMP_FOR_INTERVAL,SAFE_AFTER_TIMESTAMP,tmp\mosaic-25.2\logs\log-20260603-174645-MaGaIntegratedStudy\bandwidthMeasurements\ALL#ALL#ALL#Up.csv
66,67,66,67,region_central_degraded,DOWNLINK,0,12000000,12000000,NOMINAL_MINUS_OBSERVED_DIAGNOSTIC,START_TIMESTAMP_FOR_INTERVAL,SAFE_AFTER_TIMESTAMP,tmp\mosaic-25.2\logs\log-20260603-174645-MaGaIntegratedStudy\bandwidthMeasurements\ALL#ALL#ALL#Dn.csv
66,67,66,67,region_central_degraded,UPLINK,0,8000000,8000000,NOMINAL_MINUS_OBSERVED_DIAGNOSTIC,START_TIMESTAMP_FOR_INTERVAL,SAFE_AFTER_TIMESTAMP,tmp\mosaic-25.2\logs\log-20260603-174645-MaGaIntegratedStudy\bandwidthMeasurements\ALL#ALL#ALL#Up.csv
66,67,66,67,region_north_normal,DOWNLINK,669600,60000000,59330400,NOMINAL_MINUS_OBSERVED_DIAGNOSTIC,START_TIMESTAMP_FOR_INTERVAL,SAFE_AFTER_TIMESTAMP,tmp\mosaic-25.2\logs\log-20260603-174645-MaGaIntegratedStudy\bandwidthMeasurements\ALL#ALL#ALL#Dn.csv
66,67,66,67,region_north_normal,UPLINK,507840,40000000,39492160,NOMINAL_MINUS_OBSERVED_DIAGNOSTIC,START_TIMESTAMP_FOR_INTERVAL,SAFE_AFTER_TIMESTAMP,tmp\mosaic-25.2\logs\log-20260603-174645-MaGaIntegratedStudy\bandwidthMeasurements\ALL#ALL#ALL#Up.csv
67,68,67,68,globalNetwork,DOWNLINK,0,42200000,42200000,NOMINAL_MINUS_OBSERVED_DIAGNOSTIC,START_TIMESTAMP_FOR_INTERVAL,SAFE_AFTER_TIMESTAMP,tmp\mosaic-25.2\logs\log-20260603-174645-MaGaIntegratedStudy\bandwidthMeasurements\ALL#ALL#ALL#Dn.csv
67,68,67,68,globalNetwork,UPLINK,0,28000000,28000000,NOMINAL_MINUS_OBSERVED_DIAGNOSTIC,START_TIMESTAMP_FOR_INTERVAL,SAFE_AFTER_TIMESTAMP,tmp\mosaic-25.2\logs\log-20260603-174645-MaGaIntegratedStudy\bandwidthMeasurements\ALL#ALL#ALL#Up.csv
67,68,67,68,region_central_degraded,DOWNLINK,0,12000000,12000000,NOMINAL_MINUS_OBSERVED_DIAGNOSTIC,START_TIMESTAMP_FOR_INTERVAL,SAFE_AFTER_TIMESTAMP,tmp\mosaic-25.2\logs\log-20260603-174645-MaGaIntegratedStudy\bandwidthMeasurements\ALL#ALL#ALL#Dn.csv
67,68,67,68,region_central_degraded,UPLINK,0,8000000,8000000,NOMINAL_MINUS_OBSERVED_DIAGNOSTIC,START_TIMESTAMP_FOR_INTERVAL,SAFE_AFTER_TIMESTAMP,tmp\mosaic-25.2\logs\log-20260603-174645-MaGaIntegratedStudy\bandwidthMeasurements\ALL#ALL#ALL#Up.csv
67,68,67,68,region_north_normal,DOWNLINK,669600,60000000,59330400,NOMINAL_MINUS_OBSERVED_DIAGNOSTIC,START_TIMESTAMP_FOR_INTERVAL,SAFE_AFTER_TIMESTAMP,tmp\mosaic-25.2\logs\log-20260603-174645-MaGaIntegratedStudy\bandwidthMeasurements\ALL#ALL#ALL#Dn.csv
67,68,67,68,region_north_normal,UPLINK,507840,40000000,39492160,NOMINAL_MINUS_OBSERVED_DIAGNOSTIC,START_TIMESTAMP_FOR_INTERVAL,SAFE_AFTER_TIMESTAMP,tmp\mosaic-25.2\logs\log-20260603-174645-MaGaIntegratedStudy\bandwidthMeasurements\ALL#ALL#ALL#Up.csv
68,69,68,69,globalNetwork,DOWNLINK,0,42200000,42200000,NOMINAL_MINUS_OBSERVED_DIAGNOSTIC,START_TIMESTAMP_FOR_INTERVAL,SAFE_AFTER_TIMESTAMP,tmp\mosaic-25.2\logs\log-20260603-174645-MaGaIntegratedStudy\bandwidthMeasurements\ALL#ALL#ALL#Dn.csv
68,69,68,69,globalNetwork,UPLINK,0,28000000,28000000,NOMINAL_MINUS_OBSERVED_DIAGNOSTIC,START_TIMESTAMP_FOR_INTERVAL,SAFE_AFTER_TIMESTAMP,tmp\mosaic-25.2\logs\log-20260603-174645-MaGaIntegratedStudy\bandwidthMeasurements\ALL#ALL#ALL#Up.csv
68,69,68,69,region_central_degraded,DOWNLINK,0,12000000,12000000,NOMINAL_MINUS_OBSERVED_DIAGNOSTIC,START_TIMESTAMP_FOR_INTERVAL,SAFE_AFTER_TIMESTAMP,tmp\mosaic-25.2\logs\log-20260603-174645-MaGaIntegratedStudy\bandwidthMeasurements\ALL#ALL#ALL#Dn.csv
68,69,68,69,region_central_degraded,UPLINK,0,8000000,8000000,NOMINAL_MINUS_OBSERVED_DIAGNOSTIC,START_TIMESTAMP_FOR_INTERVAL,SAFE_AFTER_TIMESTAMP,tmp\mosaic-25.2\logs\log-20260603-174645-MaGaIntegratedStudy\bandwidthMeasurements\ALL#ALL#ALL#Up.csv
68,69,68,69,region_north_normal,DOWNLINK,669600,60000000,59330400,NOMINAL_MINUS_OBSERVED_DIAGNOSTIC,START_TIMESTAMP_FOR_INTERVAL,SAFE_AFTER_TIMESTAMP,tmp\mosaic-25.2\logs\log-20260603-174645-MaGaIntegratedStudy\bandwidthMeasurements\ALL#ALL#ALL#Dn.csv
68,69,68,69,region_north_normal,UPLINK,507840,40000000,39492160,NOMINAL_MINUS_OBSERVED_DIAGNOSTIC,START_TIMESTAMP_FOR_INTERVAL,SAFE_AFTER_TIMESTAMP,tmp\mosaic-25.2\logs\log-20260603-174645-MaGaIntegratedStudy\bandwidthMeasurements\ALL#ALL#ALL#Up.csv
69,70,69,70,globalNetwork,DOWNLINK,0,42200000,42200000,NOMINAL_MINUS_OBSERVED_DIAGNOSTIC,START_TIMESTAMP_FOR_INTERVAL,SAFE_AFTER_TIMESTAMP,tmp\mosaic-25.2\logs\log-20260603-174645-MaGaIntegratedStudy\bandwidthMeasurements\ALL#ALL#ALL#Dn.csv
69,70,69,70,globalNetwork,UPLINK,0,28000000,28000000,NOMINAL_MINUS_OBSERVED_DIAGNOSTIC,START_TIMESTAMP_FOR_INTERVAL,SAFE_AFTER_TIMESTAMP,tmp\mosaic-25.2\logs\log-20260603-174645-MaGaIntegratedStudy\bandwidthMeasurements\ALL#ALL#ALL#Up.csv
69,70,69,70,region_central_degraded,DOWNLINK,0,12000000,12000000,NOMINAL_MINUS_OBSERVED_DIAGNOSTIC,START_TIMESTAMP_FOR_INTERVAL,SAFE_AFTER_TIMESTAMP,tmp\mosaic-25.2\logs\log-20260603-174645-MaGaIntegratedStudy\bandwidthMeasurements\ALL#ALL#ALL#Dn.csv
69,70,69,70,region_central_degraded,UPLINK,0,8000000,8000000,NOMINAL_MINUS_OBSERVED_DIAGNOSTIC,START_TIMESTAMP_FOR_INTERVAL,SAFE_AFTER_TIMESTAMP,tmp\mosaic-25.2\logs\log-20260603-174645-MaGaIntegratedStudy\bandwidthMeasurements\ALL#ALL#ALL#Up.csv
69,70,69,70,region_north_normal,DOWNLINK,669600,60000000,59330400,NOMINAL_MINUS_OBSERVED_DIAGNOSTIC,START_TIMESTAMP_FOR_INTERVAL,SAFE_AFTER_TIMESTAMP,tmp\mosaic-25.2\logs\log-20260603-174645-MaGaIntegratedStudy\bandwidthMeasurements\ALL#ALL#ALL#Dn.csv
69,70,69,70,region_north_normal,UPLINK,507840,40000000,39492160,NOMINAL_MINUS_OBSERVED_DIAGNOSTIC,START_TIMESTAMP_FOR_INTERVAL,SAFE_AFTER_TIMESTAMP,tmp\mosaic-25.2\logs\log-20260603-174645-MaGaIntegratedStudy\bandwidthMeasurements\ALL#ALL#ALL#Up.csv
70,71,70,71,globalNetwork,DOWNLINK,0,42200000,42200000,NOMINAL_MINUS_OBSERVED_DIAGNOSTIC,START_TIMESTAMP_FOR_INTERVAL,SAFE_AFTER_TIMESTAMP,tmp\mosaic-25.2\logs\log-20260603-174645-MaGaIntegratedStudy\bandwidthMeasurements\ALL#ALL#ALL#Dn.csv
70,71,70,71,globalNetwork,UPLINK,0,28000000,28000000,NOMINAL_MINUS_OBSERVED_DIAGNOSTIC,START_TIMESTAMP_FOR_INTERVAL,SAFE_AFTER_TIMESTAMP,tmp\mosaic-25.2\logs\log-20260603-174645-MaGaIntegratedStudy\bandwidthMeasurements\ALL#ALL#ALL#Up.csv
70,71,70,71,region_central_degraded,DOWNLINK,0,12000000,12000000,NOMINAL_MINUS_OBSERVED_DIAGNOSTIC,START_TIMESTAMP_FOR_INTERVAL,SAFE_AFTER_TIMESTAMP,tmp\mosaic-25.2\logs\log-20260603-174645-MaGaIntegratedStudy\bandwidthMeasurements\ALL#ALL#ALL#Dn.csv
70,71,70,71,region_central_degraded,UPLINK,0,8000000,8000000,NOMINAL_MINUS_OBSERVED_DIAGNOSTIC,START_TIMESTAMP_FOR_INTERVAL,SAFE_AFTER_TIMESTAMP,tmp\mosaic-25.2\logs\log-20260603-174645-MaGaIntegratedStudy\bandwidthMeasurements\ALL#ALL#ALL#Up.csv
70,71,70,71,region_north_normal,DOWNLINK,669600,60000000,59330400,NOMINAL_MINUS_OBSERVED_DIAGNOSTIC,START_TIMESTAMP_FOR_INTERVAL,SAFE_AFTER_TIMESTAMP,tmp\mosaic-25.2\logs\log-20260603-174645-MaGaIntegratedStudy\bandwidthMeasurements\ALL#ALL#ALL#Dn.csv
70,71,70,71,region_north_normal,UPLINK,507840,40000000,39492160,NOMINAL_MINUS_OBSERVED_DIAGNOSTIC,START_TIMESTAMP_FOR_INTERVAL,SAFE_AFTER_TIMESTAMP,tmp\mosaic-25.2\logs\log-20260603-174645-MaGaIntegratedStudy\bandwidthMeasurements\ALL#ALL#ALL#Up.csv
71,72,71,72,globalNetwork,DOWNLINK,0,42200000,42200000,NOMINAL_MINUS_OBSERVED_DIAGNOSTIC,START_TIMESTAMP_FOR_INTERVAL,SAFE_AFTER_TIMESTAMP,tmp\mosaic-25.2\logs\log-20260603-174645-MaGaIntegratedStudy\bandwidthMeasurements\ALL#ALL#ALL#Dn.csv
71,72,71,72,globalNetwork,UPLINK,0,28000000,28000000,NOMINAL_MINUS_OBSERVED_DIAGNOSTIC,START_TIMESTAMP_FOR_INTERVAL,SAFE_AFTER_TIMESTAMP,tmp\mosaic-25.2\logs\log-20260603-174645-MaGaIntegratedStudy\bandwidthMeasurements\ALL#ALL#ALL#Up.csv
71,72,71,72,region_central_degraded,DOWNLINK,0,12000000,12000000,NOMINAL_MINUS_OBSERVED_DIAGNOSTIC,START_TIMESTAMP_FOR_INTERVAL,SAFE_AFTER_TIMESTAMP,tmp\mosaic-25.2\logs\log-20260603-174645-MaGaIntegratedStudy\bandwidthMeasurements\ALL#ALL#ALL#Dn.csv
71,72,71,72,region_central_degraded,UPLINK,0,8000000,8000000,NOMINAL_MINUS_OBSERVED_DIAGNOSTIC,START_TIMESTAMP_FOR_INTERVAL,SAFE_AFTER_TIMESTAMP,tmp\mosaic-25.2\logs\log-20260603-174645-MaGaIntegratedStudy\bandwidthMeasurements\ALL#ALL#ALL#Up.csv
71,72,71,72,region_north_normal,DOWNLINK,669600,60000000,59330400,NOMINAL_MINUS_OBSERVED_DIAGNOSTIC,START_TIMESTAMP_FOR_INTERVAL,SAFE_AFTER_TIMESTAMP,tmp\mosaic-25.2\logs\log-20260603-174645-MaGaIntegratedStudy\bandwidthMeasurements\ALL#ALL#ALL#Dn.csv
71,72,71,72,region_north_normal,UPLINK,507840,40000000,39492160,NOMINAL_MINUS_OBSERVED_DIAGNOSTIC,START_TIMESTAMP_FOR_INTERVAL,SAFE_AFTER_TIMESTAMP,tmp\mosaic-25.2\logs\log-20260603-174645-MaGaIntegratedStudy\bandwidthMeasurements\ALL#ALL#ALL#Up.csv
72,73,72,73,globalNetwork,DOWNLINK,0,42200000,42200000,NOMINAL_MINUS_OBSERVED_DIAGNOSTIC,START_TIMESTAMP_FOR_INTERVAL,SAFE_AFTER_TIMESTAMP,tmp\mosaic-25.2\logs\log-20260603-174645-MaGaIntegratedStudy\bandwidthMeasurements\ALL#ALL#ALL#Dn.csv
72,73,72,73,globalNetwork,UPLINK,0,28000000,28000000,NOMINAL_MINUS_OBSERVED_DIAGNOSTIC,START_TIMESTAMP_FOR_INTERVAL,SAFE_AFTER_TIMESTAMP,tmp\mosaic-25.2\logs\log-20260603-174645-MaGaIntegratedStudy\bandwidthMeasurements\ALL#ALL#ALL#Up.csv
72,73,72,73,region_central_degraded,DOWNLINK,0,12000000,12000000,NOMINAL_MINUS_OBSERVED_DIAGNOSTIC,START_TIMESTAMP_FOR_INTERVAL,SAFE_AFTER_TIMESTAMP,tmp\mosaic-25.2\logs\log-20260603-174645-MaGaIntegratedStudy\bandwidthMeasurements\ALL#ALL#ALL#Dn.csv
72,73,72,73,region_central_degraded,UPLINK,0,8000000,8000000,NOMINAL_MINUS_OBSERVED_DIAGNOSTIC,START_TIMESTAMP_FOR_INTERVAL,SAFE_AFTER_TIMESTAMP,tmp\mosaic-25.2\logs\log-20260603-174645-MaGaIntegratedStudy\bandwidthMeasurements\ALL#ALL#ALL#Up.csv
72,73,72,73,region_north_normal,DOWNLINK,669600,60000000,59330400,NOMINAL_MINUS_OBSERVED_DIAGNOSTIC,START_TIMESTAMP_FOR_INTERVAL,SAFE_AFTER_TIMESTAMP,tmp\mosaic-25.2\logs\log-20260603-174645-MaGaIntegratedStudy\bandwidthMeasurements\ALL#ALL#ALL#Dn.csv
72,73,72,73,region_north_normal,UPLINK,507840,40000000,39492160,NOMINAL_MINUS_OBSERVED_DIAGNOSTIC,START_TIMESTAMP_FOR_INTERVAL,SAFE_AFTER_TIMESTAMP,tmp\mosaic-25.2\logs\log-20260603-174645-MaGaIntegratedStudy\bandwidthMeasurements\ALL#ALL#ALL#Up.csv
73,74,73,74,globalNetwork,DOWNLINK,0,42200000,42200000,NOMINAL_MINUS_OBSERVED_DIAGNOSTIC,START_TIMESTAMP_FOR_INTERVAL,SAFE_AFTER_TIMESTAMP,tmp\mosaic-25.2\logs\log-20260603-174645-MaGaIntegratedStudy\bandwidthMeasurements\ALL#ALL#ALL#Dn.csv
73,74,73,74,globalNetwork,UPLINK,0,28000000,28000000,NOMINAL_MINUS_OBSERVED_DIAGNOSTIC,START_TIMESTAMP_FOR_INTERVAL,SAFE_AFTER_TIMESTAMP,tmp\mosaic-25.2\logs\log-20260603-174645-MaGaIntegratedStudy\bandwidthMeasurements\ALL#ALL#ALL#Up.csv
73,74,73,74,region_central_degraded,DOWNLINK,0,12000000,12000000,NOMINAL_MINUS_OBSERVED_DIAGNOSTIC,START_TIMESTAMP_FOR_INTERVAL,SAFE_AFTER_TIMESTAMP,tmp\mosaic-25.2\logs\log-20260603-174645-MaGaIntegratedStudy\bandwidthMeasurements\ALL#ALL#ALL#Dn.csv
73,74,73,74,region_central_degraded,UPLINK,0,8000000,8000000,NOMINAL_MINUS_OBSERVED_DIAGNOSTIC,START_TIMESTAMP_FOR_INTERVAL,SAFE_AFTER_TIMESTAMP,tmp\mosaic-25.2\logs\log-20260603-174645-MaGaIntegratedStudy\bandwidthMeasurements\ALL#ALL#ALL#Up.csv
73,74,73,74,region_north_normal,DOWNLINK,669600,60000000,59330400,NOMINAL_MINUS_OBSERVED_DIAGNOSTIC,START_TIMESTAMP_FOR_INTERVAL,SAFE_AFTER_TIMESTAMP,tmp\mosaic-25.2\logs\log-20260603-174645-MaGaIntegratedStudy\bandwidthMeasurements\ALL#ALL#ALL#Dn.csv
73,74,73,74,region_north_normal,UPLINK,507840,40000000,39492160,NOMINAL_MINUS_OBSERVED_DIAGNOSTIC,START_TIMESTAMP_FOR_INTERVAL,SAFE_AFTER_TIMESTAMP,tmp\mosaic-25.2\logs\log-20260603-174645-MaGaIntegratedStudy\bandwidthMeasurements\ALL#ALL#ALL#Up.csv
74,75,74,75,globalNetwork,DOWNLINK,0,42200000,42200000,NOMINAL_MINUS_OBSERVED_DIAGNOSTIC,START_TIMESTAMP_FOR_INTERVAL,SAFE_AFTER_TIMESTAMP,tmp\mosaic-25.2\logs\log-20260603-174645-MaGaIntegratedStudy\bandwidthMeasurements\ALL#ALL#ALL#Dn.csv
74,75,74,75,globalNetwork,UPLINK,0,28000000,28000000,NOMINAL_MINUS_OBSERVED_DIAGNOSTIC,START_TIMESTAMP_FOR_INTERVAL,SAFE_AFTER_TIMESTAMP,tmp\mosaic-25.2\logs\log-20260603-174645-MaGaIntegratedStudy\bandwidthMeasurements\ALL#ALL#ALL#Up.csv
74,75,74,75,region_central_degraded,DOWNLINK,0,12000000,12000000,NOMINAL_MINUS_OBSERVED_DIAGNOSTIC,START_TIMESTAMP_FOR_INTERVAL,SAFE_AFTER_TIMESTAMP,tmp\mosaic-25.2\logs\log-20260603-174645-MaGaIntegratedStudy\bandwidthMeasurements\ALL#ALL#ALL#Dn.csv
74,75,74,75,region_central_degraded,UPLINK,0,8000000,8000000,NOMINAL_MINUS_OBSERVED_DIAGNOSTIC,START_TIMESTAMP_FOR_INTERVAL,SAFE_AFTER_TIMESTAMP,tmp\mosaic-25.2\logs\log-20260603-174645-MaGaIntegratedStudy\bandwidthMeasurements\ALL#ALL#ALL#Up.csv
74,75,74,75,region_north_normal,DOWNLINK,669600,60000000,59330400,NOMINAL_MINUS_OBSERVED_DIAGNOSTIC,START_TIMESTAMP_FOR_INTERVAL,SAFE_AFTER_TIMESTAMP,tmp\mosaic-25.2\logs\log-20260603-174645-MaGaIntegratedStudy\bandwidthMeasurements\ALL#ALL#ALL#Dn.csv
74,75,74,75,region_north_normal,UPLINK,507840,40000000,39492160,NOMINAL_MINUS_OBSERVED_DIAGNOSTIC,START_TIMESTAMP_FOR_INTERVAL,SAFE_AFTER_TIMESTAMP,tmp\mosaic-25.2\logs\log-20260603-174645-MaGaIntegratedStudy\bandwidthMeasurements\ALL#ALL#ALL#Up.csv
75,76,75,76,globalNetwork,DOWNLINK,0,42200000,42200000,NOMINAL_MINUS_OBSERVED_DIAGNOSTIC,START_TIMESTAMP_FOR_INTERVAL,SAFE_AFTER_TIMESTAMP,tmp\mosaic-25.2\logs\log-20260603-174645-MaGaIntegratedStudy\bandwidthMeasurements\ALL#ALL#ALL#Dn.csv
75,76,75,76,globalNetwork,UPLINK,0,28000000,28000000,NOMINAL_MINUS_OBSERVED_DIAGNOSTIC,START_TIMESTAMP_FOR_INTERVAL,SAFE_AFTER_TIMESTAMP,tmp\mosaic-25.2\logs\log-20260603-174645-MaGaIntegratedStudy\bandwidthMeasurements\ALL#ALL#ALL#Up.csv
75,76,75,76,region_central_degraded,DOWNLINK,0,12000000,12000000,NOMINAL_MINUS_OBSERVED_DIAGNOSTIC,START_TIMESTAMP_FOR_INTERVAL,SAFE_AFTER_TIMESTAMP,tmp\mosaic-25.2\logs\log-20260603-174645-MaGaIntegratedStudy\bandwidthMeasurements\ALL#ALL#ALL#Dn.csv
75,76,75,76,region_central_degraded,UPLINK,0,8000000,8000000,NOMINAL_MINUS_OBSERVED_DIAGNOSTIC,START_TIMESTAMP_FOR_INTERVAL,SAFE_AFTER_TIMESTAMP,tmp\mosaic-25.2\logs\log-20260603-174645-MaGaIntegratedStudy\bandwidthMeasurements\ALL#ALL#ALL#Up.csv
75,76,75,76,region_north_normal,DOWNLINK,669600,60000000,59330400,NOMINAL_MINUS_OBSERVED_DIAGNOSTIC,START_TIMESTAMP_FOR_INTERVAL,SAFE_AFTER_TIMESTAMP,tmp\mosaic-25.2\logs\log-20260603-174645-MaGaIntegratedStudy\bandwidthMeasurements\ALL#ALL#ALL#Dn.csv
75,76,75,76,region_north_normal,UPLINK,507840,40000000,39492160,NOMINAL_MINUS_OBSERVED_DIAGNOSTIC,START_TIMESTAMP_FOR_INTERVAL,SAFE_AFTER_TIMESTAMP,tmp\mosaic-25.2\logs\log-20260603-174645-MaGaIntegratedStudy\bandwidthMeasurements\ALL#ALL#ALL#Up.csv
76,77,76,77,globalNetwork,DOWNLINK,0,42200000,42200000,NOMINAL_MINUS_OBSERVED_DIAGNOSTIC,START_TIMESTAMP_FOR_INTERVAL,SAFE_AFTER_TIMESTAMP,tmp\mosaic-25.2\logs\log-20260603-174645-MaGaIntegratedStudy\bandwidthMeasurements\ALL#ALL#ALL#Dn.csv
76,77,76,77,globalNetwork,UPLINK,0,28000000,28000000,NOMINAL_MINUS_OBSERVED_DIAGNOSTIC,START_TIMESTAMP_FOR_INTERVAL,SAFE_AFTER_TIMESTAMP,tmp\mosaic-25.2\logs\log-20260603-174645-MaGaIntegratedStudy\bandwidthMeasurements\ALL#ALL#ALL#Up.csv
76,77,76,77,region_central_degraded,DOWNLINK,0,12000000,12000000,NOMINAL_MINUS_OBSERVED_DIAGNOSTIC,START_TIMESTAMP_FOR_INTERVAL,SAFE_AFTER_TIMESTAMP,tmp\mosaic-25.2\logs\log-20260603-174645-MaGaIntegratedStudy\bandwidthMeasurements\ALL#ALL#ALL#Dn.csv
76,77,76,77,region_central_degraded,UPLINK,0,8000000,8000000,NOMINAL_MINUS_OBSERVED_DIAGNOSTIC,START_TIMESTAMP_FOR_INTERVAL,SAFE_AFTER_TIMESTAMP,tmp\mosaic-25.2\logs\log-20260603-174645-MaGaIntegratedStudy\bandwidthMeasurements\ALL#ALL#ALL#Up.csv
76,77,76,77,region_north_normal,DOWNLINK,669600,60000000,59330400,NOMINAL_MINUS_OBSERVED_DIAGNOSTIC,START_TIMESTAMP_FOR_INTERVAL,SAFE_AFTER_TIMESTAMP,tmp\mosaic-25.2\logs\log-20260603-174645-MaGaIntegratedStudy\bandwidthMeasurements\ALL#ALL#ALL#Dn.csv
76,77,76,77,region_north_normal,UPLINK,507840,40000000,39492160,NOMINAL_MINUS_OBSERVED_DIAGNOSTIC,START_TIMESTAMP_FOR_INTERVAL,SAFE_AFTER_TIMESTAMP,tmp\mosaic-25.2\logs\log-20260603-174645-MaGaIntegratedStudy\bandwidthMeasurements\ALL#ALL#ALL#Up.csv
77,78,77,78,globalNetwork,DOWNLINK,0,42200000,42200000,NOMINAL_MINUS_OBSERVED_DIAGNOSTIC,START_TIMESTAMP_FOR_INTERVAL,SAFE_AFTER_TIMESTAMP,tmp\mosaic-25.2\logs\log-20260603-174645-MaGaIntegratedStudy\bandwidthMeasurements\ALL#ALL#ALL#Dn.csv
77,78,77,78,globalNetwork,UPLINK,0,28000000,28000000,NOMINAL_MINUS_OBSERVED_DIAGNOSTIC,START_TIMESTAMP_FOR_INTERVAL,SAFE_AFTER_TIMESTAMP,tmp\mosaic-25.2\logs\log-20260603-174645-MaGaIntegratedStudy\bandwidthMeasurements\ALL#ALL#ALL#Up.csv
77,78,77,78,region_central_degraded,DOWNLINK,0,12000000,12000000,NOMINAL_MINUS_OBSERVED_DIAGNOSTIC,START_TIMESTAMP_FOR_INTERVAL,SAFE_AFTER_TIMESTAMP,tmp\mosaic-25.2\logs\log-20260603-174645-MaGaIntegratedStudy\bandwidthMeasurements\ALL#ALL#ALL#Dn.csv
77,78,77,78,region_central_degraded,UPLINK,0,8000000,8000000,NOMINAL_MINUS_OBSERVED_DIAGNOSTIC,START_TIMESTAMP_FOR_INTERVAL,SAFE_AFTER_TIMESTAMP,tmp\mosaic-25.2\logs\log-20260603-174645-MaGaIntegratedStudy\bandwidthMeasurements\ALL#ALL#ALL#Up.csv
77,78,77,78,region_north_normal,DOWNLINK,669600,60000000,59330400,NOMINAL_MINUS_OBSERVED_DIAGNOSTIC,START_TIMESTAMP_FOR_INTERVAL,SAFE_AFTER_TIMESTAMP,tmp\mosaic-25.2\logs\log-20260603-174645-MaGaIntegratedStudy\bandwidthMeasurements\ALL#ALL#ALL#Dn.csv
77,78,77,78,region_north_normal,UPLINK,507840,40000000,39492160,NOMINAL_MINUS_OBSERVED_DIAGNOSTIC,START_TIMESTAMP_FOR_INTERVAL,SAFE_AFTER_TIMESTAMP,tmp\mosaic-25.2\logs\log-20260603-174645-MaGaIntegratedStudy\bandwidthMeasurements\ALL#ALL#ALL#Up.csv
78,79,78,79,globalNetwork,DOWNLINK,0,42200000,42200000,NOMINAL_MINUS_OBSERVED_DIAGNOSTIC,START_TIMESTAMP_FOR_INTERVAL,SAFE_AFTER_TIMESTAMP,tmp\mosaic-25.2\logs\log-20260603-174645-MaGaIntegratedStudy\bandwidthMeasurements\ALL#ALL#ALL#Dn.csv
78,79,78,79,globalNetwork,UPLINK,0,28000000,28000000,NOMINAL_MINUS_OBSERVED_DIAGNOSTIC,START_TIMESTAMP_FOR_INTERVAL,SAFE_AFTER_TIMESTAMP,tmp\mosaic-25.2\logs\log-20260603-174645-MaGaIntegratedStudy\bandwidthMeasurements\ALL#ALL#ALL#Up.csv
78,79,78,79,region_central_degraded,DOWNLINK,0,12000000,12000000,NOMINAL_MINUS_OBSERVED_DIAGNOSTIC,START_TIMESTAMP_FOR_INTERVAL,SAFE_AFTER_TIMESTAMP,tmp\mosaic-25.2\logs\log-20260603-174645-MaGaIntegratedStudy\bandwidthMeasurements\ALL#ALL#ALL#Dn.csv
78,79,78,79,region_central_degraded,UPLINK,0,8000000,8000000,NOMINAL_MINUS_OBSERVED_DIAGNOSTIC,START_TIMESTAMP_FOR_INTERVAL,SAFE_AFTER_TIMESTAMP,tmp\mosaic-25.2\logs\log-20260603-174645-MaGaIntegratedStudy\bandwidthMeasurements\ALL#ALL#ALL#Up.csv
78,79,78,79,region_north_normal,DOWNLINK,669600,60000000,59330400,NOMINAL_MINUS_OBSERVED_DIAGNOSTIC,START_TIMESTAMP_FOR_INTERVAL,SAFE_AFTER_TIMESTAMP,tmp\mosaic-25.2\logs\log-20260603-174645-MaGaIntegratedStudy\bandwidthMeasurements\ALL#ALL#ALL#Dn.csv
78,79,78,79,region_north_normal,UPLINK,507840,40000000,39492160,NOMINAL_MINUS_OBSERVED_DIAGNOSTIC,START_TIMESTAMP_FOR_INTERVAL,SAFE_AFTER_TIMESTAMP,tmp\mosaic-25.2\logs\log-20260603-174645-MaGaIntegratedStudy\bandwidthMeasurements\ALL#ALL#ALL#Up.csv
79,80,79,80,globalNetwork,DOWNLINK,0,42200000,42200000,NOMINAL_MINUS_OBSERVED_DIAGNOSTIC,START_TIMESTAMP_FOR_INTERVAL,SAFE_AFTER_TIMESTAMP,tmp\mosaic-25.2\logs\log-20260603-174645-MaGaIntegratedStudy\bandwidthMeasurements\ALL#ALL#ALL#Dn.csv
79,80,79,80,globalNetwork,UPLINK,0,28000000,28000000,NOMINAL_MINUS_OBSERVED_DIAGNOSTIC,START_TIMESTAMP_FOR_INTERVAL,SAFE_AFTER_TIMESTAMP,tmp\mosaic-25.2\logs\log-20260603-174645-MaGaIntegratedStudy\bandwidthMeasurements\ALL#ALL#ALL#Up.csv
79,80,79,80,region_central_degraded,DOWNLINK,0,12000000,12000000,NOMINAL_MINUS_OBSERVED_DIAGNOSTIC,START_TIMESTAMP_FOR_INTERVAL,SAFE_AFTER_TIMESTAMP,tmp\mosaic-25.2\logs\log-20260603-174645-MaGaIntegratedStudy\bandwidthMeasurements\ALL#ALL#ALL#Dn.csv
79,80,79,80,region_central_degraded,UPLINK,0,8000000,8000000,NOMINAL_MINUS_OBSERVED_DIAGNOSTIC,START_TIMESTAMP_FOR_INTERVAL,SAFE_AFTER_TIMESTAMP,tmp\mosaic-25.2\logs\log-20260603-174645-MaGaIntegratedStudy\bandwidthMeasurements\ALL#ALL#ALL#Up.csv
79,80,79,80,region_north_normal,DOWNLINK,669600,60000000,59330400,NOMINAL_MINUS_OBSERVED_DIAGNOSTIC,START_TIMESTAMP_FOR_INTERVAL,SAFE_AFTER_TIMESTAMP,tmp\mosaic-25.2\logs\log-20260603-174645-MaGaIntegratedStudy\bandwidthMeasurements\ALL#ALL#ALL#Dn.csv
79,80,79,80,region_north_normal,UPLINK,507840,40000000,39492160,NOMINAL_MINUS_OBSERVED_DIAGNOSTIC,START_TIMESTAMP_FOR_INTERVAL,SAFE_AFTER_TIMESTAMP,tmp\mosaic-25.2\logs\log-20260603-174645-MaGaIntegratedStudy\bandwidthMeasurements\ALL#ALL#ALL#Up.csv
80,81,80,81,globalNetwork,DOWNLINK,0,42200000,42200000,NOMINAL_MINUS_OBSERVED_DIAGNOSTIC,START_TIMESTAMP_FOR_INTERVAL,SAFE_AFTER_TIMESTAMP,tmp\mosaic-25.2\logs\log-20260603-174645-MaGaIntegratedStudy\bandwidthMeasurements\ALL#ALL#ALL#Dn.csv
80,81,80,81,globalNetwork,UPLINK,0,28000000,28000000,NOMINAL_MINUS_OBSERVED_DIAGNOSTIC,START_TIMESTAMP_FOR_INTERVAL,SAFE_AFTER_TIMESTAMP,tmp\mosaic-25.2\logs\log-20260603-174645-MaGaIntegratedStudy\bandwidthMeasurements\ALL#ALL#ALL#Up.csv
80,81,80,81,region_central_degraded,DOWNLINK,0,12000000,12000000,NOMINAL_MINUS_OBSERVED_DIAGNOSTIC,START_TIMESTAMP_FOR_INTERVAL,SAFE_AFTER_TIMESTAMP,tmp\mosaic-25.2\logs\log-20260603-174645-MaGaIntegratedStudy\bandwidthMeasurements\ALL#ALL#ALL#Dn.csv
80,81,80,81,region_central_degraded,UPLINK,0,8000000,8000000,NOMINAL_MINUS_OBSERVED_DIAGNOSTIC,START_TIMESTAMP_FOR_INTERVAL,SAFE_AFTER_TIMESTAMP,tmp\mosaic-25.2\logs\log-20260603-174645-MaGaIntegratedStudy\bandwidthMeasurements\ALL#ALL#ALL#Up.csv
80,81,80,81,region_north_normal,DOWNLINK,669600,60000000,59330400,NOMINAL_MINUS_OBSERVED_DIAGNOSTIC,START_TIMESTAMP_FOR_INTERVAL,SAFE_AFTER_TIMESTAMP,tmp\mosaic-25.2\logs\log-20260603-174645-MaGaIntegratedStudy\bandwidthMeasurements\ALL#ALL#ALL#Dn.csv
80,81,80,81,region_north_normal,UPLINK,507840,40000000,39492160,NOMINAL_MINUS_OBSERVED_DIAGNOSTIC,START_TIMESTAMP_FOR_INTERVAL,SAFE_AFTER_TIMESTAMP,tmp\mosaic-25.2\logs\log-20260603-174645-MaGaIntegratedStudy\bandwidthMeasurements\ALL#ALL#ALL#Up.csv
81,82,81,82,globalNetwork,DOWNLINK,0,42200000,42200000,NOMINAL_MINUS_OBSERVED_DIAGNOSTIC,START_TIMESTAMP_FOR_INTERVAL,SAFE_AFTER_TIMESTAMP,tmp\mosaic-25.2\logs\log-20260603-174645-MaGaIntegratedStudy\bandwidthMeasurements\ALL#ALL#ALL#Dn.csv
81,82,81,82,globalNetwork,UPLINK,0,28000000,28000000,NOMINAL_MINUS_OBSERVED_DIAGNOSTIC,START_TIMESTAMP_FOR_INTERVAL,SAFE_AFTER_TIMESTAMP,tmp\mosaic-25.2\logs\log-20260603-174645-MaGaIntegratedStudy\bandwidthMeasurements\ALL#ALL#ALL#Up.csv
81,82,81,82,region_central_degraded,DOWNLINK,0,12000000,12000000,NOMINAL_MINUS_OBSERVED_DIAGNOSTIC,START_TIMESTAMP_FOR_INTERVAL,SAFE_AFTER_TIMESTAMP,tmp\mosaic-25.2\logs\log-20260603-174645-MaGaIntegratedStudy\bandwidthMeasurements\ALL#ALL#ALL#Dn.csv
81,82,81,82,region_central_degraded,UPLINK,0,8000000,8000000,NOMINAL_MINUS_OBSERVED_DIAGNOSTIC,START_TIMESTAMP_FOR_INTERVAL,SAFE_AFTER_TIMESTAMP,tmp\mosaic-25.2\logs\log-20260603-174645-MaGaIntegratedStudy\bandwidthMeasurements\ALL#ALL#ALL#Up.csv
81,82,81,82,region_north_normal,DOWNLINK,669600,60000000,59330400,NOMINAL_MINUS_OBSERVED_DIAGNOSTIC,START_TIMESTAMP_FOR_INTERVAL,SAFE_AFTER_TIMESTAMP,tmp\mosaic-25.2\logs\log-20260603-174645-MaGaIntegratedStudy\bandwidthMeasurements\ALL#ALL#ALL#Dn.csv
81,82,81,82,region_north_normal,UPLINK,507840,40000000,39492160,NOMINAL_MINUS_OBSERVED_DIAGNOSTIC,START_TIMESTAMP_FOR_INTERVAL,SAFE_AFTER_TIMESTAMP,tmp\mosaic-25.2\logs\log-20260603-174645-MaGaIntegratedStudy\bandwidthMeasurements\ALL#ALL#ALL#Up.csv
82,83,82,83,globalNetwork,DOWNLINK,0,42200000,42200000,NOMINAL_MINUS_OBSERVED_DIAGNOSTIC,START_TIMESTAMP_FOR_INTERVAL,SAFE_AFTER_TIMESTAMP,tmp\mosaic-25.2\logs\log-20260603-174645-MaGaIntegratedStudy\bandwidthMeasurements\ALL#ALL#ALL#Dn.csv
82,83,82,83,globalNetwork,UPLINK,0,28000000,28000000,NOMINAL_MINUS_OBSERVED_DIAGNOSTIC,START_TIMESTAMP_FOR_INTERVAL,SAFE_AFTER_TIMESTAMP,tmp\mosaic-25.2\logs\log-20260603-174645-MaGaIntegratedStudy\bandwidthMeasurements\ALL#ALL#ALL#Up.csv
82,83,82,83,region_central_degraded,DOWNLINK,0,12000000,12000000,NOMINAL_MINUS_OBSERVED_DIAGNOSTIC,START_TIMESTAMP_FOR_INTERVAL,SAFE_AFTER_TIMESTAMP,tmp\mosaic-25.2\logs\log-20260603-174645-MaGaIntegratedStudy\bandwidthMeasurements\ALL#ALL#ALL#Dn.csv
82,83,82,83,region_central_degraded,UPLINK,0,8000000,8000000,NOMINAL_MINUS_OBSERVED_DIAGNOSTIC,START_TIMESTAMP_FOR_INTERVAL,SAFE_AFTER_TIMESTAMP,tmp\mosaic-25.2\logs\log-20260603-174645-MaGaIntegratedStudy\bandwidthMeasurements\ALL#ALL#ALL#Up.csv
82,83,82,83,region_north_normal,DOWNLINK,669600,60000000,59330400,NOMINAL_MINUS_OBSERVED_DIAGNOSTIC,START_TIMESTAMP_FOR_INTERVAL,SAFE_AFTER_TIMESTAMP,tmp\mosaic-25.2\logs\log-20260603-174645-MaGaIntegratedStudy\bandwidthMeasurements\ALL#ALL#ALL#Dn.csv
82,83,82,83,region_north_normal,UPLINK,507840,40000000,39492160,NOMINAL_MINUS_OBSERVED_DIAGNOSTIC,START_TIMESTAMP_FOR_INTERVAL,SAFE_AFTER_TIMESTAMP,tmp\mosaic-25.2\logs\log-20260603-174645-MaGaIntegratedStudy\bandwidthMeasurements\ALL#ALL#ALL#Up.csv
83,84,83,84,globalNetwork,DOWNLINK,0,42200000,42200000,NOMINAL_MINUS_OBSERVED_DIAGNOSTIC,START_TIMESTAMP_FOR_INTERVAL,SAFE_AFTER_TIMESTAMP,tmp\mosaic-25.2\logs\log-20260603-174645-MaGaIntegratedStudy\bandwidthMeasurements\ALL#ALL#ALL#Dn.csv
83,84,83,84,globalNetwork,UPLINK,0,28000000,28000000,NOMINAL_MINUS_OBSERVED_DIAGNOSTIC,START_TIMESTAMP_FOR_INTERVAL,SAFE_AFTER_TIMESTAMP,tmp\mosaic-25.2\logs\log-20260603-174645-MaGaIntegratedStudy\bandwidthMeasurements\ALL#ALL#ALL#Up.csv
83,84,83,84,region_central_degraded,DOWNLINK,17856,12000000,11982144,NOMINAL_MINUS_OBSERVED_DIAGNOSTIC,START_TIMESTAMP_FOR_INTERVAL,SAFE_AFTER_TIMESTAMP,tmp\mosaic-25.2\logs\log-20260603-174645-MaGaIntegratedStudy\bandwidthMeasurements\ALL#ALL#ALL#Dn.csv
83,84,83,84,region_central_degraded,UPLINK,42320,8000000,7957680,NOMINAL_MINUS_OBSERVED_DIAGNOSTIC,START_TIMESTAMP_FOR_INTERVAL,SAFE_AFTER_TIMESTAMP,tmp\mosaic-25.2\logs\log-20260603-174645-MaGaIntegratedStudy\bandwidthMeasurements\ALL#ALL#ALL#Up.csv
83,84,83,84,region_north_normal,DOWNLINK,613800,60000000,59386200,NOMINAL_MINUS_OBSERVED_DIAGNOSTIC,START_TIMESTAMP_FOR_INTERVAL,SAFE_AFTER_TIMESTAMP,tmp\mosaic-25.2\logs\log-20260603-174645-MaGaIntegratedStudy\bandwidthMeasurements\ALL#ALL#ALL#Dn.csv
83,84,83,84,region_north_normal,UPLINK,465520,40000000,39534480,NOMINAL_MINUS_OBSERVED_DIAGNOSTIC,START_TIMESTAMP_FOR_INTERVAL,SAFE_AFTER_TIMESTAMP,tmp\mosaic-25.2\logs\log-20260603-174645-MaGaIntegratedStudy\bandwidthMeasurements\ALL#ALL#ALL#Up.csv
84,85,84,85,globalNetwork,DOWNLINK,0,42200000,42200000,NOMINAL_MINUS_OBSERVED_DIAGNOSTIC,START_TIMESTAMP_FOR_INTERVAL,SAFE_AFTER_TIMESTAMP,tmp\mosaic-25.2\logs\log-20260603-174645-MaGaIntegratedStudy\bandwidthMeasurements\ALL#ALL#ALL#Dn.csv
84,85,84,85,globalNetwork,UPLINK,0,28000000,28000000,NOMINAL_MINUS_OBSERVED_DIAGNOSTIC,START_TIMESTAMP_FOR_INTERVAL,SAFE_AFTER_TIMESTAMP,tmp\mosaic-25.2\logs\log-20260603-174645-MaGaIntegratedStudy\bandwidthMeasurements\ALL#ALL#ALL#Up.csv
84,85,84,85,region_central_degraded,DOWNLINK,17856,12000000,11982144,NOMINAL_MINUS_OBSERVED_DIAGNOSTIC,START_TIMESTAMP_FOR_INTERVAL,SAFE_AFTER_TIMESTAMP,tmp\mosaic-25.2\logs\log-20260603-174645-MaGaIntegratedStudy\bandwidthMeasurements\ALL#ALL#ALL#Dn.csv
84,85,84,85,region_central_degraded,UPLINK,42320,8000000,7957680,NOMINAL_MINUS_OBSERVED_DIAGNOSTIC,START_TIMESTAMP_FOR_INTERVAL,SAFE_AFTER_TIMESTAMP,tmp\mosaic-25.2\logs\log-20260603-174645-MaGaIntegratedStudy\bandwidthMeasurements\ALL#ALL#ALL#Up.csv
84,85,84,85,region_north_normal,DOWNLINK,613800,60000000,59386200,NOMINAL_MINUS_OBSERVED_DIAGNOSTIC,START_TIMESTAMP_FOR_INTERVAL,SAFE_AFTER_TIMESTAMP,tmp\mosaic-25.2\logs\log-20260603-174645-MaGaIntegratedStudy\bandwidthMeasurements\ALL#ALL#ALL#Dn.csv
84,85,84,85,region_north_normal,UPLINK,465520,40000000,39534480,NOMINAL_MINUS_OBSERVED_DIAGNOSTIC,START_TIMESTAMP_FOR_INTERVAL,SAFE_AFTER_TIMESTAMP,tmp\mosaic-25.2\logs\log-20260603-174645-MaGaIntegratedStudy\bandwidthMeasurements\ALL#ALL#ALL#Up.csv
85,86,85,86,globalNetwork,DOWNLINK,0,42200000,42200000,NOMINAL_MINUS_OBSERVED_DIAGNOSTIC,START_TIMESTAMP_FOR_INTERVAL,SAFE_AFTER_TIMESTAMP,tmp\mosaic-25.2\logs\log-20260603-174645-MaGaIntegratedStudy\bandwidthMeasurements\ALL#ALL#ALL#Dn.csv
85,86,85,86,globalNetwork,UPLINK,0,28000000,28000000,NOMINAL_MINUS_OBSERVED_DIAGNOSTIC,START_TIMESTAMP_FOR_INTERVAL,SAFE_AFTER_TIMESTAMP,tmp\mosaic-25.2\logs\log-20260603-174645-MaGaIntegratedStudy\bandwidthMeasurements\ALL#ALL#ALL#Up.csv
85,86,85,86,region_central_degraded,DOWNLINK,17856,12000000,11982144,NOMINAL_MINUS_OBSERVED_DIAGNOSTIC,START_TIMESTAMP_FOR_INTERVAL,SAFE_AFTER_TIMESTAMP,tmp\mosaic-25.2\logs\log-20260603-174645-MaGaIntegratedStudy\bandwidthMeasurements\ALL#ALL#ALL#Dn.csv
85,86,85,86,region_central_degraded,UPLINK,42320,8000000,7957680,NOMINAL_MINUS_OBSERVED_DIAGNOSTIC,START_TIMESTAMP_FOR_INTERVAL,SAFE_AFTER_TIMESTAMP,tmp\mosaic-25.2\logs\log-20260603-174645-MaGaIntegratedStudy\bandwidthMeasurements\ALL#ALL#ALL#Up.csv
85,86,85,86,region_north_normal,DOWNLINK,613800,60000000,59386200,NOMINAL_MINUS_OBSERVED_DIAGNOSTIC,START_TIMESTAMP_FOR_INTERVAL,SAFE_AFTER_TIMESTAMP,tmp\mosaic-25.2\logs\log-20260603-174645-MaGaIntegratedStudy\bandwidthMeasurements\ALL#ALL#ALL#Dn.csv
85,86,85,86,region_north_normal,UPLINK,465520,40000000,39534480,NOMINAL_MINUS_OBSERVED_DIAGNOSTIC,START_TIMESTAMP_FOR_INTERVAL,SAFE_AFTER_TIMESTAMP,tmp\mosaic-25.2\logs\log-20260603-174645-MaGaIntegratedStudy\bandwidthMeasurements\ALL#ALL#ALL#Up.csv
86,87,86,87,globalNetwork,DOWNLINK,0,42200000,42200000,NOMINAL_MINUS_OBSERVED_DIAGNOSTIC,START_TIMESTAMP_FOR_INTERVAL,SAFE_AFTER_TIMESTAMP,tmp\mosaic-25.2\logs\log-20260603-174645-MaGaIntegratedStudy\bandwidthMeasurements\ALL#ALL#ALL#Dn.csv
86,87,86,87,globalNetwork,UPLINK,0,28000000,28000000,NOMINAL_MINUS_OBSERVED_DIAGNOSTIC,START_TIMESTAMP_FOR_INTERVAL,SAFE_AFTER_TIMESTAMP,tmp\mosaic-25.2\logs\log-20260603-174645-MaGaIntegratedStudy\bandwidthMeasurements\ALL#ALL#ALL#Up.csv
86,87,86,87,region_central_degraded,DOWNLINK,17856,12000000,11982144,NOMINAL_MINUS_OBSERVED_DIAGNOSTIC,START_TIMESTAMP_FOR_INTERVAL,SAFE_AFTER_TIMESTAMP,tmp\mosaic-25.2\logs\log-20260603-174645-MaGaIntegratedStudy\bandwidthMeasurements\ALL#ALL#ALL#Dn.csv
86,87,86,87,region_central_degraded,UPLINK,42320,8000000,7957680,NOMINAL_MINUS_OBSERVED_DIAGNOSTIC,START_TIMESTAMP_FOR_INTERVAL,SAFE_AFTER_TIMESTAMP,tmp\mosaic-25.2\logs\log-20260603-174645-MaGaIntegratedStudy\bandwidthMeasurements\ALL#ALL#ALL#Up.csv
86,87,86,87,region_north_normal,DOWNLINK,613800,60000000,59386200,NOMINAL_MINUS_OBSERVED_DIAGNOSTIC,START_TIMESTAMP_FOR_INTERVAL,SAFE_AFTER_TIMESTAMP,tmp\mosaic-25.2\logs\log-20260603-174645-MaGaIntegratedStudy\bandwidthMeasurements\ALL#ALL#ALL#Dn.csv
86,87,86,87,region_north_normal,UPLINK,465520,40000000,39534480,NOMINAL_MINUS_OBSERVED_DIAGNOSTIC,START_TIMESTAMP_FOR_INTERVAL,SAFE_AFTER_TIMESTAMP,tmp\mosaic-25.2\logs\log-20260603-174645-MaGaIntegratedStudy\bandwidthMeasurements\ALL#ALL#ALL#Up.csv
87,88,87,88,globalNetwork,DOWNLINK,0,42200000,42200000,NOMINAL_MINUS_OBSERVED_DIAGNOSTIC,START_TIMESTAMP_FOR_INTERVAL,SAFE_AFTER_TIMESTAMP,tmp\mosaic-25.2\logs\log-20260603-174645-MaGaIntegratedStudy\bandwidthMeasurements\ALL#ALL#ALL#Dn.csv
87,88,87,88,globalNetwork,UPLINK,0,28000000,28000000,NOMINAL_MINUS_OBSERVED_DIAGNOSTIC,START_TIMESTAMP_FOR_INTERVAL,SAFE_AFTER_TIMESTAMP,tmp\mosaic-25.2\logs\log-20260603-174645-MaGaIntegratedStudy\bandwidthMeasurements\ALL#ALL#ALL#Up.csv
87,88,87,88,region_central_degraded,DOWNLINK,35712,12000000,11964288,NOMINAL_MINUS_OBSERVED_DIAGNOSTIC,START_TIMESTAMP_FOR_INTERVAL,SAFE_AFTER_TIMESTAMP,tmp\mosaic-25.2\logs\log-20260603-174645-MaGaIntegratedStudy\bandwidthMeasurements\ALL#ALL#ALL#Dn.csv
87,88,87,88,region_central_degraded,UPLINK,84640,8000000,7915360,NOMINAL_MINUS_OBSERVED_DIAGNOSTIC,START_TIMESTAMP_FOR_INTERVAL,SAFE_AFTER_TIMESTAMP,tmp\mosaic-25.2\logs\log-20260603-174645-MaGaIntegratedStudy\bandwidthMeasurements\ALL#ALL#ALL#Up.csv
87,88,87,88,region_north_normal,DOWNLINK,558000,60000000,59442000,NOMINAL_MINUS_OBSERVED_DIAGNOSTIC,START_TIMESTAMP_FOR_INTERVAL,SAFE_AFTER_TIMESTAMP,tmp\mosaic-25.2\logs\log-20260603-174645-MaGaIntegratedStudy\bandwidthMeasurements\ALL#ALL#ALL#Dn.csv
87,88,87,88,region_north_normal,UPLINK,423200,40000000,39576800,NOMINAL_MINUS_OBSERVED_DIAGNOSTIC,START_TIMESTAMP_FOR_INTERVAL,SAFE_AFTER_TIMESTAMP,tmp\mosaic-25.2\logs\log-20260603-174645-MaGaIntegratedStudy\bandwidthMeasurements\ALL#ALL#ALL#Up.csv
88,89,88,89,globalNetwork,DOWNLINK,0,42200000,42200000,NOMINAL_MINUS_OBSERVED_DIAGNOSTIC,START_TIMESTAMP_FOR_INTERVAL,SAFE_AFTER_TIMESTAMP,tmp\mosaic-25.2\logs\log-20260603-174645-MaGaIntegratedStudy\bandwidthMeasurements\ALL#ALL#ALL#Dn.csv
88,89,88,89,globalNetwork,UPLINK,0,28000000,28000000,NOMINAL_MINUS_OBSERVED_DIAGNOSTIC,START_TIMESTAMP_FOR_INTERVAL,SAFE_AFTER_TIMESTAMP,tmp\mosaic-25.2\logs\log-20260603-174645-MaGaIntegratedStudy\bandwidthMeasurements\ALL#ALL#ALL#Up.csv
88,89,88,89,region_central_degraded,DOWNLINK,35712,12000000,11964288,NOMINAL_MINUS_OBSERVED_DIAGNOSTIC,START_TIMESTAMP_FOR_INTERVAL,SAFE_AFTER_TIMESTAMP,tmp\mosaic-25.2\logs\log-20260603-174645-MaGaIntegratedStudy\bandwidthMeasurements\ALL#ALL#ALL#Dn.csv
88,89,88,89,region_central_degraded,UPLINK,84640,8000000,7915360,NOMINAL_MINUS_OBSERVED_DIAGNOSTIC,START_TIMESTAMP_FOR_INTERVAL,SAFE_AFTER_TIMESTAMP,tmp\mosaic-25.2\logs\log-20260603-174645-MaGaIntegratedStudy\bandwidthMeasurements\ALL#ALL#ALL#Up.csv
88,89,88,89,region_north_normal,DOWNLINK,558000,60000000,59442000,NOMINAL_MINUS_OBSERVED_DIAGNOSTIC,START_TIMESTAMP_FOR_INTERVAL,SAFE_AFTER_TIMESTAMP,tmp\mosaic-25.2\logs\log-20260603-174645-MaGaIntegratedStudy\bandwidthMeasurements\ALL#ALL#ALL#Dn.csv
88,89,88,89,region_north_normal,UPLINK,423200,40000000,39576800,NOMINAL_MINUS_OBSERVED_DIAGNOSTIC,START_TIMESTAMP_FOR_INTERVAL,SAFE_AFTER_TIMESTAMP,tmp\mosaic-25.2\logs\log-20260603-174645-MaGaIntegratedStudy\bandwidthMeasurements\ALL#ALL#ALL#Up.csv
89,90,89,90,globalNetwork,DOWNLINK,0,42200000,42200000,NOMINAL_MINUS_OBSERVED_DIAGNOSTIC,START_TIMESTAMP_FOR_INTERVAL,SAFE_AFTER_TIMESTAMP,tmp\mosaic-25.2\logs\log-20260603-174645-MaGaIntegratedStudy\bandwidthMeasurements\ALL#ALL#ALL#Dn.csv
89,90,89,90,globalNetwork,UPLINK,0,28000000,28000000,NOMINAL_MINUS_OBSERVED_DIAGNOSTIC,START_TIMESTAMP_FOR_INTERVAL,SAFE_AFTER_TIMESTAMP,tmp\mosaic-25.2\logs\log-20260603-174645-MaGaIntegratedStudy\bandwidthMeasurements\ALL#ALL#ALL#Up.csv
89,90,89,90,region_central_degraded,DOWNLINK,35712,12000000,11964288,NOMINAL_MINUS_OBSERVED_DIAGNOSTIC,START_TIMESTAMP_FOR_INTERVAL,SAFE_AFTER_TIMESTAMP,tmp\mosaic-25.2\logs\log-20260603-174645-MaGaIntegratedStudy\bandwidthMeasurements\ALL#ALL#ALL#Dn.csv
89,90,89,90,region_central_degraded,UPLINK,84640,8000000,7915360,NOMINAL_MINUS_OBSERVED_DIAGNOSTIC,START_TIMESTAMP_FOR_INTERVAL,SAFE_AFTER_TIMESTAMP,tmp\mosaic-25.2\logs\log-20260603-174645-MaGaIntegratedStudy\bandwidthMeasurements\ALL#ALL#ALL#Up.csv
89,90,89,90,region_north_normal,DOWNLINK,558000,60000000,59442000,NOMINAL_MINUS_OBSERVED_DIAGNOSTIC,START_TIMESTAMP_FOR_INTERVAL,SAFE_AFTER_TIMESTAMP,tmp\mosaic-25.2\logs\log-20260603-174645-MaGaIntegratedStudy\bandwidthMeasurements\ALL#ALL#ALL#Dn.csv
89,90,89,90,region_north_normal,UPLINK,423200,40000000,39576800,NOMINAL_MINUS_OBSERVED_DIAGNOSTIC,START_TIMESTAMP_FOR_INTERVAL,SAFE_AFTER_TIMESTAMP,tmp\mosaic-25.2\logs\log-20260603-174645-MaGaIntegratedStudy\bandwidthMeasurements\ALL#ALL#ALL#Up.csv
90,91,90,91,globalNetwork,DOWNLINK,0,42200000,42200000,NOMINAL_MINUS_OBSERVED_DIAGNOSTIC,START_TIMESTAMP_FOR_INTERVAL,SAFE_AFTER_TIMESTAMP,tmp\mosaic-25.2\logs\log-20260603-174645-MaGaIntegratedStudy\bandwidthMeasurements\ALL#ALL#ALL#Dn.csv
90,91,90,91,globalNetwork,UPLINK,0,28000000,28000000,NOMINAL_MINUS_OBSERVED_DIAGNOSTIC,START_TIMESTAMP_FOR_INTERVAL,SAFE_AFTER_TIMESTAMP,tmp\mosaic-25.2\logs\log-20260603-174645-MaGaIntegratedStudy\bandwidthMeasurements\ALL#ALL#ALL#Up.csv
90,91,90,91,region_central_degraded,DOWNLINK,17856,12000000,11982144,NOMINAL_MINUS_OBSERVED_DIAGNOSTIC,START_TIMESTAMP_FOR_INTERVAL,SAFE_AFTER_TIMESTAMP,tmp\mosaic-25.2\logs\log-20260603-174645-MaGaIntegratedStudy\bandwidthMeasurements\ALL#ALL#ALL#Dn.csv
90,91,90,91,region_central_degraded,UPLINK,84640,8000000,7915360,NOMINAL_MINUS_OBSERVED_DIAGNOSTIC,START_TIMESTAMP_FOR_INTERVAL,SAFE_AFTER_TIMESTAMP,tmp\mosaic-25.2\logs\log-20260603-174645-MaGaIntegratedStudy\bandwidthMeasurements\ALL#ALL#ALL#Up.csv
90,91,90,91,region_north_normal,DOWNLINK,558000,60000000,59442000,NOMINAL_MINUS_OBSERVED_DIAGNOSTIC,START_TIMESTAMP_FOR_INTERVAL,SAFE_AFTER_TIMESTAMP,tmp\mosaic-25.2\logs\log-20260603-174645-MaGaIntegratedStudy\bandwidthMeasurements\ALL#ALL#ALL#Dn.csv
90,91,90,91,region_north_normal,UPLINK,423200,40000000,39576800,NOMINAL_MINUS_OBSERVED_DIAGNOSTIC,START_TIMESTAMP_FOR_INTERVAL,SAFE_AFTER_TIMESTAMP,tmp\mosaic-25.2\logs\log-20260603-174645-MaGaIntegratedStudy\bandwidthMeasurements\ALL#ALL#ALL#Up.csv
91,92,91,92,globalNetwork,DOWNLINK,0,42200000,42200000,NOMINAL_MINUS_OBSERVED_DIAGNOSTIC,START_TIMESTAMP_FOR_INTERVAL,SAFE_AFTER_TIMESTAMP,tmp\mosaic-25.2\logs\log-20260603-174645-MaGaIntegratedStudy\bandwidthMeasurements\ALL#ALL#ALL#Dn.csv
91,92,91,92,globalNetwork,UPLINK,0,28000000,28000000,NOMINAL_MINUS_OBSERVED_DIAGNOSTIC,START_TIMESTAMP_FOR_INTERVAL,SAFE_AFTER_TIMESTAMP,tmp\mosaic-25.2\logs\log-20260603-174645-MaGaIntegratedStudy\bandwidthMeasurements\ALL#ALL#ALL#Up.csv
91,92,91,92,region_central_degraded,DOWNLINK,35712,12000000,11964288,NOMINAL_MINUS_OBSERVED_DIAGNOSTIC,START_TIMESTAMP_FOR_INTERVAL,SAFE_AFTER_TIMESTAMP,tmp\mosaic-25.2\logs\log-20260603-174645-MaGaIntegratedStudy\bandwidthMeasurements\ALL#ALL#ALL#Dn.csv
91,92,91,92,region_central_degraded,UPLINK,84640,8000000,7915360,NOMINAL_MINUS_OBSERVED_DIAGNOSTIC,START_TIMESTAMP_FOR_INTERVAL,SAFE_AFTER_TIMESTAMP,tmp\mosaic-25.2\logs\log-20260603-174645-MaGaIntegratedStudy\bandwidthMeasurements\ALL#ALL#ALL#Up.csv
91,92,91,92,region_north_normal,DOWNLINK,502200,60000000,59497800,NOMINAL_MINUS_OBSERVED_DIAGNOSTIC,START_TIMESTAMP_FOR_INTERVAL,SAFE_AFTER_TIMESTAMP,tmp\mosaic-25.2\logs\log-20260603-174645-MaGaIntegratedStudy\bandwidthMeasurements\ALL#ALL#ALL#Dn.csv
91,92,91,92,region_north_normal,UPLINK,380880,40000000,39619120,NOMINAL_MINUS_OBSERVED_DIAGNOSTIC,START_TIMESTAMP_FOR_INTERVAL,SAFE_AFTER_TIMESTAMP,tmp\mosaic-25.2\logs\log-20260603-174645-MaGaIntegratedStudy\bandwidthMeasurements\ALL#ALL#ALL#Up.csv
92,93,92,93,globalNetwork,DOWNLINK,0,42200000,42200000,NOMINAL_MINUS_OBSERVED_DIAGNOSTIC,START_TIMESTAMP_FOR_INTERVAL,SAFE_AFTER_TIMESTAMP,tmp\mosaic-25.2\logs\log-20260603-174645-MaGaIntegratedStudy\bandwidthMeasurements\ALL#ALL#ALL#Dn.csv
92,93,92,93,globalNetwork,UPLINK,0,28000000,28000000,NOMINAL_MINUS_OBSERVED_DIAGNOSTIC,START_TIMESTAMP_FOR_INTERVAL,SAFE_AFTER_TIMESTAMP,tmp\mosaic-25.2\logs\log-20260603-174645-MaGaIntegratedStudy\bandwidthMeasurements\ALL#ALL#ALL#Up.csv
92,93,92,93,region_central_degraded,DOWNLINK,53568,12000000,11946432,NOMINAL_MINUS_OBSERVED_DIAGNOSTIC,START_TIMESTAMP_FOR_INTERVAL,SAFE_AFTER_TIMESTAMP,tmp\mosaic-25.2\logs\log-20260603-174645-MaGaIntegratedStudy\bandwidthMeasurements\ALL#ALL#ALL#Dn.csv
92,93,92,93,region_central_degraded,UPLINK,126960,8000000,7873040,NOMINAL_MINUS_OBSERVED_DIAGNOSTIC,START_TIMESTAMP_FOR_INTERVAL,SAFE_AFTER_TIMESTAMP,tmp\mosaic-25.2\logs\log-20260603-174645-MaGaIntegratedStudy\bandwidthMeasurements\ALL#ALL#ALL#Up.csv
92,93,92,93,region_north_normal,DOWNLINK,502200,60000000,59497800,NOMINAL_MINUS_OBSERVED_DIAGNOSTIC,START_TIMESTAMP_FOR_INTERVAL,SAFE_AFTER_TIMESTAMP,tmp\mosaic-25.2\logs\log-20260603-174645-MaGaIntegratedStudy\bandwidthMeasurements\ALL#ALL#ALL#Dn.csv
92,93,92,93,region_north_normal,UPLINK,380880,40000000,39619120,NOMINAL_MINUS_OBSERVED_DIAGNOSTIC,START_TIMESTAMP_FOR_INTERVAL,SAFE_AFTER_TIMESTAMP,tmp\mosaic-25.2\logs\log-20260603-174645-MaGaIntegratedStudy\bandwidthMeasurements\ALL#ALL#ALL#Up.csv
93,94,93,94,globalNetwork,DOWNLINK,0,42200000,42200000,NOMINAL_MINUS_OBSERVED_DIAGNOSTIC,START_TIMESTAMP_FOR_INTERVAL,SAFE_AFTER_TIMESTAMP,tmp\mosaic-25.2\logs\log-20260603-174645-MaGaIntegratedStudy\bandwidthMeasurements\ALL#ALL#ALL#Dn.csv
93,94,93,94,globalNetwork,UPLINK,0,28000000,28000000,NOMINAL_MINUS_OBSERVED_DIAGNOSTIC,START_TIMESTAMP_FOR_INTERVAL,SAFE_AFTER_TIMESTAMP,tmp\mosaic-25.2\logs\log-20260603-174645-MaGaIntegratedStudy\bandwidthMeasurements\ALL#ALL#ALL#Up.csv
93,94,93,94,region_central_degraded,DOWNLINK,53568,12000000,11946432,NOMINAL_MINUS_OBSERVED_DIAGNOSTIC,START_TIMESTAMP_FOR_INTERVAL,SAFE_AFTER_TIMESTAMP,tmp\mosaic-25.2\logs\log-20260603-174645-MaGaIntegratedStudy\bandwidthMeasurements\ALL#ALL#ALL#Dn.csv
93,94,93,94,region_central_degraded,UPLINK,126960,8000000,7873040,NOMINAL_MINUS_OBSERVED_DIAGNOSTIC,START_TIMESTAMP_FOR_INTERVAL,SAFE_AFTER_TIMESTAMP,tmp\mosaic-25.2\logs\log-20260603-174645-MaGaIntegratedStudy\bandwidthMeasurements\ALL#ALL#ALL#Up.csv
93,94,93,94,region_north_normal,DOWNLINK,502200,60000000,59497800,NOMINAL_MINUS_OBSERVED_DIAGNOSTIC,START_TIMESTAMP_FOR_INTERVAL,SAFE_AFTER_TIMESTAMP,tmp\mosaic-25.2\logs\log-20260603-174645-MaGaIntegratedStudy\bandwidthMeasurements\ALL#ALL#ALL#Dn.csv
93,94,93,94,region_north_normal,UPLINK,380880,40000000,39619120,NOMINAL_MINUS_OBSERVED_DIAGNOSTIC,START_TIMESTAMP_FOR_INTERVAL,SAFE_AFTER_TIMESTAMP,tmp\mosaic-25.2\logs\log-20260603-174645-MaGaIntegratedStudy\bandwidthMeasurements\ALL#ALL#ALL#Up.csv
94,95,94,95,globalNetwork,DOWNLINK,0,42200000,42200000,NOMINAL_MINUS_OBSERVED_DIAGNOSTIC,START_TIMESTAMP_FOR_INTERVAL,SAFE_AFTER_TIMESTAMP,tmp\mosaic-25.2\logs\log-20260603-174645-MaGaIntegratedStudy\bandwidthMeasurements\ALL#ALL#ALL#Dn.csv
94,95,94,95,globalNetwork,UPLINK,0,28000000,28000000,NOMINAL_MINUS_OBSERVED_DIAGNOSTIC,START_TIMESTAMP_FOR_INTERVAL,SAFE_AFTER_TIMESTAMP,tmp\mosaic-25.2\logs\log-20260603-174645-MaGaIntegratedStudy\bandwidthMeasurements\ALL#ALL#ALL#Up.csv
94,95,94,95,region_central_degraded,DOWNLINK,53568,12000000,11946432,NOMINAL_MINUS_OBSERVED_DIAGNOSTIC,START_TIMESTAMP_FOR_INTERVAL,SAFE_AFTER_TIMESTAMP,tmp\mosaic-25.2\logs\log-20260603-174645-MaGaIntegratedStudy\bandwidthMeasurements\ALL#ALL#ALL#Dn.csv
94,95,94,95,region_central_degraded,UPLINK,126960,8000000,7873040,NOMINAL_MINUS_OBSERVED_DIAGNOSTIC,START_TIMESTAMP_FOR_INTERVAL,SAFE_AFTER_TIMESTAMP,tmp\mosaic-25.2\logs\log-20260603-174645-MaGaIntegratedStudy\bandwidthMeasurements\ALL#ALL#ALL#Up.csv
94,95,94,95,region_north_normal,DOWNLINK,502200,60000000,59497800,NOMINAL_MINUS_OBSERVED_DIAGNOSTIC,START_TIMESTAMP_FOR_INTERVAL,SAFE_AFTER_TIMESTAMP,tmp\mosaic-25.2\logs\log-20260603-174645-MaGaIntegratedStudy\bandwidthMeasurements\ALL#ALL#ALL#Dn.csv
94,95,94,95,region_north_normal,UPLINK,380880,40000000,39619120,NOMINAL_MINUS_OBSERVED_DIAGNOSTIC,START_TIMESTAMP_FOR_INTERVAL,SAFE_AFTER_TIMESTAMP,tmp\mosaic-25.2\logs\log-20260603-174645-MaGaIntegratedStudy\bandwidthMeasurements\ALL#ALL#ALL#Up.csv
95,96,95,96,globalNetwork,DOWNLINK,0,42200000,42200000,NOMINAL_MINUS_OBSERVED_DIAGNOSTIC,START_TIMESTAMP_FOR_INTERVAL,SAFE_AFTER_TIMESTAMP,tmp\mosaic-25.2\logs\log-20260603-174645-MaGaIntegratedStudy\bandwidthMeasurements\ALL#ALL#ALL#Dn.csv
95,96,95,96,globalNetwork,UPLINK,0,28000000,28000000,NOMINAL_MINUS_OBSERVED_DIAGNOSTIC,START_TIMESTAMP_FOR_INTERVAL,SAFE_AFTER_TIMESTAMP,tmp\mosaic-25.2\logs\log-20260603-174645-MaGaIntegratedStudy\bandwidthMeasurements\ALL#ALL#ALL#Up.csv
95,96,95,96,region_central_degraded,DOWNLINK,71424,12000000,11928576,NOMINAL_MINUS_OBSERVED_DIAGNOSTIC,START_TIMESTAMP_FOR_INTERVAL,SAFE_AFTER_TIMESTAMP,tmp\mosaic-25.2\logs\log-20260603-174645-MaGaIntegratedStudy\bandwidthMeasurements\ALL#ALL#ALL#Dn.csv
95,96,95,96,region_central_degraded,UPLINK,169280,8000000,7830720,NOMINAL_MINUS_OBSERVED_DIAGNOSTIC,START_TIMESTAMP_FOR_INTERVAL,SAFE_AFTER_TIMESTAMP,tmp\mosaic-25.2\logs\log-20260603-174645-MaGaIntegratedStudy\bandwidthMeasurements\ALL#ALL#ALL#Up.csv
95,96,95,96,region_north_normal,DOWNLINK,446400,60000000,59553600,NOMINAL_MINUS_OBSERVED_DIAGNOSTIC,START_TIMESTAMP_FOR_INTERVAL,SAFE_AFTER_TIMESTAMP,tmp\mosaic-25.2\logs\log-20260603-174645-MaGaIntegratedStudy\bandwidthMeasurements\ALL#ALL#ALL#Dn.csv
95,96,95,96,region_north_normal,UPLINK,338560,40000000,39661440,NOMINAL_MINUS_OBSERVED_DIAGNOSTIC,START_TIMESTAMP_FOR_INTERVAL,SAFE_AFTER_TIMESTAMP,tmp\mosaic-25.2\logs\log-20260603-174645-MaGaIntegratedStudy\bandwidthMeasurements\ALL#ALL#ALL#Up.csv
96,97,96,97,globalNetwork,DOWNLINK,0,42200000,42200000,NOMINAL_MINUS_OBSERVED_DIAGNOSTIC,START_TIMESTAMP_FOR_INTERVAL,SAFE_AFTER_TIMESTAMP,tmp\mosaic-25.2\logs\log-20260603-174645-MaGaIntegratedStudy\bandwidthMeasurements\ALL#ALL#ALL#Dn.csv
96,97,96,97,globalNetwork,UPLINK,0,28000000,28000000,NOMINAL_MINUS_OBSERVED_DIAGNOSTIC,START_TIMESTAMP_FOR_INTERVAL,SAFE_AFTER_TIMESTAMP,tmp\mosaic-25.2\logs\log-20260603-174645-MaGaIntegratedStudy\bandwidthMeasurements\ALL#ALL#ALL#Up.csv
96,97,96,97,region_central_degraded,DOWNLINK,71424,12000000,11928576,NOMINAL_MINUS_OBSERVED_DIAGNOSTIC,START_TIMESTAMP_FOR_INTERVAL,SAFE_AFTER_TIMESTAMP,tmp\mosaic-25.2\logs\log-20260603-174645-MaGaIntegratedStudy\bandwidthMeasurements\ALL#ALL#ALL#Dn.csv
96,97,96,97,region_central_degraded,UPLINK,169280,8000000,7830720,NOMINAL_MINUS_OBSERVED_DIAGNOSTIC,START_TIMESTAMP_FOR_INTERVAL,SAFE_AFTER_TIMESTAMP,tmp\mosaic-25.2\logs\log-20260603-174645-MaGaIntegratedStudy\bandwidthMeasurements\ALL#ALL#ALL#Up.csv
96,97,96,97,region_north_normal,DOWNLINK,446400,60000000,59553600,NOMINAL_MINUS_OBSERVED_DIAGNOSTIC,START_TIMESTAMP_FOR_INTERVAL,SAFE_AFTER_TIMESTAMP,tmp\mosaic-25.2\logs\log-20260603-174645-MaGaIntegratedStudy\bandwidthMeasurements\ALL#ALL#ALL#Dn.csv
96,97,96,97,region_north_normal,UPLINK,338560,40000000,39661440,NOMINAL_MINUS_OBSERVED_DIAGNOSTIC,START_TIMESTAMP_FOR_INTERVAL,SAFE_AFTER_TIMESTAMP,tmp\mosaic-25.2\logs\log-20260603-174645-MaGaIntegratedStudy\bandwidthMeasurements\ALL#ALL#ALL#Up.csv
97,98,97,98,globalNetwork,DOWNLINK,0,42200000,42200000,NOMINAL_MINUS_OBSERVED_DIAGNOSTIC,START_TIMESTAMP_FOR_INTERVAL,SAFE_AFTER_TIMESTAMP,tmp\mosaic-25.2\logs\log-20260603-174645-MaGaIntegratedStudy\bandwidthMeasurements\ALL#ALL#ALL#Dn.csv
97,98,97,98,globalNetwork,UPLINK,0,28000000,28000000,NOMINAL_MINUS_OBSERVED_DIAGNOSTIC,START_TIMESTAMP_FOR_INTERVAL,SAFE_AFTER_TIMESTAMP,tmp\mosaic-25.2\logs\log-20260603-174645-MaGaIntegratedStudy\bandwidthMeasurements\ALL#ALL#ALL#Up.csv
97,98,97,98,region_central_degraded,DOWNLINK,53568,12000000,11946432,NOMINAL_MINUS_OBSERVED_DIAGNOSTIC,START_TIMESTAMP_FOR_INTERVAL,SAFE_AFTER_TIMESTAMP,tmp\mosaic-25.2\logs\log-20260603-174645-MaGaIntegratedStudy\bandwidthMeasurements\ALL#ALL#ALL#Dn.csv
97,98,97,98,region_central_degraded,UPLINK,169280,8000000,7830720,NOMINAL_MINUS_OBSERVED_DIAGNOSTIC,START_TIMESTAMP_FOR_INTERVAL,SAFE_AFTER_TIMESTAMP,tmp\mosaic-25.2\logs\log-20260603-174645-MaGaIntegratedStudy\bandwidthMeasurements\ALL#ALL#ALL#Up.csv
97,98,97,98,region_north_normal,DOWNLINK,446400,60000000,59553600,NOMINAL_MINUS_OBSERVED_DIAGNOSTIC,START_TIMESTAMP_FOR_INTERVAL,SAFE_AFTER_TIMESTAMP,tmp\mosaic-25.2\logs\log-20260603-174645-MaGaIntegratedStudy\bandwidthMeasurements\ALL#ALL#ALL#Dn.csv
97,98,97,98,region_north_normal,UPLINK,338560,40000000,39661440,NOMINAL_MINUS_OBSERVED_DIAGNOSTIC,START_TIMESTAMP_FOR_INTERVAL,SAFE_AFTER_TIMESTAMP,tmp\mosaic-25.2\logs\log-20260603-174645-MaGaIntegratedStudy\bandwidthMeasurements\ALL#ALL#ALL#Up.csv
98,99,98,99,globalNetwork,DOWNLINK,0,42200000,42200000,NOMINAL_MINUS_OBSERVED_DIAGNOSTIC,START_TIMESTAMP_FOR_INTERVAL,SAFE_AFTER_TIMESTAMP,tmp\mosaic-25.2\logs\log-20260603-174645-MaGaIntegratedStudy\bandwidthMeasurements\ALL#ALL#ALL#Dn.csv
98,99,98,99,globalNetwork,UPLINK,0,28000000,28000000,NOMINAL_MINUS_OBSERVED_DIAGNOSTIC,START_TIMESTAMP_FOR_INTERVAL,SAFE_AFTER_TIMESTAMP,tmp\mosaic-25.2\logs\log-20260603-174645-MaGaIntegratedStudy\bandwidthMeasurements\ALL#ALL#ALL#Up.csv
98,99,98,99,region_central_degraded,DOWNLINK,71424,12000000,11928576,NOMINAL_MINUS_OBSERVED_DIAGNOSTIC,START_TIMESTAMP_FOR_INTERVAL,SAFE_AFTER_TIMESTAMP,tmp\mosaic-25.2\logs\log-20260603-174645-MaGaIntegratedStudy\bandwidthMeasurements\ALL#ALL#ALL#Dn.csv
98,99,98,99,region_central_degraded,UPLINK,169280,8000000,7830720,NOMINAL_MINUS_OBSERVED_DIAGNOSTIC,START_TIMESTAMP_FOR_INTERVAL,SAFE_AFTER_TIMESTAMP,tmp\mosaic-25.2\logs\log-20260603-174645-MaGaIntegratedStudy\bandwidthMeasurements\ALL#ALL#ALL#Up.csv
98,99,98,99,region_north_normal,DOWNLINK,446400,60000000,59553600,NOMINAL_MINUS_OBSERVED_DIAGNOSTIC,START_TIMESTAMP_FOR_INTERVAL,SAFE_AFTER_TIMESTAMP,tmp\mosaic-25.2\logs\log-20260603-174645-MaGaIntegratedStudy\bandwidthMeasurements\ALL#ALL#ALL#Dn.csv
98,99,98,99,region_north_normal,UPLINK,338560,40000000,39661440,NOMINAL_MINUS_OBSERVED_DIAGNOSTIC,START_TIMESTAMP_FOR_INTERVAL,SAFE_AFTER_TIMESTAMP,tmp\mosaic-25.2\logs\log-20260603-174645-MaGaIntegratedStudy\bandwidthMeasurements\ALL#ALL#ALL#Up.csv
99,100,99,100,globalNetwork,DOWNLINK,0,42200000,42200000,NOMINAL_MINUS_OBSERVED_DIAGNOSTIC,START_TIMESTAMP_FOR_INTERVAL,SAFE_AFTER_TIMESTAMP,tmp\mosaic-25.2\logs\log-20260603-174645-MaGaIntegratedStudy\bandwidthMeasurements\ALL#ALL#ALL#Dn.csv
99,100,99,100,globalNetwork,UPLINK,0,28000000,28000000,NOMINAL_MINUS_OBSERVED_DIAGNOSTIC,START_TIMESTAMP_FOR_INTERVAL,SAFE_AFTER_TIMESTAMP,tmp\mosaic-25.2\logs\log-20260603-174645-MaGaIntegratedStudy\bandwidthMeasurements\ALL#ALL#ALL#Up.csv
99,100,99,100,region_central_degraded,DOWNLINK,89280,12000000,11910720,NOMINAL_MINUS_OBSERVED_DIAGNOSTIC,START_TIMESTAMP_FOR_INTERVAL,SAFE_AFTER_TIMESTAMP,tmp\mosaic-25.2\logs\log-20260603-174645-MaGaIntegratedStudy\bandwidthMeasurements\ALL#ALL#ALL#Dn.csv
99,100,99,100,region_central_degraded,UPLINK,211600,8000000,7788400,NOMINAL_MINUS_OBSERVED_DIAGNOSTIC,START_TIMESTAMP_FOR_INTERVAL,SAFE_AFTER_TIMESTAMP,tmp\mosaic-25.2\logs\log-20260603-174645-MaGaIntegratedStudy\bandwidthMeasurements\ALL#ALL#ALL#Up.csv
99,100,99,100,region_north_normal,DOWNLINK,390600,60000000,59609400,NOMINAL_MINUS_OBSERVED_DIAGNOSTIC,START_TIMESTAMP_FOR_INTERVAL,SAFE_AFTER_TIMESTAMP,tmp\mosaic-25.2\logs\log-20260603-174645-MaGaIntegratedStudy\bandwidthMeasurements\ALL#ALL#ALL#Dn.csv
99,100,99,100,region_north_normal,UPLINK,296240,40000000,39703760,NOMINAL_MINUS_OBSERVED_DIAGNOSTIC,START_TIMESTAMP_FOR_INTERVAL,SAFE_AFTER_TIMESTAMP,tmp\mosaic-25.2\logs\log-20260603-174645-MaGaIntegratedStudy\bandwidthMeasurements\ALL#ALL#ALL#Up.csv
100,101,100,101,globalNetwork,DOWNLINK,0,42200000,42200000,NOMINAL_MINUS_OBSERVED_DIAGNOSTIC,START_TIMESTAMP_FOR_INTERVAL,SAFE_AFTER_TIMESTAMP,tmp\mosaic-25.2\logs\log-20260603-174645-MaGaIntegratedStudy\bandwidthMeasurements\ALL#ALL#ALL#Dn.csv
100,101,100,101,globalNetwork,UPLINK,0,28000000,28000000,NOMINAL_MINUS_OBSERVED_DIAGNOSTIC,START_TIMESTAMP_FOR_INTERVAL,SAFE_AFTER_TIMESTAMP,tmp\mosaic-25.2\logs\log-20260603-174645-MaGaIntegratedStudy\bandwidthMeasurements\ALL#ALL#ALL#Up.csv
100,101,100,101,region_central_degraded,DOWNLINK,89280,12000000,11910720,NOMINAL_MINUS_OBSERVED_DIAGNOSTIC,START_TIMESTAMP_FOR_INTERVAL,SAFE_AFTER_TIMESTAMP,tmp\mosaic-25.2\logs\log-20260603-174645-MaGaIntegratedStudy\bandwidthMeasurements\ALL#ALL#ALL#Dn.csv
100,101,100,101,region_central_degraded,UPLINK,211600,8000000,7788400,NOMINAL_MINUS_OBSERVED_DIAGNOSTIC,START_TIMESTAMP_FOR_INTERVAL,SAFE_AFTER_TIMESTAMP,tmp\mosaic-25.2\logs\log-20260603-174645-MaGaIntegratedStudy\bandwidthMeasurements\ALL#ALL#ALL#Up.csv
100,101,100,101,region_north_normal,DOWNLINK,390600,60000000,59609400,NOMINAL_MINUS_OBSERVED_DIAGNOSTIC,START_TIMESTAMP_FOR_INTERVAL,SAFE_AFTER_TIMESTAMP,tmp\mosaic-25.2\logs\log-20260603-174645-MaGaIntegratedStudy\bandwidthMeasurements\ALL#ALL#ALL#Dn.csv
100,101,100,101,region_north_normal,UPLINK,296240,40000000,39703760,NOMINAL_MINUS_OBSERVED_DIAGNOSTIC,START_TIMESTAMP_FOR_INTERVAL,SAFE_AFTER_TIMESTAMP,tmp\mosaic-25.2\logs\log-20260603-174645-MaGaIntegratedStudy\bandwidthMeasurements\ALL#ALL#ALL#Up.csv
101,102,101,102,globalNetwork,DOWNLINK,0,42200000,42200000,NOMINAL_MINUS_OBSERVED_DIAGNOSTIC,START_TIMESTAMP_FOR_INTERVAL,SAFE_AFTER_TIMESTAMP,tmp\mosaic-25.2\logs\log-20260603-174645-MaGaIntegratedStudy\bandwidthMeasurements\ALL#ALL#ALL#Dn.csv
101,102,101,102,globalNetwork,UPLINK,0,28000000,28000000,NOMINAL_MINUS_OBSERVED_DIAGNOSTIC,START_TIMESTAMP_FOR_INTERVAL,SAFE_AFTER_TIMESTAMP,tmp\mosaic-25.2\logs\log-20260603-174645-MaGaIntegratedStudy\bandwidthMeasurements\ALL#ALL#ALL#Up.csv
101,102,101,102,region_central_degraded,DOWNLINK,71424,12000000,11928576,NOMINAL_MINUS_OBSERVED_DIAGNOSTIC,START_TIMESTAMP_FOR_INTERVAL,SAFE_AFTER_TIMESTAMP,tmp\mosaic-25.2\logs\log-20260603-174645-MaGaIntegratedStudy\bandwidthMeasurements\ALL#ALL#ALL#Dn.csv
101,102,101,102,region_central_degraded,UPLINK,169280,8000000,7830720,NOMINAL_MINUS_OBSERVED_DIAGNOSTIC,START_TIMESTAMP_FOR_INTERVAL,SAFE_AFTER_TIMESTAMP,tmp\mosaic-25.2\logs\log-20260603-174645-MaGaIntegratedStudy\bandwidthMeasurements\ALL#ALL#ALL#Up.csv
101,102,101,102,region_north_normal,DOWNLINK,390600,60000000,59609400,NOMINAL_MINUS_OBSERVED_DIAGNOSTIC,START_TIMESTAMP_FOR_INTERVAL,SAFE_AFTER_TIMESTAMP,tmp\mosaic-25.2\logs\log-20260603-174645-MaGaIntegratedStudy\bandwidthMeasurements\ALL#ALL#ALL#Dn.csv
101,102,101,102,region_north_normal,UPLINK,296240,40000000,39703760,NOMINAL_MINUS_OBSERVED_DIAGNOSTIC,START_TIMESTAMP_FOR_INTERVAL,SAFE_AFTER_TIMESTAMP,tmp\mosaic-25.2\logs\log-20260603-174645-MaGaIntegratedStudy\bandwidthMeasurements\ALL#ALL#ALL#Up.csv
102,103,102,103,globalNetwork,DOWNLINK,0,42200000,42200000,NOMINAL_MINUS_OBSERVED_DIAGNOSTIC,START_TIMESTAMP_FOR_INTERVAL,SAFE_AFTER_TIMESTAMP,tmp\mosaic-25.2\logs\log-20260603-174645-MaGaIntegratedStudy\bandwidthMeasurements\ALL#ALL#ALL#Dn.csv
102,103,102,103,globalNetwork,UPLINK,0,28000000,28000000,NOMINAL_MINUS_OBSERVED_DIAGNOSTIC,START_TIMESTAMP_FOR_INTERVAL,SAFE_AFTER_TIMESTAMP,tmp\mosaic-25.2\logs\log-20260603-174645-MaGaIntegratedStudy\bandwidthMeasurements\ALL#ALL#ALL#Up.csv
102,103,102,103,region_central_degraded,DOWNLINK,89280,12000000,11910720,NOMINAL_MINUS_OBSERVED_DIAGNOSTIC,START_TIMESTAMP_FOR_INTERVAL,SAFE_AFTER_TIMESTAMP,tmp\mosaic-25.2\logs\log-20260603-174645-MaGaIntegratedStudy\bandwidthMeasurements\ALL#ALL#ALL#Dn.csv
102,103,102,103,region_central_degraded,UPLINK,211600,8000000,7788400,NOMINAL_MINUS_OBSERVED_DIAGNOSTIC,START_TIMESTAMP_FOR_INTERVAL,SAFE_AFTER_TIMESTAMP,tmp\mosaic-25.2\logs\log-20260603-174645-MaGaIntegratedStudy\bandwidthMeasurements\ALL#ALL#ALL#Up.csv
102,103,102,103,region_north_normal,DOWNLINK,390600,60000000,59609400,NOMINAL_MINUS_OBSERVED_DIAGNOSTIC,START_TIMESTAMP_FOR_INTERVAL,SAFE_AFTER_TIMESTAMP,tmp\mosaic-25.2\logs\log-20260603-174645-MaGaIntegratedStudy\bandwidthMeasurements\ALL#ALL#ALL#Dn.csv
102,103,102,103,region_north_normal,UPLINK,296240,40000000,39703760,NOMINAL_MINUS_OBSERVED_DIAGNOSTIC,START_TIMESTAMP_FOR_INTERVAL,SAFE_AFTER_TIMESTAMP,tmp\mosaic-25.2\logs\log-20260603-174645-MaGaIntegratedStudy\bandwidthMeasurements\ALL#ALL#ALL#Up.csv
103,104,103,104,globalNetwork,DOWNLINK,0,42200000,42200000,NOMINAL_MINUS_OBSERVED_DIAGNOSTIC,START_TIMESTAMP_FOR_INTERVAL,SAFE_AFTER_TIMESTAMP,tmp\mosaic-25.2\logs\log-20260603-174645-MaGaIntegratedStudy\bandwidthMeasurements\ALL#ALL#ALL#Dn.csv
103,104,103,104,globalNetwork,UPLINK,0,28000000,28000000,NOMINAL_MINUS_OBSERVED_DIAGNOSTIC,START_TIMESTAMP_FOR_INTERVAL,SAFE_AFTER_TIMESTAMP,tmp\mosaic-25.2\logs\log-20260603-174645-MaGaIntegratedStudy\bandwidthMeasurements\ALL#ALL#ALL#Up.csv
103,104,103,104,region_central_degraded,DOWNLINK,107136,12000000,11892864,NOMINAL_MINUS_OBSERVED_DIAGNOSTIC,START_TIMESTAMP_FOR_INTERVAL,SAFE_AFTER_TIMESTAMP,tmp\mosaic-25.2\logs\log-20260603-174645-MaGaIntegratedStudy\bandwidthMeasurements\ALL#ALL#ALL#Dn.csv
103,104,103,104,region_central_degraded,UPLINK,253920,8000000,7746080,NOMINAL_MINUS_OBSERVED_DIAGNOSTIC,START_TIMESTAMP_FOR_INTERVAL,SAFE_AFTER_TIMESTAMP,tmp\mosaic-25.2\logs\log-20260603-174645-MaGaIntegratedStudy\bandwidthMeasurements\ALL#ALL#ALL#Up.csv
103,104,103,104,region_north_normal,DOWNLINK,334800,60000000,59665200,NOMINAL_MINUS_OBSERVED_DIAGNOSTIC,START_TIMESTAMP_FOR_INTERVAL,SAFE_AFTER_TIMESTAMP,tmp\mosaic-25.2\logs\log-20260603-174645-MaGaIntegratedStudy\bandwidthMeasurements\ALL#ALL#ALL#Dn.csv
103,104,103,104,region_north_normal,UPLINK,253920,40000000,39746080,NOMINAL_MINUS_OBSERVED_DIAGNOSTIC,START_TIMESTAMP_FOR_INTERVAL,SAFE_AFTER_TIMESTAMP,tmp\mosaic-25.2\logs\log-20260603-174645-MaGaIntegratedStudy\bandwidthMeasurements\ALL#ALL#ALL#Up.csv
104,105,104,105,globalNetwork,DOWNLINK,0,42200000,42200000,NOMINAL_MINUS_OBSERVED_DIAGNOSTIC,START_TIMESTAMP_FOR_INTERVAL,SAFE_AFTER_TIMESTAMP,tmp\mosaic-25.2\logs\log-20260603-174645-MaGaIntegratedStudy\bandwidthMeasurements\ALL#ALL#ALL#Dn.csv
104,105,104,105,globalNetwork,UPLINK,0,28000000,28000000,NOMINAL_MINUS_OBSERVED_DIAGNOSTIC,START_TIMESTAMP_FOR_INTERVAL,SAFE_AFTER_TIMESTAMP,tmp\mosaic-25.2\logs\log-20260603-174645-MaGaIntegratedStudy\bandwidthMeasurements\ALL#ALL#ALL#Up.csv
104,105,104,105,region_central_degraded,DOWNLINK,71424,12000000,11928576,NOMINAL_MINUS_OBSERVED_DIAGNOSTIC,START_TIMESTAMP_FOR_INTERVAL,SAFE_AFTER_TIMESTAMP,tmp\mosaic-25.2\logs\log-20260603-174645-MaGaIntegratedStudy\bandwidthMeasurements\ALL#ALL#ALL#Dn.csv
104,105,104,105,region_central_degraded,UPLINK,169280,8000000,7830720,NOMINAL_MINUS_OBSERVED_DIAGNOSTIC,START_TIMESTAMP_FOR_INTERVAL,SAFE_AFTER_TIMESTAMP,tmp\mosaic-25.2\logs\log-20260603-174645-MaGaIntegratedStudy\bandwidthMeasurements\ALL#ALL#ALL#Up.csv
104,105,104,105,region_north_normal,DOWNLINK,334800,60000000,59665200,NOMINAL_MINUS_OBSERVED_DIAGNOSTIC,START_TIMESTAMP_FOR_INTERVAL,SAFE_AFTER_TIMESTAMP,tmp\mosaic-25.2\logs\log-20260603-174645-MaGaIntegratedStudy\bandwidthMeasurements\ALL#ALL#ALL#Dn.csv
104,105,104,105,region_north_normal,UPLINK,253920,40000000,39746080,NOMINAL_MINUS_OBSERVED_DIAGNOSTIC,START_TIMESTAMP_FOR_INTERVAL,SAFE_AFTER_TIMESTAMP,tmp\mosaic-25.2\logs\log-20260603-174645-MaGaIntegratedStudy\bandwidthMeasurements\ALL#ALL#ALL#Up.csv
105,106,105,106,globalNetwork,DOWNLINK,0,42200000,42200000,NOMINAL_MINUS_OBSERVED_DIAGNOSTIC,START_TIMESTAMP_FOR_INTERVAL,SAFE_AFTER_TIMESTAMP,tmp\mosaic-25.2\logs\log-20260603-174645-MaGaIntegratedStudy\bandwidthMeasurements\ALL#ALL#ALL#Dn.csv
105,106,105,106,globalNetwork,UPLINK,0,28000000,28000000,NOMINAL_MINUS_OBSERVED_DIAGNOSTIC,START_TIMESTAMP_FOR_INTERVAL,SAFE_AFTER_TIMESTAMP,tmp\mosaic-25.2\logs\log-20260603-174645-MaGaIntegratedStudy\bandwidthMeasurements\ALL#ALL#ALL#Up.csv
105,106,105,106,region_central_degraded,DOWNLINK,89280,12000000,11910720,NOMINAL_MINUS_OBSERVED_DIAGNOSTIC,START_TIMESTAMP_FOR_INTERVAL,SAFE_AFTER_TIMESTAMP,tmp\mosaic-25.2\logs\log-20260603-174645-MaGaIntegratedStudy\bandwidthMeasurements\ALL#ALL#ALL#Dn.csv
105,106,105,106,region_central_degraded,UPLINK,211600,8000000,7788400,NOMINAL_MINUS_OBSERVED_DIAGNOSTIC,START_TIMESTAMP_FOR_INTERVAL,SAFE_AFTER_TIMESTAMP,tmp\mosaic-25.2\logs\log-20260603-174645-MaGaIntegratedStudy\bandwidthMeasurements\ALL#ALL#ALL#Up.csv
105,106,105,106,region_north_normal,DOWNLINK,334800,60000000,59665200,NOMINAL_MINUS_OBSERVED_DIAGNOSTIC,START_TIMESTAMP_FOR_INTERVAL,SAFE_AFTER_TIMESTAMP,tmp\mosaic-25.2\logs\log-20260603-174645-MaGaIntegratedStudy\bandwidthMeasurements\ALL#ALL#ALL#Dn.csv
105,106,105,106,region_north_normal,UPLINK,253920,40000000,39746080,NOMINAL_MINUS_OBSERVED_DIAGNOSTIC,START_TIMESTAMP_FOR_INTERVAL,SAFE_AFTER_TIMESTAMP,tmp\mosaic-25.2\logs\log-20260603-174645-MaGaIntegratedStudy\bandwidthMeasurements\ALL#ALL#ALL#Up.csv
106,107,106,107,globalNetwork,DOWNLINK,0,42200000,42200000,NOMINAL_MINUS_OBSERVED_DIAGNOSTIC,START_TIMESTAMP_FOR_INTERVAL,SAFE_AFTER_TIMESTAMP,tmp\mosaic-25.2\logs\log-20260603-174645-MaGaIntegratedStudy\bandwidthMeasurements\ALL#ALL#ALL#Dn.csv
106,107,106,107,globalNetwork,UPLINK,0,28000000,28000000,NOMINAL_MINUS_OBSERVED_DIAGNOSTIC,START_TIMESTAMP_FOR_INTERVAL,SAFE_AFTER_TIMESTAMP,tmp\mosaic-25.2\logs\log-20260603-174645-MaGaIntegratedStudy\bandwidthMeasurements\ALL#ALL#ALL#Up.csv
106,107,106,107,region_central_degraded,DOWNLINK,107136,12000000,11892864,NOMINAL_MINUS_OBSERVED_DIAGNOSTIC,START_TIMESTAMP_FOR_INTERVAL,SAFE_AFTER_TIMESTAMP,tmp\mosaic-25.2\logs\log-20260603-174645-MaGaIntegratedStudy\bandwidthMeasurements\ALL#ALL#ALL#Dn.csv
106,107,106,107,region_central_degraded,UPLINK,253920,8000000,7746080,NOMINAL_MINUS_OBSERVED_DIAGNOSTIC,START_TIMESTAMP_FOR_INTERVAL,SAFE_AFTER_TIMESTAMP,tmp\mosaic-25.2\logs\log-20260603-174645-MaGaIntegratedStudy\bandwidthMeasurements\ALL#ALL#ALL#Up.csv
106,107,106,107,region_north_normal,DOWNLINK,334800,60000000,59665200,NOMINAL_MINUS_OBSERVED_DIAGNOSTIC,START_TIMESTAMP_FOR_INTERVAL,SAFE_AFTER_TIMESTAMP,tmp\mosaic-25.2\logs\log-20260603-174645-MaGaIntegratedStudy\bandwidthMeasurements\ALL#ALL#ALL#Dn.csv
106,107,106,107,region_north_normal,UPLINK,253920,40000000,39746080,NOMINAL_MINUS_OBSERVED_DIAGNOSTIC,START_TIMESTAMP_FOR_INTERVAL,SAFE_AFTER_TIMESTAMP,tmp\mosaic-25.2\logs\log-20260603-174645-MaGaIntegratedStudy\bandwidthMeasurements\ALL#ALL#ALL#Up.csv
107,108,107,108,globalNetwork,DOWNLINK,0,42200000,42200000,NOMINAL_MINUS_OBSERVED_DIAGNOSTIC,START_TIMESTAMP_FOR_INTERVAL,SAFE_AFTER_TIMESTAMP,tmp\mosaic-25.2\logs\log-20260603-174645-MaGaIntegratedStudy\bandwidthMeasurements\ALL#ALL#ALL#Dn.csv
107,108,107,108,globalNetwork,UPLINK,0,28000000,28000000,NOMINAL_MINUS_OBSERVED_DIAGNOSTIC,START_TIMESTAMP_FOR_INTERVAL,SAFE_AFTER_TIMESTAMP,tmp\mosaic-25.2\logs\log-20260603-174645-MaGaIntegratedStudy\bandwidthMeasurements\ALL#ALL#ALL#Up.csv
107,108,107,108,region_central_degraded,DOWNLINK,107136,12000000,11892864,NOMINAL_MINUS_OBSERVED_DIAGNOSTIC,START_TIMESTAMP_FOR_INTERVAL,SAFE_AFTER_TIMESTAMP,tmp\mosaic-25.2\logs\log-20260603-174645-MaGaIntegratedStudy\bandwidthMeasurements\ALL#ALL#ALL#Dn.csv
107,108,107,108,region_central_degraded,UPLINK,296240,8000000,7703760,NOMINAL_MINUS_OBSERVED_DIAGNOSTIC,START_TIMESTAMP_FOR_INTERVAL,SAFE_AFTER_TIMESTAMP,tmp\mosaic-25.2\logs\log-20260603-174645-MaGaIntegratedStudy\bandwidthMeasurements\ALL#ALL#ALL#Up.csv
107,108,107,108,region_north_normal,DOWNLINK,279000,60000000,59721000,NOMINAL_MINUS_OBSERVED_DIAGNOSTIC,START_TIMESTAMP_FOR_INTERVAL,SAFE_AFTER_TIMESTAMP,tmp\mosaic-25.2\logs\log-20260603-174645-MaGaIntegratedStudy\bandwidthMeasurements\ALL#ALL#ALL#Dn.csv
107,108,107,108,region_north_normal,UPLINK,211600,40000000,39788400,NOMINAL_MINUS_OBSERVED_DIAGNOSTIC,START_TIMESTAMP_FOR_INTERVAL,SAFE_AFTER_TIMESTAMP,tmp\mosaic-25.2\logs\log-20260603-174645-MaGaIntegratedStudy\bandwidthMeasurements\ALL#ALL#ALL#Up.csv
108,109,108,109,globalNetwork,DOWNLINK,0,42200000,42200000,NOMINAL_MINUS_OBSERVED_DIAGNOSTIC,START_TIMESTAMP_FOR_INTERVAL,SAFE_AFTER_TIMESTAMP,tmp\mosaic-25.2\logs\log-20260603-174645-MaGaIntegratedStudy\bandwidthMeasurements\ALL#ALL#ALL#Dn.csv
108,109,108,109,globalNetwork,UPLINK,0,28000000,28000000,NOMINAL_MINUS_OBSERVED_DIAGNOSTIC,START_TIMESTAMP_FOR_INTERVAL,SAFE_AFTER_TIMESTAMP,tmp\mosaic-25.2\logs\log-20260603-174645-MaGaIntegratedStudy\bandwidthMeasurements\ALL#ALL#ALL#Up.csv
108,109,108,109,region_central_degraded,DOWNLINK,107136,12000000,11892864,NOMINAL_MINUS_OBSERVED_DIAGNOSTIC,START_TIMESTAMP_FOR_INTERVAL,SAFE_AFTER_TIMESTAMP,tmp\mosaic-25.2\logs\log-20260603-174645-MaGaIntegratedStudy\bandwidthMeasurements\ALL#ALL#ALL#Dn.csv
108,109,108,109,region_central_degraded,UPLINK,253920,8000000,7746080,NOMINAL_MINUS_OBSERVED_DIAGNOSTIC,START_TIMESTAMP_FOR_INTERVAL,SAFE_AFTER_TIMESTAMP,tmp\mosaic-25.2\logs\log-20260603-174645-MaGaIntegratedStudy\bandwidthMeasurements\ALL#ALL#ALL#Up.csv
108,109,108,109,region_north_normal,DOWNLINK,279000,60000000,59721000,NOMINAL_MINUS_OBSERVED_DIAGNOSTIC,START_TIMESTAMP_FOR_INTERVAL,SAFE_AFTER_TIMESTAMP,tmp\mosaic-25.2\logs\log-20260603-174645-MaGaIntegratedStudy\bandwidthMeasurements\ALL#ALL#ALL#Dn.csv
108,109,108,109,region_north_normal,UPLINK,211600,40000000,39788400,NOMINAL_MINUS_OBSERVED_DIAGNOSTIC,START_TIMESTAMP_FOR_INTERVAL,SAFE_AFTER_TIMESTAMP,tmp\mosaic-25.2\logs\log-20260603-174645-MaGaIntegratedStudy\bandwidthMeasurements\ALL#ALL#ALL#Up.csv
109,110,109,110,globalNetwork,DOWNLINK,0,42200000,42200000,NOMINAL_MINUS_OBSERVED_DIAGNOSTIC,START_TIMESTAMP_FOR_INTERVAL,SAFE_AFTER_TIMESTAMP,tmp\mosaic-25.2\logs\log-20260603-174645-MaGaIntegratedStudy\bandwidthMeasurements\ALL#ALL#ALL#Dn.csv
109,110,109,110,globalNetwork,UPLINK,0,28000000,28000000,NOMINAL_MINUS_OBSERVED_DIAGNOSTIC,START_TIMESTAMP_FOR_INTERVAL,SAFE_AFTER_TIMESTAMP,tmp\mosaic-25.2\logs\log-20260603-174645-MaGaIntegratedStudy\bandwidthMeasurements\ALL#ALL#ALL#Up.csv
109,110,109,110,region_central_degraded,DOWNLINK,107136,12000000,11892864,NOMINAL_MINUS_OBSERVED_DIAGNOSTIC,START_TIMESTAMP_FOR_INTERVAL,SAFE_AFTER_TIMESTAMP,tmp\mosaic-25.2\logs\log-20260603-174645-MaGaIntegratedStudy\bandwidthMeasurements\ALL#ALL#ALL#Dn.csv
109,110,109,110,region_central_degraded,UPLINK,253920,8000000,7746080,NOMINAL_MINUS_OBSERVED_DIAGNOSTIC,START_TIMESTAMP_FOR_INTERVAL,SAFE_AFTER_TIMESTAMP,tmp\mosaic-25.2\logs\log-20260603-174645-MaGaIntegratedStudy\bandwidthMeasurements\ALL#ALL#ALL#Up.csv
109,110,109,110,region_north_normal,DOWNLINK,279000,60000000,59721000,NOMINAL_MINUS_OBSERVED_DIAGNOSTIC,START_TIMESTAMP_FOR_INTERVAL,SAFE_AFTER_TIMESTAMP,tmp\mosaic-25.2\logs\log-20260603-174645-MaGaIntegratedStudy\bandwidthMeasurements\ALL#ALL#ALL#Dn.csv
109,110,109,110,region_north_normal,UPLINK,211600,40000000,39788400,NOMINAL_MINUS_OBSERVED_DIAGNOSTIC,START_TIMESTAMP_FOR_INTERVAL,SAFE_AFTER_TIMESTAMP,tmp\mosaic-25.2\logs\log-20260603-174645-MaGaIntegratedStudy\bandwidthMeasurements\ALL#ALL#ALL#Up.csv
110,111,110,111,globalNetwork,DOWNLINK,0,42200000,42200000,NOMINAL_MINUS_OBSERVED_DIAGNOSTIC,START_TIMESTAMP_FOR_INTERVAL,SAFE_AFTER_TIMESTAMP,tmp\mosaic-25.2\logs\log-20260603-174645-MaGaIntegratedStudy\bandwidthMeasurements\ALL#ALL#ALL#Dn.csv
110,111,110,111,globalNetwork,UPLINK,0,28000000,28000000,NOMINAL_MINUS_OBSERVED_DIAGNOSTIC,START_TIMESTAMP_FOR_INTERVAL,SAFE_AFTER_TIMESTAMP,tmp\mosaic-25.2\logs\log-20260603-174645-MaGaIntegratedStudy\bandwidthMeasurements\ALL#ALL#ALL#Up.csv
110,111,110,111,region_central_degraded,DOWNLINK,124992,12000000,11875008,NOMINAL_MINUS_OBSERVED_DIAGNOSTIC,START_TIMESTAMP_FOR_INTERVAL,SAFE_AFTER_TIMESTAMP,tmp\mosaic-25.2\logs\log-20260603-174645-MaGaIntegratedStudy\bandwidthMeasurements\ALL#ALL#ALL#Dn.csv
110,111,110,111,region_central_degraded,UPLINK,296240,8000000,7703760,NOMINAL_MINUS_OBSERVED_DIAGNOSTIC,START_TIMESTAMP_FOR_INTERVAL,SAFE_AFTER_TIMESTAMP,tmp\mosaic-25.2\logs\log-20260603-174645-MaGaIntegratedStudy\bandwidthMeasurements\ALL#ALL#ALL#Up.csv
110,111,110,111,region_north_normal,DOWNLINK,279000,60000000,59721000,NOMINAL_MINUS_OBSERVED_DIAGNOSTIC,START_TIMESTAMP_FOR_INTERVAL,SAFE_AFTER_TIMESTAMP,tmp\mosaic-25.2\logs\log-20260603-174645-MaGaIntegratedStudy\bandwidthMeasurements\ALL#ALL#ALL#Dn.csv
110,111,110,111,region_north_normal,UPLINK,211600,40000000,39788400,NOMINAL_MINUS_OBSERVED_DIAGNOSTIC,START_TIMESTAMP_FOR_INTERVAL,SAFE_AFTER_TIMESTAMP,tmp\mosaic-25.2\logs\log-20260603-174645-MaGaIntegratedStudy\bandwidthMeasurements\ALL#ALL#ALL#Up.csv
111,112,111,112,globalNetwork,DOWNLINK,0,42200000,42200000,NOMINAL_MINUS_OBSERVED_DIAGNOSTIC,START_TIMESTAMP_FOR_INTERVAL,SAFE_AFTER_TIMESTAMP,tmp\mosaic-25.2\logs\log-20260603-174645-MaGaIntegratedStudy\bandwidthMeasurements\ALL#ALL#ALL#Dn.csv
111,112,111,112,globalNetwork,UPLINK,0,28000000,28000000,NOMINAL_MINUS_OBSERVED_DIAGNOSTIC,START_TIMESTAMP_FOR_INTERVAL,SAFE_AFTER_TIMESTAMP,tmp\mosaic-25.2\logs\log-20260603-174645-MaGaIntegratedStudy\bandwidthMeasurements\ALL#ALL#ALL#Up.csv
111,112,111,112,region_central_degraded,DOWNLINK,142848,12000000,11857152,NOMINAL_MINUS_OBSERVED_DIAGNOSTIC,START_TIMESTAMP_FOR_INTERVAL,SAFE_AFTER_TIMESTAMP,tmp\mosaic-25.2\logs\log-20260603-174645-MaGaIntegratedStudy\bandwidthMeasurements\ALL#ALL#ALL#Dn.csv
111,112,111,112,region_central_degraded,UPLINK,338560,8000000,7661440,NOMINAL_MINUS_OBSERVED_DIAGNOSTIC,START_TIMESTAMP_FOR_INTERVAL,SAFE_AFTER_TIMESTAMP,tmp\mosaic-25.2\logs\log-20260603-174645-MaGaIntegratedStudy\bandwidthMeasurements\ALL#ALL#ALL#Up.csv
111,112,111,112,region_north_normal,DOWNLINK,223200,60000000,59776800,NOMINAL_MINUS_OBSERVED_DIAGNOSTIC,START_TIMESTAMP_FOR_INTERVAL,SAFE_AFTER_TIMESTAMP,tmp\mosaic-25.2\logs\log-20260603-174645-MaGaIntegratedStudy\bandwidthMeasurements\ALL#ALL#ALL#Dn.csv
111,112,111,112,region_north_normal,UPLINK,169280,40000000,39830720,NOMINAL_MINUS_OBSERVED_DIAGNOSTIC,START_TIMESTAMP_FOR_INTERVAL,SAFE_AFTER_TIMESTAMP,tmp\mosaic-25.2\logs\log-20260603-174645-MaGaIntegratedStudy\bandwidthMeasurements\ALL#ALL#ALL#Up.csv
112,113,112,113,globalNetwork,DOWNLINK,0,42200000,42200000,NOMINAL_MINUS_OBSERVED_DIAGNOSTIC,START_TIMESTAMP_FOR_INTERVAL,SAFE_AFTER_TIMESTAMP,tmp\mosaic-25.2\logs\log-20260603-174645-MaGaIntegratedStudy\bandwidthMeasurements\ALL#ALL#ALL#Dn.csv
112,113,112,113,globalNetwork,UPLINK,0,28000000,28000000,NOMINAL_MINUS_OBSERVED_DIAGNOSTIC,START_TIMESTAMP_FOR_INTERVAL,SAFE_AFTER_TIMESTAMP,tmp\mosaic-25.2\logs\log-20260603-174645-MaGaIntegratedStudy\bandwidthMeasurements\ALL#ALL#ALL#Up.csv
112,113,112,113,region_central_degraded,DOWNLINK,89280,12000000,11910720,NOMINAL_MINUS_OBSERVED_DIAGNOSTIC,START_TIMESTAMP_FOR_INTERVAL,SAFE_AFTER_TIMESTAMP,tmp\mosaic-25.2\logs\log-20260603-174645-MaGaIntegratedStudy\bandwidthMeasurements\ALL#ALL#ALL#Dn.csv
112,113,112,113,region_central_degraded,UPLINK,338560,8000000,7661440,NOMINAL_MINUS_OBSERVED_DIAGNOSTIC,START_TIMESTAMP_FOR_INTERVAL,SAFE_AFTER_TIMESTAMP,tmp\mosaic-25.2\logs\log-20260603-174645-MaGaIntegratedStudy\bandwidthMeasurements\ALL#ALL#ALL#Up.csv
112,113,112,113,region_north_normal,DOWNLINK,223200,60000000,59776800,NOMINAL_MINUS_OBSERVED_DIAGNOSTIC,START_TIMESTAMP_FOR_INTERVAL,SAFE_AFTER_TIMESTAMP,tmp\mosaic-25.2\logs\log-20260603-174645-MaGaIntegratedStudy\bandwidthMeasurements\ALL#ALL#ALL#Dn.csv
112,113,112,113,region_north_normal,UPLINK,169280,40000000,39830720,NOMINAL_MINUS_OBSERVED_DIAGNOSTIC,START_TIMESTAMP_FOR_INTERVAL,SAFE_AFTER_TIMESTAMP,tmp\mosaic-25.2\logs\log-20260603-174645-MaGaIntegratedStudy\bandwidthMeasurements\ALL#ALL#ALL#Up.csv
113,114,113,114,globalNetwork,DOWNLINK,0,42200000,42200000,NOMINAL_MINUS_OBSERVED_DIAGNOSTIC,START_TIMESTAMP_FOR_INTERVAL,SAFE_AFTER_TIMESTAMP,tmp\mosaic-25.2\logs\log-20260603-174645-MaGaIntegratedStudy\bandwidthMeasurements\ALL#ALL#ALL#Dn.csv
113,114,113,114,globalNetwork,UPLINK,0,28000000,28000000,NOMINAL_MINUS_OBSERVED_DIAGNOSTIC,START_TIMESTAMP_FOR_INTERVAL,SAFE_AFTER_TIMESTAMP,tmp\mosaic-25.2\logs\log-20260603-174645-MaGaIntegratedStudy\bandwidthMeasurements\ALL#ALL#ALL#Up.csv
113,114,113,114,region_central_degraded,DOWNLINK,107136,12000000,11892864,NOMINAL_MINUS_OBSERVED_DIAGNOSTIC,START_TIMESTAMP_FOR_INTERVAL,SAFE_AFTER_TIMESTAMP,tmp\mosaic-25.2\logs\log-20260603-174645-MaGaIntegratedStudy\bandwidthMeasurements\ALL#ALL#ALL#Dn.csv
113,114,113,114,region_central_degraded,UPLINK,296240,8000000,7703760,NOMINAL_MINUS_OBSERVED_DIAGNOSTIC,START_TIMESTAMP_FOR_INTERVAL,SAFE_AFTER_TIMESTAMP,tmp\mosaic-25.2\logs\log-20260603-174645-MaGaIntegratedStudy\bandwidthMeasurements\ALL#ALL#ALL#Up.csv
113,114,113,114,region_north_normal,DOWNLINK,223200,60000000,59776800,NOMINAL_MINUS_OBSERVED_DIAGNOSTIC,START_TIMESTAMP_FOR_INTERVAL,SAFE_AFTER_TIMESTAMP,tmp\mosaic-25.2\logs\log-20260603-174645-MaGaIntegratedStudy\bandwidthMeasurements\ALL#ALL#ALL#Dn.csv
113,114,113,114,region_north_normal,UPLINK,169280,40000000,39830720,NOMINAL_MINUS_OBSERVED_DIAGNOSTIC,START_TIMESTAMP_FOR_INTERVAL,SAFE_AFTER_TIMESTAMP,tmp\mosaic-25.2\logs\log-20260603-174645-MaGaIntegratedStudy\bandwidthMeasurements\ALL#ALL#ALL#Up.csv
114,115,114,115,globalNetwork,DOWNLINK,0,42200000,42200000,NOMINAL_MINUS_OBSERVED_DIAGNOSTIC,START_TIMESTAMP_FOR_INTERVAL,SAFE_AFTER_TIMESTAMP,tmp\mosaic-25.2\logs\log-20260603-174645-MaGaIntegratedStudy\bandwidthMeasurements\ALL#ALL#ALL#Dn.csv
114,115,114,115,globalNetwork,UPLINK,0,28000000,28000000,NOMINAL_MINUS_OBSERVED_DIAGNOSTIC,START_TIMESTAMP_FOR_INTERVAL,SAFE_AFTER_TIMESTAMP,tmp\mosaic-25.2\logs\log-20260603-174645-MaGaIntegratedStudy\bandwidthMeasurements\ALL#ALL#ALL#Up.csv
114,115,114,115,region_central_degraded,DOWNLINK,107136,12000000,11892864,NOMINAL_MINUS_OBSERVED_DIAGNOSTIC,START_TIMESTAMP_FOR_INTERVAL,SAFE_AFTER_TIMESTAMP,tmp\mosaic-25.2\logs\log-20260603-174645-MaGaIntegratedStudy\bandwidthMeasurements\ALL#ALL#ALL#Dn.csv
114,115,114,115,region_central_degraded,UPLINK,338560,8000000,7661440,NOMINAL_MINUS_OBSERVED_DIAGNOSTIC,START_TIMESTAMP_FOR_INTERVAL,SAFE_AFTER_TIMESTAMP,tmp\mosaic-25.2\logs\log-20260603-174645-MaGaIntegratedStudy\bandwidthMeasurements\ALL#ALL#ALL#Up.csv
114,115,114,115,region_north_normal,DOWNLINK,223200,60000000,59776800,NOMINAL_MINUS_OBSERVED_DIAGNOSTIC,START_TIMESTAMP_FOR_INTERVAL,SAFE_AFTER_TIMESTAMP,tmp\mosaic-25.2\logs\log-20260603-174645-MaGaIntegratedStudy\bandwidthMeasurements\ALL#ALL#ALL#Dn.csv
114,115,114,115,region_north_normal,UPLINK,169280,40000000,39830720,NOMINAL_MINUS_OBSERVED_DIAGNOSTIC,START_TIMESTAMP_FOR_INTERVAL,SAFE_AFTER_TIMESTAMP,tmp\mosaic-25.2\logs\log-20260603-174645-MaGaIntegratedStudy\bandwidthMeasurements\ALL#ALL#ALL#Up.csv
115,116,115,116,globalNetwork,DOWNLINK,0,42200000,42200000,NOMINAL_MINUS_OBSERVED_DIAGNOSTIC,START_TIMESTAMP_FOR_INTERVAL,SAFE_AFTER_TIMESTAMP,tmp\mosaic-25.2\logs\log-20260603-174645-MaGaIntegratedStudy\bandwidthMeasurements\ALL#ALL#ALL#Dn.csv
115,116,115,116,globalNetwork,UPLINK,0,28000000,28000000,NOMINAL_MINUS_OBSERVED_DIAGNOSTIC,START_TIMESTAMP_FOR_INTERVAL,SAFE_AFTER_TIMESTAMP,tmp\mosaic-25.2\logs\log-20260603-174645-MaGaIntegratedStudy\bandwidthMeasurements\ALL#ALL#ALL#Up.csv
115,116,115,116,region_central_degraded,DOWNLINK,160704,12000000,11839296,NOMINAL_MINUS_OBSERVED_DIAGNOSTIC,START_TIMESTAMP_FOR_INTERVAL,SAFE_AFTER_TIMESTAMP,tmp\mosaic-25.2\logs\log-20260603-174645-MaGaIntegratedStudy\bandwidthMeasurements\ALL#ALL#ALL#Dn.csv
115,116,115,116,region_central_degraded,UPLINK,380880,8000000,7619120,NOMINAL_MINUS_OBSERVED_DIAGNOSTIC,START_TIMESTAMP_FOR_INTERVAL,SAFE_AFTER_TIMESTAMP,tmp\mosaic-25.2\logs\log-20260603-174645-MaGaIntegratedStudy\bandwidthMeasurements\ALL#ALL#ALL#Up.csv
115,116,115,116,region_north_normal,DOWNLINK,167400,60000000,59832600,NOMINAL_MINUS_OBSERVED_DIAGNOSTIC,START_TIMESTAMP_FOR_INTERVAL,SAFE_AFTER_TIMESTAMP,tmp\mosaic-25.2\logs\log-20260603-174645-MaGaIntegratedStudy\bandwidthMeasurements\ALL#ALL#ALL#Dn.csv
115,116,115,116,region_north_normal,UPLINK,126960,40000000,39873040,NOMINAL_MINUS_OBSERVED_DIAGNOSTIC,START_TIMESTAMP_FOR_INTERVAL,SAFE_AFTER_TIMESTAMP,tmp\mosaic-25.2\logs\log-20260603-174645-MaGaIntegratedStudy\bandwidthMeasurements\ALL#ALL#ALL#Up.csv
116,117,116,117,globalNetwork,DOWNLINK,0,42200000,42200000,NOMINAL_MINUS_OBSERVED_DIAGNOSTIC,START_TIMESTAMP_FOR_INTERVAL,SAFE_AFTER_TIMESTAMP,tmp\mosaic-25.2\logs\log-20260603-174645-MaGaIntegratedStudy\bandwidthMeasurements\ALL#ALL#ALL#Dn.csv
116,117,116,117,globalNetwork,UPLINK,0,28000000,28000000,NOMINAL_MINUS_OBSERVED_DIAGNOSTIC,START_TIMESTAMP_FOR_INTERVAL,SAFE_AFTER_TIMESTAMP,tmp\mosaic-25.2\logs\log-20260603-174645-MaGaIntegratedStudy\bandwidthMeasurements\ALL#ALL#ALL#Up.csv
116,117,116,117,region_central_degraded,DOWNLINK,160704,12000000,11839296,NOMINAL_MINUS_OBSERVED_DIAGNOSTIC,START_TIMESTAMP_FOR_INTERVAL,SAFE_AFTER_TIMESTAMP,tmp\mosaic-25.2\logs\log-20260603-174645-MaGaIntegratedStudy\bandwidthMeasurements\ALL#ALL#ALL#Dn.csv
116,117,116,117,region_central_degraded,UPLINK,380880,8000000,7619120,NOMINAL_MINUS_OBSERVED_DIAGNOSTIC,START_TIMESTAMP_FOR_INTERVAL,SAFE_AFTER_TIMESTAMP,tmp\mosaic-25.2\logs\log-20260603-174645-MaGaIntegratedStudy\bandwidthMeasurements\ALL#ALL#ALL#Up.csv
116,117,116,117,region_north_normal,DOWNLINK,167400,60000000,59832600,NOMINAL_MINUS_OBSERVED_DIAGNOSTIC,START_TIMESTAMP_FOR_INTERVAL,SAFE_AFTER_TIMESTAMP,tmp\mosaic-25.2\logs\log-20260603-174645-MaGaIntegratedStudy\bandwidthMeasurements\ALL#ALL#ALL#Dn.csv
116,117,116,117,region_north_normal,UPLINK,126960,40000000,39873040,NOMINAL_MINUS_OBSERVED_DIAGNOSTIC,START_TIMESTAMP_FOR_INTERVAL,SAFE_AFTER_TIMESTAMP,tmp\mosaic-25.2\logs\log-20260603-174645-MaGaIntegratedStudy\bandwidthMeasurements\ALL#ALL#ALL#Up.csv
117,118,117,118,globalNetwork,DOWNLINK,0,42200000,42200000,NOMINAL_MINUS_OBSERVED_DIAGNOSTIC,START_TIMESTAMP_FOR_INTERVAL,SAFE_AFTER_TIMESTAMP,tmp\mosaic-25.2\logs\log-20260603-174645-MaGaIntegratedStudy\bandwidthMeasurements\ALL#ALL#ALL#Dn.csv
117,118,117,118,globalNetwork,UPLINK,0,28000000,28000000,NOMINAL_MINUS_OBSERVED_DIAGNOSTIC,START_TIMESTAMP_FOR_INTERVAL,SAFE_AFTER_TIMESTAMP,tmp\mosaic-25.2\logs\log-20260603-174645-MaGaIntegratedStudy\bandwidthMeasurements\ALL#ALL#ALL#Up.csv
117,118,117,118,region_central_degraded,DOWNLINK,142848,12000000,11857152,NOMINAL_MINUS_OBSERVED_DIAGNOSTIC,START_TIMESTAMP_FOR_INTERVAL,SAFE_AFTER_TIMESTAMP,tmp\mosaic-25.2\logs\log-20260603-174645-MaGaIntegratedStudy\bandwidthMeasurements\ALL#ALL#ALL#Dn.csv
117,118,117,118,region_central_degraded,UPLINK,380880,8000000,7619120,NOMINAL_MINUS_OBSERVED_DIAGNOSTIC,START_TIMESTAMP_FOR_INTERVAL,SAFE_AFTER_TIMESTAMP,tmp\mosaic-25.2\logs\log-20260603-174645-MaGaIntegratedStudy\bandwidthMeasurements\ALL#ALL#ALL#Up.csv
117,118,117,118,region_north_normal,DOWNLINK,167400,60000000,59832600,NOMINAL_MINUS_OBSERVED_DIAGNOSTIC,START_TIMESTAMP_FOR_INTERVAL,SAFE_AFTER_TIMESTAMP,tmp\mosaic-25.2\logs\log-20260603-174645-MaGaIntegratedStudy\bandwidthMeasurements\ALL#ALL#ALL#Dn.csv
117,118,117,118,region_north_normal,UPLINK,126960,40000000,39873040,NOMINAL_MINUS_OBSERVED_DIAGNOSTIC,START_TIMESTAMP_FOR_INTERVAL,SAFE_AFTER_TIMESTAMP,tmp\mosaic-25.2\logs\log-20260603-174645-MaGaIntegratedStudy\bandwidthMeasurements\ALL#ALL#ALL#Up.csv
118,119,118,119,globalNetwork,DOWNLINK,0,42200000,42200000,NOMINAL_MINUS_OBSERVED_DIAGNOSTIC,START_TIMESTAMP_FOR_INTERVAL,SAFE_AFTER_TIMESTAMP,tmp\mosaic-25.2\logs\log-20260603-174645-MaGaIntegratedStudy\bandwidthMeasurements\ALL#ALL#ALL#Dn.csv
118,119,118,119,globalNetwork,UPLINK,0,28000000,28000000,NOMINAL_MINUS_OBSERVED_DIAGNOSTIC,START_TIMESTAMP_FOR_INTERVAL,SAFE_AFTER_TIMESTAMP,tmp\mosaic-25.2\logs\log-20260603-174645-MaGaIntegratedStudy\bandwidthMeasurements\ALL#ALL#ALL#Up.csv
118,119,118,119,region_central_degraded,DOWNLINK,160704,12000000,11839296,NOMINAL_MINUS_OBSERVED_DIAGNOSTIC,START_TIMESTAMP_FOR_INTERVAL,SAFE_AFTER_TIMESTAMP,tmp\mosaic-25.2\logs\log-20260603-174645-MaGaIntegratedStudy\bandwidthMeasurements\ALL#ALL#ALL#Dn.csv
118,119,118,119,region_central_degraded,UPLINK,380880,8000000,7619120,NOMINAL_MINUS_OBSERVED_DIAGNOSTIC,START_TIMESTAMP_FOR_INTERVAL,SAFE_AFTER_TIMESTAMP,tmp\mosaic-25.2\logs\log-20260603-174645-MaGaIntegratedStudy\bandwidthMeasurements\ALL#ALL#ALL#Up.csv
118,119,118,119,region_north_normal,DOWNLINK,167400,60000000,59832600,NOMINAL_MINUS_OBSERVED_DIAGNOSTIC,START_TIMESTAMP_FOR_INTERVAL,SAFE_AFTER_TIMESTAMP,tmp\mosaic-25.2\logs\log-20260603-174645-MaGaIntegratedStudy\bandwidthMeasurements\ALL#ALL#ALL#Dn.csv
118,119,118,119,region_north_normal,UPLINK,126960,40000000,39873040,NOMINAL_MINUS_OBSERVED_DIAGNOSTIC,START_TIMESTAMP_FOR_INTERVAL,SAFE_AFTER_TIMESTAMP,tmp\mosaic-25.2\logs\log-20260603-174645-MaGaIntegratedStudy\bandwidthMeasurements\ALL#ALL#ALL#Up.csv
119,120,119,120,globalNetwork,DOWNLINK,0,42200000,42200000,NOMINAL_MINUS_OBSERVED_DIAGNOSTIC,START_TIMESTAMP_FOR_INTERVAL,SAFE_AFTER_TIMESTAMP,tmp\mosaic-25.2\logs\log-20260603-174645-MaGaIntegratedStudy\bandwidthMeasurements\ALL#ALL#ALL#Dn.csv
119,120,119,120,globalNetwork,UPLINK,0,28000000,28000000,NOMINAL_MINUS_OBSERVED_DIAGNOSTIC,START_TIMESTAMP_FOR_INTERVAL,SAFE_AFTER_TIMESTAMP,tmp\mosaic-25.2\logs\log-20260603-174645-MaGaIntegratedStudy\bandwidthMeasurements\ALL#ALL#ALL#Up.csv
119,120,119,120,region_central_degraded,DOWNLINK,160704,12000000,11839296,NOMINAL_MINUS_OBSERVED_DIAGNOSTIC,START_TIMESTAMP_FOR_INTERVAL,SAFE_AFTER_TIMESTAMP,tmp\mosaic-25.2\logs\log-20260603-174645-MaGaIntegratedStudy\bandwidthMeasurements\ALL#ALL#ALL#Dn.csv
119,120,119,120,region_central_degraded,UPLINK,423200,8000000,7576800,NOMINAL_MINUS_OBSERVED_DIAGNOSTIC,START_TIMESTAMP_FOR_INTERVAL,SAFE_AFTER_TIMESTAMP,tmp\mosaic-25.2\logs\log-20260603-174645-MaGaIntegratedStudy\bandwidthMeasurements\ALL#ALL#ALL#Up.csv
119,120,119,120,region_north_normal,DOWNLINK,111600,60000000,59888400,NOMINAL_MINUS_OBSERVED_DIAGNOSTIC,START_TIMESTAMP_FOR_INTERVAL,SAFE_AFTER_TIMESTAMP,tmp\mosaic-25.2\logs\log-20260603-174645-MaGaIntegratedStudy\bandwidthMeasurements\ALL#ALL#ALL#Dn.csv
119,120,119,120,region_north_normal,UPLINK,84640,40000000,39915360,NOMINAL_MINUS_OBSERVED_DIAGNOSTIC,START_TIMESTAMP_FOR_INTERVAL,SAFE_AFTER_TIMESTAMP,tmp\mosaic-25.2\logs\log-20260603-174645-MaGaIntegratedStudy\bandwidthMeasurements\ALL#ALL#ALL#Up.csv
120,121,120,121,globalNetwork,DOWNLINK,0,42200000,42200000,NOMINAL_MINUS_OBSERVED_DIAGNOSTIC,START_TIMESTAMP_FOR_INTERVAL,SAFE_AFTER_TIMESTAMP,tmp\mosaic-25.2\logs\log-20260603-174645-MaGaIntegratedStudy\bandwidthMeasurements\ALL#ALL#ALL#Dn.csv
120,121,120,121,globalNetwork,UPLINK,0,28000000,28000000,NOMINAL_MINUS_OBSERVED_DIAGNOSTIC,START_TIMESTAMP_FOR_INTERVAL,SAFE_AFTER_TIMESTAMP,tmp\mosaic-25.2\logs\log-20260603-174645-MaGaIntegratedStudy\bandwidthMeasurements\ALL#ALL#ALL#Up.csv
120,121,120,121,region_central_degraded,DOWNLINK,160704,12000000,11839296,NOMINAL_MINUS_OBSERVED_DIAGNOSTIC,START_TIMESTAMP_FOR_INTERVAL,SAFE_AFTER_TIMESTAMP,tmp\mosaic-25.2\logs\log-20260603-174645-MaGaIntegratedStudy\bandwidthMeasurements\ALL#ALL#ALL#Dn.csv
120,121,120,121,region_central_degraded,UPLINK,380880,8000000,7619120,NOMINAL_MINUS_OBSERVED_DIAGNOSTIC,START_TIMESTAMP_FOR_INTERVAL,SAFE_AFTER_TIMESTAMP,tmp\mosaic-25.2\logs\log-20260603-174645-MaGaIntegratedStudy\bandwidthMeasurements\ALL#ALL#ALL#Up.csv
120,121,120,121,region_north_normal,DOWNLINK,111600,60000000,59888400,NOMINAL_MINUS_OBSERVED_DIAGNOSTIC,START_TIMESTAMP_FOR_INTERVAL,SAFE_AFTER_TIMESTAMP,tmp\mosaic-25.2\logs\log-20260603-174645-MaGaIntegratedStudy\bandwidthMeasurements\ALL#ALL#ALL#Dn.csv
120,121,120,121,region_north_normal,UPLINK,84640,40000000,39915360,NOMINAL_MINUS_OBSERVED_DIAGNOSTIC,START_TIMESTAMP_FOR_INTERVAL,SAFE_AFTER_TIMESTAMP,tmp\mosaic-25.2\logs\log-20260603-174645-MaGaIntegratedStudy\bandwidthMeasurements\ALL#ALL#ALL#Up.csv
121,122,121,122,globalNetwork,DOWNLINK,0,42200000,42200000,NOMINAL_MINUS_OBSERVED_DIAGNOSTIC,START_TIMESTAMP_FOR_INTERVAL,SAFE_AFTER_TIMESTAMP,tmp\mosaic-25.2\logs\log-20260603-174645-MaGaIntegratedStudy\bandwidthMeasurements\ALL#ALL#ALL#Dn.csv
121,122,121,122,globalNetwork,UPLINK,0,28000000,28000000,NOMINAL_MINUS_OBSERVED_DIAGNOSTIC,START_TIMESTAMP_FOR_INTERVAL,SAFE_AFTER_TIMESTAMP,tmp\mosaic-25.2\logs\log-20260603-174645-MaGaIntegratedStudy\bandwidthMeasurements\ALL#ALL#ALL#Up.csv
121,122,121,122,region_central_degraded,DOWNLINK,178560,12000000,11821440,NOMINAL_MINUS_OBSERVED_DIAGNOSTIC,START_TIMESTAMP_FOR_INTERVAL,SAFE_AFTER_TIMESTAMP,tmp\mosaic-25.2\logs\log-20260603-174645-MaGaIntegratedStudy\bandwidthMeasurements\ALL#ALL#ALL#Dn.csv
121,122,121,122,region_central_degraded,UPLINK,423200,8000000,7576800,NOMINAL_MINUS_OBSERVED_DIAGNOSTIC,START_TIMESTAMP_FOR_INTERVAL,SAFE_AFTER_TIMESTAMP,tmp\mosaic-25.2\logs\log-20260603-174645-MaGaIntegratedStudy\bandwidthMeasurements\ALL#ALL#ALL#Up.csv
121,122,121,122,region_north_normal,DOWNLINK,111600,60000000,59888400,NOMINAL_MINUS_OBSERVED_DIAGNOSTIC,START_TIMESTAMP_FOR_INTERVAL,SAFE_AFTER_TIMESTAMP,tmp\mosaic-25.2\logs\log-20260603-174645-MaGaIntegratedStudy\bandwidthMeasurements\ALL#ALL#ALL#Dn.csv
121,122,121,122,region_north_normal,UPLINK,84640,40000000,39915360,NOMINAL_MINUS_OBSERVED_DIAGNOSTIC,START_TIMESTAMP_FOR_INTERVAL,SAFE_AFTER_TIMESTAMP,tmp\mosaic-25.2\logs\log-20260603-174645-MaGaIntegratedStudy\bandwidthMeasurements\ALL#ALL#ALL#Up.csv
122,123,122,123,globalNetwork,DOWNLINK,0,42200000,42200000,NOMINAL_MINUS_OBSERVED_DIAGNOSTIC,START_TIMESTAMP_FOR_INTERVAL,SAFE_AFTER_TIMESTAMP,tmp\mosaic-25.2\logs\log-20260603-174645-MaGaIntegratedStudy\bandwidthMeasurements\ALL#ALL#ALL#Dn.csv
122,123,122,123,globalNetwork,UPLINK,0,28000000,28000000,NOMINAL_MINUS_OBSERVED_DIAGNOSTIC,START_TIMESTAMP_FOR_INTERVAL,SAFE_AFTER_TIMESTAMP,tmp\mosaic-25.2\logs\log-20260603-174645-MaGaIntegratedStudy\bandwidthMeasurements\ALL#ALL#ALL#Up.csv
122,123,122,123,region_central_degraded,DOWNLINK,178560,12000000,11821440,NOMINAL_MINUS_OBSERVED_DIAGNOSTIC,START_TIMESTAMP_FOR_INTERVAL,SAFE_AFTER_TIMESTAMP,tmp\mosaic-25.2\logs\log-20260603-174645-MaGaIntegratedStudy\bandwidthMeasurements\ALL#ALL#ALL#Dn.csv
122,123,122,123,region_central_degraded,UPLINK,423200,8000000,7576800,NOMINAL_MINUS_OBSERVED_DIAGNOSTIC,START_TIMESTAMP_FOR_INTERVAL,SAFE_AFTER_TIMESTAMP,tmp\mosaic-25.2\logs\log-20260603-174645-MaGaIntegratedStudy\bandwidthMeasurements\ALL#ALL#ALL#Up.csv
122,123,122,123,region_north_normal,DOWNLINK,111600,60000000,59888400,NOMINAL_MINUS_OBSERVED_DIAGNOSTIC,START_TIMESTAMP_FOR_INTERVAL,SAFE_AFTER_TIMESTAMP,tmp\mosaic-25.2\logs\log-20260603-174645-MaGaIntegratedStudy\bandwidthMeasurements\ALL#ALL#ALL#Dn.csv
122,123,122,123,region_north_normal,UPLINK,84640,40000000,39915360,NOMINAL_MINUS_OBSERVED_DIAGNOSTIC,START_TIMESTAMP_FOR_INTERVAL,SAFE_AFTER_TIMESTAMP,tmp\mosaic-25.2\logs\log-20260603-174645-MaGaIntegratedStudy\bandwidthMeasurements\ALL#ALL#ALL#Up.csv
123,124,123,124,globalNetwork,DOWNLINK,0,42200000,42200000,NOMINAL_MINUS_OBSERVED_DIAGNOSTIC,START_TIMESTAMP_FOR_INTERVAL,SAFE_AFTER_TIMESTAMP,tmp\mosaic-25.2\logs\log-20260603-174645-MaGaIntegratedStudy\bandwidthMeasurements\ALL#ALL#ALL#Dn.csv
123,124,123,124,globalNetwork,UPLINK,0,28000000,28000000,NOMINAL_MINUS_OBSERVED_DIAGNOSTIC,START_TIMESTAMP_FOR_INTERVAL,SAFE_AFTER_TIMESTAMP,tmp\mosaic-25.2\logs\log-20260603-174645-MaGaIntegratedStudy\bandwidthMeasurements\ALL#ALL#ALL#Up.csv
123,124,123,124,region_central_degraded,DOWNLINK,178560,12000000,11821440,NOMINAL_MINUS_OBSERVED_DIAGNOSTIC,START_TIMESTAMP_FOR_INTERVAL,SAFE_AFTER_TIMESTAMP,tmp\mosaic-25.2\logs\log-20260603-174645-MaGaIntegratedStudy\bandwidthMeasurements\ALL#ALL#ALL#Dn.csv
123,124,123,124,region_central_degraded,UPLINK,423200,8000000,7576800,NOMINAL_MINUS_OBSERVED_DIAGNOSTIC,START_TIMESTAMP_FOR_INTERVAL,SAFE_AFTER_TIMESTAMP,tmp\mosaic-25.2\logs\log-20260603-174645-MaGaIntegratedStudy\bandwidthMeasurements\ALL#ALL#ALL#Up.csv
123,124,123,124,region_north_normal,DOWNLINK,55800,60000000,59944200,NOMINAL_MINUS_OBSERVED_DIAGNOSTIC,START_TIMESTAMP_FOR_INTERVAL,SAFE_AFTER_TIMESTAMP,tmp\mosaic-25.2\logs\log-20260603-174645-MaGaIntegratedStudy\bandwidthMeasurements\ALL#ALL#ALL#Dn.csv
123,124,123,124,region_north_normal,UPLINK,42320,40000000,39957680,NOMINAL_MINUS_OBSERVED_DIAGNOSTIC,START_TIMESTAMP_FOR_INTERVAL,SAFE_AFTER_TIMESTAMP,tmp\mosaic-25.2\logs\log-20260603-174645-MaGaIntegratedStudy\bandwidthMeasurements\ALL#ALL#ALL#Up.csv
124,125,124,125,globalNetwork,DOWNLINK,0,42200000,42200000,NOMINAL_MINUS_OBSERVED_DIAGNOSTIC,START_TIMESTAMP_FOR_INTERVAL,SAFE_AFTER_TIMESTAMP,tmp\mosaic-25.2\logs\log-20260603-174645-MaGaIntegratedStudy\bandwidthMeasurements\ALL#ALL#ALL#Dn.csv
124,125,124,125,globalNetwork,UPLINK,0,28000000,28000000,NOMINAL_MINUS_OBSERVED_DIAGNOSTIC,START_TIMESTAMP_FOR_INTERVAL,SAFE_AFTER_TIMESTAMP,tmp\mosaic-25.2\logs\log-20260603-174645-MaGaIntegratedStudy\bandwidthMeasurements\ALL#ALL#ALL#Up.csv
124,125,124,125,region_central_degraded,DOWNLINK,178560,12000000,11821440,NOMINAL_MINUS_OBSERVED_DIAGNOSTIC,START_TIMESTAMP_FOR_INTERVAL,SAFE_AFTER_TIMESTAMP,tmp\mosaic-25.2\logs\log-20260603-174645-MaGaIntegratedStudy\bandwidthMeasurements\ALL#ALL#ALL#Dn.csv
124,125,124,125,region_central_degraded,UPLINK,423200,8000000,7576800,NOMINAL_MINUS_OBSERVED_DIAGNOSTIC,START_TIMESTAMP_FOR_INTERVAL,SAFE_AFTER_TIMESTAMP,tmp\mosaic-25.2\logs\log-20260603-174645-MaGaIntegratedStudy\bandwidthMeasurements\ALL#ALL#ALL#Up.csv
124,125,124,125,region_north_normal,DOWNLINK,55800,60000000,59944200,NOMINAL_MINUS_OBSERVED_DIAGNOSTIC,START_TIMESTAMP_FOR_INTERVAL,SAFE_AFTER_TIMESTAMP,tmp\mosaic-25.2\logs\log-20260603-174645-MaGaIntegratedStudy\bandwidthMeasurements\ALL#ALL#ALL#Dn.csv
124,125,124,125,region_north_normal,UPLINK,42320,40000000,39957680,NOMINAL_MINUS_OBSERVED_DIAGNOSTIC,START_TIMESTAMP_FOR_INTERVAL,SAFE_AFTER_TIMESTAMP,tmp\mosaic-25.2\logs\log-20260603-174645-MaGaIntegratedStudy\bandwidthMeasurements\ALL#ALL#ALL#Up.csv
125,126,125,126,globalNetwork,DOWNLINK,0,42200000,42200000,NOMINAL_MINUS_OBSERVED_DIAGNOSTIC,START_TIMESTAMP_FOR_INTERVAL,SAFE_AFTER_TIMESTAMP,tmp\mosaic-25.2\logs\log-20260603-174645-MaGaIntegratedStudy\bandwidthMeasurements\ALL#ALL#ALL#Dn.csv
125,126,125,126,globalNetwork,UPLINK,0,28000000,28000000,NOMINAL_MINUS_OBSERVED_DIAGNOSTIC,START_TIMESTAMP_FOR_INTERVAL,SAFE_AFTER_TIMESTAMP,tmp\mosaic-25.2\logs\log-20260603-174645-MaGaIntegratedStudy\bandwidthMeasurements\ALL#ALL#ALL#Up.csv
125,126,125,126,region_central_degraded,DOWNLINK,178560,12000000,11821440,NOMINAL_MINUS_OBSERVED_DIAGNOSTIC,START_TIMESTAMP_FOR_INTERVAL,SAFE_AFTER_TIMESTAMP,tmp\mosaic-25.2\logs\log-20260603-174645-MaGaIntegratedStudy\bandwidthMeasurements\ALL#ALL#ALL#Dn.csv
125,126,125,126,region_central_degraded,UPLINK,423200,8000000,7576800,NOMINAL_MINUS_OBSERVED_DIAGNOSTIC,START_TIMESTAMP_FOR_INTERVAL,SAFE_AFTER_TIMESTAMP,tmp\mosaic-25.2\logs\log-20260603-174645-MaGaIntegratedStudy\bandwidthMeasurements\ALL#ALL#ALL#Up.csv
125,126,125,126,region_north_normal,DOWNLINK,55800,60000000,59944200,NOMINAL_MINUS_OBSERVED_DIAGNOSTIC,START_TIMESTAMP_FOR_INTERVAL,SAFE_AFTER_TIMESTAMP,tmp\mosaic-25.2\logs\log-20260603-174645-MaGaIntegratedStudy\bandwidthMeasurements\ALL#ALL#ALL#Dn.csv
125,126,125,126,region_north_normal,UPLINK,42320,40000000,39957680,NOMINAL_MINUS_OBSERVED_DIAGNOSTIC,START_TIMESTAMP_FOR_INTERVAL,SAFE_AFTER_TIMESTAMP,tmp\mosaic-25.2\logs\log-20260603-174645-MaGaIntegratedStudy\bandwidthMeasurements\ALL#ALL#ALL#Up.csv
126,127,126,127,globalNetwork,DOWNLINK,0,42200000,42200000,NOMINAL_MINUS_OBSERVED_DIAGNOSTIC,START_TIMESTAMP_FOR_INTERVAL,SAFE_AFTER_TIMESTAMP,tmp\mosaic-25.2\logs\log-20260603-174645-MaGaIntegratedStudy\bandwidthMeasurements\ALL#ALL#ALL#Dn.csv
126,127,126,127,globalNetwork,UPLINK,0,28000000,28000000,NOMINAL_MINUS_OBSERVED_DIAGNOSTIC,START_TIMESTAMP_FOR_INTERVAL,SAFE_AFTER_TIMESTAMP,tmp\mosaic-25.2\logs\log-20260603-174645-MaGaIntegratedStudy\bandwidthMeasurements\ALL#ALL#ALL#Up.csv
126,127,126,127,region_central_degraded,DOWNLINK,160704,12000000,11839296,NOMINAL_MINUS_OBSERVED_DIAGNOSTIC,START_TIMESTAMP_FOR_INTERVAL,SAFE_AFTER_TIMESTAMP,tmp\mosaic-25.2\logs\log-20260603-174645-MaGaIntegratedStudy\bandwidthMeasurements\ALL#ALL#ALL#Dn.csv
126,127,126,127,region_central_degraded,UPLINK,423200,8000000,7576800,NOMINAL_MINUS_OBSERVED_DIAGNOSTIC,START_TIMESTAMP_FOR_INTERVAL,SAFE_AFTER_TIMESTAMP,tmp\mosaic-25.2\logs\log-20260603-174645-MaGaIntegratedStudy\bandwidthMeasurements\ALL#ALL#ALL#Up.csv
126,127,126,127,region_north_normal,DOWNLINK,55800,60000000,59944200,NOMINAL_MINUS_OBSERVED_DIAGNOSTIC,START_TIMESTAMP_FOR_INTERVAL,SAFE_AFTER_TIMESTAMP,tmp\mosaic-25.2\logs\log-20260603-174645-MaGaIntegratedStudy\bandwidthMeasurements\ALL#ALL#ALL#Dn.csv
126,127,126,127,region_north_normal,UPLINK,42320,40000000,39957680,NOMINAL_MINUS_OBSERVED_DIAGNOSTIC,START_TIMESTAMP_FOR_INTERVAL,SAFE_AFTER_TIMESTAMP,tmp\mosaic-25.2\logs\log-20260603-174645-MaGaIntegratedStudy\bandwidthMeasurements\ALL#ALL#ALL#Up.csv
127,128,127,128,globalNetwork,DOWNLINK,0,42200000,42200000,NOMINAL_MINUS_OBSERVED_DIAGNOSTIC,START_TIMESTAMP_FOR_INTERVAL,SAFE_AFTER_TIMESTAMP,tmp\mosaic-25.2\logs\log-20260603-174645-MaGaIntegratedStudy\bandwidthMeasurements\ALL#ALL#ALL#Dn.csv
127,128,127,128,globalNetwork,UPLINK,0,28000000,28000000,NOMINAL_MINUS_OBSERVED_DIAGNOSTIC,START_TIMESTAMP_FOR_INTERVAL,SAFE_AFTER_TIMESTAMP,tmp\mosaic-25.2\logs\log-20260603-174645-MaGaIntegratedStudy\bandwidthMeasurements\ALL#ALL#ALL#Up.csv
127,128,127,128,region_central_degraded,DOWNLINK,142848,12000000,11857152,NOMINAL_MINUS_OBSERVED_DIAGNOSTIC,START_TIMESTAMP_FOR_INTERVAL,SAFE_AFTER_TIMESTAMP,tmp\mosaic-25.2\logs\log-20260603-174645-MaGaIntegratedStudy\bandwidthMeasurements\ALL#ALL#ALL#Dn.csv
127,128,127,128,region_central_degraded,UPLINK,380880,8000000,7619120,NOMINAL_MINUS_OBSERVED_DIAGNOSTIC,START_TIMESTAMP_FOR_INTERVAL,SAFE_AFTER_TIMESTAMP,tmp\mosaic-25.2\logs\log-20260603-174645-MaGaIntegratedStudy\bandwidthMeasurements\ALL#ALL#ALL#Up.csv
127,128,127,128,region_north_normal,DOWNLINK,0,60000000,60000000,NOMINAL_MINUS_OBSERVED_DIAGNOSTIC,START_TIMESTAMP_FOR_INTERVAL,SAFE_AFTER_TIMESTAMP,tmp\mosaic-25.2\logs\log-20260603-174645-MaGaIntegratedStudy\bandwidthMeasurements\ALL#ALL#ALL#Dn.csv
127,128,127,128,region_north_normal,UPLINK,0,40000000,40000000,NOMINAL_MINUS_OBSERVED_DIAGNOSTIC,START_TIMESTAMP_FOR_INTERVAL,SAFE_AFTER_TIMESTAMP,tmp\mosaic-25.2\logs\log-20260603-174645-MaGaIntegratedStudy\bandwidthMeasurements\ALL#ALL#ALL#Up.csv
128,129,128,129,globalNetwork,DOWNLINK,0,42200000,42200000,NOMINAL_MINUS_OBSERVED_DIAGNOSTIC,START_TIMESTAMP_FOR_INTERVAL,SAFE_AFTER_TIMESTAMP,tmp\mosaic-25.2\logs\log-20260603-174645-MaGaIntegratedStudy\bandwidthMeasurements\ALL#ALL#ALL#Dn.csv
128,129,128,129,globalNetwork,UPLINK,0,28000000,28000000,NOMINAL_MINUS_OBSERVED_DIAGNOSTIC,START_TIMESTAMP_FOR_INTERVAL,SAFE_AFTER_TIMESTAMP,tmp\mosaic-25.2\logs\log-20260603-174645-MaGaIntegratedStudy\bandwidthMeasurements\ALL#ALL#ALL#Up.csv
128,129,128,129,region_central_degraded,DOWNLINK,214272,12000000,11785728,NOMINAL_MINUS_OBSERVED_DIAGNOSTIC,START_TIMESTAMP_FOR_INTERVAL,SAFE_AFTER_TIMESTAMP,tmp\mosaic-25.2\logs\log-20260603-174645-MaGaIntegratedStudy\bandwidthMeasurements\ALL#ALL#ALL#Dn.csv
128,129,128,129,region_central_degraded,UPLINK,507840,8000000,7492160,NOMINAL_MINUS_OBSERVED_DIAGNOSTIC,START_TIMESTAMP_FOR_INTERVAL,SAFE_AFTER_TIMESTAMP,tmp\mosaic-25.2\logs\log-20260603-174645-MaGaIntegratedStudy\bandwidthMeasurements\ALL#ALL#ALL#Up.csv
128,129,128,129,region_north_normal,DOWNLINK,0,60000000,60000000,NOMINAL_MINUS_OBSERVED_DIAGNOSTIC,START_TIMESTAMP_FOR_INTERVAL,SAFE_AFTER_TIMESTAMP,tmp\mosaic-25.2\logs\log-20260603-174645-MaGaIntegratedStudy\bandwidthMeasurements\ALL#ALL#ALL#Dn.csv
128,129,128,129,region_north_normal,UPLINK,0,40000000,40000000,NOMINAL_MINUS_OBSERVED_DIAGNOSTIC,START_TIMESTAMP_FOR_INTERVAL,SAFE_AFTER_TIMESTAMP,tmp\mosaic-25.2\logs\log-20260603-174645-MaGaIntegratedStudy\bandwidthMeasurements\ALL#ALL#ALL#Up.csv
129,130,129,130,globalNetwork,DOWNLINK,0,42200000,42200000,NOMINAL_MINUS_OBSERVED_DIAGNOSTIC,START_TIMESTAMP_FOR_INTERVAL,SAFE_AFTER_TIMESTAMP,tmp\mosaic-25.2\logs\log-20260603-174645-MaGaIntegratedStudy\bandwidthMeasurements\ALL#ALL#ALL#Dn.csv
129,130,129,130,globalNetwork,UPLINK,0,28000000,28000000,NOMINAL_MINUS_OBSERVED_DIAGNOSTIC,START_TIMESTAMP_FOR_INTERVAL,SAFE_AFTER_TIMESTAMP,tmp\mosaic-25.2\logs\log-20260603-174645-MaGaIntegratedStudy\bandwidthMeasurements\ALL#ALL#ALL#Up.csv
129,130,129,130,region_central_degraded,DOWNLINK,196416,12000000,11803584,NOMINAL_MINUS_OBSERVED_DIAGNOSTIC,START_TIMESTAMP_FOR_INTERVAL,SAFE_AFTER_TIMESTAMP,tmp\mosaic-25.2\logs\log-20260603-174645-MaGaIntegratedStudy\bandwidthMeasurements\ALL#ALL#ALL#Dn.csv
129,130,129,130,region_central_degraded,UPLINK,465520,8000000,7534480,NOMINAL_MINUS_OBSERVED_DIAGNOSTIC,START_TIMESTAMP_FOR_INTERVAL,SAFE_AFTER_TIMESTAMP,tmp\mosaic-25.2\logs\log-20260603-174645-MaGaIntegratedStudy\bandwidthMeasurements\ALL#ALL#ALL#Up.csv
129,130,129,130,region_north_normal,DOWNLINK,0,60000000,60000000,NOMINAL_MINUS_OBSERVED_DIAGNOSTIC,START_TIMESTAMP_FOR_INTERVAL,SAFE_AFTER_TIMESTAMP,tmp\mosaic-25.2\logs\log-20260603-174645-MaGaIntegratedStudy\bandwidthMeasurements\ALL#ALL#ALL#Dn.csv
129,130,129,130,region_north_normal,UPLINK,0,40000000,40000000,NOMINAL_MINUS_OBSERVED_DIAGNOSTIC,START_TIMESTAMP_FOR_INTERVAL,SAFE_AFTER_TIMESTAMP,tmp\mosaic-25.2\logs\log-20260603-174645-MaGaIntegratedStudy\bandwidthMeasurements\ALL#ALL#ALL#Up.csv
130,131,130,131,globalNetwork,DOWNLINK,0,42200000,42200000,NOMINAL_MINUS_OBSERVED_DIAGNOSTIC,START_TIMESTAMP_FOR_INTERVAL,SAFE_AFTER_TIMESTAMP,tmp\mosaic-25.2\logs\log-20260603-174645-MaGaIntegratedStudy\bandwidthMeasurements\ALL#ALL#ALL#Dn.csv
130,131,130,131,globalNetwork,UPLINK,0,28000000,28000000,NOMINAL_MINUS_OBSERVED_DIAGNOSTIC,START_TIMESTAMP_FOR_INTERVAL,SAFE_AFTER_TIMESTAMP,tmp\mosaic-25.2\logs\log-20260603-174645-MaGaIntegratedStudy\bandwidthMeasurements\ALL#ALL#ALL#Up.csv
130,131,130,131,region_central_degraded,DOWNLINK,214272,12000000,11785728,NOMINAL_MINUS_OBSERVED_DIAGNOSTIC,START_TIMESTAMP_FOR_INTERVAL,SAFE_AFTER_TIMESTAMP,tmp\mosaic-25.2\logs\log-20260603-174645-MaGaIntegratedStudy\bandwidthMeasurements\ALL#ALL#ALL#Dn.csv
130,131,130,131,region_central_degraded,UPLINK,507840,8000000,7492160,NOMINAL_MINUS_OBSERVED_DIAGNOSTIC,START_TIMESTAMP_FOR_INTERVAL,SAFE_AFTER_TIMESTAMP,tmp\mosaic-25.2\logs\log-20260603-174645-MaGaIntegratedStudy\bandwidthMeasurements\ALL#ALL#ALL#Up.csv
130,131,130,131,region_north_normal,DOWNLINK,0,60000000,60000000,NOMINAL_MINUS_OBSERVED_DIAGNOSTIC,START_TIMESTAMP_FOR_INTERVAL,SAFE_AFTER_TIMESTAMP,tmp\mosaic-25.2\logs\log-20260603-174645-MaGaIntegratedStudy\bandwidthMeasurements\ALL#ALL#ALL#Dn.csv
130,131,130,131,region_north_normal,UPLINK,0,40000000,40000000,NOMINAL_MINUS_OBSERVED_DIAGNOSTIC,START_TIMESTAMP_FOR_INTERVAL,SAFE_AFTER_TIMESTAMP,tmp\mosaic-25.2\logs\log-20260603-174645-MaGaIntegratedStudy\bandwidthMeasurements\ALL#ALL#ALL#Up.csv
131,132,131,132,globalNetwork,DOWNLINK,0,42200000,42200000,NOMINAL_MINUS_OBSERVED_DIAGNOSTIC,START_TIMESTAMP_FOR_INTERVAL,SAFE_AFTER_TIMESTAMP,tmp\mosaic-25.2\logs\log-20260603-174645-MaGaIntegratedStudy\bandwidthMeasurements\ALL#ALL#ALL#Dn.csv
131,132,131,132,globalNetwork,UPLINK,0,28000000,28000000,NOMINAL_MINUS_OBSERVED_DIAGNOSTIC,START_TIMESTAMP_FOR_INTERVAL,SAFE_AFTER_TIMESTAMP,tmp\mosaic-25.2\logs\log-20260603-174645-MaGaIntegratedStudy\bandwidthMeasurements\ALL#ALL#ALL#Up.csv
131,132,131,132,region_central_degraded,DOWNLINK,196416,12000000,11803584,NOMINAL_MINUS_OBSERVED_DIAGNOSTIC,START_TIMESTAMP_FOR_INTERVAL,SAFE_AFTER_TIMESTAMP,tmp\mosaic-25.2\logs\log-20260603-174645-MaGaIntegratedStudy\bandwidthMeasurements\ALL#ALL#ALL#Dn.csv
131,132,131,132,region_central_degraded,UPLINK,465520,8000000,7534480,NOMINAL_MINUS_OBSERVED_DIAGNOSTIC,START_TIMESTAMP_FOR_INTERVAL,SAFE_AFTER_TIMESTAMP,tmp\mosaic-25.2\logs\log-20260603-174645-MaGaIntegratedStudy\bandwidthMeasurements\ALL#ALL#ALL#Up.csv
131,132,131,132,region_north_normal,DOWNLINK,0,60000000,60000000,NOMINAL_MINUS_OBSERVED_DIAGNOSTIC,START_TIMESTAMP_FOR_INTERVAL,SAFE_AFTER_TIMESTAMP,tmp\mosaic-25.2\logs\log-20260603-174645-MaGaIntegratedStudy\bandwidthMeasurements\ALL#ALL#ALL#Dn.csv
131,132,131,132,region_north_normal,UPLINK,0,40000000,40000000,NOMINAL_MINUS_OBSERVED_DIAGNOSTIC,START_TIMESTAMP_FOR_INTERVAL,SAFE_AFTER_TIMESTAMP,tmp\mosaic-25.2\logs\log-20260603-174645-MaGaIntegratedStudy\bandwidthMeasurements\ALL#ALL#ALL#Up.csv
132,133,132,133,globalNetwork,DOWNLINK,44640,42200000,42155360,NOMINAL_MINUS_OBSERVED_DIAGNOSTIC,START_TIMESTAMP_FOR_INTERVAL,SAFE_AFTER_TIMESTAMP,tmp\mosaic-25.2\logs\log-20260603-174645-MaGaIntegratedStudy\bandwidthMeasurements\ALL#ALL#ALL#Dn.csv
132,133,132,133,globalNetwork,UPLINK,42320,28000000,27957680,NOMINAL_MINUS_OBSERVED_DIAGNOSTIC,START_TIMESTAMP_FOR_INTERVAL,SAFE_AFTER_TIMESTAMP,tmp\mosaic-25.2\logs\log-20260603-174645-MaGaIntegratedStudy\bandwidthMeasurements\ALL#ALL#ALL#Up.csv
132,133,132,133,region_central_degraded,DOWNLINK,142848,12000000,11857152,NOMINAL_MINUS_OBSERVED_DIAGNOSTIC,START_TIMESTAMP_FOR_INTERVAL,SAFE_AFTER_TIMESTAMP,tmp\mosaic-25.2\logs\log-20260603-174645-MaGaIntegratedStudy\bandwidthMeasurements\ALL#ALL#ALL#Dn.csv
132,133,132,133,region_central_degraded,UPLINK,380880,8000000,7619120,NOMINAL_MINUS_OBSERVED_DIAGNOSTIC,START_TIMESTAMP_FOR_INTERVAL,SAFE_AFTER_TIMESTAMP,tmp\mosaic-25.2\logs\log-20260603-174645-MaGaIntegratedStudy\bandwidthMeasurements\ALL#ALL#ALL#Up.csv
132,133,132,133,region_north_normal,DOWNLINK,0,60000000,60000000,NOMINAL_MINUS_OBSERVED_DIAGNOSTIC,START_TIMESTAMP_FOR_INTERVAL,SAFE_AFTER_TIMESTAMP,tmp\mosaic-25.2\logs\log-20260603-174645-MaGaIntegratedStudy\bandwidthMeasurements\ALL#ALL#ALL#Dn.csv
132,133,132,133,region_north_normal,UPLINK,0,40000000,40000000,NOMINAL_MINUS_OBSERVED_DIAGNOSTIC,START_TIMESTAMP_FOR_INTERVAL,SAFE_AFTER_TIMESTAMP,tmp\mosaic-25.2\logs\log-20260603-174645-MaGaIntegratedStudy\bandwidthMeasurements\ALL#ALL#ALL#Up.csv
133,134,133,134,globalNetwork,DOWNLINK,44640,42200000,42155360,NOMINAL_MINUS_OBSERVED_DIAGNOSTIC,START_TIMESTAMP_FOR_INTERVAL,SAFE_AFTER_TIMESTAMP,tmp\mosaic-25.2\logs\log-20260603-174645-MaGaIntegratedStudy\bandwidthMeasurements\ALL#ALL#ALL#Dn.csv
133,134,133,134,globalNetwork,UPLINK,42320,28000000,27957680,NOMINAL_MINUS_OBSERVED_DIAGNOSTIC,START_TIMESTAMP_FOR_INTERVAL,SAFE_AFTER_TIMESTAMP,tmp\mosaic-25.2\logs\log-20260603-174645-MaGaIntegratedStudy\bandwidthMeasurements\ALL#ALL#ALL#Up.csv
133,134,133,134,region_central_degraded,DOWNLINK,196416,12000000,11803584,NOMINAL_MINUS_OBSERVED_DIAGNOSTIC,START_TIMESTAMP_FOR_INTERVAL,SAFE_AFTER_TIMESTAMP,tmp\mosaic-25.2\logs\log-20260603-174645-MaGaIntegratedStudy\bandwidthMeasurements\ALL#ALL#ALL#Dn.csv
133,134,133,134,region_central_degraded,UPLINK,465520,8000000,7534480,NOMINAL_MINUS_OBSERVED_DIAGNOSTIC,START_TIMESTAMP_FOR_INTERVAL,SAFE_AFTER_TIMESTAMP,tmp\mosaic-25.2\logs\log-20260603-174645-MaGaIntegratedStudy\bandwidthMeasurements\ALL#ALL#ALL#Up.csv
133,134,133,134,region_north_normal,DOWNLINK,0,60000000,60000000,NOMINAL_MINUS_OBSERVED_DIAGNOSTIC,START_TIMESTAMP_FOR_INTERVAL,SAFE_AFTER_TIMESTAMP,tmp\mosaic-25.2\logs\log-20260603-174645-MaGaIntegratedStudy\bandwidthMeasurements\ALL#ALL#ALL#Dn.csv
133,134,133,134,region_north_normal,UPLINK,0,40000000,40000000,NOMINAL_MINUS_OBSERVED_DIAGNOSTIC,START_TIMESTAMP_FOR_INTERVAL,SAFE_AFTER_TIMESTAMP,tmp\mosaic-25.2\logs\log-20260603-174645-MaGaIntegratedStudy\bandwidthMeasurements\ALL#ALL#ALL#Up.csv
134,135,134,135,globalNetwork,DOWNLINK,44640,42200000,42155360,NOMINAL_MINUS_OBSERVED_DIAGNOSTIC,START_TIMESTAMP_FOR_INTERVAL,SAFE_AFTER_TIMESTAMP,tmp\mosaic-25.2\logs\log-20260603-174645-MaGaIntegratedStudy\bandwidthMeasurements\ALL#ALL#ALL#Dn.csv
134,135,134,135,globalNetwork,UPLINK,42320,28000000,27957680,NOMINAL_MINUS_OBSERVED_DIAGNOSTIC,START_TIMESTAMP_FOR_INTERVAL,SAFE_AFTER_TIMESTAMP,tmp\mosaic-25.2\logs\log-20260603-174645-MaGaIntegratedStudy\bandwidthMeasurements\ALL#ALL#ALL#Up.csv
134,135,134,135,region_central_degraded,DOWNLINK,178560,12000000,11821440,NOMINAL_MINUS_OBSERVED_DIAGNOSTIC,START_TIMESTAMP_FOR_INTERVAL,SAFE_AFTER_TIMESTAMP,tmp\mosaic-25.2\logs\log-20260603-174645-MaGaIntegratedStudy\bandwidthMeasurements\ALL#ALL#ALL#Dn.csv
134,135,134,135,region_central_degraded,UPLINK,423200,8000000,7576800,NOMINAL_MINUS_OBSERVED_DIAGNOSTIC,START_TIMESTAMP_FOR_INTERVAL,SAFE_AFTER_TIMESTAMP,tmp\mosaic-25.2\logs\log-20260603-174645-MaGaIntegratedStudy\bandwidthMeasurements\ALL#ALL#ALL#Up.csv
134,135,134,135,region_north_normal,DOWNLINK,0,60000000,60000000,NOMINAL_MINUS_OBSERVED_DIAGNOSTIC,START_TIMESTAMP_FOR_INTERVAL,SAFE_AFTER_TIMESTAMP,tmp\mosaic-25.2\logs\log-20260603-174645-MaGaIntegratedStudy\bandwidthMeasurements\ALL#ALL#ALL#Dn.csv
134,135,134,135,region_north_normal,UPLINK,0,40000000,40000000,NOMINAL_MINUS_OBSERVED_DIAGNOSTIC,START_TIMESTAMP_FOR_INTERVAL,SAFE_AFTER_TIMESTAMP,tmp\mosaic-25.2\logs\log-20260603-174645-MaGaIntegratedStudy\bandwidthMeasurements\ALL#ALL#ALL#Up.csv
135,136,135,136,globalNetwork,DOWNLINK,44640,42200000,42155360,NOMINAL_MINUS_OBSERVED_DIAGNOSTIC,START_TIMESTAMP_FOR_INTERVAL,SAFE_AFTER_TIMESTAMP,tmp\mosaic-25.2\logs\log-20260603-174645-MaGaIntegratedStudy\bandwidthMeasurements\ALL#ALL#ALL#Dn.csv
135,136,135,136,globalNetwork,UPLINK,42320,28000000,27957680,NOMINAL_MINUS_OBSERVED_DIAGNOSTIC,START_TIMESTAMP_FOR_INTERVAL,SAFE_AFTER_TIMESTAMP,tmp\mosaic-25.2\logs\log-20260603-174645-MaGaIntegratedStudy\bandwidthMeasurements\ALL#ALL#ALL#Up.csv
135,136,135,136,region_central_degraded,DOWNLINK,178560,12000000,11821440,NOMINAL_MINUS_OBSERVED_DIAGNOSTIC,START_TIMESTAMP_FOR_INTERVAL,SAFE_AFTER_TIMESTAMP,tmp\mosaic-25.2\logs\log-20260603-174645-MaGaIntegratedStudy\bandwidthMeasurements\ALL#ALL#ALL#Dn.csv
135,136,135,136,region_central_degraded,UPLINK,423200,8000000,7576800,NOMINAL_MINUS_OBSERVED_DIAGNOSTIC,START_TIMESTAMP_FOR_INTERVAL,SAFE_AFTER_TIMESTAMP,tmp\mosaic-25.2\logs\log-20260603-174645-MaGaIntegratedStudy\bandwidthMeasurements\ALL#ALL#ALL#Up.csv
135,136,135,136,region_north_normal,DOWNLINK,0,60000000,60000000,NOMINAL_MINUS_OBSERVED_DIAGNOSTIC,START_TIMESTAMP_FOR_INTERVAL,SAFE_AFTER_TIMESTAMP,tmp\mosaic-25.2\logs\log-20260603-174645-MaGaIntegratedStudy\bandwidthMeasurements\ALL#ALL#ALL#Dn.csv
135,136,135,136,region_north_normal,UPLINK,0,40000000,40000000,NOMINAL_MINUS_OBSERVED_DIAGNOSTIC,START_TIMESTAMP_FOR_INTERVAL,SAFE_AFTER_TIMESTAMP,tmp\mosaic-25.2\logs\log-20260603-174645-MaGaIntegratedStudy\bandwidthMeasurements\ALL#ALL#ALL#Up.csv
136,137,136,137,globalNetwork,DOWNLINK,89280,42200000,42110720,NOMINAL_MINUS_OBSERVED_DIAGNOSTIC,START_TIMESTAMP_FOR_INTERVAL,SAFE_AFTER_TIMESTAMP,tmp\mosaic-25.2\logs\log-20260603-174645-MaGaIntegratedStudy\bandwidthMeasurements\ALL#ALL#ALL#Dn.csv
136,137,136,137,globalNetwork,UPLINK,84640,28000000,27915360,NOMINAL_MINUS_OBSERVED_DIAGNOSTIC,START_TIMESTAMP_FOR_INTERVAL,SAFE_AFTER_TIMESTAMP,tmp\mosaic-25.2\logs\log-20260603-174645-MaGaIntegratedStudy\bandwidthMeasurements\ALL#ALL#ALL#Up.csv
136,137,136,137,region_central_degraded,DOWNLINK,107136,12000000,11892864,NOMINAL_MINUS_OBSERVED_DIAGNOSTIC,START_TIMESTAMP_FOR_INTERVAL,SAFE_AFTER_TIMESTAMP,tmp\mosaic-25.2\logs\log-20260603-174645-MaGaIntegratedStudy\bandwidthMeasurements\ALL#ALL#ALL#Dn.csv
136,137,136,137,region_central_degraded,UPLINK,296240,8000000,7703760,NOMINAL_MINUS_OBSERVED_DIAGNOSTIC,START_TIMESTAMP_FOR_INTERVAL,SAFE_AFTER_TIMESTAMP,tmp\mosaic-25.2\logs\log-20260603-174645-MaGaIntegratedStudy\bandwidthMeasurements\ALL#ALL#ALL#Up.csv
136,137,136,137,region_north_normal,DOWNLINK,0,60000000,60000000,NOMINAL_MINUS_OBSERVED_DIAGNOSTIC,START_TIMESTAMP_FOR_INTERVAL,SAFE_AFTER_TIMESTAMP,tmp\mosaic-25.2\logs\log-20260603-174645-MaGaIntegratedStudy\bandwidthMeasurements\ALL#ALL#ALL#Dn.csv
136,137,136,137,region_north_normal,UPLINK,0,40000000,40000000,NOMINAL_MINUS_OBSERVED_DIAGNOSTIC,START_TIMESTAMP_FOR_INTERVAL,SAFE_AFTER_TIMESTAMP,tmp\mosaic-25.2\logs\log-20260603-174645-MaGaIntegratedStudy\bandwidthMeasurements\ALL#ALL#ALL#Up.csv
137,138,137,138,globalNetwork,DOWNLINK,89280,42200000,42110720,NOMINAL_MINUS_OBSERVED_DIAGNOSTIC,START_TIMESTAMP_FOR_INTERVAL,SAFE_AFTER_TIMESTAMP,tmp\mosaic-25.2\logs\log-20260603-174645-MaGaIntegratedStudy\bandwidthMeasurements\ALL#ALL#ALL#Dn.csv
137,138,137,138,globalNetwork,UPLINK,84640,28000000,27915360,NOMINAL_MINUS_OBSERVED_DIAGNOSTIC,START_TIMESTAMP_FOR_INTERVAL,SAFE_AFTER_TIMESTAMP,tmp\mosaic-25.2\logs\log-20260603-174645-MaGaIntegratedStudy\bandwidthMeasurements\ALL#ALL#ALL#Up.csv
137,138,137,138,region_central_degraded,DOWNLINK,160704,12000000,11839296,NOMINAL_MINUS_OBSERVED_DIAGNOSTIC,START_TIMESTAMP_FOR_INTERVAL,SAFE_AFTER_TIMESTAMP,tmp\mosaic-25.2\logs\log-20260603-174645-MaGaIntegratedStudy\bandwidthMeasurements\ALL#ALL#ALL#Dn.csv
137,138,137,138,region_central_degraded,UPLINK,423200,8000000,7576800,NOMINAL_MINUS_OBSERVED_DIAGNOSTIC,START_TIMESTAMP_FOR_INTERVAL,SAFE_AFTER_TIMESTAMP,tmp\mosaic-25.2\logs\log-20260603-174645-MaGaIntegratedStudy\bandwidthMeasurements\ALL#ALL#ALL#Up.csv
137,138,137,138,region_north_normal,DOWNLINK,0,60000000,60000000,NOMINAL_MINUS_OBSERVED_DIAGNOSTIC,START_TIMESTAMP_FOR_INTERVAL,SAFE_AFTER_TIMESTAMP,tmp\mosaic-25.2\logs\log-20260603-174645-MaGaIntegratedStudy\bandwidthMeasurements\ALL#ALL#ALL#Dn.csv
137,138,137,138,region_north_normal,UPLINK,0,40000000,40000000,NOMINAL_MINUS_OBSERVED_DIAGNOSTIC,START_TIMESTAMP_FOR_INTERVAL,SAFE_AFTER_TIMESTAMP,tmp\mosaic-25.2\logs\log-20260603-174645-MaGaIntegratedStudy\bandwidthMeasurements\ALL#ALL#ALL#Up.csv
138,139,138,139,globalNetwork,DOWNLINK,89280,42200000,42110720,NOMINAL_MINUS_OBSERVED_DIAGNOSTIC,START_TIMESTAMP_FOR_INTERVAL,SAFE_AFTER_TIMESTAMP,tmp\mosaic-25.2\logs\log-20260603-174645-MaGaIntegratedStudy\bandwidthMeasurements\ALL#ALL#ALL#Dn.csv
138,139,138,139,globalNetwork,UPLINK,84640,28000000,27915360,NOMINAL_MINUS_OBSERVED_DIAGNOSTIC,START_TIMESTAMP_FOR_INTERVAL,SAFE_AFTER_TIMESTAMP,tmp\mosaic-25.2\logs\log-20260603-174645-MaGaIntegratedStudy\bandwidthMeasurements\ALL#ALL#ALL#Up.csv
138,139,138,139,region_central_degraded,DOWNLINK,178560,12000000,11821440,NOMINAL_MINUS_OBSERVED_DIAGNOSTIC,START_TIMESTAMP_FOR_INTERVAL,SAFE_AFTER_TIMESTAMP,tmp\mosaic-25.2\logs\log-20260603-174645-MaGaIntegratedStudy\bandwidthMeasurements\ALL#ALL#ALL#Dn.csv
138,139,138,139,region_central_degraded,UPLINK,423200,8000000,7576800,NOMINAL_MINUS_OBSERVED_DIAGNOSTIC,START_TIMESTAMP_FOR_INTERVAL,SAFE_AFTER_TIMESTAMP,tmp\mosaic-25.2\logs\log-20260603-174645-MaGaIntegratedStudy\bandwidthMeasurements\ALL#ALL#ALL#Up.csv
138,139,138,139,region_north_normal,DOWNLINK,0,60000000,60000000,NOMINAL_MINUS_OBSERVED_DIAGNOSTIC,START_TIMESTAMP_FOR_INTERVAL,SAFE_AFTER_TIMESTAMP,tmp\mosaic-25.2\logs\log-20260603-174645-MaGaIntegratedStudy\bandwidthMeasurements\ALL#ALL#ALL#Dn.csv
138,139,138,139,region_north_normal,UPLINK,0,40000000,40000000,NOMINAL_MINUS_OBSERVED_DIAGNOSTIC,START_TIMESTAMP_FOR_INTERVAL,SAFE_AFTER_TIMESTAMP,tmp\mosaic-25.2\logs\log-20260603-174645-MaGaIntegratedStudy\bandwidthMeasurements\ALL#ALL#ALL#Up.csv
139,140,139,140,globalNetwork,DOWNLINK,89280,42200000,42110720,NOMINAL_MINUS_OBSERVED_DIAGNOSTIC,START_TIMESTAMP_FOR_INTERVAL,SAFE_AFTER_TIMESTAMP,tmp\mosaic-25.2\logs\log-20260603-174645-MaGaIntegratedStudy\bandwidthMeasurements\ALL#ALL#ALL#Dn.csv
139,140,139,140,globalNetwork,UPLINK,84640,28000000,27915360,NOMINAL_MINUS_OBSERVED_DIAGNOSTIC,START_TIMESTAMP_FOR_INTERVAL,SAFE_AFTER_TIMESTAMP,tmp\mosaic-25.2\logs\log-20260603-174645-MaGaIntegratedStudy\bandwidthMeasurements\ALL#ALL#ALL#Up.csv
139,140,139,140,region_central_degraded,DOWNLINK,160704,12000000,11839296,NOMINAL_MINUS_OBSERVED_DIAGNOSTIC,START_TIMESTAMP_FOR_INTERVAL,SAFE_AFTER_TIMESTAMP,tmp\mosaic-25.2\logs\log-20260603-174645-MaGaIntegratedStudy\bandwidthMeasurements\ALL#ALL#ALL#Dn.csv
139,140,139,140,region_central_degraded,UPLINK,380880,8000000,7619120,NOMINAL_MINUS_OBSERVED_DIAGNOSTIC,START_TIMESTAMP_FOR_INTERVAL,SAFE_AFTER_TIMESTAMP,tmp\mosaic-25.2\logs\log-20260603-174645-MaGaIntegratedStudy\bandwidthMeasurements\ALL#ALL#ALL#Up.csv
139,140,139,140,region_north_normal,DOWNLINK,0,60000000,60000000,NOMINAL_MINUS_OBSERVED_DIAGNOSTIC,START_TIMESTAMP_FOR_INTERVAL,SAFE_AFTER_TIMESTAMP,tmp\mosaic-25.2\logs\log-20260603-174645-MaGaIntegratedStudy\bandwidthMeasurements\ALL#ALL#ALL#Dn.csv
139,140,139,140,region_north_normal,UPLINK,0,40000000,40000000,NOMINAL_MINUS_OBSERVED_DIAGNOSTIC,START_TIMESTAMP_FOR_INTERVAL,SAFE_AFTER_TIMESTAMP,tmp\mosaic-25.2\logs\log-20260603-174645-MaGaIntegratedStudy\bandwidthMeasurements\ALL#ALL#ALL#Up.csv
140,141,140,141,globalNetwork,DOWNLINK,133920,42200000,42066080,NOMINAL_MINUS_OBSERVED_DIAGNOSTIC,START_TIMESTAMP_FOR_INTERVAL,SAFE_AFTER_TIMESTAMP,tmp\mosaic-25.2\logs\log-20260603-174645-MaGaIntegratedStudy\bandwidthMeasurements\ALL#ALL#ALL#Dn.csv
140,141,140,141,globalNetwork,UPLINK,126960,28000000,27873040,NOMINAL_MINUS_OBSERVED_DIAGNOSTIC,START_TIMESTAMP_FOR_INTERVAL,SAFE_AFTER_TIMESTAMP,tmp\mosaic-25.2\logs\log-20260603-174645-MaGaIntegratedStudy\bandwidthMeasurements\ALL#ALL#ALL#Up.csv
140,141,140,141,region_central_degraded,DOWNLINK,160704,12000000,11839296,NOMINAL_MINUS_OBSERVED_DIAGNOSTIC,START_TIMESTAMP_FOR_INTERVAL,SAFE_AFTER_TIMESTAMP,tmp\mosaic-25.2\logs\log-20260603-174645-MaGaIntegratedStudy\bandwidthMeasurements\ALL#ALL#ALL#Dn.csv
140,141,140,141,region_central_degraded,UPLINK,380880,8000000,7619120,NOMINAL_MINUS_OBSERVED_DIAGNOSTIC,START_TIMESTAMP_FOR_INTERVAL,SAFE_AFTER_TIMESTAMP,tmp\mosaic-25.2\logs\log-20260603-174645-MaGaIntegratedStudy\bandwidthMeasurements\ALL#ALL#ALL#Up.csv
140,141,140,141,region_north_normal,DOWNLINK,0,60000000,60000000,NOMINAL_MINUS_OBSERVED_DIAGNOSTIC,START_TIMESTAMP_FOR_INTERVAL,SAFE_AFTER_TIMESTAMP,tmp\mosaic-25.2\logs\log-20260603-174645-MaGaIntegratedStudy\bandwidthMeasurements\ALL#ALL#ALL#Dn.csv
140,141,140,141,region_north_normal,UPLINK,0,40000000,40000000,NOMINAL_MINUS_OBSERVED_DIAGNOSTIC,START_TIMESTAMP_FOR_INTERVAL,SAFE_AFTER_TIMESTAMP,tmp\mosaic-25.2\logs\log-20260603-174645-MaGaIntegratedStudy\bandwidthMeasurements\ALL#ALL#ALL#Up.csv
141,142,141,142,globalNetwork,DOWNLINK,133920,42200000,42066080,NOMINAL_MINUS_OBSERVED_DIAGNOSTIC,START_TIMESTAMP_FOR_INTERVAL,SAFE_AFTER_TIMESTAMP,tmp\mosaic-25.2\logs\log-20260603-174645-MaGaIntegratedStudy\bandwidthMeasurements\ALL#ALL#ALL#Dn.csv
141,142,141,142,globalNetwork,UPLINK,126960,28000000,27873040,NOMINAL_MINUS_OBSERVED_DIAGNOSTIC,START_TIMESTAMP_FOR_INTERVAL,SAFE_AFTER_TIMESTAMP,tmp\mosaic-25.2\logs\log-20260603-174645-MaGaIntegratedStudy\bandwidthMeasurements\ALL#ALL#ALL#Up.csv
141,142,141,142,region_central_degraded,DOWNLINK,160704,12000000,11839296,NOMINAL_MINUS_OBSERVED_DIAGNOSTIC,START_TIMESTAMP_FOR_INTERVAL,SAFE_AFTER_TIMESTAMP,tmp\mosaic-25.2\logs\log-20260603-174645-MaGaIntegratedStudy\bandwidthMeasurements\ALL#ALL#ALL#Dn.csv
141,142,141,142,region_central_degraded,UPLINK,380880,8000000,7619120,NOMINAL_MINUS_OBSERVED_DIAGNOSTIC,START_TIMESTAMP_FOR_INTERVAL,SAFE_AFTER_TIMESTAMP,tmp\mosaic-25.2\logs\log-20260603-174645-MaGaIntegratedStudy\bandwidthMeasurements\ALL#ALL#ALL#Up.csv
141,142,141,142,region_north_normal,DOWNLINK,0,60000000,60000000,NOMINAL_MINUS_OBSERVED_DIAGNOSTIC,START_TIMESTAMP_FOR_INTERVAL,SAFE_AFTER_TIMESTAMP,tmp\mosaic-25.2\logs\log-20260603-174645-MaGaIntegratedStudy\bandwidthMeasurements\ALL#ALL#ALL#Dn.csv
141,142,141,142,region_north_normal,UPLINK,0,40000000,40000000,NOMINAL_MINUS_OBSERVED_DIAGNOSTIC,START_TIMESTAMP_FOR_INTERVAL,SAFE_AFTER_TIMESTAMP,tmp\mosaic-25.2\logs\log-20260603-174645-MaGaIntegratedStudy\bandwidthMeasurements\ALL#ALL#ALL#Up.csv
142,143,142,143,globalNetwork,DOWNLINK,133920,42200000,42066080,NOMINAL_MINUS_OBSERVED_DIAGNOSTIC,START_TIMESTAMP_FOR_INTERVAL,SAFE_AFTER_TIMESTAMP,tmp\mosaic-25.2\logs\log-20260603-174645-MaGaIntegratedStudy\bandwidthMeasurements\ALL#ALL#ALL#Dn.csv
142,143,142,143,globalNetwork,UPLINK,126960,28000000,27873040,NOMINAL_MINUS_OBSERVED_DIAGNOSTIC,START_TIMESTAMP_FOR_INTERVAL,SAFE_AFTER_TIMESTAMP,tmp\mosaic-25.2\logs\log-20260603-174645-MaGaIntegratedStudy\bandwidthMeasurements\ALL#ALL#ALL#Up.csv
142,143,142,143,region_central_degraded,DOWNLINK,142848,12000000,11857152,NOMINAL_MINUS_OBSERVED_DIAGNOSTIC,START_TIMESTAMP_FOR_INTERVAL,SAFE_AFTER_TIMESTAMP,tmp\mosaic-25.2\logs\log-20260603-174645-MaGaIntegratedStudy\bandwidthMeasurements\ALL#ALL#ALL#Dn.csv
142,143,142,143,region_central_degraded,UPLINK,380880,8000000,7619120,NOMINAL_MINUS_OBSERVED_DIAGNOSTIC,START_TIMESTAMP_FOR_INTERVAL,SAFE_AFTER_TIMESTAMP,tmp\mosaic-25.2\logs\log-20260603-174645-MaGaIntegratedStudy\bandwidthMeasurements\ALL#ALL#ALL#Up.csv
142,143,142,143,region_north_normal,DOWNLINK,0,60000000,60000000,NOMINAL_MINUS_OBSERVED_DIAGNOSTIC,START_TIMESTAMP_FOR_INTERVAL,SAFE_AFTER_TIMESTAMP,tmp\mosaic-25.2\logs\log-20260603-174645-MaGaIntegratedStudy\bandwidthMeasurements\ALL#ALL#ALL#Dn.csv
142,143,142,143,region_north_normal,UPLINK,0,40000000,40000000,NOMINAL_MINUS_OBSERVED_DIAGNOSTIC,START_TIMESTAMP_FOR_INTERVAL,SAFE_AFTER_TIMESTAMP,tmp\mosaic-25.2\logs\log-20260603-174645-MaGaIntegratedStudy\bandwidthMeasurements\ALL#ALL#ALL#Up.csv
143,144,143,144,globalNetwork,DOWNLINK,133920,42200000,42066080,NOMINAL_MINUS_OBSERVED_DIAGNOSTIC,START_TIMESTAMP_FOR_INTERVAL,SAFE_AFTER_TIMESTAMP,tmp\mosaic-25.2\logs\log-20260603-174645-MaGaIntegratedStudy\bandwidthMeasurements\ALL#ALL#ALL#Dn.csv
143,144,143,144,globalNetwork,UPLINK,126960,28000000,27873040,NOMINAL_MINUS_OBSERVED_DIAGNOSTIC,START_TIMESTAMP_FOR_INTERVAL,SAFE_AFTER_TIMESTAMP,tmp\mosaic-25.2\logs\log-20260603-174645-MaGaIntegratedStudy\bandwidthMeasurements\ALL#ALL#ALL#Up.csv
143,144,143,144,region_central_degraded,DOWNLINK,142848,12000000,11857152,NOMINAL_MINUS_OBSERVED_DIAGNOSTIC,START_TIMESTAMP_FOR_INTERVAL,SAFE_AFTER_TIMESTAMP,tmp\mosaic-25.2\logs\log-20260603-174645-MaGaIntegratedStudy\bandwidthMeasurements\ALL#ALL#ALL#Dn.csv
143,144,143,144,region_central_degraded,UPLINK,338560,8000000,7661440,NOMINAL_MINUS_OBSERVED_DIAGNOSTIC,START_TIMESTAMP_FOR_INTERVAL,SAFE_AFTER_TIMESTAMP,tmp\mosaic-25.2\logs\log-20260603-174645-MaGaIntegratedStudy\bandwidthMeasurements\ALL#ALL#ALL#Up.csv
143,144,143,144,region_north_normal,DOWNLINK,0,60000000,60000000,NOMINAL_MINUS_OBSERVED_DIAGNOSTIC,START_TIMESTAMP_FOR_INTERVAL,SAFE_AFTER_TIMESTAMP,tmp\mosaic-25.2\logs\log-20260603-174645-MaGaIntegratedStudy\bandwidthMeasurements\ALL#ALL#ALL#Dn.csv
143,144,143,144,region_north_normal,UPLINK,0,40000000,40000000,NOMINAL_MINUS_OBSERVED_DIAGNOSTIC,START_TIMESTAMP_FOR_INTERVAL,SAFE_AFTER_TIMESTAMP,tmp\mosaic-25.2\logs\log-20260603-174645-MaGaIntegratedStudy\bandwidthMeasurements\ALL#ALL#ALL#Up.csv
144,145,144,145,globalNetwork,DOWNLINK,178560,42200000,42021440,NOMINAL_MINUS_OBSERVED_DIAGNOSTIC,START_TIMESTAMP_FOR_INTERVAL,SAFE_AFTER_TIMESTAMP,tmp\mosaic-25.2\logs\log-20260603-174645-MaGaIntegratedStudy\bandwidthMeasurements\ALL#ALL#ALL#Dn.csv
144,145,144,145,globalNetwork,UPLINK,169280,28000000,27830720,NOMINAL_MINUS_OBSERVED_DIAGNOSTIC,START_TIMESTAMP_FOR_INTERVAL,SAFE_AFTER_TIMESTAMP,tmp\mosaic-25.2\logs\log-20260603-174645-MaGaIntegratedStudy\bandwidthMeasurements\ALL#ALL#ALL#Up.csv
144,145,144,145,region_central_degraded,DOWNLINK,142848,12000000,11857152,NOMINAL_MINUS_OBSERVED_DIAGNOSTIC,START_TIMESTAMP_FOR_INTERVAL,SAFE_AFTER_TIMESTAMP,tmp\mosaic-25.2\logs\log-20260603-174645-MaGaIntegratedStudy\bandwidthMeasurements\ALL#ALL#ALL#Dn.csv
144,145,144,145,region_central_degraded,UPLINK,338560,8000000,7661440,NOMINAL_MINUS_OBSERVED_DIAGNOSTIC,START_TIMESTAMP_FOR_INTERVAL,SAFE_AFTER_TIMESTAMP,tmp\mosaic-25.2\logs\log-20260603-174645-MaGaIntegratedStudy\bandwidthMeasurements\ALL#ALL#ALL#Up.csv
144,145,144,145,region_north_normal,DOWNLINK,0,60000000,60000000,NOMINAL_MINUS_OBSERVED_DIAGNOSTIC,START_TIMESTAMP_FOR_INTERVAL,SAFE_AFTER_TIMESTAMP,tmp\mosaic-25.2\logs\log-20260603-174645-MaGaIntegratedStudy\bandwidthMeasurements\ALL#ALL#ALL#Dn.csv
144,145,144,145,region_north_normal,UPLINK,0,40000000,40000000,NOMINAL_MINUS_OBSERVED_DIAGNOSTIC,START_TIMESTAMP_FOR_INTERVAL,SAFE_AFTER_TIMESTAMP,tmp\mosaic-25.2\logs\log-20260603-174645-MaGaIntegratedStudy\bandwidthMeasurements\ALL#ALL#ALL#Up.csv
145,146,145,146,globalNetwork,DOWNLINK,178560,42200000,42021440,NOMINAL_MINUS_OBSERVED_DIAGNOSTIC,START_TIMESTAMP_FOR_INTERVAL,SAFE_AFTER_TIMESTAMP,tmp\mosaic-25.2\logs\log-20260603-174645-MaGaIntegratedStudy\bandwidthMeasurements\ALL#ALL#ALL#Dn.csv
145,146,145,146,globalNetwork,UPLINK,169280,28000000,27830720,NOMINAL_MINUS_OBSERVED_DIAGNOSTIC,START_TIMESTAMP_FOR_INTERVAL,SAFE_AFTER_TIMESTAMP,tmp\mosaic-25.2\logs\log-20260603-174645-MaGaIntegratedStudy\bandwidthMeasurements\ALL#ALL#ALL#Up.csv
145,146,145,146,region_central_degraded,DOWNLINK,124992,12000000,11875008,NOMINAL_MINUS_OBSERVED_DIAGNOSTIC,START_TIMESTAMP_FOR_INTERVAL,SAFE_AFTER_TIMESTAMP,tmp\mosaic-25.2\logs\log-20260603-174645-MaGaIntegratedStudy\bandwidthMeasurements\ALL#ALL#ALL#Dn.csv
145,146,145,146,region_central_degraded,UPLINK,296240,8000000,7703760,NOMINAL_MINUS_OBSERVED_DIAGNOSTIC,START_TIMESTAMP_FOR_INTERVAL,SAFE_AFTER_TIMESTAMP,tmp\mosaic-25.2\logs\log-20260603-174645-MaGaIntegratedStudy\bandwidthMeasurements\ALL#ALL#ALL#Up.csv
145,146,145,146,region_north_normal,DOWNLINK,0,60000000,60000000,NOMINAL_MINUS_OBSERVED_DIAGNOSTIC,START_TIMESTAMP_FOR_INTERVAL,SAFE_AFTER_TIMESTAMP,tmp\mosaic-25.2\logs\log-20260603-174645-MaGaIntegratedStudy\bandwidthMeasurements\ALL#ALL#ALL#Dn.csv
145,146,145,146,region_north_normal,UPLINK,0,40000000,40000000,NOMINAL_MINUS_OBSERVED_DIAGNOSTIC,START_TIMESTAMP_FOR_INTERVAL,SAFE_AFTER_TIMESTAMP,tmp\mosaic-25.2\logs\log-20260603-174645-MaGaIntegratedStudy\bandwidthMeasurements\ALL#ALL#ALL#Up.csv
146,147,146,147,globalNetwork,DOWNLINK,178560,42200000,42021440,NOMINAL_MINUS_OBSERVED_DIAGNOSTIC,START_TIMESTAMP_FOR_INTERVAL,SAFE_AFTER_TIMESTAMP,tmp\mosaic-25.2\logs\log-20260603-174645-MaGaIntegratedStudy\bandwidthMeasurements\ALL#ALL#ALL#Dn.csv
146,147,146,147,globalNetwork,UPLINK,169280,28000000,27830720,NOMINAL_MINUS_OBSERVED_DIAGNOSTIC,START_TIMESTAMP_FOR_INTERVAL,SAFE_AFTER_TIMESTAMP,tmp\mosaic-25.2\logs\log-20260603-174645-MaGaIntegratedStudy\bandwidthMeasurements\ALL#ALL#ALL#Up.csv
146,147,146,147,region_central_degraded,DOWNLINK,124992,12000000,11875008,NOMINAL_MINUS_OBSERVED_DIAGNOSTIC,START_TIMESTAMP_FOR_INTERVAL,SAFE_AFTER_TIMESTAMP,tmp\mosaic-25.2\logs\log-20260603-174645-MaGaIntegratedStudy\bandwidthMeasurements\ALL#ALL#ALL#Dn.csv
146,147,146,147,region_central_degraded,UPLINK,296240,8000000,7703760,NOMINAL_MINUS_OBSERVED_DIAGNOSTIC,START_TIMESTAMP_FOR_INTERVAL,SAFE_AFTER_TIMESTAMP,tmp\mosaic-25.2\logs\log-20260603-174645-MaGaIntegratedStudy\bandwidthMeasurements\ALL#ALL#ALL#Up.csv
146,147,146,147,region_north_normal,DOWNLINK,0,60000000,60000000,NOMINAL_MINUS_OBSERVED_DIAGNOSTIC,START_TIMESTAMP_FOR_INTERVAL,SAFE_AFTER_TIMESTAMP,tmp\mosaic-25.2\logs\log-20260603-174645-MaGaIntegratedStudy\bandwidthMeasurements\ALL#ALL#ALL#Dn.csv
146,147,146,147,region_north_normal,UPLINK,0,40000000,40000000,NOMINAL_MINUS_OBSERVED_DIAGNOSTIC,START_TIMESTAMP_FOR_INTERVAL,SAFE_AFTER_TIMESTAMP,tmp\mosaic-25.2\logs\log-20260603-174645-MaGaIntegratedStudy\bandwidthMeasurements\ALL#ALL#ALL#Up.csv
147,148,147,148,globalNetwork,DOWNLINK,178560,42200000,42021440,NOMINAL_MINUS_OBSERVED_DIAGNOSTIC,START_TIMESTAMP_FOR_INTERVAL,SAFE_AFTER_TIMESTAMP,tmp\mosaic-25.2\logs\log-20260603-174645-MaGaIntegratedStudy\bandwidthMeasurements\ALL#ALL#ALL#Dn.csv
147,148,147,148,globalNetwork,UPLINK,169280,28000000,27830720,NOMINAL_MINUS_OBSERVED_DIAGNOSTIC,START_TIMESTAMP_FOR_INTERVAL,SAFE_AFTER_TIMESTAMP,tmp\mosaic-25.2\logs\log-20260603-174645-MaGaIntegratedStudy\bandwidthMeasurements\ALL#ALL#ALL#Up.csv
147,148,147,148,region_central_degraded,DOWNLINK,142848,12000000,11857152,NOMINAL_MINUS_OBSERVED_DIAGNOSTIC,START_TIMESTAMP_FOR_INTERVAL,SAFE_AFTER_TIMESTAMP,tmp\mosaic-25.2\logs\log-20260603-174645-MaGaIntegratedStudy\bandwidthMeasurements\ALL#ALL#ALL#Dn.csv
147,148,147,148,region_central_degraded,UPLINK,338560,8000000,7661440,NOMINAL_MINUS_OBSERVED_DIAGNOSTIC,START_TIMESTAMP_FOR_INTERVAL,SAFE_AFTER_TIMESTAMP,tmp\mosaic-25.2\logs\log-20260603-174645-MaGaIntegratedStudy\bandwidthMeasurements\ALL#ALL#ALL#Up.csv
147,148,147,148,region_north_normal,DOWNLINK,0,60000000,60000000,NOMINAL_MINUS_OBSERVED_DIAGNOSTIC,START_TIMESTAMP_FOR_INTERVAL,SAFE_AFTER_TIMESTAMP,tmp\mosaic-25.2\logs\log-20260603-174645-MaGaIntegratedStudy\bandwidthMeasurements\ALL#ALL#ALL#Dn.csv
147,148,147,148,region_north_normal,UPLINK,0,40000000,40000000,NOMINAL_MINUS_OBSERVED_DIAGNOSTIC,START_TIMESTAMP_FOR_INTERVAL,SAFE_AFTER_TIMESTAMP,tmp\mosaic-25.2\logs\log-20260603-174645-MaGaIntegratedStudy\bandwidthMeasurements\ALL#ALL#ALL#Up.csv
148,149,148,149,globalNetwork,DOWNLINK,223200,42200000,41976800,NOMINAL_MINUS_OBSERVED_DIAGNOSTIC,START_TIMESTAMP_FOR_INTERVAL,SAFE_AFTER_TIMESTAMP,tmp\mosaic-25.2\logs\log-20260603-174645-MaGaIntegratedStudy\bandwidthMeasurements\ALL#ALL#ALL#Dn.csv
148,149,148,149,globalNetwork,UPLINK,211600,28000000,27788400,NOMINAL_MINUS_OBSERVED_DIAGNOSTIC,START_TIMESTAMP_FOR_INTERVAL,SAFE_AFTER_TIMESTAMP,tmp\mosaic-25.2\logs\log-20260603-174645-MaGaIntegratedStudy\bandwidthMeasurements\ALL#ALL#ALL#Up.csv
148,149,148,149,region_central_degraded,DOWNLINK,124992,12000000,11875008,NOMINAL_MINUS_OBSERVED_DIAGNOSTIC,START_TIMESTAMP_FOR_INTERVAL,SAFE_AFTER_TIMESTAMP,tmp\mosaic-25.2\logs\log-20260603-174645-MaGaIntegratedStudy\bandwidthMeasurements\ALL#ALL#ALL#Dn.csv
148,149,148,149,region_central_degraded,UPLINK,296240,8000000,7703760,NOMINAL_MINUS_OBSERVED_DIAGNOSTIC,START_TIMESTAMP_FOR_INTERVAL,SAFE_AFTER_TIMESTAMP,tmp\mosaic-25.2\logs\log-20260603-174645-MaGaIntegratedStudy\bandwidthMeasurements\ALL#ALL#ALL#Up.csv
148,149,148,149,region_north_normal,DOWNLINK,0,60000000,60000000,NOMINAL_MINUS_OBSERVED_DIAGNOSTIC,START_TIMESTAMP_FOR_INTERVAL,SAFE_AFTER_TIMESTAMP,tmp\mosaic-25.2\logs\log-20260603-174645-MaGaIntegratedStudy\bandwidthMeasurements\ALL#ALL#ALL#Dn.csv
148,149,148,149,region_north_normal,UPLINK,0,40000000,40000000,NOMINAL_MINUS_OBSERVED_DIAGNOSTIC,START_TIMESTAMP_FOR_INTERVAL,SAFE_AFTER_TIMESTAMP,tmp\mosaic-25.2\logs\log-20260603-174645-MaGaIntegratedStudy\bandwidthMeasurements\ALL#ALL#ALL#Up.csv
149,150,149,150,globalNetwork,DOWNLINK,223200,42200000,41976800,NOMINAL_MINUS_OBSERVED_DIAGNOSTIC,START_TIMESTAMP_FOR_INTERVAL,SAFE_AFTER_TIMESTAMP,tmp\mosaic-25.2\logs\log-20260603-174645-MaGaIntegratedStudy\bandwidthMeasurements\ALL#ALL#ALL#Dn.csv
149,150,149,150,globalNetwork,UPLINK,211600,28000000,27788400,NOMINAL_MINUS_OBSERVED_DIAGNOSTIC,START_TIMESTAMP_FOR_INTERVAL,SAFE_AFTER_TIMESTAMP,tmp\mosaic-25.2\logs\log-20260603-174645-MaGaIntegratedStudy\bandwidthMeasurements\ALL#ALL#ALL#Up.csv
149,150,149,150,region_central_degraded,DOWNLINK,124992,12000000,11875008,NOMINAL_MINUS_OBSERVED_DIAGNOSTIC,START_TIMESTAMP_FOR_INTERVAL,SAFE_AFTER_TIMESTAMP,tmp\mosaic-25.2\logs\log-20260603-174645-MaGaIntegratedStudy\bandwidthMeasurements\ALL#ALL#ALL#Dn.csv
149,150,149,150,region_central_degraded,UPLINK,296240,8000000,7703760,NOMINAL_MINUS_OBSERVED_DIAGNOSTIC,START_TIMESTAMP_FOR_INTERVAL,SAFE_AFTER_TIMESTAMP,tmp\mosaic-25.2\logs\log-20260603-174645-MaGaIntegratedStudy\bandwidthMeasurements\ALL#ALL#ALL#Up.csv
149,150,149,150,region_north_normal,DOWNLINK,0,60000000,60000000,NOMINAL_MINUS_OBSERVED_DIAGNOSTIC,START_TIMESTAMP_FOR_INTERVAL,SAFE_AFTER_TIMESTAMP,tmp\mosaic-25.2\logs\log-20260603-174645-MaGaIntegratedStudy\bandwidthMeasurements\ALL#ALL#ALL#Dn.csv
149,150,149,150,region_north_normal,UPLINK,0,40000000,40000000,NOMINAL_MINUS_OBSERVED_DIAGNOSTIC,START_TIMESTAMP_FOR_INTERVAL,SAFE_AFTER_TIMESTAMP,tmp\mosaic-25.2\logs\log-20260603-174645-MaGaIntegratedStudy\bandwidthMeasurements\ALL#ALL#ALL#Up.csv
150,151,150,151,globalNetwork,DOWNLINK,223200,42200000,41976800,NOMINAL_MINUS_OBSERVED_DIAGNOSTIC,START_TIMESTAMP_FOR_INTERVAL,SAFE_AFTER_TIMESTAMP,tmp\mosaic-25.2\logs\log-20260603-174645-MaGaIntegratedStudy\bandwidthMeasurements\ALL#ALL#ALL#Dn.csv
150,151,150,151,globalNetwork,UPLINK,211600,28000000,27788400,NOMINAL_MINUS_OBSERVED_DIAGNOSTIC,START_TIMESTAMP_FOR_INTERVAL,SAFE_AFTER_TIMESTAMP,tmp\mosaic-25.2\logs\log-20260603-174645-MaGaIntegratedStudy\bandwidthMeasurements\ALL#ALL#ALL#Up.csv
150,151,150,151,region_central_degraded,DOWNLINK,124992,12000000,11875008,NOMINAL_MINUS_OBSERVED_DIAGNOSTIC,START_TIMESTAMP_FOR_INTERVAL,SAFE_AFTER_TIMESTAMP,tmp\mosaic-25.2\logs\log-20260603-174645-MaGaIntegratedStudy\bandwidthMeasurements\ALL#ALL#ALL#Dn.csv
150,151,150,151,region_central_degraded,UPLINK,296240,8000000,7703760,NOMINAL_MINUS_OBSERVED_DIAGNOSTIC,START_TIMESTAMP_FOR_INTERVAL,SAFE_AFTER_TIMESTAMP,tmp\mosaic-25.2\logs\log-20260603-174645-MaGaIntegratedStudy\bandwidthMeasurements\ALL#ALL#ALL#Up.csv
150,151,150,151,region_north_normal,DOWNLINK,0,60000000,60000000,NOMINAL_MINUS_OBSERVED_DIAGNOSTIC,START_TIMESTAMP_FOR_INTERVAL,SAFE_AFTER_TIMESTAMP,tmp\mosaic-25.2\logs\log-20260603-174645-MaGaIntegratedStudy\bandwidthMeasurements\ALL#ALL#ALL#Dn.csv
150,151,150,151,region_north_normal,UPLINK,0,40000000,40000000,NOMINAL_MINUS_OBSERVED_DIAGNOSTIC,START_TIMESTAMP_FOR_INTERVAL,SAFE_AFTER_TIMESTAMP,tmp\mosaic-25.2\logs\log-20260603-174645-MaGaIntegratedStudy\bandwidthMeasurements\ALL#ALL#ALL#Up.csv
151,152,151,152,globalNetwork,DOWNLINK,223200,42200000,41976800,NOMINAL_MINUS_OBSERVED_DIAGNOSTIC,START_TIMESTAMP_FOR_INTERVAL,SAFE_AFTER_TIMESTAMP,tmp\mosaic-25.2\logs\log-20260603-174645-MaGaIntegratedStudy\bandwidthMeasurements\ALL#ALL#ALL#Dn.csv
151,152,151,152,globalNetwork,UPLINK,211600,28000000,27788400,NOMINAL_MINUS_OBSERVED_DIAGNOSTIC,START_TIMESTAMP_FOR_INTERVAL,SAFE_AFTER_TIMESTAMP,tmp\mosaic-25.2\logs\log-20260603-174645-MaGaIntegratedStudy\bandwidthMeasurements\ALL#ALL#ALL#Up.csv
151,152,151,152,region_central_degraded,DOWNLINK,124992,12000000,11875008,NOMINAL_MINUS_OBSERVED_DIAGNOSTIC,START_TIMESTAMP_FOR_INTERVAL,SAFE_AFTER_TIMESTAMP,tmp\mosaic-25.2\logs\log-20260603-174645-MaGaIntegratedStudy\bandwidthMeasurements\ALL#ALL#ALL#Dn.csv
151,152,151,152,region_central_degraded,UPLINK,296240,8000000,7703760,NOMINAL_MINUS_OBSERVED_DIAGNOSTIC,START_TIMESTAMP_FOR_INTERVAL,SAFE_AFTER_TIMESTAMP,tmp\mosaic-25.2\logs\log-20260603-174645-MaGaIntegratedStudy\bandwidthMeasurements\ALL#ALL#ALL#Up.csv
151,152,151,152,region_north_normal,DOWNLINK,0,60000000,60000000,NOMINAL_MINUS_OBSERVED_DIAGNOSTIC,START_TIMESTAMP_FOR_INTERVAL,SAFE_AFTER_TIMESTAMP,tmp\mosaic-25.2\logs\log-20260603-174645-MaGaIntegratedStudy\bandwidthMeasurements\ALL#ALL#ALL#Dn.csv
151,152,151,152,region_north_normal,UPLINK,0,40000000,40000000,NOMINAL_MINUS_OBSERVED_DIAGNOSTIC,START_TIMESTAMP_FOR_INTERVAL,SAFE_AFTER_TIMESTAMP,tmp\mosaic-25.2\logs\log-20260603-174645-MaGaIntegratedStudy\bandwidthMeasurements\ALL#ALL#ALL#Up.csv
152,153,152,153,globalNetwork,DOWNLINK,267840,42200000,41932160,NOMINAL_MINUS_OBSERVED_DIAGNOSTIC,START_TIMESTAMP_FOR_INTERVAL,SAFE_AFTER_TIMESTAMP,tmp\mosaic-25.2\logs\log-20260603-174645-MaGaIntegratedStudy\bandwidthMeasurements\ALL#ALL#ALL#Dn.csv
152,153,152,153,globalNetwork,UPLINK,253920,28000000,27746080,NOMINAL_MINUS_OBSERVED_DIAGNOSTIC,START_TIMESTAMP_FOR_INTERVAL,SAFE_AFTER_TIMESTAMP,tmp\mosaic-25.2\logs\log-20260603-174645-MaGaIntegratedStudy\bandwidthMeasurements\ALL#ALL#ALL#Up.csv
152,153,152,153,region_central_degraded,DOWNLINK,89280,12000000,11910720,NOMINAL_MINUS_OBSERVED_DIAGNOSTIC,START_TIMESTAMP_FOR_INTERVAL,SAFE_AFTER_TIMESTAMP,tmp\mosaic-25.2\logs\log-20260603-174645-MaGaIntegratedStudy\bandwidthMeasurements\ALL#ALL#ALL#Dn.csv
152,153,152,153,region_central_degraded,UPLINK,253920,8000000,7746080,NOMINAL_MINUS_OBSERVED_DIAGNOSTIC,START_TIMESTAMP_FOR_INTERVAL,SAFE_AFTER_TIMESTAMP,tmp\mosaic-25.2\logs\log-20260603-174645-MaGaIntegratedStudy\bandwidthMeasurements\ALL#ALL#ALL#Up.csv
152,153,152,153,region_north_normal,DOWNLINK,0,60000000,60000000,NOMINAL_MINUS_OBSERVED_DIAGNOSTIC,START_TIMESTAMP_FOR_INTERVAL,SAFE_AFTER_TIMESTAMP,tmp\mosaic-25.2\logs\log-20260603-174645-MaGaIntegratedStudy\bandwidthMeasurements\ALL#ALL#ALL#Dn.csv
152,153,152,153,region_north_normal,UPLINK,0,40000000,40000000,NOMINAL_MINUS_OBSERVED_DIAGNOSTIC,START_TIMESTAMP_FOR_INTERVAL,SAFE_AFTER_TIMESTAMP,tmp\mosaic-25.2\logs\log-20260603-174645-MaGaIntegratedStudy\bandwidthMeasurements\ALL#ALL#ALL#Up.csv
153,154,153,154,globalNetwork,DOWNLINK,267840,42200000,41932160,NOMINAL_MINUS_OBSERVED_DIAGNOSTIC,START_TIMESTAMP_FOR_INTERVAL,SAFE_AFTER_TIMESTAMP,tmp\mosaic-25.2\logs\log-20260603-174645-MaGaIntegratedStudy\bandwidthMeasurements\ALL#ALL#ALL#Dn.csv
153,154,153,154,globalNetwork,UPLINK,253920,28000000,27746080,NOMINAL_MINUS_OBSERVED_DIAGNOSTIC,START_TIMESTAMP_FOR_INTERVAL,SAFE_AFTER_TIMESTAMP,tmp\mosaic-25.2\logs\log-20260603-174645-MaGaIntegratedStudy\bandwidthMeasurements\ALL#ALL#ALL#Up.csv
153,154,153,154,region_central_degraded,DOWNLINK,53568,12000000,11946432,NOMINAL_MINUS_OBSERVED_DIAGNOSTIC,START_TIMESTAMP_FOR_INTERVAL,SAFE_AFTER_TIMESTAMP,tmp\mosaic-25.2\logs\log-20260603-174645-MaGaIntegratedStudy\bandwidthMeasurements\ALL#ALL#ALL#Dn.csv
153,154,153,154,region_central_degraded,UPLINK,253920,8000000,7746080,NOMINAL_MINUS_OBSERVED_DIAGNOSTIC,START_TIMESTAMP_FOR_INTERVAL,SAFE_AFTER_TIMESTAMP,tmp\mosaic-25.2\logs\log-20260603-174645-MaGaIntegratedStudy\bandwidthMeasurements\ALL#ALL#ALL#Up.csv
153,154,153,154,region_north_normal,DOWNLINK,0,60000000,60000000,NOMINAL_MINUS_OBSERVED_DIAGNOSTIC,START_TIMESTAMP_FOR_INTERVAL,SAFE_AFTER_TIMESTAMP,tmp\mosaic-25.2\logs\log-20260603-174645-MaGaIntegratedStudy\bandwidthMeasurements\ALL#ALL#ALL#Dn.csv
153,154,153,154,region_north_normal,UPLINK,0,40000000,40000000,NOMINAL_MINUS_OBSERVED_DIAGNOSTIC,START_TIMESTAMP_FOR_INTERVAL,SAFE_AFTER_TIMESTAMP,tmp\mosaic-25.2\logs\log-20260603-174645-MaGaIntegratedStudy\bandwidthMeasurements\ALL#ALL#ALL#Up.csv
154,155,154,155,globalNetwork,DOWNLINK,267840,42200000,41932160,NOMINAL_MINUS_OBSERVED_DIAGNOSTIC,START_TIMESTAMP_FOR_INTERVAL,SAFE_AFTER_TIMESTAMP,tmp\mosaic-25.2\logs\log-20260603-174645-MaGaIntegratedStudy\bandwidthMeasurements\ALL#ALL#ALL#Dn.csv
154,155,154,155,globalNetwork,UPLINK,253920,28000000,27746080,NOMINAL_MINUS_OBSERVED_DIAGNOSTIC,START_TIMESTAMP_FOR_INTERVAL,SAFE_AFTER_TIMESTAMP,tmp\mosaic-25.2\logs\log-20260603-174645-MaGaIntegratedStudy\bandwidthMeasurements\ALL#ALL#ALL#Up.csv
154,155,154,155,region_central_degraded,DOWNLINK,107136,12000000,11892864,NOMINAL_MINUS_OBSERVED_DIAGNOSTIC,START_TIMESTAMP_FOR_INTERVAL,SAFE_AFTER_TIMESTAMP,tmp\mosaic-25.2\logs\log-20260603-174645-MaGaIntegratedStudy\bandwidthMeasurements\ALL#ALL#ALL#Dn.csv
154,155,154,155,region_central_degraded,UPLINK,253920,8000000,7746080,NOMINAL_MINUS_OBSERVED_DIAGNOSTIC,START_TIMESTAMP_FOR_INTERVAL,SAFE_AFTER_TIMESTAMP,tmp\mosaic-25.2\logs\log-20260603-174645-MaGaIntegratedStudy\bandwidthMeasurements\ALL#ALL#ALL#Up.csv
154,155,154,155,region_north_normal,DOWNLINK,0,60000000,60000000,NOMINAL_MINUS_OBSERVED_DIAGNOSTIC,START_TIMESTAMP_FOR_INTERVAL,SAFE_AFTER_TIMESTAMP,tmp\mosaic-25.2\logs\log-20260603-174645-MaGaIntegratedStudy\bandwidthMeasurements\ALL#ALL#ALL#Dn.csv
154,155,154,155,region_north_normal,UPLINK,0,40000000,40000000,NOMINAL_MINUS_OBSERVED_DIAGNOSTIC,START_TIMESTAMP_FOR_INTERVAL,SAFE_AFTER_TIMESTAMP,tmp\mosaic-25.2\logs\log-20260603-174645-MaGaIntegratedStudy\bandwidthMeasurements\ALL#ALL#ALL#Up.csv
155,156,155,156,globalNetwork,DOWNLINK,267840,42200000,41932160,NOMINAL_MINUS_OBSERVED_DIAGNOSTIC,START_TIMESTAMP_FOR_INTERVAL,SAFE_AFTER_TIMESTAMP,tmp\mosaic-25.2\logs\log-20260603-174645-MaGaIntegratedStudy\bandwidthMeasurements\ALL#ALL#ALL#Dn.csv
155,156,155,156,globalNetwork,UPLINK,253920,28000000,27746080,NOMINAL_MINUS_OBSERVED_DIAGNOSTIC,START_TIMESTAMP_FOR_INTERVAL,SAFE_AFTER_TIMESTAMP,tmp\mosaic-25.2\logs\log-20260603-174645-MaGaIntegratedStudy\bandwidthMeasurements\ALL#ALL#ALL#Up.csv
155,156,155,156,region_central_degraded,DOWNLINK,107136,12000000,11892864,NOMINAL_MINUS_OBSERVED_DIAGNOSTIC,START_TIMESTAMP_FOR_INTERVAL,SAFE_AFTER_TIMESTAMP,tmp\mosaic-25.2\logs\log-20260603-174645-MaGaIntegratedStudy\bandwidthMeasurements\ALL#ALL#ALL#Dn.csv
155,156,155,156,region_central_degraded,UPLINK,253920,8000000,7746080,NOMINAL_MINUS_OBSERVED_DIAGNOSTIC,START_TIMESTAMP_FOR_INTERVAL,SAFE_AFTER_TIMESTAMP,tmp\mosaic-25.2\logs\log-20260603-174645-MaGaIntegratedStudy\bandwidthMeasurements\ALL#ALL#ALL#Up.csv
155,156,155,156,region_north_normal,DOWNLINK,0,60000000,60000000,NOMINAL_MINUS_OBSERVED_DIAGNOSTIC,START_TIMESTAMP_FOR_INTERVAL,SAFE_AFTER_TIMESTAMP,tmp\mosaic-25.2\logs\log-20260603-174645-MaGaIntegratedStudy\bandwidthMeasurements\ALL#ALL#ALL#Dn.csv
155,156,155,156,region_north_normal,UPLINK,0,40000000,40000000,NOMINAL_MINUS_OBSERVED_DIAGNOSTIC,START_TIMESTAMP_FOR_INTERVAL,SAFE_AFTER_TIMESTAMP,tmp\mosaic-25.2\logs\log-20260603-174645-MaGaIntegratedStudy\bandwidthMeasurements\ALL#ALL#ALL#Up.csv
156,157,156,157,globalNetwork,DOWNLINK,312480,42200000,41887520,NOMINAL_MINUS_OBSERVED_DIAGNOSTIC,START_TIMESTAMP_FOR_INTERVAL,SAFE_AFTER_TIMESTAMP,tmp\mosaic-25.2\logs\log-20260603-174645-MaGaIntegratedStudy\bandwidthMeasurements\ALL#ALL#ALL#Dn.csv
156,157,156,157,globalNetwork,UPLINK,296240,28000000,27703760,NOMINAL_MINUS_OBSERVED_DIAGNOSTIC,START_TIMESTAMP_FOR_INTERVAL,SAFE_AFTER_TIMESTAMP,tmp\mosaic-25.2\logs\log-20260603-174645-MaGaIntegratedStudy\bandwidthMeasurements\ALL#ALL#ALL#Up.csv
156,157,156,157,region_central_degraded,DOWNLINK,71424,12000000,11928576,NOMINAL_MINUS_OBSERVED_DIAGNOSTIC,START_TIMESTAMP_FOR_INTERVAL,SAFE_AFTER_TIMESTAMP,tmp\mosaic-25.2\logs\log-20260603-174645-MaGaIntegratedStudy\bandwidthMeasurements\ALL#ALL#ALL#Dn.csv
156,157,156,157,region_central_degraded,UPLINK,169280,8000000,7830720,NOMINAL_MINUS_OBSERVED_DIAGNOSTIC,START_TIMESTAMP_FOR_INTERVAL,SAFE_AFTER_TIMESTAMP,tmp\mosaic-25.2\logs\log-20260603-174645-MaGaIntegratedStudy\bandwidthMeasurements\ALL#ALL#ALL#Up.csv
156,157,156,157,region_north_normal,DOWNLINK,0,60000000,60000000,NOMINAL_MINUS_OBSERVED_DIAGNOSTIC,START_TIMESTAMP_FOR_INTERVAL,SAFE_AFTER_TIMESTAMP,tmp\mosaic-25.2\logs\log-20260603-174645-MaGaIntegratedStudy\bandwidthMeasurements\ALL#ALL#ALL#Dn.csv
156,157,156,157,region_north_normal,UPLINK,0,40000000,40000000,NOMINAL_MINUS_OBSERVED_DIAGNOSTIC,START_TIMESTAMP_FOR_INTERVAL,SAFE_AFTER_TIMESTAMP,tmp\mosaic-25.2\logs\log-20260603-174645-MaGaIntegratedStudy\bandwidthMeasurements\ALL#ALL#ALL#Up.csv
157,158,157,158,globalNetwork,DOWNLINK,312480,42200000,41887520,NOMINAL_MINUS_OBSERVED_DIAGNOSTIC,START_TIMESTAMP_FOR_INTERVAL,SAFE_AFTER_TIMESTAMP,tmp\mosaic-25.2\logs\log-20260603-174645-MaGaIntegratedStudy\bandwidthMeasurements\ALL#ALL#ALL#Dn.csv
157,158,157,158,globalNetwork,UPLINK,296240,28000000,27703760,NOMINAL_MINUS_OBSERVED_DIAGNOSTIC,START_TIMESTAMP_FOR_INTERVAL,SAFE_AFTER_TIMESTAMP,tmp\mosaic-25.2\logs\log-20260603-174645-MaGaIntegratedStudy\bandwidthMeasurements\ALL#ALL#ALL#Up.csv
157,158,157,158,region_central_degraded,DOWNLINK,53568,12000000,11946432,NOMINAL_MINUS_OBSERVED_DIAGNOSTIC,START_TIMESTAMP_FOR_INTERVAL,SAFE_AFTER_TIMESTAMP,tmp\mosaic-25.2\logs\log-20260603-174645-MaGaIntegratedStudy\bandwidthMeasurements\ALL#ALL#ALL#Dn.csv
157,158,157,158,region_central_degraded,UPLINK,169280,8000000,7830720,NOMINAL_MINUS_OBSERVED_DIAGNOSTIC,START_TIMESTAMP_FOR_INTERVAL,SAFE_AFTER_TIMESTAMP,tmp\mosaic-25.2\logs\log-20260603-174645-MaGaIntegratedStudy\bandwidthMeasurements\ALL#ALL#ALL#Up.csv
157,158,157,158,region_north_normal,DOWNLINK,0,60000000,60000000,NOMINAL_MINUS_OBSERVED_DIAGNOSTIC,START_TIMESTAMP_FOR_INTERVAL,SAFE_AFTER_TIMESTAMP,tmp\mosaic-25.2\logs\log-20260603-174645-MaGaIntegratedStudy\bandwidthMeasurements\ALL#ALL#ALL#Dn.csv
157,158,157,158,region_north_normal,UPLINK,0,40000000,40000000,NOMINAL_MINUS_OBSERVED_DIAGNOSTIC,START_TIMESTAMP_FOR_INTERVAL,SAFE_AFTER_TIMESTAMP,tmp\mosaic-25.2\logs\log-20260603-174645-MaGaIntegratedStudy\bandwidthMeasurements\ALL#ALL#ALL#Up.csv
158,159,158,159,globalNetwork,DOWNLINK,312480,42200000,41887520,NOMINAL_MINUS_OBSERVED_DIAGNOSTIC,START_TIMESTAMP_FOR_INTERVAL,SAFE_AFTER_TIMESTAMP,tmp\mosaic-25.2\logs\log-20260603-174645-MaGaIntegratedStudy\bandwidthMeasurements\ALL#ALL#ALL#Dn.csv
158,159,158,159,globalNetwork,UPLINK,296240,28000000,27703760,NOMINAL_MINUS_OBSERVED_DIAGNOSTIC,START_TIMESTAMP_FOR_INTERVAL,SAFE_AFTER_TIMESTAMP,tmp\mosaic-25.2\logs\log-20260603-174645-MaGaIntegratedStudy\bandwidthMeasurements\ALL#ALL#ALL#Up.csv
158,159,158,159,region_central_degraded,DOWNLINK,89280,12000000,11910720,NOMINAL_MINUS_OBSERVED_DIAGNOSTIC,START_TIMESTAMP_FOR_INTERVAL,SAFE_AFTER_TIMESTAMP,tmp\mosaic-25.2\logs\log-20260603-174645-MaGaIntegratedStudy\bandwidthMeasurements\ALL#ALL#ALL#Dn.csv
158,159,158,159,region_central_degraded,UPLINK,211600,8000000,7788400,NOMINAL_MINUS_OBSERVED_DIAGNOSTIC,START_TIMESTAMP_FOR_INTERVAL,SAFE_AFTER_TIMESTAMP,tmp\mosaic-25.2\logs\log-20260603-174645-MaGaIntegratedStudy\bandwidthMeasurements\ALL#ALL#ALL#Up.csv
158,159,158,159,region_north_normal,DOWNLINK,0,60000000,60000000,NOMINAL_MINUS_OBSERVED_DIAGNOSTIC,START_TIMESTAMP_FOR_INTERVAL,SAFE_AFTER_TIMESTAMP,tmp\mosaic-25.2\logs\log-20260603-174645-MaGaIntegratedStudy\bandwidthMeasurements\ALL#ALL#ALL#Dn.csv
158,159,158,159,region_north_normal,UPLINK,0,40000000,40000000,NOMINAL_MINUS_OBSERVED_DIAGNOSTIC,START_TIMESTAMP_FOR_INTERVAL,SAFE_AFTER_TIMESTAMP,tmp\mosaic-25.2\logs\log-20260603-174645-MaGaIntegratedStudy\bandwidthMeasurements\ALL#ALL#ALL#Up.csv
159,160,159,160,globalNetwork,DOWNLINK,312480,42200000,41887520,NOMINAL_MINUS_OBSERVED_DIAGNOSTIC,START_TIMESTAMP_FOR_INTERVAL,SAFE_AFTER_TIMESTAMP,tmp\mosaic-25.2\logs\log-20260603-174645-MaGaIntegratedStudy\bandwidthMeasurements\ALL#ALL#ALL#Dn.csv
159,160,159,160,globalNetwork,UPLINK,296240,28000000,27703760,NOMINAL_MINUS_OBSERVED_DIAGNOSTIC,START_TIMESTAMP_FOR_INTERVAL,SAFE_AFTER_TIMESTAMP,tmp\mosaic-25.2\logs\log-20260603-174645-MaGaIntegratedStudy\bandwidthMeasurements\ALL#ALL#ALL#Up.csv
159,160,159,160,region_central_degraded,DOWNLINK,89280,12000000,11910720,NOMINAL_MINUS_OBSERVED_DIAGNOSTIC,START_TIMESTAMP_FOR_INTERVAL,SAFE_AFTER_TIMESTAMP,tmp\mosaic-25.2\logs\log-20260603-174645-MaGaIntegratedStudy\bandwidthMeasurements\ALL#ALL#ALL#Dn.csv
159,160,159,160,region_central_degraded,UPLINK,211600,8000000,7788400,NOMINAL_MINUS_OBSERVED_DIAGNOSTIC,START_TIMESTAMP_FOR_INTERVAL,SAFE_AFTER_TIMESTAMP,tmp\mosaic-25.2\logs\log-20260603-174645-MaGaIntegratedStudy\bandwidthMeasurements\ALL#ALL#ALL#Up.csv
159,160,159,160,region_north_normal,DOWNLINK,0,60000000,60000000,NOMINAL_MINUS_OBSERVED_DIAGNOSTIC,START_TIMESTAMP_FOR_INTERVAL,SAFE_AFTER_TIMESTAMP,tmp\mosaic-25.2\logs\log-20260603-174645-MaGaIntegratedStudy\bandwidthMeasurements\ALL#ALL#ALL#Dn.csv
159,160,159,160,region_north_normal,UPLINK,0,40000000,40000000,NOMINAL_MINUS_OBSERVED_DIAGNOSTIC,START_TIMESTAMP_FOR_INTERVAL,SAFE_AFTER_TIMESTAMP,tmp\mosaic-25.2\logs\log-20260603-174645-MaGaIntegratedStudy\bandwidthMeasurements\ALL#ALL#ALL#Up.csv
160,161,160,161,globalNetwork,DOWNLINK,357120,42200000,41842880,NOMINAL_MINUS_OBSERVED_DIAGNOSTIC,START_TIMESTAMP_FOR_INTERVAL,SAFE_AFTER_TIMESTAMP,tmp\mosaic-25.2\logs\log-20260603-174645-MaGaIntegratedStudy\bandwidthMeasurements\ALL#ALL#ALL#Dn.csv
160,161,160,161,globalNetwork,UPLINK,338560,28000000,27661440,NOMINAL_MINUS_OBSERVED_DIAGNOSTIC,START_TIMESTAMP_FOR_INTERVAL,SAFE_AFTER_TIMESTAMP,tmp\mosaic-25.2\logs\log-20260603-174645-MaGaIntegratedStudy\bandwidthMeasurements\ALL#ALL#ALL#Up.csv
160,161,160,161,region_central_degraded,DOWNLINK,71424,12000000,11928576,NOMINAL_MINUS_OBSERVED_DIAGNOSTIC,START_TIMESTAMP_FOR_INTERVAL,SAFE_AFTER_TIMESTAMP,tmp\mosaic-25.2\logs\log-20260603-174645-MaGaIntegratedStudy\bandwidthMeasurements\ALL#ALL#ALL#Dn.csv
160,161,160,161,region_central_degraded,UPLINK,169280,8000000,7830720,NOMINAL_MINUS_OBSERVED_DIAGNOSTIC,START_TIMESTAMP_FOR_INTERVAL,SAFE_AFTER_TIMESTAMP,tmp\mosaic-25.2\logs\log-20260603-174645-MaGaIntegratedStudy\bandwidthMeasurements\ALL#ALL#ALL#Up.csv
160,161,160,161,region_north_normal,DOWNLINK,0,60000000,60000000,NOMINAL_MINUS_OBSERVED_DIAGNOSTIC,START_TIMESTAMP_FOR_INTERVAL,SAFE_AFTER_TIMESTAMP,tmp\mosaic-25.2\logs\log-20260603-174645-MaGaIntegratedStudy\bandwidthMeasurements\ALL#ALL#ALL#Dn.csv
160,161,160,161,region_north_normal,UPLINK,0,40000000,40000000,NOMINAL_MINUS_OBSERVED_DIAGNOSTIC,START_TIMESTAMP_FOR_INTERVAL,SAFE_AFTER_TIMESTAMP,tmp\mosaic-25.2\logs\log-20260603-174645-MaGaIntegratedStudy\bandwidthMeasurements\ALL#ALL#ALL#Up.csv
161,162,161,162,globalNetwork,DOWNLINK,357120,42200000,41842880,NOMINAL_MINUS_OBSERVED_DIAGNOSTIC,START_TIMESTAMP_FOR_INTERVAL,SAFE_AFTER_TIMESTAMP,tmp\mosaic-25.2\logs\log-20260603-174645-MaGaIntegratedStudy\bandwidthMeasurements\ALL#ALL#ALL#Dn.csv
161,162,161,162,globalNetwork,UPLINK,338560,28000000,27661440,NOMINAL_MINUS_OBSERVED_DIAGNOSTIC,START_TIMESTAMP_FOR_INTERVAL,SAFE_AFTER_TIMESTAMP,tmp\mosaic-25.2\logs\log-20260603-174645-MaGaIntegratedStudy\bandwidthMeasurements\ALL#ALL#ALL#Up.csv
161,162,161,162,region_central_degraded,DOWNLINK,71424,12000000,11928576,NOMINAL_MINUS_OBSERVED_DIAGNOSTIC,START_TIMESTAMP_FOR_INTERVAL,SAFE_AFTER_TIMESTAMP,tmp\mosaic-25.2\logs\log-20260603-174645-MaGaIntegratedStudy\bandwidthMeasurements\ALL#ALL#ALL#Dn.csv
161,162,161,162,region_central_degraded,UPLINK,169280,8000000,7830720,NOMINAL_MINUS_OBSERVED_DIAGNOSTIC,START_TIMESTAMP_FOR_INTERVAL,SAFE_AFTER_TIMESTAMP,tmp\mosaic-25.2\logs\log-20260603-174645-MaGaIntegratedStudy\bandwidthMeasurements\ALL#ALL#ALL#Up.csv
161,162,161,162,region_north_normal,DOWNLINK,0,60000000,60000000,NOMINAL_MINUS_OBSERVED_DIAGNOSTIC,START_TIMESTAMP_FOR_INTERVAL,SAFE_AFTER_TIMESTAMP,tmp\mosaic-25.2\logs\log-20260603-174645-MaGaIntegratedStudy\bandwidthMeasurements\ALL#ALL#ALL#Dn.csv
161,162,161,162,region_north_normal,UPLINK,0,40000000,40000000,NOMINAL_MINUS_OBSERVED_DIAGNOSTIC,START_TIMESTAMP_FOR_INTERVAL,SAFE_AFTER_TIMESTAMP,tmp\mosaic-25.2\logs\log-20260603-174645-MaGaIntegratedStudy\bandwidthMeasurements\ALL#ALL#ALL#Up.csv
162,163,162,163,globalNetwork,DOWNLINK,357120,42200000,41842880,NOMINAL_MINUS_OBSERVED_DIAGNOSTIC,START_TIMESTAMP_FOR_INTERVAL,SAFE_AFTER_TIMESTAMP,tmp\mosaic-25.2\logs\log-20260603-174645-MaGaIntegratedStudy\bandwidthMeasurements\ALL#ALL#ALL#Dn.csv
162,163,162,163,globalNetwork,UPLINK,338560,28000000,27661440,NOMINAL_MINUS_OBSERVED_DIAGNOSTIC,START_TIMESTAMP_FOR_INTERVAL,SAFE_AFTER_TIMESTAMP,tmp\mosaic-25.2\logs\log-20260603-174645-MaGaIntegratedStudy\bandwidthMeasurements\ALL#ALL#ALL#Up.csv
162,163,162,163,region_central_degraded,DOWNLINK,71424,12000000,11928576,NOMINAL_MINUS_OBSERVED_DIAGNOSTIC,START_TIMESTAMP_FOR_INTERVAL,SAFE_AFTER_TIMESTAMP,tmp\mosaic-25.2\logs\log-20260603-174645-MaGaIntegratedStudy\bandwidthMeasurements\ALL#ALL#ALL#Dn.csv
162,163,162,163,region_central_degraded,UPLINK,169280,8000000,7830720,NOMINAL_MINUS_OBSERVED_DIAGNOSTIC,START_TIMESTAMP_FOR_INTERVAL,SAFE_AFTER_TIMESTAMP,tmp\mosaic-25.2\logs\log-20260603-174645-MaGaIntegratedStudy\bandwidthMeasurements\ALL#ALL#ALL#Up.csv
162,163,162,163,region_north_normal,DOWNLINK,0,60000000,60000000,NOMINAL_MINUS_OBSERVED_DIAGNOSTIC,START_TIMESTAMP_FOR_INTERVAL,SAFE_AFTER_TIMESTAMP,tmp\mosaic-25.2\logs\log-20260603-174645-MaGaIntegratedStudy\bandwidthMeasurements\ALL#ALL#ALL#Dn.csv
162,163,162,163,region_north_normal,UPLINK,0,40000000,40000000,NOMINAL_MINUS_OBSERVED_DIAGNOSTIC,START_TIMESTAMP_FOR_INTERVAL,SAFE_AFTER_TIMESTAMP,tmp\mosaic-25.2\logs\log-20260603-174645-MaGaIntegratedStudy\bandwidthMeasurements\ALL#ALL#ALL#Up.csv
163,164,163,164,globalNetwork,DOWNLINK,357120,42200000,41842880,NOMINAL_MINUS_OBSERVED_DIAGNOSTIC,START_TIMESTAMP_FOR_INTERVAL,SAFE_AFTER_TIMESTAMP,tmp\mosaic-25.2\logs\log-20260603-174645-MaGaIntegratedStudy\bandwidthMeasurements\ALL#ALL#ALL#Dn.csv
163,164,163,164,globalNetwork,UPLINK,338560,28000000,27661440,NOMINAL_MINUS_OBSERVED_DIAGNOSTIC,START_TIMESTAMP_FOR_INTERVAL,SAFE_AFTER_TIMESTAMP,tmp\mosaic-25.2\logs\log-20260603-174645-MaGaIntegratedStudy\bandwidthMeasurements\ALL#ALL#ALL#Up.csv
163,164,163,164,region_central_degraded,DOWNLINK,53568,12000000,11946432,NOMINAL_MINUS_OBSERVED_DIAGNOSTIC,START_TIMESTAMP_FOR_INTERVAL,SAFE_AFTER_TIMESTAMP,tmp\mosaic-25.2\logs\log-20260603-174645-MaGaIntegratedStudy\bandwidthMeasurements\ALL#ALL#ALL#Dn.csv
163,164,163,164,region_central_degraded,UPLINK,169280,8000000,7830720,NOMINAL_MINUS_OBSERVED_DIAGNOSTIC,START_TIMESTAMP_FOR_INTERVAL,SAFE_AFTER_TIMESTAMP,tmp\mosaic-25.2\logs\log-20260603-174645-MaGaIntegratedStudy\bandwidthMeasurements\ALL#ALL#ALL#Up.csv
163,164,163,164,region_north_normal,DOWNLINK,0,60000000,60000000,NOMINAL_MINUS_OBSERVED_DIAGNOSTIC,START_TIMESTAMP_FOR_INTERVAL,SAFE_AFTER_TIMESTAMP,tmp\mosaic-25.2\logs\log-20260603-174645-MaGaIntegratedStudy\bandwidthMeasurements\ALL#ALL#ALL#Dn.csv
163,164,163,164,region_north_normal,UPLINK,0,40000000,40000000,NOMINAL_MINUS_OBSERVED_DIAGNOSTIC,START_TIMESTAMP_FOR_INTERVAL,SAFE_AFTER_TIMESTAMP,tmp\mosaic-25.2\logs\log-20260603-174645-MaGaIntegratedStudy\bandwidthMeasurements\ALL#ALL#ALL#Up.csv
164,165,164,165,globalNetwork,DOWNLINK,401760,42200000,41798240,NOMINAL_MINUS_OBSERVED_DIAGNOSTIC,START_TIMESTAMP_FOR_INTERVAL,SAFE_AFTER_TIMESTAMP,tmp\mosaic-25.2\logs\log-20260603-174645-MaGaIntegratedStudy\bandwidthMeasurements\ALL#ALL#ALL#Dn.csv
164,165,164,165,globalNetwork,UPLINK,380880,28000000,27619120,NOMINAL_MINUS_OBSERVED_DIAGNOSTIC,START_TIMESTAMP_FOR_INTERVAL,SAFE_AFTER_TIMESTAMP,tmp\mosaic-25.2\logs\log-20260603-174645-MaGaIntegratedStudy\bandwidthMeasurements\ALL#ALL#ALL#Up.csv
164,165,164,165,region_central_degraded,DOWNLINK,53568,12000000,11946432,NOMINAL_MINUS_OBSERVED_DIAGNOSTIC,START_TIMESTAMP_FOR_INTERVAL,SAFE_AFTER_TIMESTAMP,tmp\mosaic-25.2\logs\log-20260603-174645-MaGaIntegratedStudy\bandwidthMeasurements\ALL#ALL#ALL#Dn.csv
164,165,164,165,region_central_degraded,UPLINK,126960,8000000,7873040,NOMINAL_MINUS_OBSERVED_DIAGNOSTIC,START_TIMESTAMP_FOR_INTERVAL,SAFE_AFTER_TIMESTAMP,tmp\mosaic-25.2\logs\log-20260603-174645-MaGaIntegratedStudy\bandwidthMeasurements\ALL#ALL#ALL#Up.csv
164,165,164,165,region_north_normal,DOWNLINK,0,60000000,60000000,NOMINAL_MINUS_OBSERVED_DIAGNOSTIC,START_TIMESTAMP_FOR_INTERVAL,SAFE_AFTER_TIMESTAMP,tmp\mosaic-25.2\logs\log-20260603-174645-MaGaIntegratedStudy\bandwidthMeasurements\ALL#ALL#ALL#Dn.csv
164,165,164,165,region_north_normal,UPLINK,0,40000000,40000000,NOMINAL_MINUS_OBSERVED_DIAGNOSTIC,START_TIMESTAMP_FOR_INTERVAL,SAFE_AFTER_TIMESTAMP,tmp\mosaic-25.2\logs\log-20260603-174645-MaGaIntegratedStudy\bandwidthMeasurements\ALL#ALL#ALL#Up.csv
165,166,165,166,globalNetwork,DOWNLINK,401760,42200000,41798240,NOMINAL_MINUS_OBSERVED_DIAGNOSTIC,START_TIMESTAMP_FOR_INTERVAL,SAFE_AFTER_TIMESTAMP,tmp\mosaic-25.2\logs\log-20260603-174645-MaGaIntegratedStudy\bandwidthMeasurements\ALL#ALL#ALL#Dn.csv
165,166,165,166,globalNetwork,UPLINK,380880,28000000,27619120,NOMINAL_MINUS_OBSERVED_DIAGNOSTIC,START_TIMESTAMP_FOR_INTERVAL,SAFE_AFTER_TIMESTAMP,tmp\mosaic-25.2\logs\log-20260603-174645-MaGaIntegratedStudy\bandwidthMeasurements\ALL#ALL#ALL#Up.csv
165,166,165,166,region_central_degraded,DOWNLINK,35712,12000000,11964288,NOMINAL_MINUS_OBSERVED_DIAGNOSTIC,START_TIMESTAMP_FOR_INTERVAL,SAFE_AFTER_TIMESTAMP,tmp\mosaic-25.2\logs\log-20260603-174645-MaGaIntegratedStudy\bandwidthMeasurements\ALL#ALL#ALL#Dn.csv
165,166,165,166,region_central_degraded,UPLINK,126960,8000000,7873040,NOMINAL_MINUS_OBSERVED_DIAGNOSTIC,START_TIMESTAMP_FOR_INTERVAL,SAFE_AFTER_TIMESTAMP,tmp\mosaic-25.2\logs\log-20260603-174645-MaGaIntegratedStudy\bandwidthMeasurements\ALL#ALL#ALL#Up.csv
165,166,165,166,region_north_normal,DOWNLINK,0,60000000,60000000,NOMINAL_MINUS_OBSERVED_DIAGNOSTIC,START_TIMESTAMP_FOR_INTERVAL,SAFE_AFTER_TIMESTAMP,tmp\mosaic-25.2\logs\log-20260603-174645-MaGaIntegratedStudy\bandwidthMeasurements\ALL#ALL#ALL#Dn.csv
165,166,165,166,region_north_normal,UPLINK,0,40000000,40000000,NOMINAL_MINUS_OBSERVED_DIAGNOSTIC,START_TIMESTAMP_FOR_INTERVAL,SAFE_AFTER_TIMESTAMP,tmp\mosaic-25.2\logs\log-20260603-174645-MaGaIntegratedStudy\bandwidthMeasurements\ALL#ALL#ALL#Up.csv
166,167,166,167,globalNetwork,DOWNLINK,401760,42200000,41798240,NOMINAL_MINUS_OBSERVED_DIAGNOSTIC,START_TIMESTAMP_FOR_INTERVAL,SAFE_AFTER_TIMESTAMP,tmp\mosaic-25.2\logs\log-20260603-174645-MaGaIntegratedStudy\bandwidthMeasurements\ALL#ALL#ALL#Dn.csv
166,167,166,167,globalNetwork,UPLINK,380880,28000000,27619120,NOMINAL_MINUS_OBSERVED_DIAGNOSTIC,START_TIMESTAMP_FOR_INTERVAL,SAFE_AFTER_TIMESTAMP,tmp\mosaic-25.2\logs\log-20260603-174645-MaGaIntegratedStudy\bandwidthMeasurements\ALL#ALL#ALL#Up.csv
166,167,166,167,region_central_degraded,DOWNLINK,53568,12000000,11946432,NOMINAL_MINUS_OBSERVED_DIAGNOSTIC,START_TIMESTAMP_FOR_INTERVAL,SAFE_AFTER_TIMESTAMP,tmp\mosaic-25.2\logs\log-20260603-174645-MaGaIntegratedStudy\bandwidthMeasurements\ALL#ALL#ALL#Dn.csv
166,167,166,167,region_central_degraded,UPLINK,126960,8000000,7873040,NOMINAL_MINUS_OBSERVED_DIAGNOSTIC,START_TIMESTAMP_FOR_INTERVAL,SAFE_AFTER_TIMESTAMP,tmp\mosaic-25.2\logs\log-20260603-174645-MaGaIntegratedStudy\bandwidthMeasurements\ALL#ALL#ALL#Up.csv
166,167,166,167,region_north_normal,DOWNLINK,0,60000000,60000000,NOMINAL_MINUS_OBSERVED_DIAGNOSTIC,START_TIMESTAMP_FOR_INTERVAL,SAFE_AFTER_TIMESTAMP,tmp\mosaic-25.2\logs\log-20260603-174645-MaGaIntegratedStudy\bandwidthMeasurements\ALL#ALL#ALL#Dn.csv
166,167,166,167,region_north_normal,UPLINK,0,40000000,40000000,NOMINAL_MINUS_OBSERVED_DIAGNOSTIC,START_TIMESTAMP_FOR_INTERVAL,SAFE_AFTER_TIMESTAMP,tmp\mosaic-25.2\logs\log-20260603-174645-MaGaIntegratedStudy\bandwidthMeasurements\ALL#ALL#ALL#Up.csv
167,168,167,168,globalNetwork,DOWNLINK,401760,42200000,41798240,NOMINAL_MINUS_OBSERVED_DIAGNOSTIC,START_TIMESTAMP_FOR_INTERVAL,SAFE_AFTER_TIMESTAMP,tmp\mosaic-25.2\logs\log-20260603-174645-MaGaIntegratedStudy\bandwidthMeasurements\ALL#ALL#ALL#Dn.csv
167,168,167,168,globalNetwork,UPLINK,380880,28000000,27619120,NOMINAL_MINUS_OBSERVED_DIAGNOSTIC,START_TIMESTAMP_FOR_INTERVAL,SAFE_AFTER_TIMESTAMP,tmp\mosaic-25.2\logs\log-20260603-174645-MaGaIntegratedStudy\bandwidthMeasurements\ALL#ALL#ALL#Up.csv
167,168,167,168,region_central_degraded,DOWNLINK,53568,12000000,11946432,NOMINAL_MINUS_OBSERVED_DIAGNOSTIC,START_TIMESTAMP_FOR_INTERVAL,SAFE_AFTER_TIMESTAMP,tmp\mosaic-25.2\logs\log-20260603-174645-MaGaIntegratedStudy\bandwidthMeasurements\ALL#ALL#ALL#Dn.csv
167,168,167,168,region_central_degraded,UPLINK,126960,8000000,7873040,NOMINAL_MINUS_OBSERVED_DIAGNOSTIC,START_TIMESTAMP_FOR_INTERVAL,SAFE_AFTER_TIMESTAMP,tmp\mosaic-25.2\logs\log-20260603-174645-MaGaIntegratedStudy\bandwidthMeasurements\ALL#ALL#ALL#Up.csv
167,168,167,168,region_north_normal,DOWNLINK,0,60000000,60000000,NOMINAL_MINUS_OBSERVED_DIAGNOSTIC,START_TIMESTAMP_FOR_INTERVAL,SAFE_AFTER_TIMESTAMP,tmp\mosaic-25.2\logs\log-20260603-174645-MaGaIntegratedStudy\bandwidthMeasurements\ALL#ALL#ALL#Dn.csv
167,168,167,168,region_north_normal,UPLINK,0,40000000,40000000,NOMINAL_MINUS_OBSERVED_DIAGNOSTIC,START_TIMESTAMP_FOR_INTERVAL,SAFE_AFTER_TIMESTAMP,tmp\mosaic-25.2\logs\log-20260603-174645-MaGaIntegratedStudy\bandwidthMeasurements\ALL#ALL#ALL#Up.csv
168,169,168,169,globalNetwork,DOWNLINK,446400,42200000,41753600,NOMINAL_MINUS_OBSERVED_DIAGNOSTIC,START_TIMESTAMP_FOR_INTERVAL,SAFE_AFTER_TIMESTAMP,tmp\mosaic-25.2\logs\log-20260603-174645-MaGaIntegratedStudy\bandwidthMeasurements\ALL#ALL#ALL#Dn.csv
168,169,168,169,globalNetwork,UPLINK,423200,28000000,27576800,NOMINAL_MINUS_OBSERVED_DIAGNOSTIC,START_TIMESTAMP_FOR_INTERVAL,SAFE_AFTER_TIMESTAMP,tmp\mosaic-25.2\logs\log-20260603-174645-MaGaIntegratedStudy\bandwidthMeasurements\ALL#ALL#ALL#Up.csv
168,169,168,169,region_central_degraded,DOWNLINK,17856,12000000,11982144,NOMINAL_MINUS_OBSERVED_DIAGNOSTIC,START_TIMESTAMP_FOR_INTERVAL,SAFE_AFTER_TIMESTAMP,tmp\mosaic-25.2\logs\log-20260603-174645-MaGaIntegratedStudy\bandwidthMeasurements\ALL#ALL#ALL#Dn.csv
168,169,168,169,region_central_degraded,UPLINK,84640,8000000,7915360,NOMINAL_MINUS_OBSERVED_DIAGNOSTIC,START_TIMESTAMP_FOR_INTERVAL,SAFE_AFTER_TIMESTAMP,tmp\mosaic-25.2\logs\log-20260603-174645-MaGaIntegratedStudy\bandwidthMeasurements\ALL#ALL#ALL#Up.csv
168,169,168,169,region_north_normal,DOWNLINK,0,60000000,60000000,NOMINAL_MINUS_OBSERVED_DIAGNOSTIC,START_TIMESTAMP_FOR_INTERVAL,SAFE_AFTER_TIMESTAMP,tmp\mosaic-25.2\logs\log-20260603-174645-MaGaIntegratedStudy\bandwidthMeasurements\ALL#ALL#ALL#Dn.csv
168,169,168,169,region_north_normal,UPLINK,0,40000000,40000000,NOMINAL_MINUS_OBSERVED_DIAGNOSTIC,START_TIMESTAMP_FOR_INTERVAL,SAFE_AFTER_TIMESTAMP,tmp\mosaic-25.2\logs\log-20260603-174645-MaGaIntegratedStudy\bandwidthMeasurements\ALL#ALL#ALL#Up.csv
169,170,169,170,globalNetwork,DOWNLINK,446400,42200000,41753600,NOMINAL_MINUS_OBSERVED_DIAGNOSTIC,START_TIMESTAMP_FOR_INTERVAL,SAFE_AFTER_TIMESTAMP,tmp\mosaic-25.2\logs\log-20260603-174645-MaGaIntegratedStudy\bandwidthMeasurements\ALL#ALL#ALL#Dn.csv
169,170,169,170,globalNetwork,UPLINK,423200,28000000,27576800,NOMINAL_MINUS_OBSERVED_DIAGNOSTIC,START_TIMESTAMP_FOR_INTERVAL,SAFE_AFTER_TIMESTAMP,tmp\mosaic-25.2\logs\log-20260603-174645-MaGaIntegratedStudy\bandwidthMeasurements\ALL#ALL#ALL#Up.csv
169,170,169,170,region_central_degraded,DOWNLINK,17856,12000000,11982144,NOMINAL_MINUS_OBSERVED_DIAGNOSTIC,START_TIMESTAMP_FOR_INTERVAL,SAFE_AFTER_TIMESTAMP,tmp\mosaic-25.2\logs\log-20260603-174645-MaGaIntegratedStudy\bandwidthMeasurements\ALL#ALL#ALL#Dn.csv
169,170,169,170,region_central_degraded,UPLINK,42320,8000000,7957680,NOMINAL_MINUS_OBSERVED_DIAGNOSTIC,START_TIMESTAMP_FOR_INTERVAL,SAFE_AFTER_TIMESTAMP,tmp\mosaic-25.2\logs\log-20260603-174645-MaGaIntegratedStudy\bandwidthMeasurements\ALL#ALL#ALL#Up.csv
169,170,169,170,region_north_normal,DOWNLINK,0,60000000,60000000,NOMINAL_MINUS_OBSERVED_DIAGNOSTIC,START_TIMESTAMP_FOR_INTERVAL,SAFE_AFTER_TIMESTAMP,tmp\mosaic-25.2\logs\log-20260603-174645-MaGaIntegratedStudy\bandwidthMeasurements\ALL#ALL#ALL#Dn.csv
169,170,169,170,region_north_normal,UPLINK,0,40000000,40000000,NOMINAL_MINUS_OBSERVED_DIAGNOSTIC,START_TIMESTAMP_FOR_INTERVAL,SAFE_AFTER_TIMESTAMP,tmp\mosaic-25.2\logs\log-20260603-174645-MaGaIntegratedStudy\bandwidthMeasurements\ALL#ALL#ALL#Up.csv
170,171,170,171,globalNetwork,DOWNLINK,446400,42200000,41753600,NOMINAL_MINUS_OBSERVED_DIAGNOSTIC,START_TIMESTAMP_FOR_INTERVAL,SAFE_AFTER_TIMESTAMP,tmp\mosaic-25.2\logs\log-20260603-174645-MaGaIntegratedStudy\bandwidthMeasurements\ALL#ALL#ALL#Dn.csv
170,171,170,171,globalNetwork,UPLINK,423200,28000000,27576800,NOMINAL_MINUS_OBSERVED_DIAGNOSTIC,START_TIMESTAMP_FOR_INTERVAL,SAFE_AFTER_TIMESTAMP,tmp\mosaic-25.2\logs\log-20260603-174645-MaGaIntegratedStudy\bandwidthMeasurements\ALL#ALL#ALL#Up.csv
170,171,170,171,region_central_degraded,DOWNLINK,17856,12000000,11982144,NOMINAL_MINUS_OBSERVED_DIAGNOSTIC,START_TIMESTAMP_FOR_INTERVAL,SAFE_AFTER_TIMESTAMP,tmp\mosaic-25.2\logs\log-20260603-174645-MaGaIntegratedStudy\bandwidthMeasurements\ALL#ALL#ALL#Dn.csv
170,171,170,171,region_central_degraded,UPLINK,84640,8000000,7915360,NOMINAL_MINUS_OBSERVED_DIAGNOSTIC,START_TIMESTAMP_FOR_INTERVAL,SAFE_AFTER_TIMESTAMP,tmp\mosaic-25.2\logs\log-20260603-174645-MaGaIntegratedStudy\bandwidthMeasurements\ALL#ALL#ALL#Up.csv
170,171,170,171,region_north_normal,DOWNLINK,0,60000000,60000000,NOMINAL_MINUS_OBSERVED_DIAGNOSTIC,START_TIMESTAMP_FOR_INTERVAL,SAFE_AFTER_TIMESTAMP,tmp\mosaic-25.2\logs\log-20260603-174645-MaGaIntegratedStudy\bandwidthMeasurements\ALL#ALL#ALL#Dn.csv
170,171,170,171,region_north_normal,UPLINK,0,40000000,40000000,NOMINAL_MINUS_OBSERVED_DIAGNOSTIC,START_TIMESTAMP_FOR_INTERVAL,SAFE_AFTER_TIMESTAMP,tmp\mosaic-25.2\logs\log-20260603-174645-MaGaIntegratedStudy\bandwidthMeasurements\ALL#ALL#ALL#Up.csv
171,172,171,172,globalNetwork,DOWNLINK,446400,42200000,41753600,NOMINAL_MINUS_OBSERVED_DIAGNOSTIC,START_TIMESTAMP_FOR_INTERVAL,SAFE_AFTER_TIMESTAMP,tmp\mosaic-25.2\logs\log-20260603-174645-MaGaIntegratedStudy\bandwidthMeasurements\ALL#ALL#ALL#Dn.csv
171,172,171,172,globalNetwork,UPLINK,423200,28000000,27576800,NOMINAL_MINUS_OBSERVED_DIAGNOSTIC,START_TIMESTAMP_FOR_INTERVAL,SAFE_AFTER_TIMESTAMP,tmp\mosaic-25.2\logs\log-20260603-174645-MaGaIntegratedStudy\bandwidthMeasurements\ALL#ALL#ALL#Up.csv
171,172,171,172,region_central_degraded,DOWNLINK,17856,12000000,11982144,NOMINAL_MINUS_OBSERVED_DIAGNOSTIC,START_TIMESTAMP_FOR_INTERVAL,SAFE_AFTER_TIMESTAMP,tmp\mosaic-25.2\logs\log-20260603-174645-MaGaIntegratedStudy\bandwidthMeasurements\ALL#ALL#ALL#Dn.csv
171,172,171,172,region_central_degraded,UPLINK,84640,8000000,7915360,NOMINAL_MINUS_OBSERVED_DIAGNOSTIC,START_TIMESTAMP_FOR_INTERVAL,SAFE_AFTER_TIMESTAMP,tmp\mosaic-25.2\logs\log-20260603-174645-MaGaIntegratedStudy\bandwidthMeasurements\ALL#ALL#ALL#Up.csv
171,172,171,172,region_north_normal,DOWNLINK,0,60000000,60000000,NOMINAL_MINUS_OBSERVED_DIAGNOSTIC,START_TIMESTAMP_FOR_INTERVAL,SAFE_AFTER_TIMESTAMP,tmp\mosaic-25.2\logs\log-20260603-174645-MaGaIntegratedStudy\bandwidthMeasurements\ALL#ALL#ALL#Dn.csv
171,172,171,172,region_north_normal,UPLINK,0,40000000,40000000,NOMINAL_MINUS_OBSERVED_DIAGNOSTIC,START_TIMESTAMP_FOR_INTERVAL,SAFE_AFTER_TIMESTAMP,tmp\mosaic-25.2\logs\log-20260603-174645-MaGaIntegratedStudy\bandwidthMeasurements\ALL#ALL#ALL#Up.csv
172,173,172,173,globalNetwork,DOWNLINK,491040,42200000,41708960,NOMINAL_MINUS_OBSERVED_DIAGNOSTIC,START_TIMESTAMP_FOR_INTERVAL,SAFE_AFTER_TIMESTAMP,tmp\mosaic-25.2\logs\log-20260603-174645-MaGaIntegratedStudy\bandwidthMeasurements\ALL#ALL#ALL#Dn.csv
172,173,172,173,globalNetwork,UPLINK,465520,28000000,27534480,NOMINAL_MINUS_OBSERVED_DIAGNOSTIC,START_TIMESTAMP_FOR_INTERVAL,SAFE_AFTER_TIMESTAMP,tmp\mosaic-25.2\logs\log-20260603-174645-MaGaIntegratedStudy\bandwidthMeasurements\ALL#ALL#ALL#Up.csv
172,173,172,173,region_central_degraded,DOWNLINK,17856,12000000,11982144,NOMINAL_MINUS_OBSERVED_DIAGNOSTIC,START_TIMESTAMP_FOR_INTERVAL,SAFE_AFTER_TIMESTAMP,tmp\mosaic-25.2\logs\log-20260603-174645-MaGaIntegratedStudy\bandwidthMeasurements\ALL#ALL#ALL#Dn.csv
172,173,172,173,region_central_degraded,UPLINK,42320,8000000,7957680,NOMINAL_MINUS_OBSERVED_DIAGNOSTIC,START_TIMESTAMP_FOR_INTERVAL,SAFE_AFTER_TIMESTAMP,tmp\mosaic-25.2\logs\log-20260603-174645-MaGaIntegratedStudy\bandwidthMeasurements\ALL#ALL#ALL#Up.csv
172,173,172,173,region_north_normal,DOWNLINK,0,60000000,60000000,NOMINAL_MINUS_OBSERVED_DIAGNOSTIC,START_TIMESTAMP_FOR_INTERVAL,SAFE_AFTER_TIMESTAMP,tmp\mosaic-25.2\logs\log-20260603-174645-MaGaIntegratedStudy\bandwidthMeasurements\ALL#ALL#ALL#Dn.csv
172,173,172,173,region_north_normal,UPLINK,0,40000000,40000000,NOMINAL_MINUS_OBSERVED_DIAGNOSTIC,START_TIMESTAMP_FOR_INTERVAL,SAFE_AFTER_TIMESTAMP,tmp\mosaic-25.2\logs\log-20260603-174645-MaGaIntegratedStudy\bandwidthMeasurements\ALL#ALL#ALL#Up.csv
173,174,173,174,globalNetwork,DOWNLINK,491040,42200000,41708960,NOMINAL_MINUS_OBSERVED_DIAGNOSTIC,START_TIMESTAMP_FOR_INTERVAL,SAFE_AFTER_TIMESTAMP,tmp\mosaic-25.2\logs\log-20260603-174645-MaGaIntegratedStudy\bandwidthMeasurements\ALL#ALL#ALL#Dn.csv
173,174,173,174,globalNetwork,UPLINK,465520,28000000,27534480,NOMINAL_MINUS_OBSERVED_DIAGNOSTIC,START_TIMESTAMP_FOR_INTERVAL,SAFE_AFTER_TIMESTAMP,tmp\mosaic-25.2\logs\log-20260603-174645-MaGaIntegratedStudy\bandwidthMeasurements\ALL#ALL#ALL#Up.csv
173,174,173,174,region_central_degraded,DOWNLINK,0,12000000,12000000,NOMINAL_MINUS_OBSERVED_DIAGNOSTIC,START_TIMESTAMP_FOR_INTERVAL,SAFE_AFTER_TIMESTAMP,tmp\mosaic-25.2\logs\log-20260603-174645-MaGaIntegratedStudy\bandwidthMeasurements\ALL#ALL#ALL#Dn.csv
173,174,173,174,region_central_degraded,UPLINK,0,8000000,8000000,NOMINAL_MINUS_OBSERVED_DIAGNOSTIC,START_TIMESTAMP_FOR_INTERVAL,SAFE_AFTER_TIMESTAMP,tmp\mosaic-25.2\logs\log-20260603-174645-MaGaIntegratedStudy\bandwidthMeasurements\ALL#ALL#ALL#Up.csv
173,174,173,174,region_north_normal,DOWNLINK,0,60000000,60000000,NOMINAL_MINUS_OBSERVED_DIAGNOSTIC,START_TIMESTAMP_FOR_INTERVAL,SAFE_AFTER_TIMESTAMP,tmp\mosaic-25.2\logs\log-20260603-174645-MaGaIntegratedStudy\bandwidthMeasurements\ALL#ALL#ALL#Dn.csv
173,174,173,174,region_north_normal,UPLINK,0,40000000,40000000,NOMINAL_MINUS_OBSERVED_DIAGNOSTIC,START_TIMESTAMP_FOR_INTERVAL,SAFE_AFTER_TIMESTAMP,tmp\mosaic-25.2\logs\log-20260603-174645-MaGaIntegratedStudy\bandwidthMeasurements\ALL#ALL#ALL#Up.csv
174,175,174,175,globalNetwork,DOWNLINK,491040,42200000,41708960,NOMINAL_MINUS_OBSERVED_DIAGNOSTIC,START_TIMESTAMP_FOR_INTERVAL,SAFE_AFTER_TIMESTAMP,tmp\mosaic-25.2\logs\log-20260603-174645-MaGaIntegratedStudy\bandwidthMeasurements\ALL#ALL#ALL#Dn.csv
174,175,174,175,globalNetwork,UPLINK,465520,28000000,27534480,NOMINAL_MINUS_OBSERVED_DIAGNOSTIC,START_TIMESTAMP_FOR_INTERVAL,SAFE_AFTER_TIMESTAMP,tmp\mosaic-25.2\logs\log-20260603-174645-MaGaIntegratedStudy\bandwidthMeasurements\ALL#ALL#ALL#Up.csv
174,175,174,175,region_central_degraded,DOWNLINK,17856,12000000,11982144,NOMINAL_MINUS_OBSERVED_DIAGNOSTIC,START_TIMESTAMP_FOR_INTERVAL,SAFE_AFTER_TIMESTAMP,tmp\mosaic-25.2\logs\log-20260603-174645-MaGaIntegratedStudy\bandwidthMeasurements\ALL#ALL#ALL#Dn.csv
174,175,174,175,region_central_degraded,UPLINK,42320,8000000,7957680,NOMINAL_MINUS_OBSERVED_DIAGNOSTIC,START_TIMESTAMP_FOR_INTERVAL,SAFE_AFTER_TIMESTAMP,tmp\mosaic-25.2\logs\log-20260603-174645-MaGaIntegratedStudy\bandwidthMeasurements\ALL#ALL#ALL#Up.csv
174,175,174,175,region_north_normal,DOWNLINK,0,60000000,60000000,NOMINAL_MINUS_OBSERVED_DIAGNOSTIC,START_TIMESTAMP_FOR_INTERVAL,SAFE_AFTER_TIMESTAMP,tmp\mosaic-25.2\logs\log-20260603-174645-MaGaIntegratedStudy\bandwidthMeasurements\ALL#ALL#ALL#Dn.csv
174,175,174,175,region_north_normal,UPLINK,0,40000000,40000000,NOMINAL_MINUS_OBSERVED_DIAGNOSTIC,START_TIMESTAMP_FOR_INTERVAL,SAFE_AFTER_TIMESTAMP,tmp\mosaic-25.2\logs\log-20260603-174645-MaGaIntegratedStudy\bandwidthMeasurements\ALL#ALL#ALL#Up.csv
175,176,175,176,globalNetwork,DOWNLINK,491040,42200000,41708960,NOMINAL_MINUS_OBSERVED_DIAGNOSTIC,START_TIMESTAMP_FOR_INTERVAL,SAFE_AFTER_TIMESTAMP,tmp\mosaic-25.2\logs\log-20260603-174645-MaGaIntegratedStudy\bandwidthMeasurements\ALL#ALL#ALL#Dn.csv
175,176,175,176,globalNetwork,UPLINK,465520,28000000,27534480,NOMINAL_MINUS_OBSERVED_DIAGNOSTIC,START_TIMESTAMP_FOR_INTERVAL,SAFE_AFTER_TIMESTAMP,tmp\mosaic-25.2\logs\log-20260603-174645-MaGaIntegratedStudy\bandwidthMeasurements\ALL#ALL#ALL#Up.csv
175,176,175,176,region_central_degraded,DOWNLINK,17856,12000000,11982144,NOMINAL_MINUS_OBSERVED_DIAGNOSTIC,START_TIMESTAMP_FOR_INTERVAL,SAFE_AFTER_TIMESTAMP,tmp\mosaic-25.2\logs\log-20260603-174645-MaGaIntegratedStudy\bandwidthMeasurements\ALL#ALL#ALL#Dn.csv
175,176,175,176,region_central_degraded,UPLINK,42320,8000000,7957680,NOMINAL_MINUS_OBSERVED_DIAGNOSTIC,START_TIMESTAMP_FOR_INTERVAL,SAFE_AFTER_TIMESTAMP,tmp\mosaic-25.2\logs\log-20260603-174645-MaGaIntegratedStudy\bandwidthMeasurements\ALL#ALL#ALL#Up.csv
175,176,175,176,region_north_normal,DOWNLINK,0,60000000,60000000,NOMINAL_MINUS_OBSERVED_DIAGNOSTIC,START_TIMESTAMP_FOR_INTERVAL,SAFE_AFTER_TIMESTAMP,tmp\mosaic-25.2\logs\log-20260603-174645-MaGaIntegratedStudy\bandwidthMeasurements\ALL#ALL#ALL#Dn.csv
175,176,175,176,region_north_normal,UPLINK,0,40000000,40000000,NOMINAL_MINUS_OBSERVED_DIAGNOSTIC,START_TIMESTAMP_FOR_INTERVAL,SAFE_AFTER_TIMESTAMP,tmp\mosaic-25.2\logs\log-20260603-174645-MaGaIntegratedStudy\bandwidthMeasurements\ALL#ALL#ALL#Up.csv
176,177,176,177,globalNetwork,DOWNLINK,535680,42200000,41664320,NOMINAL_MINUS_OBSERVED_DIAGNOSTIC,START_TIMESTAMP_FOR_INTERVAL,SAFE_AFTER_TIMESTAMP,tmp\mosaic-25.2\logs\log-20260603-174645-MaGaIntegratedStudy\bandwidthMeasurements\ALL#ALL#ALL#Dn.csv
176,177,176,177,globalNetwork,UPLINK,507840,28000000,27492160,NOMINAL_MINUS_OBSERVED_DIAGNOSTIC,START_TIMESTAMP_FOR_INTERVAL,SAFE_AFTER_TIMESTAMP,tmp\mosaic-25.2\logs\log-20260603-174645-MaGaIntegratedStudy\bandwidthMeasurements\ALL#ALL#ALL#Up.csv
176,177,176,177,region_central_degraded,DOWNLINK,0,12000000,12000000,NOMINAL_MINUS_OBSERVED_DIAGNOSTIC,START_TIMESTAMP_FOR_INTERVAL,SAFE_AFTER_TIMESTAMP,tmp\mosaic-25.2\logs\log-20260603-174645-MaGaIntegratedStudy\bandwidthMeasurements\ALL#ALL#ALL#Dn.csv
176,177,176,177,region_central_degraded,UPLINK,0,8000000,8000000,NOMINAL_MINUS_OBSERVED_DIAGNOSTIC,START_TIMESTAMP_FOR_INTERVAL,SAFE_AFTER_TIMESTAMP,tmp\mosaic-25.2\logs\log-20260603-174645-MaGaIntegratedStudy\bandwidthMeasurements\ALL#ALL#ALL#Up.csv
176,177,176,177,region_north_normal,DOWNLINK,0,60000000,60000000,NOMINAL_MINUS_OBSERVED_DIAGNOSTIC,START_TIMESTAMP_FOR_INTERVAL,SAFE_AFTER_TIMESTAMP,tmp\mosaic-25.2\logs\log-20260603-174645-MaGaIntegratedStudy\bandwidthMeasurements\ALL#ALL#ALL#Dn.csv
176,177,176,177,region_north_normal,UPLINK,0,40000000,40000000,NOMINAL_MINUS_OBSERVED_DIAGNOSTIC,START_TIMESTAMP_FOR_INTERVAL,SAFE_AFTER_TIMESTAMP,tmp\mosaic-25.2\logs\log-20260603-174645-MaGaIntegratedStudy\bandwidthMeasurements\ALL#ALL#ALL#Up.csv
177,178,177,178,globalNetwork,DOWNLINK,535680,42200000,41664320,NOMINAL_MINUS_OBSERVED_DIAGNOSTIC,START_TIMESTAMP_FOR_INTERVAL,SAFE_AFTER_TIMESTAMP,tmp\mosaic-25.2\logs\log-20260603-174645-MaGaIntegratedStudy\bandwidthMeasurements\ALL#ALL#ALL#Dn.csv
177,178,177,178,globalNetwork,UPLINK,507840,28000000,27492160,NOMINAL_MINUS_OBSERVED_DIAGNOSTIC,START_TIMESTAMP_FOR_INTERVAL,SAFE_AFTER_TIMESTAMP,tmp\mosaic-25.2\logs\log-20260603-174645-MaGaIntegratedStudy\bandwidthMeasurements\ALL#ALL#ALL#Up.csv
177,178,177,178,region_central_degraded,DOWNLINK,0,12000000,12000000,NOMINAL_MINUS_OBSERVED_DIAGNOSTIC,START_TIMESTAMP_FOR_INTERVAL,SAFE_AFTER_TIMESTAMP,tmp\mosaic-25.2\logs\log-20260603-174645-MaGaIntegratedStudy\bandwidthMeasurements\ALL#ALL#ALL#Dn.csv
177,178,177,178,region_central_degraded,UPLINK,0,8000000,8000000,NOMINAL_MINUS_OBSERVED_DIAGNOSTIC,START_TIMESTAMP_FOR_INTERVAL,SAFE_AFTER_TIMESTAMP,tmp\mosaic-25.2\logs\log-20260603-174645-MaGaIntegratedStudy\bandwidthMeasurements\ALL#ALL#ALL#Up.csv
177,178,177,178,region_north_normal,DOWNLINK,0,60000000,60000000,NOMINAL_MINUS_OBSERVED_DIAGNOSTIC,START_TIMESTAMP_FOR_INTERVAL,SAFE_AFTER_TIMESTAMP,tmp\mosaic-25.2\logs\log-20260603-174645-MaGaIntegratedStudy\bandwidthMeasurements\ALL#ALL#ALL#Dn.csv
177,178,177,178,region_north_normal,UPLINK,0,40000000,40000000,NOMINAL_MINUS_OBSERVED_DIAGNOSTIC,START_TIMESTAMP_FOR_INTERVAL,SAFE_AFTER_TIMESTAMP,tmp\mosaic-25.2\logs\log-20260603-174645-MaGaIntegratedStudy\bandwidthMeasurements\ALL#ALL#ALL#Up.csv
178,179,178,179,globalNetwork,DOWNLINK,535680,42200000,41664320,NOMINAL_MINUS_OBSERVED_DIAGNOSTIC,START_TIMESTAMP_FOR_INTERVAL,SAFE_AFTER_TIMESTAMP,tmp\mosaic-25.2\logs\log-20260603-174645-MaGaIntegratedStudy\bandwidthMeasurements\ALL#ALL#ALL#Dn.csv
178,179,178,179,globalNetwork,UPLINK,507840,28000000,27492160,NOMINAL_MINUS_OBSERVED_DIAGNOSTIC,START_TIMESTAMP_FOR_INTERVAL,SAFE_AFTER_TIMESTAMP,tmp\mosaic-25.2\logs\log-20260603-174645-MaGaIntegratedStudy\bandwidthMeasurements\ALL#ALL#ALL#Up.csv
178,179,178,179,region_central_degraded,DOWNLINK,0,12000000,12000000,NOMINAL_MINUS_OBSERVED_DIAGNOSTIC,START_TIMESTAMP_FOR_INTERVAL,SAFE_AFTER_TIMESTAMP,tmp\mosaic-25.2\logs\log-20260603-174645-MaGaIntegratedStudy\bandwidthMeasurements\ALL#ALL#ALL#Dn.csv
178,179,178,179,region_central_degraded,UPLINK,0,8000000,8000000,NOMINAL_MINUS_OBSERVED_DIAGNOSTIC,START_TIMESTAMP_FOR_INTERVAL,SAFE_AFTER_TIMESTAMP,tmp\mosaic-25.2\logs\log-20260603-174645-MaGaIntegratedStudy\bandwidthMeasurements\ALL#ALL#ALL#Up.csv
178,179,178,179,region_north_normal,DOWNLINK,0,60000000,60000000,NOMINAL_MINUS_OBSERVED_DIAGNOSTIC,START_TIMESTAMP_FOR_INTERVAL,SAFE_AFTER_TIMESTAMP,tmp\mosaic-25.2\logs\log-20260603-174645-MaGaIntegratedStudy\bandwidthMeasurements\ALL#ALL#ALL#Dn.csv
178,179,178,179,region_north_normal,UPLINK,0,40000000,40000000,NOMINAL_MINUS_OBSERVED_DIAGNOSTIC,START_TIMESTAMP_FOR_INTERVAL,SAFE_AFTER_TIMESTAMP,tmp\mosaic-25.2\logs\log-20260603-174645-MaGaIntegratedStudy\bandwidthMeasurements\ALL#ALL#ALL#Up.csv
179,180,179,180,globalNetwork,DOWNLINK,535680,42200000,41664320,NOMINAL_MINUS_OBSERVED_DIAGNOSTIC,START_TIMESTAMP_FOR_INTERVAL,SAFE_AFTER_TIMESTAMP,tmp\mosaic-25.2\logs\log-20260603-174645-MaGaIntegratedStudy\bandwidthMeasurements\ALL#ALL#ALL#Dn.csv
179,180,179,180,globalNetwork,UPLINK,507840,28000000,27492160,NOMINAL_MINUS_OBSERVED_DIAGNOSTIC,START_TIMESTAMP_FOR_INTERVAL,SAFE_AFTER_TIMESTAMP,tmp\mosaic-25.2\logs\log-20260603-174645-MaGaIntegratedStudy\bandwidthMeasurements\ALL#ALL#ALL#Up.csv
179,180,179,180,region_central_degraded,DOWNLINK,0,12000000,12000000,NOMINAL_MINUS_OBSERVED_DIAGNOSTIC,START_TIMESTAMP_FOR_INTERVAL,SAFE_AFTER_TIMESTAMP,tmp\mosaic-25.2\logs\log-20260603-174645-MaGaIntegratedStudy\bandwidthMeasurements\ALL#ALL#ALL#Dn.csv
179,180,179,180,region_central_degraded,UPLINK,0,8000000,8000000,NOMINAL_MINUS_OBSERVED_DIAGNOSTIC,START_TIMESTAMP_FOR_INTERVAL,SAFE_AFTER_TIMESTAMP,tmp\mosaic-25.2\logs\log-20260603-174645-MaGaIntegratedStudy\bandwidthMeasurements\ALL#ALL#ALL#Up.csv
179,180,179,180,region_north_normal,DOWNLINK,0,60000000,60000000,NOMINAL_MINUS_OBSERVED_DIAGNOSTIC,START_TIMESTAMP_FOR_INTERVAL,SAFE_AFTER_TIMESTAMP,tmp\mosaic-25.2\logs\log-20260603-174645-MaGaIntegratedStudy\bandwidthMeasurements\ALL#ALL#ALL#Dn.csv
179,180,179,180,region_north_normal,UPLINK,0,40000000,40000000,NOMINAL_MINUS_OBSERVED_DIAGNOSTIC,START_TIMESTAMP_FOR_INTERVAL,SAFE_AFTER_TIMESTAMP,tmp\mosaic-25.2\logs\log-20260603-174645-MaGaIntegratedStudy\bandwidthMeasurements\ALL#ALL#ALL#Up.csv
