timeNs,timeSeconds,candidateId,sourceVehicleId,executionNodeId,type,availableCpu,cpuSource,propagationDelaySeconds
7000000000,7,local_for_veh_0,veh_0,veh_0,LOCAL,4000000000,DIAGNOSTIC_SYNTHETIC_VALUE,0
8000000000,8,local_for_veh_0,veh_0,veh_0,LOCAL,4000000000,DIAGNOSTIC_SYNTHETIC_VALUE,0
9000000000,9,local_for_veh_0,veh_0,veh_0,LOCAL,4000000000,DIAGNOSTIC_SYNTHETIC_VALUE,0
10000000000,10,local_for_veh_0,veh_0,veh_0,LOCAL,4000000000,DIAGNOSTIC_SYNTHETIC_VALUE,0
11000000000,11,local_for_veh_0,veh_0,veh_0,LOCAL,4000000000,DIAGNOSTIC_SYNTHETIC_VALUE,0
11000000000,11,local_for_veh_1,veh_1,veh_1,LOCAL,4000000000,DIAGNOSTIC_SYNTHETIC_VALUE,0
12000000000,12,local_for_veh_0,veh_0,veh_0,LOCAL,4000000000,DIAGNOSTIC_SYNTHETIC_VALUE,0
12000000000,12,local_for_veh_1,veh_1,veh_1,LOCAL,4000000000,DIAGNOSTIC_SYNTHETIC_VALUE,0
13000000000,13,local_for_veh_0,veh_0,veh_0,LOCAL,4000000000,DIAGNOSTIC_SYNTHETIC_VALUE,0
13000000000,13,local_for_veh_1,veh_1,veh_1,LOCAL,4000000000,DIAGNOSTIC_SYNTHETIC_VALUE,0
14000000000,14,local_for_veh_0,veh_0,veh_0,LOCAL,4000000000,DIAGNOSTIC_SYNTHETIC_VALUE,0
14000000000,14,local_for_veh_1,veh_1,veh_1,LOCAL,4000000000,DIAGNOSTIC_SYNTHETIC_VALUE,0
15000000000,15,local_for_veh_0,veh_0,veh_0,LOCAL,4000000000,DIAGNOSTIC_SYNTHETIC_VALUE,0
15000000000,15,local_for_veh_1,veh_1,veh_1,LOCAL,4000000000,DIAGNOSTIC_SYNTHETIC_VALUE,0
15000000000,15,local_for_veh_2,veh_2,veh_2,LOCAL,4000000000,DIAGNOSTIC_SYNTHETIC_VALUE,0
16000000000,16,local_for_veh_0,veh_0,veh_0,LOCAL,4000000000,DIAGNOSTIC_SYNTHETIC_VALUE,0
16000000000,16,local_for_veh_1,veh_1,veh_1,LOCAL,4000000000,DIAGNOSTIC_SYNTHETIC_VALUE,0
16000000000,16,local_for_veh_2,veh_2,veh_2,LOCAL,4000000000,DIAGNOSTIC_SYNTHETIC_VALUE,0
17000000000,17,local_for_veh_0,veh_0,veh_0,LOCAL,4000000000,DIAGNOSTIC_SYNTHETIC_VALUE,0
17000000000,17,local_for_veh_1,veh_1,veh_1,LOCAL,4000000000,DIAGNOSTIC_SYNTHETIC_VALUE,0
17000000000,17,local_for_veh_2,veh_2,veh_2,LOCAL,4000000000,DIAGNOSTIC_SYNTHETIC_VALUE,0
18000000000,18,local_for_veh_0,veh_0,veh_0,LOCAL,4000000000,DIAGNOSTIC_SYNTHETIC_VALUE,0
18000000000,18,local_for_veh_1,veh_1,veh_1,LOCAL,4000000000,DIAGNOSTIC_SYNTHETIC_VALUE,0
18000000000,18,local_for_veh_2,veh_2,veh_2,LOCAL,4000000000,DIAGNOSTIC_SYNTHETIC_VALUE,0
19000000000,19,local_for_veh_0,veh_0,veh_0,LOCAL,4000000000,DIAGNOSTIC_SYNTHETIC_VALUE,0
19000000000,19,local_for_veh_1,veh_1,veh_1,LOCAL,4000000000,DIAGNOSTIC_SYNTHETIC_VALUE,0
19000000000,19,local_for_veh_2,veh_2,veh_2,LOCAL,4000000000,DIAGNOSTIC_SYNTHETIC_VALUE,0
19000000000,19,local_for_veh_3,veh_3,veh_3,LOCAL,4000000000,DIAGNOSTIC_SYNTHETIC_VALUE,0
20000000000,20,local_for_veh_0,veh_0,veh_0,LOCAL,4000000000,DIAGNOSTIC_SYNTHETIC_VALUE,0
20000000000,20,local_for_veh_1,veh_1,veh_1,LOCAL,4000000000,DIAGNOSTIC_SYNTHETIC_VALUE,0
20000000000,20,local_for_veh_2,veh_2,veh_2,LOCAL,4000000000,DIAGNOSTIC_SYNTHETIC_VALUE,0
20000000000,20,local_for_veh_3,veh_3,veh_3,LOCAL,4000000000,DIAGNOSTIC_SYNTHETIC_VALUE,0
21000000000,21,local_for_veh_0,veh_0,veh_0,LOCAL,4000000000,DIAGNOSTIC_SYNTHETIC_VALUE,0
21000000000,21,local_for_veh_1,veh_1,veh_1,LOCAL,4000000000,DIAGNOSTIC_SYNTHETIC_VALUE,0
21000000000,21,local_for_veh_2,veh_2,veh_2,LOCAL,4000000000,DIAGNOSTIC_SYNTHETIC_VALUE,0
21000000000,21,local_for_veh_3,veh_3,veh_3,LOCAL,4000000000,DIAGNOSTIC_SYNTHETIC_VALUE,0
22000000000,22,local_for_veh_0,veh_0,veh_0,LOCAL,4000000000,DIAGNOSTIC_SYNTHETIC_VALUE,0
22000000000,22,local_for_veh_1,veh_1,veh_1,LOCAL,4000000000,DIAGNOSTIC_SYNTHETIC_VALUE,0
22000000000,22,local_for_veh_2,veh_2,veh_2,LOCAL,4000000000,DIAGNOSTIC_SYNTHETIC_VALUE,0
22000000000,22,local_for_veh_3,veh_3,veh_3,LOCAL,4000000000,DIAGNOSTIC_SYNTHETIC_VALUE,0
23000000000,23,local_for_veh_0,veh_0,veh_0,LOCAL,4000000000,DIAGNOSTIC_SYNTHETIC_VALUE,0
23000000000,23,local_for_veh_1,veh_1,veh_1,LOCAL,4000000000,DIAGNOSTIC_SYNTHETIC_VALUE,0
23000000000,23,local_for_veh_2,veh_2,veh_2,LOCAL,4000000000,DIAGNOSTIC_SYNTHETIC_VALUE,0
23000000000,23,local_for_veh_3,veh_3,veh_3,LOCAL,4000000000,DIAGNOSTIC_SYNTHETIC_VALUE,0
23000000000,23,local_for_veh_4,veh_4,veh_4,LOCAL,4000000000,DIAGNOSTIC_SYNTHETIC_VALUE,0
24000000000,24,local_for_veh_0,veh_0,veh_0,LOCAL,4000000000,DIAGNOSTIC_SYNTHETIC_VALUE,0
24000000000,24,local_for_veh_1,veh_1,veh_1,LOCAL,4000000000,DIAGNOSTIC_SYNTHETIC_VALUE,0
24000000000,24,local_for_veh_2,veh_2,veh_2,LOCAL,4000000000,DIAGNOSTIC_SYNTHETIC_VALUE,0
24000000000,24,local_for_veh_3,veh_3,veh_3,LOCAL,4000000000,DIAGNOSTIC_SYNTHETIC_VALUE,0
24000000000,24,local_for_veh_4,veh_4,veh_4,LOCAL,4000000000,DIAGNOSTIC_SYNTHETIC_VALUE,0
25000000000,25,local_for_veh_0,veh_0,veh_0,LOCAL,4000000000,DIAGNOSTIC_SYNTHETIC_VALUE,0
25000000000,25,local_for_veh_1,veh_1,veh_1,LOCAL,4000000000,DIAGNOSTIC_SYNTHETIC_VALUE,0
25000000000,25,local_for_veh_2,veh_2,veh_2,LOCAL,4000000000,DIAGNOSTIC_SYNTHETIC_VALUE,0
25000000000,25,local_for_veh_3,veh_3,veh_3,LOCAL,4000000000,DIAGNOSTIC_SYNTHETIC_VALUE,0
25000000000,25,local_for_veh_4,veh_4,veh_4,LOCAL,4000000000,DIAGNOSTIC_SYNTHETIC_VALUE,0
26000000000,26,local_for_veh_0,veh_0,veh_0,LOCAL,4000000000,DIAGNOSTIC_SYNTHETIC_VALUE,0
26000000000,26,local_for_veh_1,veh_1,veh_1,LOCAL,4000000000,DIAGNOSTIC_SYNTHETIC_VALUE,0
26000000000,26,local_for_veh_2,veh_2,veh_2,LOCAL,4000000000,DIAGNOSTIC_SYNTHETIC_VALUE,0
26000000000,26,local_for_veh_3,veh_3,veh_3,LOCAL,4000000000,DIAGNOSTIC_SYNTHETIC_VALUE,0
26000000000,26,local_for_veh_4,veh_4,veh_4,LOCAL,4000000000,DIAGNOSTIC_SYNTHETIC_VALUE,0
27000000000,27,local_for_veh_0,veh_0,veh_0,LOCAL,4000000000,DIAGNOSTIC_SYNTHETIC_VALUE,0
27000000000,27,local_for_veh_1,veh_1,veh_1,LOCAL,4000000000,DIAGNOSTIC_SYNTHETIC_VALUE,0
27000000000,27,local_for_veh_2,veh_2,veh_2,LOCAL,4000000000,DIAGNOSTIC_SYNTHETIC_VALUE,0
27000000000,27,local_for_veh_3,veh_3,veh_3,LOCAL,4000000000,DIAGNOSTIC_SYNTHETIC_VALUE,0
27000000000,27,local_for_veh_4,veh_4,veh_4,LOCAL,4000000000,DIAGNOSTIC_SYNTHETIC_VALUE,0
27000000000,27,local_for_veh_5,veh_5,veh_5,LOCAL,4000000000,DIAGNOSTIC_SYNTHETIC_VALUE,0
28000000000,28,local_for_veh_0,veh_0,veh_0,LOCAL,4000000000,DIAGNOSTIC_SYNTHETIC_VALUE,0
28000000000,28,local_for_veh_1,veh_1,veh_1,LOCAL,4000000000,DIAGNOSTIC_SYNTHETIC_VALUE,0
28000000000,28,local_for_veh_2,veh_2,veh_2,LOCAL,4000000000,DIAGNOSTIC_SYNTHETIC_VALUE,0
28000000000,28,local_for_veh_3,veh_3,veh_3,LOCAL,4000000000,DIAGNOSTIC_SYNTHETIC_VALUE,0
28000000000,28,local_for_veh_4,veh_4,veh_4,LOCAL,4000000000,DIAGNOSTIC_SYNTHETIC_VALUE,0
28000000000,28,local_for_veh_5,veh_5,veh_5,LOCAL,4000000000,DIAGNOSTIC_SYNTHETIC_VALUE,0
29000000000,29,local_for_veh_0,veh_0,veh_0,LOCAL,4000000000,DIAGNOSTIC_SYNTHETIC_VALUE,0
29000000000,29,local_for_veh_1,veh_1,veh_1,LOCAL,4000000000,DIAGNOSTIC_SYNTHETIC_VALUE,0
29000000000,29,local_for_veh_2,veh_2,veh_2,LOCAL,4000000000,DIAGNOSTIC_SYNTHETIC_VALUE,0
29000000000,29,local_for_veh_3,veh_3,veh_3,LOCAL,4000000000,DIAGNOSTIC_SYNTHETIC_VALUE,0
29000000000,29,local_for_veh_4,veh_4,veh_4,LOCAL,4000000000,DIAGNOSTIC_SYNTHETIC_VALUE,0
29000000000,29,local_for_veh_5,veh_5,veh_5,LOCAL,4000000000,DIAGNOSTIC_SYNTHETIC_VALUE,0
30000000000,30,local_for_veh_0,veh_0,veh_0,LOCAL,4000000000,DIAGNOSTIC_SYNTHETIC_VALUE,0
30000000000,30,local_for_veh_1,veh_1,veh_1,LOCAL,4000000000,DIAGNOSTIC_SYNTHETIC_VALUE,0
30000000000,30,local_for_veh_2,veh_2,veh_2,LOCAL,4000000000,DIAGNOSTIC_SYNTHETIC_VALUE,0
30000000000,30,local_for_veh_3,veh_3,veh_3,LOCAL,4000000000,DIAGNOSTIC_SYNTHETIC_VALUE,0
30000000000,30,local_for_veh_4,veh_4,veh_4,LOCAL,4000000000,DIAGNOSTIC_SYNTHETIC_VALUE,0
30000000000,30,local_for_veh_5,veh_5,veh_5,LOCAL,4000000000,DIAGNOSTIC_SYNTHETIC_VALUE,0
31000000000,31,local_for_veh_0,veh_0,veh_0,LOCAL,4000000000,DIAGNOSTIC_SYNTHETIC_VALUE,0
31000000000,31,local_for_veh_1,veh_1,veh_1,LOCAL,4000000000,DIAGNOSTIC_SYNTHETIC_VALUE,0
31000000000,31,local_for_veh_2,veh_2,veh_2,LOCAL,4000000000,DIAGNOSTIC_SYNTHETIC_VALUE,0
31000000000,31,local_for_veh_3,veh_3,veh_3,LOCAL,4000000000,DIAGNOSTIC_SYNTHETIC_VALUE,0
31000000000,31,local_for_veh_4,veh_4,veh_4,LOCAL,4000000000,DIAGNOSTIC_SYNTHETIC_VALUE,0
31000000000,31,local_for_veh_5,veh_5,veh_5,LOCAL,4000000000,DIAGNOSTIC_SYNTHETIC_VALUE,0
31000000000,31,local_for_veh_6,veh_6,veh_6,LOCAL,4000000000,DIAGNOSTIC_SYNTHETIC_VALUE,0
32000000000,32,local_for_veh_0,veh_0,veh_0,LOCAL,4000000000,DIAGNOSTIC_SYNTHETIC_VALUE,0
32000000000,32,local_for_veh_1,veh_1,veh_1,LOCAL,4000000000,DIAGNOSTIC_SYNTHETIC_VALUE,0
32000000000,32,local_for_veh_2,veh_2,veh_2,LOCAL,4000000000,DIAGNOSTIC_SYNTHETIC_VALUE,0
32000000000,32,local_for_veh_3,veh_3,veh_3,LOCAL,4000000000,DIAGNOSTIC_SYNTHETIC_VALUE,0
32000000000,32,local_for_veh_4,veh_4,veh_4,LOCAL,4000000000,DIAGNOSTIC_SYNTHETIC_VALUE,0
32000000000,32,local_for_veh_5,veh_5,veh_5,LOCAL,4000000000,DIAGNOSTIC_SYNTHETIC_VALUE,0
32000000000,32,local_for_veh_6,veh_6,veh_6,LOCAL,4000000000,DIAGNOSTIC_SYNTHETIC_VALUE,0
33000000000,33,local_for_veh_0,veh_0,veh_0,LOCAL,4000000000,DIAGNOSTIC_SYNTHETIC_VALUE,0
33000000000,33,local_for_veh_1,veh_1,veh_1,LOCAL,4000000000,DIAGNOSTIC_SYNTHETIC_VALUE,0
33000000000,33,local_for_veh_2,veh_2,veh_2,LOCAL,4000000000,DIAGNOSTIC_SYNTHETIC_VALUE,0
33000000000,33,local_for_veh_3,veh_3,veh_3,LOCAL,4000000000,DIAGNOSTIC_SYNTHETIC_VALUE,0
33000000000,33,local_for_veh_4,veh_4,veh_4,LOCAL,4000000000,DIAGNOSTIC_SYNTHETIC_VALUE,0
33000000000,33,local_for_veh_5,veh_5,veh_5,LOCAL,4000000000,DIAGNOSTIC_SYNTHETIC_VALUE,0
33000000000,33,local_for_veh_6,veh_6,veh_6,LOCAL,4000000000,DIAGNOSTIC_SYNTHETIC_VALUE,0
34000000000,34,local_for_veh_0,veh_0,veh_0,LOCAL,4000000000,DIAGNOSTIC_SYNTHETIC_VALUE,0
34000000000,34,local_for_veh_1,veh_1,veh_1,LOCAL,4000000000,DIAGNOSTIC_SYNTHETIC_VALUE,0
34000000000,34,local_for_veh_2,veh_2,veh_2,LOCAL,4000000000,DIAGNOSTIC_SYNTHETIC_VALUE,0
34000000000,34,local_for_veh_3,veh_3,veh_3,LOCAL,4000000000,DIAGNOSTIC_SYNTHETIC_VALUE,0
34000000000,34,local_for_veh_4,veh_4,veh_4,LOCAL,4000000000,DIAGNOSTIC_SYNTHETIC_VALUE,0
34000000000,34,local_for_veh_5,veh_5,veh_5,LOCAL,4000000000,DIAGNOSTIC_SYNTHETIC_VALUE,0
34000000000,34,local_for_veh_6,veh_6,veh_6,LOCAL,4000000000,DIAGNOSTIC_SYNTHETIC_VALUE,0
35000000000,35,local_for_veh_0,veh_0,veh_0,LOCAL,4000000000,DIAGNOSTIC_SYNTHETIC_VALUE,0
35000000000,35,local_for_veh_1,veh_1,veh_1,LOCAL,4000000000,DIAGNOSTIC_SYNTHETIC_VALUE,0
35000000000,35,local_for_veh_2,veh_2,veh_2,LOCAL,4000000000,DIAGNOSTIC_SYNTHETIC_VALUE,0
35000000000,35,local_for_veh_3,veh_3,veh_3,LOCAL,4000000000,DIAGNOSTIC_SYNTHETIC_VALUE,0
35000000000,35,local_for_veh_4,veh_4,veh_4,LOCAL,4000000000,DIAGNOSTIC_SYNTHETIC_VALUE,0
35000000000,35,local_for_veh_5,veh_5,veh_5,LOCAL,4000000000,DIAGNOSTIC_SYNTHETIC_VALUE,0
35000000000,35,local_for_veh_6,veh_6,veh_6,LOCAL,4000000000,DIAGNOSTIC_SYNTHETIC_VALUE,0
35000000000,35,local_for_veh_7,veh_7,veh_7,LOCAL,4000000000,DIAGNOSTIC_SYNTHETIC_VALUE,0
36000000000,36,local_for_veh_0,veh_0,veh_0,LOCAL,4000000000,DIAGNOSTIC_SYNTHETIC_VALUE,0
36000000000,36,local_for_veh_1,veh_1,veh_1,LOCAL,4000000000,DIAGNOSTIC_SYNTHETIC_VALUE,0
36000000000,36,local_for_veh_2,veh_2,veh_2,LOCAL,4000000000,DIAGNOSTIC_SYNTHETIC_VALUE,0
36000000000,36,local_for_veh_3,veh_3,veh_3,LOCAL,4000000000,DIAGNOSTIC_SYNTHETIC_VALUE,0
36000000000,36,local_for_veh_4,veh_4,veh_4,LOCAL,4000000000,DIAGNOSTIC_SYNTHETIC_VALUE,0
36000000000,36,local_for_veh_5,veh_5,veh_5,LOCAL,4000000000,DIAGNOSTIC_SYNTHETIC_VALUE,0
36000000000,36,local_for_veh_6,veh_6,veh_6,LOCAL,4000000000,DIAGNOSTIC_SYNTHETIC_VALUE,0
36000000000,36,local_for_veh_7,veh_7,veh_7,LOCAL,4000000000,DIAGNOSTIC_SYNTHETIC_VALUE,0
37000000000,37,local_for_veh_0,veh_0,veh_0,LOCAL,4000000000,DIAGNOSTIC_SYNTHETIC_VALUE,0
37000000000,37,local_for_veh_1,veh_1,veh_1,LOCAL,4000000000,DIAGNOSTIC_SYNTHETIC_VALUE,0
37000000000,37,local_for_veh_2,veh_2,veh_2,LOCAL,4000000000,DIAGNOSTIC_SYNTHETIC_VALUE,0
37000000000,37,local_for_veh_3,veh_3,veh_3,LOCAL,4000000000,DIAGNOSTIC_SYNTHETIC_VALUE,0
37000000000,37,local_for_veh_4,veh_4,veh_4,LOCAL,4000000000,DIAGNOSTIC_SYNTHETIC_VALUE,0
37000000000,37,local_for_veh_5,veh_5,veh_5,LOCAL,4000000000,DIAGNOSTIC_SYNTHETIC_VALUE,0
37000000000,37,local_for_veh_6,veh_6,veh_6,LOCAL,4000000000,DIAGNOSTIC_SYNTHETIC_VALUE,0
37000000000,37,local_for_veh_7,veh_7,veh_7,LOCAL,4000000000,DIAGNOSTIC_SYNTHETIC_VALUE,0
38000000000,38,local_for_veh_0,veh_0,veh_0,LOCAL,4000000000,DIAGNOSTIC_SYNTHETIC_VALUE,0
38000000000,38,local_for_veh_1,veh_1,veh_1,LOCAL,4000000000,DIAGNOSTIC_SYNTHETIC_VALUE,0
38000000000,38,local_for_veh_2,veh_2,veh_2,LOCAL,4000000000,DIAGNOSTIC_SYNTHETIC_VALUE,0
38000000000,38,local_for_veh_3,veh_3,veh_3,LOCAL,4000000000,DIAGNOSTIC_SYNTHETIC_VALUE,0
38000000000,38,local_for_veh_4,veh_4,veh_4,LOCAL,4000000000,DIAGNOSTIC_SYNTHETIC_VALUE,0
38000000000,38,local_for_veh_5,veh_5,veh_5,LOCAL,4000000000,DIAGNOSTIC_SYNTHETIC_VALUE,0
38000000000,38,local_for_veh_6,veh_6,veh_6,LOCAL,4000000000,DIAGNOSTIC_SYNTHETIC_VALUE,0
38000000000,38,local_for_veh_7,veh_7,veh_7,LOCAL,4000000000,DIAGNOSTIC_SYNTHETIC_VALUE,0
39000000000,39,local_for_veh_0,veh_0,veh_0,LOCAL,4000000000,DIAGNOSTIC_SYNTHETIC_VALUE,0
39000000000,39,local_for_veh_1,veh_1,veh_1,LOCAL,4000000000,DIAGNOSTIC_SYNTHETIC_VALUE,0
39000000000,39,local_for_veh_2,veh_2,veh_2,LOCAL,4000000000,DIAGNOSTIC_SYNTHETIC_VALUE,0
39000000000,39,local_for_veh_3,veh_3,veh_3,LOCAL,4000000000,DIAGNOSTIC_SYNTHETIC_VALUE,0
39000000000,39,local_for_veh_4,veh_4,veh_4,LOCAL,4000000000,DIAGNOSTIC_SYNTHETIC_VALUE,0
39000000000,39,local_for_veh_5,veh_5,veh_5,LOCAL,4000000000,DIAGNOSTIC_SYNTHETIC_VALUE,0
39000000000,39,local_for_veh_6,veh_6,veh_6,LOCAL,4000000000,DIAGNOSTIC_SYNTHETIC_VALUE,0
39000000000,39,local_for_veh_7,veh_7,veh_7,LOCAL,4000000000,DIAGNOSTIC_SYNTHETIC_VALUE,0
39000000000,39,local_for_veh_8,veh_8,veh_8,LOCAL,4000000000,DIAGNOSTIC_SYNTHETIC_VALUE,0
40000000000,40,local_for_veh_0,veh_0,veh_0,LOCAL,4000000000,DIAGNOSTIC_SYNTHETIC_VALUE,0
40000000000,40,local_for_veh_1,veh_1,veh_1,LOCAL,4000000000,DIAGNOSTIC_SYNTHETIC_VALUE,0
40000000000,40,local_for_veh_2,veh_2,veh_2,LOCAL,4000000000,DIAGNOSTIC_SYNTHETIC_VALUE,0
40000000000,40,local_for_veh_3,veh_3,veh_3,LOCAL,4000000000,DIAGNOSTIC_SYNTHETIC_VALUE,0
40000000000,40,local_for_veh_4,veh_4,veh_4,LOCAL,4000000000,DIAGNOSTIC_SYNTHETIC_VALUE,0
40000000000,40,local_for_veh_5,veh_5,veh_5,LOCAL,4000000000,DIAGNOSTIC_SYNTHETIC_VALUE,0
40000000000,40,local_for_veh_6,veh_6,veh_6,LOCAL,4000000000,DIAGNOSTIC_SYNTHETIC_VALUE,0
40000000000,40,local_for_veh_7,veh_7,veh_7,LOCAL,4000000000,DIAGNOSTIC_SYNTHETIC_VALUE,0
40000000000,40,local_for_veh_8,veh_8,veh_8,LOCAL,4000000000,DIAGNOSTIC_SYNTHETIC_VALUE,0
41000000000,41,local_for_veh_0,veh_0,veh_0,LOCAL,4000000000,DIAGNOSTIC_SYNTHETIC_VALUE,0
41000000000,41,local_for_veh_1,veh_1,veh_1,LOCAL,4000000000,DIAGNOSTIC_SYNTHETIC_VALUE,0
41000000000,41,local_for_veh_2,veh_2,veh_2,LOCAL,4000000000,DIAGNOSTIC_SYNTHETIC_VALUE,0
41000000000,41,local_for_veh_3,veh_3,veh_3,LOCAL,4000000000,DIAGNOSTIC_SYNTHETIC_VALUE,0
41000000000,41,local_for_veh_4,veh_4,veh_4,LOCAL,4000000000,DIAGNOSTIC_SYNTHETIC_VALUE,0
41000000000,41,local_for_veh_5,veh_5,veh_5,LOCAL,4000000000,DIAGNOSTIC_SYNTHETIC_VALUE,0
41000000000,41,local_for_veh_6,veh_6,veh_6,LOCAL,4000000000,DIAGNOSTIC_SYNTHETIC_VALUE,0
41000000000,41,local_for_veh_7,veh_7,veh_7,LOCAL,4000000000,DIAGNOSTIC_SYNTHETIC_VALUE,0
41000000000,41,local_for_veh_8,veh_8,veh_8,LOCAL,4000000000,DIAGNOSTIC_SYNTHETIC_VALUE,0
42000000000,42,local_for_veh_0,veh_0,veh_0,LOCAL,4000000000,DIAGNOSTIC_SYNTHETIC_VALUE,0
42000000000,42,local_for_veh_1,veh_1,veh_1,LOCAL,4000000000,DIAGNOSTIC_SYNTHETIC_VALUE,0
42000000000,42,local_for_veh_2,veh_2,veh_2,LOCAL,4000000000,DIAGNOSTIC_SYNTHETIC_VALUE,0
42000000000,42,local_for_veh_3,veh_3,veh_3,LOCAL,4000000000,DIAGNOSTIC_SYNTHETIC_VALUE,0
42000000000,42,local_for_veh_4,veh_4,veh_4,LOCAL,4000000000,DIAGNOSTIC_SYNTHETIC_VALUE,0
42000000000,42,local_for_veh_5,veh_5,veh_5,LOCAL,4000000000,DIAGNOSTIC_SYNTHETIC_VALUE,0
42000000000,42,local_for_veh_6,veh_6,veh_6,LOCAL,4000000000,DIAGNOSTIC_SYNTHETIC_VALUE,0
42000000000,42,local_for_veh_7,veh_7,veh_7,LOCAL,4000000000,DIAGNOSTIC_SYNTHETIC_VALUE,0
42000000000,42,local_for_veh_8,veh_8,veh_8,LOCAL,4000000000,DIAGNOSTIC_SYNTHETIC_VALUE,0
43000000000,43,local_for_veh_0,veh_0,veh_0,LOCAL,4000000000,DIAGNOSTIC_SYNTHETIC_VALUE,0
43000000000,43,local_for_veh_1,veh_1,veh_1,LOCAL,4000000000,DIAGNOSTIC_SYNTHETIC_VALUE,0
43000000000,43,local_for_veh_2,veh_2,veh_2,LOCAL,4000000000,DIAGNOSTIC_SYNTHETIC_VALUE,0
43000000000,43,local_for_veh_3,veh_3,veh_3,LOCAL,4000000000,DIAGNOSTIC_SYNTHETIC_VALUE,0
43000000000,43,local_for_veh_4,veh_4,veh_4,LOCAL,4000000000,DIAGNOSTIC_SYNTHETIC_VALUE,0
43000000000,43,local_for_veh_5,veh_5,veh_5,LOCAL,4000000000,DIAGNOSTIC_SYNTHETIC_VALUE,0
43000000000,43,local_for_veh_6,veh_6,veh_6,LOCAL,4000000000,DIAGNOSTIC_SYNTHETIC_VALUE,0
43000000000,43,local_for_veh_7,veh_7,veh_7,LOCAL,4000000000,DIAGNOSTIC_SYNTHETIC_VALUE,0
43000000000,43,local_for_veh_8,veh_8,veh_8,LOCAL,4000000000,DIAGNOSTIC_SYNTHETIC_VALUE,0
43000000000,43,local_for_veh_9,veh_9,veh_9,LOCAL,4000000000,DIAGNOSTIC_SYNTHETIC_VALUE,0
44000000000,44,local_for_veh_0,veh_0,veh_0,LOCAL,4000000000,DIAGNOSTIC_SYNTHETIC_VALUE,0
44000000000,44,local_for_veh_1,veh_1,veh_1,LOCAL,4000000000,DIAGNOSTIC_SYNTHETIC_VALUE,0
44000000000,44,local_for_veh_2,veh_2,veh_2,LOCAL,4000000000,DIAGNOSTIC_SYNTHETIC_VALUE,0
44000000000,44,local_for_veh_3,veh_3,veh_3,LOCAL,4000000000,DIAGNOSTIC_SYNTHETIC_VALUE,0
44000000000,44,local_for_veh_4,veh_4,veh_4,LOCAL,4000000000,DIAGNOSTIC_SYNTHETIC_VALUE,0
44000000000,44,local_for_veh_5,veh_5,veh_5,LOCAL,4000000000,DIAGNOSTIC_SYNTHETIC_VALUE,0
44000000000,44,local_for_veh_6,veh_6,veh_6,LOCAL,4000000000,DIAGNOSTIC_SYNTHETIC_VALUE,0
44000000000,44,local_for_veh_7,veh_7,veh_7,LOCAL,4000000000,DIAGNOSTIC_SYNTHETIC_VALUE,0
44000000000,44,local_for_veh_8,veh_8,veh_8,LOCAL,4000000000,DIAGNOSTIC_SYNTHETIC_VALUE,0
44000000000,44,local_for_veh_9,veh_9,veh_9,LOCAL,4000000000,DIAGNOSTIC_SYNTHETIC_VALUE,0
45000000000,45,local_for_veh_0,veh_0,veh_0,LOCAL,4000000000,DIAGNOSTIC_SYNTHETIC_VALUE,0
45000000000,45,local_for_veh_1,veh_1,veh_1,LOCAL,4000000000,DIAGNOSTIC_SYNTHETIC_VALUE,0
45000000000,45,local_for_veh_2,veh_2,veh_2,LOCAL,4000000000,DIAGNOSTIC_SYNTHETIC_VALUE,0
45000000000,45,local_for_veh_3,veh_3,veh_3,LOCAL,4000000000,DIAGNOSTIC_SYNTHETIC_VALUE,0
45000000000,45,local_for_veh_4,veh_4,veh_4,LOCAL,4000000000,DIAGNOSTIC_SYNTHETIC_VALUE,0
45000000000,45,local_for_veh_5,veh_5,veh_5,LOCAL,4000000000,DIAGNOSTIC_SYNTHETIC_VALUE,0
45000000000,45,local_for_veh_6,veh_6,veh_6,LOCAL,4000000000,DIAGNOSTIC_SYNTHETIC_VALUE,0
45000000000,45,local_for_veh_7,veh_7,veh_7,LOCAL,4000000000,DIAGNOSTIC_SYNTHETIC_VALUE,0
45000000000,45,local_for_veh_8,veh_8,veh_8,LOCAL,4000000000,DIAGNOSTIC_SYNTHETIC_VALUE,0
45000000000,45,local_for_veh_9,veh_9,veh_9,LOCAL,4000000000,DIAGNOSTIC_SYNTHETIC_VALUE,0
46000000000,46,local_for_veh_0,veh_0,veh_0,LOCAL,4000000000,DIAGNOSTIC_SYNTHETIC_VALUE,0
46000000000,46,local_for_veh_1,veh_1,veh_1,LOCAL,4000000000,DIAGNOSTIC_SYNTHETIC_VALUE,0
46000000000,46,local_for_veh_2,veh_2,veh_2,LOCAL,4000000000,DIAGNOSTIC_SYNTHETIC_VALUE,0
46000000000,46,local_for_veh_3,veh_3,veh_3,LOCAL,4000000000,DIAGNOSTIC_SYNTHETIC_VALUE,0
46000000000,46,local_for_veh_4,veh_4,veh_4,LOCAL,4000000000,DIAGNOSTIC_SYNTHETIC_VALUE,0
46000000000,46,local_for_veh_5,veh_5,veh_5,LOCAL,4000000000,DIAGNOSTIC_SYNTHETIC_VALUE,0
46000000000,46,local_for_veh_6,veh_6,veh_6,LOCAL,4000000000,DIAGNOSTIC_SYNTHETIC_VALUE,0
46000000000,46,local_for_veh_7,veh_7,veh_7,LOCAL,4000000000,DIAGNOSTIC_SYNTHETIC_VALUE,0
46000000000,46,local_for_veh_8,veh_8,veh_8,LOCAL,4000000000,DIAGNOSTIC_SYNTHETIC_VALUE,0
46000000000,46,local_for_veh_9,veh_9,veh_9,LOCAL,4000000000,DIAGNOSTIC_SYNTHETIC_VALUE,0
47000000000,47,local_for_veh_0,veh_0,veh_0,LOCAL,4000000000,DIAGNOSTIC_SYNTHETIC_VALUE,0
47000000000,47,local_for_veh_1,veh_1,veh_1,LOCAL,4000000000,DIAGNOSTIC_SYNTHETIC_VALUE,0
47000000000,47,local_for_veh_2,veh_2,veh_2,LOCAL,4000000000,DIAGNOSTIC_SYNTHETIC_VALUE,0
47000000000,47,local_for_veh_3,veh_3,veh_3,LOCAL,4000000000,DIAGNOSTIC_SYNTHETIC_VALUE,0
47000000000,47,local_for_veh_4,veh_4,veh_4,LOCAL,4000000000,DIAGNOSTIC_SYNTHETIC_VALUE,0
47000000000,47,local_for_veh_5,veh_5,veh_5,LOCAL,4000000000,DIAGNOSTIC_SYNTHETIC_VALUE,0
47000000000,47,local_for_veh_6,veh_6,veh_6,LOCAL,4000000000,DIAGNOSTIC_SYNTHETIC_VALUE,0
47000000000,47,local_for_veh_7,veh_7,veh_7,LOCAL,4000000000,DIAGNOSTIC_SYNTHETIC_VALUE,0
47000000000,47,local_for_veh_8,veh_8,veh_8,LOCAL,4000000000,DIAGNOSTIC_SYNTHETIC_VALUE,0
47000000000,47,local_for_veh_9,veh_9,veh_9,LOCAL,4000000000,DIAGNOSTIC_SYNTHETIC_VALUE,0
47000000000,47,local_for_veh_10,veh_10,veh_10,LOCAL,4000000000,DIAGNOSTIC_SYNTHETIC_VALUE,0
48000000000,48,local_for_veh_0,veh_0,veh_0,LOCAL,4000000000,DIAGNOSTIC_SYNTHETIC_VALUE,0
48000000000,48,local_for_veh_1,veh_1,veh_1,LOCAL,4000000000,DIAGNOSTIC_SYNTHETIC_VALUE,0
48000000000,48,local_for_veh_2,veh_2,veh_2,LOCAL,4000000000,DIAGNOSTIC_SYNTHETIC_VALUE,0
48000000000,48,local_for_veh_3,veh_3,veh_3,LOCAL,4000000000,DIAGNOSTIC_SYNTHETIC_VALUE,0
48000000000,48,local_for_veh_4,veh_4,veh_4,LOCAL,4000000000,DIAGNOSTIC_SYNTHETIC_VALUE,0
48000000000,48,local_for_veh_5,veh_5,veh_5,LOCAL,4000000000,DIAGNOSTIC_SYNTHETIC_VALUE,0
48000000000,48,local_for_veh_6,veh_6,veh_6,LOCAL,4000000000,DIAGNOSTIC_SYNTHETIC_VALUE,0
48000000000,48,local_for_veh_7,veh_7,veh_7,LOCAL,4000000000,DIAGNOSTIC_SYNTHETIC_VALUE,0
48000000000,48,local_for_veh_8,veh_8,veh_8,LOCAL,4000000000,DIAGNOSTIC_SYNTHETIC_VALUE,0
48000000000,48,local_for_veh_9,veh_9,veh_9,LOCAL,4000000000,DIAGNOSTIC_SYNTHETIC_VALUE,0
48000000000,48,local_for_veh_10,veh_10,veh_10,LOCAL,4000000000,DIAGNOSTIC_SYNTHETIC_VALUE,0
49000000000,49,local_for_veh_0,veh_0,veh_0,LOCAL,4000000000,DIAGNOSTIC_SYNTHETIC_VALUE,0
49000000000,49,local_for_veh_1,veh_1,veh_1,LOCAL,4000000000,DIAGNOSTIC_SYNTHETIC_VALUE,0
49000000000,49,local_for_veh_2,veh_2,veh_2,LOCAL,4000000000,DIAGNOSTIC_SYNTHETIC_VALUE,0
49000000000,49,local_for_veh_3,veh_3,veh_3,LOCAL,4000000000,DIAGNOSTIC_SYNTHETIC_VALUE,0
49000000000,49,local_for_veh_4,veh_4,veh_4,LOCAL,4000000000,DIAGNOSTIC_SYNTHETIC_VALUE,0
49000000000,49,local_for_veh_5,veh_5,veh_5,LOCAL,4000000000,DIAGNOSTIC_SYNTHETIC_VALUE,0
49000000000,49,local_for_veh_6,veh_6,veh_6,LOCAL,4000000000,DIAGNOSTIC_SYNTHETIC_VALUE,0
49000000000,49,local_for_veh_7,veh_7,veh_7,LOCAL,4000000000,DIAGNOSTIC_SYNTHETIC_VALUE,0
49000000000,49,local_for_veh_8,veh_8,veh_8,LOCAL,4000000000,DIAGNOSTIC_SYNTHETIC_VALUE,0
49000000000,49,local_for_veh_9,veh_9,veh_9,LOCAL,4000000000,DIAGNOSTIC_SYNTHETIC_VALUE,0
49000000000,49,local_for_veh_10,veh_10,veh_10,LOCAL,4000000000,DIAGNOSTIC_SYNTHETIC_VALUE,0
50000000000,50,local_for_veh_0,veh_0,veh_0,LOCAL,4000000000,DIAGNOSTIC_SYNTHETIC_VALUE,0
50000000000,50,local_for_veh_1,veh_1,veh_1,LOCAL,4000000000,DIAGNOSTIC_SYNTHETIC_VALUE,0
50000000000,50,local_for_veh_2,veh_2,veh_2,LOCAL,4000000000,DIAGNOSTIC_SYNTHETIC_VALUE,0
50000000000,50,local_for_veh_3,veh_3,veh_3,LOCAL,4000000000,DIAGNOSTIC_SYNTHETIC_VALUE,0
50000000000,50,local_for_veh_4,veh_4,veh_4,LOCAL,4000000000,DIAGNOSTIC_SYNTHETIC_VALUE,0
50000000000,50,local_for_veh_5,veh_5,veh_5,LOCAL,4000000000,DIAGNOSTIC_SYNTHETIC_VALUE,0
50000000000,50,local_for_veh_6,veh_6,veh_6,LOCAL,4000000000,DIAGNOSTIC_SYNTHETIC_VALUE,0
50000000000,50,local_for_veh_7,veh_7,veh_7,LOCAL,4000000000,DIAGNOSTIC_SYNTHETIC_VALUE,0
50000000000,50,local_for_veh_8,veh_8,veh_8,LOCAL,4000000000,DIAGNOSTIC_SYNTHETIC_VALUE,0
50000000000,50,local_for_veh_9,veh_9,veh_9,LOCAL,4000000000,DIAGNOSTIC_SYNTHETIC_VALUE,0
50000000000,50,local_for_veh_10,veh_10,veh_10,LOCAL,4000000000,DIAGNOSTIC_SYNTHETIC_VALUE,0
51000000000,51,local_for_veh_0,veh_0,veh_0,LOCAL,4000000000,DIAGNOSTIC_SYNTHETIC_VALUE,0
51000000000,51,local_for_veh_1,veh_1,veh_1,LOCAL,4000000000,DIAGNOSTIC_SYNTHETIC_VALUE,0
51000000000,51,local_for_veh_2,veh_2,veh_2,LOCAL,4000000000,DIAGNOSTIC_SYNTHETIC_VALUE,0
51000000000,51,local_for_veh_3,veh_3,veh_3,LOCAL,4000000000,DIAGNOSTIC_SYNTHETIC_VALUE,0
51000000000,51,local_for_veh_4,veh_4,veh_4,LOCAL,4000000000,DIAGNOSTIC_SYNTHETIC_VALUE,0
51000000000,51,local_for_veh_5,veh_5,veh_5,LOCAL,4000000000,DIAGNOSTIC_SYNTHETIC_VALUE,0
51000000000,51,local_for_veh_6,veh_6,veh_6,LOCAL,4000000000,DIAGNOSTIC_SYNTHETIC_VALUE,0
51000000000,51,local_for_veh_7,veh_7,veh_7,LOCAL,4000000000,DIAGNOSTIC_SYNTHETIC_VALUE,0
51000000000,51,local_for_veh_8,veh_8,veh_8,LOCAL,4000000000,DIAGNOSTIC_SYNTHETIC_VALUE,0
51000000000,51,local_for_veh_9,veh_9,veh_9,LOCAL,4000000000,DIAGNOSTIC_SYNTHETIC_VALUE,0
51000000000,51,local_for_veh_10,veh_10,veh_10,LOCAL,4000000000,DIAGNOSTIC_SYNTHETIC_VALUE,0
51000000000,51,local_for_veh_11,veh_11,veh_11,LOCAL,4000000000,DIAGNOSTIC_SYNTHETIC_VALUE,0
52000000000,52,local_for_veh_0,veh_0,veh_0,LOCAL,4000000000,DIAGNOSTIC_SYNTHETIC_VALUE,0
52000000000,52,local_for_veh_1,veh_1,veh_1,LOCAL,4000000000,DIAGNOSTIC_SYNTHETIC_VALUE,0
52000000000,52,local_for_veh_2,veh_2,veh_2,LOCAL,4000000000,DIAGNOSTIC_SYNTHETIC_VALUE,0
52000000000,52,local_for_veh_3,veh_3,veh_3,LOCAL,4000000000,DIAGNOSTIC_SYNTHETIC_VALUE,0
52000000000,52,local_for_veh_4,veh_4,veh_4,LOCAL,4000000000,DIAGNOSTIC_SYNTHETIC_VALUE,0
52000000000,52,local_for_veh_5,veh_5,veh_5,LOCAL,4000000000,DIAGNOSTIC_SYNTHETIC_VALUE,0
52000000000,52,local_for_veh_6,veh_6,veh_6,LOCAL,4000000000,DIAGNOSTIC_SYNTHETIC_VALUE,0
52000000000,52,local_for_veh_7,veh_7,veh_7,LOCAL,4000000000,DIAGNOSTIC_SYNTHETIC_VALUE,0
52000000000,52,local_for_veh_8,veh_8,veh_8,LOCAL,4000000000,DIAGNOSTIC_SYNTHETIC_VALUE,0
52000000000,52,local_for_veh_9,veh_9,veh_9,LOCAL,4000000000,DIAGNOSTIC_SYNTHETIC_VALUE,0
52000000000,52,local_for_veh_10,veh_10,veh_10,LOCAL,4000000000,DIAGNOSTIC_SYNTHETIC_VALUE,0
52000000000,52,local_for_veh_11,veh_11,veh_11,LOCAL,4000000000,DIAGNOSTIC_SYNTHETIC_VALUE,0
53000000000,53,local_for_veh_0,veh_0,veh_0,LOCAL,4000000000,DIAGNOSTIC_SYNTHETIC_VALUE,0
53000000000,53,local_for_veh_1,veh_1,veh_1,LOCAL,4000000000,DIAGNOSTIC_SYNTHETIC_VALUE,0
53000000000,53,local_for_veh_2,veh_2,veh_2,LOCAL,4000000000,DIAGNOSTIC_SYNTHETIC_VALUE,0
53000000000,53,local_for_veh_3,veh_3,veh_3,LOCAL,4000000000,DIAGNOSTIC_SYNTHETIC_VALUE,0
53000000000,53,local_for_veh_4,veh_4,veh_4,LOCAL,4000000000,DIAGNOSTIC_SYNTHETIC_VALUE,0
53000000000,53,local_for_veh_5,veh_5,veh_5,LOCAL,4000000000,DIAGNOSTIC_SYNTHETIC_VALUE,0
53000000000,53,local_for_veh_6,veh_6,veh_6,LOCAL,4000000000,DIAGNOSTIC_SYNTHETIC_VALUE,0
53000000000,53,local_for_veh_7,veh_7,veh_7,LOCAL,4000000000,DIAGNOSTIC_SYNTHETIC_VALUE,0
53000000000,53,local_for_veh_8,veh_8,veh_8,LOCAL,4000000000,DIAGNOSTIC_SYNTHETIC_VALUE,0
53000000000,53,local_for_veh_9,veh_9,veh_9,LOCAL,4000000000,DIAGNOSTIC_SYNTHETIC_VALUE,0
53000000000,53,local_for_veh_10,veh_10,veh_10,LOCAL,4000000000,DIAGNOSTIC_SYNTHETIC_VALUE,0
53000000000,53,local_for_veh_11,veh_11,veh_11,LOCAL,4000000000,DIAGNOSTIC_SYNTHETIC_VALUE,0
54000000000,54,local_for_veh_0,veh_0,veh_0,LOCAL,4000000000,DIAGNOSTIC_SYNTHETIC_VALUE,0
54000000000,54,local_for_veh_1,veh_1,veh_1,LOCAL,4000000000,DIAGNOSTIC_SYNTHETIC_VALUE,0
54000000000,54,local_for_veh_2,veh_2,veh_2,LOCAL,4000000000,DIAGNOSTIC_SYNTHETIC_VALUE,0
54000000000,54,local_for_veh_3,veh_3,veh_3,LOCAL,4000000000,DIAGNOSTIC_SYNTHETIC_VALUE,0
54000000000,54,local_for_veh_4,veh_4,veh_4,LOCAL,4000000000,DIAGNOSTIC_SYNTHETIC_VALUE,0
54000000000,54,local_for_veh_5,veh_5,veh_5,LOCAL,4000000000,DIAGNOSTIC_SYNTHETIC_VALUE,0
54000000000,54,local_for_veh_6,veh_6,veh_6,LOCAL,4000000000,DIAGNOSTIC_SYNTHETIC_VALUE,0
54000000000,54,local_for_veh_7,veh_7,veh_7,LOCAL,4000000000,DIAGNOSTIC_SYNTHETIC_VALUE,0
54000000000,54,local_for_veh_8,veh_8,veh_8,LOCAL,4000000000,DIAGNOSTIC_SYNTHETIC_VALUE,0
54000000000,54,local_for_veh_9,veh_9,veh_9,LOCAL,4000000000,DIAGNOSTIC_SYNTHETIC_VALUE,0
54000000000,54,local_for_veh_10,veh_10,veh_10,LOCAL,4000000000,DIAGNOSTIC_SYNTHETIC_VALUE,0
54000000000,54,local_for_veh_11,veh_11,veh_11,LOCAL,4000000000,DIAGNOSTIC_SYNTHETIC_VALUE,0
55000000000,55,local_for_veh_0,veh_0,veh_0,LOCAL,4000000000,DIAGNOSTIC_SYNTHETIC_VALUE,0
55000000000,55,local_for_veh_1,veh_1,veh_1,LOCAL,4000000000,DIAGNOSTIC_SYNTHETIC_VALUE,0
55000000000,55,local_for_veh_2,veh_2,veh_2,LOCAL,4000000000,DIAGNOSTIC_SYNTHETIC_VALUE,0
55000000000,55,local_for_veh_3,veh_3,veh_3,LOCAL,4000000000,DIAGNOSTIC_SYNTHETIC_VALUE,0
55000000000,55,local_for_veh_4,veh_4,veh_4,LOCAL,4000000000,DIAGNOSTIC_SYNTHETIC_VALUE,0
55000000000,55,local_for_veh_5,veh_5,veh_5,LOCAL,4000000000,DIAGNOSTIC_SYNTHETIC_VALUE,0
55000000000,55,local_for_veh_6,veh_6,veh_6,LOCAL,4000000000,DIAGNOSTIC_SYNTHETIC_VALUE,0
55000000000,55,local_for_veh_7,veh_7,veh_7,LOCAL,4000000000,DIAGNOSTIC_SYNTHETIC_VALUE,0
55000000000,55,local_for_veh_8,veh_8,veh_8,LOCAL,4000000000,DIAGNOSTIC_SYNTHETIC_VALUE,0
55000000000,55,local_for_veh_9,veh_9,veh_9,LOCAL,4000000000,DIAGNOSTIC_SYNTHETIC_VALUE,0
55000000000,55,local_for_veh_10,veh_10,veh_10,LOCAL,4000000000,DIAGNOSTIC_SYNTHETIC_VALUE,0
55000000000,55,local_for_veh_11,veh_11,veh_11,LOCAL,4000000000,DIAGNOSTIC_SYNTHETIC_VALUE,0
56000000000,56,local_for_veh_0,veh_0,veh_0,LOCAL,4000000000,DIAGNOSTIC_SYNTHETIC_VALUE,0
56000000000,56,local_for_veh_1,veh_1,veh_1,LOCAL,4000000000,DIAGNOSTIC_SYNTHETIC_VALUE,0
56000000000,56,local_for_veh_2,veh_2,veh_2,LOCAL,4000000000,DIAGNOSTIC_SYNTHETIC_VALUE,0
56000000000,56,local_for_veh_3,veh_3,veh_3,LOCAL,4000000000,DIAGNOSTIC_SYNTHETIC_VALUE,0
56000000000,56,local_for_veh_4,veh_4,veh_4,LOCAL,4000000000,DIAGNOSTIC_SYNTHETIC_VALUE,0
56000000000,56,local_for_veh_5,veh_5,veh_5,LOCAL,4000000000,DIAGNOSTIC_SYNTHETIC_VALUE,0
56000000000,56,local_for_veh_6,veh_6,veh_6,LOCAL,4000000000,DIAGNOSTIC_SYNTHETIC_VALUE,0
56000000000,56,local_for_veh_7,veh_7,veh_7,LOCAL,4000000000,DIAGNOSTIC_SYNTHETIC_VALUE,0
56000000000,56,local_for_veh_8,veh_8,veh_8,LOCAL,4000000000,DIAGNOSTIC_SYNTHETIC_VALUE,0
56000000000,56,local_for_veh_9,veh_9,veh_9,LOCAL,4000000000,DIAGNOSTIC_SYNTHETIC_VALUE,0
56000000000,56,local_for_veh_10,veh_10,veh_10,LOCAL,4000000000,DIAGNOSTIC_SYNTHETIC_VALUE,0
56000000000,56,local_for_veh_11,veh_11,veh_11,LOCAL,4000000000,DIAGNOSTIC_SYNTHETIC_VALUE,0
57000000000,57,local_for_veh_0,veh_0,veh_0,LOCAL,4000000000,DIAGNOSTIC_SYNTHETIC_VALUE,0
57000000000,57,local_for_veh_1,veh_1,veh_1,LOCAL,4000000000,DIAGNOSTIC_SYNTHETIC_VALUE,0
57000000000,57,local_for_veh_2,veh_2,veh_2,LOCAL,4000000000,DIAGNOSTIC_SYNTHETIC_VALUE,0
57000000000,57,local_for_veh_3,veh_3,veh_3,LOCAL,4000000000,DIAGNOSTIC_SYNTHETIC_VALUE,0
57000000000,57,local_for_veh_4,veh_4,veh_4,LOCAL,4000000000,DIAGNOSTIC_SYNTHETIC_VALUE,0
57000000000,57,local_for_veh_5,veh_5,veh_5,LOCAL,4000000000,DIAGNOSTIC_SYNTHETIC_VALUE,0
57000000000,57,local_for_veh_6,veh_6,veh_6,LOCAL,4000000000,DIAGNOSTIC_SYNTHETIC_VALUE,0
57000000000,57,local_for_veh_7,veh_7,veh_7,LOCAL,4000000000,DIAGNOSTIC_SYNTHETIC_VALUE,0
57000000000,57,local_for_veh_8,veh_8,veh_8,LOCAL,4000000000,DIAGNOSTIC_SYNTHETIC_VALUE,0
57000000000,57,local_for_veh_9,veh_9,veh_9,LOCAL,4000000000,DIAGNOSTIC_SYNTHETIC_VALUE,0
57000000000,57,local_for_veh_10,veh_10,veh_10,LOCAL,4000000000,DIAGNOSTIC_SYNTHETIC_VALUE,0
57000000000,57,local_for_veh_11,veh_11,veh_11,LOCAL,4000000000,DIAGNOSTIC_SYNTHETIC_VALUE,0
58000000000,58,local_for_veh_0,veh_0,veh_0,LOCAL,4000000000,DIAGNOSTIC_SYNTHETIC_VALUE,0
58000000000,58,local_for_veh_1,veh_1,veh_1,LOCAL,4000000000,DIAGNOSTIC_SYNTHETIC_VALUE,0
58000000000,58,local_for_veh_2,veh_2,veh_2,LOCAL,4000000000,DIAGNOSTIC_SYNTHETIC_VALUE,0
58000000000,58,local_for_veh_3,veh_3,veh_3,LOCAL,4000000000,DIAGNOSTIC_SYNTHETIC_VALUE,0
58000000000,58,local_for_veh_4,veh_4,veh_4,LOCAL,4000000000,DIAGNOSTIC_SYNTHETIC_VALUE,0
58000000000,58,local_for_veh_5,veh_5,veh_5,LOCAL,4000000000,DIAGNOSTIC_SYNTHETIC_VALUE,0
58000000000,58,local_for_veh_6,veh_6,veh_6,LOCAL,4000000000,DIAGNOSTIC_SYNTHETIC_VALUE,0
58000000000,58,local_for_veh_7,veh_7,veh_7,LOCAL,4000000000,DIAGNOSTIC_SYNTHETIC_VALUE,0
58000000000,58,local_for_veh_8,veh_8,veh_8,LOCAL,4000000000,DIAGNOSTIC_SYNTHETIC_VALUE,0
58000000000,58,local_for_veh_9,veh_9,veh_9,LOCAL,4000000000,DIAGNOSTIC_SYNTHETIC_VALUE,0
58000000000,58,local_for_veh_10,veh_10,veh_10,LOCAL,4000000000,DIAGNOSTIC_SYNTHETIC_VALUE,0
58000000000,58,local_for_veh_11,veh_11,veh_11,LOCAL,4000000000,DIAGNOSTIC_SYNTHETIC_VALUE,0
59000000000,59,local_for_veh_0,veh_0,veh_0,LOCAL,4000000000,DIAGNOSTIC_SYNTHETIC_VALUE,0
59000000000,59,local_for_veh_1,veh_1,veh_1,LOCAL,4000000000,DIAGNOSTIC_SYNTHETIC_VALUE,0
59000000000,59,local_for_veh_2,veh_2,veh_2,LOCAL,4000000000,DIAGNOSTIC_SYNTHETIC_VALUE,0
59000000000,59,local_for_veh_3,veh_3,veh_3,LOCAL,4000000000,DIAGNOSTIC_SYNTHETIC_VALUE,0
59000000000,59,local_for_veh_4,veh_4,veh_4,LOCAL,4000000000,DIAGNOSTIC_SYNTHETIC_VALUE,0
59000000000,59,local_for_veh_5,veh_5,veh_5,LOCAL,4000000000,DIAGNOSTIC_SYNTHETIC_VALUE,0
59000000000,59,local_for_veh_6,veh_6,veh_6,LOCAL,4000000000,DIAGNOSTIC_SYNTHETIC_VALUE,0
59000000000,59,local_for_veh_7,veh_7,veh_7,LOCAL,4000000000,DIAGNOSTIC_SYNTHETIC_VALUE,0
59000000000,59,local_for_veh_8,veh_8,veh_8,LOCAL,4000000000,DIAGNOSTIC_SYNTHETIC_VALUE,0
59000000000,59,local_for_veh_9,veh_9,veh_9,LOCAL,4000000000,DIAGNOSTIC_SYNTHETIC_VALUE,0
59000000000,59,local_for_veh_10,veh_10,veh_10,LOCAL,4000000000,DIAGNOSTIC_SYNTHETIC_VALUE,0
59000000000,59,local_for_veh_11,veh_11,veh_11,LOCAL,4000000000,DIAGNOSTIC_SYNTHETIC_VALUE,0
60000000000,60,local_for_veh_0,veh_0,veh_0,LOCAL,4000000000,DIAGNOSTIC_SYNTHETIC_VALUE,0
60000000000,60,local_for_veh_1,veh_1,veh_1,LOCAL,4000000000,DIAGNOSTIC_SYNTHETIC_VALUE,0
60000000000,60,local_for_veh_2,veh_2,veh_2,LOCAL,4000000000,DIAGNOSTIC_SYNTHETIC_VALUE,0
60000000000,60,local_for_veh_3,veh_3,veh_3,LOCAL,4000000000,DIAGNOSTIC_SYNTHETIC_VALUE,0
60000000000,60,local_for_veh_4,veh_4,veh_4,LOCAL,4000000000,DIAGNOSTIC_SYNTHETIC_VALUE,0
60000000000,60,local_for_veh_5,veh_5,veh_5,LOCAL,4000000000,DIAGNOSTIC_SYNTHETIC_VALUE,0
60000000000,60,local_for_veh_6,veh_6,veh_6,LOCAL,4000000000,DIAGNOSTIC_SYNTHETIC_VALUE,0
60000000000,60,local_for_veh_7,veh_7,veh_7,LOCAL,4000000000,DIAGNOSTIC_SYNTHETIC_VALUE,0
60000000000,60,local_for_veh_8,veh_8,veh_8,LOCAL,4000000000,DIAGNOSTIC_SYNTHETIC_VALUE,0
60000000000,60,local_for_veh_9,veh_9,veh_9,LOCAL,4000000000,DIAGNOSTIC_SYNTHETIC_VALUE,0
60000000000,60,local_for_veh_10,veh_10,veh_10,LOCAL,4000000000,DIAGNOSTIC_SYNTHETIC_VALUE,0
60000000000,60,local_for_veh_11,veh_11,veh_11,LOCAL,4000000000,DIAGNOSTIC_SYNTHETIC_VALUE,0
61000000000,61,local_for_veh_0,veh_0,veh_0,LOCAL,4000000000,DIAGNOSTIC_SYNTHETIC_VALUE,0
61000000000,61,local_for_veh_1,veh_1,veh_1,LOCAL,4000000000,DIAGNOSTIC_SYNTHETIC_VALUE,0
61000000000,61,local_for_veh_2,veh_2,veh_2,LOCAL,4000000000,DIAGNOSTIC_SYNTHETIC_VALUE,0
61000000000,61,local_for_veh_3,veh_3,veh_3,LOCAL,4000000000,DIAGNOSTIC_SYNTHETIC_VALUE,0
61000000000,61,local_for_veh_4,veh_4,veh_4,LOCAL,4000000000,DIAGNOSTIC_SYNTHETIC_VALUE,0
61000000000,61,local_for_veh_5,veh_5,veh_5,LOCAL,4000000000,DIAGNOSTIC_SYNTHETIC_VALUE,0
61000000000,61,local_for_veh_6,veh_6,veh_6,LOCAL,4000000000,DIAGNOSTIC_SYNTHETIC_VALUE,0
61000000000,61,local_for_veh_7,veh_7,veh_7,LOCAL,4000000000,DIAGNOSTIC_SYNTHETIC_VALUE,0
61000000000,61,local_for_veh_8,veh_8,veh_8,LOCAL,4000000000,DIAGNOSTIC_SYNTHETIC_VALUE,0
61000000000,61,local_for_veh_9,veh_9,veh_9,LOCAL,4000000000,DIAGNOSTIC_SYNTHETIC_VALUE,0
61000000000,61,local_for_veh_10,veh_10,veh_10,LOCAL,4000000000,DIAGNOSTIC_SYNTHETIC_VALUE,0
61000000000,61,local_for_veh_11,veh_11,veh_11,LOCAL,4000000000,DIAGNOSTIC_SYNTHETIC_VALUE,0
62000000000,62,local_for_veh_0,veh_0,veh_0,LOCAL,4000000000,DIAGNOSTIC_SYNTHETIC_VALUE,0
62000000000,62,local_for_veh_1,veh_1,veh_1,LOCAL,4000000000,DIAGNOSTIC_SYNTHETIC_VALUE,0
62000000000,62,local_for_veh_2,veh_2,veh_2,LOCAL,4000000000,DIAGNOSTIC_SYNTHETIC_VALUE,0
62000000000,62,local_for_veh_3,veh_3,veh_3,LOCAL,4000000000,DIAGNOSTIC_SYNTHETIC_VALUE,0
62000000000,62,local_for_veh_4,veh_4,veh_4,LOCAL,4000000000,DIAGNOSTIC_SYNTHETIC_VALUE,0
62000000000,62,local_for_veh_5,veh_5,veh_5,LOCAL,4000000000,DIAGNOSTIC_SYNTHETIC_VALUE,0
62000000000,62,local_for_veh_6,veh_6,veh_6,LOCAL,4000000000,DIAGNOSTIC_SYNTHETIC_VALUE,0
62000000000,62,local_for_veh_7,veh_7,veh_7,LOCAL,4000000000,DIAGNOSTIC_SYNTHETIC_VALUE,0
62000000000,62,local_for_veh_8,veh_8,veh_8,LOCAL,4000000000,DIAGNOSTIC_SYNTHETIC_VALUE,0
62000000000,62,local_for_veh_9,veh_9,veh_9,LOCAL,4000000000,DIAGNOSTIC_SYNTHETIC_VALUE,0
62000000000,62,local_for_veh_10,veh_10,veh_10,LOCAL,4000000000,DIAGNOSTIC_SYNTHETIC_VALUE,0
62000000000,62,local_for_veh_11,veh_11,veh_11,LOCAL,4000000000,DIAGNOSTIC_SYNTHETIC_VALUE,0
63000000000,63,local_for_veh_0,veh_0,veh_0,LOCAL,4000000000,DIAGNOSTIC_SYNTHETIC_VALUE,0
63000000000,63,local_for_veh_1,veh_1,veh_1,LOCAL,4000000000,DIAGNOSTIC_SYNTHETIC_VALUE,0
63000000000,63,local_for_veh_2,veh_2,veh_2,LOCAL,4000000000,DIAGNOSTIC_SYNTHETIC_VALUE,0
63000000000,63,local_for_veh_3,veh_3,veh_3,LOCAL,4000000000,DIAGNOSTIC_SYNTHETIC_VALUE,0
63000000000,63,local_for_veh_4,veh_4,veh_4,LOCAL,4000000000,DIAGNOSTIC_SYNTHETIC_VALUE,0
63000000000,63,local_for_veh_5,veh_5,veh_5,LOCAL,4000000000,DIAGNOSTIC_SYNTHETIC_VALUE,0
63000000000,63,local_for_veh_6,veh_6,veh_6,LOCAL,4000000000,DIAGNOSTIC_SYNTHETIC_VALUE,0
63000000000,63,local_for_veh_7,veh_7,veh_7,LOCAL,4000000000,DIAGNOSTIC_SYNTHETIC_VALUE,0
63000000000,63,local_for_veh_8,veh_8,veh_8,LOCAL,4000000000,DIAGNOSTIC_SYNTHETIC_VALUE,0
63000000000,63,local_for_veh_9,veh_9,veh_9,LOCAL,4000000000,DIAGNOSTIC_SYNTHETIC_VALUE,0
63000000000,63,local_for_veh_10,veh_10,veh_10,LOCAL,4000000000,DIAGNOSTIC_SYNTHETIC_VALUE,0
63000000000,63,local_for_veh_11,veh_11,veh_11,LOCAL,4000000000,DIAGNOSTIC_SYNTHETIC_VALUE,0
64000000000,64,local_for_veh_0,veh_0,veh_0,LOCAL,4000000000,DIAGNOSTIC_SYNTHETIC_VALUE,0
64000000000,64,local_for_veh_1,veh_1,veh_1,LOCAL,4000000000,DIAGNOSTIC_SYNTHETIC_VALUE,0
64000000000,64,local_for_veh_2,veh_2,veh_2,LOCAL,4000000000,DIAGNOSTIC_SYNTHETIC_VALUE,0
64000000000,64,local_for_veh_3,veh_3,veh_3,LOCAL,4000000000,DIAGNOSTIC_SYNTHETIC_VALUE,0
64000000000,64,local_for_veh_4,veh_4,veh_4,LOCAL,4000000000,DIAGNOSTIC_SYNTHETIC_VALUE,0
64000000000,64,local_for_veh_5,veh_5,veh_5,LOCAL,4000000000,DIAGNOSTIC_SYNTHETIC_VALUE,0
64000000000,64,local_for_veh_6,veh_6,veh_6,LOCAL,4000000000,DIAGNOSTIC_SYNTHETIC_VALUE,0
64000000000,64,local_for_veh_7,veh_7,veh_7,LOCAL,4000000000,DIAGNOSTIC_SYNTHETIC_VALUE,0
64000000000,64,local_for_veh_8,veh_8,veh_8,LOCAL,4000000000,DIAGNOSTIC_SYNTHETIC_VALUE,0
64000000000,64,local_for_veh_9,veh_9,veh_9,LOCAL,4000000000,DIAGNOSTIC_SYNTHETIC_VALUE,0
64000000000,64,local_for_veh_10,veh_10,veh_10,LOCAL,4000000000,DIAGNOSTIC_SYNTHETIC_VALUE,0
64000000000,64,local_for_veh_11,veh_11,veh_11,LOCAL,4000000000,DIAGNOSTIC_SYNTHETIC_VALUE,0
65000000000,65,local_for_veh_0,veh_0,veh_0,LOCAL,4000000000,DIAGNOSTIC_SYNTHETIC_VALUE,0
65000000000,65,local_for_veh_1,veh_1,veh_1,LOCAL,4000000000,DIAGNOSTIC_SYNTHETIC_VALUE,0
65000000000,65,local_for_veh_2,veh_2,veh_2,LOCAL,4000000000,DIAGNOSTIC_SYNTHETIC_VALUE,0
65000000000,65,local_for_veh_3,veh_3,veh_3,LOCAL,4000000000,DIAGNOSTIC_SYNTHETIC_VALUE,0
65000000000,65,local_for_veh_4,veh_4,veh_4,LOCAL,4000000000,DIAGNOSTIC_SYNTHETIC_VALUE,0
65000000000,65,local_for_veh_5,veh_5,veh_5,LOCAL,4000000000,DIAGNOSTIC_SYNTHETIC_VALUE,0
65000000000,65,local_for_veh_6,veh_6,veh_6,LOCAL,4000000000,DIAGNOSTIC_SYNTHETIC_VALUE,0
65000000000,65,local_for_veh_7,veh_7,veh_7,LOCAL,4000000000,DIAGNOSTIC_SYNTHETIC_VALUE,0
65000000000,65,local_for_veh_8,veh_8,veh_8,LOCAL,4000000000,DIAGNOSTIC_SYNTHETIC_VALUE,0
65000000000,65,local_for_veh_9,veh_9,veh_9,LOCAL,4000000000,DIAGNOSTIC_SYNTHETIC_VALUE,0
65000000000,65,local_for_veh_10,veh_10,veh_10,LOCAL,4000000000,DIAGNOSTIC_SYNTHETIC_VALUE,0
65000000000,65,local_for_veh_11,veh_11,veh_11,LOCAL,4000000000,DIAGNOSTIC_SYNTHETIC_VALUE,0
66000000000,66,local_for_veh_0,veh_0,veh_0,LOCAL,4000000000,DIAGNOSTIC_SYNTHETIC_VALUE,0
66000000000,66,local_for_veh_1,veh_1,veh_1,LOCAL,4000000000,DIAGNOSTIC_SYNTHETIC_VALUE,0
66000000000,66,local_for_veh_2,veh_2,veh_2,LOCAL,4000000000,DIAGNOSTIC_SYNTHETIC_VALUE,0
66000000000,66,local_for_veh_3,veh_3,veh_3,LOCAL,4000000000,DIAGNOSTIC_SYNTHETIC_VALUE,0
66000000000,66,local_for_veh_4,veh_4,veh_4,LOCAL,4000000000,DIAGNOSTIC_SYNTHETIC_VALUE,0
66000000000,66,local_for_veh_5,veh_5,veh_5,LOCAL,4000000000,DIAGNOSTIC_SYNTHETIC_VALUE,0
66000000000,66,local_for_veh_6,veh_6,veh_6,LOCAL,4000000000,DIAGNOSTIC_SYNTHETIC_VALUE,0
66000000000,66,local_for_veh_7,veh_7,veh_7,LOCAL,4000000000,DIAGNOSTIC_SYNTHETIC_VALUE,0
66000000000,66,local_for_veh_8,veh_8,veh_8,LOCAL,4000000000,DIAGNOSTIC_SYNTHETIC_VALUE,0
66000000000,66,local_for_veh_9,veh_9,veh_9,LOCAL,4000000000,DIAGNOSTIC_SYNTHETIC_VALUE,0
66000000000,66,local_for_veh_10,veh_10,veh_10,LOCAL,4000000000,DIAGNOSTIC_SYNTHETIC_VALUE,0
66000000000,66,local_for_veh_11,veh_11,veh_11,LOCAL,4000000000,DIAGNOSTIC_SYNTHETIC_VALUE,0
67000000000,67,local_for_veh_0,veh_0,veh_0,LOCAL,4000000000,DIAGNOSTIC_SYNTHETIC_VALUE,0
67000000000,67,local_for_veh_1,veh_1,veh_1,LOCAL,4000000000,DIAGNOSTIC_SYNTHETIC_VALUE,0
67000000000,67,local_for_veh_2,veh_2,veh_2,LOCAL,4000000000,DIAGNOSTIC_SYNTHETIC_VALUE,0
67000000000,67,local_for_veh_3,veh_3,veh_3,LOCAL,4000000000,DIAGNOSTIC_SYNTHETIC_VALUE,0
67000000000,67,local_for_veh_4,veh_4,veh_4,LOCAL,4000000000,DIAGNOSTIC_SYNTHETIC_VALUE,0
67000000000,67,local_for_veh_5,veh_5,veh_5,LOCAL,4000000000,DIAGNOSTIC_SYNTHETIC_VALUE,0
67000000000,67,local_for_veh_6,veh_6,veh_6,LOCAL,4000000000,DIAGNOSTIC_SYNTHETIC_VALUE,0
67000000000,67,local_for_veh_7,veh_7,veh_7,LOCAL,4000000000,DIAGNOSTIC_SYNTHETIC_VALUE,0
67000000000,67,local_for_veh_8,veh_8,veh_8,LOCAL,4000000000,DIAGNOSTIC_SYNTHETIC_VALUE,0
67000000000,67,local_for_veh_9,veh_9,veh_9,LOCAL,4000000000,DIAGNOSTIC_SYNTHETIC_VALUE,0
67000000000,67,local_for_veh_10,veh_10,veh_10,LOCAL,4000000000,DIAGNOSTIC_SYNTHETIC_VALUE,0
67000000000,67,local_for_veh_11,veh_11,veh_11,LOCAL,4000000000,DIAGNOSTIC_SYNTHETIC_VALUE,0
68000000000,68,local_for_veh_0,veh_0,veh_0,LOCAL,4000000000,DIAGNOSTIC_SYNTHETIC_VALUE,0
68000000000,68,local_for_veh_1,veh_1,veh_1,LOCAL,4000000000,DIAGNOSTIC_SYNTHETIC_VALUE,0
68000000000,68,local_for_veh_2,veh_2,veh_2,LOCAL,4000000000,DIAGNOSTIC_SYNTHETIC_VALUE,0
68000000000,68,local_for_veh_3,veh_3,veh_3,LOCAL,4000000000,DIAGNOSTIC_SYNTHETIC_VALUE,0
68000000000,68,local_for_veh_4,veh_4,veh_4,LOCAL,4000000000,DIAGNOSTIC_SYNTHETIC_VALUE,0
68000000000,68,local_for_veh_5,veh_5,veh_5,LOCAL,4000000000,DIAGNOSTIC_SYNTHETIC_VALUE,0
68000000000,68,local_for_veh_6,veh_6,veh_6,LOCAL,4000000000,DIAGNOSTIC_SYNTHETIC_VALUE,0
68000000000,68,local_for_veh_7,veh_7,veh_7,LOCAL,4000000000,DIAGNOSTIC_SYNTHETIC_VALUE,0
68000000000,68,local_for_veh_8,veh_8,veh_8,LOCAL,4000000000,DIAGNOSTIC_SYNTHETIC_VALUE,0
68000000000,68,local_for_veh_9,veh_9,veh_9,LOCAL,4000000000,DIAGNOSTIC_SYNTHETIC_VALUE,0
68000000000,68,local_for_veh_10,veh_10,veh_10,LOCAL,4000000000,DIAGNOSTIC_SYNTHETIC_VALUE,0
68000000000,68,local_for_veh_11,veh_11,veh_11,LOCAL,4000000000,DIAGNOSTIC_SYNTHETIC_VALUE,0
69000000000,69,local_for_veh_0,veh_0,veh_0,LOCAL,4000000000,DIAGNOSTIC_SYNTHETIC_VALUE,0
69000000000,69,local_for_veh_1,veh_1,veh_1,LOCAL,4000000000,DIAGNOSTIC_SYNTHETIC_VALUE,0
69000000000,69,local_for_veh_2,veh_2,veh_2,LOCAL,4000000000,DIAGNOSTIC_SYNTHETIC_VALUE,0
69000000000,69,local_for_veh_3,veh_3,veh_3,LOCAL,4000000000,DIAGNOSTIC_SYNTHETIC_VALUE,0
69000000000,69,local_for_veh_4,veh_4,veh_4,LOCAL,4000000000,DIAGNOSTIC_SYNTHETIC_VALUE,0
69000000000,69,local_for_veh_5,veh_5,veh_5,LOCAL,4000000000,DIAGNOSTIC_SYNTHETIC_VALUE,0
69000000000,69,local_for_veh_6,veh_6,veh_6,LOCAL,4000000000,DIAGNOSTIC_SYNTHETIC_VALUE,0
69000000000,69,local_for_veh_7,veh_7,veh_7,LOCAL,4000000000,DIAGNOSTIC_SYNTHETIC_VALUE,0
69000000000,69,local_for_veh_8,veh_8,veh_8,LOCAL,4000000000,DIAGNOSTIC_SYNTHETIC_VALUE,0
69000000000,69,local_for_veh_9,veh_9,veh_9,LOCAL,4000000000,DIAGNOSTIC_SYNTHETIC_VALUE,0
69000000000,69,local_for_veh_10,veh_10,veh_10,LOCAL,4000000000,DIAGNOSTIC_SYNTHETIC_VALUE,0
69000000000,69,local_for_veh_11,veh_11,veh_11,LOCAL,4000000000,DIAGNOSTIC_SYNTHETIC_VALUE,0
70000000000,70,local_for_veh_0,veh_0,veh_0,LOCAL,4000000000,DIAGNOSTIC_SYNTHETIC_VALUE,0
70000000000,70,local_for_veh_1,veh_1,veh_1,LOCAL,4000000000,DIAGNOSTIC_SYNTHETIC_VALUE,0
70000000000,70,local_for_veh_2,veh_2,veh_2,LOCAL,4000000000,DIAGNOSTIC_SYNTHETIC_VALUE,0
70000000000,70,local_for_veh_3,veh_3,veh_3,LOCAL,4000000000,DIAGNOSTIC_SYNTHETIC_VALUE,0
70000000000,70,local_for_veh_4,veh_4,veh_4,LOCAL,4000000000,DIAGNOSTIC_SYNTHETIC_VALUE,0
70000000000,70,local_for_veh_5,veh_5,veh_5,LOCAL,4000000000,DIAGNOSTIC_SYNTHETIC_VALUE,0
70000000000,70,local_for_veh_6,veh_6,veh_6,LOCAL,4000000000,DIAGNOSTIC_SYNTHETIC_VALUE,0
70000000000,70,local_for_veh_7,veh_7,veh_7,LOCAL,4000000000,DIAGNOSTIC_SYNTHETIC_VALUE,0
70000000000,70,local_for_veh_8,veh_8,veh_8,LOCAL,4000000000,DIAGNOSTIC_SYNTHETIC_VALUE,0
70000000000,70,local_for_veh_9,veh_9,veh_9,LOCAL,4000000000,DIAGNOSTIC_SYNTHETIC_VALUE,0
70000000000,70,local_for_veh_10,veh_10,veh_10,LOCAL,4000000000,DIAGNOSTIC_SYNTHETIC_VALUE,0
70000000000,70,local_for_veh_11,veh_11,veh_11,LOCAL,4000000000,DIAGNOSTIC_SYNTHETIC_VALUE,0
71000000000,71,local_for_veh_0,veh_0,veh_0,LOCAL,4000000000,DIAGNOSTIC_SYNTHETIC_VALUE,0
71000000000,71,local_for_veh_1,veh_1,veh_1,LOCAL,4000000000,DIAGNOSTIC_SYNTHETIC_VALUE,0
71000000000,71,local_for_veh_2,veh_2,veh_2,LOCAL,4000000000,DIAGNOSTIC_SYNTHETIC_VALUE,0
71000000000,71,local_for_veh_3,veh_3,veh_3,LOCAL,4000000000,DIAGNOSTIC_SYNTHETIC_VALUE,0
71000000000,71,local_for_veh_4,veh_4,veh_4,LOCAL,4000000000,DIAGNOSTIC_SYNTHETIC_VALUE,0
71000000000,71,local_for_veh_5,veh_5,veh_5,LOCAL,4000000000,DIAGNOSTIC_SYNTHETIC_VALUE,0
71000000000,71,local_for_veh_6,veh_6,veh_6,LOCAL,4000000000,DIAGNOSTIC_SYNTHETIC_VALUE,0
71000000000,71,local_for_veh_7,veh_7,veh_7,LOCAL,4000000000,DIAGNOSTIC_SYNTHETIC_VALUE,0
71000000000,71,local_for_veh_8,veh_8,veh_8,LOCAL,4000000000,DIAGNOSTIC_SYNTHETIC_VALUE,0
71000000000,71,local_for_veh_9,veh_9,veh_9,LOCAL,4000000000,DIAGNOSTIC_SYNTHETIC_VALUE,0
71000000000,71,local_for_veh_10,veh_10,veh_10,LOCAL,4000000000,DIAGNOSTIC_SYNTHETIC_VALUE,0
71000000000,71,local_for_veh_11,veh_11,veh_11,LOCAL,4000000000,DIAGNOSTIC_SYNTHETIC_VALUE,0
72000000000,72,local_for_veh_0,veh_0,veh_0,LOCAL,4000000000,DIAGNOSTIC_SYNTHETIC_VALUE,0
72000000000,72,local_for_veh_1,veh_1,veh_1,LOCAL,4000000000,DIAGNOSTIC_SYNTHETIC_VALUE,0
72000000000,72,local_for_veh_2,veh_2,veh_2,LOCAL,4000000000,DIAGNOSTIC_SYNTHETIC_VALUE,0
72000000000,72,local_for_veh_3,veh_3,veh_3,LOCAL,4000000000,DIAGNOSTIC_SYNTHETIC_VALUE,0
72000000000,72,local_for_veh_4,veh_4,veh_4,LOCAL,4000000000,DIAGNOSTIC_SYNTHETIC_VALUE,0
72000000000,72,local_for_veh_5,veh_5,veh_5,LOCAL,4000000000,DIAGNOSTIC_SYNTHETIC_VALUE,0
72000000000,72,local_for_veh_6,veh_6,veh_6,LOCAL,4000000000,DIAGNOSTIC_SYNTHETIC_VALUE,0
72000000000,72,local_for_veh_7,veh_7,veh_7,LOCAL,4000000000,DIAGNOSTIC_SYNTHETIC_VALUE,0
72000000000,72,local_for_veh_8,veh_8,veh_8,LOCAL,4000000000,DIAGNOSTIC_SYNTHETIC_VALUE,0
72000000000,72,local_for_veh_9,veh_9,veh_9,LOCAL,4000000000,DIAGNOSTIC_SYNTHETIC_VALUE,0
72000000000,72,local_for_veh_10,veh_10,veh_10,LOCAL,4000000000,DIAGNOSTIC_SYNTHETIC_VALUE,0
72000000000,72,local_for_veh_11,veh_11,veh_11,LOCAL,4000000000,DIAGNOSTIC_SYNTHETIC_VALUE,0
73000000000,73,local_for_veh_0,veh_0,veh_0,LOCAL,4000000000,DIAGNOSTIC_SYNTHETIC_VALUE,0
73000000000,73,local_for_veh_1,veh_1,veh_1,LOCAL,4000000000,DIAGNOSTIC_SYNTHETIC_VALUE,0
73000000000,73,local_for_veh_2,veh_2,veh_2,LOCAL,4000000000,DIAGNOSTIC_SYNTHETIC_VALUE,0
73000000000,73,local_for_veh_3,veh_3,veh_3,LOCAL,4000000000,DIAGNOSTIC_SYNTHETIC_VALUE,0
73000000000,73,local_for_veh_4,veh_4,veh_4,LOCAL,4000000000,DIAGNOSTIC_SYNTHETIC_VALUE,0
73000000000,73,local_for_veh_5,veh_5,veh_5,LOCAL,4000000000,DIAGNOSTIC_SYNTHETIC_VALUE,0
73000000000,73,local_for_veh_6,veh_6,veh_6,LOCAL,4000000000,DIAGNOSTIC_SYNTHETIC_VALUE,0
73000000000,73,local_for_veh_7,veh_7,veh_7,LOCAL,4000000000,DIAGNOSTIC_SYNTHETIC_VALUE,0
73000000000,73,local_for_veh_8,veh_8,veh_8,LOCAL,4000000000,DIAGNOSTIC_SYNTHETIC_VALUE,0
73000000000,73,local_for_veh_9,veh_9,veh_9,LOCAL,4000000000,DIAGNOSTIC_SYNTHETIC_VALUE,0
73000000000,73,local_for_veh_10,veh_10,veh_10,LOCAL,4000000000,DIAGNOSTIC_SYNTHETIC_VALUE,0
73000000000,73,local_for_veh_11,veh_11,veh_11,LOCAL,4000000000,DIAGNOSTIC_SYNTHETIC_VALUE,0
74000000000,74,local_for_veh_0,veh_0,veh_0,LOCAL,4000000000,DIAGNOSTIC_SYNTHETIC_VALUE,0
74000000000,74,local_for_veh_1,veh_1,veh_1,LOCAL,4000000000,DIAGNOSTIC_SYNTHETIC_VALUE,0
74000000000,74,local_for_veh_2,veh_2,veh_2,LOCAL,4000000000,DIAGNOSTIC_SYNTHETIC_VALUE,0
74000000000,74,local_for_veh_3,veh_3,veh_3,LOCAL,4000000000,DIAGNOSTIC_SYNTHETIC_VALUE,0
74000000000,74,local_for_veh_4,veh_4,veh_4,LOCAL,4000000000,DIAGNOSTIC_SYNTHETIC_VALUE,0
74000000000,74,local_for_veh_5,veh_5,veh_5,LOCAL,4000000000,DIAGNOSTIC_SYNTHETIC_VALUE,0
74000000000,74,local_for_veh_6,veh_6,veh_6,LOCAL,4000000000,DIAGNOSTIC_SYNTHETIC_VALUE,0
74000000000,74,local_for_veh_7,veh_7,veh_7,LOCAL,4000000000,DIAGNOSTIC_SYNTHETIC_VALUE,0
74000000000,74,local_for_veh_8,veh_8,veh_8,LOCAL,4000000000,DIAGNOSTIC_SYNTHETIC_VALUE,0
74000000000,74,local_for_veh_9,veh_9,veh_9,LOCAL,4000000000,DIAGNOSTIC_SYNTHETIC_VALUE,0
74000000000,74,local_for_veh_10,veh_10,veh_10,LOCAL,4000000000,DIAGNOSTIC_SYNTHETIC_VALUE,0
74000000000,74,local_for_veh_11,veh_11,veh_11,LOCAL,4000000000,DIAGNOSTIC_SYNTHETIC_VALUE,0
75000000000,75,local_for_veh_0,veh_0,veh_0,LOCAL,4000000000,DIAGNOSTIC_SYNTHETIC_VALUE,0
75000000000,75,local_for_veh_1,veh_1,veh_1,LOCAL,4000000000,DIAGNOSTIC_SYNTHETIC_VALUE,0
75000000000,75,local_for_veh_2,veh_2,veh_2,LOCAL,4000000000,DIAGNOSTIC_SYNTHETIC_VALUE,0
75000000000,75,local_for_veh_3,veh_3,veh_3,LOCAL,4000000000,DIAGNOSTIC_SYNTHETIC_VALUE,0
75000000000,75,local_for_veh_4,veh_4,veh_4,LOCAL,4000000000,DIAGNOSTIC_SYNTHETIC_VALUE,0
75000000000,75,local_for_veh_5,veh_5,veh_5,LOCAL,4000000000,DIAGNOSTIC_SYNTHETIC_VALUE,0
75000000000,75,local_for_veh_6,veh_6,veh_6,LOCAL,4000000000,DIAGNOSTIC_SYNTHETIC_VALUE,0
75000000000,75,local_for_veh_7,veh_7,veh_7,LOCAL,4000000000,DIAGNOSTIC_SYNTHETIC_VALUE,0
75000000000,75,local_for_veh_8,veh_8,veh_8,LOCAL,4000000000,DIAGNOSTIC_SYNTHETIC_VALUE,0
75000000000,75,local_for_veh_9,veh_9,veh_9,LOCAL,4000000000,DIAGNOSTIC_SYNTHETIC_VALUE,0
75000000000,75,local_for_veh_10,veh_10,veh_10,LOCAL,4000000000,DIAGNOSTIC_SYNTHETIC_VALUE,0
75000000000,75,local_for_veh_11,veh_11,veh_11,LOCAL,4000000000,DIAGNOSTIC_SYNTHETIC_VALUE,0
76000000000,76,local_for_veh_0,veh_0,veh_0,LOCAL,4000000000,DIAGNOSTIC_SYNTHETIC_VALUE,0
76000000000,76,local_for_veh_1,veh_1,veh_1,LOCAL,4000000000,DIAGNOSTIC_SYNTHETIC_VALUE,0
76000000000,76,local_for_veh_2,veh_2,veh_2,LOCAL,4000000000,DIAGNOSTIC_SYNTHETIC_VALUE,0
76000000000,76,local_for_veh_3,veh_3,veh_3,LOCAL,4000000000,DIAGNOSTIC_SYNTHETIC_VALUE,0
76000000000,76,local_for_veh_4,veh_4,veh_4,LOCAL,4000000000,DIAGNOSTIC_SYNTHETIC_VALUE,0
76000000000,76,local_for_veh_5,veh_5,veh_5,LOCAL,4000000000,DIAGNOSTIC_SYNTHETIC_VALUE,0
76000000000,76,local_for_veh_6,veh_6,veh_6,LOCAL,4000000000,DIAGNOSTIC_SYNTHETIC_VALUE,0
76000000000,76,local_for_veh_7,veh_7,veh_7,LOCAL,4000000000,DIAGNOSTIC_SYNTHETIC_VALUE,0
76000000000,76,local_for_veh_8,veh_8,veh_8,LOCAL,4000000000,DIAGNOSTIC_SYNTHETIC_VALUE,0
76000000000,76,local_for_veh_9,veh_9,veh_9,LOCAL,4000000000,DIAGNOSTIC_SYNTHETIC_VALUE,0
76000000000,76,local_for_veh_10,veh_10,veh_10,LOCAL,4000000000,DIAGNOSTIC_SYNTHETIC_VALUE,0
76000000000,76,local_for_veh_11,veh_11,veh_11,LOCAL,4000000000,DIAGNOSTIC_SYNTHETIC_VALUE,0
77000000000,77,local_for_veh_0,veh_0,veh_0,LOCAL,4000000000,DIAGNOSTIC_SYNTHETIC_VALUE,0
77000000000,77,local_for_veh_1,veh_1,veh_1,LOCAL,4000000000,DIAGNOSTIC_SYNTHETIC_VALUE,0
77000000000,77,local_for_veh_2,veh_2,veh_2,LOCAL,4000000000,DIAGNOSTIC_SYNTHETIC_VALUE,0
77000000000,77,local_for_veh_3,veh_3,veh_3,LOCAL,4000000000,DIAGNOSTIC_SYNTHETIC_VALUE,0
77000000000,77,local_for_veh_4,veh_4,veh_4,LOCAL,4000000000,DIAGNOSTIC_SYNTHETIC_VALUE,0
77000000000,77,local_for_veh_5,veh_5,veh_5,LOCAL,4000000000,DIAGNOSTIC_SYNTHETIC_VALUE,0
77000000000,77,local_for_veh_6,veh_6,veh_6,LOCAL,4000000000,DIAGNOSTIC_SYNTHETIC_VALUE,0
77000000000,77,local_for_veh_7,veh_7,veh_7,LOCAL,4000000000,DIAGNOSTIC_SYNTHETIC_VALUE,0
77000000000,77,local_for_veh_8,veh_8,veh_8,LOCAL,4000000000,DIAGNOSTIC_SYNTHETIC_VALUE,0
77000000000,77,local_for_veh_9,veh_9,veh_9,LOCAL,4000000000,DIAGNOSTIC_SYNTHETIC_VALUE,0
77000000000,77,local_for_veh_10,veh_10,veh_10,LOCAL,4000000000,DIAGNOSTIC_SYNTHETIC_VALUE,0
77000000000,77,local_for_veh_11,veh_11,veh_11,LOCAL,4000000000,DIAGNOSTIC_SYNTHETIC_VALUE,0
78000000000,78,local_for_veh_0,veh_0,veh_0,LOCAL,4000000000,DIAGNOSTIC_SYNTHETIC_VALUE,0
78000000000,78,local_for_veh_1,veh_1,veh_1,LOCAL,4000000000,DIAGNOSTIC_SYNTHETIC_VALUE,0
78000000000,78,local_for_veh_2,veh_2,veh_2,LOCAL,4000000000,DIAGNOSTIC_SYNTHETIC_VALUE,0
78000000000,78,local_for_veh_3,veh_3,veh_3,LOCAL,4000000000,DIAGNOSTIC_SYNTHETIC_VALUE,0
78000000000,78,local_for_veh_4,veh_4,veh_4,LOCAL,4000000000,DIAGNOSTIC_SYNTHETIC_VALUE,0
78000000000,78,local_for_veh_5,veh_5,veh_5,LOCAL,4000000000,DIAGNOSTIC_SYNTHETIC_VALUE,0
78000000000,78,local_for_veh_6,veh_6,veh_6,LOCAL,4000000000,DIAGNOSTIC_SYNTHETIC_VALUE,0
78000000000,78,local_for_veh_7,veh_7,veh_7,LOCAL,4000000000,DIAGNOSTIC_SYNTHETIC_VALUE,0
78000000000,78,local_for_veh_8,veh_8,veh_8,LOCAL,4000000000,DIAGNOSTIC_SYNTHETIC_VALUE,0
78000000000,78,local_for_veh_9,veh_9,veh_9,LOCAL,4000000000,DIAGNOSTIC_SYNTHETIC_VALUE,0
78000000000,78,local_for_veh_10,veh_10,veh_10,LOCAL,4000000000,DIAGNOSTIC_SYNTHETIC_VALUE,0
78000000000,78,local_for_veh_11,veh_11,veh_11,LOCAL,4000000000,DIAGNOSTIC_SYNTHETIC_VALUE,0
79000000000,79,local_for_veh_0,veh_0,veh_0,LOCAL,4000000000,DIAGNOSTIC_SYNTHETIC_VALUE,0
79000000000,79,local_for_veh_1,veh_1,veh_1,LOCAL,4000000000,DIAGNOSTIC_SYNTHETIC_VALUE,0
79000000000,79,local_for_veh_2,veh_2,veh_2,LOCAL,4000000000,DIAGNOSTIC_SYNTHETIC_VALUE,0
79000000000,79,local_for_veh_3,veh_3,veh_3,LOCAL,4000000000,DIAGNOSTIC_SYNTHETIC_VALUE,0
79000000000,79,local_for_veh_4,veh_4,veh_4,LOCAL,4000000000,DIAGNOSTIC_SYNTHETIC_VALUE,0
79000000000,79,local_for_veh_5,veh_5,veh_5,LOCAL,4000000000,DIAGNOSTIC_SYNTHETIC_VALUE,0
79000000000,79,local_for_veh_6,veh_6,veh_6,LOCAL,4000000000,DIAGNOSTIC_SYNTHETIC_VALUE,0
79000000000,79,local_for_veh_7,veh_7,veh_7,LOCAL,4000000000,DIAGNOSTIC_SYNTHETIC_VALUE,0
79000000000,79,local_for_veh_8,veh_8,veh_8,LOCAL,4000000000,DIAGNOSTIC_SYNTHETIC_VALUE,0
79000000000,79,local_for_veh_9,veh_9,veh_9,LOCAL,4000000000,DIAGNOSTIC_SYNTHETIC_VALUE,0
79000000000,79,local_for_veh_10,veh_10,veh_10,LOCAL,4000000000,DIAGNOSTIC_SYNTHETIC_VALUE,0
79000000000,79,local_for_veh_11,veh_11,veh_11,LOCAL,4000000000,DIAGNOSTIC_SYNTHETIC_VALUE,0
80000000000,80,local_for_veh_0,veh_0,veh_0,LOCAL,4000000000,DIAGNOSTIC_SYNTHETIC_VALUE,0
80000000000,80,local_for_veh_1,veh_1,veh_1,LOCAL,4000000000,DIAGNOSTIC_SYNTHETIC_VALUE,0
80000000000,80,local_for_veh_2,veh_2,veh_2,LOCAL,4000000000,DIAGNOSTIC_SYNTHETIC_VALUE,0
80000000000,80,local_for_veh_3,veh_3,veh_3,LOCAL,4000000000,DIAGNOSTIC_SYNTHETIC_VALUE,0
80000000000,80,local_for_veh_4,veh_4,veh_4,LOCAL,4000000000,DIAGNOSTIC_SYNTHETIC_VALUE,0
80000000000,80,local_for_veh_5,veh_5,veh_5,LOCAL,4000000000,DIAGNOSTIC_SYNTHETIC_VALUE,0
80000000000,80,local_for_veh_6,veh_6,veh_6,LOCAL,4000000000,DIAGNOSTIC_SYNTHETIC_VALUE,0
80000000000,80,local_for_veh_7,veh_7,veh_7,LOCAL,4000000000,DIAGNOSTIC_SYNTHETIC_VALUE,0
80000000000,80,local_for_veh_8,veh_8,veh_8,LOCAL,4000000000,DIAGNOSTIC_SYNTHETIC_VALUE,0
80000000000,80,local_for_veh_9,veh_9,veh_9,LOCAL,4000000000,DIAGNOSTIC_SYNTHETIC_VALUE,0
80000000000,80,local_for_veh_10,veh_10,veh_10,LOCAL,4000000000,DIAGNOSTIC_SYNTHETIC_VALUE,0
80000000000,80,local_for_veh_11,veh_11,veh_11,LOCAL,4000000000,DIAGNOSTIC_SYNTHETIC_VALUE,0
81000000000,81,local_for_veh_0,veh_0,veh_0,LOCAL,4000000000,DIAGNOSTIC_SYNTHETIC_VALUE,0
81000000000,81,local_for_veh_1,veh_1,veh_1,LOCAL,4000000000,DIAGNOSTIC_SYNTHETIC_VALUE,0
81000000000,81,local_for_veh_2,veh_2,veh_2,LOCAL,4000000000,DIAGNOSTIC_SYNTHETIC_VALUE,0
81000000000,81,local_for_veh_3,veh_3,veh_3,LOCAL,4000000000,DIAGNOSTIC_SYNTHETIC_VALUE,0
81000000000,81,local_for_veh_4,veh_4,veh_4,LOCAL,4000000000,DIAGNOSTIC_SYNTHETIC_VALUE,0
81000000000,81,local_for_veh_5,veh_5,veh_5,LOCAL,4000000000,DIAGNOSTIC_SYNTHETIC_VALUE,0
81000000000,81,local_for_veh_6,veh_6,veh_6,LOCAL,4000000000,DIAGNOSTIC_SYNTHETIC_VALUE,0
81000000000,81,local_for_veh_7,veh_7,veh_7,LOCAL,4000000000,DIAGNOSTIC_SYNTHETIC_VALUE,0
81000000000,81,local_for_veh_8,veh_8,veh_8,LOCAL,4000000000,DIAGNOSTIC_SYNTHETIC_VALUE,0
81000000000,81,local_for_veh_9,veh_9,veh_9,LOCAL,4000000000,DIAGNOSTIC_SYNTHETIC_VALUE,0
81000000000,81,local_for_veh_10,veh_10,veh_10,LOCAL,4000000000,DIAGNOSTIC_SYNTHETIC_VALUE,0
81000000000,81,local_for_veh_11,veh_11,veh_11,LOCAL,4000000000,DIAGNOSTIC_SYNTHETIC_VALUE,0
82000000000,82,local_for_veh_0,veh_0,veh_0,LOCAL,4000000000,DIAGNOSTIC_SYNTHETIC_VALUE,0
82000000000,82,local_for_veh_1,veh_1,veh_1,LOCAL,4000000000,DIAGNOSTIC_SYNTHETIC_VALUE,0
82000000000,82,local_for_veh_2,veh_2,veh_2,LOCAL,4000000000,DIAGNOSTIC_SYNTHETIC_VALUE,0
82000000000,82,local_for_veh_3,veh_3,veh_3,LOCAL,4000000000,DIAGNOSTIC_SYNTHETIC_VALUE,0
82000000000,82,local_for_veh_4,veh_4,veh_4,LOCAL,4000000000,DIAGNOSTIC_SYNTHETIC_VALUE,0
82000000000,82,local_for_veh_5,veh_5,veh_5,LOCAL,4000000000,DIAGNOSTIC_SYNTHETIC_VALUE,0
82000000000,82,local_for_veh_6,veh_6,veh_6,LOCAL,4000000000,DIAGNOSTIC_SYNTHETIC_VALUE,0
82000000000,82,local_for_veh_7,veh_7,veh_7,LOCAL,4000000000,DIAGNOSTIC_SYNTHETIC_VALUE,0
82000000000,82,local_for_veh_8,veh_8,veh_8,LOCAL,4000000000,DIAGNOSTIC_SYNTHETIC_VALUE,0
82000000000,82,local_for_veh_9,veh_9,veh_9,LOCAL,4000000000,DIAGNOSTIC_SYNTHETIC_VALUE,0
82000000000,82,local_for_veh_10,veh_10,veh_10,LOCAL,4000000000,DIAGNOSTIC_SYNTHETIC_VALUE,0
82000000000,82,local_for_veh_11,veh_11,veh_11,LOCAL,4000000000,DIAGNOSTIC_SYNTHETIC_VALUE,0
83000000000,83,local_for_veh_0,veh_0,veh_0,LOCAL,4000000000,DIAGNOSTIC_SYNTHETIC_VALUE,0
83000000000,83,local_for_veh_1,veh_1,veh_1,LOCAL,4000000000,DIAGNOSTIC_SYNTHETIC_VALUE,0
83000000000,83,local_for_veh_2,veh_2,veh_2,LOCAL,4000000000,DIAGNOSTIC_SYNTHETIC_VALUE,0
83000000000,83,local_for_veh_3,veh_3,veh_3,LOCAL,4000000000,DIAGNOSTIC_SYNTHETIC_VALUE,0
83000000000,83,local_for_veh_4,veh_4,veh_4,LOCAL,4000000000,DIAGNOSTIC_SYNTHETIC_VALUE,0
83000000000,83,local_for_veh_5,veh_5,veh_5,LOCAL,4000000000,DIAGNOSTIC_SYNTHETIC_VALUE,0
83000000000,83,local_for_veh_6,veh_6,veh_6,LOCAL,4000000000,DIAGNOSTIC_SYNTHETIC_VALUE,0
83000000000,83,local_for_veh_7,veh_7,veh_7,LOCAL,4000000000,DIAGNOSTIC_SYNTHETIC_VALUE,0
83000000000,83,local_for_veh_8,veh_8,veh_8,LOCAL,4000000000,DIAGNOSTIC_SYNTHETIC_VALUE,0
83000000000,83,local_for_veh_9,veh_9,veh_9,LOCAL,4000000000,DIAGNOSTIC_SYNTHETIC_VALUE,0
83000000000,83,local_for_veh_10,veh_10,veh_10,LOCAL,4000000000,DIAGNOSTIC_SYNTHETIC_VALUE,0
83000000000,83,local_for_veh_11,veh_11,veh_11,LOCAL,4000000000,DIAGNOSTIC_SYNTHETIC_VALUE,0
84000000000,84,local_for_veh_0,veh_0,veh_0,LOCAL,4000000000,DIAGNOSTIC_SYNTHETIC_VALUE,0
84000000000,84,local_for_veh_1,veh_1,veh_1,LOCAL,4000000000,DIAGNOSTIC_SYNTHETIC_VALUE,0
84000000000,84,local_for_veh_2,veh_2,veh_2,LOCAL,4000000000,DIAGNOSTIC_SYNTHETIC_VALUE,0
84000000000,84,local_for_veh_3,veh_3,veh_3,LOCAL,4000000000,DIAGNOSTIC_SYNTHETIC_VALUE,0
84000000000,84,local_for_veh_4,veh_4,veh_4,LOCAL,4000000000,DIAGNOSTIC_SYNTHETIC_VALUE,0
84000000000,84,local_for_veh_5,veh_5,veh_5,LOCAL,4000000000,DIAGNOSTIC_SYNTHETIC_VALUE,0
84000000000,84,local_for_veh_6,veh_6,veh_6,LOCAL,4000000000,DIAGNOSTIC_SYNTHETIC_VALUE,0
84000000000,84,local_for_veh_7,veh_7,veh_7,LOCAL,4000000000,DIAGNOSTIC_SYNTHETIC_VALUE,0
84000000000,84,local_for_veh_8,veh_8,veh_8,LOCAL,4000000000,DIAGNOSTIC_SYNTHETIC_VALUE,0
84000000000,84,local_for_veh_9,veh_9,veh_9,LOCAL,4000000000,DIAGNOSTIC_SYNTHETIC_VALUE,0
84000000000,84,local_for_veh_10,veh_10,veh_10,LOCAL,4000000000,DIAGNOSTIC_SYNTHETIC_VALUE,0
84000000000,84,local_for_veh_11,veh_11,veh_11,LOCAL,4000000000,DIAGNOSTIC_SYNTHETIC_VALUE,0
85000000000,85,local_for_veh_0,veh_0,veh_0,LOCAL,4000000000,DIAGNOSTIC_SYNTHETIC_VALUE,0
85000000000,85,local_for_veh_1,veh_1,veh_1,LOCAL,4000000000,DIAGNOSTIC_SYNTHETIC_VALUE,0
85000000000,85,local_for_veh_2,veh_2,veh_2,LOCAL,4000000000,DIAGNOSTIC_SYNTHETIC_VALUE,0
85000000000,85,local_for_veh_3,veh_3,veh_3,LOCAL,4000000000,DIAGNOSTIC_SYNTHETIC_VALUE,0
85000000000,85,local_for_veh_4,veh_4,veh_4,LOCAL,4000000000,DIAGNOSTIC_SYNTHETIC_VALUE,0
85000000000,85,local_for_veh_5,veh_5,veh_5,LOCAL,4000000000,DIAGNOSTIC_SYNTHETIC_VALUE,0
85000000000,85,local_for_veh_6,veh_6,veh_6,LOCAL,4000000000,DIAGNOSTIC_SYNTHETIC_VALUE,0
85000000000,85,local_for_veh_7,veh_7,veh_7,LOCAL,4000000000,DIAGNOSTIC_SYNTHETIC_VALUE,0
85000000000,85,local_for_veh_8,veh_8,veh_8,LOCAL,4000000000,DIAGNOSTIC_SYNTHETIC_VALUE,0
85000000000,85,local_for_veh_9,veh_9,veh_9,LOCAL,4000000000,DIAGNOSTIC_SYNTHETIC_VALUE,0
85000000000,85,local_for_veh_10,veh_10,veh_10,LOCAL,4000000000,DIAGNOSTIC_SYNTHETIC_VALUE,0
85000000000,85,local_for_veh_11,veh_11,veh_11,LOCAL,4000000000,DIAGNOSTIC_SYNTHETIC_VALUE,0
86000000000,86,local_for_veh_0,veh_0,veh_0,LOCAL,4000000000,DIAGNOSTIC_SYNTHETIC_VALUE,0
86000000000,86,local_for_veh_1,veh_1,veh_1,LOCAL,4000000000,DIAGNOSTIC_SYNTHETIC_VALUE,0
86000000000,86,local_for_veh_2,veh_2,veh_2,LOCAL,4000000000,DIAGNOSTIC_SYNTHETIC_VALUE,0
86000000000,86,local_for_veh_3,veh_3,veh_3,LOCAL,4000000000,DIAGNOSTIC_SYNTHETIC_VALUE,0
86000000000,86,local_for_veh_4,veh_4,veh_4,LOCAL,4000000000,DIAGNOSTIC_SYNTHETIC_VALUE,0
86000000000,86,local_for_veh_5,veh_5,veh_5,LOCAL,4000000000,DIAGNOSTIC_SYNTHETIC_VALUE,0
86000000000,86,local_for_veh_6,veh_6,veh_6,LOCAL,4000000000,DIAGNOSTIC_SYNTHETIC_VALUE,0
86000000000,86,local_for_veh_7,veh_7,veh_7,LOCAL,4000000000,DIAGNOSTIC_SYNTHETIC_VALUE,0
86000000000,86,local_for_veh_8,veh_8,veh_8,LOCAL,4000000000,DIAGNOSTIC_SYNTHETIC_VALUE,0
86000000000,86,local_for_veh_9,veh_9,veh_9,LOCAL,4000000000,DIAGNOSTIC_SYNTHETIC_VALUE,0
86000000000,86,local_for_veh_10,veh_10,veh_10,LOCAL,4000000000,DIAGNOSTIC_SYNTHETIC_VALUE,0
86000000000,86,local_for_veh_11,veh_11,veh_11,LOCAL,4000000000,DIAGNOSTIC_SYNTHETIC_VALUE,0
87000000000,87,local_for_veh_0,veh_0,veh_0,LOCAL,4000000000,DIAGNOSTIC_SYNTHETIC_VALUE,0
87000000000,87,local_for_veh_1,veh_1,veh_1,LOCAL,4000000000,DIAGNOSTIC_SYNTHETIC_VALUE,0
87000000000,87,local_for_veh_2,veh_2,veh_2,LOCAL,4000000000,DIAGNOSTIC_SYNTHETIC_VALUE,0
87000000000,87,local_for_veh_3,veh_3,veh_3,LOCAL,4000000000,DIAGNOSTIC_SYNTHETIC_VALUE,0
87000000000,87,local_for_veh_4,veh_4,veh_4,LOCAL,4000000000,DIAGNOSTIC_SYNTHETIC_VALUE,0
87000000000,87,local_for_veh_5,veh_5,veh_5,LOCAL,4000000000,DIAGNOSTIC_SYNTHETIC_VALUE,0
87000000000,87,local_for_veh_6,veh_6,veh_6,LOCAL,4000000000,DIAGNOSTIC_SYNTHETIC_VALUE,0
87000000000,87,local_for_veh_7,veh_7,veh_7,LOCAL,4000000000,DIAGNOSTIC_SYNTHETIC_VALUE,0
87000000000,87,local_for_veh_8,veh_8,veh_8,LOCAL,4000000000,DIAGNOSTIC_SYNTHETIC_VALUE,0
87000000000,87,local_for_veh_9,veh_9,veh_9,LOCAL,4000000000,DIAGNOSTIC_SYNTHETIC_VALUE,0
87000000000,87,local_for_veh_10,veh_10,veh_10,LOCAL,4000000000,DIAGNOSTIC_SYNTHETIC_VALUE,0
87000000000,87,local_for_veh_11,veh_11,veh_11,LOCAL,4000000000,DIAGNOSTIC_SYNTHETIC_VALUE,0
88000000000,88,local_for_veh_0,veh_0,veh_0,LOCAL,4000000000,DIAGNOSTIC_SYNTHETIC_VALUE,0
88000000000,88,local_for_veh_1,veh_1,veh_1,LOCAL,4000000000,DIAGNOSTIC_SYNTHETIC_VALUE,0
88000000000,88,local_for_veh_2,veh_2,veh_2,LOCAL,4000000000,DIAGNOSTIC_SYNTHETIC_VALUE,0
88000000000,88,local_for_veh_3,veh_3,veh_3,LOCAL,4000000000,DIAGNOSTIC_SYNTHETIC_VALUE,0
88000000000,88,local_for_veh_4,veh_4,veh_4,LOCAL,4000000000,DIAGNOSTIC_SYNTHETIC_VALUE,0
88000000000,88,local_for_veh_5,veh_5,veh_5,LOCAL,4000000000,DIAGNOSTIC_SYNTHETIC_VALUE,0
88000000000,88,local_for_veh_6,veh_6,veh_6,LOCAL,4000000000,DIAGNOSTIC_SYNTHETIC_VALUE,0
88000000000,88,local_for_veh_7,veh_7,veh_7,LOCAL,4000000000,DIAGNOSTIC_SYNTHETIC_VALUE,0
88000000000,88,local_for_veh_8,veh_8,veh_8,LOCAL,4000000000,DIAGNOSTIC_SYNTHETIC_VALUE,0
88000000000,88,local_for_veh_9,veh_9,veh_9,LOCAL,4000000000,DIAGNOSTIC_SYNTHETIC_VALUE,0
88000000000,88,local_for_veh_10,veh_10,veh_10,LOCAL,4000000000,DIAGNOSTIC_SYNTHETIC_VALUE,0
88000000000,88,local_for_veh_11,veh_11,veh_11,LOCAL,4000000000,DIAGNOSTIC_SYNTHETIC_VALUE,0
89000000000,89,local_for_veh_0,veh_0,veh_0,LOCAL,4000000000,DIAGNOSTIC_SYNTHETIC_VALUE,0
89000000000,89,local_for_veh_1,veh_1,veh_1,LOCAL,4000000000,DIAGNOSTIC_SYNTHETIC_VALUE,0
89000000000,89,local_for_veh_2,veh_2,veh_2,LOCAL,4000000000,DIAGNOSTIC_SYNTHETIC_VALUE,0
89000000000,89,local_for_veh_3,veh_3,veh_3,LOCAL,4000000000,DIAGNOSTIC_SYNTHETIC_VALUE,0
89000000000,89,local_for_veh_4,veh_4,veh_4,LOCAL,4000000000,DIAGNOSTIC_SYNTHETIC_VALUE,0
89000000000,89,local_for_veh_5,veh_5,veh_5,LOCAL,4000000000,DIAGNOSTIC_SYNTHETIC_VALUE,0
89000000000,89,local_for_veh_6,veh_6,veh_6,LOCAL,4000000000,DIAGNOSTIC_SYNTHETIC_VALUE,0
89000000000,89,local_for_veh_7,veh_7,veh_7,LOCAL,4000000000,DIAGNOSTIC_SYNTHETIC_VALUE,0
89000000000,89,local_for_veh_8,veh_8,veh_8,LOCAL,4000000000,DIAGNOSTIC_SYNTHETIC_VALUE,0
89000000000,89,local_for_veh_9,veh_9,veh_9,LOCAL,4000000000,DIAGNOSTIC_SYNTHETIC_VALUE,0
89000000000,89,local_for_veh_10,veh_10,veh_10,LOCAL,4000000000,DIAGNOSTIC_SYNTHETIC_VALUE,0
89000000000,89,local_for_veh_11,veh_11,veh_11,LOCAL,4000000000,DIAGNOSTIC_SYNTHETIC_VALUE,0
90000000000,90,local_for_veh_0,veh_0,veh_0,LOCAL,4000000000,DIAGNOSTIC_SYNTHETIC_VALUE,0
90000000000,90,local_for_veh_1,veh_1,veh_1,LOCAL,4000000000,DIAGNOSTIC_SYNTHETIC_VALUE,0
90000000000,90,local_for_veh_2,veh_2,veh_2,LOCAL,4000000000,DIAGNOSTIC_SYNTHETIC_VALUE,0
90000000000,90,local_for_veh_3,veh_3,veh_3,LOCAL,4000000000,DIAGNOSTIC_SYNTHETIC_VALUE,0
90000000000,90,local_for_veh_4,veh_4,veh_4,LOCAL,4000000000,DIAGNOSTIC_SYNTHETIC_VALUE,0
90000000000,90,local_for_veh_5,veh_5,veh_5,LOCAL,4000000000,DIAGNOSTIC_SYNTHETIC_VALUE,0
90000000000,90,local_for_veh_6,veh_6,veh_6,LOCAL,4000000000,DIAGNOSTIC_SYNTHETIC_VALUE,0
90000000000,90,local_for_veh_7,veh_7,veh_7,LOCAL,4000000000,DIAGNOSTIC_SYNTHETIC_VALUE,0
90000000000,90,local_for_veh_8,veh_8,veh_8,LOCAL,4000000000,DIAGNOSTIC_SYNTHETIC_VALUE,0
90000000000,90,local_for_veh_9,veh_9,veh_9,LOCAL,4000000000,DIAGNOSTIC_SYNTHETIC_VALUE,0
90000000000,90,local_for_veh_10,veh_10,veh_10,LOCAL,4000000000,DIAGNOSTIC_SYNTHETIC_VALUE,0
90000000000,90,local_for_veh_11,veh_11,veh_11,LOCAL,4000000000,DIAGNOSTIC_SYNTHETIC_VALUE,0
91000000000,91,local_for_veh_0,veh_0,veh_0,LOCAL,4000000000,DIAGNOSTIC_SYNTHETIC_VALUE,0
91000000000,91,local_for_veh_1,veh_1,veh_1,LOCAL,4000000000,DIAGNOSTIC_SYNTHETIC_VALUE,0
91000000000,91,local_for_veh_2,veh_2,veh_2,LOCAL,4000000000,DIAGNOSTIC_SYNTHETIC_VALUE,0
91000000000,91,local_for_veh_3,veh_3,veh_3,LOCAL,4000000000,DIAGNOSTIC_SYNTHETIC_VALUE,0
91000000000,91,local_for_veh_4,veh_4,veh_4,LOCAL,4000000000,DIAGNOSTIC_SYNTHETIC_VALUE,0
91000000000,91,local_for_veh_5,veh_5,veh_5,LOCAL,4000000000,DIAGNOSTIC_SYNTHETIC_VALUE,0
91000000000,91,local_for_veh_6,veh_6,veh_6,LOCAL,4000000000,DIAGNOSTIC_SYNTHETIC_VALUE,0
91000000000,91,local_for_veh_7,veh_7,veh_7,LOCAL,4000000000,DIAGNOSTIC_SYNTHETIC_VALUE,0
91000000000,91,local_for_veh_8,veh_8,veh_8,LOCAL,4000000000,DIAGNOSTIC_SYNTHETIC_VALUE,0
91000000000,91,local_for_veh_9,veh_9,veh_9,LOCAL,4000000000,DIAGNOSTIC_SYNTHETIC_VALUE,0
91000000000,91,local_for_veh_10,veh_10,veh_10,LOCAL,4000000000,DIAGNOSTIC_SYNTHETIC_VALUE,0
91000000000,91,local_for_veh_11,veh_11,veh_11,LOCAL,4000000000,DIAGNOSTIC_SYNTHETIC_VALUE,0
92000000000,92,local_for_veh_0,veh_0,veh_0,LOCAL,4000000000,DIAGNOSTIC_SYNTHETIC_VALUE,0
92000000000,92,local_for_veh_1,veh_1,veh_1,LOCAL,4000000000,DIAGNOSTIC_SYNTHETIC_VALUE,0
92000000000,92,local_for_veh_2,veh_2,veh_2,LOCAL,4000000000,DIAGNOSTIC_SYNTHETIC_VALUE,0
92000000000,92,local_for_veh_3,veh_3,veh_3,LOCAL,4000000000,DIAGNOSTIC_SYNTHETIC_VALUE,0
92000000000,92,local_for_veh_4,veh_4,veh_4,LOCAL,4000000000,DIAGNOSTIC_SYNTHETIC_VALUE,0
92000000000,92,local_for_veh_5,veh_5,veh_5,LOCAL,4000000000,DIAGNOSTIC_SYNTHETIC_VALUE,0
92000000000,92,local_for_veh_6,veh_6,veh_6,LOCAL,4000000000,DIAGNOSTIC_SYNTHETIC_VALUE,0
92000000000,92,local_for_veh_7,veh_7,veh_7,LOCAL,4000000000,DIAGNOSTIC_SYNTHETIC_VALUE,0
92000000000,92,local_for_veh_8,veh_8,veh_8,LOCAL,4000000000,DIAGNOSTIC_SYNTHETIC_VALUE,0
92000000000,92,local_for_veh_9,veh_9,veh_9,LOCAL,4000000000,DIAGNOSTIC_SYNTHETIC_VALUE,0
92000000000,92,local_for_veh_10,veh_10,veh_10,LOCAL,4000000000,DIAGNOSTIC_SYNTHETIC_VALUE,0
92000000000,92,local_for_veh_11,veh_11,veh_11,LOCAL,4000000000,DIAGNOSTIC_SYNTHETIC_VALUE,0
93000000000,93,local_for_veh_0,veh_0,veh_0,LOCAL,4000000000,DIAGNOSTIC_SYNTHETIC_VALUE,0
93000000000,93,local_for_veh_1,veh_1,veh_1,LOCAL,4000000000,DIAGNOSTIC_SYNTHETIC_VALUE,0
93000000000,93,local_for_veh_2,veh_2,veh_2,LOCAL,4000000000,DIAGNOSTIC_SYNTHETIC_VALUE,0
93000000000,93,local_for_veh_3,veh_3,veh_3,LOCAL,4000000000,DIAGNOSTIC_SYNTHETIC_VALUE,0
93000000000,93,local_for_veh_4,veh_4,veh_4,LOCAL,4000000000,DIAGNOSTIC_SYNTHETIC_VALUE,0
93000000000,93,local_for_veh_5,veh_5,veh_5,LOCAL,4000000000,DIAGNOSTIC_SYNTHETIC_VALUE,0
93000000000,93,local_for_veh_6,veh_6,veh_6,LOCAL,4000000000,DIAGNOSTIC_SYNTHETIC_VALUE,0
93000000000,93,local_for_veh_7,veh_7,veh_7,LOCAL,4000000000,DIAGNOSTIC_SYNTHETIC_VALUE,0
93000000000,93,local_for_veh_8,veh_8,veh_8,LOCAL,4000000000,DIAGNOSTIC_SYNTHETIC_VALUE,0
93000000000,93,local_for_veh_9,veh_9,veh_9,LOCAL,4000000000,DIAGNOSTIC_SYNTHETIC_VALUE,0
93000000000,93,local_for_veh_10,veh_10,veh_10,LOCAL,4000000000,DIAGNOSTIC_SYNTHETIC_VALUE,0
93000000000,93,local_for_veh_11,veh_11,veh_11,LOCAL,4000000000,DIAGNOSTIC_SYNTHETIC_VALUE,0
94000000000,94,local_for_veh_0,veh_0,veh_0,LOCAL,4000000000,DIAGNOSTIC_SYNTHETIC_VALUE,0
94000000000,94,local_for_veh_1,veh_1,veh_1,LOCAL,4000000000,DIAGNOSTIC_SYNTHETIC_VALUE,0
94000000000,94,local_for_veh_2,veh_2,veh_2,LOCAL,4000000000,DIAGNOSTIC_SYNTHETIC_VALUE,0
94000000000,94,local_for_veh_3,veh_3,veh_3,LOCAL,4000000000,DIAGNOSTIC_SYNTHETIC_VALUE,0
94000000000,94,local_for_veh_4,veh_4,veh_4,LOCAL,4000000000,DIAGNOSTIC_SYNTHETIC_VALUE,0
94000000000,94,local_for_veh_5,veh_5,veh_5,LOCAL,4000000000,DIAGNOSTIC_SYNTHETIC_VALUE,0
94000000000,94,local_for_veh_6,veh_6,veh_6,LOCAL,4000000000,DIAGNOSTIC_SYNTHETIC_VALUE,0
94000000000,94,local_for_veh_7,veh_7,veh_7,LOCAL,4000000000,DIAGNOSTIC_SYNTHETIC_VALUE,0
94000000000,94,local_for_veh_8,veh_8,veh_8,LOCAL,4000000000,DIAGNOSTIC_SYNTHETIC_VALUE,0
94000000000,94,local_for_veh_9,veh_9,veh_9,LOCAL,4000000000,DIAGNOSTIC_SYNTHETIC_VALUE,0
94000000000,94,local_for_veh_10,veh_10,veh_10,LOCAL,4000000000,DIAGNOSTIC_SYNTHETIC_VALUE,0
94000000000,94,local_for_veh_11,veh_11,veh_11,LOCAL,4000000000,DIAGNOSTIC_SYNTHETIC_VALUE,0
95000000000,95,local_for_veh_0,veh_0,veh_0,LOCAL,4000000000,DIAGNOSTIC_SYNTHETIC_VALUE,0
95000000000,95,local_for_veh_1,veh_1,veh_1,LOCAL,4000000000,DIAGNOSTIC_SYNTHETIC_VALUE,0
95000000000,95,local_for_veh_2,veh_2,veh_2,LOCAL,4000000000,DIAGNOSTIC_SYNTHETIC_VALUE,0
95000000000,95,local_for_veh_3,veh_3,veh_3,LOCAL,4000000000,DIAGNOSTIC_SYNTHETIC_VALUE,0
95000000000,95,local_for_veh_4,veh_4,veh_4,LOCAL,4000000000,DIAGNOSTIC_SYNTHETIC_VALUE,0
95000000000,95,local_for_veh_5,veh_5,veh_5,LOCAL,4000000000,DIAGNOSTIC_SYNTHETIC_VALUE,0
95000000000,95,local_for_veh_6,veh_6,veh_6,LOCAL,4000000000,DIAGNOSTIC_SYNTHETIC_VALUE,0
95000000000,95,local_for_veh_7,veh_7,veh_7,LOCAL,4000000000,DIAGNOSTIC_SYNTHETIC_VALUE,0
95000000000,95,local_for_veh_8,veh_8,veh_8,LOCAL,4000000000,DIAGNOSTIC_SYNTHETIC_VALUE,0
95000000000,95,local_for_veh_9,veh_9,veh_9,LOCAL,4000000000,DIAGNOSTIC_SYNTHETIC_VALUE,0
95000000000,95,local_for_veh_10,veh_10,veh_10,LOCAL,4000000000,DIAGNOSTIC_SYNTHETIC_VALUE,0
95000000000,95,local_for_veh_11,veh_11,veh_11,LOCAL,4000000000,DIAGNOSTIC_SYNTHETIC_VALUE,0
96000000000,96,local_for_veh_0,veh_0,veh_0,LOCAL,4000000000,DIAGNOSTIC_SYNTHETIC_VALUE,0
96000000000,96,local_for_veh_1,veh_1,veh_1,LOCAL,4000000000,DIAGNOSTIC_SYNTHETIC_VALUE,0
96000000000,96,local_for_veh_2,veh_2,veh_2,LOCAL,4000000000,DIAGNOSTIC_SYNTHETIC_VALUE,0
96000000000,96,local_for_veh_3,veh_3,veh_3,LOCAL,4000000000,DIAGNOSTIC_SYNTHETIC_VALUE,0
96000000000,96,local_for_veh_4,veh_4,veh_4,LOCAL,4000000000,DIAGNOSTIC_SYNTHETIC_VALUE,0
96000000000,96,local_for_veh_5,veh_5,veh_5,LOCAL,4000000000,DIAGNOSTIC_SYNTHETIC_VALUE,0
96000000000,96,local_for_veh_6,veh_6,veh_6,LOCAL,4000000000,DIAGNOSTIC_SYNTHETIC_VALUE,0
96000000000,96,local_for_veh_7,veh_7,veh_7,LOCAL,4000000000,DIAGNOSTIC_SYNTHETIC_VALUE,0
96000000000,96,local_for_veh_8,veh_8,veh_8,LOCAL,4000000000,DIAGNOSTIC_SYNTHETIC_VALUE,0
96000000000,96,local_for_veh_9,veh_9,veh_9,LOCAL,4000000000,DIAGNOSTIC_SYNTHETIC_VALUE,0
96000000000,96,local_for_veh_10,veh_10,veh_10,LOCAL,4000000000,DIAGNOSTIC_SYNTHETIC_VALUE,0
96000000000,96,local_for_veh_11,veh_11,veh_11,LOCAL,4000000000,DIAGNOSTIC_SYNTHETIC_VALUE,0
97000000000,97,local_for_veh_0,veh_0,veh_0,LOCAL,4000000000,DIAGNOSTIC_SYNTHETIC_VALUE,0
97000000000,97,local_for_veh_1,veh_1,veh_1,LOCAL,4000000000,DIAGNOSTIC_SYNTHETIC_VALUE,0
97000000000,97,local_for_veh_2,veh_2,veh_2,LOCAL,4000000000,DIAGNOSTIC_SYNTHETIC_VALUE,0
97000000000,97,local_for_veh_3,veh_3,veh_3,LOCAL,4000000000,DIAGNOSTIC_SYNTHETIC_VALUE,0
97000000000,97,local_for_veh_4,veh_4,veh_4,LOCAL,4000000000,DIAGNOSTIC_SYNTHETIC_VALUE,0
97000000000,97,local_for_veh_5,veh_5,veh_5,LOCAL,4000000000,DIAGNOSTIC_SYNTHETIC_VALUE,0
97000000000,97,local_for_veh_6,veh_6,veh_6,LOCAL,4000000000,DIAGNOSTIC_SYNTHETIC_VALUE,0
97000000000,97,local_for_veh_7,veh_7,veh_7,LOCAL,4000000000,DIAGNOSTIC_SYNTHETIC_VALUE,0
97000000000,97,local_for_veh_8,veh_8,veh_8,LOCAL,4000000000,DIAGNOSTIC_SYNTHETIC_VALUE,0
97000000000,97,local_for_veh_9,veh_9,veh_9,LOCAL,4000000000,DIAGNOSTIC_SYNTHETIC_VALUE,0
97000000000,97,local_for_veh_10,veh_10,veh_10,LOCAL,4000000000,DIAGNOSTIC_SYNTHETIC_VALUE,0
97000000000,97,local_for_veh_11,veh_11,veh_11,LOCAL,4000000000,DIAGNOSTIC_SYNTHETIC_VALUE,0
98000000000,98,local_for_veh_0,veh_0,veh_0,LOCAL,4000000000,DIAGNOSTIC_SYNTHETIC_VALUE,0
98000000000,98,local_for_veh_1,veh_1,veh_1,LOCAL,4000000000,DIAGNOSTIC_SYNTHETIC_VALUE,0
98000000000,98,local_for_veh_2,veh_2,veh_2,LOCAL,4000000000,DIAGNOSTIC_SYNTHETIC_VALUE,0
98000000000,98,local_for_veh_3,veh_3,veh_3,LOCAL,4000000000,DIAGNOSTIC_SYNTHETIC_VALUE,0
98000000000,98,local_for_veh_4,veh_4,veh_4,LOCAL,4000000000,DIAGNOSTIC_SYNTHETIC_VALUE,0
98000000000,98,local_for_veh_5,veh_5,veh_5,LOCAL,4000000000,DIAGNOSTIC_SYNTHETIC_VALUE,0
98000000000,98,local_for_veh_6,veh_6,veh_6,LOCAL,4000000000,DIAGNOSTIC_SYNTHETIC_VALUE,0
98000000000,98,local_for_veh_7,veh_7,veh_7,LOCAL,4000000000,DIAGNOSTIC_SYNTHETIC_VALUE,0
98000000000,98,local_for_veh_8,veh_8,veh_8,LOCAL,4000000000,DIAGNOSTIC_SYNTHETIC_VALUE,0
98000000000,98,local_for_veh_9,veh_9,veh_9,LOCAL,4000000000,DIAGNOSTIC_SYNTHETIC_VALUE,0
98000000000,98,local_for_veh_10,veh_10,veh_10,LOCAL,4000000000,DIAGNOSTIC_SYNTHETIC_VALUE,0
98000000000,98,local_for_veh_11,veh_11,veh_11,LOCAL,4000000000,DIAGNOSTIC_SYNTHETIC_VALUE,0
99000000000,99,local_for_veh_0,veh_0,veh_0,LOCAL,4000000000,DIAGNOSTIC_SYNTHETIC_VALUE,0
99000000000,99,local_for_veh_1,veh_1,veh_1,LOCAL,4000000000,DIAGNOSTIC_SYNTHETIC_VALUE,0
99000000000,99,local_for_veh_2,veh_2,veh_2,LOCAL,4000000000,DIAGNOSTIC_SYNTHETIC_VALUE,0
99000000000,99,local_for_veh_3,veh_3,veh_3,LOCAL,4000000000,DIAGNOSTIC_SYNTHETIC_VALUE,0
99000000000,99,local_for_veh_4,veh_4,veh_4,LOCAL,4000000000,DIAGNOSTIC_SYNTHETIC_VALUE,0
99000000000,99,local_for_veh_5,veh_5,veh_5,LOCAL,4000000000,DIAGNOSTIC_SYNTHETIC_VALUE,0
99000000000,99,local_for_veh_6,veh_6,veh_6,LOCAL,4000000000,DIAGNOSTIC_SYNTHETIC_VALUE,0
99000000000,99,local_for_veh_7,veh_7,veh_7,LOCAL,4000000000,DIAGNOSTIC_SYNTHETIC_VALUE,0
99000000000,99,local_for_veh_8,veh_8,veh_8,LOCAL,4000000000,DIAGNOSTIC_SYNTHETIC_VALUE,0
99000000000,99,local_for_veh_9,veh_9,veh_9,LOCAL,4000000000,DIAGNOSTIC_SYNTHETIC_VALUE,0
99000000000,99,local_for_veh_10,veh_10,veh_10,LOCAL,4000000000,DIAGNOSTIC_SYNTHETIC_VALUE,0
99000000000,99,local_for_veh_11,veh_11,veh_11,LOCAL,4000000000,DIAGNOSTIC_SYNTHETIC_VALUE,0
100000000000,100,local_for_veh_0,veh_0,veh_0,LOCAL,4000000000,DIAGNOSTIC_SYNTHETIC_VALUE,0
100000000000,100,local_for_veh_1,veh_1,veh_1,LOCAL,4000000000,DIAGNOSTIC_SYNTHETIC_VALUE,0
100000000000,100,local_for_veh_2,veh_2,veh_2,LOCAL,4000000000,DIAGNOSTIC_SYNTHETIC_VALUE,0
100000000000,100,local_for_veh_3,veh_3,veh_3,LOCAL,4000000000,DIAGNOSTIC_SYNTHETIC_VALUE,0
100000000000,100,local_for_veh_4,veh_4,veh_4,LOCAL,4000000000,DIAGNOSTIC_SYNTHETIC_VALUE,0
100000000000,100,local_for_veh_5,veh_5,veh_5,LOCAL,4000000000,DIAGNOSTIC_SYNTHETIC_VALUE,0
100000000000,100,local_for_veh_6,veh_6,veh_6,LOCAL,4000000000,DIAGNOSTIC_SYNTHETIC_VALUE,0
100000000000,100,local_for_veh_7,veh_7,veh_7,LOCAL,4000000000,DIAGNOSTIC_SYNTHETIC_VALUE,0
100000000000,100,local_for_veh_8,veh_8,veh_8,LOCAL,4000000000,DIAGNOSTIC_SYNTHETIC_VALUE,0
100000000000,100,local_for_veh_9,veh_9,veh_9,LOCAL,4000000000,DIAGNOSTIC_SYNTHETIC_VALUE,0
100000000000,100,local_for_veh_10,veh_10,veh_10,LOCAL,4000000000,DIAGNOSTIC_SYNTHETIC_VALUE,0
100000000000,100,local_for_veh_11,veh_11,veh_11,LOCAL,4000000000,DIAGNOSTIC_SYNTHETIC_VALUE,0
101000000000,101,local_for_veh_0,veh_0,veh_0,LOCAL,4000000000,DIAGNOSTIC_SYNTHETIC_VALUE,0
101000000000,101,local_for_veh_1,veh_1,veh_1,LOCAL,4000000000,DIAGNOSTIC_SYNTHETIC_VALUE,0
101000000000,101,local_for_veh_2,veh_2,veh_2,LOCAL,4000000000,DIAGNOSTIC_SYNTHETIC_VALUE,0
101000000000,101,local_for_veh_3,veh_3,veh_3,LOCAL,4000000000,DIAGNOSTIC_SYNTHETIC_VALUE,0
101000000000,101,local_for_veh_4,veh_4,veh_4,LOCAL,4000000000,DIAGNOSTIC_SYNTHETIC_VALUE,0
101000000000,101,local_for_veh_5,veh_5,veh_5,LOCAL,4000000000,DIAGNOSTIC_SYNTHETIC_VALUE,0
101000000000,101,local_for_veh_6,veh_6,veh_6,LOCAL,4000000000,DIAGNOSTIC_SYNTHETIC_VALUE,0
101000000000,101,local_for_veh_7,veh_7,veh_7,LOCAL,4000000000,DIAGNOSTIC_SYNTHETIC_VALUE,0
101000000000,101,local_for_veh_8,veh_8,veh_8,LOCAL,4000000000,DIAGNOSTIC_SYNTHETIC_VALUE,0
101000000000,101,local_for_veh_9,veh_9,veh_9,LOCAL,4000000000,DIAGNOSTIC_SYNTHETIC_VALUE,0
101000000000,101,local_for_veh_10,veh_10,veh_10,LOCAL,4000000000,DIAGNOSTIC_SYNTHETIC_VALUE,0
101000000000,101,local_for_veh_11,veh_11,veh_11,LOCAL,4000000000,DIAGNOSTIC_SYNTHETIC_VALUE,0
102000000000,102,local_for_veh_0,veh_0,veh_0,LOCAL,4000000000,DIAGNOSTIC_SYNTHETIC_VALUE,0
102000000000,102,local_for_veh_1,veh_1,veh_1,LOCAL,4000000000,DIAGNOSTIC_SYNTHETIC_VALUE,0
102000000000,102,local_for_veh_2,veh_2,veh_2,LOCAL,4000000000,DIAGNOSTIC_SYNTHETIC_VALUE,0
102000000000,102,local_for_veh_3,veh_3,veh_3,LOCAL,4000000000,DIAGNOSTIC_SYNTHETIC_VALUE,0
102000000000,102,local_for_veh_4,veh_4,veh_4,LOCAL,4000000000,DIAGNOSTIC_SYNTHETIC_VALUE,0
102000000000,102,local_for_veh_5,veh_5,veh_5,LOCAL,4000000000,DIAGNOSTIC_SYNTHETIC_VALUE,0
102000000000,102,local_for_veh_6,veh_6,veh_6,LOCAL,4000000000,DIAGNOSTIC_SYNTHETIC_VALUE,0
102000000000,102,local_for_veh_7,veh_7,veh_7,LOCAL,4000000000,DIAGNOSTIC_SYNTHETIC_VALUE,0
102000000000,102,local_for_veh_8,veh_8,veh_8,LOCAL,4000000000,DIAGNOSTIC_SYNTHETIC_VALUE,0
102000000000,102,local_for_veh_9,veh_9,veh_9,LOCAL,4000000000,DIAGNOSTIC_SYNTHETIC_VALUE,0
102000000000,102,local_for_veh_10,veh_10,veh_10,LOCAL,4000000000,DIAGNOSTIC_SYNTHETIC_VALUE,0
102000000000,102,local_for_veh_11,veh_11,veh_11,LOCAL,4000000000,DIAGNOSTIC_SYNTHETIC_VALUE,0
103000000000,103,local_for_veh_0,veh_0,veh_0,LOCAL,4000000000,DIAGNOSTIC_SYNTHETIC_VALUE,0
103000000000,103,local_for_veh_1,veh_1,veh_1,LOCAL,4000000000,DIAGNOSTIC_SYNTHETIC_VALUE,0
103000000000,103,local_for_veh_2,veh_2,veh_2,LOCAL,4000000000,DIAGNOSTIC_SYNTHETIC_VALUE,0
103000000000,103,local_for_veh_3,veh_3,veh_3,LOCAL,4000000000,DIAGNOSTIC_SYNTHETIC_VALUE,0
103000000000,103,local_for_veh_4,veh_4,veh_4,LOCAL,4000000000,DIAGNOSTIC_SYNTHETIC_VALUE,0
103000000000,103,local_for_veh_5,veh_5,veh_5,LOCAL,4000000000,DIAGNOSTIC_SYNTHETIC_VALUE,0
103000000000,103,local_for_veh_6,veh_6,veh_6,LOCAL,4000000000,DIAGNOSTIC_SYNTHETIC_VALUE,0
103000000000,103,local_for_veh_7,veh_7,veh_7,LOCAL,4000000000,DIAGNOSTIC_SYNTHETIC_VALUE,0
103000000000,103,local_for_veh_8,veh_8,veh_8,LOCAL,4000000000,DIAGNOSTIC_SYNTHETIC_VALUE,0
103000000000,103,local_for_veh_9,veh_9,veh_9,LOCAL,4000000000,DIAGNOSTIC_SYNTHETIC_VALUE,0
103000000000,103,local_for_veh_10,veh_10,veh_10,LOCAL,4000000000,DIAGNOSTIC_SYNTHETIC_VALUE,0
103000000000,103,local_for_veh_11,veh_11,veh_11,LOCAL,4000000000,DIAGNOSTIC_SYNTHETIC_VALUE,0
104000000000,104,local_for_veh_0,veh_0,veh_0,LOCAL,4000000000,DIAGNOSTIC_SYNTHETIC_VALUE,0
104000000000,104,local_for_veh_1,veh_1,veh_1,LOCAL,4000000000,DIAGNOSTIC_SYNTHETIC_VALUE,0
104000000000,104,local_for_veh_2,veh_2,veh_2,LOCAL,4000000000,DIAGNOSTIC_SYNTHETIC_VALUE,0
104000000000,104,local_for_veh_3,veh_3,veh_3,LOCAL,4000000000,DIAGNOSTIC_SYNTHETIC_VALUE,0
104000000000,104,local_for_veh_4,veh_4,veh_4,LOCAL,4000000000,DIAGNOSTIC_SYNTHETIC_VALUE,0
104000000000,104,local_for_veh_5,veh_5,veh_5,LOCAL,4000000000,DIAGNOSTIC_SYNTHETIC_VALUE,0
104000000000,104,local_for_veh_6,veh_6,veh_6,LOCAL,4000000000,DIAGNOSTIC_SYNTHETIC_VALUE,0
104000000000,104,local_for_veh_7,veh_7,veh_7,LOCAL,4000000000,DIAGNOSTIC_SYNTHETIC_VALUE,0
104000000000,104,local_for_veh_8,veh_8,veh_8,LOCAL,4000000000,DIAGNOSTIC_SYNTHETIC_VALUE,0
104000000000,104,local_for_veh_9,veh_9,veh_9,LOCAL,4000000000,DIAGNOSTIC_SYNTHETIC_VALUE,0
104000000000,104,local_for_veh_10,veh_10,veh_10,LOCAL,4000000000,DIAGNOSTIC_SYNTHETIC_VALUE,0
104000000000,104,local_for_veh_11,veh_11,veh_11,LOCAL,4000000000,DIAGNOSTIC_SYNTHETIC_VALUE,0
105000000000,105,local_for_veh_0,veh_0,veh_0,LOCAL,4000000000,DIAGNOSTIC_SYNTHETIC_VALUE,0
105000000000,105,local_for_veh_1,veh_1,veh_1,LOCAL,4000000000,DIAGNOSTIC_SYNTHETIC_VALUE,0
105000000000,105,local_for_veh_2,veh_2,veh_2,LOCAL,4000000000,DIAGNOSTIC_SYNTHETIC_VALUE,0
105000000000,105,local_for_veh_3,veh_3,veh_3,LOCAL,4000000000,DIAGNOSTIC_SYNTHETIC_VALUE,0
105000000000,105,local_for_veh_4,veh_4,veh_4,LOCAL,4000000000,DIAGNOSTIC_SYNTHETIC_VALUE,0
105000000000,105,local_for_veh_5,veh_5,veh_5,LOCAL,4000000000,DIAGNOSTIC_SYNTHETIC_VALUE,0
105000000000,105,local_for_veh_6,veh_6,veh_6,LOCAL,4000000000,DIAGNOSTIC_SYNTHETIC_VALUE,0
105000000000,105,local_for_veh_7,veh_7,veh_7,LOCAL,4000000000,DIAGNOSTIC_SYNTHETIC_VALUE,0
105000000000,105,local_for_veh_8,veh_8,veh_8,LOCAL,4000000000,DIAGNOSTIC_SYNTHETIC_VALUE,0
105000000000,105,local_for_veh_9,veh_9,veh_9,LOCAL,4000000000,DIAGNOSTIC_SYNTHETIC_VALUE,0
105000000000,105,local_for_veh_10,veh_10,veh_10,LOCAL,4000000000,DIAGNOSTIC_SYNTHETIC_VALUE,0
105000000000,105,local_for_veh_11,veh_11,veh_11,LOCAL,4000000000,DIAGNOSTIC_SYNTHETIC_VALUE,0
106000000000,106,local_for_veh_0,veh_0,veh_0,LOCAL,4000000000,DIAGNOSTIC_SYNTHETIC_VALUE,0
106000000000,106,local_for_veh_1,veh_1,veh_1,LOCAL,4000000000,DIAGNOSTIC_SYNTHETIC_VALUE,0
106000000000,106,local_for_veh_2,veh_2,veh_2,LOCAL,4000000000,DIAGNOSTIC_SYNTHETIC_VALUE,0
106000000000,106,local_for_veh_3,veh_3,veh_3,LOCAL,4000000000,DIAGNOSTIC_SYNTHETIC_VALUE,0
106000000000,106,local_for_veh_4,veh_4,veh_4,LOCAL,4000000000,DIAGNOSTIC_SYNTHETIC_VALUE,0
106000000000,106,local_for_veh_5,veh_5,veh_5,LOCAL,4000000000,DIAGNOSTIC_SYNTHETIC_VALUE,0
106000000000,106,local_for_veh_6,veh_6,veh_6,LOCAL,4000000000,DIAGNOSTIC_SYNTHETIC_VALUE,0
106000000000,106,local_for_veh_7,veh_7,veh_7,LOCAL,4000000000,DIAGNOSTIC_SYNTHETIC_VALUE,0
106000000000,106,local_for_veh_8,veh_8,veh_8,LOCAL,4000000000,DIAGNOSTIC_SYNTHETIC_VALUE,0
106000000000,106,local_for_veh_9,veh_9,veh_9,LOCAL,4000000000,DIAGNOSTIC_SYNTHETIC_VALUE,0
106000000000,106,local_for_veh_10,veh_10,veh_10,LOCAL,4000000000,DIAGNOSTIC_SYNTHETIC_VALUE,0
106000000000,106,local_for_veh_11,veh_11,veh_11,LOCAL,4000000000,DIAGNOSTIC_SYNTHETIC_VALUE,0
107000000000,107,local_for_veh_0,veh_0,veh_0,LOCAL,4000000000,DIAGNOSTIC_SYNTHETIC_VALUE,0
107000000000,107,local_for_veh_1,veh_1,veh_1,LOCAL,4000000000,DIAGNOSTIC_SYNTHETIC_VALUE,0
107000000000,107,local_for_veh_2,veh_2,veh_2,LOCAL,4000000000,DIAGNOSTIC_SYNTHETIC_VALUE,0
107000000000,107,local_for_veh_3,veh_3,veh_3,LOCAL,4000000000,DIAGNOSTIC_SYNTHETIC_VALUE,0
107000000000,107,local_for_veh_4,veh_4,veh_4,LOCAL,4000000000,DIAGNOSTIC_SYNTHETIC_VALUE,0
107000000000,107,local_for_veh_5,veh_5,veh_5,LOCAL,4000000000,DIAGNOSTIC_SYNTHETIC_VALUE,0
107000000000,107,local_for_veh_6,veh_6,veh_6,LOCAL,4000000000,DIAGNOSTIC_SYNTHETIC_VALUE,0
107000000000,107,local_for_veh_7,veh_7,veh_7,LOCAL,4000000000,DIAGNOSTIC_SYNTHETIC_VALUE,0
107000000000,107,local_for_veh_8,veh_8,veh_8,LOCAL,4000000000,DIAGNOSTIC_SYNTHETIC_VALUE,0
107000000000,107,local_for_veh_9,veh_9,veh_9,LOCAL,4000000000,DIAGNOSTIC_SYNTHETIC_VALUE,0
107000000000,107,local_for_veh_10,veh_10,veh_10,LOCAL,4000000000,DIAGNOSTIC_SYNTHETIC_VALUE,0
107000000000,107,local_for_veh_11,veh_11,veh_11,LOCAL,4000000000,DIAGNOSTIC_SYNTHETIC_VALUE,0
108000000000,108,local_for_veh_0,veh_0,veh_0,LOCAL,4000000000,DIAGNOSTIC_SYNTHETIC_VALUE,0
108000000000,108,local_for_veh_1,veh_1,veh_1,LOCAL,4000000000,DIAGNOSTIC_SYNTHETIC_VALUE,0
108000000000,108,local_for_veh_2,veh_2,veh_2,LOCAL,4000000000,DIAGNOSTIC_SYNTHETIC_VALUE,0
108000000000,108,local_for_veh_3,veh_3,veh_3,LOCAL,4000000000,DIAGNOSTIC_SYNTHETIC_VALUE,0
108000000000,108,local_for_veh_4,veh_4,veh_4,LOCAL,4000000000,DIAGNOSTIC_SYNTHETIC_VALUE,0
108000000000,108,local_for_veh_5,veh_5,veh_5,LOCAL,4000000000,DIAGNOSTIC_SYNTHETIC_VALUE,0
108000000000,108,local_for_veh_6,veh_6,veh_6,LOCAL,4000000000,DIAGNOSTIC_SYNTHETIC_VALUE,0
108000000000,108,local_for_veh_7,veh_7,veh_7,LOCAL,4000000000,DIAGNOSTIC_SYNTHETIC_VALUE,0
108000000000,108,local_for_veh_8,veh_8,veh_8,LOCAL,4000000000,DIAGNOSTIC_SYNTHETIC_VALUE,0
108000000000,108,local_for_veh_9,veh_9,veh_9,LOCAL,4000000000,DIAGNOSTIC_SYNTHETIC_VALUE,0
108000000000,108,local_for_veh_10,veh_10,veh_10,LOCAL,4000000000,DIAGNOSTIC_SYNTHETIC_VALUE,0
108000000000,108,local_for_veh_11,veh_11,veh_11,LOCAL,4000000000,DIAGNOSTIC_SYNTHETIC_VALUE,0
109000000000,109,local_for_veh_0,veh_0,veh_0,LOCAL,4000000000,DIAGNOSTIC_SYNTHETIC_VALUE,0
109000000000,109,local_for_veh_1,veh_1,veh_1,LOCAL,4000000000,DIAGNOSTIC_SYNTHETIC_VALUE,0
109000000000,109,local_for_veh_2,veh_2,veh_2,LOCAL,4000000000,DIAGNOSTIC_SYNTHETIC_VALUE,0
109000000000,109,local_for_veh_3,veh_3,veh_3,LOCAL,4000000000,DIAGNOSTIC_SYNTHETIC_VALUE,0
109000000000,109,local_for_veh_4,veh_4,veh_4,LOCAL,4000000000,DIAGNOSTIC_SYNTHETIC_VALUE,0
109000000000,109,local_for_veh_5,veh_5,veh_5,LOCAL,4000000000,DIAGNOSTIC_SYNTHETIC_VALUE,0
109000000000,109,local_for_veh_6,veh_6,veh_6,LOCAL,4000000000,DIAGNOSTIC_SYNTHETIC_VALUE,0
109000000000,109,local_for_veh_7,veh_7,veh_7,LOCAL,4000000000,DIAGNOSTIC_SYNTHETIC_VALUE,0
109000000000,109,local_for_veh_8,veh_8,veh_8,LOCAL,4000000000,DIAGNOSTIC_SYNTHETIC_VALUE,0
109000000000,109,local_for_veh_9,veh_9,veh_9,LOCAL,4000000000,DIAGNOSTIC_SYNTHETIC_VALUE,0
109000000000,109,local_for_veh_10,veh_10,veh_10,LOCAL,4000000000,DIAGNOSTIC_SYNTHETIC_VALUE,0
109000000000,109,local_for_veh_11,veh_11,veh_11,LOCAL,4000000000,DIAGNOSTIC_SYNTHETIC_VALUE,0
110000000000,110,local_for_veh_0,veh_0,veh_0,LOCAL,4000000000,DIAGNOSTIC_SYNTHETIC_VALUE,0
110000000000,110,local_for_veh_1,veh_1,veh_1,LOCAL,4000000000,DIAGNOSTIC_SYNTHETIC_VALUE,0
110000000000,110,local_for_veh_2,veh_2,veh_2,LOCAL,4000000000,DIAGNOSTIC_SYNTHETIC_VALUE,0
110000000000,110,local_for_veh_3,veh_3,veh_3,LOCAL,4000000000,DIAGNOSTIC_SYNTHETIC_VALUE,0
110000000000,110,local_for_veh_4,veh_4,veh_4,LOCAL,4000000000,DIAGNOSTIC_SYNTHETIC_VALUE,0
110000000000,110,local_for_veh_5,veh_5,veh_5,LOCAL,4000000000,DIAGNOSTIC_SYNTHETIC_VALUE,0
110000000000,110,local_for_veh_6,veh_6,veh_6,LOCAL,4000000000,DIAGNOSTIC_SYNTHETIC_VALUE,0
110000000000,110,local_for_veh_7,veh_7,veh_7,LOCAL,4000000000,DIAGNOSTIC_SYNTHETIC_VALUE,0
110000000000,110,local_for_veh_8,veh_8,veh_8,LOCAL,4000000000,DIAGNOSTIC_SYNTHETIC_VALUE,0
110000000000,110,local_for_veh_9,veh_9,veh_9,LOCAL,4000000000,DIAGNOSTIC_SYNTHETIC_VALUE,0
110000000000,110,local_for_veh_10,veh_10,veh_10,LOCAL,4000000000,DIAGNOSTIC_SYNTHETIC_VALUE,0
110000000000,110,local_for_veh_11,veh_11,veh_11,LOCAL,4000000000,DIAGNOSTIC_SYNTHETIC_VALUE,0
111000000000,111,local_for_veh_0,veh_0,veh_0,LOCAL,4000000000,DIAGNOSTIC_SYNTHETIC_VALUE,0
111000000000,111,local_for_veh_1,veh_1,veh_1,LOCAL,4000000000,DIAGNOSTIC_SYNTHETIC_VALUE,0
111000000000,111,local_for_veh_2,veh_2,veh_2,LOCAL,4000000000,DIAGNOSTIC_SYNTHETIC_VALUE,0
111000000000,111,local_for_veh_3,veh_3,veh_3,LOCAL,4000000000,DIAGNOSTIC_SYNTHETIC_VALUE,0
111000000000,111,local_for_veh_4,veh_4,veh_4,LOCAL,4000000000,DIAGNOSTIC_SYNTHETIC_VALUE,0
111000000000,111,local_for_veh_5,veh_5,veh_5,LOCAL,4000000000,DIAGNOSTIC_SYNTHETIC_VALUE,0
111000000000,111,local_for_veh_6,veh_6,veh_6,LOCAL,4000000000,DIAGNOSTIC_SYNTHETIC_VALUE,0
111000000000,111,local_for_veh_7,veh_7,veh_7,LOCAL,4000000000,DIAGNOSTIC_SYNTHETIC_VALUE,0
111000000000,111,local_for_veh_8,veh_8,veh_8,LOCAL,4000000000,DIAGNOSTIC_SYNTHETIC_VALUE,0
111000000000,111,local_for_veh_9,veh_9,veh_9,LOCAL,4000000000,DIAGNOSTIC_SYNTHETIC_VALUE,0
111000000000,111,local_for_veh_10,veh_10,veh_10,LOCAL,4000000000,DIAGNOSTIC_SYNTHETIC_VALUE,0
111000000000,111,local_for_veh_11,veh_11,veh_11,LOCAL,4000000000,DIAGNOSTIC_SYNTHETIC_VALUE,0
112000000000,112,local_for_veh_0,veh_0,veh_0,LOCAL,4000000000,DIAGNOSTIC_SYNTHETIC_VALUE,0
112000000000,112,local_for_veh_1,veh_1,veh_1,LOCAL,4000000000,DIAGNOSTIC_SYNTHETIC_VALUE,0
112000000000,112,local_for_veh_2,veh_2,veh_2,LOCAL,4000000000,DIAGNOSTIC_SYNTHETIC_VALUE,0
112000000000,112,local_for_veh_3,veh_3,veh_3,LOCAL,4000000000,DIAGNOSTIC_SYNTHETIC_VALUE,0
112000000000,112,local_for_veh_4,veh_4,veh_4,LOCAL,4000000000,DIAGNOSTIC_SYNTHETIC_VALUE,0
112000000000,112,local_for_veh_5,veh_5,veh_5,LOCAL,4000000000,DIAGNOSTIC_SYNTHETIC_VALUE,0
112000000000,112,local_for_veh_6,veh_6,veh_6,LOCAL,4000000000,DIAGNOSTIC_SYNTHETIC_VALUE,0
112000000000,112,local_for_veh_7,veh_7,veh_7,LOCAL,4000000000,DIAGNOSTIC_SYNTHETIC_VALUE,0
112000000000,112,local_for_veh_8,veh_8,veh_8,LOCAL,4000000000,DIAGNOSTIC_SYNTHETIC_VALUE,0
112000000000,112,local_for_veh_9,veh_9,veh_9,LOCAL,4000000000,DIAGNOSTIC_SYNTHETIC_VALUE,0
112000000000,112,local_for_veh_10,veh_10,veh_10,LOCAL,4000000000,DIAGNOSTIC_SYNTHETIC_VALUE,0
112000000000,112,local_for_veh_11,veh_11,veh_11,LOCAL,4000000000,DIAGNOSTIC_SYNTHETIC_VALUE,0
113000000000,113,local_for_veh_0,veh_0,veh_0,LOCAL,4000000000,DIAGNOSTIC_SYNTHETIC_VALUE,0
113000000000,113,local_for_veh_1,veh_1,veh_1,LOCAL,4000000000,DIAGNOSTIC_SYNTHETIC_VALUE,0
113000000000,113,local_for_veh_2,veh_2,veh_2,LOCAL,4000000000,DIAGNOSTIC_SYNTHETIC_VALUE,0
113000000000,113,local_for_veh_3,veh_3,veh_3,LOCAL,4000000000,DIAGNOSTIC_SYNTHETIC_VALUE,0
113000000000,113,local_for_veh_4,veh_4,veh_4,LOCAL,4000000000,DIAGNOSTIC_SYNTHETIC_VALUE,0
113000000000,113,local_for_veh_5,veh_5,veh_5,LOCAL,4000000000,DIAGNOSTIC_SYNTHETIC_VALUE,0
113000000000,113,local_for_veh_6,veh_6,veh_6,LOCAL,4000000000,DIAGNOSTIC_SYNTHETIC_VALUE,0
113000000000,113,local_for_veh_7,veh_7,veh_7,LOCAL,4000000000,DIAGNOSTIC_SYNTHETIC_VALUE,0
113000000000,113,local_for_veh_8,veh_8,veh_8,LOCAL,4000000000,DIAGNOSTIC_SYNTHETIC_VALUE,0
113000000000,113,local_for_veh_9,veh_9,veh_9,LOCAL,4000000000,DIAGNOSTIC_SYNTHETIC_VALUE,0
113000000000,113,local_for_veh_10,veh_10,veh_10,LOCAL,4000000000,DIAGNOSTIC_SYNTHETIC_VALUE,0
113000000000,113,local_for_veh_11,veh_11,veh_11,LOCAL,4000000000,DIAGNOSTIC_SYNTHETIC_VALUE,0
114000000000,114,local_for_veh_0,veh_0,veh_0,LOCAL,4000000000,DIAGNOSTIC_SYNTHETIC_VALUE,0
114000000000,114,local_for_veh_1,veh_1,veh_1,LOCAL,4000000000,DIAGNOSTIC_SYNTHETIC_VALUE,0
114000000000,114,local_for_veh_2,veh_2,veh_2,LOCAL,4000000000,DIAGNOSTIC_SYNTHETIC_VALUE,0
114000000000,114,local_for_veh_3,veh_3,veh_3,LOCAL,4000000000,DIAGNOSTIC_SYNTHETIC_VALUE,0
114000000000,114,local_for_veh_4,veh_4,veh_4,LOCAL,4000000000,DIAGNOSTIC_SYNTHETIC_VALUE,0
114000000000,114,local_for_veh_5,veh_5,veh_5,LOCAL,4000000000,DIAGNOSTIC_SYNTHETIC_VALUE,0
114000000000,114,local_for_veh_6,veh_6,veh_6,LOCAL,4000000000,DIAGNOSTIC_SYNTHETIC_VALUE,0
114000000000,114,local_for_veh_7,veh_7,veh_7,LOCAL,4000000000,DIAGNOSTIC_SYNTHETIC_VALUE,0
114000000000,114,local_for_veh_8,veh_8,veh_8,LOCAL,4000000000,DIAGNOSTIC_SYNTHETIC_VALUE,0
114000000000,114,local_for_veh_9,veh_9,veh_9,LOCAL,4000000000,DIAGNOSTIC_SYNTHETIC_VALUE,0
114000000000,114,local_for_veh_10,veh_10,veh_10,LOCAL,4000000000,DIAGNOSTIC_SYNTHETIC_VALUE,0
114000000000,114,local_for_veh_11,veh_11,veh_11,LOCAL,4000000000,DIAGNOSTIC_SYNTHETIC_VALUE,0
115000000000,115,local_for_veh_0,veh_0,veh_0,LOCAL,4000000000,DIAGNOSTIC_SYNTHETIC_VALUE,0
115000000000,115,local_for_veh_1,veh_1,veh_1,LOCAL,4000000000,DIAGNOSTIC_SYNTHETIC_VALUE,0
115000000000,115,local_for_veh_2,veh_2,veh_2,LOCAL,4000000000,DIAGNOSTIC_SYNTHETIC_VALUE,0
115000000000,115,local_for_veh_3,veh_3,veh_3,LOCAL,4000000000,DIAGNOSTIC_SYNTHETIC_VALUE,0
115000000000,115,local_for_veh_4,veh_4,veh_4,LOCAL,4000000000,DIAGNOSTIC_SYNTHETIC_VALUE,0
115000000000,115,local_for_veh_5,veh_5,veh_5,LOCAL,4000000000,DIAGNOSTIC_SYNTHETIC_VALUE,0
115000000000,115,local_for_veh_6,veh_6,veh_6,LOCAL,4000000000,DIAGNOSTIC_SYNTHETIC_VALUE,0
115000000000,115,local_for_veh_7,veh_7,veh_7,LOCAL,4000000000,DIAGNOSTIC_SYNTHETIC_VALUE,0
115000000000,115,local_for_veh_8,veh_8,veh_8,LOCAL,4000000000,DIAGNOSTIC_SYNTHETIC_VALUE,0
115000000000,115,local_for_veh_9,veh_9,veh_9,LOCAL,4000000000,DIAGNOSTIC_SYNTHETIC_VALUE,0
115000000000,115,local_for_veh_10,veh_10,veh_10,LOCAL,4000000000,DIAGNOSTIC_SYNTHETIC_VALUE,0
115000000000,115,local_for_veh_11,veh_11,veh_11,LOCAL,4000000000,DIAGNOSTIC_SYNTHETIC_VALUE,0
116000000000,116,local_for_veh_0,veh_0,veh_0,LOCAL,4000000000,DIAGNOSTIC_SYNTHETIC_VALUE,0
116000000000,116,local_for_veh_1,veh_1,veh_1,LOCAL,4000000000,DIAGNOSTIC_SYNTHETIC_VALUE,0
116000000000,116,local_for_veh_2,veh_2,veh_2,LOCAL,4000000000,DIAGNOSTIC_SYNTHETIC_VALUE,0
116000000000,116,local_for_veh_3,veh_3,veh_3,LOCAL,4000000000,DIAGNOSTIC_SYNTHETIC_VALUE,0
116000000000,116,local_for_veh_4,veh_4,veh_4,LOCAL,4000000000,DIAGNOSTIC_SYNTHETIC_VALUE,0
116000000000,116,local_for_veh_5,veh_5,veh_5,LOCAL,4000000000,DIAGNOSTIC_SYNTHETIC_VALUE,0
116000000000,116,local_for_veh_6,veh_6,veh_6,LOCAL,4000000000,DIAGNOSTIC_SYNTHETIC_VALUE,0
116000000000,116,local_for_veh_7,veh_7,veh_7,LOCAL,4000000000,DIAGNOSTIC_SYNTHETIC_VALUE,0
116000000000,116,local_for_veh_8,veh_8,veh_8,LOCAL,4000000000,DIAGNOSTIC_SYNTHETIC_VALUE,0
116000000000,116,local_for_veh_9,veh_9,veh_9,LOCAL,4000000000,DIAGNOSTIC_SYNTHETIC_VALUE,0
116000000000,116,local_for_veh_10,veh_10,veh_10,LOCAL,4000000000,DIAGNOSTIC_SYNTHETIC_VALUE,0
116000000000,116,local_for_veh_11,veh_11,veh_11,LOCAL,4000000000,DIAGNOSTIC_SYNTHETIC_VALUE,0
117000000000,117,local_for_veh_0,veh_0,veh_0,LOCAL,4000000000,DIAGNOSTIC_SYNTHETIC_VALUE,0
117000000000,117,local_for_veh_1,veh_1,veh_1,LOCAL,4000000000,DIAGNOSTIC_SYNTHETIC_VALUE,0
117000000000,117,local_for_veh_2,veh_2,veh_2,LOCAL,4000000000,DIAGNOSTIC_SYNTHETIC_VALUE,0
117000000000,117,local_for_veh_3,veh_3,veh_3,LOCAL,4000000000,DIAGNOSTIC_SYNTHETIC_VALUE,0
117000000000,117,local_for_veh_4,veh_4,veh_4,LOCAL,4000000000,DIAGNOSTIC_SYNTHETIC_VALUE,0
117000000000,117,local_for_veh_5,veh_5,veh_5,LOCAL,4000000000,DIAGNOSTIC_SYNTHETIC_VALUE,0
117000000000,117,local_for_veh_6,veh_6,veh_6,LOCAL,4000000000,DIAGNOSTIC_SYNTHETIC_VALUE,0
117000000000,117,local_for_veh_7,veh_7,veh_7,LOCAL,4000000000,DIAGNOSTIC_SYNTHETIC_VALUE,0
117000000000,117,local_for_veh_8,veh_8,veh_8,LOCAL,4000000000,DIAGNOSTIC_SYNTHETIC_VALUE,0
117000000000,117,local_for_veh_9,veh_9,veh_9,LOCAL,4000000000,DIAGNOSTIC_SYNTHETIC_VALUE,0
117000000000,117,local_for_veh_10,veh_10,veh_10,LOCAL,4000000000,DIAGNOSTIC_SYNTHETIC_VALUE,0
117000000000,117,local_for_veh_11,veh_11,veh_11,LOCAL,4000000000,DIAGNOSTIC_SYNTHETIC_VALUE,0
118000000000,118,local_for_veh_0,veh_0,veh_0,LOCAL,4000000000,DIAGNOSTIC_SYNTHETIC_VALUE,0
118000000000,118,local_for_veh_1,veh_1,veh_1,LOCAL,4000000000,DIAGNOSTIC_SYNTHETIC_VALUE,0
118000000000,118,local_for_veh_2,veh_2,veh_2,LOCAL,4000000000,DIAGNOSTIC_SYNTHETIC_VALUE,0
118000000000,118,local_for_veh_3,veh_3,veh_3,LOCAL,4000000000,DIAGNOSTIC_SYNTHETIC_VALUE,0
118000000000,118,local_for_veh_4,veh_4,veh_4,LOCAL,4000000000,DIAGNOSTIC_SYNTHETIC_VALUE,0
118000000000,118,local_for_veh_5,veh_5,veh_5,LOCAL,4000000000,DIAGNOSTIC_SYNTHETIC_VALUE,0
118000000000,118,local_for_veh_6,veh_6,veh_6,LOCAL,4000000000,DIAGNOSTIC_SYNTHETIC_VALUE,0
118000000000,118,local_for_veh_7,veh_7,veh_7,LOCAL,4000000000,DIAGNOSTIC_SYNTHETIC_VALUE,0
118000000000,118,local_for_veh_8,veh_8,veh_8,LOCAL,4000000000,DIAGNOSTIC_SYNTHETIC_VALUE,0
118000000000,118,local_for_veh_9,veh_9,veh_9,LOCAL,4000000000,DIAGNOSTIC_SYNTHETIC_VALUE,0
118000000000,118,local_for_veh_10,veh_10,veh_10,LOCAL,4000000000,DIAGNOSTIC_SYNTHETIC_VALUE,0
118000000000,118,local_for_veh_11,veh_11,veh_11,LOCAL,4000000000,DIAGNOSTIC_SYNTHETIC_VALUE,0
119000000000,119,local_for_veh_0,veh_0,veh_0,LOCAL,4000000000,DIAGNOSTIC_SYNTHETIC_VALUE,0
119000000000,119,local_for_veh_1,veh_1,veh_1,LOCAL,4000000000,DIAGNOSTIC_SYNTHETIC_VALUE,0
119000000000,119,local_for_veh_2,veh_2,veh_2,LOCAL,4000000000,DIAGNOSTIC_SYNTHETIC_VALUE,0
119000000000,119,local_for_veh_3,veh_3,veh_3,LOCAL,4000000000,DIAGNOSTIC_SYNTHETIC_VALUE,0
119000000000,119,local_for_veh_4,veh_4,veh_4,LOCAL,4000000000,DIAGNOSTIC_SYNTHETIC_VALUE,0
119000000000,119,local_for_veh_5,veh_5,veh_5,LOCAL,4000000000,DIAGNOSTIC_SYNTHETIC_VALUE,0
119000000000,119,local_for_veh_6,veh_6,veh_6,LOCAL,4000000000,DIAGNOSTIC_SYNTHETIC_VALUE,0
119000000000,119,local_for_veh_7,veh_7,veh_7,LOCAL,4000000000,DIAGNOSTIC_SYNTHETIC_VALUE,0
119000000000,119,local_for_veh_8,veh_8,veh_8,LOCAL,4000000000,DIAGNOSTIC_SYNTHETIC_VALUE,0
119000000000,119,local_for_veh_9,veh_9,veh_9,LOCAL,4000000000,DIAGNOSTIC_SYNTHETIC_VALUE,0
119000000000,119,local_for_veh_10,veh_10,veh_10,LOCAL,4000000000,DIAGNOSTIC_SYNTHETIC_VALUE,0
119000000000,119,local_for_veh_11,veh_11,veh_11,LOCAL,4000000000,DIAGNOSTIC_SYNTHETIC_VALUE,0
120000000000,120,local_for_veh_0,veh_0,veh_0,LOCAL,4000000000,DIAGNOSTIC_SYNTHETIC_VALUE,0
120000000000,120,local_for_veh_1,veh_1,veh_1,LOCAL,4000000000,DIAGNOSTIC_SYNTHETIC_VALUE,0
120000000000,120,local_for_veh_2,veh_2,veh_2,LOCAL,4000000000,DIAGNOSTIC_SYNTHETIC_VALUE,0
120000000000,120,local_for_veh_3,veh_3,veh_3,LOCAL,4000000000,DIAGNOSTIC_SYNTHETIC_VALUE,0
120000000000,120,local_for_veh_4,veh_4,veh_4,LOCAL,4000000000,DIAGNOSTIC_SYNTHETIC_VALUE,0
120000000000,120,local_for_veh_5,veh_5,veh_5,LOCAL,4000000000,DIAGNOSTIC_SYNTHETIC_VALUE,0
120000000000,120,local_for_veh_6,veh_6,veh_6,LOCAL,4000000000,DIAGNOSTIC_SYNTHETIC_VALUE,0
120000000000,120,local_for_veh_7,veh_7,veh_7,LOCAL,4000000000,DIAGNOSTIC_SYNTHETIC_VALUE,0
120000000000,120,local_for_veh_8,veh_8,veh_8,LOCAL,4000000000,DIAGNOSTIC_SYNTHETIC_VALUE,0
120000000000,120,local_for_veh_9,veh_9,veh_9,LOCAL,4000000000,DIAGNOSTIC_SYNTHETIC_VALUE,0
120000000000,120,local_for_veh_10,veh_10,veh_10,LOCAL,4000000000,DIAGNOSTIC_SYNTHETIC_VALUE,0
120000000000,120,local_for_veh_11,veh_11,veh_11,LOCAL,4000000000,DIAGNOSTIC_SYNTHETIC_VALUE,0
121000000000,121,local_for_veh_0,veh_0,veh_0,LOCAL,4000000000,DIAGNOSTIC_SYNTHETIC_VALUE,0
121000000000,121,local_for_veh_1,veh_1,veh_1,LOCAL,4000000000,DIAGNOSTIC_SYNTHETIC_VALUE,0
121000000000,121,local_for_veh_2,veh_2,veh_2,LOCAL,4000000000,DIAGNOSTIC_SYNTHETIC_VALUE,0
121000000000,121,local_for_veh_3,veh_3,veh_3,LOCAL,4000000000,DIAGNOSTIC_SYNTHETIC_VALUE,0
121000000000,121,local_for_veh_4,veh_4,veh_4,LOCAL,4000000000,DIAGNOSTIC_SYNTHETIC_VALUE,0
121000000000,121,local_for_veh_5,veh_5,veh_5,LOCAL,4000000000,DIAGNOSTIC_SYNTHETIC_VALUE,0
121000000000,121,local_for_veh_6,veh_6,veh_6,LOCAL,4000000000,DIAGNOSTIC_SYNTHETIC_VALUE,0
121000000000,121,local_for_veh_7,veh_7,veh_7,LOCAL,4000000000,DIAGNOSTIC_SYNTHETIC_VALUE,0
121000000000,121,local_for_veh_8,veh_8,veh_8,LOCAL,4000000000,DIAGNOSTIC_SYNTHETIC_VALUE,0
121000000000,121,local_for_veh_9,veh_9,veh_9,LOCAL,4000000000,DIAGNOSTIC_SYNTHETIC_VALUE,0
121000000000,121,local_for_veh_10,veh_10,veh_10,LOCAL,4000000000,DIAGNOSTIC_SYNTHETIC_VALUE,0
121000000000,121,local_for_veh_11,veh_11,veh_11,LOCAL,4000000000,DIAGNOSTIC_SYNTHETIC_VALUE,0
122000000000,122,local_for_veh_0,veh_0,veh_0,LOCAL,4000000000,DIAGNOSTIC_SYNTHETIC_VALUE,0
122000000000,122,local_for_veh_1,veh_1,veh_1,LOCAL,4000000000,DIAGNOSTIC_SYNTHETIC_VALUE,0
122000000000,122,local_for_veh_2,veh_2,veh_2,LOCAL,4000000000,DIAGNOSTIC_SYNTHETIC_VALUE,0
122000000000,122,local_for_veh_3,veh_3,veh_3,LOCAL,4000000000,DIAGNOSTIC_SYNTHETIC_VALUE,0
122000000000,122,local_for_veh_4,veh_4,veh_4,LOCAL,4000000000,DIAGNOSTIC_SYNTHETIC_VALUE,0
122000000000,122,local_for_veh_5,veh_5,veh_5,LOCAL,4000000000,DIAGNOSTIC_SYNTHETIC_VALUE,0
122000000000,122,local_for_veh_6,veh_6,veh_6,LOCAL,4000000000,DIAGNOSTIC_SYNTHETIC_VALUE,0
122000000000,122,local_for_veh_7,veh_7,veh_7,LOCAL,4000000000,DIAGNOSTIC_SYNTHETIC_VALUE,0
122000000000,122,local_for_veh_8,veh_8,veh_8,LOCAL,4000000000,DIAGNOSTIC_SYNTHETIC_VALUE,0
122000000000,122,local_for_veh_9,veh_9,veh_9,LOCAL,4000000000,DIAGNOSTIC_SYNTHETIC_VALUE,0
122000000000,122,local_for_veh_10,veh_10,veh_10,LOCAL,4000000000,DIAGNOSTIC_SYNTHETIC_VALUE,0
122000000000,122,local_for_veh_11,veh_11,veh_11,LOCAL,4000000000,DIAGNOSTIC_SYNTHETIC_VALUE,0
123000000000,123,local_for_veh_0,veh_0,veh_0,LOCAL,4000000000,DIAGNOSTIC_SYNTHETIC_VALUE,0
123000000000,123,local_for_veh_1,veh_1,veh_1,LOCAL,4000000000,DIAGNOSTIC_SYNTHETIC_VALUE,0
123000000000,123,local_for_veh_2,veh_2,veh_2,LOCAL,4000000000,DIAGNOSTIC_SYNTHETIC_VALUE,0
123000000000,123,local_for_veh_3,veh_3,veh_3,LOCAL,4000000000,DIAGNOSTIC_SYNTHETIC_VALUE,0
123000000000,123,local_for_veh_4,veh_4,veh_4,LOCAL,4000000000,DIAGNOSTIC_SYNTHETIC_VALUE,0
123000000000,123,local_for_veh_5,veh_5,veh_5,LOCAL,4000000000,DIAGNOSTIC_SYNTHETIC_VALUE,0
123000000000,123,local_for_veh_6,veh_6,veh_6,LOCAL,4000000000,DIAGNOSTIC_SYNTHETIC_VALUE,0
123000000000,123,local_for_veh_7,veh_7,veh_7,LOCAL,4000000000,DIAGNOSTIC_SYNTHETIC_VALUE,0
123000000000,123,local_for_veh_8,veh_8,veh_8,LOCAL,4000000000,DIAGNOSTIC_SYNTHETIC_VALUE,0
123000000000,123,local_for_veh_9,veh_9,veh_9,LOCAL,4000000000,DIAGNOSTIC_SYNTHETIC_VALUE,0
123000000000,123,local_for_veh_10,veh_10,veh_10,LOCAL,4000000000,DIAGNOSTIC_SYNTHETIC_VALUE,0
123000000000,123,local_for_veh_11,veh_11,veh_11,LOCAL,4000000000,DIAGNOSTIC_SYNTHETIC_VALUE,0
124000000000,124,local_for_veh_0,veh_0,veh_0,LOCAL,4000000000,DIAGNOSTIC_SYNTHETIC_VALUE,0
124000000000,124,local_for_veh_1,veh_1,veh_1,LOCAL,4000000000,DIAGNOSTIC_SYNTHETIC_VALUE,0
124000000000,124,local_for_veh_2,veh_2,veh_2,LOCAL,4000000000,DIAGNOSTIC_SYNTHETIC_VALUE,0
124000000000,124,local_for_veh_3,veh_3,veh_3,LOCAL,4000000000,DIAGNOSTIC_SYNTHETIC_VALUE,0
124000000000,124,local_for_veh_4,veh_4,veh_4,LOCAL,4000000000,DIAGNOSTIC_SYNTHETIC_VALUE,0
124000000000,124,local_for_veh_5,veh_5,veh_5,LOCAL,4000000000,DIAGNOSTIC_SYNTHETIC_VALUE,0
124000000000,124,local_for_veh_6,veh_6,veh_6,LOCAL,4000000000,DIAGNOSTIC_SYNTHETIC_VALUE,0
124000000000,124,local_for_veh_7,veh_7,veh_7,LOCAL,4000000000,DIAGNOSTIC_SYNTHETIC_VALUE,0
124000000000,124,local_for_veh_8,veh_8,veh_8,LOCAL,4000000000,DIAGNOSTIC_SYNTHETIC_VALUE,0
124000000000,124,local_for_veh_9,veh_9,veh_9,LOCAL,4000000000,DIAGNOSTIC_SYNTHETIC_VALUE,0
124000000000,124,local_for_veh_10,veh_10,veh_10,LOCAL,4000000000,DIAGNOSTIC_SYNTHETIC_VALUE,0
124000000000,124,local_for_veh_11,veh_11,veh_11,LOCAL,4000000000,DIAGNOSTIC_SYNTHETIC_VALUE,0
125000000000,125,local_for_veh_0,veh_0,veh_0,LOCAL,4000000000,DIAGNOSTIC_SYNTHETIC_VALUE,0
125000000000,125,local_for_veh_1,veh_1,veh_1,LOCAL,4000000000,DIAGNOSTIC_SYNTHETIC_VALUE,0
125000000000,125,local_for_veh_2,veh_2,veh_2,LOCAL,4000000000,DIAGNOSTIC_SYNTHETIC_VALUE,0
125000000000,125,local_for_veh_3,veh_3,veh_3,LOCAL,4000000000,DIAGNOSTIC_SYNTHETIC_VALUE,0
125000000000,125,local_for_veh_4,veh_4,veh_4,LOCAL,4000000000,DIAGNOSTIC_SYNTHETIC_VALUE,0
125000000000,125,local_for_veh_5,veh_5,veh_5,LOCAL,4000000000,DIAGNOSTIC_SYNTHETIC_VALUE,0
125000000000,125,local_for_veh_6,veh_6,veh_6,LOCAL,4000000000,DIAGNOSTIC_SYNTHETIC_VALUE,0
125000000000,125,local_for_veh_7,veh_7,veh_7,LOCAL,4000000000,DIAGNOSTIC_SYNTHETIC_VALUE,0
125000000000,125,local_for_veh_8,veh_8,veh_8,LOCAL,4000000000,DIAGNOSTIC_SYNTHETIC_VALUE,0
125000000000,125,local_for_veh_9,veh_9,veh_9,LOCAL,4000000000,DIAGNOSTIC_SYNTHETIC_VALUE,0
125000000000,125,local_for_veh_10,veh_10,veh_10,LOCAL,4000000000,DIAGNOSTIC_SYNTHETIC_VALUE,0
125000000000,125,local_for_veh_11,veh_11,veh_11,LOCAL,4000000000,DIAGNOSTIC_SYNTHETIC_VALUE,0
126000000000,126,local_for_veh_0,veh_0,veh_0,LOCAL,4000000000,DIAGNOSTIC_SYNTHETIC_VALUE,0
126000000000,126,local_for_veh_1,veh_1,veh_1,LOCAL,4000000000,DIAGNOSTIC_SYNTHETIC_VALUE,0
126000000000,126,local_for_veh_2,veh_2,veh_2,LOCAL,4000000000,DIAGNOSTIC_SYNTHETIC_VALUE,0
126000000000,126,local_for_veh_3,veh_3,veh_3,LOCAL,4000000000,DIAGNOSTIC_SYNTHETIC_VALUE,0
126000000000,126,local_for_veh_4,veh_4,veh_4,LOCAL,4000000000,DIAGNOSTIC_SYNTHETIC_VALUE,0
126000000000,126,local_for_veh_5,veh_5,veh_5,LOCAL,4000000000,DIAGNOSTIC_SYNTHETIC_VALUE,0
126000000000,126,local_for_veh_6,veh_6,veh_6,LOCAL,4000000000,DIAGNOSTIC_SYNTHETIC_VALUE,0
126000000000,126,local_for_veh_7,veh_7,veh_7,LOCAL,4000000000,DIAGNOSTIC_SYNTHETIC_VALUE,0
126000000000,126,local_for_veh_8,veh_8,veh_8,LOCAL,4000000000,DIAGNOSTIC_SYNTHETIC_VALUE,0
126000000000,126,local_for_veh_9,veh_9,veh_9,LOCAL,4000000000,DIAGNOSTIC_SYNTHETIC_VALUE,0
126000000000,126,local_for_veh_10,veh_10,veh_10,LOCAL,4000000000,DIAGNOSTIC_SYNTHETIC_VALUE,0
126000000000,126,local_for_veh_11,veh_11,veh_11,LOCAL,4000000000,DIAGNOSTIC_SYNTHETIC_VALUE,0
127000000000,127,local_for_veh_0,veh_0,veh_0,LOCAL,4000000000,DIAGNOSTIC_SYNTHETIC_VALUE,0
127000000000,127,local_for_veh_1,veh_1,veh_1,LOCAL,4000000000,DIAGNOSTIC_SYNTHETIC_VALUE,0
127000000000,127,local_for_veh_2,veh_2,veh_2,LOCAL,4000000000,DIAGNOSTIC_SYNTHETIC_VALUE,0
127000000000,127,local_for_veh_3,veh_3,veh_3,LOCAL,4000000000,DIAGNOSTIC_SYNTHETIC_VALUE,0
127000000000,127,local_for_veh_4,veh_4,veh_4,LOCAL,4000000000,DIAGNOSTIC_SYNTHETIC_VALUE,0
127000000000,127,local_for_veh_5,veh_5,veh_5,LOCAL,4000000000,DIAGNOSTIC_SYNTHETIC_VALUE,0
127000000000,127,local_for_veh_6,veh_6,veh_6,LOCAL,4000000000,DIAGNOSTIC_SYNTHETIC_VALUE,0
127000000000,127,local_for_veh_7,veh_7,veh_7,LOCAL,4000000000,DIAGNOSTIC_SYNTHETIC_VALUE,0
127000000000,127,local_for_veh_8,veh_8,veh_8,LOCAL,4000000000,DIAGNOSTIC_SYNTHETIC_VALUE,0
127000000000,127,local_for_veh_9,veh_9,veh_9,LOCAL,4000000000,DIAGNOSTIC_SYNTHETIC_VALUE,0
127000000000,127,local_for_veh_10,veh_10,veh_10,LOCAL,4000000000,DIAGNOSTIC_SYNTHETIC_VALUE,0
127000000000,127,local_for_veh_11,veh_11,veh_11,LOCAL,4000000000,DIAGNOSTIC_SYNTHETIC_VALUE,0
128000000000,128,local_for_veh_0,veh_0,veh_0,LOCAL,4000000000,DIAGNOSTIC_SYNTHETIC_VALUE,0
128000000000,128,local_for_veh_1,veh_1,veh_1,LOCAL,4000000000,DIAGNOSTIC_SYNTHETIC_VALUE,0
128000000000,128,local_for_veh_2,veh_2,veh_2,LOCAL,4000000000,DIAGNOSTIC_SYNTHETIC_VALUE,0
128000000000,128,local_for_veh_3,veh_3,veh_3,LOCAL,4000000000,DIAGNOSTIC_SYNTHETIC_VALUE,0
128000000000,128,local_for_veh_4,veh_4,veh_4,LOCAL,4000000000,DIAGNOSTIC_SYNTHETIC_VALUE,0
128000000000,128,local_for_veh_5,veh_5,veh_5,LOCAL,4000000000,DIAGNOSTIC_SYNTHETIC_VALUE,0
128000000000,128,local_for_veh_6,veh_6,veh_6,LOCAL,4000000000,DIAGNOSTIC_SYNTHETIC_VALUE,0
128000000000,128,local_for_veh_7,veh_7,veh_7,LOCAL,4000000000,DIAGNOSTIC_SYNTHETIC_VALUE,0
128000000000,128,local_for_veh_8,veh_8,veh_8,LOCAL,4000000000,DIAGNOSTIC_SYNTHETIC_VALUE,0
128000000000,128,local_for_veh_9,veh_9,veh_9,LOCAL,4000000000,DIAGNOSTIC_SYNTHETIC_VALUE,0
128000000000,128,local_for_veh_10,veh_10,veh_10,LOCAL,4000000000,DIAGNOSTIC_SYNTHETIC_VALUE,0
128000000000,128,local_for_veh_11,veh_11,veh_11,LOCAL,4000000000,DIAGNOSTIC_SYNTHETIC_VALUE,0
129000000000,129,local_for_veh_0,veh_0,veh_0,LOCAL,4000000000,DIAGNOSTIC_SYNTHETIC_VALUE,0
129000000000,129,local_for_veh_1,veh_1,veh_1,LOCAL,4000000000,DIAGNOSTIC_SYNTHETIC_VALUE,0
129000000000,129,local_for_veh_2,veh_2,veh_2,LOCAL,4000000000,DIAGNOSTIC_SYNTHETIC_VALUE,0
129000000000,129,local_for_veh_3,veh_3,veh_3,LOCAL,4000000000,DIAGNOSTIC_SYNTHETIC_VALUE,0
129000000000,129,local_for_veh_4,veh_4,veh_4,LOCAL,4000000000,DIAGNOSTIC_SYNTHETIC_VALUE,0
129000000000,129,local_for_veh_5,veh_5,veh_5,LOCAL,4000000000,DIAGNOSTIC_SYNTHETIC_VALUE,0
129000000000,129,local_for_veh_6,veh_6,veh_6,LOCAL,4000000000,DIAGNOSTIC_SYNTHETIC_VALUE,0
129000000000,129,local_for_veh_7,veh_7,veh_7,LOCAL,4000000000,DIAGNOSTIC_SYNTHETIC_VALUE,0
129000000000,129,local_for_veh_8,veh_8,veh_8,LOCAL,4000000000,DIAGNOSTIC_SYNTHETIC_VALUE,0
129000000000,129,local_for_veh_9,veh_9,veh_9,LOCAL,4000000000,DIAGNOSTIC_SYNTHETIC_VALUE,0
129000000000,129,local_for_veh_10,veh_10,veh_10,LOCAL,4000000000,DIAGNOSTIC_SYNTHETIC_VALUE,0
129000000000,129,local_for_veh_11,veh_11,veh_11,LOCAL,4000000000,DIAGNOSTIC_SYNTHETIC_VALUE,0
130000000000,130,local_for_veh_0,veh_0,veh_0,LOCAL,4000000000,DIAGNOSTIC_SYNTHETIC_VALUE,0
130000000000,130,local_for_veh_1,veh_1,veh_1,LOCAL,4000000000,DIAGNOSTIC_SYNTHETIC_VALUE,0
130000000000,130,local_for_veh_2,veh_2,veh_2,LOCAL,4000000000,DIAGNOSTIC_SYNTHETIC_VALUE,0
130000000000,130,local_for_veh_3,veh_3,veh_3,LOCAL,4000000000,DIAGNOSTIC_SYNTHETIC_VALUE,0
130000000000,130,local_for_veh_4,veh_4,veh_4,LOCAL,4000000000,DIAGNOSTIC_SYNTHETIC_VALUE,0
130000000000,130,local_for_veh_5,veh_5,veh_5,LOCAL,4000000000,DIAGNOSTIC_SYNTHETIC_VALUE,0
130000000000,130,local_for_veh_6,veh_6,veh_6,LOCAL,4000000000,DIAGNOSTIC_SYNTHETIC_VALUE,0
130000000000,130,local_for_veh_7,veh_7,veh_7,LOCAL,4000000000,DIAGNOSTIC_SYNTHETIC_VALUE,0
130000000000,130,local_for_veh_8,veh_8,veh_8,LOCAL,4000000000,DIAGNOSTIC_SYNTHETIC_VALUE,0
130000000000,130,local_for_veh_9,veh_9,veh_9,LOCAL,4000000000,DIAGNOSTIC_SYNTHETIC_VALUE,0
130000000000,130,local_for_veh_10,veh_10,veh_10,LOCAL,4000000000,DIAGNOSTIC_SYNTHETIC_VALUE,0
130000000000,130,local_for_veh_11,veh_11,veh_11,LOCAL,4000000000,DIAGNOSTIC_SYNTHETIC_VALUE,0
131000000000,131,local_for_veh_0,veh_0,veh_0,LOCAL,4000000000,DIAGNOSTIC_SYNTHETIC_VALUE,0
131000000000,131,local_for_veh_1,veh_1,veh_1,LOCAL,4000000000,DIAGNOSTIC_SYNTHETIC_VALUE,0
131000000000,131,local_for_veh_2,veh_2,veh_2,LOCAL,4000000000,DIAGNOSTIC_SYNTHETIC_VALUE,0
131000000000,131,local_for_veh_3,veh_3,veh_3,LOCAL,4000000000,DIAGNOSTIC_SYNTHETIC_VALUE,0
131000000000,131,local_for_veh_4,veh_4,veh_4,LOCAL,4000000000,DIAGNOSTIC_SYNTHETIC_VALUE,0
131000000000,131,local_for_veh_5,veh_5,veh_5,LOCAL,4000000000,DIAGNOSTIC_SYNTHETIC_VALUE,0
131000000000,131,local_for_veh_6,veh_6,veh_6,LOCAL,4000000000,DIAGNOSTIC_SYNTHETIC_VALUE,0
131000000000,131,local_for_veh_7,veh_7,veh_7,LOCAL,4000000000,DIAGNOSTIC_SYNTHETIC_VALUE,0
131000000000,131,local_for_veh_8,veh_8,veh_8,LOCAL,4000000000,DIAGNOSTIC_SYNTHETIC_VALUE,0
131000000000,131,local_for_veh_9,veh_9,veh_9,LOCAL,4000000000,DIAGNOSTIC_SYNTHETIC_VALUE,0
131000000000,131,local_for_veh_10,veh_10,veh_10,LOCAL,4000000000,DIAGNOSTIC_SYNTHETIC_VALUE,0
131000000000,131,local_for_veh_11,veh_11,veh_11,LOCAL,4000000000,DIAGNOSTIC_SYNTHETIC_VALUE,0
132000000000,132,local_for_veh_0,veh_0,veh_0,LOCAL,4000000000,DIAGNOSTIC_SYNTHETIC_VALUE,0
132000000000,132,local_for_veh_1,veh_1,veh_1,LOCAL,4000000000,DIAGNOSTIC_SYNTHETIC_VALUE,0
132000000000,132,local_for_veh_2,veh_2,veh_2,LOCAL,4000000000,DIAGNOSTIC_SYNTHETIC_VALUE,0
132000000000,132,local_for_veh_3,veh_3,veh_3,LOCAL,4000000000,DIAGNOSTIC_SYNTHETIC_VALUE,0
132000000000,132,local_for_veh_4,veh_4,veh_4,LOCAL,4000000000,DIAGNOSTIC_SYNTHETIC_VALUE,0
132000000000,132,local_for_veh_5,veh_5,veh_5,LOCAL,4000000000,DIAGNOSTIC_SYNTHETIC_VALUE,0
132000000000,132,local_for_veh_6,veh_6,veh_6,LOCAL,4000000000,DIAGNOSTIC_SYNTHETIC_VALUE,0
132000000000,132,local_for_veh_7,veh_7,veh_7,LOCAL,4000000000,DIAGNOSTIC_SYNTHETIC_VALUE,0
132000000000,132,local_for_veh_8,veh_8,veh_8,LOCAL,4000000000,DIAGNOSTIC_SYNTHETIC_VALUE,0
132000000000,132,local_for_veh_9,veh_9,veh_9,LOCAL,4000000000,DIAGNOSTIC_SYNTHETIC_VALUE,0
132000000000,132,local_for_veh_10,veh_10,veh_10,LOCAL,4000000000,DIAGNOSTIC_SYNTHETIC_VALUE,0
132000000000,132,local_for_veh_11,veh_11,veh_11,LOCAL,4000000000,DIAGNOSTIC_SYNTHETIC_VALUE,0
133000000000,133,local_for_veh_0,veh_0,veh_0,LOCAL,4000000000,DIAGNOSTIC_SYNTHETIC_VALUE,0
133000000000,133,local_for_veh_1,veh_1,veh_1,LOCAL,4000000000,DIAGNOSTIC_SYNTHETIC_VALUE,0
133000000000,133,local_for_veh_2,veh_2,veh_2,LOCAL,4000000000,DIAGNOSTIC_SYNTHETIC_VALUE,0
133000000000,133,local_for_veh_3,veh_3,veh_3,LOCAL,4000000000,DIAGNOSTIC_SYNTHETIC_VALUE,0
133000000000,133,local_for_veh_4,veh_4,veh_4,LOCAL,4000000000,DIAGNOSTIC_SYNTHETIC_VALUE,0
133000000000,133,local_for_veh_5,veh_5,veh_5,LOCAL,4000000000,DIAGNOSTIC_SYNTHETIC_VALUE,0
133000000000,133,local_for_veh_6,veh_6,veh_6,LOCAL,4000000000,DIAGNOSTIC_SYNTHETIC_VALUE,0
133000000000,133,local_for_veh_7,veh_7,veh_7,LOCAL,4000000000,DIAGNOSTIC_SYNTHETIC_VALUE,0
133000000000,133,local_for_veh_8,veh_8,veh_8,LOCAL,4000000000,DIAGNOSTIC_SYNTHETIC_VALUE,0
133000000000,133,local_for_veh_9,veh_9,veh_9,LOCAL,4000000000,DIAGNOSTIC_SYNTHETIC_VALUE,0
133000000000,133,local_for_veh_10,veh_10,veh_10,LOCAL,4000000000,DIAGNOSTIC_SYNTHETIC_VALUE,0
133000000000,133,local_for_veh_11,veh_11,veh_11,LOCAL,4000000000,DIAGNOSTIC_SYNTHETIC_VALUE,0
134000000000,134,local_for_veh_0,veh_0,veh_0,LOCAL,4000000000,DIAGNOSTIC_SYNTHETIC_VALUE,0
134000000000,134,local_for_veh_1,veh_1,veh_1,LOCAL,4000000000,DIAGNOSTIC_SYNTHETIC_VALUE,0
134000000000,134,local_for_veh_2,veh_2,veh_2,LOCAL,4000000000,DIAGNOSTIC_SYNTHETIC_VALUE,0
134000000000,134,local_for_veh_3,veh_3,veh_3,LOCAL,4000000000,DIAGNOSTIC_SYNTHETIC_VALUE,0
134000000000,134,local_for_veh_4,veh_4,veh_4,LOCAL,4000000000,DIAGNOSTIC_SYNTHETIC_VALUE,0
134000000000,134,local_for_veh_5,veh_5,veh_5,LOCAL,4000000000,DIAGNOSTIC_SYNTHETIC_VALUE,0
134000000000,134,local_for_veh_6,veh_6,veh_6,LOCAL,4000000000,DIAGNOSTIC_SYNTHETIC_VALUE,0
134000000000,134,local_for_veh_7,veh_7,veh_7,LOCAL,4000000000,DIAGNOSTIC_SYNTHETIC_VALUE,0
134000000000,134,local_for_veh_8,veh_8,veh_8,LOCAL,4000000000,DIAGNOSTIC_SYNTHETIC_VALUE,0
134000000000,134,local_for_veh_9,veh_9,veh_9,LOCAL,4000000000,DIAGNOSTIC_SYNTHETIC_VALUE,0
134000000000,134,local_for_veh_10,veh_10,veh_10,LOCAL,4000000000,DIAGNOSTIC_SYNTHETIC_VALUE,0
134000000000,134,local_for_veh_11,veh_11,veh_11,LOCAL,4000000000,DIAGNOSTIC_SYNTHETIC_VALUE,0
135000000000,135,local_for_veh_0,veh_0,veh_0,LOCAL,4000000000,DIAGNOSTIC_SYNTHETIC_VALUE,0
135000000000,135,local_for_veh_1,veh_1,veh_1,LOCAL,4000000000,DIAGNOSTIC_SYNTHETIC_VALUE,0
135000000000,135,local_for_veh_2,veh_2,veh_2,LOCAL,4000000000,DIAGNOSTIC_SYNTHETIC_VALUE,0
135000000000,135,local_for_veh_3,veh_3,veh_3,LOCAL,4000000000,DIAGNOSTIC_SYNTHETIC_VALUE,0
135000000000,135,local_for_veh_4,veh_4,veh_4,LOCAL,4000000000,DIAGNOSTIC_SYNTHETIC_VALUE,0
135000000000,135,local_for_veh_5,veh_5,veh_5,LOCAL,4000000000,DIAGNOSTIC_SYNTHETIC_VALUE,0
135000000000,135,local_for_veh_6,veh_6,veh_6,LOCAL,4000000000,DIAGNOSTIC_SYNTHETIC_VALUE,0
135000000000,135,local_for_veh_7,veh_7,veh_7,LOCAL,4000000000,DIAGNOSTIC_SYNTHETIC_VALUE,0
135000000000,135,local_for_veh_8,veh_8,veh_8,LOCAL,4000000000,DIAGNOSTIC_SYNTHETIC_VALUE,0
135000000000,135,local_for_veh_9,veh_9,veh_9,LOCAL,4000000000,DIAGNOSTIC_SYNTHETIC_VALUE,0
135000000000,135,local_for_veh_10,veh_10,veh_10,LOCAL,4000000000,DIAGNOSTIC_SYNTHETIC_VALUE,0
135000000000,135,local_for_veh_11,veh_11,veh_11,LOCAL,4000000000,DIAGNOSTIC_SYNTHETIC_VALUE,0
136000000000,136,local_for_veh_0,veh_0,veh_0,LOCAL,4000000000,DIAGNOSTIC_SYNTHETIC_VALUE,0
136000000000,136,local_for_veh_1,veh_1,veh_1,LOCAL,4000000000,DIAGNOSTIC_SYNTHETIC_VALUE,0
136000000000,136,local_for_veh_2,veh_2,veh_2,LOCAL,4000000000,DIAGNOSTIC_SYNTHETIC_VALUE,0
136000000000,136,local_for_veh_3,veh_3,veh_3,LOCAL,4000000000,DIAGNOSTIC_SYNTHETIC_VALUE,0
136000000000,136,local_for_veh_4,veh_4,veh_4,LOCAL,4000000000,DIAGNOSTIC_SYNTHETIC_VALUE,0
136000000000,136,local_for_veh_5,veh_5,veh_5,LOCAL,4000000000,DIAGNOSTIC_SYNTHETIC_VALUE,0
136000000000,136,local_for_veh_6,veh_6,veh_6,LOCAL,4000000000,DIAGNOSTIC_SYNTHETIC_VALUE,0
136000000000,136,local_for_veh_7,veh_7,veh_7,LOCAL,4000000000,DIAGNOSTIC_SYNTHETIC_VALUE,0
136000000000,136,local_for_veh_8,veh_8,veh_8,LOCAL,4000000000,DIAGNOSTIC_SYNTHETIC_VALUE,0
136000000000,136,local_for_veh_9,veh_9,veh_9,LOCAL,4000000000,DIAGNOSTIC_SYNTHETIC_VALUE,0
136000000000,136,local_for_veh_10,veh_10,veh_10,LOCAL,4000000000,DIAGNOSTIC_SYNTHETIC_VALUE,0
136000000000,136,local_for_veh_11,veh_11,veh_11,LOCAL,4000000000,DIAGNOSTIC_SYNTHETIC_VALUE,0
137000000000,137,local_for_veh_0,veh_0,veh_0,LOCAL,4000000000,DIAGNOSTIC_SYNTHETIC_VALUE,0
137000000000,137,local_for_veh_1,veh_1,veh_1,LOCAL,4000000000,DIAGNOSTIC_SYNTHETIC_VALUE,0
137000000000,137,local_for_veh_2,veh_2,veh_2,LOCAL,4000000000,DIAGNOSTIC_SYNTHETIC_VALUE,0
137000000000,137,local_for_veh_3,veh_3,veh_3,LOCAL,4000000000,DIAGNOSTIC_SYNTHETIC_VALUE,0
137000000000,137,local_for_veh_4,veh_4,veh_4,LOCAL,4000000000,DIAGNOSTIC_SYNTHETIC_VALUE,0
137000000000,137,local_for_veh_5,veh_5,veh_5,LOCAL,4000000000,DIAGNOSTIC_SYNTHETIC_VALUE,0
137000000000,137,local_for_veh_6,veh_6,veh_6,LOCAL,4000000000,DIAGNOSTIC_SYNTHETIC_VALUE,0
137000000000,137,local_for_veh_7,veh_7,veh_7,LOCAL,4000000000,DIAGNOSTIC_SYNTHETIC_VALUE,0
137000000000,137,local_for_veh_8,veh_8,veh_8,LOCAL,4000000000,DIAGNOSTIC_SYNTHETIC_VALUE,0
137000000000,137,local_for_veh_9,veh_9,veh_9,LOCAL,4000000000,DIAGNOSTIC_SYNTHETIC_VALUE,0
137000000000,137,local_for_veh_10,veh_10,veh_10,LOCAL,4000000000,DIAGNOSTIC_SYNTHETIC_VALUE,0
137000000000,137,local_for_veh_11,veh_11,veh_11,LOCAL,4000000000,DIAGNOSTIC_SYNTHETIC_VALUE,0
138000000000,138,local_for_veh_0,veh_0,veh_0,LOCAL,4000000000,DIAGNOSTIC_SYNTHETIC_VALUE,0
138000000000,138,local_for_veh_1,veh_1,veh_1,LOCAL,4000000000,DIAGNOSTIC_SYNTHETIC_VALUE,0
138000000000,138,local_for_veh_2,veh_2,veh_2,LOCAL,4000000000,DIAGNOSTIC_SYNTHETIC_VALUE,0
138000000000,138,local_for_veh_3,veh_3,veh_3,LOCAL,4000000000,DIAGNOSTIC_SYNTHETIC_VALUE,0
138000000000,138,local_for_veh_4,veh_4,veh_4,LOCAL,4000000000,DIAGNOSTIC_SYNTHETIC_VALUE,0
138000000000,138,local_for_veh_5,veh_5,veh_5,LOCAL,4000000000,DIAGNOSTIC_SYNTHETIC_VALUE,0
138000000000,138,local_for_veh_6,veh_6,veh_6,LOCAL,4000000000,DIAGNOSTIC_SYNTHETIC_VALUE,0
138000000000,138,local_for_veh_7,veh_7,veh_7,LOCAL,4000000000,DIAGNOSTIC_SYNTHETIC_VALUE,0
138000000000,138,local_for_veh_8,veh_8,veh_8,LOCAL,4000000000,DIAGNOSTIC_SYNTHETIC_VALUE,0
138000000000,138,local_for_veh_9,veh_9,veh_9,LOCAL,4000000000,DIAGNOSTIC_SYNTHETIC_VALUE,0
138000000000,138,local_for_veh_10,veh_10,veh_10,LOCAL,4000000000,DIAGNOSTIC_SYNTHETIC_VALUE,0
138000000000,138,local_for_veh_11,veh_11,veh_11,LOCAL,4000000000,DIAGNOSTIC_SYNTHETIC_VALUE,0
139000000000,139,local_for_veh_0,veh_0,veh_0,LOCAL,4000000000,DIAGNOSTIC_SYNTHETIC_VALUE,0
139000000000,139,local_for_veh_1,veh_1,veh_1,LOCAL,4000000000,DIAGNOSTIC_SYNTHETIC_VALUE,0
139000000000,139,local_for_veh_2,veh_2,veh_2,LOCAL,4000000000,DIAGNOSTIC_SYNTHETIC_VALUE,0
139000000000,139,local_for_veh_3,veh_3,veh_3,LOCAL,4000000000,DIAGNOSTIC_SYNTHETIC_VALUE,0
139000000000,139,local_for_veh_4,veh_4,veh_4,LOCAL,4000000000,DIAGNOSTIC_SYNTHETIC_VALUE,0
139000000000,139,local_for_veh_5,veh_5,veh_5,LOCAL,4000000000,DIAGNOSTIC_SYNTHETIC_VALUE,0
139000000000,139,local_for_veh_6,veh_6,veh_6,LOCAL,4000000000,DIAGNOSTIC_SYNTHETIC_VALUE,0
139000000000,139,local_for_veh_7,veh_7,veh_7,LOCAL,4000000000,DIAGNOSTIC_SYNTHETIC_VALUE,0
139000000000,139,local_for_veh_8,veh_8,veh_8,LOCAL,4000000000,DIAGNOSTIC_SYNTHETIC_VALUE,0
139000000000,139,local_for_veh_9,veh_9,veh_9,LOCAL,4000000000,DIAGNOSTIC_SYNTHETIC_VALUE,0
139000000000,139,local_for_veh_10,veh_10,veh_10,LOCAL,4000000000,DIAGNOSTIC_SYNTHETIC_VALUE,0
139000000000,139,local_for_veh_11,veh_11,veh_11,LOCAL,4000000000,DIAGNOSTIC_SYNTHETIC_VALUE,0
140000000000,140,local_for_veh_0,veh_0,veh_0,LOCAL,4000000000,DIAGNOSTIC_SYNTHETIC_VALUE,0
140000000000,140,local_for_veh_1,veh_1,veh_1,LOCAL,4000000000,DIAGNOSTIC_SYNTHETIC_VALUE,0
140000000000,140,local_for_veh_2,veh_2,veh_2,LOCAL,4000000000,DIAGNOSTIC_SYNTHETIC_VALUE,0
140000000000,140,local_for_veh_3,veh_3,veh_3,LOCAL,4000000000,DIAGNOSTIC_SYNTHETIC_VALUE,0
140000000000,140,local_for_veh_4,veh_4,veh_4,LOCAL,4000000000,DIAGNOSTIC_SYNTHETIC_VALUE,0
140000000000,140,local_for_veh_5,veh_5,veh_5,LOCAL,4000000000,DIAGNOSTIC_SYNTHETIC_VALUE,0
140000000000,140,local_for_veh_6,veh_6,veh_6,LOCAL,4000000000,DIAGNOSTIC_SYNTHETIC_VALUE,0
140000000000,140,local_for_veh_7,veh_7,veh_7,LOCAL,4000000000,DIAGNOSTIC_SYNTHETIC_VALUE,0
140000000000,140,local_for_veh_8,veh_8,veh_8,LOCAL,4000000000,DIAGNOSTIC_SYNTHETIC_VALUE,0
140000000000,140,local_for_veh_9,veh_9,veh_9,LOCAL,4000000000,DIAGNOSTIC_SYNTHETIC_VALUE,0
140000000000,140,local_for_veh_10,veh_10,veh_10,LOCAL,4000000000,DIAGNOSTIC_SYNTHETIC_VALUE,0
140000000000,140,local_for_veh_11,veh_11,veh_11,LOCAL,4000000000,DIAGNOSTIC_SYNTHETIC_VALUE,0
141000000000,141,local_for_veh_0,veh_0,veh_0,LOCAL,4000000000,DIAGNOSTIC_SYNTHETIC_VALUE,0
141000000000,141,local_for_veh_1,veh_1,veh_1,LOCAL,4000000000,DIAGNOSTIC_SYNTHETIC_VALUE,0
141000000000,141,local_for_veh_2,veh_2,veh_2,LOCAL,4000000000,DIAGNOSTIC_SYNTHETIC_VALUE,0
141000000000,141,local_for_veh_3,veh_3,veh_3,LOCAL,4000000000,DIAGNOSTIC_SYNTHETIC_VALUE,0
141000000000,141,local_for_veh_4,veh_4,veh_4,LOCAL,4000000000,DIAGNOSTIC_SYNTHETIC_VALUE,0
141000000000,141,local_for_veh_5,veh_5,veh_5,LOCAL,4000000000,DIAGNOSTIC_SYNTHETIC_VALUE,0
141000000000,141,local_for_veh_6,veh_6,veh_6,LOCAL,4000000000,DIAGNOSTIC_SYNTHETIC_VALUE,0
141000000000,141,local_for_veh_7,veh_7,veh_7,LOCAL,4000000000,DIAGNOSTIC_SYNTHETIC_VALUE,0
141000000000,141,local_for_veh_8,veh_8,veh_8,LOCAL,4000000000,DIAGNOSTIC_SYNTHETIC_VALUE,0
141000000000,141,local_for_veh_9,veh_9,veh_9,LOCAL,4000000000,DIAGNOSTIC_SYNTHETIC_VALUE,0
141000000000,141,local_for_veh_10,veh_10,veh_10,LOCAL,4000000000,DIAGNOSTIC_SYNTHETIC_VALUE,0
141000000000,141,local_for_veh_11,veh_11,veh_11,LOCAL,4000000000,DIAGNOSTIC_SYNTHETIC_VALUE,0
142000000000,142,local_for_veh_0,veh_0,veh_0,LOCAL,4000000000,DIAGNOSTIC_SYNTHETIC_VALUE,0
142000000000,142,local_for_veh_1,veh_1,veh_1,LOCAL,4000000000,DIAGNOSTIC_SYNTHETIC_VALUE,0
142000000000,142,local_for_veh_2,veh_2,veh_2,LOCAL,4000000000,DIAGNOSTIC_SYNTHETIC_VALUE,0
142000000000,142,local_for_veh_3,veh_3,veh_3,LOCAL,4000000000,DIAGNOSTIC_SYNTHETIC_VALUE,0
142000000000,142,local_for_veh_4,veh_4,veh_4,LOCAL,4000000000,DIAGNOSTIC_SYNTHETIC_VALUE,0
142000000000,142,local_for_veh_5,veh_5,veh_5,LOCAL,4000000000,DIAGNOSTIC_SYNTHETIC_VALUE,0
142000000000,142,local_for_veh_6,veh_6,veh_6,LOCAL,4000000000,DIAGNOSTIC_SYNTHETIC_VALUE,0
142000000000,142,local_for_veh_7,veh_7,veh_7,LOCAL,4000000000,DIAGNOSTIC_SYNTHETIC_VALUE,0
142000000000,142,local_for_veh_8,veh_8,veh_8,LOCAL,4000000000,DIAGNOSTIC_SYNTHETIC_VALUE,0
142000000000,142,local_for_veh_9,veh_9,veh_9,LOCAL,4000000000,DIAGNOSTIC_SYNTHETIC_VALUE,0
142000000000,142,local_for_veh_10,veh_10,veh_10,LOCAL,4000000000,DIAGNOSTIC_SYNTHETIC_VALUE,0
142000000000,142,local_for_veh_11,veh_11,veh_11,LOCAL,4000000000,DIAGNOSTIC_SYNTHETIC_VALUE,0
143000000000,143,local_for_veh_0,veh_0,veh_0,LOCAL,4000000000,DIAGNOSTIC_SYNTHETIC_VALUE,0
143000000000,143,local_for_veh_1,veh_1,veh_1,LOCAL,4000000000,DIAGNOSTIC_SYNTHETIC_VALUE,0
143000000000,143,local_for_veh_2,veh_2,veh_2,LOCAL,4000000000,DIAGNOSTIC_SYNTHETIC_VALUE,0
143000000000,143,local_for_veh_3,veh_3,veh_3,LOCAL,4000000000,DIAGNOSTIC_SYNTHETIC_VALUE,0
143000000000,143,local_for_veh_4,veh_4,veh_4,LOCAL,4000000000,DIAGNOSTIC_SYNTHETIC_VALUE,0
143000000000,143,local_for_veh_5,veh_5,veh_5,LOCAL,4000000000,DIAGNOSTIC_SYNTHETIC_VALUE,0
143000000000,143,local_for_veh_6,veh_6,veh_6,LOCAL,4000000000,DIAGNOSTIC_SYNTHETIC_VALUE,0
143000000000,143,local_for_veh_7,veh_7,veh_7,LOCAL,4000000000,DIAGNOSTIC_SYNTHETIC_VALUE,0
143000000000,143,local_for_veh_8,veh_8,veh_8,LOCAL,4000000000,DIAGNOSTIC_SYNTHETIC_VALUE,0
143000000000,143,local_for_veh_9,veh_9,veh_9,LOCAL,4000000000,DIAGNOSTIC_SYNTHETIC_VALUE,0
143000000000,143,local_for_veh_10,veh_10,veh_10,LOCAL,4000000000,DIAGNOSTIC_SYNTHETIC_VALUE,0
143000000000,143,local_for_veh_11,veh_11,veh_11,LOCAL,4000000000,DIAGNOSTIC_SYNTHETIC_VALUE,0
144000000000,144,local_for_veh_0,veh_0,veh_0,LOCAL,4000000000,DIAGNOSTIC_SYNTHETIC_VALUE,0
144000000000,144,local_for_veh_1,veh_1,veh_1,LOCAL,4000000000,DIAGNOSTIC_SYNTHETIC_VALUE,0
144000000000,144,local_for_veh_2,veh_2,veh_2,LOCAL,4000000000,DIAGNOSTIC_SYNTHETIC_VALUE,0
144000000000,144,local_for_veh_3,veh_3,veh_3,LOCAL,4000000000,DIAGNOSTIC_SYNTHETIC_VALUE,0
144000000000,144,local_for_veh_4,veh_4,veh_4,LOCAL,4000000000,DIAGNOSTIC_SYNTHETIC_VALUE,0
144000000000,144,local_for_veh_5,veh_5,veh_5,LOCAL,4000000000,DIAGNOSTIC_SYNTHETIC_VALUE,0
144000000000,144,local_for_veh_6,veh_6,veh_6,LOCAL,4000000000,DIAGNOSTIC_SYNTHETIC_VALUE,0
144000000000,144,local_for_veh_7,veh_7,veh_7,LOCAL,4000000000,DIAGNOSTIC_SYNTHETIC_VALUE,0
144000000000,144,local_for_veh_8,veh_8,veh_8,LOCAL,4000000000,DIAGNOSTIC_SYNTHETIC_VALUE,0
144000000000,144,local_for_veh_9,veh_9,veh_9,LOCAL,4000000000,DIAGNOSTIC_SYNTHETIC_VALUE,0
144000000000,144,local_for_veh_10,veh_10,veh_10,LOCAL,4000000000,DIAGNOSTIC_SYNTHETIC_VALUE,0
144000000000,144,local_for_veh_11,veh_11,veh_11,LOCAL,4000000000,DIAGNOSTIC_SYNTHETIC_VALUE,0
145000000000,145,local_for_veh_0,veh_0,veh_0,LOCAL,4000000000,DIAGNOSTIC_SYNTHETIC_VALUE,0
145000000000,145,local_for_veh_1,veh_1,veh_1,LOCAL,4000000000,DIAGNOSTIC_SYNTHETIC_VALUE,0
145000000000,145,local_for_veh_2,veh_2,veh_2,LOCAL,4000000000,DIAGNOSTIC_SYNTHETIC_VALUE,0
145000000000,145,local_for_veh_3,veh_3,veh_3,LOCAL,4000000000,DIAGNOSTIC_SYNTHETIC_VALUE,0
145000000000,145,local_for_veh_4,veh_4,veh_4,LOCAL,4000000000,DIAGNOSTIC_SYNTHETIC_VALUE,0
145000000000,145,local_for_veh_5,veh_5,veh_5,LOCAL,4000000000,DIAGNOSTIC_SYNTHETIC_VALUE,0
145000000000,145,local_for_veh_6,veh_6,veh_6,LOCAL,4000000000,DIAGNOSTIC_SYNTHETIC_VALUE,0
145000000000,145,local_for_veh_7,veh_7,veh_7,LOCAL,4000000000,DIAGNOSTIC_SYNTHETIC_VALUE,0
145000000000,145,local_for_veh_8,veh_8,veh_8,LOCAL,4000000000,DIAGNOSTIC_SYNTHETIC_VALUE,0
145000000000,145,local_for_veh_9,veh_9,veh_9,LOCAL,4000000000,DIAGNOSTIC_SYNTHETIC_VALUE,0
145000000000,145,local_for_veh_10,veh_10,veh_10,LOCAL,4000000000,DIAGNOSTIC_SYNTHETIC_VALUE,0
145000000000,145,local_for_veh_11,veh_11,veh_11,LOCAL,4000000000,DIAGNOSTIC_SYNTHETIC_VALUE,0
146000000000,146,local_for_veh_0,veh_0,veh_0,LOCAL,4000000000,DIAGNOSTIC_SYNTHETIC_VALUE,0
146000000000,146,local_for_veh_1,veh_1,veh_1,LOCAL,4000000000,DIAGNOSTIC_SYNTHETIC_VALUE,0
146000000000,146,local_for_veh_2,veh_2,veh_2,LOCAL,4000000000,DIAGNOSTIC_SYNTHETIC_VALUE,0
146000000000,146,local_for_veh_3,veh_3,veh_3,LOCAL,4000000000,DIAGNOSTIC_SYNTHETIC_VALUE,0
146000000000,146,local_for_veh_4,veh_4,veh_4,LOCAL,4000000000,DIAGNOSTIC_SYNTHETIC_VALUE,0
146000000000,146,local_for_veh_5,veh_5,veh_5,LOCAL,4000000000,DIAGNOSTIC_SYNTHETIC_VALUE,0
146000000000,146,local_for_veh_6,veh_6,veh_6,LOCAL,4000000000,DIAGNOSTIC_SYNTHETIC_VALUE,0
146000000000,146,local_for_veh_7,veh_7,veh_7,LOCAL,4000000000,DIAGNOSTIC_SYNTHETIC_VALUE,0
146000000000,146,local_for_veh_8,veh_8,veh_8,LOCAL,4000000000,DIAGNOSTIC_SYNTHETIC_VALUE,0
146000000000,146,local_for_veh_9,veh_9,veh_9,LOCAL,4000000000,DIAGNOSTIC_SYNTHETIC_VALUE,0
146000000000,146,local_for_veh_10,veh_10,veh_10,LOCAL,4000000000,DIAGNOSTIC_SYNTHETIC_VALUE,0
146000000000,146,local_for_veh_11,veh_11,veh_11,LOCAL,4000000000,DIAGNOSTIC_SYNTHETIC_VALUE,0
147000000000,147,local_for_veh_0,veh_0,veh_0,LOCAL,4000000000,DIAGNOSTIC_SYNTHETIC_VALUE,0
147000000000,147,local_for_veh_1,veh_1,veh_1,LOCAL,4000000000,DIAGNOSTIC_SYNTHETIC_VALUE,0
147000000000,147,local_for_veh_2,veh_2,veh_2,LOCAL,4000000000,DIAGNOSTIC_SYNTHETIC_VALUE,0
147000000000,147,local_for_veh_3,veh_3,veh_3,LOCAL,4000000000,DIAGNOSTIC_SYNTHETIC_VALUE,0
147000000000,147,local_for_veh_4,veh_4,veh_4,LOCAL,4000000000,DIAGNOSTIC_SYNTHETIC_VALUE,0
147000000000,147,local_for_veh_5,veh_5,veh_5,LOCAL,4000000000,DIAGNOSTIC_SYNTHETIC_VALUE,0
147000000000,147,local_for_veh_6,veh_6,veh_6,LOCAL,4000000000,DIAGNOSTIC_SYNTHETIC_VALUE,0
147000000000,147,local_for_veh_7,veh_7,veh_7,LOCAL,4000000000,DIAGNOSTIC_SYNTHETIC_VALUE,0
147000000000,147,local_for_veh_8,veh_8,veh_8,LOCAL,4000000000,DIAGNOSTIC_SYNTHETIC_VALUE,0
147000000000,147,local_for_veh_9,veh_9,veh_9,LOCAL,4000000000,DIAGNOSTIC_SYNTHETIC_VALUE,0
147000000000,147,local_for_veh_10,veh_10,veh_10,LOCAL,4000000000,DIAGNOSTIC_SYNTHETIC_VALUE,0
147000000000,147,local_for_veh_11,veh_11,veh_11,LOCAL,4000000000,DIAGNOSTIC_SYNTHETIC_VALUE,0
148000000000,148,local_for_veh_0,veh_0,veh_0,LOCAL,4000000000,DIAGNOSTIC_SYNTHETIC_VALUE,0
148000000000,148,local_for_veh_1,veh_1,veh_1,LOCAL,4000000000,DIAGNOSTIC_SYNTHETIC_VALUE,0
148000000000,148,local_for_veh_2,veh_2,veh_2,LOCAL,4000000000,DIAGNOSTIC_SYNTHETIC_VALUE,0
148000000000,148,local_for_veh_3,veh_3,veh_3,LOCAL,4000000000,DIAGNOSTIC_SYNTHETIC_VALUE,0
148000000000,148,local_for_veh_4,veh_4,veh_4,LOCAL,4000000000,DIAGNOSTIC_SYNTHETIC_VALUE,0
148000000000,148,local_for_veh_5,veh_5,veh_5,LOCAL,4000000000,DIAGNOSTIC_SYNTHETIC_VALUE,0
148000000000,148,local_for_veh_6,veh_6,veh_6,LOCAL,4000000000,DIAGNOSTIC_SYNTHETIC_VALUE,0
148000000000,148,local_for_veh_7,veh_7,veh_7,LOCAL,4000000000,DIAGNOSTIC_SYNTHETIC_VALUE,0
148000000000,148,local_for_veh_8,veh_8,veh_8,LOCAL,4000000000,DIAGNOSTIC_SYNTHETIC_VALUE,0
148000000000,148,local_for_veh_9,veh_9,veh_9,LOCAL,4000000000,DIAGNOSTIC_SYNTHETIC_VALUE,0
148000000000,148,local_for_veh_10,veh_10,veh_10,LOCAL,4000000000,DIAGNOSTIC_SYNTHETIC_VALUE,0
148000000000,148,local_for_veh_11,veh_11,veh_11,LOCAL,4000000000,DIAGNOSTIC_SYNTHETIC_VALUE,0
149000000000,149,local_for_veh_0,veh_0,veh_0,LOCAL,4000000000,DIAGNOSTIC_SYNTHETIC_VALUE,0
149000000000,149,local_for_veh_1,veh_1,veh_1,LOCAL,4000000000,DIAGNOSTIC_SYNTHETIC_VALUE,0
149000000000,149,local_for_veh_2,veh_2,veh_2,LOCAL,4000000000,DIAGNOSTIC_SYNTHETIC_VALUE,0
149000000000,149,local_for_veh_3,veh_3,veh_3,LOCAL,4000000000,DIAGNOSTIC_SYNTHETIC_VALUE,0
149000000000,149,local_for_veh_4,veh_4,veh_4,LOCAL,4000000000,DIAGNOSTIC_SYNTHETIC_VALUE,0
149000000000,149,local_for_veh_5,veh_5,veh_5,LOCAL,4000000000,DIAGNOSTIC_SYNTHETIC_VALUE,0
149000000000,149,local_for_veh_6,veh_6,veh_6,LOCAL,4000000000,DIAGNOSTIC_SYNTHETIC_VALUE,0
149000000000,149,local_for_veh_7,veh_7,veh_7,LOCAL,4000000000,DIAGNOSTIC_SYNTHETIC_VALUE,0
149000000000,149,local_for_veh_8,veh_8,veh_8,LOCAL,4000000000,DIAGNOSTIC_SYNTHETIC_VALUE,0
149000000000,149,local_for_veh_9,veh_9,veh_9,LOCAL,4000000000,DIAGNOSTIC_SYNTHETIC_VALUE,0
149000000000,149,local_for_veh_10,veh_10,veh_10,LOCAL,4000000000,DIAGNOSTIC_SYNTHETIC_VALUE,0
149000000000,149,local_for_veh_11,veh_11,veh_11,LOCAL,4000000000,DIAGNOSTIC_SYNTHETIC_VALUE,0
150000000000,150,local_for_veh_0,veh_0,veh_0,LOCAL,4000000000,DIAGNOSTIC_SYNTHETIC_VALUE,0
150000000000,150,local_for_veh_1,veh_1,veh_1,LOCAL,4000000000,DIAGNOSTIC_SYNTHETIC_VALUE,0
150000000000,150,local_for_veh_2,veh_2,veh_2,LOCAL,4000000000,DIAGNOSTIC_SYNTHETIC_VALUE,0
150000000000,150,local_for_veh_3,veh_3,veh_3,LOCAL,4000000000,DIAGNOSTIC_SYNTHETIC_VALUE,0
150000000000,150,local_for_veh_4,veh_4,veh_4,LOCAL,4000000000,DIAGNOSTIC_SYNTHETIC_VALUE,0
150000000000,150,local_for_veh_5,veh_5,veh_5,LOCAL,4000000000,DIAGNOSTIC_SYNTHETIC_VALUE,0
150000000000,150,local_for_veh_6,veh_6,veh_6,LOCAL,4000000000,DIAGNOSTIC_SYNTHETIC_VALUE,0
150000000000,150,local_for_veh_7,veh_7,veh_7,LOCAL,4000000000,DIAGNOSTIC_SYNTHETIC_VALUE,0
150000000000,150,local_for_veh_8,veh_8,veh_8,LOCAL,4000000000,DIAGNOSTIC_SYNTHETIC_VALUE,0
150000000000,150,local_for_veh_9,veh_9,veh_9,LOCAL,4000000000,DIAGNOSTIC_SYNTHETIC_VALUE,0
150000000000,150,local_for_veh_10,veh_10,veh_10,LOCAL,4000000000,DIAGNOSTIC_SYNTHETIC_VALUE,0
150000000000,150,local_for_veh_11,veh_11,veh_11,LOCAL,4000000000,DIAGNOSTIC_SYNTHETIC_VALUE,0
151000000000,151,local_for_veh_0,veh_0,veh_0,LOCAL,4000000000,DIAGNOSTIC_SYNTHETIC_VALUE,0
151000000000,151,local_for_veh_1,veh_1,veh_1,LOCAL,4000000000,DIAGNOSTIC_SYNTHETIC_VALUE,0
151000000000,151,local_for_veh_2,veh_2,veh_2,LOCAL,4000000000,DIAGNOSTIC_SYNTHETIC_VALUE,0
151000000000,151,local_for_veh_3,veh_3,veh_3,LOCAL,4000000000,DIAGNOSTIC_SYNTHETIC_VALUE,0
151000000000,151,local_for_veh_4,veh_4,veh_4,LOCAL,4000000000,DIAGNOSTIC_SYNTHETIC_VALUE,0
151000000000,151,local_for_veh_5,veh_5,veh_5,LOCAL,4000000000,DIAGNOSTIC_SYNTHETIC_VALUE,0
151000000000,151,local_for_veh_6,veh_6,veh_6,LOCAL,4000000000,DIAGNOSTIC_SYNTHETIC_VALUE,0
151000000000,151,local_for_veh_7,veh_7,veh_7,LOCAL,4000000000,DIAGNOSTIC_SYNTHETIC_VALUE,0
151000000000,151,local_for_veh_8,veh_8,veh_8,LOCAL,4000000000,DIAGNOSTIC_SYNTHETIC_VALUE,0
151000000000,151,local_for_veh_9,veh_9,veh_9,LOCAL,4000000000,DIAGNOSTIC_SYNTHETIC_VALUE,0
151000000000,151,local_for_veh_10,veh_10,veh_10,LOCAL,4000000000,DIAGNOSTIC_SYNTHETIC_VALUE,0
151000000000,151,local_for_veh_11,veh_11,veh_11,LOCAL,4000000000,DIAGNOSTIC_SYNTHETIC_VALUE,0
152000000000,152,local_for_veh_0,veh_0,veh_0,LOCAL,4000000000,DIAGNOSTIC_SYNTHETIC_VALUE,0
152000000000,152,local_for_veh_1,veh_1,veh_1,LOCAL,4000000000,DIAGNOSTIC_SYNTHETIC_VALUE,0
152000000000,152,local_for_veh_2,veh_2,veh_2,LOCAL,4000000000,DIAGNOSTIC_SYNTHETIC_VALUE,0
152000000000,152,local_for_veh_3,veh_3,veh_3,LOCAL,4000000000,DIAGNOSTIC_SYNTHETIC_VALUE,0
152000000000,152,local_for_veh_4,veh_4,veh_4,LOCAL,4000000000,DIAGNOSTIC_SYNTHETIC_VALUE,0
152000000000,152,local_for_veh_5,veh_5,veh_5,LOCAL,4000000000,DIAGNOSTIC_SYNTHETIC_VALUE,0
152000000000,152,local_for_veh_6,veh_6,veh_6,LOCAL,4000000000,DIAGNOSTIC_SYNTHETIC_VALUE,0
152000000000,152,local_for_veh_7,veh_7,veh_7,LOCAL,4000000000,DIAGNOSTIC_SYNTHETIC_VALUE,0
152000000000,152,local_for_veh_8,veh_8,veh_8,LOCAL,4000000000,DIAGNOSTIC_SYNTHETIC_VALUE,0
152000000000,152,local_for_veh_9,veh_9,veh_9,LOCAL,4000000000,DIAGNOSTIC_SYNTHETIC_VALUE,0
152000000000,152,local_for_veh_10,veh_10,veh_10,LOCAL,4000000000,DIAGNOSTIC_SYNTHETIC_VALUE,0
152000000000,152,local_for_veh_11,veh_11,veh_11,LOCAL,4000000000,DIAGNOSTIC_SYNTHETIC_VALUE,0
153000000000,153,local_for_veh_0,veh_0,veh_0,LOCAL,4000000000,DIAGNOSTIC_SYNTHETIC_VALUE,0
153000000000,153,local_for_veh_1,veh_1,veh_1,LOCAL,4000000000,DIAGNOSTIC_SYNTHETIC_VALUE,0
153000000000,153,local_for_veh_2,veh_2,veh_2,LOCAL,4000000000,DIAGNOSTIC_SYNTHETIC_VALUE,0
153000000000,153,local_for_veh_3,veh_3,veh_3,LOCAL,4000000000,DIAGNOSTIC_SYNTHETIC_VALUE,0
153000000000,153,local_for_veh_4,veh_4,veh_4,LOCAL,4000000000,DIAGNOSTIC_SYNTHETIC_VALUE,0
153000000000,153,local_for_veh_5,veh_5,veh_5,LOCAL,4000000000,DIAGNOSTIC_SYNTHETIC_VALUE,0
153000000000,153,local_for_veh_6,veh_6,veh_6,LOCAL,4000000000,DIAGNOSTIC_SYNTHETIC_VALUE,0
153000000000,153,local_for_veh_7,veh_7,veh_7,LOCAL,4000000000,DIAGNOSTIC_SYNTHETIC_VALUE,0
153000000000,153,local_for_veh_8,veh_8,veh_8,LOCAL,4000000000,DIAGNOSTIC_SYNTHETIC_VALUE,0
153000000000,153,local_for_veh_9,veh_9,veh_9,LOCAL,4000000000,DIAGNOSTIC_SYNTHETIC_VALUE,0
153000000000,153,local_for_veh_10,veh_10,veh_10,LOCAL,4000000000,DIAGNOSTIC_SYNTHETIC_VALUE,0
153000000000,153,local_for_veh_11,veh_11,veh_11,LOCAL,4000000000,DIAGNOSTIC_SYNTHETIC_VALUE,0
154000000000,154,local_for_veh_0,veh_0,veh_0,LOCAL,4000000000,DIAGNOSTIC_SYNTHETIC_VALUE,0
154000000000,154,local_for_veh_1,veh_1,veh_1,LOCAL,4000000000,DIAGNOSTIC_SYNTHETIC_VALUE,0
154000000000,154,local_for_veh_2,veh_2,veh_2,LOCAL,4000000000,DIAGNOSTIC_SYNTHETIC_VALUE,0
154000000000,154,local_for_veh_3,veh_3,veh_3,LOCAL,4000000000,DIAGNOSTIC_SYNTHETIC_VALUE,0
154000000000,154,local_for_veh_4,veh_4,veh_4,LOCAL,4000000000,DIAGNOSTIC_SYNTHETIC_VALUE,0
154000000000,154,local_for_veh_5,veh_5,veh_5,LOCAL,4000000000,DIAGNOSTIC_SYNTHETIC_VALUE,0
154000000000,154,local_for_veh_6,veh_6,veh_6,LOCAL,4000000000,DIAGNOSTIC_SYNTHETIC_VALUE,0
154000000000,154,local_for_veh_7,veh_7,veh_7,LOCAL,4000000000,DIAGNOSTIC_SYNTHETIC_VALUE,0
154000000000,154,local_for_veh_8,veh_8,veh_8,LOCAL,4000000000,DIAGNOSTIC_SYNTHETIC_VALUE,0
154000000000,154,local_for_veh_9,veh_9,veh_9,LOCAL,4000000000,DIAGNOSTIC_SYNTHETIC_VALUE,0
154000000000,154,local_for_veh_10,veh_10,veh_10,LOCAL,4000000000,DIAGNOSTIC_SYNTHETIC_VALUE,0
154000000000,154,local_for_veh_11,veh_11,veh_11,LOCAL,4000000000,DIAGNOSTIC_SYNTHETIC_VALUE,0
155000000000,155,local_for_veh_0,veh_0,veh_0,LOCAL,4000000000,DIAGNOSTIC_SYNTHETIC_VALUE,0
155000000000,155,local_for_veh_1,veh_1,veh_1,LOCAL,4000000000,DIAGNOSTIC_SYNTHETIC_VALUE,0
155000000000,155,local_for_veh_2,veh_2,veh_2,LOCAL,4000000000,DIAGNOSTIC_SYNTHETIC_VALUE,0
155000000000,155,local_for_veh_3,veh_3,veh_3,LOCAL,4000000000,DIAGNOSTIC_SYNTHETIC_VALUE,0
155000000000,155,local_for_veh_4,veh_4,veh_4,LOCAL,4000000000,DIAGNOSTIC_SYNTHETIC_VALUE,0
155000000000,155,local_for_veh_5,veh_5,veh_5,LOCAL,4000000000,DIAGNOSTIC_SYNTHETIC_VALUE,0
155000000000,155,local_for_veh_6,veh_6,veh_6,LOCAL,4000000000,DIAGNOSTIC_SYNTHETIC_VALUE,0
155000000000,155,local_for_veh_7,veh_7,veh_7,LOCAL,4000000000,DIAGNOSTIC_SYNTHETIC_VALUE,0
155000000000,155,local_for_veh_8,veh_8,veh_8,LOCAL,4000000000,DIAGNOSTIC_SYNTHETIC_VALUE,0
155000000000,155,local_for_veh_9,veh_9,veh_9,LOCAL,4000000000,DIAGNOSTIC_SYNTHETIC_VALUE,0
155000000000,155,local_for_veh_10,veh_10,veh_10,LOCAL,4000000000,DIAGNOSTIC_SYNTHETIC_VALUE,0
155000000000,155,local_for_veh_11,veh_11,veh_11,LOCAL,4000000000,DIAGNOSTIC_SYNTHETIC_VALUE,0
156000000000,156,local_for_veh_0,veh_0,veh_0,LOCAL,4000000000,DIAGNOSTIC_SYNTHETIC_VALUE,0
156000000000,156,local_for_veh_1,veh_1,veh_1,LOCAL,4000000000,DIAGNOSTIC_SYNTHETIC_VALUE,0
156000000000,156,local_for_veh_2,veh_2,veh_2,LOCAL,4000000000,DIAGNOSTIC_SYNTHETIC_VALUE,0
156000000000,156,local_for_veh_3,veh_3,veh_3,LOCAL,4000000000,DIAGNOSTIC_SYNTHETIC_VALUE,0
156000000000,156,local_for_veh_4,veh_4,veh_4,LOCAL,4000000000,DIAGNOSTIC_SYNTHETIC_VALUE,0
156000000000,156,local_for_veh_5,veh_5,veh_5,LOCAL,4000000000,DIAGNOSTIC_SYNTHETIC_VALUE,0
156000000000,156,local_for_veh_6,veh_6,veh_6,LOCAL,4000000000,DIAGNOSTIC_SYNTHETIC_VALUE,0
156000000000,156,local_for_veh_7,veh_7,veh_7,LOCAL,4000000000,DIAGNOSTIC_SYNTHETIC_VALUE,0
156000000000,156,local_for_veh_8,veh_8,veh_8,LOCAL,4000000000,DIAGNOSTIC_SYNTHETIC_VALUE,0
156000000000,156,local_for_veh_9,veh_9,veh_9,LOCAL,4000000000,DIAGNOSTIC_SYNTHETIC_VALUE,0
156000000000,156,local_for_veh_10,veh_10,veh_10,LOCAL,4000000000,DIAGNOSTIC_SYNTHETIC_VALUE,0
156000000000,156,local_for_veh_11,veh_11,veh_11,LOCAL,4000000000,DIAGNOSTIC_SYNTHETIC_VALUE,0
157000000000,157,local_for_veh_0,veh_0,veh_0,LOCAL,4000000000,DIAGNOSTIC_SYNTHETIC_VALUE,0
157000000000,157,local_for_veh_1,veh_1,veh_1,LOCAL,4000000000,DIAGNOSTIC_SYNTHETIC_VALUE,0
157000000000,157,local_for_veh_2,veh_2,veh_2,LOCAL,4000000000,DIAGNOSTIC_SYNTHETIC_VALUE,0
157000000000,157,local_for_veh_3,veh_3,veh_3,LOCAL,4000000000,DIAGNOSTIC_SYNTHETIC_VALUE,0
157000000000,157,local_for_veh_4,veh_4,veh_4,LOCAL,4000000000,DIAGNOSTIC_SYNTHETIC_VALUE,0
157000000000,157,local_for_veh_5,veh_5,veh_5,LOCAL,4000000000,DIAGNOSTIC_SYNTHETIC_VALUE,0
157000000000,157,local_for_veh_6,veh_6,veh_6,LOCAL,4000000000,DIAGNOSTIC_SYNTHETIC_VALUE,0
157000000000,157,local_for_veh_7,veh_7,veh_7,LOCAL,4000000000,DIAGNOSTIC_SYNTHETIC_VALUE,0
157000000000,157,local_for_veh_8,veh_8,veh_8,LOCAL,4000000000,DIAGNOSTIC_SYNTHETIC_VALUE,0
157000000000,157,local_for_veh_9,veh_9,veh_9,LOCAL,4000000000,DIAGNOSTIC_SYNTHETIC_VALUE,0
157000000000,157,local_for_veh_10,veh_10,veh_10,LOCAL,4000000000,DIAGNOSTIC_SYNTHETIC_VALUE,0
157000000000,157,local_for_veh_11,veh_11,veh_11,LOCAL,4000000000,DIAGNOSTIC_SYNTHETIC_VALUE,0
158000000000,158,local_for_veh_0,veh_0,veh_0,LOCAL,4000000000,DIAGNOSTIC_SYNTHETIC_VALUE,0
158000000000,158,local_for_veh_1,veh_1,veh_1,LOCAL,4000000000,DIAGNOSTIC_SYNTHETIC_VALUE,0
158000000000,158,local_for_veh_2,veh_2,veh_2,LOCAL,4000000000,DIAGNOSTIC_SYNTHETIC_VALUE,0
158000000000,158,local_for_veh_3,veh_3,veh_3,LOCAL,4000000000,DIAGNOSTIC_SYNTHETIC_VALUE,0
158000000000,158,local_for_veh_4,veh_4,veh_4,LOCAL,4000000000,DIAGNOSTIC_SYNTHETIC_VALUE,0
158000000000,158,local_for_veh_5,veh_5,veh_5,LOCAL,4000000000,DIAGNOSTIC_SYNTHETIC_VALUE,0
158000000000,158,local_for_veh_6,veh_6,veh_6,LOCAL,4000000000,DIAGNOSTIC_SYNTHETIC_VALUE,0
158000000000,158,local_for_veh_7,veh_7,veh_7,LOCAL,4000000000,DIAGNOSTIC_SYNTHETIC_VALUE,0
158000000000,158,local_for_veh_8,veh_8,veh_8,LOCAL,4000000000,DIAGNOSTIC_SYNTHETIC_VALUE,0
158000000000,158,local_for_veh_9,veh_9,veh_9,LOCAL,4000000000,DIAGNOSTIC_SYNTHETIC_VALUE,0
158000000000,158,local_for_veh_10,veh_10,veh_10,LOCAL,4000000000,DIAGNOSTIC_SYNTHETIC_VALUE,0
158000000000,158,local_for_veh_11,veh_11,veh_11,LOCAL,4000000000,DIAGNOSTIC_SYNTHETIC_VALUE,0
159000000000,159,local_for_veh_0,veh_0,veh_0,LOCAL,4000000000,DIAGNOSTIC_SYNTHETIC_VALUE,0
159000000000,159,local_for_veh_1,veh_1,veh_1,LOCAL,4000000000,DIAGNOSTIC_SYNTHETIC_VALUE,0
159000000000,159,local_for_veh_2,veh_2,veh_2,LOCAL,4000000000,DIAGNOSTIC_SYNTHETIC_VALUE,0
159000000000,159,local_for_veh_3,veh_3,veh_3,LOCAL,4000000000,DIAGNOSTIC_SYNTHETIC_VALUE,0
159000000000,159,local_for_veh_4,veh_4,veh_4,LOCAL,4000000000,DIAGNOSTIC_SYNTHETIC_VALUE,0
159000000000,159,local_for_veh_5,veh_5,veh_5,LOCAL,4000000000,DIAGNOSTIC_SYNTHETIC_VALUE,0
159000000000,159,local_for_veh_6,veh_6,veh_6,LOCAL,4000000000,DIAGNOSTIC_SYNTHETIC_VALUE,0
159000000000,159,local_for_veh_7,veh_7,veh_7,LOCAL,4000000000,DIAGNOSTIC_SYNTHETIC_VALUE,0
159000000000,159,local_for_veh_8,veh_8,veh_8,LOCAL,4000000000,DIAGNOSTIC_SYNTHETIC_VALUE,0
159000000000,159,local_for_veh_9,veh_9,veh_9,LOCAL,4000000000,DIAGNOSTIC_SYNTHETIC_VALUE,0
159000000000,159,local_for_veh_10,veh_10,veh_10,LOCAL,4000000000,DIAGNOSTIC_SYNTHETIC_VALUE,0
159000000000,159,local_for_veh_11,veh_11,veh_11,LOCAL,4000000000,DIAGNOSTIC_SYNTHETIC_VALUE,0
160000000000,160,local_for_veh_0,veh_0,veh_0,LOCAL,4000000000,DIAGNOSTIC_SYNTHETIC_VALUE,0
160000000000,160,local_for_veh_1,veh_1,veh_1,LOCAL,4000000000,DIAGNOSTIC_SYNTHETIC_VALUE,0
160000000000,160,local_for_veh_2,veh_2,veh_2,LOCAL,4000000000,DIAGNOSTIC_SYNTHETIC_VALUE,0
160000000000,160,local_for_veh_3,veh_3,veh_3,LOCAL,4000000000,DIAGNOSTIC_SYNTHETIC_VALUE,0
160000000000,160,local_for_veh_4,veh_4,veh_4,LOCAL,4000000000,DIAGNOSTIC_SYNTHETIC_VALUE,0
160000000000,160,local_for_veh_5,veh_5,veh_5,LOCAL,4000000000,DIAGNOSTIC_SYNTHETIC_VALUE,0
160000000000,160,local_for_veh_6,veh_6,veh_6,LOCAL,4000000000,DIAGNOSTIC_SYNTHETIC_VALUE,0
160000000000,160,local_for_veh_7,veh_7,veh_7,LOCAL,4000000000,DIAGNOSTIC_SYNTHETIC_VALUE,0
160000000000,160,local_for_veh_8,veh_8,veh_8,LOCAL,4000000000,DIAGNOSTIC_SYNTHETIC_VALUE,0
160000000000,160,local_for_veh_9,veh_9,veh_9,LOCAL,4000000000,DIAGNOSTIC_SYNTHETIC_VALUE,0
160000000000,160,local_for_veh_10,veh_10,veh_10,LOCAL,4000000000,DIAGNOSTIC_SYNTHETIC_VALUE,0
160000000000,160,local_for_veh_11,veh_11,veh_11,LOCAL,4000000000,DIAGNOSTIC_SYNTHETIC_VALUE,0
161000000000,161,local_for_veh_0,veh_0,veh_0,LOCAL,4000000000,DIAGNOSTIC_SYNTHETIC_VALUE,0
161000000000,161,local_for_veh_1,veh_1,veh_1,LOCAL,4000000000,DIAGNOSTIC_SYNTHETIC_VALUE,0
161000000000,161,local_for_veh_2,veh_2,veh_2,LOCAL,4000000000,DIAGNOSTIC_SYNTHETIC_VALUE,0
161000000000,161,local_for_veh_3,veh_3,veh_3,LOCAL,4000000000,DIAGNOSTIC_SYNTHETIC_VALUE,0
161000000000,161,local_for_veh_4,veh_4,veh_4,LOCAL,4000000000,DIAGNOSTIC_SYNTHETIC_VALUE,0
161000000000,161,local_for_veh_5,veh_5,veh_5,LOCAL,4000000000,DIAGNOSTIC_SYNTHETIC_VALUE,0
161000000000,161,local_for_veh_6,veh_6,veh_6,LOCAL,4000000000,DIAGNOSTIC_SYNTHETIC_VALUE,0
161000000000,161,local_for_veh_7,veh_7,veh_7,LOCAL,4000000000,DIAGNOSTIC_SYNTHETIC_VALUE,0
161000000000,161,local_for_veh_8,veh_8,veh_8,LOCAL,4000000000,DIAGNOSTIC_SYNTHETIC_VALUE,0
161000000000,161,local_for_veh_9,veh_9,veh_9,LOCAL,4000000000,DIAGNOSTIC_SYNTHETIC_VALUE,0
161000000000,161,local_for_veh_10,veh_10,veh_10,LOCAL,4000000000,DIAGNOSTIC_SYNTHETIC_VALUE,0
161000000000,161,local_for_veh_11,veh_11,veh_11,LOCAL,4000000000,DIAGNOSTIC_SYNTHETIC_VALUE,0
162000000000,162,local_for_veh_0,veh_0,veh_0,LOCAL,4000000000,DIAGNOSTIC_SYNTHETIC_VALUE,0
162000000000,162,local_for_veh_1,veh_1,veh_1,LOCAL,4000000000,DIAGNOSTIC_SYNTHETIC_VALUE,0
162000000000,162,local_for_veh_2,veh_2,veh_2,LOCAL,4000000000,DIAGNOSTIC_SYNTHETIC_VALUE,0
162000000000,162,local_for_veh_3,veh_3,veh_3,LOCAL,4000000000,DIAGNOSTIC_SYNTHETIC_VALUE,0
162000000000,162,local_for_veh_4,veh_4,veh_4,LOCAL,4000000000,DIAGNOSTIC_SYNTHETIC_VALUE,0
162000000000,162,local_for_veh_5,veh_5,veh_5,LOCAL,4000000000,DIAGNOSTIC_SYNTHETIC_VALUE,0
162000000000,162,local_for_veh_6,veh_6,veh_6,LOCAL,4000000000,DIAGNOSTIC_SYNTHETIC_VALUE,0
162000000000,162,local_for_veh_7,veh_7,veh_7,LOCAL,4000000000,DIAGNOSTIC_SYNTHETIC_VALUE,0
162000000000,162,local_for_veh_8,veh_8,veh_8,LOCAL,4000000000,DIAGNOSTIC_SYNTHETIC_VALUE,0
162000000000,162,local_for_veh_9,veh_9,veh_9,LOCAL,4000000000,DIAGNOSTIC_SYNTHETIC_VALUE,0
162000000000,162,local_for_veh_10,veh_10,veh_10,LOCAL,4000000000,DIAGNOSTIC_SYNTHETIC_VALUE,0
162000000000,162,local_for_veh_11,veh_11,veh_11,LOCAL,4000000000,DIAGNOSTIC_SYNTHETIC_VALUE,0
163000000000,163,local_for_veh_0,veh_0,veh_0,LOCAL,4000000000,DIAGNOSTIC_SYNTHETIC_VALUE,0
163000000000,163,local_for_veh_1,veh_1,veh_1,LOCAL,4000000000,DIAGNOSTIC_SYNTHETIC_VALUE,0
163000000000,163,local_for_veh_2,veh_2,veh_2,LOCAL,4000000000,DIAGNOSTIC_SYNTHETIC_VALUE,0
163000000000,163,local_for_veh_3,veh_3,veh_3,LOCAL,4000000000,DIAGNOSTIC_SYNTHETIC_VALUE,0
163000000000,163,local_for_veh_4,veh_4,veh_4,LOCAL,4000000000,DIAGNOSTIC_SYNTHETIC_VALUE,0
163000000000,163,local_for_veh_5,veh_5,veh_5,LOCAL,4000000000,DIAGNOSTIC_SYNTHETIC_VALUE,0
163000000000,163,local_for_veh_6,veh_6,veh_6,LOCAL,4000000000,DIAGNOSTIC_SYNTHETIC_VALUE,0
163000000000,163,local_for_veh_7,veh_7,veh_7,LOCAL,4000000000,DIAGNOSTIC_SYNTHETIC_VALUE,0
163000000000,163,local_for_veh_8,veh_8,veh_8,LOCAL,4000000000,DIAGNOSTIC_SYNTHETIC_VALUE,0
163000000000,163,local_for_veh_9,veh_9,veh_9,LOCAL,4000000000,DIAGNOSTIC_SYNTHETIC_VALUE,0
163000000000,163,local_for_veh_10,veh_10,veh_10,LOCAL,4000000000,DIAGNOSTIC_SYNTHETIC_VALUE,0
163000000000,163,local_for_veh_11,veh_11,veh_11,LOCAL,4000000000,DIAGNOSTIC_SYNTHETIC_VALUE,0
164000000000,164,local_for_veh_0,veh_0,veh_0,LOCAL,4000000000,DIAGNOSTIC_SYNTHETIC_VALUE,0
164000000000,164,local_for_veh_1,veh_1,veh_1,LOCAL,4000000000,DIAGNOSTIC_SYNTHETIC_VALUE,0
164000000000,164,local_for_veh_2,veh_2,veh_2,LOCAL,4000000000,DIAGNOSTIC_SYNTHETIC_VALUE,0
164000000000,164,local_for_veh_3,veh_3,veh_3,LOCAL,4000000000,DIAGNOSTIC_SYNTHETIC_VALUE,0
164000000000,164,local_for_veh_4,veh_4,veh_4,LOCAL,4000000000,DIAGNOSTIC_SYNTHETIC_VALUE,0
164000000000,164,local_for_veh_5,veh_5,veh_5,LOCAL,4000000000,DIAGNOSTIC_SYNTHETIC_VALUE,0
164000000000,164,local_for_veh_6,veh_6,veh_6,LOCAL,4000000000,DIAGNOSTIC_SYNTHETIC_VALUE,0
164000000000,164,local_for_veh_7,veh_7,veh_7,LOCAL,4000000000,DIAGNOSTIC_SYNTHETIC_VALUE,0
164000000000,164,local_for_veh_8,veh_8,veh_8,LOCAL,4000000000,DIAGNOSTIC_SYNTHETIC_VALUE,0
164000000000,164,local_for_veh_9,veh_9,veh_9,LOCAL,4000000000,DIAGNOSTIC_SYNTHETIC_VALUE,0
164000000000,164,local_for_veh_10,veh_10,veh_10,LOCAL,4000000000,DIAGNOSTIC_SYNTHETIC_VALUE,0
164000000000,164,local_for_veh_11,veh_11,veh_11,LOCAL,4000000000,DIAGNOSTIC_SYNTHETIC_VALUE,0
165000000000,165,local_for_veh_0,veh_0,veh_0,LOCAL,4000000000,DIAGNOSTIC_SYNTHETIC_VALUE,0
165000000000,165,local_for_veh_1,veh_1,veh_1,LOCAL,4000000000,DIAGNOSTIC_SYNTHETIC_VALUE,0
165000000000,165,local_for_veh_2,veh_2,veh_2,LOCAL,4000000000,DIAGNOSTIC_SYNTHETIC_VALUE,0
165000000000,165,local_for_veh_3,veh_3,veh_3,LOCAL,4000000000,DIAGNOSTIC_SYNTHETIC_VALUE,0
165000000000,165,local_for_veh_4,veh_4,veh_4,LOCAL,4000000000,DIAGNOSTIC_SYNTHETIC_VALUE,0
165000000000,165,local_for_veh_5,veh_5,veh_5,LOCAL,4000000000,DIAGNOSTIC_SYNTHETIC_VALUE,0
165000000000,165,local_for_veh_6,veh_6,veh_6,LOCAL,4000000000,DIAGNOSTIC_SYNTHETIC_VALUE,0
165000000000,165,local_for_veh_7,veh_7,veh_7,LOCAL,4000000000,DIAGNOSTIC_SYNTHETIC_VALUE,0
165000000000,165,local_for_veh_8,veh_8,veh_8,LOCAL,4000000000,DIAGNOSTIC_SYNTHETIC_VALUE,0
165000000000,165,local_for_veh_9,veh_9,veh_9,LOCAL,4000000000,DIAGNOSTIC_SYNTHETIC_VALUE,0
165000000000,165,local_for_veh_10,veh_10,veh_10,LOCAL,4000000000,DIAGNOSTIC_SYNTHETIC_VALUE,0
165000000000,165,local_for_veh_11,veh_11,veh_11,LOCAL,4000000000,DIAGNOSTIC_SYNTHETIC_VALUE,0
166000000000,166,local_for_veh_0,veh_0,veh_0,LOCAL,4000000000,DIAGNOSTIC_SYNTHETIC_VALUE,0
166000000000,166,local_for_veh_1,veh_1,veh_1,LOCAL,4000000000,DIAGNOSTIC_SYNTHETIC_VALUE,0
166000000000,166,local_for_veh_2,veh_2,veh_2,LOCAL,4000000000,DIAGNOSTIC_SYNTHETIC_VALUE,0
166000000000,166,local_for_veh_3,veh_3,veh_3,LOCAL,4000000000,DIAGNOSTIC_SYNTHETIC_VALUE,0
166000000000,166,local_for_veh_4,veh_4,veh_4,LOCAL,4000000000,DIAGNOSTIC_SYNTHETIC_VALUE,0
166000000000,166,local_for_veh_5,veh_5,veh_5,LOCAL,4000000000,DIAGNOSTIC_SYNTHETIC_VALUE,0
166000000000,166,local_for_veh_6,veh_6,veh_6,LOCAL,4000000000,DIAGNOSTIC_SYNTHETIC_VALUE,0
166000000000,166,local_for_veh_7,veh_7,veh_7,LOCAL,4000000000,DIAGNOSTIC_SYNTHETIC_VALUE,0
166000000000,166,local_for_veh_8,veh_8,veh_8,LOCAL,4000000000,DIAGNOSTIC_SYNTHETIC_VALUE,0
166000000000,166,local_for_veh_9,veh_9,veh_9,LOCAL,4000000000,DIAGNOSTIC_SYNTHETIC_VALUE,0
166000000000,166,local_for_veh_10,veh_10,veh_10,LOCAL,4000000000,DIAGNOSTIC_SYNTHETIC_VALUE,0
166000000000,166,local_for_veh_11,veh_11,veh_11,LOCAL,4000000000,DIAGNOSTIC_SYNTHETIC_VALUE,0
167000000000,167,local_for_veh_0,veh_0,veh_0,LOCAL,4000000000,DIAGNOSTIC_SYNTHETIC_VALUE,0
167000000000,167,local_for_veh_1,veh_1,veh_1,LOCAL,4000000000,DIAGNOSTIC_SYNTHETIC_VALUE,0
167000000000,167,local_for_veh_2,veh_2,veh_2,LOCAL,4000000000,DIAGNOSTIC_SYNTHETIC_VALUE,0
167000000000,167,local_for_veh_3,veh_3,veh_3,LOCAL,4000000000,DIAGNOSTIC_SYNTHETIC_VALUE,0
167000000000,167,local_for_veh_4,veh_4,veh_4,LOCAL,4000000000,DIAGNOSTIC_SYNTHETIC_VALUE,0
167000000000,167,local_for_veh_5,veh_5,veh_5,LOCAL,4000000000,DIAGNOSTIC_SYNTHETIC_VALUE,0
167000000000,167,local_for_veh_6,veh_6,veh_6,LOCAL,4000000000,DIAGNOSTIC_SYNTHETIC_VALUE,0
167000000000,167,local_for_veh_7,veh_7,veh_7,LOCAL,4000000000,DIAGNOSTIC_SYNTHETIC_VALUE,0
167000000000,167,local_for_veh_8,veh_8,veh_8,LOCAL,4000000000,DIAGNOSTIC_SYNTHETIC_VALUE,0
167000000000,167,local_for_veh_9,veh_9,veh_9,LOCAL,4000000000,DIAGNOSTIC_SYNTHETIC_VALUE,0
167000000000,167,local_for_veh_10,veh_10,veh_10,LOCAL,4000000000,DIAGNOSTIC_SYNTHETIC_VALUE,0
167000000000,167,local_for_veh_11,veh_11,veh_11,LOCAL,4000000000,DIAGNOSTIC_SYNTHETIC_VALUE,0
168000000000,168,local_for_veh_0,veh_0,veh_0,LOCAL,4000000000,DIAGNOSTIC_SYNTHETIC_VALUE,0
168000000000,168,local_for_veh_1,veh_1,veh_1,LOCAL,4000000000,DIAGNOSTIC_SYNTHETIC_VALUE,0
168000000000,168,local_for_veh_2,veh_2,veh_2,LOCAL,4000000000,DIAGNOSTIC_SYNTHETIC_VALUE,0
168000000000,168,local_for_veh_3,veh_3,veh_3,LOCAL,4000000000,DIAGNOSTIC_SYNTHETIC_VALUE,0
168000000000,168,local_for_veh_4,veh_4,veh_4,LOCAL,4000000000,DIAGNOSTIC_SYNTHETIC_VALUE,0
168000000000,168,local_for_veh_5,veh_5,veh_5,LOCAL,4000000000,DIAGNOSTIC_SYNTHETIC_VALUE,0
168000000000,168,local_for_veh_6,veh_6,veh_6,LOCAL,4000000000,DIAGNOSTIC_SYNTHETIC_VALUE,0
168000000000,168,local_for_veh_7,veh_7,veh_7,LOCAL,4000000000,DIAGNOSTIC_SYNTHETIC_VALUE,0
168000000000,168,local_for_veh_8,veh_8,veh_8,LOCAL,4000000000,DIAGNOSTIC_SYNTHETIC_VALUE,0
168000000000,168,local_for_veh_9,veh_9,veh_9,LOCAL,4000000000,DIAGNOSTIC_SYNTHETIC_VALUE,0
168000000000,168,local_for_veh_10,veh_10,veh_10,LOCAL,4000000000,DIAGNOSTIC_SYNTHETIC_VALUE,0
168000000000,168,local_for_veh_11,veh_11,veh_11,LOCAL,4000000000,DIAGNOSTIC_SYNTHETIC_VALUE,0
169000000000,169,local_for_veh_0,veh_0,veh_0,LOCAL,4000000000,DIAGNOSTIC_SYNTHETIC_VALUE,0
169000000000,169,local_for_veh_1,veh_1,veh_1,LOCAL,4000000000,DIAGNOSTIC_SYNTHETIC_VALUE,0
169000000000,169,local_for_veh_2,veh_2,veh_2,LOCAL,4000000000,DIAGNOSTIC_SYNTHETIC_VALUE,0
169000000000,169,local_for_veh_3,veh_3,veh_3,LOCAL,4000000000,DIAGNOSTIC_SYNTHETIC_VALUE,0
169000000000,169,local_for_veh_4,veh_4,veh_4,LOCAL,4000000000,DIAGNOSTIC_SYNTHETIC_VALUE,0
169000000000,169,local_for_veh_5,veh_5,veh_5,LOCAL,4000000000,DIAGNOSTIC_SYNTHETIC_VALUE,0
169000000000,169,local_for_veh_6,veh_6,veh_6,LOCAL,4000000000,DIAGNOSTIC_SYNTHETIC_VALUE,0
169000000000,169,local_for_veh_7,veh_7,veh_7,LOCAL,4000000000,DIAGNOSTIC_SYNTHETIC_VALUE,0
169000000000,169,local_for_veh_8,veh_8,veh_8,LOCAL,4000000000,DIAGNOSTIC_SYNTHETIC_VALUE,0
169000000000,169,local_for_veh_9,veh_9,veh_9,LOCAL,4000000000,DIAGNOSTIC_SYNTHETIC_VALUE,0
169000000000,169,local_for_veh_10,veh_10,veh_10,LOCAL,4000000000,DIAGNOSTIC_SYNTHETIC_VALUE,0
169000000000,169,local_for_veh_11,veh_11,veh_11,LOCAL,4000000000,DIAGNOSTIC_SYNTHETIC_VALUE,0
170000000000,170,local_for_veh_0,veh_0,veh_0,LOCAL,4000000000,DIAGNOSTIC_SYNTHETIC_VALUE,0
170000000000,170,local_for_veh_1,veh_1,veh_1,LOCAL,4000000000,DIAGNOSTIC_SYNTHETIC_VALUE,0
170000000000,170,local_for_veh_2,veh_2,veh_2,LOCAL,4000000000,DIAGNOSTIC_SYNTHETIC_VALUE,0
170000000000,170,local_for_veh_3,veh_3,veh_3,LOCAL,4000000000,DIAGNOSTIC_SYNTHETIC_VALUE,0
170000000000,170,local_for_veh_4,veh_4,veh_4,LOCAL,4000000000,DIAGNOSTIC_SYNTHETIC_VALUE,0
170000000000,170,local_for_veh_5,veh_5,veh_5,LOCAL,4000000000,DIAGNOSTIC_SYNTHETIC_VALUE,0
170000000000,170,local_for_veh_6,veh_6,veh_6,LOCAL,4000000000,DIAGNOSTIC_SYNTHETIC_VALUE,0
170000000000,170,local_for_veh_7,veh_7,veh_7,LOCAL,4000000000,DIAGNOSTIC_SYNTHETIC_VALUE,0
170000000000,170,local_for_veh_8,veh_8,veh_8,LOCAL,4000000000,DIAGNOSTIC_SYNTHETIC_VALUE,0
170000000000,170,local_for_veh_9,veh_9,veh_9,LOCAL,4000000000,DIAGNOSTIC_SYNTHETIC_VALUE,0
170000000000,170,local_for_veh_10,veh_10,veh_10,LOCAL,4000000000,DIAGNOSTIC_SYNTHETIC_VALUE,0
170000000000,170,local_for_veh_11,veh_11,veh_11,LOCAL,4000000000,DIAGNOSTIC_SYNTHETIC_VALUE,0
171000000000,171,local_for_veh_0,veh_0,veh_0,LOCAL,4000000000,DIAGNOSTIC_SYNTHETIC_VALUE,0
171000000000,171,local_for_veh_1,veh_1,veh_1,LOCAL,4000000000,DIAGNOSTIC_SYNTHETIC_VALUE,0
171000000000,171,local_for_veh_2,veh_2,veh_2,LOCAL,4000000000,DIAGNOSTIC_SYNTHETIC_VALUE,0
171000000000,171,local_for_veh_3,veh_3,veh_3,LOCAL,4000000000,DIAGNOSTIC_SYNTHETIC_VALUE,0
171000000000,171,local_for_veh_4,veh_4,veh_4,LOCAL,4000000000,DIAGNOSTIC_SYNTHETIC_VALUE,0
171000000000,171,local_for_veh_5,veh_5,veh_5,LOCAL,4000000000,DIAGNOSTIC_SYNTHETIC_VALUE,0
171000000000,171,local_for_veh_6,veh_6,veh_6,LOCAL,4000000000,DIAGNOSTIC_SYNTHETIC_VALUE,0
171000000000,171,local_for_veh_7,veh_7,veh_7,LOCAL,4000000000,DIAGNOSTIC_SYNTHETIC_VALUE,0
171000000000,171,local_for_veh_8,veh_8,veh_8,LOCAL,4000000000,DIAGNOSTIC_SYNTHETIC_VALUE,0
171000000000,171,local_for_veh_9,veh_9,veh_9,LOCAL,4000000000,DIAGNOSTIC_SYNTHETIC_VALUE,0
171000000000,171,local_for_veh_10,veh_10,veh_10,LOCAL,4000000000,DIAGNOSTIC_SYNTHETIC_VALUE,0
171000000000,171,local_for_veh_11,veh_11,veh_11,LOCAL,4000000000,DIAGNOSTIC_SYNTHETIC_VALUE,0
172000000000,172,local_for_veh_0,veh_0,veh_0,LOCAL,4000000000,DIAGNOSTIC_SYNTHETIC_VALUE,0
172000000000,172,local_for_veh_1,veh_1,veh_1,LOCAL,4000000000,DIAGNOSTIC_SYNTHETIC_VALUE,0
172000000000,172,local_for_veh_2,veh_2,veh_2,LOCAL,4000000000,DIAGNOSTIC_SYNTHETIC_VALUE,0
172000000000,172,local_for_veh_3,veh_3,veh_3,LOCAL,4000000000,DIAGNOSTIC_SYNTHETIC_VALUE,0
172000000000,172,local_for_veh_4,veh_4,veh_4,LOCAL,4000000000,DIAGNOSTIC_SYNTHETIC_VALUE,0
172000000000,172,local_for_veh_5,veh_5,veh_5,LOCAL,4000000000,DIAGNOSTIC_SYNTHETIC_VALUE,0
172000000000,172,local_for_veh_6,veh_6,veh_6,LOCAL,4000000000,DIAGNOSTIC_SYNTHETIC_VALUE,0
172000000000,172,local_for_veh_7,veh_7,veh_7,LOCAL,4000000000,DIAGNOSTIC_SYNTHETIC_VALUE,0
172000000000,172,local_for_veh_8,veh_8,veh_8,LOCAL,4000000000,DIAGNOSTIC_SYNTHETIC_VALUE,0
172000000000,172,local_for_veh_9,veh_9,veh_9,LOCAL,4000000000,DIAGNOSTIC_SYNTHETIC_VALUE,0
172000000000,172,local_for_veh_10,veh_10,veh_10,LOCAL,4000000000,DIAGNOSTIC_SYNTHETIC_VALUE,0
172000000000,172,local_for_veh_11,veh_11,veh_11,LOCAL,4000000000,DIAGNOSTIC_SYNTHETIC_VALUE,0
173000000000,173,local_for_veh_0,veh_0,veh_0,LOCAL,4000000000,DIAGNOSTIC_SYNTHETIC_VALUE,0
173000000000,173,local_for_veh_1,veh_1,veh_1,LOCAL,4000000000,DIAGNOSTIC_SYNTHETIC_VALUE,0
173000000000,173,local_for_veh_2,veh_2,veh_2,LOCAL,4000000000,DIAGNOSTIC_SYNTHETIC_VALUE,0
173000000000,173,local_for_veh_3,veh_3,veh_3,LOCAL,4000000000,DIAGNOSTIC_SYNTHETIC_VALUE,0
173000000000,173,local_for_veh_4,veh_4,veh_4,LOCAL,4000000000,DIAGNOSTIC_SYNTHETIC_VALUE,0
173000000000,173,local_for_veh_5,veh_5,veh_5,LOCAL,4000000000,DIAGNOSTIC_SYNTHETIC_VALUE,0
173000000000,173,local_for_veh_6,veh_6,veh_6,LOCAL,4000000000,DIAGNOSTIC_SYNTHETIC_VALUE,0
173000000000,173,local_for_veh_7,veh_7,veh_7,LOCAL,4000000000,DIAGNOSTIC_SYNTHETIC_VALUE,0
173000000000,173,local_for_veh_8,veh_8,veh_8,LOCAL,4000000000,DIAGNOSTIC_SYNTHETIC_VALUE,0
173000000000,173,local_for_veh_9,veh_9,veh_9,LOCAL,4000000000,DIAGNOSTIC_SYNTHETIC_VALUE,0
173000000000,173,local_for_veh_10,veh_10,veh_10,LOCAL,4000000000,DIAGNOSTIC_SYNTHETIC_VALUE,0
173000000000,173,local_for_veh_11,veh_11,veh_11,LOCAL,4000000000,DIAGNOSTIC_SYNTHETIC_VALUE,0
174000000000,174,local_for_veh_0,veh_0,veh_0,LOCAL,4000000000,DIAGNOSTIC_SYNTHETIC_VALUE,0
174000000000,174,local_for_veh_1,veh_1,veh_1,LOCAL,4000000000,DIAGNOSTIC_SYNTHETIC_VALUE,0
174000000000,174,local_for_veh_2,veh_2,veh_2,LOCAL,4000000000,DIAGNOSTIC_SYNTHETIC_VALUE,0
174000000000,174,local_for_veh_3,veh_3,veh_3,LOCAL,4000000000,DIAGNOSTIC_SYNTHETIC_VALUE,0
174000000000,174,local_for_veh_4,veh_4,veh_4,LOCAL,4000000000,DIAGNOSTIC_SYNTHETIC_VALUE,0
174000000000,174,local_for_veh_5,veh_5,veh_5,LOCAL,4000000000,DIAGNOSTIC_SYNTHETIC_VALUE,0
174000000000,174,local_for_veh_6,veh_6,veh_6,LOCAL,4000000000,DIAGNOSTIC_SYNTHETIC_VALUE,0
174000000000,174,local_for_veh_7,veh_7,veh_7,LOCAL,4000000000,DIAGNOSTIC_SYNTHETIC_VALUE,0
174000000000,174,local_for_veh_8,veh_8,veh_8,LOCAL,4000000000,DIAGNOSTIC_SYNTHETIC_VALUE,0
174000000000,174,local_for_veh_9,veh_9,veh_9,LOCAL,4000000000,DIAGNOSTIC_SYNTHETIC_VALUE,0
174000000000,174,local_for_veh_10,veh_10,veh_10,LOCAL,4000000000,DIAGNOSTIC_SYNTHETIC_VALUE,0
174000000000,174,local_for_veh_11,veh_11,veh_11,LOCAL,4000000000,DIAGNOSTIC_SYNTHETIC_VALUE,0
175000000000,175,local_for_veh_0,veh_0,veh_0,LOCAL,4000000000,DIAGNOSTIC_SYNTHETIC_VALUE,0
175000000000,175,local_for_veh_1,veh_1,veh_1,LOCAL,4000000000,DIAGNOSTIC_SYNTHETIC_VALUE,0
175000000000,175,local_for_veh_2,veh_2,veh_2,LOCAL,4000000000,DIAGNOSTIC_SYNTHETIC_VALUE,0
175000000000,175,local_for_veh_3,veh_3,veh_3,LOCAL,4000000000,DIAGNOSTIC_SYNTHETIC_VALUE,0
175000000000,175,local_for_veh_4,veh_4,veh_4,LOCAL,4000000000,DIAGNOSTIC_SYNTHETIC_VALUE,0
175000000000,175,local_for_veh_5,veh_5,veh_5,LOCAL,4000000000,DIAGNOSTIC_SYNTHETIC_VALUE,0
175000000000,175,local_for_veh_6,veh_6,veh_6,LOCAL,4000000000,DIAGNOSTIC_SYNTHETIC_VALUE,0
175000000000,175,local_for_veh_7,veh_7,veh_7,LOCAL,4000000000,DIAGNOSTIC_SYNTHETIC_VALUE,0
175000000000,175,local_for_veh_8,veh_8,veh_8,LOCAL,4000000000,DIAGNOSTIC_SYNTHETIC_VALUE,0
175000000000,175,local_for_veh_9,veh_9,veh_9,LOCAL,4000000000,DIAGNOSTIC_SYNTHETIC_VALUE,0
175000000000,175,local_for_veh_10,veh_10,veh_10,LOCAL,4000000000,DIAGNOSTIC_SYNTHETIC_VALUE,0
175000000000,175,local_for_veh_11,veh_11,veh_11,LOCAL,4000000000,DIAGNOSTIC_SYNTHETIC_VALUE,0
176000000000,176,local_for_veh_0,veh_0,veh_0,LOCAL,4000000000,DIAGNOSTIC_SYNTHETIC_VALUE,0
176000000000,176,local_for_veh_1,veh_1,veh_1,LOCAL,4000000000,DIAGNOSTIC_SYNTHETIC_VALUE,0
176000000000,176,local_for_veh_2,veh_2,veh_2,LOCAL,4000000000,DIAGNOSTIC_SYNTHETIC_VALUE,0
176000000000,176,local_for_veh_3,veh_3,veh_3,LOCAL,4000000000,DIAGNOSTIC_SYNTHETIC_VALUE,0
176000000000,176,local_for_veh_4,veh_4,veh_4,LOCAL,4000000000,DIAGNOSTIC_SYNTHETIC_VALUE,0
176000000000,176,local_for_veh_5,veh_5,veh_5,LOCAL,4000000000,DIAGNOSTIC_SYNTHETIC_VALUE,0
176000000000,176,local_for_veh_6,veh_6,veh_6,LOCAL,4000000000,DIAGNOSTIC_SYNTHETIC_VALUE,0
176000000000,176,local_for_veh_7,veh_7,veh_7,LOCAL,4000000000,DIAGNOSTIC_SYNTHETIC_VALUE,0
176000000000,176,local_for_veh_8,veh_8,veh_8,LOCAL,4000000000,DIAGNOSTIC_SYNTHETIC_VALUE,0
176000000000,176,local_for_veh_9,veh_9,veh_9,LOCAL,4000000000,DIAGNOSTIC_SYNTHETIC_VALUE,0
176000000000,176,local_for_veh_10,veh_10,veh_10,LOCAL,4000000000,DIAGNOSTIC_SYNTHETIC_VALUE,0
176000000000,176,local_for_veh_11,veh_11,veh_11,LOCAL,4000000000,DIAGNOSTIC_SYNTHETIC_VALUE,0
177000000000,177,local_for_veh_0,veh_0,veh_0,LOCAL,4000000000,DIAGNOSTIC_SYNTHETIC_VALUE,0
177000000000,177,local_for_veh_1,veh_1,veh_1,LOCAL,4000000000,DIAGNOSTIC_SYNTHETIC_VALUE,0
177000000000,177,local_for_veh_2,veh_2,veh_2,LOCAL,4000000000,DIAGNOSTIC_SYNTHETIC_VALUE,0
177000000000,177,local_for_veh_3,veh_3,veh_3,LOCAL,4000000000,DIAGNOSTIC_SYNTHETIC_VALUE,0
177000000000,177,local_for_veh_4,veh_4,veh_4,LOCAL,4000000000,DIAGNOSTIC_SYNTHETIC_VALUE,0
177000000000,177,local_for_veh_5,veh_5,veh_5,LOCAL,4000000000,DIAGNOSTIC_SYNTHETIC_VALUE,0
177000000000,177,local_for_veh_6,veh_6,veh_6,LOCAL,4000000000,DIAGNOSTIC_SYNTHETIC_VALUE,0
177000000000,177,local_for_veh_7,veh_7,veh_7,LOCAL,4000000000,DIAGNOSTIC_SYNTHETIC_VALUE,0
177000000000,177,local_for_veh_8,veh_8,veh_8,LOCAL,4000000000,DIAGNOSTIC_SYNTHETIC_VALUE,0
177000000000,177,local_for_veh_9,veh_9,veh_9,LOCAL,4000000000,DIAGNOSTIC_SYNTHETIC_VALUE,0
177000000000,177,local_for_veh_10,veh_10,veh_10,LOCAL,4000000000,DIAGNOSTIC_SYNTHETIC_VALUE,0
177000000000,177,local_for_veh_11,veh_11,veh_11,LOCAL,4000000000,DIAGNOSTIC_SYNTHETIC_VALUE,0
178000000000,178,local_for_veh_0,veh_0,veh_0,LOCAL,4000000000,DIAGNOSTIC_SYNTHETIC_VALUE,0
178000000000,178,local_for_veh_1,veh_1,veh_1,LOCAL,4000000000,DIAGNOSTIC_SYNTHETIC_VALUE,0
178000000000,178,local_for_veh_2,veh_2,veh_2,LOCAL,4000000000,DIAGNOSTIC_SYNTHETIC_VALUE,0
178000000000,178,local_for_veh_3,veh_3,veh_3,LOCAL,4000000000,DIAGNOSTIC_SYNTHETIC_VALUE,0
178000000000,178,local_for_veh_4,veh_4,veh_4,LOCAL,4000000000,DIAGNOSTIC_SYNTHETIC_VALUE,0
178000000000,178,local_for_veh_5,veh_5,veh_5,LOCAL,4000000000,DIAGNOSTIC_SYNTHETIC_VALUE,0
178000000000,178,local_for_veh_6,veh_6,veh_6,LOCAL,4000000000,DIAGNOSTIC_SYNTHETIC_VALUE,0
178000000000,178,local_for_veh_7,veh_7,veh_7,LOCAL,4000000000,DIAGNOSTIC_SYNTHETIC_VALUE,0
178000000000,178,local_for_veh_8,veh_8,veh_8,LOCAL,4000000000,DIAGNOSTIC_SYNTHETIC_VALUE,0
178000000000,178,local_for_veh_9,veh_9,veh_9,LOCAL,4000000000,DIAGNOSTIC_SYNTHETIC_VALUE,0
178000000000,178,local_for_veh_10,veh_10,veh_10,LOCAL,4000000000,DIAGNOSTIC_SYNTHETIC_VALUE,0
178000000000,178,local_for_veh_11,veh_11,veh_11,LOCAL,4000000000,DIAGNOSTIC_SYNTHETIC_VALUE,0
179000000000,179,local_for_veh_0,veh_0,veh_0,LOCAL,4000000000,DIAGNOSTIC_SYNTHETIC_VALUE,0
179000000000,179,local_for_veh_1,veh_1,veh_1,LOCAL,4000000000,DIAGNOSTIC_SYNTHETIC_VALUE,0
179000000000,179,local_for_veh_2,veh_2,veh_2,LOCAL,4000000000,DIAGNOSTIC_SYNTHETIC_VALUE,0
179000000000,179,local_for_veh_3,veh_3,veh_3,LOCAL,4000000000,DIAGNOSTIC_SYNTHETIC_VALUE,0
179000000000,179,local_for_veh_4,veh_4,veh_4,LOCAL,4000000000,DIAGNOSTIC_SYNTHETIC_VALUE,0
179000000000,179,local_for_veh_5,veh_5,veh_5,LOCAL,4000000000,DIAGNOSTIC_SYNTHETIC_VALUE,0
179000000000,179,local_for_veh_6,veh_6,veh_6,LOCAL,4000000000,DIAGNOSTIC_SYNTHETIC_VALUE,0
179000000000,179,local_for_veh_7,veh_7,veh_7,LOCAL,4000000000,DIAGNOSTIC_SYNTHETIC_VALUE,0
179000000000,179,local_for_veh_8,veh_8,veh_8,LOCAL,4000000000,DIAGNOSTIC_SYNTHETIC_VALUE,0
179000000000,179,local_for_veh_9,veh_9,veh_9,LOCAL,4000000000,DIAGNOSTIC_SYNTHETIC_VALUE,0
179000000000,179,local_for_veh_10,veh_10,veh_10,LOCAL,4000000000,DIAGNOSTIC_SYNTHETIC_VALUE,0
179000000000,179,local_for_veh_11,veh_11,veh_11,LOCAL,4000000000,DIAGNOSTIC_SYNTHETIC_VALUE,0
180000000000,180,local_for_veh_0,veh_0,veh_0,LOCAL,4000000000,DIAGNOSTIC_SYNTHETIC_VALUE,0
180000000000,180,local_for_veh_1,veh_1,veh_1,LOCAL,4000000000,DIAGNOSTIC_SYNTHETIC_VALUE,0
180000000000,180,local_for_veh_2,veh_2,veh_2,LOCAL,4000000000,DIAGNOSTIC_SYNTHETIC_VALUE,0
180000000000,180,local_for_veh_3,veh_3,veh_3,LOCAL,4000000000,DIAGNOSTIC_SYNTHETIC_VALUE,0
180000000000,180,local_for_veh_4,veh_4,veh_4,LOCAL,4000000000,DIAGNOSTIC_SYNTHETIC_VALUE,0
180000000000,180,local_for_veh_5,veh_5,veh_5,LOCAL,4000000000,DIAGNOSTIC_SYNTHETIC_VALUE,0
180000000000,180,local_for_veh_6,veh_6,veh_6,LOCAL,4000000000,DIAGNOSTIC_SYNTHETIC_VALUE,0
180000000000,180,local_for_veh_7,veh_7,veh_7,LOCAL,4000000000,DIAGNOSTIC_SYNTHETIC_VALUE,0
180000000000,180,local_for_veh_8,veh_8,veh_8,LOCAL,4000000000,DIAGNOSTIC_SYNTHETIC_VALUE,0
180000000000,180,local_for_veh_9,veh_9,veh_9,LOCAL,4000000000,DIAGNOSTIC_SYNTHETIC_VALUE,0
180000000000,180,local_for_veh_10,veh_10,veh_10,LOCAL,4000000000,DIAGNOSTIC_SYNTHETIC_VALUE,0
180000000000,180,local_for_veh_11,veh_11,veh_11,LOCAL,4000000000,DIAGNOSTIC_SYNTHETIC_VALUE,0
