timeNs,timeSeconds,candidateId,sourceVehicleId,executionNodeId,type,availableCpu,availableBandwidth,propagationDelaySeconds,regionalRadioDelaySeconds,nodeBaseDelaySeconds,bandwidthPoolId,gatewayId,runtimeGatewayId,cellRegionId,bandwidthMeasurementTimeSeconds,bandwidthAgeSeconds,uplinkResidualBandwidth,downlinkResidualBandwidth,bandwidthPolicy,bandwidthSource,bandwidthLookupPolicy,bucketBoundaryPolicy,propagationDelayPolicy
31000000000,31,edge_north_for_veh_0,veh_0,edge_north,EDGE,12000000000,39746080,0.085,0.08,0.005,pool_rsu_north,rsu_north,rsu_0,region_north_normal,30,1,39746080,59665200,MIN_RESIDUAL_CELL_UPLINK_DOWNLINK_DIAGNOSTIC,CELL_BANDWIDTH_STREAM_RESIDUAL,LATEST_SAFE_AVAILABLE_CELL_BUCKET,START_TIMESTAMP_FOR_INTERVAL,MAX_CELL_UPLINK_DOWNLINK_UNICAST_PLUS_NODE_BASE_DIAGNOSTIC
31000000000,31,cloud_regional_for_veh_0,veh_0,cloud_regional,CLOUD,100000000000,39746080,0.28,0.08,0.2,pool_rsu_north,rsu_north,rsu_0,region_north_normal,30,1,39746080,59665200,MIN_RESIDUAL_CELL_UPLINK_DOWNLINK_DIAGNOSTIC,CELL_BANDWIDTH_STREAM_RESIDUAL,LATEST_SAFE_AVAILABLE_CELL_BUCKET,START_TIMESTAMP_FOR_INTERVAL,MAX_CELL_UPLINK_DOWNLINK_UNICAST_PLUS_NODE_BASE_DIAGNOSTIC
32000000000,32,edge_north_for_veh_0,veh_0,edge_north,EDGE,12000000000,39703760,0.085,0.08,0.005,pool_rsu_north,rsu_north,rsu_0,region_north_normal,31,1,39703760,59609400,MIN_RESIDUAL_CELL_UPLINK_DOWNLINK_DIAGNOSTIC,CELL_BANDWIDTH_STREAM_RESIDUAL,LATEST_SAFE_AVAILABLE_CELL_BUCKET,START_TIMESTAMP_FOR_INTERVAL,MAX_CELL_UPLINK_DOWNLINK_UNICAST_PLUS_NODE_BASE_DIAGNOSTIC
32000000000,32,cloud_regional_for_veh_0,veh_0,cloud_regional,CLOUD,100000000000,39703760,0.28,0.08,0.2,pool_rsu_north,rsu_north,rsu_0,region_north_normal,31,1,39703760,59609400,MIN_RESIDUAL_CELL_UPLINK_DOWNLINK_DIAGNOSTIC,CELL_BANDWIDTH_STREAM_RESIDUAL,LATEST_SAFE_AVAILABLE_CELL_BUCKET,START_TIMESTAMP_FOR_INTERVAL,MAX_CELL_UPLINK_DOWNLINK_UNICAST_PLUS_NODE_BASE_DIAGNOSTIC
33000000000,33,edge_north_for_veh_0,veh_0,edge_north,EDGE,12000000000,39703760,0.085,0.08,0.005,pool_rsu_north,rsu_north,rsu_0,region_north_normal,32,1,39703760,59609400,MIN_RESIDUAL_CELL_UPLINK_DOWNLINK_DIAGNOSTIC,CELL_BANDWIDTH_STREAM_RESIDUAL,LATEST_SAFE_AVAILABLE_CELL_BUCKET,START_TIMESTAMP_FOR_INTERVAL,MAX_CELL_UPLINK_DOWNLINK_UNICAST_PLUS_NODE_BASE_DIAGNOSTIC
33000000000,33,cloud_regional_for_veh_0,veh_0,cloud_regional,CLOUD,100000000000,39703760,0.28,0.08,0.2,pool_rsu_north,rsu_north,rsu_0,region_north_normal,32,1,39703760,59609400,MIN_RESIDUAL_CELL_UPLINK_DOWNLINK_DIAGNOSTIC,CELL_BANDWIDTH_STREAM_RESIDUAL,LATEST_SAFE_AVAILABLE_CELL_BUCKET,START_TIMESTAMP_FOR_INTERVAL,MAX_CELL_UPLINK_DOWNLINK_UNICAST_PLUS_NODE_BASE_DIAGNOSTIC
34000000000,34,edge_north_for_veh_0,veh_0,edge_north,EDGE,12000000000,39703760,0.085,0.08,0.005,pool_rsu_north,rsu_north,rsu_0,region_north_normal,33,1,39703760,59609400,MIN_RESIDUAL_CELL_UPLINK_DOWNLINK_DIAGNOSTIC,CELL_BANDWIDTH_STREAM_RESIDUAL,LATEST_SAFE_AVAILABLE_CELL_BUCKET,START_TIMESTAMP_FOR_INTERVAL,MAX_CELL_UPLINK_DOWNLINK_UNICAST_PLUS_NODE_BASE_DIAGNOSTIC
34000000000,34,cloud_regional_for_veh_0,veh_0,cloud_regional,CLOUD,100000000000,39703760,0.28,0.08,0.2,pool_rsu_north,rsu_north,rsu_0,region_north_normal,33,1,39703760,59609400,MIN_RESIDUAL_CELL_UPLINK_DOWNLINK_DIAGNOSTIC,CELL_BANDWIDTH_STREAM_RESIDUAL,LATEST_SAFE_AVAILABLE_CELL_BUCKET,START_TIMESTAMP_FOR_INTERVAL,MAX_CELL_UPLINK_DOWNLINK_UNICAST_PLUS_NODE_BASE_DIAGNOSTIC
35000000000,35,edge_north_for_veh_0,veh_0,edge_north,EDGE,12000000000,39703760,0.085,0.08,0.005,pool_rsu_north,rsu_north,rsu_0,region_north_normal,34,1,39703760,59609400,MIN_RESIDUAL_CELL_UPLINK_DOWNLINK_DIAGNOSTIC,CELL_BANDWIDTH_STREAM_RESIDUAL,LATEST_SAFE_AVAILABLE_CELL_BUCKET,START_TIMESTAMP_FOR_INTERVAL,MAX_CELL_UPLINK_DOWNLINK_UNICAST_PLUS_NODE_BASE_DIAGNOSTIC
35000000000,35,cloud_regional_for_veh_0,veh_0,cloud_regional,CLOUD,100000000000,39703760,0.28,0.08,0.2,pool_rsu_north,rsu_north,rsu_0,region_north_normal,34,1,39703760,59609400,MIN_RESIDUAL_CELL_UPLINK_DOWNLINK_DIAGNOSTIC,CELL_BANDWIDTH_STREAM_RESIDUAL,LATEST_SAFE_AVAILABLE_CELL_BUCKET,START_TIMESTAMP_FOR_INTERVAL,MAX_CELL_UPLINK_DOWNLINK_UNICAST_PLUS_NODE_BASE_DIAGNOSTIC
35000000000,35,edge_north_for_veh_1,veh_1,edge_north,EDGE,12000000000,39703760,0.085,0.08,0.005,pool_rsu_north,rsu_north,rsu_0,region_north_normal,34,1,39703760,59609400,MIN_RESIDUAL_CELL_UPLINK_DOWNLINK_DIAGNOSTIC,CELL_BANDWIDTH_STREAM_RESIDUAL,LATEST_SAFE_AVAILABLE_CELL_BUCKET,START_TIMESTAMP_FOR_INTERVAL,MAX_CELL_UPLINK_DOWNLINK_UNICAST_PLUS_NODE_BASE_DIAGNOSTIC
35000000000,35,cloud_regional_for_veh_1,veh_1,cloud_regional,CLOUD,100000000000,39703760,0.28,0.08,0.2,pool_rsu_north,rsu_north,rsu_0,region_north_normal,34,1,39703760,59609400,MIN_RESIDUAL_CELL_UPLINK_DOWNLINK_DIAGNOSTIC,CELL_BANDWIDTH_STREAM_RESIDUAL,LATEST_SAFE_AVAILABLE_CELL_BUCKET,START_TIMESTAMP_FOR_INTERVAL,MAX_CELL_UPLINK_DOWNLINK_UNICAST_PLUS_NODE_BASE_DIAGNOSTIC
36000000000,36,edge_north_for_veh_0,veh_0,edge_north,EDGE,12000000000,39661440,0.085,0.08,0.005,pool_rsu_north,rsu_north,rsu_0,region_north_normal,35,1,39661440,59553600,MIN_RESIDUAL_CELL_UPLINK_DOWNLINK_DIAGNOSTIC,CELL_BANDWIDTH_STREAM_RESIDUAL,LATEST_SAFE_AVAILABLE_CELL_BUCKET,START_TIMESTAMP_FOR_INTERVAL,MAX_CELL_UPLINK_DOWNLINK_UNICAST_PLUS_NODE_BASE_DIAGNOSTIC
36000000000,36,cloud_regional_for_veh_0,veh_0,cloud_regional,CLOUD,100000000000,39661440,0.28,0.08,0.2,pool_rsu_north,rsu_north,rsu_0,region_north_normal,35,1,39661440,59553600,MIN_RESIDUAL_CELL_UPLINK_DOWNLINK_DIAGNOSTIC,CELL_BANDWIDTH_STREAM_RESIDUAL,LATEST_SAFE_AVAILABLE_CELL_BUCKET,START_TIMESTAMP_FOR_INTERVAL,MAX_CELL_UPLINK_DOWNLINK_UNICAST_PLUS_NODE_BASE_DIAGNOSTIC
36000000000,36,edge_north_for_veh_1,veh_1,edge_north,EDGE,12000000000,39661440,0.085,0.08,0.005,pool_rsu_north,rsu_north,rsu_0,region_north_normal,35,1,39661440,59553600,MIN_RESIDUAL_CELL_UPLINK_DOWNLINK_DIAGNOSTIC,CELL_BANDWIDTH_STREAM_RESIDUAL,LATEST_SAFE_AVAILABLE_CELL_BUCKET,START_TIMESTAMP_FOR_INTERVAL,MAX_CELL_UPLINK_DOWNLINK_UNICAST_PLUS_NODE_BASE_DIAGNOSTIC
36000000000,36,cloud_regional_for_veh_1,veh_1,cloud_regional,CLOUD,100000000000,39661440,0.28,0.08,0.2,pool_rsu_north,rsu_north,rsu_0,region_north_normal,35,1,39661440,59553600,MIN_RESIDUAL_CELL_UPLINK_DOWNLINK_DIAGNOSTIC,CELL_BANDWIDTH_STREAM_RESIDUAL,LATEST_SAFE_AVAILABLE_CELL_BUCKET,START_TIMESTAMP_FOR_INTERVAL,MAX_CELL_UPLINK_DOWNLINK_UNICAST_PLUS_NODE_BASE_DIAGNOSTIC
37000000000,37,edge_north_for_veh_0,veh_0,edge_north,EDGE,12000000000,39661440,0.085,0.08,0.005,pool_rsu_north,rsu_north,rsu_0,region_north_normal,36,1,39661440,59553600,MIN_RESIDUAL_CELL_UPLINK_DOWNLINK_DIAGNOSTIC,CELL_BANDWIDTH_STREAM_RESIDUAL,LATEST_SAFE_AVAILABLE_CELL_BUCKET,START_TIMESTAMP_FOR_INTERVAL,MAX_CELL_UPLINK_DOWNLINK_UNICAST_PLUS_NODE_BASE_DIAGNOSTIC
37000000000,37,cloud_regional_for_veh_0,veh_0,cloud_regional,CLOUD,100000000000,39661440,0.28,0.08,0.2,pool_rsu_north,rsu_north,rsu_0,region_north_normal,36,1,39661440,59553600,MIN_RESIDUAL_CELL_UPLINK_DOWNLINK_DIAGNOSTIC,CELL_BANDWIDTH_STREAM_RESIDUAL,LATEST_SAFE_AVAILABLE_CELL_BUCKET,START_TIMESTAMP_FOR_INTERVAL,MAX_CELL_UPLINK_DOWNLINK_UNICAST_PLUS_NODE_BASE_DIAGNOSTIC
37000000000,37,edge_north_for_veh_1,veh_1,edge_north,EDGE,12000000000,39661440,0.085,0.08,0.005,pool_rsu_north,rsu_north,rsu_0,region_north_normal,36,1,39661440,59553600,MIN_RESIDUAL_CELL_UPLINK_DOWNLINK_DIAGNOSTIC,CELL_BANDWIDTH_STREAM_RESIDUAL,LATEST_SAFE_AVAILABLE_CELL_BUCKET,START_TIMESTAMP_FOR_INTERVAL,MAX_CELL_UPLINK_DOWNLINK_UNICAST_PLUS_NODE_BASE_DIAGNOSTIC
37000000000,37,cloud_regional_for_veh_1,veh_1,cloud_regional,CLOUD,100000000000,39661440,0.28,0.08,0.2,pool_rsu_north,rsu_north,rsu_0,region_north_normal,36,1,39661440,59553600,MIN_RESIDUAL_CELL_UPLINK_DOWNLINK_DIAGNOSTIC,CELL_BANDWIDTH_STREAM_RESIDUAL,LATEST_SAFE_AVAILABLE_CELL_BUCKET,START_TIMESTAMP_FOR_INTERVAL,MAX_CELL_UPLINK_DOWNLINK_UNICAST_PLUS_NODE_BASE_DIAGNOSTIC
38000000000,38,edge_north_for_veh_0,veh_0,edge_north,EDGE,12000000000,39661440,0.085,0.08,0.005,pool_rsu_north,rsu_north,rsu_0,region_north_normal,37,1,39661440,59553600,MIN_RESIDUAL_CELL_UPLINK_DOWNLINK_DIAGNOSTIC,CELL_BANDWIDTH_STREAM_RESIDUAL,LATEST_SAFE_AVAILABLE_CELL_BUCKET,START_TIMESTAMP_FOR_INTERVAL,MAX_CELL_UPLINK_DOWNLINK_UNICAST_PLUS_NODE_BASE_DIAGNOSTIC
38000000000,38,cloud_regional_for_veh_0,veh_0,cloud_regional,CLOUD,100000000000,39661440,0.28,0.08,0.2,pool_rsu_north,rsu_north,rsu_0,region_north_normal,37,1,39661440,59553600,MIN_RESIDUAL_CELL_UPLINK_DOWNLINK_DIAGNOSTIC,CELL_BANDWIDTH_STREAM_RESIDUAL,LATEST_SAFE_AVAILABLE_CELL_BUCKET,START_TIMESTAMP_FOR_INTERVAL,MAX_CELL_UPLINK_DOWNLINK_UNICAST_PLUS_NODE_BASE_DIAGNOSTIC
38000000000,38,edge_north_for_veh_1,veh_1,edge_north,EDGE,12000000000,39661440,0.085,0.08,0.005,pool_rsu_north,rsu_north,rsu_0,region_north_normal,37,1,39661440,59553600,MIN_RESIDUAL_CELL_UPLINK_DOWNLINK_DIAGNOSTIC,CELL_BANDWIDTH_STREAM_RESIDUAL,LATEST_SAFE_AVAILABLE_CELL_BUCKET,START_TIMESTAMP_FOR_INTERVAL,MAX_CELL_UPLINK_DOWNLINK_UNICAST_PLUS_NODE_BASE_DIAGNOSTIC
38000000000,38,cloud_regional_for_veh_1,veh_1,cloud_regional,CLOUD,100000000000,39661440,0.28,0.08,0.2,pool_rsu_north,rsu_north,rsu_0,region_north_normal,37,1,39661440,59553600,MIN_RESIDUAL_CELL_UPLINK_DOWNLINK_DIAGNOSTIC,CELL_BANDWIDTH_STREAM_RESIDUAL,LATEST_SAFE_AVAILABLE_CELL_BUCKET,START_TIMESTAMP_FOR_INTERVAL,MAX_CELL_UPLINK_DOWNLINK_UNICAST_PLUS_NODE_BASE_DIAGNOSTIC
39000000000,39,edge_north_for_veh_0,veh_0,edge_north,EDGE,12000000000,39661440,0.085,0.08,0.005,pool_rsu_north,rsu_north,rsu_0,region_north_normal,38,1,39661440,59553600,MIN_RESIDUAL_CELL_UPLINK_DOWNLINK_DIAGNOSTIC,CELL_BANDWIDTH_STREAM_RESIDUAL,LATEST_SAFE_AVAILABLE_CELL_BUCKET,START_TIMESTAMP_FOR_INTERVAL,MAX_CELL_UPLINK_DOWNLINK_UNICAST_PLUS_NODE_BASE_DIAGNOSTIC
39000000000,39,cloud_regional_for_veh_0,veh_0,cloud_regional,CLOUD,100000000000,39661440,0.28,0.08,0.2,pool_rsu_north,rsu_north,rsu_0,region_north_normal,38,1,39661440,59553600,MIN_RESIDUAL_CELL_UPLINK_DOWNLINK_DIAGNOSTIC,CELL_BANDWIDTH_STREAM_RESIDUAL,LATEST_SAFE_AVAILABLE_CELL_BUCKET,START_TIMESTAMP_FOR_INTERVAL,MAX_CELL_UPLINK_DOWNLINK_UNICAST_PLUS_NODE_BASE_DIAGNOSTIC
39000000000,39,edge_north_for_veh_1,veh_1,edge_north,EDGE,12000000000,39661440,0.085,0.08,0.005,pool_rsu_north,rsu_north,rsu_0,region_north_normal,38,1,39661440,59553600,MIN_RESIDUAL_CELL_UPLINK_DOWNLINK_DIAGNOSTIC,CELL_BANDWIDTH_STREAM_RESIDUAL,LATEST_SAFE_AVAILABLE_CELL_BUCKET,START_TIMESTAMP_FOR_INTERVAL,MAX_CELL_UPLINK_DOWNLINK_UNICAST_PLUS_NODE_BASE_DIAGNOSTIC
39000000000,39,cloud_regional_for_veh_1,veh_1,cloud_regional,CLOUD,100000000000,39661440,0.28,0.08,0.2,pool_rsu_north,rsu_north,rsu_0,region_north_normal,38,1,39661440,59553600,MIN_RESIDUAL_CELL_UPLINK_DOWNLINK_DIAGNOSTIC,CELL_BANDWIDTH_STREAM_RESIDUAL,LATEST_SAFE_AVAILABLE_CELL_BUCKET,START_TIMESTAMP_FOR_INTERVAL,MAX_CELL_UPLINK_DOWNLINK_UNICAST_PLUS_NODE_BASE_DIAGNOSTIC
39000000000,39,edge_north_for_veh_2,veh_2,edge_north,EDGE,12000000000,39661440,0.085,0.08,0.005,pool_rsu_north,rsu_north,rsu_0,region_north_normal,38,1,39661440,59553600,MIN_RESIDUAL_CELL_UPLINK_DOWNLINK_DIAGNOSTIC,CELL_BANDWIDTH_STREAM_RESIDUAL,LATEST_SAFE_AVAILABLE_CELL_BUCKET,START_TIMESTAMP_FOR_INTERVAL,MAX_CELL_UPLINK_DOWNLINK_UNICAST_PLUS_NODE_BASE_DIAGNOSTIC
39000000000,39,cloud_regional_for_veh_2,veh_2,cloud_regional,CLOUD,100000000000,39661440,0.28,0.08,0.2,pool_rsu_north,rsu_north,rsu_0,region_north_normal,38,1,39661440,59553600,MIN_RESIDUAL_CELL_UPLINK_DOWNLINK_DIAGNOSTIC,CELL_BANDWIDTH_STREAM_RESIDUAL,LATEST_SAFE_AVAILABLE_CELL_BUCKET,START_TIMESTAMP_FOR_INTERVAL,MAX_CELL_UPLINK_DOWNLINK_UNICAST_PLUS_NODE_BASE_DIAGNOSTIC
40000000000,40,edge_north_for_veh_0,veh_0,edge_north,EDGE,12000000000,39619120,0.085,0.08,0.005,pool_rsu_north,rsu_north,rsu_0,region_north_normal,39,1,39619120,59497800,MIN_RESIDUAL_CELL_UPLINK_DOWNLINK_DIAGNOSTIC,CELL_BANDWIDTH_STREAM_RESIDUAL,LATEST_SAFE_AVAILABLE_CELL_BUCKET,START_TIMESTAMP_FOR_INTERVAL,MAX_CELL_UPLINK_DOWNLINK_UNICAST_PLUS_NODE_BASE_DIAGNOSTIC
40000000000,40,cloud_regional_for_veh_0,veh_0,cloud_regional,CLOUD,100000000000,39619120,0.28,0.08,0.2,pool_rsu_north,rsu_north,rsu_0,region_north_normal,39,1,39619120,59497800,MIN_RESIDUAL_CELL_UPLINK_DOWNLINK_DIAGNOSTIC,CELL_BANDWIDTH_STREAM_RESIDUAL,LATEST_SAFE_AVAILABLE_CELL_BUCKET,START_TIMESTAMP_FOR_INTERVAL,MAX_CELL_UPLINK_DOWNLINK_UNICAST_PLUS_NODE_BASE_DIAGNOSTIC
40000000000,40,edge_north_for_veh_1,veh_1,edge_north,EDGE,12000000000,39619120,0.085,0.08,0.005,pool_rsu_north,rsu_north,rsu_0,region_north_normal,39,1,39619120,59497800,MIN_RESIDUAL_CELL_UPLINK_DOWNLINK_DIAGNOSTIC,CELL_BANDWIDTH_STREAM_RESIDUAL,LATEST_SAFE_AVAILABLE_CELL_BUCKET,START_TIMESTAMP_FOR_INTERVAL,MAX_CELL_UPLINK_DOWNLINK_UNICAST_PLUS_NODE_BASE_DIAGNOSTIC
40000000000,40,cloud_regional_for_veh_1,veh_1,cloud_regional,CLOUD,100000000000,39619120,0.28,0.08,0.2,pool_rsu_north,rsu_north,rsu_0,region_north_normal,39,1,39619120,59497800,MIN_RESIDUAL_CELL_UPLINK_DOWNLINK_DIAGNOSTIC,CELL_BANDWIDTH_STREAM_RESIDUAL,LATEST_SAFE_AVAILABLE_CELL_BUCKET,START_TIMESTAMP_FOR_INTERVAL,MAX_CELL_UPLINK_DOWNLINK_UNICAST_PLUS_NODE_BASE_DIAGNOSTIC
40000000000,40,edge_north_for_veh_2,veh_2,edge_north,EDGE,12000000000,39619120,0.085,0.08,0.005,pool_rsu_north,rsu_north,rsu_0,region_north_normal,39,1,39619120,59497800,MIN_RESIDUAL_CELL_UPLINK_DOWNLINK_DIAGNOSTIC,CELL_BANDWIDTH_STREAM_RESIDUAL,LATEST_SAFE_AVAILABLE_CELL_BUCKET,START_TIMESTAMP_FOR_INTERVAL,MAX_CELL_UPLINK_DOWNLINK_UNICAST_PLUS_NODE_BASE_DIAGNOSTIC
40000000000,40,cloud_regional_for_veh_2,veh_2,cloud_regional,CLOUD,100000000000,39619120,0.28,0.08,0.2,pool_rsu_north,rsu_north,rsu_0,region_north_normal,39,1,39619120,59497800,MIN_RESIDUAL_CELL_UPLINK_DOWNLINK_DIAGNOSTIC,CELL_BANDWIDTH_STREAM_RESIDUAL,LATEST_SAFE_AVAILABLE_CELL_BUCKET,START_TIMESTAMP_FOR_INTERVAL,MAX_CELL_UPLINK_DOWNLINK_UNICAST_PLUS_NODE_BASE_DIAGNOSTIC
41000000000,41,edge_north_for_veh_0,veh_0,edge_north,EDGE,12000000000,39619120,0.085,0.08,0.005,pool_rsu_north,rsu_north,rsu_0,region_north_normal,40,1,39619120,59497800,MIN_RESIDUAL_CELL_UPLINK_DOWNLINK_DIAGNOSTIC,CELL_BANDWIDTH_STREAM_RESIDUAL,LATEST_SAFE_AVAILABLE_CELL_BUCKET,START_TIMESTAMP_FOR_INTERVAL,MAX_CELL_UPLINK_DOWNLINK_UNICAST_PLUS_NODE_BASE_DIAGNOSTIC
41000000000,41,cloud_regional_for_veh_0,veh_0,cloud_regional,CLOUD,100000000000,39619120,0.28,0.08,0.2,pool_rsu_north,rsu_north,rsu_0,region_north_normal,40,1,39619120,59497800,MIN_RESIDUAL_CELL_UPLINK_DOWNLINK_DIAGNOSTIC,CELL_BANDWIDTH_STREAM_RESIDUAL,LATEST_SAFE_AVAILABLE_CELL_BUCKET,START_TIMESTAMP_FOR_INTERVAL,MAX_CELL_UPLINK_DOWNLINK_UNICAST_PLUS_NODE_BASE_DIAGNOSTIC
41000000000,41,edge_north_for_veh_1,veh_1,edge_north,EDGE,12000000000,39619120,0.085,0.08,0.005,pool_rsu_north,rsu_north,rsu_0,region_north_normal,40,1,39619120,59497800,MIN_RESIDUAL_CELL_UPLINK_DOWNLINK_DIAGNOSTIC,CELL_BANDWIDTH_STREAM_RESIDUAL,LATEST_SAFE_AVAILABLE_CELL_BUCKET,START_TIMESTAMP_FOR_INTERVAL,MAX_CELL_UPLINK_DOWNLINK_UNICAST_PLUS_NODE_BASE_DIAGNOSTIC
41000000000,41,cloud_regional_for_veh_1,veh_1,cloud_regional,CLOUD,100000000000,39619120,0.28,0.08,0.2,pool_rsu_north,rsu_north,rsu_0,region_north_normal,40,1,39619120,59497800,MIN_RESIDUAL_CELL_UPLINK_DOWNLINK_DIAGNOSTIC,CELL_BANDWIDTH_STREAM_RESIDUAL,LATEST_SAFE_AVAILABLE_CELL_BUCKET,START_TIMESTAMP_FOR_INTERVAL,MAX_CELL_UPLINK_DOWNLINK_UNICAST_PLUS_NODE_BASE_DIAGNOSTIC
41000000000,41,edge_north_for_veh_2,veh_2,edge_north,EDGE,12000000000,39619120,0.085,0.08,0.005,pool_rsu_north,rsu_north,rsu_0,region_north_normal,40,1,39619120,59497800,MIN_RESIDUAL_CELL_UPLINK_DOWNLINK_DIAGNOSTIC,CELL_BANDWIDTH_STREAM_RESIDUAL,LATEST_SAFE_AVAILABLE_CELL_BUCKET,START_TIMESTAMP_FOR_INTERVAL,MAX_CELL_UPLINK_DOWNLINK_UNICAST_PLUS_NODE_BASE_DIAGNOSTIC
41000000000,41,cloud_regional_for_veh_2,veh_2,cloud_regional,CLOUD,100000000000,39619120,0.28,0.08,0.2,pool_rsu_north,rsu_north,rsu_0,region_north_normal,40,1,39619120,59497800,MIN_RESIDUAL_CELL_UPLINK_DOWNLINK_DIAGNOSTIC,CELL_BANDWIDTH_STREAM_RESIDUAL,LATEST_SAFE_AVAILABLE_CELL_BUCKET,START_TIMESTAMP_FOR_INTERVAL,MAX_CELL_UPLINK_DOWNLINK_UNICAST_PLUS_NODE_BASE_DIAGNOSTIC
42000000000,42,edge_north_for_veh_0,veh_0,edge_north,EDGE,12000000000,39619120,0.085,0.08,0.005,pool_rsu_north,rsu_north,rsu_0,region_north_normal,41,1,39619120,59497800,MIN_RESIDUAL_CELL_UPLINK_DOWNLINK_DIAGNOSTIC,CELL_BANDWIDTH_STREAM_RESIDUAL,LATEST_SAFE_AVAILABLE_CELL_BUCKET,START_TIMESTAMP_FOR_INTERVAL,MAX_CELL_UPLINK_DOWNLINK_UNICAST_PLUS_NODE_BASE_DIAGNOSTIC
42000000000,42,cloud_regional_for_veh_0,veh_0,cloud_regional,CLOUD,100000000000,39619120,0.28,0.08,0.2,pool_rsu_north,rsu_north,rsu_0,region_north_normal,41,1,39619120,59497800,MIN_RESIDUAL_CELL_UPLINK_DOWNLINK_DIAGNOSTIC,CELL_BANDWIDTH_STREAM_RESIDUAL,LATEST_SAFE_AVAILABLE_CELL_BUCKET,START_TIMESTAMP_FOR_INTERVAL,MAX_CELL_UPLINK_DOWNLINK_UNICAST_PLUS_NODE_BASE_DIAGNOSTIC
42000000000,42,edge_north_for_veh_1,veh_1,edge_north,EDGE,12000000000,39619120,0.085,0.08,0.005,pool_rsu_north,rsu_north,rsu_0,region_north_normal,41,1,39619120,59497800,MIN_RESIDUAL_CELL_UPLINK_DOWNLINK_DIAGNOSTIC,CELL_BANDWIDTH_STREAM_RESIDUAL,LATEST_SAFE_AVAILABLE_CELL_BUCKET,START_TIMESTAMP_FOR_INTERVAL,MAX_CELL_UPLINK_DOWNLINK_UNICAST_PLUS_NODE_BASE_DIAGNOSTIC
42000000000,42,cloud_regional_for_veh_1,veh_1,cloud_regional,CLOUD,100000000000,39619120,0.28,0.08,0.2,pool_rsu_north,rsu_north,rsu_0,region_north_normal,41,1,39619120,59497800,MIN_RESIDUAL_CELL_UPLINK_DOWNLINK_DIAGNOSTIC,CELL_BANDWIDTH_STREAM_RESIDUAL,LATEST_SAFE_AVAILABLE_CELL_BUCKET,START_TIMESTAMP_FOR_INTERVAL,MAX_CELL_UPLINK_DOWNLINK_UNICAST_PLUS_NODE_BASE_DIAGNOSTIC
42000000000,42,edge_north_for_veh_2,veh_2,edge_north,EDGE,12000000000,39619120,0.085,0.08,0.005,pool_rsu_north,rsu_north,rsu_0,region_north_normal,41,1,39619120,59497800,MIN_RESIDUAL_CELL_UPLINK_DOWNLINK_DIAGNOSTIC,CELL_BANDWIDTH_STREAM_RESIDUAL,LATEST_SAFE_AVAILABLE_CELL_BUCKET,START_TIMESTAMP_FOR_INTERVAL,MAX_CELL_UPLINK_DOWNLINK_UNICAST_PLUS_NODE_BASE_DIAGNOSTIC
42000000000,42,cloud_regional_for_veh_2,veh_2,cloud_regional,CLOUD,100000000000,39619120,0.28,0.08,0.2,pool_rsu_north,rsu_north,rsu_0,region_north_normal,41,1,39619120,59497800,MIN_RESIDUAL_CELL_UPLINK_DOWNLINK_DIAGNOSTIC,CELL_BANDWIDTH_STREAM_RESIDUAL,LATEST_SAFE_AVAILABLE_CELL_BUCKET,START_TIMESTAMP_FOR_INTERVAL,MAX_CELL_UPLINK_DOWNLINK_UNICAST_PLUS_NODE_BASE_DIAGNOSTIC
43000000000,43,edge_north_for_veh_0,veh_0,edge_north,EDGE,12000000000,39619120,0.085,0.08,0.005,pool_rsu_north,rsu_north,rsu_0,region_north_normal,42,1,39619120,59497800,MIN_RESIDUAL_CELL_UPLINK_DOWNLINK_DIAGNOSTIC,CELL_BANDWIDTH_STREAM_RESIDUAL,LATEST_SAFE_AVAILABLE_CELL_BUCKET,START_TIMESTAMP_FOR_INTERVAL,MAX_CELL_UPLINK_DOWNLINK_UNICAST_PLUS_NODE_BASE_DIAGNOSTIC
43000000000,43,cloud_regional_for_veh_0,veh_0,cloud_regional,CLOUD,100000000000,39619120,0.28,0.08,0.2,pool_rsu_north,rsu_north,rsu_0,region_north_normal,42,1,39619120,59497800,MIN_RESIDUAL_CELL_UPLINK_DOWNLINK_DIAGNOSTIC,CELL_BANDWIDTH_STREAM_RESIDUAL,LATEST_SAFE_AVAILABLE_CELL_BUCKET,START_TIMESTAMP_FOR_INTERVAL,MAX_CELL_UPLINK_DOWNLINK_UNICAST_PLUS_NODE_BASE_DIAGNOSTIC
43000000000,43,edge_north_for_veh_1,veh_1,edge_north,EDGE,12000000000,39619120,0.085,0.08,0.005,pool_rsu_north,rsu_north,rsu_0,region_north_normal,42,1,39619120,59497800,MIN_RESIDUAL_CELL_UPLINK_DOWNLINK_DIAGNOSTIC,CELL_BANDWIDTH_STREAM_RESIDUAL,LATEST_SAFE_AVAILABLE_CELL_BUCKET,START_TIMESTAMP_FOR_INTERVAL,MAX_CELL_UPLINK_DOWNLINK_UNICAST_PLUS_NODE_BASE_DIAGNOSTIC
43000000000,43,cloud_regional_for_veh_1,veh_1,cloud_regional,CLOUD,100000000000,39619120,0.28,0.08,0.2,pool_rsu_north,rsu_north,rsu_0,region_north_normal,42,1,39619120,59497800,MIN_RESIDUAL_CELL_UPLINK_DOWNLINK_DIAGNOSTIC,CELL_BANDWIDTH_STREAM_RESIDUAL,LATEST_SAFE_AVAILABLE_CELL_BUCKET,START_TIMESTAMP_FOR_INTERVAL,MAX_CELL_UPLINK_DOWNLINK_UNICAST_PLUS_NODE_BASE_DIAGNOSTIC
43000000000,43,edge_north_for_veh_2,veh_2,edge_north,EDGE,12000000000,39619120,0.085,0.08,0.005,pool_rsu_north,rsu_north,rsu_0,region_north_normal,42,1,39619120,59497800,MIN_RESIDUAL_CELL_UPLINK_DOWNLINK_DIAGNOSTIC,CELL_BANDWIDTH_STREAM_RESIDUAL,LATEST_SAFE_AVAILABLE_CELL_BUCKET,START_TIMESTAMP_FOR_INTERVAL,MAX_CELL_UPLINK_DOWNLINK_UNICAST_PLUS_NODE_BASE_DIAGNOSTIC
43000000000,43,cloud_regional_for_veh_2,veh_2,cloud_regional,CLOUD,100000000000,39619120,0.28,0.08,0.2,pool_rsu_north,rsu_north,rsu_0,region_north_normal,42,1,39619120,59497800,MIN_RESIDUAL_CELL_UPLINK_DOWNLINK_DIAGNOSTIC,CELL_BANDWIDTH_STREAM_RESIDUAL,LATEST_SAFE_AVAILABLE_CELL_BUCKET,START_TIMESTAMP_FOR_INTERVAL,MAX_CELL_UPLINK_DOWNLINK_UNICAST_PLUS_NODE_BASE_DIAGNOSTIC
43000000000,43,edge_north_for_veh_3,veh_3,edge_north,EDGE,12000000000,39619120,0.085,0.08,0.005,pool_rsu_north,rsu_north,rsu_0,region_north_normal,42,1,39619120,59497800,MIN_RESIDUAL_CELL_UPLINK_DOWNLINK_DIAGNOSTIC,CELL_BANDWIDTH_STREAM_RESIDUAL,LATEST_SAFE_AVAILABLE_CELL_BUCKET,START_TIMESTAMP_FOR_INTERVAL,MAX_CELL_UPLINK_DOWNLINK_UNICAST_PLUS_NODE_BASE_DIAGNOSTIC
43000000000,43,cloud_regional_for_veh_3,veh_3,cloud_regional,CLOUD,100000000000,39619120,0.28,0.08,0.2,pool_rsu_north,rsu_north,rsu_0,region_north_normal,42,1,39619120,59497800,MIN_RESIDUAL_CELL_UPLINK_DOWNLINK_DIAGNOSTIC,CELL_BANDWIDTH_STREAM_RESIDUAL,LATEST_SAFE_AVAILABLE_CELL_BUCKET,START_TIMESTAMP_FOR_INTERVAL,MAX_CELL_UPLINK_DOWNLINK_UNICAST_PLUS_NODE_BASE_DIAGNOSTIC
44000000000,44,edge_north_for_veh_0,veh_0,edge_north,EDGE,12000000000,39576800,0.085,0.08,0.005,pool_rsu_north,rsu_north,rsu_0,region_north_normal,43,1,39576800,59442000,MIN_RESIDUAL_CELL_UPLINK_DOWNLINK_DIAGNOSTIC,CELL_BANDWIDTH_STREAM_RESIDUAL,LATEST_SAFE_AVAILABLE_CELL_BUCKET,START_TIMESTAMP_FOR_INTERVAL,MAX_CELL_UPLINK_DOWNLINK_UNICAST_PLUS_NODE_BASE_DIAGNOSTIC
44000000000,44,cloud_regional_for_veh_0,veh_0,cloud_regional,CLOUD,100000000000,39576800,0.28,0.08,0.2,pool_rsu_north,rsu_north,rsu_0,region_north_normal,43,1,39576800,59442000,MIN_RESIDUAL_CELL_UPLINK_DOWNLINK_DIAGNOSTIC,CELL_BANDWIDTH_STREAM_RESIDUAL,LATEST_SAFE_AVAILABLE_CELL_BUCKET,START_TIMESTAMP_FOR_INTERVAL,MAX_CELL_UPLINK_DOWNLINK_UNICAST_PLUS_NODE_BASE_DIAGNOSTIC
44000000000,44,edge_north_for_veh_1,veh_1,edge_north,EDGE,12000000000,39576800,0.085,0.08,0.005,pool_rsu_north,rsu_north,rsu_0,region_north_normal,43,1,39576800,59442000,MIN_RESIDUAL_CELL_UPLINK_DOWNLINK_DIAGNOSTIC,CELL_BANDWIDTH_STREAM_RESIDUAL,LATEST_SAFE_AVAILABLE_CELL_BUCKET,START_TIMESTAMP_FOR_INTERVAL,MAX_CELL_UPLINK_DOWNLINK_UNICAST_PLUS_NODE_BASE_DIAGNOSTIC
44000000000,44,cloud_regional_for_veh_1,veh_1,cloud_regional,CLOUD,100000000000,39576800,0.28,0.08,0.2,pool_rsu_north,rsu_north,rsu_0,region_north_normal,43,1,39576800,59442000,MIN_RESIDUAL_CELL_UPLINK_DOWNLINK_DIAGNOSTIC,CELL_BANDWIDTH_STREAM_RESIDUAL,LATEST_SAFE_AVAILABLE_CELL_BUCKET,START_TIMESTAMP_FOR_INTERVAL,MAX_CELL_UPLINK_DOWNLINK_UNICAST_PLUS_NODE_BASE_DIAGNOSTIC
44000000000,44,edge_north_for_veh_2,veh_2,edge_north,EDGE,12000000000,39576800,0.085,0.08,0.005,pool_rsu_north,rsu_north,rsu_0,region_north_normal,43,1,39576800,59442000,MIN_RESIDUAL_CELL_UPLINK_DOWNLINK_DIAGNOSTIC,CELL_BANDWIDTH_STREAM_RESIDUAL,LATEST_SAFE_AVAILABLE_CELL_BUCKET,START_TIMESTAMP_FOR_INTERVAL,MAX_CELL_UPLINK_DOWNLINK_UNICAST_PLUS_NODE_BASE_DIAGNOSTIC
44000000000,44,cloud_regional_for_veh_2,veh_2,cloud_regional,CLOUD,100000000000,39576800,0.28,0.08,0.2,pool_rsu_north,rsu_north,rsu_0,region_north_normal,43,1,39576800,59442000,MIN_RESIDUAL_CELL_UPLINK_DOWNLINK_DIAGNOSTIC,CELL_BANDWIDTH_STREAM_RESIDUAL,LATEST_SAFE_AVAILABLE_CELL_BUCKET,START_TIMESTAMP_FOR_INTERVAL,MAX_CELL_UPLINK_DOWNLINK_UNICAST_PLUS_NODE_BASE_DIAGNOSTIC
44000000000,44,edge_north_for_veh_3,veh_3,edge_north,EDGE,12000000000,39576800,0.085,0.08,0.005,pool_rsu_north,rsu_north,rsu_0,region_north_normal,43,1,39576800,59442000,MIN_RESIDUAL_CELL_UPLINK_DOWNLINK_DIAGNOSTIC,CELL_BANDWIDTH_STREAM_RESIDUAL,LATEST_SAFE_AVAILABLE_CELL_BUCKET,START_TIMESTAMP_FOR_INTERVAL,MAX_CELL_UPLINK_DOWNLINK_UNICAST_PLUS_NODE_BASE_DIAGNOSTIC
44000000000,44,cloud_regional_for_veh_3,veh_3,cloud_regional,CLOUD,100000000000,39576800,0.28,0.08,0.2,pool_rsu_north,rsu_north,rsu_0,region_north_normal,43,1,39576800,59442000,MIN_RESIDUAL_CELL_UPLINK_DOWNLINK_DIAGNOSTIC,CELL_BANDWIDTH_STREAM_RESIDUAL,LATEST_SAFE_AVAILABLE_CELL_BUCKET,START_TIMESTAMP_FOR_INTERVAL,MAX_CELL_UPLINK_DOWNLINK_UNICAST_PLUS_NODE_BASE_DIAGNOSTIC
45000000000,45,edge_north_for_veh_0,veh_0,edge_north,EDGE,12000000000,39576800,0.085,0.08,0.005,pool_rsu_north,rsu_north,rsu_0,region_north_normal,44,1,39576800,59442000,MIN_RESIDUAL_CELL_UPLINK_DOWNLINK_DIAGNOSTIC,CELL_BANDWIDTH_STREAM_RESIDUAL,LATEST_SAFE_AVAILABLE_CELL_BUCKET,START_TIMESTAMP_FOR_INTERVAL,MAX_CELL_UPLINK_DOWNLINK_UNICAST_PLUS_NODE_BASE_DIAGNOSTIC
45000000000,45,cloud_regional_for_veh_0,veh_0,cloud_regional,CLOUD,100000000000,39576800,0.28,0.08,0.2,pool_rsu_north,rsu_north,rsu_0,region_north_normal,44,1,39576800,59442000,MIN_RESIDUAL_CELL_UPLINK_DOWNLINK_DIAGNOSTIC,CELL_BANDWIDTH_STREAM_RESIDUAL,LATEST_SAFE_AVAILABLE_CELL_BUCKET,START_TIMESTAMP_FOR_INTERVAL,MAX_CELL_UPLINK_DOWNLINK_UNICAST_PLUS_NODE_BASE_DIAGNOSTIC
45000000000,45,edge_north_for_veh_1,veh_1,edge_north,EDGE,12000000000,39576800,0.085,0.08,0.005,pool_rsu_north,rsu_north,rsu_0,region_north_normal,44,1,39576800,59442000,MIN_RESIDUAL_CELL_UPLINK_DOWNLINK_DIAGNOSTIC,CELL_BANDWIDTH_STREAM_RESIDUAL,LATEST_SAFE_AVAILABLE_CELL_BUCKET,START_TIMESTAMP_FOR_INTERVAL,MAX_CELL_UPLINK_DOWNLINK_UNICAST_PLUS_NODE_BASE_DIAGNOSTIC
45000000000,45,cloud_regional_for_veh_1,veh_1,cloud_regional,CLOUD,100000000000,39576800,0.28,0.08,0.2,pool_rsu_north,rsu_north,rsu_0,region_north_normal,44,1,39576800,59442000,MIN_RESIDUAL_CELL_UPLINK_DOWNLINK_DIAGNOSTIC,CELL_BANDWIDTH_STREAM_RESIDUAL,LATEST_SAFE_AVAILABLE_CELL_BUCKET,START_TIMESTAMP_FOR_INTERVAL,MAX_CELL_UPLINK_DOWNLINK_UNICAST_PLUS_NODE_BASE_DIAGNOSTIC
45000000000,45,edge_north_for_veh_2,veh_2,edge_north,EDGE,12000000000,39576800,0.085,0.08,0.005,pool_rsu_north,rsu_north,rsu_0,region_north_normal,44,1,39576800,59442000,MIN_RESIDUAL_CELL_UPLINK_DOWNLINK_DIAGNOSTIC,CELL_BANDWIDTH_STREAM_RESIDUAL,LATEST_SAFE_AVAILABLE_CELL_BUCKET,START_TIMESTAMP_FOR_INTERVAL,MAX_CELL_UPLINK_DOWNLINK_UNICAST_PLUS_NODE_BASE_DIAGNOSTIC
45000000000,45,cloud_regional_for_veh_2,veh_2,cloud_regional,CLOUD,100000000000,39576800,0.28,0.08,0.2,pool_rsu_north,rsu_north,rsu_0,region_north_normal,44,1,39576800,59442000,MIN_RESIDUAL_CELL_UPLINK_DOWNLINK_DIAGNOSTIC,CELL_BANDWIDTH_STREAM_RESIDUAL,LATEST_SAFE_AVAILABLE_CELL_BUCKET,START_TIMESTAMP_FOR_INTERVAL,MAX_CELL_UPLINK_DOWNLINK_UNICAST_PLUS_NODE_BASE_DIAGNOSTIC
45000000000,45,edge_north_for_veh_3,veh_3,edge_north,EDGE,12000000000,39576800,0.085,0.08,0.005,pool_rsu_north,rsu_north,rsu_0,region_north_normal,44,1,39576800,59442000,MIN_RESIDUAL_CELL_UPLINK_DOWNLINK_DIAGNOSTIC,CELL_BANDWIDTH_STREAM_RESIDUAL,LATEST_SAFE_AVAILABLE_CELL_BUCKET,START_TIMESTAMP_FOR_INTERVAL,MAX_CELL_UPLINK_DOWNLINK_UNICAST_PLUS_NODE_BASE_DIAGNOSTIC
45000000000,45,cloud_regional_for_veh_3,veh_3,cloud_regional,CLOUD,100000000000,39576800,0.28,0.08,0.2,pool_rsu_north,rsu_north,rsu_0,region_north_normal,44,1,39576800,59442000,MIN_RESIDUAL_CELL_UPLINK_DOWNLINK_DIAGNOSTIC,CELL_BANDWIDTH_STREAM_RESIDUAL,LATEST_SAFE_AVAILABLE_CELL_BUCKET,START_TIMESTAMP_FOR_INTERVAL,MAX_CELL_UPLINK_DOWNLINK_UNICAST_PLUS_NODE_BASE_DIAGNOSTIC
46000000000,46,edge_north_for_veh_0,veh_0,edge_north,EDGE,12000000000,39576800,0.085,0.08,0.005,pool_rsu_north,rsu_north,rsu_0,region_north_normal,45,1,39576800,59442000,MIN_RESIDUAL_CELL_UPLINK_DOWNLINK_DIAGNOSTIC,CELL_BANDWIDTH_STREAM_RESIDUAL,LATEST_SAFE_AVAILABLE_CELL_BUCKET,START_TIMESTAMP_FOR_INTERVAL,MAX_CELL_UPLINK_DOWNLINK_UNICAST_PLUS_NODE_BASE_DIAGNOSTIC
46000000000,46,cloud_regional_for_veh_0,veh_0,cloud_regional,CLOUD,100000000000,39576800,0.28,0.08,0.2,pool_rsu_north,rsu_north,rsu_0,region_north_normal,45,1,39576800,59442000,MIN_RESIDUAL_CELL_UPLINK_DOWNLINK_DIAGNOSTIC,CELL_BANDWIDTH_STREAM_RESIDUAL,LATEST_SAFE_AVAILABLE_CELL_BUCKET,START_TIMESTAMP_FOR_INTERVAL,MAX_CELL_UPLINK_DOWNLINK_UNICAST_PLUS_NODE_BASE_DIAGNOSTIC
46000000000,46,edge_north_for_veh_1,veh_1,edge_north,EDGE,12000000000,39576800,0.085,0.08,0.005,pool_rsu_north,rsu_north,rsu_0,region_north_normal,45,1,39576800,59442000,MIN_RESIDUAL_CELL_UPLINK_DOWNLINK_DIAGNOSTIC,CELL_BANDWIDTH_STREAM_RESIDUAL,LATEST_SAFE_AVAILABLE_CELL_BUCKET,START_TIMESTAMP_FOR_INTERVAL,MAX_CELL_UPLINK_DOWNLINK_UNICAST_PLUS_NODE_BASE_DIAGNOSTIC
46000000000,46,cloud_regional_for_veh_1,veh_1,cloud_regional,CLOUD,100000000000,39576800,0.28,0.08,0.2,pool_rsu_north,rsu_north,rsu_0,region_north_normal,45,1,39576800,59442000,MIN_RESIDUAL_CELL_UPLINK_DOWNLINK_DIAGNOSTIC,CELL_BANDWIDTH_STREAM_RESIDUAL,LATEST_SAFE_AVAILABLE_CELL_BUCKET,START_TIMESTAMP_FOR_INTERVAL,MAX_CELL_UPLINK_DOWNLINK_UNICAST_PLUS_NODE_BASE_DIAGNOSTIC
46000000000,46,edge_north_for_veh_2,veh_2,edge_north,EDGE,12000000000,39576800,0.085,0.08,0.005,pool_rsu_north,rsu_north,rsu_0,region_north_normal,45,1,39576800,59442000,MIN_RESIDUAL_CELL_UPLINK_DOWNLINK_DIAGNOSTIC,CELL_BANDWIDTH_STREAM_RESIDUAL,LATEST_SAFE_AVAILABLE_CELL_BUCKET,START_TIMESTAMP_FOR_INTERVAL,MAX_CELL_UPLINK_DOWNLINK_UNICAST_PLUS_NODE_BASE_DIAGNOSTIC
46000000000,46,cloud_regional_for_veh_2,veh_2,cloud_regional,CLOUD,100000000000,39576800,0.28,0.08,0.2,pool_rsu_north,rsu_north,rsu_0,region_north_normal,45,1,39576800,59442000,MIN_RESIDUAL_CELL_UPLINK_DOWNLINK_DIAGNOSTIC,CELL_BANDWIDTH_STREAM_RESIDUAL,LATEST_SAFE_AVAILABLE_CELL_BUCKET,START_TIMESTAMP_FOR_INTERVAL,MAX_CELL_UPLINK_DOWNLINK_UNICAST_PLUS_NODE_BASE_DIAGNOSTIC
46000000000,46,edge_north_for_veh_3,veh_3,edge_north,EDGE,12000000000,39576800,0.085,0.08,0.005,pool_rsu_north,rsu_north,rsu_0,region_north_normal,45,1,39576800,59442000,MIN_RESIDUAL_CELL_UPLINK_DOWNLINK_DIAGNOSTIC,CELL_BANDWIDTH_STREAM_RESIDUAL,LATEST_SAFE_AVAILABLE_CELL_BUCKET,START_TIMESTAMP_FOR_INTERVAL,MAX_CELL_UPLINK_DOWNLINK_UNICAST_PLUS_NODE_BASE_DIAGNOSTIC
46000000000,46,cloud_regional_for_veh_3,veh_3,cloud_regional,CLOUD,100000000000,39576800,0.28,0.08,0.2,pool_rsu_north,rsu_north,rsu_0,region_north_normal,45,1,39576800,59442000,MIN_RESIDUAL_CELL_UPLINK_DOWNLINK_DIAGNOSTIC,CELL_BANDWIDTH_STREAM_RESIDUAL,LATEST_SAFE_AVAILABLE_CELL_BUCKET,START_TIMESTAMP_FOR_INTERVAL,MAX_CELL_UPLINK_DOWNLINK_UNICAST_PLUS_NODE_BASE_DIAGNOSTIC
47000000000,47,edge_north_for_veh_0,veh_0,edge_north,EDGE,12000000000,39576800,0.085,0.08,0.005,pool_rsu_north,rsu_north,rsu_0,region_north_normal,46,1,39576800,59442000,MIN_RESIDUAL_CELL_UPLINK_DOWNLINK_DIAGNOSTIC,CELL_BANDWIDTH_STREAM_RESIDUAL,LATEST_SAFE_AVAILABLE_CELL_BUCKET,START_TIMESTAMP_FOR_INTERVAL,MAX_CELL_UPLINK_DOWNLINK_UNICAST_PLUS_NODE_BASE_DIAGNOSTIC
47000000000,47,cloud_regional_for_veh_0,veh_0,cloud_regional,CLOUD,100000000000,39576800,0.28,0.08,0.2,pool_rsu_north,rsu_north,rsu_0,region_north_normal,46,1,39576800,59442000,MIN_RESIDUAL_CELL_UPLINK_DOWNLINK_DIAGNOSTIC,CELL_BANDWIDTH_STREAM_RESIDUAL,LATEST_SAFE_AVAILABLE_CELL_BUCKET,START_TIMESTAMP_FOR_INTERVAL,MAX_CELL_UPLINK_DOWNLINK_UNICAST_PLUS_NODE_BASE_DIAGNOSTIC
47000000000,47,edge_north_for_veh_1,veh_1,edge_north,EDGE,12000000000,39576800,0.085,0.08,0.005,pool_rsu_north,rsu_north,rsu_0,region_north_normal,46,1,39576800,59442000,MIN_RESIDUAL_CELL_UPLINK_DOWNLINK_DIAGNOSTIC,CELL_BANDWIDTH_STREAM_RESIDUAL,LATEST_SAFE_AVAILABLE_CELL_BUCKET,START_TIMESTAMP_FOR_INTERVAL,MAX_CELL_UPLINK_DOWNLINK_UNICAST_PLUS_NODE_BASE_DIAGNOSTIC
47000000000,47,cloud_regional_for_veh_1,veh_1,cloud_regional,CLOUD,100000000000,39576800,0.28,0.08,0.2,pool_rsu_north,rsu_north,rsu_0,region_north_normal,46,1,39576800,59442000,MIN_RESIDUAL_CELL_UPLINK_DOWNLINK_DIAGNOSTIC,CELL_BANDWIDTH_STREAM_RESIDUAL,LATEST_SAFE_AVAILABLE_CELL_BUCKET,START_TIMESTAMP_FOR_INTERVAL,MAX_CELL_UPLINK_DOWNLINK_UNICAST_PLUS_NODE_BASE_DIAGNOSTIC
47000000000,47,edge_north_for_veh_2,veh_2,edge_north,EDGE,12000000000,39576800,0.085,0.08,0.005,pool_rsu_north,rsu_north,rsu_0,region_north_normal,46,1,39576800,59442000,MIN_RESIDUAL_CELL_UPLINK_DOWNLINK_DIAGNOSTIC,CELL_BANDWIDTH_STREAM_RESIDUAL,LATEST_SAFE_AVAILABLE_CELL_BUCKET,START_TIMESTAMP_FOR_INTERVAL,MAX_CELL_UPLINK_DOWNLINK_UNICAST_PLUS_NODE_BASE_DIAGNOSTIC
47000000000,47,cloud_regional_for_veh_2,veh_2,cloud_regional,CLOUD,100000000000,39576800,0.28,0.08,0.2,pool_rsu_north,rsu_north,rsu_0,region_north_normal,46,1,39576800,59442000,MIN_RESIDUAL_CELL_UPLINK_DOWNLINK_DIAGNOSTIC,CELL_BANDWIDTH_STREAM_RESIDUAL,LATEST_SAFE_AVAILABLE_CELL_BUCKET,START_TIMESTAMP_FOR_INTERVAL,MAX_CELL_UPLINK_DOWNLINK_UNICAST_PLUS_NODE_BASE_DIAGNOSTIC
47000000000,47,edge_north_for_veh_3,veh_3,edge_north,EDGE,12000000000,39576800,0.085,0.08,0.005,pool_rsu_north,rsu_north,rsu_0,region_north_normal,46,1,39576800,59442000,MIN_RESIDUAL_CELL_UPLINK_DOWNLINK_DIAGNOSTIC,CELL_BANDWIDTH_STREAM_RESIDUAL,LATEST_SAFE_AVAILABLE_CELL_BUCKET,START_TIMESTAMP_FOR_INTERVAL,MAX_CELL_UPLINK_DOWNLINK_UNICAST_PLUS_NODE_BASE_DIAGNOSTIC
47000000000,47,cloud_regional_for_veh_3,veh_3,cloud_regional,CLOUD,100000000000,39576800,0.28,0.08,0.2,pool_rsu_north,rsu_north,rsu_0,region_north_normal,46,1,39576800,59442000,MIN_RESIDUAL_CELL_UPLINK_DOWNLINK_DIAGNOSTIC,CELL_BANDWIDTH_STREAM_RESIDUAL,LATEST_SAFE_AVAILABLE_CELL_BUCKET,START_TIMESTAMP_FOR_INTERVAL,MAX_CELL_UPLINK_DOWNLINK_UNICAST_PLUS_NODE_BASE_DIAGNOSTIC
47000000000,47,edge_north_for_veh_4,veh_4,edge_north,EDGE,12000000000,39576800,0.085,0.08,0.005,pool_rsu_north,rsu_north,rsu_0,region_north_normal,46,1,39576800,59442000,MIN_RESIDUAL_CELL_UPLINK_DOWNLINK_DIAGNOSTIC,CELL_BANDWIDTH_STREAM_RESIDUAL,LATEST_SAFE_AVAILABLE_CELL_BUCKET,START_TIMESTAMP_FOR_INTERVAL,MAX_CELL_UPLINK_DOWNLINK_UNICAST_PLUS_NODE_BASE_DIAGNOSTIC
47000000000,47,cloud_regional_for_veh_4,veh_4,cloud_regional,CLOUD,100000000000,39576800,0.28,0.08,0.2,pool_rsu_north,rsu_north,rsu_0,region_north_normal,46,1,39576800,59442000,MIN_RESIDUAL_CELL_UPLINK_DOWNLINK_DIAGNOSTIC,CELL_BANDWIDTH_STREAM_RESIDUAL,LATEST_SAFE_AVAILABLE_CELL_BUCKET,START_TIMESTAMP_FOR_INTERVAL,MAX_CELL_UPLINK_DOWNLINK_UNICAST_PLUS_NODE_BASE_DIAGNOSTIC
48000000000,48,edge_north_for_veh_0,veh_0,edge_north,EDGE,12000000000,39534480,0.085,0.08,0.005,pool_rsu_north,rsu_north,rsu_0,region_north_normal,47,1,39534480,59386200,MIN_RESIDUAL_CELL_UPLINK_DOWNLINK_DIAGNOSTIC,CELL_BANDWIDTH_STREAM_RESIDUAL,LATEST_SAFE_AVAILABLE_CELL_BUCKET,START_TIMESTAMP_FOR_INTERVAL,MAX_CELL_UPLINK_DOWNLINK_UNICAST_PLUS_NODE_BASE_DIAGNOSTIC
48000000000,48,cloud_regional_for_veh_0,veh_0,cloud_regional,CLOUD,100000000000,39534480,0.28,0.08,0.2,pool_rsu_north,rsu_north,rsu_0,region_north_normal,47,1,39534480,59386200,MIN_RESIDUAL_CELL_UPLINK_DOWNLINK_DIAGNOSTIC,CELL_BANDWIDTH_STREAM_RESIDUAL,LATEST_SAFE_AVAILABLE_CELL_BUCKET,START_TIMESTAMP_FOR_INTERVAL,MAX_CELL_UPLINK_DOWNLINK_UNICAST_PLUS_NODE_BASE_DIAGNOSTIC
48000000000,48,edge_north_for_veh_1,veh_1,edge_north,EDGE,12000000000,39534480,0.085,0.08,0.005,pool_rsu_north,rsu_north,rsu_0,region_north_normal,47,1,39534480,59386200,MIN_RESIDUAL_CELL_UPLINK_DOWNLINK_DIAGNOSTIC,CELL_BANDWIDTH_STREAM_RESIDUAL,LATEST_SAFE_AVAILABLE_CELL_BUCKET,START_TIMESTAMP_FOR_INTERVAL,MAX_CELL_UPLINK_DOWNLINK_UNICAST_PLUS_NODE_BASE_DIAGNOSTIC
48000000000,48,cloud_regional_for_veh_1,veh_1,cloud_regional,CLOUD,100000000000,39534480,0.28,0.08,0.2,pool_rsu_north,rsu_north,rsu_0,region_north_normal,47,1,39534480,59386200,MIN_RESIDUAL_CELL_UPLINK_DOWNLINK_DIAGNOSTIC,CELL_BANDWIDTH_STREAM_RESIDUAL,LATEST_SAFE_AVAILABLE_CELL_BUCKET,START_TIMESTAMP_FOR_INTERVAL,MAX_CELL_UPLINK_DOWNLINK_UNICAST_PLUS_NODE_BASE_DIAGNOSTIC
48000000000,48,edge_north_for_veh_2,veh_2,edge_north,EDGE,12000000000,39534480,0.085,0.08,0.005,pool_rsu_north,rsu_north,rsu_0,region_north_normal,47,1,39534480,59386200,MIN_RESIDUAL_CELL_UPLINK_DOWNLINK_DIAGNOSTIC,CELL_BANDWIDTH_STREAM_RESIDUAL,LATEST_SAFE_AVAILABLE_CELL_BUCKET,START_TIMESTAMP_FOR_INTERVAL,MAX_CELL_UPLINK_DOWNLINK_UNICAST_PLUS_NODE_BASE_DIAGNOSTIC
48000000000,48,cloud_regional_for_veh_2,veh_2,cloud_regional,CLOUD,100000000000,39534480,0.28,0.08,0.2,pool_rsu_north,rsu_north,rsu_0,region_north_normal,47,1,39534480,59386200,MIN_RESIDUAL_CELL_UPLINK_DOWNLINK_DIAGNOSTIC,CELL_BANDWIDTH_STREAM_RESIDUAL,LATEST_SAFE_AVAILABLE_CELL_BUCKET,START_TIMESTAMP_FOR_INTERVAL,MAX_CELL_UPLINK_DOWNLINK_UNICAST_PLUS_NODE_BASE_DIAGNOSTIC
48000000000,48,edge_north_for_veh_3,veh_3,edge_north,EDGE,12000000000,39534480,0.085,0.08,0.005,pool_rsu_north,rsu_north,rsu_0,region_north_normal,47,1,39534480,59386200,MIN_RESIDUAL_CELL_UPLINK_DOWNLINK_DIAGNOSTIC,CELL_BANDWIDTH_STREAM_RESIDUAL,LATEST_SAFE_AVAILABLE_CELL_BUCKET,START_TIMESTAMP_FOR_INTERVAL,MAX_CELL_UPLINK_DOWNLINK_UNICAST_PLUS_NODE_BASE_DIAGNOSTIC
48000000000,48,cloud_regional_for_veh_3,veh_3,cloud_regional,CLOUD,100000000000,39534480,0.28,0.08,0.2,pool_rsu_north,rsu_north,rsu_0,region_north_normal,47,1,39534480,59386200,MIN_RESIDUAL_CELL_UPLINK_DOWNLINK_DIAGNOSTIC,CELL_BANDWIDTH_STREAM_RESIDUAL,LATEST_SAFE_AVAILABLE_CELL_BUCKET,START_TIMESTAMP_FOR_INTERVAL,MAX_CELL_UPLINK_DOWNLINK_UNICAST_PLUS_NODE_BASE_DIAGNOSTIC
48000000000,48,edge_north_for_veh_4,veh_4,edge_north,EDGE,12000000000,39534480,0.085,0.08,0.005,pool_rsu_north,rsu_north,rsu_0,region_north_normal,47,1,39534480,59386200,MIN_RESIDUAL_CELL_UPLINK_DOWNLINK_DIAGNOSTIC,CELL_BANDWIDTH_STREAM_RESIDUAL,LATEST_SAFE_AVAILABLE_CELL_BUCKET,START_TIMESTAMP_FOR_INTERVAL,MAX_CELL_UPLINK_DOWNLINK_UNICAST_PLUS_NODE_BASE_DIAGNOSTIC
48000000000,48,cloud_regional_for_veh_4,veh_4,cloud_regional,CLOUD,100000000000,39534480,0.28,0.08,0.2,pool_rsu_north,rsu_north,rsu_0,region_north_normal,47,1,39534480,59386200,MIN_RESIDUAL_CELL_UPLINK_DOWNLINK_DIAGNOSTIC,CELL_BANDWIDTH_STREAM_RESIDUAL,LATEST_SAFE_AVAILABLE_CELL_BUCKET,START_TIMESTAMP_FOR_INTERVAL,MAX_CELL_UPLINK_DOWNLINK_UNICAST_PLUS_NODE_BASE_DIAGNOSTIC
49000000000,49,edge_north_for_veh_0,veh_0,edge_north,EDGE,12000000000,39534480,0.085,0.08,0.005,pool_rsu_north,rsu_north,rsu_0,region_north_normal,48,1,39534480,59386200,MIN_RESIDUAL_CELL_UPLINK_DOWNLINK_DIAGNOSTIC,CELL_BANDWIDTH_STREAM_RESIDUAL,LATEST_SAFE_AVAILABLE_CELL_BUCKET,START_TIMESTAMP_FOR_INTERVAL,MAX_CELL_UPLINK_DOWNLINK_UNICAST_PLUS_NODE_BASE_DIAGNOSTIC
49000000000,49,cloud_regional_for_veh_0,veh_0,cloud_regional,CLOUD,100000000000,39534480,0.28,0.08,0.2,pool_rsu_north,rsu_north,rsu_0,region_north_normal,48,1,39534480,59386200,MIN_RESIDUAL_CELL_UPLINK_DOWNLINK_DIAGNOSTIC,CELL_BANDWIDTH_STREAM_RESIDUAL,LATEST_SAFE_AVAILABLE_CELL_BUCKET,START_TIMESTAMP_FOR_INTERVAL,MAX_CELL_UPLINK_DOWNLINK_UNICAST_PLUS_NODE_BASE_DIAGNOSTIC
49000000000,49,edge_north_for_veh_1,veh_1,edge_north,EDGE,12000000000,39534480,0.085,0.08,0.005,pool_rsu_north,rsu_north,rsu_0,region_north_normal,48,1,39534480,59386200,MIN_RESIDUAL_CELL_UPLINK_DOWNLINK_DIAGNOSTIC,CELL_BANDWIDTH_STREAM_RESIDUAL,LATEST_SAFE_AVAILABLE_CELL_BUCKET,START_TIMESTAMP_FOR_INTERVAL,MAX_CELL_UPLINK_DOWNLINK_UNICAST_PLUS_NODE_BASE_DIAGNOSTIC
49000000000,49,cloud_regional_for_veh_1,veh_1,cloud_regional,CLOUD,100000000000,39534480,0.28,0.08,0.2,pool_rsu_north,rsu_north,rsu_0,region_north_normal,48,1,39534480,59386200,MIN_RESIDUAL_CELL_UPLINK_DOWNLINK_DIAGNOSTIC,CELL_BANDWIDTH_STREAM_RESIDUAL,LATEST_SAFE_AVAILABLE_CELL_BUCKET,START_TIMESTAMP_FOR_INTERVAL,MAX_CELL_UPLINK_DOWNLINK_UNICAST_PLUS_NODE_BASE_DIAGNOSTIC
49000000000,49,edge_north_for_veh_2,veh_2,edge_north,EDGE,12000000000,39534480,0.085,0.08,0.005,pool_rsu_north,rsu_north,rsu_0,region_north_normal,48,1,39534480,59386200,MIN_RESIDUAL_CELL_UPLINK_DOWNLINK_DIAGNOSTIC,CELL_BANDWIDTH_STREAM_RESIDUAL,LATEST_SAFE_AVAILABLE_CELL_BUCKET,START_TIMESTAMP_FOR_INTERVAL,MAX_CELL_UPLINK_DOWNLINK_UNICAST_PLUS_NODE_BASE_DIAGNOSTIC
49000000000,49,cloud_regional_for_veh_2,veh_2,cloud_regional,CLOUD,100000000000,39534480,0.28,0.08,0.2,pool_rsu_north,rsu_north,rsu_0,region_north_normal,48,1,39534480,59386200,MIN_RESIDUAL_CELL_UPLINK_DOWNLINK_DIAGNOSTIC,CELL_BANDWIDTH_STREAM_RESIDUAL,LATEST_SAFE_AVAILABLE_CELL_BUCKET,START_TIMESTAMP_FOR_INTERVAL,MAX_CELL_UPLINK_DOWNLINK_UNICAST_PLUS_NODE_BASE_DIAGNOSTIC
49000000000,49,edge_north_for_veh_3,veh_3,edge_north,EDGE,12000000000,39534480,0.085,0.08,0.005,pool_rsu_north,rsu_north,rsu_0,region_north_normal,48,1,39534480,59386200,MIN_RESIDUAL_CELL_UPLINK_DOWNLINK_DIAGNOSTIC,CELL_BANDWIDTH_STREAM_RESIDUAL,LATEST_SAFE_AVAILABLE_CELL_BUCKET,START_TIMESTAMP_FOR_INTERVAL,MAX_CELL_UPLINK_DOWNLINK_UNICAST_PLUS_NODE_BASE_DIAGNOSTIC
49000000000,49,cloud_regional_for_veh_3,veh_3,cloud_regional,CLOUD,100000000000,39534480,0.28,0.08,0.2,pool_rsu_north,rsu_north,rsu_0,region_north_normal,48,1,39534480,59386200,MIN_RESIDUAL_CELL_UPLINK_DOWNLINK_DIAGNOSTIC,CELL_BANDWIDTH_STREAM_RESIDUAL,LATEST_SAFE_AVAILABLE_CELL_BUCKET,START_TIMESTAMP_FOR_INTERVAL,MAX_CELL_UPLINK_DOWNLINK_UNICAST_PLUS_NODE_BASE_DIAGNOSTIC
49000000000,49,edge_north_for_veh_4,veh_4,edge_north,EDGE,12000000000,39534480,0.085,0.08,0.005,pool_rsu_north,rsu_north,rsu_0,region_north_normal,48,1,39534480,59386200,MIN_RESIDUAL_CELL_UPLINK_DOWNLINK_DIAGNOSTIC,CELL_BANDWIDTH_STREAM_RESIDUAL,LATEST_SAFE_AVAILABLE_CELL_BUCKET,START_TIMESTAMP_FOR_INTERVAL,MAX_CELL_UPLINK_DOWNLINK_UNICAST_PLUS_NODE_BASE_DIAGNOSTIC
49000000000,49,cloud_regional_for_veh_4,veh_4,cloud_regional,CLOUD,100000000000,39534480,0.28,0.08,0.2,pool_rsu_north,rsu_north,rsu_0,region_north_normal,48,1,39534480,59386200,MIN_RESIDUAL_CELL_UPLINK_DOWNLINK_DIAGNOSTIC,CELL_BANDWIDTH_STREAM_RESIDUAL,LATEST_SAFE_AVAILABLE_CELL_BUCKET,START_TIMESTAMP_FOR_INTERVAL,MAX_CELL_UPLINK_DOWNLINK_UNICAST_PLUS_NODE_BASE_DIAGNOSTIC
50000000000,50,edge_north_for_veh_0,veh_0,edge_north,EDGE,12000000000,39534480,0.085,0.08,0.005,pool_rsu_north,rsu_north,rsu_0,region_north_normal,49,1,39534480,59386200,MIN_RESIDUAL_CELL_UPLINK_DOWNLINK_DIAGNOSTIC,CELL_BANDWIDTH_STREAM_RESIDUAL,LATEST_SAFE_AVAILABLE_CELL_BUCKET,START_TIMESTAMP_FOR_INTERVAL,MAX_CELL_UPLINK_DOWNLINK_UNICAST_PLUS_NODE_BASE_DIAGNOSTIC
50000000000,50,cloud_regional_for_veh_0,veh_0,cloud_regional,CLOUD,100000000000,39534480,0.28,0.08,0.2,pool_rsu_north,rsu_north,rsu_0,region_north_normal,49,1,39534480,59386200,MIN_RESIDUAL_CELL_UPLINK_DOWNLINK_DIAGNOSTIC,CELL_BANDWIDTH_STREAM_RESIDUAL,LATEST_SAFE_AVAILABLE_CELL_BUCKET,START_TIMESTAMP_FOR_INTERVAL,MAX_CELL_UPLINK_DOWNLINK_UNICAST_PLUS_NODE_BASE_DIAGNOSTIC
50000000000,50,edge_north_for_veh_1,veh_1,edge_north,EDGE,12000000000,39534480,0.085,0.08,0.005,pool_rsu_north,rsu_north,rsu_0,region_north_normal,49,1,39534480,59386200,MIN_RESIDUAL_CELL_UPLINK_DOWNLINK_DIAGNOSTIC,CELL_BANDWIDTH_STREAM_RESIDUAL,LATEST_SAFE_AVAILABLE_CELL_BUCKET,START_TIMESTAMP_FOR_INTERVAL,MAX_CELL_UPLINK_DOWNLINK_UNICAST_PLUS_NODE_BASE_DIAGNOSTIC
50000000000,50,cloud_regional_for_veh_1,veh_1,cloud_regional,CLOUD,100000000000,39534480,0.28,0.08,0.2,pool_rsu_north,rsu_north,rsu_0,region_north_normal,49,1,39534480,59386200,MIN_RESIDUAL_CELL_UPLINK_DOWNLINK_DIAGNOSTIC,CELL_BANDWIDTH_STREAM_RESIDUAL,LATEST_SAFE_AVAILABLE_CELL_BUCKET,START_TIMESTAMP_FOR_INTERVAL,MAX_CELL_UPLINK_DOWNLINK_UNICAST_PLUS_NODE_BASE_DIAGNOSTIC
50000000000,50,edge_north_for_veh_2,veh_2,edge_north,EDGE,12000000000,39534480,0.085,0.08,0.005,pool_rsu_north,rsu_north,rsu_0,region_north_normal,49,1,39534480,59386200,MIN_RESIDUAL_CELL_UPLINK_DOWNLINK_DIAGNOSTIC,CELL_BANDWIDTH_STREAM_RESIDUAL,LATEST_SAFE_AVAILABLE_CELL_BUCKET,START_TIMESTAMP_FOR_INTERVAL,MAX_CELL_UPLINK_DOWNLINK_UNICAST_PLUS_NODE_BASE_DIAGNOSTIC
50000000000,50,cloud_regional_for_veh_2,veh_2,cloud_regional,CLOUD,100000000000,39534480,0.28,0.08,0.2,pool_rsu_north,rsu_north,rsu_0,region_north_normal,49,1,39534480,59386200,MIN_RESIDUAL_CELL_UPLINK_DOWNLINK_DIAGNOSTIC,CELL_BANDWIDTH_STREAM_RESIDUAL,LATEST_SAFE_AVAILABLE_CELL_BUCKET,START_TIMESTAMP_FOR_INTERVAL,MAX_CELL_UPLINK_DOWNLINK_UNICAST_PLUS_NODE_BASE_DIAGNOSTIC
50000000000,50,edge_north_for_veh_3,veh_3,edge_north,EDGE,12000000000,39534480,0.085,0.08,0.005,pool_rsu_north,rsu_north,rsu_0,region_north_normal,49,1,39534480,59386200,MIN_RESIDUAL_CELL_UPLINK_DOWNLINK_DIAGNOSTIC,CELL_BANDWIDTH_STREAM_RESIDUAL,LATEST_SAFE_AVAILABLE_CELL_BUCKET,START_TIMESTAMP_FOR_INTERVAL,MAX_CELL_UPLINK_DOWNLINK_UNICAST_PLUS_NODE_BASE_DIAGNOSTIC
50000000000,50,cloud_regional_for_veh_3,veh_3,cloud_regional,CLOUD,100000000000,39534480,0.28,0.08,0.2,pool_rsu_north,rsu_north,rsu_0,region_north_normal,49,1,39534480,59386200,MIN_RESIDUAL_CELL_UPLINK_DOWNLINK_DIAGNOSTIC,CELL_BANDWIDTH_STREAM_RESIDUAL,LATEST_SAFE_AVAILABLE_CELL_BUCKET,START_TIMESTAMP_FOR_INTERVAL,MAX_CELL_UPLINK_DOWNLINK_UNICAST_PLUS_NODE_BASE_DIAGNOSTIC
50000000000,50,edge_north_for_veh_4,veh_4,edge_north,EDGE,12000000000,39534480,0.085,0.08,0.005,pool_rsu_north,rsu_north,rsu_0,region_north_normal,49,1,39534480,59386200,MIN_RESIDUAL_CELL_UPLINK_DOWNLINK_DIAGNOSTIC,CELL_BANDWIDTH_STREAM_RESIDUAL,LATEST_SAFE_AVAILABLE_CELL_BUCKET,START_TIMESTAMP_FOR_INTERVAL,MAX_CELL_UPLINK_DOWNLINK_UNICAST_PLUS_NODE_BASE_DIAGNOSTIC
50000000000,50,cloud_regional_for_veh_4,veh_4,cloud_regional,CLOUD,100000000000,39534480,0.28,0.08,0.2,pool_rsu_north,rsu_north,rsu_0,region_north_normal,49,1,39534480,59386200,MIN_RESIDUAL_CELL_UPLINK_DOWNLINK_DIAGNOSTIC,CELL_BANDWIDTH_STREAM_RESIDUAL,LATEST_SAFE_AVAILABLE_CELL_BUCKET,START_TIMESTAMP_FOR_INTERVAL,MAX_CELL_UPLINK_DOWNLINK_UNICAST_PLUS_NODE_BASE_DIAGNOSTIC
51000000000,51,edge_north_for_veh_0,veh_0,edge_north,EDGE,12000000000,39534480,0.085,0.08,0.005,pool_rsu_north,rsu_north,rsu_0,region_north_normal,50,1,39534480,59386200,MIN_RESIDUAL_CELL_UPLINK_DOWNLINK_DIAGNOSTIC,CELL_BANDWIDTH_STREAM_RESIDUAL,LATEST_SAFE_AVAILABLE_CELL_BUCKET,START_TIMESTAMP_FOR_INTERVAL,MAX_CELL_UPLINK_DOWNLINK_UNICAST_PLUS_NODE_BASE_DIAGNOSTIC
51000000000,51,cloud_regional_for_veh_0,veh_0,cloud_regional,CLOUD,100000000000,39534480,0.28,0.08,0.2,pool_rsu_north,rsu_north,rsu_0,region_north_normal,50,1,39534480,59386200,MIN_RESIDUAL_CELL_UPLINK_DOWNLINK_DIAGNOSTIC,CELL_BANDWIDTH_STREAM_RESIDUAL,LATEST_SAFE_AVAILABLE_CELL_BUCKET,START_TIMESTAMP_FOR_INTERVAL,MAX_CELL_UPLINK_DOWNLINK_UNICAST_PLUS_NODE_BASE_DIAGNOSTIC
51000000000,51,edge_north_for_veh_1,veh_1,edge_north,EDGE,12000000000,39534480,0.085,0.08,0.005,pool_rsu_north,rsu_north,rsu_0,region_north_normal,50,1,39534480,59386200,MIN_RESIDUAL_CELL_UPLINK_DOWNLINK_DIAGNOSTIC,CELL_BANDWIDTH_STREAM_RESIDUAL,LATEST_SAFE_AVAILABLE_CELL_BUCKET,START_TIMESTAMP_FOR_INTERVAL,MAX_CELL_UPLINK_DOWNLINK_UNICAST_PLUS_NODE_BASE_DIAGNOSTIC
51000000000,51,cloud_regional_for_veh_1,veh_1,cloud_regional,CLOUD,100000000000,39534480,0.28,0.08,0.2,pool_rsu_north,rsu_north,rsu_0,region_north_normal,50,1,39534480,59386200,MIN_RESIDUAL_CELL_UPLINK_DOWNLINK_DIAGNOSTIC,CELL_BANDWIDTH_STREAM_RESIDUAL,LATEST_SAFE_AVAILABLE_CELL_BUCKET,START_TIMESTAMP_FOR_INTERVAL,MAX_CELL_UPLINK_DOWNLINK_UNICAST_PLUS_NODE_BASE_DIAGNOSTIC
51000000000,51,edge_north_for_veh_2,veh_2,edge_north,EDGE,12000000000,39534480,0.085,0.08,0.005,pool_rsu_north,rsu_north,rsu_0,region_north_normal,50,1,39534480,59386200,MIN_RESIDUAL_CELL_UPLINK_DOWNLINK_DIAGNOSTIC,CELL_BANDWIDTH_STREAM_RESIDUAL,LATEST_SAFE_AVAILABLE_CELL_BUCKET,START_TIMESTAMP_FOR_INTERVAL,MAX_CELL_UPLINK_DOWNLINK_UNICAST_PLUS_NODE_BASE_DIAGNOSTIC
51000000000,51,cloud_regional_for_veh_2,veh_2,cloud_regional,CLOUD,100000000000,39534480,0.28,0.08,0.2,pool_rsu_north,rsu_north,rsu_0,region_north_normal,50,1,39534480,59386200,MIN_RESIDUAL_CELL_UPLINK_DOWNLINK_DIAGNOSTIC,CELL_BANDWIDTH_STREAM_RESIDUAL,LATEST_SAFE_AVAILABLE_CELL_BUCKET,START_TIMESTAMP_FOR_INTERVAL,MAX_CELL_UPLINK_DOWNLINK_UNICAST_PLUS_NODE_BASE_DIAGNOSTIC
51000000000,51,edge_north_for_veh_3,veh_3,edge_north,EDGE,12000000000,39534480,0.085,0.08,0.005,pool_rsu_north,rsu_north,rsu_0,region_north_normal,50,1,39534480,59386200,MIN_RESIDUAL_CELL_UPLINK_DOWNLINK_DIAGNOSTIC,CELL_BANDWIDTH_STREAM_RESIDUAL,LATEST_SAFE_AVAILABLE_CELL_BUCKET,START_TIMESTAMP_FOR_INTERVAL,MAX_CELL_UPLINK_DOWNLINK_UNICAST_PLUS_NODE_BASE_DIAGNOSTIC
51000000000,51,cloud_regional_for_veh_3,veh_3,cloud_regional,CLOUD,100000000000,39534480,0.28,0.08,0.2,pool_rsu_north,rsu_north,rsu_0,region_north_normal,50,1,39534480,59386200,MIN_RESIDUAL_CELL_UPLINK_DOWNLINK_DIAGNOSTIC,CELL_BANDWIDTH_STREAM_RESIDUAL,LATEST_SAFE_AVAILABLE_CELL_BUCKET,START_TIMESTAMP_FOR_INTERVAL,MAX_CELL_UPLINK_DOWNLINK_UNICAST_PLUS_NODE_BASE_DIAGNOSTIC
51000000000,51,edge_north_for_veh_4,veh_4,edge_north,EDGE,12000000000,39534480,0.085,0.08,0.005,pool_rsu_north,rsu_north,rsu_0,region_north_normal,50,1,39534480,59386200,MIN_RESIDUAL_CELL_UPLINK_DOWNLINK_DIAGNOSTIC,CELL_BANDWIDTH_STREAM_RESIDUAL,LATEST_SAFE_AVAILABLE_CELL_BUCKET,START_TIMESTAMP_FOR_INTERVAL,MAX_CELL_UPLINK_DOWNLINK_UNICAST_PLUS_NODE_BASE_DIAGNOSTIC
51000000000,51,cloud_regional_for_veh_4,veh_4,cloud_regional,CLOUD,100000000000,39534480,0.28,0.08,0.2,pool_rsu_north,rsu_north,rsu_0,region_north_normal,50,1,39534480,59386200,MIN_RESIDUAL_CELL_UPLINK_DOWNLINK_DIAGNOSTIC,CELL_BANDWIDTH_STREAM_RESIDUAL,LATEST_SAFE_AVAILABLE_CELL_BUCKET,START_TIMESTAMP_FOR_INTERVAL,MAX_CELL_UPLINK_DOWNLINK_UNICAST_PLUS_NODE_BASE_DIAGNOSTIC
51000000000,51,edge_north_for_veh_5,veh_5,edge_north,EDGE,12000000000,39534480,0.085,0.08,0.005,pool_rsu_north,rsu_north,rsu_0,region_north_normal,50,1,39534480,59386200,MIN_RESIDUAL_CELL_UPLINK_DOWNLINK_DIAGNOSTIC,CELL_BANDWIDTH_STREAM_RESIDUAL,LATEST_SAFE_AVAILABLE_CELL_BUCKET,START_TIMESTAMP_FOR_INTERVAL,MAX_CELL_UPLINK_DOWNLINK_UNICAST_PLUS_NODE_BASE_DIAGNOSTIC
51000000000,51,cloud_regional_for_veh_5,veh_5,cloud_regional,CLOUD,100000000000,39534480,0.28,0.08,0.2,pool_rsu_north,rsu_north,rsu_0,region_north_normal,50,1,39534480,59386200,MIN_RESIDUAL_CELL_UPLINK_DOWNLINK_DIAGNOSTIC,CELL_BANDWIDTH_STREAM_RESIDUAL,LATEST_SAFE_AVAILABLE_CELL_BUCKET,START_TIMESTAMP_FOR_INTERVAL,MAX_CELL_UPLINK_DOWNLINK_UNICAST_PLUS_NODE_BASE_DIAGNOSTIC
52000000000,52,edge_north_for_veh_0,veh_0,edge_north,EDGE,12000000000,39492160,0.085,0.08,0.005,pool_rsu_north,rsu_north,rsu_0,region_north_normal,51,1,39492160,59330400,MIN_RESIDUAL_CELL_UPLINK_DOWNLINK_DIAGNOSTIC,CELL_BANDWIDTH_STREAM_RESIDUAL,LATEST_SAFE_AVAILABLE_CELL_BUCKET,START_TIMESTAMP_FOR_INTERVAL,MAX_CELL_UPLINK_DOWNLINK_UNICAST_PLUS_NODE_BASE_DIAGNOSTIC
52000000000,52,cloud_regional_for_veh_0,veh_0,cloud_regional,CLOUD,100000000000,39492160,0.28,0.08,0.2,pool_rsu_north,rsu_north,rsu_0,region_north_normal,51,1,39492160,59330400,MIN_RESIDUAL_CELL_UPLINK_DOWNLINK_DIAGNOSTIC,CELL_BANDWIDTH_STREAM_RESIDUAL,LATEST_SAFE_AVAILABLE_CELL_BUCKET,START_TIMESTAMP_FOR_INTERVAL,MAX_CELL_UPLINK_DOWNLINK_UNICAST_PLUS_NODE_BASE_DIAGNOSTIC
52000000000,52,edge_north_for_veh_1,veh_1,edge_north,EDGE,12000000000,39492160,0.085,0.08,0.005,pool_rsu_north,rsu_north,rsu_0,region_north_normal,51,1,39492160,59330400,MIN_RESIDUAL_CELL_UPLINK_DOWNLINK_DIAGNOSTIC,CELL_BANDWIDTH_STREAM_RESIDUAL,LATEST_SAFE_AVAILABLE_CELL_BUCKET,START_TIMESTAMP_FOR_INTERVAL,MAX_CELL_UPLINK_DOWNLINK_UNICAST_PLUS_NODE_BASE_DIAGNOSTIC
52000000000,52,cloud_regional_for_veh_1,veh_1,cloud_regional,CLOUD,100000000000,39492160,0.28,0.08,0.2,pool_rsu_north,rsu_north,rsu_0,region_north_normal,51,1,39492160,59330400,MIN_RESIDUAL_CELL_UPLINK_DOWNLINK_DIAGNOSTIC,CELL_BANDWIDTH_STREAM_RESIDUAL,LATEST_SAFE_AVAILABLE_CELL_BUCKET,START_TIMESTAMP_FOR_INTERVAL,MAX_CELL_UPLINK_DOWNLINK_UNICAST_PLUS_NODE_BASE_DIAGNOSTIC
52000000000,52,edge_north_for_veh_2,veh_2,edge_north,EDGE,12000000000,39492160,0.085,0.08,0.005,pool_rsu_north,rsu_north,rsu_0,region_north_normal,51,1,39492160,59330400,MIN_RESIDUAL_CELL_UPLINK_DOWNLINK_DIAGNOSTIC,CELL_BANDWIDTH_STREAM_RESIDUAL,LATEST_SAFE_AVAILABLE_CELL_BUCKET,START_TIMESTAMP_FOR_INTERVAL,MAX_CELL_UPLINK_DOWNLINK_UNICAST_PLUS_NODE_BASE_DIAGNOSTIC
52000000000,52,cloud_regional_for_veh_2,veh_2,cloud_regional,CLOUD,100000000000,39492160,0.28,0.08,0.2,pool_rsu_north,rsu_north,rsu_0,region_north_normal,51,1,39492160,59330400,MIN_RESIDUAL_CELL_UPLINK_DOWNLINK_DIAGNOSTIC,CELL_BANDWIDTH_STREAM_RESIDUAL,LATEST_SAFE_AVAILABLE_CELL_BUCKET,START_TIMESTAMP_FOR_INTERVAL,MAX_CELL_UPLINK_DOWNLINK_UNICAST_PLUS_NODE_BASE_DIAGNOSTIC
52000000000,52,edge_north_for_veh_3,veh_3,edge_north,EDGE,12000000000,39492160,0.085,0.08,0.005,pool_rsu_north,rsu_north,rsu_0,region_north_normal,51,1,39492160,59330400,MIN_RESIDUAL_CELL_UPLINK_DOWNLINK_DIAGNOSTIC,CELL_BANDWIDTH_STREAM_RESIDUAL,LATEST_SAFE_AVAILABLE_CELL_BUCKET,START_TIMESTAMP_FOR_INTERVAL,MAX_CELL_UPLINK_DOWNLINK_UNICAST_PLUS_NODE_BASE_DIAGNOSTIC
52000000000,52,cloud_regional_for_veh_3,veh_3,cloud_regional,CLOUD,100000000000,39492160,0.28,0.08,0.2,pool_rsu_north,rsu_north,rsu_0,region_north_normal,51,1,39492160,59330400,MIN_RESIDUAL_CELL_UPLINK_DOWNLINK_DIAGNOSTIC,CELL_BANDWIDTH_STREAM_RESIDUAL,LATEST_SAFE_AVAILABLE_CELL_BUCKET,START_TIMESTAMP_FOR_INTERVAL,MAX_CELL_UPLINK_DOWNLINK_UNICAST_PLUS_NODE_BASE_DIAGNOSTIC
52000000000,52,edge_north_for_veh_4,veh_4,edge_north,EDGE,12000000000,39492160,0.085,0.08,0.005,pool_rsu_north,rsu_north,rsu_0,region_north_normal,51,1,39492160,59330400,MIN_RESIDUAL_CELL_UPLINK_DOWNLINK_DIAGNOSTIC,CELL_BANDWIDTH_STREAM_RESIDUAL,LATEST_SAFE_AVAILABLE_CELL_BUCKET,START_TIMESTAMP_FOR_INTERVAL,MAX_CELL_UPLINK_DOWNLINK_UNICAST_PLUS_NODE_BASE_DIAGNOSTIC
52000000000,52,cloud_regional_for_veh_4,veh_4,cloud_regional,CLOUD,100000000000,39492160,0.28,0.08,0.2,pool_rsu_north,rsu_north,rsu_0,region_north_normal,51,1,39492160,59330400,MIN_RESIDUAL_CELL_UPLINK_DOWNLINK_DIAGNOSTIC,CELL_BANDWIDTH_STREAM_RESIDUAL,LATEST_SAFE_AVAILABLE_CELL_BUCKET,START_TIMESTAMP_FOR_INTERVAL,MAX_CELL_UPLINK_DOWNLINK_UNICAST_PLUS_NODE_BASE_DIAGNOSTIC
52000000000,52,edge_north_for_veh_5,veh_5,edge_north,EDGE,12000000000,39492160,0.085,0.08,0.005,pool_rsu_north,rsu_north,rsu_0,region_north_normal,51,1,39492160,59330400,MIN_RESIDUAL_CELL_UPLINK_DOWNLINK_DIAGNOSTIC,CELL_BANDWIDTH_STREAM_RESIDUAL,LATEST_SAFE_AVAILABLE_CELL_BUCKET,START_TIMESTAMP_FOR_INTERVAL,MAX_CELL_UPLINK_DOWNLINK_UNICAST_PLUS_NODE_BASE_DIAGNOSTIC
52000000000,52,cloud_regional_for_veh_5,veh_5,cloud_regional,CLOUD,100000000000,39492160,0.28,0.08,0.2,pool_rsu_north,rsu_north,rsu_0,region_north_normal,51,1,39492160,59330400,MIN_RESIDUAL_CELL_UPLINK_DOWNLINK_DIAGNOSTIC,CELL_BANDWIDTH_STREAM_RESIDUAL,LATEST_SAFE_AVAILABLE_CELL_BUCKET,START_TIMESTAMP_FOR_INTERVAL,MAX_CELL_UPLINK_DOWNLINK_UNICAST_PLUS_NODE_BASE_DIAGNOSTIC
53000000000,53,edge_north_for_veh_0,veh_0,edge_north,EDGE,12000000000,39492160,0.085,0.08,0.005,pool_rsu_north,rsu_north,rsu_0,region_north_normal,52,1,39492160,59330400,MIN_RESIDUAL_CELL_UPLINK_DOWNLINK_DIAGNOSTIC,CELL_BANDWIDTH_STREAM_RESIDUAL,LATEST_SAFE_AVAILABLE_CELL_BUCKET,START_TIMESTAMP_FOR_INTERVAL,MAX_CELL_UPLINK_DOWNLINK_UNICAST_PLUS_NODE_BASE_DIAGNOSTIC
53000000000,53,cloud_regional_for_veh_0,veh_0,cloud_regional,CLOUD,100000000000,39492160,0.28,0.08,0.2,pool_rsu_north,rsu_north,rsu_0,region_north_normal,52,1,39492160,59330400,MIN_RESIDUAL_CELL_UPLINK_DOWNLINK_DIAGNOSTIC,CELL_BANDWIDTH_STREAM_RESIDUAL,LATEST_SAFE_AVAILABLE_CELL_BUCKET,START_TIMESTAMP_FOR_INTERVAL,MAX_CELL_UPLINK_DOWNLINK_UNICAST_PLUS_NODE_BASE_DIAGNOSTIC
53000000000,53,edge_north_for_veh_1,veh_1,edge_north,EDGE,12000000000,39492160,0.085,0.08,0.005,pool_rsu_north,rsu_north,rsu_0,region_north_normal,52,1,39492160,59330400,MIN_RESIDUAL_CELL_UPLINK_DOWNLINK_DIAGNOSTIC,CELL_BANDWIDTH_STREAM_RESIDUAL,LATEST_SAFE_AVAILABLE_CELL_BUCKET,START_TIMESTAMP_FOR_INTERVAL,MAX_CELL_UPLINK_DOWNLINK_UNICAST_PLUS_NODE_BASE_DIAGNOSTIC
53000000000,53,cloud_regional_for_veh_1,veh_1,cloud_regional,CLOUD,100000000000,39492160,0.28,0.08,0.2,pool_rsu_north,rsu_north,rsu_0,region_north_normal,52,1,39492160,59330400,MIN_RESIDUAL_CELL_UPLINK_DOWNLINK_DIAGNOSTIC,CELL_BANDWIDTH_STREAM_RESIDUAL,LATEST_SAFE_AVAILABLE_CELL_BUCKET,START_TIMESTAMP_FOR_INTERVAL,MAX_CELL_UPLINK_DOWNLINK_UNICAST_PLUS_NODE_BASE_DIAGNOSTIC
53000000000,53,edge_north_for_veh_2,veh_2,edge_north,EDGE,12000000000,39492160,0.085,0.08,0.005,pool_rsu_north,rsu_north,rsu_0,region_north_normal,52,1,39492160,59330400,MIN_RESIDUAL_CELL_UPLINK_DOWNLINK_DIAGNOSTIC,CELL_BANDWIDTH_STREAM_RESIDUAL,LATEST_SAFE_AVAILABLE_CELL_BUCKET,START_TIMESTAMP_FOR_INTERVAL,MAX_CELL_UPLINK_DOWNLINK_UNICAST_PLUS_NODE_BASE_DIAGNOSTIC
53000000000,53,cloud_regional_for_veh_2,veh_2,cloud_regional,CLOUD,100000000000,39492160,0.28,0.08,0.2,pool_rsu_north,rsu_north,rsu_0,region_north_normal,52,1,39492160,59330400,MIN_RESIDUAL_CELL_UPLINK_DOWNLINK_DIAGNOSTIC,CELL_BANDWIDTH_STREAM_RESIDUAL,LATEST_SAFE_AVAILABLE_CELL_BUCKET,START_TIMESTAMP_FOR_INTERVAL,MAX_CELL_UPLINK_DOWNLINK_UNICAST_PLUS_NODE_BASE_DIAGNOSTIC
53000000000,53,edge_north_for_veh_3,veh_3,edge_north,EDGE,12000000000,39492160,0.085,0.08,0.005,pool_rsu_north,rsu_north,rsu_0,region_north_normal,52,1,39492160,59330400,MIN_RESIDUAL_CELL_UPLINK_DOWNLINK_DIAGNOSTIC,CELL_BANDWIDTH_STREAM_RESIDUAL,LATEST_SAFE_AVAILABLE_CELL_BUCKET,START_TIMESTAMP_FOR_INTERVAL,MAX_CELL_UPLINK_DOWNLINK_UNICAST_PLUS_NODE_BASE_DIAGNOSTIC
53000000000,53,cloud_regional_for_veh_3,veh_3,cloud_regional,CLOUD,100000000000,39492160,0.28,0.08,0.2,pool_rsu_north,rsu_north,rsu_0,region_north_normal,52,1,39492160,59330400,MIN_RESIDUAL_CELL_UPLINK_DOWNLINK_DIAGNOSTIC,CELL_BANDWIDTH_STREAM_RESIDUAL,LATEST_SAFE_AVAILABLE_CELL_BUCKET,START_TIMESTAMP_FOR_INTERVAL,MAX_CELL_UPLINK_DOWNLINK_UNICAST_PLUS_NODE_BASE_DIAGNOSTIC
53000000000,53,edge_north_for_veh_4,veh_4,edge_north,EDGE,12000000000,39492160,0.085,0.08,0.005,pool_rsu_north,rsu_north,rsu_0,region_north_normal,52,1,39492160,59330400,MIN_RESIDUAL_CELL_UPLINK_DOWNLINK_DIAGNOSTIC,CELL_BANDWIDTH_STREAM_RESIDUAL,LATEST_SAFE_AVAILABLE_CELL_BUCKET,START_TIMESTAMP_FOR_INTERVAL,MAX_CELL_UPLINK_DOWNLINK_UNICAST_PLUS_NODE_BASE_DIAGNOSTIC
53000000000,53,cloud_regional_for_veh_4,veh_4,cloud_regional,CLOUD,100000000000,39492160,0.28,0.08,0.2,pool_rsu_north,rsu_north,rsu_0,region_north_normal,52,1,39492160,59330400,MIN_RESIDUAL_CELL_UPLINK_DOWNLINK_DIAGNOSTIC,CELL_BANDWIDTH_STREAM_RESIDUAL,LATEST_SAFE_AVAILABLE_CELL_BUCKET,START_TIMESTAMP_FOR_INTERVAL,MAX_CELL_UPLINK_DOWNLINK_UNICAST_PLUS_NODE_BASE_DIAGNOSTIC
53000000000,53,edge_north_for_veh_5,veh_5,edge_north,EDGE,12000000000,39492160,0.085,0.08,0.005,pool_rsu_north,rsu_north,rsu_0,region_north_normal,52,1,39492160,59330400,MIN_RESIDUAL_CELL_UPLINK_DOWNLINK_DIAGNOSTIC,CELL_BANDWIDTH_STREAM_RESIDUAL,LATEST_SAFE_AVAILABLE_CELL_BUCKET,START_TIMESTAMP_FOR_INTERVAL,MAX_CELL_UPLINK_DOWNLINK_UNICAST_PLUS_NODE_BASE_DIAGNOSTIC
53000000000,53,cloud_regional_for_veh_5,veh_5,cloud_regional,CLOUD,100000000000,39492160,0.28,0.08,0.2,pool_rsu_north,rsu_north,rsu_0,region_north_normal,52,1,39492160,59330400,MIN_RESIDUAL_CELL_UPLINK_DOWNLINK_DIAGNOSTIC,CELL_BANDWIDTH_STREAM_RESIDUAL,LATEST_SAFE_AVAILABLE_CELL_BUCKET,START_TIMESTAMP_FOR_INTERVAL,MAX_CELL_UPLINK_DOWNLINK_UNICAST_PLUS_NODE_BASE_DIAGNOSTIC
54000000000,54,edge_north_for_veh_0,veh_0,edge_north,EDGE,12000000000,39492160,0.085,0.08,0.005,pool_rsu_north,rsu_north,rsu_0,region_north_normal,53,1,39492160,59330400,MIN_RESIDUAL_CELL_UPLINK_DOWNLINK_DIAGNOSTIC,CELL_BANDWIDTH_STREAM_RESIDUAL,LATEST_SAFE_AVAILABLE_CELL_BUCKET,START_TIMESTAMP_FOR_INTERVAL,MAX_CELL_UPLINK_DOWNLINK_UNICAST_PLUS_NODE_BASE_DIAGNOSTIC
54000000000,54,cloud_regional_for_veh_0,veh_0,cloud_regional,CLOUD,100000000000,39492160,0.28,0.08,0.2,pool_rsu_north,rsu_north,rsu_0,region_north_normal,53,1,39492160,59330400,MIN_RESIDUAL_CELL_UPLINK_DOWNLINK_DIAGNOSTIC,CELL_BANDWIDTH_STREAM_RESIDUAL,LATEST_SAFE_AVAILABLE_CELL_BUCKET,START_TIMESTAMP_FOR_INTERVAL,MAX_CELL_UPLINK_DOWNLINK_UNICAST_PLUS_NODE_BASE_DIAGNOSTIC
54000000000,54,edge_north_for_veh_1,veh_1,edge_north,EDGE,12000000000,39492160,0.085,0.08,0.005,pool_rsu_north,rsu_north,rsu_0,region_north_normal,53,1,39492160,59330400,MIN_RESIDUAL_CELL_UPLINK_DOWNLINK_DIAGNOSTIC,CELL_BANDWIDTH_STREAM_RESIDUAL,LATEST_SAFE_AVAILABLE_CELL_BUCKET,START_TIMESTAMP_FOR_INTERVAL,MAX_CELL_UPLINK_DOWNLINK_UNICAST_PLUS_NODE_BASE_DIAGNOSTIC
54000000000,54,cloud_regional_for_veh_1,veh_1,cloud_regional,CLOUD,100000000000,39492160,0.28,0.08,0.2,pool_rsu_north,rsu_north,rsu_0,region_north_normal,53,1,39492160,59330400,MIN_RESIDUAL_CELL_UPLINK_DOWNLINK_DIAGNOSTIC,CELL_BANDWIDTH_STREAM_RESIDUAL,LATEST_SAFE_AVAILABLE_CELL_BUCKET,START_TIMESTAMP_FOR_INTERVAL,MAX_CELL_UPLINK_DOWNLINK_UNICAST_PLUS_NODE_BASE_DIAGNOSTIC
54000000000,54,edge_north_for_veh_2,veh_2,edge_north,EDGE,12000000000,39492160,0.085,0.08,0.005,pool_rsu_north,rsu_north,rsu_0,region_north_normal,53,1,39492160,59330400,MIN_RESIDUAL_CELL_UPLINK_DOWNLINK_DIAGNOSTIC,CELL_BANDWIDTH_STREAM_RESIDUAL,LATEST_SAFE_AVAILABLE_CELL_BUCKET,START_TIMESTAMP_FOR_INTERVAL,MAX_CELL_UPLINK_DOWNLINK_UNICAST_PLUS_NODE_BASE_DIAGNOSTIC
54000000000,54,cloud_regional_for_veh_2,veh_2,cloud_regional,CLOUD,100000000000,39492160,0.28,0.08,0.2,pool_rsu_north,rsu_north,rsu_0,region_north_normal,53,1,39492160,59330400,MIN_RESIDUAL_CELL_UPLINK_DOWNLINK_DIAGNOSTIC,CELL_BANDWIDTH_STREAM_RESIDUAL,LATEST_SAFE_AVAILABLE_CELL_BUCKET,START_TIMESTAMP_FOR_INTERVAL,MAX_CELL_UPLINK_DOWNLINK_UNICAST_PLUS_NODE_BASE_DIAGNOSTIC
54000000000,54,edge_north_for_veh_3,veh_3,edge_north,EDGE,12000000000,39492160,0.085,0.08,0.005,pool_rsu_north,rsu_north,rsu_0,region_north_normal,53,1,39492160,59330400,MIN_RESIDUAL_CELL_UPLINK_DOWNLINK_DIAGNOSTIC,CELL_BANDWIDTH_STREAM_RESIDUAL,LATEST_SAFE_AVAILABLE_CELL_BUCKET,START_TIMESTAMP_FOR_INTERVAL,MAX_CELL_UPLINK_DOWNLINK_UNICAST_PLUS_NODE_BASE_DIAGNOSTIC
54000000000,54,cloud_regional_for_veh_3,veh_3,cloud_regional,CLOUD,100000000000,39492160,0.28,0.08,0.2,pool_rsu_north,rsu_north,rsu_0,region_north_normal,53,1,39492160,59330400,MIN_RESIDUAL_CELL_UPLINK_DOWNLINK_DIAGNOSTIC,CELL_BANDWIDTH_STREAM_RESIDUAL,LATEST_SAFE_AVAILABLE_CELL_BUCKET,START_TIMESTAMP_FOR_INTERVAL,MAX_CELL_UPLINK_DOWNLINK_UNICAST_PLUS_NODE_BASE_DIAGNOSTIC
54000000000,54,edge_north_for_veh_4,veh_4,edge_north,EDGE,12000000000,39492160,0.085,0.08,0.005,pool_rsu_north,rsu_north,rsu_0,region_north_normal,53,1,39492160,59330400,MIN_RESIDUAL_CELL_UPLINK_DOWNLINK_DIAGNOSTIC,CELL_BANDWIDTH_STREAM_RESIDUAL,LATEST_SAFE_AVAILABLE_CELL_BUCKET,START_TIMESTAMP_FOR_INTERVAL,MAX_CELL_UPLINK_DOWNLINK_UNICAST_PLUS_NODE_BASE_DIAGNOSTIC
54000000000,54,cloud_regional_for_veh_4,veh_4,cloud_regional,CLOUD,100000000000,39492160,0.28,0.08,0.2,pool_rsu_north,rsu_north,rsu_0,region_north_normal,53,1,39492160,59330400,MIN_RESIDUAL_CELL_UPLINK_DOWNLINK_DIAGNOSTIC,CELL_BANDWIDTH_STREAM_RESIDUAL,LATEST_SAFE_AVAILABLE_CELL_BUCKET,START_TIMESTAMP_FOR_INTERVAL,MAX_CELL_UPLINK_DOWNLINK_UNICAST_PLUS_NODE_BASE_DIAGNOSTIC
54000000000,54,edge_north_for_veh_5,veh_5,edge_north,EDGE,12000000000,39492160,0.085,0.08,0.005,pool_rsu_north,rsu_north,rsu_0,region_north_normal,53,1,39492160,59330400,MIN_RESIDUAL_CELL_UPLINK_DOWNLINK_DIAGNOSTIC,CELL_BANDWIDTH_STREAM_RESIDUAL,LATEST_SAFE_AVAILABLE_CELL_BUCKET,START_TIMESTAMP_FOR_INTERVAL,MAX_CELL_UPLINK_DOWNLINK_UNICAST_PLUS_NODE_BASE_DIAGNOSTIC
54000000000,54,cloud_regional_for_veh_5,veh_5,cloud_regional,CLOUD,100000000000,39492160,0.28,0.08,0.2,pool_rsu_north,rsu_north,rsu_0,region_north_normal,53,1,39492160,59330400,MIN_RESIDUAL_CELL_UPLINK_DOWNLINK_DIAGNOSTIC,CELL_BANDWIDTH_STREAM_RESIDUAL,LATEST_SAFE_AVAILABLE_CELL_BUCKET,START_TIMESTAMP_FOR_INTERVAL,MAX_CELL_UPLINK_DOWNLINK_UNICAST_PLUS_NODE_BASE_DIAGNOSTIC
55000000000,55,edge_north_for_veh_0,veh_0,edge_north,EDGE,12000000000,39492160,0.085,0.08,0.005,pool_rsu_north,rsu_north,rsu_0,region_north_normal,54,1,39492160,59330400,MIN_RESIDUAL_CELL_UPLINK_DOWNLINK_DIAGNOSTIC,CELL_BANDWIDTH_STREAM_RESIDUAL,LATEST_SAFE_AVAILABLE_CELL_BUCKET,START_TIMESTAMP_FOR_INTERVAL,MAX_CELL_UPLINK_DOWNLINK_UNICAST_PLUS_NODE_BASE_DIAGNOSTIC
55000000000,55,cloud_regional_for_veh_0,veh_0,cloud_regional,CLOUD,100000000000,39492160,0.28,0.08,0.2,pool_rsu_north,rsu_north,rsu_0,region_north_normal,54,1,39492160,59330400,MIN_RESIDUAL_CELL_UPLINK_DOWNLINK_DIAGNOSTIC,CELL_BANDWIDTH_STREAM_RESIDUAL,LATEST_SAFE_AVAILABLE_CELL_BUCKET,START_TIMESTAMP_FOR_INTERVAL,MAX_CELL_UPLINK_DOWNLINK_UNICAST_PLUS_NODE_BASE_DIAGNOSTIC
55000000000,55,edge_north_for_veh_1,veh_1,edge_north,EDGE,12000000000,39492160,0.085,0.08,0.005,pool_rsu_north,rsu_north,rsu_0,region_north_normal,54,1,39492160,59330400,MIN_RESIDUAL_CELL_UPLINK_DOWNLINK_DIAGNOSTIC,CELL_BANDWIDTH_STREAM_RESIDUAL,LATEST_SAFE_AVAILABLE_CELL_BUCKET,START_TIMESTAMP_FOR_INTERVAL,MAX_CELL_UPLINK_DOWNLINK_UNICAST_PLUS_NODE_BASE_DIAGNOSTIC
55000000000,55,cloud_regional_for_veh_1,veh_1,cloud_regional,CLOUD,100000000000,39492160,0.28,0.08,0.2,pool_rsu_north,rsu_north,rsu_0,region_north_normal,54,1,39492160,59330400,MIN_RESIDUAL_CELL_UPLINK_DOWNLINK_DIAGNOSTIC,CELL_BANDWIDTH_STREAM_RESIDUAL,LATEST_SAFE_AVAILABLE_CELL_BUCKET,START_TIMESTAMP_FOR_INTERVAL,MAX_CELL_UPLINK_DOWNLINK_UNICAST_PLUS_NODE_BASE_DIAGNOSTIC
55000000000,55,edge_north_for_veh_2,veh_2,edge_north,EDGE,12000000000,39492160,0.085,0.08,0.005,pool_rsu_north,rsu_north,rsu_0,region_north_normal,54,1,39492160,59330400,MIN_RESIDUAL_CELL_UPLINK_DOWNLINK_DIAGNOSTIC,CELL_BANDWIDTH_STREAM_RESIDUAL,LATEST_SAFE_AVAILABLE_CELL_BUCKET,START_TIMESTAMP_FOR_INTERVAL,MAX_CELL_UPLINK_DOWNLINK_UNICAST_PLUS_NODE_BASE_DIAGNOSTIC
55000000000,55,cloud_regional_for_veh_2,veh_2,cloud_regional,CLOUD,100000000000,39492160,0.28,0.08,0.2,pool_rsu_north,rsu_north,rsu_0,region_north_normal,54,1,39492160,59330400,MIN_RESIDUAL_CELL_UPLINK_DOWNLINK_DIAGNOSTIC,CELL_BANDWIDTH_STREAM_RESIDUAL,LATEST_SAFE_AVAILABLE_CELL_BUCKET,START_TIMESTAMP_FOR_INTERVAL,MAX_CELL_UPLINK_DOWNLINK_UNICAST_PLUS_NODE_BASE_DIAGNOSTIC
55000000000,55,edge_north_for_veh_3,veh_3,edge_north,EDGE,12000000000,39492160,0.085,0.08,0.005,pool_rsu_north,rsu_north,rsu_0,region_north_normal,54,1,39492160,59330400,MIN_RESIDUAL_CELL_UPLINK_DOWNLINK_DIAGNOSTIC,CELL_BANDWIDTH_STREAM_RESIDUAL,LATEST_SAFE_AVAILABLE_CELL_BUCKET,START_TIMESTAMP_FOR_INTERVAL,MAX_CELL_UPLINK_DOWNLINK_UNICAST_PLUS_NODE_BASE_DIAGNOSTIC
55000000000,55,cloud_regional_for_veh_3,veh_3,cloud_regional,CLOUD,100000000000,39492160,0.28,0.08,0.2,pool_rsu_north,rsu_north,rsu_0,region_north_normal,54,1,39492160,59330400,MIN_RESIDUAL_CELL_UPLINK_DOWNLINK_DIAGNOSTIC,CELL_BANDWIDTH_STREAM_RESIDUAL,LATEST_SAFE_AVAILABLE_CELL_BUCKET,START_TIMESTAMP_FOR_INTERVAL,MAX_CELL_UPLINK_DOWNLINK_UNICAST_PLUS_NODE_BASE_DIAGNOSTIC
55000000000,55,edge_north_for_veh_4,veh_4,edge_north,EDGE,12000000000,39492160,0.085,0.08,0.005,pool_rsu_north,rsu_north,rsu_0,region_north_normal,54,1,39492160,59330400,MIN_RESIDUAL_CELL_UPLINK_DOWNLINK_DIAGNOSTIC,CELL_BANDWIDTH_STREAM_RESIDUAL,LATEST_SAFE_AVAILABLE_CELL_BUCKET,START_TIMESTAMP_FOR_INTERVAL,MAX_CELL_UPLINK_DOWNLINK_UNICAST_PLUS_NODE_BASE_DIAGNOSTIC
55000000000,55,cloud_regional_for_veh_4,veh_4,cloud_regional,CLOUD,100000000000,39492160,0.28,0.08,0.2,pool_rsu_north,rsu_north,rsu_0,region_north_normal,54,1,39492160,59330400,MIN_RESIDUAL_CELL_UPLINK_DOWNLINK_DIAGNOSTIC,CELL_BANDWIDTH_STREAM_RESIDUAL,LATEST_SAFE_AVAILABLE_CELL_BUCKET,START_TIMESTAMP_FOR_INTERVAL,MAX_CELL_UPLINK_DOWNLINK_UNICAST_PLUS_NODE_BASE_DIAGNOSTIC
55000000000,55,edge_north_for_veh_5,veh_5,edge_north,EDGE,12000000000,39492160,0.085,0.08,0.005,pool_rsu_north,rsu_north,rsu_0,region_north_normal,54,1,39492160,59330400,MIN_RESIDUAL_CELL_UPLINK_DOWNLINK_DIAGNOSTIC,CELL_BANDWIDTH_STREAM_RESIDUAL,LATEST_SAFE_AVAILABLE_CELL_BUCKET,START_TIMESTAMP_FOR_INTERVAL,MAX_CELL_UPLINK_DOWNLINK_UNICAST_PLUS_NODE_BASE_DIAGNOSTIC
55000000000,55,cloud_regional_for_veh_5,veh_5,cloud_regional,CLOUD,100000000000,39492160,0.28,0.08,0.2,pool_rsu_north,rsu_north,rsu_0,region_north_normal,54,1,39492160,59330400,MIN_RESIDUAL_CELL_UPLINK_DOWNLINK_DIAGNOSTIC,CELL_BANDWIDTH_STREAM_RESIDUAL,LATEST_SAFE_AVAILABLE_CELL_BUCKET,START_TIMESTAMP_FOR_INTERVAL,MAX_CELL_UPLINK_DOWNLINK_UNICAST_PLUS_NODE_BASE_DIAGNOSTIC
55000000000,55,edge_north_for_veh_6,veh_6,edge_north,EDGE,12000000000,39492160,0.085,0.08,0.005,pool_rsu_north,rsu_north,rsu_0,region_north_normal,54,1,39492160,59330400,MIN_RESIDUAL_CELL_UPLINK_DOWNLINK_DIAGNOSTIC,CELL_BANDWIDTH_STREAM_RESIDUAL,LATEST_SAFE_AVAILABLE_CELL_BUCKET,START_TIMESTAMP_FOR_INTERVAL,MAX_CELL_UPLINK_DOWNLINK_UNICAST_PLUS_NODE_BASE_DIAGNOSTIC
55000000000,55,cloud_regional_for_veh_6,veh_6,cloud_regional,CLOUD,100000000000,39492160,0.28,0.08,0.2,pool_rsu_north,rsu_north,rsu_0,region_north_normal,54,1,39492160,59330400,MIN_RESIDUAL_CELL_UPLINK_DOWNLINK_DIAGNOSTIC,CELL_BANDWIDTH_STREAM_RESIDUAL,LATEST_SAFE_AVAILABLE_CELL_BUCKET,START_TIMESTAMP_FOR_INTERVAL,MAX_CELL_UPLINK_DOWNLINK_UNICAST_PLUS_NODE_BASE_DIAGNOSTIC
56000000000,56,edge_north_for_veh_0,veh_0,edge_north,EDGE,12000000000,39492160,0.085,0.08,0.005,pool_rsu_north,rsu_north,rsu_0,region_north_normal,55,1,39492160,59330400,MIN_RESIDUAL_CELL_UPLINK_DOWNLINK_DIAGNOSTIC,CELL_BANDWIDTH_STREAM_RESIDUAL,LATEST_SAFE_AVAILABLE_CELL_BUCKET,START_TIMESTAMP_FOR_INTERVAL,MAX_CELL_UPLINK_DOWNLINK_UNICAST_PLUS_NODE_BASE_DIAGNOSTIC
56000000000,56,cloud_regional_for_veh_0,veh_0,cloud_regional,CLOUD,100000000000,39492160,0.28,0.08,0.2,pool_rsu_north,rsu_north,rsu_0,region_north_normal,55,1,39492160,59330400,MIN_RESIDUAL_CELL_UPLINK_DOWNLINK_DIAGNOSTIC,CELL_BANDWIDTH_STREAM_RESIDUAL,LATEST_SAFE_AVAILABLE_CELL_BUCKET,START_TIMESTAMP_FOR_INTERVAL,MAX_CELL_UPLINK_DOWNLINK_UNICAST_PLUS_NODE_BASE_DIAGNOSTIC
56000000000,56,edge_north_for_veh_1,veh_1,edge_north,EDGE,12000000000,39492160,0.085,0.08,0.005,pool_rsu_north,rsu_north,rsu_0,region_north_normal,55,1,39492160,59330400,MIN_RESIDUAL_CELL_UPLINK_DOWNLINK_DIAGNOSTIC,CELL_BANDWIDTH_STREAM_RESIDUAL,LATEST_SAFE_AVAILABLE_CELL_BUCKET,START_TIMESTAMP_FOR_INTERVAL,MAX_CELL_UPLINK_DOWNLINK_UNICAST_PLUS_NODE_BASE_DIAGNOSTIC
56000000000,56,cloud_regional_for_veh_1,veh_1,cloud_regional,CLOUD,100000000000,39492160,0.28,0.08,0.2,pool_rsu_north,rsu_north,rsu_0,region_north_normal,55,1,39492160,59330400,MIN_RESIDUAL_CELL_UPLINK_DOWNLINK_DIAGNOSTIC,CELL_BANDWIDTH_STREAM_RESIDUAL,LATEST_SAFE_AVAILABLE_CELL_BUCKET,START_TIMESTAMP_FOR_INTERVAL,MAX_CELL_UPLINK_DOWNLINK_UNICAST_PLUS_NODE_BASE_DIAGNOSTIC
56000000000,56,edge_north_for_veh_2,veh_2,edge_north,EDGE,12000000000,39492160,0.085,0.08,0.005,pool_rsu_north,rsu_north,rsu_0,region_north_normal,55,1,39492160,59330400,MIN_RESIDUAL_CELL_UPLINK_DOWNLINK_DIAGNOSTIC,CELL_BANDWIDTH_STREAM_RESIDUAL,LATEST_SAFE_AVAILABLE_CELL_BUCKET,START_TIMESTAMP_FOR_INTERVAL,MAX_CELL_UPLINK_DOWNLINK_UNICAST_PLUS_NODE_BASE_DIAGNOSTIC
56000000000,56,cloud_regional_for_veh_2,veh_2,cloud_regional,CLOUD,100000000000,39492160,0.28,0.08,0.2,pool_rsu_north,rsu_north,rsu_0,region_north_normal,55,1,39492160,59330400,MIN_RESIDUAL_CELL_UPLINK_DOWNLINK_DIAGNOSTIC,CELL_BANDWIDTH_STREAM_RESIDUAL,LATEST_SAFE_AVAILABLE_CELL_BUCKET,START_TIMESTAMP_FOR_INTERVAL,MAX_CELL_UPLINK_DOWNLINK_UNICAST_PLUS_NODE_BASE_DIAGNOSTIC
56000000000,56,edge_north_for_veh_3,veh_3,edge_north,EDGE,12000000000,39492160,0.085,0.08,0.005,pool_rsu_north,rsu_north,rsu_0,region_north_normal,55,1,39492160,59330400,MIN_RESIDUAL_CELL_UPLINK_DOWNLINK_DIAGNOSTIC,CELL_BANDWIDTH_STREAM_RESIDUAL,LATEST_SAFE_AVAILABLE_CELL_BUCKET,START_TIMESTAMP_FOR_INTERVAL,MAX_CELL_UPLINK_DOWNLINK_UNICAST_PLUS_NODE_BASE_DIAGNOSTIC
56000000000,56,cloud_regional_for_veh_3,veh_3,cloud_regional,CLOUD,100000000000,39492160,0.28,0.08,0.2,pool_rsu_north,rsu_north,rsu_0,region_north_normal,55,1,39492160,59330400,MIN_RESIDUAL_CELL_UPLINK_DOWNLINK_DIAGNOSTIC,CELL_BANDWIDTH_STREAM_RESIDUAL,LATEST_SAFE_AVAILABLE_CELL_BUCKET,START_TIMESTAMP_FOR_INTERVAL,MAX_CELL_UPLINK_DOWNLINK_UNICAST_PLUS_NODE_BASE_DIAGNOSTIC
56000000000,56,edge_north_for_veh_4,veh_4,edge_north,EDGE,12000000000,39492160,0.085,0.08,0.005,pool_rsu_north,rsu_north,rsu_0,region_north_normal,55,1,39492160,59330400,MIN_RESIDUAL_CELL_UPLINK_DOWNLINK_DIAGNOSTIC,CELL_BANDWIDTH_STREAM_RESIDUAL,LATEST_SAFE_AVAILABLE_CELL_BUCKET,START_TIMESTAMP_FOR_INTERVAL,MAX_CELL_UPLINK_DOWNLINK_UNICAST_PLUS_NODE_BASE_DIAGNOSTIC
56000000000,56,cloud_regional_for_veh_4,veh_4,cloud_regional,CLOUD,100000000000,39492160,0.28,0.08,0.2,pool_rsu_north,rsu_north,rsu_0,region_north_normal,55,1,39492160,59330400,MIN_RESIDUAL_CELL_UPLINK_DOWNLINK_DIAGNOSTIC,CELL_BANDWIDTH_STREAM_RESIDUAL,LATEST_SAFE_AVAILABLE_CELL_BUCKET,START_TIMESTAMP_FOR_INTERVAL,MAX_CELL_UPLINK_DOWNLINK_UNICAST_PLUS_NODE_BASE_DIAGNOSTIC
56000000000,56,edge_north_for_veh_5,veh_5,edge_north,EDGE,12000000000,39492160,0.085,0.08,0.005,pool_rsu_north,rsu_north,rsu_0,region_north_normal,55,1,39492160,59330400,MIN_RESIDUAL_CELL_UPLINK_DOWNLINK_DIAGNOSTIC,CELL_BANDWIDTH_STREAM_RESIDUAL,LATEST_SAFE_AVAILABLE_CELL_BUCKET,START_TIMESTAMP_FOR_INTERVAL,MAX_CELL_UPLINK_DOWNLINK_UNICAST_PLUS_NODE_BASE_DIAGNOSTIC
56000000000,56,cloud_regional_for_veh_5,veh_5,cloud_regional,CLOUD,100000000000,39492160,0.28,0.08,0.2,pool_rsu_north,rsu_north,rsu_0,region_north_normal,55,1,39492160,59330400,MIN_RESIDUAL_CELL_UPLINK_DOWNLINK_DIAGNOSTIC,CELL_BANDWIDTH_STREAM_RESIDUAL,LATEST_SAFE_AVAILABLE_CELL_BUCKET,START_TIMESTAMP_FOR_INTERVAL,MAX_CELL_UPLINK_DOWNLINK_UNICAST_PLUS_NODE_BASE_DIAGNOSTIC
56000000000,56,edge_north_for_veh_6,veh_6,edge_north,EDGE,12000000000,39492160,0.085,0.08,0.005,pool_rsu_north,rsu_north,rsu_0,region_north_normal,55,1,39492160,59330400,MIN_RESIDUAL_CELL_UPLINK_DOWNLINK_DIAGNOSTIC,CELL_BANDWIDTH_STREAM_RESIDUAL,LATEST_SAFE_AVAILABLE_CELL_BUCKET,START_TIMESTAMP_FOR_INTERVAL,MAX_CELL_UPLINK_DOWNLINK_UNICAST_PLUS_NODE_BASE_DIAGNOSTIC
56000000000,56,cloud_regional_for_veh_6,veh_6,cloud_regional,CLOUD,100000000000,39492160,0.28,0.08,0.2,pool_rsu_north,rsu_north,rsu_0,region_north_normal,55,1,39492160,59330400,MIN_RESIDUAL_CELL_UPLINK_DOWNLINK_DIAGNOSTIC,CELL_BANDWIDTH_STREAM_RESIDUAL,LATEST_SAFE_AVAILABLE_CELL_BUCKET,START_TIMESTAMP_FOR_INTERVAL,MAX_CELL_UPLINK_DOWNLINK_UNICAST_PLUS_NODE_BASE_DIAGNOSTIC
57000000000,57,edge_north_for_veh_0,veh_0,edge_north,EDGE,12000000000,39492160,0.085,0.08,0.005,pool_rsu_north,rsu_north,rsu_0,region_north_normal,56,1,39492160,59330400,MIN_RESIDUAL_CELL_UPLINK_DOWNLINK_DIAGNOSTIC,CELL_BANDWIDTH_STREAM_RESIDUAL,LATEST_SAFE_AVAILABLE_CELL_BUCKET,START_TIMESTAMP_FOR_INTERVAL,MAX_CELL_UPLINK_DOWNLINK_UNICAST_PLUS_NODE_BASE_DIAGNOSTIC
57000000000,57,cloud_regional_for_veh_0,veh_0,cloud_regional,CLOUD,100000000000,39492160,0.28,0.08,0.2,pool_rsu_north,rsu_north,rsu_0,region_north_normal,56,1,39492160,59330400,MIN_RESIDUAL_CELL_UPLINK_DOWNLINK_DIAGNOSTIC,CELL_BANDWIDTH_STREAM_RESIDUAL,LATEST_SAFE_AVAILABLE_CELL_BUCKET,START_TIMESTAMP_FOR_INTERVAL,MAX_CELL_UPLINK_DOWNLINK_UNICAST_PLUS_NODE_BASE_DIAGNOSTIC
57000000000,57,edge_north_for_veh_1,veh_1,edge_north,EDGE,12000000000,39492160,0.085,0.08,0.005,pool_rsu_north,rsu_north,rsu_0,region_north_normal,56,1,39492160,59330400,MIN_RESIDUAL_CELL_UPLINK_DOWNLINK_DIAGNOSTIC,CELL_BANDWIDTH_STREAM_RESIDUAL,LATEST_SAFE_AVAILABLE_CELL_BUCKET,START_TIMESTAMP_FOR_INTERVAL,MAX_CELL_UPLINK_DOWNLINK_UNICAST_PLUS_NODE_BASE_DIAGNOSTIC
57000000000,57,cloud_regional_for_veh_1,veh_1,cloud_regional,CLOUD,100000000000,39492160,0.28,0.08,0.2,pool_rsu_north,rsu_north,rsu_0,region_north_normal,56,1,39492160,59330400,MIN_RESIDUAL_CELL_UPLINK_DOWNLINK_DIAGNOSTIC,CELL_BANDWIDTH_STREAM_RESIDUAL,LATEST_SAFE_AVAILABLE_CELL_BUCKET,START_TIMESTAMP_FOR_INTERVAL,MAX_CELL_UPLINK_DOWNLINK_UNICAST_PLUS_NODE_BASE_DIAGNOSTIC
57000000000,57,edge_north_for_veh_2,veh_2,edge_north,EDGE,12000000000,39492160,0.085,0.08,0.005,pool_rsu_north,rsu_north,rsu_0,region_north_normal,56,1,39492160,59330400,MIN_RESIDUAL_CELL_UPLINK_DOWNLINK_DIAGNOSTIC,CELL_BANDWIDTH_STREAM_RESIDUAL,LATEST_SAFE_AVAILABLE_CELL_BUCKET,START_TIMESTAMP_FOR_INTERVAL,MAX_CELL_UPLINK_DOWNLINK_UNICAST_PLUS_NODE_BASE_DIAGNOSTIC
57000000000,57,cloud_regional_for_veh_2,veh_2,cloud_regional,CLOUD,100000000000,39492160,0.28,0.08,0.2,pool_rsu_north,rsu_north,rsu_0,region_north_normal,56,1,39492160,59330400,MIN_RESIDUAL_CELL_UPLINK_DOWNLINK_DIAGNOSTIC,CELL_BANDWIDTH_STREAM_RESIDUAL,LATEST_SAFE_AVAILABLE_CELL_BUCKET,START_TIMESTAMP_FOR_INTERVAL,MAX_CELL_UPLINK_DOWNLINK_UNICAST_PLUS_NODE_BASE_DIAGNOSTIC
57000000000,57,edge_north_for_veh_3,veh_3,edge_north,EDGE,12000000000,39492160,0.085,0.08,0.005,pool_rsu_north,rsu_north,rsu_0,region_north_normal,56,1,39492160,59330400,MIN_RESIDUAL_CELL_UPLINK_DOWNLINK_DIAGNOSTIC,CELL_BANDWIDTH_STREAM_RESIDUAL,LATEST_SAFE_AVAILABLE_CELL_BUCKET,START_TIMESTAMP_FOR_INTERVAL,MAX_CELL_UPLINK_DOWNLINK_UNICAST_PLUS_NODE_BASE_DIAGNOSTIC
57000000000,57,cloud_regional_for_veh_3,veh_3,cloud_regional,CLOUD,100000000000,39492160,0.28,0.08,0.2,pool_rsu_north,rsu_north,rsu_0,region_north_normal,56,1,39492160,59330400,MIN_RESIDUAL_CELL_UPLINK_DOWNLINK_DIAGNOSTIC,CELL_BANDWIDTH_STREAM_RESIDUAL,LATEST_SAFE_AVAILABLE_CELL_BUCKET,START_TIMESTAMP_FOR_INTERVAL,MAX_CELL_UPLINK_DOWNLINK_UNICAST_PLUS_NODE_BASE_DIAGNOSTIC
57000000000,57,edge_north_for_veh_4,veh_4,edge_north,EDGE,12000000000,39492160,0.085,0.08,0.005,pool_rsu_north,rsu_north,rsu_0,region_north_normal,56,1,39492160,59330400,MIN_RESIDUAL_CELL_UPLINK_DOWNLINK_DIAGNOSTIC,CELL_BANDWIDTH_STREAM_RESIDUAL,LATEST_SAFE_AVAILABLE_CELL_BUCKET,START_TIMESTAMP_FOR_INTERVAL,MAX_CELL_UPLINK_DOWNLINK_UNICAST_PLUS_NODE_BASE_DIAGNOSTIC
57000000000,57,cloud_regional_for_veh_4,veh_4,cloud_regional,CLOUD,100000000000,39492160,0.28,0.08,0.2,pool_rsu_north,rsu_north,rsu_0,region_north_normal,56,1,39492160,59330400,MIN_RESIDUAL_CELL_UPLINK_DOWNLINK_DIAGNOSTIC,CELL_BANDWIDTH_STREAM_RESIDUAL,LATEST_SAFE_AVAILABLE_CELL_BUCKET,START_TIMESTAMP_FOR_INTERVAL,MAX_CELL_UPLINK_DOWNLINK_UNICAST_PLUS_NODE_BASE_DIAGNOSTIC
57000000000,57,edge_north_for_veh_5,veh_5,edge_north,EDGE,12000000000,39492160,0.085,0.08,0.005,pool_rsu_north,rsu_north,rsu_0,region_north_normal,56,1,39492160,59330400,MIN_RESIDUAL_CELL_UPLINK_DOWNLINK_DIAGNOSTIC,CELL_BANDWIDTH_STREAM_RESIDUAL,LATEST_SAFE_AVAILABLE_CELL_BUCKET,START_TIMESTAMP_FOR_INTERVAL,MAX_CELL_UPLINK_DOWNLINK_UNICAST_PLUS_NODE_BASE_DIAGNOSTIC
57000000000,57,cloud_regional_for_veh_5,veh_5,cloud_regional,CLOUD,100000000000,39492160,0.28,0.08,0.2,pool_rsu_north,rsu_north,rsu_0,region_north_normal,56,1,39492160,59330400,MIN_RESIDUAL_CELL_UPLINK_DOWNLINK_DIAGNOSTIC,CELL_BANDWIDTH_STREAM_RESIDUAL,LATEST_SAFE_AVAILABLE_CELL_BUCKET,START_TIMESTAMP_FOR_INTERVAL,MAX_CELL_UPLINK_DOWNLINK_UNICAST_PLUS_NODE_BASE_DIAGNOSTIC
57000000000,57,edge_north_for_veh_6,veh_6,edge_north,EDGE,12000000000,39492160,0.085,0.08,0.005,pool_rsu_north,rsu_north,rsu_0,region_north_normal,56,1,39492160,59330400,MIN_RESIDUAL_CELL_UPLINK_DOWNLINK_DIAGNOSTIC,CELL_BANDWIDTH_STREAM_RESIDUAL,LATEST_SAFE_AVAILABLE_CELL_BUCKET,START_TIMESTAMP_FOR_INTERVAL,MAX_CELL_UPLINK_DOWNLINK_UNICAST_PLUS_NODE_BASE_DIAGNOSTIC
57000000000,57,cloud_regional_for_veh_6,veh_6,cloud_regional,CLOUD,100000000000,39492160,0.28,0.08,0.2,pool_rsu_north,rsu_north,rsu_0,region_north_normal,56,1,39492160,59330400,MIN_RESIDUAL_CELL_UPLINK_DOWNLINK_DIAGNOSTIC,CELL_BANDWIDTH_STREAM_RESIDUAL,LATEST_SAFE_AVAILABLE_CELL_BUCKET,START_TIMESTAMP_FOR_INTERVAL,MAX_CELL_UPLINK_DOWNLINK_UNICAST_PLUS_NODE_BASE_DIAGNOSTIC
58000000000,58,edge_north_for_veh_0,veh_0,edge_north,EDGE,12000000000,39492160,0.085,0.08,0.005,pool_rsu_north,rsu_north,rsu_0,region_north_normal,57,1,39492160,59330400,MIN_RESIDUAL_CELL_UPLINK_DOWNLINK_DIAGNOSTIC,CELL_BANDWIDTH_STREAM_RESIDUAL,LATEST_SAFE_AVAILABLE_CELL_BUCKET,START_TIMESTAMP_FOR_INTERVAL,MAX_CELL_UPLINK_DOWNLINK_UNICAST_PLUS_NODE_BASE_DIAGNOSTIC
58000000000,58,cloud_regional_for_veh_0,veh_0,cloud_regional,CLOUD,100000000000,39492160,0.28,0.08,0.2,pool_rsu_north,rsu_north,rsu_0,region_north_normal,57,1,39492160,59330400,MIN_RESIDUAL_CELL_UPLINK_DOWNLINK_DIAGNOSTIC,CELL_BANDWIDTH_STREAM_RESIDUAL,LATEST_SAFE_AVAILABLE_CELL_BUCKET,START_TIMESTAMP_FOR_INTERVAL,MAX_CELL_UPLINK_DOWNLINK_UNICAST_PLUS_NODE_BASE_DIAGNOSTIC
58000000000,58,edge_north_for_veh_1,veh_1,edge_north,EDGE,12000000000,39492160,0.085,0.08,0.005,pool_rsu_north,rsu_north,rsu_0,region_north_normal,57,1,39492160,59330400,MIN_RESIDUAL_CELL_UPLINK_DOWNLINK_DIAGNOSTIC,CELL_BANDWIDTH_STREAM_RESIDUAL,LATEST_SAFE_AVAILABLE_CELL_BUCKET,START_TIMESTAMP_FOR_INTERVAL,MAX_CELL_UPLINK_DOWNLINK_UNICAST_PLUS_NODE_BASE_DIAGNOSTIC
58000000000,58,cloud_regional_for_veh_1,veh_1,cloud_regional,CLOUD,100000000000,39492160,0.28,0.08,0.2,pool_rsu_north,rsu_north,rsu_0,region_north_normal,57,1,39492160,59330400,MIN_RESIDUAL_CELL_UPLINK_DOWNLINK_DIAGNOSTIC,CELL_BANDWIDTH_STREAM_RESIDUAL,LATEST_SAFE_AVAILABLE_CELL_BUCKET,START_TIMESTAMP_FOR_INTERVAL,MAX_CELL_UPLINK_DOWNLINK_UNICAST_PLUS_NODE_BASE_DIAGNOSTIC
58000000000,58,edge_north_for_veh_2,veh_2,edge_north,EDGE,12000000000,39492160,0.085,0.08,0.005,pool_rsu_north,rsu_north,rsu_0,region_north_normal,57,1,39492160,59330400,MIN_RESIDUAL_CELL_UPLINK_DOWNLINK_DIAGNOSTIC,CELL_BANDWIDTH_STREAM_RESIDUAL,LATEST_SAFE_AVAILABLE_CELL_BUCKET,START_TIMESTAMP_FOR_INTERVAL,MAX_CELL_UPLINK_DOWNLINK_UNICAST_PLUS_NODE_BASE_DIAGNOSTIC
58000000000,58,cloud_regional_for_veh_2,veh_2,cloud_regional,CLOUD,100000000000,39492160,0.28,0.08,0.2,pool_rsu_north,rsu_north,rsu_0,region_north_normal,57,1,39492160,59330400,MIN_RESIDUAL_CELL_UPLINK_DOWNLINK_DIAGNOSTIC,CELL_BANDWIDTH_STREAM_RESIDUAL,LATEST_SAFE_AVAILABLE_CELL_BUCKET,START_TIMESTAMP_FOR_INTERVAL,MAX_CELL_UPLINK_DOWNLINK_UNICAST_PLUS_NODE_BASE_DIAGNOSTIC
58000000000,58,edge_north_for_veh_3,veh_3,edge_north,EDGE,12000000000,39492160,0.085,0.08,0.005,pool_rsu_north,rsu_north,rsu_0,region_north_normal,57,1,39492160,59330400,MIN_RESIDUAL_CELL_UPLINK_DOWNLINK_DIAGNOSTIC,CELL_BANDWIDTH_STREAM_RESIDUAL,LATEST_SAFE_AVAILABLE_CELL_BUCKET,START_TIMESTAMP_FOR_INTERVAL,MAX_CELL_UPLINK_DOWNLINK_UNICAST_PLUS_NODE_BASE_DIAGNOSTIC
58000000000,58,cloud_regional_for_veh_3,veh_3,cloud_regional,CLOUD,100000000000,39492160,0.28,0.08,0.2,pool_rsu_north,rsu_north,rsu_0,region_north_normal,57,1,39492160,59330400,MIN_RESIDUAL_CELL_UPLINK_DOWNLINK_DIAGNOSTIC,CELL_BANDWIDTH_STREAM_RESIDUAL,LATEST_SAFE_AVAILABLE_CELL_BUCKET,START_TIMESTAMP_FOR_INTERVAL,MAX_CELL_UPLINK_DOWNLINK_UNICAST_PLUS_NODE_BASE_DIAGNOSTIC
58000000000,58,edge_north_for_veh_4,veh_4,edge_north,EDGE,12000000000,39492160,0.085,0.08,0.005,pool_rsu_north,rsu_north,rsu_0,region_north_normal,57,1,39492160,59330400,MIN_RESIDUAL_CELL_UPLINK_DOWNLINK_DIAGNOSTIC,CELL_BANDWIDTH_STREAM_RESIDUAL,LATEST_SAFE_AVAILABLE_CELL_BUCKET,START_TIMESTAMP_FOR_INTERVAL,MAX_CELL_UPLINK_DOWNLINK_UNICAST_PLUS_NODE_BASE_DIAGNOSTIC
58000000000,58,cloud_regional_for_veh_4,veh_4,cloud_regional,CLOUD,100000000000,39492160,0.28,0.08,0.2,pool_rsu_north,rsu_north,rsu_0,region_north_normal,57,1,39492160,59330400,MIN_RESIDUAL_CELL_UPLINK_DOWNLINK_DIAGNOSTIC,CELL_BANDWIDTH_STREAM_RESIDUAL,LATEST_SAFE_AVAILABLE_CELL_BUCKET,START_TIMESTAMP_FOR_INTERVAL,MAX_CELL_UPLINK_DOWNLINK_UNICAST_PLUS_NODE_BASE_DIAGNOSTIC
58000000000,58,edge_north_for_veh_5,veh_5,edge_north,EDGE,12000000000,39492160,0.085,0.08,0.005,pool_rsu_north,rsu_north,rsu_0,region_north_normal,57,1,39492160,59330400,MIN_RESIDUAL_CELL_UPLINK_DOWNLINK_DIAGNOSTIC,CELL_BANDWIDTH_STREAM_RESIDUAL,LATEST_SAFE_AVAILABLE_CELL_BUCKET,START_TIMESTAMP_FOR_INTERVAL,MAX_CELL_UPLINK_DOWNLINK_UNICAST_PLUS_NODE_BASE_DIAGNOSTIC
58000000000,58,cloud_regional_for_veh_5,veh_5,cloud_regional,CLOUD,100000000000,39492160,0.28,0.08,0.2,pool_rsu_north,rsu_north,rsu_0,region_north_normal,57,1,39492160,59330400,MIN_RESIDUAL_CELL_UPLINK_DOWNLINK_DIAGNOSTIC,CELL_BANDWIDTH_STREAM_RESIDUAL,LATEST_SAFE_AVAILABLE_CELL_BUCKET,START_TIMESTAMP_FOR_INTERVAL,MAX_CELL_UPLINK_DOWNLINK_UNICAST_PLUS_NODE_BASE_DIAGNOSTIC
58000000000,58,edge_north_for_veh_6,veh_6,edge_north,EDGE,12000000000,39492160,0.085,0.08,0.005,pool_rsu_north,rsu_north,rsu_0,region_north_normal,57,1,39492160,59330400,MIN_RESIDUAL_CELL_UPLINK_DOWNLINK_DIAGNOSTIC,CELL_BANDWIDTH_STREAM_RESIDUAL,LATEST_SAFE_AVAILABLE_CELL_BUCKET,START_TIMESTAMP_FOR_INTERVAL,MAX_CELL_UPLINK_DOWNLINK_UNICAST_PLUS_NODE_BASE_DIAGNOSTIC
58000000000,58,cloud_regional_for_veh_6,veh_6,cloud_regional,CLOUD,100000000000,39492160,0.28,0.08,0.2,pool_rsu_north,rsu_north,rsu_0,region_north_normal,57,1,39492160,59330400,MIN_RESIDUAL_CELL_UPLINK_DOWNLINK_DIAGNOSTIC,CELL_BANDWIDTH_STREAM_RESIDUAL,LATEST_SAFE_AVAILABLE_CELL_BUCKET,START_TIMESTAMP_FOR_INTERVAL,MAX_CELL_UPLINK_DOWNLINK_UNICAST_PLUS_NODE_BASE_DIAGNOSTIC
59000000000,59,edge_north_for_veh_0,veh_0,edge_north,EDGE,12000000000,39492160,0.085,0.08,0.005,pool_rsu_north,rsu_north,rsu_0,region_north_normal,58,1,39492160,59330400,MIN_RESIDUAL_CELL_UPLINK_DOWNLINK_DIAGNOSTIC,CELL_BANDWIDTH_STREAM_RESIDUAL,LATEST_SAFE_AVAILABLE_CELL_BUCKET,START_TIMESTAMP_FOR_INTERVAL,MAX_CELL_UPLINK_DOWNLINK_UNICAST_PLUS_NODE_BASE_DIAGNOSTIC
59000000000,59,cloud_regional_for_veh_0,veh_0,cloud_regional,CLOUD,100000000000,39492160,0.28,0.08,0.2,pool_rsu_north,rsu_north,rsu_0,region_north_normal,58,1,39492160,59330400,MIN_RESIDUAL_CELL_UPLINK_DOWNLINK_DIAGNOSTIC,CELL_BANDWIDTH_STREAM_RESIDUAL,LATEST_SAFE_AVAILABLE_CELL_BUCKET,START_TIMESTAMP_FOR_INTERVAL,MAX_CELL_UPLINK_DOWNLINK_UNICAST_PLUS_NODE_BASE_DIAGNOSTIC
59000000000,59,edge_north_for_veh_1,veh_1,edge_north,EDGE,12000000000,39492160,0.085,0.08,0.005,pool_rsu_north,rsu_north,rsu_0,region_north_normal,58,1,39492160,59330400,MIN_RESIDUAL_CELL_UPLINK_DOWNLINK_DIAGNOSTIC,CELL_BANDWIDTH_STREAM_RESIDUAL,LATEST_SAFE_AVAILABLE_CELL_BUCKET,START_TIMESTAMP_FOR_INTERVAL,MAX_CELL_UPLINK_DOWNLINK_UNICAST_PLUS_NODE_BASE_DIAGNOSTIC
59000000000,59,cloud_regional_for_veh_1,veh_1,cloud_regional,CLOUD,100000000000,39492160,0.28,0.08,0.2,pool_rsu_north,rsu_north,rsu_0,region_north_normal,58,1,39492160,59330400,MIN_RESIDUAL_CELL_UPLINK_DOWNLINK_DIAGNOSTIC,CELL_BANDWIDTH_STREAM_RESIDUAL,LATEST_SAFE_AVAILABLE_CELL_BUCKET,START_TIMESTAMP_FOR_INTERVAL,MAX_CELL_UPLINK_DOWNLINK_UNICAST_PLUS_NODE_BASE_DIAGNOSTIC
59000000000,59,edge_north_for_veh_2,veh_2,edge_north,EDGE,12000000000,39492160,0.085,0.08,0.005,pool_rsu_north,rsu_north,rsu_0,region_north_normal,58,1,39492160,59330400,MIN_RESIDUAL_CELL_UPLINK_DOWNLINK_DIAGNOSTIC,CELL_BANDWIDTH_STREAM_RESIDUAL,LATEST_SAFE_AVAILABLE_CELL_BUCKET,START_TIMESTAMP_FOR_INTERVAL,MAX_CELL_UPLINK_DOWNLINK_UNICAST_PLUS_NODE_BASE_DIAGNOSTIC
59000000000,59,cloud_regional_for_veh_2,veh_2,cloud_regional,CLOUD,100000000000,39492160,0.28,0.08,0.2,pool_rsu_north,rsu_north,rsu_0,region_north_normal,58,1,39492160,59330400,MIN_RESIDUAL_CELL_UPLINK_DOWNLINK_DIAGNOSTIC,CELL_BANDWIDTH_STREAM_RESIDUAL,LATEST_SAFE_AVAILABLE_CELL_BUCKET,START_TIMESTAMP_FOR_INTERVAL,MAX_CELL_UPLINK_DOWNLINK_UNICAST_PLUS_NODE_BASE_DIAGNOSTIC
59000000000,59,edge_north_for_veh_3,veh_3,edge_north,EDGE,12000000000,39492160,0.085,0.08,0.005,pool_rsu_north,rsu_north,rsu_0,region_north_normal,58,1,39492160,59330400,MIN_RESIDUAL_CELL_UPLINK_DOWNLINK_DIAGNOSTIC,CELL_BANDWIDTH_STREAM_RESIDUAL,LATEST_SAFE_AVAILABLE_CELL_BUCKET,START_TIMESTAMP_FOR_INTERVAL,MAX_CELL_UPLINK_DOWNLINK_UNICAST_PLUS_NODE_BASE_DIAGNOSTIC
59000000000,59,cloud_regional_for_veh_3,veh_3,cloud_regional,CLOUD,100000000000,39492160,0.28,0.08,0.2,pool_rsu_north,rsu_north,rsu_0,region_north_normal,58,1,39492160,59330400,MIN_RESIDUAL_CELL_UPLINK_DOWNLINK_DIAGNOSTIC,CELL_BANDWIDTH_STREAM_RESIDUAL,LATEST_SAFE_AVAILABLE_CELL_BUCKET,START_TIMESTAMP_FOR_INTERVAL,MAX_CELL_UPLINK_DOWNLINK_UNICAST_PLUS_NODE_BASE_DIAGNOSTIC
59000000000,59,edge_north_for_veh_4,veh_4,edge_north,EDGE,12000000000,39492160,0.085,0.08,0.005,pool_rsu_north,rsu_north,rsu_0,region_north_normal,58,1,39492160,59330400,MIN_RESIDUAL_CELL_UPLINK_DOWNLINK_DIAGNOSTIC,CELL_BANDWIDTH_STREAM_RESIDUAL,LATEST_SAFE_AVAILABLE_CELL_BUCKET,START_TIMESTAMP_FOR_INTERVAL,MAX_CELL_UPLINK_DOWNLINK_UNICAST_PLUS_NODE_BASE_DIAGNOSTIC
59000000000,59,cloud_regional_for_veh_4,veh_4,cloud_regional,CLOUD,100000000000,39492160,0.28,0.08,0.2,pool_rsu_north,rsu_north,rsu_0,region_north_normal,58,1,39492160,59330400,MIN_RESIDUAL_CELL_UPLINK_DOWNLINK_DIAGNOSTIC,CELL_BANDWIDTH_STREAM_RESIDUAL,LATEST_SAFE_AVAILABLE_CELL_BUCKET,START_TIMESTAMP_FOR_INTERVAL,MAX_CELL_UPLINK_DOWNLINK_UNICAST_PLUS_NODE_BASE_DIAGNOSTIC
59000000000,59,edge_north_for_veh_5,veh_5,edge_north,EDGE,12000000000,39492160,0.085,0.08,0.005,pool_rsu_north,rsu_north,rsu_0,region_north_normal,58,1,39492160,59330400,MIN_RESIDUAL_CELL_UPLINK_DOWNLINK_DIAGNOSTIC,CELL_BANDWIDTH_STREAM_RESIDUAL,LATEST_SAFE_AVAILABLE_CELL_BUCKET,START_TIMESTAMP_FOR_INTERVAL,MAX_CELL_UPLINK_DOWNLINK_UNICAST_PLUS_NODE_BASE_DIAGNOSTIC
59000000000,59,cloud_regional_for_veh_5,veh_5,cloud_regional,CLOUD,100000000000,39492160,0.28,0.08,0.2,pool_rsu_north,rsu_north,rsu_0,region_north_normal,58,1,39492160,59330400,MIN_RESIDUAL_CELL_UPLINK_DOWNLINK_DIAGNOSTIC,CELL_BANDWIDTH_STREAM_RESIDUAL,LATEST_SAFE_AVAILABLE_CELL_BUCKET,START_TIMESTAMP_FOR_INTERVAL,MAX_CELL_UPLINK_DOWNLINK_UNICAST_PLUS_NODE_BASE_DIAGNOSTIC
59000000000,59,edge_north_for_veh_6,veh_6,edge_north,EDGE,12000000000,39492160,0.085,0.08,0.005,pool_rsu_north,rsu_north,rsu_0,region_north_normal,58,1,39492160,59330400,MIN_RESIDUAL_CELL_UPLINK_DOWNLINK_DIAGNOSTIC,CELL_BANDWIDTH_STREAM_RESIDUAL,LATEST_SAFE_AVAILABLE_CELL_BUCKET,START_TIMESTAMP_FOR_INTERVAL,MAX_CELL_UPLINK_DOWNLINK_UNICAST_PLUS_NODE_BASE_DIAGNOSTIC
59000000000,59,cloud_regional_for_veh_6,veh_6,cloud_regional,CLOUD,100000000000,39492160,0.28,0.08,0.2,pool_rsu_north,rsu_north,rsu_0,region_north_normal,58,1,39492160,59330400,MIN_RESIDUAL_CELL_UPLINK_DOWNLINK_DIAGNOSTIC,CELL_BANDWIDTH_STREAM_RESIDUAL,LATEST_SAFE_AVAILABLE_CELL_BUCKET,START_TIMESTAMP_FOR_INTERVAL,MAX_CELL_UPLINK_DOWNLINK_UNICAST_PLUS_NODE_BASE_DIAGNOSTIC
59000000000,59,edge_north_for_veh_7,veh_7,edge_north,EDGE,12000000000,39492160,0.085,0.08,0.005,pool_rsu_north,rsu_north,rsu_0,region_north_normal,58,1,39492160,59330400,MIN_RESIDUAL_CELL_UPLINK_DOWNLINK_DIAGNOSTIC,CELL_BANDWIDTH_STREAM_RESIDUAL,LATEST_SAFE_AVAILABLE_CELL_BUCKET,START_TIMESTAMP_FOR_INTERVAL,MAX_CELL_UPLINK_DOWNLINK_UNICAST_PLUS_NODE_BASE_DIAGNOSTIC
59000000000,59,cloud_regional_for_veh_7,veh_7,cloud_regional,CLOUD,100000000000,39492160,0.28,0.08,0.2,pool_rsu_north,rsu_north,rsu_0,region_north_normal,58,1,39492160,59330400,MIN_RESIDUAL_CELL_UPLINK_DOWNLINK_DIAGNOSTIC,CELL_BANDWIDTH_STREAM_RESIDUAL,LATEST_SAFE_AVAILABLE_CELL_BUCKET,START_TIMESTAMP_FOR_INTERVAL,MAX_CELL_UPLINK_DOWNLINK_UNICAST_PLUS_NODE_BASE_DIAGNOSTIC
60000000000,60,edge_north_for_veh_1,veh_1,edge_north,EDGE,12000000000,39492160,0.085,0.08,0.005,pool_rsu_north,rsu_north,rsu_0,region_north_normal,59,1,39492160,59330400,MIN_RESIDUAL_CELL_UPLINK_DOWNLINK_DIAGNOSTIC,CELL_BANDWIDTH_STREAM_RESIDUAL,LATEST_SAFE_AVAILABLE_CELL_BUCKET,START_TIMESTAMP_FOR_INTERVAL,MAX_CELL_UPLINK_DOWNLINK_UNICAST_PLUS_NODE_BASE_DIAGNOSTIC
60000000000,60,cloud_regional_for_veh_1,veh_1,cloud_regional,CLOUD,100000000000,39492160,0.28,0.08,0.2,pool_rsu_north,rsu_north,rsu_0,region_north_normal,59,1,39492160,59330400,MIN_RESIDUAL_CELL_UPLINK_DOWNLINK_DIAGNOSTIC,CELL_BANDWIDTH_STREAM_RESIDUAL,LATEST_SAFE_AVAILABLE_CELL_BUCKET,START_TIMESTAMP_FOR_INTERVAL,MAX_CELL_UPLINK_DOWNLINK_UNICAST_PLUS_NODE_BASE_DIAGNOSTIC
60000000000,60,edge_north_for_veh_2,veh_2,edge_north,EDGE,12000000000,39492160,0.085,0.08,0.005,pool_rsu_north,rsu_north,rsu_0,region_north_normal,59,1,39492160,59330400,MIN_RESIDUAL_CELL_UPLINK_DOWNLINK_DIAGNOSTIC,CELL_BANDWIDTH_STREAM_RESIDUAL,LATEST_SAFE_AVAILABLE_CELL_BUCKET,START_TIMESTAMP_FOR_INTERVAL,MAX_CELL_UPLINK_DOWNLINK_UNICAST_PLUS_NODE_BASE_DIAGNOSTIC
60000000000,60,cloud_regional_for_veh_2,veh_2,cloud_regional,CLOUD,100000000000,39492160,0.28,0.08,0.2,pool_rsu_north,rsu_north,rsu_0,region_north_normal,59,1,39492160,59330400,MIN_RESIDUAL_CELL_UPLINK_DOWNLINK_DIAGNOSTIC,CELL_BANDWIDTH_STREAM_RESIDUAL,LATEST_SAFE_AVAILABLE_CELL_BUCKET,START_TIMESTAMP_FOR_INTERVAL,MAX_CELL_UPLINK_DOWNLINK_UNICAST_PLUS_NODE_BASE_DIAGNOSTIC
60000000000,60,edge_north_for_veh_3,veh_3,edge_north,EDGE,12000000000,39492160,0.085,0.08,0.005,pool_rsu_north,rsu_north,rsu_0,region_north_normal,59,1,39492160,59330400,MIN_RESIDUAL_CELL_UPLINK_DOWNLINK_DIAGNOSTIC,CELL_BANDWIDTH_STREAM_RESIDUAL,LATEST_SAFE_AVAILABLE_CELL_BUCKET,START_TIMESTAMP_FOR_INTERVAL,MAX_CELL_UPLINK_DOWNLINK_UNICAST_PLUS_NODE_BASE_DIAGNOSTIC
60000000000,60,cloud_regional_for_veh_3,veh_3,cloud_regional,CLOUD,100000000000,39492160,0.28,0.08,0.2,pool_rsu_north,rsu_north,rsu_0,region_north_normal,59,1,39492160,59330400,MIN_RESIDUAL_CELL_UPLINK_DOWNLINK_DIAGNOSTIC,CELL_BANDWIDTH_STREAM_RESIDUAL,LATEST_SAFE_AVAILABLE_CELL_BUCKET,START_TIMESTAMP_FOR_INTERVAL,MAX_CELL_UPLINK_DOWNLINK_UNICAST_PLUS_NODE_BASE_DIAGNOSTIC
60000000000,60,edge_north_for_veh_4,veh_4,edge_north,EDGE,12000000000,39492160,0.085,0.08,0.005,pool_rsu_north,rsu_north,rsu_0,region_north_normal,59,1,39492160,59330400,MIN_RESIDUAL_CELL_UPLINK_DOWNLINK_DIAGNOSTIC,CELL_BANDWIDTH_STREAM_RESIDUAL,LATEST_SAFE_AVAILABLE_CELL_BUCKET,START_TIMESTAMP_FOR_INTERVAL,MAX_CELL_UPLINK_DOWNLINK_UNICAST_PLUS_NODE_BASE_DIAGNOSTIC
60000000000,60,cloud_regional_for_veh_4,veh_4,cloud_regional,CLOUD,100000000000,39492160,0.28,0.08,0.2,pool_rsu_north,rsu_north,rsu_0,region_north_normal,59,1,39492160,59330400,MIN_RESIDUAL_CELL_UPLINK_DOWNLINK_DIAGNOSTIC,CELL_BANDWIDTH_STREAM_RESIDUAL,LATEST_SAFE_AVAILABLE_CELL_BUCKET,START_TIMESTAMP_FOR_INTERVAL,MAX_CELL_UPLINK_DOWNLINK_UNICAST_PLUS_NODE_BASE_DIAGNOSTIC
60000000000,60,edge_north_for_veh_5,veh_5,edge_north,EDGE,12000000000,39492160,0.085,0.08,0.005,pool_rsu_north,rsu_north,rsu_0,region_north_normal,59,1,39492160,59330400,MIN_RESIDUAL_CELL_UPLINK_DOWNLINK_DIAGNOSTIC,CELL_BANDWIDTH_STREAM_RESIDUAL,LATEST_SAFE_AVAILABLE_CELL_BUCKET,START_TIMESTAMP_FOR_INTERVAL,MAX_CELL_UPLINK_DOWNLINK_UNICAST_PLUS_NODE_BASE_DIAGNOSTIC
60000000000,60,cloud_regional_for_veh_5,veh_5,cloud_regional,CLOUD,100000000000,39492160,0.28,0.08,0.2,pool_rsu_north,rsu_north,rsu_0,region_north_normal,59,1,39492160,59330400,MIN_RESIDUAL_CELL_UPLINK_DOWNLINK_DIAGNOSTIC,CELL_BANDWIDTH_STREAM_RESIDUAL,LATEST_SAFE_AVAILABLE_CELL_BUCKET,START_TIMESTAMP_FOR_INTERVAL,MAX_CELL_UPLINK_DOWNLINK_UNICAST_PLUS_NODE_BASE_DIAGNOSTIC
60000000000,60,edge_north_for_veh_6,veh_6,edge_north,EDGE,12000000000,39492160,0.085,0.08,0.005,pool_rsu_north,rsu_north,rsu_0,region_north_normal,59,1,39492160,59330400,MIN_RESIDUAL_CELL_UPLINK_DOWNLINK_DIAGNOSTIC,CELL_BANDWIDTH_STREAM_RESIDUAL,LATEST_SAFE_AVAILABLE_CELL_BUCKET,START_TIMESTAMP_FOR_INTERVAL,MAX_CELL_UPLINK_DOWNLINK_UNICAST_PLUS_NODE_BASE_DIAGNOSTIC
60000000000,60,cloud_regional_for_veh_6,veh_6,cloud_regional,CLOUD,100000000000,39492160,0.28,0.08,0.2,pool_rsu_north,rsu_north,rsu_0,region_north_normal,59,1,39492160,59330400,MIN_RESIDUAL_CELL_UPLINK_DOWNLINK_DIAGNOSTIC,CELL_BANDWIDTH_STREAM_RESIDUAL,LATEST_SAFE_AVAILABLE_CELL_BUCKET,START_TIMESTAMP_FOR_INTERVAL,MAX_CELL_UPLINK_DOWNLINK_UNICAST_PLUS_NODE_BASE_DIAGNOSTIC
60000000000,60,edge_north_for_veh_7,veh_7,edge_north,EDGE,12000000000,39492160,0.085,0.08,0.005,pool_rsu_north,rsu_north,rsu_0,region_north_normal,59,1,39492160,59330400,MIN_RESIDUAL_CELL_UPLINK_DOWNLINK_DIAGNOSTIC,CELL_BANDWIDTH_STREAM_RESIDUAL,LATEST_SAFE_AVAILABLE_CELL_BUCKET,START_TIMESTAMP_FOR_INTERVAL,MAX_CELL_UPLINK_DOWNLINK_UNICAST_PLUS_NODE_BASE_DIAGNOSTIC
60000000000,60,cloud_regional_for_veh_7,veh_7,cloud_regional,CLOUD,100000000000,39492160,0.28,0.08,0.2,pool_rsu_north,rsu_north,rsu_0,region_north_normal,59,1,39492160,59330400,MIN_RESIDUAL_CELL_UPLINK_DOWNLINK_DIAGNOSTIC,CELL_BANDWIDTH_STREAM_RESIDUAL,LATEST_SAFE_AVAILABLE_CELL_BUCKET,START_TIMESTAMP_FOR_INTERVAL,MAX_CELL_UPLINK_DOWNLINK_UNICAST_PLUS_NODE_BASE_DIAGNOSTIC
61000000000,61,edge_north_for_veh_1,veh_1,edge_north,EDGE,12000000000,39492160,0.085,0.08,0.005,pool_rsu_north,rsu_north,rsu_0,region_north_normal,60,1,39492160,59330400,MIN_RESIDUAL_CELL_UPLINK_DOWNLINK_DIAGNOSTIC,CELL_BANDWIDTH_STREAM_RESIDUAL,LATEST_SAFE_AVAILABLE_CELL_BUCKET,START_TIMESTAMP_FOR_INTERVAL,MAX_CELL_UPLINK_DOWNLINK_UNICAST_PLUS_NODE_BASE_DIAGNOSTIC
61000000000,61,cloud_regional_for_veh_1,veh_1,cloud_regional,CLOUD,100000000000,39492160,0.28,0.08,0.2,pool_rsu_north,rsu_north,rsu_0,region_north_normal,60,1,39492160,59330400,MIN_RESIDUAL_CELL_UPLINK_DOWNLINK_DIAGNOSTIC,CELL_BANDWIDTH_STREAM_RESIDUAL,LATEST_SAFE_AVAILABLE_CELL_BUCKET,START_TIMESTAMP_FOR_INTERVAL,MAX_CELL_UPLINK_DOWNLINK_UNICAST_PLUS_NODE_BASE_DIAGNOSTIC
61000000000,61,edge_north_for_veh_2,veh_2,edge_north,EDGE,12000000000,39492160,0.085,0.08,0.005,pool_rsu_north,rsu_north,rsu_0,region_north_normal,60,1,39492160,59330400,MIN_RESIDUAL_CELL_UPLINK_DOWNLINK_DIAGNOSTIC,CELL_BANDWIDTH_STREAM_RESIDUAL,LATEST_SAFE_AVAILABLE_CELL_BUCKET,START_TIMESTAMP_FOR_INTERVAL,MAX_CELL_UPLINK_DOWNLINK_UNICAST_PLUS_NODE_BASE_DIAGNOSTIC
61000000000,61,cloud_regional_for_veh_2,veh_2,cloud_regional,CLOUD,100000000000,39492160,0.28,0.08,0.2,pool_rsu_north,rsu_north,rsu_0,region_north_normal,60,1,39492160,59330400,MIN_RESIDUAL_CELL_UPLINK_DOWNLINK_DIAGNOSTIC,CELL_BANDWIDTH_STREAM_RESIDUAL,LATEST_SAFE_AVAILABLE_CELL_BUCKET,START_TIMESTAMP_FOR_INTERVAL,MAX_CELL_UPLINK_DOWNLINK_UNICAST_PLUS_NODE_BASE_DIAGNOSTIC
61000000000,61,edge_north_for_veh_3,veh_3,edge_north,EDGE,12000000000,39492160,0.085,0.08,0.005,pool_rsu_north,rsu_north,rsu_0,region_north_normal,60,1,39492160,59330400,MIN_RESIDUAL_CELL_UPLINK_DOWNLINK_DIAGNOSTIC,CELL_BANDWIDTH_STREAM_RESIDUAL,LATEST_SAFE_AVAILABLE_CELL_BUCKET,START_TIMESTAMP_FOR_INTERVAL,MAX_CELL_UPLINK_DOWNLINK_UNICAST_PLUS_NODE_BASE_DIAGNOSTIC
61000000000,61,cloud_regional_for_veh_3,veh_3,cloud_regional,CLOUD,100000000000,39492160,0.28,0.08,0.2,pool_rsu_north,rsu_north,rsu_0,region_north_normal,60,1,39492160,59330400,MIN_RESIDUAL_CELL_UPLINK_DOWNLINK_DIAGNOSTIC,CELL_BANDWIDTH_STREAM_RESIDUAL,LATEST_SAFE_AVAILABLE_CELL_BUCKET,START_TIMESTAMP_FOR_INTERVAL,MAX_CELL_UPLINK_DOWNLINK_UNICAST_PLUS_NODE_BASE_DIAGNOSTIC
61000000000,61,edge_north_for_veh_4,veh_4,edge_north,EDGE,12000000000,39492160,0.085,0.08,0.005,pool_rsu_north,rsu_north,rsu_0,region_north_normal,60,1,39492160,59330400,MIN_RESIDUAL_CELL_UPLINK_DOWNLINK_DIAGNOSTIC,CELL_BANDWIDTH_STREAM_RESIDUAL,LATEST_SAFE_AVAILABLE_CELL_BUCKET,START_TIMESTAMP_FOR_INTERVAL,MAX_CELL_UPLINK_DOWNLINK_UNICAST_PLUS_NODE_BASE_DIAGNOSTIC
61000000000,61,cloud_regional_for_veh_4,veh_4,cloud_regional,CLOUD,100000000000,39492160,0.28,0.08,0.2,pool_rsu_north,rsu_north,rsu_0,region_north_normal,60,1,39492160,59330400,MIN_RESIDUAL_CELL_UPLINK_DOWNLINK_DIAGNOSTIC,CELL_BANDWIDTH_STREAM_RESIDUAL,LATEST_SAFE_AVAILABLE_CELL_BUCKET,START_TIMESTAMP_FOR_INTERVAL,MAX_CELL_UPLINK_DOWNLINK_UNICAST_PLUS_NODE_BASE_DIAGNOSTIC
61000000000,61,edge_north_for_veh_5,veh_5,edge_north,EDGE,12000000000,39492160,0.085,0.08,0.005,pool_rsu_north,rsu_north,rsu_0,region_north_normal,60,1,39492160,59330400,MIN_RESIDUAL_CELL_UPLINK_DOWNLINK_DIAGNOSTIC,CELL_BANDWIDTH_STREAM_RESIDUAL,LATEST_SAFE_AVAILABLE_CELL_BUCKET,START_TIMESTAMP_FOR_INTERVAL,MAX_CELL_UPLINK_DOWNLINK_UNICAST_PLUS_NODE_BASE_DIAGNOSTIC
61000000000,61,cloud_regional_for_veh_5,veh_5,cloud_regional,CLOUD,100000000000,39492160,0.28,0.08,0.2,pool_rsu_north,rsu_north,rsu_0,region_north_normal,60,1,39492160,59330400,MIN_RESIDUAL_CELL_UPLINK_DOWNLINK_DIAGNOSTIC,CELL_BANDWIDTH_STREAM_RESIDUAL,LATEST_SAFE_AVAILABLE_CELL_BUCKET,START_TIMESTAMP_FOR_INTERVAL,MAX_CELL_UPLINK_DOWNLINK_UNICAST_PLUS_NODE_BASE_DIAGNOSTIC
61000000000,61,edge_north_for_veh_6,veh_6,edge_north,EDGE,12000000000,39492160,0.085,0.08,0.005,pool_rsu_north,rsu_north,rsu_0,region_north_normal,60,1,39492160,59330400,MIN_RESIDUAL_CELL_UPLINK_DOWNLINK_DIAGNOSTIC,CELL_BANDWIDTH_STREAM_RESIDUAL,LATEST_SAFE_AVAILABLE_CELL_BUCKET,START_TIMESTAMP_FOR_INTERVAL,MAX_CELL_UPLINK_DOWNLINK_UNICAST_PLUS_NODE_BASE_DIAGNOSTIC
61000000000,61,cloud_regional_for_veh_6,veh_6,cloud_regional,CLOUD,100000000000,39492160,0.28,0.08,0.2,pool_rsu_north,rsu_north,rsu_0,region_north_normal,60,1,39492160,59330400,MIN_RESIDUAL_CELL_UPLINK_DOWNLINK_DIAGNOSTIC,CELL_BANDWIDTH_STREAM_RESIDUAL,LATEST_SAFE_AVAILABLE_CELL_BUCKET,START_TIMESTAMP_FOR_INTERVAL,MAX_CELL_UPLINK_DOWNLINK_UNICAST_PLUS_NODE_BASE_DIAGNOSTIC
61000000000,61,edge_north_for_veh_7,veh_7,edge_north,EDGE,12000000000,39492160,0.085,0.08,0.005,pool_rsu_north,rsu_north,rsu_0,region_north_normal,60,1,39492160,59330400,MIN_RESIDUAL_CELL_UPLINK_DOWNLINK_DIAGNOSTIC,CELL_BANDWIDTH_STREAM_RESIDUAL,LATEST_SAFE_AVAILABLE_CELL_BUCKET,START_TIMESTAMP_FOR_INTERVAL,MAX_CELL_UPLINK_DOWNLINK_UNICAST_PLUS_NODE_BASE_DIAGNOSTIC
61000000000,61,cloud_regional_for_veh_7,veh_7,cloud_regional,CLOUD,100000000000,39492160,0.28,0.08,0.2,pool_rsu_north,rsu_north,rsu_0,region_north_normal,60,1,39492160,59330400,MIN_RESIDUAL_CELL_UPLINK_DOWNLINK_DIAGNOSTIC,CELL_BANDWIDTH_STREAM_RESIDUAL,LATEST_SAFE_AVAILABLE_CELL_BUCKET,START_TIMESTAMP_FOR_INTERVAL,MAX_CELL_UPLINK_DOWNLINK_UNICAST_PLUS_NODE_BASE_DIAGNOSTIC
62000000000,62,edge_north_for_veh_1,veh_1,edge_north,EDGE,12000000000,39492160,0.085,0.08,0.005,pool_rsu_north,rsu_north,rsu_0,region_north_normal,61,1,39492160,59330400,MIN_RESIDUAL_CELL_UPLINK_DOWNLINK_DIAGNOSTIC,CELL_BANDWIDTH_STREAM_RESIDUAL,LATEST_SAFE_AVAILABLE_CELL_BUCKET,START_TIMESTAMP_FOR_INTERVAL,MAX_CELL_UPLINK_DOWNLINK_UNICAST_PLUS_NODE_BASE_DIAGNOSTIC
62000000000,62,cloud_regional_for_veh_1,veh_1,cloud_regional,CLOUD,100000000000,39492160,0.28,0.08,0.2,pool_rsu_north,rsu_north,rsu_0,region_north_normal,61,1,39492160,59330400,MIN_RESIDUAL_CELL_UPLINK_DOWNLINK_DIAGNOSTIC,CELL_BANDWIDTH_STREAM_RESIDUAL,LATEST_SAFE_AVAILABLE_CELL_BUCKET,START_TIMESTAMP_FOR_INTERVAL,MAX_CELL_UPLINK_DOWNLINK_UNICAST_PLUS_NODE_BASE_DIAGNOSTIC
62000000000,62,edge_north_for_veh_2,veh_2,edge_north,EDGE,12000000000,39492160,0.085,0.08,0.005,pool_rsu_north,rsu_north,rsu_0,region_north_normal,61,1,39492160,59330400,MIN_RESIDUAL_CELL_UPLINK_DOWNLINK_DIAGNOSTIC,CELL_BANDWIDTH_STREAM_RESIDUAL,LATEST_SAFE_AVAILABLE_CELL_BUCKET,START_TIMESTAMP_FOR_INTERVAL,MAX_CELL_UPLINK_DOWNLINK_UNICAST_PLUS_NODE_BASE_DIAGNOSTIC
62000000000,62,cloud_regional_for_veh_2,veh_2,cloud_regional,CLOUD,100000000000,39492160,0.28,0.08,0.2,pool_rsu_north,rsu_north,rsu_0,region_north_normal,61,1,39492160,59330400,MIN_RESIDUAL_CELL_UPLINK_DOWNLINK_DIAGNOSTIC,CELL_BANDWIDTH_STREAM_RESIDUAL,LATEST_SAFE_AVAILABLE_CELL_BUCKET,START_TIMESTAMP_FOR_INTERVAL,MAX_CELL_UPLINK_DOWNLINK_UNICAST_PLUS_NODE_BASE_DIAGNOSTIC
62000000000,62,edge_north_for_veh_3,veh_3,edge_north,EDGE,12000000000,39492160,0.085,0.08,0.005,pool_rsu_north,rsu_north,rsu_0,region_north_normal,61,1,39492160,59330400,MIN_RESIDUAL_CELL_UPLINK_DOWNLINK_DIAGNOSTIC,CELL_BANDWIDTH_STREAM_RESIDUAL,LATEST_SAFE_AVAILABLE_CELL_BUCKET,START_TIMESTAMP_FOR_INTERVAL,MAX_CELL_UPLINK_DOWNLINK_UNICAST_PLUS_NODE_BASE_DIAGNOSTIC
62000000000,62,cloud_regional_for_veh_3,veh_3,cloud_regional,CLOUD,100000000000,39492160,0.28,0.08,0.2,pool_rsu_north,rsu_north,rsu_0,region_north_normal,61,1,39492160,59330400,MIN_RESIDUAL_CELL_UPLINK_DOWNLINK_DIAGNOSTIC,CELL_BANDWIDTH_STREAM_RESIDUAL,LATEST_SAFE_AVAILABLE_CELL_BUCKET,START_TIMESTAMP_FOR_INTERVAL,MAX_CELL_UPLINK_DOWNLINK_UNICAST_PLUS_NODE_BASE_DIAGNOSTIC
62000000000,62,edge_north_for_veh_4,veh_4,edge_north,EDGE,12000000000,39492160,0.085,0.08,0.005,pool_rsu_north,rsu_north,rsu_0,region_north_normal,61,1,39492160,59330400,MIN_RESIDUAL_CELL_UPLINK_DOWNLINK_DIAGNOSTIC,CELL_BANDWIDTH_STREAM_RESIDUAL,LATEST_SAFE_AVAILABLE_CELL_BUCKET,START_TIMESTAMP_FOR_INTERVAL,MAX_CELL_UPLINK_DOWNLINK_UNICAST_PLUS_NODE_BASE_DIAGNOSTIC
62000000000,62,cloud_regional_for_veh_4,veh_4,cloud_regional,CLOUD,100000000000,39492160,0.28,0.08,0.2,pool_rsu_north,rsu_north,rsu_0,region_north_normal,61,1,39492160,59330400,MIN_RESIDUAL_CELL_UPLINK_DOWNLINK_DIAGNOSTIC,CELL_BANDWIDTH_STREAM_RESIDUAL,LATEST_SAFE_AVAILABLE_CELL_BUCKET,START_TIMESTAMP_FOR_INTERVAL,MAX_CELL_UPLINK_DOWNLINK_UNICAST_PLUS_NODE_BASE_DIAGNOSTIC
62000000000,62,edge_north_for_veh_5,veh_5,edge_north,EDGE,12000000000,39492160,0.085,0.08,0.005,pool_rsu_north,rsu_north,rsu_0,region_north_normal,61,1,39492160,59330400,MIN_RESIDUAL_CELL_UPLINK_DOWNLINK_DIAGNOSTIC,CELL_BANDWIDTH_STREAM_RESIDUAL,LATEST_SAFE_AVAILABLE_CELL_BUCKET,START_TIMESTAMP_FOR_INTERVAL,MAX_CELL_UPLINK_DOWNLINK_UNICAST_PLUS_NODE_BASE_DIAGNOSTIC
62000000000,62,cloud_regional_for_veh_5,veh_5,cloud_regional,CLOUD,100000000000,39492160,0.28,0.08,0.2,pool_rsu_north,rsu_north,rsu_0,region_north_normal,61,1,39492160,59330400,MIN_RESIDUAL_CELL_UPLINK_DOWNLINK_DIAGNOSTIC,CELL_BANDWIDTH_STREAM_RESIDUAL,LATEST_SAFE_AVAILABLE_CELL_BUCKET,START_TIMESTAMP_FOR_INTERVAL,MAX_CELL_UPLINK_DOWNLINK_UNICAST_PLUS_NODE_BASE_DIAGNOSTIC
62000000000,62,edge_north_for_veh_6,veh_6,edge_north,EDGE,12000000000,39492160,0.085,0.08,0.005,pool_rsu_north,rsu_north,rsu_0,region_north_normal,61,1,39492160,59330400,MIN_RESIDUAL_CELL_UPLINK_DOWNLINK_DIAGNOSTIC,CELL_BANDWIDTH_STREAM_RESIDUAL,LATEST_SAFE_AVAILABLE_CELL_BUCKET,START_TIMESTAMP_FOR_INTERVAL,MAX_CELL_UPLINK_DOWNLINK_UNICAST_PLUS_NODE_BASE_DIAGNOSTIC
62000000000,62,cloud_regional_for_veh_6,veh_6,cloud_regional,CLOUD,100000000000,39492160,0.28,0.08,0.2,pool_rsu_north,rsu_north,rsu_0,region_north_normal,61,1,39492160,59330400,MIN_RESIDUAL_CELL_UPLINK_DOWNLINK_DIAGNOSTIC,CELL_BANDWIDTH_STREAM_RESIDUAL,LATEST_SAFE_AVAILABLE_CELL_BUCKET,START_TIMESTAMP_FOR_INTERVAL,MAX_CELL_UPLINK_DOWNLINK_UNICAST_PLUS_NODE_BASE_DIAGNOSTIC
62000000000,62,edge_north_for_veh_7,veh_7,edge_north,EDGE,12000000000,39492160,0.085,0.08,0.005,pool_rsu_north,rsu_north,rsu_0,region_north_normal,61,1,39492160,59330400,MIN_RESIDUAL_CELL_UPLINK_DOWNLINK_DIAGNOSTIC,CELL_BANDWIDTH_STREAM_RESIDUAL,LATEST_SAFE_AVAILABLE_CELL_BUCKET,START_TIMESTAMP_FOR_INTERVAL,MAX_CELL_UPLINK_DOWNLINK_UNICAST_PLUS_NODE_BASE_DIAGNOSTIC
62000000000,62,cloud_regional_for_veh_7,veh_7,cloud_regional,CLOUD,100000000000,39492160,0.28,0.08,0.2,pool_rsu_north,rsu_north,rsu_0,region_north_normal,61,1,39492160,59330400,MIN_RESIDUAL_CELL_UPLINK_DOWNLINK_DIAGNOSTIC,CELL_BANDWIDTH_STREAM_RESIDUAL,LATEST_SAFE_AVAILABLE_CELL_BUCKET,START_TIMESTAMP_FOR_INTERVAL,MAX_CELL_UPLINK_DOWNLINK_UNICAST_PLUS_NODE_BASE_DIAGNOSTIC
63000000000,63,edge_north_for_veh_1,veh_1,edge_north,EDGE,12000000000,39492160,0.085,0.08,0.005,pool_rsu_north,rsu_north,rsu_0,region_north_normal,62,1,39492160,59330400,MIN_RESIDUAL_CELL_UPLINK_DOWNLINK_DIAGNOSTIC,CELL_BANDWIDTH_STREAM_RESIDUAL,LATEST_SAFE_AVAILABLE_CELL_BUCKET,START_TIMESTAMP_FOR_INTERVAL,MAX_CELL_UPLINK_DOWNLINK_UNICAST_PLUS_NODE_BASE_DIAGNOSTIC
63000000000,63,cloud_regional_for_veh_1,veh_1,cloud_regional,CLOUD,100000000000,39492160,0.28,0.08,0.2,pool_rsu_north,rsu_north,rsu_0,region_north_normal,62,1,39492160,59330400,MIN_RESIDUAL_CELL_UPLINK_DOWNLINK_DIAGNOSTIC,CELL_BANDWIDTH_STREAM_RESIDUAL,LATEST_SAFE_AVAILABLE_CELL_BUCKET,START_TIMESTAMP_FOR_INTERVAL,MAX_CELL_UPLINK_DOWNLINK_UNICAST_PLUS_NODE_BASE_DIAGNOSTIC
63000000000,63,edge_north_for_veh_2,veh_2,edge_north,EDGE,12000000000,39492160,0.085,0.08,0.005,pool_rsu_north,rsu_north,rsu_0,region_north_normal,62,1,39492160,59330400,MIN_RESIDUAL_CELL_UPLINK_DOWNLINK_DIAGNOSTIC,CELL_BANDWIDTH_STREAM_RESIDUAL,LATEST_SAFE_AVAILABLE_CELL_BUCKET,START_TIMESTAMP_FOR_INTERVAL,MAX_CELL_UPLINK_DOWNLINK_UNICAST_PLUS_NODE_BASE_DIAGNOSTIC
63000000000,63,cloud_regional_for_veh_2,veh_2,cloud_regional,CLOUD,100000000000,39492160,0.28,0.08,0.2,pool_rsu_north,rsu_north,rsu_0,region_north_normal,62,1,39492160,59330400,MIN_RESIDUAL_CELL_UPLINK_DOWNLINK_DIAGNOSTIC,CELL_BANDWIDTH_STREAM_RESIDUAL,LATEST_SAFE_AVAILABLE_CELL_BUCKET,START_TIMESTAMP_FOR_INTERVAL,MAX_CELL_UPLINK_DOWNLINK_UNICAST_PLUS_NODE_BASE_DIAGNOSTIC
63000000000,63,edge_north_for_veh_3,veh_3,edge_north,EDGE,12000000000,39492160,0.085,0.08,0.005,pool_rsu_north,rsu_north,rsu_0,region_north_normal,62,1,39492160,59330400,MIN_RESIDUAL_CELL_UPLINK_DOWNLINK_DIAGNOSTIC,CELL_BANDWIDTH_STREAM_RESIDUAL,LATEST_SAFE_AVAILABLE_CELL_BUCKET,START_TIMESTAMP_FOR_INTERVAL,MAX_CELL_UPLINK_DOWNLINK_UNICAST_PLUS_NODE_BASE_DIAGNOSTIC
63000000000,63,cloud_regional_for_veh_3,veh_3,cloud_regional,CLOUD,100000000000,39492160,0.28,0.08,0.2,pool_rsu_north,rsu_north,rsu_0,region_north_normal,62,1,39492160,59330400,MIN_RESIDUAL_CELL_UPLINK_DOWNLINK_DIAGNOSTIC,CELL_BANDWIDTH_STREAM_RESIDUAL,LATEST_SAFE_AVAILABLE_CELL_BUCKET,START_TIMESTAMP_FOR_INTERVAL,MAX_CELL_UPLINK_DOWNLINK_UNICAST_PLUS_NODE_BASE_DIAGNOSTIC
63000000000,63,edge_north_for_veh_4,veh_4,edge_north,EDGE,12000000000,39492160,0.085,0.08,0.005,pool_rsu_north,rsu_north,rsu_0,region_north_normal,62,1,39492160,59330400,MIN_RESIDUAL_CELL_UPLINK_DOWNLINK_DIAGNOSTIC,CELL_BANDWIDTH_STREAM_RESIDUAL,LATEST_SAFE_AVAILABLE_CELL_BUCKET,START_TIMESTAMP_FOR_INTERVAL,MAX_CELL_UPLINK_DOWNLINK_UNICAST_PLUS_NODE_BASE_DIAGNOSTIC
63000000000,63,cloud_regional_for_veh_4,veh_4,cloud_regional,CLOUD,100000000000,39492160,0.28,0.08,0.2,pool_rsu_north,rsu_north,rsu_0,region_north_normal,62,1,39492160,59330400,MIN_RESIDUAL_CELL_UPLINK_DOWNLINK_DIAGNOSTIC,CELL_BANDWIDTH_STREAM_RESIDUAL,LATEST_SAFE_AVAILABLE_CELL_BUCKET,START_TIMESTAMP_FOR_INTERVAL,MAX_CELL_UPLINK_DOWNLINK_UNICAST_PLUS_NODE_BASE_DIAGNOSTIC
63000000000,63,edge_north_for_veh_5,veh_5,edge_north,EDGE,12000000000,39492160,0.085,0.08,0.005,pool_rsu_north,rsu_north,rsu_0,region_north_normal,62,1,39492160,59330400,MIN_RESIDUAL_CELL_UPLINK_DOWNLINK_DIAGNOSTIC,CELL_BANDWIDTH_STREAM_RESIDUAL,LATEST_SAFE_AVAILABLE_CELL_BUCKET,START_TIMESTAMP_FOR_INTERVAL,MAX_CELL_UPLINK_DOWNLINK_UNICAST_PLUS_NODE_BASE_DIAGNOSTIC
63000000000,63,cloud_regional_for_veh_5,veh_5,cloud_regional,CLOUD,100000000000,39492160,0.28,0.08,0.2,pool_rsu_north,rsu_north,rsu_0,region_north_normal,62,1,39492160,59330400,MIN_RESIDUAL_CELL_UPLINK_DOWNLINK_DIAGNOSTIC,CELL_BANDWIDTH_STREAM_RESIDUAL,LATEST_SAFE_AVAILABLE_CELL_BUCKET,START_TIMESTAMP_FOR_INTERVAL,MAX_CELL_UPLINK_DOWNLINK_UNICAST_PLUS_NODE_BASE_DIAGNOSTIC
63000000000,63,edge_north_for_veh_6,veh_6,edge_north,EDGE,12000000000,39492160,0.085,0.08,0.005,pool_rsu_north,rsu_north,rsu_0,region_north_normal,62,1,39492160,59330400,MIN_RESIDUAL_CELL_UPLINK_DOWNLINK_DIAGNOSTIC,CELL_BANDWIDTH_STREAM_RESIDUAL,LATEST_SAFE_AVAILABLE_CELL_BUCKET,START_TIMESTAMP_FOR_INTERVAL,MAX_CELL_UPLINK_DOWNLINK_UNICAST_PLUS_NODE_BASE_DIAGNOSTIC
63000000000,63,cloud_regional_for_veh_6,veh_6,cloud_regional,CLOUD,100000000000,39492160,0.28,0.08,0.2,pool_rsu_north,rsu_north,rsu_0,region_north_normal,62,1,39492160,59330400,MIN_RESIDUAL_CELL_UPLINK_DOWNLINK_DIAGNOSTIC,CELL_BANDWIDTH_STREAM_RESIDUAL,LATEST_SAFE_AVAILABLE_CELL_BUCKET,START_TIMESTAMP_FOR_INTERVAL,MAX_CELL_UPLINK_DOWNLINK_UNICAST_PLUS_NODE_BASE_DIAGNOSTIC
63000000000,63,edge_north_for_veh_7,veh_7,edge_north,EDGE,12000000000,39492160,0.085,0.08,0.005,pool_rsu_north,rsu_north,rsu_0,region_north_normal,62,1,39492160,59330400,MIN_RESIDUAL_CELL_UPLINK_DOWNLINK_DIAGNOSTIC,CELL_BANDWIDTH_STREAM_RESIDUAL,LATEST_SAFE_AVAILABLE_CELL_BUCKET,START_TIMESTAMP_FOR_INTERVAL,MAX_CELL_UPLINK_DOWNLINK_UNICAST_PLUS_NODE_BASE_DIAGNOSTIC
63000000000,63,cloud_regional_for_veh_7,veh_7,cloud_regional,CLOUD,100000000000,39492160,0.28,0.08,0.2,pool_rsu_north,rsu_north,rsu_0,region_north_normal,62,1,39492160,59330400,MIN_RESIDUAL_CELL_UPLINK_DOWNLINK_DIAGNOSTIC,CELL_BANDWIDTH_STREAM_RESIDUAL,LATEST_SAFE_AVAILABLE_CELL_BUCKET,START_TIMESTAMP_FOR_INTERVAL,MAX_CELL_UPLINK_DOWNLINK_UNICAST_PLUS_NODE_BASE_DIAGNOSTIC
63000000000,63,edge_north_for_veh_8,veh_8,edge_north,EDGE,12000000000,39492160,0.085,0.08,0.005,pool_rsu_north,rsu_north,rsu_0,region_north_normal,62,1,39492160,59330400,MIN_RESIDUAL_CELL_UPLINK_DOWNLINK_DIAGNOSTIC,CELL_BANDWIDTH_STREAM_RESIDUAL,LATEST_SAFE_AVAILABLE_CELL_BUCKET,START_TIMESTAMP_FOR_INTERVAL,MAX_CELL_UPLINK_DOWNLINK_UNICAST_PLUS_NODE_BASE_DIAGNOSTIC
63000000000,63,cloud_regional_for_veh_8,veh_8,cloud_regional,CLOUD,100000000000,39492160,0.28,0.08,0.2,pool_rsu_north,rsu_north,rsu_0,region_north_normal,62,1,39492160,59330400,MIN_RESIDUAL_CELL_UPLINK_DOWNLINK_DIAGNOSTIC,CELL_BANDWIDTH_STREAM_RESIDUAL,LATEST_SAFE_AVAILABLE_CELL_BUCKET,START_TIMESTAMP_FOR_INTERVAL,MAX_CELL_UPLINK_DOWNLINK_UNICAST_PLUS_NODE_BASE_DIAGNOSTIC
64000000000,64,edge_north_for_veh_2,veh_2,edge_north,EDGE,12000000000,39492160,0.085,0.08,0.005,pool_rsu_north,rsu_north,rsu_0,region_north_normal,63,1,39492160,59330400,MIN_RESIDUAL_CELL_UPLINK_DOWNLINK_DIAGNOSTIC,CELL_BANDWIDTH_STREAM_RESIDUAL,LATEST_SAFE_AVAILABLE_CELL_BUCKET,START_TIMESTAMP_FOR_INTERVAL,MAX_CELL_UPLINK_DOWNLINK_UNICAST_PLUS_NODE_BASE_DIAGNOSTIC
64000000000,64,cloud_regional_for_veh_2,veh_2,cloud_regional,CLOUD,100000000000,39492160,0.28,0.08,0.2,pool_rsu_north,rsu_north,rsu_0,region_north_normal,63,1,39492160,59330400,MIN_RESIDUAL_CELL_UPLINK_DOWNLINK_DIAGNOSTIC,CELL_BANDWIDTH_STREAM_RESIDUAL,LATEST_SAFE_AVAILABLE_CELL_BUCKET,START_TIMESTAMP_FOR_INTERVAL,MAX_CELL_UPLINK_DOWNLINK_UNICAST_PLUS_NODE_BASE_DIAGNOSTIC
64000000000,64,edge_north_for_veh_3,veh_3,edge_north,EDGE,12000000000,39492160,0.085,0.08,0.005,pool_rsu_north,rsu_north,rsu_0,region_north_normal,63,1,39492160,59330400,MIN_RESIDUAL_CELL_UPLINK_DOWNLINK_DIAGNOSTIC,CELL_BANDWIDTH_STREAM_RESIDUAL,LATEST_SAFE_AVAILABLE_CELL_BUCKET,START_TIMESTAMP_FOR_INTERVAL,MAX_CELL_UPLINK_DOWNLINK_UNICAST_PLUS_NODE_BASE_DIAGNOSTIC
64000000000,64,cloud_regional_for_veh_3,veh_3,cloud_regional,CLOUD,100000000000,39492160,0.28,0.08,0.2,pool_rsu_north,rsu_north,rsu_0,region_north_normal,63,1,39492160,59330400,MIN_RESIDUAL_CELL_UPLINK_DOWNLINK_DIAGNOSTIC,CELL_BANDWIDTH_STREAM_RESIDUAL,LATEST_SAFE_AVAILABLE_CELL_BUCKET,START_TIMESTAMP_FOR_INTERVAL,MAX_CELL_UPLINK_DOWNLINK_UNICAST_PLUS_NODE_BASE_DIAGNOSTIC
64000000000,64,edge_north_for_veh_4,veh_4,edge_north,EDGE,12000000000,39492160,0.085,0.08,0.005,pool_rsu_north,rsu_north,rsu_0,region_north_normal,63,1,39492160,59330400,MIN_RESIDUAL_CELL_UPLINK_DOWNLINK_DIAGNOSTIC,CELL_BANDWIDTH_STREAM_RESIDUAL,LATEST_SAFE_AVAILABLE_CELL_BUCKET,START_TIMESTAMP_FOR_INTERVAL,MAX_CELL_UPLINK_DOWNLINK_UNICAST_PLUS_NODE_BASE_DIAGNOSTIC
64000000000,64,cloud_regional_for_veh_4,veh_4,cloud_regional,CLOUD,100000000000,39492160,0.28,0.08,0.2,pool_rsu_north,rsu_north,rsu_0,region_north_normal,63,1,39492160,59330400,MIN_RESIDUAL_CELL_UPLINK_DOWNLINK_DIAGNOSTIC,CELL_BANDWIDTH_STREAM_RESIDUAL,LATEST_SAFE_AVAILABLE_CELL_BUCKET,START_TIMESTAMP_FOR_INTERVAL,MAX_CELL_UPLINK_DOWNLINK_UNICAST_PLUS_NODE_BASE_DIAGNOSTIC
64000000000,64,edge_north_for_veh_5,veh_5,edge_north,EDGE,12000000000,39492160,0.085,0.08,0.005,pool_rsu_north,rsu_north,rsu_0,region_north_normal,63,1,39492160,59330400,MIN_RESIDUAL_CELL_UPLINK_DOWNLINK_DIAGNOSTIC,CELL_BANDWIDTH_STREAM_RESIDUAL,LATEST_SAFE_AVAILABLE_CELL_BUCKET,START_TIMESTAMP_FOR_INTERVAL,MAX_CELL_UPLINK_DOWNLINK_UNICAST_PLUS_NODE_BASE_DIAGNOSTIC
64000000000,64,cloud_regional_for_veh_5,veh_5,cloud_regional,CLOUD,100000000000,39492160,0.28,0.08,0.2,pool_rsu_north,rsu_north,rsu_0,region_north_normal,63,1,39492160,59330400,MIN_RESIDUAL_CELL_UPLINK_DOWNLINK_DIAGNOSTIC,CELL_BANDWIDTH_STREAM_RESIDUAL,LATEST_SAFE_AVAILABLE_CELL_BUCKET,START_TIMESTAMP_FOR_INTERVAL,MAX_CELL_UPLINK_DOWNLINK_UNICAST_PLUS_NODE_BASE_DIAGNOSTIC
64000000000,64,edge_north_for_veh_6,veh_6,edge_north,EDGE,12000000000,39492160,0.085,0.08,0.005,pool_rsu_north,rsu_north,rsu_0,region_north_normal,63,1,39492160,59330400,MIN_RESIDUAL_CELL_UPLINK_DOWNLINK_DIAGNOSTIC,CELL_BANDWIDTH_STREAM_RESIDUAL,LATEST_SAFE_AVAILABLE_CELL_BUCKET,START_TIMESTAMP_FOR_INTERVAL,MAX_CELL_UPLINK_DOWNLINK_UNICAST_PLUS_NODE_BASE_DIAGNOSTIC
64000000000,64,cloud_regional_for_veh_6,veh_6,cloud_regional,CLOUD,100000000000,39492160,0.28,0.08,0.2,pool_rsu_north,rsu_north,rsu_0,region_north_normal,63,1,39492160,59330400,MIN_RESIDUAL_CELL_UPLINK_DOWNLINK_DIAGNOSTIC,CELL_BANDWIDTH_STREAM_RESIDUAL,LATEST_SAFE_AVAILABLE_CELL_BUCKET,START_TIMESTAMP_FOR_INTERVAL,MAX_CELL_UPLINK_DOWNLINK_UNICAST_PLUS_NODE_BASE_DIAGNOSTIC
64000000000,64,edge_north_for_veh_7,veh_7,edge_north,EDGE,12000000000,39492160,0.085,0.08,0.005,pool_rsu_north,rsu_north,rsu_0,region_north_normal,63,1,39492160,59330400,MIN_RESIDUAL_CELL_UPLINK_DOWNLINK_DIAGNOSTIC,CELL_BANDWIDTH_STREAM_RESIDUAL,LATEST_SAFE_AVAILABLE_CELL_BUCKET,START_TIMESTAMP_FOR_INTERVAL,MAX_CELL_UPLINK_DOWNLINK_UNICAST_PLUS_NODE_BASE_DIAGNOSTIC
64000000000,64,cloud_regional_for_veh_7,veh_7,cloud_regional,CLOUD,100000000000,39492160,0.28,0.08,0.2,pool_rsu_north,rsu_north,rsu_0,region_north_normal,63,1,39492160,59330400,MIN_RESIDUAL_CELL_UPLINK_DOWNLINK_DIAGNOSTIC,CELL_BANDWIDTH_STREAM_RESIDUAL,LATEST_SAFE_AVAILABLE_CELL_BUCKET,START_TIMESTAMP_FOR_INTERVAL,MAX_CELL_UPLINK_DOWNLINK_UNICAST_PLUS_NODE_BASE_DIAGNOSTIC
64000000000,64,edge_north_for_veh_8,veh_8,edge_north,EDGE,12000000000,39492160,0.085,0.08,0.005,pool_rsu_north,rsu_north,rsu_0,region_north_normal,63,1,39492160,59330400,MIN_RESIDUAL_CELL_UPLINK_DOWNLINK_DIAGNOSTIC,CELL_BANDWIDTH_STREAM_RESIDUAL,LATEST_SAFE_AVAILABLE_CELL_BUCKET,START_TIMESTAMP_FOR_INTERVAL,MAX_CELL_UPLINK_DOWNLINK_UNICAST_PLUS_NODE_BASE_DIAGNOSTIC
64000000000,64,cloud_regional_for_veh_8,veh_8,cloud_regional,CLOUD,100000000000,39492160,0.28,0.08,0.2,pool_rsu_north,rsu_north,rsu_0,region_north_normal,63,1,39492160,59330400,MIN_RESIDUAL_CELL_UPLINK_DOWNLINK_DIAGNOSTIC,CELL_BANDWIDTH_STREAM_RESIDUAL,LATEST_SAFE_AVAILABLE_CELL_BUCKET,START_TIMESTAMP_FOR_INTERVAL,MAX_CELL_UPLINK_DOWNLINK_UNICAST_PLUS_NODE_BASE_DIAGNOSTIC
65000000000,65,edge_north_for_veh_2,veh_2,edge_north,EDGE,12000000000,39492160,0.085,0.08,0.005,pool_rsu_north,rsu_north,rsu_0,region_north_normal,64,1,39492160,59330400,MIN_RESIDUAL_CELL_UPLINK_DOWNLINK_DIAGNOSTIC,CELL_BANDWIDTH_STREAM_RESIDUAL,LATEST_SAFE_AVAILABLE_CELL_BUCKET,START_TIMESTAMP_FOR_INTERVAL,MAX_CELL_UPLINK_DOWNLINK_UNICAST_PLUS_NODE_BASE_DIAGNOSTIC
65000000000,65,cloud_regional_for_veh_2,veh_2,cloud_regional,CLOUD,100000000000,39492160,0.28,0.08,0.2,pool_rsu_north,rsu_north,rsu_0,region_north_normal,64,1,39492160,59330400,MIN_RESIDUAL_CELL_UPLINK_DOWNLINK_DIAGNOSTIC,CELL_BANDWIDTH_STREAM_RESIDUAL,LATEST_SAFE_AVAILABLE_CELL_BUCKET,START_TIMESTAMP_FOR_INTERVAL,MAX_CELL_UPLINK_DOWNLINK_UNICAST_PLUS_NODE_BASE_DIAGNOSTIC
65000000000,65,edge_north_for_veh_3,veh_3,edge_north,EDGE,12000000000,39492160,0.085,0.08,0.005,pool_rsu_north,rsu_north,rsu_0,region_north_normal,64,1,39492160,59330400,MIN_RESIDUAL_CELL_UPLINK_DOWNLINK_DIAGNOSTIC,CELL_BANDWIDTH_STREAM_RESIDUAL,LATEST_SAFE_AVAILABLE_CELL_BUCKET,START_TIMESTAMP_FOR_INTERVAL,MAX_CELL_UPLINK_DOWNLINK_UNICAST_PLUS_NODE_BASE_DIAGNOSTIC
65000000000,65,cloud_regional_for_veh_3,veh_3,cloud_regional,CLOUD,100000000000,39492160,0.28,0.08,0.2,pool_rsu_north,rsu_north,rsu_0,region_north_normal,64,1,39492160,59330400,MIN_RESIDUAL_CELL_UPLINK_DOWNLINK_DIAGNOSTIC,CELL_BANDWIDTH_STREAM_RESIDUAL,LATEST_SAFE_AVAILABLE_CELL_BUCKET,START_TIMESTAMP_FOR_INTERVAL,MAX_CELL_UPLINK_DOWNLINK_UNICAST_PLUS_NODE_BASE_DIAGNOSTIC
65000000000,65,edge_north_for_veh_4,veh_4,edge_north,EDGE,12000000000,39492160,0.085,0.08,0.005,pool_rsu_north,rsu_north,rsu_0,region_north_normal,64,1,39492160,59330400,MIN_RESIDUAL_CELL_UPLINK_DOWNLINK_DIAGNOSTIC,CELL_BANDWIDTH_STREAM_RESIDUAL,LATEST_SAFE_AVAILABLE_CELL_BUCKET,START_TIMESTAMP_FOR_INTERVAL,MAX_CELL_UPLINK_DOWNLINK_UNICAST_PLUS_NODE_BASE_DIAGNOSTIC
65000000000,65,cloud_regional_for_veh_4,veh_4,cloud_regional,CLOUD,100000000000,39492160,0.28,0.08,0.2,pool_rsu_north,rsu_north,rsu_0,region_north_normal,64,1,39492160,59330400,MIN_RESIDUAL_CELL_UPLINK_DOWNLINK_DIAGNOSTIC,CELL_BANDWIDTH_STREAM_RESIDUAL,LATEST_SAFE_AVAILABLE_CELL_BUCKET,START_TIMESTAMP_FOR_INTERVAL,MAX_CELL_UPLINK_DOWNLINK_UNICAST_PLUS_NODE_BASE_DIAGNOSTIC
65000000000,65,edge_north_for_veh_5,veh_5,edge_north,EDGE,12000000000,39492160,0.085,0.08,0.005,pool_rsu_north,rsu_north,rsu_0,region_north_normal,64,1,39492160,59330400,MIN_RESIDUAL_CELL_UPLINK_DOWNLINK_DIAGNOSTIC,CELL_BANDWIDTH_STREAM_RESIDUAL,LATEST_SAFE_AVAILABLE_CELL_BUCKET,START_TIMESTAMP_FOR_INTERVAL,MAX_CELL_UPLINK_DOWNLINK_UNICAST_PLUS_NODE_BASE_DIAGNOSTIC
65000000000,65,cloud_regional_for_veh_5,veh_5,cloud_regional,CLOUD,100000000000,39492160,0.28,0.08,0.2,pool_rsu_north,rsu_north,rsu_0,region_north_normal,64,1,39492160,59330400,MIN_RESIDUAL_CELL_UPLINK_DOWNLINK_DIAGNOSTIC,CELL_BANDWIDTH_STREAM_RESIDUAL,LATEST_SAFE_AVAILABLE_CELL_BUCKET,START_TIMESTAMP_FOR_INTERVAL,MAX_CELL_UPLINK_DOWNLINK_UNICAST_PLUS_NODE_BASE_DIAGNOSTIC
65000000000,65,edge_north_for_veh_6,veh_6,edge_north,EDGE,12000000000,39492160,0.085,0.08,0.005,pool_rsu_north,rsu_north,rsu_0,region_north_normal,64,1,39492160,59330400,MIN_RESIDUAL_CELL_UPLINK_DOWNLINK_DIAGNOSTIC,CELL_BANDWIDTH_STREAM_RESIDUAL,LATEST_SAFE_AVAILABLE_CELL_BUCKET,START_TIMESTAMP_FOR_INTERVAL,MAX_CELL_UPLINK_DOWNLINK_UNICAST_PLUS_NODE_BASE_DIAGNOSTIC
65000000000,65,cloud_regional_for_veh_6,veh_6,cloud_regional,CLOUD,100000000000,39492160,0.28,0.08,0.2,pool_rsu_north,rsu_north,rsu_0,region_north_normal,64,1,39492160,59330400,MIN_RESIDUAL_CELL_UPLINK_DOWNLINK_DIAGNOSTIC,CELL_BANDWIDTH_STREAM_RESIDUAL,LATEST_SAFE_AVAILABLE_CELL_BUCKET,START_TIMESTAMP_FOR_INTERVAL,MAX_CELL_UPLINK_DOWNLINK_UNICAST_PLUS_NODE_BASE_DIAGNOSTIC
65000000000,65,edge_north_for_veh_7,veh_7,edge_north,EDGE,12000000000,39492160,0.085,0.08,0.005,pool_rsu_north,rsu_north,rsu_0,region_north_normal,64,1,39492160,59330400,MIN_RESIDUAL_CELL_UPLINK_DOWNLINK_DIAGNOSTIC,CELL_BANDWIDTH_STREAM_RESIDUAL,LATEST_SAFE_AVAILABLE_CELL_BUCKET,START_TIMESTAMP_FOR_INTERVAL,MAX_CELL_UPLINK_DOWNLINK_UNICAST_PLUS_NODE_BASE_DIAGNOSTIC
65000000000,65,cloud_regional_for_veh_7,veh_7,cloud_regional,CLOUD,100000000000,39492160,0.28,0.08,0.2,pool_rsu_north,rsu_north,rsu_0,region_north_normal,64,1,39492160,59330400,MIN_RESIDUAL_CELL_UPLINK_DOWNLINK_DIAGNOSTIC,CELL_BANDWIDTH_STREAM_RESIDUAL,LATEST_SAFE_AVAILABLE_CELL_BUCKET,START_TIMESTAMP_FOR_INTERVAL,MAX_CELL_UPLINK_DOWNLINK_UNICAST_PLUS_NODE_BASE_DIAGNOSTIC
65000000000,65,edge_north_for_veh_8,veh_8,edge_north,EDGE,12000000000,39492160,0.085,0.08,0.005,pool_rsu_north,rsu_north,rsu_0,region_north_normal,64,1,39492160,59330400,MIN_RESIDUAL_CELL_UPLINK_DOWNLINK_DIAGNOSTIC,CELL_BANDWIDTH_STREAM_RESIDUAL,LATEST_SAFE_AVAILABLE_CELL_BUCKET,START_TIMESTAMP_FOR_INTERVAL,MAX_CELL_UPLINK_DOWNLINK_UNICAST_PLUS_NODE_BASE_DIAGNOSTIC
65000000000,65,cloud_regional_for_veh_8,veh_8,cloud_regional,CLOUD,100000000000,39492160,0.28,0.08,0.2,pool_rsu_north,rsu_north,rsu_0,region_north_normal,64,1,39492160,59330400,MIN_RESIDUAL_CELL_UPLINK_DOWNLINK_DIAGNOSTIC,CELL_BANDWIDTH_STREAM_RESIDUAL,LATEST_SAFE_AVAILABLE_CELL_BUCKET,START_TIMESTAMP_FOR_INTERVAL,MAX_CELL_UPLINK_DOWNLINK_UNICAST_PLUS_NODE_BASE_DIAGNOSTIC
66000000000,66,edge_north_for_veh_2,veh_2,edge_north,EDGE,12000000000,39492160,0.085,0.08,0.005,pool_rsu_north,rsu_north,rsu_0,region_north_normal,65,1,39492160,59330400,MIN_RESIDUAL_CELL_UPLINK_DOWNLINK_DIAGNOSTIC,CELL_BANDWIDTH_STREAM_RESIDUAL,LATEST_SAFE_AVAILABLE_CELL_BUCKET,START_TIMESTAMP_FOR_INTERVAL,MAX_CELL_UPLINK_DOWNLINK_UNICAST_PLUS_NODE_BASE_DIAGNOSTIC
66000000000,66,cloud_regional_for_veh_2,veh_2,cloud_regional,CLOUD,100000000000,39492160,0.28,0.08,0.2,pool_rsu_north,rsu_north,rsu_0,region_north_normal,65,1,39492160,59330400,MIN_RESIDUAL_CELL_UPLINK_DOWNLINK_DIAGNOSTIC,CELL_BANDWIDTH_STREAM_RESIDUAL,LATEST_SAFE_AVAILABLE_CELL_BUCKET,START_TIMESTAMP_FOR_INTERVAL,MAX_CELL_UPLINK_DOWNLINK_UNICAST_PLUS_NODE_BASE_DIAGNOSTIC
66000000000,66,edge_north_for_veh_3,veh_3,edge_north,EDGE,12000000000,39492160,0.085,0.08,0.005,pool_rsu_north,rsu_north,rsu_0,region_north_normal,65,1,39492160,59330400,MIN_RESIDUAL_CELL_UPLINK_DOWNLINK_DIAGNOSTIC,CELL_BANDWIDTH_STREAM_RESIDUAL,LATEST_SAFE_AVAILABLE_CELL_BUCKET,START_TIMESTAMP_FOR_INTERVAL,MAX_CELL_UPLINK_DOWNLINK_UNICAST_PLUS_NODE_BASE_DIAGNOSTIC
66000000000,66,cloud_regional_for_veh_3,veh_3,cloud_regional,CLOUD,100000000000,39492160,0.28,0.08,0.2,pool_rsu_north,rsu_north,rsu_0,region_north_normal,65,1,39492160,59330400,MIN_RESIDUAL_CELL_UPLINK_DOWNLINK_DIAGNOSTIC,CELL_BANDWIDTH_STREAM_RESIDUAL,LATEST_SAFE_AVAILABLE_CELL_BUCKET,START_TIMESTAMP_FOR_INTERVAL,MAX_CELL_UPLINK_DOWNLINK_UNICAST_PLUS_NODE_BASE_DIAGNOSTIC
66000000000,66,edge_north_for_veh_4,veh_4,edge_north,EDGE,12000000000,39492160,0.085,0.08,0.005,pool_rsu_north,rsu_north,rsu_0,region_north_normal,65,1,39492160,59330400,MIN_RESIDUAL_CELL_UPLINK_DOWNLINK_DIAGNOSTIC,CELL_BANDWIDTH_STREAM_RESIDUAL,LATEST_SAFE_AVAILABLE_CELL_BUCKET,START_TIMESTAMP_FOR_INTERVAL,MAX_CELL_UPLINK_DOWNLINK_UNICAST_PLUS_NODE_BASE_DIAGNOSTIC
66000000000,66,cloud_regional_for_veh_4,veh_4,cloud_regional,CLOUD,100000000000,39492160,0.28,0.08,0.2,pool_rsu_north,rsu_north,rsu_0,region_north_normal,65,1,39492160,59330400,MIN_RESIDUAL_CELL_UPLINK_DOWNLINK_DIAGNOSTIC,CELL_BANDWIDTH_STREAM_RESIDUAL,LATEST_SAFE_AVAILABLE_CELL_BUCKET,START_TIMESTAMP_FOR_INTERVAL,MAX_CELL_UPLINK_DOWNLINK_UNICAST_PLUS_NODE_BASE_DIAGNOSTIC
66000000000,66,edge_north_for_veh_5,veh_5,edge_north,EDGE,12000000000,39492160,0.085,0.08,0.005,pool_rsu_north,rsu_north,rsu_0,region_north_normal,65,1,39492160,59330400,MIN_RESIDUAL_CELL_UPLINK_DOWNLINK_DIAGNOSTIC,CELL_BANDWIDTH_STREAM_RESIDUAL,LATEST_SAFE_AVAILABLE_CELL_BUCKET,START_TIMESTAMP_FOR_INTERVAL,MAX_CELL_UPLINK_DOWNLINK_UNICAST_PLUS_NODE_BASE_DIAGNOSTIC
66000000000,66,cloud_regional_for_veh_5,veh_5,cloud_regional,CLOUD,100000000000,39492160,0.28,0.08,0.2,pool_rsu_north,rsu_north,rsu_0,region_north_normal,65,1,39492160,59330400,MIN_RESIDUAL_CELL_UPLINK_DOWNLINK_DIAGNOSTIC,CELL_BANDWIDTH_STREAM_RESIDUAL,LATEST_SAFE_AVAILABLE_CELL_BUCKET,START_TIMESTAMP_FOR_INTERVAL,MAX_CELL_UPLINK_DOWNLINK_UNICAST_PLUS_NODE_BASE_DIAGNOSTIC
66000000000,66,edge_north_for_veh_6,veh_6,edge_north,EDGE,12000000000,39492160,0.085,0.08,0.005,pool_rsu_north,rsu_north,rsu_0,region_north_normal,65,1,39492160,59330400,MIN_RESIDUAL_CELL_UPLINK_DOWNLINK_DIAGNOSTIC,CELL_BANDWIDTH_STREAM_RESIDUAL,LATEST_SAFE_AVAILABLE_CELL_BUCKET,START_TIMESTAMP_FOR_INTERVAL,MAX_CELL_UPLINK_DOWNLINK_UNICAST_PLUS_NODE_BASE_DIAGNOSTIC
66000000000,66,cloud_regional_for_veh_6,veh_6,cloud_regional,CLOUD,100000000000,39492160,0.28,0.08,0.2,pool_rsu_north,rsu_north,rsu_0,region_north_normal,65,1,39492160,59330400,MIN_RESIDUAL_CELL_UPLINK_DOWNLINK_DIAGNOSTIC,CELL_BANDWIDTH_STREAM_RESIDUAL,LATEST_SAFE_AVAILABLE_CELL_BUCKET,START_TIMESTAMP_FOR_INTERVAL,MAX_CELL_UPLINK_DOWNLINK_UNICAST_PLUS_NODE_BASE_DIAGNOSTIC
66000000000,66,edge_north_for_veh_7,veh_7,edge_north,EDGE,12000000000,39492160,0.085,0.08,0.005,pool_rsu_north,rsu_north,rsu_0,region_north_normal,65,1,39492160,59330400,MIN_RESIDUAL_CELL_UPLINK_DOWNLINK_DIAGNOSTIC,CELL_BANDWIDTH_STREAM_RESIDUAL,LATEST_SAFE_AVAILABLE_CELL_BUCKET,START_TIMESTAMP_FOR_INTERVAL,MAX_CELL_UPLINK_DOWNLINK_UNICAST_PLUS_NODE_BASE_DIAGNOSTIC
66000000000,66,cloud_regional_for_veh_7,veh_7,cloud_regional,CLOUD,100000000000,39492160,0.28,0.08,0.2,pool_rsu_north,rsu_north,rsu_0,region_north_normal,65,1,39492160,59330400,MIN_RESIDUAL_CELL_UPLINK_DOWNLINK_DIAGNOSTIC,CELL_BANDWIDTH_STREAM_RESIDUAL,LATEST_SAFE_AVAILABLE_CELL_BUCKET,START_TIMESTAMP_FOR_INTERVAL,MAX_CELL_UPLINK_DOWNLINK_UNICAST_PLUS_NODE_BASE_DIAGNOSTIC
66000000000,66,edge_north_for_veh_8,veh_8,edge_north,EDGE,12000000000,39492160,0.085,0.08,0.005,pool_rsu_north,rsu_north,rsu_0,region_north_normal,65,1,39492160,59330400,MIN_RESIDUAL_CELL_UPLINK_DOWNLINK_DIAGNOSTIC,CELL_BANDWIDTH_STREAM_RESIDUAL,LATEST_SAFE_AVAILABLE_CELL_BUCKET,START_TIMESTAMP_FOR_INTERVAL,MAX_CELL_UPLINK_DOWNLINK_UNICAST_PLUS_NODE_BASE_DIAGNOSTIC
66000000000,66,cloud_regional_for_veh_8,veh_8,cloud_regional,CLOUD,100000000000,39492160,0.28,0.08,0.2,pool_rsu_north,rsu_north,rsu_0,region_north_normal,65,1,39492160,59330400,MIN_RESIDUAL_CELL_UPLINK_DOWNLINK_DIAGNOSTIC,CELL_BANDWIDTH_STREAM_RESIDUAL,LATEST_SAFE_AVAILABLE_CELL_BUCKET,START_TIMESTAMP_FOR_INTERVAL,MAX_CELL_UPLINK_DOWNLINK_UNICAST_PLUS_NODE_BASE_DIAGNOSTIC
67000000000,67,edge_north_for_veh_2,veh_2,edge_north,EDGE,12000000000,39492160,0.085,0.08,0.005,pool_rsu_north,rsu_north,rsu_0,region_north_normal,66,1,39492160,59330400,MIN_RESIDUAL_CELL_UPLINK_DOWNLINK_DIAGNOSTIC,CELL_BANDWIDTH_STREAM_RESIDUAL,LATEST_SAFE_AVAILABLE_CELL_BUCKET,START_TIMESTAMP_FOR_INTERVAL,MAX_CELL_UPLINK_DOWNLINK_UNICAST_PLUS_NODE_BASE_DIAGNOSTIC
67000000000,67,cloud_regional_for_veh_2,veh_2,cloud_regional,CLOUD,100000000000,39492160,0.28,0.08,0.2,pool_rsu_north,rsu_north,rsu_0,region_north_normal,66,1,39492160,59330400,MIN_RESIDUAL_CELL_UPLINK_DOWNLINK_DIAGNOSTIC,CELL_BANDWIDTH_STREAM_RESIDUAL,LATEST_SAFE_AVAILABLE_CELL_BUCKET,START_TIMESTAMP_FOR_INTERVAL,MAX_CELL_UPLINK_DOWNLINK_UNICAST_PLUS_NODE_BASE_DIAGNOSTIC
67000000000,67,edge_north_for_veh_3,veh_3,edge_north,EDGE,12000000000,39492160,0.085,0.08,0.005,pool_rsu_north,rsu_north,rsu_0,region_north_normal,66,1,39492160,59330400,MIN_RESIDUAL_CELL_UPLINK_DOWNLINK_DIAGNOSTIC,CELL_BANDWIDTH_STREAM_RESIDUAL,LATEST_SAFE_AVAILABLE_CELL_BUCKET,START_TIMESTAMP_FOR_INTERVAL,MAX_CELL_UPLINK_DOWNLINK_UNICAST_PLUS_NODE_BASE_DIAGNOSTIC
67000000000,67,cloud_regional_for_veh_3,veh_3,cloud_regional,CLOUD,100000000000,39492160,0.28,0.08,0.2,pool_rsu_north,rsu_north,rsu_0,region_north_normal,66,1,39492160,59330400,MIN_RESIDUAL_CELL_UPLINK_DOWNLINK_DIAGNOSTIC,CELL_BANDWIDTH_STREAM_RESIDUAL,LATEST_SAFE_AVAILABLE_CELL_BUCKET,START_TIMESTAMP_FOR_INTERVAL,MAX_CELL_UPLINK_DOWNLINK_UNICAST_PLUS_NODE_BASE_DIAGNOSTIC
67000000000,67,edge_north_for_veh_4,veh_4,edge_north,EDGE,12000000000,39492160,0.085,0.08,0.005,pool_rsu_north,rsu_north,rsu_0,region_north_normal,66,1,39492160,59330400,MIN_RESIDUAL_CELL_UPLINK_DOWNLINK_DIAGNOSTIC,CELL_BANDWIDTH_STREAM_RESIDUAL,LATEST_SAFE_AVAILABLE_CELL_BUCKET,START_TIMESTAMP_FOR_INTERVAL,MAX_CELL_UPLINK_DOWNLINK_UNICAST_PLUS_NODE_BASE_DIAGNOSTIC
67000000000,67,cloud_regional_for_veh_4,veh_4,cloud_regional,CLOUD,100000000000,39492160,0.28,0.08,0.2,pool_rsu_north,rsu_north,rsu_0,region_north_normal,66,1,39492160,59330400,MIN_RESIDUAL_CELL_UPLINK_DOWNLINK_DIAGNOSTIC,CELL_BANDWIDTH_STREAM_RESIDUAL,LATEST_SAFE_AVAILABLE_CELL_BUCKET,START_TIMESTAMP_FOR_INTERVAL,MAX_CELL_UPLINK_DOWNLINK_UNICAST_PLUS_NODE_BASE_DIAGNOSTIC
67000000000,67,edge_north_for_veh_5,veh_5,edge_north,EDGE,12000000000,39492160,0.085,0.08,0.005,pool_rsu_north,rsu_north,rsu_0,region_north_normal,66,1,39492160,59330400,MIN_RESIDUAL_CELL_UPLINK_DOWNLINK_DIAGNOSTIC,CELL_BANDWIDTH_STREAM_RESIDUAL,LATEST_SAFE_AVAILABLE_CELL_BUCKET,START_TIMESTAMP_FOR_INTERVAL,MAX_CELL_UPLINK_DOWNLINK_UNICAST_PLUS_NODE_BASE_DIAGNOSTIC
67000000000,67,cloud_regional_for_veh_5,veh_5,cloud_regional,CLOUD,100000000000,39492160,0.28,0.08,0.2,pool_rsu_north,rsu_north,rsu_0,region_north_normal,66,1,39492160,59330400,MIN_RESIDUAL_CELL_UPLINK_DOWNLINK_DIAGNOSTIC,CELL_BANDWIDTH_STREAM_RESIDUAL,LATEST_SAFE_AVAILABLE_CELL_BUCKET,START_TIMESTAMP_FOR_INTERVAL,MAX_CELL_UPLINK_DOWNLINK_UNICAST_PLUS_NODE_BASE_DIAGNOSTIC
67000000000,67,edge_north_for_veh_6,veh_6,edge_north,EDGE,12000000000,39492160,0.085,0.08,0.005,pool_rsu_north,rsu_north,rsu_0,region_north_normal,66,1,39492160,59330400,MIN_RESIDUAL_CELL_UPLINK_DOWNLINK_DIAGNOSTIC,CELL_BANDWIDTH_STREAM_RESIDUAL,LATEST_SAFE_AVAILABLE_CELL_BUCKET,START_TIMESTAMP_FOR_INTERVAL,MAX_CELL_UPLINK_DOWNLINK_UNICAST_PLUS_NODE_BASE_DIAGNOSTIC
67000000000,67,cloud_regional_for_veh_6,veh_6,cloud_regional,CLOUD,100000000000,39492160,0.28,0.08,0.2,pool_rsu_north,rsu_north,rsu_0,region_north_normal,66,1,39492160,59330400,MIN_RESIDUAL_CELL_UPLINK_DOWNLINK_DIAGNOSTIC,CELL_BANDWIDTH_STREAM_RESIDUAL,LATEST_SAFE_AVAILABLE_CELL_BUCKET,START_TIMESTAMP_FOR_INTERVAL,MAX_CELL_UPLINK_DOWNLINK_UNICAST_PLUS_NODE_BASE_DIAGNOSTIC
67000000000,67,edge_north_for_veh_7,veh_7,edge_north,EDGE,12000000000,39492160,0.085,0.08,0.005,pool_rsu_north,rsu_north,rsu_0,region_north_normal,66,1,39492160,59330400,MIN_RESIDUAL_CELL_UPLINK_DOWNLINK_DIAGNOSTIC,CELL_BANDWIDTH_STREAM_RESIDUAL,LATEST_SAFE_AVAILABLE_CELL_BUCKET,START_TIMESTAMP_FOR_INTERVAL,MAX_CELL_UPLINK_DOWNLINK_UNICAST_PLUS_NODE_BASE_DIAGNOSTIC
67000000000,67,cloud_regional_for_veh_7,veh_7,cloud_regional,CLOUD,100000000000,39492160,0.28,0.08,0.2,pool_rsu_north,rsu_north,rsu_0,region_north_normal,66,1,39492160,59330400,MIN_RESIDUAL_CELL_UPLINK_DOWNLINK_DIAGNOSTIC,CELL_BANDWIDTH_STREAM_RESIDUAL,LATEST_SAFE_AVAILABLE_CELL_BUCKET,START_TIMESTAMP_FOR_INTERVAL,MAX_CELL_UPLINK_DOWNLINK_UNICAST_PLUS_NODE_BASE_DIAGNOSTIC
67000000000,67,edge_north_for_veh_8,veh_8,edge_north,EDGE,12000000000,39492160,0.085,0.08,0.005,pool_rsu_north,rsu_north,rsu_0,region_north_normal,66,1,39492160,59330400,MIN_RESIDUAL_CELL_UPLINK_DOWNLINK_DIAGNOSTIC,CELL_BANDWIDTH_STREAM_RESIDUAL,LATEST_SAFE_AVAILABLE_CELL_BUCKET,START_TIMESTAMP_FOR_INTERVAL,MAX_CELL_UPLINK_DOWNLINK_UNICAST_PLUS_NODE_BASE_DIAGNOSTIC
67000000000,67,cloud_regional_for_veh_8,veh_8,cloud_regional,CLOUD,100000000000,39492160,0.28,0.08,0.2,pool_rsu_north,rsu_north,rsu_0,region_north_normal,66,1,39492160,59330400,MIN_RESIDUAL_CELL_UPLINK_DOWNLINK_DIAGNOSTIC,CELL_BANDWIDTH_STREAM_RESIDUAL,LATEST_SAFE_AVAILABLE_CELL_BUCKET,START_TIMESTAMP_FOR_INTERVAL,MAX_CELL_UPLINK_DOWNLINK_UNICAST_PLUS_NODE_BASE_DIAGNOSTIC
67000000000,67,edge_north_for_veh_9,veh_9,edge_north,EDGE,12000000000,39492160,0.085,0.08,0.005,pool_rsu_north,rsu_north,rsu_0,region_north_normal,66,1,39492160,59330400,MIN_RESIDUAL_CELL_UPLINK_DOWNLINK_DIAGNOSTIC,CELL_BANDWIDTH_STREAM_RESIDUAL,LATEST_SAFE_AVAILABLE_CELL_BUCKET,START_TIMESTAMP_FOR_INTERVAL,MAX_CELL_UPLINK_DOWNLINK_UNICAST_PLUS_NODE_BASE_DIAGNOSTIC
67000000000,67,cloud_regional_for_veh_9,veh_9,cloud_regional,CLOUD,100000000000,39492160,0.28,0.08,0.2,pool_rsu_north,rsu_north,rsu_0,region_north_normal,66,1,39492160,59330400,MIN_RESIDUAL_CELL_UPLINK_DOWNLINK_DIAGNOSTIC,CELL_BANDWIDTH_STREAM_RESIDUAL,LATEST_SAFE_AVAILABLE_CELL_BUCKET,START_TIMESTAMP_FOR_INTERVAL,MAX_CELL_UPLINK_DOWNLINK_UNICAST_PLUS_NODE_BASE_DIAGNOSTIC
68000000000,68,edge_north_for_veh_3,veh_3,edge_north,EDGE,12000000000,39492160,0.085,0.08,0.005,pool_rsu_north,rsu_north,rsu_0,region_north_normal,67,1,39492160,59330400,MIN_RESIDUAL_CELL_UPLINK_DOWNLINK_DIAGNOSTIC,CELL_BANDWIDTH_STREAM_RESIDUAL,LATEST_SAFE_AVAILABLE_CELL_BUCKET,START_TIMESTAMP_FOR_INTERVAL,MAX_CELL_UPLINK_DOWNLINK_UNICAST_PLUS_NODE_BASE_DIAGNOSTIC
68000000000,68,cloud_regional_for_veh_3,veh_3,cloud_regional,CLOUD,100000000000,39492160,0.28,0.08,0.2,pool_rsu_north,rsu_north,rsu_0,region_north_normal,67,1,39492160,59330400,MIN_RESIDUAL_CELL_UPLINK_DOWNLINK_DIAGNOSTIC,CELL_BANDWIDTH_STREAM_RESIDUAL,LATEST_SAFE_AVAILABLE_CELL_BUCKET,START_TIMESTAMP_FOR_INTERVAL,MAX_CELL_UPLINK_DOWNLINK_UNICAST_PLUS_NODE_BASE_DIAGNOSTIC
68000000000,68,edge_north_for_veh_4,veh_4,edge_north,EDGE,12000000000,39492160,0.085,0.08,0.005,pool_rsu_north,rsu_north,rsu_0,region_north_normal,67,1,39492160,59330400,MIN_RESIDUAL_CELL_UPLINK_DOWNLINK_DIAGNOSTIC,CELL_BANDWIDTH_STREAM_RESIDUAL,LATEST_SAFE_AVAILABLE_CELL_BUCKET,START_TIMESTAMP_FOR_INTERVAL,MAX_CELL_UPLINK_DOWNLINK_UNICAST_PLUS_NODE_BASE_DIAGNOSTIC
68000000000,68,cloud_regional_for_veh_4,veh_4,cloud_regional,CLOUD,100000000000,39492160,0.28,0.08,0.2,pool_rsu_north,rsu_north,rsu_0,region_north_normal,67,1,39492160,59330400,MIN_RESIDUAL_CELL_UPLINK_DOWNLINK_DIAGNOSTIC,CELL_BANDWIDTH_STREAM_RESIDUAL,LATEST_SAFE_AVAILABLE_CELL_BUCKET,START_TIMESTAMP_FOR_INTERVAL,MAX_CELL_UPLINK_DOWNLINK_UNICAST_PLUS_NODE_BASE_DIAGNOSTIC
68000000000,68,edge_north_for_veh_5,veh_5,edge_north,EDGE,12000000000,39492160,0.085,0.08,0.005,pool_rsu_north,rsu_north,rsu_0,region_north_normal,67,1,39492160,59330400,MIN_RESIDUAL_CELL_UPLINK_DOWNLINK_DIAGNOSTIC,CELL_BANDWIDTH_STREAM_RESIDUAL,LATEST_SAFE_AVAILABLE_CELL_BUCKET,START_TIMESTAMP_FOR_INTERVAL,MAX_CELL_UPLINK_DOWNLINK_UNICAST_PLUS_NODE_BASE_DIAGNOSTIC
68000000000,68,cloud_regional_for_veh_5,veh_5,cloud_regional,CLOUD,100000000000,39492160,0.28,0.08,0.2,pool_rsu_north,rsu_north,rsu_0,region_north_normal,67,1,39492160,59330400,MIN_RESIDUAL_CELL_UPLINK_DOWNLINK_DIAGNOSTIC,CELL_BANDWIDTH_STREAM_RESIDUAL,LATEST_SAFE_AVAILABLE_CELL_BUCKET,START_TIMESTAMP_FOR_INTERVAL,MAX_CELL_UPLINK_DOWNLINK_UNICAST_PLUS_NODE_BASE_DIAGNOSTIC
68000000000,68,edge_north_for_veh_6,veh_6,edge_north,EDGE,12000000000,39492160,0.085,0.08,0.005,pool_rsu_north,rsu_north,rsu_0,region_north_normal,67,1,39492160,59330400,MIN_RESIDUAL_CELL_UPLINK_DOWNLINK_DIAGNOSTIC,CELL_BANDWIDTH_STREAM_RESIDUAL,LATEST_SAFE_AVAILABLE_CELL_BUCKET,START_TIMESTAMP_FOR_INTERVAL,MAX_CELL_UPLINK_DOWNLINK_UNICAST_PLUS_NODE_BASE_DIAGNOSTIC
68000000000,68,cloud_regional_for_veh_6,veh_6,cloud_regional,CLOUD,100000000000,39492160,0.28,0.08,0.2,pool_rsu_north,rsu_north,rsu_0,region_north_normal,67,1,39492160,59330400,MIN_RESIDUAL_CELL_UPLINK_DOWNLINK_DIAGNOSTIC,CELL_BANDWIDTH_STREAM_RESIDUAL,LATEST_SAFE_AVAILABLE_CELL_BUCKET,START_TIMESTAMP_FOR_INTERVAL,MAX_CELL_UPLINK_DOWNLINK_UNICAST_PLUS_NODE_BASE_DIAGNOSTIC
68000000000,68,edge_north_for_veh_7,veh_7,edge_north,EDGE,12000000000,39492160,0.085,0.08,0.005,pool_rsu_north,rsu_north,rsu_0,region_north_normal,67,1,39492160,59330400,MIN_RESIDUAL_CELL_UPLINK_DOWNLINK_DIAGNOSTIC,CELL_BANDWIDTH_STREAM_RESIDUAL,LATEST_SAFE_AVAILABLE_CELL_BUCKET,START_TIMESTAMP_FOR_INTERVAL,MAX_CELL_UPLINK_DOWNLINK_UNICAST_PLUS_NODE_BASE_DIAGNOSTIC
68000000000,68,cloud_regional_for_veh_7,veh_7,cloud_regional,CLOUD,100000000000,39492160,0.28,0.08,0.2,pool_rsu_north,rsu_north,rsu_0,region_north_normal,67,1,39492160,59330400,MIN_RESIDUAL_CELL_UPLINK_DOWNLINK_DIAGNOSTIC,CELL_BANDWIDTH_STREAM_RESIDUAL,LATEST_SAFE_AVAILABLE_CELL_BUCKET,START_TIMESTAMP_FOR_INTERVAL,MAX_CELL_UPLINK_DOWNLINK_UNICAST_PLUS_NODE_BASE_DIAGNOSTIC
68000000000,68,edge_north_for_veh_8,veh_8,edge_north,EDGE,12000000000,39492160,0.085,0.08,0.005,pool_rsu_north,rsu_north,rsu_0,region_north_normal,67,1,39492160,59330400,MIN_RESIDUAL_CELL_UPLINK_DOWNLINK_DIAGNOSTIC,CELL_BANDWIDTH_STREAM_RESIDUAL,LATEST_SAFE_AVAILABLE_CELL_BUCKET,START_TIMESTAMP_FOR_INTERVAL,MAX_CELL_UPLINK_DOWNLINK_UNICAST_PLUS_NODE_BASE_DIAGNOSTIC
68000000000,68,cloud_regional_for_veh_8,veh_8,cloud_regional,CLOUD,100000000000,39492160,0.28,0.08,0.2,pool_rsu_north,rsu_north,rsu_0,region_north_normal,67,1,39492160,59330400,MIN_RESIDUAL_CELL_UPLINK_DOWNLINK_DIAGNOSTIC,CELL_BANDWIDTH_STREAM_RESIDUAL,LATEST_SAFE_AVAILABLE_CELL_BUCKET,START_TIMESTAMP_FOR_INTERVAL,MAX_CELL_UPLINK_DOWNLINK_UNICAST_PLUS_NODE_BASE_DIAGNOSTIC
68000000000,68,edge_north_for_veh_9,veh_9,edge_north,EDGE,12000000000,39492160,0.085,0.08,0.005,pool_rsu_north,rsu_north,rsu_0,region_north_normal,67,1,39492160,59330400,MIN_RESIDUAL_CELL_UPLINK_DOWNLINK_DIAGNOSTIC,CELL_BANDWIDTH_STREAM_RESIDUAL,LATEST_SAFE_AVAILABLE_CELL_BUCKET,START_TIMESTAMP_FOR_INTERVAL,MAX_CELL_UPLINK_DOWNLINK_UNICAST_PLUS_NODE_BASE_DIAGNOSTIC
68000000000,68,cloud_regional_for_veh_9,veh_9,cloud_regional,CLOUD,100000000000,39492160,0.28,0.08,0.2,pool_rsu_north,rsu_north,rsu_0,region_north_normal,67,1,39492160,59330400,MIN_RESIDUAL_CELL_UPLINK_DOWNLINK_DIAGNOSTIC,CELL_BANDWIDTH_STREAM_RESIDUAL,LATEST_SAFE_AVAILABLE_CELL_BUCKET,START_TIMESTAMP_FOR_INTERVAL,MAX_CELL_UPLINK_DOWNLINK_UNICAST_PLUS_NODE_BASE_DIAGNOSTIC
69000000000,69,edge_north_for_veh_3,veh_3,edge_north,EDGE,12000000000,39492160,0.085,0.08,0.005,pool_rsu_north,rsu_north,rsu_0,region_north_normal,68,1,39492160,59330400,MIN_RESIDUAL_CELL_UPLINK_DOWNLINK_DIAGNOSTIC,CELL_BANDWIDTH_STREAM_RESIDUAL,LATEST_SAFE_AVAILABLE_CELL_BUCKET,START_TIMESTAMP_FOR_INTERVAL,MAX_CELL_UPLINK_DOWNLINK_UNICAST_PLUS_NODE_BASE_DIAGNOSTIC
69000000000,69,cloud_regional_for_veh_3,veh_3,cloud_regional,CLOUD,100000000000,39492160,0.28,0.08,0.2,pool_rsu_north,rsu_north,rsu_0,region_north_normal,68,1,39492160,59330400,MIN_RESIDUAL_CELL_UPLINK_DOWNLINK_DIAGNOSTIC,CELL_BANDWIDTH_STREAM_RESIDUAL,LATEST_SAFE_AVAILABLE_CELL_BUCKET,START_TIMESTAMP_FOR_INTERVAL,MAX_CELL_UPLINK_DOWNLINK_UNICAST_PLUS_NODE_BASE_DIAGNOSTIC
69000000000,69,edge_north_for_veh_4,veh_4,edge_north,EDGE,12000000000,39492160,0.085,0.08,0.005,pool_rsu_north,rsu_north,rsu_0,region_north_normal,68,1,39492160,59330400,MIN_RESIDUAL_CELL_UPLINK_DOWNLINK_DIAGNOSTIC,CELL_BANDWIDTH_STREAM_RESIDUAL,LATEST_SAFE_AVAILABLE_CELL_BUCKET,START_TIMESTAMP_FOR_INTERVAL,MAX_CELL_UPLINK_DOWNLINK_UNICAST_PLUS_NODE_BASE_DIAGNOSTIC
69000000000,69,cloud_regional_for_veh_4,veh_4,cloud_regional,CLOUD,100000000000,39492160,0.28,0.08,0.2,pool_rsu_north,rsu_north,rsu_0,region_north_normal,68,1,39492160,59330400,MIN_RESIDUAL_CELL_UPLINK_DOWNLINK_DIAGNOSTIC,CELL_BANDWIDTH_STREAM_RESIDUAL,LATEST_SAFE_AVAILABLE_CELL_BUCKET,START_TIMESTAMP_FOR_INTERVAL,MAX_CELL_UPLINK_DOWNLINK_UNICAST_PLUS_NODE_BASE_DIAGNOSTIC
69000000000,69,edge_north_for_veh_5,veh_5,edge_north,EDGE,12000000000,39492160,0.085,0.08,0.005,pool_rsu_north,rsu_north,rsu_0,region_north_normal,68,1,39492160,59330400,MIN_RESIDUAL_CELL_UPLINK_DOWNLINK_DIAGNOSTIC,CELL_BANDWIDTH_STREAM_RESIDUAL,LATEST_SAFE_AVAILABLE_CELL_BUCKET,START_TIMESTAMP_FOR_INTERVAL,MAX_CELL_UPLINK_DOWNLINK_UNICAST_PLUS_NODE_BASE_DIAGNOSTIC
69000000000,69,cloud_regional_for_veh_5,veh_5,cloud_regional,CLOUD,100000000000,39492160,0.28,0.08,0.2,pool_rsu_north,rsu_north,rsu_0,region_north_normal,68,1,39492160,59330400,MIN_RESIDUAL_CELL_UPLINK_DOWNLINK_DIAGNOSTIC,CELL_BANDWIDTH_STREAM_RESIDUAL,LATEST_SAFE_AVAILABLE_CELL_BUCKET,START_TIMESTAMP_FOR_INTERVAL,MAX_CELL_UPLINK_DOWNLINK_UNICAST_PLUS_NODE_BASE_DIAGNOSTIC
69000000000,69,edge_north_for_veh_6,veh_6,edge_north,EDGE,12000000000,39492160,0.085,0.08,0.005,pool_rsu_north,rsu_north,rsu_0,region_north_normal,68,1,39492160,59330400,MIN_RESIDUAL_CELL_UPLINK_DOWNLINK_DIAGNOSTIC,CELL_BANDWIDTH_STREAM_RESIDUAL,LATEST_SAFE_AVAILABLE_CELL_BUCKET,START_TIMESTAMP_FOR_INTERVAL,MAX_CELL_UPLINK_DOWNLINK_UNICAST_PLUS_NODE_BASE_DIAGNOSTIC
69000000000,69,cloud_regional_for_veh_6,veh_6,cloud_regional,CLOUD,100000000000,39492160,0.28,0.08,0.2,pool_rsu_north,rsu_north,rsu_0,region_north_normal,68,1,39492160,59330400,MIN_RESIDUAL_CELL_UPLINK_DOWNLINK_DIAGNOSTIC,CELL_BANDWIDTH_STREAM_RESIDUAL,LATEST_SAFE_AVAILABLE_CELL_BUCKET,START_TIMESTAMP_FOR_INTERVAL,MAX_CELL_UPLINK_DOWNLINK_UNICAST_PLUS_NODE_BASE_DIAGNOSTIC
69000000000,69,edge_north_for_veh_7,veh_7,edge_north,EDGE,12000000000,39492160,0.085,0.08,0.005,pool_rsu_north,rsu_north,rsu_0,region_north_normal,68,1,39492160,59330400,MIN_RESIDUAL_CELL_UPLINK_DOWNLINK_DIAGNOSTIC,CELL_BANDWIDTH_STREAM_RESIDUAL,LATEST_SAFE_AVAILABLE_CELL_BUCKET,START_TIMESTAMP_FOR_INTERVAL,MAX_CELL_UPLINK_DOWNLINK_UNICAST_PLUS_NODE_BASE_DIAGNOSTIC
69000000000,69,cloud_regional_for_veh_7,veh_7,cloud_regional,CLOUD,100000000000,39492160,0.28,0.08,0.2,pool_rsu_north,rsu_north,rsu_0,region_north_normal,68,1,39492160,59330400,MIN_RESIDUAL_CELL_UPLINK_DOWNLINK_DIAGNOSTIC,CELL_BANDWIDTH_STREAM_RESIDUAL,LATEST_SAFE_AVAILABLE_CELL_BUCKET,START_TIMESTAMP_FOR_INTERVAL,MAX_CELL_UPLINK_DOWNLINK_UNICAST_PLUS_NODE_BASE_DIAGNOSTIC
69000000000,69,edge_north_for_veh_8,veh_8,edge_north,EDGE,12000000000,39492160,0.085,0.08,0.005,pool_rsu_north,rsu_north,rsu_0,region_north_normal,68,1,39492160,59330400,MIN_RESIDUAL_CELL_UPLINK_DOWNLINK_DIAGNOSTIC,CELL_BANDWIDTH_STREAM_RESIDUAL,LATEST_SAFE_AVAILABLE_CELL_BUCKET,START_TIMESTAMP_FOR_INTERVAL,MAX_CELL_UPLINK_DOWNLINK_UNICAST_PLUS_NODE_BASE_DIAGNOSTIC
69000000000,69,cloud_regional_for_veh_8,veh_8,cloud_regional,CLOUD,100000000000,39492160,0.28,0.08,0.2,pool_rsu_north,rsu_north,rsu_0,region_north_normal,68,1,39492160,59330400,MIN_RESIDUAL_CELL_UPLINK_DOWNLINK_DIAGNOSTIC,CELL_BANDWIDTH_STREAM_RESIDUAL,LATEST_SAFE_AVAILABLE_CELL_BUCKET,START_TIMESTAMP_FOR_INTERVAL,MAX_CELL_UPLINK_DOWNLINK_UNICAST_PLUS_NODE_BASE_DIAGNOSTIC
69000000000,69,edge_north_for_veh_9,veh_9,edge_north,EDGE,12000000000,39492160,0.085,0.08,0.005,pool_rsu_north,rsu_north,rsu_0,region_north_normal,68,1,39492160,59330400,MIN_RESIDUAL_CELL_UPLINK_DOWNLINK_DIAGNOSTIC,CELL_BANDWIDTH_STREAM_RESIDUAL,LATEST_SAFE_AVAILABLE_CELL_BUCKET,START_TIMESTAMP_FOR_INTERVAL,MAX_CELL_UPLINK_DOWNLINK_UNICAST_PLUS_NODE_BASE_DIAGNOSTIC
69000000000,69,cloud_regional_for_veh_9,veh_9,cloud_regional,CLOUD,100000000000,39492160,0.28,0.08,0.2,pool_rsu_north,rsu_north,rsu_0,region_north_normal,68,1,39492160,59330400,MIN_RESIDUAL_CELL_UPLINK_DOWNLINK_DIAGNOSTIC,CELL_BANDWIDTH_STREAM_RESIDUAL,LATEST_SAFE_AVAILABLE_CELL_BUCKET,START_TIMESTAMP_FOR_INTERVAL,MAX_CELL_UPLINK_DOWNLINK_UNICAST_PLUS_NODE_BASE_DIAGNOSTIC
70000000000,70,edge_north_for_veh_3,veh_3,edge_north,EDGE,12000000000,39492160,0.085,0.08,0.005,pool_rsu_north,rsu_north,rsu_0,region_north_normal,69,1,39492160,59330400,MIN_RESIDUAL_CELL_UPLINK_DOWNLINK_DIAGNOSTIC,CELL_BANDWIDTH_STREAM_RESIDUAL,LATEST_SAFE_AVAILABLE_CELL_BUCKET,START_TIMESTAMP_FOR_INTERVAL,MAX_CELL_UPLINK_DOWNLINK_UNICAST_PLUS_NODE_BASE_DIAGNOSTIC
70000000000,70,cloud_regional_for_veh_3,veh_3,cloud_regional,CLOUD,100000000000,39492160,0.28,0.08,0.2,pool_rsu_north,rsu_north,rsu_0,region_north_normal,69,1,39492160,59330400,MIN_RESIDUAL_CELL_UPLINK_DOWNLINK_DIAGNOSTIC,CELL_BANDWIDTH_STREAM_RESIDUAL,LATEST_SAFE_AVAILABLE_CELL_BUCKET,START_TIMESTAMP_FOR_INTERVAL,MAX_CELL_UPLINK_DOWNLINK_UNICAST_PLUS_NODE_BASE_DIAGNOSTIC
70000000000,70,edge_north_for_veh_4,veh_4,edge_north,EDGE,12000000000,39492160,0.085,0.08,0.005,pool_rsu_north,rsu_north,rsu_0,region_north_normal,69,1,39492160,59330400,MIN_RESIDUAL_CELL_UPLINK_DOWNLINK_DIAGNOSTIC,CELL_BANDWIDTH_STREAM_RESIDUAL,LATEST_SAFE_AVAILABLE_CELL_BUCKET,START_TIMESTAMP_FOR_INTERVAL,MAX_CELL_UPLINK_DOWNLINK_UNICAST_PLUS_NODE_BASE_DIAGNOSTIC
70000000000,70,cloud_regional_for_veh_4,veh_4,cloud_regional,CLOUD,100000000000,39492160,0.28,0.08,0.2,pool_rsu_north,rsu_north,rsu_0,region_north_normal,69,1,39492160,59330400,MIN_RESIDUAL_CELL_UPLINK_DOWNLINK_DIAGNOSTIC,CELL_BANDWIDTH_STREAM_RESIDUAL,LATEST_SAFE_AVAILABLE_CELL_BUCKET,START_TIMESTAMP_FOR_INTERVAL,MAX_CELL_UPLINK_DOWNLINK_UNICAST_PLUS_NODE_BASE_DIAGNOSTIC
70000000000,70,edge_north_for_veh_5,veh_5,edge_north,EDGE,12000000000,39492160,0.085,0.08,0.005,pool_rsu_north,rsu_north,rsu_0,region_north_normal,69,1,39492160,59330400,MIN_RESIDUAL_CELL_UPLINK_DOWNLINK_DIAGNOSTIC,CELL_BANDWIDTH_STREAM_RESIDUAL,LATEST_SAFE_AVAILABLE_CELL_BUCKET,START_TIMESTAMP_FOR_INTERVAL,MAX_CELL_UPLINK_DOWNLINK_UNICAST_PLUS_NODE_BASE_DIAGNOSTIC
70000000000,70,cloud_regional_for_veh_5,veh_5,cloud_regional,CLOUD,100000000000,39492160,0.28,0.08,0.2,pool_rsu_north,rsu_north,rsu_0,region_north_normal,69,1,39492160,59330400,MIN_RESIDUAL_CELL_UPLINK_DOWNLINK_DIAGNOSTIC,CELL_BANDWIDTH_STREAM_RESIDUAL,LATEST_SAFE_AVAILABLE_CELL_BUCKET,START_TIMESTAMP_FOR_INTERVAL,MAX_CELL_UPLINK_DOWNLINK_UNICAST_PLUS_NODE_BASE_DIAGNOSTIC
70000000000,70,edge_north_for_veh_6,veh_6,edge_north,EDGE,12000000000,39492160,0.085,0.08,0.005,pool_rsu_north,rsu_north,rsu_0,region_north_normal,69,1,39492160,59330400,MIN_RESIDUAL_CELL_UPLINK_DOWNLINK_DIAGNOSTIC,CELL_BANDWIDTH_STREAM_RESIDUAL,LATEST_SAFE_AVAILABLE_CELL_BUCKET,START_TIMESTAMP_FOR_INTERVAL,MAX_CELL_UPLINK_DOWNLINK_UNICAST_PLUS_NODE_BASE_DIAGNOSTIC
70000000000,70,cloud_regional_for_veh_6,veh_6,cloud_regional,CLOUD,100000000000,39492160,0.28,0.08,0.2,pool_rsu_north,rsu_north,rsu_0,region_north_normal,69,1,39492160,59330400,MIN_RESIDUAL_CELL_UPLINK_DOWNLINK_DIAGNOSTIC,CELL_BANDWIDTH_STREAM_RESIDUAL,LATEST_SAFE_AVAILABLE_CELL_BUCKET,START_TIMESTAMP_FOR_INTERVAL,MAX_CELL_UPLINK_DOWNLINK_UNICAST_PLUS_NODE_BASE_DIAGNOSTIC
70000000000,70,edge_north_for_veh_7,veh_7,edge_north,EDGE,12000000000,39492160,0.085,0.08,0.005,pool_rsu_north,rsu_north,rsu_0,region_north_normal,69,1,39492160,59330400,MIN_RESIDUAL_CELL_UPLINK_DOWNLINK_DIAGNOSTIC,CELL_BANDWIDTH_STREAM_RESIDUAL,LATEST_SAFE_AVAILABLE_CELL_BUCKET,START_TIMESTAMP_FOR_INTERVAL,MAX_CELL_UPLINK_DOWNLINK_UNICAST_PLUS_NODE_BASE_DIAGNOSTIC
70000000000,70,cloud_regional_for_veh_7,veh_7,cloud_regional,CLOUD,100000000000,39492160,0.28,0.08,0.2,pool_rsu_north,rsu_north,rsu_0,region_north_normal,69,1,39492160,59330400,MIN_RESIDUAL_CELL_UPLINK_DOWNLINK_DIAGNOSTIC,CELL_BANDWIDTH_STREAM_RESIDUAL,LATEST_SAFE_AVAILABLE_CELL_BUCKET,START_TIMESTAMP_FOR_INTERVAL,MAX_CELL_UPLINK_DOWNLINK_UNICAST_PLUS_NODE_BASE_DIAGNOSTIC
70000000000,70,edge_north_for_veh_8,veh_8,edge_north,EDGE,12000000000,39492160,0.085,0.08,0.005,pool_rsu_north,rsu_north,rsu_0,region_north_normal,69,1,39492160,59330400,MIN_RESIDUAL_CELL_UPLINK_DOWNLINK_DIAGNOSTIC,CELL_BANDWIDTH_STREAM_RESIDUAL,LATEST_SAFE_AVAILABLE_CELL_BUCKET,START_TIMESTAMP_FOR_INTERVAL,MAX_CELL_UPLINK_DOWNLINK_UNICAST_PLUS_NODE_BASE_DIAGNOSTIC
70000000000,70,cloud_regional_for_veh_8,veh_8,cloud_regional,CLOUD,100000000000,39492160,0.28,0.08,0.2,pool_rsu_north,rsu_north,rsu_0,region_north_normal,69,1,39492160,59330400,MIN_RESIDUAL_CELL_UPLINK_DOWNLINK_DIAGNOSTIC,CELL_BANDWIDTH_STREAM_RESIDUAL,LATEST_SAFE_AVAILABLE_CELL_BUCKET,START_TIMESTAMP_FOR_INTERVAL,MAX_CELL_UPLINK_DOWNLINK_UNICAST_PLUS_NODE_BASE_DIAGNOSTIC
70000000000,70,edge_north_for_veh_9,veh_9,edge_north,EDGE,12000000000,39492160,0.085,0.08,0.005,pool_rsu_north,rsu_north,rsu_0,region_north_normal,69,1,39492160,59330400,MIN_RESIDUAL_CELL_UPLINK_DOWNLINK_DIAGNOSTIC,CELL_BANDWIDTH_STREAM_RESIDUAL,LATEST_SAFE_AVAILABLE_CELL_BUCKET,START_TIMESTAMP_FOR_INTERVAL,MAX_CELL_UPLINK_DOWNLINK_UNICAST_PLUS_NODE_BASE_DIAGNOSTIC
70000000000,70,cloud_regional_for_veh_9,veh_9,cloud_regional,CLOUD,100000000000,39492160,0.28,0.08,0.2,pool_rsu_north,rsu_north,rsu_0,region_north_normal,69,1,39492160,59330400,MIN_RESIDUAL_CELL_UPLINK_DOWNLINK_DIAGNOSTIC,CELL_BANDWIDTH_STREAM_RESIDUAL,LATEST_SAFE_AVAILABLE_CELL_BUCKET,START_TIMESTAMP_FOR_INTERVAL,MAX_CELL_UPLINK_DOWNLINK_UNICAST_PLUS_NODE_BASE_DIAGNOSTIC
71000000000,71,edge_north_for_veh_3,veh_3,edge_north,EDGE,12000000000,39492160,0.085,0.08,0.005,pool_rsu_north,rsu_north,rsu_0,region_north_normal,70,1,39492160,59330400,MIN_RESIDUAL_CELL_UPLINK_DOWNLINK_DIAGNOSTIC,CELL_BANDWIDTH_STREAM_RESIDUAL,LATEST_SAFE_AVAILABLE_CELL_BUCKET,START_TIMESTAMP_FOR_INTERVAL,MAX_CELL_UPLINK_DOWNLINK_UNICAST_PLUS_NODE_BASE_DIAGNOSTIC
71000000000,71,cloud_regional_for_veh_3,veh_3,cloud_regional,CLOUD,100000000000,39492160,0.28,0.08,0.2,pool_rsu_north,rsu_north,rsu_0,region_north_normal,70,1,39492160,59330400,MIN_RESIDUAL_CELL_UPLINK_DOWNLINK_DIAGNOSTIC,CELL_BANDWIDTH_STREAM_RESIDUAL,LATEST_SAFE_AVAILABLE_CELL_BUCKET,START_TIMESTAMP_FOR_INTERVAL,MAX_CELL_UPLINK_DOWNLINK_UNICAST_PLUS_NODE_BASE_DIAGNOSTIC
71000000000,71,edge_north_for_veh_4,veh_4,edge_north,EDGE,12000000000,39492160,0.085,0.08,0.005,pool_rsu_north,rsu_north,rsu_0,region_north_normal,70,1,39492160,59330400,MIN_RESIDUAL_CELL_UPLINK_DOWNLINK_DIAGNOSTIC,CELL_BANDWIDTH_STREAM_RESIDUAL,LATEST_SAFE_AVAILABLE_CELL_BUCKET,START_TIMESTAMP_FOR_INTERVAL,MAX_CELL_UPLINK_DOWNLINK_UNICAST_PLUS_NODE_BASE_DIAGNOSTIC
71000000000,71,cloud_regional_for_veh_4,veh_4,cloud_regional,CLOUD,100000000000,39492160,0.28,0.08,0.2,pool_rsu_north,rsu_north,rsu_0,region_north_normal,70,1,39492160,59330400,MIN_RESIDUAL_CELL_UPLINK_DOWNLINK_DIAGNOSTIC,CELL_BANDWIDTH_STREAM_RESIDUAL,LATEST_SAFE_AVAILABLE_CELL_BUCKET,START_TIMESTAMP_FOR_INTERVAL,MAX_CELL_UPLINK_DOWNLINK_UNICAST_PLUS_NODE_BASE_DIAGNOSTIC
71000000000,71,edge_north_for_veh_5,veh_5,edge_north,EDGE,12000000000,39492160,0.085,0.08,0.005,pool_rsu_north,rsu_north,rsu_0,region_north_normal,70,1,39492160,59330400,MIN_RESIDUAL_CELL_UPLINK_DOWNLINK_DIAGNOSTIC,CELL_BANDWIDTH_STREAM_RESIDUAL,LATEST_SAFE_AVAILABLE_CELL_BUCKET,START_TIMESTAMP_FOR_INTERVAL,MAX_CELL_UPLINK_DOWNLINK_UNICAST_PLUS_NODE_BASE_DIAGNOSTIC
71000000000,71,cloud_regional_for_veh_5,veh_5,cloud_regional,CLOUD,100000000000,39492160,0.28,0.08,0.2,pool_rsu_north,rsu_north,rsu_0,region_north_normal,70,1,39492160,59330400,MIN_RESIDUAL_CELL_UPLINK_DOWNLINK_DIAGNOSTIC,CELL_BANDWIDTH_STREAM_RESIDUAL,LATEST_SAFE_AVAILABLE_CELL_BUCKET,START_TIMESTAMP_FOR_INTERVAL,MAX_CELL_UPLINK_DOWNLINK_UNICAST_PLUS_NODE_BASE_DIAGNOSTIC
71000000000,71,edge_north_for_veh_6,veh_6,edge_north,EDGE,12000000000,39492160,0.085,0.08,0.005,pool_rsu_north,rsu_north,rsu_0,region_north_normal,70,1,39492160,59330400,MIN_RESIDUAL_CELL_UPLINK_DOWNLINK_DIAGNOSTIC,CELL_BANDWIDTH_STREAM_RESIDUAL,LATEST_SAFE_AVAILABLE_CELL_BUCKET,START_TIMESTAMP_FOR_INTERVAL,MAX_CELL_UPLINK_DOWNLINK_UNICAST_PLUS_NODE_BASE_DIAGNOSTIC
71000000000,71,cloud_regional_for_veh_6,veh_6,cloud_regional,CLOUD,100000000000,39492160,0.28,0.08,0.2,pool_rsu_north,rsu_north,rsu_0,region_north_normal,70,1,39492160,59330400,MIN_RESIDUAL_CELL_UPLINK_DOWNLINK_DIAGNOSTIC,CELL_BANDWIDTH_STREAM_RESIDUAL,LATEST_SAFE_AVAILABLE_CELL_BUCKET,START_TIMESTAMP_FOR_INTERVAL,MAX_CELL_UPLINK_DOWNLINK_UNICAST_PLUS_NODE_BASE_DIAGNOSTIC
71000000000,71,edge_north_for_veh_7,veh_7,edge_north,EDGE,12000000000,39492160,0.085,0.08,0.005,pool_rsu_north,rsu_north,rsu_0,region_north_normal,70,1,39492160,59330400,MIN_RESIDUAL_CELL_UPLINK_DOWNLINK_DIAGNOSTIC,CELL_BANDWIDTH_STREAM_RESIDUAL,LATEST_SAFE_AVAILABLE_CELL_BUCKET,START_TIMESTAMP_FOR_INTERVAL,MAX_CELL_UPLINK_DOWNLINK_UNICAST_PLUS_NODE_BASE_DIAGNOSTIC
71000000000,71,cloud_regional_for_veh_7,veh_7,cloud_regional,CLOUD,100000000000,39492160,0.28,0.08,0.2,pool_rsu_north,rsu_north,rsu_0,region_north_normal,70,1,39492160,59330400,MIN_RESIDUAL_CELL_UPLINK_DOWNLINK_DIAGNOSTIC,CELL_BANDWIDTH_STREAM_RESIDUAL,LATEST_SAFE_AVAILABLE_CELL_BUCKET,START_TIMESTAMP_FOR_INTERVAL,MAX_CELL_UPLINK_DOWNLINK_UNICAST_PLUS_NODE_BASE_DIAGNOSTIC
71000000000,71,edge_north_for_veh_8,veh_8,edge_north,EDGE,12000000000,39492160,0.085,0.08,0.005,pool_rsu_north,rsu_north,rsu_0,region_north_normal,70,1,39492160,59330400,MIN_RESIDUAL_CELL_UPLINK_DOWNLINK_DIAGNOSTIC,CELL_BANDWIDTH_STREAM_RESIDUAL,LATEST_SAFE_AVAILABLE_CELL_BUCKET,START_TIMESTAMP_FOR_INTERVAL,MAX_CELL_UPLINK_DOWNLINK_UNICAST_PLUS_NODE_BASE_DIAGNOSTIC
71000000000,71,cloud_regional_for_veh_8,veh_8,cloud_regional,CLOUD,100000000000,39492160,0.28,0.08,0.2,pool_rsu_north,rsu_north,rsu_0,region_north_normal,70,1,39492160,59330400,MIN_RESIDUAL_CELL_UPLINK_DOWNLINK_DIAGNOSTIC,CELL_BANDWIDTH_STREAM_RESIDUAL,LATEST_SAFE_AVAILABLE_CELL_BUCKET,START_TIMESTAMP_FOR_INTERVAL,MAX_CELL_UPLINK_DOWNLINK_UNICAST_PLUS_NODE_BASE_DIAGNOSTIC
71000000000,71,edge_north_for_veh_9,veh_9,edge_north,EDGE,12000000000,39492160,0.085,0.08,0.005,pool_rsu_north,rsu_north,rsu_0,region_north_normal,70,1,39492160,59330400,MIN_RESIDUAL_CELL_UPLINK_DOWNLINK_DIAGNOSTIC,CELL_BANDWIDTH_STREAM_RESIDUAL,LATEST_SAFE_AVAILABLE_CELL_BUCKET,START_TIMESTAMP_FOR_INTERVAL,MAX_CELL_UPLINK_DOWNLINK_UNICAST_PLUS_NODE_BASE_DIAGNOSTIC
71000000000,71,cloud_regional_for_veh_9,veh_9,cloud_regional,CLOUD,100000000000,39492160,0.28,0.08,0.2,pool_rsu_north,rsu_north,rsu_0,region_north_normal,70,1,39492160,59330400,MIN_RESIDUAL_CELL_UPLINK_DOWNLINK_DIAGNOSTIC,CELL_BANDWIDTH_STREAM_RESIDUAL,LATEST_SAFE_AVAILABLE_CELL_BUCKET,START_TIMESTAMP_FOR_INTERVAL,MAX_CELL_UPLINK_DOWNLINK_UNICAST_PLUS_NODE_BASE_DIAGNOSTIC
71000000000,71,edge_north_for_veh_10,veh_10,edge_north,EDGE,12000000000,39492160,0.085,0.08,0.005,pool_rsu_north,rsu_north,rsu_0,region_north_normal,70,1,39492160,59330400,MIN_RESIDUAL_CELL_UPLINK_DOWNLINK_DIAGNOSTIC,CELL_BANDWIDTH_STREAM_RESIDUAL,LATEST_SAFE_AVAILABLE_CELL_BUCKET,START_TIMESTAMP_FOR_INTERVAL,MAX_CELL_UPLINK_DOWNLINK_UNICAST_PLUS_NODE_BASE_DIAGNOSTIC
71000000000,71,cloud_regional_for_veh_10,veh_10,cloud_regional,CLOUD,100000000000,39492160,0.28,0.08,0.2,pool_rsu_north,rsu_north,rsu_0,region_north_normal,70,1,39492160,59330400,MIN_RESIDUAL_CELL_UPLINK_DOWNLINK_DIAGNOSTIC,CELL_BANDWIDTH_STREAM_RESIDUAL,LATEST_SAFE_AVAILABLE_CELL_BUCKET,START_TIMESTAMP_FOR_INTERVAL,MAX_CELL_UPLINK_DOWNLINK_UNICAST_PLUS_NODE_BASE_DIAGNOSTIC
72000000000,72,edge_north_for_veh_4,veh_4,edge_north,EDGE,12000000000,39492160,0.085,0.08,0.005,pool_rsu_north,rsu_north,rsu_0,region_north_normal,71,1,39492160,59330400,MIN_RESIDUAL_CELL_UPLINK_DOWNLINK_DIAGNOSTIC,CELL_BANDWIDTH_STREAM_RESIDUAL,LATEST_SAFE_AVAILABLE_CELL_BUCKET,START_TIMESTAMP_FOR_INTERVAL,MAX_CELL_UPLINK_DOWNLINK_UNICAST_PLUS_NODE_BASE_DIAGNOSTIC
72000000000,72,cloud_regional_for_veh_4,veh_4,cloud_regional,CLOUD,100000000000,39492160,0.28,0.08,0.2,pool_rsu_north,rsu_north,rsu_0,region_north_normal,71,1,39492160,59330400,MIN_RESIDUAL_CELL_UPLINK_DOWNLINK_DIAGNOSTIC,CELL_BANDWIDTH_STREAM_RESIDUAL,LATEST_SAFE_AVAILABLE_CELL_BUCKET,START_TIMESTAMP_FOR_INTERVAL,MAX_CELL_UPLINK_DOWNLINK_UNICAST_PLUS_NODE_BASE_DIAGNOSTIC
72000000000,72,edge_north_for_veh_5,veh_5,edge_north,EDGE,12000000000,39492160,0.085,0.08,0.005,pool_rsu_north,rsu_north,rsu_0,region_north_normal,71,1,39492160,59330400,MIN_RESIDUAL_CELL_UPLINK_DOWNLINK_DIAGNOSTIC,CELL_BANDWIDTH_STREAM_RESIDUAL,LATEST_SAFE_AVAILABLE_CELL_BUCKET,START_TIMESTAMP_FOR_INTERVAL,MAX_CELL_UPLINK_DOWNLINK_UNICAST_PLUS_NODE_BASE_DIAGNOSTIC
72000000000,72,cloud_regional_for_veh_5,veh_5,cloud_regional,CLOUD,100000000000,39492160,0.28,0.08,0.2,pool_rsu_north,rsu_north,rsu_0,region_north_normal,71,1,39492160,59330400,MIN_RESIDUAL_CELL_UPLINK_DOWNLINK_DIAGNOSTIC,CELL_BANDWIDTH_STREAM_RESIDUAL,LATEST_SAFE_AVAILABLE_CELL_BUCKET,START_TIMESTAMP_FOR_INTERVAL,MAX_CELL_UPLINK_DOWNLINK_UNICAST_PLUS_NODE_BASE_DIAGNOSTIC
72000000000,72,edge_north_for_veh_6,veh_6,edge_north,EDGE,12000000000,39492160,0.085,0.08,0.005,pool_rsu_north,rsu_north,rsu_0,region_north_normal,71,1,39492160,59330400,MIN_RESIDUAL_CELL_UPLINK_DOWNLINK_DIAGNOSTIC,CELL_BANDWIDTH_STREAM_RESIDUAL,LATEST_SAFE_AVAILABLE_CELL_BUCKET,START_TIMESTAMP_FOR_INTERVAL,MAX_CELL_UPLINK_DOWNLINK_UNICAST_PLUS_NODE_BASE_DIAGNOSTIC
72000000000,72,cloud_regional_for_veh_6,veh_6,cloud_regional,CLOUD,100000000000,39492160,0.28,0.08,0.2,pool_rsu_north,rsu_north,rsu_0,region_north_normal,71,1,39492160,59330400,MIN_RESIDUAL_CELL_UPLINK_DOWNLINK_DIAGNOSTIC,CELL_BANDWIDTH_STREAM_RESIDUAL,LATEST_SAFE_AVAILABLE_CELL_BUCKET,START_TIMESTAMP_FOR_INTERVAL,MAX_CELL_UPLINK_DOWNLINK_UNICAST_PLUS_NODE_BASE_DIAGNOSTIC
72000000000,72,edge_north_for_veh_7,veh_7,edge_north,EDGE,12000000000,39492160,0.085,0.08,0.005,pool_rsu_north,rsu_north,rsu_0,region_north_normal,71,1,39492160,59330400,MIN_RESIDUAL_CELL_UPLINK_DOWNLINK_DIAGNOSTIC,CELL_BANDWIDTH_STREAM_RESIDUAL,LATEST_SAFE_AVAILABLE_CELL_BUCKET,START_TIMESTAMP_FOR_INTERVAL,MAX_CELL_UPLINK_DOWNLINK_UNICAST_PLUS_NODE_BASE_DIAGNOSTIC
72000000000,72,cloud_regional_for_veh_7,veh_7,cloud_regional,CLOUD,100000000000,39492160,0.28,0.08,0.2,pool_rsu_north,rsu_north,rsu_0,region_north_normal,71,1,39492160,59330400,MIN_RESIDUAL_CELL_UPLINK_DOWNLINK_DIAGNOSTIC,CELL_BANDWIDTH_STREAM_RESIDUAL,LATEST_SAFE_AVAILABLE_CELL_BUCKET,START_TIMESTAMP_FOR_INTERVAL,MAX_CELL_UPLINK_DOWNLINK_UNICAST_PLUS_NODE_BASE_DIAGNOSTIC
72000000000,72,edge_north_for_veh_8,veh_8,edge_north,EDGE,12000000000,39492160,0.085,0.08,0.005,pool_rsu_north,rsu_north,rsu_0,region_north_normal,71,1,39492160,59330400,MIN_RESIDUAL_CELL_UPLINK_DOWNLINK_DIAGNOSTIC,CELL_BANDWIDTH_STREAM_RESIDUAL,LATEST_SAFE_AVAILABLE_CELL_BUCKET,START_TIMESTAMP_FOR_INTERVAL,MAX_CELL_UPLINK_DOWNLINK_UNICAST_PLUS_NODE_BASE_DIAGNOSTIC
72000000000,72,cloud_regional_for_veh_8,veh_8,cloud_regional,CLOUD,100000000000,39492160,0.28,0.08,0.2,pool_rsu_north,rsu_north,rsu_0,region_north_normal,71,1,39492160,59330400,MIN_RESIDUAL_CELL_UPLINK_DOWNLINK_DIAGNOSTIC,CELL_BANDWIDTH_STREAM_RESIDUAL,LATEST_SAFE_AVAILABLE_CELL_BUCKET,START_TIMESTAMP_FOR_INTERVAL,MAX_CELL_UPLINK_DOWNLINK_UNICAST_PLUS_NODE_BASE_DIAGNOSTIC
72000000000,72,edge_north_for_veh_9,veh_9,edge_north,EDGE,12000000000,39492160,0.085,0.08,0.005,pool_rsu_north,rsu_north,rsu_0,region_north_normal,71,1,39492160,59330400,MIN_RESIDUAL_CELL_UPLINK_DOWNLINK_DIAGNOSTIC,CELL_BANDWIDTH_STREAM_RESIDUAL,LATEST_SAFE_AVAILABLE_CELL_BUCKET,START_TIMESTAMP_FOR_INTERVAL,MAX_CELL_UPLINK_DOWNLINK_UNICAST_PLUS_NODE_BASE_DIAGNOSTIC
72000000000,72,cloud_regional_for_veh_9,veh_9,cloud_regional,CLOUD,100000000000,39492160,0.28,0.08,0.2,pool_rsu_north,rsu_north,rsu_0,region_north_normal,71,1,39492160,59330400,MIN_RESIDUAL_CELL_UPLINK_DOWNLINK_DIAGNOSTIC,CELL_BANDWIDTH_STREAM_RESIDUAL,LATEST_SAFE_AVAILABLE_CELL_BUCKET,START_TIMESTAMP_FOR_INTERVAL,MAX_CELL_UPLINK_DOWNLINK_UNICAST_PLUS_NODE_BASE_DIAGNOSTIC
72000000000,72,edge_north_for_veh_10,veh_10,edge_north,EDGE,12000000000,39492160,0.085,0.08,0.005,pool_rsu_north,rsu_north,rsu_0,region_north_normal,71,1,39492160,59330400,MIN_RESIDUAL_CELL_UPLINK_DOWNLINK_DIAGNOSTIC,CELL_BANDWIDTH_STREAM_RESIDUAL,LATEST_SAFE_AVAILABLE_CELL_BUCKET,START_TIMESTAMP_FOR_INTERVAL,MAX_CELL_UPLINK_DOWNLINK_UNICAST_PLUS_NODE_BASE_DIAGNOSTIC
72000000000,72,cloud_regional_for_veh_10,veh_10,cloud_regional,CLOUD,100000000000,39492160,0.28,0.08,0.2,pool_rsu_north,rsu_north,rsu_0,region_north_normal,71,1,39492160,59330400,MIN_RESIDUAL_CELL_UPLINK_DOWNLINK_DIAGNOSTIC,CELL_BANDWIDTH_STREAM_RESIDUAL,LATEST_SAFE_AVAILABLE_CELL_BUCKET,START_TIMESTAMP_FOR_INTERVAL,MAX_CELL_UPLINK_DOWNLINK_UNICAST_PLUS_NODE_BASE_DIAGNOSTIC
73000000000,73,edge_north_for_veh_4,veh_4,edge_north,EDGE,12000000000,39492160,0.085,0.08,0.005,pool_rsu_north,rsu_north,rsu_0,region_north_normal,72,1,39492160,59330400,MIN_RESIDUAL_CELL_UPLINK_DOWNLINK_DIAGNOSTIC,CELL_BANDWIDTH_STREAM_RESIDUAL,LATEST_SAFE_AVAILABLE_CELL_BUCKET,START_TIMESTAMP_FOR_INTERVAL,MAX_CELL_UPLINK_DOWNLINK_UNICAST_PLUS_NODE_BASE_DIAGNOSTIC
73000000000,73,cloud_regional_for_veh_4,veh_4,cloud_regional,CLOUD,100000000000,39492160,0.28,0.08,0.2,pool_rsu_north,rsu_north,rsu_0,region_north_normal,72,1,39492160,59330400,MIN_RESIDUAL_CELL_UPLINK_DOWNLINK_DIAGNOSTIC,CELL_BANDWIDTH_STREAM_RESIDUAL,LATEST_SAFE_AVAILABLE_CELL_BUCKET,START_TIMESTAMP_FOR_INTERVAL,MAX_CELL_UPLINK_DOWNLINK_UNICAST_PLUS_NODE_BASE_DIAGNOSTIC
73000000000,73,edge_north_for_veh_5,veh_5,edge_north,EDGE,12000000000,39492160,0.085,0.08,0.005,pool_rsu_north,rsu_north,rsu_0,region_north_normal,72,1,39492160,59330400,MIN_RESIDUAL_CELL_UPLINK_DOWNLINK_DIAGNOSTIC,CELL_BANDWIDTH_STREAM_RESIDUAL,LATEST_SAFE_AVAILABLE_CELL_BUCKET,START_TIMESTAMP_FOR_INTERVAL,MAX_CELL_UPLINK_DOWNLINK_UNICAST_PLUS_NODE_BASE_DIAGNOSTIC
73000000000,73,cloud_regional_for_veh_5,veh_5,cloud_regional,CLOUD,100000000000,39492160,0.28,0.08,0.2,pool_rsu_north,rsu_north,rsu_0,region_north_normal,72,1,39492160,59330400,MIN_RESIDUAL_CELL_UPLINK_DOWNLINK_DIAGNOSTIC,CELL_BANDWIDTH_STREAM_RESIDUAL,LATEST_SAFE_AVAILABLE_CELL_BUCKET,START_TIMESTAMP_FOR_INTERVAL,MAX_CELL_UPLINK_DOWNLINK_UNICAST_PLUS_NODE_BASE_DIAGNOSTIC
73000000000,73,edge_north_for_veh_6,veh_6,edge_north,EDGE,12000000000,39492160,0.085,0.08,0.005,pool_rsu_north,rsu_north,rsu_0,region_north_normal,72,1,39492160,59330400,MIN_RESIDUAL_CELL_UPLINK_DOWNLINK_DIAGNOSTIC,CELL_BANDWIDTH_STREAM_RESIDUAL,LATEST_SAFE_AVAILABLE_CELL_BUCKET,START_TIMESTAMP_FOR_INTERVAL,MAX_CELL_UPLINK_DOWNLINK_UNICAST_PLUS_NODE_BASE_DIAGNOSTIC
73000000000,73,cloud_regional_for_veh_6,veh_6,cloud_regional,CLOUD,100000000000,39492160,0.28,0.08,0.2,pool_rsu_north,rsu_north,rsu_0,region_north_normal,72,1,39492160,59330400,MIN_RESIDUAL_CELL_UPLINK_DOWNLINK_DIAGNOSTIC,CELL_BANDWIDTH_STREAM_RESIDUAL,LATEST_SAFE_AVAILABLE_CELL_BUCKET,START_TIMESTAMP_FOR_INTERVAL,MAX_CELL_UPLINK_DOWNLINK_UNICAST_PLUS_NODE_BASE_DIAGNOSTIC
73000000000,73,edge_north_for_veh_7,veh_7,edge_north,EDGE,12000000000,39492160,0.085,0.08,0.005,pool_rsu_north,rsu_north,rsu_0,region_north_normal,72,1,39492160,59330400,MIN_RESIDUAL_CELL_UPLINK_DOWNLINK_DIAGNOSTIC,CELL_BANDWIDTH_STREAM_RESIDUAL,LATEST_SAFE_AVAILABLE_CELL_BUCKET,START_TIMESTAMP_FOR_INTERVAL,MAX_CELL_UPLINK_DOWNLINK_UNICAST_PLUS_NODE_BASE_DIAGNOSTIC
73000000000,73,cloud_regional_for_veh_7,veh_7,cloud_regional,CLOUD,100000000000,39492160,0.28,0.08,0.2,pool_rsu_north,rsu_north,rsu_0,region_north_normal,72,1,39492160,59330400,MIN_RESIDUAL_CELL_UPLINK_DOWNLINK_DIAGNOSTIC,CELL_BANDWIDTH_STREAM_RESIDUAL,LATEST_SAFE_AVAILABLE_CELL_BUCKET,START_TIMESTAMP_FOR_INTERVAL,MAX_CELL_UPLINK_DOWNLINK_UNICAST_PLUS_NODE_BASE_DIAGNOSTIC
73000000000,73,edge_north_for_veh_8,veh_8,edge_north,EDGE,12000000000,39492160,0.085,0.08,0.005,pool_rsu_north,rsu_north,rsu_0,region_north_normal,72,1,39492160,59330400,MIN_RESIDUAL_CELL_UPLINK_DOWNLINK_DIAGNOSTIC,CELL_BANDWIDTH_STREAM_RESIDUAL,LATEST_SAFE_AVAILABLE_CELL_BUCKET,START_TIMESTAMP_FOR_INTERVAL,MAX_CELL_UPLINK_DOWNLINK_UNICAST_PLUS_NODE_BASE_DIAGNOSTIC
73000000000,73,cloud_regional_for_veh_8,veh_8,cloud_regional,CLOUD,100000000000,39492160,0.28,0.08,0.2,pool_rsu_north,rsu_north,rsu_0,region_north_normal,72,1,39492160,59330400,MIN_RESIDUAL_CELL_UPLINK_DOWNLINK_DIAGNOSTIC,CELL_BANDWIDTH_STREAM_RESIDUAL,LATEST_SAFE_AVAILABLE_CELL_BUCKET,START_TIMESTAMP_FOR_INTERVAL,MAX_CELL_UPLINK_DOWNLINK_UNICAST_PLUS_NODE_BASE_DIAGNOSTIC
73000000000,73,edge_north_for_veh_9,veh_9,edge_north,EDGE,12000000000,39492160,0.085,0.08,0.005,pool_rsu_north,rsu_north,rsu_0,region_north_normal,72,1,39492160,59330400,MIN_RESIDUAL_CELL_UPLINK_DOWNLINK_DIAGNOSTIC,CELL_BANDWIDTH_STREAM_RESIDUAL,LATEST_SAFE_AVAILABLE_CELL_BUCKET,START_TIMESTAMP_FOR_INTERVAL,MAX_CELL_UPLINK_DOWNLINK_UNICAST_PLUS_NODE_BASE_DIAGNOSTIC
73000000000,73,cloud_regional_for_veh_9,veh_9,cloud_regional,CLOUD,100000000000,39492160,0.28,0.08,0.2,pool_rsu_north,rsu_north,rsu_0,region_north_normal,72,1,39492160,59330400,MIN_RESIDUAL_CELL_UPLINK_DOWNLINK_DIAGNOSTIC,CELL_BANDWIDTH_STREAM_RESIDUAL,LATEST_SAFE_AVAILABLE_CELL_BUCKET,START_TIMESTAMP_FOR_INTERVAL,MAX_CELL_UPLINK_DOWNLINK_UNICAST_PLUS_NODE_BASE_DIAGNOSTIC
73000000000,73,edge_north_for_veh_10,veh_10,edge_north,EDGE,12000000000,39492160,0.085,0.08,0.005,pool_rsu_north,rsu_north,rsu_0,region_north_normal,72,1,39492160,59330400,MIN_RESIDUAL_CELL_UPLINK_DOWNLINK_DIAGNOSTIC,CELL_BANDWIDTH_STREAM_RESIDUAL,LATEST_SAFE_AVAILABLE_CELL_BUCKET,START_TIMESTAMP_FOR_INTERVAL,MAX_CELL_UPLINK_DOWNLINK_UNICAST_PLUS_NODE_BASE_DIAGNOSTIC
73000000000,73,cloud_regional_for_veh_10,veh_10,cloud_regional,CLOUD,100000000000,39492160,0.28,0.08,0.2,pool_rsu_north,rsu_north,rsu_0,region_north_normal,72,1,39492160,59330400,MIN_RESIDUAL_CELL_UPLINK_DOWNLINK_DIAGNOSTIC,CELL_BANDWIDTH_STREAM_RESIDUAL,LATEST_SAFE_AVAILABLE_CELL_BUCKET,START_TIMESTAMP_FOR_INTERVAL,MAX_CELL_UPLINK_DOWNLINK_UNICAST_PLUS_NODE_BASE_DIAGNOSTIC
74000000000,74,edge_north_for_veh_4,veh_4,edge_north,EDGE,12000000000,39492160,0.085,0.08,0.005,pool_rsu_north,rsu_north,rsu_0,region_north_normal,73,1,39492160,59330400,MIN_RESIDUAL_CELL_UPLINK_DOWNLINK_DIAGNOSTIC,CELL_BANDWIDTH_STREAM_RESIDUAL,LATEST_SAFE_AVAILABLE_CELL_BUCKET,START_TIMESTAMP_FOR_INTERVAL,MAX_CELL_UPLINK_DOWNLINK_UNICAST_PLUS_NODE_BASE_DIAGNOSTIC
74000000000,74,cloud_regional_for_veh_4,veh_4,cloud_regional,CLOUD,100000000000,39492160,0.28,0.08,0.2,pool_rsu_north,rsu_north,rsu_0,region_north_normal,73,1,39492160,59330400,MIN_RESIDUAL_CELL_UPLINK_DOWNLINK_DIAGNOSTIC,CELL_BANDWIDTH_STREAM_RESIDUAL,LATEST_SAFE_AVAILABLE_CELL_BUCKET,START_TIMESTAMP_FOR_INTERVAL,MAX_CELL_UPLINK_DOWNLINK_UNICAST_PLUS_NODE_BASE_DIAGNOSTIC
74000000000,74,edge_north_for_veh_5,veh_5,edge_north,EDGE,12000000000,39492160,0.085,0.08,0.005,pool_rsu_north,rsu_north,rsu_0,region_north_normal,73,1,39492160,59330400,MIN_RESIDUAL_CELL_UPLINK_DOWNLINK_DIAGNOSTIC,CELL_BANDWIDTH_STREAM_RESIDUAL,LATEST_SAFE_AVAILABLE_CELL_BUCKET,START_TIMESTAMP_FOR_INTERVAL,MAX_CELL_UPLINK_DOWNLINK_UNICAST_PLUS_NODE_BASE_DIAGNOSTIC
74000000000,74,cloud_regional_for_veh_5,veh_5,cloud_regional,CLOUD,100000000000,39492160,0.28,0.08,0.2,pool_rsu_north,rsu_north,rsu_0,region_north_normal,73,1,39492160,59330400,MIN_RESIDUAL_CELL_UPLINK_DOWNLINK_DIAGNOSTIC,CELL_BANDWIDTH_STREAM_RESIDUAL,LATEST_SAFE_AVAILABLE_CELL_BUCKET,START_TIMESTAMP_FOR_INTERVAL,MAX_CELL_UPLINK_DOWNLINK_UNICAST_PLUS_NODE_BASE_DIAGNOSTIC
74000000000,74,edge_north_for_veh_6,veh_6,edge_north,EDGE,12000000000,39492160,0.085,0.08,0.005,pool_rsu_north,rsu_north,rsu_0,region_north_normal,73,1,39492160,59330400,MIN_RESIDUAL_CELL_UPLINK_DOWNLINK_DIAGNOSTIC,CELL_BANDWIDTH_STREAM_RESIDUAL,LATEST_SAFE_AVAILABLE_CELL_BUCKET,START_TIMESTAMP_FOR_INTERVAL,MAX_CELL_UPLINK_DOWNLINK_UNICAST_PLUS_NODE_BASE_DIAGNOSTIC
74000000000,74,cloud_regional_for_veh_6,veh_6,cloud_regional,CLOUD,100000000000,39492160,0.28,0.08,0.2,pool_rsu_north,rsu_north,rsu_0,region_north_normal,73,1,39492160,59330400,MIN_RESIDUAL_CELL_UPLINK_DOWNLINK_DIAGNOSTIC,CELL_BANDWIDTH_STREAM_RESIDUAL,LATEST_SAFE_AVAILABLE_CELL_BUCKET,START_TIMESTAMP_FOR_INTERVAL,MAX_CELL_UPLINK_DOWNLINK_UNICAST_PLUS_NODE_BASE_DIAGNOSTIC
74000000000,74,edge_north_for_veh_7,veh_7,edge_north,EDGE,12000000000,39492160,0.085,0.08,0.005,pool_rsu_north,rsu_north,rsu_0,region_north_normal,73,1,39492160,59330400,MIN_RESIDUAL_CELL_UPLINK_DOWNLINK_DIAGNOSTIC,CELL_BANDWIDTH_STREAM_RESIDUAL,LATEST_SAFE_AVAILABLE_CELL_BUCKET,START_TIMESTAMP_FOR_INTERVAL,MAX_CELL_UPLINK_DOWNLINK_UNICAST_PLUS_NODE_BASE_DIAGNOSTIC
74000000000,74,cloud_regional_for_veh_7,veh_7,cloud_regional,CLOUD,100000000000,39492160,0.28,0.08,0.2,pool_rsu_north,rsu_north,rsu_0,region_north_normal,73,1,39492160,59330400,MIN_RESIDUAL_CELL_UPLINK_DOWNLINK_DIAGNOSTIC,CELL_BANDWIDTH_STREAM_RESIDUAL,LATEST_SAFE_AVAILABLE_CELL_BUCKET,START_TIMESTAMP_FOR_INTERVAL,MAX_CELL_UPLINK_DOWNLINK_UNICAST_PLUS_NODE_BASE_DIAGNOSTIC
74000000000,74,edge_north_for_veh_8,veh_8,edge_north,EDGE,12000000000,39492160,0.085,0.08,0.005,pool_rsu_north,rsu_north,rsu_0,region_north_normal,73,1,39492160,59330400,MIN_RESIDUAL_CELL_UPLINK_DOWNLINK_DIAGNOSTIC,CELL_BANDWIDTH_STREAM_RESIDUAL,LATEST_SAFE_AVAILABLE_CELL_BUCKET,START_TIMESTAMP_FOR_INTERVAL,MAX_CELL_UPLINK_DOWNLINK_UNICAST_PLUS_NODE_BASE_DIAGNOSTIC
74000000000,74,cloud_regional_for_veh_8,veh_8,cloud_regional,CLOUD,100000000000,39492160,0.28,0.08,0.2,pool_rsu_north,rsu_north,rsu_0,region_north_normal,73,1,39492160,59330400,MIN_RESIDUAL_CELL_UPLINK_DOWNLINK_DIAGNOSTIC,CELL_BANDWIDTH_STREAM_RESIDUAL,LATEST_SAFE_AVAILABLE_CELL_BUCKET,START_TIMESTAMP_FOR_INTERVAL,MAX_CELL_UPLINK_DOWNLINK_UNICAST_PLUS_NODE_BASE_DIAGNOSTIC
74000000000,74,edge_north_for_veh_9,veh_9,edge_north,EDGE,12000000000,39492160,0.085,0.08,0.005,pool_rsu_north,rsu_north,rsu_0,region_north_normal,73,1,39492160,59330400,MIN_RESIDUAL_CELL_UPLINK_DOWNLINK_DIAGNOSTIC,CELL_BANDWIDTH_STREAM_RESIDUAL,LATEST_SAFE_AVAILABLE_CELL_BUCKET,START_TIMESTAMP_FOR_INTERVAL,MAX_CELL_UPLINK_DOWNLINK_UNICAST_PLUS_NODE_BASE_DIAGNOSTIC
74000000000,74,cloud_regional_for_veh_9,veh_9,cloud_regional,CLOUD,100000000000,39492160,0.28,0.08,0.2,pool_rsu_north,rsu_north,rsu_0,region_north_normal,73,1,39492160,59330400,MIN_RESIDUAL_CELL_UPLINK_DOWNLINK_DIAGNOSTIC,CELL_BANDWIDTH_STREAM_RESIDUAL,LATEST_SAFE_AVAILABLE_CELL_BUCKET,START_TIMESTAMP_FOR_INTERVAL,MAX_CELL_UPLINK_DOWNLINK_UNICAST_PLUS_NODE_BASE_DIAGNOSTIC
74000000000,74,edge_north_for_veh_10,veh_10,edge_north,EDGE,12000000000,39492160,0.085,0.08,0.005,pool_rsu_north,rsu_north,rsu_0,region_north_normal,73,1,39492160,59330400,MIN_RESIDUAL_CELL_UPLINK_DOWNLINK_DIAGNOSTIC,CELL_BANDWIDTH_STREAM_RESIDUAL,LATEST_SAFE_AVAILABLE_CELL_BUCKET,START_TIMESTAMP_FOR_INTERVAL,MAX_CELL_UPLINK_DOWNLINK_UNICAST_PLUS_NODE_BASE_DIAGNOSTIC
74000000000,74,cloud_regional_for_veh_10,veh_10,cloud_regional,CLOUD,100000000000,39492160,0.28,0.08,0.2,pool_rsu_north,rsu_north,rsu_0,region_north_normal,73,1,39492160,59330400,MIN_RESIDUAL_CELL_UPLINK_DOWNLINK_DIAGNOSTIC,CELL_BANDWIDTH_STREAM_RESIDUAL,LATEST_SAFE_AVAILABLE_CELL_BUCKET,START_TIMESTAMP_FOR_INTERVAL,MAX_CELL_UPLINK_DOWNLINK_UNICAST_PLUS_NODE_BASE_DIAGNOSTIC
75000000000,75,edge_north_for_veh_4,veh_4,edge_north,EDGE,12000000000,39492160,0.085,0.08,0.005,pool_rsu_north,rsu_north,rsu_0,region_north_normal,74,1,39492160,59330400,MIN_RESIDUAL_CELL_UPLINK_DOWNLINK_DIAGNOSTIC,CELL_BANDWIDTH_STREAM_RESIDUAL,LATEST_SAFE_AVAILABLE_CELL_BUCKET,START_TIMESTAMP_FOR_INTERVAL,MAX_CELL_UPLINK_DOWNLINK_UNICAST_PLUS_NODE_BASE_DIAGNOSTIC
75000000000,75,cloud_regional_for_veh_4,veh_4,cloud_regional,CLOUD,100000000000,39492160,0.28,0.08,0.2,pool_rsu_north,rsu_north,rsu_0,region_north_normal,74,1,39492160,59330400,MIN_RESIDUAL_CELL_UPLINK_DOWNLINK_DIAGNOSTIC,CELL_BANDWIDTH_STREAM_RESIDUAL,LATEST_SAFE_AVAILABLE_CELL_BUCKET,START_TIMESTAMP_FOR_INTERVAL,MAX_CELL_UPLINK_DOWNLINK_UNICAST_PLUS_NODE_BASE_DIAGNOSTIC
75000000000,75,edge_north_for_veh_5,veh_5,edge_north,EDGE,12000000000,39492160,0.085,0.08,0.005,pool_rsu_north,rsu_north,rsu_0,region_north_normal,74,1,39492160,59330400,MIN_RESIDUAL_CELL_UPLINK_DOWNLINK_DIAGNOSTIC,CELL_BANDWIDTH_STREAM_RESIDUAL,LATEST_SAFE_AVAILABLE_CELL_BUCKET,START_TIMESTAMP_FOR_INTERVAL,MAX_CELL_UPLINK_DOWNLINK_UNICAST_PLUS_NODE_BASE_DIAGNOSTIC
75000000000,75,cloud_regional_for_veh_5,veh_5,cloud_regional,CLOUD,100000000000,39492160,0.28,0.08,0.2,pool_rsu_north,rsu_north,rsu_0,region_north_normal,74,1,39492160,59330400,MIN_RESIDUAL_CELL_UPLINK_DOWNLINK_DIAGNOSTIC,CELL_BANDWIDTH_STREAM_RESIDUAL,LATEST_SAFE_AVAILABLE_CELL_BUCKET,START_TIMESTAMP_FOR_INTERVAL,MAX_CELL_UPLINK_DOWNLINK_UNICAST_PLUS_NODE_BASE_DIAGNOSTIC
75000000000,75,edge_north_for_veh_6,veh_6,edge_north,EDGE,12000000000,39492160,0.085,0.08,0.005,pool_rsu_north,rsu_north,rsu_0,region_north_normal,74,1,39492160,59330400,MIN_RESIDUAL_CELL_UPLINK_DOWNLINK_DIAGNOSTIC,CELL_BANDWIDTH_STREAM_RESIDUAL,LATEST_SAFE_AVAILABLE_CELL_BUCKET,START_TIMESTAMP_FOR_INTERVAL,MAX_CELL_UPLINK_DOWNLINK_UNICAST_PLUS_NODE_BASE_DIAGNOSTIC
75000000000,75,cloud_regional_for_veh_6,veh_6,cloud_regional,CLOUD,100000000000,39492160,0.28,0.08,0.2,pool_rsu_north,rsu_north,rsu_0,region_north_normal,74,1,39492160,59330400,MIN_RESIDUAL_CELL_UPLINK_DOWNLINK_DIAGNOSTIC,CELL_BANDWIDTH_STREAM_RESIDUAL,LATEST_SAFE_AVAILABLE_CELL_BUCKET,START_TIMESTAMP_FOR_INTERVAL,MAX_CELL_UPLINK_DOWNLINK_UNICAST_PLUS_NODE_BASE_DIAGNOSTIC
75000000000,75,edge_north_for_veh_7,veh_7,edge_north,EDGE,12000000000,39492160,0.085,0.08,0.005,pool_rsu_north,rsu_north,rsu_0,region_north_normal,74,1,39492160,59330400,MIN_RESIDUAL_CELL_UPLINK_DOWNLINK_DIAGNOSTIC,CELL_BANDWIDTH_STREAM_RESIDUAL,LATEST_SAFE_AVAILABLE_CELL_BUCKET,START_TIMESTAMP_FOR_INTERVAL,MAX_CELL_UPLINK_DOWNLINK_UNICAST_PLUS_NODE_BASE_DIAGNOSTIC
75000000000,75,cloud_regional_for_veh_7,veh_7,cloud_regional,CLOUD,100000000000,39492160,0.28,0.08,0.2,pool_rsu_north,rsu_north,rsu_0,region_north_normal,74,1,39492160,59330400,MIN_RESIDUAL_CELL_UPLINK_DOWNLINK_DIAGNOSTIC,CELL_BANDWIDTH_STREAM_RESIDUAL,LATEST_SAFE_AVAILABLE_CELL_BUCKET,START_TIMESTAMP_FOR_INTERVAL,MAX_CELL_UPLINK_DOWNLINK_UNICAST_PLUS_NODE_BASE_DIAGNOSTIC
75000000000,75,edge_north_for_veh_8,veh_8,edge_north,EDGE,12000000000,39492160,0.085,0.08,0.005,pool_rsu_north,rsu_north,rsu_0,region_north_normal,74,1,39492160,59330400,MIN_RESIDUAL_CELL_UPLINK_DOWNLINK_DIAGNOSTIC,CELL_BANDWIDTH_STREAM_RESIDUAL,LATEST_SAFE_AVAILABLE_CELL_BUCKET,START_TIMESTAMP_FOR_INTERVAL,MAX_CELL_UPLINK_DOWNLINK_UNICAST_PLUS_NODE_BASE_DIAGNOSTIC
75000000000,75,cloud_regional_for_veh_8,veh_8,cloud_regional,CLOUD,100000000000,39492160,0.28,0.08,0.2,pool_rsu_north,rsu_north,rsu_0,region_north_normal,74,1,39492160,59330400,MIN_RESIDUAL_CELL_UPLINK_DOWNLINK_DIAGNOSTIC,CELL_BANDWIDTH_STREAM_RESIDUAL,LATEST_SAFE_AVAILABLE_CELL_BUCKET,START_TIMESTAMP_FOR_INTERVAL,MAX_CELL_UPLINK_DOWNLINK_UNICAST_PLUS_NODE_BASE_DIAGNOSTIC
75000000000,75,edge_north_for_veh_9,veh_9,edge_north,EDGE,12000000000,39492160,0.085,0.08,0.005,pool_rsu_north,rsu_north,rsu_0,region_north_normal,74,1,39492160,59330400,MIN_RESIDUAL_CELL_UPLINK_DOWNLINK_DIAGNOSTIC,CELL_BANDWIDTH_STREAM_RESIDUAL,LATEST_SAFE_AVAILABLE_CELL_BUCKET,START_TIMESTAMP_FOR_INTERVAL,MAX_CELL_UPLINK_DOWNLINK_UNICAST_PLUS_NODE_BASE_DIAGNOSTIC
75000000000,75,cloud_regional_for_veh_9,veh_9,cloud_regional,CLOUD,100000000000,39492160,0.28,0.08,0.2,pool_rsu_north,rsu_north,rsu_0,region_north_normal,74,1,39492160,59330400,MIN_RESIDUAL_CELL_UPLINK_DOWNLINK_DIAGNOSTIC,CELL_BANDWIDTH_STREAM_RESIDUAL,LATEST_SAFE_AVAILABLE_CELL_BUCKET,START_TIMESTAMP_FOR_INTERVAL,MAX_CELL_UPLINK_DOWNLINK_UNICAST_PLUS_NODE_BASE_DIAGNOSTIC
75000000000,75,edge_north_for_veh_10,veh_10,edge_north,EDGE,12000000000,39492160,0.085,0.08,0.005,pool_rsu_north,rsu_north,rsu_0,region_north_normal,74,1,39492160,59330400,MIN_RESIDUAL_CELL_UPLINK_DOWNLINK_DIAGNOSTIC,CELL_BANDWIDTH_STREAM_RESIDUAL,LATEST_SAFE_AVAILABLE_CELL_BUCKET,START_TIMESTAMP_FOR_INTERVAL,MAX_CELL_UPLINK_DOWNLINK_UNICAST_PLUS_NODE_BASE_DIAGNOSTIC
75000000000,75,cloud_regional_for_veh_10,veh_10,cloud_regional,CLOUD,100000000000,39492160,0.28,0.08,0.2,pool_rsu_north,rsu_north,rsu_0,region_north_normal,74,1,39492160,59330400,MIN_RESIDUAL_CELL_UPLINK_DOWNLINK_DIAGNOSTIC,CELL_BANDWIDTH_STREAM_RESIDUAL,LATEST_SAFE_AVAILABLE_CELL_BUCKET,START_TIMESTAMP_FOR_INTERVAL,MAX_CELL_UPLINK_DOWNLINK_UNICAST_PLUS_NODE_BASE_DIAGNOSTIC
75000000000,75,edge_north_for_veh_11,veh_11,edge_north,EDGE,12000000000,39492160,0.085,0.08,0.005,pool_rsu_north,rsu_north,rsu_0,region_north_normal,74,1,39492160,59330400,MIN_RESIDUAL_CELL_UPLINK_DOWNLINK_DIAGNOSTIC,CELL_BANDWIDTH_STREAM_RESIDUAL,LATEST_SAFE_AVAILABLE_CELL_BUCKET,START_TIMESTAMP_FOR_INTERVAL,MAX_CELL_UPLINK_DOWNLINK_UNICAST_PLUS_NODE_BASE_DIAGNOSTIC
75000000000,75,cloud_regional_for_veh_11,veh_11,cloud_regional,CLOUD,100000000000,39492160,0.28,0.08,0.2,pool_rsu_north,rsu_north,rsu_0,region_north_normal,74,1,39492160,59330400,MIN_RESIDUAL_CELL_UPLINK_DOWNLINK_DIAGNOSTIC,CELL_BANDWIDTH_STREAM_RESIDUAL,LATEST_SAFE_AVAILABLE_CELL_BUCKET,START_TIMESTAMP_FOR_INTERVAL,MAX_CELL_UPLINK_DOWNLINK_UNICAST_PLUS_NODE_BASE_DIAGNOSTIC
76000000000,76,edge_north_for_veh_5,veh_5,edge_north,EDGE,12000000000,39492160,0.085,0.08,0.005,pool_rsu_north,rsu_north,rsu_0,region_north_normal,75,1,39492160,59330400,MIN_RESIDUAL_CELL_UPLINK_DOWNLINK_DIAGNOSTIC,CELL_BANDWIDTH_STREAM_RESIDUAL,LATEST_SAFE_AVAILABLE_CELL_BUCKET,START_TIMESTAMP_FOR_INTERVAL,MAX_CELL_UPLINK_DOWNLINK_UNICAST_PLUS_NODE_BASE_DIAGNOSTIC
76000000000,76,cloud_regional_for_veh_5,veh_5,cloud_regional,CLOUD,100000000000,39492160,0.28,0.08,0.2,pool_rsu_north,rsu_north,rsu_0,region_north_normal,75,1,39492160,59330400,MIN_RESIDUAL_CELL_UPLINK_DOWNLINK_DIAGNOSTIC,CELL_BANDWIDTH_STREAM_RESIDUAL,LATEST_SAFE_AVAILABLE_CELL_BUCKET,START_TIMESTAMP_FOR_INTERVAL,MAX_CELL_UPLINK_DOWNLINK_UNICAST_PLUS_NODE_BASE_DIAGNOSTIC
76000000000,76,edge_north_for_veh_6,veh_6,edge_north,EDGE,12000000000,39492160,0.085,0.08,0.005,pool_rsu_north,rsu_north,rsu_0,region_north_normal,75,1,39492160,59330400,MIN_RESIDUAL_CELL_UPLINK_DOWNLINK_DIAGNOSTIC,CELL_BANDWIDTH_STREAM_RESIDUAL,LATEST_SAFE_AVAILABLE_CELL_BUCKET,START_TIMESTAMP_FOR_INTERVAL,MAX_CELL_UPLINK_DOWNLINK_UNICAST_PLUS_NODE_BASE_DIAGNOSTIC
76000000000,76,cloud_regional_for_veh_6,veh_6,cloud_regional,CLOUD,100000000000,39492160,0.28,0.08,0.2,pool_rsu_north,rsu_north,rsu_0,region_north_normal,75,1,39492160,59330400,MIN_RESIDUAL_CELL_UPLINK_DOWNLINK_DIAGNOSTIC,CELL_BANDWIDTH_STREAM_RESIDUAL,LATEST_SAFE_AVAILABLE_CELL_BUCKET,START_TIMESTAMP_FOR_INTERVAL,MAX_CELL_UPLINK_DOWNLINK_UNICAST_PLUS_NODE_BASE_DIAGNOSTIC
76000000000,76,edge_north_for_veh_7,veh_7,edge_north,EDGE,12000000000,39492160,0.085,0.08,0.005,pool_rsu_north,rsu_north,rsu_0,region_north_normal,75,1,39492160,59330400,MIN_RESIDUAL_CELL_UPLINK_DOWNLINK_DIAGNOSTIC,CELL_BANDWIDTH_STREAM_RESIDUAL,LATEST_SAFE_AVAILABLE_CELL_BUCKET,START_TIMESTAMP_FOR_INTERVAL,MAX_CELL_UPLINK_DOWNLINK_UNICAST_PLUS_NODE_BASE_DIAGNOSTIC
76000000000,76,cloud_regional_for_veh_7,veh_7,cloud_regional,CLOUD,100000000000,39492160,0.28,0.08,0.2,pool_rsu_north,rsu_north,rsu_0,region_north_normal,75,1,39492160,59330400,MIN_RESIDUAL_CELL_UPLINK_DOWNLINK_DIAGNOSTIC,CELL_BANDWIDTH_STREAM_RESIDUAL,LATEST_SAFE_AVAILABLE_CELL_BUCKET,START_TIMESTAMP_FOR_INTERVAL,MAX_CELL_UPLINK_DOWNLINK_UNICAST_PLUS_NODE_BASE_DIAGNOSTIC
76000000000,76,edge_north_for_veh_8,veh_8,edge_north,EDGE,12000000000,39492160,0.085,0.08,0.005,pool_rsu_north,rsu_north,rsu_0,region_north_normal,75,1,39492160,59330400,MIN_RESIDUAL_CELL_UPLINK_DOWNLINK_DIAGNOSTIC,CELL_BANDWIDTH_STREAM_RESIDUAL,LATEST_SAFE_AVAILABLE_CELL_BUCKET,START_TIMESTAMP_FOR_INTERVAL,MAX_CELL_UPLINK_DOWNLINK_UNICAST_PLUS_NODE_BASE_DIAGNOSTIC
76000000000,76,cloud_regional_for_veh_8,veh_8,cloud_regional,CLOUD,100000000000,39492160,0.28,0.08,0.2,pool_rsu_north,rsu_north,rsu_0,region_north_normal,75,1,39492160,59330400,MIN_RESIDUAL_CELL_UPLINK_DOWNLINK_DIAGNOSTIC,CELL_BANDWIDTH_STREAM_RESIDUAL,LATEST_SAFE_AVAILABLE_CELL_BUCKET,START_TIMESTAMP_FOR_INTERVAL,MAX_CELL_UPLINK_DOWNLINK_UNICAST_PLUS_NODE_BASE_DIAGNOSTIC
76000000000,76,edge_north_for_veh_9,veh_9,edge_north,EDGE,12000000000,39492160,0.085,0.08,0.005,pool_rsu_north,rsu_north,rsu_0,region_north_normal,75,1,39492160,59330400,MIN_RESIDUAL_CELL_UPLINK_DOWNLINK_DIAGNOSTIC,CELL_BANDWIDTH_STREAM_RESIDUAL,LATEST_SAFE_AVAILABLE_CELL_BUCKET,START_TIMESTAMP_FOR_INTERVAL,MAX_CELL_UPLINK_DOWNLINK_UNICAST_PLUS_NODE_BASE_DIAGNOSTIC
76000000000,76,cloud_regional_for_veh_9,veh_9,cloud_regional,CLOUD,100000000000,39492160,0.28,0.08,0.2,pool_rsu_north,rsu_north,rsu_0,region_north_normal,75,1,39492160,59330400,MIN_RESIDUAL_CELL_UPLINK_DOWNLINK_DIAGNOSTIC,CELL_BANDWIDTH_STREAM_RESIDUAL,LATEST_SAFE_AVAILABLE_CELL_BUCKET,START_TIMESTAMP_FOR_INTERVAL,MAX_CELL_UPLINK_DOWNLINK_UNICAST_PLUS_NODE_BASE_DIAGNOSTIC
76000000000,76,edge_north_for_veh_10,veh_10,edge_north,EDGE,12000000000,39492160,0.085,0.08,0.005,pool_rsu_north,rsu_north,rsu_0,region_north_normal,75,1,39492160,59330400,MIN_RESIDUAL_CELL_UPLINK_DOWNLINK_DIAGNOSTIC,CELL_BANDWIDTH_STREAM_RESIDUAL,LATEST_SAFE_AVAILABLE_CELL_BUCKET,START_TIMESTAMP_FOR_INTERVAL,MAX_CELL_UPLINK_DOWNLINK_UNICAST_PLUS_NODE_BASE_DIAGNOSTIC
76000000000,76,cloud_regional_for_veh_10,veh_10,cloud_regional,CLOUD,100000000000,39492160,0.28,0.08,0.2,pool_rsu_north,rsu_north,rsu_0,region_north_normal,75,1,39492160,59330400,MIN_RESIDUAL_CELL_UPLINK_DOWNLINK_DIAGNOSTIC,CELL_BANDWIDTH_STREAM_RESIDUAL,LATEST_SAFE_AVAILABLE_CELL_BUCKET,START_TIMESTAMP_FOR_INTERVAL,MAX_CELL_UPLINK_DOWNLINK_UNICAST_PLUS_NODE_BASE_DIAGNOSTIC
76000000000,76,edge_north_for_veh_11,veh_11,edge_north,EDGE,12000000000,39492160,0.085,0.08,0.005,pool_rsu_north,rsu_north,rsu_0,region_north_normal,75,1,39492160,59330400,MIN_RESIDUAL_CELL_UPLINK_DOWNLINK_DIAGNOSTIC,CELL_BANDWIDTH_STREAM_RESIDUAL,LATEST_SAFE_AVAILABLE_CELL_BUCKET,START_TIMESTAMP_FOR_INTERVAL,MAX_CELL_UPLINK_DOWNLINK_UNICAST_PLUS_NODE_BASE_DIAGNOSTIC
76000000000,76,cloud_regional_for_veh_11,veh_11,cloud_regional,CLOUD,100000000000,39492160,0.28,0.08,0.2,pool_rsu_north,rsu_north,rsu_0,region_north_normal,75,1,39492160,59330400,MIN_RESIDUAL_CELL_UPLINK_DOWNLINK_DIAGNOSTIC,CELL_BANDWIDTH_STREAM_RESIDUAL,LATEST_SAFE_AVAILABLE_CELL_BUCKET,START_TIMESTAMP_FOR_INTERVAL,MAX_CELL_UPLINK_DOWNLINK_UNICAST_PLUS_NODE_BASE_DIAGNOSTIC
77000000000,77,edge_north_for_veh_5,veh_5,edge_north,EDGE,12000000000,39492160,0.085,0.08,0.005,pool_rsu_north,rsu_north,rsu_0,region_north_normal,76,1,39492160,59330400,MIN_RESIDUAL_CELL_UPLINK_DOWNLINK_DIAGNOSTIC,CELL_BANDWIDTH_STREAM_RESIDUAL,LATEST_SAFE_AVAILABLE_CELL_BUCKET,START_TIMESTAMP_FOR_INTERVAL,MAX_CELL_UPLINK_DOWNLINK_UNICAST_PLUS_NODE_BASE_DIAGNOSTIC
77000000000,77,cloud_regional_for_veh_5,veh_5,cloud_regional,CLOUD,100000000000,39492160,0.28,0.08,0.2,pool_rsu_north,rsu_north,rsu_0,region_north_normal,76,1,39492160,59330400,MIN_RESIDUAL_CELL_UPLINK_DOWNLINK_DIAGNOSTIC,CELL_BANDWIDTH_STREAM_RESIDUAL,LATEST_SAFE_AVAILABLE_CELL_BUCKET,START_TIMESTAMP_FOR_INTERVAL,MAX_CELL_UPLINK_DOWNLINK_UNICAST_PLUS_NODE_BASE_DIAGNOSTIC
77000000000,77,edge_north_for_veh_6,veh_6,edge_north,EDGE,12000000000,39492160,0.085,0.08,0.005,pool_rsu_north,rsu_north,rsu_0,region_north_normal,76,1,39492160,59330400,MIN_RESIDUAL_CELL_UPLINK_DOWNLINK_DIAGNOSTIC,CELL_BANDWIDTH_STREAM_RESIDUAL,LATEST_SAFE_AVAILABLE_CELL_BUCKET,START_TIMESTAMP_FOR_INTERVAL,MAX_CELL_UPLINK_DOWNLINK_UNICAST_PLUS_NODE_BASE_DIAGNOSTIC
77000000000,77,cloud_regional_for_veh_6,veh_6,cloud_regional,CLOUD,100000000000,39492160,0.28,0.08,0.2,pool_rsu_north,rsu_north,rsu_0,region_north_normal,76,1,39492160,59330400,MIN_RESIDUAL_CELL_UPLINK_DOWNLINK_DIAGNOSTIC,CELL_BANDWIDTH_STREAM_RESIDUAL,LATEST_SAFE_AVAILABLE_CELL_BUCKET,START_TIMESTAMP_FOR_INTERVAL,MAX_CELL_UPLINK_DOWNLINK_UNICAST_PLUS_NODE_BASE_DIAGNOSTIC
77000000000,77,edge_north_for_veh_7,veh_7,edge_north,EDGE,12000000000,39492160,0.085,0.08,0.005,pool_rsu_north,rsu_north,rsu_0,region_north_normal,76,1,39492160,59330400,MIN_RESIDUAL_CELL_UPLINK_DOWNLINK_DIAGNOSTIC,CELL_BANDWIDTH_STREAM_RESIDUAL,LATEST_SAFE_AVAILABLE_CELL_BUCKET,START_TIMESTAMP_FOR_INTERVAL,MAX_CELL_UPLINK_DOWNLINK_UNICAST_PLUS_NODE_BASE_DIAGNOSTIC
77000000000,77,cloud_regional_for_veh_7,veh_7,cloud_regional,CLOUD,100000000000,39492160,0.28,0.08,0.2,pool_rsu_north,rsu_north,rsu_0,region_north_normal,76,1,39492160,59330400,MIN_RESIDUAL_CELL_UPLINK_DOWNLINK_DIAGNOSTIC,CELL_BANDWIDTH_STREAM_RESIDUAL,LATEST_SAFE_AVAILABLE_CELL_BUCKET,START_TIMESTAMP_FOR_INTERVAL,MAX_CELL_UPLINK_DOWNLINK_UNICAST_PLUS_NODE_BASE_DIAGNOSTIC
77000000000,77,edge_north_for_veh_8,veh_8,edge_north,EDGE,12000000000,39492160,0.085,0.08,0.005,pool_rsu_north,rsu_north,rsu_0,region_north_normal,76,1,39492160,59330400,MIN_RESIDUAL_CELL_UPLINK_DOWNLINK_DIAGNOSTIC,CELL_BANDWIDTH_STREAM_RESIDUAL,LATEST_SAFE_AVAILABLE_CELL_BUCKET,START_TIMESTAMP_FOR_INTERVAL,MAX_CELL_UPLINK_DOWNLINK_UNICAST_PLUS_NODE_BASE_DIAGNOSTIC
77000000000,77,cloud_regional_for_veh_8,veh_8,cloud_regional,CLOUD,100000000000,39492160,0.28,0.08,0.2,pool_rsu_north,rsu_north,rsu_0,region_north_normal,76,1,39492160,59330400,MIN_RESIDUAL_CELL_UPLINK_DOWNLINK_DIAGNOSTIC,CELL_BANDWIDTH_STREAM_RESIDUAL,LATEST_SAFE_AVAILABLE_CELL_BUCKET,START_TIMESTAMP_FOR_INTERVAL,MAX_CELL_UPLINK_DOWNLINK_UNICAST_PLUS_NODE_BASE_DIAGNOSTIC
77000000000,77,edge_north_for_veh_9,veh_9,edge_north,EDGE,12000000000,39492160,0.085,0.08,0.005,pool_rsu_north,rsu_north,rsu_0,region_north_normal,76,1,39492160,59330400,MIN_RESIDUAL_CELL_UPLINK_DOWNLINK_DIAGNOSTIC,CELL_BANDWIDTH_STREAM_RESIDUAL,LATEST_SAFE_AVAILABLE_CELL_BUCKET,START_TIMESTAMP_FOR_INTERVAL,MAX_CELL_UPLINK_DOWNLINK_UNICAST_PLUS_NODE_BASE_DIAGNOSTIC
77000000000,77,cloud_regional_for_veh_9,veh_9,cloud_regional,CLOUD,100000000000,39492160,0.28,0.08,0.2,pool_rsu_north,rsu_north,rsu_0,region_north_normal,76,1,39492160,59330400,MIN_RESIDUAL_CELL_UPLINK_DOWNLINK_DIAGNOSTIC,CELL_BANDWIDTH_STREAM_RESIDUAL,LATEST_SAFE_AVAILABLE_CELL_BUCKET,START_TIMESTAMP_FOR_INTERVAL,MAX_CELL_UPLINK_DOWNLINK_UNICAST_PLUS_NODE_BASE_DIAGNOSTIC
77000000000,77,edge_north_for_veh_10,veh_10,edge_north,EDGE,12000000000,39492160,0.085,0.08,0.005,pool_rsu_north,rsu_north,rsu_0,region_north_normal,76,1,39492160,59330400,MIN_RESIDUAL_CELL_UPLINK_DOWNLINK_DIAGNOSTIC,CELL_BANDWIDTH_STREAM_RESIDUAL,LATEST_SAFE_AVAILABLE_CELL_BUCKET,START_TIMESTAMP_FOR_INTERVAL,MAX_CELL_UPLINK_DOWNLINK_UNICAST_PLUS_NODE_BASE_DIAGNOSTIC
77000000000,77,cloud_regional_for_veh_10,veh_10,cloud_regional,CLOUD,100000000000,39492160,0.28,0.08,0.2,pool_rsu_north,rsu_north,rsu_0,region_north_normal,76,1,39492160,59330400,MIN_RESIDUAL_CELL_UPLINK_DOWNLINK_DIAGNOSTIC,CELL_BANDWIDTH_STREAM_RESIDUAL,LATEST_SAFE_AVAILABLE_CELL_BUCKET,START_TIMESTAMP_FOR_INTERVAL,MAX_CELL_UPLINK_DOWNLINK_UNICAST_PLUS_NODE_BASE_DIAGNOSTIC
77000000000,77,edge_north_for_veh_11,veh_11,edge_north,EDGE,12000000000,39492160,0.085,0.08,0.005,pool_rsu_north,rsu_north,rsu_0,region_north_normal,76,1,39492160,59330400,MIN_RESIDUAL_CELL_UPLINK_DOWNLINK_DIAGNOSTIC,CELL_BANDWIDTH_STREAM_RESIDUAL,LATEST_SAFE_AVAILABLE_CELL_BUCKET,START_TIMESTAMP_FOR_INTERVAL,MAX_CELL_UPLINK_DOWNLINK_UNICAST_PLUS_NODE_BASE_DIAGNOSTIC
77000000000,77,cloud_regional_for_veh_11,veh_11,cloud_regional,CLOUD,100000000000,39492160,0.28,0.08,0.2,pool_rsu_north,rsu_north,rsu_0,region_north_normal,76,1,39492160,59330400,MIN_RESIDUAL_CELL_UPLINK_DOWNLINK_DIAGNOSTIC,CELL_BANDWIDTH_STREAM_RESIDUAL,LATEST_SAFE_AVAILABLE_CELL_BUCKET,START_TIMESTAMP_FOR_INTERVAL,MAX_CELL_UPLINK_DOWNLINK_UNICAST_PLUS_NODE_BASE_DIAGNOSTIC
78000000000,78,edge_north_for_veh_5,veh_5,edge_north,EDGE,12000000000,39492160,0.085,0.08,0.005,pool_rsu_north,rsu_north,rsu_0,region_north_normal,77,1,39492160,59330400,MIN_RESIDUAL_CELL_UPLINK_DOWNLINK_DIAGNOSTIC,CELL_BANDWIDTH_STREAM_RESIDUAL,LATEST_SAFE_AVAILABLE_CELL_BUCKET,START_TIMESTAMP_FOR_INTERVAL,MAX_CELL_UPLINK_DOWNLINK_UNICAST_PLUS_NODE_BASE_DIAGNOSTIC
78000000000,78,cloud_regional_for_veh_5,veh_5,cloud_regional,CLOUD,100000000000,39492160,0.28,0.08,0.2,pool_rsu_north,rsu_north,rsu_0,region_north_normal,77,1,39492160,59330400,MIN_RESIDUAL_CELL_UPLINK_DOWNLINK_DIAGNOSTIC,CELL_BANDWIDTH_STREAM_RESIDUAL,LATEST_SAFE_AVAILABLE_CELL_BUCKET,START_TIMESTAMP_FOR_INTERVAL,MAX_CELL_UPLINK_DOWNLINK_UNICAST_PLUS_NODE_BASE_DIAGNOSTIC
78000000000,78,edge_north_for_veh_6,veh_6,edge_north,EDGE,12000000000,39492160,0.085,0.08,0.005,pool_rsu_north,rsu_north,rsu_0,region_north_normal,77,1,39492160,59330400,MIN_RESIDUAL_CELL_UPLINK_DOWNLINK_DIAGNOSTIC,CELL_BANDWIDTH_STREAM_RESIDUAL,LATEST_SAFE_AVAILABLE_CELL_BUCKET,START_TIMESTAMP_FOR_INTERVAL,MAX_CELL_UPLINK_DOWNLINK_UNICAST_PLUS_NODE_BASE_DIAGNOSTIC
78000000000,78,cloud_regional_for_veh_6,veh_6,cloud_regional,CLOUD,100000000000,39492160,0.28,0.08,0.2,pool_rsu_north,rsu_north,rsu_0,region_north_normal,77,1,39492160,59330400,MIN_RESIDUAL_CELL_UPLINK_DOWNLINK_DIAGNOSTIC,CELL_BANDWIDTH_STREAM_RESIDUAL,LATEST_SAFE_AVAILABLE_CELL_BUCKET,START_TIMESTAMP_FOR_INTERVAL,MAX_CELL_UPLINK_DOWNLINK_UNICAST_PLUS_NODE_BASE_DIAGNOSTIC
78000000000,78,edge_north_for_veh_7,veh_7,edge_north,EDGE,12000000000,39492160,0.085,0.08,0.005,pool_rsu_north,rsu_north,rsu_0,region_north_normal,77,1,39492160,59330400,MIN_RESIDUAL_CELL_UPLINK_DOWNLINK_DIAGNOSTIC,CELL_BANDWIDTH_STREAM_RESIDUAL,LATEST_SAFE_AVAILABLE_CELL_BUCKET,START_TIMESTAMP_FOR_INTERVAL,MAX_CELL_UPLINK_DOWNLINK_UNICAST_PLUS_NODE_BASE_DIAGNOSTIC
78000000000,78,cloud_regional_for_veh_7,veh_7,cloud_regional,CLOUD,100000000000,39492160,0.28,0.08,0.2,pool_rsu_north,rsu_north,rsu_0,region_north_normal,77,1,39492160,59330400,MIN_RESIDUAL_CELL_UPLINK_DOWNLINK_DIAGNOSTIC,CELL_BANDWIDTH_STREAM_RESIDUAL,LATEST_SAFE_AVAILABLE_CELL_BUCKET,START_TIMESTAMP_FOR_INTERVAL,MAX_CELL_UPLINK_DOWNLINK_UNICAST_PLUS_NODE_BASE_DIAGNOSTIC
78000000000,78,edge_north_for_veh_8,veh_8,edge_north,EDGE,12000000000,39492160,0.085,0.08,0.005,pool_rsu_north,rsu_north,rsu_0,region_north_normal,77,1,39492160,59330400,MIN_RESIDUAL_CELL_UPLINK_DOWNLINK_DIAGNOSTIC,CELL_BANDWIDTH_STREAM_RESIDUAL,LATEST_SAFE_AVAILABLE_CELL_BUCKET,START_TIMESTAMP_FOR_INTERVAL,MAX_CELL_UPLINK_DOWNLINK_UNICAST_PLUS_NODE_BASE_DIAGNOSTIC
78000000000,78,cloud_regional_for_veh_8,veh_8,cloud_regional,CLOUD,100000000000,39492160,0.28,0.08,0.2,pool_rsu_north,rsu_north,rsu_0,region_north_normal,77,1,39492160,59330400,MIN_RESIDUAL_CELL_UPLINK_DOWNLINK_DIAGNOSTIC,CELL_BANDWIDTH_STREAM_RESIDUAL,LATEST_SAFE_AVAILABLE_CELL_BUCKET,START_TIMESTAMP_FOR_INTERVAL,MAX_CELL_UPLINK_DOWNLINK_UNICAST_PLUS_NODE_BASE_DIAGNOSTIC
78000000000,78,edge_north_for_veh_9,veh_9,edge_north,EDGE,12000000000,39492160,0.085,0.08,0.005,pool_rsu_north,rsu_north,rsu_0,region_north_normal,77,1,39492160,59330400,MIN_RESIDUAL_CELL_UPLINK_DOWNLINK_DIAGNOSTIC,CELL_BANDWIDTH_STREAM_RESIDUAL,LATEST_SAFE_AVAILABLE_CELL_BUCKET,START_TIMESTAMP_FOR_INTERVAL,MAX_CELL_UPLINK_DOWNLINK_UNICAST_PLUS_NODE_BASE_DIAGNOSTIC
78000000000,78,cloud_regional_for_veh_9,veh_9,cloud_regional,CLOUD,100000000000,39492160,0.28,0.08,0.2,pool_rsu_north,rsu_north,rsu_0,region_north_normal,77,1,39492160,59330400,MIN_RESIDUAL_CELL_UPLINK_DOWNLINK_DIAGNOSTIC,CELL_BANDWIDTH_STREAM_RESIDUAL,LATEST_SAFE_AVAILABLE_CELL_BUCKET,START_TIMESTAMP_FOR_INTERVAL,MAX_CELL_UPLINK_DOWNLINK_UNICAST_PLUS_NODE_BASE_DIAGNOSTIC
78000000000,78,edge_north_for_veh_10,veh_10,edge_north,EDGE,12000000000,39492160,0.085,0.08,0.005,pool_rsu_north,rsu_north,rsu_0,region_north_normal,77,1,39492160,59330400,MIN_RESIDUAL_CELL_UPLINK_DOWNLINK_DIAGNOSTIC,CELL_BANDWIDTH_STREAM_RESIDUAL,LATEST_SAFE_AVAILABLE_CELL_BUCKET,START_TIMESTAMP_FOR_INTERVAL,MAX_CELL_UPLINK_DOWNLINK_UNICAST_PLUS_NODE_BASE_DIAGNOSTIC
78000000000,78,cloud_regional_for_veh_10,veh_10,cloud_regional,CLOUD,100000000000,39492160,0.28,0.08,0.2,pool_rsu_north,rsu_north,rsu_0,region_north_normal,77,1,39492160,59330400,MIN_RESIDUAL_CELL_UPLINK_DOWNLINK_DIAGNOSTIC,CELL_BANDWIDTH_STREAM_RESIDUAL,LATEST_SAFE_AVAILABLE_CELL_BUCKET,START_TIMESTAMP_FOR_INTERVAL,MAX_CELL_UPLINK_DOWNLINK_UNICAST_PLUS_NODE_BASE_DIAGNOSTIC
78000000000,78,edge_north_for_veh_11,veh_11,edge_north,EDGE,12000000000,39492160,0.085,0.08,0.005,pool_rsu_north,rsu_north,rsu_0,region_north_normal,77,1,39492160,59330400,MIN_RESIDUAL_CELL_UPLINK_DOWNLINK_DIAGNOSTIC,CELL_BANDWIDTH_STREAM_RESIDUAL,LATEST_SAFE_AVAILABLE_CELL_BUCKET,START_TIMESTAMP_FOR_INTERVAL,MAX_CELL_UPLINK_DOWNLINK_UNICAST_PLUS_NODE_BASE_DIAGNOSTIC
78000000000,78,cloud_regional_for_veh_11,veh_11,cloud_regional,CLOUD,100000000000,39492160,0.28,0.08,0.2,pool_rsu_north,rsu_north,rsu_0,region_north_normal,77,1,39492160,59330400,MIN_RESIDUAL_CELL_UPLINK_DOWNLINK_DIAGNOSTIC,CELL_BANDWIDTH_STREAM_RESIDUAL,LATEST_SAFE_AVAILABLE_CELL_BUCKET,START_TIMESTAMP_FOR_INTERVAL,MAX_CELL_UPLINK_DOWNLINK_UNICAST_PLUS_NODE_BASE_DIAGNOSTIC
79000000000,79,edge_north_for_veh_5,veh_5,edge_north,EDGE,12000000000,39492160,0.085,0.08,0.005,pool_rsu_north,rsu_north,rsu_0,region_north_normal,78,1,39492160,59330400,MIN_RESIDUAL_CELL_UPLINK_DOWNLINK_DIAGNOSTIC,CELL_BANDWIDTH_STREAM_RESIDUAL,LATEST_SAFE_AVAILABLE_CELL_BUCKET,START_TIMESTAMP_FOR_INTERVAL,MAX_CELL_UPLINK_DOWNLINK_UNICAST_PLUS_NODE_BASE_DIAGNOSTIC
79000000000,79,cloud_regional_for_veh_5,veh_5,cloud_regional,CLOUD,100000000000,39492160,0.28,0.08,0.2,pool_rsu_north,rsu_north,rsu_0,region_north_normal,78,1,39492160,59330400,MIN_RESIDUAL_CELL_UPLINK_DOWNLINK_DIAGNOSTIC,CELL_BANDWIDTH_STREAM_RESIDUAL,LATEST_SAFE_AVAILABLE_CELL_BUCKET,START_TIMESTAMP_FOR_INTERVAL,MAX_CELL_UPLINK_DOWNLINK_UNICAST_PLUS_NODE_BASE_DIAGNOSTIC
79000000000,79,edge_north_for_veh_6,veh_6,edge_north,EDGE,12000000000,39492160,0.085,0.08,0.005,pool_rsu_north,rsu_north,rsu_0,region_north_normal,78,1,39492160,59330400,MIN_RESIDUAL_CELL_UPLINK_DOWNLINK_DIAGNOSTIC,CELL_BANDWIDTH_STREAM_RESIDUAL,LATEST_SAFE_AVAILABLE_CELL_BUCKET,START_TIMESTAMP_FOR_INTERVAL,MAX_CELL_UPLINK_DOWNLINK_UNICAST_PLUS_NODE_BASE_DIAGNOSTIC
79000000000,79,cloud_regional_for_veh_6,veh_6,cloud_regional,CLOUD,100000000000,39492160,0.28,0.08,0.2,pool_rsu_north,rsu_north,rsu_0,region_north_normal,78,1,39492160,59330400,MIN_RESIDUAL_CELL_UPLINK_DOWNLINK_DIAGNOSTIC,CELL_BANDWIDTH_STREAM_RESIDUAL,LATEST_SAFE_AVAILABLE_CELL_BUCKET,START_TIMESTAMP_FOR_INTERVAL,MAX_CELL_UPLINK_DOWNLINK_UNICAST_PLUS_NODE_BASE_DIAGNOSTIC
79000000000,79,edge_north_for_veh_7,veh_7,edge_north,EDGE,12000000000,39492160,0.085,0.08,0.005,pool_rsu_north,rsu_north,rsu_0,region_north_normal,78,1,39492160,59330400,MIN_RESIDUAL_CELL_UPLINK_DOWNLINK_DIAGNOSTIC,CELL_BANDWIDTH_STREAM_RESIDUAL,LATEST_SAFE_AVAILABLE_CELL_BUCKET,START_TIMESTAMP_FOR_INTERVAL,MAX_CELL_UPLINK_DOWNLINK_UNICAST_PLUS_NODE_BASE_DIAGNOSTIC
79000000000,79,cloud_regional_for_veh_7,veh_7,cloud_regional,CLOUD,100000000000,39492160,0.28,0.08,0.2,pool_rsu_north,rsu_north,rsu_0,region_north_normal,78,1,39492160,59330400,MIN_RESIDUAL_CELL_UPLINK_DOWNLINK_DIAGNOSTIC,CELL_BANDWIDTH_STREAM_RESIDUAL,LATEST_SAFE_AVAILABLE_CELL_BUCKET,START_TIMESTAMP_FOR_INTERVAL,MAX_CELL_UPLINK_DOWNLINK_UNICAST_PLUS_NODE_BASE_DIAGNOSTIC
79000000000,79,edge_north_for_veh_8,veh_8,edge_north,EDGE,12000000000,39492160,0.085,0.08,0.005,pool_rsu_north,rsu_north,rsu_0,region_north_normal,78,1,39492160,59330400,MIN_RESIDUAL_CELL_UPLINK_DOWNLINK_DIAGNOSTIC,CELL_BANDWIDTH_STREAM_RESIDUAL,LATEST_SAFE_AVAILABLE_CELL_BUCKET,START_TIMESTAMP_FOR_INTERVAL,MAX_CELL_UPLINK_DOWNLINK_UNICAST_PLUS_NODE_BASE_DIAGNOSTIC
79000000000,79,cloud_regional_for_veh_8,veh_8,cloud_regional,CLOUD,100000000000,39492160,0.28,0.08,0.2,pool_rsu_north,rsu_north,rsu_0,region_north_normal,78,1,39492160,59330400,MIN_RESIDUAL_CELL_UPLINK_DOWNLINK_DIAGNOSTIC,CELL_BANDWIDTH_STREAM_RESIDUAL,LATEST_SAFE_AVAILABLE_CELL_BUCKET,START_TIMESTAMP_FOR_INTERVAL,MAX_CELL_UPLINK_DOWNLINK_UNICAST_PLUS_NODE_BASE_DIAGNOSTIC
79000000000,79,edge_north_for_veh_9,veh_9,edge_north,EDGE,12000000000,39492160,0.085,0.08,0.005,pool_rsu_north,rsu_north,rsu_0,region_north_normal,78,1,39492160,59330400,MIN_RESIDUAL_CELL_UPLINK_DOWNLINK_DIAGNOSTIC,CELL_BANDWIDTH_STREAM_RESIDUAL,LATEST_SAFE_AVAILABLE_CELL_BUCKET,START_TIMESTAMP_FOR_INTERVAL,MAX_CELL_UPLINK_DOWNLINK_UNICAST_PLUS_NODE_BASE_DIAGNOSTIC
79000000000,79,cloud_regional_for_veh_9,veh_9,cloud_regional,CLOUD,100000000000,39492160,0.28,0.08,0.2,pool_rsu_north,rsu_north,rsu_0,region_north_normal,78,1,39492160,59330400,MIN_RESIDUAL_CELL_UPLINK_DOWNLINK_DIAGNOSTIC,CELL_BANDWIDTH_STREAM_RESIDUAL,LATEST_SAFE_AVAILABLE_CELL_BUCKET,START_TIMESTAMP_FOR_INTERVAL,MAX_CELL_UPLINK_DOWNLINK_UNICAST_PLUS_NODE_BASE_DIAGNOSTIC
79000000000,79,edge_north_for_veh_10,veh_10,edge_north,EDGE,12000000000,39492160,0.085,0.08,0.005,pool_rsu_north,rsu_north,rsu_0,region_north_normal,78,1,39492160,59330400,MIN_RESIDUAL_CELL_UPLINK_DOWNLINK_DIAGNOSTIC,CELL_BANDWIDTH_STREAM_RESIDUAL,LATEST_SAFE_AVAILABLE_CELL_BUCKET,START_TIMESTAMP_FOR_INTERVAL,MAX_CELL_UPLINK_DOWNLINK_UNICAST_PLUS_NODE_BASE_DIAGNOSTIC
79000000000,79,cloud_regional_for_veh_10,veh_10,cloud_regional,CLOUD,100000000000,39492160,0.28,0.08,0.2,pool_rsu_north,rsu_north,rsu_0,region_north_normal,78,1,39492160,59330400,MIN_RESIDUAL_CELL_UPLINK_DOWNLINK_DIAGNOSTIC,CELL_BANDWIDTH_STREAM_RESIDUAL,LATEST_SAFE_AVAILABLE_CELL_BUCKET,START_TIMESTAMP_FOR_INTERVAL,MAX_CELL_UPLINK_DOWNLINK_UNICAST_PLUS_NODE_BASE_DIAGNOSTIC
79000000000,79,edge_north_for_veh_11,veh_11,edge_north,EDGE,12000000000,39492160,0.085,0.08,0.005,pool_rsu_north,rsu_north,rsu_0,region_north_normal,78,1,39492160,59330400,MIN_RESIDUAL_CELL_UPLINK_DOWNLINK_DIAGNOSTIC,CELL_BANDWIDTH_STREAM_RESIDUAL,LATEST_SAFE_AVAILABLE_CELL_BUCKET,START_TIMESTAMP_FOR_INTERVAL,MAX_CELL_UPLINK_DOWNLINK_UNICAST_PLUS_NODE_BASE_DIAGNOSTIC
79000000000,79,cloud_regional_for_veh_11,veh_11,cloud_regional,CLOUD,100000000000,39492160,0.28,0.08,0.2,pool_rsu_north,rsu_north,rsu_0,region_north_normal,78,1,39492160,59330400,MIN_RESIDUAL_CELL_UPLINK_DOWNLINK_DIAGNOSTIC,CELL_BANDWIDTH_STREAM_RESIDUAL,LATEST_SAFE_AVAILABLE_CELL_BUCKET,START_TIMESTAMP_FOR_INTERVAL,MAX_CELL_UPLINK_DOWNLINK_UNICAST_PLUS_NODE_BASE_DIAGNOSTIC
80000000000,80,edge_north_for_veh_6,veh_6,edge_north,EDGE,12000000000,39492160,0.085,0.08,0.005,pool_rsu_north,rsu_north,rsu_0,region_north_normal,79,1,39492160,59330400,MIN_RESIDUAL_CELL_UPLINK_DOWNLINK_DIAGNOSTIC,CELL_BANDWIDTH_STREAM_RESIDUAL,LATEST_SAFE_AVAILABLE_CELL_BUCKET,START_TIMESTAMP_FOR_INTERVAL,MAX_CELL_UPLINK_DOWNLINK_UNICAST_PLUS_NODE_BASE_DIAGNOSTIC
80000000000,80,cloud_regional_for_veh_6,veh_6,cloud_regional,CLOUD,100000000000,39492160,0.28,0.08,0.2,pool_rsu_north,rsu_north,rsu_0,region_north_normal,79,1,39492160,59330400,MIN_RESIDUAL_CELL_UPLINK_DOWNLINK_DIAGNOSTIC,CELL_BANDWIDTH_STREAM_RESIDUAL,LATEST_SAFE_AVAILABLE_CELL_BUCKET,START_TIMESTAMP_FOR_INTERVAL,MAX_CELL_UPLINK_DOWNLINK_UNICAST_PLUS_NODE_BASE_DIAGNOSTIC
80000000000,80,edge_north_for_veh_7,veh_7,edge_north,EDGE,12000000000,39492160,0.085,0.08,0.005,pool_rsu_north,rsu_north,rsu_0,region_north_normal,79,1,39492160,59330400,MIN_RESIDUAL_CELL_UPLINK_DOWNLINK_DIAGNOSTIC,CELL_BANDWIDTH_STREAM_RESIDUAL,LATEST_SAFE_AVAILABLE_CELL_BUCKET,START_TIMESTAMP_FOR_INTERVAL,MAX_CELL_UPLINK_DOWNLINK_UNICAST_PLUS_NODE_BASE_DIAGNOSTIC
80000000000,80,cloud_regional_for_veh_7,veh_7,cloud_regional,CLOUD,100000000000,39492160,0.28,0.08,0.2,pool_rsu_north,rsu_north,rsu_0,region_north_normal,79,1,39492160,59330400,MIN_RESIDUAL_CELL_UPLINK_DOWNLINK_DIAGNOSTIC,CELL_BANDWIDTH_STREAM_RESIDUAL,LATEST_SAFE_AVAILABLE_CELL_BUCKET,START_TIMESTAMP_FOR_INTERVAL,MAX_CELL_UPLINK_DOWNLINK_UNICAST_PLUS_NODE_BASE_DIAGNOSTIC
80000000000,80,edge_north_for_veh_8,veh_8,edge_north,EDGE,12000000000,39492160,0.085,0.08,0.005,pool_rsu_north,rsu_north,rsu_0,region_north_normal,79,1,39492160,59330400,MIN_RESIDUAL_CELL_UPLINK_DOWNLINK_DIAGNOSTIC,CELL_BANDWIDTH_STREAM_RESIDUAL,LATEST_SAFE_AVAILABLE_CELL_BUCKET,START_TIMESTAMP_FOR_INTERVAL,MAX_CELL_UPLINK_DOWNLINK_UNICAST_PLUS_NODE_BASE_DIAGNOSTIC
80000000000,80,cloud_regional_for_veh_8,veh_8,cloud_regional,CLOUD,100000000000,39492160,0.28,0.08,0.2,pool_rsu_north,rsu_north,rsu_0,region_north_normal,79,1,39492160,59330400,MIN_RESIDUAL_CELL_UPLINK_DOWNLINK_DIAGNOSTIC,CELL_BANDWIDTH_STREAM_RESIDUAL,LATEST_SAFE_AVAILABLE_CELL_BUCKET,START_TIMESTAMP_FOR_INTERVAL,MAX_CELL_UPLINK_DOWNLINK_UNICAST_PLUS_NODE_BASE_DIAGNOSTIC
80000000000,80,edge_north_for_veh_9,veh_9,edge_north,EDGE,12000000000,39492160,0.085,0.08,0.005,pool_rsu_north,rsu_north,rsu_0,region_north_normal,79,1,39492160,59330400,MIN_RESIDUAL_CELL_UPLINK_DOWNLINK_DIAGNOSTIC,CELL_BANDWIDTH_STREAM_RESIDUAL,LATEST_SAFE_AVAILABLE_CELL_BUCKET,START_TIMESTAMP_FOR_INTERVAL,MAX_CELL_UPLINK_DOWNLINK_UNICAST_PLUS_NODE_BASE_DIAGNOSTIC
80000000000,80,cloud_regional_for_veh_9,veh_9,cloud_regional,CLOUD,100000000000,39492160,0.28,0.08,0.2,pool_rsu_north,rsu_north,rsu_0,region_north_normal,79,1,39492160,59330400,MIN_RESIDUAL_CELL_UPLINK_DOWNLINK_DIAGNOSTIC,CELL_BANDWIDTH_STREAM_RESIDUAL,LATEST_SAFE_AVAILABLE_CELL_BUCKET,START_TIMESTAMP_FOR_INTERVAL,MAX_CELL_UPLINK_DOWNLINK_UNICAST_PLUS_NODE_BASE_DIAGNOSTIC
80000000000,80,edge_north_for_veh_10,veh_10,edge_north,EDGE,12000000000,39492160,0.085,0.08,0.005,pool_rsu_north,rsu_north,rsu_0,region_north_normal,79,1,39492160,59330400,MIN_RESIDUAL_CELL_UPLINK_DOWNLINK_DIAGNOSTIC,CELL_BANDWIDTH_STREAM_RESIDUAL,LATEST_SAFE_AVAILABLE_CELL_BUCKET,START_TIMESTAMP_FOR_INTERVAL,MAX_CELL_UPLINK_DOWNLINK_UNICAST_PLUS_NODE_BASE_DIAGNOSTIC
80000000000,80,cloud_regional_for_veh_10,veh_10,cloud_regional,CLOUD,100000000000,39492160,0.28,0.08,0.2,pool_rsu_north,rsu_north,rsu_0,region_north_normal,79,1,39492160,59330400,MIN_RESIDUAL_CELL_UPLINK_DOWNLINK_DIAGNOSTIC,CELL_BANDWIDTH_STREAM_RESIDUAL,LATEST_SAFE_AVAILABLE_CELL_BUCKET,START_TIMESTAMP_FOR_INTERVAL,MAX_CELL_UPLINK_DOWNLINK_UNICAST_PLUS_NODE_BASE_DIAGNOSTIC
80000000000,80,edge_north_for_veh_11,veh_11,edge_north,EDGE,12000000000,39492160,0.085,0.08,0.005,pool_rsu_north,rsu_north,rsu_0,region_north_normal,79,1,39492160,59330400,MIN_RESIDUAL_CELL_UPLINK_DOWNLINK_DIAGNOSTIC,CELL_BANDWIDTH_STREAM_RESIDUAL,LATEST_SAFE_AVAILABLE_CELL_BUCKET,START_TIMESTAMP_FOR_INTERVAL,MAX_CELL_UPLINK_DOWNLINK_UNICAST_PLUS_NODE_BASE_DIAGNOSTIC
80000000000,80,cloud_regional_for_veh_11,veh_11,cloud_regional,CLOUD,100000000000,39492160,0.28,0.08,0.2,pool_rsu_north,rsu_north,rsu_0,region_north_normal,79,1,39492160,59330400,MIN_RESIDUAL_CELL_UPLINK_DOWNLINK_DIAGNOSTIC,CELL_BANDWIDTH_STREAM_RESIDUAL,LATEST_SAFE_AVAILABLE_CELL_BUCKET,START_TIMESTAMP_FOR_INTERVAL,MAX_CELL_UPLINK_DOWNLINK_UNICAST_PLUS_NODE_BASE_DIAGNOSTIC
81000000000,81,edge_north_for_veh_6,veh_6,edge_north,EDGE,12000000000,39492160,0.085,0.08,0.005,pool_rsu_north,rsu_north,rsu_0,region_north_normal,80,1,39492160,59330400,MIN_RESIDUAL_CELL_UPLINK_DOWNLINK_DIAGNOSTIC,CELL_BANDWIDTH_STREAM_RESIDUAL,LATEST_SAFE_AVAILABLE_CELL_BUCKET,START_TIMESTAMP_FOR_INTERVAL,MAX_CELL_UPLINK_DOWNLINK_UNICAST_PLUS_NODE_BASE_DIAGNOSTIC
81000000000,81,cloud_regional_for_veh_6,veh_6,cloud_regional,CLOUD,100000000000,39492160,0.28,0.08,0.2,pool_rsu_north,rsu_north,rsu_0,region_north_normal,80,1,39492160,59330400,MIN_RESIDUAL_CELL_UPLINK_DOWNLINK_DIAGNOSTIC,CELL_BANDWIDTH_STREAM_RESIDUAL,LATEST_SAFE_AVAILABLE_CELL_BUCKET,START_TIMESTAMP_FOR_INTERVAL,MAX_CELL_UPLINK_DOWNLINK_UNICAST_PLUS_NODE_BASE_DIAGNOSTIC
81000000000,81,edge_north_for_veh_7,veh_7,edge_north,EDGE,12000000000,39492160,0.085,0.08,0.005,pool_rsu_north,rsu_north,rsu_0,region_north_normal,80,1,39492160,59330400,MIN_RESIDUAL_CELL_UPLINK_DOWNLINK_DIAGNOSTIC,CELL_BANDWIDTH_STREAM_RESIDUAL,LATEST_SAFE_AVAILABLE_CELL_BUCKET,START_TIMESTAMP_FOR_INTERVAL,MAX_CELL_UPLINK_DOWNLINK_UNICAST_PLUS_NODE_BASE_DIAGNOSTIC
81000000000,81,cloud_regional_for_veh_7,veh_7,cloud_regional,CLOUD,100000000000,39492160,0.28,0.08,0.2,pool_rsu_north,rsu_north,rsu_0,region_north_normal,80,1,39492160,59330400,MIN_RESIDUAL_CELL_UPLINK_DOWNLINK_DIAGNOSTIC,CELL_BANDWIDTH_STREAM_RESIDUAL,LATEST_SAFE_AVAILABLE_CELL_BUCKET,START_TIMESTAMP_FOR_INTERVAL,MAX_CELL_UPLINK_DOWNLINK_UNICAST_PLUS_NODE_BASE_DIAGNOSTIC
81000000000,81,edge_north_for_veh_8,veh_8,edge_north,EDGE,12000000000,39492160,0.085,0.08,0.005,pool_rsu_north,rsu_north,rsu_0,region_north_normal,80,1,39492160,59330400,MIN_RESIDUAL_CELL_UPLINK_DOWNLINK_DIAGNOSTIC,CELL_BANDWIDTH_STREAM_RESIDUAL,LATEST_SAFE_AVAILABLE_CELL_BUCKET,START_TIMESTAMP_FOR_INTERVAL,MAX_CELL_UPLINK_DOWNLINK_UNICAST_PLUS_NODE_BASE_DIAGNOSTIC
81000000000,81,cloud_regional_for_veh_8,veh_8,cloud_regional,CLOUD,100000000000,39492160,0.28,0.08,0.2,pool_rsu_north,rsu_north,rsu_0,region_north_normal,80,1,39492160,59330400,MIN_RESIDUAL_CELL_UPLINK_DOWNLINK_DIAGNOSTIC,CELL_BANDWIDTH_STREAM_RESIDUAL,LATEST_SAFE_AVAILABLE_CELL_BUCKET,START_TIMESTAMP_FOR_INTERVAL,MAX_CELL_UPLINK_DOWNLINK_UNICAST_PLUS_NODE_BASE_DIAGNOSTIC
81000000000,81,edge_north_for_veh_9,veh_9,edge_north,EDGE,12000000000,39492160,0.085,0.08,0.005,pool_rsu_north,rsu_north,rsu_0,region_north_normal,80,1,39492160,59330400,MIN_RESIDUAL_CELL_UPLINK_DOWNLINK_DIAGNOSTIC,CELL_BANDWIDTH_STREAM_RESIDUAL,LATEST_SAFE_AVAILABLE_CELL_BUCKET,START_TIMESTAMP_FOR_INTERVAL,MAX_CELL_UPLINK_DOWNLINK_UNICAST_PLUS_NODE_BASE_DIAGNOSTIC
81000000000,81,cloud_regional_for_veh_9,veh_9,cloud_regional,CLOUD,100000000000,39492160,0.28,0.08,0.2,pool_rsu_north,rsu_north,rsu_0,region_north_normal,80,1,39492160,59330400,MIN_RESIDUAL_CELL_UPLINK_DOWNLINK_DIAGNOSTIC,CELL_BANDWIDTH_STREAM_RESIDUAL,LATEST_SAFE_AVAILABLE_CELL_BUCKET,START_TIMESTAMP_FOR_INTERVAL,MAX_CELL_UPLINK_DOWNLINK_UNICAST_PLUS_NODE_BASE_DIAGNOSTIC
81000000000,81,edge_north_for_veh_10,veh_10,edge_north,EDGE,12000000000,39492160,0.085,0.08,0.005,pool_rsu_north,rsu_north,rsu_0,region_north_normal,80,1,39492160,59330400,MIN_RESIDUAL_CELL_UPLINK_DOWNLINK_DIAGNOSTIC,CELL_BANDWIDTH_STREAM_RESIDUAL,LATEST_SAFE_AVAILABLE_CELL_BUCKET,START_TIMESTAMP_FOR_INTERVAL,MAX_CELL_UPLINK_DOWNLINK_UNICAST_PLUS_NODE_BASE_DIAGNOSTIC
81000000000,81,cloud_regional_for_veh_10,veh_10,cloud_regional,CLOUD,100000000000,39492160,0.28,0.08,0.2,pool_rsu_north,rsu_north,rsu_0,region_north_normal,80,1,39492160,59330400,MIN_RESIDUAL_CELL_UPLINK_DOWNLINK_DIAGNOSTIC,CELL_BANDWIDTH_STREAM_RESIDUAL,LATEST_SAFE_AVAILABLE_CELL_BUCKET,START_TIMESTAMP_FOR_INTERVAL,MAX_CELL_UPLINK_DOWNLINK_UNICAST_PLUS_NODE_BASE_DIAGNOSTIC
81000000000,81,edge_north_for_veh_11,veh_11,edge_north,EDGE,12000000000,39492160,0.085,0.08,0.005,pool_rsu_north,rsu_north,rsu_0,region_north_normal,80,1,39492160,59330400,MIN_RESIDUAL_CELL_UPLINK_DOWNLINK_DIAGNOSTIC,CELL_BANDWIDTH_STREAM_RESIDUAL,LATEST_SAFE_AVAILABLE_CELL_BUCKET,START_TIMESTAMP_FOR_INTERVAL,MAX_CELL_UPLINK_DOWNLINK_UNICAST_PLUS_NODE_BASE_DIAGNOSTIC
81000000000,81,cloud_regional_for_veh_11,veh_11,cloud_regional,CLOUD,100000000000,39492160,0.28,0.08,0.2,pool_rsu_north,rsu_north,rsu_0,region_north_normal,80,1,39492160,59330400,MIN_RESIDUAL_CELL_UPLINK_DOWNLINK_DIAGNOSTIC,CELL_BANDWIDTH_STREAM_RESIDUAL,LATEST_SAFE_AVAILABLE_CELL_BUCKET,START_TIMESTAMP_FOR_INTERVAL,MAX_CELL_UPLINK_DOWNLINK_UNICAST_PLUS_NODE_BASE_DIAGNOSTIC
82000000000,82,edge_north_for_veh_6,veh_6,edge_north,EDGE,12000000000,39492160,0.085,0.08,0.005,pool_rsu_north,rsu_north,rsu_0,region_north_normal,81,1,39492160,59330400,MIN_RESIDUAL_CELL_UPLINK_DOWNLINK_DIAGNOSTIC,CELL_BANDWIDTH_STREAM_RESIDUAL,LATEST_SAFE_AVAILABLE_CELL_BUCKET,START_TIMESTAMP_FOR_INTERVAL,MAX_CELL_UPLINK_DOWNLINK_UNICAST_PLUS_NODE_BASE_DIAGNOSTIC
82000000000,82,cloud_regional_for_veh_6,veh_6,cloud_regional,CLOUD,100000000000,39492160,0.28,0.08,0.2,pool_rsu_north,rsu_north,rsu_0,region_north_normal,81,1,39492160,59330400,MIN_RESIDUAL_CELL_UPLINK_DOWNLINK_DIAGNOSTIC,CELL_BANDWIDTH_STREAM_RESIDUAL,LATEST_SAFE_AVAILABLE_CELL_BUCKET,START_TIMESTAMP_FOR_INTERVAL,MAX_CELL_UPLINK_DOWNLINK_UNICAST_PLUS_NODE_BASE_DIAGNOSTIC
82000000000,82,edge_north_for_veh_7,veh_7,edge_north,EDGE,12000000000,39492160,0.085,0.08,0.005,pool_rsu_north,rsu_north,rsu_0,region_north_normal,81,1,39492160,59330400,MIN_RESIDUAL_CELL_UPLINK_DOWNLINK_DIAGNOSTIC,CELL_BANDWIDTH_STREAM_RESIDUAL,LATEST_SAFE_AVAILABLE_CELL_BUCKET,START_TIMESTAMP_FOR_INTERVAL,MAX_CELL_UPLINK_DOWNLINK_UNICAST_PLUS_NODE_BASE_DIAGNOSTIC
82000000000,82,cloud_regional_for_veh_7,veh_7,cloud_regional,CLOUD,100000000000,39492160,0.28,0.08,0.2,pool_rsu_north,rsu_north,rsu_0,region_north_normal,81,1,39492160,59330400,MIN_RESIDUAL_CELL_UPLINK_DOWNLINK_DIAGNOSTIC,CELL_BANDWIDTH_STREAM_RESIDUAL,LATEST_SAFE_AVAILABLE_CELL_BUCKET,START_TIMESTAMP_FOR_INTERVAL,MAX_CELL_UPLINK_DOWNLINK_UNICAST_PLUS_NODE_BASE_DIAGNOSTIC
82000000000,82,edge_north_for_veh_8,veh_8,edge_north,EDGE,12000000000,39492160,0.085,0.08,0.005,pool_rsu_north,rsu_north,rsu_0,region_north_normal,81,1,39492160,59330400,MIN_RESIDUAL_CELL_UPLINK_DOWNLINK_DIAGNOSTIC,CELL_BANDWIDTH_STREAM_RESIDUAL,LATEST_SAFE_AVAILABLE_CELL_BUCKET,START_TIMESTAMP_FOR_INTERVAL,MAX_CELL_UPLINK_DOWNLINK_UNICAST_PLUS_NODE_BASE_DIAGNOSTIC
82000000000,82,cloud_regional_for_veh_8,veh_8,cloud_regional,CLOUD,100000000000,39492160,0.28,0.08,0.2,pool_rsu_north,rsu_north,rsu_0,region_north_normal,81,1,39492160,59330400,MIN_RESIDUAL_CELL_UPLINK_DOWNLINK_DIAGNOSTIC,CELL_BANDWIDTH_STREAM_RESIDUAL,LATEST_SAFE_AVAILABLE_CELL_BUCKET,START_TIMESTAMP_FOR_INTERVAL,MAX_CELL_UPLINK_DOWNLINK_UNICAST_PLUS_NODE_BASE_DIAGNOSTIC
82000000000,82,edge_north_for_veh_9,veh_9,edge_north,EDGE,12000000000,39492160,0.085,0.08,0.005,pool_rsu_north,rsu_north,rsu_0,region_north_normal,81,1,39492160,59330400,MIN_RESIDUAL_CELL_UPLINK_DOWNLINK_DIAGNOSTIC,CELL_BANDWIDTH_STREAM_RESIDUAL,LATEST_SAFE_AVAILABLE_CELL_BUCKET,START_TIMESTAMP_FOR_INTERVAL,MAX_CELL_UPLINK_DOWNLINK_UNICAST_PLUS_NODE_BASE_DIAGNOSTIC
82000000000,82,cloud_regional_for_veh_9,veh_9,cloud_regional,CLOUD,100000000000,39492160,0.28,0.08,0.2,pool_rsu_north,rsu_north,rsu_0,region_north_normal,81,1,39492160,59330400,MIN_RESIDUAL_CELL_UPLINK_DOWNLINK_DIAGNOSTIC,CELL_BANDWIDTH_STREAM_RESIDUAL,LATEST_SAFE_AVAILABLE_CELL_BUCKET,START_TIMESTAMP_FOR_INTERVAL,MAX_CELL_UPLINK_DOWNLINK_UNICAST_PLUS_NODE_BASE_DIAGNOSTIC
82000000000,82,edge_north_for_veh_10,veh_10,edge_north,EDGE,12000000000,39492160,0.085,0.08,0.005,pool_rsu_north,rsu_north,rsu_0,region_north_normal,81,1,39492160,59330400,MIN_RESIDUAL_CELL_UPLINK_DOWNLINK_DIAGNOSTIC,CELL_BANDWIDTH_STREAM_RESIDUAL,LATEST_SAFE_AVAILABLE_CELL_BUCKET,START_TIMESTAMP_FOR_INTERVAL,MAX_CELL_UPLINK_DOWNLINK_UNICAST_PLUS_NODE_BASE_DIAGNOSTIC
82000000000,82,cloud_regional_for_veh_10,veh_10,cloud_regional,CLOUD,100000000000,39492160,0.28,0.08,0.2,pool_rsu_north,rsu_north,rsu_0,region_north_normal,81,1,39492160,59330400,MIN_RESIDUAL_CELL_UPLINK_DOWNLINK_DIAGNOSTIC,CELL_BANDWIDTH_STREAM_RESIDUAL,LATEST_SAFE_AVAILABLE_CELL_BUCKET,START_TIMESTAMP_FOR_INTERVAL,MAX_CELL_UPLINK_DOWNLINK_UNICAST_PLUS_NODE_BASE_DIAGNOSTIC
82000000000,82,edge_north_for_veh_11,veh_11,edge_north,EDGE,12000000000,39492160,0.085,0.08,0.005,pool_rsu_north,rsu_north,rsu_0,region_north_normal,81,1,39492160,59330400,MIN_RESIDUAL_CELL_UPLINK_DOWNLINK_DIAGNOSTIC,CELL_BANDWIDTH_STREAM_RESIDUAL,LATEST_SAFE_AVAILABLE_CELL_BUCKET,START_TIMESTAMP_FOR_INTERVAL,MAX_CELL_UPLINK_DOWNLINK_UNICAST_PLUS_NODE_BASE_DIAGNOSTIC
82000000000,82,cloud_regional_for_veh_11,veh_11,cloud_regional,CLOUD,100000000000,39492160,0.28,0.08,0.2,pool_rsu_north,rsu_north,rsu_0,region_north_normal,81,1,39492160,59330400,MIN_RESIDUAL_CELL_UPLINK_DOWNLINK_DIAGNOSTIC,CELL_BANDWIDTH_STREAM_RESIDUAL,LATEST_SAFE_AVAILABLE_CELL_BUCKET,START_TIMESTAMP_FOR_INTERVAL,MAX_CELL_UPLINK_DOWNLINK_UNICAST_PLUS_NODE_BASE_DIAGNOSTIC
83000000000,83,edge_north_for_veh_6,veh_6,edge_north,EDGE,12000000000,39492160,0.085,0.08,0.005,pool_rsu_north,rsu_north,rsu_0,region_north_normal,82,1,39492160,59330400,MIN_RESIDUAL_CELL_UPLINK_DOWNLINK_DIAGNOSTIC,CELL_BANDWIDTH_STREAM_RESIDUAL,LATEST_SAFE_AVAILABLE_CELL_BUCKET,START_TIMESTAMP_FOR_INTERVAL,MAX_CELL_UPLINK_DOWNLINK_UNICAST_PLUS_NODE_BASE_DIAGNOSTIC
83000000000,83,cloud_regional_for_veh_6,veh_6,cloud_regional,CLOUD,100000000000,39492160,0.28,0.08,0.2,pool_rsu_north,rsu_north,rsu_0,region_north_normal,82,1,39492160,59330400,MIN_RESIDUAL_CELL_UPLINK_DOWNLINK_DIAGNOSTIC,CELL_BANDWIDTH_STREAM_RESIDUAL,LATEST_SAFE_AVAILABLE_CELL_BUCKET,START_TIMESTAMP_FOR_INTERVAL,MAX_CELL_UPLINK_DOWNLINK_UNICAST_PLUS_NODE_BASE_DIAGNOSTIC
83000000000,83,edge_north_for_veh_7,veh_7,edge_north,EDGE,12000000000,39492160,0.085,0.08,0.005,pool_rsu_north,rsu_north,rsu_0,region_north_normal,82,1,39492160,59330400,MIN_RESIDUAL_CELL_UPLINK_DOWNLINK_DIAGNOSTIC,CELL_BANDWIDTH_STREAM_RESIDUAL,LATEST_SAFE_AVAILABLE_CELL_BUCKET,START_TIMESTAMP_FOR_INTERVAL,MAX_CELL_UPLINK_DOWNLINK_UNICAST_PLUS_NODE_BASE_DIAGNOSTIC
83000000000,83,cloud_regional_for_veh_7,veh_7,cloud_regional,CLOUD,100000000000,39492160,0.28,0.08,0.2,pool_rsu_north,rsu_north,rsu_0,region_north_normal,82,1,39492160,59330400,MIN_RESIDUAL_CELL_UPLINK_DOWNLINK_DIAGNOSTIC,CELL_BANDWIDTH_STREAM_RESIDUAL,LATEST_SAFE_AVAILABLE_CELL_BUCKET,START_TIMESTAMP_FOR_INTERVAL,MAX_CELL_UPLINK_DOWNLINK_UNICAST_PLUS_NODE_BASE_DIAGNOSTIC
83000000000,83,edge_north_for_veh_8,veh_8,edge_north,EDGE,12000000000,39492160,0.085,0.08,0.005,pool_rsu_north,rsu_north,rsu_0,region_north_normal,82,1,39492160,59330400,MIN_RESIDUAL_CELL_UPLINK_DOWNLINK_DIAGNOSTIC,CELL_BANDWIDTH_STREAM_RESIDUAL,LATEST_SAFE_AVAILABLE_CELL_BUCKET,START_TIMESTAMP_FOR_INTERVAL,MAX_CELL_UPLINK_DOWNLINK_UNICAST_PLUS_NODE_BASE_DIAGNOSTIC
83000000000,83,cloud_regional_for_veh_8,veh_8,cloud_regional,CLOUD,100000000000,39492160,0.28,0.08,0.2,pool_rsu_north,rsu_north,rsu_0,region_north_normal,82,1,39492160,59330400,MIN_RESIDUAL_CELL_UPLINK_DOWNLINK_DIAGNOSTIC,CELL_BANDWIDTH_STREAM_RESIDUAL,LATEST_SAFE_AVAILABLE_CELL_BUCKET,START_TIMESTAMP_FOR_INTERVAL,MAX_CELL_UPLINK_DOWNLINK_UNICAST_PLUS_NODE_BASE_DIAGNOSTIC
83000000000,83,edge_north_for_veh_9,veh_9,edge_north,EDGE,12000000000,39492160,0.085,0.08,0.005,pool_rsu_north,rsu_north,rsu_0,region_north_normal,82,1,39492160,59330400,MIN_RESIDUAL_CELL_UPLINK_DOWNLINK_DIAGNOSTIC,CELL_BANDWIDTH_STREAM_RESIDUAL,LATEST_SAFE_AVAILABLE_CELL_BUCKET,START_TIMESTAMP_FOR_INTERVAL,MAX_CELL_UPLINK_DOWNLINK_UNICAST_PLUS_NODE_BASE_DIAGNOSTIC
83000000000,83,cloud_regional_for_veh_9,veh_9,cloud_regional,CLOUD,100000000000,39492160,0.28,0.08,0.2,pool_rsu_north,rsu_north,rsu_0,region_north_normal,82,1,39492160,59330400,MIN_RESIDUAL_CELL_UPLINK_DOWNLINK_DIAGNOSTIC,CELL_BANDWIDTH_STREAM_RESIDUAL,LATEST_SAFE_AVAILABLE_CELL_BUCKET,START_TIMESTAMP_FOR_INTERVAL,MAX_CELL_UPLINK_DOWNLINK_UNICAST_PLUS_NODE_BASE_DIAGNOSTIC
83000000000,83,edge_north_for_veh_10,veh_10,edge_north,EDGE,12000000000,39492160,0.085,0.08,0.005,pool_rsu_north,rsu_north,rsu_0,region_north_normal,82,1,39492160,59330400,MIN_RESIDUAL_CELL_UPLINK_DOWNLINK_DIAGNOSTIC,CELL_BANDWIDTH_STREAM_RESIDUAL,LATEST_SAFE_AVAILABLE_CELL_BUCKET,START_TIMESTAMP_FOR_INTERVAL,MAX_CELL_UPLINK_DOWNLINK_UNICAST_PLUS_NODE_BASE_DIAGNOSTIC
83000000000,83,cloud_regional_for_veh_10,veh_10,cloud_regional,CLOUD,100000000000,39492160,0.28,0.08,0.2,pool_rsu_north,rsu_north,rsu_0,region_north_normal,82,1,39492160,59330400,MIN_RESIDUAL_CELL_UPLINK_DOWNLINK_DIAGNOSTIC,CELL_BANDWIDTH_STREAM_RESIDUAL,LATEST_SAFE_AVAILABLE_CELL_BUCKET,START_TIMESTAMP_FOR_INTERVAL,MAX_CELL_UPLINK_DOWNLINK_UNICAST_PLUS_NODE_BASE_DIAGNOSTIC
83000000000,83,edge_north_for_veh_11,veh_11,edge_north,EDGE,12000000000,39492160,0.085,0.08,0.005,pool_rsu_north,rsu_north,rsu_0,region_north_normal,82,1,39492160,59330400,MIN_RESIDUAL_CELL_UPLINK_DOWNLINK_DIAGNOSTIC,CELL_BANDWIDTH_STREAM_RESIDUAL,LATEST_SAFE_AVAILABLE_CELL_BUCKET,START_TIMESTAMP_FOR_INTERVAL,MAX_CELL_UPLINK_DOWNLINK_UNICAST_PLUS_NODE_BASE_DIAGNOSTIC
83000000000,83,cloud_regional_for_veh_11,veh_11,cloud_regional,CLOUD,100000000000,39492160,0.28,0.08,0.2,pool_rsu_north,rsu_north,rsu_0,region_north_normal,82,1,39492160,59330400,MIN_RESIDUAL_CELL_UPLINK_DOWNLINK_DIAGNOSTIC,CELL_BANDWIDTH_STREAM_RESIDUAL,LATEST_SAFE_AVAILABLE_CELL_BUCKET,START_TIMESTAMP_FOR_INTERVAL,MAX_CELL_UPLINK_DOWNLINK_UNICAST_PLUS_NODE_BASE_DIAGNOSTIC
84000000000,84,edge_north_for_veh_7,veh_7,edge_north,EDGE,12000000000,39534480,0.085,0.08,0.005,pool_rsu_north,rsu_north,rsu_0,region_north_normal,83,1,39534480,59386200,MIN_RESIDUAL_CELL_UPLINK_DOWNLINK_DIAGNOSTIC,CELL_BANDWIDTH_STREAM_RESIDUAL,LATEST_SAFE_AVAILABLE_CELL_BUCKET,START_TIMESTAMP_FOR_INTERVAL,MAX_CELL_UPLINK_DOWNLINK_UNICAST_PLUS_NODE_BASE_DIAGNOSTIC
84000000000,84,cloud_regional_for_veh_7,veh_7,cloud_regional,CLOUD,100000000000,39534480,0.28,0.08,0.2,pool_rsu_north,rsu_north,rsu_0,region_north_normal,83,1,39534480,59386200,MIN_RESIDUAL_CELL_UPLINK_DOWNLINK_DIAGNOSTIC,CELL_BANDWIDTH_STREAM_RESIDUAL,LATEST_SAFE_AVAILABLE_CELL_BUCKET,START_TIMESTAMP_FOR_INTERVAL,MAX_CELL_UPLINK_DOWNLINK_UNICAST_PLUS_NODE_BASE_DIAGNOSTIC
84000000000,84,edge_north_for_veh_8,veh_8,edge_north,EDGE,12000000000,39534480,0.085,0.08,0.005,pool_rsu_north,rsu_north,rsu_0,region_north_normal,83,1,39534480,59386200,MIN_RESIDUAL_CELL_UPLINK_DOWNLINK_DIAGNOSTIC,CELL_BANDWIDTH_STREAM_RESIDUAL,LATEST_SAFE_AVAILABLE_CELL_BUCKET,START_TIMESTAMP_FOR_INTERVAL,MAX_CELL_UPLINK_DOWNLINK_UNICAST_PLUS_NODE_BASE_DIAGNOSTIC
84000000000,84,cloud_regional_for_veh_8,veh_8,cloud_regional,CLOUD,100000000000,39534480,0.28,0.08,0.2,pool_rsu_north,rsu_north,rsu_0,region_north_normal,83,1,39534480,59386200,MIN_RESIDUAL_CELL_UPLINK_DOWNLINK_DIAGNOSTIC,CELL_BANDWIDTH_STREAM_RESIDUAL,LATEST_SAFE_AVAILABLE_CELL_BUCKET,START_TIMESTAMP_FOR_INTERVAL,MAX_CELL_UPLINK_DOWNLINK_UNICAST_PLUS_NODE_BASE_DIAGNOSTIC
84000000000,84,edge_north_for_veh_9,veh_9,edge_north,EDGE,12000000000,39534480,0.085,0.08,0.005,pool_rsu_north,rsu_north,rsu_0,region_north_normal,83,1,39534480,59386200,MIN_RESIDUAL_CELL_UPLINK_DOWNLINK_DIAGNOSTIC,CELL_BANDWIDTH_STREAM_RESIDUAL,LATEST_SAFE_AVAILABLE_CELL_BUCKET,START_TIMESTAMP_FOR_INTERVAL,MAX_CELL_UPLINK_DOWNLINK_UNICAST_PLUS_NODE_BASE_DIAGNOSTIC
84000000000,84,cloud_regional_for_veh_9,veh_9,cloud_regional,CLOUD,100000000000,39534480,0.28,0.08,0.2,pool_rsu_north,rsu_north,rsu_0,region_north_normal,83,1,39534480,59386200,MIN_RESIDUAL_CELL_UPLINK_DOWNLINK_DIAGNOSTIC,CELL_BANDWIDTH_STREAM_RESIDUAL,LATEST_SAFE_AVAILABLE_CELL_BUCKET,START_TIMESTAMP_FOR_INTERVAL,MAX_CELL_UPLINK_DOWNLINK_UNICAST_PLUS_NODE_BASE_DIAGNOSTIC
84000000000,84,edge_north_for_veh_10,veh_10,edge_north,EDGE,12000000000,39534480,0.085,0.08,0.005,pool_rsu_north,rsu_north,rsu_0,region_north_normal,83,1,39534480,59386200,MIN_RESIDUAL_CELL_UPLINK_DOWNLINK_DIAGNOSTIC,CELL_BANDWIDTH_STREAM_RESIDUAL,LATEST_SAFE_AVAILABLE_CELL_BUCKET,START_TIMESTAMP_FOR_INTERVAL,MAX_CELL_UPLINK_DOWNLINK_UNICAST_PLUS_NODE_BASE_DIAGNOSTIC
84000000000,84,cloud_regional_for_veh_10,veh_10,cloud_regional,CLOUD,100000000000,39534480,0.28,0.08,0.2,pool_rsu_north,rsu_north,rsu_0,region_north_normal,83,1,39534480,59386200,MIN_RESIDUAL_CELL_UPLINK_DOWNLINK_DIAGNOSTIC,CELL_BANDWIDTH_STREAM_RESIDUAL,LATEST_SAFE_AVAILABLE_CELL_BUCKET,START_TIMESTAMP_FOR_INTERVAL,MAX_CELL_UPLINK_DOWNLINK_UNICAST_PLUS_NODE_BASE_DIAGNOSTIC
84000000000,84,edge_north_for_veh_11,veh_11,edge_north,EDGE,12000000000,39534480,0.085,0.08,0.005,pool_rsu_north,rsu_north,rsu_0,region_north_normal,83,1,39534480,59386200,MIN_RESIDUAL_CELL_UPLINK_DOWNLINK_DIAGNOSTIC,CELL_BANDWIDTH_STREAM_RESIDUAL,LATEST_SAFE_AVAILABLE_CELL_BUCKET,START_TIMESTAMP_FOR_INTERVAL,MAX_CELL_UPLINK_DOWNLINK_UNICAST_PLUS_NODE_BASE_DIAGNOSTIC
84000000000,84,cloud_regional_for_veh_11,veh_11,cloud_regional,CLOUD,100000000000,39534480,0.28,0.08,0.2,pool_rsu_north,rsu_north,rsu_0,region_north_normal,83,1,39534480,59386200,MIN_RESIDUAL_CELL_UPLINK_DOWNLINK_DIAGNOSTIC,CELL_BANDWIDTH_STREAM_RESIDUAL,LATEST_SAFE_AVAILABLE_CELL_BUCKET,START_TIMESTAMP_FOR_INTERVAL,MAX_CELL_UPLINK_DOWNLINK_UNICAST_PLUS_NODE_BASE_DIAGNOSTIC
85000000000,85,edge_north_for_veh_7,veh_7,edge_north,EDGE,12000000000,39534480,0.085,0.08,0.005,pool_rsu_north,rsu_north,rsu_0,region_north_normal,84,1,39534480,59386200,MIN_RESIDUAL_CELL_UPLINK_DOWNLINK_DIAGNOSTIC,CELL_BANDWIDTH_STREAM_RESIDUAL,LATEST_SAFE_AVAILABLE_CELL_BUCKET,START_TIMESTAMP_FOR_INTERVAL,MAX_CELL_UPLINK_DOWNLINK_UNICAST_PLUS_NODE_BASE_DIAGNOSTIC
85000000000,85,cloud_regional_for_veh_7,veh_7,cloud_regional,CLOUD,100000000000,39534480,0.28,0.08,0.2,pool_rsu_north,rsu_north,rsu_0,region_north_normal,84,1,39534480,59386200,MIN_RESIDUAL_CELL_UPLINK_DOWNLINK_DIAGNOSTIC,CELL_BANDWIDTH_STREAM_RESIDUAL,LATEST_SAFE_AVAILABLE_CELL_BUCKET,START_TIMESTAMP_FOR_INTERVAL,MAX_CELL_UPLINK_DOWNLINK_UNICAST_PLUS_NODE_BASE_DIAGNOSTIC
85000000000,85,edge_north_for_veh_8,veh_8,edge_north,EDGE,12000000000,39534480,0.085,0.08,0.005,pool_rsu_north,rsu_north,rsu_0,region_north_normal,84,1,39534480,59386200,MIN_RESIDUAL_CELL_UPLINK_DOWNLINK_DIAGNOSTIC,CELL_BANDWIDTH_STREAM_RESIDUAL,LATEST_SAFE_AVAILABLE_CELL_BUCKET,START_TIMESTAMP_FOR_INTERVAL,MAX_CELL_UPLINK_DOWNLINK_UNICAST_PLUS_NODE_BASE_DIAGNOSTIC
85000000000,85,cloud_regional_for_veh_8,veh_8,cloud_regional,CLOUD,100000000000,39534480,0.28,0.08,0.2,pool_rsu_north,rsu_north,rsu_0,region_north_normal,84,1,39534480,59386200,MIN_RESIDUAL_CELL_UPLINK_DOWNLINK_DIAGNOSTIC,CELL_BANDWIDTH_STREAM_RESIDUAL,LATEST_SAFE_AVAILABLE_CELL_BUCKET,START_TIMESTAMP_FOR_INTERVAL,MAX_CELL_UPLINK_DOWNLINK_UNICAST_PLUS_NODE_BASE_DIAGNOSTIC
85000000000,85,edge_north_for_veh_9,veh_9,edge_north,EDGE,12000000000,39534480,0.085,0.08,0.005,pool_rsu_north,rsu_north,rsu_0,region_north_normal,84,1,39534480,59386200,MIN_RESIDUAL_CELL_UPLINK_DOWNLINK_DIAGNOSTIC,CELL_BANDWIDTH_STREAM_RESIDUAL,LATEST_SAFE_AVAILABLE_CELL_BUCKET,START_TIMESTAMP_FOR_INTERVAL,MAX_CELL_UPLINK_DOWNLINK_UNICAST_PLUS_NODE_BASE_DIAGNOSTIC
85000000000,85,cloud_regional_for_veh_9,veh_9,cloud_regional,CLOUD,100000000000,39534480,0.28,0.08,0.2,pool_rsu_north,rsu_north,rsu_0,region_north_normal,84,1,39534480,59386200,MIN_RESIDUAL_CELL_UPLINK_DOWNLINK_DIAGNOSTIC,CELL_BANDWIDTH_STREAM_RESIDUAL,LATEST_SAFE_AVAILABLE_CELL_BUCKET,START_TIMESTAMP_FOR_INTERVAL,MAX_CELL_UPLINK_DOWNLINK_UNICAST_PLUS_NODE_BASE_DIAGNOSTIC
85000000000,85,edge_north_for_veh_10,veh_10,edge_north,EDGE,12000000000,39534480,0.085,0.08,0.005,pool_rsu_north,rsu_north,rsu_0,region_north_normal,84,1,39534480,59386200,MIN_RESIDUAL_CELL_UPLINK_DOWNLINK_DIAGNOSTIC,CELL_BANDWIDTH_STREAM_RESIDUAL,LATEST_SAFE_AVAILABLE_CELL_BUCKET,START_TIMESTAMP_FOR_INTERVAL,MAX_CELL_UPLINK_DOWNLINK_UNICAST_PLUS_NODE_BASE_DIAGNOSTIC
85000000000,85,cloud_regional_for_veh_10,veh_10,cloud_regional,CLOUD,100000000000,39534480,0.28,0.08,0.2,pool_rsu_north,rsu_north,rsu_0,region_north_normal,84,1,39534480,59386200,MIN_RESIDUAL_CELL_UPLINK_DOWNLINK_DIAGNOSTIC,CELL_BANDWIDTH_STREAM_RESIDUAL,LATEST_SAFE_AVAILABLE_CELL_BUCKET,START_TIMESTAMP_FOR_INTERVAL,MAX_CELL_UPLINK_DOWNLINK_UNICAST_PLUS_NODE_BASE_DIAGNOSTIC
85000000000,85,edge_north_for_veh_11,veh_11,edge_north,EDGE,12000000000,39534480,0.085,0.08,0.005,pool_rsu_north,rsu_north,rsu_0,region_north_normal,84,1,39534480,59386200,MIN_RESIDUAL_CELL_UPLINK_DOWNLINK_DIAGNOSTIC,CELL_BANDWIDTH_STREAM_RESIDUAL,LATEST_SAFE_AVAILABLE_CELL_BUCKET,START_TIMESTAMP_FOR_INTERVAL,MAX_CELL_UPLINK_DOWNLINK_UNICAST_PLUS_NODE_BASE_DIAGNOSTIC
85000000000,85,cloud_regional_for_veh_11,veh_11,cloud_regional,CLOUD,100000000000,39534480,0.28,0.08,0.2,pool_rsu_north,rsu_north,rsu_0,region_north_normal,84,1,39534480,59386200,MIN_RESIDUAL_CELL_UPLINK_DOWNLINK_DIAGNOSTIC,CELL_BANDWIDTH_STREAM_RESIDUAL,LATEST_SAFE_AVAILABLE_CELL_BUCKET,START_TIMESTAMP_FOR_INTERVAL,MAX_CELL_UPLINK_DOWNLINK_UNICAST_PLUS_NODE_BASE_DIAGNOSTIC
86000000000,86,edge_north_for_veh_7,veh_7,edge_north,EDGE,12000000000,39534480,0.085,0.08,0.005,pool_rsu_north,rsu_north,rsu_0,region_north_normal,85,1,39534480,59386200,MIN_RESIDUAL_CELL_UPLINK_DOWNLINK_DIAGNOSTIC,CELL_BANDWIDTH_STREAM_RESIDUAL,LATEST_SAFE_AVAILABLE_CELL_BUCKET,START_TIMESTAMP_FOR_INTERVAL,MAX_CELL_UPLINK_DOWNLINK_UNICAST_PLUS_NODE_BASE_DIAGNOSTIC
86000000000,86,cloud_regional_for_veh_7,veh_7,cloud_regional,CLOUD,100000000000,39534480,0.28,0.08,0.2,pool_rsu_north,rsu_north,rsu_0,region_north_normal,85,1,39534480,59386200,MIN_RESIDUAL_CELL_UPLINK_DOWNLINK_DIAGNOSTIC,CELL_BANDWIDTH_STREAM_RESIDUAL,LATEST_SAFE_AVAILABLE_CELL_BUCKET,START_TIMESTAMP_FOR_INTERVAL,MAX_CELL_UPLINK_DOWNLINK_UNICAST_PLUS_NODE_BASE_DIAGNOSTIC
86000000000,86,edge_north_for_veh_8,veh_8,edge_north,EDGE,12000000000,39534480,0.085,0.08,0.005,pool_rsu_north,rsu_north,rsu_0,region_north_normal,85,1,39534480,59386200,MIN_RESIDUAL_CELL_UPLINK_DOWNLINK_DIAGNOSTIC,CELL_BANDWIDTH_STREAM_RESIDUAL,LATEST_SAFE_AVAILABLE_CELL_BUCKET,START_TIMESTAMP_FOR_INTERVAL,MAX_CELL_UPLINK_DOWNLINK_UNICAST_PLUS_NODE_BASE_DIAGNOSTIC
86000000000,86,cloud_regional_for_veh_8,veh_8,cloud_regional,CLOUD,100000000000,39534480,0.28,0.08,0.2,pool_rsu_north,rsu_north,rsu_0,region_north_normal,85,1,39534480,59386200,MIN_RESIDUAL_CELL_UPLINK_DOWNLINK_DIAGNOSTIC,CELL_BANDWIDTH_STREAM_RESIDUAL,LATEST_SAFE_AVAILABLE_CELL_BUCKET,START_TIMESTAMP_FOR_INTERVAL,MAX_CELL_UPLINK_DOWNLINK_UNICAST_PLUS_NODE_BASE_DIAGNOSTIC
86000000000,86,edge_north_for_veh_9,veh_9,edge_north,EDGE,12000000000,39534480,0.085,0.08,0.005,pool_rsu_north,rsu_north,rsu_0,region_north_normal,85,1,39534480,59386200,MIN_RESIDUAL_CELL_UPLINK_DOWNLINK_DIAGNOSTIC,CELL_BANDWIDTH_STREAM_RESIDUAL,LATEST_SAFE_AVAILABLE_CELL_BUCKET,START_TIMESTAMP_FOR_INTERVAL,MAX_CELL_UPLINK_DOWNLINK_UNICAST_PLUS_NODE_BASE_DIAGNOSTIC
86000000000,86,cloud_regional_for_veh_9,veh_9,cloud_regional,CLOUD,100000000000,39534480,0.28,0.08,0.2,pool_rsu_north,rsu_north,rsu_0,region_north_normal,85,1,39534480,59386200,MIN_RESIDUAL_CELL_UPLINK_DOWNLINK_DIAGNOSTIC,CELL_BANDWIDTH_STREAM_RESIDUAL,LATEST_SAFE_AVAILABLE_CELL_BUCKET,START_TIMESTAMP_FOR_INTERVAL,MAX_CELL_UPLINK_DOWNLINK_UNICAST_PLUS_NODE_BASE_DIAGNOSTIC
86000000000,86,edge_north_for_veh_10,veh_10,edge_north,EDGE,12000000000,39534480,0.085,0.08,0.005,pool_rsu_north,rsu_north,rsu_0,region_north_normal,85,1,39534480,59386200,MIN_RESIDUAL_CELL_UPLINK_DOWNLINK_DIAGNOSTIC,CELL_BANDWIDTH_STREAM_RESIDUAL,LATEST_SAFE_AVAILABLE_CELL_BUCKET,START_TIMESTAMP_FOR_INTERVAL,MAX_CELL_UPLINK_DOWNLINK_UNICAST_PLUS_NODE_BASE_DIAGNOSTIC
86000000000,86,cloud_regional_for_veh_10,veh_10,cloud_regional,CLOUD,100000000000,39534480,0.28,0.08,0.2,pool_rsu_north,rsu_north,rsu_0,region_north_normal,85,1,39534480,59386200,MIN_RESIDUAL_CELL_UPLINK_DOWNLINK_DIAGNOSTIC,CELL_BANDWIDTH_STREAM_RESIDUAL,LATEST_SAFE_AVAILABLE_CELL_BUCKET,START_TIMESTAMP_FOR_INTERVAL,MAX_CELL_UPLINK_DOWNLINK_UNICAST_PLUS_NODE_BASE_DIAGNOSTIC
86000000000,86,edge_north_for_veh_11,veh_11,edge_north,EDGE,12000000000,39534480,0.085,0.08,0.005,pool_rsu_north,rsu_north,rsu_0,region_north_normal,85,1,39534480,59386200,MIN_RESIDUAL_CELL_UPLINK_DOWNLINK_DIAGNOSTIC,CELL_BANDWIDTH_STREAM_RESIDUAL,LATEST_SAFE_AVAILABLE_CELL_BUCKET,START_TIMESTAMP_FOR_INTERVAL,MAX_CELL_UPLINK_DOWNLINK_UNICAST_PLUS_NODE_BASE_DIAGNOSTIC
86000000000,86,cloud_regional_for_veh_11,veh_11,cloud_regional,CLOUD,100000000000,39534480,0.28,0.08,0.2,pool_rsu_north,rsu_north,rsu_0,region_north_normal,85,1,39534480,59386200,MIN_RESIDUAL_CELL_UPLINK_DOWNLINK_DIAGNOSTIC,CELL_BANDWIDTH_STREAM_RESIDUAL,LATEST_SAFE_AVAILABLE_CELL_BUCKET,START_TIMESTAMP_FOR_INTERVAL,MAX_CELL_UPLINK_DOWNLINK_UNICAST_PLUS_NODE_BASE_DIAGNOSTIC
87000000000,87,edge_north_for_veh_7,veh_7,edge_north,EDGE,12000000000,39534480,0.085,0.08,0.005,pool_rsu_north,rsu_north,rsu_0,region_north_normal,86,1,39534480,59386200,MIN_RESIDUAL_CELL_UPLINK_DOWNLINK_DIAGNOSTIC,CELL_BANDWIDTH_STREAM_RESIDUAL,LATEST_SAFE_AVAILABLE_CELL_BUCKET,START_TIMESTAMP_FOR_INTERVAL,MAX_CELL_UPLINK_DOWNLINK_UNICAST_PLUS_NODE_BASE_DIAGNOSTIC
87000000000,87,cloud_regional_for_veh_7,veh_7,cloud_regional,CLOUD,100000000000,39534480,0.28,0.08,0.2,pool_rsu_north,rsu_north,rsu_0,region_north_normal,86,1,39534480,59386200,MIN_RESIDUAL_CELL_UPLINK_DOWNLINK_DIAGNOSTIC,CELL_BANDWIDTH_STREAM_RESIDUAL,LATEST_SAFE_AVAILABLE_CELL_BUCKET,START_TIMESTAMP_FOR_INTERVAL,MAX_CELL_UPLINK_DOWNLINK_UNICAST_PLUS_NODE_BASE_DIAGNOSTIC
87000000000,87,edge_north_for_veh_8,veh_8,edge_north,EDGE,12000000000,39534480,0.085,0.08,0.005,pool_rsu_north,rsu_north,rsu_0,region_north_normal,86,1,39534480,59386200,MIN_RESIDUAL_CELL_UPLINK_DOWNLINK_DIAGNOSTIC,CELL_BANDWIDTH_STREAM_RESIDUAL,LATEST_SAFE_AVAILABLE_CELL_BUCKET,START_TIMESTAMP_FOR_INTERVAL,MAX_CELL_UPLINK_DOWNLINK_UNICAST_PLUS_NODE_BASE_DIAGNOSTIC
87000000000,87,cloud_regional_for_veh_8,veh_8,cloud_regional,CLOUD,100000000000,39534480,0.28,0.08,0.2,pool_rsu_north,rsu_north,rsu_0,region_north_normal,86,1,39534480,59386200,MIN_RESIDUAL_CELL_UPLINK_DOWNLINK_DIAGNOSTIC,CELL_BANDWIDTH_STREAM_RESIDUAL,LATEST_SAFE_AVAILABLE_CELL_BUCKET,START_TIMESTAMP_FOR_INTERVAL,MAX_CELL_UPLINK_DOWNLINK_UNICAST_PLUS_NODE_BASE_DIAGNOSTIC
87000000000,87,edge_north_for_veh_9,veh_9,edge_north,EDGE,12000000000,39534480,0.085,0.08,0.005,pool_rsu_north,rsu_north,rsu_0,region_north_normal,86,1,39534480,59386200,MIN_RESIDUAL_CELL_UPLINK_DOWNLINK_DIAGNOSTIC,CELL_BANDWIDTH_STREAM_RESIDUAL,LATEST_SAFE_AVAILABLE_CELL_BUCKET,START_TIMESTAMP_FOR_INTERVAL,MAX_CELL_UPLINK_DOWNLINK_UNICAST_PLUS_NODE_BASE_DIAGNOSTIC
87000000000,87,cloud_regional_for_veh_9,veh_9,cloud_regional,CLOUD,100000000000,39534480,0.28,0.08,0.2,pool_rsu_north,rsu_north,rsu_0,region_north_normal,86,1,39534480,59386200,MIN_RESIDUAL_CELL_UPLINK_DOWNLINK_DIAGNOSTIC,CELL_BANDWIDTH_STREAM_RESIDUAL,LATEST_SAFE_AVAILABLE_CELL_BUCKET,START_TIMESTAMP_FOR_INTERVAL,MAX_CELL_UPLINK_DOWNLINK_UNICAST_PLUS_NODE_BASE_DIAGNOSTIC
87000000000,87,edge_north_for_veh_10,veh_10,edge_north,EDGE,12000000000,39534480,0.085,0.08,0.005,pool_rsu_north,rsu_north,rsu_0,region_north_normal,86,1,39534480,59386200,MIN_RESIDUAL_CELL_UPLINK_DOWNLINK_DIAGNOSTIC,CELL_BANDWIDTH_STREAM_RESIDUAL,LATEST_SAFE_AVAILABLE_CELL_BUCKET,START_TIMESTAMP_FOR_INTERVAL,MAX_CELL_UPLINK_DOWNLINK_UNICAST_PLUS_NODE_BASE_DIAGNOSTIC
87000000000,87,cloud_regional_for_veh_10,veh_10,cloud_regional,CLOUD,100000000000,39534480,0.28,0.08,0.2,pool_rsu_north,rsu_north,rsu_0,region_north_normal,86,1,39534480,59386200,MIN_RESIDUAL_CELL_UPLINK_DOWNLINK_DIAGNOSTIC,CELL_BANDWIDTH_STREAM_RESIDUAL,LATEST_SAFE_AVAILABLE_CELL_BUCKET,START_TIMESTAMP_FOR_INTERVAL,MAX_CELL_UPLINK_DOWNLINK_UNICAST_PLUS_NODE_BASE_DIAGNOSTIC
87000000000,87,edge_north_for_veh_11,veh_11,edge_north,EDGE,12000000000,39534480,0.085,0.08,0.005,pool_rsu_north,rsu_north,rsu_0,region_north_normal,86,1,39534480,59386200,MIN_RESIDUAL_CELL_UPLINK_DOWNLINK_DIAGNOSTIC,CELL_BANDWIDTH_STREAM_RESIDUAL,LATEST_SAFE_AVAILABLE_CELL_BUCKET,START_TIMESTAMP_FOR_INTERVAL,MAX_CELL_UPLINK_DOWNLINK_UNICAST_PLUS_NODE_BASE_DIAGNOSTIC
87000000000,87,cloud_regional_for_veh_11,veh_11,cloud_regional,CLOUD,100000000000,39534480,0.28,0.08,0.2,pool_rsu_north,rsu_north,rsu_0,region_north_normal,86,1,39534480,59386200,MIN_RESIDUAL_CELL_UPLINK_DOWNLINK_DIAGNOSTIC,CELL_BANDWIDTH_STREAM_RESIDUAL,LATEST_SAFE_AVAILABLE_CELL_BUCKET,START_TIMESTAMP_FOR_INTERVAL,MAX_CELL_UPLINK_DOWNLINK_UNICAST_PLUS_NODE_BASE_DIAGNOSTIC
88000000000,88,edge_north_for_veh_8,veh_8,edge_north,EDGE,12000000000,39576800,0.085,0.08,0.005,pool_rsu_north,rsu_north,rsu_0,region_north_normal,87,1,39576800,59442000,MIN_RESIDUAL_CELL_UPLINK_DOWNLINK_DIAGNOSTIC,CELL_BANDWIDTH_STREAM_RESIDUAL,LATEST_SAFE_AVAILABLE_CELL_BUCKET,START_TIMESTAMP_FOR_INTERVAL,MAX_CELL_UPLINK_DOWNLINK_UNICAST_PLUS_NODE_BASE_DIAGNOSTIC
88000000000,88,cloud_regional_for_veh_8,veh_8,cloud_regional,CLOUD,100000000000,39576800,0.28,0.08,0.2,pool_rsu_north,rsu_north,rsu_0,region_north_normal,87,1,39576800,59442000,MIN_RESIDUAL_CELL_UPLINK_DOWNLINK_DIAGNOSTIC,CELL_BANDWIDTH_STREAM_RESIDUAL,LATEST_SAFE_AVAILABLE_CELL_BUCKET,START_TIMESTAMP_FOR_INTERVAL,MAX_CELL_UPLINK_DOWNLINK_UNICAST_PLUS_NODE_BASE_DIAGNOSTIC
88000000000,88,edge_north_for_veh_9,veh_9,edge_north,EDGE,12000000000,39576800,0.085,0.08,0.005,pool_rsu_north,rsu_north,rsu_0,region_north_normal,87,1,39576800,59442000,MIN_RESIDUAL_CELL_UPLINK_DOWNLINK_DIAGNOSTIC,CELL_BANDWIDTH_STREAM_RESIDUAL,LATEST_SAFE_AVAILABLE_CELL_BUCKET,START_TIMESTAMP_FOR_INTERVAL,MAX_CELL_UPLINK_DOWNLINK_UNICAST_PLUS_NODE_BASE_DIAGNOSTIC
88000000000,88,cloud_regional_for_veh_9,veh_9,cloud_regional,CLOUD,100000000000,39576800,0.28,0.08,0.2,pool_rsu_north,rsu_north,rsu_0,region_north_normal,87,1,39576800,59442000,MIN_RESIDUAL_CELL_UPLINK_DOWNLINK_DIAGNOSTIC,CELL_BANDWIDTH_STREAM_RESIDUAL,LATEST_SAFE_AVAILABLE_CELL_BUCKET,START_TIMESTAMP_FOR_INTERVAL,MAX_CELL_UPLINK_DOWNLINK_UNICAST_PLUS_NODE_BASE_DIAGNOSTIC
88000000000,88,edge_north_for_veh_10,veh_10,edge_north,EDGE,12000000000,39576800,0.085,0.08,0.005,pool_rsu_north,rsu_north,rsu_0,region_north_normal,87,1,39576800,59442000,MIN_RESIDUAL_CELL_UPLINK_DOWNLINK_DIAGNOSTIC,CELL_BANDWIDTH_STREAM_RESIDUAL,LATEST_SAFE_AVAILABLE_CELL_BUCKET,START_TIMESTAMP_FOR_INTERVAL,MAX_CELL_UPLINK_DOWNLINK_UNICAST_PLUS_NODE_BASE_DIAGNOSTIC
88000000000,88,cloud_regional_for_veh_10,veh_10,cloud_regional,CLOUD,100000000000,39576800,0.28,0.08,0.2,pool_rsu_north,rsu_north,rsu_0,region_north_normal,87,1,39576800,59442000,MIN_RESIDUAL_CELL_UPLINK_DOWNLINK_DIAGNOSTIC,CELL_BANDWIDTH_STREAM_RESIDUAL,LATEST_SAFE_AVAILABLE_CELL_BUCKET,START_TIMESTAMP_FOR_INTERVAL,MAX_CELL_UPLINK_DOWNLINK_UNICAST_PLUS_NODE_BASE_DIAGNOSTIC
88000000000,88,edge_north_for_veh_11,veh_11,edge_north,EDGE,12000000000,39576800,0.085,0.08,0.005,pool_rsu_north,rsu_north,rsu_0,region_north_normal,87,1,39576800,59442000,MIN_RESIDUAL_CELL_UPLINK_DOWNLINK_DIAGNOSTIC,CELL_BANDWIDTH_STREAM_RESIDUAL,LATEST_SAFE_AVAILABLE_CELL_BUCKET,START_TIMESTAMP_FOR_INTERVAL,MAX_CELL_UPLINK_DOWNLINK_UNICAST_PLUS_NODE_BASE_DIAGNOSTIC
88000000000,88,cloud_regional_for_veh_11,veh_11,cloud_regional,CLOUD,100000000000,39576800,0.28,0.08,0.2,pool_rsu_north,rsu_north,rsu_0,region_north_normal,87,1,39576800,59442000,MIN_RESIDUAL_CELL_UPLINK_DOWNLINK_DIAGNOSTIC,CELL_BANDWIDTH_STREAM_RESIDUAL,LATEST_SAFE_AVAILABLE_CELL_BUCKET,START_TIMESTAMP_FOR_INTERVAL,MAX_CELL_UPLINK_DOWNLINK_UNICAST_PLUS_NODE_BASE_DIAGNOSTIC
89000000000,89,edge_north_for_veh_8,veh_8,edge_north,EDGE,12000000000,39576800,0.085,0.08,0.005,pool_rsu_north,rsu_north,rsu_0,region_north_normal,88,1,39576800,59442000,MIN_RESIDUAL_CELL_UPLINK_DOWNLINK_DIAGNOSTIC,CELL_BANDWIDTH_STREAM_RESIDUAL,LATEST_SAFE_AVAILABLE_CELL_BUCKET,START_TIMESTAMP_FOR_INTERVAL,MAX_CELL_UPLINK_DOWNLINK_UNICAST_PLUS_NODE_BASE_DIAGNOSTIC
89000000000,89,cloud_regional_for_veh_8,veh_8,cloud_regional,CLOUD,100000000000,39576800,0.28,0.08,0.2,pool_rsu_north,rsu_north,rsu_0,region_north_normal,88,1,39576800,59442000,MIN_RESIDUAL_CELL_UPLINK_DOWNLINK_DIAGNOSTIC,CELL_BANDWIDTH_STREAM_RESIDUAL,LATEST_SAFE_AVAILABLE_CELL_BUCKET,START_TIMESTAMP_FOR_INTERVAL,MAX_CELL_UPLINK_DOWNLINK_UNICAST_PLUS_NODE_BASE_DIAGNOSTIC
89000000000,89,edge_north_for_veh_9,veh_9,edge_north,EDGE,12000000000,39576800,0.085,0.08,0.005,pool_rsu_north,rsu_north,rsu_0,region_north_normal,88,1,39576800,59442000,MIN_RESIDUAL_CELL_UPLINK_DOWNLINK_DIAGNOSTIC,CELL_BANDWIDTH_STREAM_RESIDUAL,LATEST_SAFE_AVAILABLE_CELL_BUCKET,START_TIMESTAMP_FOR_INTERVAL,MAX_CELL_UPLINK_DOWNLINK_UNICAST_PLUS_NODE_BASE_DIAGNOSTIC
89000000000,89,cloud_regional_for_veh_9,veh_9,cloud_regional,CLOUD,100000000000,39576800,0.28,0.08,0.2,pool_rsu_north,rsu_north,rsu_0,region_north_normal,88,1,39576800,59442000,MIN_RESIDUAL_CELL_UPLINK_DOWNLINK_DIAGNOSTIC,CELL_BANDWIDTH_STREAM_RESIDUAL,LATEST_SAFE_AVAILABLE_CELL_BUCKET,START_TIMESTAMP_FOR_INTERVAL,MAX_CELL_UPLINK_DOWNLINK_UNICAST_PLUS_NODE_BASE_DIAGNOSTIC
89000000000,89,edge_north_for_veh_10,veh_10,edge_north,EDGE,12000000000,39576800,0.085,0.08,0.005,pool_rsu_north,rsu_north,rsu_0,region_north_normal,88,1,39576800,59442000,MIN_RESIDUAL_CELL_UPLINK_DOWNLINK_DIAGNOSTIC,CELL_BANDWIDTH_STREAM_RESIDUAL,LATEST_SAFE_AVAILABLE_CELL_BUCKET,START_TIMESTAMP_FOR_INTERVAL,MAX_CELL_UPLINK_DOWNLINK_UNICAST_PLUS_NODE_BASE_DIAGNOSTIC
89000000000,89,cloud_regional_for_veh_10,veh_10,cloud_regional,CLOUD,100000000000,39576800,0.28,0.08,0.2,pool_rsu_north,rsu_north,rsu_0,region_north_normal,88,1,39576800,59442000,MIN_RESIDUAL_CELL_UPLINK_DOWNLINK_DIAGNOSTIC,CELL_BANDWIDTH_STREAM_RESIDUAL,LATEST_SAFE_AVAILABLE_CELL_BUCKET,START_TIMESTAMP_FOR_INTERVAL,MAX_CELL_UPLINK_DOWNLINK_UNICAST_PLUS_NODE_BASE_DIAGNOSTIC
89000000000,89,edge_north_for_veh_11,veh_11,edge_north,EDGE,12000000000,39576800,0.085,0.08,0.005,pool_rsu_north,rsu_north,rsu_0,region_north_normal,88,1,39576800,59442000,MIN_RESIDUAL_CELL_UPLINK_DOWNLINK_DIAGNOSTIC,CELL_BANDWIDTH_STREAM_RESIDUAL,LATEST_SAFE_AVAILABLE_CELL_BUCKET,START_TIMESTAMP_FOR_INTERVAL,MAX_CELL_UPLINK_DOWNLINK_UNICAST_PLUS_NODE_BASE_DIAGNOSTIC
89000000000,89,cloud_regional_for_veh_11,veh_11,cloud_regional,CLOUD,100000000000,39576800,0.28,0.08,0.2,pool_rsu_north,rsu_north,rsu_0,region_north_normal,88,1,39576800,59442000,MIN_RESIDUAL_CELL_UPLINK_DOWNLINK_DIAGNOSTIC,CELL_BANDWIDTH_STREAM_RESIDUAL,LATEST_SAFE_AVAILABLE_CELL_BUCKET,START_TIMESTAMP_FOR_INTERVAL,MAX_CELL_UPLINK_DOWNLINK_UNICAST_PLUS_NODE_BASE_DIAGNOSTIC
90000000000,90,edge_north_for_veh_8,veh_8,edge_north,EDGE,12000000000,39576800,0.085,0.08,0.005,pool_rsu_north,rsu_north,rsu_0,region_north_normal,89,1,39576800,59442000,MIN_RESIDUAL_CELL_UPLINK_DOWNLINK_DIAGNOSTIC,CELL_BANDWIDTH_STREAM_RESIDUAL,LATEST_SAFE_AVAILABLE_CELL_BUCKET,START_TIMESTAMP_FOR_INTERVAL,MAX_CELL_UPLINK_DOWNLINK_UNICAST_PLUS_NODE_BASE_DIAGNOSTIC
90000000000,90,cloud_regional_for_veh_8,veh_8,cloud_regional,CLOUD,100000000000,39576800,0.28,0.08,0.2,pool_rsu_north,rsu_north,rsu_0,region_north_normal,89,1,39576800,59442000,MIN_RESIDUAL_CELL_UPLINK_DOWNLINK_DIAGNOSTIC,CELL_BANDWIDTH_STREAM_RESIDUAL,LATEST_SAFE_AVAILABLE_CELL_BUCKET,START_TIMESTAMP_FOR_INTERVAL,MAX_CELL_UPLINK_DOWNLINK_UNICAST_PLUS_NODE_BASE_DIAGNOSTIC
90000000000,90,edge_north_for_veh_9,veh_9,edge_north,EDGE,12000000000,39576800,0.085,0.08,0.005,pool_rsu_north,rsu_north,rsu_0,region_north_normal,89,1,39576800,59442000,MIN_RESIDUAL_CELL_UPLINK_DOWNLINK_DIAGNOSTIC,CELL_BANDWIDTH_STREAM_RESIDUAL,LATEST_SAFE_AVAILABLE_CELL_BUCKET,START_TIMESTAMP_FOR_INTERVAL,MAX_CELL_UPLINK_DOWNLINK_UNICAST_PLUS_NODE_BASE_DIAGNOSTIC
90000000000,90,cloud_regional_for_veh_9,veh_9,cloud_regional,CLOUD,100000000000,39576800,0.28,0.08,0.2,pool_rsu_north,rsu_north,rsu_0,region_north_normal,89,1,39576800,59442000,MIN_RESIDUAL_CELL_UPLINK_DOWNLINK_DIAGNOSTIC,CELL_BANDWIDTH_STREAM_RESIDUAL,LATEST_SAFE_AVAILABLE_CELL_BUCKET,START_TIMESTAMP_FOR_INTERVAL,MAX_CELL_UPLINK_DOWNLINK_UNICAST_PLUS_NODE_BASE_DIAGNOSTIC
90000000000,90,edge_north_for_veh_10,veh_10,edge_north,EDGE,12000000000,39576800,0.085,0.08,0.005,pool_rsu_north,rsu_north,rsu_0,region_north_normal,89,1,39576800,59442000,MIN_RESIDUAL_CELL_UPLINK_DOWNLINK_DIAGNOSTIC,CELL_BANDWIDTH_STREAM_RESIDUAL,LATEST_SAFE_AVAILABLE_CELL_BUCKET,START_TIMESTAMP_FOR_INTERVAL,MAX_CELL_UPLINK_DOWNLINK_UNICAST_PLUS_NODE_BASE_DIAGNOSTIC
90000000000,90,cloud_regional_for_veh_10,veh_10,cloud_regional,CLOUD,100000000000,39576800,0.28,0.08,0.2,pool_rsu_north,rsu_north,rsu_0,region_north_normal,89,1,39576800,59442000,MIN_RESIDUAL_CELL_UPLINK_DOWNLINK_DIAGNOSTIC,CELL_BANDWIDTH_STREAM_RESIDUAL,LATEST_SAFE_AVAILABLE_CELL_BUCKET,START_TIMESTAMP_FOR_INTERVAL,MAX_CELL_UPLINK_DOWNLINK_UNICAST_PLUS_NODE_BASE_DIAGNOSTIC
90000000000,90,edge_north_for_veh_11,veh_11,edge_north,EDGE,12000000000,39576800,0.085,0.08,0.005,pool_rsu_north,rsu_north,rsu_0,region_north_normal,89,1,39576800,59442000,MIN_RESIDUAL_CELL_UPLINK_DOWNLINK_DIAGNOSTIC,CELL_BANDWIDTH_STREAM_RESIDUAL,LATEST_SAFE_AVAILABLE_CELL_BUCKET,START_TIMESTAMP_FOR_INTERVAL,MAX_CELL_UPLINK_DOWNLINK_UNICAST_PLUS_NODE_BASE_DIAGNOSTIC
90000000000,90,cloud_regional_for_veh_11,veh_11,cloud_regional,CLOUD,100000000000,39576800,0.28,0.08,0.2,pool_rsu_north,rsu_north,rsu_0,region_north_normal,89,1,39576800,59442000,MIN_RESIDUAL_CELL_UPLINK_DOWNLINK_DIAGNOSTIC,CELL_BANDWIDTH_STREAM_RESIDUAL,LATEST_SAFE_AVAILABLE_CELL_BUCKET,START_TIMESTAMP_FOR_INTERVAL,MAX_CELL_UPLINK_DOWNLINK_UNICAST_PLUS_NODE_BASE_DIAGNOSTIC
91000000000,91,edge_north_for_veh_8,veh_8,edge_north,EDGE,12000000000,39576800,0.085,0.08,0.005,pool_rsu_north,rsu_north,rsu_0,region_north_normal,90,1,39576800,59442000,MIN_RESIDUAL_CELL_UPLINK_DOWNLINK_DIAGNOSTIC,CELL_BANDWIDTH_STREAM_RESIDUAL,LATEST_SAFE_AVAILABLE_CELL_BUCKET,START_TIMESTAMP_FOR_INTERVAL,MAX_CELL_UPLINK_DOWNLINK_UNICAST_PLUS_NODE_BASE_DIAGNOSTIC
91000000000,91,cloud_regional_for_veh_8,veh_8,cloud_regional,CLOUD,100000000000,39576800,0.28,0.08,0.2,pool_rsu_north,rsu_north,rsu_0,region_north_normal,90,1,39576800,59442000,MIN_RESIDUAL_CELL_UPLINK_DOWNLINK_DIAGNOSTIC,CELL_BANDWIDTH_STREAM_RESIDUAL,LATEST_SAFE_AVAILABLE_CELL_BUCKET,START_TIMESTAMP_FOR_INTERVAL,MAX_CELL_UPLINK_DOWNLINK_UNICAST_PLUS_NODE_BASE_DIAGNOSTIC
91000000000,91,edge_north_for_veh_9,veh_9,edge_north,EDGE,12000000000,39576800,0.085,0.08,0.005,pool_rsu_north,rsu_north,rsu_0,region_north_normal,90,1,39576800,59442000,MIN_RESIDUAL_CELL_UPLINK_DOWNLINK_DIAGNOSTIC,CELL_BANDWIDTH_STREAM_RESIDUAL,LATEST_SAFE_AVAILABLE_CELL_BUCKET,START_TIMESTAMP_FOR_INTERVAL,MAX_CELL_UPLINK_DOWNLINK_UNICAST_PLUS_NODE_BASE_DIAGNOSTIC
91000000000,91,cloud_regional_for_veh_9,veh_9,cloud_regional,CLOUD,100000000000,39576800,0.28,0.08,0.2,pool_rsu_north,rsu_north,rsu_0,region_north_normal,90,1,39576800,59442000,MIN_RESIDUAL_CELL_UPLINK_DOWNLINK_DIAGNOSTIC,CELL_BANDWIDTH_STREAM_RESIDUAL,LATEST_SAFE_AVAILABLE_CELL_BUCKET,START_TIMESTAMP_FOR_INTERVAL,MAX_CELL_UPLINK_DOWNLINK_UNICAST_PLUS_NODE_BASE_DIAGNOSTIC
91000000000,91,edge_north_for_veh_10,veh_10,edge_north,EDGE,12000000000,39576800,0.085,0.08,0.005,pool_rsu_north,rsu_north,rsu_0,region_north_normal,90,1,39576800,59442000,MIN_RESIDUAL_CELL_UPLINK_DOWNLINK_DIAGNOSTIC,CELL_BANDWIDTH_STREAM_RESIDUAL,LATEST_SAFE_AVAILABLE_CELL_BUCKET,START_TIMESTAMP_FOR_INTERVAL,MAX_CELL_UPLINK_DOWNLINK_UNICAST_PLUS_NODE_BASE_DIAGNOSTIC
91000000000,91,cloud_regional_for_veh_10,veh_10,cloud_regional,CLOUD,100000000000,39576800,0.28,0.08,0.2,pool_rsu_north,rsu_north,rsu_0,region_north_normal,90,1,39576800,59442000,MIN_RESIDUAL_CELL_UPLINK_DOWNLINK_DIAGNOSTIC,CELL_BANDWIDTH_STREAM_RESIDUAL,LATEST_SAFE_AVAILABLE_CELL_BUCKET,START_TIMESTAMP_FOR_INTERVAL,MAX_CELL_UPLINK_DOWNLINK_UNICAST_PLUS_NODE_BASE_DIAGNOSTIC
91000000000,91,edge_north_for_veh_11,veh_11,edge_north,EDGE,12000000000,39576800,0.085,0.08,0.005,pool_rsu_north,rsu_north,rsu_0,region_north_normal,90,1,39576800,59442000,MIN_RESIDUAL_CELL_UPLINK_DOWNLINK_DIAGNOSTIC,CELL_BANDWIDTH_STREAM_RESIDUAL,LATEST_SAFE_AVAILABLE_CELL_BUCKET,START_TIMESTAMP_FOR_INTERVAL,MAX_CELL_UPLINK_DOWNLINK_UNICAST_PLUS_NODE_BASE_DIAGNOSTIC
91000000000,91,cloud_regional_for_veh_11,veh_11,cloud_regional,CLOUD,100000000000,39576800,0.28,0.08,0.2,pool_rsu_north,rsu_north,rsu_0,region_north_normal,90,1,39576800,59442000,MIN_RESIDUAL_CELL_UPLINK_DOWNLINK_DIAGNOSTIC,CELL_BANDWIDTH_STREAM_RESIDUAL,LATEST_SAFE_AVAILABLE_CELL_BUCKET,START_TIMESTAMP_FOR_INTERVAL,MAX_CELL_UPLINK_DOWNLINK_UNICAST_PLUS_NODE_BASE_DIAGNOSTIC
92000000000,92,edge_north_for_veh_9,veh_9,edge_north,EDGE,12000000000,39619120,0.085,0.08,0.005,pool_rsu_north,rsu_north,rsu_0,region_north_normal,91,1,39619120,59497800,MIN_RESIDUAL_CELL_UPLINK_DOWNLINK_DIAGNOSTIC,CELL_BANDWIDTH_STREAM_RESIDUAL,LATEST_SAFE_AVAILABLE_CELL_BUCKET,START_TIMESTAMP_FOR_INTERVAL,MAX_CELL_UPLINK_DOWNLINK_UNICAST_PLUS_NODE_BASE_DIAGNOSTIC
92000000000,92,cloud_regional_for_veh_9,veh_9,cloud_regional,CLOUD,100000000000,39619120,0.28,0.08,0.2,pool_rsu_north,rsu_north,rsu_0,region_north_normal,91,1,39619120,59497800,MIN_RESIDUAL_CELL_UPLINK_DOWNLINK_DIAGNOSTIC,CELL_BANDWIDTH_STREAM_RESIDUAL,LATEST_SAFE_AVAILABLE_CELL_BUCKET,START_TIMESTAMP_FOR_INTERVAL,MAX_CELL_UPLINK_DOWNLINK_UNICAST_PLUS_NODE_BASE_DIAGNOSTIC
92000000000,92,edge_north_for_veh_10,veh_10,edge_north,EDGE,12000000000,39619120,0.085,0.08,0.005,pool_rsu_north,rsu_north,rsu_0,region_north_normal,91,1,39619120,59497800,MIN_RESIDUAL_CELL_UPLINK_DOWNLINK_DIAGNOSTIC,CELL_BANDWIDTH_STREAM_RESIDUAL,LATEST_SAFE_AVAILABLE_CELL_BUCKET,START_TIMESTAMP_FOR_INTERVAL,MAX_CELL_UPLINK_DOWNLINK_UNICAST_PLUS_NODE_BASE_DIAGNOSTIC
92000000000,92,cloud_regional_for_veh_10,veh_10,cloud_regional,CLOUD,100000000000,39619120,0.28,0.08,0.2,pool_rsu_north,rsu_north,rsu_0,region_north_normal,91,1,39619120,59497800,MIN_RESIDUAL_CELL_UPLINK_DOWNLINK_DIAGNOSTIC,CELL_BANDWIDTH_STREAM_RESIDUAL,LATEST_SAFE_AVAILABLE_CELL_BUCKET,START_TIMESTAMP_FOR_INTERVAL,MAX_CELL_UPLINK_DOWNLINK_UNICAST_PLUS_NODE_BASE_DIAGNOSTIC
92000000000,92,edge_north_for_veh_11,veh_11,edge_north,EDGE,12000000000,39619120,0.085,0.08,0.005,pool_rsu_north,rsu_north,rsu_0,region_north_normal,91,1,39619120,59497800,MIN_RESIDUAL_CELL_UPLINK_DOWNLINK_DIAGNOSTIC,CELL_BANDWIDTH_STREAM_RESIDUAL,LATEST_SAFE_AVAILABLE_CELL_BUCKET,START_TIMESTAMP_FOR_INTERVAL,MAX_CELL_UPLINK_DOWNLINK_UNICAST_PLUS_NODE_BASE_DIAGNOSTIC
92000000000,92,cloud_regional_for_veh_11,veh_11,cloud_regional,CLOUD,100000000000,39619120,0.28,0.08,0.2,pool_rsu_north,rsu_north,rsu_0,region_north_normal,91,1,39619120,59497800,MIN_RESIDUAL_CELL_UPLINK_DOWNLINK_DIAGNOSTIC,CELL_BANDWIDTH_STREAM_RESIDUAL,LATEST_SAFE_AVAILABLE_CELL_BUCKET,START_TIMESTAMP_FOR_INTERVAL,MAX_CELL_UPLINK_DOWNLINK_UNICAST_PLUS_NODE_BASE_DIAGNOSTIC
93000000000,93,edge_north_for_veh_9,veh_9,edge_north,EDGE,12000000000,39619120,0.085,0.08,0.005,pool_rsu_north,rsu_north,rsu_0,region_north_normal,92,1,39619120,59497800,MIN_RESIDUAL_CELL_UPLINK_DOWNLINK_DIAGNOSTIC,CELL_BANDWIDTH_STREAM_RESIDUAL,LATEST_SAFE_AVAILABLE_CELL_BUCKET,START_TIMESTAMP_FOR_INTERVAL,MAX_CELL_UPLINK_DOWNLINK_UNICAST_PLUS_NODE_BASE_DIAGNOSTIC
93000000000,93,cloud_regional_for_veh_9,veh_9,cloud_regional,CLOUD,100000000000,39619120,0.28,0.08,0.2,pool_rsu_north,rsu_north,rsu_0,region_north_normal,92,1,39619120,59497800,MIN_RESIDUAL_CELL_UPLINK_DOWNLINK_DIAGNOSTIC,CELL_BANDWIDTH_STREAM_RESIDUAL,LATEST_SAFE_AVAILABLE_CELL_BUCKET,START_TIMESTAMP_FOR_INTERVAL,MAX_CELL_UPLINK_DOWNLINK_UNICAST_PLUS_NODE_BASE_DIAGNOSTIC
93000000000,93,edge_north_for_veh_10,veh_10,edge_north,EDGE,12000000000,39619120,0.085,0.08,0.005,pool_rsu_north,rsu_north,rsu_0,region_north_normal,92,1,39619120,59497800,MIN_RESIDUAL_CELL_UPLINK_DOWNLINK_DIAGNOSTIC,CELL_BANDWIDTH_STREAM_RESIDUAL,LATEST_SAFE_AVAILABLE_CELL_BUCKET,START_TIMESTAMP_FOR_INTERVAL,MAX_CELL_UPLINK_DOWNLINK_UNICAST_PLUS_NODE_BASE_DIAGNOSTIC
93000000000,93,cloud_regional_for_veh_10,veh_10,cloud_regional,CLOUD,100000000000,39619120,0.28,0.08,0.2,pool_rsu_north,rsu_north,rsu_0,region_north_normal,92,1,39619120,59497800,MIN_RESIDUAL_CELL_UPLINK_DOWNLINK_DIAGNOSTIC,CELL_BANDWIDTH_STREAM_RESIDUAL,LATEST_SAFE_AVAILABLE_CELL_BUCKET,START_TIMESTAMP_FOR_INTERVAL,MAX_CELL_UPLINK_DOWNLINK_UNICAST_PLUS_NODE_BASE_DIAGNOSTIC
93000000000,93,edge_north_for_veh_11,veh_11,edge_north,EDGE,12000000000,39619120,0.085,0.08,0.005,pool_rsu_north,rsu_north,rsu_0,region_north_normal,92,1,39619120,59497800,MIN_RESIDUAL_CELL_UPLINK_DOWNLINK_DIAGNOSTIC,CELL_BANDWIDTH_STREAM_RESIDUAL,LATEST_SAFE_AVAILABLE_CELL_BUCKET,START_TIMESTAMP_FOR_INTERVAL,MAX_CELL_UPLINK_DOWNLINK_UNICAST_PLUS_NODE_BASE_DIAGNOSTIC
93000000000,93,cloud_regional_for_veh_11,veh_11,cloud_regional,CLOUD,100000000000,39619120,0.28,0.08,0.2,pool_rsu_north,rsu_north,rsu_0,region_north_normal,92,1,39619120,59497800,MIN_RESIDUAL_CELL_UPLINK_DOWNLINK_DIAGNOSTIC,CELL_BANDWIDTH_STREAM_RESIDUAL,LATEST_SAFE_AVAILABLE_CELL_BUCKET,START_TIMESTAMP_FOR_INTERVAL,MAX_CELL_UPLINK_DOWNLINK_UNICAST_PLUS_NODE_BASE_DIAGNOSTIC
94000000000,94,edge_north_for_veh_9,veh_9,edge_north,EDGE,12000000000,39619120,0.085,0.08,0.005,pool_rsu_north,rsu_north,rsu_0,region_north_normal,93,1,39619120,59497800,MIN_RESIDUAL_CELL_UPLINK_DOWNLINK_DIAGNOSTIC,CELL_BANDWIDTH_STREAM_RESIDUAL,LATEST_SAFE_AVAILABLE_CELL_BUCKET,START_TIMESTAMP_FOR_INTERVAL,MAX_CELL_UPLINK_DOWNLINK_UNICAST_PLUS_NODE_BASE_DIAGNOSTIC
94000000000,94,cloud_regional_for_veh_9,veh_9,cloud_regional,CLOUD,100000000000,39619120,0.28,0.08,0.2,pool_rsu_north,rsu_north,rsu_0,region_north_normal,93,1,39619120,59497800,MIN_RESIDUAL_CELL_UPLINK_DOWNLINK_DIAGNOSTIC,CELL_BANDWIDTH_STREAM_RESIDUAL,LATEST_SAFE_AVAILABLE_CELL_BUCKET,START_TIMESTAMP_FOR_INTERVAL,MAX_CELL_UPLINK_DOWNLINK_UNICAST_PLUS_NODE_BASE_DIAGNOSTIC
94000000000,94,edge_north_for_veh_10,veh_10,edge_north,EDGE,12000000000,39619120,0.085,0.08,0.005,pool_rsu_north,rsu_north,rsu_0,region_north_normal,93,1,39619120,59497800,MIN_RESIDUAL_CELL_UPLINK_DOWNLINK_DIAGNOSTIC,CELL_BANDWIDTH_STREAM_RESIDUAL,LATEST_SAFE_AVAILABLE_CELL_BUCKET,START_TIMESTAMP_FOR_INTERVAL,MAX_CELL_UPLINK_DOWNLINK_UNICAST_PLUS_NODE_BASE_DIAGNOSTIC
94000000000,94,cloud_regional_for_veh_10,veh_10,cloud_regional,CLOUD,100000000000,39619120,0.28,0.08,0.2,pool_rsu_north,rsu_north,rsu_0,region_north_normal,93,1,39619120,59497800,MIN_RESIDUAL_CELL_UPLINK_DOWNLINK_DIAGNOSTIC,CELL_BANDWIDTH_STREAM_RESIDUAL,LATEST_SAFE_AVAILABLE_CELL_BUCKET,START_TIMESTAMP_FOR_INTERVAL,MAX_CELL_UPLINK_DOWNLINK_UNICAST_PLUS_NODE_BASE_DIAGNOSTIC
94000000000,94,edge_north_for_veh_11,veh_11,edge_north,EDGE,12000000000,39619120,0.085,0.08,0.005,pool_rsu_north,rsu_north,rsu_0,region_north_normal,93,1,39619120,59497800,MIN_RESIDUAL_CELL_UPLINK_DOWNLINK_DIAGNOSTIC,CELL_BANDWIDTH_STREAM_RESIDUAL,LATEST_SAFE_AVAILABLE_CELL_BUCKET,START_TIMESTAMP_FOR_INTERVAL,MAX_CELL_UPLINK_DOWNLINK_UNICAST_PLUS_NODE_BASE_DIAGNOSTIC
94000000000,94,cloud_regional_for_veh_11,veh_11,cloud_regional,CLOUD,100000000000,39619120,0.28,0.08,0.2,pool_rsu_north,rsu_north,rsu_0,region_north_normal,93,1,39619120,59497800,MIN_RESIDUAL_CELL_UPLINK_DOWNLINK_DIAGNOSTIC,CELL_BANDWIDTH_STREAM_RESIDUAL,LATEST_SAFE_AVAILABLE_CELL_BUCKET,START_TIMESTAMP_FOR_INTERVAL,MAX_CELL_UPLINK_DOWNLINK_UNICAST_PLUS_NODE_BASE_DIAGNOSTIC
95000000000,95,edge_north_for_veh_9,veh_9,edge_north,EDGE,12000000000,39619120,0.085,0.08,0.005,pool_rsu_north,rsu_north,rsu_0,region_north_normal,94,1,39619120,59497800,MIN_RESIDUAL_CELL_UPLINK_DOWNLINK_DIAGNOSTIC,CELL_BANDWIDTH_STREAM_RESIDUAL,LATEST_SAFE_AVAILABLE_CELL_BUCKET,START_TIMESTAMP_FOR_INTERVAL,MAX_CELL_UPLINK_DOWNLINK_UNICAST_PLUS_NODE_BASE_DIAGNOSTIC
95000000000,95,cloud_regional_for_veh_9,veh_9,cloud_regional,CLOUD,100000000000,39619120,0.28,0.08,0.2,pool_rsu_north,rsu_north,rsu_0,region_north_normal,94,1,39619120,59497800,MIN_RESIDUAL_CELL_UPLINK_DOWNLINK_DIAGNOSTIC,CELL_BANDWIDTH_STREAM_RESIDUAL,LATEST_SAFE_AVAILABLE_CELL_BUCKET,START_TIMESTAMP_FOR_INTERVAL,MAX_CELL_UPLINK_DOWNLINK_UNICAST_PLUS_NODE_BASE_DIAGNOSTIC
95000000000,95,edge_north_for_veh_10,veh_10,edge_north,EDGE,12000000000,39619120,0.085,0.08,0.005,pool_rsu_north,rsu_north,rsu_0,region_north_normal,94,1,39619120,59497800,MIN_RESIDUAL_CELL_UPLINK_DOWNLINK_DIAGNOSTIC,CELL_BANDWIDTH_STREAM_RESIDUAL,LATEST_SAFE_AVAILABLE_CELL_BUCKET,START_TIMESTAMP_FOR_INTERVAL,MAX_CELL_UPLINK_DOWNLINK_UNICAST_PLUS_NODE_BASE_DIAGNOSTIC
95000000000,95,cloud_regional_for_veh_10,veh_10,cloud_regional,CLOUD,100000000000,39619120,0.28,0.08,0.2,pool_rsu_north,rsu_north,rsu_0,region_north_normal,94,1,39619120,59497800,MIN_RESIDUAL_CELL_UPLINK_DOWNLINK_DIAGNOSTIC,CELL_BANDWIDTH_STREAM_RESIDUAL,LATEST_SAFE_AVAILABLE_CELL_BUCKET,START_TIMESTAMP_FOR_INTERVAL,MAX_CELL_UPLINK_DOWNLINK_UNICAST_PLUS_NODE_BASE_DIAGNOSTIC
95000000000,95,edge_north_for_veh_11,veh_11,edge_north,EDGE,12000000000,39619120,0.085,0.08,0.005,pool_rsu_north,rsu_north,rsu_0,region_north_normal,94,1,39619120,59497800,MIN_RESIDUAL_CELL_UPLINK_DOWNLINK_DIAGNOSTIC,CELL_BANDWIDTH_STREAM_RESIDUAL,LATEST_SAFE_AVAILABLE_CELL_BUCKET,START_TIMESTAMP_FOR_INTERVAL,MAX_CELL_UPLINK_DOWNLINK_UNICAST_PLUS_NODE_BASE_DIAGNOSTIC
95000000000,95,cloud_regional_for_veh_11,veh_11,cloud_regional,CLOUD,100000000000,39619120,0.28,0.08,0.2,pool_rsu_north,rsu_north,rsu_0,region_north_normal,94,1,39619120,59497800,MIN_RESIDUAL_CELL_UPLINK_DOWNLINK_DIAGNOSTIC,CELL_BANDWIDTH_STREAM_RESIDUAL,LATEST_SAFE_AVAILABLE_CELL_BUCKET,START_TIMESTAMP_FOR_INTERVAL,MAX_CELL_UPLINK_DOWNLINK_UNICAST_PLUS_NODE_BASE_DIAGNOSTIC
96000000000,96,edge_north_for_veh_10,veh_10,edge_north,EDGE,12000000000,39661440,0.085,0.08,0.005,pool_rsu_north,rsu_north,rsu_0,region_north_normal,95,1,39661440,59553600,MIN_RESIDUAL_CELL_UPLINK_DOWNLINK_DIAGNOSTIC,CELL_BANDWIDTH_STREAM_RESIDUAL,LATEST_SAFE_AVAILABLE_CELL_BUCKET,START_TIMESTAMP_FOR_INTERVAL,MAX_CELL_UPLINK_DOWNLINK_UNICAST_PLUS_NODE_BASE_DIAGNOSTIC
96000000000,96,cloud_regional_for_veh_10,veh_10,cloud_regional,CLOUD,100000000000,39661440,0.28,0.08,0.2,pool_rsu_north,rsu_north,rsu_0,region_north_normal,95,1,39661440,59553600,MIN_RESIDUAL_CELL_UPLINK_DOWNLINK_DIAGNOSTIC,CELL_BANDWIDTH_STREAM_RESIDUAL,LATEST_SAFE_AVAILABLE_CELL_BUCKET,START_TIMESTAMP_FOR_INTERVAL,MAX_CELL_UPLINK_DOWNLINK_UNICAST_PLUS_NODE_BASE_DIAGNOSTIC
96000000000,96,edge_north_for_veh_11,veh_11,edge_north,EDGE,12000000000,39661440,0.085,0.08,0.005,pool_rsu_north,rsu_north,rsu_0,region_north_normal,95,1,39661440,59553600,MIN_RESIDUAL_CELL_UPLINK_DOWNLINK_DIAGNOSTIC,CELL_BANDWIDTH_STREAM_RESIDUAL,LATEST_SAFE_AVAILABLE_CELL_BUCKET,START_TIMESTAMP_FOR_INTERVAL,MAX_CELL_UPLINK_DOWNLINK_UNICAST_PLUS_NODE_BASE_DIAGNOSTIC
96000000000,96,cloud_regional_for_veh_11,veh_11,cloud_regional,CLOUD,100000000000,39661440,0.28,0.08,0.2,pool_rsu_north,rsu_north,rsu_0,region_north_normal,95,1,39661440,59553600,MIN_RESIDUAL_CELL_UPLINK_DOWNLINK_DIAGNOSTIC,CELL_BANDWIDTH_STREAM_RESIDUAL,LATEST_SAFE_AVAILABLE_CELL_BUCKET,START_TIMESTAMP_FOR_INTERVAL,MAX_CELL_UPLINK_DOWNLINK_UNICAST_PLUS_NODE_BASE_DIAGNOSTIC
97000000000,97,edge_north_for_veh_10,veh_10,edge_north,EDGE,12000000000,39661440,0.085,0.08,0.005,pool_rsu_north,rsu_north,rsu_0,region_north_normal,96,1,39661440,59553600,MIN_RESIDUAL_CELL_UPLINK_DOWNLINK_DIAGNOSTIC,CELL_BANDWIDTH_STREAM_RESIDUAL,LATEST_SAFE_AVAILABLE_CELL_BUCKET,START_TIMESTAMP_FOR_INTERVAL,MAX_CELL_UPLINK_DOWNLINK_UNICAST_PLUS_NODE_BASE_DIAGNOSTIC
97000000000,97,cloud_regional_for_veh_10,veh_10,cloud_regional,CLOUD,100000000000,39661440,0.28,0.08,0.2,pool_rsu_north,rsu_north,rsu_0,region_north_normal,96,1,39661440,59553600,MIN_RESIDUAL_CELL_UPLINK_DOWNLINK_DIAGNOSTIC,CELL_BANDWIDTH_STREAM_RESIDUAL,LATEST_SAFE_AVAILABLE_CELL_BUCKET,START_TIMESTAMP_FOR_INTERVAL,MAX_CELL_UPLINK_DOWNLINK_UNICAST_PLUS_NODE_BASE_DIAGNOSTIC
97000000000,97,edge_north_for_veh_11,veh_11,edge_north,EDGE,12000000000,39661440,0.085,0.08,0.005,pool_rsu_north,rsu_north,rsu_0,region_north_normal,96,1,39661440,59553600,MIN_RESIDUAL_CELL_UPLINK_DOWNLINK_DIAGNOSTIC,CELL_BANDWIDTH_STREAM_RESIDUAL,LATEST_SAFE_AVAILABLE_CELL_BUCKET,START_TIMESTAMP_FOR_INTERVAL,MAX_CELL_UPLINK_DOWNLINK_UNICAST_PLUS_NODE_BASE_DIAGNOSTIC
97000000000,97,cloud_regional_for_veh_11,veh_11,cloud_regional,CLOUD,100000000000,39661440,0.28,0.08,0.2,pool_rsu_north,rsu_north,rsu_0,region_north_normal,96,1,39661440,59553600,MIN_RESIDUAL_CELL_UPLINK_DOWNLINK_DIAGNOSTIC,CELL_BANDWIDTH_STREAM_RESIDUAL,LATEST_SAFE_AVAILABLE_CELL_BUCKET,START_TIMESTAMP_FOR_INTERVAL,MAX_CELL_UPLINK_DOWNLINK_UNICAST_PLUS_NODE_BASE_DIAGNOSTIC
98000000000,98,edge_central_for_veh_0,veh_0,edge_central,EDGE,9000000000,7830720,0.255,0.25,0.005,pool_rsu_central,rsu_central,rsu_1,region_central_degraded,97,1,7830720,11946432,MIN_RESIDUAL_CELL_UPLINK_DOWNLINK_DIAGNOSTIC,CELL_BANDWIDTH_STREAM_RESIDUAL,LATEST_SAFE_AVAILABLE_CELL_BUCKET,START_TIMESTAMP_FOR_INTERVAL,MAX_CELL_UPLINK_DOWNLINK_UNICAST_PLUS_NODE_BASE_DIAGNOSTIC
98000000000,98,cloud_regional_for_veh_0,veh_0,cloud_regional,CLOUD,100000000000,7830720,0.45,0.25,0.2,pool_rsu_central,rsu_central,rsu_1,region_central_degraded,97,1,7830720,11946432,MIN_RESIDUAL_CELL_UPLINK_DOWNLINK_DIAGNOSTIC,CELL_BANDWIDTH_STREAM_RESIDUAL,LATEST_SAFE_AVAILABLE_CELL_BUCKET,START_TIMESTAMP_FOR_INTERVAL,MAX_CELL_UPLINK_DOWNLINK_UNICAST_PLUS_NODE_BASE_DIAGNOSTIC
98000000000,98,edge_north_for_veh_10,veh_10,edge_north,EDGE,12000000000,39661440,0.085,0.08,0.005,pool_rsu_north,rsu_north,rsu_0,region_north_normal,97,1,39661440,59553600,MIN_RESIDUAL_CELL_UPLINK_DOWNLINK_DIAGNOSTIC,CELL_BANDWIDTH_STREAM_RESIDUAL,LATEST_SAFE_AVAILABLE_CELL_BUCKET,START_TIMESTAMP_FOR_INTERVAL,MAX_CELL_UPLINK_DOWNLINK_UNICAST_PLUS_NODE_BASE_DIAGNOSTIC
98000000000,98,cloud_regional_for_veh_10,veh_10,cloud_regional,CLOUD,100000000000,39661440,0.28,0.08,0.2,pool_rsu_north,rsu_north,rsu_0,region_north_normal,97,1,39661440,59553600,MIN_RESIDUAL_CELL_UPLINK_DOWNLINK_DIAGNOSTIC,CELL_BANDWIDTH_STREAM_RESIDUAL,LATEST_SAFE_AVAILABLE_CELL_BUCKET,START_TIMESTAMP_FOR_INTERVAL,MAX_CELL_UPLINK_DOWNLINK_UNICAST_PLUS_NODE_BASE_DIAGNOSTIC
98000000000,98,edge_north_for_veh_11,veh_11,edge_north,EDGE,12000000000,39661440,0.085,0.08,0.005,pool_rsu_north,rsu_north,rsu_0,region_north_normal,97,1,39661440,59553600,MIN_RESIDUAL_CELL_UPLINK_DOWNLINK_DIAGNOSTIC,CELL_BANDWIDTH_STREAM_RESIDUAL,LATEST_SAFE_AVAILABLE_CELL_BUCKET,START_TIMESTAMP_FOR_INTERVAL,MAX_CELL_UPLINK_DOWNLINK_UNICAST_PLUS_NODE_BASE_DIAGNOSTIC
98000000000,98,cloud_regional_for_veh_11,veh_11,cloud_regional,CLOUD,100000000000,39661440,0.28,0.08,0.2,pool_rsu_north,rsu_north,rsu_0,region_north_normal,97,1,39661440,59553600,MIN_RESIDUAL_CELL_UPLINK_DOWNLINK_DIAGNOSTIC,CELL_BANDWIDTH_STREAM_RESIDUAL,LATEST_SAFE_AVAILABLE_CELL_BUCKET,START_TIMESTAMP_FOR_INTERVAL,MAX_CELL_UPLINK_DOWNLINK_UNICAST_PLUS_NODE_BASE_DIAGNOSTIC
99000000000,99,edge_central_for_veh_0,veh_0,edge_central,EDGE,9000000000,7830720,0.255,0.25,0.005,pool_rsu_central,rsu_central,rsu_1,region_central_degraded,98,1,7830720,11928576,MIN_RESIDUAL_CELL_UPLINK_DOWNLINK_DIAGNOSTIC,CELL_BANDWIDTH_STREAM_RESIDUAL,LATEST_SAFE_AVAILABLE_CELL_BUCKET,START_TIMESTAMP_FOR_INTERVAL,MAX_CELL_UPLINK_DOWNLINK_UNICAST_PLUS_NODE_BASE_DIAGNOSTIC
99000000000,99,cloud_regional_for_veh_0,veh_0,cloud_regional,CLOUD,100000000000,7830720,0.45,0.25,0.2,pool_rsu_central,rsu_central,rsu_1,region_central_degraded,98,1,7830720,11928576,MIN_RESIDUAL_CELL_UPLINK_DOWNLINK_DIAGNOSTIC,CELL_BANDWIDTH_STREAM_RESIDUAL,LATEST_SAFE_AVAILABLE_CELL_BUCKET,START_TIMESTAMP_FOR_INTERVAL,MAX_CELL_UPLINK_DOWNLINK_UNICAST_PLUS_NODE_BASE_DIAGNOSTIC
99000000000,99,edge_north_for_veh_10,veh_10,edge_north,EDGE,12000000000,39661440,0.085,0.08,0.005,pool_rsu_north,rsu_north,rsu_0,region_north_normal,98,1,39661440,59553600,MIN_RESIDUAL_CELL_UPLINK_DOWNLINK_DIAGNOSTIC,CELL_BANDWIDTH_STREAM_RESIDUAL,LATEST_SAFE_AVAILABLE_CELL_BUCKET,START_TIMESTAMP_FOR_INTERVAL,MAX_CELL_UPLINK_DOWNLINK_UNICAST_PLUS_NODE_BASE_DIAGNOSTIC
99000000000,99,cloud_regional_for_veh_10,veh_10,cloud_regional,CLOUD,100000000000,39661440,0.28,0.08,0.2,pool_rsu_north,rsu_north,rsu_0,region_north_normal,98,1,39661440,59553600,MIN_RESIDUAL_CELL_UPLINK_DOWNLINK_DIAGNOSTIC,CELL_BANDWIDTH_STREAM_RESIDUAL,LATEST_SAFE_AVAILABLE_CELL_BUCKET,START_TIMESTAMP_FOR_INTERVAL,MAX_CELL_UPLINK_DOWNLINK_UNICAST_PLUS_NODE_BASE_DIAGNOSTIC
99000000000,99,edge_north_for_veh_11,veh_11,edge_north,EDGE,12000000000,39661440,0.085,0.08,0.005,pool_rsu_north,rsu_north,rsu_0,region_north_normal,98,1,39661440,59553600,MIN_RESIDUAL_CELL_UPLINK_DOWNLINK_DIAGNOSTIC,CELL_BANDWIDTH_STREAM_RESIDUAL,LATEST_SAFE_AVAILABLE_CELL_BUCKET,START_TIMESTAMP_FOR_INTERVAL,MAX_CELL_UPLINK_DOWNLINK_UNICAST_PLUS_NODE_BASE_DIAGNOSTIC
99000000000,99,cloud_regional_for_veh_11,veh_11,cloud_regional,CLOUD,100000000000,39661440,0.28,0.08,0.2,pool_rsu_north,rsu_north,rsu_0,region_north_normal,98,1,39661440,59553600,MIN_RESIDUAL_CELL_UPLINK_DOWNLINK_DIAGNOSTIC,CELL_BANDWIDTH_STREAM_RESIDUAL,LATEST_SAFE_AVAILABLE_CELL_BUCKET,START_TIMESTAMP_FOR_INTERVAL,MAX_CELL_UPLINK_DOWNLINK_UNICAST_PLUS_NODE_BASE_DIAGNOSTIC
100000000000,100,edge_central_for_veh_0,veh_0,edge_central,EDGE,9000000000,7788400,0.255,0.25,0.005,pool_rsu_central,rsu_central,rsu_1,region_central_degraded,99,1,7788400,11910720,MIN_RESIDUAL_CELL_UPLINK_DOWNLINK_DIAGNOSTIC,CELL_BANDWIDTH_STREAM_RESIDUAL,LATEST_SAFE_AVAILABLE_CELL_BUCKET,START_TIMESTAMP_FOR_INTERVAL,MAX_CELL_UPLINK_DOWNLINK_UNICAST_PLUS_NODE_BASE_DIAGNOSTIC
100000000000,100,cloud_regional_for_veh_0,veh_0,cloud_regional,CLOUD,100000000000,7788400,0.45,0.25,0.2,pool_rsu_central,rsu_central,rsu_1,region_central_degraded,99,1,7788400,11910720,MIN_RESIDUAL_CELL_UPLINK_DOWNLINK_DIAGNOSTIC,CELL_BANDWIDTH_STREAM_RESIDUAL,LATEST_SAFE_AVAILABLE_CELL_BUCKET,START_TIMESTAMP_FOR_INTERVAL,MAX_CELL_UPLINK_DOWNLINK_UNICAST_PLUS_NODE_BASE_DIAGNOSTIC
100000000000,100,edge_north_for_veh_11,veh_11,edge_north,EDGE,12000000000,39703760,0.085,0.08,0.005,pool_rsu_north,rsu_north,rsu_0,region_north_normal,99,1,39703760,59609400,MIN_RESIDUAL_CELL_UPLINK_DOWNLINK_DIAGNOSTIC,CELL_BANDWIDTH_STREAM_RESIDUAL,LATEST_SAFE_AVAILABLE_CELL_BUCKET,START_TIMESTAMP_FOR_INTERVAL,MAX_CELL_UPLINK_DOWNLINK_UNICAST_PLUS_NODE_BASE_DIAGNOSTIC
100000000000,100,cloud_regional_for_veh_11,veh_11,cloud_regional,CLOUD,100000000000,39703760,0.28,0.08,0.2,pool_rsu_north,rsu_north,rsu_0,region_north_normal,99,1,39703760,59609400,MIN_RESIDUAL_CELL_UPLINK_DOWNLINK_DIAGNOSTIC,CELL_BANDWIDTH_STREAM_RESIDUAL,LATEST_SAFE_AVAILABLE_CELL_BUCKET,START_TIMESTAMP_FOR_INTERVAL,MAX_CELL_UPLINK_DOWNLINK_UNICAST_PLUS_NODE_BASE_DIAGNOSTIC
101000000000,101,edge_central_for_veh_0,veh_0,edge_central,EDGE,9000000000,7788400,0.255,0.25,0.005,pool_rsu_central,rsu_central,rsu_1,region_central_degraded,100,1,7788400,11910720,MIN_RESIDUAL_CELL_UPLINK_DOWNLINK_DIAGNOSTIC,CELL_BANDWIDTH_STREAM_RESIDUAL,LATEST_SAFE_AVAILABLE_CELL_BUCKET,START_TIMESTAMP_FOR_INTERVAL,MAX_CELL_UPLINK_DOWNLINK_UNICAST_PLUS_NODE_BASE_DIAGNOSTIC
101000000000,101,cloud_regional_for_veh_0,veh_0,cloud_regional,CLOUD,100000000000,7788400,0.45,0.25,0.2,pool_rsu_central,rsu_central,rsu_1,region_central_degraded,100,1,7788400,11910720,MIN_RESIDUAL_CELL_UPLINK_DOWNLINK_DIAGNOSTIC,CELL_BANDWIDTH_STREAM_RESIDUAL,LATEST_SAFE_AVAILABLE_CELL_BUCKET,START_TIMESTAMP_FOR_INTERVAL,MAX_CELL_UPLINK_DOWNLINK_UNICAST_PLUS_NODE_BASE_DIAGNOSTIC
101000000000,101,edge_north_for_veh_11,veh_11,edge_north,EDGE,12000000000,39703760,0.085,0.08,0.005,pool_rsu_north,rsu_north,rsu_0,region_north_normal,100,1,39703760,59609400,MIN_RESIDUAL_CELL_UPLINK_DOWNLINK_DIAGNOSTIC,CELL_BANDWIDTH_STREAM_RESIDUAL,LATEST_SAFE_AVAILABLE_CELL_BUCKET,START_TIMESTAMP_FOR_INTERVAL,MAX_CELL_UPLINK_DOWNLINK_UNICAST_PLUS_NODE_BASE_DIAGNOSTIC
101000000000,101,cloud_regional_for_veh_11,veh_11,cloud_regional,CLOUD,100000000000,39703760,0.28,0.08,0.2,pool_rsu_north,rsu_north,rsu_0,region_north_normal,100,1,39703760,59609400,MIN_RESIDUAL_CELL_UPLINK_DOWNLINK_DIAGNOSTIC,CELL_BANDWIDTH_STREAM_RESIDUAL,LATEST_SAFE_AVAILABLE_CELL_BUCKET,START_TIMESTAMP_FOR_INTERVAL,MAX_CELL_UPLINK_DOWNLINK_UNICAST_PLUS_NODE_BASE_DIAGNOSTIC
102000000000,102,edge_central_for_veh_0,veh_0,edge_central,EDGE,9000000000,7830720,0.255,0.25,0.005,pool_rsu_central,rsu_central,rsu_1,region_central_degraded,101,1,7830720,11928576,MIN_RESIDUAL_CELL_UPLINK_DOWNLINK_DIAGNOSTIC,CELL_BANDWIDTH_STREAM_RESIDUAL,LATEST_SAFE_AVAILABLE_CELL_BUCKET,START_TIMESTAMP_FOR_INTERVAL,MAX_CELL_UPLINK_DOWNLINK_UNICAST_PLUS_NODE_BASE_DIAGNOSTIC
102000000000,102,cloud_regional_for_veh_0,veh_0,cloud_regional,CLOUD,100000000000,7830720,0.45,0.25,0.2,pool_rsu_central,rsu_central,rsu_1,region_central_degraded,101,1,7830720,11928576,MIN_RESIDUAL_CELL_UPLINK_DOWNLINK_DIAGNOSTIC,CELL_BANDWIDTH_STREAM_RESIDUAL,LATEST_SAFE_AVAILABLE_CELL_BUCKET,START_TIMESTAMP_FOR_INTERVAL,MAX_CELL_UPLINK_DOWNLINK_UNICAST_PLUS_NODE_BASE_DIAGNOSTIC
102000000000,102,edge_central_for_veh_1,veh_1,edge_central,EDGE,9000000000,7830720,0.255,0.25,0.005,pool_rsu_central,rsu_central,rsu_1,region_central_degraded,101,1,7830720,11928576,MIN_RESIDUAL_CELL_UPLINK_DOWNLINK_DIAGNOSTIC,CELL_BANDWIDTH_STREAM_RESIDUAL,LATEST_SAFE_AVAILABLE_CELL_BUCKET,START_TIMESTAMP_FOR_INTERVAL,MAX_CELL_UPLINK_DOWNLINK_UNICAST_PLUS_NODE_BASE_DIAGNOSTIC
102000000000,102,cloud_regional_for_veh_1,veh_1,cloud_regional,CLOUD,100000000000,7830720,0.45,0.25,0.2,pool_rsu_central,rsu_central,rsu_1,region_central_degraded,101,1,7830720,11928576,MIN_RESIDUAL_CELL_UPLINK_DOWNLINK_DIAGNOSTIC,CELL_BANDWIDTH_STREAM_RESIDUAL,LATEST_SAFE_AVAILABLE_CELL_BUCKET,START_TIMESTAMP_FOR_INTERVAL,MAX_CELL_UPLINK_DOWNLINK_UNICAST_PLUS_NODE_BASE_DIAGNOSTIC
102000000000,102,edge_north_for_veh_11,veh_11,edge_north,EDGE,12000000000,39703760,0.085,0.08,0.005,pool_rsu_north,rsu_north,rsu_0,region_north_normal,101,1,39703760,59609400,MIN_RESIDUAL_CELL_UPLINK_DOWNLINK_DIAGNOSTIC,CELL_BANDWIDTH_STREAM_RESIDUAL,LATEST_SAFE_AVAILABLE_CELL_BUCKET,START_TIMESTAMP_FOR_INTERVAL,MAX_CELL_UPLINK_DOWNLINK_UNICAST_PLUS_NODE_BASE_DIAGNOSTIC
102000000000,102,cloud_regional_for_veh_11,veh_11,cloud_regional,CLOUD,100000000000,39703760,0.28,0.08,0.2,pool_rsu_north,rsu_north,rsu_0,region_north_normal,101,1,39703760,59609400,MIN_RESIDUAL_CELL_UPLINK_DOWNLINK_DIAGNOSTIC,CELL_BANDWIDTH_STREAM_RESIDUAL,LATEST_SAFE_AVAILABLE_CELL_BUCKET,START_TIMESTAMP_FOR_INTERVAL,MAX_CELL_UPLINK_DOWNLINK_UNICAST_PLUS_NODE_BASE_DIAGNOSTIC
103000000000,103,edge_central_for_veh_0,veh_0,edge_central,EDGE,9000000000,7788400,0.255,0.25,0.005,pool_rsu_central,rsu_central,rsu_1,region_central_degraded,102,1,7788400,11910720,MIN_RESIDUAL_CELL_UPLINK_DOWNLINK_DIAGNOSTIC,CELL_BANDWIDTH_STREAM_RESIDUAL,LATEST_SAFE_AVAILABLE_CELL_BUCKET,START_TIMESTAMP_FOR_INTERVAL,MAX_CELL_UPLINK_DOWNLINK_UNICAST_PLUS_NODE_BASE_DIAGNOSTIC
103000000000,103,cloud_regional_for_veh_0,veh_0,cloud_regional,CLOUD,100000000000,7788400,0.45,0.25,0.2,pool_rsu_central,rsu_central,rsu_1,region_central_degraded,102,1,7788400,11910720,MIN_RESIDUAL_CELL_UPLINK_DOWNLINK_DIAGNOSTIC,CELL_BANDWIDTH_STREAM_RESIDUAL,LATEST_SAFE_AVAILABLE_CELL_BUCKET,START_TIMESTAMP_FOR_INTERVAL,MAX_CELL_UPLINK_DOWNLINK_UNICAST_PLUS_NODE_BASE_DIAGNOSTIC
103000000000,103,edge_central_for_veh_1,veh_1,edge_central,EDGE,9000000000,7788400,0.255,0.25,0.005,pool_rsu_central,rsu_central,rsu_1,region_central_degraded,102,1,7788400,11910720,MIN_RESIDUAL_CELL_UPLINK_DOWNLINK_DIAGNOSTIC,CELL_BANDWIDTH_STREAM_RESIDUAL,LATEST_SAFE_AVAILABLE_CELL_BUCKET,START_TIMESTAMP_FOR_INTERVAL,MAX_CELL_UPLINK_DOWNLINK_UNICAST_PLUS_NODE_BASE_DIAGNOSTIC
103000000000,103,cloud_regional_for_veh_1,veh_1,cloud_regional,CLOUD,100000000000,7788400,0.45,0.25,0.2,pool_rsu_central,rsu_central,rsu_1,region_central_degraded,102,1,7788400,11910720,MIN_RESIDUAL_CELL_UPLINK_DOWNLINK_DIAGNOSTIC,CELL_BANDWIDTH_STREAM_RESIDUAL,LATEST_SAFE_AVAILABLE_CELL_BUCKET,START_TIMESTAMP_FOR_INTERVAL,MAX_CELL_UPLINK_DOWNLINK_UNICAST_PLUS_NODE_BASE_DIAGNOSTIC
103000000000,103,edge_north_for_veh_11,veh_11,edge_north,EDGE,12000000000,39703760,0.085,0.08,0.005,pool_rsu_north,rsu_north,rsu_0,region_north_normal,102,1,39703760,59609400,MIN_RESIDUAL_CELL_UPLINK_DOWNLINK_DIAGNOSTIC,CELL_BANDWIDTH_STREAM_RESIDUAL,LATEST_SAFE_AVAILABLE_CELL_BUCKET,START_TIMESTAMP_FOR_INTERVAL,MAX_CELL_UPLINK_DOWNLINK_UNICAST_PLUS_NODE_BASE_DIAGNOSTIC
103000000000,103,cloud_regional_for_veh_11,veh_11,cloud_regional,CLOUD,100000000000,39703760,0.28,0.08,0.2,pool_rsu_north,rsu_north,rsu_0,region_north_normal,102,1,39703760,59609400,MIN_RESIDUAL_CELL_UPLINK_DOWNLINK_DIAGNOSTIC,CELL_BANDWIDTH_STREAM_RESIDUAL,LATEST_SAFE_AVAILABLE_CELL_BUCKET,START_TIMESTAMP_FOR_INTERVAL,MAX_CELL_UPLINK_DOWNLINK_UNICAST_PLUS_NODE_BASE_DIAGNOSTIC
104000000000,104,edge_central_for_veh_0,veh_0,edge_central,EDGE,9000000000,7746080,0.255,0.25,0.005,pool_rsu_central,rsu_central,rsu_1,region_central_degraded,103,1,7746080,11892864,MIN_RESIDUAL_CELL_UPLINK_DOWNLINK_DIAGNOSTIC,CELL_BANDWIDTH_STREAM_RESIDUAL,LATEST_SAFE_AVAILABLE_CELL_BUCKET,START_TIMESTAMP_FOR_INTERVAL,MAX_CELL_UPLINK_DOWNLINK_UNICAST_PLUS_NODE_BASE_DIAGNOSTIC
104000000000,104,cloud_regional_for_veh_0,veh_0,cloud_regional,CLOUD,100000000000,7746080,0.45,0.25,0.2,pool_rsu_central,rsu_central,rsu_1,region_central_degraded,103,1,7746080,11892864,MIN_RESIDUAL_CELL_UPLINK_DOWNLINK_DIAGNOSTIC,CELL_BANDWIDTH_STREAM_RESIDUAL,LATEST_SAFE_AVAILABLE_CELL_BUCKET,START_TIMESTAMP_FOR_INTERVAL,MAX_CELL_UPLINK_DOWNLINK_UNICAST_PLUS_NODE_BASE_DIAGNOSTIC
104000000000,104,edge_central_for_veh_1,veh_1,edge_central,EDGE,9000000000,7746080,0.255,0.25,0.005,pool_rsu_central,rsu_central,rsu_1,region_central_degraded,103,1,7746080,11892864,MIN_RESIDUAL_CELL_UPLINK_DOWNLINK_DIAGNOSTIC,CELL_BANDWIDTH_STREAM_RESIDUAL,LATEST_SAFE_AVAILABLE_CELL_BUCKET,START_TIMESTAMP_FOR_INTERVAL,MAX_CELL_UPLINK_DOWNLINK_UNICAST_PLUS_NODE_BASE_DIAGNOSTIC
104000000000,104,cloud_regional_for_veh_1,veh_1,cloud_regional,CLOUD,100000000000,7746080,0.45,0.25,0.2,pool_rsu_central,rsu_central,rsu_1,region_central_degraded,103,1,7746080,11892864,MIN_RESIDUAL_CELL_UPLINK_DOWNLINK_DIAGNOSTIC,CELL_BANDWIDTH_STREAM_RESIDUAL,LATEST_SAFE_AVAILABLE_CELL_BUCKET,START_TIMESTAMP_FOR_INTERVAL,MAX_CELL_UPLINK_DOWNLINK_UNICAST_PLUS_NODE_BASE_DIAGNOSTIC
105000000000,105,edge_central_for_veh_0,veh_0,edge_central,EDGE,9000000000,7830720,0.255,0.25,0.005,pool_rsu_central,rsu_central,rsu_1,region_central_degraded,104,1,7830720,11928576,MIN_RESIDUAL_CELL_UPLINK_DOWNLINK_DIAGNOSTIC,CELL_BANDWIDTH_STREAM_RESIDUAL,LATEST_SAFE_AVAILABLE_CELL_BUCKET,START_TIMESTAMP_FOR_INTERVAL,MAX_CELL_UPLINK_DOWNLINK_UNICAST_PLUS_NODE_BASE_DIAGNOSTIC
105000000000,105,cloud_regional_for_veh_0,veh_0,cloud_regional,CLOUD,100000000000,7830720,0.45,0.25,0.2,pool_rsu_central,rsu_central,rsu_1,region_central_degraded,104,1,7830720,11928576,MIN_RESIDUAL_CELL_UPLINK_DOWNLINK_DIAGNOSTIC,CELL_BANDWIDTH_STREAM_RESIDUAL,LATEST_SAFE_AVAILABLE_CELL_BUCKET,START_TIMESTAMP_FOR_INTERVAL,MAX_CELL_UPLINK_DOWNLINK_UNICAST_PLUS_NODE_BASE_DIAGNOSTIC
105000000000,105,edge_central_for_veh_1,veh_1,edge_central,EDGE,9000000000,7830720,0.255,0.25,0.005,pool_rsu_central,rsu_central,rsu_1,region_central_degraded,104,1,7830720,11928576,MIN_RESIDUAL_CELL_UPLINK_DOWNLINK_DIAGNOSTIC,CELL_BANDWIDTH_STREAM_RESIDUAL,LATEST_SAFE_AVAILABLE_CELL_BUCKET,START_TIMESTAMP_FOR_INTERVAL,MAX_CELL_UPLINK_DOWNLINK_UNICAST_PLUS_NODE_BASE_DIAGNOSTIC
105000000000,105,cloud_regional_for_veh_1,veh_1,cloud_regional,CLOUD,100000000000,7830720,0.45,0.25,0.2,pool_rsu_central,rsu_central,rsu_1,region_central_degraded,104,1,7830720,11928576,MIN_RESIDUAL_CELL_UPLINK_DOWNLINK_DIAGNOSTIC,CELL_BANDWIDTH_STREAM_RESIDUAL,LATEST_SAFE_AVAILABLE_CELL_BUCKET,START_TIMESTAMP_FOR_INTERVAL,MAX_CELL_UPLINK_DOWNLINK_UNICAST_PLUS_NODE_BASE_DIAGNOSTIC
106000000000,106,edge_central_for_veh_0,veh_0,edge_central,EDGE,9000000000,7788400,0.255,0.25,0.005,pool_rsu_central,rsu_central,rsu_1,region_central_degraded,105,1,7788400,11910720,MIN_RESIDUAL_CELL_UPLINK_DOWNLINK_DIAGNOSTIC,CELL_BANDWIDTH_STREAM_RESIDUAL,LATEST_SAFE_AVAILABLE_CELL_BUCKET,START_TIMESTAMP_FOR_INTERVAL,MAX_CELL_UPLINK_DOWNLINK_UNICAST_PLUS_NODE_BASE_DIAGNOSTIC
106000000000,106,cloud_regional_for_veh_0,veh_0,cloud_regional,CLOUD,100000000000,7788400,0.45,0.25,0.2,pool_rsu_central,rsu_central,rsu_1,region_central_degraded,105,1,7788400,11910720,MIN_RESIDUAL_CELL_UPLINK_DOWNLINK_DIAGNOSTIC,CELL_BANDWIDTH_STREAM_RESIDUAL,LATEST_SAFE_AVAILABLE_CELL_BUCKET,START_TIMESTAMP_FOR_INTERVAL,MAX_CELL_UPLINK_DOWNLINK_UNICAST_PLUS_NODE_BASE_DIAGNOSTIC
106000000000,106,edge_central_for_veh_1,veh_1,edge_central,EDGE,9000000000,7788400,0.255,0.25,0.005,pool_rsu_central,rsu_central,rsu_1,region_central_degraded,105,1,7788400,11910720,MIN_RESIDUAL_CELL_UPLINK_DOWNLINK_DIAGNOSTIC,CELL_BANDWIDTH_STREAM_RESIDUAL,LATEST_SAFE_AVAILABLE_CELL_BUCKET,START_TIMESTAMP_FOR_INTERVAL,MAX_CELL_UPLINK_DOWNLINK_UNICAST_PLUS_NODE_BASE_DIAGNOSTIC
106000000000,106,cloud_regional_for_veh_1,veh_1,cloud_regional,CLOUD,100000000000,7788400,0.45,0.25,0.2,pool_rsu_central,rsu_central,rsu_1,region_central_degraded,105,1,7788400,11910720,MIN_RESIDUAL_CELL_UPLINK_DOWNLINK_DIAGNOSTIC,CELL_BANDWIDTH_STREAM_RESIDUAL,LATEST_SAFE_AVAILABLE_CELL_BUCKET,START_TIMESTAMP_FOR_INTERVAL,MAX_CELL_UPLINK_DOWNLINK_UNICAST_PLUS_NODE_BASE_DIAGNOSTIC
106000000000,106,edge_central_for_veh_2,veh_2,edge_central,EDGE,9000000000,7788400,0.255,0.25,0.005,pool_rsu_central,rsu_central,rsu_1,region_central_degraded,105,1,7788400,11910720,MIN_RESIDUAL_CELL_UPLINK_DOWNLINK_DIAGNOSTIC,CELL_BANDWIDTH_STREAM_RESIDUAL,LATEST_SAFE_AVAILABLE_CELL_BUCKET,START_TIMESTAMP_FOR_INTERVAL,MAX_CELL_UPLINK_DOWNLINK_UNICAST_PLUS_NODE_BASE_DIAGNOSTIC
106000000000,106,cloud_regional_for_veh_2,veh_2,cloud_regional,CLOUD,100000000000,7788400,0.45,0.25,0.2,pool_rsu_central,rsu_central,rsu_1,region_central_degraded,105,1,7788400,11910720,MIN_RESIDUAL_CELL_UPLINK_DOWNLINK_DIAGNOSTIC,CELL_BANDWIDTH_STREAM_RESIDUAL,LATEST_SAFE_AVAILABLE_CELL_BUCKET,START_TIMESTAMP_FOR_INTERVAL,MAX_CELL_UPLINK_DOWNLINK_UNICAST_PLUS_NODE_BASE_DIAGNOSTIC
107000000000,107,edge_central_for_veh_0,veh_0,edge_central,EDGE,9000000000,7746080,0.255,0.25,0.005,pool_rsu_central,rsu_central,rsu_1,region_central_degraded,106,1,7746080,11892864,MIN_RESIDUAL_CELL_UPLINK_DOWNLINK_DIAGNOSTIC,CELL_BANDWIDTH_STREAM_RESIDUAL,LATEST_SAFE_AVAILABLE_CELL_BUCKET,START_TIMESTAMP_FOR_INTERVAL,MAX_CELL_UPLINK_DOWNLINK_UNICAST_PLUS_NODE_BASE_DIAGNOSTIC
107000000000,107,cloud_regional_for_veh_0,veh_0,cloud_regional,CLOUD,100000000000,7746080,0.45,0.25,0.2,pool_rsu_central,rsu_central,rsu_1,region_central_degraded,106,1,7746080,11892864,MIN_RESIDUAL_CELL_UPLINK_DOWNLINK_DIAGNOSTIC,CELL_BANDWIDTH_STREAM_RESIDUAL,LATEST_SAFE_AVAILABLE_CELL_BUCKET,START_TIMESTAMP_FOR_INTERVAL,MAX_CELL_UPLINK_DOWNLINK_UNICAST_PLUS_NODE_BASE_DIAGNOSTIC
107000000000,107,edge_central_for_veh_1,veh_1,edge_central,EDGE,9000000000,7746080,0.255,0.25,0.005,pool_rsu_central,rsu_central,rsu_1,region_central_degraded,106,1,7746080,11892864,MIN_RESIDUAL_CELL_UPLINK_DOWNLINK_DIAGNOSTIC,CELL_BANDWIDTH_STREAM_RESIDUAL,LATEST_SAFE_AVAILABLE_CELL_BUCKET,START_TIMESTAMP_FOR_INTERVAL,MAX_CELL_UPLINK_DOWNLINK_UNICAST_PLUS_NODE_BASE_DIAGNOSTIC
107000000000,107,cloud_regional_for_veh_1,veh_1,cloud_regional,CLOUD,100000000000,7746080,0.45,0.25,0.2,pool_rsu_central,rsu_central,rsu_1,region_central_degraded,106,1,7746080,11892864,MIN_RESIDUAL_CELL_UPLINK_DOWNLINK_DIAGNOSTIC,CELL_BANDWIDTH_STREAM_RESIDUAL,LATEST_SAFE_AVAILABLE_CELL_BUCKET,START_TIMESTAMP_FOR_INTERVAL,MAX_CELL_UPLINK_DOWNLINK_UNICAST_PLUS_NODE_BASE_DIAGNOSTIC
107000000000,107,edge_central_for_veh_2,veh_2,edge_central,EDGE,9000000000,7746080,0.255,0.25,0.005,pool_rsu_central,rsu_central,rsu_1,region_central_degraded,106,1,7746080,11892864,MIN_RESIDUAL_CELL_UPLINK_DOWNLINK_DIAGNOSTIC,CELL_BANDWIDTH_STREAM_RESIDUAL,LATEST_SAFE_AVAILABLE_CELL_BUCKET,START_TIMESTAMP_FOR_INTERVAL,MAX_CELL_UPLINK_DOWNLINK_UNICAST_PLUS_NODE_BASE_DIAGNOSTIC
107000000000,107,cloud_regional_for_veh_2,veh_2,cloud_regional,CLOUD,100000000000,7746080,0.45,0.25,0.2,pool_rsu_central,rsu_central,rsu_1,region_central_degraded,106,1,7746080,11892864,MIN_RESIDUAL_CELL_UPLINK_DOWNLINK_DIAGNOSTIC,CELL_BANDWIDTH_STREAM_RESIDUAL,LATEST_SAFE_AVAILABLE_CELL_BUCKET,START_TIMESTAMP_FOR_INTERVAL,MAX_CELL_UPLINK_DOWNLINK_UNICAST_PLUS_NODE_BASE_DIAGNOSTIC
108000000000,108,edge_central_for_veh_0,veh_0,edge_central,EDGE,9000000000,7703760,0.255,0.25,0.005,pool_rsu_central,rsu_central,rsu_1,region_central_degraded,107,1,7703760,11892864,MIN_RESIDUAL_CELL_UPLINK_DOWNLINK_DIAGNOSTIC,CELL_BANDWIDTH_STREAM_RESIDUAL,LATEST_SAFE_AVAILABLE_CELL_BUCKET,START_TIMESTAMP_FOR_INTERVAL,MAX_CELL_UPLINK_DOWNLINK_UNICAST_PLUS_NODE_BASE_DIAGNOSTIC
108000000000,108,cloud_regional_for_veh_0,veh_0,cloud_regional,CLOUD,100000000000,7703760,0.45,0.25,0.2,pool_rsu_central,rsu_central,rsu_1,region_central_degraded,107,1,7703760,11892864,MIN_RESIDUAL_CELL_UPLINK_DOWNLINK_DIAGNOSTIC,CELL_BANDWIDTH_STREAM_RESIDUAL,LATEST_SAFE_AVAILABLE_CELL_BUCKET,START_TIMESTAMP_FOR_INTERVAL,MAX_CELL_UPLINK_DOWNLINK_UNICAST_PLUS_NODE_BASE_DIAGNOSTIC
108000000000,108,edge_central_for_veh_1,veh_1,edge_central,EDGE,9000000000,7703760,0.255,0.25,0.005,pool_rsu_central,rsu_central,rsu_1,region_central_degraded,107,1,7703760,11892864,MIN_RESIDUAL_CELL_UPLINK_DOWNLINK_DIAGNOSTIC,CELL_BANDWIDTH_STREAM_RESIDUAL,LATEST_SAFE_AVAILABLE_CELL_BUCKET,START_TIMESTAMP_FOR_INTERVAL,MAX_CELL_UPLINK_DOWNLINK_UNICAST_PLUS_NODE_BASE_DIAGNOSTIC
108000000000,108,cloud_regional_for_veh_1,veh_1,cloud_regional,CLOUD,100000000000,7703760,0.45,0.25,0.2,pool_rsu_central,rsu_central,rsu_1,region_central_degraded,107,1,7703760,11892864,MIN_RESIDUAL_CELL_UPLINK_DOWNLINK_DIAGNOSTIC,CELL_BANDWIDTH_STREAM_RESIDUAL,LATEST_SAFE_AVAILABLE_CELL_BUCKET,START_TIMESTAMP_FOR_INTERVAL,MAX_CELL_UPLINK_DOWNLINK_UNICAST_PLUS_NODE_BASE_DIAGNOSTIC
108000000000,108,edge_central_for_veh_2,veh_2,edge_central,EDGE,9000000000,7703760,0.255,0.25,0.005,pool_rsu_central,rsu_central,rsu_1,region_central_degraded,107,1,7703760,11892864,MIN_RESIDUAL_CELL_UPLINK_DOWNLINK_DIAGNOSTIC,CELL_BANDWIDTH_STREAM_RESIDUAL,LATEST_SAFE_AVAILABLE_CELL_BUCKET,START_TIMESTAMP_FOR_INTERVAL,MAX_CELL_UPLINK_DOWNLINK_UNICAST_PLUS_NODE_BASE_DIAGNOSTIC
108000000000,108,cloud_regional_for_veh_2,veh_2,cloud_regional,CLOUD,100000000000,7703760,0.45,0.25,0.2,pool_rsu_central,rsu_central,rsu_1,region_central_degraded,107,1,7703760,11892864,MIN_RESIDUAL_CELL_UPLINK_DOWNLINK_DIAGNOSTIC,CELL_BANDWIDTH_STREAM_RESIDUAL,LATEST_SAFE_AVAILABLE_CELL_BUCKET,START_TIMESTAMP_FOR_INTERVAL,MAX_CELL_UPLINK_DOWNLINK_UNICAST_PLUS_NODE_BASE_DIAGNOSTIC
109000000000,109,edge_central_for_veh_0,veh_0,edge_central,EDGE,9000000000,7746080,0.255,0.25,0.005,pool_rsu_central,rsu_central,rsu_1,region_central_degraded,108,1,7746080,11892864,MIN_RESIDUAL_CELL_UPLINK_DOWNLINK_DIAGNOSTIC,CELL_BANDWIDTH_STREAM_RESIDUAL,LATEST_SAFE_AVAILABLE_CELL_BUCKET,START_TIMESTAMP_FOR_INTERVAL,MAX_CELL_UPLINK_DOWNLINK_UNICAST_PLUS_NODE_BASE_DIAGNOSTIC
109000000000,109,cloud_regional_for_veh_0,veh_0,cloud_regional,CLOUD,100000000000,7746080,0.45,0.25,0.2,pool_rsu_central,rsu_central,rsu_1,region_central_degraded,108,1,7746080,11892864,MIN_RESIDUAL_CELL_UPLINK_DOWNLINK_DIAGNOSTIC,CELL_BANDWIDTH_STREAM_RESIDUAL,LATEST_SAFE_AVAILABLE_CELL_BUCKET,START_TIMESTAMP_FOR_INTERVAL,MAX_CELL_UPLINK_DOWNLINK_UNICAST_PLUS_NODE_BASE_DIAGNOSTIC
109000000000,109,edge_central_for_veh_1,veh_1,edge_central,EDGE,9000000000,7746080,0.255,0.25,0.005,pool_rsu_central,rsu_central,rsu_1,region_central_degraded,108,1,7746080,11892864,MIN_RESIDUAL_CELL_UPLINK_DOWNLINK_DIAGNOSTIC,CELL_BANDWIDTH_STREAM_RESIDUAL,LATEST_SAFE_AVAILABLE_CELL_BUCKET,START_TIMESTAMP_FOR_INTERVAL,MAX_CELL_UPLINK_DOWNLINK_UNICAST_PLUS_NODE_BASE_DIAGNOSTIC
109000000000,109,cloud_regional_for_veh_1,veh_1,cloud_regional,CLOUD,100000000000,7746080,0.45,0.25,0.2,pool_rsu_central,rsu_central,rsu_1,region_central_degraded,108,1,7746080,11892864,MIN_RESIDUAL_CELL_UPLINK_DOWNLINK_DIAGNOSTIC,CELL_BANDWIDTH_STREAM_RESIDUAL,LATEST_SAFE_AVAILABLE_CELL_BUCKET,START_TIMESTAMP_FOR_INTERVAL,MAX_CELL_UPLINK_DOWNLINK_UNICAST_PLUS_NODE_BASE_DIAGNOSTIC
109000000000,109,edge_central_for_veh_2,veh_2,edge_central,EDGE,9000000000,7746080,0.255,0.25,0.005,pool_rsu_central,rsu_central,rsu_1,region_central_degraded,108,1,7746080,11892864,MIN_RESIDUAL_CELL_UPLINK_DOWNLINK_DIAGNOSTIC,CELL_BANDWIDTH_STREAM_RESIDUAL,LATEST_SAFE_AVAILABLE_CELL_BUCKET,START_TIMESTAMP_FOR_INTERVAL,MAX_CELL_UPLINK_DOWNLINK_UNICAST_PLUS_NODE_BASE_DIAGNOSTIC
109000000000,109,cloud_regional_for_veh_2,veh_2,cloud_regional,CLOUD,100000000000,7746080,0.45,0.25,0.2,pool_rsu_central,rsu_central,rsu_1,region_central_degraded,108,1,7746080,11892864,MIN_RESIDUAL_CELL_UPLINK_DOWNLINK_DIAGNOSTIC,CELL_BANDWIDTH_STREAM_RESIDUAL,LATEST_SAFE_AVAILABLE_CELL_BUCKET,START_TIMESTAMP_FOR_INTERVAL,MAX_CELL_UPLINK_DOWNLINK_UNICAST_PLUS_NODE_BASE_DIAGNOSTIC
110000000000,110,edge_central_for_veh_0,veh_0,edge_central,EDGE,9000000000,7746080,0.255,0.25,0.005,pool_rsu_central,rsu_central,rsu_1,region_central_degraded,109,1,7746080,11892864,MIN_RESIDUAL_CELL_UPLINK_DOWNLINK_DIAGNOSTIC,CELL_BANDWIDTH_STREAM_RESIDUAL,LATEST_SAFE_AVAILABLE_CELL_BUCKET,START_TIMESTAMP_FOR_INTERVAL,MAX_CELL_UPLINK_DOWNLINK_UNICAST_PLUS_NODE_BASE_DIAGNOSTIC
110000000000,110,cloud_regional_for_veh_0,veh_0,cloud_regional,CLOUD,100000000000,7746080,0.45,0.25,0.2,pool_rsu_central,rsu_central,rsu_1,region_central_degraded,109,1,7746080,11892864,MIN_RESIDUAL_CELL_UPLINK_DOWNLINK_DIAGNOSTIC,CELL_BANDWIDTH_STREAM_RESIDUAL,LATEST_SAFE_AVAILABLE_CELL_BUCKET,START_TIMESTAMP_FOR_INTERVAL,MAX_CELL_UPLINK_DOWNLINK_UNICAST_PLUS_NODE_BASE_DIAGNOSTIC
110000000000,110,edge_central_for_veh_1,veh_1,edge_central,EDGE,9000000000,7746080,0.255,0.25,0.005,pool_rsu_central,rsu_central,rsu_1,region_central_degraded,109,1,7746080,11892864,MIN_RESIDUAL_CELL_UPLINK_DOWNLINK_DIAGNOSTIC,CELL_BANDWIDTH_STREAM_RESIDUAL,LATEST_SAFE_AVAILABLE_CELL_BUCKET,START_TIMESTAMP_FOR_INTERVAL,MAX_CELL_UPLINK_DOWNLINK_UNICAST_PLUS_NODE_BASE_DIAGNOSTIC
110000000000,110,cloud_regional_for_veh_1,veh_1,cloud_regional,CLOUD,100000000000,7746080,0.45,0.25,0.2,pool_rsu_central,rsu_central,rsu_1,region_central_degraded,109,1,7746080,11892864,MIN_RESIDUAL_CELL_UPLINK_DOWNLINK_DIAGNOSTIC,CELL_BANDWIDTH_STREAM_RESIDUAL,LATEST_SAFE_AVAILABLE_CELL_BUCKET,START_TIMESTAMP_FOR_INTERVAL,MAX_CELL_UPLINK_DOWNLINK_UNICAST_PLUS_NODE_BASE_DIAGNOSTIC
110000000000,110,edge_central_for_veh_2,veh_2,edge_central,EDGE,9000000000,7746080,0.255,0.25,0.005,pool_rsu_central,rsu_central,rsu_1,region_central_degraded,109,1,7746080,11892864,MIN_RESIDUAL_CELL_UPLINK_DOWNLINK_DIAGNOSTIC,CELL_BANDWIDTH_STREAM_RESIDUAL,LATEST_SAFE_AVAILABLE_CELL_BUCKET,START_TIMESTAMP_FOR_INTERVAL,MAX_CELL_UPLINK_DOWNLINK_UNICAST_PLUS_NODE_BASE_DIAGNOSTIC
110000000000,110,cloud_regional_for_veh_2,veh_2,cloud_regional,CLOUD,100000000000,7746080,0.45,0.25,0.2,pool_rsu_central,rsu_central,rsu_1,region_central_degraded,109,1,7746080,11892864,MIN_RESIDUAL_CELL_UPLINK_DOWNLINK_DIAGNOSTIC,CELL_BANDWIDTH_STREAM_RESIDUAL,LATEST_SAFE_AVAILABLE_CELL_BUCKET,START_TIMESTAMP_FOR_INTERVAL,MAX_CELL_UPLINK_DOWNLINK_UNICAST_PLUS_NODE_BASE_DIAGNOSTIC
110000000000,110,edge_central_for_veh_3,veh_3,edge_central,EDGE,9000000000,7746080,0.255,0.25,0.005,pool_rsu_central,rsu_central,rsu_1,region_central_degraded,109,1,7746080,11892864,MIN_RESIDUAL_CELL_UPLINK_DOWNLINK_DIAGNOSTIC,CELL_BANDWIDTH_STREAM_RESIDUAL,LATEST_SAFE_AVAILABLE_CELL_BUCKET,START_TIMESTAMP_FOR_INTERVAL,MAX_CELL_UPLINK_DOWNLINK_UNICAST_PLUS_NODE_BASE_DIAGNOSTIC
110000000000,110,cloud_regional_for_veh_3,veh_3,cloud_regional,CLOUD,100000000000,7746080,0.45,0.25,0.2,pool_rsu_central,rsu_central,rsu_1,region_central_degraded,109,1,7746080,11892864,MIN_RESIDUAL_CELL_UPLINK_DOWNLINK_DIAGNOSTIC,CELL_BANDWIDTH_STREAM_RESIDUAL,LATEST_SAFE_AVAILABLE_CELL_BUCKET,START_TIMESTAMP_FOR_INTERVAL,MAX_CELL_UPLINK_DOWNLINK_UNICAST_PLUS_NODE_BASE_DIAGNOSTIC
111000000000,111,edge_central_for_veh_0,veh_0,edge_central,EDGE,9000000000,7703760,0.255,0.25,0.005,pool_rsu_central,rsu_central,rsu_1,region_central_degraded,110,1,7703760,11875008,MIN_RESIDUAL_CELL_UPLINK_DOWNLINK_DIAGNOSTIC,CELL_BANDWIDTH_STREAM_RESIDUAL,LATEST_SAFE_AVAILABLE_CELL_BUCKET,START_TIMESTAMP_FOR_INTERVAL,MAX_CELL_UPLINK_DOWNLINK_UNICAST_PLUS_NODE_BASE_DIAGNOSTIC
111000000000,111,cloud_regional_for_veh_0,veh_0,cloud_regional,CLOUD,100000000000,7703760,0.45,0.25,0.2,pool_rsu_central,rsu_central,rsu_1,region_central_degraded,110,1,7703760,11875008,MIN_RESIDUAL_CELL_UPLINK_DOWNLINK_DIAGNOSTIC,CELL_BANDWIDTH_STREAM_RESIDUAL,LATEST_SAFE_AVAILABLE_CELL_BUCKET,START_TIMESTAMP_FOR_INTERVAL,MAX_CELL_UPLINK_DOWNLINK_UNICAST_PLUS_NODE_BASE_DIAGNOSTIC
111000000000,111,edge_central_for_veh_1,veh_1,edge_central,EDGE,9000000000,7703760,0.255,0.25,0.005,pool_rsu_central,rsu_central,rsu_1,region_central_degraded,110,1,7703760,11875008,MIN_RESIDUAL_CELL_UPLINK_DOWNLINK_DIAGNOSTIC,CELL_BANDWIDTH_STREAM_RESIDUAL,LATEST_SAFE_AVAILABLE_CELL_BUCKET,START_TIMESTAMP_FOR_INTERVAL,MAX_CELL_UPLINK_DOWNLINK_UNICAST_PLUS_NODE_BASE_DIAGNOSTIC
111000000000,111,cloud_regional_for_veh_1,veh_1,cloud_regional,CLOUD,100000000000,7703760,0.45,0.25,0.2,pool_rsu_central,rsu_central,rsu_1,region_central_degraded,110,1,7703760,11875008,MIN_RESIDUAL_CELL_UPLINK_DOWNLINK_DIAGNOSTIC,CELL_BANDWIDTH_STREAM_RESIDUAL,LATEST_SAFE_AVAILABLE_CELL_BUCKET,START_TIMESTAMP_FOR_INTERVAL,MAX_CELL_UPLINK_DOWNLINK_UNICAST_PLUS_NODE_BASE_DIAGNOSTIC
111000000000,111,edge_central_for_veh_2,veh_2,edge_central,EDGE,9000000000,7703760,0.255,0.25,0.005,pool_rsu_central,rsu_central,rsu_1,region_central_degraded,110,1,7703760,11875008,MIN_RESIDUAL_CELL_UPLINK_DOWNLINK_DIAGNOSTIC,CELL_BANDWIDTH_STREAM_RESIDUAL,LATEST_SAFE_AVAILABLE_CELL_BUCKET,START_TIMESTAMP_FOR_INTERVAL,MAX_CELL_UPLINK_DOWNLINK_UNICAST_PLUS_NODE_BASE_DIAGNOSTIC
111000000000,111,cloud_regional_for_veh_2,veh_2,cloud_regional,CLOUD,100000000000,7703760,0.45,0.25,0.2,pool_rsu_central,rsu_central,rsu_1,region_central_degraded,110,1,7703760,11875008,MIN_RESIDUAL_CELL_UPLINK_DOWNLINK_DIAGNOSTIC,CELL_BANDWIDTH_STREAM_RESIDUAL,LATEST_SAFE_AVAILABLE_CELL_BUCKET,START_TIMESTAMP_FOR_INTERVAL,MAX_CELL_UPLINK_DOWNLINK_UNICAST_PLUS_NODE_BASE_DIAGNOSTIC
111000000000,111,edge_central_for_veh_3,veh_3,edge_central,EDGE,9000000000,7703760,0.255,0.25,0.005,pool_rsu_central,rsu_central,rsu_1,region_central_degraded,110,1,7703760,11875008,MIN_RESIDUAL_CELL_UPLINK_DOWNLINK_DIAGNOSTIC,CELL_BANDWIDTH_STREAM_RESIDUAL,LATEST_SAFE_AVAILABLE_CELL_BUCKET,START_TIMESTAMP_FOR_INTERVAL,MAX_CELL_UPLINK_DOWNLINK_UNICAST_PLUS_NODE_BASE_DIAGNOSTIC
111000000000,111,cloud_regional_for_veh_3,veh_3,cloud_regional,CLOUD,100000000000,7703760,0.45,0.25,0.2,pool_rsu_central,rsu_central,rsu_1,region_central_degraded,110,1,7703760,11875008,MIN_RESIDUAL_CELL_UPLINK_DOWNLINK_DIAGNOSTIC,CELL_BANDWIDTH_STREAM_RESIDUAL,LATEST_SAFE_AVAILABLE_CELL_BUCKET,START_TIMESTAMP_FOR_INTERVAL,MAX_CELL_UPLINK_DOWNLINK_UNICAST_PLUS_NODE_BASE_DIAGNOSTIC
112000000000,112,edge_central_for_veh_0,veh_0,edge_central,EDGE,9000000000,7661440,0.255,0.25,0.005,pool_rsu_central,rsu_central,rsu_1,region_central_degraded,111,1,7661440,11857152,MIN_RESIDUAL_CELL_UPLINK_DOWNLINK_DIAGNOSTIC,CELL_BANDWIDTH_STREAM_RESIDUAL,LATEST_SAFE_AVAILABLE_CELL_BUCKET,START_TIMESTAMP_FOR_INTERVAL,MAX_CELL_UPLINK_DOWNLINK_UNICAST_PLUS_NODE_BASE_DIAGNOSTIC
112000000000,112,cloud_regional_for_veh_0,veh_0,cloud_regional,CLOUD,100000000000,7661440,0.45,0.25,0.2,pool_rsu_central,rsu_central,rsu_1,region_central_degraded,111,1,7661440,11857152,MIN_RESIDUAL_CELL_UPLINK_DOWNLINK_DIAGNOSTIC,CELL_BANDWIDTH_STREAM_RESIDUAL,LATEST_SAFE_AVAILABLE_CELL_BUCKET,START_TIMESTAMP_FOR_INTERVAL,MAX_CELL_UPLINK_DOWNLINK_UNICAST_PLUS_NODE_BASE_DIAGNOSTIC
112000000000,112,edge_central_for_veh_1,veh_1,edge_central,EDGE,9000000000,7661440,0.255,0.25,0.005,pool_rsu_central,rsu_central,rsu_1,region_central_degraded,111,1,7661440,11857152,MIN_RESIDUAL_CELL_UPLINK_DOWNLINK_DIAGNOSTIC,CELL_BANDWIDTH_STREAM_RESIDUAL,LATEST_SAFE_AVAILABLE_CELL_BUCKET,START_TIMESTAMP_FOR_INTERVAL,MAX_CELL_UPLINK_DOWNLINK_UNICAST_PLUS_NODE_BASE_DIAGNOSTIC
112000000000,112,cloud_regional_for_veh_1,veh_1,cloud_regional,CLOUD,100000000000,7661440,0.45,0.25,0.2,pool_rsu_central,rsu_central,rsu_1,region_central_degraded,111,1,7661440,11857152,MIN_RESIDUAL_CELL_UPLINK_DOWNLINK_DIAGNOSTIC,CELL_BANDWIDTH_STREAM_RESIDUAL,LATEST_SAFE_AVAILABLE_CELL_BUCKET,START_TIMESTAMP_FOR_INTERVAL,MAX_CELL_UPLINK_DOWNLINK_UNICAST_PLUS_NODE_BASE_DIAGNOSTIC
112000000000,112,edge_central_for_veh_2,veh_2,edge_central,EDGE,9000000000,7661440,0.255,0.25,0.005,pool_rsu_central,rsu_central,rsu_1,region_central_degraded,111,1,7661440,11857152,MIN_RESIDUAL_CELL_UPLINK_DOWNLINK_DIAGNOSTIC,CELL_BANDWIDTH_STREAM_RESIDUAL,LATEST_SAFE_AVAILABLE_CELL_BUCKET,START_TIMESTAMP_FOR_INTERVAL,MAX_CELL_UPLINK_DOWNLINK_UNICAST_PLUS_NODE_BASE_DIAGNOSTIC
112000000000,112,cloud_regional_for_veh_2,veh_2,cloud_regional,CLOUD,100000000000,7661440,0.45,0.25,0.2,pool_rsu_central,rsu_central,rsu_1,region_central_degraded,111,1,7661440,11857152,MIN_RESIDUAL_CELL_UPLINK_DOWNLINK_DIAGNOSTIC,CELL_BANDWIDTH_STREAM_RESIDUAL,LATEST_SAFE_AVAILABLE_CELL_BUCKET,START_TIMESTAMP_FOR_INTERVAL,MAX_CELL_UPLINK_DOWNLINK_UNICAST_PLUS_NODE_BASE_DIAGNOSTIC
112000000000,112,edge_central_for_veh_3,veh_3,edge_central,EDGE,9000000000,7661440,0.255,0.25,0.005,pool_rsu_central,rsu_central,rsu_1,region_central_degraded,111,1,7661440,11857152,MIN_RESIDUAL_CELL_UPLINK_DOWNLINK_DIAGNOSTIC,CELL_BANDWIDTH_STREAM_RESIDUAL,LATEST_SAFE_AVAILABLE_CELL_BUCKET,START_TIMESTAMP_FOR_INTERVAL,MAX_CELL_UPLINK_DOWNLINK_UNICAST_PLUS_NODE_BASE_DIAGNOSTIC
112000000000,112,cloud_regional_for_veh_3,veh_3,cloud_regional,CLOUD,100000000000,7661440,0.45,0.25,0.2,pool_rsu_central,rsu_central,rsu_1,region_central_degraded,111,1,7661440,11857152,MIN_RESIDUAL_CELL_UPLINK_DOWNLINK_DIAGNOSTIC,CELL_BANDWIDTH_STREAM_RESIDUAL,LATEST_SAFE_AVAILABLE_CELL_BUCKET,START_TIMESTAMP_FOR_INTERVAL,MAX_CELL_UPLINK_DOWNLINK_UNICAST_PLUS_NODE_BASE_DIAGNOSTIC
113000000000,113,edge_central_for_veh_0,veh_0,edge_central,EDGE,9000000000,7661440,0.255,0.25,0.005,pool_rsu_central,rsu_central,rsu_1,region_central_degraded,112,1,7661440,11910720,MIN_RESIDUAL_CELL_UPLINK_DOWNLINK_DIAGNOSTIC,CELL_BANDWIDTH_STREAM_RESIDUAL,LATEST_SAFE_AVAILABLE_CELL_BUCKET,START_TIMESTAMP_FOR_INTERVAL,MAX_CELL_UPLINK_DOWNLINK_UNICAST_PLUS_NODE_BASE_DIAGNOSTIC
113000000000,113,cloud_regional_for_veh_0,veh_0,cloud_regional,CLOUD,100000000000,7661440,0.45,0.25,0.2,pool_rsu_central,rsu_central,rsu_1,region_central_degraded,112,1,7661440,11910720,MIN_RESIDUAL_CELL_UPLINK_DOWNLINK_DIAGNOSTIC,CELL_BANDWIDTH_STREAM_RESIDUAL,LATEST_SAFE_AVAILABLE_CELL_BUCKET,START_TIMESTAMP_FOR_INTERVAL,MAX_CELL_UPLINK_DOWNLINK_UNICAST_PLUS_NODE_BASE_DIAGNOSTIC
113000000000,113,edge_central_for_veh_1,veh_1,edge_central,EDGE,9000000000,7661440,0.255,0.25,0.005,pool_rsu_central,rsu_central,rsu_1,region_central_degraded,112,1,7661440,11910720,MIN_RESIDUAL_CELL_UPLINK_DOWNLINK_DIAGNOSTIC,CELL_BANDWIDTH_STREAM_RESIDUAL,LATEST_SAFE_AVAILABLE_CELL_BUCKET,START_TIMESTAMP_FOR_INTERVAL,MAX_CELL_UPLINK_DOWNLINK_UNICAST_PLUS_NODE_BASE_DIAGNOSTIC
113000000000,113,cloud_regional_for_veh_1,veh_1,cloud_regional,CLOUD,100000000000,7661440,0.45,0.25,0.2,pool_rsu_central,rsu_central,rsu_1,region_central_degraded,112,1,7661440,11910720,MIN_RESIDUAL_CELL_UPLINK_DOWNLINK_DIAGNOSTIC,CELL_BANDWIDTH_STREAM_RESIDUAL,LATEST_SAFE_AVAILABLE_CELL_BUCKET,START_TIMESTAMP_FOR_INTERVAL,MAX_CELL_UPLINK_DOWNLINK_UNICAST_PLUS_NODE_BASE_DIAGNOSTIC
113000000000,113,edge_central_for_veh_2,veh_2,edge_central,EDGE,9000000000,7661440,0.255,0.25,0.005,pool_rsu_central,rsu_central,rsu_1,region_central_degraded,112,1,7661440,11910720,MIN_RESIDUAL_CELL_UPLINK_DOWNLINK_DIAGNOSTIC,CELL_BANDWIDTH_STREAM_RESIDUAL,LATEST_SAFE_AVAILABLE_CELL_BUCKET,START_TIMESTAMP_FOR_INTERVAL,MAX_CELL_UPLINK_DOWNLINK_UNICAST_PLUS_NODE_BASE_DIAGNOSTIC
113000000000,113,cloud_regional_for_veh_2,veh_2,cloud_regional,CLOUD,100000000000,7661440,0.45,0.25,0.2,pool_rsu_central,rsu_central,rsu_1,region_central_degraded,112,1,7661440,11910720,MIN_RESIDUAL_CELL_UPLINK_DOWNLINK_DIAGNOSTIC,CELL_BANDWIDTH_STREAM_RESIDUAL,LATEST_SAFE_AVAILABLE_CELL_BUCKET,START_TIMESTAMP_FOR_INTERVAL,MAX_CELL_UPLINK_DOWNLINK_UNICAST_PLUS_NODE_BASE_DIAGNOSTIC
113000000000,113,edge_central_for_veh_3,veh_3,edge_central,EDGE,9000000000,7661440,0.255,0.25,0.005,pool_rsu_central,rsu_central,rsu_1,region_central_degraded,112,1,7661440,11910720,MIN_RESIDUAL_CELL_UPLINK_DOWNLINK_DIAGNOSTIC,CELL_BANDWIDTH_STREAM_RESIDUAL,LATEST_SAFE_AVAILABLE_CELL_BUCKET,START_TIMESTAMP_FOR_INTERVAL,MAX_CELL_UPLINK_DOWNLINK_UNICAST_PLUS_NODE_BASE_DIAGNOSTIC
113000000000,113,cloud_regional_for_veh_3,veh_3,cloud_regional,CLOUD,100000000000,7661440,0.45,0.25,0.2,pool_rsu_central,rsu_central,rsu_1,region_central_degraded,112,1,7661440,11910720,MIN_RESIDUAL_CELL_UPLINK_DOWNLINK_DIAGNOSTIC,CELL_BANDWIDTH_STREAM_RESIDUAL,LATEST_SAFE_AVAILABLE_CELL_BUCKET,START_TIMESTAMP_FOR_INTERVAL,MAX_CELL_UPLINK_DOWNLINK_UNICAST_PLUS_NODE_BASE_DIAGNOSTIC
114000000000,114,edge_central_for_veh_0,veh_0,edge_central,EDGE,9000000000,7703760,0.255,0.25,0.005,pool_rsu_central,rsu_central,rsu_1,region_central_degraded,113,1,7703760,11892864,MIN_RESIDUAL_CELL_UPLINK_DOWNLINK_DIAGNOSTIC,CELL_BANDWIDTH_STREAM_RESIDUAL,LATEST_SAFE_AVAILABLE_CELL_BUCKET,START_TIMESTAMP_FOR_INTERVAL,MAX_CELL_UPLINK_DOWNLINK_UNICAST_PLUS_NODE_BASE_DIAGNOSTIC
114000000000,114,cloud_regional_for_veh_0,veh_0,cloud_regional,CLOUD,100000000000,7703760,0.45,0.25,0.2,pool_rsu_central,rsu_central,rsu_1,region_central_degraded,113,1,7703760,11892864,MIN_RESIDUAL_CELL_UPLINK_DOWNLINK_DIAGNOSTIC,CELL_BANDWIDTH_STREAM_RESIDUAL,LATEST_SAFE_AVAILABLE_CELL_BUCKET,START_TIMESTAMP_FOR_INTERVAL,MAX_CELL_UPLINK_DOWNLINK_UNICAST_PLUS_NODE_BASE_DIAGNOSTIC
114000000000,114,edge_central_for_veh_1,veh_1,edge_central,EDGE,9000000000,7703760,0.255,0.25,0.005,pool_rsu_central,rsu_central,rsu_1,region_central_degraded,113,1,7703760,11892864,MIN_RESIDUAL_CELL_UPLINK_DOWNLINK_DIAGNOSTIC,CELL_BANDWIDTH_STREAM_RESIDUAL,LATEST_SAFE_AVAILABLE_CELL_BUCKET,START_TIMESTAMP_FOR_INTERVAL,MAX_CELL_UPLINK_DOWNLINK_UNICAST_PLUS_NODE_BASE_DIAGNOSTIC
114000000000,114,cloud_regional_for_veh_1,veh_1,cloud_regional,CLOUD,100000000000,7703760,0.45,0.25,0.2,pool_rsu_central,rsu_central,rsu_1,region_central_degraded,113,1,7703760,11892864,MIN_RESIDUAL_CELL_UPLINK_DOWNLINK_DIAGNOSTIC,CELL_BANDWIDTH_STREAM_RESIDUAL,LATEST_SAFE_AVAILABLE_CELL_BUCKET,START_TIMESTAMP_FOR_INTERVAL,MAX_CELL_UPLINK_DOWNLINK_UNICAST_PLUS_NODE_BASE_DIAGNOSTIC
114000000000,114,edge_central_for_veh_2,veh_2,edge_central,EDGE,9000000000,7703760,0.255,0.25,0.005,pool_rsu_central,rsu_central,rsu_1,region_central_degraded,113,1,7703760,11892864,MIN_RESIDUAL_CELL_UPLINK_DOWNLINK_DIAGNOSTIC,CELL_BANDWIDTH_STREAM_RESIDUAL,LATEST_SAFE_AVAILABLE_CELL_BUCKET,START_TIMESTAMP_FOR_INTERVAL,MAX_CELL_UPLINK_DOWNLINK_UNICAST_PLUS_NODE_BASE_DIAGNOSTIC
114000000000,114,cloud_regional_for_veh_2,veh_2,cloud_regional,CLOUD,100000000000,7703760,0.45,0.25,0.2,pool_rsu_central,rsu_central,rsu_1,region_central_degraded,113,1,7703760,11892864,MIN_RESIDUAL_CELL_UPLINK_DOWNLINK_DIAGNOSTIC,CELL_BANDWIDTH_STREAM_RESIDUAL,LATEST_SAFE_AVAILABLE_CELL_BUCKET,START_TIMESTAMP_FOR_INTERVAL,MAX_CELL_UPLINK_DOWNLINK_UNICAST_PLUS_NODE_BASE_DIAGNOSTIC
114000000000,114,edge_central_for_veh_3,veh_3,edge_central,EDGE,9000000000,7703760,0.255,0.25,0.005,pool_rsu_central,rsu_central,rsu_1,region_central_degraded,113,1,7703760,11892864,MIN_RESIDUAL_CELL_UPLINK_DOWNLINK_DIAGNOSTIC,CELL_BANDWIDTH_STREAM_RESIDUAL,LATEST_SAFE_AVAILABLE_CELL_BUCKET,START_TIMESTAMP_FOR_INTERVAL,MAX_CELL_UPLINK_DOWNLINK_UNICAST_PLUS_NODE_BASE_DIAGNOSTIC
114000000000,114,cloud_regional_for_veh_3,veh_3,cloud_regional,CLOUD,100000000000,7703760,0.45,0.25,0.2,pool_rsu_central,rsu_central,rsu_1,region_central_degraded,113,1,7703760,11892864,MIN_RESIDUAL_CELL_UPLINK_DOWNLINK_DIAGNOSTIC,CELL_BANDWIDTH_STREAM_RESIDUAL,LATEST_SAFE_AVAILABLE_CELL_BUCKET,START_TIMESTAMP_FOR_INTERVAL,MAX_CELL_UPLINK_DOWNLINK_UNICAST_PLUS_NODE_BASE_DIAGNOSTIC
114000000000,114,edge_central_for_veh_4,veh_4,edge_central,EDGE,9000000000,7703760,0.255,0.25,0.005,pool_rsu_central,rsu_central,rsu_1,region_central_degraded,113,1,7703760,11892864,MIN_RESIDUAL_CELL_UPLINK_DOWNLINK_DIAGNOSTIC,CELL_BANDWIDTH_STREAM_RESIDUAL,LATEST_SAFE_AVAILABLE_CELL_BUCKET,START_TIMESTAMP_FOR_INTERVAL,MAX_CELL_UPLINK_DOWNLINK_UNICAST_PLUS_NODE_BASE_DIAGNOSTIC
114000000000,114,cloud_regional_for_veh_4,veh_4,cloud_regional,CLOUD,100000000000,7703760,0.45,0.25,0.2,pool_rsu_central,rsu_central,rsu_1,region_central_degraded,113,1,7703760,11892864,MIN_RESIDUAL_CELL_UPLINK_DOWNLINK_DIAGNOSTIC,CELL_BANDWIDTH_STREAM_RESIDUAL,LATEST_SAFE_AVAILABLE_CELL_BUCKET,START_TIMESTAMP_FOR_INTERVAL,MAX_CELL_UPLINK_DOWNLINK_UNICAST_PLUS_NODE_BASE_DIAGNOSTIC
115000000000,115,edge_central_for_veh_0,veh_0,edge_central,EDGE,9000000000,7661440,0.255,0.25,0.005,pool_rsu_central,rsu_central,rsu_1,region_central_degraded,114,1,7661440,11892864,MIN_RESIDUAL_CELL_UPLINK_DOWNLINK_DIAGNOSTIC,CELL_BANDWIDTH_STREAM_RESIDUAL,LATEST_SAFE_AVAILABLE_CELL_BUCKET,START_TIMESTAMP_FOR_INTERVAL,MAX_CELL_UPLINK_DOWNLINK_UNICAST_PLUS_NODE_BASE_DIAGNOSTIC
115000000000,115,cloud_regional_for_veh_0,veh_0,cloud_regional,CLOUD,100000000000,7661440,0.45,0.25,0.2,pool_rsu_central,rsu_central,rsu_1,region_central_degraded,114,1,7661440,11892864,MIN_RESIDUAL_CELL_UPLINK_DOWNLINK_DIAGNOSTIC,CELL_BANDWIDTH_STREAM_RESIDUAL,LATEST_SAFE_AVAILABLE_CELL_BUCKET,START_TIMESTAMP_FOR_INTERVAL,MAX_CELL_UPLINK_DOWNLINK_UNICAST_PLUS_NODE_BASE_DIAGNOSTIC
115000000000,115,edge_central_for_veh_1,veh_1,edge_central,EDGE,9000000000,7661440,0.255,0.25,0.005,pool_rsu_central,rsu_central,rsu_1,region_central_degraded,114,1,7661440,11892864,MIN_RESIDUAL_CELL_UPLINK_DOWNLINK_DIAGNOSTIC,CELL_BANDWIDTH_STREAM_RESIDUAL,LATEST_SAFE_AVAILABLE_CELL_BUCKET,START_TIMESTAMP_FOR_INTERVAL,MAX_CELL_UPLINK_DOWNLINK_UNICAST_PLUS_NODE_BASE_DIAGNOSTIC
115000000000,115,cloud_regional_for_veh_1,veh_1,cloud_regional,CLOUD,100000000000,7661440,0.45,0.25,0.2,pool_rsu_central,rsu_central,rsu_1,region_central_degraded,114,1,7661440,11892864,MIN_RESIDUAL_CELL_UPLINK_DOWNLINK_DIAGNOSTIC,CELL_BANDWIDTH_STREAM_RESIDUAL,LATEST_SAFE_AVAILABLE_CELL_BUCKET,START_TIMESTAMP_FOR_INTERVAL,MAX_CELL_UPLINK_DOWNLINK_UNICAST_PLUS_NODE_BASE_DIAGNOSTIC
115000000000,115,edge_central_for_veh_2,veh_2,edge_central,EDGE,9000000000,7661440,0.255,0.25,0.005,pool_rsu_central,rsu_central,rsu_1,region_central_degraded,114,1,7661440,11892864,MIN_RESIDUAL_CELL_UPLINK_DOWNLINK_DIAGNOSTIC,CELL_BANDWIDTH_STREAM_RESIDUAL,LATEST_SAFE_AVAILABLE_CELL_BUCKET,START_TIMESTAMP_FOR_INTERVAL,MAX_CELL_UPLINK_DOWNLINK_UNICAST_PLUS_NODE_BASE_DIAGNOSTIC
115000000000,115,cloud_regional_for_veh_2,veh_2,cloud_regional,CLOUD,100000000000,7661440,0.45,0.25,0.2,pool_rsu_central,rsu_central,rsu_1,region_central_degraded,114,1,7661440,11892864,MIN_RESIDUAL_CELL_UPLINK_DOWNLINK_DIAGNOSTIC,CELL_BANDWIDTH_STREAM_RESIDUAL,LATEST_SAFE_AVAILABLE_CELL_BUCKET,START_TIMESTAMP_FOR_INTERVAL,MAX_CELL_UPLINK_DOWNLINK_UNICAST_PLUS_NODE_BASE_DIAGNOSTIC
115000000000,115,edge_central_for_veh_3,veh_3,edge_central,EDGE,9000000000,7661440,0.255,0.25,0.005,pool_rsu_central,rsu_central,rsu_1,region_central_degraded,114,1,7661440,11892864,MIN_RESIDUAL_CELL_UPLINK_DOWNLINK_DIAGNOSTIC,CELL_BANDWIDTH_STREAM_RESIDUAL,LATEST_SAFE_AVAILABLE_CELL_BUCKET,START_TIMESTAMP_FOR_INTERVAL,MAX_CELL_UPLINK_DOWNLINK_UNICAST_PLUS_NODE_BASE_DIAGNOSTIC
115000000000,115,cloud_regional_for_veh_3,veh_3,cloud_regional,CLOUD,100000000000,7661440,0.45,0.25,0.2,pool_rsu_central,rsu_central,rsu_1,region_central_degraded,114,1,7661440,11892864,MIN_RESIDUAL_CELL_UPLINK_DOWNLINK_DIAGNOSTIC,CELL_BANDWIDTH_STREAM_RESIDUAL,LATEST_SAFE_AVAILABLE_CELL_BUCKET,START_TIMESTAMP_FOR_INTERVAL,MAX_CELL_UPLINK_DOWNLINK_UNICAST_PLUS_NODE_BASE_DIAGNOSTIC
115000000000,115,edge_central_for_veh_4,veh_4,edge_central,EDGE,9000000000,7661440,0.255,0.25,0.005,pool_rsu_central,rsu_central,rsu_1,region_central_degraded,114,1,7661440,11892864,MIN_RESIDUAL_CELL_UPLINK_DOWNLINK_DIAGNOSTIC,CELL_BANDWIDTH_STREAM_RESIDUAL,LATEST_SAFE_AVAILABLE_CELL_BUCKET,START_TIMESTAMP_FOR_INTERVAL,MAX_CELL_UPLINK_DOWNLINK_UNICAST_PLUS_NODE_BASE_DIAGNOSTIC
115000000000,115,cloud_regional_for_veh_4,veh_4,cloud_regional,CLOUD,100000000000,7661440,0.45,0.25,0.2,pool_rsu_central,rsu_central,rsu_1,region_central_degraded,114,1,7661440,11892864,MIN_RESIDUAL_CELL_UPLINK_DOWNLINK_DIAGNOSTIC,CELL_BANDWIDTH_STREAM_RESIDUAL,LATEST_SAFE_AVAILABLE_CELL_BUCKET,START_TIMESTAMP_FOR_INTERVAL,MAX_CELL_UPLINK_DOWNLINK_UNICAST_PLUS_NODE_BASE_DIAGNOSTIC
116000000000,116,edge_central_for_veh_1,veh_1,edge_central,EDGE,9000000000,7619120,0.255,0.25,0.005,pool_rsu_central,rsu_central,rsu_1,region_central_degraded,115,1,7619120,11839296,MIN_RESIDUAL_CELL_UPLINK_DOWNLINK_DIAGNOSTIC,CELL_BANDWIDTH_STREAM_RESIDUAL,LATEST_SAFE_AVAILABLE_CELL_BUCKET,START_TIMESTAMP_FOR_INTERVAL,MAX_CELL_UPLINK_DOWNLINK_UNICAST_PLUS_NODE_BASE_DIAGNOSTIC
116000000000,116,cloud_regional_for_veh_1,veh_1,cloud_regional,CLOUD,100000000000,7619120,0.45,0.25,0.2,pool_rsu_central,rsu_central,rsu_1,region_central_degraded,115,1,7619120,11839296,MIN_RESIDUAL_CELL_UPLINK_DOWNLINK_DIAGNOSTIC,CELL_BANDWIDTH_STREAM_RESIDUAL,LATEST_SAFE_AVAILABLE_CELL_BUCKET,START_TIMESTAMP_FOR_INTERVAL,MAX_CELL_UPLINK_DOWNLINK_UNICAST_PLUS_NODE_BASE_DIAGNOSTIC
116000000000,116,edge_central_for_veh_2,veh_2,edge_central,EDGE,9000000000,7619120,0.255,0.25,0.005,pool_rsu_central,rsu_central,rsu_1,region_central_degraded,115,1,7619120,11839296,MIN_RESIDUAL_CELL_UPLINK_DOWNLINK_DIAGNOSTIC,CELL_BANDWIDTH_STREAM_RESIDUAL,LATEST_SAFE_AVAILABLE_CELL_BUCKET,START_TIMESTAMP_FOR_INTERVAL,MAX_CELL_UPLINK_DOWNLINK_UNICAST_PLUS_NODE_BASE_DIAGNOSTIC
116000000000,116,cloud_regional_for_veh_2,veh_2,cloud_regional,CLOUD,100000000000,7619120,0.45,0.25,0.2,pool_rsu_central,rsu_central,rsu_1,region_central_degraded,115,1,7619120,11839296,MIN_RESIDUAL_CELL_UPLINK_DOWNLINK_DIAGNOSTIC,CELL_BANDWIDTH_STREAM_RESIDUAL,LATEST_SAFE_AVAILABLE_CELL_BUCKET,START_TIMESTAMP_FOR_INTERVAL,MAX_CELL_UPLINK_DOWNLINK_UNICAST_PLUS_NODE_BASE_DIAGNOSTIC
116000000000,116,edge_central_for_veh_3,veh_3,edge_central,EDGE,9000000000,7619120,0.255,0.25,0.005,pool_rsu_central,rsu_central,rsu_1,region_central_degraded,115,1,7619120,11839296,MIN_RESIDUAL_CELL_UPLINK_DOWNLINK_DIAGNOSTIC,CELL_BANDWIDTH_STREAM_RESIDUAL,LATEST_SAFE_AVAILABLE_CELL_BUCKET,START_TIMESTAMP_FOR_INTERVAL,MAX_CELL_UPLINK_DOWNLINK_UNICAST_PLUS_NODE_BASE_DIAGNOSTIC
116000000000,116,cloud_regional_for_veh_3,veh_3,cloud_regional,CLOUD,100000000000,7619120,0.45,0.25,0.2,pool_rsu_central,rsu_central,rsu_1,region_central_degraded,115,1,7619120,11839296,MIN_RESIDUAL_CELL_UPLINK_DOWNLINK_DIAGNOSTIC,CELL_BANDWIDTH_STREAM_RESIDUAL,LATEST_SAFE_AVAILABLE_CELL_BUCKET,START_TIMESTAMP_FOR_INTERVAL,MAX_CELL_UPLINK_DOWNLINK_UNICAST_PLUS_NODE_BASE_DIAGNOSTIC
116000000000,116,edge_central_for_veh_4,veh_4,edge_central,EDGE,9000000000,7619120,0.255,0.25,0.005,pool_rsu_central,rsu_central,rsu_1,region_central_degraded,115,1,7619120,11839296,MIN_RESIDUAL_CELL_UPLINK_DOWNLINK_DIAGNOSTIC,CELL_BANDWIDTH_STREAM_RESIDUAL,LATEST_SAFE_AVAILABLE_CELL_BUCKET,START_TIMESTAMP_FOR_INTERVAL,MAX_CELL_UPLINK_DOWNLINK_UNICAST_PLUS_NODE_BASE_DIAGNOSTIC
116000000000,116,cloud_regional_for_veh_4,veh_4,cloud_regional,CLOUD,100000000000,7619120,0.45,0.25,0.2,pool_rsu_central,rsu_central,rsu_1,region_central_degraded,115,1,7619120,11839296,MIN_RESIDUAL_CELL_UPLINK_DOWNLINK_DIAGNOSTIC,CELL_BANDWIDTH_STREAM_RESIDUAL,LATEST_SAFE_AVAILABLE_CELL_BUCKET,START_TIMESTAMP_FOR_INTERVAL,MAX_CELL_UPLINK_DOWNLINK_UNICAST_PLUS_NODE_BASE_DIAGNOSTIC
117000000000,117,edge_central_for_veh_1,veh_1,edge_central,EDGE,9000000000,7619120,0.255,0.25,0.005,pool_rsu_central,rsu_central,rsu_1,region_central_degraded,116,1,7619120,11839296,MIN_RESIDUAL_CELL_UPLINK_DOWNLINK_DIAGNOSTIC,CELL_BANDWIDTH_STREAM_RESIDUAL,LATEST_SAFE_AVAILABLE_CELL_BUCKET,START_TIMESTAMP_FOR_INTERVAL,MAX_CELL_UPLINK_DOWNLINK_UNICAST_PLUS_NODE_BASE_DIAGNOSTIC
117000000000,117,cloud_regional_for_veh_1,veh_1,cloud_regional,CLOUD,100000000000,7619120,0.45,0.25,0.2,pool_rsu_central,rsu_central,rsu_1,region_central_degraded,116,1,7619120,11839296,MIN_RESIDUAL_CELL_UPLINK_DOWNLINK_DIAGNOSTIC,CELL_BANDWIDTH_STREAM_RESIDUAL,LATEST_SAFE_AVAILABLE_CELL_BUCKET,START_TIMESTAMP_FOR_INTERVAL,MAX_CELL_UPLINK_DOWNLINK_UNICAST_PLUS_NODE_BASE_DIAGNOSTIC
117000000000,117,edge_central_for_veh_2,veh_2,edge_central,EDGE,9000000000,7619120,0.255,0.25,0.005,pool_rsu_central,rsu_central,rsu_1,region_central_degraded,116,1,7619120,11839296,MIN_RESIDUAL_CELL_UPLINK_DOWNLINK_DIAGNOSTIC,CELL_BANDWIDTH_STREAM_RESIDUAL,LATEST_SAFE_AVAILABLE_CELL_BUCKET,START_TIMESTAMP_FOR_INTERVAL,MAX_CELL_UPLINK_DOWNLINK_UNICAST_PLUS_NODE_BASE_DIAGNOSTIC
117000000000,117,cloud_regional_for_veh_2,veh_2,cloud_regional,CLOUD,100000000000,7619120,0.45,0.25,0.2,pool_rsu_central,rsu_central,rsu_1,region_central_degraded,116,1,7619120,11839296,MIN_RESIDUAL_CELL_UPLINK_DOWNLINK_DIAGNOSTIC,CELL_BANDWIDTH_STREAM_RESIDUAL,LATEST_SAFE_AVAILABLE_CELL_BUCKET,START_TIMESTAMP_FOR_INTERVAL,MAX_CELL_UPLINK_DOWNLINK_UNICAST_PLUS_NODE_BASE_DIAGNOSTIC
117000000000,117,edge_central_for_veh_3,veh_3,edge_central,EDGE,9000000000,7619120,0.255,0.25,0.005,pool_rsu_central,rsu_central,rsu_1,region_central_degraded,116,1,7619120,11839296,MIN_RESIDUAL_CELL_UPLINK_DOWNLINK_DIAGNOSTIC,CELL_BANDWIDTH_STREAM_RESIDUAL,LATEST_SAFE_AVAILABLE_CELL_BUCKET,START_TIMESTAMP_FOR_INTERVAL,MAX_CELL_UPLINK_DOWNLINK_UNICAST_PLUS_NODE_BASE_DIAGNOSTIC
117000000000,117,cloud_regional_for_veh_3,veh_3,cloud_regional,CLOUD,100000000000,7619120,0.45,0.25,0.2,pool_rsu_central,rsu_central,rsu_1,region_central_degraded,116,1,7619120,11839296,MIN_RESIDUAL_CELL_UPLINK_DOWNLINK_DIAGNOSTIC,CELL_BANDWIDTH_STREAM_RESIDUAL,LATEST_SAFE_AVAILABLE_CELL_BUCKET,START_TIMESTAMP_FOR_INTERVAL,MAX_CELL_UPLINK_DOWNLINK_UNICAST_PLUS_NODE_BASE_DIAGNOSTIC
117000000000,117,edge_central_for_veh_4,veh_4,edge_central,EDGE,9000000000,7619120,0.255,0.25,0.005,pool_rsu_central,rsu_central,rsu_1,region_central_degraded,116,1,7619120,11839296,MIN_RESIDUAL_CELL_UPLINK_DOWNLINK_DIAGNOSTIC,CELL_BANDWIDTH_STREAM_RESIDUAL,LATEST_SAFE_AVAILABLE_CELL_BUCKET,START_TIMESTAMP_FOR_INTERVAL,MAX_CELL_UPLINK_DOWNLINK_UNICAST_PLUS_NODE_BASE_DIAGNOSTIC
117000000000,117,cloud_regional_for_veh_4,veh_4,cloud_regional,CLOUD,100000000000,7619120,0.45,0.25,0.2,pool_rsu_central,rsu_central,rsu_1,region_central_degraded,116,1,7619120,11839296,MIN_RESIDUAL_CELL_UPLINK_DOWNLINK_DIAGNOSTIC,CELL_BANDWIDTH_STREAM_RESIDUAL,LATEST_SAFE_AVAILABLE_CELL_BUCKET,START_TIMESTAMP_FOR_INTERVAL,MAX_CELL_UPLINK_DOWNLINK_UNICAST_PLUS_NODE_BASE_DIAGNOSTIC
118000000000,118,edge_central_for_veh_1,veh_1,edge_central,EDGE,9000000000,7619120,0.255,0.25,0.005,pool_rsu_central,rsu_central,rsu_1,region_central_degraded,117,1,7619120,11857152,MIN_RESIDUAL_CELL_UPLINK_DOWNLINK_DIAGNOSTIC,CELL_BANDWIDTH_STREAM_RESIDUAL,LATEST_SAFE_AVAILABLE_CELL_BUCKET,START_TIMESTAMP_FOR_INTERVAL,MAX_CELL_UPLINK_DOWNLINK_UNICAST_PLUS_NODE_BASE_DIAGNOSTIC
118000000000,118,cloud_regional_for_veh_1,veh_1,cloud_regional,CLOUD,100000000000,7619120,0.45,0.25,0.2,pool_rsu_central,rsu_central,rsu_1,region_central_degraded,117,1,7619120,11857152,MIN_RESIDUAL_CELL_UPLINK_DOWNLINK_DIAGNOSTIC,CELL_BANDWIDTH_STREAM_RESIDUAL,LATEST_SAFE_AVAILABLE_CELL_BUCKET,START_TIMESTAMP_FOR_INTERVAL,MAX_CELL_UPLINK_DOWNLINK_UNICAST_PLUS_NODE_BASE_DIAGNOSTIC
118000000000,118,edge_central_for_veh_2,veh_2,edge_central,EDGE,9000000000,7619120,0.255,0.25,0.005,pool_rsu_central,rsu_central,rsu_1,region_central_degraded,117,1,7619120,11857152,MIN_RESIDUAL_CELL_UPLINK_DOWNLINK_DIAGNOSTIC,CELL_BANDWIDTH_STREAM_RESIDUAL,LATEST_SAFE_AVAILABLE_CELL_BUCKET,START_TIMESTAMP_FOR_INTERVAL,MAX_CELL_UPLINK_DOWNLINK_UNICAST_PLUS_NODE_BASE_DIAGNOSTIC
118000000000,118,cloud_regional_for_veh_2,veh_2,cloud_regional,CLOUD,100000000000,7619120,0.45,0.25,0.2,pool_rsu_central,rsu_central,rsu_1,region_central_degraded,117,1,7619120,11857152,MIN_RESIDUAL_CELL_UPLINK_DOWNLINK_DIAGNOSTIC,CELL_BANDWIDTH_STREAM_RESIDUAL,LATEST_SAFE_AVAILABLE_CELL_BUCKET,START_TIMESTAMP_FOR_INTERVAL,MAX_CELL_UPLINK_DOWNLINK_UNICAST_PLUS_NODE_BASE_DIAGNOSTIC
118000000000,118,edge_central_for_veh_3,veh_3,edge_central,EDGE,9000000000,7619120,0.255,0.25,0.005,pool_rsu_central,rsu_central,rsu_1,region_central_degraded,117,1,7619120,11857152,MIN_RESIDUAL_CELL_UPLINK_DOWNLINK_DIAGNOSTIC,CELL_BANDWIDTH_STREAM_RESIDUAL,LATEST_SAFE_AVAILABLE_CELL_BUCKET,START_TIMESTAMP_FOR_INTERVAL,MAX_CELL_UPLINK_DOWNLINK_UNICAST_PLUS_NODE_BASE_DIAGNOSTIC
118000000000,118,cloud_regional_for_veh_3,veh_3,cloud_regional,CLOUD,100000000000,7619120,0.45,0.25,0.2,pool_rsu_central,rsu_central,rsu_1,region_central_degraded,117,1,7619120,11857152,MIN_RESIDUAL_CELL_UPLINK_DOWNLINK_DIAGNOSTIC,CELL_BANDWIDTH_STREAM_RESIDUAL,LATEST_SAFE_AVAILABLE_CELL_BUCKET,START_TIMESTAMP_FOR_INTERVAL,MAX_CELL_UPLINK_DOWNLINK_UNICAST_PLUS_NODE_BASE_DIAGNOSTIC
118000000000,118,edge_central_for_veh_4,veh_4,edge_central,EDGE,9000000000,7619120,0.255,0.25,0.005,pool_rsu_central,rsu_central,rsu_1,region_central_degraded,117,1,7619120,11857152,MIN_RESIDUAL_CELL_UPLINK_DOWNLINK_DIAGNOSTIC,CELL_BANDWIDTH_STREAM_RESIDUAL,LATEST_SAFE_AVAILABLE_CELL_BUCKET,START_TIMESTAMP_FOR_INTERVAL,MAX_CELL_UPLINK_DOWNLINK_UNICAST_PLUS_NODE_BASE_DIAGNOSTIC
118000000000,118,cloud_regional_for_veh_4,veh_4,cloud_regional,CLOUD,100000000000,7619120,0.45,0.25,0.2,pool_rsu_central,rsu_central,rsu_1,region_central_degraded,117,1,7619120,11857152,MIN_RESIDUAL_CELL_UPLINK_DOWNLINK_DIAGNOSTIC,CELL_BANDWIDTH_STREAM_RESIDUAL,LATEST_SAFE_AVAILABLE_CELL_BUCKET,START_TIMESTAMP_FOR_INTERVAL,MAX_CELL_UPLINK_DOWNLINK_UNICAST_PLUS_NODE_BASE_DIAGNOSTIC
118000000000,118,edge_central_for_veh_5,veh_5,edge_central,EDGE,9000000000,7619120,0.255,0.25,0.005,pool_rsu_central,rsu_central,rsu_1,region_central_degraded,117,1,7619120,11857152,MIN_RESIDUAL_CELL_UPLINK_DOWNLINK_DIAGNOSTIC,CELL_BANDWIDTH_STREAM_RESIDUAL,LATEST_SAFE_AVAILABLE_CELL_BUCKET,START_TIMESTAMP_FOR_INTERVAL,MAX_CELL_UPLINK_DOWNLINK_UNICAST_PLUS_NODE_BASE_DIAGNOSTIC
118000000000,118,cloud_regional_for_veh_5,veh_5,cloud_regional,CLOUD,100000000000,7619120,0.45,0.25,0.2,pool_rsu_central,rsu_central,rsu_1,region_central_degraded,117,1,7619120,11857152,MIN_RESIDUAL_CELL_UPLINK_DOWNLINK_DIAGNOSTIC,CELL_BANDWIDTH_STREAM_RESIDUAL,LATEST_SAFE_AVAILABLE_CELL_BUCKET,START_TIMESTAMP_FOR_INTERVAL,MAX_CELL_UPLINK_DOWNLINK_UNICAST_PLUS_NODE_BASE_DIAGNOSTIC
119000000000,119,edge_central_for_veh_1,veh_1,edge_central,EDGE,9000000000,7619120,0.255,0.25,0.005,pool_rsu_central,rsu_central,rsu_1,region_central_degraded,118,1,7619120,11839296,MIN_RESIDUAL_CELL_UPLINK_DOWNLINK_DIAGNOSTIC,CELL_BANDWIDTH_STREAM_RESIDUAL,LATEST_SAFE_AVAILABLE_CELL_BUCKET,START_TIMESTAMP_FOR_INTERVAL,MAX_CELL_UPLINK_DOWNLINK_UNICAST_PLUS_NODE_BASE_DIAGNOSTIC
119000000000,119,cloud_regional_for_veh_1,veh_1,cloud_regional,CLOUD,100000000000,7619120,0.45,0.25,0.2,pool_rsu_central,rsu_central,rsu_1,region_central_degraded,118,1,7619120,11839296,MIN_RESIDUAL_CELL_UPLINK_DOWNLINK_DIAGNOSTIC,CELL_BANDWIDTH_STREAM_RESIDUAL,LATEST_SAFE_AVAILABLE_CELL_BUCKET,START_TIMESTAMP_FOR_INTERVAL,MAX_CELL_UPLINK_DOWNLINK_UNICAST_PLUS_NODE_BASE_DIAGNOSTIC
119000000000,119,edge_central_for_veh_2,veh_2,edge_central,EDGE,9000000000,7619120,0.255,0.25,0.005,pool_rsu_central,rsu_central,rsu_1,region_central_degraded,118,1,7619120,11839296,MIN_RESIDUAL_CELL_UPLINK_DOWNLINK_DIAGNOSTIC,CELL_BANDWIDTH_STREAM_RESIDUAL,LATEST_SAFE_AVAILABLE_CELL_BUCKET,START_TIMESTAMP_FOR_INTERVAL,MAX_CELL_UPLINK_DOWNLINK_UNICAST_PLUS_NODE_BASE_DIAGNOSTIC
119000000000,119,cloud_regional_for_veh_2,veh_2,cloud_regional,CLOUD,100000000000,7619120,0.45,0.25,0.2,pool_rsu_central,rsu_central,rsu_1,region_central_degraded,118,1,7619120,11839296,MIN_RESIDUAL_CELL_UPLINK_DOWNLINK_DIAGNOSTIC,CELL_BANDWIDTH_STREAM_RESIDUAL,LATEST_SAFE_AVAILABLE_CELL_BUCKET,START_TIMESTAMP_FOR_INTERVAL,MAX_CELL_UPLINK_DOWNLINK_UNICAST_PLUS_NODE_BASE_DIAGNOSTIC
119000000000,119,edge_central_for_veh_3,veh_3,edge_central,EDGE,9000000000,7619120,0.255,0.25,0.005,pool_rsu_central,rsu_central,rsu_1,region_central_degraded,118,1,7619120,11839296,MIN_RESIDUAL_CELL_UPLINK_DOWNLINK_DIAGNOSTIC,CELL_BANDWIDTH_STREAM_RESIDUAL,LATEST_SAFE_AVAILABLE_CELL_BUCKET,START_TIMESTAMP_FOR_INTERVAL,MAX_CELL_UPLINK_DOWNLINK_UNICAST_PLUS_NODE_BASE_DIAGNOSTIC
119000000000,119,cloud_regional_for_veh_3,veh_3,cloud_regional,CLOUD,100000000000,7619120,0.45,0.25,0.2,pool_rsu_central,rsu_central,rsu_1,region_central_degraded,118,1,7619120,11839296,MIN_RESIDUAL_CELL_UPLINK_DOWNLINK_DIAGNOSTIC,CELL_BANDWIDTH_STREAM_RESIDUAL,LATEST_SAFE_AVAILABLE_CELL_BUCKET,START_TIMESTAMP_FOR_INTERVAL,MAX_CELL_UPLINK_DOWNLINK_UNICAST_PLUS_NODE_BASE_DIAGNOSTIC
119000000000,119,edge_central_for_veh_4,veh_4,edge_central,EDGE,9000000000,7619120,0.255,0.25,0.005,pool_rsu_central,rsu_central,rsu_1,region_central_degraded,118,1,7619120,11839296,MIN_RESIDUAL_CELL_UPLINK_DOWNLINK_DIAGNOSTIC,CELL_BANDWIDTH_STREAM_RESIDUAL,LATEST_SAFE_AVAILABLE_CELL_BUCKET,START_TIMESTAMP_FOR_INTERVAL,MAX_CELL_UPLINK_DOWNLINK_UNICAST_PLUS_NODE_BASE_DIAGNOSTIC
119000000000,119,cloud_regional_for_veh_4,veh_4,cloud_regional,CLOUD,100000000000,7619120,0.45,0.25,0.2,pool_rsu_central,rsu_central,rsu_1,region_central_degraded,118,1,7619120,11839296,MIN_RESIDUAL_CELL_UPLINK_DOWNLINK_DIAGNOSTIC,CELL_BANDWIDTH_STREAM_RESIDUAL,LATEST_SAFE_AVAILABLE_CELL_BUCKET,START_TIMESTAMP_FOR_INTERVAL,MAX_CELL_UPLINK_DOWNLINK_UNICAST_PLUS_NODE_BASE_DIAGNOSTIC
119000000000,119,edge_central_for_veh_5,veh_5,edge_central,EDGE,9000000000,7619120,0.255,0.25,0.005,pool_rsu_central,rsu_central,rsu_1,region_central_degraded,118,1,7619120,11839296,MIN_RESIDUAL_CELL_UPLINK_DOWNLINK_DIAGNOSTIC,CELL_BANDWIDTH_STREAM_RESIDUAL,LATEST_SAFE_AVAILABLE_CELL_BUCKET,START_TIMESTAMP_FOR_INTERVAL,MAX_CELL_UPLINK_DOWNLINK_UNICAST_PLUS_NODE_BASE_DIAGNOSTIC
119000000000,119,cloud_regional_for_veh_5,veh_5,cloud_regional,CLOUD,100000000000,7619120,0.45,0.25,0.2,pool_rsu_central,rsu_central,rsu_1,region_central_degraded,118,1,7619120,11839296,MIN_RESIDUAL_CELL_UPLINK_DOWNLINK_DIAGNOSTIC,CELL_BANDWIDTH_STREAM_RESIDUAL,LATEST_SAFE_AVAILABLE_CELL_BUCKET,START_TIMESTAMP_FOR_INTERVAL,MAX_CELL_UPLINK_DOWNLINK_UNICAST_PLUS_NODE_BASE_DIAGNOSTIC
120000000000,120,edge_central_for_veh_2,veh_2,edge_central,EDGE,9000000000,7576800,0.255,0.25,0.005,pool_rsu_central,rsu_central,rsu_1,region_central_degraded,119,1,7576800,11839296,MIN_RESIDUAL_CELL_UPLINK_DOWNLINK_DIAGNOSTIC,CELL_BANDWIDTH_STREAM_RESIDUAL,LATEST_SAFE_AVAILABLE_CELL_BUCKET,START_TIMESTAMP_FOR_INTERVAL,MAX_CELL_UPLINK_DOWNLINK_UNICAST_PLUS_NODE_BASE_DIAGNOSTIC
120000000000,120,cloud_regional_for_veh_2,veh_2,cloud_regional,CLOUD,100000000000,7576800,0.45,0.25,0.2,pool_rsu_central,rsu_central,rsu_1,region_central_degraded,119,1,7576800,11839296,MIN_RESIDUAL_CELL_UPLINK_DOWNLINK_DIAGNOSTIC,CELL_BANDWIDTH_STREAM_RESIDUAL,LATEST_SAFE_AVAILABLE_CELL_BUCKET,START_TIMESTAMP_FOR_INTERVAL,MAX_CELL_UPLINK_DOWNLINK_UNICAST_PLUS_NODE_BASE_DIAGNOSTIC
120000000000,120,edge_central_for_veh_3,veh_3,edge_central,EDGE,9000000000,7576800,0.255,0.25,0.005,pool_rsu_central,rsu_central,rsu_1,region_central_degraded,119,1,7576800,11839296,MIN_RESIDUAL_CELL_UPLINK_DOWNLINK_DIAGNOSTIC,CELL_BANDWIDTH_STREAM_RESIDUAL,LATEST_SAFE_AVAILABLE_CELL_BUCKET,START_TIMESTAMP_FOR_INTERVAL,MAX_CELL_UPLINK_DOWNLINK_UNICAST_PLUS_NODE_BASE_DIAGNOSTIC
120000000000,120,cloud_regional_for_veh_3,veh_3,cloud_regional,CLOUD,100000000000,7576800,0.45,0.25,0.2,pool_rsu_central,rsu_central,rsu_1,region_central_degraded,119,1,7576800,11839296,MIN_RESIDUAL_CELL_UPLINK_DOWNLINK_DIAGNOSTIC,CELL_BANDWIDTH_STREAM_RESIDUAL,LATEST_SAFE_AVAILABLE_CELL_BUCKET,START_TIMESTAMP_FOR_INTERVAL,MAX_CELL_UPLINK_DOWNLINK_UNICAST_PLUS_NODE_BASE_DIAGNOSTIC
120000000000,120,edge_central_for_veh_4,veh_4,edge_central,EDGE,9000000000,7576800,0.255,0.25,0.005,pool_rsu_central,rsu_central,rsu_1,region_central_degraded,119,1,7576800,11839296,MIN_RESIDUAL_CELL_UPLINK_DOWNLINK_DIAGNOSTIC,CELL_BANDWIDTH_STREAM_RESIDUAL,LATEST_SAFE_AVAILABLE_CELL_BUCKET,START_TIMESTAMP_FOR_INTERVAL,MAX_CELL_UPLINK_DOWNLINK_UNICAST_PLUS_NODE_BASE_DIAGNOSTIC
120000000000,120,cloud_regional_for_veh_4,veh_4,cloud_regional,CLOUD,100000000000,7576800,0.45,0.25,0.2,pool_rsu_central,rsu_central,rsu_1,region_central_degraded,119,1,7576800,11839296,MIN_RESIDUAL_CELL_UPLINK_DOWNLINK_DIAGNOSTIC,CELL_BANDWIDTH_STREAM_RESIDUAL,LATEST_SAFE_AVAILABLE_CELL_BUCKET,START_TIMESTAMP_FOR_INTERVAL,MAX_CELL_UPLINK_DOWNLINK_UNICAST_PLUS_NODE_BASE_DIAGNOSTIC
120000000000,120,edge_central_for_veh_5,veh_5,edge_central,EDGE,9000000000,7576800,0.255,0.25,0.005,pool_rsu_central,rsu_central,rsu_1,region_central_degraded,119,1,7576800,11839296,MIN_RESIDUAL_CELL_UPLINK_DOWNLINK_DIAGNOSTIC,CELL_BANDWIDTH_STREAM_RESIDUAL,LATEST_SAFE_AVAILABLE_CELL_BUCKET,START_TIMESTAMP_FOR_INTERVAL,MAX_CELL_UPLINK_DOWNLINK_UNICAST_PLUS_NODE_BASE_DIAGNOSTIC
120000000000,120,cloud_regional_for_veh_5,veh_5,cloud_regional,CLOUD,100000000000,7576800,0.45,0.25,0.2,pool_rsu_central,rsu_central,rsu_1,region_central_degraded,119,1,7576800,11839296,MIN_RESIDUAL_CELL_UPLINK_DOWNLINK_DIAGNOSTIC,CELL_BANDWIDTH_STREAM_RESIDUAL,LATEST_SAFE_AVAILABLE_CELL_BUCKET,START_TIMESTAMP_FOR_INTERVAL,MAX_CELL_UPLINK_DOWNLINK_UNICAST_PLUS_NODE_BASE_DIAGNOSTIC
121000000000,121,edge_central_for_veh_2,veh_2,edge_central,EDGE,9000000000,7619120,0.255,0.25,0.005,pool_rsu_central,rsu_central,rsu_1,region_central_degraded,120,1,7619120,11839296,MIN_RESIDUAL_CELL_UPLINK_DOWNLINK_DIAGNOSTIC,CELL_BANDWIDTH_STREAM_RESIDUAL,LATEST_SAFE_AVAILABLE_CELL_BUCKET,START_TIMESTAMP_FOR_INTERVAL,MAX_CELL_UPLINK_DOWNLINK_UNICAST_PLUS_NODE_BASE_DIAGNOSTIC
121000000000,121,cloud_regional_for_veh_2,veh_2,cloud_regional,CLOUD,100000000000,7619120,0.45,0.25,0.2,pool_rsu_central,rsu_central,rsu_1,region_central_degraded,120,1,7619120,11839296,MIN_RESIDUAL_CELL_UPLINK_DOWNLINK_DIAGNOSTIC,CELL_BANDWIDTH_STREAM_RESIDUAL,LATEST_SAFE_AVAILABLE_CELL_BUCKET,START_TIMESTAMP_FOR_INTERVAL,MAX_CELL_UPLINK_DOWNLINK_UNICAST_PLUS_NODE_BASE_DIAGNOSTIC
121000000000,121,edge_central_for_veh_3,veh_3,edge_central,EDGE,9000000000,7619120,0.255,0.25,0.005,pool_rsu_central,rsu_central,rsu_1,region_central_degraded,120,1,7619120,11839296,MIN_RESIDUAL_CELL_UPLINK_DOWNLINK_DIAGNOSTIC,CELL_BANDWIDTH_STREAM_RESIDUAL,LATEST_SAFE_AVAILABLE_CELL_BUCKET,START_TIMESTAMP_FOR_INTERVAL,MAX_CELL_UPLINK_DOWNLINK_UNICAST_PLUS_NODE_BASE_DIAGNOSTIC
121000000000,121,cloud_regional_for_veh_3,veh_3,cloud_regional,CLOUD,100000000000,7619120,0.45,0.25,0.2,pool_rsu_central,rsu_central,rsu_1,region_central_degraded,120,1,7619120,11839296,MIN_RESIDUAL_CELL_UPLINK_DOWNLINK_DIAGNOSTIC,CELL_BANDWIDTH_STREAM_RESIDUAL,LATEST_SAFE_AVAILABLE_CELL_BUCKET,START_TIMESTAMP_FOR_INTERVAL,MAX_CELL_UPLINK_DOWNLINK_UNICAST_PLUS_NODE_BASE_DIAGNOSTIC
121000000000,121,edge_central_for_veh_4,veh_4,edge_central,EDGE,9000000000,7619120,0.255,0.25,0.005,pool_rsu_central,rsu_central,rsu_1,region_central_degraded,120,1,7619120,11839296,MIN_RESIDUAL_CELL_UPLINK_DOWNLINK_DIAGNOSTIC,CELL_BANDWIDTH_STREAM_RESIDUAL,LATEST_SAFE_AVAILABLE_CELL_BUCKET,START_TIMESTAMP_FOR_INTERVAL,MAX_CELL_UPLINK_DOWNLINK_UNICAST_PLUS_NODE_BASE_DIAGNOSTIC
121000000000,121,cloud_regional_for_veh_4,veh_4,cloud_regional,CLOUD,100000000000,7619120,0.45,0.25,0.2,pool_rsu_central,rsu_central,rsu_1,region_central_degraded,120,1,7619120,11839296,MIN_RESIDUAL_CELL_UPLINK_DOWNLINK_DIAGNOSTIC,CELL_BANDWIDTH_STREAM_RESIDUAL,LATEST_SAFE_AVAILABLE_CELL_BUCKET,START_TIMESTAMP_FOR_INTERVAL,MAX_CELL_UPLINK_DOWNLINK_UNICAST_PLUS_NODE_BASE_DIAGNOSTIC
121000000000,121,edge_central_for_veh_5,veh_5,edge_central,EDGE,9000000000,7619120,0.255,0.25,0.005,pool_rsu_central,rsu_central,rsu_1,region_central_degraded,120,1,7619120,11839296,MIN_RESIDUAL_CELL_UPLINK_DOWNLINK_DIAGNOSTIC,CELL_BANDWIDTH_STREAM_RESIDUAL,LATEST_SAFE_AVAILABLE_CELL_BUCKET,START_TIMESTAMP_FOR_INTERVAL,MAX_CELL_UPLINK_DOWNLINK_UNICAST_PLUS_NODE_BASE_DIAGNOSTIC
121000000000,121,cloud_regional_for_veh_5,veh_5,cloud_regional,CLOUD,100000000000,7619120,0.45,0.25,0.2,pool_rsu_central,rsu_central,rsu_1,region_central_degraded,120,1,7619120,11839296,MIN_RESIDUAL_CELL_UPLINK_DOWNLINK_DIAGNOSTIC,CELL_BANDWIDTH_STREAM_RESIDUAL,LATEST_SAFE_AVAILABLE_CELL_BUCKET,START_TIMESTAMP_FOR_INTERVAL,MAX_CELL_UPLINK_DOWNLINK_UNICAST_PLUS_NODE_BASE_DIAGNOSTIC
122000000000,122,edge_central_for_veh_2,veh_2,edge_central,EDGE,9000000000,7576800,0.255,0.25,0.005,pool_rsu_central,rsu_central,rsu_1,region_central_degraded,121,1,7576800,11821440,MIN_RESIDUAL_CELL_UPLINK_DOWNLINK_DIAGNOSTIC,CELL_BANDWIDTH_STREAM_RESIDUAL,LATEST_SAFE_AVAILABLE_CELL_BUCKET,START_TIMESTAMP_FOR_INTERVAL,MAX_CELL_UPLINK_DOWNLINK_UNICAST_PLUS_NODE_BASE_DIAGNOSTIC
122000000000,122,cloud_regional_for_veh_2,veh_2,cloud_regional,CLOUD,100000000000,7576800,0.45,0.25,0.2,pool_rsu_central,rsu_central,rsu_1,region_central_degraded,121,1,7576800,11821440,MIN_RESIDUAL_CELL_UPLINK_DOWNLINK_DIAGNOSTIC,CELL_BANDWIDTH_STREAM_RESIDUAL,LATEST_SAFE_AVAILABLE_CELL_BUCKET,START_TIMESTAMP_FOR_INTERVAL,MAX_CELL_UPLINK_DOWNLINK_UNICAST_PLUS_NODE_BASE_DIAGNOSTIC
122000000000,122,edge_central_for_veh_3,veh_3,edge_central,EDGE,9000000000,7576800,0.255,0.25,0.005,pool_rsu_central,rsu_central,rsu_1,region_central_degraded,121,1,7576800,11821440,MIN_RESIDUAL_CELL_UPLINK_DOWNLINK_DIAGNOSTIC,CELL_BANDWIDTH_STREAM_RESIDUAL,LATEST_SAFE_AVAILABLE_CELL_BUCKET,START_TIMESTAMP_FOR_INTERVAL,MAX_CELL_UPLINK_DOWNLINK_UNICAST_PLUS_NODE_BASE_DIAGNOSTIC
122000000000,122,cloud_regional_for_veh_3,veh_3,cloud_regional,CLOUD,100000000000,7576800,0.45,0.25,0.2,pool_rsu_central,rsu_central,rsu_1,region_central_degraded,121,1,7576800,11821440,MIN_RESIDUAL_CELL_UPLINK_DOWNLINK_DIAGNOSTIC,CELL_BANDWIDTH_STREAM_RESIDUAL,LATEST_SAFE_AVAILABLE_CELL_BUCKET,START_TIMESTAMP_FOR_INTERVAL,MAX_CELL_UPLINK_DOWNLINK_UNICAST_PLUS_NODE_BASE_DIAGNOSTIC
122000000000,122,edge_central_for_veh_4,veh_4,edge_central,EDGE,9000000000,7576800,0.255,0.25,0.005,pool_rsu_central,rsu_central,rsu_1,region_central_degraded,121,1,7576800,11821440,MIN_RESIDUAL_CELL_UPLINK_DOWNLINK_DIAGNOSTIC,CELL_BANDWIDTH_STREAM_RESIDUAL,LATEST_SAFE_AVAILABLE_CELL_BUCKET,START_TIMESTAMP_FOR_INTERVAL,MAX_CELL_UPLINK_DOWNLINK_UNICAST_PLUS_NODE_BASE_DIAGNOSTIC
122000000000,122,cloud_regional_for_veh_4,veh_4,cloud_regional,CLOUD,100000000000,7576800,0.45,0.25,0.2,pool_rsu_central,rsu_central,rsu_1,region_central_degraded,121,1,7576800,11821440,MIN_RESIDUAL_CELL_UPLINK_DOWNLINK_DIAGNOSTIC,CELL_BANDWIDTH_STREAM_RESIDUAL,LATEST_SAFE_AVAILABLE_CELL_BUCKET,START_TIMESTAMP_FOR_INTERVAL,MAX_CELL_UPLINK_DOWNLINK_UNICAST_PLUS_NODE_BASE_DIAGNOSTIC
122000000000,122,edge_central_for_veh_5,veh_5,edge_central,EDGE,9000000000,7576800,0.255,0.25,0.005,pool_rsu_central,rsu_central,rsu_1,region_central_degraded,121,1,7576800,11821440,MIN_RESIDUAL_CELL_UPLINK_DOWNLINK_DIAGNOSTIC,CELL_BANDWIDTH_STREAM_RESIDUAL,LATEST_SAFE_AVAILABLE_CELL_BUCKET,START_TIMESTAMP_FOR_INTERVAL,MAX_CELL_UPLINK_DOWNLINK_UNICAST_PLUS_NODE_BASE_DIAGNOSTIC
122000000000,122,cloud_regional_for_veh_5,veh_5,cloud_regional,CLOUD,100000000000,7576800,0.45,0.25,0.2,pool_rsu_central,rsu_central,rsu_1,region_central_degraded,121,1,7576800,11821440,MIN_RESIDUAL_CELL_UPLINK_DOWNLINK_DIAGNOSTIC,CELL_BANDWIDTH_STREAM_RESIDUAL,LATEST_SAFE_AVAILABLE_CELL_BUCKET,START_TIMESTAMP_FOR_INTERVAL,MAX_CELL_UPLINK_DOWNLINK_UNICAST_PLUS_NODE_BASE_DIAGNOSTIC
122000000000,122,edge_central_for_veh_6,veh_6,edge_central,EDGE,9000000000,7576800,0.255,0.25,0.005,pool_rsu_central,rsu_central,rsu_1,region_central_degraded,121,1,7576800,11821440,MIN_RESIDUAL_CELL_UPLINK_DOWNLINK_DIAGNOSTIC,CELL_BANDWIDTH_STREAM_RESIDUAL,LATEST_SAFE_AVAILABLE_CELL_BUCKET,START_TIMESTAMP_FOR_INTERVAL,MAX_CELL_UPLINK_DOWNLINK_UNICAST_PLUS_NODE_BASE_DIAGNOSTIC
122000000000,122,cloud_regional_for_veh_6,veh_6,cloud_regional,CLOUD,100000000000,7576800,0.45,0.25,0.2,pool_rsu_central,rsu_central,rsu_1,region_central_degraded,121,1,7576800,11821440,MIN_RESIDUAL_CELL_UPLINK_DOWNLINK_DIAGNOSTIC,CELL_BANDWIDTH_STREAM_RESIDUAL,LATEST_SAFE_AVAILABLE_CELL_BUCKET,START_TIMESTAMP_FOR_INTERVAL,MAX_CELL_UPLINK_DOWNLINK_UNICAST_PLUS_NODE_BASE_DIAGNOSTIC
123000000000,123,edge_central_for_veh_2,veh_2,edge_central,EDGE,9000000000,7576800,0.255,0.25,0.005,pool_rsu_central,rsu_central,rsu_1,region_central_degraded,122,1,7576800,11821440,MIN_RESIDUAL_CELL_UPLINK_DOWNLINK_DIAGNOSTIC,CELL_BANDWIDTH_STREAM_RESIDUAL,LATEST_SAFE_AVAILABLE_CELL_BUCKET,START_TIMESTAMP_FOR_INTERVAL,MAX_CELL_UPLINK_DOWNLINK_UNICAST_PLUS_NODE_BASE_DIAGNOSTIC
123000000000,123,cloud_regional_for_veh_2,veh_2,cloud_regional,CLOUD,100000000000,7576800,0.45,0.25,0.2,pool_rsu_central,rsu_central,rsu_1,region_central_degraded,122,1,7576800,11821440,MIN_RESIDUAL_CELL_UPLINK_DOWNLINK_DIAGNOSTIC,CELL_BANDWIDTH_STREAM_RESIDUAL,LATEST_SAFE_AVAILABLE_CELL_BUCKET,START_TIMESTAMP_FOR_INTERVAL,MAX_CELL_UPLINK_DOWNLINK_UNICAST_PLUS_NODE_BASE_DIAGNOSTIC
123000000000,123,edge_central_for_veh_3,veh_3,edge_central,EDGE,9000000000,7576800,0.255,0.25,0.005,pool_rsu_central,rsu_central,rsu_1,region_central_degraded,122,1,7576800,11821440,MIN_RESIDUAL_CELL_UPLINK_DOWNLINK_DIAGNOSTIC,CELL_BANDWIDTH_STREAM_RESIDUAL,LATEST_SAFE_AVAILABLE_CELL_BUCKET,START_TIMESTAMP_FOR_INTERVAL,MAX_CELL_UPLINK_DOWNLINK_UNICAST_PLUS_NODE_BASE_DIAGNOSTIC
123000000000,123,cloud_regional_for_veh_3,veh_3,cloud_regional,CLOUD,100000000000,7576800,0.45,0.25,0.2,pool_rsu_central,rsu_central,rsu_1,region_central_degraded,122,1,7576800,11821440,MIN_RESIDUAL_CELL_UPLINK_DOWNLINK_DIAGNOSTIC,CELL_BANDWIDTH_STREAM_RESIDUAL,LATEST_SAFE_AVAILABLE_CELL_BUCKET,START_TIMESTAMP_FOR_INTERVAL,MAX_CELL_UPLINK_DOWNLINK_UNICAST_PLUS_NODE_BASE_DIAGNOSTIC
123000000000,123,edge_central_for_veh_4,veh_4,edge_central,EDGE,9000000000,7576800,0.255,0.25,0.005,pool_rsu_central,rsu_central,rsu_1,region_central_degraded,122,1,7576800,11821440,MIN_RESIDUAL_CELL_UPLINK_DOWNLINK_DIAGNOSTIC,CELL_BANDWIDTH_STREAM_RESIDUAL,LATEST_SAFE_AVAILABLE_CELL_BUCKET,START_TIMESTAMP_FOR_INTERVAL,MAX_CELL_UPLINK_DOWNLINK_UNICAST_PLUS_NODE_BASE_DIAGNOSTIC
123000000000,123,cloud_regional_for_veh_4,veh_4,cloud_regional,CLOUD,100000000000,7576800,0.45,0.25,0.2,pool_rsu_central,rsu_central,rsu_1,region_central_degraded,122,1,7576800,11821440,MIN_RESIDUAL_CELL_UPLINK_DOWNLINK_DIAGNOSTIC,CELL_BANDWIDTH_STREAM_RESIDUAL,LATEST_SAFE_AVAILABLE_CELL_BUCKET,START_TIMESTAMP_FOR_INTERVAL,MAX_CELL_UPLINK_DOWNLINK_UNICAST_PLUS_NODE_BASE_DIAGNOSTIC
123000000000,123,edge_central_for_veh_5,veh_5,edge_central,EDGE,9000000000,7576800,0.255,0.25,0.005,pool_rsu_central,rsu_central,rsu_1,region_central_degraded,122,1,7576800,11821440,MIN_RESIDUAL_CELL_UPLINK_DOWNLINK_DIAGNOSTIC,CELL_BANDWIDTH_STREAM_RESIDUAL,LATEST_SAFE_AVAILABLE_CELL_BUCKET,START_TIMESTAMP_FOR_INTERVAL,MAX_CELL_UPLINK_DOWNLINK_UNICAST_PLUS_NODE_BASE_DIAGNOSTIC
123000000000,123,cloud_regional_for_veh_5,veh_5,cloud_regional,CLOUD,100000000000,7576800,0.45,0.25,0.2,pool_rsu_central,rsu_central,rsu_1,region_central_degraded,122,1,7576800,11821440,MIN_RESIDUAL_CELL_UPLINK_DOWNLINK_DIAGNOSTIC,CELL_BANDWIDTH_STREAM_RESIDUAL,LATEST_SAFE_AVAILABLE_CELL_BUCKET,START_TIMESTAMP_FOR_INTERVAL,MAX_CELL_UPLINK_DOWNLINK_UNICAST_PLUS_NODE_BASE_DIAGNOSTIC
123000000000,123,edge_central_for_veh_6,veh_6,edge_central,EDGE,9000000000,7576800,0.255,0.25,0.005,pool_rsu_central,rsu_central,rsu_1,region_central_degraded,122,1,7576800,11821440,MIN_RESIDUAL_CELL_UPLINK_DOWNLINK_DIAGNOSTIC,CELL_BANDWIDTH_STREAM_RESIDUAL,LATEST_SAFE_AVAILABLE_CELL_BUCKET,START_TIMESTAMP_FOR_INTERVAL,MAX_CELL_UPLINK_DOWNLINK_UNICAST_PLUS_NODE_BASE_DIAGNOSTIC
123000000000,123,cloud_regional_for_veh_6,veh_6,cloud_regional,CLOUD,100000000000,7576800,0.45,0.25,0.2,pool_rsu_central,rsu_central,rsu_1,region_central_degraded,122,1,7576800,11821440,MIN_RESIDUAL_CELL_UPLINK_DOWNLINK_DIAGNOSTIC,CELL_BANDWIDTH_STREAM_RESIDUAL,LATEST_SAFE_AVAILABLE_CELL_BUCKET,START_TIMESTAMP_FOR_INTERVAL,MAX_CELL_UPLINK_DOWNLINK_UNICAST_PLUS_NODE_BASE_DIAGNOSTIC
124000000000,124,edge_central_for_veh_3,veh_3,edge_central,EDGE,9000000000,7576800,0.255,0.25,0.005,pool_rsu_central,rsu_central,rsu_1,region_central_degraded,123,1,7576800,11821440,MIN_RESIDUAL_CELL_UPLINK_DOWNLINK_DIAGNOSTIC,CELL_BANDWIDTH_STREAM_RESIDUAL,LATEST_SAFE_AVAILABLE_CELL_BUCKET,START_TIMESTAMP_FOR_INTERVAL,MAX_CELL_UPLINK_DOWNLINK_UNICAST_PLUS_NODE_BASE_DIAGNOSTIC
124000000000,124,cloud_regional_for_veh_3,veh_3,cloud_regional,CLOUD,100000000000,7576800,0.45,0.25,0.2,pool_rsu_central,rsu_central,rsu_1,region_central_degraded,123,1,7576800,11821440,MIN_RESIDUAL_CELL_UPLINK_DOWNLINK_DIAGNOSTIC,CELL_BANDWIDTH_STREAM_RESIDUAL,LATEST_SAFE_AVAILABLE_CELL_BUCKET,START_TIMESTAMP_FOR_INTERVAL,MAX_CELL_UPLINK_DOWNLINK_UNICAST_PLUS_NODE_BASE_DIAGNOSTIC
124000000000,124,edge_central_for_veh_4,veh_4,edge_central,EDGE,9000000000,7576800,0.255,0.25,0.005,pool_rsu_central,rsu_central,rsu_1,region_central_degraded,123,1,7576800,11821440,MIN_RESIDUAL_CELL_UPLINK_DOWNLINK_DIAGNOSTIC,CELL_BANDWIDTH_STREAM_RESIDUAL,LATEST_SAFE_AVAILABLE_CELL_BUCKET,START_TIMESTAMP_FOR_INTERVAL,MAX_CELL_UPLINK_DOWNLINK_UNICAST_PLUS_NODE_BASE_DIAGNOSTIC
124000000000,124,cloud_regional_for_veh_4,veh_4,cloud_regional,CLOUD,100000000000,7576800,0.45,0.25,0.2,pool_rsu_central,rsu_central,rsu_1,region_central_degraded,123,1,7576800,11821440,MIN_RESIDUAL_CELL_UPLINK_DOWNLINK_DIAGNOSTIC,CELL_BANDWIDTH_STREAM_RESIDUAL,LATEST_SAFE_AVAILABLE_CELL_BUCKET,START_TIMESTAMP_FOR_INTERVAL,MAX_CELL_UPLINK_DOWNLINK_UNICAST_PLUS_NODE_BASE_DIAGNOSTIC
124000000000,124,edge_central_for_veh_5,veh_5,edge_central,EDGE,9000000000,7576800,0.255,0.25,0.005,pool_rsu_central,rsu_central,rsu_1,region_central_degraded,123,1,7576800,11821440,MIN_RESIDUAL_CELL_UPLINK_DOWNLINK_DIAGNOSTIC,CELL_BANDWIDTH_STREAM_RESIDUAL,LATEST_SAFE_AVAILABLE_CELL_BUCKET,START_TIMESTAMP_FOR_INTERVAL,MAX_CELL_UPLINK_DOWNLINK_UNICAST_PLUS_NODE_BASE_DIAGNOSTIC
124000000000,124,cloud_regional_for_veh_5,veh_5,cloud_regional,CLOUD,100000000000,7576800,0.45,0.25,0.2,pool_rsu_central,rsu_central,rsu_1,region_central_degraded,123,1,7576800,11821440,MIN_RESIDUAL_CELL_UPLINK_DOWNLINK_DIAGNOSTIC,CELL_BANDWIDTH_STREAM_RESIDUAL,LATEST_SAFE_AVAILABLE_CELL_BUCKET,START_TIMESTAMP_FOR_INTERVAL,MAX_CELL_UPLINK_DOWNLINK_UNICAST_PLUS_NODE_BASE_DIAGNOSTIC
124000000000,124,edge_central_for_veh_6,veh_6,edge_central,EDGE,9000000000,7576800,0.255,0.25,0.005,pool_rsu_central,rsu_central,rsu_1,region_central_degraded,123,1,7576800,11821440,MIN_RESIDUAL_CELL_UPLINK_DOWNLINK_DIAGNOSTIC,CELL_BANDWIDTH_STREAM_RESIDUAL,LATEST_SAFE_AVAILABLE_CELL_BUCKET,START_TIMESTAMP_FOR_INTERVAL,MAX_CELL_UPLINK_DOWNLINK_UNICAST_PLUS_NODE_BASE_DIAGNOSTIC
124000000000,124,cloud_regional_for_veh_6,veh_6,cloud_regional,CLOUD,100000000000,7576800,0.45,0.25,0.2,pool_rsu_central,rsu_central,rsu_1,region_central_degraded,123,1,7576800,11821440,MIN_RESIDUAL_CELL_UPLINK_DOWNLINK_DIAGNOSTIC,CELL_BANDWIDTH_STREAM_RESIDUAL,LATEST_SAFE_AVAILABLE_CELL_BUCKET,START_TIMESTAMP_FOR_INTERVAL,MAX_CELL_UPLINK_DOWNLINK_UNICAST_PLUS_NODE_BASE_DIAGNOSTIC
125000000000,125,edge_central_for_veh_3,veh_3,edge_central,EDGE,9000000000,7576800,0.255,0.25,0.005,pool_rsu_central,rsu_central,rsu_1,region_central_degraded,124,1,7576800,11821440,MIN_RESIDUAL_CELL_UPLINK_DOWNLINK_DIAGNOSTIC,CELL_BANDWIDTH_STREAM_RESIDUAL,LATEST_SAFE_AVAILABLE_CELL_BUCKET,START_TIMESTAMP_FOR_INTERVAL,MAX_CELL_UPLINK_DOWNLINK_UNICAST_PLUS_NODE_BASE_DIAGNOSTIC
125000000000,125,cloud_regional_for_veh_3,veh_3,cloud_regional,CLOUD,100000000000,7576800,0.45,0.25,0.2,pool_rsu_central,rsu_central,rsu_1,region_central_degraded,124,1,7576800,11821440,MIN_RESIDUAL_CELL_UPLINK_DOWNLINK_DIAGNOSTIC,CELL_BANDWIDTH_STREAM_RESIDUAL,LATEST_SAFE_AVAILABLE_CELL_BUCKET,START_TIMESTAMP_FOR_INTERVAL,MAX_CELL_UPLINK_DOWNLINK_UNICAST_PLUS_NODE_BASE_DIAGNOSTIC
125000000000,125,edge_central_for_veh_4,veh_4,edge_central,EDGE,9000000000,7576800,0.255,0.25,0.005,pool_rsu_central,rsu_central,rsu_1,region_central_degraded,124,1,7576800,11821440,MIN_RESIDUAL_CELL_UPLINK_DOWNLINK_DIAGNOSTIC,CELL_BANDWIDTH_STREAM_RESIDUAL,LATEST_SAFE_AVAILABLE_CELL_BUCKET,START_TIMESTAMP_FOR_INTERVAL,MAX_CELL_UPLINK_DOWNLINK_UNICAST_PLUS_NODE_BASE_DIAGNOSTIC
125000000000,125,cloud_regional_for_veh_4,veh_4,cloud_regional,CLOUD,100000000000,7576800,0.45,0.25,0.2,pool_rsu_central,rsu_central,rsu_1,region_central_degraded,124,1,7576800,11821440,MIN_RESIDUAL_CELL_UPLINK_DOWNLINK_DIAGNOSTIC,CELL_BANDWIDTH_STREAM_RESIDUAL,LATEST_SAFE_AVAILABLE_CELL_BUCKET,START_TIMESTAMP_FOR_INTERVAL,MAX_CELL_UPLINK_DOWNLINK_UNICAST_PLUS_NODE_BASE_DIAGNOSTIC
125000000000,125,edge_central_for_veh_5,veh_5,edge_central,EDGE,9000000000,7576800,0.255,0.25,0.005,pool_rsu_central,rsu_central,rsu_1,region_central_degraded,124,1,7576800,11821440,MIN_RESIDUAL_CELL_UPLINK_DOWNLINK_DIAGNOSTIC,CELL_BANDWIDTH_STREAM_RESIDUAL,LATEST_SAFE_AVAILABLE_CELL_BUCKET,START_TIMESTAMP_FOR_INTERVAL,MAX_CELL_UPLINK_DOWNLINK_UNICAST_PLUS_NODE_BASE_DIAGNOSTIC
125000000000,125,cloud_regional_for_veh_5,veh_5,cloud_regional,CLOUD,100000000000,7576800,0.45,0.25,0.2,pool_rsu_central,rsu_central,rsu_1,region_central_degraded,124,1,7576800,11821440,MIN_RESIDUAL_CELL_UPLINK_DOWNLINK_DIAGNOSTIC,CELL_BANDWIDTH_STREAM_RESIDUAL,LATEST_SAFE_AVAILABLE_CELL_BUCKET,START_TIMESTAMP_FOR_INTERVAL,MAX_CELL_UPLINK_DOWNLINK_UNICAST_PLUS_NODE_BASE_DIAGNOSTIC
125000000000,125,edge_central_for_veh_6,veh_6,edge_central,EDGE,9000000000,7576800,0.255,0.25,0.005,pool_rsu_central,rsu_central,rsu_1,region_central_degraded,124,1,7576800,11821440,MIN_RESIDUAL_CELL_UPLINK_DOWNLINK_DIAGNOSTIC,CELL_BANDWIDTH_STREAM_RESIDUAL,LATEST_SAFE_AVAILABLE_CELL_BUCKET,START_TIMESTAMP_FOR_INTERVAL,MAX_CELL_UPLINK_DOWNLINK_UNICAST_PLUS_NODE_BASE_DIAGNOSTIC
125000000000,125,cloud_regional_for_veh_6,veh_6,cloud_regional,CLOUD,100000000000,7576800,0.45,0.25,0.2,pool_rsu_central,rsu_central,rsu_1,region_central_degraded,124,1,7576800,11821440,MIN_RESIDUAL_CELL_UPLINK_DOWNLINK_DIAGNOSTIC,CELL_BANDWIDTH_STREAM_RESIDUAL,LATEST_SAFE_AVAILABLE_CELL_BUCKET,START_TIMESTAMP_FOR_INTERVAL,MAX_CELL_UPLINK_DOWNLINK_UNICAST_PLUS_NODE_BASE_DIAGNOSTIC
126000000000,126,edge_central_for_veh_3,veh_3,edge_central,EDGE,9000000000,7576800,0.255,0.25,0.005,pool_rsu_central,rsu_central,rsu_1,region_central_degraded,125,1,7576800,11821440,MIN_RESIDUAL_CELL_UPLINK_DOWNLINK_DIAGNOSTIC,CELL_BANDWIDTH_STREAM_RESIDUAL,LATEST_SAFE_AVAILABLE_CELL_BUCKET,START_TIMESTAMP_FOR_INTERVAL,MAX_CELL_UPLINK_DOWNLINK_UNICAST_PLUS_NODE_BASE_DIAGNOSTIC
126000000000,126,cloud_regional_for_veh_3,veh_3,cloud_regional,CLOUD,100000000000,7576800,0.45,0.25,0.2,pool_rsu_central,rsu_central,rsu_1,region_central_degraded,125,1,7576800,11821440,MIN_RESIDUAL_CELL_UPLINK_DOWNLINK_DIAGNOSTIC,CELL_BANDWIDTH_STREAM_RESIDUAL,LATEST_SAFE_AVAILABLE_CELL_BUCKET,START_TIMESTAMP_FOR_INTERVAL,MAX_CELL_UPLINK_DOWNLINK_UNICAST_PLUS_NODE_BASE_DIAGNOSTIC
126000000000,126,edge_central_for_veh_4,veh_4,edge_central,EDGE,9000000000,7576800,0.255,0.25,0.005,pool_rsu_central,rsu_central,rsu_1,region_central_degraded,125,1,7576800,11821440,MIN_RESIDUAL_CELL_UPLINK_DOWNLINK_DIAGNOSTIC,CELL_BANDWIDTH_STREAM_RESIDUAL,LATEST_SAFE_AVAILABLE_CELL_BUCKET,START_TIMESTAMP_FOR_INTERVAL,MAX_CELL_UPLINK_DOWNLINK_UNICAST_PLUS_NODE_BASE_DIAGNOSTIC
126000000000,126,cloud_regional_for_veh_4,veh_4,cloud_regional,CLOUD,100000000000,7576800,0.45,0.25,0.2,pool_rsu_central,rsu_central,rsu_1,region_central_degraded,125,1,7576800,11821440,MIN_RESIDUAL_CELL_UPLINK_DOWNLINK_DIAGNOSTIC,CELL_BANDWIDTH_STREAM_RESIDUAL,LATEST_SAFE_AVAILABLE_CELL_BUCKET,START_TIMESTAMP_FOR_INTERVAL,MAX_CELL_UPLINK_DOWNLINK_UNICAST_PLUS_NODE_BASE_DIAGNOSTIC
126000000000,126,edge_central_for_veh_5,veh_5,edge_central,EDGE,9000000000,7576800,0.255,0.25,0.005,pool_rsu_central,rsu_central,rsu_1,region_central_degraded,125,1,7576800,11821440,MIN_RESIDUAL_CELL_UPLINK_DOWNLINK_DIAGNOSTIC,CELL_BANDWIDTH_STREAM_RESIDUAL,LATEST_SAFE_AVAILABLE_CELL_BUCKET,START_TIMESTAMP_FOR_INTERVAL,MAX_CELL_UPLINK_DOWNLINK_UNICAST_PLUS_NODE_BASE_DIAGNOSTIC
126000000000,126,cloud_regional_for_veh_5,veh_5,cloud_regional,CLOUD,100000000000,7576800,0.45,0.25,0.2,pool_rsu_central,rsu_central,rsu_1,region_central_degraded,125,1,7576800,11821440,MIN_RESIDUAL_CELL_UPLINK_DOWNLINK_DIAGNOSTIC,CELL_BANDWIDTH_STREAM_RESIDUAL,LATEST_SAFE_AVAILABLE_CELL_BUCKET,START_TIMESTAMP_FOR_INTERVAL,MAX_CELL_UPLINK_DOWNLINK_UNICAST_PLUS_NODE_BASE_DIAGNOSTIC
126000000000,126,edge_central_for_veh_6,veh_6,edge_central,EDGE,9000000000,7576800,0.255,0.25,0.005,pool_rsu_central,rsu_central,rsu_1,region_central_degraded,125,1,7576800,11821440,MIN_RESIDUAL_CELL_UPLINK_DOWNLINK_DIAGNOSTIC,CELL_BANDWIDTH_STREAM_RESIDUAL,LATEST_SAFE_AVAILABLE_CELL_BUCKET,START_TIMESTAMP_FOR_INTERVAL,MAX_CELL_UPLINK_DOWNLINK_UNICAST_PLUS_NODE_BASE_DIAGNOSTIC
126000000000,126,cloud_regional_for_veh_6,veh_6,cloud_regional,CLOUD,100000000000,7576800,0.45,0.25,0.2,pool_rsu_central,rsu_central,rsu_1,region_central_degraded,125,1,7576800,11821440,MIN_RESIDUAL_CELL_UPLINK_DOWNLINK_DIAGNOSTIC,CELL_BANDWIDTH_STREAM_RESIDUAL,LATEST_SAFE_AVAILABLE_CELL_BUCKET,START_TIMESTAMP_FOR_INTERVAL,MAX_CELL_UPLINK_DOWNLINK_UNICAST_PLUS_NODE_BASE_DIAGNOSTIC
126000000000,126,edge_central_for_veh_7,veh_7,edge_central,EDGE,9000000000,7576800,0.255,0.25,0.005,pool_rsu_central,rsu_central,rsu_1,region_central_degraded,125,1,7576800,11821440,MIN_RESIDUAL_CELL_UPLINK_DOWNLINK_DIAGNOSTIC,CELL_BANDWIDTH_STREAM_RESIDUAL,LATEST_SAFE_AVAILABLE_CELL_BUCKET,START_TIMESTAMP_FOR_INTERVAL,MAX_CELL_UPLINK_DOWNLINK_UNICAST_PLUS_NODE_BASE_DIAGNOSTIC
126000000000,126,cloud_regional_for_veh_7,veh_7,cloud_regional,CLOUD,100000000000,7576800,0.45,0.25,0.2,pool_rsu_central,rsu_central,rsu_1,region_central_degraded,125,1,7576800,11821440,MIN_RESIDUAL_CELL_UPLINK_DOWNLINK_DIAGNOSTIC,CELL_BANDWIDTH_STREAM_RESIDUAL,LATEST_SAFE_AVAILABLE_CELL_BUCKET,START_TIMESTAMP_FOR_INTERVAL,MAX_CELL_UPLINK_DOWNLINK_UNICAST_PLUS_NODE_BASE_DIAGNOSTIC
127000000000,127,edge_central_for_veh_3,veh_3,edge_central,EDGE,9000000000,7576800,0.255,0.25,0.005,pool_rsu_central,rsu_central,rsu_1,region_central_degraded,126,1,7576800,11839296,MIN_RESIDUAL_CELL_UPLINK_DOWNLINK_DIAGNOSTIC,CELL_BANDWIDTH_STREAM_RESIDUAL,LATEST_SAFE_AVAILABLE_CELL_BUCKET,START_TIMESTAMP_FOR_INTERVAL,MAX_CELL_UPLINK_DOWNLINK_UNICAST_PLUS_NODE_BASE_DIAGNOSTIC
127000000000,127,cloud_regional_for_veh_3,veh_3,cloud_regional,CLOUD,100000000000,7576800,0.45,0.25,0.2,pool_rsu_central,rsu_central,rsu_1,region_central_degraded,126,1,7576800,11839296,MIN_RESIDUAL_CELL_UPLINK_DOWNLINK_DIAGNOSTIC,CELL_BANDWIDTH_STREAM_RESIDUAL,LATEST_SAFE_AVAILABLE_CELL_BUCKET,START_TIMESTAMP_FOR_INTERVAL,MAX_CELL_UPLINK_DOWNLINK_UNICAST_PLUS_NODE_BASE_DIAGNOSTIC
127000000000,127,edge_central_for_veh_4,veh_4,edge_central,EDGE,9000000000,7576800,0.255,0.25,0.005,pool_rsu_central,rsu_central,rsu_1,region_central_degraded,126,1,7576800,11839296,MIN_RESIDUAL_CELL_UPLINK_DOWNLINK_DIAGNOSTIC,CELL_BANDWIDTH_STREAM_RESIDUAL,LATEST_SAFE_AVAILABLE_CELL_BUCKET,START_TIMESTAMP_FOR_INTERVAL,MAX_CELL_UPLINK_DOWNLINK_UNICAST_PLUS_NODE_BASE_DIAGNOSTIC
127000000000,127,cloud_regional_for_veh_4,veh_4,cloud_regional,CLOUD,100000000000,7576800,0.45,0.25,0.2,pool_rsu_central,rsu_central,rsu_1,region_central_degraded,126,1,7576800,11839296,MIN_RESIDUAL_CELL_UPLINK_DOWNLINK_DIAGNOSTIC,CELL_BANDWIDTH_STREAM_RESIDUAL,LATEST_SAFE_AVAILABLE_CELL_BUCKET,START_TIMESTAMP_FOR_INTERVAL,MAX_CELL_UPLINK_DOWNLINK_UNICAST_PLUS_NODE_BASE_DIAGNOSTIC
127000000000,127,edge_central_for_veh_5,veh_5,edge_central,EDGE,9000000000,7576800,0.255,0.25,0.005,pool_rsu_central,rsu_central,rsu_1,region_central_degraded,126,1,7576800,11839296,MIN_RESIDUAL_CELL_UPLINK_DOWNLINK_DIAGNOSTIC,CELL_BANDWIDTH_STREAM_RESIDUAL,LATEST_SAFE_AVAILABLE_CELL_BUCKET,START_TIMESTAMP_FOR_INTERVAL,MAX_CELL_UPLINK_DOWNLINK_UNICAST_PLUS_NODE_BASE_DIAGNOSTIC
127000000000,127,cloud_regional_for_veh_5,veh_5,cloud_regional,CLOUD,100000000000,7576800,0.45,0.25,0.2,pool_rsu_central,rsu_central,rsu_1,region_central_degraded,126,1,7576800,11839296,MIN_RESIDUAL_CELL_UPLINK_DOWNLINK_DIAGNOSTIC,CELL_BANDWIDTH_STREAM_RESIDUAL,LATEST_SAFE_AVAILABLE_CELL_BUCKET,START_TIMESTAMP_FOR_INTERVAL,MAX_CELL_UPLINK_DOWNLINK_UNICAST_PLUS_NODE_BASE_DIAGNOSTIC
127000000000,127,edge_central_for_veh_6,veh_6,edge_central,EDGE,9000000000,7576800,0.255,0.25,0.005,pool_rsu_central,rsu_central,rsu_1,region_central_degraded,126,1,7576800,11839296,MIN_RESIDUAL_CELL_UPLINK_DOWNLINK_DIAGNOSTIC,CELL_BANDWIDTH_STREAM_RESIDUAL,LATEST_SAFE_AVAILABLE_CELL_BUCKET,START_TIMESTAMP_FOR_INTERVAL,MAX_CELL_UPLINK_DOWNLINK_UNICAST_PLUS_NODE_BASE_DIAGNOSTIC
127000000000,127,cloud_regional_for_veh_6,veh_6,cloud_regional,CLOUD,100000000000,7576800,0.45,0.25,0.2,pool_rsu_central,rsu_central,rsu_1,region_central_degraded,126,1,7576800,11839296,MIN_RESIDUAL_CELL_UPLINK_DOWNLINK_DIAGNOSTIC,CELL_BANDWIDTH_STREAM_RESIDUAL,LATEST_SAFE_AVAILABLE_CELL_BUCKET,START_TIMESTAMP_FOR_INTERVAL,MAX_CELL_UPLINK_DOWNLINK_UNICAST_PLUS_NODE_BASE_DIAGNOSTIC
127000000000,127,edge_central_for_veh_7,veh_7,edge_central,EDGE,9000000000,7576800,0.255,0.25,0.005,pool_rsu_central,rsu_central,rsu_1,region_central_degraded,126,1,7576800,11839296,MIN_RESIDUAL_CELL_UPLINK_DOWNLINK_DIAGNOSTIC,CELL_BANDWIDTH_STREAM_RESIDUAL,LATEST_SAFE_AVAILABLE_CELL_BUCKET,START_TIMESTAMP_FOR_INTERVAL,MAX_CELL_UPLINK_DOWNLINK_UNICAST_PLUS_NODE_BASE_DIAGNOSTIC
127000000000,127,cloud_regional_for_veh_7,veh_7,cloud_regional,CLOUD,100000000000,7576800,0.45,0.25,0.2,pool_rsu_central,rsu_central,rsu_1,region_central_degraded,126,1,7576800,11839296,MIN_RESIDUAL_CELL_UPLINK_DOWNLINK_DIAGNOSTIC,CELL_BANDWIDTH_STREAM_RESIDUAL,LATEST_SAFE_AVAILABLE_CELL_BUCKET,START_TIMESTAMP_FOR_INTERVAL,MAX_CELL_UPLINK_DOWNLINK_UNICAST_PLUS_NODE_BASE_DIAGNOSTIC
128000000000,128,edge_central_for_veh_4,veh_4,edge_central,EDGE,9000000000,7619120,0.255,0.25,0.005,pool_rsu_central,rsu_central,rsu_1,region_central_degraded,127,1,7619120,11857152,MIN_RESIDUAL_CELL_UPLINK_DOWNLINK_DIAGNOSTIC,CELL_BANDWIDTH_STREAM_RESIDUAL,LATEST_SAFE_AVAILABLE_CELL_BUCKET,START_TIMESTAMP_FOR_INTERVAL,MAX_CELL_UPLINK_DOWNLINK_UNICAST_PLUS_NODE_BASE_DIAGNOSTIC
128000000000,128,cloud_regional_for_veh_4,veh_4,cloud_regional,CLOUD,100000000000,7619120,0.45,0.25,0.2,pool_rsu_central,rsu_central,rsu_1,region_central_degraded,127,1,7619120,11857152,MIN_RESIDUAL_CELL_UPLINK_DOWNLINK_DIAGNOSTIC,CELL_BANDWIDTH_STREAM_RESIDUAL,LATEST_SAFE_AVAILABLE_CELL_BUCKET,START_TIMESTAMP_FOR_INTERVAL,MAX_CELL_UPLINK_DOWNLINK_UNICAST_PLUS_NODE_BASE_DIAGNOSTIC
128000000000,128,edge_central_for_veh_5,veh_5,edge_central,EDGE,9000000000,7619120,0.255,0.25,0.005,pool_rsu_central,rsu_central,rsu_1,region_central_degraded,127,1,7619120,11857152,MIN_RESIDUAL_CELL_UPLINK_DOWNLINK_DIAGNOSTIC,CELL_BANDWIDTH_STREAM_RESIDUAL,LATEST_SAFE_AVAILABLE_CELL_BUCKET,START_TIMESTAMP_FOR_INTERVAL,MAX_CELL_UPLINK_DOWNLINK_UNICAST_PLUS_NODE_BASE_DIAGNOSTIC
128000000000,128,cloud_regional_for_veh_5,veh_5,cloud_regional,CLOUD,100000000000,7619120,0.45,0.25,0.2,pool_rsu_central,rsu_central,rsu_1,region_central_degraded,127,1,7619120,11857152,MIN_RESIDUAL_CELL_UPLINK_DOWNLINK_DIAGNOSTIC,CELL_BANDWIDTH_STREAM_RESIDUAL,LATEST_SAFE_AVAILABLE_CELL_BUCKET,START_TIMESTAMP_FOR_INTERVAL,MAX_CELL_UPLINK_DOWNLINK_UNICAST_PLUS_NODE_BASE_DIAGNOSTIC
128000000000,128,edge_central_for_veh_6,veh_6,edge_central,EDGE,9000000000,7619120,0.255,0.25,0.005,pool_rsu_central,rsu_central,rsu_1,region_central_degraded,127,1,7619120,11857152,MIN_RESIDUAL_CELL_UPLINK_DOWNLINK_DIAGNOSTIC,CELL_BANDWIDTH_STREAM_RESIDUAL,LATEST_SAFE_AVAILABLE_CELL_BUCKET,START_TIMESTAMP_FOR_INTERVAL,MAX_CELL_UPLINK_DOWNLINK_UNICAST_PLUS_NODE_BASE_DIAGNOSTIC
128000000000,128,cloud_regional_for_veh_6,veh_6,cloud_regional,CLOUD,100000000000,7619120,0.45,0.25,0.2,pool_rsu_central,rsu_central,rsu_1,region_central_degraded,127,1,7619120,11857152,MIN_RESIDUAL_CELL_UPLINK_DOWNLINK_DIAGNOSTIC,CELL_BANDWIDTH_STREAM_RESIDUAL,LATEST_SAFE_AVAILABLE_CELL_BUCKET,START_TIMESTAMP_FOR_INTERVAL,MAX_CELL_UPLINK_DOWNLINK_UNICAST_PLUS_NODE_BASE_DIAGNOSTIC
128000000000,128,edge_central_for_veh_7,veh_7,edge_central,EDGE,9000000000,7619120,0.255,0.25,0.005,pool_rsu_central,rsu_central,rsu_1,region_central_degraded,127,1,7619120,11857152,MIN_RESIDUAL_CELL_UPLINK_DOWNLINK_DIAGNOSTIC,CELL_BANDWIDTH_STREAM_RESIDUAL,LATEST_SAFE_AVAILABLE_CELL_BUCKET,START_TIMESTAMP_FOR_INTERVAL,MAX_CELL_UPLINK_DOWNLINK_UNICAST_PLUS_NODE_BASE_DIAGNOSTIC
128000000000,128,cloud_regional_for_veh_7,veh_7,cloud_regional,CLOUD,100000000000,7619120,0.45,0.25,0.2,pool_rsu_central,rsu_central,rsu_1,region_central_degraded,127,1,7619120,11857152,MIN_RESIDUAL_CELL_UPLINK_DOWNLINK_DIAGNOSTIC,CELL_BANDWIDTH_STREAM_RESIDUAL,LATEST_SAFE_AVAILABLE_CELL_BUCKET,START_TIMESTAMP_FOR_INTERVAL,MAX_CELL_UPLINK_DOWNLINK_UNICAST_PLUS_NODE_BASE_DIAGNOSTIC
129000000000,129,edge_central_for_veh_4,veh_4,edge_central,EDGE,9000000000,7492160,0.255,0.25,0.005,pool_rsu_central,rsu_central,rsu_1,region_central_degraded,128,1,7492160,11785728,MIN_RESIDUAL_CELL_UPLINK_DOWNLINK_DIAGNOSTIC,CELL_BANDWIDTH_STREAM_RESIDUAL,LATEST_SAFE_AVAILABLE_CELL_BUCKET,START_TIMESTAMP_FOR_INTERVAL,MAX_CELL_UPLINK_DOWNLINK_UNICAST_PLUS_NODE_BASE_DIAGNOSTIC
129000000000,129,cloud_regional_for_veh_4,veh_4,cloud_regional,CLOUD,100000000000,7492160,0.45,0.25,0.2,pool_rsu_central,rsu_central,rsu_1,region_central_degraded,128,1,7492160,11785728,MIN_RESIDUAL_CELL_UPLINK_DOWNLINK_DIAGNOSTIC,CELL_BANDWIDTH_STREAM_RESIDUAL,LATEST_SAFE_AVAILABLE_CELL_BUCKET,START_TIMESTAMP_FOR_INTERVAL,MAX_CELL_UPLINK_DOWNLINK_UNICAST_PLUS_NODE_BASE_DIAGNOSTIC
129000000000,129,edge_central_for_veh_5,veh_5,edge_central,EDGE,9000000000,7492160,0.255,0.25,0.005,pool_rsu_central,rsu_central,rsu_1,region_central_degraded,128,1,7492160,11785728,MIN_RESIDUAL_CELL_UPLINK_DOWNLINK_DIAGNOSTIC,CELL_BANDWIDTH_STREAM_RESIDUAL,LATEST_SAFE_AVAILABLE_CELL_BUCKET,START_TIMESTAMP_FOR_INTERVAL,MAX_CELL_UPLINK_DOWNLINK_UNICAST_PLUS_NODE_BASE_DIAGNOSTIC
129000000000,129,cloud_regional_for_veh_5,veh_5,cloud_regional,CLOUD,100000000000,7492160,0.45,0.25,0.2,pool_rsu_central,rsu_central,rsu_1,region_central_degraded,128,1,7492160,11785728,MIN_RESIDUAL_CELL_UPLINK_DOWNLINK_DIAGNOSTIC,CELL_BANDWIDTH_STREAM_RESIDUAL,LATEST_SAFE_AVAILABLE_CELL_BUCKET,START_TIMESTAMP_FOR_INTERVAL,MAX_CELL_UPLINK_DOWNLINK_UNICAST_PLUS_NODE_BASE_DIAGNOSTIC
129000000000,129,edge_central_for_veh_6,veh_6,edge_central,EDGE,9000000000,7492160,0.255,0.25,0.005,pool_rsu_central,rsu_central,rsu_1,region_central_degraded,128,1,7492160,11785728,MIN_RESIDUAL_CELL_UPLINK_DOWNLINK_DIAGNOSTIC,CELL_BANDWIDTH_STREAM_RESIDUAL,LATEST_SAFE_AVAILABLE_CELL_BUCKET,START_TIMESTAMP_FOR_INTERVAL,MAX_CELL_UPLINK_DOWNLINK_UNICAST_PLUS_NODE_BASE_DIAGNOSTIC
129000000000,129,cloud_regional_for_veh_6,veh_6,cloud_regional,CLOUD,100000000000,7492160,0.45,0.25,0.2,pool_rsu_central,rsu_central,rsu_1,region_central_degraded,128,1,7492160,11785728,MIN_RESIDUAL_CELL_UPLINK_DOWNLINK_DIAGNOSTIC,CELL_BANDWIDTH_STREAM_RESIDUAL,LATEST_SAFE_AVAILABLE_CELL_BUCKET,START_TIMESTAMP_FOR_INTERVAL,MAX_CELL_UPLINK_DOWNLINK_UNICAST_PLUS_NODE_BASE_DIAGNOSTIC
129000000000,129,edge_central_for_veh_7,veh_7,edge_central,EDGE,9000000000,7492160,0.255,0.25,0.005,pool_rsu_central,rsu_central,rsu_1,region_central_degraded,128,1,7492160,11785728,MIN_RESIDUAL_CELL_UPLINK_DOWNLINK_DIAGNOSTIC,CELL_BANDWIDTH_STREAM_RESIDUAL,LATEST_SAFE_AVAILABLE_CELL_BUCKET,START_TIMESTAMP_FOR_INTERVAL,MAX_CELL_UPLINK_DOWNLINK_UNICAST_PLUS_NODE_BASE_DIAGNOSTIC
129000000000,129,cloud_regional_for_veh_7,veh_7,cloud_regional,CLOUD,100000000000,7492160,0.45,0.25,0.2,pool_rsu_central,rsu_central,rsu_1,region_central_degraded,128,1,7492160,11785728,MIN_RESIDUAL_CELL_UPLINK_DOWNLINK_DIAGNOSTIC,CELL_BANDWIDTH_STREAM_RESIDUAL,LATEST_SAFE_AVAILABLE_CELL_BUCKET,START_TIMESTAMP_FOR_INTERVAL,MAX_CELL_UPLINK_DOWNLINK_UNICAST_PLUS_NODE_BASE_DIAGNOSTIC
130000000000,130,edge_central_for_veh_4,veh_4,edge_central,EDGE,9000000000,7534480,0.255,0.25,0.005,pool_rsu_central,rsu_central,rsu_1,region_central_degraded,129,1,7534480,11803584,MIN_RESIDUAL_CELL_UPLINK_DOWNLINK_DIAGNOSTIC,CELL_BANDWIDTH_STREAM_RESIDUAL,LATEST_SAFE_AVAILABLE_CELL_BUCKET,START_TIMESTAMP_FOR_INTERVAL,MAX_CELL_UPLINK_DOWNLINK_UNICAST_PLUS_NODE_BASE_DIAGNOSTIC
130000000000,130,cloud_regional_for_veh_4,veh_4,cloud_regional,CLOUD,100000000000,7534480,0.45,0.25,0.2,pool_rsu_central,rsu_central,rsu_1,region_central_degraded,129,1,7534480,11803584,MIN_RESIDUAL_CELL_UPLINK_DOWNLINK_DIAGNOSTIC,CELL_BANDWIDTH_STREAM_RESIDUAL,LATEST_SAFE_AVAILABLE_CELL_BUCKET,START_TIMESTAMP_FOR_INTERVAL,MAX_CELL_UPLINK_DOWNLINK_UNICAST_PLUS_NODE_BASE_DIAGNOSTIC
130000000000,130,edge_central_for_veh_5,veh_5,edge_central,EDGE,9000000000,7534480,0.255,0.25,0.005,pool_rsu_central,rsu_central,rsu_1,region_central_degraded,129,1,7534480,11803584,MIN_RESIDUAL_CELL_UPLINK_DOWNLINK_DIAGNOSTIC,CELL_BANDWIDTH_STREAM_RESIDUAL,LATEST_SAFE_AVAILABLE_CELL_BUCKET,START_TIMESTAMP_FOR_INTERVAL,MAX_CELL_UPLINK_DOWNLINK_UNICAST_PLUS_NODE_BASE_DIAGNOSTIC
130000000000,130,cloud_regional_for_veh_5,veh_5,cloud_regional,CLOUD,100000000000,7534480,0.45,0.25,0.2,pool_rsu_central,rsu_central,rsu_1,region_central_degraded,129,1,7534480,11803584,MIN_RESIDUAL_CELL_UPLINK_DOWNLINK_DIAGNOSTIC,CELL_BANDWIDTH_STREAM_RESIDUAL,LATEST_SAFE_AVAILABLE_CELL_BUCKET,START_TIMESTAMP_FOR_INTERVAL,MAX_CELL_UPLINK_DOWNLINK_UNICAST_PLUS_NODE_BASE_DIAGNOSTIC
130000000000,130,edge_central_for_veh_6,veh_6,edge_central,EDGE,9000000000,7534480,0.255,0.25,0.005,pool_rsu_central,rsu_central,rsu_1,region_central_degraded,129,1,7534480,11803584,MIN_RESIDUAL_CELL_UPLINK_DOWNLINK_DIAGNOSTIC,CELL_BANDWIDTH_STREAM_RESIDUAL,LATEST_SAFE_AVAILABLE_CELL_BUCKET,START_TIMESTAMP_FOR_INTERVAL,MAX_CELL_UPLINK_DOWNLINK_UNICAST_PLUS_NODE_BASE_DIAGNOSTIC
130000000000,130,cloud_regional_for_veh_6,veh_6,cloud_regional,CLOUD,100000000000,7534480,0.45,0.25,0.2,pool_rsu_central,rsu_central,rsu_1,region_central_degraded,129,1,7534480,11803584,MIN_RESIDUAL_CELL_UPLINK_DOWNLINK_DIAGNOSTIC,CELL_BANDWIDTH_STREAM_RESIDUAL,LATEST_SAFE_AVAILABLE_CELL_BUCKET,START_TIMESTAMP_FOR_INTERVAL,MAX_CELL_UPLINK_DOWNLINK_UNICAST_PLUS_NODE_BASE_DIAGNOSTIC
130000000000,130,edge_central_for_veh_7,veh_7,edge_central,EDGE,9000000000,7534480,0.255,0.25,0.005,pool_rsu_central,rsu_central,rsu_1,region_central_degraded,129,1,7534480,11803584,MIN_RESIDUAL_CELL_UPLINK_DOWNLINK_DIAGNOSTIC,CELL_BANDWIDTH_STREAM_RESIDUAL,LATEST_SAFE_AVAILABLE_CELL_BUCKET,START_TIMESTAMP_FOR_INTERVAL,MAX_CELL_UPLINK_DOWNLINK_UNICAST_PLUS_NODE_BASE_DIAGNOSTIC
130000000000,130,cloud_regional_for_veh_7,veh_7,cloud_regional,CLOUD,100000000000,7534480,0.45,0.25,0.2,pool_rsu_central,rsu_central,rsu_1,region_central_degraded,129,1,7534480,11803584,MIN_RESIDUAL_CELL_UPLINK_DOWNLINK_DIAGNOSTIC,CELL_BANDWIDTH_STREAM_RESIDUAL,LATEST_SAFE_AVAILABLE_CELL_BUCKET,START_TIMESTAMP_FOR_INTERVAL,MAX_CELL_UPLINK_DOWNLINK_UNICAST_PLUS_NODE_BASE_DIAGNOSTIC
130000000000,130,edge_central_for_veh_8,veh_8,edge_central,EDGE,9000000000,7534480,0.255,0.25,0.005,pool_rsu_central,rsu_central,rsu_1,region_central_degraded,129,1,7534480,11803584,MIN_RESIDUAL_CELL_UPLINK_DOWNLINK_DIAGNOSTIC,CELL_BANDWIDTH_STREAM_RESIDUAL,LATEST_SAFE_AVAILABLE_CELL_BUCKET,START_TIMESTAMP_FOR_INTERVAL,MAX_CELL_UPLINK_DOWNLINK_UNICAST_PLUS_NODE_BASE_DIAGNOSTIC
130000000000,130,cloud_regional_for_veh_8,veh_8,cloud_regional,CLOUD,100000000000,7534480,0.45,0.25,0.2,pool_rsu_central,rsu_central,rsu_1,region_central_degraded,129,1,7534480,11803584,MIN_RESIDUAL_CELL_UPLINK_DOWNLINK_DIAGNOSTIC,CELL_BANDWIDTH_STREAM_RESIDUAL,LATEST_SAFE_AVAILABLE_CELL_BUCKET,START_TIMESTAMP_FOR_INTERVAL,MAX_CELL_UPLINK_DOWNLINK_UNICAST_PLUS_NODE_BASE_DIAGNOSTIC
131000000000,131,edge_central_for_veh_4,veh_4,edge_central,EDGE,9000000000,7492160,0.255,0.25,0.005,pool_rsu_central,rsu_central,rsu_1,region_central_degraded,130,1,7492160,11785728,MIN_RESIDUAL_CELL_UPLINK_DOWNLINK_DIAGNOSTIC,CELL_BANDWIDTH_STREAM_RESIDUAL,LATEST_SAFE_AVAILABLE_CELL_BUCKET,START_TIMESTAMP_FOR_INTERVAL,MAX_CELL_UPLINK_DOWNLINK_UNICAST_PLUS_NODE_BASE_DIAGNOSTIC
131000000000,131,cloud_regional_for_veh_4,veh_4,cloud_regional,CLOUD,100000000000,7492160,0.45,0.25,0.2,pool_rsu_central,rsu_central,rsu_1,region_central_degraded,130,1,7492160,11785728,MIN_RESIDUAL_CELL_UPLINK_DOWNLINK_DIAGNOSTIC,CELL_BANDWIDTH_STREAM_RESIDUAL,LATEST_SAFE_AVAILABLE_CELL_BUCKET,START_TIMESTAMP_FOR_INTERVAL,MAX_CELL_UPLINK_DOWNLINK_UNICAST_PLUS_NODE_BASE_DIAGNOSTIC
131000000000,131,edge_central_for_veh_5,veh_5,edge_central,EDGE,9000000000,7492160,0.255,0.25,0.005,pool_rsu_central,rsu_central,rsu_1,region_central_degraded,130,1,7492160,11785728,MIN_RESIDUAL_CELL_UPLINK_DOWNLINK_DIAGNOSTIC,CELL_BANDWIDTH_STREAM_RESIDUAL,LATEST_SAFE_AVAILABLE_CELL_BUCKET,START_TIMESTAMP_FOR_INTERVAL,MAX_CELL_UPLINK_DOWNLINK_UNICAST_PLUS_NODE_BASE_DIAGNOSTIC
131000000000,131,cloud_regional_for_veh_5,veh_5,cloud_regional,CLOUD,100000000000,7492160,0.45,0.25,0.2,pool_rsu_central,rsu_central,rsu_1,region_central_degraded,130,1,7492160,11785728,MIN_RESIDUAL_CELL_UPLINK_DOWNLINK_DIAGNOSTIC,CELL_BANDWIDTH_STREAM_RESIDUAL,LATEST_SAFE_AVAILABLE_CELL_BUCKET,START_TIMESTAMP_FOR_INTERVAL,MAX_CELL_UPLINK_DOWNLINK_UNICAST_PLUS_NODE_BASE_DIAGNOSTIC
131000000000,131,edge_central_for_veh_6,veh_6,edge_central,EDGE,9000000000,7492160,0.255,0.25,0.005,pool_rsu_central,rsu_central,rsu_1,region_central_degraded,130,1,7492160,11785728,MIN_RESIDUAL_CELL_UPLINK_DOWNLINK_DIAGNOSTIC,CELL_BANDWIDTH_STREAM_RESIDUAL,LATEST_SAFE_AVAILABLE_CELL_BUCKET,START_TIMESTAMP_FOR_INTERVAL,MAX_CELL_UPLINK_DOWNLINK_UNICAST_PLUS_NODE_BASE_DIAGNOSTIC
131000000000,131,cloud_regional_for_veh_6,veh_6,cloud_regional,CLOUD,100000000000,7492160,0.45,0.25,0.2,pool_rsu_central,rsu_central,rsu_1,region_central_degraded,130,1,7492160,11785728,MIN_RESIDUAL_CELL_UPLINK_DOWNLINK_DIAGNOSTIC,CELL_BANDWIDTH_STREAM_RESIDUAL,LATEST_SAFE_AVAILABLE_CELL_BUCKET,START_TIMESTAMP_FOR_INTERVAL,MAX_CELL_UPLINK_DOWNLINK_UNICAST_PLUS_NODE_BASE_DIAGNOSTIC
131000000000,131,edge_central_for_veh_7,veh_7,edge_central,EDGE,9000000000,7492160,0.255,0.25,0.005,pool_rsu_central,rsu_central,rsu_1,region_central_degraded,130,1,7492160,11785728,MIN_RESIDUAL_CELL_UPLINK_DOWNLINK_DIAGNOSTIC,CELL_BANDWIDTH_STREAM_RESIDUAL,LATEST_SAFE_AVAILABLE_CELL_BUCKET,START_TIMESTAMP_FOR_INTERVAL,MAX_CELL_UPLINK_DOWNLINK_UNICAST_PLUS_NODE_BASE_DIAGNOSTIC
131000000000,131,cloud_regional_for_veh_7,veh_7,cloud_regional,CLOUD,100000000000,7492160,0.45,0.25,0.2,pool_rsu_central,rsu_central,rsu_1,region_central_degraded,130,1,7492160,11785728,MIN_RESIDUAL_CELL_UPLINK_DOWNLINK_DIAGNOSTIC,CELL_BANDWIDTH_STREAM_RESIDUAL,LATEST_SAFE_AVAILABLE_CELL_BUCKET,START_TIMESTAMP_FOR_INTERVAL,MAX_CELL_UPLINK_DOWNLINK_UNICAST_PLUS_NODE_BASE_DIAGNOSTIC
131000000000,131,edge_central_for_veh_8,veh_8,edge_central,EDGE,9000000000,7492160,0.255,0.25,0.005,pool_rsu_central,rsu_central,rsu_1,region_central_degraded,130,1,7492160,11785728,MIN_RESIDUAL_CELL_UPLINK_DOWNLINK_DIAGNOSTIC,CELL_BANDWIDTH_STREAM_RESIDUAL,LATEST_SAFE_AVAILABLE_CELL_BUCKET,START_TIMESTAMP_FOR_INTERVAL,MAX_CELL_UPLINK_DOWNLINK_UNICAST_PLUS_NODE_BASE_DIAGNOSTIC
131000000000,131,cloud_regional_for_veh_8,veh_8,cloud_regional,CLOUD,100000000000,7492160,0.45,0.25,0.2,pool_rsu_central,rsu_central,rsu_1,region_central_degraded,130,1,7492160,11785728,MIN_RESIDUAL_CELL_UPLINK_DOWNLINK_DIAGNOSTIC,CELL_BANDWIDTH_STREAM_RESIDUAL,LATEST_SAFE_AVAILABLE_CELL_BUCKET,START_TIMESTAMP_FOR_INTERVAL,MAX_CELL_UPLINK_DOWNLINK_UNICAST_PLUS_NODE_BASE_DIAGNOSTIC
132000000000,132,edge_central_for_veh_5,veh_5,edge_central,EDGE,9000000000,7534480,0.255,0.25,0.005,pool_rsu_central,rsu_central,rsu_1,region_central_degraded,131,1,7534480,11803584,MIN_RESIDUAL_CELL_UPLINK_DOWNLINK_DIAGNOSTIC,CELL_BANDWIDTH_STREAM_RESIDUAL,LATEST_SAFE_AVAILABLE_CELL_BUCKET,START_TIMESTAMP_FOR_INTERVAL,MAX_CELL_UPLINK_DOWNLINK_UNICAST_PLUS_NODE_BASE_DIAGNOSTIC
132000000000,132,cloud_regional_for_veh_5,veh_5,cloud_regional,CLOUD,100000000000,7534480,0.45,0.25,0.2,pool_rsu_central,rsu_central,rsu_1,region_central_degraded,131,1,7534480,11803584,MIN_RESIDUAL_CELL_UPLINK_DOWNLINK_DIAGNOSTIC,CELL_BANDWIDTH_STREAM_RESIDUAL,LATEST_SAFE_AVAILABLE_CELL_BUCKET,START_TIMESTAMP_FOR_INTERVAL,MAX_CELL_UPLINK_DOWNLINK_UNICAST_PLUS_NODE_BASE_DIAGNOSTIC
132000000000,132,edge_central_for_veh_6,veh_6,edge_central,EDGE,9000000000,7534480,0.255,0.25,0.005,pool_rsu_central,rsu_central,rsu_1,region_central_degraded,131,1,7534480,11803584,MIN_RESIDUAL_CELL_UPLINK_DOWNLINK_DIAGNOSTIC,CELL_BANDWIDTH_STREAM_RESIDUAL,LATEST_SAFE_AVAILABLE_CELL_BUCKET,START_TIMESTAMP_FOR_INTERVAL,MAX_CELL_UPLINK_DOWNLINK_UNICAST_PLUS_NODE_BASE_DIAGNOSTIC
132000000000,132,cloud_regional_for_veh_6,veh_6,cloud_regional,CLOUD,100000000000,7534480,0.45,0.25,0.2,pool_rsu_central,rsu_central,rsu_1,region_central_degraded,131,1,7534480,11803584,MIN_RESIDUAL_CELL_UPLINK_DOWNLINK_DIAGNOSTIC,CELL_BANDWIDTH_STREAM_RESIDUAL,LATEST_SAFE_AVAILABLE_CELL_BUCKET,START_TIMESTAMP_FOR_INTERVAL,MAX_CELL_UPLINK_DOWNLINK_UNICAST_PLUS_NODE_BASE_DIAGNOSTIC
132000000000,132,edge_central_for_veh_7,veh_7,edge_central,EDGE,9000000000,7534480,0.255,0.25,0.005,pool_rsu_central,rsu_central,rsu_1,region_central_degraded,131,1,7534480,11803584,MIN_RESIDUAL_CELL_UPLINK_DOWNLINK_DIAGNOSTIC,CELL_BANDWIDTH_STREAM_RESIDUAL,LATEST_SAFE_AVAILABLE_CELL_BUCKET,START_TIMESTAMP_FOR_INTERVAL,MAX_CELL_UPLINK_DOWNLINK_UNICAST_PLUS_NODE_BASE_DIAGNOSTIC
132000000000,132,cloud_regional_for_veh_7,veh_7,cloud_regional,CLOUD,100000000000,7534480,0.45,0.25,0.2,pool_rsu_central,rsu_central,rsu_1,region_central_degraded,131,1,7534480,11803584,MIN_RESIDUAL_CELL_UPLINK_DOWNLINK_DIAGNOSTIC,CELL_BANDWIDTH_STREAM_RESIDUAL,LATEST_SAFE_AVAILABLE_CELL_BUCKET,START_TIMESTAMP_FOR_INTERVAL,MAX_CELL_UPLINK_DOWNLINK_UNICAST_PLUS_NODE_BASE_DIAGNOSTIC
132000000000,132,edge_central_for_veh_8,veh_8,edge_central,EDGE,9000000000,7534480,0.255,0.25,0.005,pool_rsu_central,rsu_central,rsu_1,region_central_degraded,131,1,7534480,11803584,MIN_RESIDUAL_CELL_UPLINK_DOWNLINK_DIAGNOSTIC,CELL_BANDWIDTH_STREAM_RESIDUAL,LATEST_SAFE_AVAILABLE_CELL_BUCKET,START_TIMESTAMP_FOR_INTERVAL,MAX_CELL_UPLINK_DOWNLINK_UNICAST_PLUS_NODE_BASE_DIAGNOSTIC
132000000000,132,cloud_regional_for_veh_8,veh_8,cloud_regional,CLOUD,100000000000,7534480,0.45,0.25,0.2,pool_rsu_central,rsu_central,rsu_1,region_central_degraded,131,1,7534480,11803584,MIN_RESIDUAL_CELL_UPLINK_DOWNLINK_DIAGNOSTIC,CELL_BANDWIDTH_STREAM_RESIDUAL,LATEST_SAFE_AVAILABLE_CELL_BUCKET,START_TIMESTAMP_FOR_INTERVAL,MAX_CELL_UPLINK_DOWNLINK_UNICAST_PLUS_NODE_BASE_DIAGNOSTIC
133000000000,133,edge_central_for_veh_5,veh_5,edge_central,EDGE,9000000000,7619120,0.255,0.25,0.005,pool_rsu_central,rsu_central,rsu_1,region_central_degraded,132,1,7619120,11857152,MIN_RESIDUAL_CELL_UPLINK_DOWNLINK_DIAGNOSTIC,CELL_BANDWIDTH_STREAM_RESIDUAL,LATEST_SAFE_AVAILABLE_CELL_BUCKET,START_TIMESTAMP_FOR_INTERVAL,MAX_CELL_UPLINK_DOWNLINK_UNICAST_PLUS_NODE_BASE_DIAGNOSTIC
133000000000,133,cloud_regional_for_veh_5,veh_5,cloud_regional,CLOUD,100000000000,7619120,0.45,0.25,0.2,pool_rsu_central,rsu_central,rsu_1,region_central_degraded,132,1,7619120,11857152,MIN_RESIDUAL_CELL_UPLINK_DOWNLINK_DIAGNOSTIC,CELL_BANDWIDTH_STREAM_RESIDUAL,LATEST_SAFE_AVAILABLE_CELL_BUCKET,START_TIMESTAMP_FOR_INTERVAL,MAX_CELL_UPLINK_DOWNLINK_UNICAST_PLUS_NODE_BASE_DIAGNOSTIC
133000000000,133,edge_central_for_veh_6,veh_6,edge_central,EDGE,9000000000,7619120,0.255,0.25,0.005,pool_rsu_central,rsu_central,rsu_1,region_central_degraded,132,1,7619120,11857152,MIN_RESIDUAL_CELL_UPLINK_DOWNLINK_DIAGNOSTIC,CELL_BANDWIDTH_STREAM_RESIDUAL,LATEST_SAFE_AVAILABLE_CELL_BUCKET,START_TIMESTAMP_FOR_INTERVAL,MAX_CELL_UPLINK_DOWNLINK_UNICAST_PLUS_NODE_BASE_DIAGNOSTIC
133000000000,133,cloud_regional_for_veh_6,veh_6,cloud_regional,CLOUD,100000000000,7619120,0.45,0.25,0.2,pool_rsu_central,rsu_central,rsu_1,region_central_degraded,132,1,7619120,11857152,MIN_RESIDUAL_CELL_UPLINK_DOWNLINK_DIAGNOSTIC,CELL_BANDWIDTH_STREAM_RESIDUAL,LATEST_SAFE_AVAILABLE_CELL_BUCKET,START_TIMESTAMP_FOR_INTERVAL,MAX_CELL_UPLINK_DOWNLINK_UNICAST_PLUS_NODE_BASE_DIAGNOSTIC
133000000000,133,edge_central_for_veh_7,veh_7,edge_central,EDGE,9000000000,7619120,0.255,0.25,0.005,pool_rsu_central,rsu_central,rsu_1,region_central_degraded,132,1,7619120,11857152,MIN_RESIDUAL_CELL_UPLINK_DOWNLINK_DIAGNOSTIC,CELL_BANDWIDTH_STREAM_RESIDUAL,LATEST_SAFE_AVAILABLE_CELL_BUCKET,START_TIMESTAMP_FOR_INTERVAL,MAX_CELL_UPLINK_DOWNLINK_UNICAST_PLUS_NODE_BASE_DIAGNOSTIC
133000000000,133,cloud_regional_for_veh_7,veh_7,cloud_regional,CLOUD,100000000000,7619120,0.45,0.25,0.2,pool_rsu_central,rsu_central,rsu_1,region_central_degraded,132,1,7619120,11857152,MIN_RESIDUAL_CELL_UPLINK_DOWNLINK_DIAGNOSTIC,CELL_BANDWIDTH_STREAM_RESIDUAL,LATEST_SAFE_AVAILABLE_CELL_BUCKET,START_TIMESTAMP_FOR_INTERVAL,MAX_CELL_UPLINK_DOWNLINK_UNICAST_PLUS_NODE_BASE_DIAGNOSTIC
133000000000,133,edge_central_for_veh_8,veh_8,edge_central,EDGE,9000000000,7619120,0.255,0.25,0.005,pool_rsu_central,rsu_central,rsu_1,region_central_degraded,132,1,7619120,11857152,MIN_RESIDUAL_CELL_UPLINK_DOWNLINK_DIAGNOSTIC,CELL_BANDWIDTH_STREAM_RESIDUAL,LATEST_SAFE_AVAILABLE_CELL_BUCKET,START_TIMESTAMP_FOR_INTERVAL,MAX_CELL_UPLINK_DOWNLINK_UNICAST_PLUS_NODE_BASE_DIAGNOSTIC
133000000000,133,cloud_regional_for_veh_8,veh_8,cloud_regional,CLOUD,100000000000,7619120,0.45,0.25,0.2,pool_rsu_central,rsu_central,rsu_1,region_central_degraded,132,1,7619120,11857152,MIN_RESIDUAL_CELL_UPLINK_DOWNLINK_DIAGNOSTIC,CELL_BANDWIDTH_STREAM_RESIDUAL,LATEST_SAFE_AVAILABLE_CELL_BUCKET,START_TIMESTAMP_FOR_INTERVAL,MAX_CELL_UPLINK_DOWNLINK_UNICAST_PLUS_NODE_BASE_DIAGNOSTIC
134000000000,134,edge_central_for_veh_5,veh_5,edge_central,EDGE,9000000000,7534480,0.255,0.25,0.005,pool_rsu_central,rsu_central,rsu_1,region_central_degraded,133,1,7534480,11803584,MIN_RESIDUAL_CELL_UPLINK_DOWNLINK_DIAGNOSTIC,CELL_BANDWIDTH_STREAM_RESIDUAL,LATEST_SAFE_AVAILABLE_CELL_BUCKET,START_TIMESTAMP_FOR_INTERVAL,MAX_CELL_UPLINK_DOWNLINK_UNICAST_PLUS_NODE_BASE_DIAGNOSTIC
134000000000,134,cloud_regional_for_veh_5,veh_5,cloud_regional,CLOUD,100000000000,7534480,0.45,0.25,0.2,pool_rsu_central,rsu_central,rsu_1,region_central_degraded,133,1,7534480,11803584,MIN_RESIDUAL_CELL_UPLINK_DOWNLINK_DIAGNOSTIC,CELL_BANDWIDTH_STREAM_RESIDUAL,LATEST_SAFE_AVAILABLE_CELL_BUCKET,START_TIMESTAMP_FOR_INTERVAL,MAX_CELL_UPLINK_DOWNLINK_UNICAST_PLUS_NODE_BASE_DIAGNOSTIC
134000000000,134,edge_central_for_veh_6,veh_6,edge_central,EDGE,9000000000,7534480,0.255,0.25,0.005,pool_rsu_central,rsu_central,rsu_1,region_central_degraded,133,1,7534480,11803584,MIN_RESIDUAL_CELL_UPLINK_DOWNLINK_DIAGNOSTIC,CELL_BANDWIDTH_STREAM_RESIDUAL,LATEST_SAFE_AVAILABLE_CELL_BUCKET,START_TIMESTAMP_FOR_INTERVAL,MAX_CELL_UPLINK_DOWNLINK_UNICAST_PLUS_NODE_BASE_DIAGNOSTIC
134000000000,134,cloud_regional_for_veh_6,veh_6,cloud_regional,CLOUD,100000000000,7534480,0.45,0.25,0.2,pool_rsu_central,rsu_central,rsu_1,region_central_degraded,133,1,7534480,11803584,MIN_RESIDUAL_CELL_UPLINK_DOWNLINK_DIAGNOSTIC,CELL_BANDWIDTH_STREAM_RESIDUAL,LATEST_SAFE_AVAILABLE_CELL_BUCKET,START_TIMESTAMP_FOR_INTERVAL,MAX_CELL_UPLINK_DOWNLINK_UNICAST_PLUS_NODE_BASE_DIAGNOSTIC
134000000000,134,edge_central_for_veh_7,veh_7,edge_central,EDGE,9000000000,7534480,0.255,0.25,0.005,pool_rsu_central,rsu_central,rsu_1,region_central_degraded,133,1,7534480,11803584,MIN_RESIDUAL_CELL_UPLINK_DOWNLINK_DIAGNOSTIC,CELL_BANDWIDTH_STREAM_RESIDUAL,LATEST_SAFE_AVAILABLE_CELL_BUCKET,START_TIMESTAMP_FOR_INTERVAL,MAX_CELL_UPLINK_DOWNLINK_UNICAST_PLUS_NODE_BASE_DIAGNOSTIC
134000000000,134,cloud_regional_for_veh_7,veh_7,cloud_regional,CLOUD,100000000000,7534480,0.45,0.25,0.2,pool_rsu_central,rsu_central,rsu_1,region_central_degraded,133,1,7534480,11803584,MIN_RESIDUAL_CELL_UPLINK_DOWNLINK_DIAGNOSTIC,CELL_BANDWIDTH_STREAM_RESIDUAL,LATEST_SAFE_AVAILABLE_CELL_BUCKET,START_TIMESTAMP_FOR_INTERVAL,MAX_CELL_UPLINK_DOWNLINK_UNICAST_PLUS_NODE_BASE_DIAGNOSTIC
134000000000,134,edge_central_for_veh_8,veh_8,edge_central,EDGE,9000000000,7534480,0.255,0.25,0.005,pool_rsu_central,rsu_central,rsu_1,region_central_degraded,133,1,7534480,11803584,MIN_RESIDUAL_CELL_UPLINK_DOWNLINK_DIAGNOSTIC,CELL_BANDWIDTH_STREAM_RESIDUAL,LATEST_SAFE_AVAILABLE_CELL_BUCKET,START_TIMESTAMP_FOR_INTERVAL,MAX_CELL_UPLINK_DOWNLINK_UNICAST_PLUS_NODE_BASE_DIAGNOSTIC
134000000000,134,cloud_regional_for_veh_8,veh_8,cloud_regional,CLOUD,100000000000,7534480,0.45,0.25,0.2,pool_rsu_central,rsu_central,rsu_1,region_central_degraded,133,1,7534480,11803584,MIN_RESIDUAL_CELL_UPLINK_DOWNLINK_DIAGNOSTIC,CELL_BANDWIDTH_STREAM_RESIDUAL,LATEST_SAFE_AVAILABLE_CELL_BUCKET,START_TIMESTAMP_FOR_INTERVAL,MAX_CELL_UPLINK_DOWNLINK_UNICAST_PLUS_NODE_BASE_DIAGNOSTIC
134000000000,134,edge_central_for_veh_9,veh_9,edge_central,EDGE,9000000000,7534480,0.255,0.25,0.005,pool_rsu_central,rsu_central,rsu_1,region_central_degraded,133,1,7534480,11803584,MIN_RESIDUAL_CELL_UPLINK_DOWNLINK_DIAGNOSTIC,CELL_BANDWIDTH_STREAM_RESIDUAL,LATEST_SAFE_AVAILABLE_CELL_BUCKET,START_TIMESTAMP_FOR_INTERVAL,MAX_CELL_UPLINK_DOWNLINK_UNICAST_PLUS_NODE_BASE_DIAGNOSTIC
134000000000,134,cloud_regional_for_veh_9,veh_9,cloud_regional,CLOUD,100000000000,7534480,0.45,0.25,0.2,pool_rsu_central,rsu_central,rsu_1,region_central_degraded,133,1,7534480,11803584,MIN_RESIDUAL_CELL_UPLINK_DOWNLINK_DIAGNOSTIC,CELL_BANDWIDTH_STREAM_RESIDUAL,LATEST_SAFE_AVAILABLE_CELL_BUCKET,START_TIMESTAMP_FOR_INTERVAL,MAX_CELL_UPLINK_DOWNLINK_UNICAST_PLUS_NODE_BASE_DIAGNOSTIC
135000000000,135,edge_central_for_veh_5,veh_5,edge_central,EDGE,9000000000,7576800,0.255,0.25,0.005,pool_rsu_central,rsu_central,rsu_1,region_central_degraded,134,1,7576800,11821440,MIN_RESIDUAL_CELL_UPLINK_DOWNLINK_DIAGNOSTIC,CELL_BANDWIDTH_STREAM_RESIDUAL,LATEST_SAFE_AVAILABLE_CELL_BUCKET,START_TIMESTAMP_FOR_INTERVAL,MAX_CELL_UPLINK_DOWNLINK_UNICAST_PLUS_NODE_BASE_DIAGNOSTIC
135000000000,135,cloud_regional_for_veh_5,veh_5,cloud_regional,CLOUD,100000000000,7576800,0.45,0.25,0.2,pool_rsu_central,rsu_central,rsu_1,region_central_degraded,134,1,7576800,11821440,MIN_RESIDUAL_CELL_UPLINK_DOWNLINK_DIAGNOSTIC,CELL_BANDWIDTH_STREAM_RESIDUAL,LATEST_SAFE_AVAILABLE_CELL_BUCKET,START_TIMESTAMP_FOR_INTERVAL,MAX_CELL_UPLINK_DOWNLINK_UNICAST_PLUS_NODE_BASE_DIAGNOSTIC
135000000000,135,edge_central_for_veh_6,veh_6,edge_central,EDGE,9000000000,7576800,0.255,0.25,0.005,pool_rsu_central,rsu_central,rsu_1,region_central_degraded,134,1,7576800,11821440,MIN_RESIDUAL_CELL_UPLINK_DOWNLINK_DIAGNOSTIC,CELL_BANDWIDTH_STREAM_RESIDUAL,LATEST_SAFE_AVAILABLE_CELL_BUCKET,START_TIMESTAMP_FOR_INTERVAL,MAX_CELL_UPLINK_DOWNLINK_UNICAST_PLUS_NODE_BASE_DIAGNOSTIC
135000000000,135,cloud_regional_for_veh_6,veh_6,cloud_regional,CLOUD,100000000000,7576800,0.45,0.25,0.2,pool_rsu_central,rsu_central,rsu_1,region_central_degraded,134,1,7576800,11821440,MIN_RESIDUAL_CELL_UPLINK_DOWNLINK_DIAGNOSTIC,CELL_BANDWIDTH_STREAM_RESIDUAL,LATEST_SAFE_AVAILABLE_CELL_BUCKET,START_TIMESTAMP_FOR_INTERVAL,MAX_CELL_UPLINK_DOWNLINK_UNICAST_PLUS_NODE_BASE_DIAGNOSTIC
135000000000,135,edge_central_for_veh_7,veh_7,edge_central,EDGE,9000000000,7576800,0.255,0.25,0.005,pool_rsu_central,rsu_central,rsu_1,region_central_degraded,134,1,7576800,11821440,MIN_RESIDUAL_CELL_UPLINK_DOWNLINK_DIAGNOSTIC,CELL_BANDWIDTH_STREAM_RESIDUAL,LATEST_SAFE_AVAILABLE_CELL_BUCKET,START_TIMESTAMP_FOR_INTERVAL,MAX_CELL_UPLINK_DOWNLINK_UNICAST_PLUS_NODE_BASE_DIAGNOSTIC
135000000000,135,cloud_regional_for_veh_7,veh_7,cloud_regional,CLOUD,100000000000,7576800,0.45,0.25,0.2,pool_rsu_central,rsu_central,rsu_1,region_central_degraded,134,1,7576800,11821440,MIN_RESIDUAL_CELL_UPLINK_DOWNLINK_DIAGNOSTIC,CELL_BANDWIDTH_STREAM_RESIDUAL,LATEST_SAFE_AVAILABLE_CELL_BUCKET,START_TIMESTAMP_FOR_INTERVAL,MAX_CELL_UPLINK_DOWNLINK_UNICAST_PLUS_NODE_BASE_DIAGNOSTIC
135000000000,135,edge_central_for_veh_8,veh_8,edge_central,EDGE,9000000000,7576800,0.255,0.25,0.005,pool_rsu_central,rsu_central,rsu_1,region_central_degraded,134,1,7576800,11821440,MIN_RESIDUAL_CELL_UPLINK_DOWNLINK_DIAGNOSTIC,CELL_BANDWIDTH_STREAM_RESIDUAL,LATEST_SAFE_AVAILABLE_CELL_BUCKET,START_TIMESTAMP_FOR_INTERVAL,MAX_CELL_UPLINK_DOWNLINK_UNICAST_PLUS_NODE_BASE_DIAGNOSTIC
135000000000,135,cloud_regional_for_veh_8,veh_8,cloud_regional,CLOUD,100000000000,7576800,0.45,0.25,0.2,pool_rsu_central,rsu_central,rsu_1,region_central_degraded,134,1,7576800,11821440,MIN_RESIDUAL_CELL_UPLINK_DOWNLINK_DIAGNOSTIC,CELL_BANDWIDTH_STREAM_RESIDUAL,LATEST_SAFE_AVAILABLE_CELL_BUCKET,START_TIMESTAMP_FOR_INTERVAL,MAX_CELL_UPLINK_DOWNLINK_UNICAST_PLUS_NODE_BASE_DIAGNOSTIC
135000000000,135,edge_central_for_veh_9,veh_9,edge_central,EDGE,9000000000,7576800,0.255,0.25,0.005,pool_rsu_central,rsu_central,rsu_1,region_central_degraded,134,1,7576800,11821440,MIN_RESIDUAL_CELL_UPLINK_DOWNLINK_DIAGNOSTIC,CELL_BANDWIDTH_STREAM_RESIDUAL,LATEST_SAFE_AVAILABLE_CELL_BUCKET,START_TIMESTAMP_FOR_INTERVAL,MAX_CELL_UPLINK_DOWNLINK_UNICAST_PLUS_NODE_BASE_DIAGNOSTIC
135000000000,135,cloud_regional_for_veh_9,veh_9,cloud_regional,CLOUD,100000000000,7576800,0.45,0.25,0.2,pool_rsu_central,rsu_central,rsu_1,region_central_degraded,134,1,7576800,11821440,MIN_RESIDUAL_CELL_UPLINK_DOWNLINK_DIAGNOSTIC,CELL_BANDWIDTH_STREAM_RESIDUAL,LATEST_SAFE_AVAILABLE_CELL_BUCKET,START_TIMESTAMP_FOR_INTERVAL,MAX_CELL_UPLINK_DOWNLINK_UNICAST_PLUS_NODE_BASE_DIAGNOSTIC
136000000000,136,edge_central_for_veh_6,veh_6,edge_central,EDGE,9000000000,7576800,0.255,0.25,0.005,pool_rsu_central,rsu_central,rsu_1,region_central_degraded,135,1,7576800,11821440,MIN_RESIDUAL_CELL_UPLINK_DOWNLINK_DIAGNOSTIC,CELL_BANDWIDTH_STREAM_RESIDUAL,LATEST_SAFE_AVAILABLE_CELL_BUCKET,START_TIMESTAMP_FOR_INTERVAL,MAX_CELL_UPLINK_DOWNLINK_UNICAST_PLUS_NODE_BASE_DIAGNOSTIC
136000000000,136,cloud_regional_for_veh_6,veh_6,cloud_regional,CLOUD,100000000000,7576800,0.45,0.25,0.2,pool_rsu_central,rsu_central,rsu_1,region_central_degraded,135,1,7576800,11821440,MIN_RESIDUAL_CELL_UPLINK_DOWNLINK_DIAGNOSTIC,CELL_BANDWIDTH_STREAM_RESIDUAL,LATEST_SAFE_AVAILABLE_CELL_BUCKET,START_TIMESTAMP_FOR_INTERVAL,MAX_CELL_UPLINK_DOWNLINK_UNICAST_PLUS_NODE_BASE_DIAGNOSTIC
136000000000,136,edge_central_for_veh_7,veh_7,edge_central,EDGE,9000000000,7576800,0.255,0.25,0.005,pool_rsu_central,rsu_central,rsu_1,region_central_degraded,135,1,7576800,11821440,MIN_RESIDUAL_CELL_UPLINK_DOWNLINK_DIAGNOSTIC,CELL_BANDWIDTH_STREAM_RESIDUAL,LATEST_SAFE_AVAILABLE_CELL_BUCKET,START_TIMESTAMP_FOR_INTERVAL,MAX_CELL_UPLINK_DOWNLINK_UNICAST_PLUS_NODE_BASE_DIAGNOSTIC
136000000000,136,cloud_regional_for_veh_7,veh_7,cloud_regional,CLOUD,100000000000,7576800,0.45,0.25,0.2,pool_rsu_central,rsu_central,rsu_1,region_central_degraded,135,1,7576800,11821440,MIN_RESIDUAL_CELL_UPLINK_DOWNLINK_DIAGNOSTIC,CELL_BANDWIDTH_STREAM_RESIDUAL,LATEST_SAFE_AVAILABLE_CELL_BUCKET,START_TIMESTAMP_FOR_INTERVAL,MAX_CELL_UPLINK_DOWNLINK_UNICAST_PLUS_NODE_BASE_DIAGNOSTIC
136000000000,136,edge_central_for_veh_8,veh_8,edge_central,EDGE,9000000000,7576800,0.255,0.25,0.005,pool_rsu_central,rsu_central,rsu_1,region_central_degraded,135,1,7576800,11821440,MIN_RESIDUAL_CELL_UPLINK_DOWNLINK_DIAGNOSTIC,CELL_BANDWIDTH_STREAM_RESIDUAL,LATEST_SAFE_AVAILABLE_CELL_BUCKET,START_TIMESTAMP_FOR_INTERVAL,MAX_CELL_UPLINK_DOWNLINK_UNICAST_PLUS_NODE_BASE_DIAGNOSTIC
136000000000,136,cloud_regional_for_veh_8,veh_8,cloud_regional,CLOUD,100000000000,7576800,0.45,0.25,0.2,pool_rsu_central,rsu_central,rsu_1,region_central_degraded,135,1,7576800,11821440,MIN_RESIDUAL_CELL_UPLINK_DOWNLINK_DIAGNOSTIC,CELL_BANDWIDTH_STREAM_RESIDUAL,LATEST_SAFE_AVAILABLE_CELL_BUCKET,START_TIMESTAMP_FOR_INTERVAL,MAX_CELL_UPLINK_DOWNLINK_UNICAST_PLUS_NODE_BASE_DIAGNOSTIC
136000000000,136,edge_central_for_veh_9,veh_9,edge_central,EDGE,9000000000,7576800,0.255,0.25,0.005,pool_rsu_central,rsu_central,rsu_1,region_central_degraded,135,1,7576800,11821440,MIN_RESIDUAL_CELL_UPLINK_DOWNLINK_DIAGNOSTIC,CELL_BANDWIDTH_STREAM_RESIDUAL,LATEST_SAFE_AVAILABLE_CELL_BUCKET,START_TIMESTAMP_FOR_INTERVAL,MAX_CELL_UPLINK_DOWNLINK_UNICAST_PLUS_NODE_BASE_DIAGNOSTIC
136000000000,136,cloud_regional_for_veh_9,veh_9,cloud_regional,CLOUD,100000000000,7576800,0.45,0.25,0.2,pool_rsu_central,rsu_central,rsu_1,region_central_degraded,135,1,7576800,11821440,MIN_RESIDUAL_CELL_UPLINK_DOWNLINK_DIAGNOSTIC,CELL_BANDWIDTH_STREAM_RESIDUAL,LATEST_SAFE_AVAILABLE_CELL_BUCKET,START_TIMESTAMP_FOR_INTERVAL,MAX_CELL_UPLINK_DOWNLINK_UNICAST_PLUS_NODE_BASE_DIAGNOSTIC
137000000000,137,edge_central_for_veh_6,veh_6,edge_central,EDGE,9000000000,7703760,0.255,0.25,0.005,pool_rsu_central,rsu_central,rsu_1,region_central_degraded,136,1,7703760,11892864,MIN_RESIDUAL_CELL_UPLINK_DOWNLINK_DIAGNOSTIC,CELL_BANDWIDTH_STREAM_RESIDUAL,LATEST_SAFE_AVAILABLE_CELL_BUCKET,START_TIMESTAMP_FOR_INTERVAL,MAX_CELL_UPLINK_DOWNLINK_UNICAST_PLUS_NODE_BASE_DIAGNOSTIC
137000000000,137,cloud_regional_for_veh_6,veh_6,cloud_regional,CLOUD,100000000000,7703760,0.45,0.25,0.2,pool_rsu_central,rsu_central,rsu_1,region_central_degraded,136,1,7703760,11892864,MIN_RESIDUAL_CELL_UPLINK_DOWNLINK_DIAGNOSTIC,CELL_BANDWIDTH_STREAM_RESIDUAL,LATEST_SAFE_AVAILABLE_CELL_BUCKET,START_TIMESTAMP_FOR_INTERVAL,MAX_CELL_UPLINK_DOWNLINK_UNICAST_PLUS_NODE_BASE_DIAGNOSTIC
137000000000,137,edge_central_for_veh_7,veh_7,edge_central,EDGE,9000000000,7703760,0.255,0.25,0.005,pool_rsu_central,rsu_central,rsu_1,region_central_degraded,136,1,7703760,11892864,MIN_RESIDUAL_CELL_UPLINK_DOWNLINK_DIAGNOSTIC,CELL_BANDWIDTH_STREAM_RESIDUAL,LATEST_SAFE_AVAILABLE_CELL_BUCKET,START_TIMESTAMP_FOR_INTERVAL,MAX_CELL_UPLINK_DOWNLINK_UNICAST_PLUS_NODE_BASE_DIAGNOSTIC
137000000000,137,cloud_regional_for_veh_7,veh_7,cloud_regional,CLOUD,100000000000,7703760,0.45,0.25,0.2,pool_rsu_central,rsu_central,rsu_1,region_central_degraded,136,1,7703760,11892864,MIN_RESIDUAL_CELL_UPLINK_DOWNLINK_DIAGNOSTIC,CELL_BANDWIDTH_STREAM_RESIDUAL,LATEST_SAFE_AVAILABLE_CELL_BUCKET,START_TIMESTAMP_FOR_INTERVAL,MAX_CELL_UPLINK_DOWNLINK_UNICAST_PLUS_NODE_BASE_DIAGNOSTIC
137000000000,137,edge_central_for_veh_8,veh_8,edge_central,EDGE,9000000000,7703760,0.255,0.25,0.005,pool_rsu_central,rsu_central,rsu_1,region_central_degraded,136,1,7703760,11892864,MIN_RESIDUAL_CELL_UPLINK_DOWNLINK_DIAGNOSTIC,CELL_BANDWIDTH_STREAM_RESIDUAL,LATEST_SAFE_AVAILABLE_CELL_BUCKET,START_TIMESTAMP_FOR_INTERVAL,MAX_CELL_UPLINK_DOWNLINK_UNICAST_PLUS_NODE_BASE_DIAGNOSTIC
137000000000,137,cloud_regional_for_veh_8,veh_8,cloud_regional,CLOUD,100000000000,7703760,0.45,0.25,0.2,pool_rsu_central,rsu_central,rsu_1,region_central_degraded,136,1,7703760,11892864,MIN_RESIDUAL_CELL_UPLINK_DOWNLINK_DIAGNOSTIC,CELL_BANDWIDTH_STREAM_RESIDUAL,LATEST_SAFE_AVAILABLE_CELL_BUCKET,START_TIMESTAMP_FOR_INTERVAL,MAX_CELL_UPLINK_DOWNLINK_UNICAST_PLUS_NODE_BASE_DIAGNOSTIC
137000000000,137,edge_central_for_veh_9,veh_9,edge_central,EDGE,9000000000,7703760,0.255,0.25,0.005,pool_rsu_central,rsu_central,rsu_1,region_central_degraded,136,1,7703760,11892864,MIN_RESIDUAL_CELL_UPLINK_DOWNLINK_DIAGNOSTIC,CELL_BANDWIDTH_STREAM_RESIDUAL,LATEST_SAFE_AVAILABLE_CELL_BUCKET,START_TIMESTAMP_FOR_INTERVAL,MAX_CELL_UPLINK_DOWNLINK_UNICAST_PLUS_NODE_BASE_DIAGNOSTIC
137000000000,137,cloud_regional_for_veh_9,veh_9,cloud_regional,CLOUD,100000000000,7703760,0.45,0.25,0.2,pool_rsu_central,rsu_central,rsu_1,region_central_degraded,136,1,7703760,11892864,MIN_RESIDUAL_CELL_UPLINK_DOWNLINK_DIAGNOSTIC,CELL_BANDWIDTH_STREAM_RESIDUAL,LATEST_SAFE_AVAILABLE_CELL_BUCKET,START_TIMESTAMP_FOR_INTERVAL,MAX_CELL_UPLINK_DOWNLINK_UNICAST_PLUS_NODE_BASE_DIAGNOSTIC
138000000000,138,edge_central_for_veh_6,veh_6,edge_central,EDGE,9000000000,7576800,0.255,0.25,0.005,pool_rsu_central,rsu_central,rsu_1,region_central_degraded,137,1,7576800,11839296,MIN_RESIDUAL_CELL_UPLINK_DOWNLINK_DIAGNOSTIC,CELL_BANDWIDTH_STREAM_RESIDUAL,LATEST_SAFE_AVAILABLE_CELL_BUCKET,START_TIMESTAMP_FOR_INTERVAL,MAX_CELL_UPLINK_DOWNLINK_UNICAST_PLUS_NODE_BASE_DIAGNOSTIC
138000000000,138,cloud_regional_for_veh_6,veh_6,cloud_regional,CLOUD,100000000000,7576800,0.45,0.25,0.2,pool_rsu_central,rsu_central,rsu_1,region_central_degraded,137,1,7576800,11839296,MIN_RESIDUAL_CELL_UPLINK_DOWNLINK_DIAGNOSTIC,CELL_BANDWIDTH_STREAM_RESIDUAL,LATEST_SAFE_AVAILABLE_CELL_BUCKET,START_TIMESTAMP_FOR_INTERVAL,MAX_CELL_UPLINK_DOWNLINK_UNICAST_PLUS_NODE_BASE_DIAGNOSTIC
138000000000,138,edge_central_for_veh_7,veh_7,edge_central,EDGE,9000000000,7576800,0.255,0.25,0.005,pool_rsu_central,rsu_central,rsu_1,region_central_degraded,137,1,7576800,11839296,MIN_RESIDUAL_CELL_UPLINK_DOWNLINK_DIAGNOSTIC,CELL_BANDWIDTH_STREAM_RESIDUAL,LATEST_SAFE_AVAILABLE_CELL_BUCKET,START_TIMESTAMP_FOR_INTERVAL,MAX_CELL_UPLINK_DOWNLINK_UNICAST_PLUS_NODE_BASE_DIAGNOSTIC
138000000000,138,cloud_regional_for_veh_7,veh_7,cloud_regional,CLOUD,100000000000,7576800,0.45,0.25,0.2,pool_rsu_central,rsu_central,rsu_1,region_central_degraded,137,1,7576800,11839296,MIN_RESIDUAL_CELL_UPLINK_DOWNLINK_DIAGNOSTIC,CELL_BANDWIDTH_STREAM_RESIDUAL,LATEST_SAFE_AVAILABLE_CELL_BUCKET,START_TIMESTAMP_FOR_INTERVAL,MAX_CELL_UPLINK_DOWNLINK_UNICAST_PLUS_NODE_BASE_DIAGNOSTIC
138000000000,138,edge_central_for_veh_8,veh_8,edge_central,EDGE,9000000000,7576800,0.255,0.25,0.005,pool_rsu_central,rsu_central,rsu_1,region_central_degraded,137,1,7576800,11839296,MIN_RESIDUAL_CELL_UPLINK_DOWNLINK_DIAGNOSTIC,CELL_BANDWIDTH_STREAM_RESIDUAL,LATEST_SAFE_AVAILABLE_CELL_BUCKET,START_TIMESTAMP_FOR_INTERVAL,MAX_CELL_UPLINK_DOWNLINK_UNICAST_PLUS_NODE_BASE_DIAGNOSTIC
138000000000,138,cloud_regional_for_veh_8,veh_8,cloud_regional,CLOUD,100000000000,7576800,0.45,0.25,0.2,pool_rsu_central,rsu_central,rsu_1,region_central_degraded,137,1,7576800,11839296,MIN_RESIDUAL_CELL_UPLINK_DOWNLINK_DIAGNOSTIC,CELL_BANDWIDTH_STREAM_RESIDUAL,LATEST_SAFE_AVAILABLE_CELL_BUCKET,START_TIMESTAMP_FOR_INTERVAL,MAX_CELL_UPLINK_DOWNLINK_UNICAST_PLUS_NODE_BASE_DIAGNOSTIC
138000000000,138,edge_central_for_veh_9,veh_9,edge_central,EDGE,9000000000,7576800,0.255,0.25,0.005,pool_rsu_central,rsu_central,rsu_1,region_central_degraded,137,1,7576800,11839296,MIN_RESIDUAL_CELL_UPLINK_DOWNLINK_DIAGNOSTIC,CELL_BANDWIDTH_STREAM_RESIDUAL,LATEST_SAFE_AVAILABLE_CELL_BUCKET,START_TIMESTAMP_FOR_INTERVAL,MAX_CELL_UPLINK_DOWNLINK_UNICAST_PLUS_NODE_BASE_DIAGNOSTIC
138000000000,138,cloud_regional_for_veh_9,veh_9,cloud_regional,CLOUD,100000000000,7576800,0.45,0.25,0.2,pool_rsu_central,rsu_central,rsu_1,region_central_degraded,137,1,7576800,11839296,MIN_RESIDUAL_CELL_UPLINK_DOWNLINK_DIAGNOSTIC,CELL_BANDWIDTH_STREAM_RESIDUAL,LATEST_SAFE_AVAILABLE_CELL_BUCKET,START_TIMESTAMP_FOR_INTERVAL,MAX_CELL_UPLINK_DOWNLINK_UNICAST_PLUS_NODE_BASE_DIAGNOSTIC
138000000000,138,edge_central_for_veh_10,veh_10,edge_central,EDGE,9000000000,7576800,0.255,0.25,0.005,pool_rsu_central,rsu_central,rsu_1,region_central_degraded,137,1,7576800,11839296,MIN_RESIDUAL_CELL_UPLINK_DOWNLINK_DIAGNOSTIC,CELL_BANDWIDTH_STREAM_RESIDUAL,LATEST_SAFE_AVAILABLE_CELL_BUCKET,START_TIMESTAMP_FOR_INTERVAL,MAX_CELL_UPLINK_DOWNLINK_UNICAST_PLUS_NODE_BASE_DIAGNOSTIC
138000000000,138,cloud_regional_for_veh_10,veh_10,cloud_regional,CLOUD,100000000000,7576800,0.45,0.25,0.2,pool_rsu_central,rsu_central,rsu_1,region_central_degraded,137,1,7576800,11839296,MIN_RESIDUAL_CELL_UPLINK_DOWNLINK_DIAGNOSTIC,CELL_BANDWIDTH_STREAM_RESIDUAL,LATEST_SAFE_AVAILABLE_CELL_BUCKET,START_TIMESTAMP_FOR_INTERVAL,MAX_CELL_UPLINK_DOWNLINK_UNICAST_PLUS_NODE_BASE_DIAGNOSTIC
139000000000,139,edge_central_for_veh_6,veh_6,edge_central,EDGE,9000000000,7576800,0.255,0.25,0.005,pool_rsu_central,rsu_central,rsu_1,region_central_degraded,138,1,7576800,11821440,MIN_RESIDUAL_CELL_UPLINK_DOWNLINK_DIAGNOSTIC,CELL_BANDWIDTH_STREAM_RESIDUAL,LATEST_SAFE_AVAILABLE_CELL_BUCKET,START_TIMESTAMP_FOR_INTERVAL,MAX_CELL_UPLINK_DOWNLINK_UNICAST_PLUS_NODE_BASE_DIAGNOSTIC
139000000000,139,cloud_regional_for_veh_6,veh_6,cloud_regional,CLOUD,100000000000,7576800,0.45,0.25,0.2,pool_rsu_central,rsu_central,rsu_1,region_central_degraded,138,1,7576800,11821440,MIN_RESIDUAL_CELL_UPLINK_DOWNLINK_DIAGNOSTIC,CELL_BANDWIDTH_STREAM_RESIDUAL,LATEST_SAFE_AVAILABLE_CELL_BUCKET,START_TIMESTAMP_FOR_INTERVAL,MAX_CELL_UPLINK_DOWNLINK_UNICAST_PLUS_NODE_BASE_DIAGNOSTIC
139000000000,139,edge_central_for_veh_7,veh_7,edge_central,EDGE,9000000000,7576800,0.255,0.25,0.005,pool_rsu_central,rsu_central,rsu_1,region_central_degraded,138,1,7576800,11821440,MIN_RESIDUAL_CELL_UPLINK_DOWNLINK_DIAGNOSTIC,CELL_BANDWIDTH_STREAM_RESIDUAL,LATEST_SAFE_AVAILABLE_CELL_BUCKET,START_TIMESTAMP_FOR_INTERVAL,MAX_CELL_UPLINK_DOWNLINK_UNICAST_PLUS_NODE_BASE_DIAGNOSTIC
139000000000,139,cloud_regional_for_veh_7,veh_7,cloud_regional,CLOUD,100000000000,7576800,0.45,0.25,0.2,pool_rsu_central,rsu_central,rsu_1,region_central_degraded,138,1,7576800,11821440,MIN_RESIDUAL_CELL_UPLINK_DOWNLINK_DIAGNOSTIC,CELL_BANDWIDTH_STREAM_RESIDUAL,LATEST_SAFE_AVAILABLE_CELL_BUCKET,START_TIMESTAMP_FOR_INTERVAL,MAX_CELL_UPLINK_DOWNLINK_UNICAST_PLUS_NODE_BASE_DIAGNOSTIC
139000000000,139,edge_central_for_veh_8,veh_8,edge_central,EDGE,9000000000,7576800,0.255,0.25,0.005,pool_rsu_central,rsu_central,rsu_1,region_central_degraded,138,1,7576800,11821440,MIN_RESIDUAL_CELL_UPLINK_DOWNLINK_DIAGNOSTIC,CELL_BANDWIDTH_STREAM_RESIDUAL,LATEST_SAFE_AVAILABLE_CELL_BUCKET,START_TIMESTAMP_FOR_INTERVAL,MAX_CELL_UPLINK_DOWNLINK_UNICAST_PLUS_NODE_BASE_DIAGNOSTIC
139000000000,139,cloud_regional_for_veh_8,veh_8,cloud_regional,CLOUD,100000000000,7576800,0.45,0.25,0.2,pool_rsu_central,rsu_central,rsu_1,region_central_degraded,138,1,7576800,11821440,MIN_RESIDUAL_CELL_UPLINK_DOWNLINK_DIAGNOSTIC,CELL_BANDWIDTH_STREAM_RESIDUAL,LATEST_SAFE_AVAILABLE_CELL_BUCKET,START_TIMESTAMP_FOR_INTERVAL,MAX_CELL_UPLINK_DOWNLINK_UNICAST_PLUS_NODE_BASE_DIAGNOSTIC
139000000000,139,edge_central_for_veh_9,veh_9,edge_central,EDGE,9000000000,7576800,0.255,0.25,0.005,pool_rsu_central,rsu_central,rsu_1,region_central_degraded,138,1,7576800,11821440,MIN_RESIDUAL_CELL_UPLINK_DOWNLINK_DIAGNOSTIC,CELL_BANDWIDTH_STREAM_RESIDUAL,LATEST_SAFE_AVAILABLE_CELL_BUCKET,START_TIMESTAMP_FOR_INTERVAL,MAX_CELL_UPLINK_DOWNLINK_UNICAST_PLUS_NODE_BASE_DIAGNOSTIC
139000000000,139,cloud_regional_for_veh_9,veh_9,cloud_regional,CLOUD,100000000000,7576800,0.45,0.25,0.2,pool_rsu_central,rsu_central,rsu_1,region_central_degraded,138,1,7576800,11821440,MIN_RESIDUAL_CELL_UPLINK_DOWNLINK_DIAGNOSTIC,CELL_BANDWIDTH_STREAM_RESIDUAL,LATEST_SAFE_AVAILABLE_CELL_BUCKET,START_TIMESTAMP_FOR_INTERVAL,MAX_CELL_UPLINK_DOWNLINK_UNICAST_PLUS_NODE_BASE_DIAGNOSTIC
139000000000,139,edge_central_for_veh_10,veh_10,edge_central,EDGE,9000000000,7576800,0.255,0.25,0.005,pool_rsu_central,rsu_central,rsu_1,region_central_degraded,138,1,7576800,11821440,MIN_RESIDUAL_CELL_UPLINK_DOWNLINK_DIAGNOSTIC,CELL_BANDWIDTH_STREAM_RESIDUAL,LATEST_SAFE_AVAILABLE_CELL_BUCKET,START_TIMESTAMP_FOR_INTERVAL,MAX_CELL_UPLINK_DOWNLINK_UNICAST_PLUS_NODE_BASE_DIAGNOSTIC
139000000000,139,cloud_regional_for_veh_10,veh_10,cloud_regional,CLOUD,100000000000,7576800,0.45,0.25,0.2,pool_rsu_central,rsu_central,rsu_1,region_central_degraded,138,1,7576800,11821440,MIN_RESIDUAL_CELL_UPLINK_DOWNLINK_DIAGNOSTIC,CELL_BANDWIDTH_STREAM_RESIDUAL,LATEST_SAFE_AVAILABLE_CELL_BUCKET,START_TIMESTAMP_FOR_INTERVAL,MAX_CELL_UPLINK_DOWNLINK_UNICAST_PLUS_NODE_BASE_DIAGNOSTIC
140000000000,140,edge_central_for_veh_7,veh_7,edge_central,EDGE,9000000000,7619120,0.255,0.25,0.005,pool_rsu_central,rsu_central,rsu_1,region_central_degraded,139,1,7619120,11839296,MIN_RESIDUAL_CELL_UPLINK_DOWNLINK_DIAGNOSTIC,CELL_BANDWIDTH_STREAM_RESIDUAL,LATEST_SAFE_AVAILABLE_CELL_BUCKET,START_TIMESTAMP_FOR_INTERVAL,MAX_CELL_UPLINK_DOWNLINK_UNICAST_PLUS_NODE_BASE_DIAGNOSTIC
140000000000,140,cloud_regional_for_veh_7,veh_7,cloud_regional,CLOUD,100000000000,7619120,0.45,0.25,0.2,pool_rsu_central,rsu_central,rsu_1,region_central_degraded,139,1,7619120,11839296,MIN_RESIDUAL_CELL_UPLINK_DOWNLINK_DIAGNOSTIC,CELL_BANDWIDTH_STREAM_RESIDUAL,LATEST_SAFE_AVAILABLE_CELL_BUCKET,START_TIMESTAMP_FOR_INTERVAL,MAX_CELL_UPLINK_DOWNLINK_UNICAST_PLUS_NODE_BASE_DIAGNOSTIC
140000000000,140,edge_central_for_veh_8,veh_8,edge_central,EDGE,9000000000,7619120,0.255,0.25,0.005,pool_rsu_central,rsu_central,rsu_1,region_central_degraded,139,1,7619120,11839296,MIN_RESIDUAL_CELL_UPLINK_DOWNLINK_DIAGNOSTIC,CELL_BANDWIDTH_STREAM_RESIDUAL,LATEST_SAFE_AVAILABLE_CELL_BUCKET,START_TIMESTAMP_FOR_INTERVAL,MAX_CELL_UPLINK_DOWNLINK_UNICAST_PLUS_NODE_BASE_DIAGNOSTIC
140000000000,140,cloud_regional_for_veh_8,veh_8,cloud_regional,CLOUD,100000000000,7619120,0.45,0.25,0.2,pool_rsu_central,rsu_central,rsu_1,region_central_degraded,139,1,7619120,11839296,MIN_RESIDUAL_CELL_UPLINK_DOWNLINK_DIAGNOSTIC,CELL_BANDWIDTH_STREAM_RESIDUAL,LATEST_SAFE_AVAILABLE_CELL_BUCKET,START_TIMESTAMP_FOR_INTERVAL,MAX_CELL_UPLINK_DOWNLINK_UNICAST_PLUS_NODE_BASE_DIAGNOSTIC
140000000000,140,edge_central_for_veh_9,veh_9,edge_central,EDGE,9000000000,7619120,0.255,0.25,0.005,pool_rsu_central,rsu_central,rsu_1,region_central_degraded,139,1,7619120,11839296,MIN_RESIDUAL_CELL_UPLINK_DOWNLINK_DIAGNOSTIC,CELL_BANDWIDTH_STREAM_RESIDUAL,LATEST_SAFE_AVAILABLE_CELL_BUCKET,START_TIMESTAMP_FOR_INTERVAL,MAX_CELL_UPLINK_DOWNLINK_UNICAST_PLUS_NODE_BASE_DIAGNOSTIC
140000000000,140,cloud_regional_for_veh_9,veh_9,cloud_regional,CLOUD,100000000000,7619120,0.45,0.25,0.2,pool_rsu_central,rsu_central,rsu_1,region_central_degraded,139,1,7619120,11839296,MIN_RESIDUAL_CELL_UPLINK_DOWNLINK_DIAGNOSTIC,CELL_BANDWIDTH_STREAM_RESIDUAL,LATEST_SAFE_AVAILABLE_CELL_BUCKET,START_TIMESTAMP_FOR_INTERVAL,MAX_CELL_UPLINK_DOWNLINK_UNICAST_PLUS_NODE_BASE_DIAGNOSTIC
140000000000,140,edge_central_for_veh_10,veh_10,edge_central,EDGE,9000000000,7619120,0.255,0.25,0.005,pool_rsu_central,rsu_central,rsu_1,region_central_degraded,139,1,7619120,11839296,MIN_RESIDUAL_CELL_UPLINK_DOWNLINK_DIAGNOSTIC,CELL_BANDWIDTH_STREAM_RESIDUAL,LATEST_SAFE_AVAILABLE_CELL_BUCKET,START_TIMESTAMP_FOR_INTERVAL,MAX_CELL_UPLINK_DOWNLINK_UNICAST_PLUS_NODE_BASE_DIAGNOSTIC
140000000000,140,cloud_regional_for_veh_10,veh_10,cloud_regional,CLOUD,100000000000,7619120,0.45,0.25,0.2,pool_rsu_central,rsu_central,rsu_1,region_central_degraded,139,1,7619120,11839296,MIN_RESIDUAL_CELL_UPLINK_DOWNLINK_DIAGNOSTIC,CELL_BANDWIDTH_STREAM_RESIDUAL,LATEST_SAFE_AVAILABLE_CELL_BUCKET,START_TIMESTAMP_FOR_INTERVAL,MAX_CELL_UPLINK_DOWNLINK_UNICAST_PLUS_NODE_BASE_DIAGNOSTIC
141000000000,141,edge_central_for_veh_7,veh_7,edge_central,EDGE,9000000000,7619120,0.255,0.25,0.005,pool_rsu_central,rsu_central,rsu_1,region_central_degraded,140,1,7619120,11839296,MIN_RESIDUAL_CELL_UPLINK_DOWNLINK_DIAGNOSTIC,CELL_BANDWIDTH_STREAM_RESIDUAL,LATEST_SAFE_AVAILABLE_CELL_BUCKET,START_TIMESTAMP_FOR_INTERVAL,MAX_CELL_UPLINK_DOWNLINK_UNICAST_PLUS_NODE_BASE_DIAGNOSTIC
141000000000,141,cloud_regional_for_veh_7,veh_7,cloud_regional,CLOUD,100000000000,7619120,0.45,0.25,0.2,pool_rsu_central,rsu_central,rsu_1,region_central_degraded,140,1,7619120,11839296,MIN_RESIDUAL_CELL_UPLINK_DOWNLINK_DIAGNOSTIC,CELL_BANDWIDTH_STREAM_RESIDUAL,LATEST_SAFE_AVAILABLE_CELL_BUCKET,START_TIMESTAMP_FOR_INTERVAL,MAX_CELL_UPLINK_DOWNLINK_UNICAST_PLUS_NODE_BASE_DIAGNOSTIC
141000000000,141,edge_central_for_veh_8,veh_8,edge_central,EDGE,9000000000,7619120,0.255,0.25,0.005,pool_rsu_central,rsu_central,rsu_1,region_central_degraded,140,1,7619120,11839296,MIN_RESIDUAL_CELL_UPLINK_DOWNLINK_DIAGNOSTIC,CELL_BANDWIDTH_STREAM_RESIDUAL,LATEST_SAFE_AVAILABLE_CELL_BUCKET,START_TIMESTAMP_FOR_INTERVAL,MAX_CELL_UPLINK_DOWNLINK_UNICAST_PLUS_NODE_BASE_DIAGNOSTIC
141000000000,141,cloud_regional_for_veh_8,veh_8,cloud_regional,CLOUD,100000000000,7619120,0.45,0.25,0.2,pool_rsu_central,rsu_central,rsu_1,region_central_degraded,140,1,7619120,11839296,MIN_RESIDUAL_CELL_UPLINK_DOWNLINK_DIAGNOSTIC,CELL_BANDWIDTH_STREAM_RESIDUAL,LATEST_SAFE_AVAILABLE_CELL_BUCKET,START_TIMESTAMP_FOR_INTERVAL,MAX_CELL_UPLINK_DOWNLINK_UNICAST_PLUS_NODE_BASE_DIAGNOSTIC
141000000000,141,edge_central_for_veh_9,veh_9,edge_central,EDGE,9000000000,7619120,0.255,0.25,0.005,pool_rsu_central,rsu_central,rsu_1,region_central_degraded,140,1,7619120,11839296,MIN_RESIDUAL_CELL_UPLINK_DOWNLINK_DIAGNOSTIC,CELL_BANDWIDTH_STREAM_RESIDUAL,LATEST_SAFE_AVAILABLE_CELL_BUCKET,START_TIMESTAMP_FOR_INTERVAL,MAX_CELL_UPLINK_DOWNLINK_UNICAST_PLUS_NODE_BASE_DIAGNOSTIC
141000000000,141,cloud_regional_for_veh_9,veh_9,cloud_regional,CLOUD,100000000000,7619120,0.45,0.25,0.2,pool_rsu_central,rsu_central,rsu_1,region_central_degraded,140,1,7619120,11839296,MIN_RESIDUAL_CELL_UPLINK_DOWNLINK_DIAGNOSTIC,CELL_BANDWIDTH_STREAM_RESIDUAL,LATEST_SAFE_AVAILABLE_CELL_BUCKET,START_TIMESTAMP_FOR_INTERVAL,MAX_CELL_UPLINK_DOWNLINK_UNICAST_PLUS_NODE_BASE_DIAGNOSTIC
141000000000,141,edge_central_for_veh_10,veh_10,edge_central,EDGE,9000000000,7619120,0.255,0.25,0.005,pool_rsu_central,rsu_central,rsu_1,region_central_degraded,140,1,7619120,11839296,MIN_RESIDUAL_CELL_UPLINK_DOWNLINK_DIAGNOSTIC,CELL_BANDWIDTH_STREAM_RESIDUAL,LATEST_SAFE_AVAILABLE_CELL_BUCKET,START_TIMESTAMP_FOR_INTERVAL,MAX_CELL_UPLINK_DOWNLINK_UNICAST_PLUS_NODE_BASE_DIAGNOSTIC
141000000000,141,cloud_regional_for_veh_10,veh_10,cloud_regional,CLOUD,100000000000,7619120,0.45,0.25,0.2,pool_rsu_central,rsu_central,rsu_1,region_central_degraded,140,1,7619120,11839296,MIN_RESIDUAL_CELL_UPLINK_DOWNLINK_DIAGNOSTIC,CELL_BANDWIDTH_STREAM_RESIDUAL,LATEST_SAFE_AVAILABLE_CELL_BUCKET,START_TIMESTAMP_FOR_INTERVAL,MAX_CELL_UPLINK_DOWNLINK_UNICAST_PLUS_NODE_BASE_DIAGNOSTIC
142000000000,142,edge_central_for_veh_7,veh_7,edge_central,EDGE,9000000000,7619120,0.255,0.25,0.005,pool_rsu_central,rsu_central,rsu_1,region_central_degraded,141,1,7619120,11839296,MIN_RESIDUAL_CELL_UPLINK_DOWNLINK_DIAGNOSTIC,CELL_BANDWIDTH_STREAM_RESIDUAL,LATEST_SAFE_AVAILABLE_CELL_BUCKET,START_TIMESTAMP_FOR_INTERVAL,MAX_CELL_UPLINK_DOWNLINK_UNICAST_PLUS_NODE_BASE_DIAGNOSTIC
142000000000,142,cloud_regional_for_veh_7,veh_7,cloud_regional,CLOUD,100000000000,7619120,0.45,0.25,0.2,pool_rsu_central,rsu_central,rsu_1,region_central_degraded,141,1,7619120,11839296,MIN_RESIDUAL_CELL_UPLINK_DOWNLINK_DIAGNOSTIC,CELL_BANDWIDTH_STREAM_RESIDUAL,LATEST_SAFE_AVAILABLE_CELL_BUCKET,START_TIMESTAMP_FOR_INTERVAL,MAX_CELL_UPLINK_DOWNLINK_UNICAST_PLUS_NODE_BASE_DIAGNOSTIC
142000000000,142,edge_central_for_veh_8,veh_8,edge_central,EDGE,9000000000,7619120,0.255,0.25,0.005,pool_rsu_central,rsu_central,rsu_1,region_central_degraded,141,1,7619120,11839296,MIN_RESIDUAL_CELL_UPLINK_DOWNLINK_DIAGNOSTIC,CELL_BANDWIDTH_STREAM_RESIDUAL,LATEST_SAFE_AVAILABLE_CELL_BUCKET,START_TIMESTAMP_FOR_INTERVAL,MAX_CELL_UPLINK_DOWNLINK_UNICAST_PLUS_NODE_BASE_DIAGNOSTIC
142000000000,142,cloud_regional_for_veh_8,veh_8,cloud_regional,CLOUD,100000000000,7619120,0.45,0.25,0.2,pool_rsu_central,rsu_central,rsu_1,region_central_degraded,141,1,7619120,11839296,MIN_RESIDUAL_CELL_UPLINK_DOWNLINK_DIAGNOSTIC,CELL_BANDWIDTH_STREAM_RESIDUAL,LATEST_SAFE_AVAILABLE_CELL_BUCKET,START_TIMESTAMP_FOR_INTERVAL,MAX_CELL_UPLINK_DOWNLINK_UNICAST_PLUS_NODE_BASE_DIAGNOSTIC
142000000000,142,edge_central_for_veh_9,veh_9,edge_central,EDGE,9000000000,7619120,0.255,0.25,0.005,pool_rsu_central,rsu_central,rsu_1,region_central_degraded,141,1,7619120,11839296,MIN_RESIDUAL_CELL_UPLINK_DOWNLINK_DIAGNOSTIC,CELL_BANDWIDTH_STREAM_RESIDUAL,LATEST_SAFE_AVAILABLE_CELL_BUCKET,START_TIMESTAMP_FOR_INTERVAL,MAX_CELL_UPLINK_DOWNLINK_UNICAST_PLUS_NODE_BASE_DIAGNOSTIC
142000000000,142,cloud_regional_for_veh_9,veh_9,cloud_regional,CLOUD,100000000000,7619120,0.45,0.25,0.2,pool_rsu_central,rsu_central,rsu_1,region_central_degraded,141,1,7619120,11839296,MIN_RESIDUAL_CELL_UPLINK_DOWNLINK_DIAGNOSTIC,CELL_BANDWIDTH_STREAM_RESIDUAL,LATEST_SAFE_AVAILABLE_CELL_BUCKET,START_TIMESTAMP_FOR_INTERVAL,MAX_CELL_UPLINK_DOWNLINK_UNICAST_PLUS_NODE_BASE_DIAGNOSTIC
142000000000,142,edge_central_for_veh_10,veh_10,edge_central,EDGE,9000000000,7619120,0.255,0.25,0.005,pool_rsu_central,rsu_central,rsu_1,region_central_degraded,141,1,7619120,11839296,MIN_RESIDUAL_CELL_UPLINK_DOWNLINK_DIAGNOSTIC,CELL_BANDWIDTH_STREAM_RESIDUAL,LATEST_SAFE_AVAILABLE_CELL_BUCKET,START_TIMESTAMP_FOR_INTERVAL,MAX_CELL_UPLINK_DOWNLINK_UNICAST_PLUS_NODE_BASE_DIAGNOSTIC
142000000000,142,cloud_regional_for_veh_10,veh_10,cloud_regional,CLOUD,100000000000,7619120,0.45,0.25,0.2,pool_rsu_central,rsu_central,rsu_1,region_central_degraded,141,1,7619120,11839296,MIN_RESIDUAL_CELL_UPLINK_DOWNLINK_DIAGNOSTIC,CELL_BANDWIDTH_STREAM_RESIDUAL,LATEST_SAFE_AVAILABLE_CELL_BUCKET,START_TIMESTAMP_FOR_INTERVAL,MAX_CELL_UPLINK_DOWNLINK_UNICAST_PLUS_NODE_BASE_DIAGNOSTIC
142000000000,142,edge_central_for_veh_11,veh_11,edge_central,EDGE,9000000000,7619120,0.255,0.25,0.005,pool_rsu_central,rsu_central,rsu_1,region_central_degraded,141,1,7619120,11839296,MIN_RESIDUAL_CELL_UPLINK_DOWNLINK_DIAGNOSTIC,CELL_BANDWIDTH_STREAM_RESIDUAL,LATEST_SAFE_AVAILABLE_CELL_BUCKET,START_TIMESTAMP_FOR_INTERVAL,MAX_CELL_UPLINK_DOWNLINK_UNICAST_PLUS_NODE_BASE_DIAGNOSTIC
142000000000,142,cloud_regional_for_veh_11,veh_11,cloud_regional,CLOUD,100000000000,7619120,0.45,0.25,0.2,pool_rsu_central,rsu_central,rsu_1,region_central_degraded,141,1,7619120,11839296,MIN_RESIDUAL_CELL_UPLINK_DOWNLINK_DIAGNOSTIC,CELL_BANDWIDTH_STREAM_RESIDUAL,LATEST_SAFE_AVAILABLE_CELL_BUCKET,START_TIMESTAMP_FOR_INTERVAL,MAX_CELL_UPLINK_DOWNLINK_UNICAST_PLUS_NODE_BASE_DIAGNOSTIC
143000000000,143,edge_central_for_veh_7,veh_7,edge_central,EDGE,9000000000,7619120,0.255,0.25,0.005,pool_rsu_central,rsu_central,rsu_1,region_central_degraded,142,1,7619120,11857152,MIN_RESIDUAL_CELL_UPLINK_DOWNLINK_DIAGNOSTIC,CELL_BANDWIDTH_STREAM_RESIDUAL,LATEST_SAFE_AVAILABLE_CELL_BUCKET,START_TIMESTAMP_FOR_INTERVAL,MAX_CELL_UPLINK_DOWNLINK_UNICAST_PLUS_NODE_BASE_DIAGNOSTIC
143000000000,143,cloud_regional_for_veh_7,veh_7,cloud_regional,CLOUD,100000000000,7619120,0.45,0.25,0.2,pool_rsu_central,rsu_central,rsu_1,region_central_degraded,142,1,7619120,11857152,MIN_RESIDUAL_CELL_UPLINK_DOWNLINK_DIAGNOSTIC,CELL_BANDWIDTH_STREAM_RESIDUAL,LATEST_SAFE_AVAILABLE_CELL_BUCKET,START_TIMESTAMP_FOR_INTERVAL,MAX_CELL_UPLINK_DOWNLINK_UNICAST_PLUS_NODE_BASE_DIAGNOSTIC
143000000000,143,edge_central_for_veh_8,veh_8,edge_central,EDGE,9000000000,7619120,0.255,0.25,0.005,pool_rsu_central,rsu_central,rsu_1,region_central_degraded,142,1,7619120,11857152,MIN_RESIDUAL_CELL_UPLINK_DOWNLINK_DIAGNOSTIC,CELL_BANDWIDTH_STREAM_RESIDUAL,LATEST_SAFE_AVAILABLE_CELL_BUCKET,START_TIMESTAMP_FOR_INTERVAL,MAX_CELL_UPLINK_DOWNLINK_UNICAST_PLUS_NODE_BASE_DIAGNOSTIC
143000000000,143,cloud_regional_for_veh_8,veh_8,cloud_regional,CLOUD,100000000000,7619120,0.45,0.25,0.2,pool_rsu_central,rsu_central,rsu_1,region_central_degraded,142,1,7619120,11857152,MIN_RESIDUAL_CELL_UPLINK_DOWNLINK_DIAGNOSTIC,CELL_BANDWIDTH_STREAM_RESIDUAL,LATEST_SAFE_AVAILABLE_CELL_BUCKET,START_TIMESTAMP_FOR_INTERVAL,MAX_CELL_UPLINK_DOWNLINK_UNICAST_PLUS_NODE_BASE_DIAGNOSTIC
143000000000,143,edge_central_for_veh_9,veh_9,edge_central,EDGE,9000000000,7619120,0.255,0.25,0.005,pool_rsu_central,rsu_central,rsu_1,region_central_degraded,142,1,7619120,11857152,MIN_RESIDUAL_CELL_UPLINK_DOWNLINK_DIAGNOSTIC,CELL_BANDWIDTH_STREAM_RESIDUAL,LATEST_SAFE_AVAILABLE_CELL_BUCKET,START_TIMESTAMP_FOR_INTERVAL,MAX_CELL_UPLINK_DOWNLINK_UNICAST_PLUS_NODE_BASE_DIAGNOSTIC
143000000000,143,cloud_regional_for_veh_9,veh_9,cloud_regional,CLOUD,100000000000,7619120,0.45,0.25,0.2,pool_rsu_central,rsu_central,rsu_1,region_central_degraded,142,1,7619120,11857152,MIN_RESIDUAL_CELL_UPLINK_DOWNLINK_DIAGNOSTIC,CELL_BANDWIDTH_STREAM_RESIDUAL,LATEST_SAFE_AVAILABLE_CELL_BUCKET,START_TIMESTAMP_FOR_INTERVAL,MAX_CELL_UPLINK_DOWNLINK_UNICAST_PLUS_NODE_BASE_DIAGNOSTIC
143000000000,143,edge_central_for_veh_10,veh_10,edge_central,EDGE,9000000000,7619120,0.255,0.25,0.005,pool_rsu_central,rsu_central,rsu_1,region_central_degraded,142,1,7619120,11857152,MIN_RESIDUAL_CELL_UPLINK_DOWNLINK_DIAGNOSTIC,CELL_BANDWIDTH_STREAM_RESIDUAL,LATEST_SAFE_AVAILABLE_CELL_BUCKET,START_TIMESTAMP_FOR_INTERVAL,MAX_CELL_UPLINK_DOWNLINK_UNICAST_PLUS_NODE_BASE_DIAGNOSTIC
143000000000,143,cloud_regional_for_veh_10,veh_10,cloud_regional,CLOUD,100000000000,7619120,0.45,0.25,0.2,pool_rsu_central,rsu_central,rsu_1,region_central_degraded,142,1,7619120,11857152,MIN_RESIDUAL_CELL_UPLINK_DOWNLINK_DIAGNOSTIC,CELL_BANDWIDTH_STREAM_RESIDUAL,LATEST_SAFE_AVAILABLE_CELL_BUCKET,START_TIMESTAMP_FOR_INTERVAL,MAX_CELL_UPLINK_DOWNLINK_UNICAST_PLUS_NODE_BASE_DIAGNOSTIC
143000000000,143,edge_central_for_veh_11,veh_11,edge_central,EDGE,9000000000,7619120,0.255,0.25,0.005,pool_rsu_central,rsu_central,rsu_1,region_central_degraded,142,1,7619120,11857152,MIN_RESIDUAL_CELL_UPLINK_DOWNLINK_DIAGNOSTIC,CELL_BANDWIDTH_STREAM_RESIDUAL,LATEST_SAFE_AVAILABLE_CELL_BUCKET,START_TIMESTAMP_FOR_INTERVAL,MAX_CELL_UPLINK_DOWNLINK_UNICAST_PLUS_NODE_BASE_DIAGNOSTIC
143000000000,143,cloud_regional_for_veh_11,veh_11,cloud_regional,CLOUD,100000000000,7619120,0.45,0.25,0.2,pool_rsu_central,rsu_central,rsu_1,region_central_degraded,142,1,7619120,11857152,MIN_RESIDUAL_CELL_UPLINK_DOWNLINK_DIAGNOSTIC,CELL_BANDWIDTH_STREAM_RESIDUAL,LATEST_SAFE_AVAILABLE_CELL_BUCKET,START_TIMESTAMP_FOR_INTERVAL,MAX_CELL_UPLINK_DOWNLINK_UNICAST_PLUS_NODE_BASE_DIAGNOSTIC
144000000000,144,edge_central_for_veh_8,veh_8,edge_central,EDGE,9000000000,7661440,0.255,0.25,0.005,pool_rsu_central,rsu_central,rsu_1,region_central_degraded,143,1,7661440,11857152,MIN_RESIDUAL_CELL_UPLINK_DOWNLINK_DIAGNOSTIC,CELL_BANDWIDTH_STREAM_RESIDUAL,LATEST_SAFE_AVAILABLE_CELL_BUCKET,START_TIMESTAMP_FOR_INTERVAL,MAX_CELL_UPLINK_DOWNLINK_UNICAST_PLUS_NODE_BASE_DIAGNOSTIC
144000000000,144,cloud_regional_for_veh_8,veh_8,cloud_regional,CLOUD,100000000000,7661440,0.45,0.25,0.2,pool_rsu_central,rsu_central,rsu_1,region_central_degraded,143,1,7661440,11857152,MIN_RESIDUAL_CELL_UPLINK_DOWNLINK_DIAGNOSTIC,CELL_BANDWIDTH_STREAM_RESIDUAL,LATEST_SAFE_AVAILABLE_CELL_BUCKET,START_TIMESTAMP_FOR_INTERVAL,MAX_CELL_UPLINK_DOWNLINK_UNICAST_PLUS_NODE_BASE_DIAGNOSTIC
144000000000,144,edge_central_for_veh_9,veh_9,edge_central,EDGE,9000000000,7661440,0.255,0.25,0.005,pool_rsu_central,rsu_central,rsu_1,region_central_degraded,143,1,7661440,11857152,MIN_RESIDUAL_CELL_UPLINK_DOWNLINK_DIAGNOSTIC,CELL_BANDWIDTH_STREAM_RESIDUAL,LATEST_SAFE_AVAILABLE_CELL_BUCKET,START_TIMESTAMP_FOR_INTERVAL,MAX_CELL_UPLINK_DOWNLINK_UNICAST_PLUS_NODE_BASE_DIAGNOSTIC
144000000000,144,cloud_regional_for_veh_9,veh_9,cloud_regional,CLOUD,100000000000,7661440,0.45,0.25,0.2,pool_rsu_central,rsu_central,rsu_1,region_central_degraded,143,1,7661440,11857152,MIN_RESIDUAL_CELL_UPLINK_DOWNLINK_DIAGNOSTIC,CELL_BANDWIDTH_STREAM_RESIDUAL,LATEST_SAFE_AVAILABLE_CELL_BUCKET,START_TIMESTAMP_FOR_INTERVAL,MAX_CELL_UPLINK_DOWNLINK_UNICAST_PLUS_NODE_BASE_DIAGNOSTIC
144000000000,144,edge_central_for_veh_10,veh_10,edge_central,EDGE,9000000000,7661440,0.255,0.25,0.005,pool_rsu_central,rsu_central,rsu_1,region_central_degraded,143,1,7661440,11857152,MIN_RESIDUAL_CELL_UPLINK_DOWNLINK_DIAGNOSTIC,CELL_BANDWIDTH_STREAM_RESIDUAL,LATEST_SAFE_AVAILABLE_CELL_BUCKET,START_TIMESTAMP_FOR_INTERVAL,MAX_CELL_UPLINK_DOWNLINK_UNICAST_PLUS_NODE_BASE_DIAGNOSTIC
144000000000,144,cloud_regional_for_veh_10,veh_10,cloud_regional,CLOUD,100000000000,7661440,0.45,0.25,0.2,pool_rsu_central,rsu_central,rsu_1,region_central_degraded,143,1,7661440,11857152,MIN_RESIDUAL_CELL_UPLINK_DOWNLINK_DIAGNOSTIC,CELL_BANDWIDTH_STREAM_RESIDUAL,LATEST_SAFE_AVAILABLE_CELL_BUCKET,START_TIMESTAMP_FOR_INTERVAL,MAX_CELL_UPLINK_DOWNLINK_UNICAST_PLUS_NODE_BASE_DIAGNOSTIC
144000000000,144,edge_central_for_veh_11,veh_11,edge_central,EDGE,9000000000,7661440,0.255,0.25,0.005,pool_rsu_central,rsu_central,rsu_1,region_central_degraded,143,1,7661440,11857152,MIN_RESIDUAL_CELL_UPLINK_DOWNLINK_DIAGNOSTIC,CELL_BANDWIDTH_STREAM_RESIDUAL,LATEST_SAFE_AVAILABLE_CELL_BUCKET,START_TIMESTAMP_FOR_INTERVAL,MAX_CELL_UPLINK_DOWNLINK_UNICAST_PLUS_NODE_BASE_DIAGNOSTIC
144000000000,144,cloud_regional_for_veh_11,veh_11,cloud_regional,CLOUD,100000000000,7661440,0.45,0.25,0.2,pool_rsu_central,rsu_central,rsu_1,region_central_degraded,143,1,7661440,11857152,MIN_RESIDUAL_CELL_UPLINK_DOWNLINK_DIAGNOSTIC,CELL_BANDWIDTH_STREAM_RESIDUAL,LATEST_SAFE_AVAILABLE_CELL_BUCKET,START_TIMESTAMP_FOR_INTERVAL,MAX_CELL_UPLINK_DOWNLINK_UNICAST_PLUS_NODE_BASE_DIAGNOSTIC
145000000000,145,edge_central_for_veh_8,veh_8,edge_central,EDGE,9000000000,7661440,0.255,0.25,0.005,pool_rsu_central,rsu_central,rsu_1,region_central_degraded,144,1,7661440,11857152,MIN_RESIDUAL_CELL_UPLINK_DOWNLINK_DIAGNOSTIC,CELL_BANDWIDTH_STREAM_RESIDUAL,LATEST_SAFE_AVAILABLE_CELL_BUCKET,START_TIMESTAMP_FOR_INTERVAL,MAX_CELL_UPLINK_DOWNLINK_UNICAST_PLUS_NODE_BASE_DIAGNOSTIC
145000000000,145,cloud_regional_for_veh_8,veh_8,cloud_regional,CLOUD,100000000000,7661440,0.45,0.25,0.2,pool_rsu_central,rsu_central,rsu_1,region_central_degraded,144,1,7661440,11857152,MIN_RESIDUAL_CELL_UPLINK_DOWNLINK_DIAGNOSTIC,CELL_BANDWIDTH_STREAM_RESIDUAL,LATEST_SAFE_AVAILABLE_CELL_BUCKET,START_TIMESTAMP_FOR_INTERVAL,MAX_CELL_UPLINK_DOWNLINK_UNICAST_PLUS_NODE_BASE_DIAGNOSTIC
145000000000,145,edge_central_for_veh_9,veh_9,edge_central,EDGE,9000000000,7661440,0.255,0.25,0.005,pool_rsu_central,rsu_central,rsu_1,region_central_degraded,144,1,7661440,11857152,MIN_RESIDUAL_CELL_UPLINK_DOWNLINK_DIAGNOSTIC,CELL_BANDWIDTH_STREAM_RESIDUAL,LATEST_SAFE_AVAILABLE_CELL_BUCKET,START_TIMESTAMP_FOR_INTERVAL,MAX_CELL_UPLINK_DOWNLINK_UNICAST_PLUS_NODE_BASE_DIAGNOSTIC
145000000000,145,cloud_regional_for_veh_9,veh_9,cloud_regional,CLOUD,100000000000,7661440,0.45,0.25,0.2,pool_rsu_central,rsu_central,rsu_1,region_central_degraded,144,1,7661440,11857152,MIN_RESIDUAL_CELL_UPLINK_DOWNLINK_DIAGNOSTIC,CELL_BANDWIDTH_STREAM_RESIDUAL,LATEST_SAFE_AVAILABLE_CELL_BUCKET,START_TIMESTAMP_FOR_INTERVAL,MAX_CELL_UPLINK_DOWNLINK_UNICAST_PLUS_NODE_BASE_DIAGNOSTIC
145000000000,145,edge_central_for_veh_10,veh_10,edge_central,EDGE,9000000000,7661440,0.255,0.25,0.005,pool_rsu_central,rsu_central,rsu_1,region_central_degraded,144,1,7661440,11857152,MIN_RESIDUAL_CELL_UPLINK_DOWNLINK_DIAGNOSTIC,CELL_BANDWIDTH_STREAM_RESIDUAL,LATEST_SAFE_AVAILABLE_CELL_BUCKET,START_TIMESTAMP_FOR_INTERVAL,MAX_CELL_UPLINK_DOWNLINK_UNICAST_PLUS_NODE_BASE_DIAGNOSTIC
145000000000,145,cloud_regional_for_veh_10,veh_10,cloud_regional,CLOUD,100000000000,7661440,0.45,0.25,0.2,pool_rsu_central,rsu_central,rsu_1,region_central_degraded,144,1,7661440,11857152,MIN_RESIDUAL_CELL_UPLINK_DOWNLINK_DIAGNOSTIC,CELL_BANDWIDTH_STREAM_RESIDUAL,LATEST_SAFE_AVAILABLE_CELL_BUCKET,START_TIMESTAMP_FOR_INTERVAL,MAX_CELL_UPLINK_DOWNLINK_UNICAST_PLUS_NODE_BASE_DIAGNOSTIC
145000000000,145,edge_central_for_veh_11,veh_11,edge_central,EDGE,9000000000,7661440,0.255,0.25,0.005,pool_rsu_central,rsu_central,rsu_1,region_central_degraded,144,1,7661440,11857152,MIN_RESIDUAL_CELL_UPLINK_DOWNLINK_DIAGNOSTIC,CELL_BANDWIDTH_STREAM_RESIDUAL,LATEST_SAFE_AVAILABLE_CELL_BUCKET,START_TIMESTAMP_FOR_INTERVAL,MAX_CELL_UPLINK_DOWNLINK_UNICAST_PLUS_NODE_BASE_DIAGNOSTIC
145000000000,145,cloud_regional_for_veh_11,veh_11,cloud_regional,CLOUD,100000000000,7661440,0.45,0.25,0.2,pool_rsu_central,rsu_central,rsu_1,region_central_degraded,144,1,7661440,11857152,MIN_RESIDUAL_CELL_UPLINK_DOWNLINK_DIAGNOSTIC,CELL_BANDWIDTH_STREAM_RESIDUAL,LATEST_SAFE_AVAILABLE_CELL_BUCKET,START_TIMESTAMP_FOR_INTERVAL,MAX_CELL_UPLINK_DOWNLINK_UNICAST_PLUS_NODE_BASE_DIAGNOSTIC
146000000000,146,edge_central_for_veh_8,veh_8,edge_central,EDGE,9000000000,7703760,0.255,0.25,0.005,pool_rsu_central,rsu_central,rsu_1,region_central_degraded,145,1,7703760,11875008,MIN_RESIDUAL_CELL_UPLINK_DOWNLINK_DIAGNOSTIC,CELL_BANDWIDTH_STREAM_RESIDUAL,LATEST_SAFE_AVAILABLE_CELL_BUCKET,START_TIMESTAMP_FOR_INTERVAL,MAX_CELL_UPLINK_DOWNLINK_UNICAST_PLUS_NODE_BASE_DIAGNOSTIC
146000000000,146,cloud_regional_for_veh_8,veh_8,cloud_regional,CLOUD,100000000000,7703760,0.45,0.25,0.2,pool_rsu_central,rsu_central,rsu_1,region_central_degraded,145,1,7703760,11875008,MIN_RESIDUAL_CELL_UPLINK_DOWNLINK_DIAGNOSTIC,CELL_BANDWIDTH_STREAM_RESIDUAL,LATEST_SAFE_AVAILABLE_CELL_BUCKET,START_TIMESTAMP_FOR_INTERVAL,MAX_CELL_UPLINK_DOWNLINK_UNICAST_PLUS_NODE_BASE_DIAGNOSTIC
146000000000,146,edge_central_for_veh_9,veh_9,edge_central,EDGE,9000000000,7703760,0.255,0.25,0.005,pool_rsu_central,rsu_central,rsu_1,region_central_degraded,145,1,7703760,11875008,MIN_RESIDUAL_CELL_UPLINK_DOWNLINK_DIAGNOSTIC,CELL_BANDWIDTH_STREAM_RESIDUAL,LATEST_SAFE_AVAILABLE_CELL_BUCKET,START_TIMESTAMP_FOR_INTERVAL,MAX_CELL_UPLINK_DOWNLINK_UNICAST_PLUS_NODE_BASE_DIAGNOSTIC
146000000000,146,cloud_regional_for_veh_9,veh_9,cloud_regional,CLOUD,100000000000,7703760,0.45,0.25,0.2,pool_rsu_central,rsu_central,rsu_1,region_central_degraded,145,1,7703760,11875008,MIN_RESIDUAL_CELL_UPLINK_DOWNLINK_DIAGNOSTIC,CELL_BANDWIDTH_STREAM_RESIDUAL,LATEST_SAFE_AVAILABLE_CELL_BUCKET,START_TIMESTAMP_FOR_INTERVAL,MAX_CELL_UPLINK_DOWNLINK_UNICAST_PLUS_NODE_BASE_DIAGNOSTIC
146000000000,146,edge_central_for_veh_10,veh_10,edge_central,EDGE,9000000000,7703760,0.255,0.25,0.005,pool_rsu_central,rsu_central,rsu_1,region_central_degraded,145,1,7703760,11875008,MIN_RESIDUAL_CELL_UPLINK_DOWNLINK_DIAGNOSTIC,CELL_BANDWIDTH_STREAM_RESIDUAL,LATEST_SAFE_AVAILABLE_CELL_BUCKET,START_TIMESTAMP_FOR_INTERVAL,MAX_CELL_UPLINK_DOWNLINK_UNICAST_PLUS_NODE_BASE_DIAGNOSTIC
146000000000,146,cloud_regional_for_veh_10,veh_10,cloud_regional,CLOUD,100000000000,7703760,0.45,0.25,0.2,pool_rsu_central,rsu_central,rsu_1,region_central_degraded,145,1,7703760,11875008,MIN_RESIDUAL_CELL_UPLINK_DOWNLINK_DIAGNOSTIC,CELL_BANDWIDTH_STREAM_RESIDUAL,LATEST_SAFE_AVAILABLE_CELL_BUCKET,START_TIMESTAMP_FOR_INTERVAL,MAX_CELL_UPLINK_DOWNLINK_UNICAST_PLUS_NODE_BASE_DIAGNOSTIC
146000000000,146,edge_central_for_veh_11,veh_11,edge_central,EDGE,9000000000,7703760,0.255,0.25,0.005,pool_rsu_central,rsu_central,rsu_1,region_central_degraded,145,1,7703760,11875008,MIN_RESIDUAL_CELL_UPLINK_DOWNLINK_DIAGNOSTIC,CELL_BANDWIDTH_STREAM_RESIDUAL,LATEST_SAFE_AVAILABLE_CELL_BUCKET,START_TIMESTAMP_FOR_INTERVAL,MAX_CELL_UPLINK_DOWNLINK_UNICAST_PLUS_NODE_BASE_DIAGNOSTIC
146000000000,146,cloud_regional_for_veh_11,veh_11,cloud_regional,CLOUD,100000000000,7703760,0.45,0.25,0.2,pool_rsu_central,rsu_central,rsu_1,region_central_degraded,145,1,7703760,11875008,MIN_RESIDUAL_CELL_UPLINK_DOWNLINK_DIAGNOSTIC,CELL_BANDWIDTH_STREAM_RESIDUAL,LATEST_SAFE_AVAILABLE_CELL_BUCKET,START_TIMESTAMP_FOR_INTERVAL,MAX_CELL_UPLINK_DOWNLINK_UNICAST_PLUS_NODE_BASE_DIAGNOSTIC
147000000000,147,edge_central_for_veh_8,veh_8,edge_central,EDGE,9000000000,7703760,0.255,0.25,0.005,pool_rsu_central,rsu_central,rsu_1,region_central_degraded,146,1,7703760,11875008,MIN_RESIDUAL_CELL_UPLINK_DOWNLINK_DIAGNOSTIC,CELL_BANDWIDTH_STREAM_RESIDUAL,LATEST_SAFE_AVAILABLE_CELL_BUCKET,START_TIMESTAMP_FOR_INTERVAL,MAX_CELL_UPLINK_DOWNLINK_UNICAST_PLUS_NODE_BASE_DIAGNOSTIC
147000000000,147,cloud_regional_for_veh_8,veh_8,cloud_regional,CLOUD,100000000000,7703760,0.45,0.25,0.2,pool_rsu_central,rsu_central,rsu_1,region_central_degraded,146,1,7703760,11875008,MIN_RESIDUAL_CELL_UPLINK_DOWNLINK_DIAGNOSTIC,CELL_BANDWIDTH_STREAM_RESIDUAL,LATEST_SAFE_AVAILABLE_CELL_BUCKET,START_TIMESTAMP_FOR_INTERVAL,MAX_CELL_UPLINK_DOWNLINK_UNICAST_PLUS_NODE_BASE_DIAGNOSTIC
147000000000,147,edge_central_for_veh_9,veh_9,edge_central,EDGE,9000000000,7703760,0.255,0.25,0.005,pool_rsu_central,rsu_central,rsu_1,region_central_degraded,146,1,7703760,11875008,MIN_RESIDUAL_CELL_UPLINK_DOWNLINK_DIAGNOSTIC,CELL_BANDWIDTH_STREAM_RESIDUAL,LATEST_SAFE_AVAILABLE_CELL_BUCKET,START_TIMESTAMP_FOR_INTERVAL,MAX_CELL_UPLINK_DOWNLINK_UNICAST_PLUS_NODE_BASE_DIAGNOSTIC
147000000000,147,cloud_regional_for_veh_9,veh_9,cloud_regional,CLOUD,100000000000,7703760,0.45,0.25,0.2,pool_rsu_central,rsu_central,rsu_1,region_central_degraded,146,1,7703760,11875008,MIN_RESIDUAL_CELL_UPLINK_DOWNLINK_DIAGNOSTIC,CELL_BANDWIDTH_STREAM_RESIDUAL,LATEST_SAFE_AVAILABLE_CELL_BUCKET,START_TIMESTAMP_FOR_INTERVAL,MAX_CELL_UPLINK_DOWNLINK_UNICAST_PLUS_NODE_BASE_DIAGNOSTIC
147000000000,147,edge_central_for_veh_10,veh_10,edge_central,EDGE,9000000000,7703760,0.255,0.25,0.005,pool_rsu_central,rsu_central,rsu_1,region_central_degraded,146,1,7703760,11875008,MIN_RESIDUAL_CELL_UPLINK_DOWNLINK_DIAGNOSTIC,CELL_BANDWIDTH_STREAM_RESIDUAL,LATEST_SAFE_AVAILABLE_CELL_BUCKET,START_TIMESTAMP_FOR_INTERVAL,MAX_CELL_UPLINK_DOWNLINK_UNICAST_PLUS_NODE_BASE_DIAGNOSTIC
147000000000,147,cloud_regional_for_veh_10,veh_10,cloud_regional,CLOUD,100000000000,7703760,0.45,0.25,0.2,pool_rsu_central,rsu_central,rsu_1,region_central_degraded,146,1,7703760,11875008,MIN_RESIDUAL_CELL_UPLINK_DOWNLINK_DIAGNOSTIC,CELL_BANDWIDTH_STREAM_RESIDUAL,LATEST_SAFE_AVAILABLE_CELL_BUCKET,START_TIMESTAMP_FOR_INTERVAL,MAX_CELL_UPLINK_DOWNLINK_UNICAST_PLUS_NODE_BASE_DIAGNOSTIC
147000000000,147,edge_central_for_veh_11,veh_11,edge_central,EDGE,9000000000,7703760,0.255,0.25,0.005,pool_rsu_central,rsu_central,rsu_1,region_central_degraded,146,1,7703760,11875008,MIN_RESIDUAL_CELL_UPLINK_DOWNLINK_DIAGNOSTIC,CELL_BANDWIDTH_STREAM_RESIDUAL,LATEST_SAFE_AVAILABLE_CELL_BUCKET,START_TIMESTAMP_FOR_INTERVAL,MAX_CELL_UPLINK_DOWNLINK_UNICAST_PLUS_NODE_BASE_DIAGNOSTIC
147000000000,147,cloud_regional_for_veh_11,veh_11,cloud_regional,CLOUD,100000000000,7703760,0.45,0.25,0.2,pool_rsu_central,rsu_central,rsu_1,region_central_degraded,146,1,7703760,11875008,MIN_RESIDUAL_CELL_UPLINK_DOWNLINK_DIAGNOSTIC,CELL_BANDWIDTH_STREAM_RESIDUAL,LATEST_SAFE_AVAILABLE_CELL_BUCKET,START_TIMESTAMP_FOR_INTERVAL,MAX_CELL_UPLINK_DOWNLINK_UNICAST_PLUS_NODE_BASE_DIAGNOSTIC
148000000000,148,edge_central_for_veh_9,veh_9,edge_central,EDGE,9000000000,7661440,0.255,0.25,0.005,pool_rsu_central,rsu_central,rsu_1,region_central_degraded,147,1,7661440,11857152,MIN_RESIDUAL_CELL_UPLINK_DOWNLINK_DIAGNOSTIC,CELL_BANDWIDTH_STREAM_RESIDUAL,LATEST_SAFE_AVAILABLE_CELL_BUCKET,START_TIMESTAMP_FOR_INTERVAL,MAX_CELL_UPLINK_DOWNLINK_UNICAST_PLUS_NODE_BASE_DIAGNOSTIC
148000000000,148,cloud_regional_for_veh_9,veh_9,cloud_regional,CLOUD,100000000000,7661440,0.45,0.25,0.2,pool_rsu_central,rsu_central,rsu_1,region_central_degraded,147,1,7661440,11857152,MIN_RESIDUAL_CELL_UPLINK_DOWNLINK_DIAGNOSTIC,CELL_BANDWIDTH_STREAM_RESIDUAL,LATEST_SAFE_AVAILABLE_CELL_BUCKET,START_TIMESTAMP_FOR_INTERVAL,MAX_CELL_UPLINK_DOWNLINK_UNICAST_PLUS_NODE_BASE_DIAGNOSTIC
148000000000,148,edge_central_for_veh_10,veh_10,edge_central,EDGE,9000000000,7661440,0.255,0.25,0.005,pool_rsu_central,rsu_central,rsu_1,region_central_degraded,147,1,7661440,11857152,MIN_RESIDUAL_CELL_UPLINK_DOWNLINK_DIAGNOSTIC,CELL_BANDWIDTH_STREAM_RESIDUAL,LATEST_SAFE_AVAILABLE_CELL_BUCKET,START_TIMESTAMP_FOR_INTERVAL,MAX_CELL_UPLINK_DOWNLINK_UNICAST_PLUS_NODE_BASE_DIAGNOSTIC
148000000000,148,cloud_regional_for_veh_10,veh_10,cloud_regional,CLOUD,100000000000,7661440,0.45,0.25,0.2,pool_rsu_central,rsu_central,rsu_1,region_central_degraded,147,1,7661440,11857152,MIN_RESIDUAL_CELL_UPLINK_DOWNLINK_DIAGNOSTIC,CELL_BANDWIDTH_STREAM_RESIDUAL,LATEST_SAFE_AVAILABLE_CELL_BUCKET,START_TIMESTAMP_FOR_INTERVAL,MAX_CELL_UPLINK_DOWNLINK_UNICAST_PLUS_NODE_BASE_DIAGNOSTIC
148000000000,148,edge_central_for_veh_11,veh_11,edge_central,EDGE,9000000000,7661440,0.255,0.25,0.005,pool_rsu_central,rsu_central,rsu_1,region_central_degraded,147,1,7661440,11857152,MIN_RESIDUAL_CELL_UPLINK_DOWNLINK_DIAGNOSTIC,CELL_BANDWIDTH_STREAM_RESIDUAL,LATEST_SAFE_AVAILABLE_CELL_BUCKET,START_TIMESTAMP_FOR_INTERVAL,MAX_CELL_UPLINK_DOWNLINK_UNICAST_PLUS_NODE_BASE_DIAGNOSTIC
148000000000,148,cloud_regional_for_veh_11,veh_11,cloud_regional,CLOUD,100000000000,7661440,0.45,0.25,0.2,pool_rsu_central,rsu_central,rsu_1,region_central_degraded,147,1,7661440,11857152,MIN_RESIDUAL_CELL_UPLINK_DOWNLINK_DIAGNOSTIC,CELL_BANDWIDTH_STREAM_RESIDUAL,LATEST_SAFE_AVAILABLE_CELL_BUCKET,START_TIMESTAMP_FOR_INTERVAL,MAX_CELL_UPLINK_DOWNLINK_UNICAST_PLUS_NODE_BASE_DIAGNOSTIC
149000000000,149,edge_central_for_veh_9,veh_9,edge_central,EDGE,9000000000,7703760,0.255,0.25,0.005,pool_rsu_central,rsu_central,rsu_1,region_central_degraded,148,1,7703760,11875008,MIN_RESIDUAL_CELL_UPLINK_DOWNLINK_DIAGNOSTIC,CELL_BANDWIDTH_STREAM_RESIDUAL,LATEST_SAFE_AVAILABLE_CELL_BUCKET,START_TIMESTAMP_FOR_INTERVAL,MAX_CELL_UPLINK_DOWNLINK_UNICAST_PLUS_NODE_BASE_DIAGNOSTIC
149000000000,149,cloud_regional_for_veh_9,veh_9,cloud_regional,CLOUD,100000000000,7703760,0.45,0.25,0.2,pool_rsu_central,rsu_central,rsu_1,region_central_degraded,148,1,7703760,11875008,MIN_RESIDUAL_CELL_UPLINK_DOWNLINK_DIAGNOSTIC,CELL_BANDWIDTH_STREAM_RESIDUAL,LATEST_SAFE_AVAILABLE_CELL_BUCKET,START_TIMESTAMP_FOR_INTERVAL,MAX_CELL_UPLINK_DOWNLINK_UNICAST_PLUS_NODE_BASE_DIAGNOSTIC
149000000000,149,edge_central_for_veh_10,veh_10,edge_central,EDGE,9000000000,7703760,0.255,0.25,0.005,pool_rsu_central,rsu_central,rsu_1,region_central_degraded,148,1,7703760,11875008,MIN_RESIDUAL_CELL_UPLINK_DOWNLINK_DIAGNOSTIC,CELL_BANDWIDTH_STREAM_RESIDUAL,LATEST_SAFE_AVAILABLE_CELL_BUCKET,START_TIMESTAMP_FOR_INTERVAL,MAX_CELL_UPLINK_DOWNLINK_UNICAST_PLUS_NODE_BASE_DIAGNOSTIC
149000000000,149,cloud_regional_for_veh_10,veh_10,cloud_regional,CLOUD,100000000000,7703760,0.45,0.25,0.2,pool_rsu_central,rsu_central,rsu_1,region_central_degraded,148,1,7703760,11875008,MIN_RESIDUAL_CELL_UPLINK_DOWNLINK_DIAGNOSTIC,CELL_BANDWIDTH_STREAM_RESIDUAL,LATEST_SAFE_AVAILABLE_CELL_BUCKET,START_TIMESTAMP_FOR_INTERVAL,MAX_CELL_UPLINK_DOWNLINK_UNICAST_PLUS_NODE_BASE_DIAGNOSTIC
149000000000,149,edge_central_for_veh_11,veh_11,edge_central,EDGE,9000000000,7703760,0.255,0.25,0.005,pool_rsu_central,rsu_central,rsu_1,region_central_degraded,148,1,7703760,11875008,MIN_RESIDUAL_CELL_UPLINK_DOWNLINK_DIAGNOSTIC,CELL_BANDWIDTH_STREAM_RESIDUAL,LATEST_SAFE_AVAILABLE_CELL_BUCKET,START_TIMESTAMP_FOR_INTERVAL,MAX_CELL_UPLINK_DOWNLINK_UNICAST_PLUS_NODE_BASE_DIAGNOSTIC
149000000000,149,cloud_regional_for_veh_11,veh_11,cloud_regional,CLOUD,100000000000,7703760,0.45,0.25,0.2,pool_rsu_central,rsu_central,rsu_1,region_central_degraded,148,1,7703760,11875008,MIN_RESIDUAL_CELL_UPLINK_DOWNLINK_DIAGNOSTIC,CELL_BANDWIDTH_STREAM_RESIDUAL,LATEST_SAFE_AVAILABLE_CELL_BUCKET,START_TIMESTAMP_FOR_INTERVAL,MAX_CELL_UPLINK_DOWNLINK_UNICAST_PLUS_NODE_BASE_DIAGNOSTIC
150000000000,150,edge_central_for_veh_9,veh_9,edge_central,EDGE,9000000000,7703760,0.255,0.25,0.005,pool_rsu_central,rsu_central,rsu_1,region_central_degraded,149,1,7703760,11875008,MIN_RESIDUAL_CELL_UPLINK_DOWNLINK_DIAGNOSTIC,CELL_BANDWIDTH_STREAM_RESIDUAL,LATEST_SAFE_AVAILABLE_CELL_BUCKET,START_TIMESTAMP_FOR_INTERVAL,MAX_CELL_UPLINK_DOWNLINK_UNICAST_PLUS_NODE_BASE_DIAGNOSTIC
150000000000,150,cloud_regional_for_veh_9,veh_9,cloud_regional,CLOUD,100000000000,7703760,0.45,0.25,0.2,pool_rsu_central,rsu_central,rsu_1,region_central_degraded,149,1,7703760,11875008,MIN_RESIDUAL_CELL_UPLINK_DOWNLINK_DIAGNOSTIC,CELL_BANDWIDTH_STREAM_RESIDUAL,LATEST_SAFE_AVAILABLE_CELL_BUCKET,START_TIMESTAMP_FOR_INTERVAL,MAX_CELL_UPLINK_DOWNLINK_UNICAST_PLUS_NODE_BASE_DIAGNOSTIC
150000000000,150,edge_central_for_veh_10,veh_10,edge_central,EDGE,9000000000,7703760,0.255,0.25,0.005,pool_rsu_central,rsu_central,rsu_1,region_central_degraded,149,1,7703760,11875008,MIN_RESIDUAL_CELL_UPLINK_DOWNLINK_DIAGNOSTIC,CELL_BANDWIDTH_STREAM_RESIDUAL,LATEST_SAFE_AVAILABLE_CELL_BUCKET,START_TIMESTAMP_FOR_INTERVAL,MAX_CELL_UPLINK_DOWNLINK_UNICAST_PLUS_NODE_BASE_DIAGNOSTIC
150000000000,150,cloud_regional_for_veh_10,veh_10,cloud_regional,CLOUD,100000000000,7703760,0.45,0.25,0.2,pool_rsu_central,rsu_central,rsu_1,region_central_degraded,149,1,7703760,11875008,MIN_RESIDUAL_CELL_UPLINK_DOWNLINK_DIAGNOSTIC,CELL_BANDWIDTH_STREAM_RESIDUAL,LATEST_SAFE_AVAILABLE_CELL_BUCKET,START_TIMESTAMP_FOR_INTERVAL,MAX_CELL_UPLINK_DOWNLINK_UNICAST_PLUS_NODE_BASE_DIAGNOSTIC
150000000000,150,edge_central_for_veh_11,veh_11,edge_central,EDGE,9000000000,7703760,0.255,0.25,0.005,pool_rsu_central,rsu_central,rsu_1,region_central_degraded,149,1,7703760,11875008,MIN_RESIDUAL_CELL_UPLINK_DOWNLINK_DIAGNOSTIC,CELL_BANDWIDTH_STREAM_RESIDUAL,LATEST_SAFE_AVAILABLE_CELL_BUCKET,START_TIMESTAMP_FOR_INTERVAL,MAX_CELL_UPLINK_DOWNLINK_UNICAST_PLUS_NODE_BASE_DIAGNOSTIC
150000000000,150,cloud_regional_for_veh_11,veh_11,cloud_regional,CLOUD,100000000000,7703760,0.45,0.25,0.2,pool_rsu_central,rsu_central,rsu_1,region_central_degraded,149,1,7703760,11875008,MIN_RESIDUAL_CELL_UPLINK_DOWNLINK_DIAGNOSTIC,CELL_BANDWIDTH_STREAM_RESIDUAL,LATEST_SAFE_AVAILABLE_CELL_BUCKET,START_TIMESTAMP_FOR_INTERVAL,MAX_CELL_UPLINK_DOWNLINK_UNICAST_PLUS_NODE_BASE_DIAGNOSTIC
151000000000,151,edge_central_for_veh_9,veh_9,edge_central,EDGE,9000000000,7703760,0.255,0.25,0.005,pool_rsu_central,rsu_central,rsu_1,region_central_degraded,150,1,7703760,11875008,MIN_RESIDUAL_CELL_UPLINK_DOWNLINK_DIAGNOSTIC,CELL_BANDWIDTH_STREAM_RESIDUAL,LATEST_SAFE_AVAILABLE_CELL_BUCKET,START_TIMESTAMP_FOR_INTERVAL,MAX_CELL_UPLINK_DOWNLINK_UNICAST_PLUS_NODE_BASE_DIAGNOSTIC
151000000000,151,cloud_regional_for_veh_9,veh_9,cloud_regional,CLOUD,100000000000,7703760,0.45,0.25,0.2,pool_rsu_central,rsu_central,rsu_1,region_central_degraded,150,1,7703760,11875008,MIN_RESIDUAL_CELL_UPLINK_DOWNLINK_DIAGNOSTIC,CELL_BANDWIDTH_STREAM_RESIDUAL,LATEST_SAFE_AVAILABLE_CELL_BUCKET,START_TIMESTAMP_FOR_INTERVAL,MAX_CELL_UPLINK_DOWNLINK_UNICAST_PLUS_NODE_BASE_DIAGNOSTIC
151000000000,151,edge_central_for_veh_10,veh_10,edge_central,EDGE,9000000000,7703760,0.255,0.25,0.005,pool_rsu_central,rsu_central,rsu_1,region_central_degraded,150,1,7703760,11875008,MIN_RESIDUAL_CELL_UPLINK_DOWNLINK_DIAGNOSTIC,CELL_BANDWIDTH_STREAM_RESIDUAL,LATEST_SAFE_AVAILABLE_CELL_BUCKET,START_TIMESTAMP_FOR_INTERVAL,MAX_CELL_UPLINK_DOWNLINK_UNICAST_PLUS_NODE_BASE_DIAGNOSTIC
151000000000,151,cloud_regional_for_veh_10,veh_10,cloud_regional,CLOUD,100000000000,7703760,0.45,0.25,0.2,pool_rsu_central,rsu_central,rsu_1,region_central_degraded,150,1,7703760,11875008,MIN_RESIDUAL_CELL_UPLINK_DOWNLINK_DIAGNOSTIC,CELL_BANDWIDTH_STREAM_RESIDUAL,LATEST_SAFE_AVAILABLE_CELL_BUCKET,START_TIMESTAMP_FOR_INTERVAL,MAX_CELL_UPLINK_DOWNLINK_UNICAST_PLUS_NODE_BASE_DIAGNOSTIC
151000000000,151,edge_central_for_veh_11,veh_11,edge_central,EDGE,9000000000,7703760,0.255,0.25,0.005,pool_rsu_central,rsu_central,rsu_1,region_central_degraded,150,1,7703760,11875008,MIN_RESIDUAL_CELL_UPLINK_DOWNLINK_DIAGNOSTIC,CELL_BANDWIDTH_STREAM_RESIDUAL,LATEST_SAFE_AVAILABLE_CELL_BUCKET,START_TIMESTAMP_FOR_INTERVAL,MAX_CELL_UPLINK_DOWNLINK_UNICAST_PLUS_NODE_BASE_DIAGNOSTIC
151000000000,151,cloud_regional_for_veh_11,veh_11,cloud_regional,CLOUD,100000000000,7703760,0.45,0.25,0.2,pool_rsu_central,rsu_central,rsu_1,region_central_degraded,150,1,7703760,11875008,MIN_RESIDUAL_CELL_UPLINK_DOWNLINK_DIAGNOSTIC,CELL_BANDWIDTH_STREAM_RESIDUAL,LATEST_SAFE_AVAILABLE_CELL_BUCKET,START_TIMESTAMP_FOR_INTERVAL,MAX_CELL_UPLINK_DOWNLINK_UNICAST_PLUS_NODE_BASE_DIAGNOSTIC
152000000000,152,edge_central_for_veh_10,veh_10,edge_central,EDGE,9000000000,7703760,0.255,0.25,0.005,pool_rsu_central,rsu_central,rsu_1,region_central_degraded,151,1,7703760,11875008,MIN_RESIDUAL_CELL_UPLINK_DOWNLINK_DIAGNOSTIC,CELL_BANDWIDTH_STREAM_RESIDUAL,LATEST_SAFE_AVAILABLE_CELL_BUCKET,START_TIMESTAMP_FOR_INTERVAL,MAX_CELL_UPLINK_DOWNLINK_UNICAST_PLUS_NODE_BASE_DIAGNOSTIC
152000000000,152,cloud_regional_for_veh_10,veh_10,cloud_regional,CLOUD,100000000000,7703760,0.45,0.25,0.2,pool_rsu_central,rsu_central,rsu_1,region_central_degraded,151,1,7703760,11875008,MIN_RESIDUAL_CELL_UPLINK_DOWNLINK_DIAGNOSTIC,CELL_BANDWIDTH_STREAM_RESIDUAL,LATEST_SAFE_AVAILABLE_CELL_BUCKET,START_TIMESTAMP_FOR_INTERVAL,MAX_CELL_UPLINK_DOWNLINK_UNICAST_PLUS_NODE_BASE_DIAGNOSTIC
152000000000,152,edge_central_for_veh_11,veh_11,edge_central,EDGE,9000000000,7703760,0.255,0.25,0.005,pool_rsu_central,rsu_central,rsu_1,region_central_degraded,151,1,7703760,11875008,MIN_RESIDUAL_CELL_UPLINK_DOWNLINK_DIAGNOSTIC,CELL_BANDWIDTH_STREAM_RESIDUAL,LATEST_SAFE_AVAILABLE_CELL_BUCKET,START_TIMESTAMP_FOR_INTERVAL,MAX_CELL_UPLINK_DOWNLINK_UNICAST_PLUS_NODE_BASE_DIAGNOSTIC
152000000000,152,cloud_regional_for_veh_11,veh_11,cloud_regional,CLOUD,100000000000,7703760,0.45,0.25,0.2,pool_rsu_central,rsu_central,rsu_1,region_central_degraded,151,1,7703760,11875008,MIN_RESIDUAL_CELL_UPLINK_DOWNLINK_DIAGNOSTIC,CELL_BANDWIDTH_STREAM_RESIDUAL,LATEST_SAFE_AVAILABLE_CELL_BUCKET,START_TIMESTAMP_FOR_INTERVAL,MAX_CELL_UPLINK_DOWNLINK_UNICAST_PLUS_NODE_BASE_DIAGNOSTIC
153000000000,153,edge_central_for_veh_10,veh_10,edge_central,EDGE,9000000000,7746080,0.255,0.25,0.005,pool_rsu_central,rsu_central,rsu_1,region_central_degraded,152,1,7746080,11910720,MIN_RESIDUAL_CELL_UPLINK_DOWNLINK_DIAGNOSTIC,CELL_BANDWIDTH_STREAM_RESIDUAL,LATEST_SAFE_AVAILABLE_CELL_BUCKET,START_TIMESTAMP_FOR_INTERVAL,MAX_CELL_UPLINK_DOWNLINK_UNICAST_PLUS_NODE_BASE_DIAGNOSTIC
153000000000,153,cloud_regional_for_veh_10,veh_10,cloud_regional,CLOUD,100000000000,7746080,0.45,0.25,0.2,pool_rsu_central,rsu_central,rsu_1,region_central_degraded,152,1,7746080,11910720,MIN_RESIDUAL_CELL_UPLINK_DOWNLINK_DIAGNOSTIC,CELL_BANDWIDTH_STREAM_RESIDUAL,LATEST_SAFE_AVAILABLE_CELL_BUCKET,START_TIMESTAMP_FOR_INTERVAL,MAX_CELL_UPLINK_DOWNLINK_UNICAST_PLUS_NODE_BASE_DIAGNOSTIC
153000000000,153,edge_central_for_veh_11,veh_11,edge_central,EDGE,9000000000,7746080,0.255,0.25,0.005,pool_rsu_central,rsu_central,rsu_1,region_central_degraded,152,1,7746080,11910720,MIN_RESIDUAL_CELL_UPLINK_DOWNLINK_DIAGNOSTIC,CELL_BANDWIDTH_STREAM_RESIDUAL,LATEST_SAFE_AVAILABLE_CELL_BUCKET,START_TIMESTAMP_FOR_INTERVAL,MAX_CELL_UPLINK_DOWNLINK_UNICAST_PLUS_NODE_BASE_DIAGNOSTIC
153000000000,153,cloud_regional_for_veh_11,veh_11,cloud_regional,CLOUD,100000000000,7746080,0.45,0.25,0.2,pool_rsu_central,rsu_central,rsu_1,region_central_degraded,152,1,7746080,11910720,MIN_RESIDUAL_CELL_UPLINK_DOWNLINK_DIAGNOSTIC,CELL_BANDWIDTH_STREAM_RESIDUAL,LATEST_SAFE_AVAILABLE_CELL_BUCKET,START_TIMESTAMP_FOR_INTERVAL,MAX_CELL_UPLINK_DOWNLINK_UNICAST_PLUS_NODE_BASE_DIAGNOSTIC
154000000000,154,edge_central_for_veh_10,veh_10,edge_central,EDGE,9000000000,7746080,0.255,0.25,0.005,pool_rsu_central,rsu_central,rsu_1,region_central_degraded,153,1,7746080,11946432,MIN_RESIDUAL_CELL_UPLINK_DOWNLINK_DIAGNOSTIC,CELL_BANDWIDTH_STREAM_RESIDUAL,LATEST_SAFE_AVAILABLE_CELL_BUCKET,START_TIMESTAMP_FOR_INTERVAL,MAX_CELL_UPLINK_DOWNLINK_UNICAST_PLUS_NODE_BASE_DIAGNOSTIC
154000000000,154,cloud_regional_for_veh_10,veh_10,cloud_regional,CLOUD,100000000000,7746080,0.45,0.25,0.2,pool_rsu_central,rsu_central,rsu_1,region_central_degraded,153,1,7746080,11946432,MIN_RESIDUAL_CELL_UPLINK_DOWNLINK_DIAGNOSTIC,CELL_BANDWIDTH_STREAM_RESIDUAL,LATEST_SAFE_AVAILABLE_CELL_BUCKET,START_TIMESTAMP_FOR_INTERVAL,MAX_CELL_UPLINK_DOWNLINK_UNICAST_PLUS_NODE_BASE_DIAGNOSTIC
154000000000,154,edge_central_for_veh_11,veh_11,edge_central,EDGE,9000000000,7746080,0.255,0.25,0.005,pool_rsu_central,rsu_central,rsu_1,region_central_degraded,153,1,7746080,11946432,MIN_RESIDUAL_CELL_UPLINK_DOWNLINK_DIAGNOSTIC,CELL_BANDWIDTH_STREAM_RESIDUAL,LATEST_SAFE_AVAILABLE_CELL_BUCKET,START_TIMESTAMP_FOR_INTERVAL,MAX_CELL_UPLINK_DOWNLINK_UNICAST_PLUS_NODE_BASE_DIAGNOSTIC
154000000000,154,cloud_regional_for_veh_11,veh_11,cloud_regional,CLOUD,100000000000,7746080,0.45,0.25,0.2,pool_rsu_central,rsu_central,rsu_1,region_central_degraded,153,1,7746080,11946432,MIN_RESIDUAL_CELL_UPLINK_DOWNLINK_DIAGNOSTIC,CELL_BANDWIDTH_STREAM_RESIDUAL,LATEST_SAFE_AVAILABLE_CELL_BUCKET,START_TIMESTAMP_FOR_INTERVAL,MAX_CELL_UPLINK_DOWNLINK_UNICAST_PLUS_NODE_BASE_DIAGNOSTIC
155000000000,155,edge_central_for_veh_10,veh_10,edge_central,EDGE,9000000000,7746080,0.255,0.25,0.005,pool_rsu_central,rsu_central,rsu_1,region_central_degraded,154,1,7746080,11892864,MIN_RESIDUAL_CELL_UPLINK_DOWNLINK_DIAGNOSTIC,CELL_BANDWIDTH_STREAM_RESIDUAL,LATEST_SAFE_AVAILABLE_CELL_BUCKET,START_TIMESTAMP_FOR_INTERVAL,MAX_CELL_UPLINK_DOWNLINK_UNICAST_PLUS_NODE_BASE_DIAGNOSTIC
155000000000,155,cloud_regional_for_veh_10,veh_10,cloud_regional,CLOUD,100000000000,7746080,0.45,0.25,0.2,pool_rsu_central,rsu_central,rsu_1,region_central_degraded,154,1,7746080,11892864,MIN_RESIDUAL_CELL_UPLINK_DOWNLINK_DIAGNOSTIC,CELL_BANDWIDTH_STREAM_RESIDUAL,LATEST_SAFE_AVAILABLE_CELL_BUCKET,START_TIMESTAMP_FOR_INTERVAL,MAX_CELL_UPLINK_DOWNLINK_UNICAST_PLUS_NODE_BASE_DIAGNOSTIC
155000000000,155,edge_central_for_veh_11,veh_11,edge_central,EDGE,9000000000,7746080,0.255,0.25,0.005,pool_rsu_central,rsu_central,rsu_1,region_central_degraded,154,1,7746080,11892864,MIN_RESIDUAL_CELL_UPLINK_DOWNLINK_DIAGNOSTIC,CELL_BANDWIDTH_STREAM_RESIDUAL,LATEST_SAFE_AVAILABLE_CELL_BUCKET,START_TIMESTAMP_FOR_INTERVAL,MAX_CELL_UPLINK_DOWNLINK_UNICAST_PLUS_NODE_BASE_DIAGNOSTIC
155000000000,155,cloud_regional_for_veh_11,veh_11,cloud_regional,CLOUD,100000000000,7746080,0.45,0.25,0.2,pool_rsu_central,rsu_central,rsu_1,region_central_degraded,154,1,7746080,11892864,MIN_RESIDUAL_CELL_UPLINK_DOWNLINK_DIAGNOSTIC,CELL_BANDWIDTH_STREAM_RESIDUAL,LATEST_SAFE_AVAILABLE_CELL_BUCKET,START_TIMESTAMP_FOR_INTERVAL,MAX_CELL_UPLINK_DOWNLINK_UNICAST_PLUS_NODE_BASE_DIAGNOSTIC
156000000000,156,edge_central_for_veh_11,veh_11,edge_central,EDGE,9000000000,7746080,0.255,0.25,0.005,pool_rsu_central,rsu_central,rsu_1,region_central_degraded,155,1,7746080,11892864,MIN_RESIDUAL_CELL_UPLINK_DOWNLINK_DIAGNOSTIC,CELL_BANDWIDTH_STREAM_RESIDUAL,LATEST_SAFE_AVAILABLE_CELL_BUCKET,START_TIMESTAMP_FOR_INTERVAL,MAX_CELL_UPLINK_DOWNLINK_UNICAST_PLUS_NODE_BASE_DIAGNOSTIC
156000000000,156,cloud_regional_for_veh_11,veh_11,cloud_regional,CLOUD,100000000000,7746080,0.45,0.25,0.2,pool_rsu_central,rsu_central,rsu_1,region_central_degraded,155,1,7746080,11892864,MIN_RESIDUAL_CELL_UPLINK_DOWNLINK_DIAGNOSTIC,CELL_BANDWIDTH_STREAM_RESIDUAL,LATEST_SAFE_AVAILABLE_CELL_BUCKET,START_TIMESTAMP_FOR_INTERVAL,MAX_CELL_UPLINK_DOWNLINK_UNICAST_PLUS_NODE_BASE_DIAGNOSTIC
157000000000,157,edge_central_for_veh_11,veh_11,edge_central,EDGE,9000000000,7830720,0.255,0.25,0.005,pool_rsu_central,rsu_central,rsu_1,region_central_degraded,156,1,7830720,11928576,MIN_RESIDUAL_CELL_UPLINK_DOWNLINK_DIAGNOSTIC,CELL_BANDWIDTH_STREAM_RESIDUAL,LATEST_SAFE_AVAILABLE_CELL_BUCKET,START_TIMESTAMP_FOR_INTERVAL,MAX_CELL_UPLINK_DOWNLINK_UNICAST_PLUS_NODE_BASE_DIAGNOSTIC
157000000000,157,cloud_regional_for_veh_11,veh_11,cloud_regional,CLOUD,100000000000,7830720,0.45,0.25,0.2,pool_rsu_central,rsu_central,rsu_1,region_central_degraded,156,1,7830720,11928576,MIN_RESIDUAL_CELL_UPLINK_DOWNLINK_DIAGNOSTIC,CELL_BANDWIDTH_STREAM_RESIDUAL,LATEST_SAFE_AVAILABLE_CELL_BUCKET,START_TIMESTAMP_FOR_INTERVAL,MAX_CELL_UPLINK_DOWNLINK_UNICAST_PLUS_NODE_BASE_DIAGNOSTIC
158000000000,158,edge_central_for_veh_11,veh_11,edge_central,EDGE,9000000000,7830720,0.255,0.25,0.005,pool_rsu_central,rsu_central,rsu_1,region_central_degraded,157,1,7830720,11946432,MIN_RESIDUAL_CELL_UPLINK_DOWNLINK_DIAGNOSTIC,CELL_BANDWIDTH_STREAM_RESIDUAL,LATEST_SAFE_AVAILABLE_CELL_BUCKET,START_TIMESTAMP_FOR_INTERVAL,MAX_CELL_UPLINK_DOWNLINK_UNICAST_PLUS_NODE_BASE_DIAGNOSTIC
158000000000,158,cloud_regional_for_veh_11,veh_11,cloud_regional,CLOUD,100000000000,7830720,0.45,0.25,0.2,pool_rsu_central,rsu_central,rsu_1,region_central_degraded,157,1,7830720,11946432,MIN_RESIDUAL_CELL_UPLINK_DOWNLINK_DIAGNOSTIC,CELL_BANDWIDTH_STREAM_RESIDUAL,LATEST_SAFE_AVAILABLE_CELL_BUCKET,START_TIMESTAMP_FOR_INTERVAL,MAX_CELL_UPLINK_DOWNLINK_UNICAST_PLUS_NODE_BASE_DIAGNOSTIC
159000000000,159,edge_central_for_veh_11,veh_11,edge_central,EDGE,9000000000,7788400,0.255,0.25,0.005,pool_rsu_central,rsu_central,rsu_1,region_central_degraded,158,1,7788400,11910720,MIN_RESIDUAL_CELL_UPLINK_DOWNLINK_DIAGNOSTIC,CELL_BANDWIDTH_STREAM_RESIDUAL,LATEST_SAFE_AVAILABLE_CELL_BUCKET,START_TIMESTAMP_FOR_INTERVAL,MAX_CELL_UPLINK_DOWNLINK_UNICAST_PLUS_NODE_BASE_DIAGNOSTIC
159000000000,159,cloud_regional_for_veh_11,veh_11,cloud_regional,CLOUD,100000000000,7788400,0.45,0.25,0.2,pool_rsu_central,rsu_central,rsu_1,region_central_degraded,158,1,7788400,11910720,MIN_RESIDUAL_CELL_UPLINK_DOWNLINK_DIAGNOSTIC,CELL_BANDWIDTH_STREAM_RESIDUAL,LATEST_SAFE_AVAILABLE_CELL_BUCKET,START_TIMESTAMP_FOR_INTERVAL,MAX_CELL_UPLINK_DOWNLINK_UNICAST_PLUS_NODE_BASE_DIAGNOSTIC
