timeNs,timeSeconds,bandwidthPoolId,vehicleA,vehicleB,poolType,availableBandwidth,bandwidthSource,poolPolicy
11000000000,11,pool_v2v_veh_0_veh_1,veh_0,veh_1,DIRECT_V2V,10000000,DIAGNOSTIC_SYNTHETIC_VALUE,ONE_SHARED_POOL_PER_UNORDERED_PAIR
12000000000,12,pool_v2v_veh_0_veh_1,veh_0,veh_1,DIRECT_V2V,10000000,DIAGNOSTIC_SYNTHETIC_VALUE,ONE_SHARED_POOL_PER_UNORDERED_PAIR
13000000000,13,pool_v2v_veh_0_veh_1,veh_0,veh_1,DIRECT_V2V,10000000,DIAGNOSTIC_SYNTHETIC_VALUE,ONE_SHARED_POOL_PER_UNORDERED_PAIR
14000000000,14,pool_v2v_veh_0_veh_1,veh_0,veh_1,DIRECT_V2V,10000000,DIAGNOSTIC_SYNTHETIC_VALUE,ONE_SHARED_POOL_PER_UNORDERED_PAIR
15000000000,15,pool_v2v_veh_0_veh_1,veh_0,veh_1,DIRECT_V2V,10000000,DIAGNOSTIC_SYNTHETIC_VALUE,ONE_SHARED_POOL_PER_UNORDERED_PAIR
15000000000,15,pool_v2v_veh_0_veh_2,veh_0,veh_2,DIRECT_V2V,10000000,DIAGNOSTIC_SYNTHETIC_VALUE,ONE_SHARED_POOL_PER_UNORDERED_PAIR
15000000000,15,pool_v2v_veh_1_veh_2,veh_1,veh_2,DIRECT_V2V,10000000,DIAGNOSTIC_SYNTHETIC_VALUE,ONE_SHARED_POOL_PER_UNORDERED_PAIR
16000000000,16,pool_v2v_veh_0_veh_1,veh_0,veh_1,DIRECT_V2V,10000000,DIAGNOSTIC_SYNTHETIC_VALUE,ONE_SHARED_POOL_PER_UNORDERED_PAIR
16000000000,16,pool_v2v_veh_0_veh_2,veh_0,veh_2,DIRECT_V2V,10000000,DIAGNOSTIC_SYNTHETIC_VALUE,ONE_SHARED_POOL_PER_UNORDERED_PAIR
16000000000,16,pool_v2v_veh_1_veh_2,veh_1,veh_2,DIRECT_V2V,10000000,DIAGNOSTIC_SYNTHETIC_VALUE,ONE_SHARED_POOL_PER_UNORDERED_PAIR
17000000000,17,pool_v2v_veh_0_veh_1,veh_0,veh_1,DIRECT_V2V,10000000,DIAGNOSTIC_SYNTHETIC_VALUE,ONE_SHARED_POOL_PER_UNORDERED_PAIR
17000000000,17,pool_v2v_veh_0_veh_2,veh_0,veh_2,DIRECT_V2V,10000000,DIAGNOSTIC_SYNTHETIC_VALUE,ONE_SHARED_POOL_PER_UNORDERED_PAIR
17000000000,17,pool_v2v_veh_1_veh_2,veh_1,veh_2,DIRECT_V2V,10000000,DIAGNOSTIC_SYNTHETIC_VALUE,ONE_SHARED_POOL_PER_UNORDERED_PAIR
18000000000,18,pool_v2v_veh_0_veh_1,veh_0,veh_1,DIRECT_V2V,10000000,DIAGNOSTIC_SYNTHETIC_VALUE,ONE_SHARED_POOL_PER_UNORDERED_PAIR
18000000000,18,pool_v2v_veh_0_veh_2,veh_0,veh_2,DIRECT_V2V,10000000,DIAGNOSTIC_SYNTHETIC_VALUE,ONE_SHARED_POOL_PER_UNORDERED_PAIR
18000000000,18,pool_v2v_veh_1_veh_2,veh_1,veh_2,DIRECT_V2V,10000000,DIAGNOSTIC_SYNTHETIC_VALUE,ONE_SHARED_POOL_PER_UNORDERED_PAIR
19000000000,19,pool_v2v_veh_0_veh_1,veh_0,veh_1,DIRECT_V2V,10000000,DIAGNOSTIC_SYNTHETIC_VALUE,ONE_SHARED_POOL_PER_UNORDERED_PAIR
19000000000,19,pool_v2v_veh_0_veh_2,veh_0,veh_2,DIRECT_V2V,10000000,DIAGNOSTIC_SYNTHETIC_VALUE,ONE_SHARED_POOL_PER_UNORDERED_PAIR
19000000000,19,pool_v2v_veh_0_veh_3,veh_0,veh_3,DIRECT_V2V,10000000,DIAGNOSTIC_SYNTHETIC_VALUE,ONE_SHARED_POOL_PER_UNORDERED_PAIR
19000000000,19,pool_v2v_veh_1_veh_2,veh_1,veh_2,DIRECT_V2V,10000000,DIAGNOSTIC_SYNTHETIC_VALUE,ONE_SHARED_POOL_PER_UNORDERED_PAIR
19000000000,19,pool_v2v_veh_1_veh_3,veh_1,veh_3,DIRECT_V2V,10000000,DIAGNOSTIC_SYNTHETIC_VALUE,ONE_SHARED_POOL_PER_UNORDERED_PAIR
19000000000,19,pool_v2v_veh_2_veh_3,veh_2,veh_3,DIRECT_V2V,10000000,DIAGNOSTIC_SYNTHETIC_VALUE,ONE_SHARED_POOL_PER_UNORDERED_PAIR
20000000000,20,pool_v2v_veh_0_veh_1,veh_0,veh_1,DIRECT_V2V,10000000,DIAGNOSTIC_SYNTHETIC_VALUE,ONE_SHARED_POOL_PER_UNORDERED_PAIR
20000000000,20,pool_v2v_veh_0_veh_2,veh_0,veh_2,DIRECT_V2V,10000000,DIAGNOSTIC_SYNTHETIC_VALUE,ONE_SHARED_POOL_PER_UNORDERED_PAIR
20000000000,20,pool_v2v_veh_0_veh_3,veh_0,veh_3,DIRECT_V2V,10000000,DIAGNOSTIC_SYNTHETIC_VALUE,ONE_SHARED_POOL_PER_UNORDERED_PAIR
20000000000,20,pool_v2v_veh_1_veh_2,veh_1,veh_2,DIRECT_V2V,10000000,DIAGNOSTIC_SYNTHETIC_VALUE,ONE_SHARED_POOL_PER_UNORDERED_PAIR
20000000000,20,pool_v2v_veh_1_veh_3,veh_1,veh_3,DIRECT_V2V,10000000,DIAGNOSTIC_SYNTHETIC_VALUE,ONE_SHARED_POOL_PER_UNORDERED_PAIR
20000000000,20,pool_v2v_veh_2_veh_3,veh_2,veh_3,DIRECT_V2V,10000000,DIAGNOSTIC_SYNTHETIC_VALUE,ONE_SHARED_POOL_PER_UNORDERED_PAIR
21000000000,21,pool_v2v_veh_0_veh_1,veh_0,veh_1,DIRECT_V2V,10000000,DIAGNOSTIC_SYNTHETIC_VALUE,ONE_SHARED_POOL_PER_UNORDERED_PAIR
21000000000,21,pool_v2v_veh_0_veh_2,veh_0,veh_2,DIRECT_V2V,10000000,DIAGNOSTIC_SYNTHETIC_VALUE,ONE_SHARED_POOL_PER_UNORDERED_PAIR
21000000000,21,pool_v2v_veh_0_veh_3,veh_0,veh_3,DIRECT_V2V,10000000,DIAGNOSTIC_SYNTHETIC_VALUE,ONE_SHARED_POOL_PER_UNORDERED_PAIR
21000000000,21,pool_v2v_veh_1_veh_2,veh_1,veh_2,DIRECT_V2V,10000000,DIAGNOSTIC_SYNTHETIC_VALUE,ONE_SHARED_POOL_PER_UNORDERED_PAIR
21000000000,21,pool_v2v_veh_1_veh_3,veh_1,veh_3,DIRECT_V2V,10000000,DIAGNOSTIC_SYNTHETIC_VALUE,ONE_SHARED_POOL_PER_UNORDERED_PAIR
21000000000,21,pool_v2v_veh_2_veh_3,veh_2,veh_3,DIRECT_V2V,10000000,DIAGNOSTIC_SYNTHETIC_VALUE,ONE_SHARED_POOL_PER_UNORDERED_PAIR
22000000000,22,pool_v2v_veh_0_veh_1,veh_0,veh_1,DIRECT_V2V,10000000,DIAGNOSTIC_SYNTHETIC_VALUE,ONE_SHARED_POOL_PER_UNORDERED_PAIR
22000000000,22,pool_v2v_veh_0_veh_2,veh_0,veh_2,DIRECT_V2V,10000000,DIAGNOSTIC_SYNTHETIC_VALUE,ONE_SHARED_POOL_PER_UNORDERED_PAIR
22000000000,22,pool_v2v_veh_0_veh_3,veh_0,veh_3,DIRECT_V2V,10000000,DIAGNOSTIC_SYNTHETIC_VALUE,ONE_SHARED_POOL_PER_UNORDERED_PAIR
22000000000,22,pool_v2v_veh_1_veh_2,veh_1,veh_2,DIRECT_V2V,10000000,DIAGNOSTIC_SYNTHETIC_VALUE,ONE_SHARED_POOL_PER_UNORDERED_PAIR
22000000000,22,pool_v2v_veh_1_veh_3,veh_1,veh_3,DIRECT_V2V,10000000,DIAGNOSTIC_SYNTHETIC_VALUE,ONE_SHARED_POOL_PER_UNORDERED_PAIR
22000000000,22,pool_v2v_veh_2_veh_3,veh_2,veh_3,DIRECT_V2V,10000000,DIAGNOSTIC_SYNTHETIC_VALUE,ONE_SHARED_POOL_PER_UNORDERED_PAIR
23000000000,23,pool_v2v_veh_0_veh_1,veh_0,veh_1,DIRECT_V2V,10000000,DIAGNOSTIC_SYNTHETIC_VALUE,ONE_SHARED_POOL_PER_UNORDERED_PAIR
23000000000,23,pool_v2v_veh_0_veh_2,veh_0,veh_2,DIRECT_V2V,10000000,DIAGNOSTIC_SYNTHETIC_VALUE,ONE_SHARED_POOL_PER_UNORDERED_PAIR
23000000000,23,pool_v2v_veh_0_veh_3,veh_0,veh_3,DIRECT_V2V,10000000,DIAGNOSTIC_SYNTHETIC_VALUE,ONE_SHARED_POOL_PER_UNORDERED_PAIR
23000000000,23,pool_v2v_veh_0_veh_4,veh_0,veh_4,DIRECT_V2V,10000000,DIAGNOSTIC_SYNTHETIC_VALUE,ONE_SHARED_POOL_PER_UNORDERED_PAIR
23000000000,23,pool_v2v_veh_1_veh_2,veh_1,veh_2,DIRECT_V2V,10000000,DIAGNOSTIC_SYNTHETIC_VALUE,ONE_SHARED_POOL_PER_UNORDERED_PAIR
23000000000,23,pool_v2v_veh_1_veh_3,veh_1,veh_3,DIRECT_V2V,10000000,DIAGNOSTIC_SYNTHETIC_VALUE,ONE_SHARED_POOL_PER_UNORDERED_PAIR
23000000000,23,pool_v2v_veh_1_veh_4,veh_1,veh_4,DIRECT_V2V,10000000,DIAGNOSTIC_SYNTHETIC_VALUE,ONE_SHARED_POOL_PER_UNORDERED_PAIR
23000000000,23,pool_v2v_veh_2_veh_3,veh_2,veh_3,DIRECT_V2V,10000000,DIAGNOSTIC_SYNTHETIC_VALUE,ONE_SHARED_POOL_PER_UNORDERED_PAIR
23000000000,23,pool_v2v_veh_2_veh_4,veh_2,veh_4,DIRECT_V2V,10000000,DIAGNOSTIC_SYNTHETIC_VALUE,ONE_SHARED_POOL_PER_UNORDERED_PAIR
23000000000,23,pool_v2v_veh_3_veh_4,veh_3,veh_4,DIRECT_V2V,10000000,DIAGNOSTIC_SYNTHETIC_VALUE,ONE_SHARED_POOL_PER_UNORDERED_PAIR
24000000000,24,pool_v2v_veh_0_veh_1,veh_0,veh_1,DIRECT_V2V,10000000,DIAGNOSTIC_SYNTHETIC_VALUE,ONE_SHARED_POOL_PER_UNORDERED_PAIR
24000000000,24,pool_v2v_veh_0_veh_2,veh_0,veh_2,DIRECT_V2V,10000000,DIAGNOSTIC_SYNTHETIC_VALUE,ONE_SHARED_POOL_PER_UNORDERED_PAIR
24000000000,24,pool_v2v_veh_0_veh_3,veh_0,veh_3,DIRECT_V2V,10000000,DIAGNOSTIC_SYNTHETIC_VALUE,ONE_SHARED_POOL_PER_UNORDERED_PAIR
24000000000,24,pool_v2v_veh_0_veh_4,veh_0,veh_4,DIRECT_V2V,10000000,DIAGNOSTIC_SYNTHETIC_VALUE,ONE_SHARED_POOL_PER_UNORDERED_PAIR
24000000000,24,pool_v2v_veh_1_veh_2,veh_1,veh_2,DIRECT_V2V,10000000,DIAGNOSTIC_SYNTHETIC_VALUE,ONE_SHARED_POOL_PER_UNORDERED_PAIR
24000000000,24,pool_v2v_veh_1_veh_3,veh_1,veh_3,DIRECT_V2V,10000000,DIAGNOSTIC_SYNTHETIC_VALUE,ONE_SHARED_POOL_PER_UNORDERED_PAIR
24000000000,24,pool_v2v_veh_1_veh_4,veh_1,veh_4,DIRECT_V2V,10000000,DIAGNOSTIC_SYNTHETIC_VALUE,ONE_SHARED_POOL_PER_UNORDERED_PAIR
24000000000,24,pool_v2v_veh_2_veh_3,veh_2,veh_3,DIRECT_V2V,10000000,DIAGNOSTIC_SYNTHETIC_VALUE,ONE_SHARED_POOL_PER_UNORDERED_PAIR
24000000000,24,pool_v2v_veh_2_veh_4,veh_2,veh_4,DIRECT_V2V,10000000,DIAGNOSTIC_SYNTHETIC_VALUE,ONE_SHARED_POOL_PER_UNORDERED_PAIR
24000000000,24,pool_v2v_veh_3_veh_4,veh_3,veh_4,DIRECT_V2V,10000000,DIAGNOSTIC_SYNTHETIC_VALUE,ONE_SHARED_POOL_PER_UNORDERED_PAIR
25000000000,25,pool_v2v_veh_0_veh_1,veh_0,veh_1,DIRECT_V2V,10000000,DIAGNOSTIC_SYNTHETIC_VALUE,ONE_SHARED_POOL_PER_UNORDERED_PAIR
25000000000,25,pool_v2v_veh_0_veh_2,veh_0,veh_2,DIRECT_V2V,10000000,DIAGNOSTIC_SYNTHETIC_VALUE,ONE_SHARED_POOL_PER_UNORDERED_PAIR
25000000000,25,pool_v2v_veh_0_veh_3,veh_0,veh_3,DIRECT_V2V,10000000,DIAGNOSTIC_SYNTHETIC_VALUE,ONE_SHARED_POOL_PER_UNORDERED_PAIR
25000000000,25,pool_v2v_veh_0_veh_4,veh_0,veh_4,DIRECT_V2V,10000000,DIAGNOSTIC_SYNTHETIC_VALUE,ONE_SHARED_POOL_PER_UNORDERED_PAIR
25000000000,25,pool_v2v_veh_1_veh_2,veh_1,veh_2,DIRECT_V2V,10000000,DIAGNOSTIC_SYNTHETIC_VALUE,ONE_SHARED_POOL_PER_UNORDERED_PAIR
25000000000,25,pool_v2v_veh_1_veh_3,veh_1,veh_3,DIRECT_V2V,10000000,DIAGNOSTIC_SYNTHETIC_VALUE,ONE_SHARED_POOL_PER_UNORDERED_PAIR
25000000000,25,pool_v2v_veh_1_veh_4,veh_1,veh_4,DIRECT_V2V,10000000,DIAGNOSTIC_SYNTHETIC_VALUE,ONE_SHARED_POOL_PER_UNORDERED_PAIR
25000000000,25,pool_v2v_veh_2_veh_3,veh_2,veh_3,DIRECT_V2V,10000000,DIAGNOSTIC_SYNTHETIC_VALUE,ONE_SHARED_POOL_PER_UNORDERED_PAIR
25000000000,25,pool_v2v_veh_2_veh_4,veh_2,veh_4,DIRECT_V2V,10000000,DIAGNOSTIC_SYNTHETIC_VALUE,ONE_SHARED_POOL_PER_UNORDERED_PAIR
25000000000,25,pool_v2v_veh_3_veh_4,veh_3,veh_4,DIRECT_V2V,10000000,DIAGNOSTIC_SYNTHETIC_VALUE,ONE_SHARED_POOL_PER_UNORDERED_PAIR
26000000000,26,pool_v2v_veh_0_veh_1,veh_0,veh_1,DIRECT_V2V,10000000,DIAGNOSTIC_SYNTHETIC_VALUE,ONE_SHARED_POOL_PER_UNORDERED_PAIR
26000000000,26,pool_v2v_veh_0_veh_2,veh_0,veh_2,DIRECT_V2V,10000000,DIAGNOSTIC_SYNTHETIC_VALUE,ONE_SHARED_POOL_PER_UNORDERED_PAIR
26000000000,26,pool_v2v_veh_0_veh_3,veh_0,veh_3,DIRECT_V2V,10000000,DIAGNOSTIC_SYNTHETIC_VALUE,ONE_SHARED_POOL_PER_UNORDERED_PAIR
26000000000,26,pool_v2v_veh_0_veh_4,veh_0,veh_4,DIRECT_V2V,10000000,DIAGNOSTIC_SYNTHETIC_VALUE,ONE_SHARED_POOL_PER_UNORDERED_PAIR
26000000000,26,pool_v2v_veh_1_veh_2,veh_1,veh_2,DIRECT_V2V,10000000,DIAGNOSTIC_SYNTHETIC_VALUE,ONE_SHARED_POOL_PER_UNORDERED_PAIR
26000000000,26,pool_v2v_veh_1_veh_3,veh_1,veh_3,DIRECT_V2V,10000000,DIAGNOSTIC_SYNTHETIC_VALUE,ONE_SHARED_POOL_PER_UNORDERED_PAIR
26000000000,26,pool_v2v_veh_1_veh_4,veh_1,veh_4,DIRECT_V2V,10000000,DIAGNOSTIC_SYNTHETIC_VALUE,ONE_SHARED_POOL_PER_UNORDERED_PAIR
26000000000,26,pool_v2v_veh_2_veh_3,veh_2,veh_3,DIRECT_V2V,10000000,DIAGNOSTIC_SYNTHETIC_VALUE,ONE_SHARED_POOL_PER_UNORDERED_PAIR
26000000000,26,pool_v2v_veh_2_veh_4,veh_2,veh_4,DIRECT_V2V,10000000,DIAGNOSTIC_SYNTHETIC_VALUE,ONE_SHARED_POOL_PER_UNORDERED_PAIR
26000000000,26,pool_v2v_veh_3_veh_4,veh_3,veh_4,DIRECT_V2V,10000000,DIAGNOSTIC_SYNTHETIC_VALUE,ONE_SHARED_POOL_PER_UNORDERED_PAIR
27000000000,27,pool_v2v_veh_0_veh_1,veh_0,veh_1,DIRECT_V2V,10000000,DIAGNOSTIC_SYNTHETIC_VALUE,ONE_SHARED_POOL_PER_UNORDERED_PAIR
27000000000,27,pool_v2v_veh_0_veh_2,veh_0,veh_2,DIRECT_V2V,10000000,DIAGNOSTIC_SYNTHETIC_VALUE,ONE_SHARED_POOL_PER_UNORDERED_PAIR
27000000000,27,pool_v2v_veh_0_veh_3,veh_0,veh_3,DIRECT_V2V,10000000,DIAGNOSTIC_SYNTHETIC_VALUE,ONE_SHARED_POOL_PER_UNORDERED_PAIR
27000000000,27,pool_v2v_veh_0_veh_4,veh_0,veh_4,DIRECT_V2V,10000000,DIAGNOSTIC_SYNTHETIC_VALUE,ONE_SHARED_POOL_PER_UNORDERED_PAIR
27000000000,27,pool_v2v_veh_0_veh_5,veh_0,veh_5,DIRECT_V2V,10000000,DIAGNOSTIC_SYNTHETIC_VALUE,ONE_SHARED_POOL_PER_UNORDERED_PAIR
27000000000,27,pool_v2v_veh_1_veh_2,veh_1,veh_2,DIRECT_V2V,10000000,DIAGNOSTIC_SYNTHETIC_VALUE,ONE_SHARED_POOL_PER_UNORDERED_PAIR
27000000000,27,pool_v2v_veh_1_veh_3,veh_1,veh_3,DIRECT_V2V,10000000,DIAGNOSTIC_SYNTHETIC_VALUE,ONE_SHARED_POOL_PER_UNORDERED_PAIR
27000000000,27,pool_v2v_veh_1_veh_4,veh_1,veh_4,DIRECT_V2V,10000000,DIAGNOSTIC_SYNTHETIC_VALUE,ONE_SHARED_POOL_PER_UNORDERED_PAIR
27000000000,27,pool_v2v_veh_1_veh_5,veh_1,veh_5,DIRECT_V2V,10000000,DIAGNOSTIC_SYNTHETIC_VALUE,ONE_SHARED_POOL_PER_UNORDERED_PAIR
27000000000,27,pool_v2v_veh_2_veh_3,veh_2,veh_3,DIRECT_V2V,10000000,DIAGNOSTIC_SYNTHETIC_VALUE,ONE_SHARED_POOL_PER_UNORDERED_PAIR
27000000000,27,pool_v2v_veh_2_veh_4,veh_2,veh_4,DIRECT_V2V,10000000,DIAGNOSTIC_SYNTHETIC_VALUE,ONE_SHARED_POOL_PER_UNORDERED_PAIR
27000000000,27,pool_v2v_veh_2_veh_5,veh_2,veh_5,DIRECT_V2V,10000000,DIAGNOSTIC_SYNTHETIC_VALUE,ONE_SHARED_POOL_PER_UNORDERED_PAIR
27000000000,27,pool_v2v_veh_3_veh_4,veh_3,veh_4,DIRECT_V2V,10000000,DIAGNOSTIC_SYNTHETIC_VALUE,ONE_SHARED_POOL_PER_UNORDERED_PAIR
27000000000,27,pool_v2v_veh_3_veh_5,veh_3,veh_5,DIRECT_V2V,10000000,DIAGNOSTIC_SYNTHETIC_VALUE,ONE_SHARED_POOL_PER_UNORDERED_PAIR
27000000000,27,pool_v2v_veh_4_veh_5,veh_4,veh_5,DIRECT_V2V,10000000,DIAGNOSTIC_SYNTHETIC_VALUE,ONE_SHARED_POOL_PER_UNORDERED_PAIR
28000000000,28,pool_v2v_veh_0_veh_1,veh_0,veh_1,DIRECT_V2V,10000000,DIAGNOSTIC_SYNTHETIC_VALUE,ONE_SHARED_POOL_PER_UNORDERED_PAIR
28000000000,28,pool_v2v_veh_0_veh_2,veh_0,veh_2,DIRECT_V2V,10000000,DIAGNOSTIC_SYNTHETIC_VALUE,ONE_SHARED_POOL_PER_UNORDERED_PAIR
28000000000,28,pool_v2v_veh_0_veh_3,veh_0,veh_3,DIRECT_V2V,10000000,DIAGNOSTIC_SYNTHETIC_VALUE,ONE_SHARED_POOL_PER_UNORDERED_PAIR
28000000000,28,pool_v2v_veh_0_veh_4,veh_0,veh_4,DIRECT_V2V,10000000,DIAGNOSTIC_SYNTHETIC_VALUE,ONE_SHARED_POOL_PER_UNORDERED_PAIR
28000000000,28,pool_v2v_veh_0_veh_5,veh_0,veh_5,DIRECT_V2V,10000000,DIAGNOSTIC_SYNTHETIC_VALUE,ONE_SHARED_POOL_PER_UNORDERED_PAIR
28000000000,28,pool_v2v_veh_1_veh_2,veh_1,veh_2,DIRECT_V2V,10000000,DIAGNOSTIC_SYNTHETIC_VALUE,ONE_SHARED_POOL_PER_UNORDERED_PAIR
28000000000,28,pool_v2v_veh_1_veh_3,veh_1,veh_3,DIRECT_V2V,10000000,DIAGNOSTIC_SYNTHETIC_VALUE,ONE_SHARED_POOL_PER_UNORDERED_PAIR
28000000000,28,pool_v2v_veh_1_veh_4,veh_1,veh_4,DIRECT_V2V,10000000,DIAGNOSTIC_SYNTHETIC_VALUE,ONE_SHARED_POOL_PER_UNORDERED_PAIR
28000000000,28,pool_v2v_veh_1_veh_5,veh_1,veh_5,DIRECT_V2V,10000000,DIAGNOSTIC_SYNTHETIC_VALUE,ONE_SHARED_POOL_PER_UNORDERED_PAIR
28000000000,28,pool_v2v_veh_2_veh_3,veh_2,veh_3,DIRECT_V2V,10000000,DIAGNOSTIC_SYNTHETIC_VALUE,ONE_SHARED_POOL_PER_UNORDERED_PAIR
28000000000,28,pool_v2v_veh_2_veh_4,veh_2,veh_4,DIRECT_V2V,10000000,DIAGNOSTIC_SYNTHETIC_VALUE,ONE_SHARED_POOL_PER_UNORDERED_PAIR
28000000000,28,pool_v2v_veh_2_veh_5,veh_2,veh_5,DIRECT_V2V,10000000,DIAGNOSTIC_SYNTHETIC_VALUE,ONE_SHARED_POOL_PER_UNORDERED_PAIR
28000000000,28,pool_v2v_veh_3_veh_4,veh_3,veh_4,DIRECT_V2V,10000000,DIAGNOSTIC_SYNTHETIC_VALUE,ONE_SHARED_POOL_PER_UNORDERED_PAIR
28000000000,28,pool_v2v_veh_3_veh_5,veh_3,veh_5,DIRECT_V2V,10000000,DIAGNOSTIC_SYNTHETIC_VALUE,ONE_SHARED_POOL_PER_UNORDERED_PAIR
28000000000,28,pool_v2v_veh_4_veh_5,veh_4,veh_5,DIRECT_V2V,10000000,DIAGNOSTIC_SYNTHETIC_VALUE,ONE_SHARED_POOL_PER_UNORDERED_PAIR
29000000000,29,pool_v2v_veh_0_veh_1,veh_0,veh_1,DIRECT_V2V,10000000,DIAGNOSTIC_SYNTHETIC_VALUE,ONE_SHARED_POOL_PER_UNORDERED_PAIR
29000000000,29,pool_v2v_veh_0_veh_2,veh_0,veh_2,DIRECT_V2V,10000000,DIAGNOSTIC_SYNTHETIC_VALUE,ONE_SHARED_POOL_PER_UNORDERED_PAIR
29000000000,29,pool_v2v_veh_0_veh_3,veh_0,veh_3,DIRECT_V2V,10000000,DIAGNOSTIC_SYNTHETIC_VALUE,ONE_SHARED_POOL_PER_UNORDERED_PAIR
29000000000,29,pool_v2v_veh_0_veh_4,veh_0,veh_4,DIRECT_V2V,10000000,DIAGNOSTIC_SYNTHETIC_VALUE,ONE_SHARED_POOL_PER_UNORDERED_PAIR
29000000000,29,pool_v2v_veh_1_veh_2,veh_1,veh_2,DIRECT_V2V,10000000,DIAGNOSTIC_SYNTHETIC_VALUE,ONE_SHARED_POOL_PER_UNORDERED_PAIR
29000000000,29,pool_v2v_veh_1_veh_3,veh_1,veh_3,DIRECT_V2V,10000000,DIAGNOSTIC_SYNTHETIC_VALUE,ONE_SHARED_POOL_PER_UNORDERED_PAIR
29000000000,29,pool_v2v_veh_1_veh_4,veh_1,veh_4,DIRECT_V2V,10000000,DIAGNOSTIC_SYNTHETIC_VALUE,ONE_SHARED_POOL_PER_UNORDERED_PAIR
29000000000,29,pool_v2v_veh_1_veh_5,veh_1,veh_5,DIRECT_V2V,10000000,DIAGNOSTIC_SYNTHETIC_VALUE,ONE_SHARED_POOL_PER_UNORDERED_PAIR
29000000000,29,pool_v2v_veh_2_veh_3,veh_2,veh_3,DIRECT_V2V,10000000,DIAGNOSTIC_SYNTHETIC_VALUE,ONE_SHARED_POOL_PER_UNORDERED_PAIR
29000000000,29,pool_v2v_veh_2_veh_4,veh_2,veh_4,DIRECT_V2V,10000000,DIAGNOSTIC_SYNTHETIC_VALUE,ONE_SHARED_POOL_PER_UNORDERED_PAIR
29000000000,29,pool_v2v_veh_2_veh_5,veh_2,veh_5,DIRECT_V2V,10000000,DIAGNOSTIC_SYNTHETIC_VALUE,ONE_SHARED_POOL_PER_UNORDERED_PAIR
29000000000,29,pool_v2v_veh_3_veh_4,veh_3,veh_4,DIRECT_V2V,10000000,DIAGNOSTIC_SYNTHETIC_VALUE,ONE_SHARED_POOL_PER_UNORDERED_PAIR
29000000000,29,pool_v2v_veh_3_veh_5,veh_3,veh_5,DIRECT_V2V,10000000,DIAGNOSTIC_SYNTHETIC_VALUE,ONE_SHARED_POOL_PER_UNORDERED_PAIR
29000000000,29,pool_v2v_veh_4_veh_5,veh_4,veh_5,DIRECT_V2V,10000000,DIAGNOSTIC_SYNTHETIC_VALUE,ONE_SHARED_POOL_PER_UNORDERED_PAIR
30000000000,30,pool_v2v_veh_0_veh_1,veh_0,veh_1,DIRECT_V2V,10000000,DIAGNOSTIC_SYNTHETIC_VALUE,ONE_SHARED_POOL_PER_UNORDERED_PAIR
30000000000,30,pool_v2v_veh_0_veh_2,veh_0,veh_2,DIRECT_V2V,10000000,DIAGNOSTIC_SYNTHETIC_VALUE,ONE_SHARED_POOL_PER_UNORDERED_PAIR
30000000000,30,pool_v2v_veh_0_veh_3,veh_0,veh_3,DIRECT_V2V,10000000,DIAGNOSTIC_SYNTHETIC_VALUE,ONE_SHARED_POOL_PER_UNORDERED_PAIR
30000000000,30,pool_v2v_veh_0_veh_4,veh_0,veh_4,DIRECT_V2V,10000000,DIAGNOSTIC_SYNTHETIC_VALUE,ONE_SHARED_POOL_PER_UNORDERED_PAIR
30000000000,30,pool_v2v_veh_1_veh_2,veh_1,veh_2,DIRECT_V2V,10000000,DIAGNOSTIC_SYNTHETIC_VALUE,ONE_SHARED_POOL_PER_UNORDERED_PAIR
30000000000,30,pool_v2v_veh_1_veh_3,veh_1,veh_3,DIRECT_V2V,10000000,DIAGNOSTIC_SYNTHETIC_VALUE,ONE_SHARED_POOL_PER_UNORDERED_PAIR
30000000000,30,pool_v2v_veh_1_veh_4,veh_1,veh_4,DIRECT_V2V,10000000,DIAGNOSTIC_SYNTHETIC_VALUE,ONE_SHARED_POOL_PER_UNORDERED_PAIR
30000000000,30,pool_v2v_veh_1_veh_5,veh_1,veh_5,DIRECT_V2V,10000000,DIAGNOSTIC_SYNTHETIC_VALUE,ONE_SHARED_POOL_PER_UNORDERED_PAIR
30000000000,30,pool_v2v_veh_2_veh_3,veh_2,veh_3,DIRECT_V2V,10000000,DIAGNOSTIC_SYNTHETIC_VALUE,ONE_SHARED_POOL_PER_UNORDERED_PAIR
30000000000,30,pool_v2v_veh_2_veh_4,veh_2,veh_4,DIRECT_V2V,10000000,DIAGNOSTIC_SYNTHETIC_VALUE,ONE_SHARED_POOL_PER_UNORDERED_PAIR
30000000000,30,pool_v2v_veh_2_veh_5,veh_2,veh_5,DIRECT_V2V,10000000,DIAGNOSTIC_SYNTHETIC_VALUE,ONE_SHARED_POOL_PER_UNORDERED_PAIR
30000000000,30,pool_v2v_veh_3_veh_4,veh_3,veh_4,DIRECT_V2V,10000000,DIAGNOSTIC_SYNTHETIC_VALUE,ONE_SHARED_POOL_PER_UNORDERED_PAIR
30000000000,30,pool_v2v_veh_3_veh_5,veh_3,veh_5,DIRECT_V2V,10000000,DIAGNOSTIC_SYNTHETIC_VALUE,ONE_SHARED_POOL_PER_UNORDERED_PAIR
30000000000,30,pool_v2v_veh_4_veh_5,veh_4,veh_5,DIRECT_V2V,10000000,DIAGNOSTIC_SYNTHETIC_VALUE,ONE_SHARED_POOL_PER_UNORDERED_PAIR
31000000000,31,pool_v2v_veh_0_veh_1,veh_0,veh_1,DIRECT_V2V,10000000,DIAGNOSTIC_SYNTHETIC_VALUE,ONE_SHARED_POOL_PER_UNORDERED_PAIR
31000000000,31,pool_v2v_veh_0_veh_2,veh_0,veh_2,DIRECT_V2V,10000000,DIAGNOSTIC_SYNTHETIC_VALUE,ONE_SHARED_POOL_PER_UNORDERED_PAIR
31000000000,31,pool_v2v_veh_0_veh_3,veh_0,veh_3,DIRECT_V2V,10000000,DIAGNOSTIC_SYNTHETIC_VALUE,ONE_SHARED_POOL_PER_UNORDERED_PAIR
31000000000,31,pool_v2v_veh_0_veh_4,veh_0,veh_4,DIRECT_V2V,10000000,DIAGNOSTIC_SYNTHETIC_VALUE,ONE_SHARED_POOL_PER_UNORDERED_PAIR
31000000000,31,pool_v2v_veh_1_veh_2,veh_1,veh_2,DIRECT_V2V,10000000,DIAGNOSTIC_SYNTHETIC_VALUE,ONE_SHARED_POOL_PER_UNORDERED_PAIR
31000000000,31,pool_v2v_veh_1_veh_3,veh_1,veh_3,DIRECT_V2V,10000000,DIAGNOSTIC_SYNTHETIC_VALUE,ONE_SHARED_POOL_PER_UNORDERED_PAIR
31000000000,31,pool_v2v_veh_1_veh_4,veh_1,veh_4,DIRECT_V2V,10000000,DIAGNOSTIC_SYNTHETIC_VALUE,ONE_SHARED_POOL_PER_UNORDERED_PAIR
31000000000,31,pool_v2v_veh_1_veh_5,veh_1,veh_5,DIRECT_V2V,10000000,DIAGNOSTIC_SYNTHETIC_VALUE,ONE_SHARED_POOL_PER_UNORDERED_PAIR
31000000000,31,pool_v2v_veh_1_veh_6,veh_1,veh_6,DIRECT_V2V,10000000,DIAGNOSTIC_SYNTHETIC_VALUE,ONE_SHARED_POOL_PER_UNORDERED_PAIR
31000000000,31,pool_v2v_veh_2_veh_3,veh_2,veh_3,DIRECT_V2V,10000000,DIAGNOSTIC_SYNTHETIC_VALUE,ONE_SHARED_POOL_PER_UNORDERED_PAIR
31000000000,31,pool_v2v_veh_2_veh_4,veh_2,veh_4,DIRECT_V2V,10000000,DIAGNOSTIC_SYNTHETIC_VALUE,ONE_SHARED_POOL_PER_UNORDERED_PAIR
31000000000,31,pool_v2v_veh_2_veh_5,veh_2,veh_5,DIRECT_V2V,10000000,DIAGNOSTIC_SYNTHETIC_VALUE,ONE_SHARED_POOL_PER_UNORDERED_PAIR
31000000000,31,pool_v2v_veh_2_veh_6,veh_2,veh_6,DIRECT_V2V,10000000,DIAGNOSTIC_SYNTHETIC_VALUE,ONE_SHARED_POOL_PER_UNORDERED_PAIR
31000000000,31,pool_v2v_veh_3_veh_4,veh_3,veh_4,DIRECT_V2V,10000000,DIAGNOSTIC_SYNTHETIC_VALUE,ONE_SHARED_POOL_PER_UNORDERED_PAIR
31000000000,31,pool_v2v_veh_3_veh_5,veh_3,veh_5,DIRECT_V2V,10000000,DIAGNOSTIC_SYNTHETIC_VALUE,ONE_SHARED_POOL_PER_UNORDERED_PAIR
31000000000,31,pool_v2v_veh_3_veh_6,veh_3,veh_6,DIRECT_V2V,10000000,DIAGNOSTIC_SYNTHETIC_VALUE,ONE_SHARED_POOL_PER_UNORDERED_PAIR
31000000000,31,pool_v2v_veh_4_veh_5,veh_4,veh_5,DIRECT_V2V,10000000,DIAGNOSTIC_SYNTHETIC_VALUE,ONE_SHARED_POOL_PER_UNORDERED_PAIR
31000000000,31,pool_v2v_veh_4_veh_6,veh_4,veh_6,DIRECT_V2V,10000000,DIAGNOSTIC_SYNTHETIC_VALUE,ONE_SHARED_POOL_PER_UNORDERED_PAIR
31000000000,31,pool_v2v_veh_5_veh_6,veh_5,veh_6,DIRECT_V2V,10000000,DIAGNOSTIC_SYNTHETIC_VALUE,ONE_SHARED_POOL_PER_UNORDERED_PAIR
32000000000,32,pool_v2v_veh_0_veh_1,veh_0,veh_1,DIRECT_V2V,10000000,DIAGNOSTIC_SYNTHETIC_VALUE,ONE_SHARED_POOL_PER_UNORDERED_PAIR
32000000000,32,pool_v2v_veh_0_veh_2,veh_0,veh_2,DIRECT_V2V,10000000,DIAGNOSTIC_SYNTHETIC_VALUE,ONE_SHARED_POOL_PER_UNORDERED_PAIR
32000000000,32,pool_v2v_veh_0_veh_3,veh_0,veh_3,DIRECT_V2V,10000000,DIAGNOSTIC_SYNTHETIC_VALUE,ONE_SHARED_POOL_PER_UNORDERED_PAIR
32000000000,32,pool_v2v_veh_0_veh_4,veh_0,veh_4,DIRECT_V2V,10000000,DIAGNOSTIC_SYNTHETIC_VALUE,ONE_SHARED_POOL_PER_UNORDERED_PAIR
32000000000,32,pool_v2v_veh_1_veh_2,veh_1,veh_2,DIRECT_V2V,10000000,DIAGNOSTIC_SYNTHETIC_VALUE,ONE_SHARED_POOL_PER_UNORDERED_PAIR
32000000000,32,pool_v2v_veh_1_veh_3,veh_1,veh_3,DIRECT_V2V,10000000,DIAGNOSTIC_SYNTHETIC_VALUE,ONE_SHARED_POOL_PER_UNORDERED_PAIR
32000000000,32,pool_v2v_veh_1_veh_4,veh_1,veh_4,DIRECT_V2V,10000000,DIAGNOSTIC_SYNTHETIC_VALUE,ONE_SHARED_POOL_PER_UNORDERED_PAIR
32000000000,32,pool_v2v_veh_1_veh_5,veh_1,veh_5,DIRECT_V2V,10000000,DIAGNOSTIC_SYNTHETIC_VALUE,ONE_SHARED_POOL_PER_UNORDERED_PAIR
32000000000,32,pool_v2v_veh_1_veh_6,veh_1,veh_6,DIRECT_V2V,10000000,DIAGNOSTIC_SYNTHETIC_VALUE,ONE_SHARED_POOL_PER_UNORDERED_PAIR
32000000000,32,pool_v2v_veh_2_veh_3,veh_2,veh_3,DIRECT_V2V,10000000,DIAGNOSTIC_SYNTHETIC_VALUE,ONE_SHARED_POOL_PER_UNORDERED_PAIR
32000000000,32,pool_v2v_veh_2_veh_4,veh_2,veh_4,DIRECT_V2V,10000000,DIAGNOSTIC_SYNTHETIC_VALUE,ONE_SHARED_POOL_PER_UNORDERED_PAIR
32000000000,32,pool_v2v_veh_2_veh_5,veh_2,veh_5,DIRECT_V2V,10000000,DIAGNOSTIC_SYNTHETIC_VALUE,ONE_SHARED_POOL_PER_UNORDERED_PAIR
32000000000,32,pool_v2v_veh_2_veh_6,veh_2,veh_6,DIRECT_V2V,10000000,DIAGNOSTIC_SYNTHETIC_VALUE,ONE_SHARED_POOL_PER_UNORDERED_PAIR
32000000000,32,pool_v2v_veh_3_veh_4,veh_3,veh_4,DIRECT_V2V,10000000,DIAGNOSTIC_SYNTHETIC_VALUE,ONE_SHARED_POOL_PER_UNORDERED_PAIR
32000000000,32,pool_v2v_veh_3_veh_5,veh_3,veh_5,DIRECT_V2V,10000000,DIAGNOSTIC_SYNTHETIC_VALUE,ONE_SHARED_POOL_PER_UNORDERED_PAIR
32000000000,32,pool_v2v_veh_3_veh_6,veh_3,veh_6,DIRECT_V2V,10000000,DIAGNOSTIC_SYNTHETIC_VALUE,ONE_SHARED_POOL_PER_UNORDERED_PAIR
32000000000,32,pool_v2v_veh_4_veh_5,veh_4,veh_5,DIRECT_V2V,10000000,DIAGNOSTIC_SYNTHETIC_VALUE,ONE_SHARED_POOL_PER_UNORDERED_PAIR
32000000000,32,pool_v2v_veh_4_veh_6,veh_4,veh_6,DIRECT_V2V,10000000,DIAGNOSTIC_SYNTHETIC_VALUE,ONE_SHARED_POOL_PER_UNORDERED_PAIR
32000000000,32,pool_v2v_veh_5_veh_6,veh_5,veh_6,DIRECT_V2V,10000000,DIAGNOSTIC_SYNTHETIC_VALUE,ONE_SHARED_POOL_PER_UNORDERED_PAIR
33000000000,33,pool_v2v_veh_0_veh_1,veh_0,veh_1,DIRECT_V2V,10000000,DIAGNOSTIC_SYNTHETIC_VALUE,ONE_SHARED_POOL_PER_UNORDERED_PAIR
33000000000,33,pool_v2v_veh_0_veh_2,veh_0,veh_2,DIRECT_V2V,10000000,DIAGNOSTIC_SYNTHETIC_VALUE,ONE_SHARED_POOL_PER_UNORDERED_PAIR
33000000000,33,pool_v2v_veh_0_veh_3,veh_0,veh_3,DIRECT_V2V,10000000,DIAGNOSTIC_SYNTHETIC_VALUE,ONE_SHARED_POOL_PER_UNORDERED_PAIR
33000000000,33,pool_v2v_veh_0_veh_4,veh_0,veh_4,DIRECT_V2V,10000000,DIAGNOSTIC_SYNTHETIC_VALUE,ONE_SHARED_POOL_PER_UNORDERED_PAIR
33000000000,33,pool_v2v_veh_1_veh_2,veh_1,veh_2,DIRECT_V2V,10000000,DIAGNOSTIC_SYNTHETIC_VALUE,ONE_SHARED_POOL_PER_UNORDERED_PAIR
33000000000,33,pool_v2v_veh_1_veh_3,veh_1,veh_3,DIRECT_V2V,10000000,DIAGNOSTIC_SYNTHETIC_VALUE,ONE_SHARED_POOL_PER_UNORDERED_PAIR
33000000000,33,pool_v2v_veh_1_veh_4,veh_1,veh_4,DIRECT_V2V,10000000,DIAGNOSTIC_SYNTHETIC_VALUE,ONE_SHARED_POOL_PER_UNORDERED_PAIR
33000000000,33,pool_v2v_veh_1_veh_5,veh_1,veh_5,DIRECT_V2V,10000000,DIAGNOSTIC_SYNTHETIC_VALUE,ONE_SHARED_POOL_PER_UNORDERED_PAIR
33000000000,33,pool_v2v_veh_1_veh_6,veh_1,veh_6,DIRECT_V2V,10000000,DIAGNOSTIC_SYNTHETIC_VALUE,ONE_SHARED_POOL_PER_UNORDERED_PAIR
33000000000,33,pool_v2v_veh_2_veh_3,veh_2,veh_3,DIRECT_V2V,10000000,DIAGNOSTIC_SYNTHETIC_VALUE,ONE_SHARED_POOL_PER_UNORDERED_PAIR
33000000000,33,pool_v2v_veh_2_veh_4,veh_2,veh_4,DIRECT_V2V,10000000,DIAGNOSTIC_SYNTHETIC_VALUE,ONE_SHARED_POOL_PER_UNORDERED_PAIR
33000000000,33,pool_v2v_veh_2_veh_5,veh_2,veh_5,DIRECT_V2V,10000000,DIAGNOSTIC_SYNTHETIC_VALUE,ONE_SHARED_POOL_PER_UNORDERED_PAIR
33000000000,33,pool_v2v_veh_2_veh_6,veh_2,veh_6,DIRECT_V2V,10000000,DIAGNOSTIC_SYNTHETIC_VALUE,ONE_SHARED_POOL_PER_UNORDERED_PAIR
33000000000,33,pool_v2v_veh_3_veh_4,veh_3,veh_4,DIRECT_V2V,10000000,DIAGNOSTIC_SYNTHETIC_VALUE,ONE_SHARED_POOL_PER_UNORDERED_PAIR
33000000000,33,pool_v2v_veh_3_veh_5,veh_3,veh_5,DIRECT_V2V,10000000,DIAGNOSTIC_SYNTHETIC_VALUE,ONE_SHARED_POOL_PER_UNORDERED_PAIR
33000000000,33,pool_v2v_veh_3_veh_6,veh_3,veh_6,DIRECT_V2V,10000000,DIAGNOSTIC_SYNTHETIC_VALUE,ONE_SHARED_POOL_PER_UNORDERED_PAIR
33000000000,33,pool_v2v_veh_4_veh_5,veh_4,veh_5,DIRECT_V2V,10000000,DIAGNOSTIC_SYNTHETIC_VALUE,ONE_SHARED_POOL_PER_UNORDERED_PAIR
33000000000,33,pool_v2v_veh_4_veh_6,veh_4,veh_6,DIRECT_V2V,10000000,DIAGNOSTIC_SYNTHETIC_VALUE,ONE_SHARED_POOL_PER_UNORDERED_PAIR
33000000000,33,pool_v2v_veh_5_veh_6,veh_5,veh_6,DIRECT_V2V,10000000,DIAGNOSTIC_SYNTHETIC_VALUE,ONE_SHARED_POOL_PER_UNORDERED_PAIR
34000000000,34,pool_v2v_veh_0_veh_1,veh_0,veh_1,DIRECT_V2V,10000000,DIAGNOSTIC_SYNTHETIC_VALUE,ONE_SHARED_POOL_PER_UNORDERED_PAIR
34000000000,34,pool_v2v_veh_0_veh_2,veh_0,veh_2,DIRECT_V2V,10000000,DIAGNOSTIC_SYNTHETIC_VALUE,ONE_SHARED_POOL_PER_UNORDERED_PAIR
34000000000,34,pool_v2v_veh_0_veh_3,veh_0,veh_3,DIRECT_V2V,10000000,DIAGNOSTIC_SYNTHETIC_VALUE,ONE_SHARED_POOL_PER_UNORDERED_PAIR
34000000000,34,pool_v2v_veh_0_veh_4,veh_0,veh_4,DIRECT_V2V,10000000,DIAGNOSTIC_SYNTHETIC_VALUE,ONE_SHARED_POOL_PER_UNORDERED_PAIR
34000000000,34,pool_v2v_veh_1_veh_2,veh_1,veh_2,DIRECT_V2V,10000000,DIAGNOSTIC_SYNTHETIC_VALUE,ONE_SHARED_POOL_PER_UNORDERED_PAIR
34000000000,34,pool_v2v_veh_1_veh_3,veh_1,veh_3,DIRECT_V2V,10000000,DIAGNOSTIC_SYNTHETIC_VALUE,ONE_SHARED_POOL_PER_UNORDERED_PAIR
34000000000,34,pool_v2v_veh_1_veh_4,veh_1,veh_4,DIRECT_V2V,10000000,DIAGNOSTIC_SYNTHETIC_VALUE,ONE_SHARED_POOL_PER_UNORDERED_PAIR
34000000000,34,pool_v2v_veh_1_veh_5,veh_1,veh_5,DIRECT_V2V,10000000,DIAGNOSTIC_SYNTHETIC_VALUE,ONE_SHARED_POOL_PER_UNORDERED_PAIR
34000000000,34,pool_v2v_veh_1_veh_6,veh_1,veh_6,DIRECT_V2V,10000000,DIAGNOSTIC_SYNTHETIC_VALUE,ONE_SHARED_POOL_PER_UNORDERED_PAIR
34000000000,34,pool_v2v_veh_2_veh_3,veh_2,veh_3,DIRECT_V2V,10000000,DIAGNOSTIC_SYNTHETIC_VALUE,ONE_SHARED_POOL_PER_UNORDERED_PAIR
34000000000,34,pool_v2v_veh_2_veh_4,veh_2,veh_4,DIRECT_V2V,10000000,DIAGNOSTIC_SYNTHETIC_VALUE,ONE_SHARED_POOL_PER_UNORDERED_PAIR
34000000000,34,pool_v2v_veh_2_veh_5,veh_2,veh_5,DIRECT_V2V,10000000,DIAGNOSTIC_SYNTHETIC_VALUE,ONE_SHARED_POOL_PER_UNORDERED_PAIR
34000000000,34,pool_v2v_veh_2_veh_6,veh_2,veh_6,DIRECT_V2V,10000000,DIAGNOSTIC_SYNTHETIC_VALUE,ONE_SHARED_POOL_PER_UNORDERED_PAIR
34000000000,34,pool_v2v_veh_3_veh_4,veh_3,veh_4,DIRECT_V2V,10000000,DIAGNOSTIC_SYNTHETIC_VALUE,ONE_SHARED_POOL_PER_UNORDERED_PAIR
34000000000,34,pool_v2v_veh_3_veh_5,veh_3,veh_5,DIRECT_V2V,10000000,DIAGNOSTIC_SYNTHETIC_VALUE,ONE_SHARED_POOL_PER_UNORDERED_PAIR
34000000000,34,pool_v2v_veh_3_veh_6,veh_3,veh_6,DIRECT_V2V,10000000,DIAGNOSTIC_SYNTHETIC_VALUE,ONE_SHARED_POOL_PER_UNORDERED_PAIR
34000000000,34,pool_v2v_veh_4_veh_5,veh_4,veh_5,DIRECT_V2V,10000000,DIAGNOSTIC_SYNTHETIC_VALUE,ONE_SHARED_POOL_PER_UNORDERED_PAIR
34000000000,34,pool_v2v_veh_4_veh_6,veh_4,veh_6,DIRECT_V2V,10000000,DIAGNOSTIC_SYNTHETIC_VALUE,ONE_SHARED_POOL_PER_UNORDERED_PAIR
34000000000,34,pool_v2v_veh_5_veh_6,veh_5,veh_6,DIRECT_V2V,10000000,DIAGNOSTIC_SYNTHETIC_VALUE,ONE_SHARED_POOL_PER_UNORDERED_PAIR
35000000000,35,pool_v2v_veh_0_veh_1,veh_0,veh_1,DIRECT_V2V,10000000,DIAGNOSTIC_SYNTHETIC_VALUE,ONE_SHARED_POOL_PER_UNORDERED_PAIR
35000000000,35,pool_v2v_veh_0_veh_2,veh_0,veh_2,DIRECT_V2V,10000000,DIAGNOSTIC_SYNTHETIC_VALUE,ONE_SHARED_POOL_PER_UNORDERED_PAIR
35000000000,35,pool_v2v_veh_0_veh_3,veh_0,veh_3,DIRECT_V2V,10000000,DIAGNOSTIC_SYNTHETIC_VALUE,ONE_SHARED_POOL_PER_UNORDERED_PAIR
35000000000,35,pool_v2v_veh_0_veh_4,veh_0,veh_4,DIRECT_V2V,10000000,DIAGNOSTIC_SYNTHETIC_VALUE,ONE_SHARED_POOL_PER_UNORDERED_PAIR
35000000000,35,pool_v2v_veh_1_veh_2,veh_1,veh_2,DIRECT_V2V,10000000,DIAGNOSTIC_SYNTHETIC_VALUE,ONE_SHARED_POOL_PER_UNORDERED_PAIR
35000000000,35,pool_v2v_veh_1_veh_3,veh_1,veh_3,DIRECT_V2V,10000000,DIAGNOSTIC_SYNTHETIC_VALUE,ONE_SHARED_POOL_PER_UNORDERED_PAIR
35000000000,35,pool_v2v_veh_1_veh_4,veh_1,veh_4,DIRECT_V2V,10000000,DIAGNOSTIC_SYNTHETIC_VALUE,ONE_SHARED_POOL_PER_UNORDERED_PAIR
35000000000,35,pool_v2v_veh_1_veh_5,veh_1,veh_5,DIRECT_V2V,10000000,DIAGNOSTIC_SYNTHETIC_VALUE,ONE_SHARED_POOL_PER_UNORDERED_PAIR
35000000000,35,pool_v2v_veh_1_veh_6,veh_1,veh_6,DIRECT_V2V,10000000,DIAGNOSTIC_SYNTHETIC_VALUE,ONE_SHARED_POOL_PER_UNORDERED_PAIR
35000000000,35,pool_v2v_veh_2_veh_3,veh_2,veh_3,DIRECT_V2V,10000000,DIAGNOSTIC_SYNTHETIC_VALUE,ONE_SHARED_POOL_PER_UNORDERED_PAIR
35000000000,35,pool_v2v_veh_2_veh_4,veh_2,veh_4,DIRECT_V2V,10000000,DIAGNOSTIC_SYNTHETIC_VALUE,ONE_SHARED_POOL_PER_UNORDERED_PAIR
35000000000,35,pool_v2v_veh_2_veh_5,veh_2,veh_5,DIRECT_V2V,10000000,DIAGNOSTIC_SYNTHETIC_VALUE,ONE_SHARED_POOL_PER_UNORDERED_PAIR
35000000000,35,pool_v2v_veh_2_veh_6,veh_2,veh_6,DIRECT_V2V,10000000,DIAGNOSTIC_SYNTHETIC_VALUE,ONE_SHARED_POOL_PER_UNORDERED_PAIR
35000000000,35,pool_v2v_veh_2_veh_7,veh_2,veh_7,DIRECT_V2V,10000000,DIAGNOSTIC_SYNTHETIC_VALUE,ONE_SHARED_POOL_PER_UNORDERED_PAIR
35000000000,35,pool_v2v_veh_3_veh_4,veh_3,veh_4,DIRECT_V2V,10000000,DIAGNOSTIC_SYNTHETIC_VALUE,ONE_SHARED_POOL_PER_UNORDERED_PAIR
35000000000,35,pool_v2v_veh_3_veh_5,veh_3,veh_5,DIRECT_V2V,10000000,DIAGNOSTIC_SYNTHETIC_VALUE,ONE_SHARED_POOL_PER_UNORDERED_PAIR
35000000000,35,pool_v2v_veh_3_veh_6,veh_3,veh_6,DIRECT_V2V,10000000,DIAGNOSTIC_SYNTHETIC_VALUE,ONE_SHARED_POOL_PER_UNORDERED_PAIR
35000000000,35,pool_v2v_veh_3_veh_7,veh_3,veh_7,DIRECT_V2V,10000000,DIAGNOSTIC_SYNTHETIC_VALUE,ONE_SHARED_POOL_PER_UNORDERED_PAIR
35000000000,35,pool_v2v_veh_4_veh_5,veh_4,veh_5,DIRECT_V2V,10000000,DIAGNOSTIC_SYNTHETIC_VALUE,ONE_SHARED_POOL_PER_UNORDERED_PAIR
35000000000,35,pool_v2v_veh_4_veh_6,veh_4,veh_6,DIRECT_V2V,10000000,DIAGNOSTIC_SYNTHETIC_VALUE,ONE_SHARED_POOL_PER_UNORDERED_PAIR
35000000000,35,pool_v2v_veh_4_veh_7,veh_4,veh_7,DIRECT_V2V,10000000,DIAGNOSTIC_SYNTHETIC_VALUE,ONE_SHARED_POOL_PER_UNORDERED_PAIR
35000000000,35,pool_v2v_veh_5_veh_6,veh_5,veh_6,DIRECT_V2V,10000000,DIAGNOSTIC_SYNTHETIC_VALUE,ONE_SHARED_POOL_PER_UNORDERED_PAIR
35000000000,35,pool_v2v_veh_5_veh_7,veh_5,veh_7,DIRECT_V2V,10000000,DIAGNOSTIC_SYNTHETIC_VALUE,ONE_SHARED_POOL_PER_UNORDERED_PAIR
35000000000,35,pool_v2v_veh_6_veh_7,veh_6,veh_7,DIRECT_V2V,10000000,DIAGNOSTIC_SYNTHETIC_VALUE,ONE_SHARED_POOL_PER_UNORDERED_PAIR
36000000000,36,pool_v2v_veh_0_veh_1,veh_0,veh_1,DIRECT_V2V,10000000,DIAGNOSTIC_SYNTHETIC_VALUE,ONE_SHARED_POOL_PER_UNORDERED_PAIR
36000000000,36,pool_v2v_veh_0_veh_2,veh_0,veh_2,DIRECT_V2V,10000000,DIAGNOSTIC_SYNTHETIC_VALUE,ONE_SHARED_POOL_PER_UNORDERED_PAIR
36000000000,36,pool_v2v_veh_0_veh_3,veh_0,veh_3,DIRECT_V2V,10000000,DIAGNOSTIC_SYNTHETIC_VALUE,ONE_SHARED_POOL_PER_UNORDERED_PAIR
36000000000,36,pool_v2v_veh_0_veh_4,veh_0,veh_4,DIRECT_V2V,10000000,DIAGNOSTIC_SYNTHETIC_VALUE,ONE_SHARED_POOL_PER_UNORDERED_PAIR
36000000000,36,pool_v2v_veh_0_veh_5,veh_0,veh_5,DIRECT_V2V,10000000,DIAGNOSTIC_SYNTHETIC_VALUE,ONE_SHARED_POOL_PER_UNORDERED_PAIR
36000000000,36,pool_v2v_veh_1_veh_2,veh_1,veh_2,DIRECT_V2V,10000000,DIAGNOSTIC_SYNTHETIC_VALUE,ONE_SHARED_POOL_PER_UNORDERED_PAIR
36000000000,36,pool_v2v_veh_1_veh_3,veh_1,veh_3,DIRECT_V2V,10000000,DIAGNOSTIC_SYNTHETIC_VALUE,ONE_SHARED_POOL_PER_UNORDERED_PAIR
36000000000,36,pool_v2v_veh_1_veh_4,veh_1,veh_4,DIRECT_V2V,10000000,DIAGNOSTIC_SYNTHETIC_VALUE,ONE_SHARED_POOL_PER_UNORDERED_PAIR
36000000000,36,pool_v2v_veh_1_veh_5,veh_1,veh_5,DIRECT_V2V,10000000,DIAGNOSTIC_SYNTHETIC_VALUE,ONE_SHARED_POOL_PER_UNORDERED_PAIR
36000000000,36,pool_v2v_veh_1_veh_6,veh_1,veh_6,DIRECT_V2V,10000000,DIAGNOSTIC_SYNTHETIC_VALUE,ONE_SHARED_POOL_PER_UNORDERED_PAIR
36000000000,36,pool_v2v_veh_2_veh_3,veh_2,veh_3,DIRECT_V2V,10000000,DIAGNOSTIC_SYNTHETIC_VALUE,ONE_SHARED_POOL_PER_UNORDERED_PAIR
36000000000,36,pool_v2v_veh_2_veh_4,veh_2,veh_4,DIRECT_V2V,10000000,DIAGNOSTIC_SYNTHETIC_VALUE,ONE_SHARED_POOL_PER_UNORDERED_PAIR
36000000000,36,pool_v2v_veh_2_veh_5,veh_2,veh_5,DIRECT_V2V,10000000,DIAGNOSTIC_SYNTHETIC_VALUE,ONE_SHARED_POOL_PER_UNORDERED_PAIR
36000000000,36,pool_v2v_veh_2_veh_6,veh_2,veh_6,DIRECT_V2V,10000000,DIAGNOSTIC_SYNTHETIC_VALUE,ONE_SHARED_POOL_PER_UNORDERED_PAIR
36000000000,36,pool_v2v_veh_2_veh_7,veh_2,veh_7,DIRECT_V2V,10000000,DIAGNOSTIC_SYNTHETIC_VALUE,ONE_SHARED_POOL_PER_UNORDERED_PAIR
36000000000,36,pool_v2v_veh_3_veh_4,veh_3,veh_4,DIRECT_V2V,10000000,DIAGNOSTIC_SYNTHETIC_VALUE,ONE_SHARED_POOL_PER_UNORDERED_PAIR
36000000000,36,pool_v2v_veh_3_veh_5,veh_3,veh_5,DIRECT_V2V,10000000,DIAGNOSTIC_SYNTHETIC_VALUE,ONE_SHARED_POOL_PER_UNORDERED_PAIR
36000000000,36,pool_v2v_veh_3_veh_6,veh_3,veh_6,DIRECT_V2V,10000000,DIAGNOSTIC_SYNTHETIC_VALUE,ONE_SHARED_POOL_PER_UNORDERED_PAIR
36000000000,36,pool_v2v_veh_3_veh_7,veh_3,veh_7,DIRECT_V2V,10000000,DIAGNOSTIC_SYNTHETIC_VALUE,ONE_SHARED_POOL_PER_UNORDERED_PAIR
36000000000,36,pool_v2v_veh_4_veh_5,veh_4,veh_5,DIRECT_V2V,10000000,DIAGNOSTIC_SYNTHETIC_VALUE,ONE_SHARED_POOL_PER_UNORDERED_PAIR
36000000000,36,pool_v2v_veh_4_veh_6,veh_4,veh_6,DIRECT_V2V,10000000,DIAGNOSTIC_SYNTHETIC_VALUE,ONE_SHARED_POOL_PER_UNORDERED_PAIR
36000000000,36,pool_v2v_veh_4_veh_7,veh_4,veh_7,DIRECT_V2V,10000000,DIAGNOSTIC_SYNTHETIC_VALUE,ONE_SHARED_POOL_PER_UNORDERED_PAIR
36000000000,36,pool_v2v_veh_5_veh_6,veh_5,veh_6,DIRECT_V2V,10000000,DIAGNOSTIC_SYNTHETIC_VALUE,ONE_SHARED_POOL_PER_UNORDERED_PAIR
36000000000,36,pool_v2v_veh_5_veh_7,veh_5,veh_7,DIRECT_V2V,10000000,DIAGNOSTIC_SYNTHETIC_VALUE,ONE_SHARED_POOL_PER_UNORDERED_PAIR
36000000000,36,pool_v2v_veh_6_veh_7,veh_6,veh_7,DIRECT_V2V,10000000,DIAGNOSTIC_SYNTHETIC_VALUE,ONE_SHARED_POOL_PER_UNORDERED_PAIR
37000000000,37,pool_v2v_veh_0_veh_1,veh_0,veh_1,DIRECT_V2V,10000000,DIAGNOSTIC_SYNTHETIC_VALUE,ONE_SHARED_POOL_PER_UNORDERED_PAIR
37000000000,37,pool_v2v_veh_0_veh_2,veh_0,veh_2,DIRECT_V2V,10000000,DIAGNOSTIC_SYNTHETIC_VALUE,ONE_SHARED_POOL_PER_UNORDERED_PAIR
37000000000,37,pool_v2v_veh_0_veh_3,veh_0,veh_3,DIRECT_V2V,10000000,DIAGNOSTIC_SYNTHETIC_VALUE,ONE_SHARED_POOL_PER_UNORDERED_PAIR
37000000000,37,pool_v2v_veh_0_veh_4,veh_0,veh_4,DIRECT_V2V,10000000,DIAGNOSTIC_SYNTHETIC_VALUE,ONE_SHARED_POOL_PER_UNORDERED_PAIR
37000000000,37,pool_v2v_veh_0_veh_5,veh_0,veh_5,DIRECT_V2V,10000000,DIAGNOSTIC_SYNTHETIC_VALUE,ONE_SHARED_POOL_PER_UNORDERED_PAIR
37000000000,37,pool_v2v_veh_1_veh_2,veh_1,veh_2,DIRECT_V2V,10000000,DIAGNOSTIC_SYNTHETIC_VALUE,ONE_SHARED_POOL_PER_UNORDERED_PAIR
37000000000,37,pool_v2v_veh_1_veh_3,veh_1,veh_3,DIRECT_V2V,10000000,DIAGNOSTIC_SYNTHETIC_VALUE,ONE_SHARED_POOL_PER_UNORDERED_PAIR
37000000000,37,pool_v2v_veh_1_veh_4,veh_1,veh_4,DIRECT_V2V,10000000,DIAGNOSTIC_SYNTHETIC_VALUE,ONE_SHARED_POOL_PER_UNORDERED_PAIR
37000000000,37,pool_v2v_veh_1_veh_5,veh_1,veh_5,DIRECT_V2V,10000000,DIAGNOSTIC_SYNTHETIC_VALUE,ONE_SHARED_POOL_PER_UNORDERED_PAIR
37000000000,37,pool_v2v_veh_1_veh_6,veh_1,veh_6,DIRECT_V2V,10000000,DIAGNOSTIC_SYNTHETIC_VALUE,ONE_SHARED_POOL_PER_UNORDERED_PAIR
37000000000,37,pool_v2v_veh_2_veh_3,veh_2,veh_3,DIRECT_V2V,10000000,DIAGNOSTIC_SYNTHETIC_VALUE,ONE_SHARED_POOL_PER_UNORDERED_PAIR
37000000000,37,pool_v2v_veh_2_veh_4,veh_2,veh_4,DIRECT_V2V,10000000,DIAGNOSTIC_SYNTHETIC_VALUE,ONE_SHARED_POOL_PER_UNORDERED_PAIR
37000000000,37,pool_v2v_veh_2_veh_5,veh_2,veh_5,DIRECT_V2V,10000000,DIAGNOSTIC_SYNTHETIC_VALUE,ONE_SHARED_POOL_PER_UNORDERED_PAIR
37000000000,37,pool_v2v_veh_2_veh_6,veh_2,veh_6,DIRECT_V2V,10000000,DIAGNOSTIC_SYNTHETIC_VALUE,ONE_SHARED_POOL_PER_UNORDERED_PAIR
37000000000,37,pool_v2v_veh_2_veh_7,veh_2,veh_7,DIRECT_V2V,10000000,DIAGNOSTIC_SYNTHETIC_VALUE,ONE_SHARED_POOL_PER_UNORDERED_PAIR
37000000000,37,pool_v2v_veh_3_veh_4,veh_3,veh_4,DIRECT_V2V,10000000,DIAGNOSTIC_SYNTHETIC_VALUE,ONE_SHARED_POOL_PER_UNORDERED_PAIR
37000000000,37,pool_v2v_veh_3_veh_5,veh_3,veh_5,DIRECT_V2V,10000000,DIAGNOSTIC_SYNTHETIC_VALUE,ONE_SHARED_POOL_PER_UNORDERED_PAIR
37000000000,37,pool_v2v_veh_3_veh_6,veh_3,veh_6,DIRECT_V2V,10000000,DIAGNOSTIC_SYNTHETIC_VALUE,ONE_SHARED_POOL_PER_UNORDERED_PAIR
37000000000,37,pool_v2v_veh_3_veh_7,veh_3,veh_7,DIRECT_V2V,10000000,DIAGNOSTIC_SYNTHETIC_VALUE,ONE_SHARED_POOL_PER_UNORDERED_PAIR
37000000000,37,pool_v2v_veh_4_veh_5,veh_4,veh_5,DIRECT_V2V,10000000,DIAGNOSTIC_SYNTHETIC_VALUE,ONE_SHARED_POOL_PER_UNORDERED_PAIR
37000000000,37,pool_v2v_veh_4_veh_6,veh_4,veh_6,DIRECT_V2V,10000000,DIAGNOSTIC_SYNTHETIC_VALUE,ONE_SHARED_POOL_PER_UNORDERED_PAIR
37000000000,37,pool_v2v_veh_4_veh_7,veh_4,veh_7,DIRECT_V2V,10000000,DIAGNOSTIC_SYNTHETIC_VALUE,ONE_SHARED_POOL_PER_UNORDERED_PAIR
37000000000,37,pool_v2v_veh_5_veh_6,veh_5,veh_6,DIRECT_V2V,10000000,DIAGNOSTIC_SYNTHETIC_VALUE,ONE_SHARED_POOL_PER_UNORDERED_PAIR
37000000000,37,pool_v2v_veh_5_veh_7,veh_5,veh_7,DIRECT_V2V,10000000,DIAGNOSTIC_SYNTHETIC_VALUE,ONE_SHARED_POOL_PER_UNORDERED_PAIR
37000000000,37,pool_v2v_veh_6_veh_7,veh_6,veh_7,DIRECT_V2V,10000000,DIAGNOSTIC_SYNTHETIC_VALUE,ONE_SHARED_POOL_PER_UNORDERED_PAIR
38000000000,38,pool_v2v_veh_0_veh_1,veh_0,veh_1,DIRECT_V2V,10000000,DIAGNOSTIC_SYNTHETIC_VALUE,ONE_SHARED_POOL_PER_UNORDERED_PAIR
38000000000,38,pool_v2v_veh_0_veh_2,veh_0,veh_2,DIRECT_V2V,10000000,DIAGNOSTIC_SYNTHETIC_VALUE,ONE_SHARED_POOL_PER_UNORDERED_PAIR
38000000000,38,pool_v2v_veh_0_veh_3,veh_0,veh_3,DIRECT_V2V,10000000,DIAGNOSTIC_SYNTHETIC_VALUE,ONE_SHARED_POOL_PER_UNORDERED_PAIR
38000000000,38,pool_v2v_veh_0_veh_4,veh_0,veh_4,DIRECT_V2V,10000000,DIAGNOSTIC_SYNTHETIC_VALUE,ONE_SHARED_POOL_PER_UNORDERED_PAIR
38000000000,38,pool_v2v_veh_1_veh_2,veh_1,veh_2,DIRECT_V2V,10000000,DIAGNOSTIC_SYNTHETIC_VALUE,ONE_SHARED_POOL_PER_UNORDERED_PAIR
38000000000,38,pool_v2v_veh_1_veh_3,veh_1,veh_3,DIRECT_V2V,10000000,DIAGNOSTIC_SYNTHETIC_VALUE,ONE_SHARED_POOL_PER_UNORDERED_PAIR
38000000000,38,pool_v2v_veh_1_veh_4,veh_1,veh_4,DIRECT_V2V,10000000,DIAGNOSTIC_SYNTHETIC_VALUE,ONE_SHARED_POOL_PER_UNORDERED_PAIR
38000000000,38,pool_v2v_veh_1_veh_5,veh_1,veh_5,DIRECT_V2V,10000000,DIAGNOSTIC_SYNTHETIC_VALUE,ONE_SHARED_POOL_PER_UNORDERED_PAIR
38000000000,38,pool_v2v_veh_1_veh_6,veh_1,veh_6,DIRECT_V2V,10000000,DIAGNOSTIC_SYNTHETIC_VALUE,ONE_SHARED_POOL_PER_UNORDERED_PAIR
38000000000,38,pool_v2v_veh_2_veh_3,veh_2,veh_3,DIRECT_V2V,10000000,DIAGNOSTIC_SYNTHETIC_VALUE,ONE_SHARED_POOL_PER_UNORDERED_PAIR
38000000000,38,pool_v2v_veh_2_veh_4,veh_2,veh_4,DIRECT_V2V,10000000,DIAGNOSTIC_SYNTHETIC_VALUE,ONE_SHARED_POOL_PER_UNORDERED_PAIR
38000000000,38,pool_v2v_veh_2_veh_5,veh_2,veh_5,DIRECT_V2V,10000000,DIAGNOSTIC_SYNTHETIC_VALUE,ONE_SHARED_POOL_PER_UNORDERED_PAIR
38000000000,38,pool_v2v_veh_2_veh_6,veh_2,veh_6,DIRECT_V2V,10000000,DIAGNOSTIC_SYNTHETIC_VALUE,ONE_SHARED_POOL_PER_UNORDERED_PAIR
38000000000,38,pool_v2v_veh_2_veh_7,veh_2,veh_7,DIRECT_V2V,10000000,DIAGNOSTIC_SYNTHETIC_VALUE,ONE_SHARED_POOL_PER_UNORDERED_PAIR
38000000000,38,pool_v2v_veh_3_veh_4,veh_3,veh_4,DIRECT_V2V,10000000,DIAGNOSTIC_SYNTHETIC_VALUE,ONE_SHARED_POOL_PER_UNORDERED_PAIR
38000000000,38,pool_v2v_veh_3_veh_5,veh_3,veh_5,DIRECT_V2V,10000000,DIAGNOSTIC_SYNTHETIC_VALUE,ONE_SHARED_POOL_PER_UNORDERED_PAIR
38000000000,38,pool_v2v_veh_3_veh_6,veh_3,veh_6,DIRECT_V2V,10000000,DIAGNOSTIC_SYNTHETIC_VALUE,ONE_SHARED_POOL_PER_UNORDERED_PAIR
38000000000,38,pool_v2v_veh_3_veh_7,veh_3,veh_7,DIRECT_V2V,10000000,DIAGNOSTIC_SYNTHETIC_VALUE,ONE_SHARED_POOL_PER_UNORDERED_PAIR
38000000000,38,pool_v2v_veh_4_veh_5,veh_4,veh_5,DIRECT_V2V,10000000,DIAGNOSTIC_SYNTHETIC_VALUE,ONE_SHARED_POOL_PER_UNORDERED_PAIR
38000000000,38,pool_v2v_veh_4_veh_6,veh_4,veh_6,DIRECT_V2V,10000000,DIAGNOSTIC_SYNTHETIC_VALUE,ONE_SHARED_POOL_PER_UNORDERED_PAIR
38000000000,38,pool_v2v_veh_4_veh_7,veh_4,veh_7,DIRECT_V2V,10000000,DIAGNOSTIC_SYNTHETIC_VALUE,ONE_SHARED_POOL_PER_UNORDERED_PAIR
38000000000,38,pool_v2v_veh_5_veh_6,veh_5,veh_6,DIRECT_V2V,10000000,DIAGNOSTIC_SYNTHETIC_VALUE,ONE_SHARED_POOL_PER_UNORDERED_PAIR
38000000000,38,pool_v2v_veh_5_veh_7,veh_5,veh_7,DIRECT_V2V,10000000,DIAGNOSTIC_SYNTHETIC_VALUE,ONE_SHARED_POOL_PER_UNORDERED_PAIR
38000000000,38,pool_v2v_veh_6_veh_7,veh_6,veh_7,DIRECT_V2V,10000000,DIAGNOSTIC_SYNTHETIC_VALUE,ONE_SHARED_POOL_PER_UNORDERED_PAIR
39000000000,39,pool_v2v_veh_0_veh_1,veh_0,veh_1,DIRECT_V2V,10000000,DIAGNOSTIC_SYNTHETIC_VALUE,ONE_SHARED_POOL_PER_UNORDERED_PAIR
39000000000,39,pool_v2v_veh_0_veh_2,veh_0,veh_2,DIRECT_V2V,10000000,DIAGNOSTIC_SYNTHETIC_VALUE,ONE_SHARED_POOL_PER_UNORDERED_PAIR
39000000000,39,pool_v2v_veh_0_veh_3,veh_0,veh_3,DIRECT_V2V,10000000,DIAGNOSTIC_SYNTHETIC_VALUE,ONE_SHARED_POOL_PER_UNORDERED_PAIR
39000000000,39,pool_v2v_veh_0_veh_4,veh_0,veh_4,DIRECT_V2V,10000000,DIAGNOSTIC_SYNTHETIC_VALUE,ONE_SHARED_POOL_PER_UNORDERED_PAIR
39000000000,39,pool_v2v_veh_1_veh_2,veh_1,veh_2,DIRECT_V2V,10000000,DIAGNOSTIC_SYNTHETIC_VALUE,ONE_SHARED_POOL_PER_UNORDERED_PAIR
39000000000,39,pool_v2v_veh_1_veh_3,veh_1,veh_3,DIRECT_V2V,10000000,DIAGNOSTIC_SYNTHETIC_VALUE,ONE_SHARED_POOL_PER_UNORDERED_PAIR
39000000000,39,pool_v2v_veh_1_veh_4,veh_1,veh_4,DIRECT_V2V,10000000,DIAGNOSTIC_SYNTHETIC_VALUE,ONE_SHARED_POOL_PER_UNORDERED_PAIR
39000000000,39,pool_v2v_veh_1_veh_5,veh_1,veh_5,DIRECT_V2V,10000000,DIAGNOSTIC_SYNTHETIC_VALUE,ONE_SHARED_POOL_PER_UNORDERED_PAIR
39000000000,39,pool_v2v_veh_1_veh_6,veh_1,veh_6,DIRECT_V2V,10000000,DIAGNOSTIC_SYNTHETIC_VALUE,ONE_SHARED_POOL_PER_UNORDERED_PAIR
39000000000,39,pool_v2v_veh_2_veh_3,veh_2,veh_3,DIRECT_V2V,10000000,DIAGNOSTIC_SYNTHETIC_VALUE,ONE_SHARED_POOL_PER_UNORDERED_PAIR
39000000000,39,pool_v2v_veh_2_veh_4,veh_2,veh_4,DIRECT_V2V,10000000,DIAGNOSTIC_SYNTHETIC_VALUE,ONE_SHARED_POOL_PER_UNORDERED_PAIR
39000000000,39,pool_v2v_veh_2_veh_5,veh_2,veh_5,DIRECT_V2V,10000000,DIAGNOSTIC_SYNTHETIC_VALUE,ONE_SHARED_POOL_PER_UNORDERED_PAIR
39000000000,39,pool_v2v_veh_2_veh_6,veh_2,veh_6,DIRECT_V2V,10000000,DIAGNOSTIC_SYNTHETIC_VALUE,ONE_SHARED_POOL_PER_UNORDERED_PAIR
39000000000,39,pool_v2v_veh_2_veh_7,veh_2,veh_7,DIRECT_V2V,10000000,DIAGNOSTIC_SYNTHETIC_VALUE,ONE_SHARED_POOL_PER_UNORDERED_PAIR
39000000000,39,pool_v2v_veh_3_veh_4,veh_3,veh_4,DIRECT_V2V,10000000,DIAGNOSTIC_SYNTHETIC_VALUE,ONE_SHARED_POOL_PER_UNORDERED_PAIR
39000000000,39,pool_v2v_veh_3_veh_5,veh_3,veh_5,DIRECT_V2V,10000000,DIAGNOSTIC_SYNTHETIC_VALUE,ONE_SHARED_POOL_PER_UNORDERED_PAIR
39000000000,39,pool_v2v_veh_3_veh_6,veh_3,veh_6,DIRECT_V2V,10000000,DIAGNOSTIC_SYNTHETIC_VALUE,ONE_SHARED_POOL_PER_UNORDERED_PAIR
39000000000,39,pool_v2v_veh_3_veh_7,veh_3,veh_7,DIRECT_V2V,10000000,DIAGNOSTIC_SYNTHETIC_VALUE,ONE_SHARED_POOL_PER_UNORDERED_PAIR
39000000000,39,pool_v2v_veh_3_veh_8,veh_3,veh_8,DIRECT_V2V,10000000,DIAGNOSTIC_SYNTHETIC_VALUE,ONE_SHARED_POOL_PER_UNORDERED_PAIR
39000000000,39,pool_v2v_veh_4_veh_5,veh_4,veh_5,DIRECT_V2V,10000000,DIAGNOSTIC_SYNTHETIC_VALUE,ONE_SHARED_POOL_PER_UNORDERED_PAIR
39000000000,39,pool_v2v_veh_4_veh_6,veh_4,veh_6,DIRECT_V2V,10000000,DIAGNOSTIC_SYNTHETIC_VALUE,ONE_SHARED_POOL_PER_UNORDERED_PAIR
39000000000,39,pool_v2v_veh_4_veh_7,veh_4,veh_7,DIRECT_V2V,10000000,DIAGNOSTIC_SYNTHETIC_VALUE,ONE_SHARED_POOL_PER_UNORDERED_PAIR
39000000000,39,pool_v2v_veh_4_veh_8,veh_4,veh_8,DIRECT_V2V,10000000,DIAGNOSTIC_SYNTHETIC_VALUE,ONE_SHARED_POOL_PER_UNORDERED_PAIR
39000000000,39,pool_v2v_veh_5_veh_6,veh_5,veh_6,DIRECT_V2V,10000000,DIAGNOSTIC_SYNTHETIC_VALUE,ONE_SHARED_POOL_PER_UNORDERED_PAIR
39000000000,39,pool_v2v_veh_5_veh_7,veh_5,veh_7,DIRECT_V2V,10000000,DIAGNOSTIC_SYNTHETIC_VALUE,ONE_SHARED_POOL_PER_UNORDERED_PAIR
39000000000,39,pool_v2v_veh_5_veh_8,veh_5,veh_8,DIRECT_V2V,10000000,DIAGNOSTIC_SYNTHETIC_VALUE,ONE_SHARED_POOL_PER_UNORDERED_PAIR
39000000000,39,pool_v2v_veh_6_veh_7,veh_6,veh_7,DIRECT_V2V,10000000,DIAGNOSTIC_SYNTHETIC_VALUE,ONE_SHARED_POOL_PER_UNORDERED_PAIR
39000000000,39,pool_v2v_veh_6_veh_8,veh_6,veh_8,DIRECT_V2V,10000000,DIAGNOSTIC_SYNTHETIC_VALUE,ONE_SHARED_POOL_PER_UNORDERED_PAIR
39000000000,39,pool_v2v_veh_7_veh_8,veh_7,veh_8,DIRECT_V2V,10000000,DIAGNOSTIC_SYNTHETIC_VALUE,ONE_SHARED_POOL_PER_UNORDERED_PAIR
40000000000,40,pool_v2v_veh_0_veh_1,veh_0,veh_1,DIRECT_V2V,10000000,DIAGNOSTIC_SYNTHETIC_VALUE,ONE_SHARED_POOL_PER_UNORDERED_PAIR
40000000000,40,pool_v2v_veh_0_veh_2,veh_0,veh_2,DIRECT_V2V,10000000,DIAGNOSTIC_SYNTHETIC_VALUE,ONE_SHARED_POOL_PER_UNORDERED_PAIR
40000000000,40,pool_v2v_veh_0_veh_3,veh_0,veh_3,DIRECT_V2V,10000000,DIAGNOSTIC_SYNTHETIC_VALUE,ONE_SHARED_POOL_PER_UNORDERED_PAIR
40000000000,40,pool_v2v_veh_0_veh_4,veh_0,veh_4,DIRECT_V2V,10000000,DIAGNOSTIC_SYNTHETIC_VALUE,ONE_SHARED_POOL_PER_UNORDERED_PAIR
40000000000,40,pool_v2v_veh_1_veh_2,veh_1,veh_2,DIRECT_V2V,10000000,DIAGNOSTIC_SYNTHETIC_VALUE,ONE_SHARED_POOL_PER_UNORDERED_PAIR
40000000000,40,pool_v2v_veh_1_veh_3,veh_1,veh_3,DIRECT_V2V,10000000,DIAGNOSTIC_SYNTHETIC_VALUE,ONE_SHARED_POOL_PER_UNORDERED_PAIR
40000000000,40,pool_v2v_veh_1_veh_4,veh_1,veh_4,DIRECT_V2V,10000000,DIAGNOSTIC_SYNTHETIC_VALUE,ONE_SHARED_POOL_PER_UNORDERED_PAIR
40000000000,40,pool_v2v_veh_1_veh_5,veh_1,veh_5,DIRECT_V2V,10000000,DIAGNOSTIC_SYNTHETIC_VALUE,ONE_SHARED_POOL_PER_UNORDERED_PAIR
40000000000,40,pool_v2v_veh_1_veh_6,veh_1,veh_6,DIRECT_V2V,10000000,DIAGNOSTIC_SYNTHETIC_VALUE,ONE_SHARED_POOL_PER_UNORDERED_PAIR
40000000000,40,pool_v2v_veh_2_veh_3,veh_2,veh_3,DIRECT_V2V,10000000,DIAGNOSTIC_SYNTHETIC_VALUE,ONE_SHARED_POOL_PER_UNORDERED_PAIR
40000000000,40,pool_v2v_veh_2_veh_4,veh_2,veh_4,DIRECT_V2V,10000000,DIAGNOSTIC_SYNTHETIC_VALUE,ONE_SHARED_POOL_PER_UNORDERED_PAIR
40000000000,40,pool_v2v_veh_2_veh_5,veh_2,veh_5,DIRECT_V2V,10000000,DIAGNOSTIC_SYNTHETIC_VALUE,ONE_SHARED_POOL_PER_UNORDERED_PAIR
40000000000,40,pool_v2v_veh_2_veh_6,veh_2,veh_6,DIRECT_V2V,10000000,DIAGNOSTIC_SYNTHETIC_VALUE,ONE_SHARED_POOL_PER_UNORDERED_PAIR
40000000000,40,pool_v2v_veh_2_veh_7,veh_2,veh_7,DIRECT_V2V,10000000,DIAGNOSTIC_SYNTHETIC_VALUE,ONE_SHARED_POOL_PER_UNORDERED_PAIR
40000000000,40,pool_v2v_veh_3_veh_4,veh_3,veh_4,DIRECT_V2V,10000000,DIAGNOSTIC_SYNTHETIC_VALUE,ONE_SHARED_POOL_PER_UNORDERED_PAIR
40000000000,40,pool_v2v_veh_3_veh_5,veh_3,veh_5,DIRECT_V2V,10000000,DIAGNOSTIC_SYNTHETIC_VALUE,ONE_SHARED_POOL_PER_UNORDERED_PAIR
40000000000,40,pool_v2v_veh_3_veh_6,veh_3,veh_6,DIRECT_V2V,10000000,DIAGNOSTIC_SYNTHETIC_VALUE,ONE_SHARED_POOL_PER_UNORDERED_PAIR
40000000000,40,pool_v2v_veh_3_veh_7,veh_3,veh_7,DIRECT_V2V,10000000,DIAGNOSTIC_SYNTHETIC_VALUE,ONE_SHARED_POOL_PER_UNORDERED_PAIR
40000000000,40,pool_v2v_veh_3_veh_8,veh_3,veh_8,DIRECT_V2V,10000000,DIAGNOSTIC_SYNTHETIC_VALUE,ONE_SHARED_POOL_PER_UNORDERED_PAIR
40000000000,40,pool_v2v_veh_4_veh_5,veh_4,veh_5,DIRECT_V2V,10000000,DIAGNOSTIC_SYNTHETIC_VALUE,ONE_SHARED_POOL_PER_UNORDERED_PAIR
40000000000,40,pool_v2v_veh_4_veh_6,veh_4,veh_6,DIRECT_V2V,10000000,DIAGNOSTIC_SYNTHETIC_VALUE,ONE_SHARED_POOL_PER_UNORDERED_PAIR
40000000000,40,pool_v2v_veh_4_veh_7,veh_4,veh_7,DIRECT_V2V,10000000,DIAGNOSTIC_SYNTHETIC_VALUE,ONE_SHARED_POOL_PER_UNORDERED_PAIR
40000000000,40,pool_v2v_veh_4_veh_8,veh_4,veh_8,DIRECT_V2V,10000000,DIAGNOSTIC_SYNTHETIC_VALUE,ONE_SHARED_POOL_PER_UNORDERED_PAIR
40000000000,40,pool_v2v_veh_5_veh_6,veh_5,veh_6,DIRECT_V2V,10000000,DIAGNOSTIC_SYNTHETIC_VALUE,ONE_SHARED_POOL_PER_UNORDERED_PAIR
40000000000,40,pool_v2v_veh_5_veh_7,veh_5,veh_7,DIRECT_V2V,10000000,DIAGNOSTIC_SYNTHETIC_VALUE,ONE_SHARED_POOL_PER_UNORDERED_PAIR
40000000000,40,pool_v2v_veh_5_veh_8,veh_5,veh_8,DIRECT_V2V,10000000,DIAGNOSTIC_SYNTHETIC_VALUE,ONE_SHARED_POOL_PER_UNORDERED_PAIR
40000000000,40,pool_v2v_veh_6_veh_7,veh_6,veh_7,DIRECT_V2V,10000000,DIAGNOSTIC_SYNTHETIC_VALUE,ONE_SHARED_POOL_PER_UNORDERED_PAIR
40000000000,40,pool_v2v_veh_6_veh_8,veh_6,veh_8,DIRECT_V2V,10000000,DIAGNOSTIC_SYNTHETIC_VALUE,ONE_SHARED_POOL_PER_UNORDERED_PAIR
40000000000,40,pool_v2v_veh_7_veh_8,veh_7,veh_8,DIRECT_V2V,10000000,DIAGNOSTIC_SYNTHETIC_VALUE,ONE_SHARED_POOL_PER_UNORDERED_PAIR
41000000000,41,pool_v2v_veh_0_veh_1,veh_0,veh_1,DIRECT_V2V,10000000,DIAGNOSTIC_SYNTHETIC_VALUE,ONE_SHARED_POOL_PER_UNORDERED_PAIR
41000000000,41,pool_v2v_veh_0_veh_2,veh_0,veh_2,DIRECT_V2V,10000000,DIAGNOSTIC_SYNTHETIC_VALUE,ONE_SHARED_POOL_PER_UNORDERED_PAIR
41000000000,41,pool_v2v_veh_0_veh_3,veh_0,veh_3,DIRECT_V2V,10000000,DIAGNOSTIC_SYNTHETIC_VALUE,ONE_SHARED_POOL_PER_UNORDERED_PAIR
41000000000,41,pool_v2v_veh_0_veh_4,veh_0,veh_4,DIRECT_V2V,10000000,DIAGNOSTIC_SYNTHETIC_VALUE,ONE_SHARED_POOL_PER_UNORDERED_PAIR
41000000000,41,pool_v2v_veh_1_veh_2,veh_1,veh_2,DIRECT_V2V,10000000,DIAGNOSTIC_SYNTHETIC_VALUE,ONE_SHARED_POOL_PER_UNORDERED_PAIR
41000000000,41,pool_v2v_veh_1_veh_3,veh_1,veh_3,DIRECT_V2V,10000000,DIAGNOSTIC_SYNTHETIC_VALUE,ONE_SHARED_POOL_PER_UNORDERED_PAIR
41000000000,41,pool_v2v_veh_1_veh_4,veh_1,veh_4,DIRECT_V2V,10000000,DIAGNOSTIC_SYNTHETIC_VALUE,ONE_SHARED_POOL_PER_UNORDERED_PAIR
41000000000,41,pool_v2v_veh_1_veh_5,veh_1,veh_5,DIRECT_V2V,10000000,DIAGNOSTIC_SYNTHETIC_VALUE,ONE_SHARED_POOL_PER_UNORDERED_PAIR
41000000000,41,pool_v2v_veh_1_veh_6,veh_1,veh_6,DIRECT_V2V,10000000,DIAGNOSTIC_SYNTHETIC_VALUE,ONE_SHARED_POOL_PER_UNORDERED_PAIR
41000000000,41,pool_v2v_veh_2_veh_3,veh_2,veh_3,DIRECT_V2V,10000000,DIAGNOSTIC_SYNTHETIC_VALUE,ONE_SHARED_POOL_PER_UNORDERED_PAIR
41000000000,41,pool_v2v_veh_2_veh_4,veh_2,veh_4,DIRECT_V2V,10000000,DIAGNOSTIC_SYNTHETIC_VALUE,ONE_SHARED_POOL_PER_UNORDERED_PAIR
41000000000,41,pool_v2v_veh_2_veh_5,veh_2,veh_5,DIRECT_V2V,10000000,DIAGNOSTIC_SYNTHETIC_VALUE,ONE_SHARED_POOL_PER_UNORDERED_PAIR
41000000000,41,pool_v2v_veh_2_veh_6,veh_2,veh_6,DIRECT_V2V,10000000,DIAGNOSTIC_SYNTHETIC_VALUE,ONE_SHARED_POOL_PER_UNORDERED_PAIR
41000000000,41,pool_v2v_veh_2_veh_7,veh_2,veh_7,DIRECT_V2V,10000000,DIAGNOSTIC_SYNTHETIC_VALUE,ONE_SHARED_POOL_PER_UNORDERED_PAIR
41000000000,41,pool_v2v_veh_3_veh_4,veh_3,veh_4,DIRECT_V2V,10000000,DIAGNOSTIC_SYNTHETIC_VALUE,ONE_SHARED_POOL_PER_UNORDERED_PAIR
41000000000,41,pool_v2v_veh_3_veh_5,veh_3,veh_5,DIRECT_V2V,10000000,DIAGNOSTIC_SYNTHETIC_VALUE,ONE_SHARED_POOL_PER_UNORDERED_PAIR
41000000000,41,pool_v2v_veh_3_veh_6,veh_3,veh_6,DIRECT_V2V,10000000,DIAGNOSTIC_SYNTHETIC_VALUE,ONE_SHARED_POOL_PER_UNORDERED_PAIR
41000000000,41,pool_v2v_veh_3_veh_7,veh_3,veh_7,DIRECT_V2V,10000000,DIAGNOSTIC_SYNTHETIC_VALUE,ONE_SHARED_POOL_PER_UNORDERED_PAIR
41000000000,41,pool_v2v_veh_3_veh_8,veh_3,veh_8,DIRECT_V2V,10000000,DIAGNOSTIC_SYNTHETIC_VALUE,ONE_SHARED_POOL_PER_UNORDERED_PAIR
41000000000,41,pool_v2v_veh_4_veh_5,veh_4,veh_5,DIRECT_V2V,10000000,DIAGNOSTIC_SYNTHETIC_VALUE,ONE_SHARED_POOL_PER_UNORDERED_PAIR
41000000000,41,pool_v2v_veh_4_veh_6,veh_4,veh_6,DIRECT_V2V,10000000,DIAGNOSTIC_SYNTHETIC_VALUE,ONE_SHARED_POOL_PER_UNORDERED_PAIR
41000000000,41,pool_v2v_veh_4_veh_7,veh_4,veh_7,DIRECT_V2V,10000000,DIAGNOSTIC_SYNTHETIC_VALUE,ONE_SHARED_POOL_PER_UNORDERED_PAIR
41000000000,41,pool_v2v_veh_4_veh_8,veh_4,veh_8,DIRECT_V2V,10000000,DIAGNOSTIC_SYNTHETIC_VALUE,ONE_SHARED_POOL_PER_UNORDERED_PAIR
41000000000,41,pool_v2v_veh_5_veh_6,veh_5,veh_6,DIRECT_V2V,10000000,DIAGNOSTIC_SYNTHETIC_VALUE,ONE_SHARED_POOL_PER_UNORDERED_PAIR
41000000000,41,pool_v2v_veh_5_veh_7,veh_5,veh_7,DIRECT_V2V,10000000,DIAGNOSTIC_SYNTHETIC_VALUE,ONE_SHARED_POOL_PER_UNORDERED_PAIR
41000000000,41,pool_v2v_veh_5_veh_8,veh_5,veh_8,DIRECT_V2V,10000000,DIAGNOSTIC_SYNTHETIC_VALUE,ONE_SHARED_POOL_PER_UNORDERED_PAIR
41000000000,41,pool_v2v_veh_6_veh_7,veh_6,veh_7,DIRECT_V2V,10000000,DIAGNOSTIC_SYNTHETIC_VALUE,ONE_SHARED_POOL_PER_UNORDERED_PAIR
41000000000,41,pool_v2v_veh_6_veh_8,veh_6,veh_8,DIRECT_V2V,10000000,DIAGNOSTIC_SYNTHETIC_VALUE,ONE_SHARED_POOL_PER_UNORDERED_PAIR
41000000000,41,pool_v2v_veh_7_veh_8,veh_7,veh_8,DIRECT_V2V,10000000,DIAGNOSTIC_SYNTHETIC_VALUE,ONE_SHARED_POOL_PER_UNORDERED_PAIR
42000000000,42,pool_v2v_veh_0_veh_1,veh_0,veh_1,DIRECT_V2V,10000000,DIAGNOSTIC_SYNTHETIC_VALUE,ONE_SHARED_POOL_PER_UNORDERED_PAIR
42000000000,42,pool_v2v_veh_0_veh_2,veh_0,veh_2,DIRECT_V2V,10000000,DIAGNOSTIC_SYNTHETIC_VALUE,ONE_SHARED_POOL_PER_UNORDERED_PAIR
42000000000,42,pool_v2v_veh_0_veh_3,veh_0,veh_3,DIRECT_V2V,10000000,DIAGNOSTIC_SYNTHETIC_VALUE,ONE_SHARED_POOL_PER_UNORDERED_PAIR
42000000000,42,pool_v2v_veh_0_veh_4,veh_0,veh_4,DIRECT_V2V,10000000,DIAGNOSTIC_SYNTHETIC_VALUE,ONE_SHARED_POOL_PER_UNORDERED_PAIR
42000000000,42,pool_v2v_veh_1_veh_2,veh_1,veh_2,DIRECT_V2V,10000000,DIAGNOSTIC_SYNTHETIC_VALUE,ONE_SHARED_POOL_PER_UNORDERED_PAIR
42000000000,42,pool_v2v_veh_1_veh_3,veh_1,veh_3,DIRECT_V2V,10000000,DIAGNOSTIC_SYNTHETIC_VALUE,ONE_SHARED_POOL_PER_UNORDERED_PAIR
42000000000,42,pool_v2v_veh_1_veh_4,veh_1,veh_4,DIRECT_V2V,10000000,DIAGNOSTIC_SYNTHETIC_VALUE,ONE_SHARED_POOL_PER_UNORDERED_PAIR
42000000000,42,pool_v2v_veh_1_veh_5,veh_1,veh_5,DIRECT_V2V,10000000,DIAGNOSTIC_SYNTHETIC_VALUE,ONE_SHARED_POOL_PER_UNORDERED_PAIR
42000000000,42,pool_v2v_veh_1_veh_6,veh_1,veh_6,DIRECT_V2V,10000000,DIAGNOSTIC_SYNTHETIC_VALUE,ONE_SHARED_POOL_PER_UNORDERED_PAIR
42000000000,42,pool_v2v_veh_2_veh_3,veh_2,veh_3,DIRECT_V2V,10000000,DIAGNOSTIC_SYNTHETIC_VALUE,ONE_SHARED_POOL_PER_UNORDERED_PAIR
42000000000,42,pool_v2v_veh_2_veh_4,veh_2,veh_4,DIRECT_V2V,10000000,DIAGNOSTIC_SYNTHETIC_VALUE,ONE_SHARED_POOL_PER_UNORDERED_PAIR
42000000000,42,pool_v2v_veh_2_veh_5,veh_2,veh_5,DIRECT_V2V,10000000,DIAGNOSTIC_SYNTHETIC_VALUE,ONE_SHARED_POOL_PER_UNORDERED_PAIR
42000000000,42,pool_v2v_veh_2_veh_6,veh_2,veh_6,DIRECT_V2V,10000000,DIAGNOSTIC_SYNTHETIC_VALUE,ONE_SHARED_POOL_PER_UNORDERED_PAIR
42000000000,42,pool_v2v_veh_2_veh_7,veh_2,veh_7,DIRECT_V2V,10000000,DIAGNOSTIC_SYNTHETIC_VALUE,ONE_SHARED_POOL_PER_UNORDERED_PAIR
42000000000,42,pool_v2v_veh_3_veh_4,veh_3,veh_4,DIRECT_V2V,10000000,DIAGNOSTIC_SYNTHETIC_VALUE,ONE_SHARED_POOL_PER_UNORDERED_PAIR
42000000000,42,pool_v2v_veh_3_veh_5,veh_3,veh_5,DIRECT_V2V,10000000,DIAGNOSTIC_SYNTHETIC_VALUE,ONE_SHARED_POOL_PER_UNORDERED_PAIR
42000000000,42,pool_v2v_veh_3_veh_6,veh_3,veh_6,DIRECT_V2V,10000000,DIAGNOSTIC_SYNTHETIC_VALUE,ONE_SHARED_POOL_PER_UNORDERED_PAIR
42000000000,42,pool_v2v_veh_3_veh_7,veh_3,veh_7,DIRECT_V2V,10000000,DIAGNOSTIC_SYNTHETIC_VALUE,ONE_SHARED_POOL_PER_UNORDERED_PAIR
42000000000,42,pool_v2v_veh_3_veh_8,veh_3,veh_8,DIRECT_V2V,10000000,DIAGNOSTIC_SYNTHETIC_VALUE,ONE_SHARED_POOL_PER_UNORDERED_PAIR
42000000000,42,pool_v2v_veh_4_veh_5,veh_4,veh_5,DIRECT_V2V,10000000,DIAGNOSTIC_SYNTHETIC_VALUE,ONE_SHARED_POOL_PER_UNORDERED_PAIR
42000000000,42,pool_v2v_veh_4_veh_6,veh_4,veh_6,DIRECT_V2V,10000000,DIAGNOSTIC_SYNTHETIC_VALUE,ONE_SHARED_POOL_PER_UNORDERED_PAIR
42000000000,42,pool_v2v_veh_4_veh_7,veh_4,veh_7,DIRECT_V2V,10000000,DIAGNOSTIC_SYNTHETIC_VALUE,ONE_SHARED_POOL_PER_UNORDERED_PAIR
42000000000,42,pool_v2v_veh_4_veh_8,veh_4,veh_8,DIRECT_V2V,10000000,DIAGNOSTIC_SYNTHETIC_VALUE,ONE_SHARED_POOL_PER_UNORDERED_PAIR
42000000000,42,pool_v2v_veh_5_veh_6,veh_5,veh_6,DIRECT_V2V,10000000,DIAGNOSTIC_SYNTHETIC_VALUE,ONE_SHARED_POOL_PER_UNORDERED_PAIR
42000000000,42,pool_v2v_veh_5_veh_7,veh_5,veh_7,DIRECT_V2V,10000000,DIAGNOSTIC_SYNTHETIC_VALUE,ONE_SHARED_POOL_PER_UNORDERED_PAIR
42000000000,42,pool_v2v_veh_5_veh_8,veh_5,veh_8,DIRECT_V2V,10000000,DIAGNOSTIC_SYNTHETIC_VALUE,ONE_SHARED_POOL_PER_UNORDERED_PAIR
42000000000,42,pool_v2v_veh_6_veh_7,veh_6,veh_7,DIRECT_V2V,10000000,DIAGNOSTIC_SYNTHETIC_VALUE,ONE_SHARED_POOL_PER_UNORDERED_PAIR
42000000000,42,pool_v2v_veh_6_veh_8,veh_6,veh_8,DIRECT_V2V,10000000,DIAGNOSTIC_SYNTHETIC_VALUE,ONE_SHARED_POOL_PER_UNORDERED_PAIR
42000000000,42,pool_v2v_veh_7_veh_8,veh_7,veh_8,DIRECT_V2V,10000000,DIAGNOSTIC_SYNTHETIC_VALUE,ONE_SHARED_POOL_PER_UNORDERED_PAIR
43000000000,43,pool_v2v_veh_0_veh_1,veh_0,veh_1,DIRECT_V2V,10000000,DIAGNOSTIC_SYNTHETIC_VALUE,ONE_SHARED_POOL_PER_UNORDERED_PAIR
43000000000,43,pool_v2v_veh_0_veh_2,veh_0,veh_2,DIRECT_V2V,10000000,DIAGNOSTIC_SYNTHETIC_VALUE,ONE_SHARED_POOL_PER_UNORDERED_PAIR
43000000000,43,pool_v2v_veh_0_veh_3,veh_0,veh_3,DIRECT_V2V,10000000,DIAGNOSTIC_SYNTHETIC_VALUE,ONE_SHARED_POOL_PER_UNORDERED_PAIR
43000000000,43,pool_v2v_veh_0_veh_4,veh_0,veh_4,DIRECT_V2V,10000000,DIAGNOSTIC_SYNTHETIC_VALUE,ONE_SHARED_POOL_PER_UNORDERED_PAIR
43000000000,43,pool_v2v_veh_1_veh_2,veh_1,veh_2,DIRECT_V2V,10000000,DIAGNOSTIC_SYNTHETIC_VALUE,ONE_SHARED_POOL_PER_UNORDERED_PAIR
43000000000,43,pool_v2v_veh_1_veh_3,veh_1,veh_3,DIRECT_V2V,10000000,DIAGNOSTIC_SYNTHETIC_VALUE,ONE_SHARED_POOL_PER_UNORDERED_PAIR
43000000000,43,pool_v2v_veh_1_veh_4,veh_1,veh_4,DIRECT_V2V,10000000,DIAGNOSTIC_SYNTHETIC_VALUE,ONE_SHARED_POOL_PER_UNORDERED_PAIR
43000000000,43,pool_v2v_veh_1_veh_5,veh_1,veh_5,DIRECT_V2V,10000000,DIAGNOSTIC_SYNTHETIC_VALUE,ONE_SHARED_POOL_PER_UNORDERED_PAIR
43000000000,43,pool_v2v_veh_1_veh_6,veh_1,veh_6,DIRECT_V2V,10000000,DIAGNOSTIC_SYNTHETIC_VALUE,ONE_SHARED_POOL_PER_UNORDERED_PAIR
43000000000,43,pool_v2v_veh_2_veh_3,veh_2,veh_3,DIRECT_V2V,10000000,DIAGNOSTIC_SYNTHETIC_VALUE,ONE_SHARED_POOL_PER_UNORDERED_PAIR
43000000000,43,pool_v2v_veh_2_veh_4,veh_2,veh_4,DIRECT_V2V,10000000,DIAGNOSTIC_SYNTHETIC_VALUE,ONE_SHARED_POOL_PER_UNORDERED_PAIR
43000000000,43,pool_v2v_veh_2_veh_5,veh_2,veh_5,DIRECT_V2V,10000000,DIAGNOSTIC_SYNTHETIC_VALUE,ONE_SHARED_POOL_PER_UNORDERED_PAIR
43000000000,43,pool_v2v_veh_2_veh_6,veh_2,veh_6,DIRECT_V2V,10000000,DIAGNOSTIC_SYNTHETIC_VALUE,ONE_SHARED_POOL_PER_UNORDERED_PAIR
43000000000,43,pool_v2v_veh_2_veh_7,veh_2,veh_7,DIRECT_V2V,10000000,DIAGNOSTIC_SYNTHETIC_VALUE,ONE_SHARED_POOL_PER_UNORDERED_PAIR
43000000000,43,pool_v2v_veh_3_veh_4,veh_3,veh_4,DIRECT_V2V,10000000,DIAGNOSTIC_SYNTHETIC_VALUE,ONE_SHARED_POOL_PER_UNORDERED_PAIR
43000000000,43,pool_v2v_veh_3_veh_5,veh_3,veh_5,DIRECT_V2V,10000000,DIAGNOSTIC_SYNTHETIC_VALUE,ONE_SHARED_POOL_PER_UNORDERED_PAIR
43000000000,43,pool_v2v_veh_3_veh_6,veh_3,veh_6,DIRECT_V2V,10000000,DIAGNOSTIC_SYNTHETIC_VALUE,ONE_SHARED_POOL_PER_UNORDERED_PAIR
43000000000,43,pool_v2v_veh_3_veh_7,veh_3,veh_7,DIRECT_V2V,10000000,DIAGNOSTIC_SYNTHETIC_VALUE,ONE_SHARED_POOL_PER_UNORDERED_PAIR
43000000000,43,pool_v2v_veh_3_veh_8,veh_3,veh_8,DIRECT_V2V,10000000,DIAGNOSTIC_SYNTHETIC_VALUE,ONE_SHARED_POOL_PER_UNORDERED_PAIR
43000000000,43,pool_v2v_veh_4_veh_5,veh_4,veh_5,DIRECT_V2V,10000000,DIAGNOSTIC_SYNTHETIC_VALUE,ONE_SHARED_POOL_PER_UNORDERED_PAIR
43000000000,43,pool_v2v_veh_4_veh_6,veh_4,veh_6,DIRECT_V2V,10000000,DIAGNOSTIC_SYNTHETIC_VALUE,ONE_SHARED_POOL_PER_UNORDERED_PAIR
43000000000,43,pool_v2v_veh_4_veh_7,veh_4,veh_7,DIRECT_V2V,10000000,DIAGNOSTIC_SYNTHETIC_VALUE,ONE_SHARED_POOL_PER_UNORDERED_PAIR
43000000000,43,pool_v2v_veh_4_veh_8,veh_4,veh_8,DIRECT_V2V,10000000,DIAGNOSTIC_SYNTHETIC_VALUE,ONE_SHARED_POOL_PER_UNORDERED_PAIR
43000000000,43,pool_v2v_veh_4_veh_9,veh_4,veh_9,DIRECT_V2V,10000000,DIAGNOSTIC_SYNTHETIC_VALUE,ONE_SHARED_POOL_PER_UNORDERED_PAIR
43000000000,43,pool_v2v_veh_5_veh_6,veh_5,veh_6,DIRECT_V2V,10000000,DIAGNOSTIC_SYNTHETIC_VALUE,ONE_SHARED_POOL_PER_UNORDERED_PAIR
43000000000,43,pool_v2v_veh_5_veh_7,veh_5,veh_7,DIRECT_V2V,10000000,DIAGNOSTIC_SYNTHETIC_VALUE,ONE_SHARED_POOL_PER_UNORDERED_PAIR
43000000000,43,pool_v2v_veh_5_veh_8,veh_5,veh_8,DIRECT_V2V,10000000,DIAGNOSTIC_SYNTHETIC_VALUE,ONE_SHARED_POOL_PER_UNORDERED_PAIR
43000000000,43,pool_v2v_veh_5_veh_9,veh_5,veh_9,DIRECT_V2V,10000000,DIAGNOSTIC_SYNTHETIC_VALUE,ONE_SHARED_POOL_PER_UNORDERED_PAIR
43000000000,43,pool_v2v_veh_6_veh_7,veh_6,veh_7,DIRECT_V2V,10000000,DIAGNOSTIC_SYNTHETIC_VALUE,ONE_SHARED_POOL_PER_UNORDERED_PAIR
43000000000,43,pool_v2v_veh_6_veh_8,veh_6,veh_8,DIRECT_V2V,10000000,DIAGNOSTIC_SYNTHETIC_VALUE,ONE_SHARED_POOL_PER_UNORDERED_PAIR
43000000000,43,pool_v2v_veh_6_veh_9,veh_6,veh_9,DIRECT_V2V,10000000,DIAGNOSTIC_SYNTHETIC_VALUE,ONE_SHARED_POOL_PER_UNORDERED_PAIR
43000000000,43,pool_v2v_veh_7_veh_8,veh_7,veh_8,DIRECT_V2V,10000000,DIAGNOSTIC_SYNTHETIC_VALUE,ONE_SHARED_POOL_PER_UNORDERED_PAIR
43000000000,43,pool_v2v_veh_7_veh_9,veh_7,veh_9,DIRECT_V2V,10000000,DIAGNOSTIC_SYNTHETIC_VALUE,ONE_SHARED_POOL_PER_UNORDERED_PAIR
43000000000,43,pool_v2v_veh_8_veh_9,veh_8,veh_9,DIRECT_V2V,10000000,DIAGNOSTIC_SYNTHETIC_VALUE,ONE_SHARED_POOL_PER_UNORDERED_PAIR
44000000000,44,pool_v2v_veh_0_veh_1,veh_0,veh_1,DIRECT_V2V,10000000,DIAGNOSTIC_SYNTHETIC_VALUE,ONE_SHARED_POOL_PER_UNORDERED_PAIR
44000000000,44,pool_v2v_veh_0_veh_2,veh_0,veh_2,DIRECT_V2V,10000000,DIAGNOSTIC_SYNTHETIC_VALUE,ONE_SHARED_POOL_PER_UNORDERED_PAIR
44000000000,44,pool_v2v_veh_0_veh_3,veh_0,veh_3,DIRECT_V2V,10000000,DIAGNOSTIC_SYNTHETIC_VALUE,ONE_SHARED_POOL_PER_UNORDERED_PAIR
44000000000,44,pool_v2v_veh_0_veh_4,veh_0,veh_4,DIRECT_V2V,10000000,DIAGNOSTIC_SYNTHETIC_VALUE,ONE_SHARED_POOL_PER_UNORDERED_PAIR
44000000000,44,pool_v2v_veh_0_veh_5,veh_0,veh_5,DIRECT_V2V,10000000,DIAGNOSTIC_SYNTHETIC_VALUE,ONE_SHARED_POOL_PER_UNORDERED_PAIR
44000000000,44,pool_v2v_veh_1_veh_2,veh_1,veh_2,DIRECT_V2V,10000000,DIAGNOSTIC_SYNTHETIC_VALUE,ONE_SHARED_POOL_PER_UNORDERED_PAIR
44000000000,44,pool_v2v_veh_1_veh_3,veh_1,veh_3,DIRECT_V2V,10000000,DIAGNOSTIC_SYNTHETIC_VALUE,ONE_SHARED_POOL_PER_UNORDERED_PAIR
44000000000,44,pool_v2v_veh_1_veh_4,veh_1,veh_4,DIRECT_V2V,10000000,DIAGNOSTIC_SYNTHETIC_VALUE,ONE_SHARED_POOL_PER_UNORDERED_PAIR
44000000000,44,pool_v2v_veh_1_veh_5,veh_1,veh_5,DIRECT_V2V,10000000,DIAGNOSTIC_SYNTHETIC_VALUE,ONE_SHARED_POOL_PER_UNORDERED_PAIR
44000000000,44,pool_v2v_veh_1_veh_6,veh_1,veh_6,DIRECT_V2V,10000000,DIAGNOSTIC_SYNTHETIC_VALUE,ONE_SHARED_POOL_PER_UNORDERED_PAIR
44000000000,44,pool_v2v_veh_2_veh_3,veh_2,veh_3,DIRECT_V2V,10000000,DIAGNOSTIC_SYNTHETIC_VALUE,ONE_SHARED_POOL_PER_UNORDERED_PAIR
44000000000,44,pool_v2v_veh_2_veh_4,veh_2,veh_4,DIRECT_V2V,10000000,DIAGNOSTIC_SYNTHETIC_VALUE,ONE_SHARED_POOL_PER_UNORDERED_PAIR
44000000000,44,pool_v2v_veh_2_veh_5,veh_2,veh_5,DIRECT_V2V,10000000,DIAGNOSTIC_SYNTHETIC_VALUE,ONE_SHARED_POOL_PER_UNORDERED_PAIR
44000000000,44,pool_v2v_veh_2_veh_6,veh_2,veh_6,DIRECT_V2V,10000000,DIAGNOSTIC_SYNTHETIC_VALUE,ONE_SHARED_POOL_PER_UNORDERED_PAIR
44000000000,44,pool_v2v_veh_2_veh_7,veh_2,veh_7,DIRECT_V2V,10000000,DIAGNOSTIC_SYNTHETIC_VALUE,ONE_SHARED_POOL_PER_UNORDERED_PAIR
44000000000,44,pool_v2v_veh_3_veh_4,veh_3,veh_4,DIRECT_V2V,10000000,DIAGNOSTIC_SYNTHETIC_VALUE,ONE_SHARED_POOL_PER_UNORDERED_PAIR
44000000000,44,pool_v2v_veh_3_veh_5,veh_3,veh_5,DIRECT_V2V,10000000,DIAGNOSTIC_SYNTHETIC_VALUE,ONE_SHARED_POOL_PER_UNORDERED_PAIR
44000000000,44,pool_v2v_veh_3_veh_6,veh_3,veh_6,DIRECT_V2V,10000000,DIAGNOSTIC_SYNTHETIC_VALUE,ONE_SHARED_POOL_PER_UNORDERED_PAIR
44000000000,44,pool_v2v_veh_3_veh_7,veh_3,veh_7,DIRECT_V2V,10000000,DIAGNOSTIC_SYNTHETIC_VALUE,ONE_SHARED_POOL_PER_UNORDERED_PAIR
44000000000,44,pool_v2v_veh_3_veh_8,veh_3,veh_8,DIRECT_V2V,10000000,DIAGNOSTIC_SYNTHETIC_VALUE,ONE_SHARED_POOL_PER_UNORDERED_PAIR
44000000000,44,pool_v2v_veh_4_veh_5,veh_4,veh_5,DIRECT_V2V,10000000,DIAGNOSTIC_SYNTHETIC_VALUE,ONE_SHARED_POOL_PER_UNORDERED_PAIR
44000000000,44,pool_v2v_veh_4_veh_6,veh_4,veh_6,DIRECT_V2V,10000000,DIAGNOSTIC_SYNTHETIC_VALUE,ONE_SHARED_POOL_PER_UNORDERED_PAIR
44000000000,44,pool_v2v_veh_4_veh_7,veh_4,veh_7,DIRECT_V2V,10000000,DIAGNOSTIC_SYNTHETIC_VALUE,ONE_SHARED_POOL_PER_UNORDERED_PAIR
44000000000,44,pool_v2v_veh_4_veh_8,veh_4,veh_8,DIRECT_V2V,10000000,DIAGNOSTIC_SYNTHETIC_VALUE,ONE_SHARED_POOL_PER_UNORDERED_PAIR
44000000000,44,pool_v2v_veh_4_veh_9,veh_4,veh_9,DIRECT_V2V,10000000,DIAGNOSTIC_SYNTHETIC_VALUE,ONE_SHARED_POOL_PER_UNORDERED_PAIR
44000000000,44,pool_v2v_veh_5_veh_6,veh_5,veh_6,DIRECT_V2V,10000000,DIAGNOSTIC_SYNTHETIC_VALUE,ONE_SHARED_POOL_PER_UNORDERED_PAIR
44000000000,44,pool_v2v_veh_5_veh_7,veh_5,veh_7,DIRECT_V2V,10000000,DIAGNOSTIC_SYNTHETIC_VALUE,ONE_SHARED_POOL_PER_UNORDERED_PAIR
44000000000,44,pool_v2v_veh_5_veh_8,veh_5,veh_8,DIRECT_V2V,10000000,DIAGNOSTIC_SYNTHETIC_VALUE,ONE_SHARED_POOL_PER_UNORDERED_PAIR
44000000000,44,pool_v2v_veh_5_veh_9,veh_5,veh_9,DIRECT_V2V,10000000,DIAGNOSTIC_SYNTHETIC_VALUE,ONE_SHARED_POOL_PER_UNORDERED_PAIR
44000000000,44,pool_v2v_veh_6_veh_7,veh_6,veh_7,DIRECT_V2V,10000000,DIAGNOSTIC_SYNTHETIC_VALUE,ONE_SHARED_POOL_PER_UNORDERED_PAIR
44000000000,44,pool_v2v_veh_6_veh_8,veh_6,veh_8,DIRECT_V2V,10000000,DIAGNOSTIC_SYNTHETIC_VALUE,ONE_SHARED_POOL_PER_UNORDERED_PAIR
44000000000,44,pool_v2v_veh_6_veh_9,veh_6,veh_9,DIRECT_V2V,10000000,DIAGNOSTIC_SYNTHETIC_VALUE,ONE_SHARED_POOL_PER_UNORDERED_PAIR
44000000000,44,pool_v2v_veh_7_veh_8,veh_7,veh_8,DIRECT_V2V,10000000,DIAGNOSTIC_SYNTHETIC_VALUE,ONE_SHARED_POOL_PER_UNORDERED_PAIR
44000000000,44,pool_v2v_veh_7_veh_9,veh_7,veh_9,DIRECT_V2V,10000000,DIAGNOSTIC_SYNTHETIC_VALUE,ONE_SHARED_POOL_PER_UNORDERED_PAIR
44000000000,44,pool_v2v_veh_8_veh_9,veh_8,veh_9,DIRECT_V2V,10000000,DIAGNOSTIC_SYNTHETIC_VALUE,ONE_SHARED_POOL_PER_UNORDERED_PAIR
45000000000,45,pool_v2v_veh_0_veh_1,veh_0,veh_1,DIRECT_V2V,10000000,DIAGNOSTIC_SYNTHETIC_VALUE,ONE_SHARED_POOL_PER_UNORDERED_PAIR
45000000000,45,pool_v2v_veh_0_veh_2,veh_0,veh_2,DIRECT_V2V,10000000,DIAGNOSTIC_SYNTHETIC_VALUE,ONE_SHARED_POOL_PER_UNORDERED_PAIR
45000000000,45,pool_v2v_veh_0_veh_3,veh_0,veh_3,DIRECT_V2V,10000000,DIAGNOSTIC_SYNTHETIC_VALUE,ONE_SHARED_POOL_PER_UNORDERED_PAIR
45000000000,45,pool_v2v_veh_0_veh_4,veh_0,veh_4,DIRECT_V2V,10000000,DIAGNOSTIC_SYNTHETIC_VALUE,ONE_SHARED_POOL_PER_UNORDERED_PAIR
45000000000,45,pool_v2v_veh_1_veh_2,veh_1,veh_2,DIRECT_V2V,10000000,DIAGNOSTIC_SYNTHETIC_VALUE,ONE_SHARED_POOL_PER_UNORDERED_PAIR
45000000000,45,pool_v2v_veh_1_veh_3,veh_1,veh_3,DIRECT_V2V,10000000,DIAGNOSTIC_SYNTHETIC_VALUE,ONE_SHARED_POOL_PER_UNORDERED_PAIR
45000000000,45,pool_v2v_veh_1_veh_4,veh_1,veh_4,DIRECT_V2V,10000000,DIAGNOSTIC_SYNTHETIC_VALUE,ONE_SHARED_POOL_PER_UNORDERED_PAIR
45000000000,45,pool_v2v_veh_1_veh_5,veh_1,veh_5,DIRECT_V2V,10000000,DIAGNOSTIC_SYNTHETIC_VALUE,ONE_SHARED_POOL_PER_UNORDERED_PAIR
45000000000,45,pool_v2v_veh_1_veh_6,veh_1,veh_6,DIRECT_V2V,10000000,DIAGNOSTIC_SYNTHETIC_VALUE,ONE_SHARED_POOL_PER_UNORDERED_PAIR
45000000000,45,pool_v2v_veh_2_veh_3,veh_2,veh_3,DIRECT_V2V,10000000,DIAGNOSTIC_SYNTHETIC_VALUE,ONE_SHARED_POOL_PER_UNORDERED_PAIR
45000000000,45,pool_v2v_veh_2_veh_4,veh_2,veh_4,DIRECT_V2V,10000000,DIAGNOSTIC_SYNTHETIC_VALUE,ONE_SHARED_POOL_PER_UNORDERED_PAIR
45000000000,45,pool_v2v_veh_2_veh_5,veh_2,veh_5,DIRECT_V2V,10000000,DIAGNOSTIC_SYNTHETIC_VALUE,ONE_SHARED_POOL_PER_UNORDERED_PAIR
45000000000,45,pool_v2v_veh_2_veh_6,veh_2,veh_6,DIRECT_V2V,10000000,DIAGNOSTIC_SYNTHETIC_VALUE,ONE_SHARED_POOL_PER_UNORDERED_PAIR
45000000000,45,pool_v2v_veh_2_veh_7,veh_2,veh_7,DIRECT_V2V,10000000,DIAGNOSTIC_SYNTHETIC_VALUE,ONE_SHARED_POOL_PER_UNORDERED_PAIR
45000000000,45,pool_v2v_veh_3_veh_4,veh_3,veh_4,DIRECT_V2V,10000000,DIAGNOSTIC_SYNTHETIC_VALUE,ONE_SHARED_POOL_PER_UNORDERED_PAIR
45000000000,45,pool_v2v_veh_3_veh_5,veh_3,veh_5,DIRECT_V2V,10000000,DIAGNOSTIC_SYNTHETIC_VALUE,ONE_SHARED_POOL_PER_UNORDERED_PAIR
45000000000,45,pool_v2v_veh_3_veh_6,veh_3,veh_6,DIRECT_V2V,10000000,DIAGNOSTIC_SYNTHETIC_VALUE,ONE_SHARED_POOL_PER_UNORDERED_PAIR
45000000000,45,pool_v2v_veh_3_veh_7,veh_3,veh_7,DIRECT_V2V,10000000,DIAGNOSTIC_SYNTHETIC_VALUE,ONE_SHARED_POOL_PER_UNORDERED_PAIR
45000000000,45,pool_v2v_veh_3_veh_8,veh_3,veh_8,DIRECT_V2V,10000000,DIAGNOSTIC_SYNTHETIC_VALUE,ONE_SHARED_POOL_PER_UNORDERED_PAIR
45000000000,45,pool_v2v_veh_4_veh_5,veh_4,veh_5,DIRECT_V2V,10000000,DIAGNOSTIC_SYNTHETIC_VALUE,ONE_SHARED_POOL_PER_UNORDERED_PAIR
45000000000,45,pool_v2v_veh_4_veh_6,veh_4,veh_6,DIRECT_V2V,10000000,DIAGNOSTIC_SYNTHETIC_VALUE,ONE_SHARED_POOL_PER_UNORDERED_PAIR
45000000000,45,pool_v2v_veh_4_veh_7,veh_4,veh_7,DIRECT_V2V,10000000,DIAGNOSTIC_SYNTHETIC_VALUE,ONE_SHARED_POOL_PER_UNORDERED_PAIR
45000000000,45,pool_v2v_veh_4_veh_8,veh_4,veh_8,DIRECT_V2V,10000000,DIAGNOSTIC_SYNTHETIC_VALUE,ONE_SHARED_POOL_PER_UNORDERED_PAIR
45000000000,45,pool_v2v_veh_4_veh_9,veh_4,veh_9,DIRECT_V2V,10000000,DIAGNOSTIC_SYNTHETIC_VALUE,ONE_SHARED_POOL_PER_UNORDERED_PAIR
45000000000,45,pool_v2v_veh_5_veh_6,veh_5,veh_6,DIRECT_V2V,10000000,DIAGNOSTIC_SYNTHETIC_VALUE,ONE_SHARED_POOL_PER_UNORDERED_PAIR
45000000000,45,pool_v2v_veh_5_veh_7,veh_5,veh_7,DIRECT_V2V,10000000,DIAGNOSTIC_SYNTHETIC_VALUE,ONE_SHARED_POOL_PER_UNORDERED_PAIR
45000000000,45,pool_v2v_veh_5_veh_8,veh_5,veh_8,DIRECT_V2V,10000000,DIAGNOSTIC_SYNTHETIC_VALUE,ONE_SHARED_POOL_PER_UNORDERED_PAIR
45000000000,45,pool_v2v_veh_5_veh_9,veh_5,veh_9,DIRECT_V2V,10000000,DIAGNOSTIC_SYNTHETIC_VALUE,ONE_SHARED_POOL_PER_UNORDERED_PAIR
45000000000,45,pool_v2v_veh_6_veh_7,veh_6,veh_7,DIRECT_V2V,10000000,DIAGNOSTIC_SYNTHETIC_VALUE,ONE_SHARED_POOL_PER_UNORDERED_PAIR
45000000000,45,pool_v2v_veh_6_veh_8,veh_6,veh_8,DIRECT_V2V,10000000,DIAGNOSTIC_SYNTHETIC_VALUE,ONE_SHARED_POOL_PER_UNORDERED_PAIR
45000000000,45,pool_v2v_veh_6_veh_9,veh_6,veh_9,DIRECT_V2V,10000000,DIAGNOSTIC_SYNTHETIC_VALUE,ONE_SHARED_POOL_PER_UNORDERED_PAIR
45000000000,45,pool_v2v_veh_7_veh_8,veh_7,veh_8,DIRECT_V2V,10000000,DIAGNOSTIC_SYNTHETIC_VALUE,ONE_SHARED_POOL_PER_UNORDERED_PAIR
45000000000,45,pool_v2v_veh_7_veh_9,veh_7,veh_9,DIRECT_V2V,10000000,DIAGNOSTIC_SYNTHETIC_VALUE,ONE_SHARED_POOL_PER_UNORDERED_PAIR
45000000000,45,pool_v2v_veh_8_veh_9,veh_8,veh_9,DIRECT_V2V,10000000,DIAGNOSTIC_SYNTHETIC_VALUE,ONE_SHARED_POOL_PER_UNORDERED_PAIR
46000000000,46,pool_v2v_veh_0_veh_1,veh_0,veh_1,DIRECT_V2V,10000000,DIAGNOSTIC_SYNTHETIC_VALUE,ONE_SHARED_POOL_PER_UNORDERED_PAIR
46000000000,46,pool_v2v_veh_0_veh_2,veh_0,veh_2,DIRECT_V2V,10000000,DIAGNOSTIC_SYNTHETIC_VALUE,ONE_SHARED_POOL_PER_UNORDERED_PAIR
46000000000,46,pool_v2v_veh_0_veh_3,veh_0,veh_3,DIRECT_V2V,10000000,DIAGNOSTIC_SYNTHETIC_VALUE,ONE_SHARED_POOL_PER_UNORDERED_PAIR
46000000000,46,pool_v2v_veh_0_veh_4,veh_0,veh_4,DIRECT_V2V,10000000,DIAGNOSTIC_SYNTHETIC_VALUE,ONE_SHARED_POOL_PER_UNORDERED_PAIR
46000000000,46,pool_v2v_veh_1_veh_2,veh_1,veh_2,DIRECT_V2V,10000000,DIAGNOSTIC_SYNTHETIC_VALUE,ONE_SHARED_POOL_PER_UNORDERED_PAIR
46000000000,46,pool_v2v_veh_1_veh_3,veh_1,veh_3,DIRECT_V2V,10000000,DIAGNOSTIC_SYNTHETIC_VALUE,ONE_SHARED_POOL_PER_UNORDERED_PAIR
46000000000,46,pool_v2v_veh_1_veh_4,veh_1,veh_4,DIRECT_V2V,10000000,DIAGNOSTIC_SYNTHETIC_VALUE,ONE_SHARED_POOL_PER_UNORDERED_PAIR
46000000000,46,pool_v2v_veh_1_veh_5,veh_1,veh_5,DIRECT_V2V,10000000,DIAGNOSTIC_SYNTHETIC_VALUE,ONE_SHARED_POOL_PER_UNORDERED_PAIR
46000000000,46,pool_v2v_veh_1_veh_6,veh_1,veh_6,DIRECT_V2V,10000000,DIAGNOSTIC_SYNTHETIC_VALUE,ONE_SHARED_POOL_PER_UNORDERED_PAIR
46000000000,46,pool_v2v_veh_2_veh_3,veh_2,veh_3,DIRECT_V2V,10000000,DIAGNOSTIC_SYNTHETIC_VALUE,ONE_SHARED_POOL_PER_UNORDERED_PAIR
46000000000,46,pool_v2v_veh_2_veh_4,veh_2,veh_4,DIRECT_V2V,10000000,DIAGNOSTIC_SYNTHETIC_VALUE,ONE_SHARED_POOL_PER_UNORDERED_PAIR
46000000000,46,pool_v2v_veh_2_veh_5,veh_2,veh_5,DIRECT_V2V,10000000,DIAGNOSTIC_SYNTHETIC_VALUE,ONE_SHARED_POOL_PER_UNORDERED_PAIR
46000000000,46,pool_v2v_veh_2_veh_6,veh_2,veh_6,DIRECT_V2V,10000000,DIAGNOSTIC_SYNTHETIC_VALUE,ONE_SHARED_POOL_PER_UNORDERED_PAIR
46000000000,46,pool_v2v_veh_2_veh_7,veh_2,veh_7,DIRECT_V2V,10000000,DIAGNOSTIC_SYNTHETIC_VALUE,ONE_SHARED_POOL_PER_UNORDERED_PAIR
46000000000,46,pool_v2v_veh_3_veh_4,veh_3,veh_4,DIRECT_V2V,10000000,DIAGNOSTIC_SYNTHETIC_VALUE,ONE_SHARED_POOL_PER_UNORDERED_PAIR
46000000000,46,pool_v2v_veh_3_veh_5,veh_3,veh_5,DIRECT_V2V,10000000,DIAGNOSTIC_SYNTHETIC_VALUE,ONE_SHARED_POOL_PER_UNORDERED_PAIR
46000000000,46,pool_v2v_veh_3_veh_6,veh_3,veh_6,DIRECT_V2V,10000000,DIAGNOSTIC_SYNTHETIC_VALUE,ONE_SHARED_POOL_PER_UNORDERED_PAIR
46000000000,46,pool_v2v_veh_3_veh_7,veh_3,veh_7,DIRECT_V2V,10000000,DIAGNOSTIC_SYNTHETIC_VALUE,ONE_SHARED_POOL_PER_UNORDERED_PAIR
46000000000,46,pool_v2v_veh_3_veh_8,veh_3,veh_8,DIRECT_V2V,10000000,DIAGNOSTIC_SYNTHETIC_VALUE,ONE_SHARED_POOL_PER_UNORDERED_PAIR
46000000000,46,pool_v2v_veh_4_veh_5,veh_4,veh_5,DIRECT_V2V,10000000,DIAGNOSTIC_SYNTHETIC_VALUE,ONE_SHARED_POOL_PER_UNORDERED_PAIR
46000000000,46,pool_v2v_veh_4_veh_6,veh_4,veh_6,DIRECT_V2V,10000000,DIAGNOSTIC_SYNTHETIC_VALUE,ONE_SHARED_POOL_PER_UNORDERED_PAIR
46000000000,46,pool_v2v_veh_4_veh_7,veh_4,veh_7,DIRECT_V2V,10000000,DIAGNOSTIC_SYNTHETIC_VALUE,ONE_SHARED_POOL_PER_UNORDERED_PAIR
46000000000,46,pool_v2v_veh_4_veh_8,veh_4,veh_8,DIRECT_V2V,10000000,DIAGNOSTIC_SYNTHETIC_VALUE,ONE_SHARED_POOL_PER_UNORDERED_PAIR
46000000000,46,pool_v2v_veh_4_veh_9,veh_4,veh_9,DIRECT_V2V,10000000,DIAGNOSTIC_SYNTHETIC_VALUE,ONE_SHARED_POOL_PER_UNORDERED_PAIR
46000000000,46,pool_v2v_veh_5_veh_6,veh_5,veh_6,DIRECT_V2V,10000000,DIAGNOSTIC_SYNTHETIC_VALUE,ONE_SHARED_POOL_PER_UNORDERED_PAIR
46000000000,46,pool_v2v_veh_5_veh_7,veh_5,veh_7,DIRECT_V2V,10000000,DIAGNOSTIC_SYNTHETIC_VALUE,ONE_SHARED_POOL_PER_UNORDERED_PAIR
46000000000,46,pool_v2v_veh_5_veh_8,veh_5,veh_8,DIRECT_V2V,10000000,DIAGNOSTIC_SYNTHETIC_VALUE,ONE_SHARED_POOL_PER_UNORDERED_PAIR
46000000000,46,pool_v2v_veh_5_veh_9,veh_5,veh_9,DIRECT_V2V,10000000,DIAGNOSTIC_SYNTHETIC_VALUE,ONE_SHARED_POOL_PER_UNORDERED_PAIR
46000000000,46,pool_v2v_veh_6_veh_7,veh_6,veh_7,DIRECT_V2V,10000000,DIAGNOSTIC_SYNTHETIC_VALUE,ONE_SHARED_POOL_PER_UNORDERED_PAIR
46000000000,46,pool_v2v_veh_6_veh_8,veh_6,veh_8,DIRECT_V2V,10000000,DIAGNOSTIC_SYNTHETIC_VALUE,ONE_SHARED_POOL_PER_UNORDERED_PAIR
46000000000,46,pool_v2v_veh_6_veh_9,veh_6,veh_9,DIRECT_V2V,10000000,DIAGNOSTIC_SYNTHETIC_VALUE,ONE_SHARED_POOL_PER_UNORDERED_PAIR
46000000000,46,pool_v2v_veh_7_veh_8,veh_7,veh_8,DIRECT_V2V,10000000,DIAGNOSTIC_SYNTHETIC_VALUE,ONE_SHARED_POOL_PER_UNORDERED_PAIR
46000000000,46,pool_v2v_veh_7_veh_9,veh_7,veh_9,DIRECT_V2V,10000000,DIAGNOSTIC_SYNTHETIC_VALUE,ONE_SHARED_POOL_PER_UNORDERED_PAIR
46000000000,46,pool_v2v_veh_8_veh_9,veh_8,veh_9,DIRECT_V2V,10000000,DIAGNOSTIC_SYNTHETIC_VALUE,ONE_SHARED_POOL_PER_UNORDERED_PAIR
47000000000,47,pool_v2v_veh_0_veh_1,veh_0,veh_1,DIRECT_V2V,10000000,DIAGNOSTIC_SYNTHETIC_VALUE,ONE_SHARED_POOL_PER_UNORDERED_PAIR
47000000000,47,pool_v2v_veh_0_veh_2,veh_0,veh_2,DIRECT_V2V,10000000,DIAGNOSTIC_SYNTHETIC_VALUE,ONE_SHARED_POOL_PER_UNORDERED_PAIR
47000000000,47,pool_v2v_veh_0_veh_3,veh_0,veh_3,DIRECT_V2V,10000000,DIAGNOSTIC_SYNTHETIC_VALUE,ONE_SHARED_POOL_PER_UNORDERED_PAIR
47000000000,47,pool_v2v_veh_0_veh_4,veh_0,veh_4,DIRECT_V2V,10000000,DIAGNOSTIC_SYNTHETIC_VALUE,ONE_SHARED_POOL_PER_UNORDERED_PAIR
47000000000,47,pool_v2v_veh_0_veh_5,veh_0,veh_5,DIRECT_V2V,10000000,DIAGNOSTIC_SYNTHETIC_VALUE,ONE_SHARED_POOL_PER_UNORDERED_PAIR
47000000000,47,pool_v2v_veh_1_veh_2,veh_1,veh_2,DIRECT_V2V,10000000,DIAGNOSTIC_SYNTHETIC_VALUE,ONE_SHARED_POOL_PER_UNORDERED_PAIR
47000000000,47,pool_v2v_veh_1_veh_3,veh_1,veh_3,DIRECT_V2V,10000000,DIAGNOSTIC_SYNTHETIC_VALUE,ONE_SHARED_POOL_PER_UNORDERED_PAIR
47000000000,47,pool_v2v_veh_1_veh_4,veh_1,veh_4,DIRECT_V2V,10000000,DIAGNOSTIC_SYNTHETIC_VALUE,ONE_SHARED_POOL_PER_UNORDERED_PAIR
47000000000,47,pool_v2v_veh_1_veh_5,veh_1,veh_5,DIRECT_V2V,10000000,DIAGNOSTIC_SYNTHETIC_VALUE,ONE_SHARED_POOL_PER_UNORDERED_PAIR
47000000000,47,pool_v2v_veh_1_veh_6,veh_1,veh_6,DIRECT_V2V,10000000,DIAGNOSTIC_SYNTHETIC_VALUE,ONE_SHARED_POOL_PER_UNORDERED_PAIR
47000000000,47,pool_v2v_veh_2_veh_3,veh_2,veh_3,DIRECT_V2V,10000000,DIAGNOSTIC_SYNTHETIC_VALUE,ONE_SHARED_POOL_PER_UNORDERED_PAIR
47000000000,47,pool_v2v_veh_2_veh_4,veh_2,veh_4,DIRECT_V2V,10000000,DIAGNOSTIC_SYNTHETIC_VALUE,ONE_SHARED_POOL_PER_UNORDERED_PAIR
47000000000,47,pool_v2v_veh_2_veh_5,veh_2,veh_5,DIRECT_V2V,10000000,DIAGNOSTIC_SYNTHETIC_VALUE,ONE_SHARED_POOL_PER_UNORDERED_PAIR
47000000000,47,pool_v2v_veh_2_veh_6,veh_2,veh_6,DIRECT_V2V,10000000,DIAGNOSTIC_SYNTHETIC_VALUE,ONE_SHARED_POOL_PER_UNORDERED_PAIR
47000000000,47,pool_v2v_veh_2_veh_7,veh_2,veh_7,DIRECT_V2V,10000000,DIAGNOSTIC_SYNTHETIC_VALUE,ONE_SHARED_POOL_PER_UNORDERED_PAIR
47000000000,47,pool_v2v_veh_3_veh_4,veh_3,veh_4,DIRECT_V2V,10000000,DIAGNOSTIC_SYNTHETIC_VALUE,ONE_SHARED_POOL_PER_UNORDERED_PAIR
47000000000,47,pool_v2v_veh_3_veh_5,veh_3,veh_5,DIRECT_V2V,10000000,DIAGNOSTIC_SYNTHETIC_VALUE,ONE_SHARED_POOL_PER_UNORDERED_PAIR
47000000000,47,pool_v2v_veh_3_veh_6,veh_3,veh_6,DIRECT_V2V,10000000,DIAGNOSTIC_SYNTHETIC_VALUE,ONE_SHARED_POOL_PER_UNORDERED_PAIR
47000000000,47,pool_v2v_veh_3_veh_7,veh_3,veh_7,DIRECT_V2V,10000000,DIAGNOSTIC_SYNTHETIC_VALUE,ONE_SHARED_POOL_PER_UNORDERED_PAIR
47000000000,47,pool_v2v_veh_3_veh_8,veh_3,veh_8,DIRECT_V2V,10000000,DIAGNOSTIC_SYNTHETIC_VALUE,ONE_SHARED_POOL_PER_UNORDERED_PAIR
47000000000,47,pool_v2v_veh_4_veh_5,veh_4,veh_5,DIRECT_V2V,10000000,DIAGNOSTIC_SYNTHETIC_VALUE,ONE_SHARED_POOL_PER_UNORDERED_PAIR
47000000000,47,pool_v2v_veh_4_veh_6,veh_4,veh_6,DIRECT_V2V,10000000,DIAGNOSTIC_SYNTHETIC_VALUE,ONE_SHARED_POOL_PER_UNORDERED_PAIR
47000000000,47,pool_v2v_veh_4_veh_7,veh_4,veh_7,DIRECT_V2V,10000000,DIAGNOSTIC_SYNTHETIC_VALUE,ONE_SHARED_POOL_PER_UNORDERED_PAIR
47000000000,47,pool_v2v_veh_4_veh_8,veh_4,veh_8,DIRECT_V2V,10000000,DIAGNOSTIC_SYNTHETIC_VALUE,ONE_SHARED_POOL_PER_UNORDERED_PAIR
47000000000,47,pool_v2v_veh_4_veh_9,veh_4,veh_9,DIRECT_V2V,10000000,DIAGNOSTIC_SYNTHETIC_VALUE,ONE_SHARED_POOL_PER_UNORDERED_PAIR
47000000000,47,pool_v2v_veh_5_veh_6,veh_5,veh_6,DIRECT_V2V,10000000,DIAGNOSTIC_SYNTHETIC_VALUE,ONE_SHARED_POOL_PER_UNORDERED_PAIR
47000000000,47,pool_v2v_veh_5_veh_7,veh_5,veh_7,DIRECT_V2V,10000000,DIAGNOSTIC_SYNTHETIC_VALUE,ONE_SHARED_POOL_PER_UNORDERED_PAIR
47000000000,47,pool_v2v_veh_5_veh_8,veh_5,veh_8,DIRECT_V2V,10000000,DIAGNOSTIC_SYNTHETIC_VALUE,ONE_SHARED_POOL_PER_UNORDERED_PAIR
47000000000,47,pool_v2v_veh_5_veh_9,veh_5,veh_9,DIRECT_V2V,10000000,DIAGNOSTIC_SYNTHETIC_VALUE,ONE_SHARED_POOL_PER_UNORDERED_PAIR
47000000000,47,pool_v2v_veh_5_veh_10,veh_5,veh_10,DIRECT_V2V,10000000,DIAGNOSTIC_SYNTHETIC_VALUE,ONE_SHARED_POOL_PER_UNORDERED_PAIR
47000000000,47,pool_v2v_veh_6_veh_7,veh_6,veh_7,DIRECT_V2V,10000000,DIAGNOSTIC_SYNTHETIC_VALUE,ONE_SHARED_POOL_PER_UNORDERED_PAIR
47000000000,47,pool_v2v_veh_6_veh_8,veh_6,veh_8,DIRECT_V2V,10000000,DIAGNOSTIC_SYNTHETIC_VALUE,ONE_SHARED_POOL_PER_UNORDERED_PAIR
47000000000,47,pool_v2v_veh_6_veh_9,veh_6,veh_9,DIRECT_V2V,10000000,DIAGNOSTIC_SYNTHETIC_VALUE,ONE_SHARED_POOL_PER_UNORDERED_PAIR
47000000000,47,pool_v2v_veh_6_veh_10,veh_6,veh_10,DIRECT_V2V,10000000,DIAGNOSTIC_SYNTHETIC_VALUE,ONE_SHARED_POOL_PER_UNORDERED_PAIR
47000000000,47,pool_v2v_veh_7_veh_8,veh_7,veh_8,DIRECT_V2V,10000000,DIAGNOSTIC_SYNTHETIC_VALUE,ONE_SHARED_POOL_PER_UNORDERED_PAIR
47000000000,47,pool_v2v_veh_7_veh_9,veh_7,veh_9,DIRECT_V2V,10000000,DIAGNOSTIC_SYNTHETIC_VALUE,ONE_SHARED_POOL_PER_UNORDERED_PAIR
47000000000,47,pool_v2v_veh_7_veh_10,veh_7,veh_10,DIRECT_V2V,10000000,DIAGNOSTIC_SYNTHETIC_VALUE,ONE_SHARED_POOL_PER_UNORDERED_PAIR
47000000000,47,pool_v2v_veh_8_veh_9,veh_8,veh_9,DIRECT_V2V,10000000,DIAGNOSTIC_SYNTHETIC_VALUE,ONE_SHARED_POOL_PER_UNORDERED_PAIR
47000000000,47,pool_v2v_veh_8_veh_10,veh_8,veh_10,DIRECT_V2V,10000000,DIAGNOSTIC_SYNTHETIC_VALUE,ONE_SHARED_POOL_PER_UNORDERED_PAIR
47000000000,47,pool_v2v_veh_9_veh_10,veh_9,veh_10,DIRECT_V2V,10000000,DIAGNOSTIC_SYNTHETIC_VALUE,ONE_SHARED_POOL_PER_UNORDERED_PAIR
48000000000,48,pool_v2v_veh_0_veh_1,veh_0,veh_1,DIRECT_V2V,10000000,DIAGNOSTIC_SYNTHETIC_VALUE,ONE_SHARED_POOL_PER_UNORDERED_PAIR
48000000000,48,pool_v2v_veh_0_veh_2,veh_0,veh_2,DIRECT_V2V,10000000,DIAGNOSTIC_SYNTHETIC_VALUE,ONE_SHARED_POOL_PER_UNORDERED_PAIR
48000000000,48,pool_v2v_veh_0_veh_3,veh_0,veh_3,DIRECT_V2V,10000000,DIAGNOSTIC_SYNTHETIC_VALUE,ONE_SHARED_POOL_PER_UNORDERED_PAIR
48000000000,48,pool_v2v_veh_0_veh_4,veh_0,veh_4,DIRECT_V2V,10000000,DIAGNOSTIC_SYNTHETIC_VALUE,ONE_SHARED_POOL_PER_UNORDERED_PAIR
48000000000,48,pool_v2v_veh_0_veh_5,veh_0,veh_5,DIRECT_V2V,10000000,DIAGNOSTIC_SYNTHETIC_VALUE,ONE_SHARED_POOL_PER_UNORDERED_PAIR
48000000000,48,pool_v2v_veh_1_veh_2,veh_1,veh_2,DIRECT_V2V,10000000,DIAGNOSTIC_SYNTHETIC_VALUE,ONE_SHARED_POOL_PER_UNORDERED_PAIR
48000000000,48,pool_v2v_veh_1_veh_3,veh_1,veh_3,DIRECT_V2V,10000000,DIAGNOSTIC_SYNTHETIC_VALUE,ONE_SHARED_POOL_PER_UNORDERED_PAIR
48000000000,48,pool_v2v_veh_1_veh_4,veh_1,veh_4,DIRECT_V2V,10000000,DIAGNOSTIC_SYNTHETIC_VALUE,ONE_SHARED_POOL_PER_UNORDERED_PAIR
48000000000,48,pool_v2v_veh_1_veh_5,veh_1,veh_5,DIRECT_V2V,10000000,DIAGNOSTIC_SYNTHETIC_VALUE,ONE_SHARED_POOL_PER_UNORDERED_PAIR
48000000000,48,pool_v2v_veh_1_veh_6,veh_1,veh_6,DIRECT_V2V,10000000,DIAGNOSTIC_SYNTHETIC_VALUE,ONE_SHARED_POOL_PER_UNORDERED_PAIR
48000000000,48,pool_v2v_veh_2_veh_3,veh_2,veh_3,DIRECT_V2V,10000000,DIAGNOSTIC_SYNTHETIC_VALUE,ONE_SHARED_POOL_PER_UNORDERED_PAIR
48000000000,48,pool_v2v_veh_2_veh_4,veh_2,veh_4,DIRECT_V2V,10000000,DIAGNOSTIC_SYNTHETIC_VALUE,ONE_SHARED_POOL_PER_UNORDERED_PAIR
48000000000,48,pool_v2v_veh_2_veh_5,veh_2,veh_5,DIRECT_V2V,10000000,DIAGNOSTIC_SYNTHETIC_VALUE,ONE_SHARED_POOL_PER_UNORDERED_PAIR
48000000000,48,pool_v2v_veh_2_veh_6,veh_2,veh_6,DIRECT_V2V,10000000,DIAGNOSTIC_SYNTHETIC_VALUE,ONE_SHARED_POOL_PER_UNORDERED_PAIR
48000000000,48,pool_v2v_veh_2_veh_7,veh_2,veh_7,DIRECT_V2V,10000000,DIAGNOSTIC_SYNTHETIC_VALUE,ONE_SHARED_POOL_PER_UNORDERED_PAIR
48000000000,48,pool_v2v_veh_3_veh_4,veh_3,veh_4,DIRECT_V2V,10000000,DIAGNOSTIC_SYNTHETIC_VALUE,ONE_SHARED_POOL_PER_UNORDERED_PAIR
48000000000,48,pool_v2v_veh_3_veh_5,veh_3,veh_5,DIRECT_V2V,10000000,DIAGNOSTIC_SYNTHETIC_VALUE,ONE_SHARED_POOL_PER_UNORDERED_PAIR
48000000000,48,pool_v2v_veh_3_veh_6,veh_3,veh_6,DIRECT_V2V,10000000,DIAGNOSTIC_SYNTHETIC_VALUE,ONE_SHARED_POOL_PER_UNORDERED_PAIR
48000000000,48,pool_v2v_veh_3_veh_7,veh_3,veh_7,DIRECT_V2V,10000000,DIAGNOSTIC_SYNTHETIC_VALUE,ONE_SHARED_POOL_PER_UNORDERED_PAIR
48000000000,48,pool_v2v_veh_3_veh_8,veh_3,veh_8,DIRECT_V2V,10000000,DIAGNOSTIC_SYNTHETIC_VALUE,ONE_SHARED_POOL_PER_UNORDERED_PAIR
48000000000,48,pool_v2v_veh_4_veh_5,veh_4,veh_5,DIRECT_V2V,10000000,DIAGNOSTIC_SYNTHETIC_VALUE,ONE_SHARED_POOL_PER_UNORDERED_PAIR
48000000000,48,pool_v2v_veh_4_veh_6,veh_4,veh_6,DIRECT_V2V,10000000,DIAGNOSTIC_SYNTHETIC_VALUE,ONE_SHARED_POOL_PER_UNORDERED_PAIR
48000000000,48,pool_v2v_veh_4_veh_7,veh_4,veh_7,DIRECT_V2V,10000000,DIAGNOSTIC_SYNTHETIC_VALUE,ONE_SHARED_POOL_PER_UNORDERED_PAIR
48000000000,48,pool_v2v_veh_4_veh_8,veh_4,veh_8,DIRECT_V2V,10000000,DIAGNOSTIC_SYNTHETIC_VALUE,ONE_SHARED_POOL_PER_UNORDERED_PAIR
48000000000,48,pool_v2v_veh_4_veh_9,veh_4,veh_9,DIRECT_V2V,10000000,DIAGNOSTIC_SYNTHETIC_VALUE,ONE_SHARED_POOL_PER_UNORDERED_PAIR
48000000000,48,pool_v2v_veh_5_veh_6,veh_5,veh_6,DIRECT_V2V,10000000,DIAGNOSTIC_SYNTHETIC_VALUE,ONE_SHARED_POOL_PER_UNORDERED_PAIR
48000000000,48,pool_v2v_veh_5_veh_7,veh_5,veh_7,DIRECT_V2V,10000000,DIAGNOSTIC_SYNTHETIC_VALUE,ONE_SHARED_POOL_PER_UNORDERED_PAIR
48000000000,48,pool_v2v_veh_5_veh_8,veh_5,veh_8,DIRECT_V2V,10000000,DIAGNOSTIC_SYNTHETIC_VALUE,ONE_SHARED_POOL_PER_UNORDERED_PAIR
48000000000,48,pool_v2v_veh_5_veh_9,veh_5,veh_9,DIRECT_V2V,10000000,DIAGNOSTIC_SYNTHETIC_VALUE,ONE_SHARED_POOL_PER_UNORDERED_PAIR
48000000000,48,pool_v2v_veh_5_veh_10,veh_5,veh_10,DIRECT_V2V,10000000,DIAGNOSTIC_SYNTHETIC_VALUE,ONE_SHARED_POOL_PER_UNORDERED_PAIR
48000000000,48,pool_v2v_veh_6_veh_7,veh_6,veh_7,DIRECT_V2V,10000000,DIAGNOSTIC_SYNTHETIC_VALUE,ONE_SHARED_POOL_PER_UNORDERED_PAIR
48000000000,48,pool_v2v_veh_6_veh_8,veh_6,veh_8,DIRECT_V2V,10000000,DIAGNOSTIC_SYNTHETIC_VALUE,ONE_SHARED_POOL_PER_UNORDERED_PAIR
48000000000,48,pool_v2v_veh_6_veh_9,veh_6,veh_9,DIRECT_V2V,10000000,DIAGNOSTIC_SYNTHETIC_VALUE,ONE_SHARED_POOL_PER_UNORDERED_PAIR
48000000000,48,pool_v2v_veh_6_veh_10,veh_6,veh_10,DIRECT_V2V,10000000,DIAGNOSTIC_SYNTHETIC_VALUE,ONE_SHARED_POOL_PER_UNORDERED_PAIR
48000000000,48,pool_v2v_veh_7_veh_8,veh_7,veh_8,DIRECT_V2V,10000000,DIAGNOSTIC_SYNTHETIC_VALUE,ONE_SHARED_POOL_PER_UNORDERED_PAIR
48000000000,48,pool_v2v_veh_7_veh_9,veh_7,veh_9,DIRECT_V2V,10000000,DIAGNOSTIC_SYNTHETIC_VALUE,ONE_SHARED_POOL_PER_UNORDERED_PAIR
48000000000,48,pool_v2v_veh_7_veh_10,veh_7,veh_10,DIRECT_V2V,10000000,DIAGNOSTIC_SYNTHETIC_VALUE,ONE_SHARED_POOL_PER_UNORDERED_PAIR
48000000000,48,pool_v2v_veh_8_veh_9,veh_8,veh_9,DIRECT_V2V,10000000,DIAGNOSTIC_SYNTHETIC_VALUE,ONE_SHARED_POOL_PER_UNORDERED_PAIR
48000000000,48,pool_v2v_veh_8_veh_10,veh_8,veh_10,DIRECT_V2V,10000000,DIAGNOSTIC_SYNTHETIC_VALUE,ONE_SHARED_POOL_PER_UNORDERED_PAIR
48000000000,48,pool_v2v_veh_9_veh_10,veh_9,veh_10,DIRECT_V2V,10000000,DIAGNOSTIC_SYNTHETIC_VALUE,ONE_SHARED_POOL_PER_UNORDERED_PAIR
49000000000,49,pool_v2v_veh_0_veh_1,veh_0,veh_1,DIRECT_V2V,10000000,DIAGNOSTIC_SYNTHETIC_VALUE,ONE_SHARED_POOL_PER_UNORDERED_PAIR
49000000000,49,pool_v2v_veh_0_veh_2,veh_0,veh_2,DIRECT_V2V,10000000,DIAGNOSTIC_SYNTHETIC_VALUE,ONE_SHARED_POOL_PER_UNORDERED_PAIR
49000000000,49,pool_v2v_veh_0_veh_3,veh_0,veh_3,DIRECT_V2V,10000000,DIAGNOSTIC_SYNTHETIC_VALUE,ONE_SHARED_POOL_PER_UNORDERED_PAIR
49000000000,49,pool_v2v_veh_0_veh_4,veh_0,veh_4,DIRECT_V2V,10000000,DIAGNOSTIC_SYNTHETIC_VALUE,ONE_SHARED_POOL_PER_UNORDERED_PAIR
49000000000,49,pool_v2v_veh_0_veh_5,veh_0,veh_5,DIRECT_V2V,10000000,DIAGNOSTIC_SYNTHETIC_VALUE,ONE_SHARED_POOL_PER_UNORDERED_PAIR
49000000000,49,pool_v2v_veh_1_veh_2,veh_1,veh_2,DIRECT_V2V,10000000,DIAGNOSTIC_SYNTHETIC_VALUE,ONE_SHARED_POOL_PER_UNORDERED_PAIR
49000000000,49,pool_v2v_veh_1_veh_3,veh_1,veh_3,DIRECT_V2V,10000000,DIAGNOSTIC_SYNTHETIC_VALUE,ONE_SHARED_POOL_PER_UNORDERED_PAIR
49000000000,49,pool_v2v_veh_1_veh_4,veh_1,veh_4,DIRECT_V2V,10000000,DIAGNOSTIC_SYNTHETIC_VALUE,ONE_SHARED_POOL_PER_UNORDERED_PAIR
49000000000,49,pool_v2v_veh_1_veh_5,veh_1,veh_5,DIRECT_V2V,10000000,DIAGNOSTIC_SYNTHETIC_VALUE,ONE_SHARED_POOL_PER_UNORDERED_PAIR
49000000000,49,pool_v2v_veh_1_veh_6,veh_1,veh_6,DIRECT_V2V,10000000,DIAGNOSTIC_SYNTHETIC_VALUE,ONE_SHARED_POOL_PER_UNORDERED_PAIR
49000000000,49,pool_v2v_veh_2_veh_3,veh_2,veh_3,DIRECT_V2V,10000000,DIAGNOSTIC_SYNTHETIC_VALUE,ONE_SHARED_POOL_PER_UNORDERED_PAIR
49000000000,49,pool_v2v_veh_2_veh_4,veh_2,veh_4,DIRECT_V2V,10000000,DIAGNOSTIC_SYNTHETIC_VALUE,ONE_SHARED_POOL_PER_UNORDERED_PAIR
49000000000,49,pool_v2v_veh_2_veh_5,veh_2,veh_5,DIRECT_V2V,10000000,DIAGNOSTIC_SYNTHETIC_VALUE,ONE_SHARED_POOL_PER_UNORDERED_PAIR
49000000000,49,pool_v2v_veh_2_veh_6,veh_2,veh_6,DIRECT_V2V,10000000,DIAGNOSTIC_SYNTHETIC_VALUE,ONE_SHARED_POOL_PER_UNORDERED_PAIR
49000000000,49,pool_v2v_veh_2_veh_7,veh_2,veh_7,DIRECT_V2V,10000000,DIAGNOSTIC_SYNTHETIC_VALUE,ONE_SHARED_POOL_PER_UNORDERED_PAIR
49000000000,49,pool_v2v_veh_3_veh_4,veh_3,veh_4,DIRECT_V2V,10000000,DIAGNOSTIC_SYNTHETIC_VALUE,ONE_SHARED_POOL_PER_UNORDERED_PAIR
49000000000,49,pool_v2v_veh_3_veh_5,veh_3,veh_5,DIRECT_V2V,10000000,DIAGNOSTIC_SYNTHETIC_VALUE,ONE_SHARED_POOL_PER_UNORDERED_PAIR
49000000000,49,pool_v2v_veh_3_veh_6,veh_3,veh_6,DIRECT_V2V,10000000,DIAGNOSTIC_SYNTHETIC_VALUE,ONE_SHARED_POOL_PER_UNORDERED_PAIR
49000000000,49,pool_v2v_veh_3_veh_7,veh_3,veh_7,DIRECT_V2V,10000000,DIAGNOSTIC_SYNTHETIC_VALUE,ONE_SHARED_POOL_PER_UNORDERED_PAIR
49000000000,49,pool_v2v_veh_3_veh_8,veh_3,veh_8,DIRECT_V2V,10000000,DIAGNOSTIC_SYNTHETIC_VALUE,ONE_SHARED_POOL_PER_UNORDERED_PAIR
49000000000,49,pool_v2v_veh_4_veh_5,veh_4,veh_5,DIRECT_V2V,10000000,DIAGNOSTIC_SYNTHETIC_VALUE,ONE_SHARED_POOL_PER_UNORDERED_PAIR
49000000000,49,pool_v2v_veh_4_veh_6,veh_4,veh_6,DIRECT_V2V,10000000,DIAGNOSTIC_SYNTHETIC_VALUE,ONE_SHARED_POOL_PER_UNORDERED_PAIR
49000000000,49,pool_v2v_veh_4_veh_7,veh_4,veh_7,DIRECT_V2V,10000000,DIAGNOSTIC_SYNTHETIC_VALUE,ONE_SHARED_POOL_PER_UNORDERED_PAIR
49000000000,49,pool_v2v_veh_4_veh_8,veh_4,veh_8,DIRECT_V2V,10000000,DIAGNOSTIC_SYNTHETIC_VALUE,ONE_SHARED_POOL_PER_UNORDERED_PAIR
49000000000,49,pool_v2v_veh_4_veh_9,veh_4,veh_9,DIRECT_V2V,10000000,DIAGNOSTIC_SYNTHETIC_VALUE,ONE_SHARED_POOL_PER_UNORDERED_PAIR
49000000000,49,pool_v2v_veh_5_veh_6,veh_5,veh_6,DIRECT_V2V,10000000,DIAGNOSTIC_SYNTHETIC_VALUE,ONE_SHARED_POOL_PER_UNORDERED_PAIR
49000000000,49,pool_v2v_veh_5_veh_7,veh_5,veh_7,DIRECT_V2V,10000000,DIAGNOSTIC_SYNTHETIC_VALUE,ONE_SHARED_POOL_PER_UNORDERED_PAIR
49000000000,49,pool_v2v_veh_5_veh_8,veh_5,veh_8,DIRECT_V2V,10000000,DIAGNOSTIC_SYNTHETIC_VALUE,ONE_SHARED_POOL_PER_UNORDERED_PAIR
49000000000,49,pool_v2v_veh_5_veh_9,veh_5,veh_9,DIRECT_V2V,10000000,DIAGNOSTIC_SYNTHETIC_VALUE,ONE_SHARED_POOL_PER_UNORDERED_PAIR
49000000000,49,pool_v2v_veh_5_veh_10,veh_5,veh_10,DIRECT_V2V,10000000,DIAGNOSTIC_SYNTHETIC_VALUE,ONE_SHARED_POOL_PER_UNORDERED_PAIR
49000000000,49,pool_v2v_veh_6_veh_7,veh_6,veh_7,DIRECT_V2V,10000000,DIAGNOSTIC_SYNTHETIC_VALUE,ONE_SHARED_POOL_PER_UNORDERED_PAIR
49000000000,49,pool_v2v_veh_6_veh_8,veh_6,veh_8,DIRECT_V2V,10000000,DIAGNOSTIC_SYNTHETIC_VALUE,ONE_SHARED_POOL_PER_UNORDERED_PAIR
49000000000,49,pool_v2v_veh_6_veh_9,veh_6,veh_9,DIRECT_V2V,10000000,DIAGNOSTIC_SYNTHETIC_VALUE,ONE_SHARED_POOL_PER_UNORDERED_PAIR
49000000000,49,pool_v2v_veh_6_veh_10,veh_6,veh_10,DIRECT_V2V,10000000,DIAGNOSTIC_SYNTHETIC_VALUE,ONE_SHARED_POOL_PER_UNORDERED_PAIR
49000000000,49,pool_v2v_veh_7_veh_8,veh_7,veh_8,DIRECT_V2V,10000000,DIAGNOSTIC_SYNTHETIC_VALUE,ONE_SHARED_POOL_PER_UNORDERED_PAIR
49000000000,49,pool_v2v_veh_7_veh_9,veh_7,veh_9,DIRECT_V2V,10000000,DIAGNOSTIC_SYNTHETIC_VALUE,ONE_SHARED_POOL_PER_UNORDERED_PAIR
49000000000,49,pool_v2v_veh_7_veh_10,veh_7,veh_10,DIRECT_V2V,10000000,DIAGNOSTIC_SYNTHETIC_VALUE,ONE_SHARED_POOL_PER_UNORDERED_PAIR
49000000000,49,pool_v2v_veh_8_veh_9,veh_8,veh_9,DIRECT_V2V,10000000,DIAGNOSTIC_SYNTHETIC_VALUE,ONE_SHARED_POOL_PER_UNORDERED_PAIR
49000000000,49,pool_v2v_veh_8_veh_10,veh_8,veh_10,DIRECT_V2V,10000000,DIAGNOSTIC_SYNTHETIC_VALUE,ONE_SHARED_POOL_PER_UNORDERED_PAIR
49000000000,49,pool_v2v_veh_9_veh_10,veh_9,veh_10,DIRECT_V2V,10000000,DIAGNOSTIC_SYNTHETIC_VALUE,ONE_SHARED_POOL_PER_UNORDERED_PAIR
50000000000,50,pool_v2v_veh_0_veh_1,veh_0,veh_1,DIRECT_V2V,10000000,DIAGNOSTIC_SYNTHETIC_VALUE,ONE_SHARED_POOL_PER_UNORDERED_PAIR
50000000000,50,pool_v2v_veh_0_veh_2,veh_0,veh_2,DIRECT_V2V,10000000,DIAGNOSTIC_SYNTHETIC_VALUE,ONE_SHARED_POOL_PER_UNORDERED_PAIR
50000000000,50,pool_v2v_veh_0_veh_3,veh_0,veh_3,DIRECT_V2V,10000000,DIAGNOSTIC_SYNTHETIC_VALUE,ONE_SHARED_POOL_PER_UNORDERED_PAIR
50000000000,50,pool_v2v_veh_0_veh_4,veh_0,veh_4,DIRECT_V2V,10000000,DIAGNOSTIC_SYNTHETIC_VALUE,ONE_SHARED_POOL_PER_UNORDERED_PAIR
50000000000,50,pool_v2v_veh_1_veh_2,veh_1,veh_2,DIRECT_V2V,10000000,DIAGNOSTIC_SYNTHETIC_VALUE,ONE_SHARED_POOL_PER_UNORDERED_PAIR
50000000000,50,pool_v2v_veh_1_veh_3,veh_1,veh_3,DIRECT_V2V,10000000,DIAGNOSTIC_SYNTHETIC_VALUE,ONE_SHARED_POOL_PER_UNORDERED_PAIR
50000000000,50,pool_v2v_veh_1_veh_4,veh_1,veh_4,DIRECT_V2V,10000000,DIAGNOSTIC_SYNTHETIC_VALUE,ONE_SHARED_POOL_PER_UNORDERED_PAIR
50000000000,50,pool_v2v_veh_1_veh_5,veh_1,veh_5,DIRECT_V2V,10000000,DIAGNOSTIC_SYNTHETIC_VALUE,ONE_SHARED_POOL_PER_UNORDERED_PAIR
50000000000,50,pool_v2v_veh_1_veh_6,veh_1,veh_6,DIRECT_V2V,10000000,DIAGNOSTIC_SYNTHETIC_VALUE,ONE_SHARED_POOL_PER_UNORDERED_PAIR
50000000000,50,pool_v2v_veh_2_veh_3,veh_2,veh_3,DIRECT_V2V,10000000,DIAGNOSTIC_SYNTHETIC_VALUE,ONE_SHARED_POOL_PER_UNORDERED_PAIR
50000000000,50,pool_v2v_veh_2_veh_4,veh_2,veh_4,DIRECT_V2V,10000000,DIAGNOSTIC_SYNTHETIC_VALUE,ONE_SHARED_POOL_PER_UNORDERED_PAIR
50000000000,50,pool_v2v_veh_2_veh_5,veh_2,veh_5,DIRECT_V2V,10000000,DIAGNOSTIC_SYNTHETIC_VALUE,ONE_SHARED_POOL_PER_UNORDERED_PAIR
50000000000,50,pool_v2v_veh_2_veh_6,veh_2,veh_6,DIRECT_V2V,10000000,DIAGNOSTIC_SYNTHETIC_VALUE,ONE_SHARED_POOL_PER_UNORDERED_PAIR
50000000000,50,pool_v2v_veh_2_veh_7,veh_2,veh_7,DIRECT_V2V,10000000,DIAGNOSTIC_SYNTHETIC_VALUE,ONE_SHARED_POOL_PER_UNORDERED_PAIR
50000000000,50,pool_v2v_veh_3_veh_4,veh_3,veh_4,DIRECT_V2V,10000000,DIAGNOSTIC_SYNTHETIC_VALUE,ONE_SHARED_POOL_PER_UNORDERED_PAIR
50000000000,50,pool_v2v_veh_3_veh_5,veh_3,veh_5,DIRECT_V2V,10000000,DIAGNOSTIC_SYNTHETIC_VALUE,ONE_SHARED_POOL_PER_UNORDERED_PAIR
50000000000,50,pool_v2v_veh_3_veh_6,veh_3,veh_6,DIRECT_V2V,10000000,DIAGNOSTIC_SYNTHETIC_VALUE,ONE_SHARED_POOL_PER_UNORDERED_PAIR
50000000000,50,pool_v2v_veh_3_veh_7,veh_3,veh_7,DIRECT_V2V,10000000,DIAGNOSTIC_SYNTHETIC_VALUE,ONE_SHARED_POOL_PER_UNORDERED_PAIR
50000000000,50,pool_v2v_veh_3_veh_8,veh_3,veh_8,DIRECT_V2V,10000000,DIAGNOSTIC_SYNTHETIC_VALUE,ONE_SHARED_POOL_PER_UNORDERED_PAIR
50000000000,50,pool_v2v_veh_4_veh_5,veh_4,veh_5,DIRECT_V2V,10000000,DIAGNOSTIC_SYNTHETIC_VALUE,ONE_SHARED_POOL_PER_UNORDERED_PAIR
50000000000,50,pool_v2v_veh_4_veh_6,veh_4,veh_6,DIRECT_V2V,10000000,DIAGNOSTIC_SYNTHETIC_VALUE,ONE_SHARED_POOL_PER_UNORDERED_PAIR
50000000000,50,pool_v2v_veh_4_veh_7,veh_4,veh_7,DIRECT_V2V,10000000,DIAGNOSTIC_SYNTHETIC_VALUE,ONE_SHARED_POOL_PER_UNORDERED_PAIR
50000000000,50,pool_v2v_veh_4_veh_8,veh_4,veh_8,DIRECT_V2V,10000000,DIAGNOSTIC_SYNTHETIC_VALUE,ONE_SHARED_POOL_PER_UNORDERED_PAIR
50000000000,50,pool_v2v_veh_4_veh_9,veh_4,veh_9,DIRECT_V2V,10000000,DIAGNOSTIC_SYNTHETIC_VALUE,ONE_SHARED_POOL_PER_UNORDERED_PAIR
50000000000,50,pool_v2v_veh_5_veh_6,veh_5,veh_6,DIRECT_V2V,10000000,DIAGNOSTIC_SYNTHETIC_VALUE,ONE_SHARED_POOL_PER_UNORDERED_PAIR
50000000000,50,pool_v2v_veh_5_veh_7,veh_5,veh_7,DIRECT_V2V,10000000,DIAGNOSTIC_SYNTHETIC_VALUE,ONE_SHARED_POOL_PER_UNORDERED_PAIR
50000000000,50,pool_v2v_veh_5_veh_8,veh_5,veh_8,DIRECT_V2V,10000000,DIAGNOSTIC_SYNTHETIC_VALUE,ONE_SHARED_POOL_PER_UNORDERED_PAIR
50000000000,50,pool_v2v_veh_5_veh_9,veh_5,veh_9,DIRECT_V2V,10000000,DIAGNOSTIC_SYNTHETIC_VALUE,ONE_SHARED_POOL_PER_UNORDERED_PAIR
50000000000,50,pool_v2v_veh_5_veh_10,veh_5,veh_10,DIRECT_V2V,10000000,DIAGNOSTIC_SYNTHETIC_VALUE,ONE_SHARED_POOL_PER_UNORDERED_PAIR
50000000000,50,pool_v2v_veh_6_veh_7,veh_6,veh_7,DIRECT_V2V,10000000,DIAGNOSTIC_SYNTHETIC_VALUE,ONE_SHARED_POOL_PER_UNORDERED_PAIR
50000000000,50,pool_v2v_veh_6_veh_8,veh_6,veh_8,DIRECT_V2V,10000000,DIAGNOSTIC_SYNTHETIC_VALUE,ONE_SHARED_POOL_PER_UNORDERED_PAIR
50000000000,50,pool_v2v_veh_6_veh_9,veh_6,veh_9,DIRECT_V2V,10000000,DIAGNOSTIC_SYNTHETIC_VALUE,ONE_SHARED_POOL_PER_UNORDERED_PAIR
50000000000,50,pool_v2v_veh_6_veh_10,veh_6,veh_10,DIRECT_V2V,10000000,DIAGNOSTIC_SYNTHETIC_VALUE,ONE_SHARED_POOL_PER_UNORDERED_PAIR
50000000000,50,pool_v2v_veh_7_veh_8,veh_7,veh_8,DIRECT_V2V,10000000,DIAGNOSTIC_SYNTHETIC_VALUE,ONE_SHARED_POOL_PER_UNORDERED_PAIR
50000000000,50,pool_v2v_veh_7_veh_9,veh_7,veh_9,DIRECT_V2V,10000000,DIAGNOSTIC_SYNTHETIC_VALUE,ONE_SHARED_POOL_PER_UNORDERED_PAIR
50000000000,50,pool_v2v_veh_7_veh_10,veh_7,veh_10,DIRECT_V2V,10000000,DIAGNOSTIC_SYNTHETIC_VALUE,ONE_SHARED_POOL_PER_UNORDERED_PAIR
50000000000,50,pool_v2v_veh_8_veh_9,veh_8,veh_9,DIRECT_V2V,10000000,DIAGNOSTIC_SYNTHETIC_VALUE,ONE_SHARED_POOL_PER_UNORDERED_PAIR
50000000000,50,pool_v2v_veh_8_veh_10,veh_8,veh_10,DIRECT_V2V,10000000,DIAGNOSTIC_SYNTHETIC_VALUE,ONE_SHARED_POOL_PER_UNORDERED_PAIR
50000000000,50,pool_v2v_veh_9_veh_10,veh_9,veh_10,DIRECT_V2V,10000000,DIAGNOSTIC_SYNTHETIC_VALUE,ONE_SHARED_POOL_PER_UNORDERED_PAIR
51000000000,51,pool_v2v_veh_0_veh_1,veh_0,veh_1,DIRECT_V2V,10000000,DIAGNOSTIC_SYNTHETIC_VALUE,ONE_SHARED_POOL_PER_UNORDERED_PAIR
51000000000,51,pool_v2v_veh_0_veh_2,veh_0,veh_2,DIRECT_V2V,10000000,DIAGNOSTIC_SYNTHETIC_VALUE,ONE_SHARED_POOL_PER_UNORDERED_PAIR
51000000000,51,pool_v2v_veh_0_veh_3,veh_0,veh_3,DIRECT_V2V,10000000,DIAGNOSTIC_SYNTHETIC_VALUE,ONE_SHARED_POOL_PER_UNORDERED_PAIR
51000000000,51,pool_v2v_veh_0_veh_4,veh_0,veh_4,DIRECT_V2V,10000000,DIAGNOSTIC_SYNTHETIC_VALUE,ONE_SHARED_POOL_PER_UNORDERED_PAIR
51000000000,51,pool_v2v_veh_1_veh_2,veh_1,veh_2,DIRECT_V2V,10000000,DIAGNOSTIC_SYNTHETIC_VALUE,ONE_SHARED_POOL_PER_UNORDERED_PAIR
51000000000,51,pool_v2v_veh_1_veh_3,veh_1,veh_3,DIRECT_V2V,10000000,DIAGNOSTIC_SYNTHETIC_VALUE,ONE_SHARED_POOL_PER_UNORDERED_PAIR
51000000000,51,pool_v2v_veh_1_veh_4,veh_1,veh_4,DIRECT_V2V,10000000,DIAGNOSTIC_SYNTHETIC_VALUE,ONE_SHARED_POOL_PER_UNORDERED_PAIR
51000000000,51,pool_v2v_veh_1_veh_5,veh_1,veh_5,DIRECT_V2V,10000000,DIAGNOSTIC_SYNTHETIC_VALUE,ONE_SHARED_POOL_PER_UNORDERED_PAIR
51000000000,51,pool_v2v_veh_1_veh_6,veh_1,veh_6,DIRECT_V2V,10000000,DIAGNOSTIC_SYNTHETIC_VALUE,ONE_SHARED_POOL_PER_UNORDERED_PAIR
51000000000,51,pool_v2v_veh_2_veh_3,veh_2,veh_3,DIRECT_V2V,10000000,DIAGNOSTIC_SYNTHETIC_VALUE,ONE_SHARED_POOL_PER_UNORDERED_PAIR
51000000000,51,pool_v2v_veh_2_veh_4,veh_2,veh_4,DIRECT_V2V,10000000,DIAGNOSTIC_SYNTHETIC_VALUE,ONE_SHARED_POOL_PER_UNORDERED_PAIR
51000000000,51,pool_v2v_veh_2_veh_5,veh_2,veh_5,DIRECT_V2V,10000000,DIAGNOSTIC_SYNTHETIC_VALUE,ONE_SHARED_POOL_PER_UNORDERED_PAIR
51000000000,51,pool_v2v_veh_2_veh_6,veh_2,veh_6,DIRECT_V2V,10000000,DIAGNOSTIC_SYNTHETIC_VALUE,ONE_SHARED_POOL_PER_UNORDERED_PAIR
51000000000,51,pool_v2v_veh_2_veh_7,veh_2,veh_7,DIRECT_V2V,10000000,DIAGNOSTIC_SYNTHETIC_VALUE,ONE_SHARED_POOL_PER_UNORDERED_PAIR
51000000000,51,pool_v2v_veh_3_veh_4,veh_3,veh_4,DIRECT_V2V,10000000,DIAGNOSTIC_SYNTHETIC_VALUE,ONE_SHARED_POOL_PER_UNORDERED_PAIR
51000000000,51,pool_v2v_veh_3_veh_5,veh_3,veh_5,DIRECT_V2V,10000000,DIAGNOSTIC_SYNTHETIC_VALUE,ONE_SHARED_POOL_PER_UNORDERED_PAIR
51000000000,51,pool_v2v_veh_3_veh_6,veh_3,veh_6,DIRECT_V2V,10000000,DIAGNOSTIC_SYNTHETIC_VALUE,ONE_SHARED_POOL_PER_UNORDERED_PAIR
51000000000,51,pool_v2v_veh_3_veh_7,veh_3,veh_7,DIRECT_V2V,10000000,DIAGNOSTIC_SYNTHETIC_VALUE,ONE_SHARED_POOL_PER_UNORDERED_PAIR
51000000000,51,pool_v2v_veh_3_veh_8,veh_3,veh_8,DIRECT_V2V,10000000,DIAGNOSTIC_SYNTHETIC_VALUE,ONE_SHARED_POOL_PER_UNORDERED_PAIR
51000000000,51,pool_v2v_veh_4_veh_5,veh_4,veh_5,DIRECT_V2V,10000000,DIAGNOSTIC_SYNTHETIC_VALUE,ONE_SHARED_POOL_PER_UNORDERED_PAIR
51000000000,51,pool_v2v_veh_4_veh_6,veh_4,veh_6,DIRECT_V2V,10000000,DIAGNOSTIC_SYNTHETIC_VALUE,ONE_SHARED_POOL_PER_UNORDERED_PAIR
51000000000,51,pool_v2v_veh_4_veh_7,veh_4,veh_7,DIRECT_V2V,10000000,DIAGNOSTIC_SYNTHETIC_VALUE,ONE_SHARED_POOL_PER_UNORDERED_PAIR
51000000000,51,pool_v2v_veh_4_veh_8,veh_4,veh_8,DIRECT_V2V,10000000,DIAGNOSTIC_SYNTHETIC_VALUE,ONE_SHARED_POOL_PER_UNORDERED_PAIR
51000000000,51,pool_v2v_veh_4_veh_9,veh_4,veh_9,DIRECT_V2V,10000000,DIAGNOSTIC_SYNTHETIC_VALUE,ONE_SHARED_POOL_PER_UNORDERED_PAIR
51000000000,51,pool_v2v_veh_5_veh_6,veh_5,veh_6,DIRECT_V2V,10000000,DIAGNOSTIC_SYNTHETIC_VALUE,ONE_SHARED_POOL_PER_UNORDERED_PAIR
51000000000,51,pool_v2v_veh_5_veh_7,veh_5,veh_7,DIRECT_V2V,10000000,DIAGNOSTIC_SYNTHETIC_VALUE,ONE_SHARED_POOL_PER_UNORDERED_PAIR
51000000000,51,pool_v2v_veh_5_veh_8,veh_5,veh_8,DIRECT_V2V,10000000,DIAGNOSTIC_SYNTHETIC_VALUE,ONE_SHARED_POOL_PER_UNORDERED_PAIR
51000000000,51,pool_v2v_veh_5_veh_9,veh_5,veh_9,DIRECT_V2V,10000000,DIAGNOSTIC_SYNTHETIC_VALUE,ONE_SHARED_POOL_PER_UNORDERED_PAIR
51000000000,51,pool_v2v_veh_5_veh_10,veh_5,veh_10,DIRECT_V2V,10000000,DIAGNOSTIC_SYNTHETIC_VALUE,ONE_SHARED_POOL_PER_UNORDERED_PAIR
51000000000,51,pool_v2v_veh_6_veh_7,veh_6,veh_7,DIRECT_V2V,10000000,DIAGNOSTIC_SYNTHETIC_VALUE,ONE_SHARED_POOL_PER_UNORDERED_PAIR
51000000000,51,pool_v2v_veh_6_veh_8,veh_6,veh_8,DIRECT_V2V,10000000,DIAGNOSTIC_SYNTHETIC_VALUE,ONE_SHARED_POOL_PER_UNORDERED_PAIR
51000000000,51,pool_v2v_veh_6_veh_9,veh_6,veh_9,DIRECT_V2V,10000000,DIAGNOSTIC_SYNTHETIC_VALUE,ONE_SHARED_POOL_PER_UNORDERED_PAIR
51000000000,51,pool_v2v_veh_6_veh_10,veh_6,veh_10,DIRECT_V2V,10000000,DIAGNOSTIC_SYNTHETIC_VALUE,ONE_SHARED_POOL_PER_UNORDERED_PAIR
51000000000,51,pool_v2v_veh_6_veh_11,veh_6,veh_11,DIRECT_V2V,10000000,DIAGNOSTIC_SYNTHETIC_VALUE,ONE_SHARED_POOL_PER_UNORDERED_PAIR
51000000000,51,pool_v2v_veh_7_veh_8,veh_7,veh_8,DIRECT_V2V,10000000,DIAGNOSTIC_SYNTHETIC_VALUE,ONE_SHARED_POOL_PER_UNORDERED_PAIR
51000000000,51,pool_v2v_veh_7_veh_9,veh_7,veh_9,DIRECT_V2V,10000000,DIAGNOSTIC_SYNTHETIC_VALUE,ONE_SHARED_POOL_PER_UNORDERED_PAIR
51000000000,51,pool_v2v_veh_7_veh_10,veh_7,veh_10,DIRECT_V2V,10000000,DIAGNOSTIC_SYNTHETIC_VALUE,ONE_SHARED_POOL_PER_UNORDERED_PAIR
51000000000,51,pool_v2v_veh_7_veh_11,veh_7,veh_11,DIRECT_V2V,10000000,DIAGNOSTIC_SYNTHETIC_VALUE,ONE_SHARED_POOL_PER_UNORDERED_PAIR
51000000000,51,pool_v2v_veh_8_veh_9,veh_8,veh_9,DIRECT_V2V,10000000,DIAGNOSTIC_SYNTHETIC_VALUE,ONE_SHARED_POOL_PER_UNORDERED_PAIR
51000000000,51,pool_v2v_veh_8_veh_10,veh_8,veh_10,DIRECT_V2V,10000000,DIAGNOSTIC_SYNTHETIC_VALUE,ONE_SHARED_POOL_PER_UNORDERED_PAIR
51000000000,51,pool_v2v_veh_8_veh_11,veh_8,veh_11,DIRECT_V2V,10000000,DIAGNOSTIC_SYNTHETIC_VALUE,ONE_SHARED_POOL_PER_UNORDERED_PAIR
51000000000,51,pool_v2v_veh_9_veh_10,veh_9,veh_10,DIRECT_V2V,10000000,DIAGNOSTIC_SYNTHETIC_VALUE,ONE_SHARED_POOL_PER_UNORDERED_PAIR
51000000000,51,pool_v2v_veh_9_veh_11,veh_9,veh_11,DIRECT_V2V,10000000,DIAGNOSTIC_SYNTHETIC_VALUE,ONE_SHARED_POOL_PER_UNORDERED_PAIR
51000000000,51,pool_v2v_veh_10_veh_11,veh_10,veh_11,DIRECT_V2V,10000000,DIAGNOSTIC_SYNTHETIC_VALUE,ONE_SHARED_POOL_PER_UNORDERED_PAIR
52000000000,52,pool_v2v_veh_0_veh_1,veh_0,veh_1,DIRECT_V2V,10000000,DIAGNOSTIC_SYNTHETIC_VALUE,ONE_SHARED_POOL_PER_UNORDERED_PAIR
52000000000,52,pool_v2v_veh_0_veh_2,veh_0,veh_2,DIRECT_V2V,10000000,DIAGNOSTIC_SYNTHETIC_VALUE,ONE_SHARED_POOL_PER_UNORDERED_PAIR
52000000000,52,pool_v2v_veh_0_veh_3,veh_0,veh_3,DIRECT_V2V,10000000,DIAGNOSTIC_SYNTHETIC_VALUE,ONE_SHARED_POOL_PER_UNORDERED_PAIR
52000000000,52,pool_v2v_veh_0_veh_4,veh_0,veh_4,DIRECT_V2V,10000000,DIAGNOSTIC_SYNTHETIC_VALUE,ONE_SHARED_POOL_PER_UNORDERED_PAIR
52000000000,52,pool_v2v_veh_1_veh_2,veh_1,veh_2,DIRECT_V2V,10000000,DIAGNOSTIC_SYNTHETIC_VALUE,ONE_SHARED_POOL_PER_UNORDERED_PAIR
52000000000,52,pool_v2v_veh_1_veh_3,veh_1,veh_3,DIRECT_V2V,10000000,DIAGNOSTIC_SYNTHETIC_VALUE,ONE_SHARED_POOL_PER_UNORDERED_PAIR
52000000000,52,pool_v2v_veh_1_veh_4,veh_1,veh_4,DIRECT_V2V,10000000,DIAGNOSTIC_SYNTHETIC_VALUE,ONE_SHARED_POOL_PER_UNORDERED_PAIR
52000000000,52,pool_v2v_veh_1_veh_5,veh_1,veh_5,DIRECT_V2V,10000000,DIAGNOSTIC_SYNTHETIC_VALUE,ONE_SHARED_POOL_PER_UNORDERED_PAIR
52000000000,52,pool_v2v_veh_1_veh_6,veh_1,veh_6,DIRECT_V2V,10000000,DIAGNOSTIC_SYNTHETIC_VALUE,ONE_SHARED_POOL_PER_UNORDERED_PAIR
52000000000,52,pool_v2v_veh_2_veh_3,veh_2,veh_3,DIRECT_V2V,10000000,DIAGNOSTIC_SYNTHETIC_VALUE,ONE_SHARED_POOL_PER_UNORDERED_PAIR
52000000000,52,pool_v2v_veh_2_veh_4,veh_2,veh_4,DIRECT_V2V,10000000,DIAGNOSTIC_SYNTHETIC_VALUE,ONE_SHARED_POOL_PER_UNORDERED_PAIR
52000000000,52,pool_v2v_veh_2_veh_5,veh_2,veh_5,DIRECT_V2V,10000000,DIAGNOSTIC_SYNTHETIC_VALUE,ONE_SHARED_POOL_PER_UNORDERED_PAIR
52000000000,52,pool_v2v_veh_2_veh_6,veh_2,veh_6,DIRECT_V2V,10000000,DIAGNOSTIC_SYNTHETIC_VALUE,ONE_SHARED_POOL_PER_UNORDERED_PAIR
52000000000,52,pool_v2v_veh_2_veh_7,veh_2,veh_7,DIRECT_V2V,10000000,DIAGNOSTIC_SYNTHETIC_VALUE,ONE_SHARED_POOL_PER_UNORDERED_PAIR
52000000000,52,pool_v2v_veh_3_veh_4,veh_3,veh_4,DIRECT_V2V,10000000,DIAGNOSTIC_SYNTHETIC_VALUE,ONE_SHARED_POOL_PER_UNORDERED_PAIR
52000000000,52,pool_v2v_veh_3_veh_5,veh_3,veh_5,DIRECT_V2V,10000000,DIAGNOSTIC_SYNTHETIC_VALUE,ONE_SHARED_POOL_PER_UNORDERED_PAIR
52000000000,52,pool_v2v_veh_3_veh_6,veh_3,veh_6,DIRECT_V2V,10000000,DIAGNOSTIC_SYNTHETIC_VALUE,ONE_SHARED_POOL_PER_UNORDERED_PAIR
52000000000,52,pool_v2v_veh_3_veh_7,veh_3,veh_7,DIRECT_V2V,10000000,DIAGNOSTIC_SYNTHETIC_VALUE,ONE_SHARED_POOL_PER_UNORDERED_PAIR
52000000000,52,pool_v2v_veh_3_veh_8,veh_3,veh_8,DIRECT_V2V,10000000,DIAGNOSTIC_SYNTHETIC_VALUE,ONE_SHARED_POOL_PER_UNORDERED_PAIR
52000000000,52,pool_v2v_veh_4_veh_5,veh_4,veh_5,DIRECT_V2V,10000000,DIAGNOSTIC_SYNTHETIC_VALUE,ONE_SHARED_POOL_PER_UNORDERED_PAIR
52000000000,52,pool_v2v_veh_4_veh_6,veh_4,veh_6,DIRECT_V2V,10000000,DIAGNOSTIC_SYNTHETIC_VALUE,ONE_SHARED_POOL_PER_UNORDERED_PAIR
52000000000,52,pool_v2v_veh_4_veh_7,veh_4,veh_7,DIRECT_V2V,10000000,DIAGNOSTIC_SYNTHETIC_VALUE,ONE_SHARED_POOL_PER_UNORDERED_PAIR
52000000000,52,pool_v2v_veh_4_veh_8,veh_4,veh_8,DIRECT_V2V,10000000,DIAGNOSTIC_SYNTHETIC_VALUE,ONE_SHARED_POOL_PER_UNORDERED_PAIR
52000000000,52,pool_v2v_veh_4_veh_9,veh_4,veh_9,DIRECT_V2V,10000000,DIAGNOSTIC_SYNTHETIC_VALUE,ONE_SHARED_POOL_PER_UNORDERED_PAIR
52000000000,52,pool_v2v_veh_5_veh_6,veh_5,veh_6,DIRECT_V2V,10000000,DIAGNOSTIC_SYNTHETIC_VALUE,ONE_SHARED_POOL_PER_UNORDERED_PAIR
52000000000,52,pool_v2v_veh_5_veh_7,veh_5,veh_7,DIRECT_V2V,10000000,DIAGNOSTIC_SYNTHETIC_VALUE,ONE_SHARED_POOL_PER_UNORDERED_PAIR
52000000000,52,pool_v2v_veh_5_veh_8,veh_5,veh_8,DIRECT_V2V,10000000,DIAGNOSTIC_SYNTHETIC_VALUE,ONE_SHARED_POOL_PER_UNORDERED_PAIR
52000000000,52,pool_v2v_veh_5_veh_9,veh_5,veh_9,DIRECT_V2V,10000000,DIAGNOSTIC_SYNTHETIC_VALUE,ONE_SHARED_POOL_PER_UNORDERED_PAIR
52000000000,52,pool_v2v_veh_5_veh_10,veh_5,veh_10,DIRECT_V2V,10000000,DIAGNOSTIC_SYNTHETIC_VALUE,ONE_SHARED_POOL_PER_UNORDERED_PAIR
52000000000,52,pool_v2v_veh_6_veh_7,veh_6,veh_7,DIRECT_V2V,10000000,DIAGNOSTIC_SYNTHETIC_VALUE,ONE_SHARED_POOL_PER_UNORDERED_PAIR
52000000000,52,pool_v2v_veh_6_veh_8,veh_6,veh_8,DIRECT_V2V,10000000,DIAGNOSTIC_SYNTHETIC_VALUE,ONE_SHARED_POOL_PER_UNORDERED_PAIR
52000000000,52,pool_v2v_veh_6_veh_9,veh_6,veh_9,DIRECT_V2V,10000000,DIAGNOSTIC_SYNTHETIC_VALUE,ONE_SHARED_POOL_PER_UNORDERED_PAIR
52000000000,52,pool_v2v_veh_6_veh_10,veh_6,veh_10,DIRECT_V2V,10000000,DIAGNOSTIC_SYNTHETIC_VALUE,ONE_SHARED_POOL_PER_UNORDERED_PAIR
52000000000,52,pool_v2v_veh_6_veh_11,veh_6,veh_11,DIRECT_V2V,10000000,DIAGNOSTIC_SYNTHETIC_VALUE,ONE_SHARED_POOL_PER_UNORDERED_PAIR
52000000000,52,pool_v2v_veh_7_veh_8,veh_7,veh_8,DIRECT_V2V,10000000,DIAGNOSTIC_SYNTHETIC_VALUE,ONE_SHARED_POOL_PER_UNORDERED_PAIR
52000000000,52,pool_v2v_veh_7_veh_9,veh_7,veh_9,DIRECT_V2V,10000000,DIAGNOSTIC_SYNTHETIC_VALUE,ONE_SHARED_POOL_PER_UNORDERED_PAIR
52000000000,52,pool_v2v_veh_7_veh_10,veh_7,veh_10,DIRECT_V2V,10000000,DIAGNOSTIC_SYNTHETIC_VALUE,ONE_SHARED_POOL_PER_UNORDERED_PAIR
52000000000,52,pool_v2v_veh_7_veh_11,veh_7,veh_11,DIRECT_V2V,10000000,DIAGNOSTIC_SYNTHETIC_VALUE,ONE_SHARED_POOL_PER_UNORDERED_PAIR
52000000000,52,pool_v2v_veh_8_veh_9,veh_8,veh_9,DIRECT_V2V,10000000,DIAGNOSTIC_SYNTHETIC_VALUE,ONE_SHARED_POOL_PER_UNORDERED_PAIR
52000000000,52,pool_v2v_veh_8_veh_10,veh_8,veh_10,DIRECT_V2V,10000000,DIAGNOSTIC_SYNTHETIC_VALUE,ONE_SHARED_POOL_PER_UNORDERED_PAIR
52000000000,52,pool_v2v_veh_8_veh_11,veh_8,veh_11,DIRECT_V2V,10000000,DIAGNOSTIC_SYNTHETIC_VALUE,ONE_SHARED_POOL_PER_UNORDERED_PAIR
52000000000,52,pool_v2v_veh_9_veh_10,veh_9,veh_10,DIRECT_V2V,10000000,DIAGNOSTIC_SYNTHETIC_VALUE,ONE_SHARED_POOL_PER_UNORDERED_PAIR
52000000000,52,pool_v2v_veh_9_veh_11,veh_9,veh_11,DIRECT_V2V,10000000,DIAGNOSTIC_SYNTHETIC_VALUE,ONE_SHARED_POOL_PER_UNORDERED_PAIR
52000000000,52,pool_v2v_veh_10_veh_11,veh_10,veh_11,DIRECT_V2V,10000000,DIAGNOSTIC_SYNTHETIC_VALUE,ONE_SHARED_POOL_PER_UNORDERED_PAIR
53000000000,53,pool_v2v_veh_0_veh_1,veh_0,veh_1,DIRECT_V2V,10000000,DIAGNOSTIC_SYNTHETIC_VALUE,ONE_SHARED_POOL_PER_UNORDERED_PAIR
53000000000,53,pool_v2v_veh_0_veh_2,veh_0,veh_2,DIRECT_V2V,10000000,DIAGNOSTIC_SYNTHETIC_VALUE,ONE_SHARED_POOL_PER_UNORDERED_PAIR
53000000000,53,pool_v2v_veh_0_veh_3,veh_0,veh_3,DIRECT_V2V,10000000,DIAGNOSTIC_SYNTHETIC_VALUE,ONE_SHARED_POOL_PER_UNORDERED_PAIR
53000000000,53,pool_v2v_veh_0_veh_4,veh_0,veh_4,DIRECT_V2V,10000000,DIAGNOSTIC_SYNTHETIC_VALUE,ONE_SHARED_POOL_PER_UNORDERED_PAIR
53000000000,53,pool_v2v_veh_1_veh_2,veh_1,veh_2,DIRECT_V2V,10000000,DIAGNOSTIC_SYNTHETIC_VALUE,ONE_SHARED_POOL_PER_UNORDERED_PAIR
53000000000,53,pool_v2v_veh_1_veh_3,veh_1,veh_3,DIRECT_V2V,10000000,DIAGNOSTIC_SYNTHETIC_VALUE,ONE_SHARED_POOL_PER_UNORDERED_PAIR
53000000000,53,pool_v2v_veh_1_veh_4,veh_1,veh_4,DIRECT_V2V,10000000,DIAGNOSTIC_SYNTHETIC_VALUE,ONE_SHARED_POOL_PER_UNORDERED_PAIR
53000000000,53,pool_v2v_veh_1_veh_5,veh_1,veh_5,DIRECT_V2V,10000000,DIAGNOSTIC_SYNTHETIC_VALUE,ONE_SHARED_POOL_PER_UNORDERED_PAIR
53000000000,53,pool_v2v_veh_1_veh_6,veh_1,veh_6,DIRECT_V2V,10000000,DIAGNOSTIC_SYNTHETIC_VALUE,ONE_SHARED_POOL_PER_UNORDERED_PAIR
53000000000,53,pool_v2v_veh_2_veh_3,veh_2,veh_3,DIRECT_V2V,10000000,DIAGNOSTIC_SYNTHETIC_VALUE,ONE_SHARED_POOL_PER_UNORDERED_PAIR
53000000000,53,pool_v2v_veh_2_veh_4,veh_2,veh_4,DIRECT_V2V,10000000,DIAGNOSTIC_SYNTHETIC_VALUE,ONE_SHARED_POOL_PER_UNORDERED_PAIR
53000000000,53,pool_v2v_veh_2_veh_5,veh_2,veh_5,DIRECT_V2V,10000000,DIAGNOSTIC_SYNTHETIC_VALUE,ONE_SHARED_POOL_PER_UNORDERED_PAIR
53000000000,53,pool_v2v_veh_2_veh_6,veh_2,veh_6,DIRECT_V2V,10000000,DIAGNOSTIC_SYNTHETIC_VALUE,ONE_SHARED_POOL_PER_UNORDERED_PAIR
53000000000,53,pool_v2v_veh_2_veh_7,veh_2,veh_7,DIRECT_V2V,10000000,DIAGNOSTIC_SYNTHETIC_VALUE,ONE_SHARED_POOL_PER_UNORDERED_PAIR
53000000000,53,pool_v2v_veh_3_veh_4,veh_3,veh_4,DIRECT_V2V,10000000,DIAGNOSTIC_SYNTHETIC_VALUE,ONE_SHARED_POOL_PER_UNORDERED_PAIR
53000000000,53,pool_v2v_veh_3_veh_5,veh_3,veh_5,DIRECT_V2V,10000000,DIAGNOSTIC_SYNTHETIC_VALUE,ONE_SHARED_POOL_PER_UNORDERED_PAIR
53000000000,53,pool_v2v_veh_3_veh_6,veh_3,veh_6,DIRECT_V2V,10000000,DIAGNOSTIC_SYNTHETIC_VALUE,ONE_SHARED_POOL_PER_UNORDERED_PAIR
53000000000,53,pool_v2v_veh_3_veh_7,veh_3,veh_7,DIRECT_V2V,10000000,DIAGNOSTIC_SYNTHETIC_VALUE,ONE_SHARED_POOL_PER_UNORDERED_PAIR
53000000000,53,pool_v2v_veh_3_veh_8,veh_3,veh_8,DIRECT_V2V,10000000,DIAGNOSTIC_SYNTHETIC_VALUE,ONE_SHARED_POOL_PER_UNORDERED_PAIR
53000000000,53,pool_v2v_veh_4_veh_5,veh_4,veh_5,DIRECT_V2V,10000000,DIAGNOSTIC_SYNTHETIC_VALUE,ONE_SHARED_POOL_PER_UNORDERED_PAIR
53000000000,53,pool_v2v_veh_4_veh_6,veh_4,veh_6,DIRECT_V2V,10000000,DIAGNOSTIC_SYNTHETIC_VALUE,ONE_SHARED_POOL_PER_UNORDERED_PAIR
53000000000,53,pool_v2v_veh_4_veh_7,veh_4,veh_7,DIRECT_V2V,10000000,DIAGNOSTIC_SYNTHETIC_VALUE,ONE_SHARED_POOL_PER_UNORDERED_PAIR
53000000000,53,pool_v2v_veh_4_veh_8,veh_4,veh_8,DIRECT_V2V,10000000,DIAGNOSTIC_SYNTHETIC_VALUE,ONE_SHARED_POOL_PER_UNORDERED_PAIR
53000000000,53,pool_v2v_veh_4_veh_9,veh_4,veh_9,DIRECT_V2V,10000000,DIAGNOSTIC_SYNTHETIC_VALUE,ONE_SHARED_POOL_PER_UNORDERED_PAIR
53000000000,53,pool_v2v_veh_5_veh_6,veh_5,veh_6,DIRECT_V2V,10000000,DIAGNOSTIC_SYNTHETIC_VALUE,ONE_SHARED_POOL_PER_UNORDERED_PAIR
53000000000,53,pool_v2v_veh_5_veh_7,veh_5,veh_7,DIRECT_V2V,10000000,DIAGNOSTIC_SYNTHETIC_VALUE,ONE_SHARED_POOL_PER_UNORDERED_PAIR
53000000000,53,pool_v2v_veh_5_veh_8,veh_5,veh_8,DIRECT_V2V,10000000,DIAGNOSTIC_SYNTHETIC_VALUE,ONE_SHARED_POOL_PER_UNORDERED_PAIR
53000000000,53,pool_v2v_veh_5_veh_9,veh_5,veh_9,DIRECT_V2V,10000000,DIAGNOSTIC_SYNTHETIC_VALUE,ONE_SHARED_POOL_PER_UNORDERED_PAIR
53000000000,53,pool_v2v_veh_5_veh_10,veh_5,veh_10,DIRECT_V2V,10000000,DIAGNOSTIC_SYNTHETIC_VALUE,ONE_SHARED_POOL_PER_UNORDERED_PAIR
53000000000,53,pool_v2v_veh_6_veh_7,veh_6,veh_7,DIRECT_V2V,10000000,DIAGNOSTIC_SYNTHETIC_VALUE,ONE_SHARED_POOL_PER_UNORDERED_PAIR
53000000000,53,pool_v2v_veh_6_veh_8,veh_6,veh_8,DIRECT_V2V,10000000,DIAGNOSTIC_SYNTHETIC_VALUE,ONE_SHARED_POOL_PER_UNORDERED_PAIR
53000000000,53,pool_v2v_veh_6_veh_9,veh_6,veh_9,DIRECT_V2V,10000000,DIAGNOSTIC_SYNTHETIC_VALUE,ONE_SHARED_POOL_PER_UNORDERED_PAIR
53000000000,53,pool_v2v_veh_6_veh_10,veh_6,veh_10,DIRECT_V2V,10000000,DIAGNOSTIC_SYNTHETIC_VALUE,ONE_SHARED_POOL_PER_UNORDERED_PAIR
53000000000,53,pool_v2v_veh_6_veh_11,veh_6,veh_11,DIRECT_V2V,10000000,DIAGNOSTIC_SYNTHETIC_VALUE,ONE_SHARED_POOL_PER_UNORDERED_PAIR
53000000000,53,pool_v2v_veh_7_veh_8,veh_7,veh_8,DIRECT_V2V,10000000,DIAGNOSTIC_SYNTHETIC_VALUE,ONE_SHARED_POOL_PER_UNORDERED_PAIR
53000000000,53,pool_v2v_veh_7_veh_9,veh_7,veh_9,DIRECT_V2V,10000000,DIAGNOSTIC_SYNTHETIC_VALUE,ONE_SHARED_POOL_PER_UNORDERED_PAIR
53000000000,53,pool_v2v_veh_7_veh_10,veh_7,veh_10,DIRECT_V2V,10000000,DIAGNOSTIC_SYNTHETIC_VALUE,ONE_SHARED_POOL_PER_UNORDERED_PAIR
53000000000,53,pool_v2v_veh_7_veh_11,veh_7,veh_11,DIRECT_V2V,10000000,DIAGNOSTIC_SYNTHETIC_VALUE,ONE_SHARED_POOL_PER_UNORDERED_PAIR
53000000000,53,pool_v2v_veh_8_veh_9,veh_8,veh_9,DIRECT_V2V,10000000,DIAGNOSTIC_SYNTHETIC_VALUE,ONE_SHARED_POOL_PER_UNORDERED_PAIR
53000000000,53,pool_v2v_veh_8_veh_10,veh_8,veh_10,DIRECT_V2V,10000000,DIAGNOSTIC_SYNTHETIC_VALUE,ONE_SHARED_POOL_PER_UNORDERED_PAIR
53000000000,53,pool_v2v_veh_8_veh_11,veh_8,veh_11,DIRECT_V2V,10000000,DIAGNOSTIC_SYNTHETIC_VALUE,ONE_SHARED_POOL_PER_UNORDERED_PAIR
53000000000,53,pool_v2v_veh_9_veh_10,veh_9,veh_10,DIRECT_V2V,10000000,DIAGNOSTIC_SYNTHETIC_VALUE,ONE_SHARED_POOL_PER_UNORDERED_PAIR
53000000000,53,pool_v2v_veh_9_veh_11,veh_9,veh_11,DIRECT_V2V,10000000,DIAGNOSTIC_SYNTHETIC_VALUE,ONE_SHARED_POOL_PER_UNORDERED_PAIR
53000000000,53,pool_v2v_veh_10_veh_11,veh_10,veh_11,DIRECT_V2V,10000000,DIAGNOSTIC_SYNTHETIC_VALUE,ONE_SHARED_POOL_PER_UNORDERED_PAIR
54000000000,54,pool_v2v_veh_0_veh_1,veh_0,veh_1,DIRECT_V2V,10000000,DIAGNOSTIC_SYNTHETIC_VALUE,ONE_SHARED_POOL_PER_UNORDERED_PAIR
54000000000,54,pool_v2v_veh_0_veh_2,veh_0,veh_2,DIRECT_V2V,10000000,DIAGNOSTIC_SYNTHETIC_VALUE,ONE_SHARED_POOL_PER_UNORDERED_PAIR
54000000000,54,pool_v2v_veh_0_veh_3,veh_0,veh_3,DIRECT_V2V,10000000,DIAGNOSTIC_SYNTHETIC_VALUE,ONE_SHARED_POOL_PER_UNORDERED_PAIR
54000000000,54,pool_v2v_veh_0_veh_4,veh_0,veh_4,DIRECT_V2V,10000000,DIAGNOSTIC_SYNTHETIC_VALUE,ONE_SHARED_POOL_PER_UNORDERED_PAIR
54000000000,54,pool_v2v_veh_1_veh_2,veh_1,veh_2,DIRECT_V2V,10000000,DIAGNOSTIC_SYNTHETIC_VALUE,ONE_SHARED_POOL_PER_UNORDERED_PAIR
54000000000,54,pool_v2v_veh_1_veh_3,veh_1,veh_3,DIRECT_V2V,10000000,DIAGNOSTIC_SYNTHETIC_VALUE,ONE_SHARED_POOL_PER_UNORDERED_PAIR
54000000000,54,pool_v2v_veh_1_veh_4,veh_1,veh_4,DIRECT_V2V,10000000,DIAGNOSTIC_SYNTHETIC_VALUE,ONE_SHARED_POOL_PER_UNORDERED_PAIR
54000000000,54,pool_v2v_veh_1_veh_5,veh_1,veh_5,DIRECT_V2V,10000000,DIAGNOSTIC_SYNTHETIC_VALUE,ONE_SHARED_POOL_PER_UNORDERED_PAIR
54000000000,54,pool_v2v_veh_1_veh_6,veh_1,veh_6,DIRECT_V2V,10000000,DIAGNOSTIC_SYNTHETIC_VALUE,ONE_SHARED_POOL_PER_UNORDERED_PAIR
54000000000,54,pool_v2v_veh_2_veh_3,veh_2,veh_3,DIRECT_V2V,10000000,DIAGNOSTIC_SYNTHETIC_VALUE,ONE_SHARED_POOL_PER_UNORDERED_PAIR
54000000000,54,pool_v2v_veh_2_veh_4,veh_2,veh_4,DIRECT_V2V,10000000,DIAGNOSTIC_SYNTHETIC_VALUE,ONE_SHARED_POOL_PER_UNORDERED_PAIR
54000000000,54,pool_v2v_veh_2_veh_5,veh_2,veh_5,DIRECT_V2V,10000000,DIAGNOSTIC_SYNTHETIC_VALUE,ONE_SHARED_POOL_PER_UNORDERED_PAIR
54000000000,54,pool_v2v_veh_2_veh_6,veh_2,veh_6,DIRECT_V2V,10000000,DIAGNOSTIC_SYNTHETIC_VALUE,ONE_SHARED_POOL_PER_UNORDERED_PAIR
54000000000,54,pool_v2v_veh_2_veh_7,veh_2,veh_7,DIRECT_V2V,10000000,DIAGNOSTIC_SYNTHETIC_VALUE,ONE_SHARED_POOL_PER_UNORDERED_PAIR
54000000000,54,pool_v2v_veh_3_veh_4,veh_3,veh_4,DIRECT_V2V,10000000,DIAGNOSTIC_SYNTHETIC_VALUE,ONE_SHARED_POOL_PER_UNORDERED_PAIR
54000000000,54,pool_v2v_veh_3_veh_5,veh_3,veh_5,DIRECT_V2V,10000000,DIAGNOSTIC_SYNTHETIC_VALUE,ONE_SHARED_POOL_PER_UNORDERED_PAIR
54000000000,54,pool_v2v_veh_3_veh_6,veh_3,veh_6,DIRECT_V2V,10000000,DIAGNOSTIC_SYNTHETIC_VALUE,ONE_SHARED_POOL_PER_UNORDERED_PAIR
54000000000,54,pool_v2v_veh_3_veh_7,veh_3,veh_7,DIRECT_V2V,10000000,DIAGNOSTIC_SYNTHETIC_VALUE,ONE_SHARED_POOL_PER_UNORDERED_PAIR
54000000000,54,pool_v2v_veh_3_veh_8,veh_3,veh_8,DIRECT_V2V,10000000,DIAGNOSTIC_SYNTHETIC_VALUE,ONE_SHARED_POOL_PER_UNORDERED_PAIR
54000000000,54,pool_v2v_veh_4_veh_5,veh_4,veh_5,DIRECT_V2V,10000000,DIAGNOSTIC_SYNTHETIC_VALUE,ONE_SHARED_POOL_PER_UNORDERED_PAIR
54000000000,54,pool_v2v_veh_4_veh_6,veh_4,veh_6,DIRECT_V2V,10000000,DIAGNOSTIC_SYNTHETIC_VALUE,ONE_SHARED_POOL_PER_UNORDERED_PAIR
54000000000,54,pool_v2v_veh_4_veh_7,veh_4,veh_7,DIRECT_V2V,10000000,DIAGNOSTIC_SYNTHETIC_VALUE,ONE_SHARED_POOL_PER_UNORDERED_PAIR
54000000000,54,pool_v2v_veh_4_veh_8,veh_4,veh_8,DIRECT_V2V,10000000,DIAGNOSTIC_SYNTHETIC_VALUE,ONE_SHARED_POOL_PER_UNORDERED_PAIR
54000000000,54,pool_v2v_veh_5_veh_6,veh_5,veh_6,DIRECT_V2V,10000000,DIAGNOSTIC_SYNTHETIC_VALUE,ONE_SHARED_POOL_PER_UNORDERED_PAIR
54000000000,54,pool_v2v_veh_5_veh_7,veh_5,veh_7,DIRECT_V2V,10000000,DIAGNOSTIC_SYNTHETIC_VALUE,ONE_SHARED_POOL_PER_UNORDERED_PAIR
54000000000,54,pool_v2v_veh_5_veh_8,veh_5,veh_8,DIRECT_V2V,10000000,DIAGNOSTIC_SYNTHETIC_VALUE,ONE_SHARED_POOL_PER_UNORDERED_PAIR
54000000000,54,pool_v2v_veh_5_veh_9,veh_5,veh_9,DIRECT_V2V,10000000,DIAGNOSTIC_SYNTHETIC_VALUE,ONE_SHARED_POOL_PER_UNORDERED_PAIR
54000000000,54,pool_v2v_veh_5_veh_10,veh_5,veh_10,DIRECT_V2V,10000000,DIAGNOSTIC_SYNTHETIC_VALUE,ONE_SHARED_POOL_PER_UNORDERED_PAIR
54000000000,54,pool_v2v_veh_6_veh_7,veh_6,veh_7,DIRECT_V2V,10000000,DIAGNOSTIC_SYNTHETIC_VALUE,ONE_SHARED_POOL_PER_UNORDERED_PAIR
54000000000,54,pool_v2v_veh_6_veh_8,veh_6,veh_8,DIRECT_V2V,10000000,DIAGNOSTIC_SYNTHETIC_VALUE,ONE_SHARED_POOL_PER_UNORDERED_PAIR
54000000000,54,pool_v2v_veh_6_veh_9,veh_6,veh_9,DIRECT_V2V,10000000,DIAGNOSTIC_SYNTHETIC_VALUE,ONE_SHARED_POOL_PER_UNORDERED_PAIR
54000000000,54,pool_v2v_veh_6_veh_10,veh_6,veh_10,DIRECT_V2V,10000000,DIAGNOSTIC_SYNTHETIC_VALUE,ONE_SHARED_POOL_PER_UNORDERED_PAIR
54000000000,54,pool_v2v_veh_6_veh_11,veh_6,veh_11,DIRECT_V2V,10000000,DIAGNOSTIC_SYNTHETIC_VALUE,ONE_SHARED_POOL_PER_UNORDERED_PAIR
54000000000,54,pool_v2v_veh_7_veh_8,veh_7,veh_8,DIRECT_V2V,10000000,DIAGNOSTIC_SYNTHETIC_VALUE,ONE_SHARED_POOL_PER_UNORDERED_PAIR
54000000000,54,pool_v2v_veh_7_veh_9,veh_7,veh_9,DIRECT_V2V,10000000,DIAGNOSTIC_SYNTHETIC_VALUE,ONE_SHARED_POOL_PER_UNORDERED_PAIR
54000000000,54,pool_v2v_veh_7_veh_10,veh_7,veh_10,DIRECT_V2V,10000000,DIAGNOSTIC_SYNTHETIC_VALUE,ONE_SHARED_POOL_PER_UNORDERED_PAIR
54000000000,54,pool_v2v_veh_7_veh_11,veh_7,veh_11,DIRECT_V2V,10000000,DIAGNOSTIC_SYNTHETIC_VALUE,ONE_SHARED_POOL_PER_UNORDERED_PAIR
54000000000,54,pool_v2v_veh_8_veh_9,veh_8,veh_9,DIRECT_V2V,10000000,DIAGNOSTIC_SYNTHETIC_VALUE,ONE_SHARED_POOL_PER_UNORDERED_PAIR
54000000000,54,pool_v2v_veh_8_veh_10,veh_8,veh_10,DIRECT_V2V,10000000,DIAGNOSTIC_SYNTHETIC_VALUE,ONE_SHARED_POOL_PER_UNORDERED_PAIR
54000000000,54,pool_v2v_veh_8_veh_11,veh_8,veh_11,DIRECT_V2V,10000000,DIAGNOSTIC_SYNTHETIC_VALUE,ONE_SHARED_POOL_PER_UNORDERED_PAIR
54000000000,54,pool_v2v_veh_9_veh_10,veh_9,veh_10,DIRECT_V2V,10000000,DIAGNOSTIC_SYNTHETIC_VALUE,ONE_SHARED_POOL_PER_UNORDERED_PAIR
54000000000,54,pool_v2v_veh_9_veh_11,veh_9,veh_11,DIRECT_V2V,10000000,DIAGNOSTIC_SYNTHETIC_VALUE,ONE_SHARED_POOL_PER_UNORDERED_PAIR
54000000000,54,pool_v2v_veh_10_veh_11,veh_10,veh_11,DIRECT_V2V,10000000,DIAGNOSTIC_SYNTHETIC_VALUE,ONE_SHARED_POOL_PER_UNORDERED_PAIR
55000000000,55,pool_v2v_veh_0_veh_1,veh_0,veh_1,DIRECT_V2V,10000000,DIAGNOSTIC_SYNTHETIC_VALUE,ONE_SHARED_POOL_PER_UNORDERED_PAIR
55000000000,55,pool_v2v_veh_0_veh_2,veh_0,veh_2,DIRECT_V2V,10000000,DIAGNOSTIC_SYNTHETIC_VALUE,ONE_SHARED_POOL_PER_UNORDERED_PAIR
55000000000,55,pool_v2v_veh_0_veh_3,veh_0,veh_3,DIRECT_V2V,10000000,DIAGNOSTIC_SYNTHETIC_VALUE,ONE_SHARED_POOL_PER_UNORDERED_PAIR
55000000000,55,pool_v2v_veh_0_veh_4,veh_0,veh_4,DIRECT_V2V,10000000,DIAGNOSTIC_SYNTHETIC_VALUE,ONE_SHARED_POOL_PER_UNORDERED_PAIR
55000000000,55,pool_v2v_veh_1_veh_2,veh_1,veh_2,DIRECT_V2V,10000000,DIAGNOSTIC_SYNTHETIC_VALUE,ONE_SHARED_POOL_PER_UNORDERED_PAIR
55000000000,55,pool_v2v_veh_1_veh_3,veh_1,veh_3,DIRECT_V2V,10000000,DIAGNOSTIC_SYNTHETIC_VALUE,ONE_SHARED_POOL_PER_UNORDERED_PAIR
55000000000,55,pool_v2v_veh_1_veh_4,veh_1,veh_4,DIRECT_V2V,10000000,DIAGNOSTIC_SYNTHETIC_VALUE,ONE_SHARED_POOL_PER_UNORDERED_PAIR
55000000000,55,pool_v2v_veh_1_veh_5,veh_1,veh_5,DIRECT_V2V,10000000,DIAGNOSTIC_SYNTHETIC_VALUE,ONE_SHARED_POOL_PER_UNORDERED_PAIR
55000000000,55,pool_v2v_veh_1_veh_6,veh_1,veh_6,DIRECT_V2V,10000000,DIAGNOSTIC_SYNTHETIC_VALUE,ONE_SHARED_POOL_PER_UNORDERED_PAIR
55000000000,55,pool_v2v_veh_2_veh_3,veh_2,veh_3,DIRECT_V2V,10000000,DIAGNOSTIC_SYNTHETIC_VALUE,ONE_SHARED_POOL_PER_UNORDERED_PAIR
55000000000,55,pool_v2v_veh_2_veh_4,veh_2,veh_4,DIRECT_V2V,10000000,DIAGNOSTIC_SYNTHETIC_VALUE,ONE_SHARED_POOL_PER_UNORDERED_PAIR
55000000000,55,pool_v2v_veh_2_veh_5,veh_2,veh_5,DIRECT_V2V,10000000,DIAGNOSTIC_SYNTHETIC_VALUE,ONE_SHARED_POOL_PER_UNORDERED_PAIR
55000000000,55,pool_v2v_veh_2_veh_6,veh_2,veh_6,DIRECT_V2V,10000000,DIAGNOSTIC_SYNTHETIC_VALUE,ONE_SHARED_POOL_PER_UNORDERED_PAIR
55000000000,55,pool_v2v_veh_2_veh_7,veh_2,veh_7,DIRECT_V2V,10000000,DIAGNOSTIC_SYNTHETIC_VALUE,ONE_SHARED_POOL_PER_UNORDERED_PAIR
55000000000,55,pool_v2v_veh_3_veh_4,veh_3,veh_4,DIRECT_V2V,10000000,DIAGNOSTIC_SYNTHETIC_VALUE,ONE_SHARED_POOL_PER_UNORDERED_PAIR
55000000000,55,pool_v2v_veh_3_veh_5,veh_3,veh_5,DIRECT_V2V,10000000,DIAGNOSTIC_SYNTHETIC_VALUE,ONE_SHARED_POOL_PER_UNORDERED_PAIR
55000000000,55,pool_v2v_veh_3_veh_6,veh_3,veh_6,DIRECT_V2V,10000000,DIAGNOSTIC_SYNTHETIC_VALUE,ONE_SHARED_POOL_PER_UNORDERED_PAIR
55000000000,55,pool_v2v_veh_3_veh_7,veh_3,veh_7,DIRECT_V2V,10000000,DIAGNOSTIC_SYNTHETIC_VALUE,ONE_SHARED_POOL_PER_UNORDERED_PAIR
55000000000,55,pool_v2v_veh_3_veh_8,veh_3,veh_8,DIRECT_V2V,10000000,DIAGNOSTIC_SYNTHETIC_VALUE,ONE_SHARED_POOL_PER_UNORDERED_PAIR
55000000000,55,pool_v2v_veh_4_veh_5,veh_4,veh_5,DIRECT_V2V,10000000,DIAGNOSTIC_SYNTHETIC_VALUE,ONE_SHARED_POOL_PER_UNORDERED_PAIR
55000000000,55,pool_v2v_veh_4_veh_6,veh_4,veh_6,DIRECT_V2V,10000000,DIAGNOSTIC_SYNTHETIC_VALUE,ONE_SHARED_POOL_PER_UNORDERED_PAIR
55000000000,55,pool_v2v_veh_4_veh_7,veh_4,veh_7,DIRECT_V2V,10000000,DIAGNOSTIC_SYNTHETIC_VALUE,ONE_SHARED_POOL_PER_UNORDERED_PAIR
55000000000,55,pool_v2v_veh_4_veh_8,veh_4,veh_8,DIRECT_V2V,10000000,DIAGNOSTIC_SYNTHETIC_VALUE,ONE_SHARED_POOL_PER_UNORDERED_PAIR
55000000000,55,pool_v2v_veh_5_veh_6,veh_5,veh_6,DIRECT_V2V,10000000,DIAGNOSTIC_SYNTHETIC_VALUE,ONE_SHARED_POOL_PER_UNORDERED_PAIR
55000000000,55,pool_v2v_veh_5_veh_7,veh_5,veh_7,DIRECT_V2V,10000000,DIAGNOSTIC_SYNTHETIC_VALUE,ONE_SHARED_POOL_PER_UNORDERED_PAIR
55000000000,55,pool_v2v_veh_5_veh_8,veh_5,veh_8,DIRECT_V2V,10000000,DIAGNOSTIC_SYNTHETIC_VALUE,ONE_SHARED_POOL_PER_UNORDERED_PAIR
55000000000,55,pool_v2v_veh_5_veh_9,veh_5,veh_9,DIRECT_V2V,10000000,DIAGNOSTIC_SYNTHETIC_VALUE,ONE_SHARED_POOL_PER_UNORDERED_PAIR
55000000000,55,pool_v2v_veh_5_veh_10,veh_5,veh_10,DIRECT_V2V,10000000,DIAGNOSTIC_SYNTHETIC_VALUE,ONE_SHARED_POOL_PER_UNORDERED_PAIR
55000000000,55,pool_v2v_veh_6_veh_7,veh_6,veh_7,DIRECT_V2V,10000000,DIAGNOSTIC_SYNTHETIC_VALUE,ONE_SHARED_POOL_PER_UNORDERED_PAIR
55000000000,55,pool_v2v_veh_6_veh_8,veh_6,veh_8,DIRECT_V2V,10000000,DIAGNOSTIC_SYNTHETIC_VALUE,ONE_SHARED_POOL_PER_UNORDERED_PAIR
55000000000,55,pool_v2v_veh_6_veh_9,veh_6,veh_9,DIRECT_V2V,10000000,DIAGNOSTIC_SYNTHETIC_VALUE,ONE_SHARED_POOL_PER_UNORDERED_PAIR
55000000000,55,pool_v2v_veh_6_veh_10,veh_6,veh_10,DIRECT_V2V,10000000,DIAGNOSTIC_SYNTHETIC_VALUE,ONE_SHARED_POOL_PER_UNORDERED_PAIR
55000000000,55,pool_v2v_veh_6_veh_11,veh_6,veh_11,DIRECT_V2V,10000000,DIAGNOSTIC_SYNTHETIC_VALUE,ONE_SHARED_POOL_PER_UNORDERED_PAIR
55000000000,55,pool_v2v_veh_7_veh_8,veh_7,veh_8,DIRECT_V2V,10000000,DIAGNOSTIC_SYNTHETIC_VALUE,ONE_SHARED_POOL_PER_UNORDERED_PAIR
55000000000,55,pool_v2v_veh_7_veh_9,veh_7,veh_9,DIRECT_V2V,10000000,DIAGNOSTIC_SYNTHETIC_VALUE,ONE_SHARED_POOL_PER_UNORDERED_PAIR
55000000000,55,pool_v2v_veh_7_veh_10,veh_7,veh_10,DIRECT_V2V,10000000,DIAGNOSTIC_SYNTHETIC_VALUE,ONE_SHARED_POOL_PER_UNORDERED_PAIR
55000000000,55,pool_v2v_veh_7_veh_11,veh_7,veh_11,DIRECT_V2V,10000000,DIAGNOSTIC_SYNTHETIC_VALUE,ONE_SHARED_POOL_PER_UNORDERED_PAIR
55000000000,55,pool_v2v_veh_8_veh_9,veh_8,veh_9,DIRECT_V2V,10000000,DIAGNOSTIC_SYNTHETIC_VALUE,ONE_SHARED_POOL_PER_UNORDERED_PAIR
55000000000,55,pool_v2v_veh_8_veh_10,veh_8,veh_10,DIRECT_V2V,10000000,DIAGNOSTIC_SYNTHETIC_VALUE,ONE_SHARED_POOL_PER_UNORDERED_PAIR
55000000000,55,pool_v2v_veh_8_veh_11,veh_8,veh_11,DIRECT_V2V,10000000,DIAGNOSTIC_SYNTHETIC_VALUE,ONE_SHARED_POOL_PER_UNORDERED_PAIR
55000000000,55,pool_v2v_veh_9_veh_10,veh_9,veh_10,DIRECT_V2V,10000000,DIAGNOSTIC_SYNTHETIC_VALUE,ONE_SHARED_POOL_PER_UNORDERED_PAIR
55000000000,55,pool_v2v_veh_9_veh_11,veh_9,veh_11,DIRECT_V2V,10000000,DIAGNOSTIC_SYNTHETIC_VALUE,ONE_SHARED_POOL_PER_UNORDERED_PAIR
55000000000,55,pool_v2v_veh_10_veh_11,veh_10,veh_11,DIRECT_V2V,10000000,DIAGNOSTIC_SYNTHETIC_VALUE,ONE_SHARED_POOL_PER_UNORDERED_PAIR
56000000000,56,pool_v2v_veh_0_veh_1,veh_0,veh_1,DIRECT_V2V,10000000,DIAGNOSTIC_SYNTHETIC_VALUE,ONE_SHARED_POOL_PER_UNORDERED_PAIR
56000000000,56,pool_v2v_veh_0_veh_2,veh_0,veh_2,DIRECT_V2V,10000000,DIAGNOSTIC_SYNTHETIC_VALUE,ONE_SHARED_POOL_PER_UNORDERED_PAIR
56000000000,56,pool_v2v_veh_0_veh_3,veh_0,veh_3,DIRECT_V2V,10000000,DIAGNOSTIC_SYNTHETIC_VALUE,ONE_SHARED_POOL_PER_UNORDERED_PAIR
56000000000,56,pool_v2v_veh_0_veh_4,veh_0,veh_4,DIRECT_V2V,10000000,DIAGNOSTIC_SYNTHETIC_VALUE,ONE_SHARED_POOL_PER_UNORDERED_PAIR
56000000000,56,pool_v2v_veh_1_veh_2,veh_1,veh_2,DIRECT_V2V,10000000,DIAGNOSTIC_SYNTHETIC_VALUE,ONE_SHARED_POOL_PER_UNORDERED_PAIR
56000000000,56,pool_v2v_veh_1_veh_3,veh_1,veh_3,DIRECT_V2V,10000000,DIAGNOSTIC_SYNTHETIC_VALUE,ONE_SHARED_POOL_PER_UNORDERED_PAIR
56000000000,56,pool_v2v_veh_1_veh_4,veh_1,veh_4,DIRECT_V2V,10000000,DIAGNOSTIC_SYNTHETIC_VALUE,ONE_SHARED_POOL_PER_UNORDERED_PAIR
56000000000,56,pool_v2v_veh_1_veh_5,veh_1,veh_5,DIRECT_V2V,10000000,DIAGNOSTIC_SYNTHETIC_VALUE,ONE_SHARED_POOL_PER_UNORDERED_PAIR
56000000000,56,pool_v2v_veh_1_veh_6,veh_1,veh_6,DIRECT_V2V,10000000,DIAGNOSTIC_SYNTHETIC_VALUE,ONE_SHARED_POOL_PER_UNORDERED_PAIR
56000000000,56,pool_v2v_veh_2_veh_3,veh_2,veh_3,DIRECT_V2V,10000000,DIAGNOSTIC_SYNTHETIC_VALUE,ONE_SHARED_POOL_PER_UNORDERED_PAIR
56000000000,56,pool_v2v_veh_2_veh_4,veh_2,veh_4,DIRECT_V2V,10000000,DIAGNOSTIC_SYNTHETIC_VALUE,ONE_SHARED_POOL_PER_UNORDERED_PAIR
56000000000,56,pool_v2v_veh_2_veh_5,veh_2,veh_5,DIRECT_V2V,10000000,DIAGNOSTIC_SYNTHETIC_VALUE,ONE_SHARED_POOL_PER_UNORDERED_PAIR
56000000000,56,pool_v2v_veh_2_veh_6,veh_2,veh_6,DIRECT_V2V,10000000,DIAGNOSTIC_SYNTHETIC_VALUE,ONE_SHARED_POOL_PER_UNORDERED_PAIR
56000000000,56,pool_v2v_veh_2_veh_7,veh_2,veh_7,DIRECT_V2V,10000000,DIAGNOSTIC_SYNTHETIC_VALUE,ONE_SHARED_POOL_PER_UNORDERED_PAIR
56000000000,56,pool_v2v_veh_3_veh_4,veh_3,veh_4,DIRECT_V2V,10000000,DIAGNOSTIC_SYNTHETIC_VALUE,ONE_SHARED_POOL_PER_UNORDERED_PAIR
56000000000,56,pool_v2v_veh_3_veh_5,veh_3,veh_5,DIRECT_V2V,10000000,DIAGNOSTIC_SYNTHETIC_VALUE,ONE_SHARED_POOL_PER_UNORDERED_PAIR
56000000000,56,pool_v2v_veh_3_veh_6,veh_3,veh_6,DIRECT_V2V,10000000,DIAGNOSTIC_SYNTHETIC_VALUE,ONE_SHARED_POOL_PER_UNORDERED_PAIR
56000000000,56,pool_v2v_veh_3_veh_7,veh_3,veh_7,DIRECT_V2V,10000000,DIAGNOSTIC_SYNTHETIC_VALUE,ONE_SHARED_POOL_PER_UNORDERED_PAIR
56000000000,56,pool_v2v_veh_3_veh_8,veh_3,veh_8,DIRECT_V2V,10000000,DIAGNOSTIC_SYNTHETIC_VALUE,ONE_SHARED_POOL_PER_UNORDERED_PAIR
56000000000,56,pool_v2v_veh_4_veh_5,veh_4,veh_5,DIRECT_V2V,10000000,DIAGNOSTIC_SYNTHETIC_VALUE,ONE_SHARED_POOL_PER_UNORDERED_PAIR
56000000000,56,pool_v2v_veh_4_veh_6,veh_4,veh_6,DIRECT_V2V,10000000,DIAGNOSTIC_SYNTHETIC_VALUE,ONE_SHARED_POOL_PER_UNORDERED_PAIR
56000000000,56,pool_v2v_veh_4_veh_7,veh_4,veh_7,DIRECT_V2V,10000000,DIAGNOSTIC_SYNTHETIC_VALUE,ONE_SHARED_POOL_PER_UNORDERED_PAIR
56000000000,56,pool_v2v_veh_4_veh_8,veh_4,veh_8,DIRECT_V2V,10000000,DIAGNOSTIC_SYNTHETIC_VALUE,ONE_SHARED_POOL_PER_UNORDERED_PAIR
56000000000,56,pool_v2v_veh_5_veh_6,veh_5,veh_6,DIRECT_V2V,10000000,DIAGNOSTIC_SYNTHETIC_VALUE,ONE_SHARED_POOL_PER_UNORDERED_PAIR
56000000000,56,pool_v2v_veh_5_veh_7,veh_5,veh_7,DIRECT_V2V,10000000,DIAGNOSTIC_SYNTHETIC_VALUE,ONE_SHARED_POOL_PER_UNORDERED_PAIR
56000000000,56,pool_v2v_veh_5_veh_8,veh_5,veh_8,DIRECT_V2V,10000000,DIAGNOSTIC_SYNTHETIC_VALUE,ONE_SHARED_POOL_PER_UNORDERED_PAIR
56000000000,56,pool_v2v_veh_5_veh_9,veh_5,veh_9,DIRECT_V2V,10000000,DIAGNOSTIC_SYNTHETIC_VALUE,ONE_SHARED_POOL_PER_UNORDERED_PAIR
56000000000,56,pool_v2v_veh_5_veh_10,veh_5,veh_10,DIRECT_V2V,10000000,DIAGNOSTIC_SYNTHETIC_VALUE,ONE_SHARED_POOL_PER_UNORDERED_PAIR
56000000000,56,pool_v2v_veh_6_veh_7,veh_6,veh_7,DIRECT_V2V,10000000,DIAGNOSTIC_SYNTHETIC_VALUE,ONE_SHARED_POOL_PER_UNORDERED_PAIR
56000000000,56,pool_v2v_veh_6_veh_8,veh_6,veh_8,DIRECT_V2V,10000000,DIAGNOSTIC_SYNTHETIC_VALUE,ONE_SHARED_POOL_PER_UNORDERED_PAIR
56000000000,56,pool_v2v_veh_6_veh_9,veh_6,veh_9,DIRECT_V2V,10000000,DIAGNOSTIC_SYNTHETIC_VALUE,ONE_SHARED_POOL_PER_UNORDERED_PAIR
56000000000,56,pool_v2v_veh_6_veh_10,veh_6,veh_10,DIRECT_V2V,10000000,DIAGNOSTIC_SYNTHETIC_VALUE,ONE_SHARED_POOL_PER_UNORDERED_PAIR
56000000000,56,pool_v2v_veh_6_veh_11,veh_6,veh_11,DIRECT_V2V,10000000,DIAGNOSTIC_SYNTHETIC_VALUE,ONE_SHARED_POOL_PER_UNORDERED_PAIR
56000000000,56,pool_v2v_veh_7_veh_8,veh_7,veh_8,DIRECT_V2V,10000000,DIAGNOSTIC_SYNTHETIC_VALUE,ONE_SHARED_POOL_PER_UNORDERED_PAIR
56000000000,56,pool_v2v_veh_7_veh_9,veh_7,veh_9,DIRECT_V2V,10000000,DIAGNOSTIC_SYNTHETIC_VALUE,ONE_SHARED_POOL_PER_UNORDERED_PAIR
56000000000,56,pool_v2v_veh_7_veh_10,veh_7,veh_10,DIRECT_V2V,10000000,DIAGNOSTIC_SYNTHETIC_VALUE,ONE_SHARED_POOL_PER_UNORDERED_PAIR
56000000000,56,pool_v2v_veh_7_veh_11,veh_7,veh_11,DIRECT_V2V,10000000,DIAGNOSTIC_SYNTHETIC_VALUE,ONE_SHARED_POOL_PER_UNORDERED_PAIR
56000000000,56,pool_v2v_veh_8_veh_9,veh_8,veh_9,DIRECT_V2V,10000000,DIAGNOSTIC_SYNTHETIC_VALUE,ONE_SHARED_POOL_PER_UNORDERED_PAIR
56000000000,56,pool_v2v_veh_8_veh_10,veh_8,veh_10,DIRECT_V2V,10000000,DIAGNOSTIC_SYNTHETIC_VALUE,ONE_SHARED_POOL_PER_UNORDERED_PAIR
56000000000,56,pool_v2v_veh_8_veh_11,veh_8,veh_11,DIRECT_V2V,10000000,DIAGNOSTIC_SYNTHETIC_VALUE,ONE_SHARED_POOL_PER_UNORDERED_PAIR
56000000000,56,pool_v2v_veh_9_veh_10,veh_9,veh_10,DIRECT_V2V,10000000,DIAGNOSTIC_SYNTHETIC_VALUE,ONE_SHARED_POOL_PER_UNORDERED_PAIR
56000000000,56,pool_v2v_veh_9_veh_11,veh_9,veh_11,DIRECT_V2V,10000000,DIAGNOSTIC_SYNTHETIC_VALUE,ONE_SHARED_POOL_PER_UNORDERED_PAIR
56000000000,56,pool_v2v_veh_10_veh_11,veh_10,veh_11,DIRECT_V2V,10000000,DIAGNOSTIC_SYNTHETIC_VALUE,ONE_SHARED_POOL_PER_UNORDERED_PAIR
57000000000,57,pool_v2v_veh_0_veh_1,veh_0,veh_1,DIRECT_V2V,10000000,DIAGNOSTIC_SYNTHETIC_VALUE,ONE_SHARED_POOL_PER_UNORDERED_PAIR
57000000000,57,pool_v2v_veh_0_veh_2,veh_0,veh_2,DIRECT_V2V,10000000,DIAGNOSTIC_SYNTHETIC_VALUE,ONE_SHARED_POOL_PER_UNORDERED_PAIR
57000000000,57,pool_v2v_veh_0_veh_3,veh_0,veh_3,DIRECT_V2V,10000000,DIAGNOSTIC_SYNTHETIC_VALUE,ONE_SHARED_POOL_PER_UNORDERED_PAIR
57000000000,57,pool_v2v_veh_0_veh_4,veh_0,veh_4,DIRECT_V2V,10000000,DIAGNOSTIC_SYNTHETIC_VALUE,ONE_SHARED_POOL_PER_UNORDERED_PAIR
57000000000,57,pool_v2v_veh_1_veh_2,veh_1,veh_2,DIRECT_V2V,10000000,DIAGNOSTIC_SYNTHETIC_VALUE,ONE_SHARED_POOL_PER_UNORDERED_PAIR
57000000000,57,pool_v2v_veh_1_veh_3,veh_1,veh_3,DIRECT_V2V,10000000,DIAGNOSTIC_SYNTHETIC_VALUE,ONE_SHARED_POOL_PER_UNORDERED_PAIR
57000000000,57,pool_v2v_veh_1_veh_4,veh_1,veh_4,DIRECT_V2V,10000000,DIAGNOSTIC_SYNTHETIC_VALUE,ONE_SHARED_POOL_PER_UNORDERED_PAIR
57000000000,57,pool_v2v_veh_1_veh_5,veh_1,veh_5,DIRECT_V2V,10000000,DIAGNOSTIC_SYNTHETIC_VALUE,ONE_SHARED_POOL_PER_UNORDERED_PAIR
57000000000,57,pool_v2v_veh_1_veh_6,veh_1,veh_6,DIRECT_V2V,10000000,DIAGNOSTIC_SYNTHETIC_VALUE,ONE_SHARED_POOL_PER_UNORDERED_PAIR
57000000000,57,pool_v2v_veh_2_veh_3,veh_2,veh_3,DIRECT_V2V,10000000,DIAGNOSTIC_SYNTHETIC_VALUE,ONE_SHARED_POOL_PER_UNORDERED_PAIR
57000000000,57,pool_v2v_veh_2_veh_4,veh_2,veh_4,DIRECT_V2V,10000000,DIAGNOSTIC_SYNTHETIC_VALUE,ONE_SHARED_POOL_PER_UNORDERED_PAIR
57000000000,57,pool_v2v_veh_2_veh_5,veh_2,veh_5,DIRECT_V2V,10000000,DIAGNOSTIC_SYNTHETIC_VALUE,ONE_SHARED_POOL_PER_UNORDERED_PAIR
57000000000,57,pool_v2v_veh_2_veh_6,veh_2,veh_6,DIRECT_V2V,10000000,DIAGNOSTIC_SYNTHETIC_VALUE,ONE_SHARED_POOL_PER_UNORDERED_PAIR
57000000000,57,pool_v2v_veh_2_veh_7,veh_2,veh_7,DIRECT_V2V,10000000,DIAGNOSTIC_SYNTHETIC_VALUE,ONE_SHARED_POOL_PER_UNORDERED_PAIR
57000000000,57,pool_v2v_veh_3_veh_4,veh_3,veh_4,DIRECT_V2V,10000000,DIAGNOSTIC_SYNTHETIC_VALUE,ONE_SHARED_POOL_PER_UNORDERED_PAIR
57000000000,57,pool_v2v_veh_3_veh_5,veh_3,veh_5,DIRECT_V2V,10000000,DIAGNOSTIC_SYNTHETIC_VALUE,ONE_SHARED_POOL_PER_UNORDERED_PAIR
57000000000,57,pool_v2v_veh_3_veh_6,veh_3,veh_6,DIRECT_V2V,10000000,DIAGNOSTIC_SYNTHETIC_VALUE,ONE_SHARED_POOL_PER_UNORDERED_PAIR
57000000000,57,pool_v2v_veh_3_veh_7,veh_3,veh_7,DIRECT_V2V,10000000,DIAGNOSTIC_SYNTHETIC_VALUE,ONE_SHARED_POOL_PER_UNORDERED_PAIR
57000000000,57,pool_v2v_veh_3_veh_8,veh_3,veh_8,DIRECT_V2V,10000000,DIAGNOSTIC_SYNTHETIC_VALUE,ONE_SHARED_POOL_PER_UNORDERED_PAIR
57000000000,57,pool_v2v_veh_4_veh_5,veh_4,veh_5,DIRECT_V2V,10000000,DIAGNOSTIC_SYNTHETIC_VALUE,ONE_SHARED_POOL_PER_UNORDERED_PAIR
57000000000,57,pool_v2v_veh_4_veh_6,veh_4,veh_6,DIRECT_V2V,10000000,DIAGNOSTIC_SYNTHETIC_VALUE,ONE_SHARED_POOL_PER_UNORDERED_PAIR
57000000000,57,pool_v2v_veh_4_veh_7,veh_4,veh_7,DIRECT_V2V,10000000,DIAGNOSTIC_SYNTHETIC_VALUE,ONE_SHARED_POOL_PER_UNORDERED_PAIR
57000000000,57,pool_v2v_veh_4_veh_8,veh_4,veh_8,DIRECT_V2V,10000000,DIAGNOSTIC_SYNTHETIC_VALUE,ONE_SHARED_POOL_PER_UNORDERED_PAIR
57000000000,57,pool_v2v_veh_5_veh_6,veh_5,veh_6,DIRECT_V2V,10000000,DIAGNOSTIC_SYNTHETIC_VALUE,ONE_SHARED_POOL_PER_UNORDERED_PAIR
57000000000,57,pool_v2v_veh_5_veh_7,veh_5,veh_7,DIRECT_V2V,10000000,DIAGNOSTIC_SYNTHETIC_VALUE,ONE_SHARED_POOL_PER_UNORDERED_PAIR
57000000000,57,pool_v2v_veh_5_veh_8,veh_5,veh_8,DIRECT_V2V,10000000,DIAGNOSTIC_SYNTHETIC_VALUE,ONE_SHARED_POOL_PER_UNORDERED_PAIR
57000000000,57,pool_v2v_veh_5_veh_9,veh_5,veh_9,DIRECT_V2V,10000000,DIAGNOSTIC_SYNTHETIC_VALUE,ONE_SHARED_POOL_PER_UNORDERED_PAIR
57000000000,57,pool_v2v_veh_5_veh_10,veh_5,veh_10,DIRECT_V2V,10000000,DIAGNOSTIC_SYNTHETIC_VALUE,ONE_SHARED_POOL_PER_UNORDERED_PAIR
57000000000,57,pool_v2v_veh_6_veh_7,veh_6,veh_7,DIRECT_V2V,10000000,DIAGNOSTIC_SYNTHETIC_VALUE,ONE_SHARED_POOL_PER_UNORDERED_PAIR
57000000000,57,pool_v2v_veh_6_veh_8,veh_6,veh_8,DIRECT_V2V,10000000,DIAGNOSTIC_SYNTHETIC_VALUE,ONE_SHARED_POOL_PER_UNORDERED_PAIR
57000000000,57,pool_v2v_veh_6_veh_9,veh_6,veh_9,DIRECT_V2V,10000000,DIAGNOSTIC_SYNTHETIC_VALUE,ONE_SHARED_POOL_PER_UNORDERED_PAIR
57000000000,57,pool_v2v_veh_6_veh_10,veh_6,veh_10,DIRECT_V2V,10000000,DIAGNOSTIC_SYNTHETIC_VALUE,ONE_SHARED_POOL_PER_UNORDERED_PAIR
57000000000,57,pool_v2v_veh_6_veh_11,veh_6,veh_11,DIRECT_V2V,10000000,DIAGNOSTIC_SYNTHETIC_VALUE,ONE_SHARED_POOL_PER_UNORDERED_PAIR
57000000000,57,pool_v2v_veh_7_veh_8,veh_7,veh_8,DIRECT_V2V,10000000,DIAGNOSTIC_SYNTHETIC_VALUE,ONE_SHARED_POOL_PER_UNORDERED_PAIR
57000000000,57,pool_v2v_veh_7_veh_9,veh_7,veh_9,DIRECT_V2V,10000000,DIAGNOSTIC_SYNTHETIC_VALUE,ONE_SHARED_POOL_PER_UNORDERED_PAIR
57000000000,57,pool_v2v_veh_7_veh_10,veh_7,veh_10,DIRECT_V2V,10000000,DIAGNOSTIC_SYNTHETIC_VALUE,ONE_SHARED_POOL_PER_UNORDERED_PAIR
57000000000,57,pool_v2v_veh_7_veh_11,veh_7,veh_11,DIRECT_V2V,10000000,DIAGNOSTIC_SYNTHETIC_VALUE,ONE_SHARED_POOL_PER_UNORDERED_PAIR
57000000000,57,pool_v2v_veh_8_veh_9,veh_8,veh_9,DIRECT_V2V,10000000,DIAGNOSTIC_SYNTHETIC_VALUE,ONE_SHARED_POOL_PER_UNORDERED_PAIR
57000000000,57,pool_v2v_veh_8_veh_10,veh_8,veh_10,DIRECT_V2V,10000000,DIAGNOSTIC_SYNTHETIC_VALUE,ONE_SHARED_POOL_PER_UNORDERED_PAIR
57000000000,57,pool_v2v_veh_8_veh_11,veh_8,veh_11,DIRECT_V2V,10000000,DIAGNOSTIC_SYNTHETIC_VALUE,ONE_SHARED_POOL_PER_UNORDERED_PAIR
57000000000,57,pool_v2v_veh_9_veh_10,veh_9,veh_10,DIRECT_V2V,10000000,DIAGNOSTIC_SYNTHETIC_VALUE,ONE_SHARED_POOL_PER_UNORDERED_PAIR
57000000000,57,pool_v2v_veh_9_veh_11,veh_9,veh_11,DIRECT_V2V,10000000,DIAGNOSTIC_SYNTHETIC_VALUE,ONE_SHARED_POOL_PER_UNORDERED_PAIR
57000000000,57,pool_v2v_veh_10_veh_11,veh_10,veh_11,DIRECT_V2V,10000000,DIAGNOSTIC_SYNTHETIC_VALUE,ONE_SHARED_POOL_PER_UNORDERED_PAIR
58000000000,58,pool_v2v_veh_0_veh_1,veh_0,veh_1,DIRECT_V2V,10000000,DIAGNOSTIC_SYNTHETIC_VALUE,ONE_SHARED_POOL_PER_UNORDERED_PAIR
58000000000,58,pool_v2v_veh_0_veh_2,veh_0,veh_2,DIRECT_V2V,10000000,DIAGNOSTIC_SYNTHETIC_VALUE,ONE_SHARED_POOL_PER_UNORDERED_PAIR
58000000000,58,pool_v2v_veh_0_veh_3,veh_0,veh_3,DIRECT_V2V,10000000,DIAGNOSTIC_SYNTHETIC_VALUE,ONE_SHARED_POOL_PER_UNORDERED_PAIR
58000000000,58,pool_v2v_veh_0_veh_4,veh_0,veh_4,DIRECT_V2V,10000000,DIAGNOSTIC_SYNTHETIC_VALUE,ONE_SHARED_POOL_PER_UNORDERED_PAIR
58000000000,58,pool_v2v_veh_1_veh_2,veh_1,veh_2,DIRECT_V2V,10000000,DIAGNOSTIC_SYNTHETIC_VALUE,ONE_SHARED_POOL_PER_UNORDERED_PAIR
58000000000,58,pool_v2v_veh_1_veh_3,veh_1,veh_3,DIRECT_V2V,10000000,DIAGNOSTIC_SYNTHETIC_VALUE,ONE_SHARED_POOL_PER_UNORDERED_PAIR
58000000000,58,pool_v2v_veh_1_veh_4,veh_1,veh_4,DIRECT_V2V,10000000,DIAGNOSTIC_SYNTHETIC_VALUE,ONE_SHARED_POOL_PER_UNORDERED_PAIR
58000000000,58,pool_v2v_veh_1_veh_5,veh_1,veh_5,DIRECT_V2V,10000000,DIAGNOSTIC_SYNTHETIC_VALUE,ONE_SHARED_POOL_PER_UNORDERED_PAIR
58000000000,58,pool_v2v_veh_1_veh_6,veh_1,veh_6,DIRECT_V2V,10000000,DIAGNOSTIC_SYNTHETIC_VALUE,ONE_SHARED_POOL_PER_UNORDERED_PAIR
58000000000,58,pool_v2v_veh_2_veh_3,veh_2,veh_3,DIRECT_V2V,10000000,DIAGNOSTIC_SYNTHETIC_VALUE,ONE_SHARED_POOL_PER_UNORDERED_PAIR
58000000000,58,pool_v2v_veh_2_veh_4,veh_2,veh_4,DIRECT_V2V,10000000,DIAGNOSTIC_SYNTHETIC_VALUE,ONE_SHARED_POOL_PER_UNORDERED_PAIR
58000000000,58,pool_v2v_veh_2_veh_5,veh_2,veh_5,DIRECT_V2V,10000000,DIAGNOSTIC_SYNTHETIC_VALUE,ONE_SHARED_POOL_PER_UNORDERED_PAIR
58000000000,58,pool_v2v_veh_2_veh_6,veh_2,veh_6,DIRECT_V2V,10000000,DIAGNOSTIC_SYNTHETIC_VALUE,ONE_SHARED_POOL_PER_UNORDERED_PAIR
58000000000,58,pool_v2v_veh_2_veh_7,veh_2,veh_7,DIRECT_V2V,10000000,DIAGNOSTIC_SYNTHETIC_VALUE,ONE_SHARED_POOL_PER_UNORDERED_PAIR
58000000000,58,pool_v2v_veh_3_veh_4,veh_3,veh_4,DIRECT_V2V,10000000,DIAGNOSTIC_SYNTHETIC_VALUE,ONE_SHARED_POOL_PER_UNORDERED_PAIR
58000000000,58,pool_v2v_veh_3_veh_5,veh_3,veh_5,DIRECT_V2V,10000000,DIAGNOSTIC_SYNTHETIC_VALUE,ONE_SHARED_POOL_PER_UNORDERED_PAIR
58000000000,58,pool_v2v_veh_3_veh_6,veh_3,veh_6,DIRECT_V2V,10000000,DIAGNOSTIC_SYNTHETIC_VALUE,ONE_SHARED_POOL_PER_UNORDERED_PAIR
58000000000,58,pool_v2v_veh_3_veh_7,veh_3,veh_7,DIRECT_V2V,10000000,DIAGNOSTIC_SYNTHETIC_VALUE,ONE_SHARED_POOL_PER_UNORDERED_PAIR
58000000000,58,pool_v2v_veh_3_veh_8,veh_3,veh_8,DIRECT_V2V,10000000,DIAGNOSTIC_SYNTHETIC_VALUE,ONE_SHARED_POOL_PER_UNORDERED_PAIR
58000000000,58,pool_v2v_veh_4_veh_5,veh_4,veh_5,DIRECT_V2V,10000000,DIAGNOSTIC_SYNTHETIC_VALUE,ONE_SHARED_POOL_PER_UNORDERED_PAIR
58000000000,58,pool_v2v_veh_4_veh_6,veh_4,veh_6,DIRECT_V2V,10000000,DIAGNOSTIC_SYNTHETIC_VALUE,ONE_SHARED_POOL_PER_UNORDERED_PAIR
58000000000,58,pool_v2v_veh_4_veh_7,veh_4,veh_7,DIRECT_V2V,10000000,DIAGNOSTIC_SYNTHETIC_VALUE,ONE_SHARED_POOL_PER_UNORDERED_PAIR
58000000000,58,pool_v2v_veh_4_veh_8,veh_4,veh_8,DIRECT_V2V,10000000,DIAGNOSTIC_SYNTHETIC_VALUE,ONE_SHARED_POOL_PER_UNORDERED_PAIR
58000000000,58,pool_v2v_veh_5_veh_6,veh_5,veh_6,DIRECT_V2V,10000000,DIAGNOSTIC_SYNTHETIC_VALUE,ONE_SHARED_POOL_PER_UNORDERED_PAIR
58000000000,58,pool_v2v_veh_5_veh_7,veh_5,veh_7,DIRECT_V2V,10000000,DIAGNOSTIC_SYNTHETIC_VALUE,ONE_SHARED_POOL_PER_UNORDERED_PAIR
58000000000,58,pool_v2v_veh_5_veh_8,veh_5,veh_8,DIRECT_V2V,10000000,DIAGNOSTIC_SYNTHETIC_VALUE,ONE_SHARED_POOL_PER_UNORDERED_PAIR
58000000000,58,pool_v2v_veh_5_veh_9,veh_5,veh_9,DIRECT_V2V,10000000,DIAGNOSTIC_SYNTHETIC_VALUE,ONE_SHARED_POOL_PER_UNORDERED_PAIR
58000000000,58,pool_v2v_veh_5_veh_10,veh_5,veh_10,DIRECT_V2V,10000000,DIAGNOSTIC_SYNTHETIC_VALUE,ONE_SHARED_POOL_PER_UNORDERED_PAIR
58000000000,58,pool_v2v_veh_6_veh_7,veh_6,veh_7,DIRECT_V2V,10000000,DIAGNOSTIC_SYNTHETIC_VALUE,ONE_SHARED_POOL_PER_UNORDERED_PAIR
58000000000,58,pool_v2v_veh_6_veh_8,veh_6,veh_8,DIRECT_V2V,10000000,DIAGNOSTIC_SYNTHETIC_VALUE,ONE_SHARED_POOL_PER_UNORDERED_PAIR
58000000000,58,pool_v2v_veh_6_veh_9,veh_6,veh_9,DIRECT_V2V,10000000,DIAGNOSTIC_SYNTHETIC_VALUE,ONE_SHARED_POOL_PER_UNORDERED_PAIR
58000000000,58,pool_v2v_veh_6_veh_10,veh_6,veh_10,DIRECT_V2V,10000000,DIAGNOSTIC_SYNTHETIC_VALUE,ONE_SHARED_POOL_PER_UNORDERED_PAIR
58000000000,58,pool_v2v_veh_6_veh_11,veh_6,veh_11,DIRECT_V2V,10000000,DIAGNOSTIC_SYNTHETIC_VALUE,ONE_SHARED_POOL_PER_UNORDERED_PAIR
58000000000,58,pool_v2v_veh_7_veh_8,veh_7,veh_8,DIRECT_V2V,10000000,DIAGNOSTIC_SYNTHETIC_VALUE,ONE_SHARED_POOL_PER_UNORDERED_PAIR
58000000000,58,pool_v2v_veh_7_veh_9,veh_7,veh_9,DIRECT_V2V,10000000,DIAGNOSTIC_SYNTHETIC_VALUE,ONE_SHARED_POOL_PER_UNORDERED_PAIR
58000000000,58,pool_v2v_veh_7_veh_10,veh_7,veh_10,DIRECT_V2V,10000000,DIAGNOSTIC_SYNTHETIC_VALUE,ONE_SHARED_POOL_PER_UNORDERED_PAIR
58000000000,58,pool_v2v_veh_7_veh_11,veh_7,veh_11,DIRECT_V2V,10000000,DIAGNOSTIC_SYNTHETIC_VALUE,ONE_SHARED_POOL_PER_UNORDERED_PAIR
58000000000,58,pool_v2v_veh_8_veh_9,veh_8,veh_9,DIRECT_V2V,10000000,DIAGNOSTIC_SYNTHETIC_VALUE,ONE_SHARED_POOL_PER_UNORDERED_PAIR
58000000000,58,pool_v2v_veh_8_veh_10,veh_8,veh_10,DIRECT_V2V,10000000,DIAGNOSTIC_SYNTHETIC_VALUE,ONE_SHARED_POOL_PER_UNORDERED_PAIR
58000000000,58,pool_v2v_veh_8_veh_11,veh_8,veh_11,DIRECT_V2V,10000000,DIAGNOSTIC_SYNTHETIC_VALUE,ONE_SHARED_POOL_PER_UNORDERED_PAIR
58000000000,58,pool_v2v_veh_9_veh_10,veh_9,veh_10,DIRECT_V2V,10000000,DIAGNOSTIC_SYNTHETIC_VALUE,ONE_SHARED_POOL_PER_UNORDERED_PAIR
58000000000,58,pool_v2v_veh_9_veh_11,veh_9,veh_11,DIRECT_V2V,10000000,DIAGNOSTIC_SYNTHETIC_VALUE,ONE_SHARED_POOL_PER_UNORDERED_PAIR
58000000000,58,pool_v2v_veh_10_veh_11,veh_10,veh_11,DIRECT_V2V,10000000,DIAGNOSTIC_SYNTHETIC_VALUE,ONE_SHARED_POOL_PER_UNORDERED_PAIR
59000000000,59,pool_v2v_veh_0_veh_1,veh_0,veh_1,DIRECT_V2V,10000000,DIAGNOSTIC_SYNTHETIC_VALUE,ONE_SHARED_POOL_PER_UNORDERED_PAIR
59000000000,59,pool_v2v_veh_0_veh_2,veh_0,veh_2,DIRECT_V2V,10000000,DIAGNOSTIC_SYNTHETIC_VALUE,ONE_SHARED_POOL_PER_UNORDERED_PAIR
59000000000,59,pool_v2v_veh_0_veh_3,veh_0,veh_3,DIRECT_V2V,10000000,DIAGNOSTIC_SYNTHETIC_VALUE,ONE_SHARED_POOL_PER_UNORDERED_PAIR
59000000000,59,pool_v2v_veh_0_veh_4,veh_0,veh_4,DIRECT_V2V,10000000,DIAGNOSTIC_SYNTHETIC_VALUE,ONE_SHARED_POOL_PER_UNORDERED_PAIR
59000000000,59,pool_v2v_veh_1_veh_2,veh_1,veh_2,DIRECT_V2V,10000000,DIAGNOSTIC_SYNTHETIC_VALUE,ONE_SHARED_POOL_PER_UNORDERED_PAIR
59000000000,59,pool_v2v_veh_1_veh_3,veh_1,veh_3,DIRECT_V2V,10000000,DIAGNOSTIC_SYNTHETIC_VALUE,ONE_SHARED_POOL_PER_UNORDERED_PAIR
59000000000,59,pool_v2v_veh_1_veh_4,veh_1,veh_4,DIRECT_V2V,10000000,DIAGNOSTIC_SYNTHETIC_VALUE,ONE_SHARED_POOL_PER_UNORDERED_PAIR
59000000000,59,pool_v2v_veh_1_veh_5,veh_1,veh_5,DIRECT_V2V,10000000,DIAGNOSTIC_SYNTHETIC_VALUE,ONE_SHARED_POOL_PER_UNORDERED_PAIR
59000000000,59,pool_v2v_veh_1_veh_6,veh_1,veh_6,DIRECT_V2V,10000000,DIAGNOSTIC_SYNTHETIC_VALUE,ONE_SHARED_POOL_PER_UNORDERED_PAIR
59000000000,59,pool_v2v_veh_2_veh_3,veh_2,veh_3,DIRECT_V2V,10000000,DIAGNOSTIC_SYNTHETIC_VALUE,ONE_SHARED_POOL_PER_UNORDERED_PAIR
59000000000,59,pool_v2v_veh_2_veh_4,veh_2,veh_4,DIRECT_V2V,10000000,DIAGNOSTIC_SYNTHETIC_VALUE,ONE_SHARED_POOL_PER_UNORDERED_PAIR
59000000000,59,pool_v2v_veh_2_veh_5,veh_2,veh_5,DIRECT_V2V,10000000,DIAGNOSTIC_SYNTHETIC_VALUE,ONE_SHARED_POOL_PER_UNORDERED_PAIR
59000000000,59,pool_v2v_veh_2_veh_6,veh_2,veh_6,DIRECT_V2V,10000000,DIAGNOSTIC_SYNTHETIC_VALUE,ONE_SHARED_POOL_PER_UNORDERED_PAIR
59000000000,59,pool_v2v_veh_2_veh_7,veh_2,veh_7,DIRECT_V2V,10000000,DIAGNOSTIC_SYNTHETIC_VALUE,ONE_SHARED_POOL_PER_UNORDERED_PAIR
59000000000,59,pool_v2v_veh_3_veh_4,veh_3,veh_4,DIRECT_V2V,10000000,DIAGNOSTIC_SYNTHETIC_VALUE,ONE_SHARED_POOL_PER_UNORDERED_PAIR
59000000000,59,pool_v2v_veh_3_veh_5,veh_3,veh_5,DIRECT_V2V,10000000,DIAGNOSTIC_SYNTHETIC_VALUE,ONE_SHARED_POOL_PER_UNORDERED_PAIR
59000000000,59,pool_v2v_veh_3_veh_6,veh_3,veh_6,DIRECT_V2V,10000000,DIAGNOSTIC_SYNTHETIC_VALUE,ONE_SHARED_POOL_PER_UNORDERED_PAIR
59000000000,59,pool_v2v_veh_3_veh_7,veh_3,veh_7,DIRECT_V2V,10000000,DIAGNOSTIC_SYNTHETIC_VALUE,ONE_SHARED_POOL_PER_UNORDERED_PAIR
59000000000,59,pool_v2v_veh_3_veh_8,veh_3,veh_8,DIRECT_V2V,10000000,DIAGNOSTIC_SYNTHETIC_VALUE,ONE_SHARED_POOL_PER_UNORDERED_PAIR
59000000000,59,pool_v2v_veh_4_veh_5,veh_4,veh_5,DIRECT_V2V,10000000,DIAGNOSTIC_SYNTHETIC_VALUE,ONE_SHARED_POOL_PER_UNORDERED_PAIR
59000000000,59,pool_v2v_veh_4_veh_6,veh_4,veh_6,DIRECT_V2V,10000000,DIAGNOSTIC_SYNTHETIC_VALUE,ONE_SHARED_POOL_PER_UNORDERED_PAIR
59000000000,59,pool_v2v_veh_4_veh_7,veh_4,veh_7,DIRECT_V2V,10000000,DIAGNOSTIC_SYNTHETIC_VALUE,ONE_SHARED_POOL_PER_UNORDERED_PAIR
59000000000,59,pool_v2v_veh_4_veh_8,veh_4,veh_8,DIRECT_V2V,10000000,DIAGNOSTIC_SYNTHETIC_VALUE,ONE_SHARED_POOL_PER_UNORDERED_PAIR
59000000000,59,pool_v2v_veh_4_veh_9,veh_4,veh_9,DIRECT_V2V,10000000,DIAGNOSTIC_SYNTHETIC_VALUE,ONE_SHARED_POOL_PER_UNORDERED_PAIR
59000000000,59,pool_v2v_veh_5_veh_6,veh_5,veh_6,DIRECT_V2V,10000000,DIAGNOSTIC_SYNTHETIC_VALUE,ONE_SHARED_POOL_PER_UNORDERED_PAIR
59000000000,59,pool_v2v_veh_5_veh_7,veh_5,veh_7,DIRECT_V2V,10000000,DIAGNOSTIC_SYNTHETIC_VALUE,ONE_SHARED_POOL_PER_UNORDERED_PAIR
59000000000,59,pool_v2v_veh_5_veh_8,veh_5,veh_8,DIRECT_V2V,10000000,DIAGNOSTIC_SYNTHETIC_VALUE,ONE_SHARED_POOL_PER_UNORDERED_PAIR
59000000000,59,pool_v2v_veh_5_veh_9,veh_5,veh_9,DIRECT_V2V,10000000,DIAGNOSTIC_SYNTHETIC_VALUE,ONE_SHARED_POOL_PER_UNORDERED_PAIR
59000000000,59,pool_v2v_veh_5_veh_10,veh_5,veh_10,DIRECT_V2V,10000000,DIAGNOSTIC_SYNTHETIC_VALUE,ONE_SHARED_POOL_PER_UNORDERED_PAIR
59000000000,59,pool_v2v_veh_6_veh_7,veh_6,veh_7,DIRECT_V2V,10000000,DIAGNOSTIC_SYNTHETIC_VALUE,ONE_SHARED_POOL_PER_UNORDERED_PAIR
59000000000,59,pool_v2v_veh_6_veh_8,veh_6,veh_8,DIRECT_V2V,10000000,DIAGNOSTIC_SYNTHETIC_VALUE,ONE_SHARED_POOL_PER_UNORDERED_PAIR
59000000000,59,pool_v2v_veh_6_veh_9,veh_6,veh_9,DIRECT_V2V,10000000,DIAGNOSTIC_SYNTHETIC_VALUE,ONE_SHARED_POOL_PER_UNORDERED_PAIR
59000000000,59,pool_v2v_veh_6_veh_10,veh_6,veh_10,DIRECT_V2V,10000000,DIAGNOSTIC_SYNTHETIC_VALUE,ONE_SHARED_POOL_PER_UNORDERED_PAIR
59000000000,59,pool_v2v_veh_6_veh_11,veh_6,veh_11,DIRECT_V2V,10000000,DIAGNOSTIC_SYNTHETIC_VALUE,ONE_SHARED_POOL_PER_UNORDERED_PAIR
59000000000,59,pool_v2v_veh_7_veh_8,veh_7,veh_8,DIRECT_V2V,10000000,DIAGNOSTIC_SYNTHETIC_VALUE,ONE_SHARED_POOL_PER_UNORDERED_PAIR
59000000000,59,pool_v2v_veh_7_veh_9,veh_7,veh_9,DIRECT_V2V,10000000,DIAGNOSTIC_SYNTHETIC_VALUE,ONE_SHARED_POOL_PER_UNORDERED_PAIR
59000000000,59,pool_v2v_veh_7_veh_10,veh_7,veh_10,DIRECT_V2V,10000000,DIAGNOSTIC_SYNTHETIC_VALUE,ONE_SHARED_POOL_PER_UNORDERED_PAIR
59000000000,59,pool_v2v_veh_7_veh_11,veh_7,veh_11,DIRECT_V2V,10000000,DIAGNOSTIC_SYNTHETIC_VALUE,ONE_SHARED_POOL_PER_UNORDERED_PAIR
59000000000,59,pool_v2v_veh_8_veh_9,veh_8,veh_9,DIRECT_V2V,10000000,DIAGNOSTIC_SYNTHETIC_VALUE,ONE_SHARED_POOL_PER_UNORDERED_PAIR
59000000000,59,pool_v2v_veh_8_veh_10,veh_8,veh_10,DIRECT_V2V,10000000,DIAGNOSTIC_SYNTHETIC_VALUE,ONE_SHARED_POOL_PER_UNORDERED_PAIR
59000000000,59,pool_v2v_veh_8_veh_11,veh_8,veh_11,DIRECT_V2V,10000000,DIAGNOSTIC_SYNTHETIC_VALUE,ONE_SHARED_POOL_PER_UNORDERED_PAIR
59000000000,59,pool_v2v_veh_9_veh_10,veh_9,veh_10,DIRECT_V2V,10000000,DIAGNOSTIC_SYNTHETIC_VALUE,ONE_SHARED_POOL_PER_UNORDERED_PAIR
59000000000,59,pool_v2v_veh_9_veh_11,veh_9,veh_11,DIRECT_V2V,10000000,DIAGNOSTIC_SYNTHETIC_VALUE,ONE_SHARED_POOL_PER_UNORDERED_PAIR
59000000000,59,pool_v2v_veh_10_veh_11,veh_10,veh_11,DIRECT_V2V,10000000,DIAGNOSTIC_SYNTHETIC_VALUE,ONE_SHARED_POOL_PER_UNORDERED_PAIR
60000000000,60,pool_v2v_veh_0_veh_1,veh_0,veh_1,DIRECT_V2V,10000000,DIAGNOSTIC_SYNTHETIC_VALUE,ONE_SHARED_POOL_PER_UNORDERED_PAIR
60000000000,60,pool_v2v_veh_0_veh_2,veh_0,veh_2,DIRECT_V2V,10000000,DIAGNOSTIC_SYNTHETIC_VALUE,ONE_SHARED_POOL_PER_UNORDERED_PAIR
60000000000,60,pool_v2v_veh_0_veh_3,veh_0,veh_3,DIRECT_V2V,10000000,DIAGNOSTIC_SYNTHETIC_VALUE,ONE_SHARED_POOL_PER_UNORDERED_PAIR
60000000000,60,pool_v2v_veh_0_veh_4,veh_0,veh_4,DIRECT_V2V,10000000,DIAGNOSTIC_SYNTHETIC_VALUE,ONE_SHARED_POOL_PER_UNORDERED_PAIR
60000000000,60,pool_v2v_veh_0_veh_5,veh_0,veh_5,DIRECT_V2V,10000000,DIAGNOSTIC_SYNTHETIC_VALUE,ONE_SHARED_POOL_PER_UNORDERED_PAIR
60000000000,60,pool_v2v_veh_1_veh_2,veh_1,veh_2,DIRECT_V2V,10000000,DIAGNOSTIC_SYNTHETIC_VALUE,ONE_SHARED_POOL_PER_UNORDERED_PAIR
60000000000,60,pool_v2v_veh_1_veh_3,veh_1,veh_3,DIRECT_V2V,10000000,DIAGNOSTIC_SYNTHETIC_VALUE,ONE_SHARED_POOL_PER_UNORDERED_PAIR
60000000000,60,pool_v2v_veh_1_veh_4,veh_1,veh_4,DIRECT_V2V,10000000,DIAGNOSTIC_SYNTHETIC_VALUE,ONE_SHARED_POOL_PER_UNORDERED_PAIR
60000000000,60,pool_v2v_veh_1_veh_5,veh_1,veh_5,DIRECT_V2V,10000000,DIAGNOSTIC_SYNTHETIC_VALUE,ONE_SHARED_POOL_PER_UNORDERED_PAIR
60000000000,60,pool_v2v_veh_1_veh_6,veh_1,veh_6,DIRECT_V2V,10000000,DIAGNOSTIC_SYNTHETIC_VALUE,ONE_SHARED_POOL_PER_UNORDERED_PAIR
60000000000,60,pool_v2v_veh_2_veh_3,veh_2,veh_3,DIRECT_V2V,10000000,DIAGNOSTIC_SYNTHETIC_VALUE,ONE_SHARED_POOL_PER_UNORDERED_PAIR
60000000000,60,pool_v2v_veh_2_veh_4,veh_2,veh_4,DIRECT_V2V,10000000,DIAGNOSTIC_SYNTHETIC_VALUE,ONE_SHARED_POOL_PER_UNORDERED_PAIR
60000000000,60,pool_v2v_veh_2_veh_5,veh_2,veh_5,DIRECT_V2V,10000000,DIAGNOSTIC_SYNTHETIC_VALUE,ONE_SHARED_POOL_PER_UNORDERED_PAIR
60000000000,60,pool_v2v_veh_2_veh_6,veh_2,veh_6,DIRECT_V2V,10000000,DIAGNOSTIC_SYNTHETIC_VALUE,ONE_SHARED_POOL_PER_UNORDERED_PAIR
60000000000,60,pool_v2v_veh_2_veh_7,veh_2,veh_7,DIRECT_V2V,10000000,DIAGNOSTIC_SYNTHETIC_VALUE,ONE_SHARED_POOL_PER_UNORDERED_PAIR
60000000000,60,pool_v2v_veh_3_veh_4,veh_3,veh_4,DIRECT_V2V,10000000,DIAGNOSTIC_SYNTHETIC_VALUE,ONE_SHARED_POOL_PER_UNORDERED_PAIR
60000000000,60,pool_v2v_veh_3_veh_5,veh_3,veh_5,DIRECT_V2V,10000000,DIAGNOSTIC_SYNTHETIC_VALUE,ONE_SHARED_POOL_PER_UNORDERED_PAIR
60000000000,60,pool_v2v_veh_3_veh_6,veh_3,veh_6,DIRECT_V2V,10000000,DIAGNOSTIC_SYNTHETIC_VALUE,ONE_SHARED_POOL_PER_UNORDERED_PAIR
60000000000,60,pool_v2v_veh_3_veh_7,veh_3,veh_7,DIRECT_V2V,10000000,DIAGNOSTIC_SYNTHETIC_VALUE,ONE_SHARED_POOL_PER_UNORDERED_PAIR
60000000000,60,pool_v2v_veh_3_veh_8,veh_3,veh_8,DIRECT_V2V,10000000,DIAGNOSTIC_SYNTHETIC_VALUE,ONE_SHARED_POOL_PER_UNORDERED_PAIR
60000000000,60,pool_v2v_veh_4_veh_5,veh_4,veh_5,DIRECT_V2V,10000000,DIAGNOSTIC_SYNTHETIC_VALUE,ONE_SHARED_POOL_PER_UNORDERED_PAIR
60000000000,60,pool_v2v_veh_4_veh_6,veh_4,veh_6,DIRECT_V2V,10000000,DIAGNOSTIC_SYNTHETIC_VALUE,ONE_SHARED_POOL_PER_UNORDERED_PAIR
60000000000,60,pool_v2v_veh_4_veh_7,veh_4,veh_7,DIRECT_V2V,10000000,DIAGNOSTIC_SYNTHETIC_VALUE,ONE_SHARED_POOL_PER_UNORDERED_PAIR
60000000000,60,pool_v2v_veh_4_veh_8,veh_4,veh_8,DIRECT_V2V,10000000,DIAGNOSTIC_SYNTHETIC_VALUE,ONE_SHARED_POOL_PER_UNORDERED_PAIR
60000000000,60,pool_v2v_veh_4_veh_9,veh_4,veh_9,DIRECT_V2V,10000000,DIAGNOSTIC_SYNTHETIC_VALUE,ONE_SHARED_POOL_PER_UNORDERED_PAIR
60000000000,60,pool_v2v_veh_5_veh_6,veh_5,veh_6,DIRECT_V2V,10000000,DIAGNOSTIC_SYNTHETIC_VALUE,ONE_SHARED_POOL_PER_UNORDERED_PAIR
60000000000,60,pool_v2v_veh_5_veh_7,veh_5,veh_7,DIRECT_V2V,10000000,DIAGNOSTIC_SYNTHETIC_VALUE,ONE_SHARED_POOL_PER_UNORDERED_PAIR
60000000000,60,pool_v2v_veh_5_veh_8,veh_5,veh_8,DIRECT_V2V,10000000,DIAGNOSTIC_SYNTHETIC_VALUE,ONE_SHARED_POOL_PER_UNORDERED_PAIR
60000000000,60,pool_v2v_veh_5_veh_9,veh_5,veh_9,DIRECT_V2V,10000000,DIAGNOSTIC_SYNTHETIC_VALUE,ONE_SHARED_POOL_PER_UNORDERED_PAIR
60000000000,60,pool_v2v_veh_5_veh_10,veh_5,veh_10,DIRECT_V2V,10000000,DIAGNOSTIC_SYNTHETIC_VALUE,ONE_SHARED_POOL_PER_UNORDERED_PAIR
60000000000,60,pool_v2v_veh_6_veh_7,veh_6,veh_7,DIRECT_V2V,10000000,DIAGNOSTIC_SYNTHETIC_VALUE,ONE_SHARED_POOL_PER_UNORDERED_PAIR
60000000000,60,pool_v2v_veh_6_veh_8,veh_6,veh_8,DIRECT_V2V,10000000,DIAGNOSTIC_SYNTHETIC_VALUE,ONE_SHARED_POOL_PER_UNORDERED_PAIR
60000000000,60,pool_v2v_veh_6_veh_9,veh_6,veh_9,DIRECT_V2V,10000000,DIAGNOSTIC_SYNTHETIC_VALUE,ONE_SHARED_POOL_PER_UNORDERED_PAIR
60000000000,60,pool_v2v_veh_6_veh_10,veh_6,veh_10,DIRECT_V2V,10000000,DIAGNOSTIC_SYNTHETIC_VALUE,ONE_SHARED_POOL_PER_UNORDERED_PAIR
60000000000,60,pool_v2v_veh_6_veh_11,veh_6,veh_11,DIRECT_V2V,10000000,DIAGNOSTIC_SYNTHETIC_VALUE,ONE_SHARED_POOL_PER_UNORDERED_PAIR
60000000000,60,pool_v2v_veh_7_veh_8,veh_7,veh_8,DIRECT_V2V,10000000,DIAGNOSTIC_SYNTHETIC_VALUE,ONE_SHARED_POOL_PER_UNORDERED_PAIR
60000000000,60,pool_v2v_veh_7_veh_9,veh_7,veh_9,DIRECT_V2V,10000000,DIAGNOSTIC_SYNTHETIC_VALUE,ONE_SHARED_POOL_PER_UNORDERED_PAIR
60000000000,60,pool_v2v_veh_7_veh_10,veh_7,veh_10,DIRECT_V2V,10000000,DIAGNOSTIC_SYNTHETIC_VALUE,ONE_SHARED_POOL_PER_UNORDERED_PAIR
60000000000,60,pool_v2v_veh_7_veh_11,veh_7,veh_11,DIRECT_V2V,10000000,DIAGNOSTIC_SYNTHETIC_VALUE,ONE_SHARED_POOL_PER_UNORDERED_PAIR
60000000000,60,pool_v2v_veh_8_veh_9,veh_8,veh_9,DIRECT_V2V,10000000,DIAGNOSTIC_SYNTHETIC_VALUE,ONE_SHARED_POOL_PER_UNORDERED_PAIR
60000000000,60,pool_v2v_veh_8_veh_10,veh_8,veh_10,DIRECT_V2V,10000000,DIAGNOSTIC_SYNTHETIC_VALUE,ONE_SHARED_POOL_PER_UNORDERED_PAIR
60000000000,60,pool_v2v_veh_8_veh_11,veh_8,veh_11,DIRECT_V2V,10000000,DIAGNOSTIC_SYNTHETIC_VALUE,ONE_SHARED_POOL_PER_UNORDERED_PAIR
60000000000,60,pool_v2v_veh_9_veh_10,veh_9,veh_10,DIRECT_V2V,10000000,DIAGNOSTIC_SYNTHETIC_VALUE,ONE_SHARED_POOL_PER_UNORDERED_PAIR
60000000000,60,pool_v2v_veh_9_veh_11,veh_9,veh_11,DIRECT_V2V,10000000,DIAGNOSTIC_SYNTHETIC_VALUE,ONE_SHARED_POOL_PER_UNORDERED_PAIR
60000000000,60,pool_v2v_veh_10_veh_11,veh_10,veh_11,DIRECT_V2V,10000000,DIAGNOSTIC_SYNTHETIC_VALUE,ONE_SHARED_POOL_PER_UNORDERED_PAIR
61000000000,61,pool_v2v_veh_0_veh_1,veh_0,veh_1,DIRECT_V2V,10000000,DIAGNOSTIC_SYNTHETIC_VALUE,ONE_SHARED_POOL_PER_UNORDERED_PAIR
61000000000,61,pool_v2v_veh_0_veh_2,veh_0,veh_2,DIRECT_V2V,10000000,DIAGNOSTIC_SYNTHETIC_VALUE,ONE_SHARED_POOL_PER_UNORDERED_PAIR
61000000000,61,pool_v2v_veh_0_veh_3,veh_0,veh_3,DIRECT_V2V,10000000,DIAGNOSTIC_SYNTHETIC_VALUE,ONE_SHARED_POOL_PER_UNORDERED_PAIR
61000000000,61,pool_v2v_veh_0_veh_4,veh_0,veh_4,DIRECT_V2V,10000000,DIAGNOSTIC_SYNTHETIC_VALUE,ONE_SHARED_POOL_PER_UNORDERED_PAIR
61000000000,61,pool_v2v_veh_0_veh_5,veh_0,veh_5,DIRECT_V2V,10000000,DIAGNOSTIC_SYNTHETIC_VALUE,ONE_SHARED_POOL_PER_UNORDERED_PAIR
61000000000,61,pool_v2v_veh_1_veh_2,veh_1,veh_2,DIRECT_V2V,10000000,DIAGNOSTIC_SYNTHETIC_VALUE,ONE_SHARED_POOL_PER_UNORDERED_PAIR
61000000000,61,pool_v2v_veh_1_veh_3,veh_1,veh_3,DIRECT_V2V,10000000,DIAGNOSTIC_SYNTHETIC_VALUE,ONE_SHARED_POOL_PER_UNORDERED_PAIR
61000000000,61,pool_v2v_veh_1_veh_4,veh_1,veh_4,DIRECT_V2V,10000000,DIAGNOSTIC_SYNTHETIC_VALUE,ONE_SHARED_POOL_PER_UNORDERED_PAIR
61000000000,61,pool_v2v_veh_1_veh_5,veh_1,veh_5,DIRECT_V2V,10000000,DIAGNOSTIC_SYNTHETIC_VALUE,ONE_SHARED_POOL_PER_UNORDERED_PAIR
61000000000,61,pool_v2v_veh_1_veh_6,veh_1,veh_6,DIRECT_V2V,10000000,DIAGNOSTIC_SYNTHETIC_VALUE,ONE_SHARED_POOL_PER_UNORDERED_PAIR
61000000000,61,pool_v2v_veh_2_veh_3,veh_2,veh_3,DIRECT_V2V,10000000,DIAGNOSTIC_SYNTHETIC_VALUE,ONE_SHARED_POOL_PER_UNORDERED_PAIR
61000000000,61,pool_v2v_veh_2_veh_4,veh_2,veh_4,DIRECT_V2V,10000000,DIAGNOSTIC_SYNTHETIC_VALUE,ONE_SHARED_POOL_PER_UNORDERED_PAIR
61000000000,61,pool_v2v_veh_2_veh_5,veh_2,veh_5,DIRECT_V2V,10000000,DIAGNOSTIC_SYNTHETIC_VALUE,ONE_SHARED_POOL_PER_UNORDERED_PAIR
61000000000,61,pool_v2v_veh_2_veh_6,veh_2,veh_6,DIRECT_V2V,10000000,DIAGNOSTIC_SYNTHETIC_VALUE,ONE_SHARED_POOL_PER_UNORDERED_PAIR
61000000000,61,pool_v2v_veh_2_veh_7,veh_2,veh_7,DIRECT_V2V,10000000,DIAGNOSTIC_SYNTHETIC_VALUE,ONE_SHARED_POOL_PER_UNORDERED_PAIR
61000000000,61,pool_v2v_veh_3_veh_4,veh_3,veh_4,DIRECT_V2V,10000000,DIAGNOSTIC_SYNTHETIC_VALUE,ONE_SHARED_POOL_PER_UNORDERED_PAIR
61000000000,61,pool_v2v_veh_3_veh_5,veh_3,veh_5,DIRECT_V2V,10000000,DIAGNOSTIC_SYNTHETIC_VALUE,ONE_SHARED_POOL_PER_UNORDERED_PAIR
61000000000,61,pool_v2v_veh_3_veh_6,veh_3,veh_6,DIRECT_V2V,10000000,DIAGNOSTIC_SYNTHETIC_VALUE,ONE_SHARED_POOL_PER_UNORDERED_PAIR
61000000000,61,pool_v2v_veh_3_veh_7,veh_3,veh_7,DIRECT_V2V,10000000,DIAGNOSTIC_SYNTHETIC_VALUE,ONE_SHARED_POOL_PER_UNORDERED_PAIR
61000000000,61,pool_v2v_veh_3_veh_8,veh_3,veh_8,DIRECT_V2V,10000000,DIAGNOSTIC_SYNTHETIC_VALUE,ONE_SHARED_POOL_PER_UNORDERED_PAIR
61000000000,61,pool_v2v_veh_4_veh_5,veh_4,veh_5,DIRECT_V2V,10000000,DIAGNOSTIC_SYNTHETIC_VALUE,ONE_SHARED_POOL_PER_UNORDERED_PAIR
61000000000,61,pool_v2v_veh_4_veh_6,veh_4,veh_6,DIRECT_V2V,10000000,DIAGNOSTIC_SYNTHETIC_VALUE,ONE_SHARED_POOL_PER_UNORDERED_PAIR
61000000000,61,pool_v2v_veh_4_veh_7,veh_4,veh_7,DIRECT_V2V,10000000,DIAGNOSTIC_SYNTHETIC_VALUE,ONE_SHARED_POOL_PER_UNORDERED_PAIR
61000000000,61,pool_v2v_veh_4_veh_8,veh_4,veh_8,DIRECT_V2V,10000000,DIAGNOSTIC_SYNTHETIC_VALUE,ONE_SHARED_POOL_PER_UNORDERED_PAIR
61000000000,61,pool_v2v_veh_4_veh_9,veh_4,veh_9,DIRECT_V2V,10000000,DIAGNOSTIC_SYNTHETIC_VALUE,ONE_SHARED_POOL_PER_UNORDERED_PAIR
61000000000,61,pool_v2v_veh_5_veh_6,veh_5,veh_6,DIRECT_V2V,10000000,DIAGNOSTIC_SYNTHETIC_VALUE,ONE_SHARED_POOL_PER_UNORDERED_PAIR
61000000000,61,pool_v2v_veh_5_veh_7,veh_5,veh_7,DIRECT_V2V,10000000,DIAGNOSTIC_SYNTHETIC_VALUE,ONE_SHARED_POOL_PER_UNORDERED_PAIR
61000000000,61,pool_v2v_veh_5_veh_8,veh_5,veh_8,DIRECT_V2V,10000000,DIAGNOSTIC_SYNTHETIC_VALUE,ONE_SHARED_POOL_PER_UNORDERED_PAIR
61000000000,61,pool_v2v_veh_5_veh_9,veh_5,veh_9,DIRECT_V2V,10000000,DIAGNOSTIC_SYNTHETIC_VALUE,ONE_SHARED_POOL_PER_UNORDERED_PAIR
61000000000,61,pool_v2v_veh_5_veh_10,veh_5,veh_10,DIRECT_V2V,10000000,DIAGNOSTIC_SYNTHETIC_VALUE,ONE_SHARED_POOL_PER_UNORDERED_PAIR
61000000000,61,pool_v2v_veh_6_veh_7,veh_6,veh_7,DIRECT_V2V,10000000,DIAGNOSTIC_SYNTHETIC_VALUE,ONE_SHARED_POOL_PER_UNORDERED_PAIR
61000000000,61,pool_v2v_veh_6_veh_8,veh_6,veh_8,DIRECT_V2V,10000000,DIAGNOSTIC_SYNTHETIC_VALUE,ONE_SHARED_POOL_PER_UNORDERED_PAIR
61000000000,61,pool_v2v_veh_6_veh_9,veh_6,veh_9,DIRECT_V2V,10000000,DIAGNOSTIC_SYNTHETIC_VALUE,ONE_SHARED_POOL_PER_UNORDERED_PAIR
61000000000,61,pool_v2v_veh_6_veh_10,veh_6,veh_10,DIRECT_V2V,10000000,DIAGNOSTIC_SYNTHETIC_VALUE,ONE_SHARED_POOL_PER_UNORDERED_PAIR
61000000000,61,pool_v2v_veh_6_veh_11,veh_6,veh_11,DIRECT_V2V,10000000,DIAGNOSTIC_SYNTHETIC_VALUE,ONE_SHARED_POOL_PER_UNORDERED_PAIR
61000000000,61,pool_v2v_veh_7_veh_8,veh_7,veh_8,DIRECT_V2V,10000000,DIAGNOSTIC_SYNTHETIC_VALUE,ONE_SHARED_POOL_PER_UNORDERED_PAIR
61000000000,61,pool_v2v_veh_7_veh_9,veh_7,veh_9,DIRECT_V2V,10000000,DIAGNOSTIC_SYNTHETIC_VALUE,ONE_SHARED_POOL_PER_UNORDERED_PAIR
61000000000,61,pool_v2v_veh_7_veh_10,veh_7,veh_10,DIRECT_V2V,10000000,DIAGNOSTIC_SYNTHETIC_VALUE,ONE_SHARED_POOL_PER_UNORDERED_PAIR
61000000000,61,pool_v2v_veh_7_veh_11,veh_7,veh_11,DIRECT_V2V,10000000,DIAGNOSTIC_SYNTHETIC_VALUE,ONE_SHARED_POOL_PER_UNORDERED_PAIR
61000000000,61,pool_v2v_veh_8_veh_9,veh_8,veh_9,DIRECT_V2V,10000000,DIAGNOSTIC_SYNTHETIC_VALUE,ONE_SHARED_POOL_PER_UNORDERED_PAIR
61000000000,61,pool_v2v_veh_8_veh_10,veh_8,veh_10,DIRECT_V2V,10000000,DIAGNOSTIC_SYNTHETIC_VALUE,ONE_SHARED_POOL_PER_UNORDERED_PAIR
61000000000,61,pool_v2v_veh_8_veh_11,veh_8,veh_11,DIRECT_V2V,10000000,DIAGNOSTIC_SYNTHETIC_VALUE,ONE_SHARED_POOL_PER_UNORDERED_PAIR
61000000000,61,pool_v2v_veh_9_veh_10,veh_9,veh_10,DIRECT_V2V,10000000,DIAGNOSTIC_SYNTHETIC_VALUE,ONE_SHARED_POOL_PER_UNORDERED_PAIR
61000000000,61,pool_v2v_veh_9_veh_11,veh_9,veh_11,DIRECT_V2V,10000000,DIAGNOSTIC_SYNTHETIC_VALUE,ONE_SHARED_POOL_PER_UNORDERED_PAIR
61000000000,61,pool_v2v_veh_10_veh_11,veh_10,veh_11,DIRECT_V2V,10000000,DIAGNOSTIC_SYNTHETIC_VALUE,ONE_SHARED_POOL_PER_UNORDERED_PAIR
62000000000,62,pool_v2v_veh_0_veh_1,veh_0,veh_1,DIRECT_V2V,10000000,DIAGNOSTIC_SYNTHETIC_VALUE,ONE_SHARED_POOL_PER_UNORDERED_PAIR
62000000000,62,pool_v2v_veh_0_veh_2,veh_0,veh_2,DIRECT_V2V,10000000,DIAGNOSTIC_SYNTHETIC_VALUE,ONE_SHARED_POOL_PER_UNORDERED_PAIR
62000000000,62,pool_v2v_veh_0_veh_3,veh_0,veh_3,DIRECT_V2V,10000000,DIAGNOSTIC_SYNTHETIC_VALUE,ONE_SHARED_POOL_PER_UNORDERED_PAIR
62000000000,62,pool_v2v_veh_0_veh_4,veh_0,veh_4,DIRECT_V2V,10000000,DIAGNOSTIC_SYNTHETIC_VALUE,ONE_SHARED_POOL_PER_UNORDERED_PAIR
62000000000,62,pool_v2v_veh_0_veh_5,veh_0,veh_5,DIRECT_V2V,10000000,DIAGNOSTIC_SYNTHETIC_VALUE,ONE_SHARED_POOL_PER_UNORDERED_PAIR
62000000000,62,pool_v2v_veh_1_veh_2,veh_1,veh_2,DIRECT_V2V,10000000,DIAGNOSTIC_SYNTHETIC_VALUE,ONE_SHARED_POOL_PER_UNORDERED_PAIR
62000000000,62,pool_v2v_veh_1_veh_3,veh_1,veh_3,DIRECT_V2V,10000000,DIAGNOSTIC_SYNTHETIC_VALUE,ONE_SHARED_POOL_PER_UNORDERED_PAIR
62000000000,62,pool_v2v_veh_1_veh_4,veh_1,veh_4,DIRECT_V2V,10000000,DIAGNOSTIC_SYNTHETIC_VALUE,ONE_SHARED_POOL_PER_UNORDERED_PAIR
62000000000,62,pool_v2v_veh_1_veh_5,veh_1,veh_5,DIRECT_V2V,10000000,DIAGNOSTIC_SYNTHETIC_VALUE,ONE_SHARED_POOL_PER_UNORDERED_PAIR
62000000000,62,pool_v2v_veh_1_veh_6,veh_1,veh_6,DIRECT_V2V,10000000,DIAGNOSTIC_SYNTHETIC_VALUE,ONE_SHARED_POOL_PER_UNORDERED_PAIR
62000000000,62,pool_v2v_veh_2_veh_3,veh_2,veh_3,DIRECT_V2V,10000000,DIAGNOSTIC_SYNTHETIC_VALUE,ONE_SHARED_POOL_PER_UNORDERED_PAIR
62000000000,62,pool_v2v_veh_2_veh_4,veh_2,veh_4,DIRECT_V2V,10000000,DIAGNOSTIC_SYNTHETIC_VALUE,ONE_SHARED_POOL_PER_UNORDERED_PAIR
62000000000,62,pool_v2v_veh_2_veh_5,veh_2,veh_5,DIRECT_V2V,10000000,DIAGNOSTIC_SYNTHETIC_VALUE,ONE_SHARED_POOL_PER_UNORDERED_PAIR
62000000000,62,pool_v2v_veh_2_veh_6,veh_2,veh_6,DIRECT_V2V,10000000,DIAGNOSTIC_SYNTHETIC_VALUE,ONE_SHARED_POOL_PER_UNORDERED_PAIR
62000000000,62,pool_v2v_veh_2_veh_7,veh_2,veh_7,DIRECT_V2V,10000000,DIAGNOSTIC_SYNTHETIC_VALUE,ONE_SHARED_POOL_PER_UNORDERED_PAIR
62000000000,62,pool_v2v_veh_3_veh_4,veh_3,veh_4,DIRECT_V2V,10000000,DIAGNOSTIC_SYNTHETIC_VALUE,ONE_SHARED_POOL_PER_UNORDERED_PAIR
62000000000,62,pool_v2v_veh_3_veh_5,veh_3,veh_5,DIRECT_V2V,10000000,DIAGNOSTIC_SYNTHETIC_VALUE,ONE_SHARED_POOL_PER_UNORDERED_PAIR
62000000000,62,pool_v2v_veh_3_veh_6,veh_3,veh_6,DIRECT_V2V,10000000,DIAGNOSTIC_SYNTHETIC_VALUE,ONE_SHARED_POOL_PER_UNORDERED_PAIR
62000000000,62,pool_v2v_veh_3_veh_7,veh_3,veh_7,DIRECT_V2V,10000000,DIAGNOSTIC_SYNTHETIC_VALUE,ONE_SHARED_POOL_PER_UNORDERED_PAIR
62000000000,62,pool_v2v_veh_3_veh_8,veh_3,veh_8,DIRECT_V2V,10000000,DIAGNOSTIC_SYNTHETIC_VALUE,ONE_SHARED_POOL_PER_UNORDERED_PAIR
62000000000,62,pool_v2v_veh_4_veh_5,veh_4,veh_5,DIRECT_V2V,10000000,DIAGNOSTIC_SYNTHETIC_VALUE,ONE_SHARED_POOL_PER_UNORDERED_PAIR
62000000000,62,pool_v2v_veh_4_veh_6,veh_4,veh_6,DIRECT_V2V,10000000,DIAGNOSTIC_SYNTHETIC_VALUE,ONE_SHARED_POOL_PER_UNORDERED_PAIR
62000000000,62,pool_v2v_veh_4_veh_7,veh_4,veh_7,DIRECT_V2V,10000000,DIAGNOSTIC_SYNTHETIC_VALUE,ONE_SHARED_POOL_PER_UNORDERED_PAIR
62000000000,62,pool_v2v_veh_4_veh_8,veh_4,veh_8,DIRECT_V2V,10000000,DIAGNOSTIC_SYNTHETIC_VALUE,ONE_SHARED_POOL_PER_UNORDERED_PAIR
62000000000,62,pool_v2v_veh_5_veh_6,veh_5,veh_6,DIRECT_V2V,10000000,DIAGNOSTIC_SYNTHETIC_VALUE,ONE_SHARED_POOL_PER_UNORDERED_PAIR
62000000000,62,pool_v2v_veh_5_veh_7,veh_5,veh_7,DIRECT_V2V,10000000,DIAGNOSTIC_SYNTHETIC_VALUE,ONE_SHARED_POOL_PER_UNORDERED_PAIR
62000000000,62,pool_v2v_veh_5_veh_8,veh_5,veh_8,DIRECT_V2V,10000000,DIAGNOSTIC_SYNTHETIC_VALUE,ONE_SHARED_POOL_PER_UNORDERED_PAIR
62000000000,62,pool_v2v_veh_5_veh_9,veh_5,veh_9,DIRECT_V2V,10000000,DIAGNOSTIC_SYNTHETIC_VALUE,ONE_SHARED_POOL_PER_UNORDERED_PAIR
62000000000,62,pool_v2v_veh_5_veh_10,veh_5,veh_10,DIRECT_V2V,10000000,DIAGNOSTIC_SYNTHETIC_VALUE,ONE_SHARED_POOL_PER_UNORDERED_PAIR
62000000000,62,pool_v2v_veh_6_veh_7,veh_6,veh_7,DIRECT_V2V,10000000,DIAGNOSTIC_SYNTHETIC_VALUE,ONE_SHARED_POOL_PER_UNORDERED_PAIR
62000000000,62,pool_v2v_veh_6_veh_8,veh_6,veh_8,DIRECT_V2V,10000000,DIAGNOSTIC_SYNTHETIC_VALUE,ONE_SHARED_POOL_PER_UNORDERED_PAIR
62000000000,62,pool_v2v_veh_6_veh_9,veh_6,veh_9,DIRECT_V2V,10000000,DIAGNOSTIC_SYNTHETIC_VALUE,ONE_SHARED_POOL_PER_UNORDERED_PAIR
62000000000,62,pool_v2v_veh_6_veh_10,veh_6,veh_10,DIRECT_V2V,10000000,DIAGNOSTIC_SYNTHETIC_VALUE,ONE_SHARED_POOL_PER_UNORDERED_PAIR
62000000000,62,pool_v2v_veh_6_veh_11,veh_6,veh_11,DIRECT_V2V,10000000,DIAGNOSTIC_SYNTHETIC_VALUE,ONE_SHARED_POOL_PER_UNORDERED_PAIR
62000000000,62,pool_v2v_veh_7_veh_8,veh_7,veh_8,DIRECT_V2V,10000000,DIAGNOSTIC_SYNTHETIC_VALUE,ONE_SHARED_POOL_PER_UNORDERED_PAIR
62000000000,62,pool_v2v_veh_7_veh_9,veh_7,veh_9,DIRECT_V2V,10000000,DIAGNOSTIC_SYNTHETIC_VALUE,ONE_SHARED_POOL_PER_UNORDERED_PAIR
62000000000,62,pool_v2v_veh_7_veh_10,veh_7,veh_10,DIRECT_V2V,10000000,DIAGNOSTIC_SYNTHETIC_VALUE,ONE_SHARED_POOL_PER_UNORDERED_PAIR
62000000000,62,pool_v2v_veh_7_veh_11,veh_7,veh_11,DIRECT_V2V,10000000,DIAGNOSTIC_SYNTHETIC_VALUE,ONE_SHARED_POOL_PER_UNORDERED_PAIR
62000000000,62,pool_v2v_veh_8_veh_9,veh_8,veh_9,DIRECT_V2V,10000000,DIAGNOSTIC_SYNTHETIC_VALUE,ONE_SHARED_POOL_PER_UNORDERED_PAIR
62000000000,62,pool_v2v_veh_8_veh_10,veh_8,veh_10,DIRECT_V2V,10000000,DIAGNOSTIC_SYNTHETIC_VALUE,ONE_SHARED_POOL_PER_UNORDERED_PAIR
62000000000,62,pool_v2v_veh_8_veh_11,veh_8,veh_11,DIRECT_V2V,10000000,DIAGNOSTIC_SYNTHETIC_VALUE,ONE_SHARED_POOL_PER_UNORDERED_PAIR
62000000000,62,pool_v2v_veh_9_veh_10,veh_9,veh_10,DIRECT_V2V,10000000,DIAGNOSTIC_SYNTHETIC_VALUE,ONE_SHARED_POOL_PER_UNORDERED_PAIR
62000000000,62,pool_v2v_veh_9_veh_11,veh_9,veh_11,DIRECT_V2V,10000000,DIAGNOSTIC_SYNTHETIC_VALUE,ONE_SHARED_POOL_PER_UNORDERED_PAIR
62000000000,62,pool_v2v_veh_10_veh_11,veh_10,veh_11,DIRECT_V2V,10000000,DIAGNOSTIC_SYNTHETIC_VALUE,ONE_SHARED_POOL_PER_UNORDERED_PAIR
63000000000,63,pool_v2v_veh_0_veh_1,veh_0,veh_1,DIRECT_V2V,10000000,DIAGNOSTIC_SYNTHETIC_VALUE,ONE_SHARED_POOL_PER_UNORDERED_PAIR
63000000000,63,pool_v2v_veh_0_veh_2,veh_0,veh_2,DIRECT_V2V,10000000,DIAGNOSTIC_SYNTHETIC_VALUE,ONE_SHARED_POOL_PER_UNORDERED_PAIR
63000000000,63,pool_v2v_veh_0_veh_3,veh_0,veh_3,DIRECT_V2V,10000000,DIAGNOSTIC_SYNTHETIC_VALUE,ONE_SHARED_POOL_PER_UNORDERED_PAIR
63000000000,63,pool_v2v_veh_0_veh_4,veh_0,veh_4,DIRECT_V2V,10000000,DIAGNOSTIC_SYNTHETIC_VALUE,ONE_SHARED_POOL_PER_UNORDERED_PAIR
63000000000,63,pool_v2v_veh_0_veh_5,veh_0,veh_5,DIRECT_V2V,10000000,DIAGNOSTIC_SYNTHETIC_VALUE,ONE_SHARED_POOL_PER_UNORDERED_PAIR
63000000000,63,pool_v2v_veh_1_veh_2,veh_1,veh_2,DIRECT_V2V,10000000,DIAGNOSTIC_SYNTHETIC_VALUE,ONE_SHARED_POOL_PER_UNORDERED_PAIR
63000000000,63,pool_v2v_veh_1_veh_3,veh_1,veh_3,DIRECT_V2V,10000000,DIAGNOSTIC_SYNTHETIC_VALUE,ONE_SHARED_POOL_PER_UNORDERED_PAIR
63000000000,63,pool_v2v_veh_1_veh_4,veh_1,veh_4,DIRECT_V2V,10000000,DIAGNOSTIC_SYNTHETIC_VALUE,ONE_SHARED_POOL_PER_UNORDERED_PAIR
63000000000,63,pool_v2v_veh_1_veh_5,veh_1,veh_5,DIRECT_V2V,10000000,DIAGNOSTIC_SYNTHETIC_VALUE,ONE_SHARED_POOL_PER_UNORDERED_PAIR
63000000000,63,pool_v2v_veh_1_veh_6,veh_1,veh_6,DIRECT_V2V,10000000,DIAGNOSTIC_SYNTHETIC_VALUE,ONE_SHARED_POOL_PER_UNORDERED_PAIR
63000000000,63,pool_v2v_veh_2_veh_3,veh_2,veh_3,DIRECT_V2V,10000000,DIAGNOSTIC_SYNTHETIC_VALUE,ONE_SHARED_POOL_PER_UNORDERED_PAIR
63000000000,63,pool_v2v_veh_2_veh_4,veh_2,veh_4,DIRECT_V2V,10000000,DIAGNOSTIC_SYNTHETIC_VALUE,ONE_SHARED_POOL_PER_UNORDERED_PAIR
63000000000,63,pool_v2v_veh_2_veh_5,veh_2,veh_5,DIRECT_V2V,10000000,DIAGNOSTIC_SYNTHETIC_VALUE,ONE_SHARED_POOL_PER_UNORDERED_PAIR
63000000000,63,pool_v2v_veh_2_veh_6,veh_2,veh_6,DIRECT_V2V,10000000,DIAGNOSTIC_SYNTHETIC_VALUE,ONE_SHARED_POOL_PER_UNORDERED_PAIR
63000000000,63,pool_v2v_veh_2_veh_7,veh_2,veh_7,DIRECT_V2V,10000000,DIAGNOSTIC_SYNTHETIC_VALUE,ONE_SHARED_POOL_PER_UNORDERED_PAIR
63000000000,63,pool_v2v_veh_3_veh_4,veh_3,veh_4,DIRECT_V2V,10000000,DIAGNOSTIC_SYNTHETIC_VALUE,ONE_SHARED_POOL_PER_UNORDERED_PAIR
63000000000,63,pool_v2v_veh_3_veh_5,veh_3,veh_5,DIRECT_V2V,10000000,DIAGNOSTIC_SYNTHETIC_VALUE,ONE_SHARED_POOL_PER_UNORDERED_PAIR
63000000000,63,pool_v2v_veh_3_veh_6,veh_3,veh_6,DIRECT_V2V,10000000,DIAGNOSTIC_SYNTHETIC_VALUE,ONE_SHARED_POOL_PER_UNORDERED_PAIR
63000000000,63,pool_v2v_veh_3_veh_7,veh_3,veh_7,DIRECT_V2V,10000000,DIAGNOSTIC_SYNTHETIC_VALUE,ONE_SHARED_POOL_PER_UNORDERED_PAIR
63000000000,63,pool_v2v_veh_3_veh_8,veh_3,veh_8,DIRECT_V2V,10000000,DIAGNOSTIC_SYNTHETIC_VALUE,ONE_SHARED_POOL_PER_UNORDERED_PAIR
63000000000,63,pool_v2v_veh_4_veh_5,veh_4,veh_5,DIRECT_V2V,10000000,DIAGNOSTIC_SYNTHETIC_VALUE,ONE_SHARED_POOL_PER_UNORDERED_PAIR
63000000000,63,pool_v2v_veh_4_veh_6,veh_4,veh_6,DIRECT_V2V,10000000,DIAGNOSTIC_SYNTHETIC_VALUE,ONE_SHARED_POOL_PER_UNORDERED_PAIR
63000000000,63,pool_v2v_veh_4_veh_7,veh_4,veh_7,DIRECT_V2V,10000000,DIAGNOSTIC_SYNTHETIC_VALUE,ONE_SHARED_POOL_PER_UNORDERED_PAIR
63000000000,63,pool_v2v_veh_4_veh_8,veh_4,veh_8,DIRECT_V2V,10000000,DIAGNOSTIC_SYNTHETIC_VALUE,ONE_SHARED_POOL_PER_UNORDERED_PAIR
63000000000,63,pool_v2v_veh_4_veh_9,veh_4,veh_9,DIRECT_V2V,10000000,DIAGNOSTIC_SYNTHETIC_VALUE,ONE_SHARED_POOL_PER_UNORDERED_PAIR
63000000000,63,pool_v2v_veh_5_veh_6,veh_5,veh_6,DIRECT_V2V,10000000,DIAGNOSTIC_SYNTHETIC_VALUE,ONE_SHARED_POOL_PER_UNORDERED_PAIR
63000000000,63,pool_v2v_veh_5_veh_7,veh_5,veh_7,DIRECT_V2V,10000000,DIAGNOSTIC_SYNTHETIC_VALUE,ONE_SHARED_POOL_PER_UNORDERED_PAIR
63000000000,63,pool_v2v_veh_5_veh_8,veh_5,veh_8,DIRECT_V2V,10000000,DIAGNOSTIC_SYNTHETIC_VALUE,ONE_SHARED_POOL_PER_UNORDERED_PAIR
63000000000,63,pool_v2v_veh_5_veh_9,veh_5,veh_9,DIRECT_V2V,10000000,DIAGNOSTIC_SYNTHETIC_VALUE,ONE_SHARED_POOL_PER_UNORDERED_PAIR
63000000000,63,pool_v2v_veh_5_veh_10,veh_5,veh_10,DIRECT_V2V,10000000,DIAGNOSTIC_SYNTHETIC_VALUE,ONE_SHARED_POOL_PER_UNORDERED_PAIR
63000000000,63,pool_v2v_veh_6_veh_7,veh_6,veh_7,DIRECT_V2V,10000000,DIAGNOSTIC_SYNTHETIC_VALUE,ONE_SHARED_POOL_PER_UNORDERED_PAIR
63000000000,63,pool_v2v_veh_6_veh_8,veh_6,veh_8,DIRECT_V2V,10000000,DIAGNOSTIC_SYNTHETIC_VALUE,ONE_SHARED_POOL_PER_UNORDERED_PAIR
63000000000,63,pool_v2v_veh_6_veh_9,veh_6,veh_9,DIRECT_V2V,10000000,DIAGNOSTIC_SYNTHETIC_VALUE,ONE_SHARED_POOL_PER_UNORDERED_PAIR
63000000000,63,pool_v2v_veh_6_veh_10,veh_6,veh_10,DIRECT_V2V,10000000,DIAGNOSTIC_SYNTHETIC_VALUE,ONE_SHARED_POOL_PER_UNORDERED_PAIR
63000000000,63,pool_v2v_veh_6_veh_11,veh_6,veh_11,DIRECT_V2V,10000000,DIAGNOSTIC_SYNTHETIC_VALUE,ONE_SHARED_POOL_PER_UNORDERED_PAIR
63000000000,63,pool_v2v_veh_7_veh_8,veh_7,veh_8,DIRECT_V2V,10000000,DIAGNOSTIC_SYNTHETIC_VALUE,ONE_SHARED_POOL_PER_UNORDERED_PAIR
63000000000,63,pool_v2v_veh_7_veh_9,veh_7,veh_9,DIRECT_V2V,10000000,DIAGNOSTIC_SYNTHETIC_VALUE,ONE_SHARED_POOL_PER_UNORDERED_PAIR
63000000000,63,pool_v2v_veh_7_veh_10,veh_7,veh_10,DIRECT_V2V,10000000,DIAGNOSTIC_SYNTHETIC_VALUE,ONE_SHARED_POOL_PER_UNORDERED_PAIR
63000000000,63,pool_v2v_veh_7_veh_11,veh_7,veh_11,DIRECT_V2V,10000000,DIAGNOSTIC_SYNTHETIC_VALUE,ONE_SHARED_POOL_PER_UNORDERED_PAIR
63000000000,63,pool_v2v_veh_8_veh_9,veh_8,veh_9,DIRECT_V2V,10000000,DIAGNOSTIC_SYNTHETIC_VALUE,ONE_SHARED_POOL_PER_UNORDERED_PAIR
63000000000,63,pool_v2v_veh_8_veh_10,veh_8,veh_10,DIRECT_V2V,10000000,DIAGNOSTIC_SYNTHETIC_VALUE,ONE_SHARED_POOL_PER_UNORDERED_PAIR
63000000000,63,pool_v2v_veh_8_veh_11,veh_8,veh_11,DIRECT_V2V,10000000,DIAGNOSTIC_SYNTHETIC_VALUE,ONE_SHARED_POOL_PER_UNORDERED_PAIR
63000000000,63,pool_v2v_veh_9_veh_10,veh_9,veh_10,DIRECT_V2V,10000000,DIAGNOSTIC_SYNTHETIC_VALUE,ONE_SHARED_POOL_PER_UNORDERED_PAIR
63000000000,63,pool_v2v_veh_9_veh_11,veh_9,veh_11,DIRECT_V2V,10000000,DIAGNOSTIC_SYNTHETIC_VALUE,ONE_SHARED_POOL_PER_UNORDERED_PAIR
63000000000,63,pool_v2v_veh_10_veh_11,veh_10,veh_11,DIRECT_V2V,10000000,DIAGNOSTIC_SYNTHETIC_VALUE,ONE_SHARED_POOL_PER_UNORDERED_PAIR
64000000000,64,pool_v2v_veh_0_veh_1,veh_0,veh_1,DIRECT_V2V,10000000,DIAGNOSTIC_SYNTHETIC_VALUE,ONE_SHARED_POOL_PER_UNORDERED_PAIR
64000000000,64,pool_v2v_veh_0_veh_2,veh_0,veh_2,DIRECT_V2V,10000000,DIAGNOSTIC_SYNTHETIC_VALUE,ONE_SHARED_POOL_PER_UNORDERED_PAIR
64000000000,64,pool_v2v_veh_0_veh_3,veh_0,veh_3,DIRECT_V2V,10000000,DIAGNOSTIC_SYNTHETIC_VALUE,ONE_SHARED_POOL_PER_UNORDERED_PAIR
64000000000,64,pool_v2v_veh_0_veh_4,veh_0,veh_4,DIRECT_V2V,10000000,DIAGNOSTIC_SYNTHETIC_VALUE,ONE_SHARED_POOL_PER_UNORDERED_PAIR
64000000000,64,pool_v2v_veh_0_veh_5,veh_0,veh_5,DIRECT_V2V,10000000,DIAGNOSTIC_SYNTHETIC_VALUE,ONE_SHARED_POOL_PER_UNORDERED_PAIR
64000000000,64,pool_v2v_veh_1_veh_2,veh_1,veh_2,DIRECT_V2V,10000000,DIAGNOSTIC_SYNTHETIC_VALUE,ONE_SHARED_POOL_PER_UNORDERED_PAIR
64000000000,64,pool_v2v_veh_1_veh_3,veh_1,veh_3,DIRECT_V2V,10000000,DIAGNOSTIC_SYNTHETIC_VALUE,ONE_SHARED_POOL_PER_UNORDERED_PAIR
64000000000,64,pool_v2v_veh_1_veh_4,veh_1,veh_4,DIRECT_V2V,10000000,DIAGNOSTIC_SYNTHETIC_VALUE,ONE_SHARED_POOL_PER_UNORDERED_PAIR
64000000000,64,pool_v2v_veh_1_veh_5,veh_1,veh_5,DIRECT_V2V,10000000,DIAGNOSTIC_SYNTHETIC_VALUE,ONE_SHARED_POOL_PER_UNORDERED_PAIR
64000000000,64,pool_v2v_veh_1_veh_6,veh_1,veh_6,DIRECT_V2V,10000000,DIAGNOSTIC_SYNTHETIC_VALUE,ONE_SHARED_POOL_PER_UNORDERED_PAIR
64000000000,64,pool_v2v_veh_2_veh_3,veh_2,veh_3,DIRECT_V2V,10000000,DIAGNOSTIC_SYNTHETIC_VALUE,ONE_SHARED_POOL_PER_UNORDERED_PAIR
64000000000,64,pool_v2v_veh_2_veh_4,veh_2,veh_4,DIRECT_V2V,10000000,DIAGNOSTIC_SYNTHETIC_VALUE,ONE_SHARED_POOL_PER_UNORDERED_PAIR
64000000000,64,pool_v2v_veh_2_veh_5,veh_2,veh_5,DIRECT_V2V,10000000,DIAGNOSTIC_SYNTHETIC_VALUE,ONE_SHARED_POOL_PER_UNORDERED_PAIR
64000000000,64,pool_v2v_veh_2_veh_6,veh_2,veh_6,DIRECT_V2V,10000000,DIAGNOSTIC_SYNTHETIC_VALUE,ONE_SHARED_POOL_PER_UNORDERED_PAIR
64000000000,64,pool_v2v_veh_2_veh_7,veh_2,veh_7,DIRECT_V2V,10000000,DIAGNOSTIC_SYNTHETIC_VALUE,ONE_SHARED_POOL_PER_UNORDERED_PAIR
64000000000,64,pool_v2v_veh_3_veh_4,veh_3,veh_4,DIRECT_V2V,10000000,DIAGNOSTIC_SYNTHETIC_VALUE,ONE_SHARED_POOL_PER_UNORDERED_PAIR
64000000000,64,pool_v2v_veh_3_veh_5,veh_3,veh_5,DIRECT_V2V,10000000,DIAGNOSTIC_SYNTHETIC_VALUE,ONE_SHARED_POOL_PER_UNORDERED_PAIR
64000000000,64,pool_v2v_veh_3_veh_6,veh_3,veh_6,DIRECT_V2V,10000000,DIAGNOSTIC_SYNTHETIC_VALUE,ONE_SHARED_POOL_PER_UNORDERED_PAIR
64000000000,64,pool_v2v_veh_3_veh_7,veh_3,veh_7,DIRECT_V2V,10000000,DIAGNOSTIC_SYNTHETIC_VALUE,ONE_SHARED_POOL_PER_UNORDERED_PAIR
64000000000,64,pool_v2v_veh_3_veh_8,veh_3,veh_8,DIRECT_V2V,10000000,DIAGNOSTIC_SYNTHETIC_VALUE,ONE_SHARED_POOL_PER_UNORDERED_PAIR
64000000000,64,pool_v2v_veh_4_veh_5,veh_4,veh_5,DIRECT_V2V,10000000,DIAGNOSTIC_SYNTHETIC_VALUE,ONE_SHARED_POOL_PER_UNORDERED_PAIR
64000000000,64,pool_v2v_veh_4_veh_6,veh_4,veh_6,DIRECT_V2V,10000000,DIAGNOSTIC_SYNTHETIC_VALUE,ONE_SHARED_POOL_PER_UNORDERED_PAIR
64000000000,64,pool_v2v_veh_4_veh_7,veh_4,veh_7,DIRECT_V2V,10000000,DIAGNOSTIC_SYNTHETIC_VALUE,ONE_SHARED_POOL_PER_UNORDERED_PAIR
64000000000,64,pool_v2v_veh_4_veh_8,veh_4,veh_8,DIRECT_V2V,10000000,DIAGNOSTIC_SYNTHETIC_VALUE,ONE_SHARED_POOL_PER_UNORDERED_PAIR
64000000000,64,pool_v2v_veh_4_veh_9,veh_4,veh_9,DIRECT_V2V,10000000,DIAGNOSTIC_SYNTHETIC_VALUE,ONE_SHARED_POOL_PER_UNORDERED_PAIR
64000000000,64,pool_v2v_veh_5_veh_6,veh_5,veh_6,DIRECT_V2V,10000000,DIAGNOSTIC_SYNTHETIC_VALUE,ONE_SHARED_POOL_PER_UNORDERED_PAIR
64000000000,64,pool_v2v_veh_5_veh_7,veh_5,veh_7,DIRECT_V2V,10000000,DIAGNOSTIC_SYNTHETIC_VALUE,ONE_SHARED_POOL_PER_UNORDERED_PAIR
64000000000,64,pool_v2v_veh_5_veh_8,veh_5,veh_8,DIRECT_V2V,10000000,DIAGNOSTIC_SYNTHETIC_VALUE,ONE_SHARED_POOL_PER_UNORDERED_PAIR
64000000000,64,pool_v2v_veh_5_veh_9,veh_5,veh_9,DIRECT_V2V,10000000,DIAGNOSTIC_SYNTHETIC_VALUE,ONE_SHARED_POOL_PER_UNORDERED_PAIR
64000000000,64,pool_v2v_veh_5_veh_10,veh_5,veh_10,DIRECT_V2V,10000000,DIAGNOSTIC_SYNTHETIC_VALUE,ONE_SHARED_POOL_PER_UNORDERED_PAIR
64000000000,64,pool_v2v_veh_6_veh_7,veh_6,veh_7,DIRECT_V2V,10000000,DIAGNOSTIC_SYNTHETIC_VALUE,ONE_SHARED_POOL_PER_UNORDERED_PAIR
64000000000,64,pool_v2v_veh_6_veh_8,veh_6,veh_8,DIRECT_V2V,10000000,DIAGNOSTIC_SYNTHETIC_VALUE,ONE_SHARED_POOL_PER_UNORDERED_PAIR
64000000000,64,pool_v2v_veh_6_veh_9,veh_6,veh_9,DIRECT_V2V,10000000,DIAGNOSTIC_SYNTHETIC_VALUE,ONE_SHARED_POOL_PER_UNORDERED_PAIR
64000000000,64,pool_v2v_veh_6_veh_10,veh_6,veh_10,DIRECT_V2V,10000000,DIAGNOSTIC_SYNTHETIC_VALUE,ONE_SHARED_POOL_PER_UNORDERED_PAIR
64000000000,64,pool_v2v_veh_6_veh_11,veh_6,veh_11,DIRECT_V2V,10000000,DIAGNOSTIC_SYNTHETIC_VALUE,ONE_SHARED_POOL_PER_UNORDERED_PAIR
64000000000,64,pool_v2v_veh_7_veh_8,veh_7,veh_8,DIRECT_V2V,10000000,DIAGNOSTIC_SYNTHETIC_VALUE,ONE_SHARED_POOL_PER_UNORDERED_PAIR
64000000000,64,pool_v2v_veh_7_veh_9,veh_7,veh_9,DIRECT_V2V,10000000,DIAGNOSTIC_SYNTHETIC_VALUE,ONE_SHARED_POOL_PER_UNORDERED_PAIR
64000000000,64,pool_v2v_veh_7_veh_10,veh_7,veh_10,DIRECT_V2V,10000000,DIAGNOSTIC_SYNTHETIC_VALUE,ONE_SHARED_POOL_PER_UNORDERED_PAIR
64000000000,64,pool_v2v_veh_7_veh_11,veh_7,veh_11,DIRECT_V2V,10000000,DIAGNOSTIC_SYNTHETIC_VALUE,ONE_SHARED_POOL_PER_UNORDERED_PAIR
64000000000,64,pool_v2v_veh_8_veh_9,veh_8,veh_9,DIRECT_V2V,10000000,DIAGNOSTIC_SYNTHETIC_VALUE,ONE_SHARED_POOL_PER_UNORDERED_PAIR
64000000000,64,pool_v2v_veh_8_veh_10,veh_8,veh_10,DIRECT_V2V,10000000,DIAGNOSTIC_SYNTHETIC_VALUE,ONE_SHARED_POOL_PER_UNORDERED_PAIR
64000000000,64,pool_v2v_veh_8_veh_11,veh_8,veh_11,DIRECT_V2V,10000000,DIAGNOSTIC_SYNTHETIC_VALUE,ONE_SHARED_POOL_PER_UNORDERED_PAIR
64000000000,64,pool_v2v_veh_9_veh_10,veh_9,veh_10,DIRECT_V2V,10000000,DIAGNOSTIC_SYNTHETIC_VALUE,ONE_SHARED_POOL_PER_UNORDERED_PAIR
64000000000,64,pool_v2v_veh_9_veh_11,veh_9,veh_11,DIRECT_V2V,10000000,DIAGNOSTIC_SYNTHETIC_VALUE,ONE_SHARED_POOL_PER_UNORDERED_PAIR
64000000000,64,pool_v2v_veh_10_veh_11,veh_10,veh_11,DIRECT_V2V,10000000,DIAGNOSTIC_SYNTHETIC_VALUE,ONE_SHARED_POOL_PER_UNORDERED_PAIR
65000000000,65,pool_v2v_veh_0_veh_1,veh_0,veh_1,DIRECT_V2V,10000000,DIAGNOSTIC_SYNTHETIC_VALUE,ONE_SHARED_POOL_PER_UNORDERED_PAIR
65000000000,65,pool_v2v_veh_0_veh_2,veh_0,veh_2,DIRECT_V2V,10000000,DIAGNOSTIC_SYNTHETIC_VALUE,ONE_SHARED_POOL_PER_UNORDERED_PAIR
65000000000,65,pool_v2v_veh_0_veh_3,veh_0,veh_3,DIRECT_V2V,10000000,DIAGNOSTIC_SYNTHETIC_VALUE,ONE_SHARED_POOL_PER_UNORDERED_PAIR
65000000000,65,pool_v2v_veh_0_veh_4,veh_0,veh_4,DIRECT_V2V,10000000,DIAGNOSTIC_SYNTHETIC_VALUE,ONE_SHARED_POOL_PER_UNORDERED_PAIR
65000000000,65,pool_v2v_veh_0_veh_5,veh_0,veh_5,DIRECT_V2V,10000000,DIAGNOSTIC_SYNTHETIC_VALUE,ONE_SHARED_POOL_PER_UNORDERED_PAIR
65000000000,65,pool_v2v_veh_1_veh_2,veh_1,veh_2,DIRECT_V2V,10000000,DIAGNOSTIC_SYNTHETIC_VALUE,ONE_SHARED_POOL_PER_UNORDERED_PAIR
65000000000,65,pool_v2v_veh_1_veh_3,veh_1,veh_3,DIRECT_V2V,10000000,DIAGNOSTIC_SYNTHETIC_VALUE,ONE_SHARED_POOL_PER_UNORDERED_PAIR
65000000000,65,pool_v2v_veh_1_veh_4,veh_1,veh_4,DIRECT_V2V,10000000,DIAGNOSTIC_SYNTHETIC_VALUE,ONE_SHARED_POOL_PER_UNORDERED_PAIR
65000000000,65,pool_v2v_veh_1_veh_5,veh_1,veh_5,DIRECT_V2V,10000000,DIAGNOSTIC_SYNTHETIC_VALUE,ONE_SHARED_POOL_PER_UNORDERED_PAIR
65000000000,65,pool_v2v_veh_1_veh_6,veh_1,veh_6,DIRECT_V2V,10000000,DIAGNOSTIC_SYNTHETIC_VALUE,ONE_SHARED_POOL_PER_UNORDERED_PAIR
65000000000,65,pool_v2v_veh_2_veh_3,veh_2,veh_3,DIRECT_V2V,10000000,DIAGNOSTIC_SYNTHETIC_VALUE,ONE_SHARED_POOL_PER_UNORDERED_PAIR
65000000000,65,pool_v2v_veh_2_veh_4,veh_2,veh_4,DIRECT_V2V,10000000,DIAGNOSTIC_SYNTHETIC_VALUE,ONE_SHARED_POOL_PER_UNORDERED_PAIR
65000000000,65,pool_v2v_veh_2_veh_5,veh_2,veh_5,DIRECT_V2V,10000000,DIAGNOSTIC_SYNTHETIC_VALUE,ONE_SHARED_POOL_PER_UNORDERED_PAIR
65000000000,65,pool_v2v_veh_2_veh_6,veh_2,veh_6,DIRECT_V2V,10000000,DIAGNOSTIC_SYNTHETIC_VALUE,ONE_SHARED_POOL_PER_UNORDERED_PAIR
65000000000,65,pool_v2v_veh_2_veh_7,veh_2,veh_7,DIRECT_V2V,10000000,DIAGNOSTIC_SYNTHETIC_VALUE,ONE_SHARED_POOL_PER_UNORDERED_PAIR
65000000000,65,pool_v2v_veh_3_veh_4,veh_3,veh_4,DIRECT_V2V,10000000,DIAGNOSTIC_SYNTHETIC_VALUE,ONE_SHARED_POOL_PER_UNORDERED_PAIR
65000000000,65,pool_v2v_veh_3_veh_5,veh_3,veh_5,DIRECT_V2V,10000000,DIAGNOSTIC_SYNTHETIC_VALUE,ONE_SHARED_POOL_PER_UNORDERED_PAIR
65000000000,65,pool_v2v_veh_3_veh_6,veh_3,veh_6,DIRECT_V2V,10000000,DIAGNOSTIC_SYNTHETIC_VALUE,ONE_SHARED_POOL_PER_UNORDERED_PAIR
65000000000,65,pool_v2v_veh_3_veh_7,veh_3,veh_7,DIRECT_V2V,10000000,DIAGNOSTIC_SYNTHETIC_VALUE,ONE_SHARED_POOL_PER_UNORDERED_PAIR
65000000000,65,pool_v2v_veh_3_veh_8,veh_3,veh_8,DIRECT_V2V,10000000,DIAGNOSTIC_SYNTHETIC_VALUE,ONE_SHARED_POOL_PER_UNORDERED_PAIR
65000000000,65,pool_v2v_veh_4_veh_5,veh_4,veh_5,DIRECT_V2V,10000000,DIAGNOSTIC_SYNTHETIC_VALUE,ONE_SHARED_POOL_PER_UNORDERED_PAIR
65000000000,65,pool_v2v_veh_4_veh_6,veh_4,veh_6,DIRECT_V2V,10000000,DIAGNOSTIC_SYNTHETIC_VALUE,ONE_SHARED_POOL_PER_UNORDERED_PAIR
65000000000,65,pool_v2v_veh_4_veh_7,veh_4,veh_7,DIRECT_V2V,10000000,DIAGNOSTIC_SYNTHETIC_VALUE,ONE_SHARED_POOL_PER_UNORDERED_PAIR
65000000000,65,pool_v2v_veh_4_veh_8,veh_4,veh_8,DIRECT_V2V,10000000,DIAGNOSTIC_SYNTHETIC_VALUE,ONE_SHARED_POOL_PER_UNORDERED_PAIR
65000000000,65,pool_v2v_veh_4_veh_9,veh_4,veh_9,DIRECT_V2V,10000000,DIAGNOSTIC_SYNTHETIC_VALUE,ONE_SHARED_POOL_PER_UNORDERED_PAIR
65000000000,65,pool_v2v_veh_5_veh_6,veh_5,veh_6,DIRECT_V2V,10000000,DIAGNOSTIC_SYNTHETIC_VALUE,ONE_SHARED_POOL_PER_UNORDERED_PAIR
65000000000,65,pool_v2v_veh_5_veh_7,veh_5,veh_7,DIRECT_V2V,10000000,DIAGNOSTIC_SYNTHETIC_VALUE,ONE_SHARED_POOL_PER_UNORDERED_PAIR
65000000000,65,pool_v2v_veh_5_veh_8,veh_5,veh_8,DIRECT_V2V,10000000,DIAGNOSTIC_SYNTHETIC_VALUE,ONE_SHARED_POOL_PER_UNORDERED_PAIR
65000000000,65,pool_v2v_veh_5_veh_9,veh_5,veh_9,DIRECT_V2V,10000000,DIAGNOSTIC_SYNTHETIC_VALUE,ONE_SHARED_POOL_PER_UNORDERED_PAIR
65000000000,65,pool_v2v_veh_5_veh_10,veh_5,veh_10,DIRECT_V2V,10000000,DIAGNOSTIC_SYNTHETIC_VALUE,ONE_SHARED_POOL_PER_UNORDERED_PAIR
65000000000,65,pool_v2v_veh_6_veh_7,veh_6,veh_7,DIRECT_V2V,10000000,DIAGNOSTIC_SYNTHETIC_VALUE,ONE_SHARED_POOL_PER_UNORDERED_PAIR
65000000000,65,pool_v2v_veh_6_veh_8,veh_6,veh_8,DIRECT_V2V,10000000,DIAGNOSTIC_SYNTHETIC_VALUE,ONE_SHARED_POOL_PER_UNORDERED_PAIR
65000000000,65,pool_v2v_veh_6_veh_9,veh_6,veh_9,DIRECT_V2V,10000000,DIAGNOSTIC_SYNTHETIC_VALUE,ONE_SHARED_POOL_PER_UNORDERED_PAIR
65000000000,65,pool_v2v_veh_6_veh_10,veh_6,veh_10,DIRECT_V2V,10000000,DIAGNOSTIC_SYNTHETIC_VALUE,ONE_SHARED_POOL_PER_UNORDERED_PAIR
65000000000,65,pool_v2v_veh_6_veh_11,veh_6,veh_11,DIRECT_V2V,10000000,DIAGNOSTIC_SYNTHETIC_VALUE,ONE_SHARED_POOL_PER_UNORDERED_PAIR
65000000000,65,pool_v2v_veh_7_veh_8,veh_7,veh_8,DIRECT_V2V,10000000,DIAGNOSTIC_SYNTHETIC_VALUE,ONE_SHARED_POOL_PER_UNORDERED_PAIR
65000000000,65,pool_v2v_veh_7_veh_9,veh_7,veh_9,DIRECT_V2V,10000000,DIAGNOSTIC_SYNTHETIC_VALUE,ONE_SHARED_POOL_PER_UNORDERED_PAIR
65000000000,65,pool_v2v_veh_7_veh_10,veh_7,veh_10,DIRECT_V2V,10000000,DIAGNOSTIC_SYNTHETIC_VALUE,ONE_SHARED_POOL_PER_UNORDERED_PAIR
65000000000,65,pool_v2v_veh_7_veh_11,veh_7,veh_11,DIRECT_V2V,10000000,DIAGNOSTIC_SYNTHETIC_VALUE,ONE_SHARED_POOL_PER_UNORDERED_PAIR
65000000000,65,pool_v2v_veh_8_veh_9,veh_8,veh_9,DIRECT_V2V,10000000,DIAGNOSTIC_SYNTHETIC_VALUE,ONE_SHARED_POOL_PER_UNORDERED_PAIR
65000000000,65,pool_v2v_veh_8_veh_10,veh_8,veh_10,DIRECT_V2V,10000000,DIAGNOSTIC_SYNTHETIC_VALUE,ONE_SHARED_POOL_PER_UNORDERED_PAIR
65000000000,65,pool_v2v_veh_8_veh_11,veh_8,veh_11,DIRECT_V2V,10000000,DIAGNOSTIC_SYNTHETIC_VALUE,ONE_SHARED_POOL_PER_UNORDERED_PAIR
65000000000,65,pool_v2v_veh_9_veh_10,veh_9,veh_10,DIRECT_V2V,10000000,DIAGNOSTIC_SYNTHETIC_VALUE,ONE_SHARED_POOL_PER_UNORDERED_PAIR
65000000000,65,pool_v2v_veh_9_veh_11,veh_9,veh_11,DIRECT_V2V,10000000,DIAGNOSTIC_SYNTHETIC_VALUE,ONE_SHARED_POOL_PER_UNORDERED_PAIR
65000000000,65,pool_v2v_veh_10_veh_11,veh_10,veh_11,DIRECT_V2V,10000000,DIAGNOSTIC_SYNTHETIC_VALUE,ONE_SHARED_POOL_PER_UNORDERED_PAIR
66000000000,66,pool_v2v_veh_0_veh_1,veh_0,veh_1,DIRECT_V2V,10000000,DIAGNOSTIC_SYNTHETIC_VALUE,ONE_SHARED_POOL_PER_UNORDERED_PAIR
66000000000,66,pool_v2v_veh_0_veh_2,veh_0,veh_2,DIRECT_V2V,10000000,DIAGNOSTIC_SYNTHETIC_VALUE,ONE_SHARED_POOL_PER_UNORDERED_PAIR
66000000000,66,pool_v2v_veh_0_veh_3,veh_0,veh_3,DIRECT_V2V,10000000,DIAGNOSTIC_SYNTHETIC_VALUE,ONE_SHARED_POOL_PER_UNORDERED_PAIR
66000000000,66,pool_v2v_veh_0_veh_4,veh_0,veh_4,DIRECT_V2V,10000000,DIAGNOSTIC_SYNTHETIC_VALUE,ONE_SHARED_POOL_PER_UNORDERED_PAIR
66000000000,66,pool_v2v_veh_0_veh_5,veh_0,veh_5,DIRECT_V2V,10000000,DIAGNOSTIC_SYNTHETIC_VALUE,ONE_SHARED_POOL_PER_UNORDERED_PAIR
66000000000,66,pool_v2v_veh_1_veh_2,veh_1,veh_2,DIRECT_V2V,10000000,DIAGNOSTIC_SYNTHETIC_VALUE,ONE_SHARED_POOL_PER_UNORDERED_PAIR
66000000000,66,pool_v2v_veh_1_veh_3,veh_1,veh_3,DIRECT_V2V,10000000,DIAGNOSTIC_SYNTHETIC_VALUE,ONE_SHARED_POOL_PER_UNORDERED_PAIR
66000000000,66,pool_v2v_veh_1_veh_4,veh_1,veh_4,DIRECT_V2V,10000000,DIAGNOSTIC_SYNTHETIC_VALUE,ONE_SHARED_POOL_PER_UNORDERED_PAIR
66000000000,66,pool_v2v_veh_1_veh_5,veh_1,veh_5,DIRECT_V2V,10000000,DIAGNOSTIC_SYNTHETIC_VALUE,ONE_SHARED_POOL_PER_UNORDERED_PAIR
66000000000,66,pool_v2v_veh_1_veh_6,veh_1,veh_6,DIRECT_V2V,10000000,DIAGNOSTIC_SYNTHETIC_VALUE,ONE_SHARED_POOL_PER_UNORDERED_PAIR
66000000000,66,pool_v2v_veh_2_veh_3,veh_2,veh_3,DIRECT_V2V,10000000,DIAGNOSTIC_SYNTHETIC_VALUE,ONE_SHARED_POOL_PER_UNORDERED_PAIR
66000000000,66,pool_v2v_veh_2_veh_4,veh_2,veh_4,DIRECT_V2V,10000000,DIAGNOSTIC_SYNTHETIC_VALUE,ONE_SHARED_POOL_PER_UNORDERED_PAIR
66000000000,66,pool_v2v_veh_2_veh_5,veh_2,veh_5,DIRECT_V2V,10000000,DIAGNOSTIC_SYNTHETIC_VALUE,ONE_SHARED_POOL_PER_UNORDERED_PAIR
66000000000,66,pool_v2v_veh_2_veh_6,veh_2,veh_6,DIRECT_V2V,10000000,DIAGNOSTIC_SYNTHETIC_VALUE,ONE_SHARED_POOL_PER_UNORDERED_PAIR
66000000000,66,pool_v2v_veh_2_veh_7,veh_2,veh_7,DIRECT_V2V,10000000,DIAGNOSTIC_SYNTHETIC_VALUE,ONE_SHARED_POOL_PER_UNORDERED_PAIR
66000000000,66,pool_v2v_veh_3_veh_4,veh_3,veh_4,DIRECT_V2V,10000000,DIAGNOSTIC_SYNTHETIC_VALUE,ONE_SHARED_POOL_PER_UNORDERED_PAIR
66000000000,66,pool_v2v_veh_3_veh_5,veh_3,veh_5,DIRECT_V2V,10000000,DIAGNOSTIC_SYNTHETIC_VALUE,ONE_SHARED_POOL_PER_UNORDERED_PAIR
66000000000,66,pool_v2v_veh_3_veh_6,veh_3,veh_6,DIRECT_V2V,10000000,DIAGNOSTIC_SYNTHETIC_VALUE,ONE_SHARED_POOL_PER_UNORDERED_PAIR
66000000000,66,pool_v2v_veh_3_veh_7,veh_3,veh_7,DIRECT_V2V,10000000,DIAGNOSTIC_SYNTHETIC_VALUE,ONE_SHARED_POOL_PER_UNORDERED_PAIR
66000000000,66,pool_v2v_veh_3_veh_8,veh_3,veh_8,DIRECT_V2V,10000000,DIAGNOSTIC_SYNTHETIC_VALUE,ONE_SHARED_POOL_PER_UNORDERED_PAIR
66000000000,66,pool_v2v_veh_4_veh_5,veh_4,veh_5,DIRECT_V2V,10000000,DIAGNOSTIC_SYNTHETIC_VALUE,ONE_SHARED_POOL_PER_UNORDERED_PAIR
66000000000,66,pool_v2v_veh_4_veh_6,veh_4,veh_6,DIRECT_V2V,10000000,DIAGNOSTIC_SYNTHETIC_VALUE,ONE_SHARED_POOL_PER_UNORDERED_PAIR
66000000000,66,pool_v2v_veh_4_veh_7,veh_4,veh_7,DIRECT_V2V,10000000,DIAGNOSTIC_SYNTHETIC_VALUE,ONE_SHARED_POOL_PER_UNORDERED_PAIR
66000000000,66,pool_v2v_veh_4_veh_8,veh_4,veh_8,DIRECT_V2V,10000000,DIAGNOSTIC_SYNTHETIC_VALUE,ONE_SHARED_POOL_PER_UNORDERED_PAIR
66000000000,66,pool_v2v_veh_4_veh_9,veh_4,veh_9,DIRECT_V2V,10000000,DIAGNOSTIC_SYNTHETIC_VALUE,ONE_SHARED_POOL_PER_UNORDERED_PAIR
66000000000,66,pool_v2v_veh_5_veh_6,veh_5,veh_6,DIRECT_V2V,10000000,DIAGNOSTIC_SYNTHETIC_VALUE,ONE_SHARED_POOL_PER_UNORDERED_PAIR
66000000000,66,pool_v2v_veh_5_veh_7,veh_5,veh_7,DIRECT_V2V,10000000,DIAGNOSTIC_SYNTHETIC_VALUE,ONE_SHARED_POOL_PER_UNORDERED_PAIR
66000000000,66,pool_v2v_veh_5_veh_8,veh_5,veh_8,DIRECT_V2V,10000000,DIAGNOSTIC_SYNTHETIC_VALUE,ONE_SHARED_POOL_PER_UNORDERED_PAIR
66000000000,66,pool_v2v_veh_5_veh_9,veh_5,veh_9,DIRECT_V2V,10000000,DIAGNOSTIC_SYNTHETIC_VALUE,ONE_SHARED_POOL_PER_UNORDERED_PAIR
66000000000,66,pool_v2v_veh_5_veh_10,veh_5,veh_10,DIRECT_V2V,10000000,DIAGNOSTIC_SYNTHETIC_VALUE,ONE_SHARED_POOL_PER_UNORDERED_PAIR
66000000000,66,pool_v2v_veh_6_veh_7,veh_6,veh_7,DIRECT_V2V,10000000,DIAGNOSTIC_SYNTHETIC_VALUE,ONE_SHARED_POOL_PER_UNORDERED_PAIR
66000000000,66,pool_v2v_veh_6_veh_8,veh_6,veh_8,DIRECT_V2V,10000000,DIAGNOSTIC_SYNTHETIC_VALUE,ONE_SHARED_POOL_PER_UNORDERED_PAIR
66000000000,66,pool_v2v_veh_6_veh_9,veh_6,veh_9,DIRECT_V2V,10000000,DIAGNOSTIC_SYNTHETIC_VALUE,ONE_SHARED_POOL_PER_UNORDERED_PAIR
66000000000,66,pool_v2v_veh_6_veh_10,veh_6,veh_10,DIRECT_V2V,10000000,DIAGNOSTIC_SYNTHETIC_VALUE,ONE_SHARED_POOL_PER_UNORDERED_PAIR
66000000000,66,pool_v2v_veh_6_veh_11,veh_6,veh_11,DIRECT_V2V,10000000,DIAGNOSTIC_SYNTHETIC_VALUE,ONE_SHARED_POOL_PER_UNORDERED_PAIR
66000000000,66,pool_v2v_veh_7_veh_8,veh_7,veh_8,DIRECT_V2V,10000000,DIAGNOSTIC_SYNTHETIC_VALUE,ONE_SHARED_POOL_PER_UNORDERED_PAIR
66000000000,66,pool_v2v_veh_7_veh_9,veh_7,veh_9,DIRECT_V2V,10000000,DIAGNOSTIC_SYNTHETIC_VALUE,ONE_SHARED_POOL_PER_UNORDERED_PAIR
66000000000,66,pool_v2v_veh_7_veh_10,veh_7,veh_10,DIRECT_V2V,10000000,DIAGNOSTIC_SYNTHETIC_VALUE,ONE_SHARED_POOL_PER_UNORDERED_PAIR
66000000000,66,pool_v2v_veh_7_veh_11,veh_7,veh_11,DIRECT_V2V,10000000,DIAGNOSTIC_SYNTHETIC_VALUE,ONE_SHARED_POOL_PER_UNORDERED_PAIR
66000000000,66,pool_v2v_veh_8_veh_9,veh_8,veh_9,DIRECT_V2V,10000000,DIAGNOSTIC_SYNTHETIC_VALUE,ONE_SHARED_POOL_PER_UNORDERED_PAIR
66000000000,66,pool_v2v_veh_8_veh_10,veh_8,veh_10,DIRECT_V2V,10000000,DIAGNOSTIC_SYNTHETIC_VALUE,ONE_SHARED_POOL_PER_UNORDERED_PAIR
66000000000,66,pool_v2v_veh_8_veh_11,veh_8,veh_11,DIRECT_V2V,10000000,DIAGNOSTIC_SYNTHETIC_VALUE,ONE_SHARED_POOL_PER_UNORDERED_PAIR
66000000000,66,pool_v2v_veh_9_veh_10,veh_9,veh_10,DIRECT_V2V,10000000,DIAGNOSTIC_SYNTHETIC_VALUE,ONE_SHARED_POOL_PER_UNORDERED_PAIR
66000000000,66,pool_v2v_veh_9_veh_11,veh_9,veh_11,DIRECT_V2V,10000000,DIAGNOSTIC_SYNTHETIC_VALUE,ONE_SHARED_POOL_PER_UNORDERED_PAIR
66000000000,66,pool_v2v_veh_10_veh_11,veh_10,veh_11,DIRECT_V2V,10000000,DIAGNOSTIC_SYNTHETIC_VALUE,ONE_SHARED_POOL_PER_UNORDERED_PAIR
67000000000,67,pool_v2v_veh_0_veh_1,veh_0,veh_1,DIRECT_V2V,10000000,DIAGNOSTIC_SYNTHETIC_VALUE,ONE_SHARED_POOL_PER_UNORDERED_PAIR
67000000000,67,pool_v2v_veh_0_veh_2,veh_0,veh_2,DIRECT_V2V,10000000,DIAGNOSTIC_SYNTHETIC_VALUE,ONE_SHARED_POOL_PER_UNORDERED_PAIR
67000000000,67,pool_v2v_veh_0_veh_3,veh_0,veh_3,DIRECT_V2V,10000000,DIAGNOSTIC_SYNTHETIC_VALUE,ONE_SHARED_POOL_PER_UNORDERED_PAIR
67000000000,67,pool_v2v_veh_0_veh_4,veh_0,veh_4,DIRECT_V2V,10000000,DIAGNOSTIC_SYNTHETIC_VALUE,ONE_SHARED_POOL_PER_UNORDERED_PAIR
67000000000,67,pool_v2v_veh_0_veh_5,veh_0,veh_5,DIRECT_V2V,10000000,DIAGNOSTIC_SYNTHETIC_VALUE,ONE_SHARED_POOL_PER_UNORDERED_PAIR
67000000000,67,pool_v2v_veh_1_veh_2,veh_1,veh_2,DIRECT_V2V,10000000,DIAGNOSTIC_SYNTHETIC_VALUE,ONE_SHARED_POOL_PER_UNORDERED_PAIR
67000000000,67,pool_v2v_veh_1_veh_3,veh_1,veh_3,DIRECT_V2V,10000000,DIAGNOSTIC_SYNTHETIC_VALUE,ONE_SHARED_POOL_PER_UNORDERED_PAIR
67000000000,67,pool_v2v_veh_1_veh_4,veh_1,veh_4,DIRECT_V2V,10000000,DIAGNOSTIC_SYNTHETIC_VALUE,ONE_SHARED_POOL_PER_UNORDERED_PAIR
67000000000,67,pool_v2v_veh_1_veh_5,veh_1,veh_5,DIRECT_V2V,10000000,DIAGNOSTIC_SYNTHETIC_VALUE,ONE_SHARED_POOL_PER_UNORDERED_PAIR
67000000000,67,pool_v2v_veh_1_veh_6,veh_1,veh_6,DIRECT_V2V,10000000,DIAGNOSTIC_SYNTHETIC_VALUE,ONE_SHARED_POOL_PER_UNORDERED_PAIR
67000000000,67,pool_v2v_veh_2_veh_3,veh_2,veh_3,DIRECT_V2V,10000000,DIAGNOSTIC_SYNTHETIC_VALUE,ONE_SHARED_POOL_PER_UNORDERED_PAIR
67000000000,67,pool_v2v_veh_2_veh_4,veh_2,veh_4,DIRECT_V2V,10000000,DIAGNOSTIC_SYNTHETIC_VALUE,ONE_SHARED_POOL_PER_UNORDERED_PAIR
67000000000,67,pool_v2v_veh_2_veh_5,veh_2,veh_5,DIRECT_V2V,10000000,DIAGNOSTIC_SYNTHETIC_VALUE,ONE_SHARED_POOL_PER_UNORDERED_PAIR
67000000000,67,pool_v2v_veh_2_veh_6,veh_2,veh_6,DIRECT_V2V,10000000,DIAGNOSTIC_SYNTHETIC_VALUE,ONE_SHARED_POOL_PER_UNORDERED_PAIR
67000000000,67,pool_v2v_veh_2_veh_7,veh_2,veh_7,DIRECT_V2V,10000000,DIAGNOSTIC_SYNTHETIC_VALUE,ONE_SHARED_POOL_PER_UNORDERED_PAIR
67000000000,67,pool_v2v_veh_3_veh_4,veh_3,veh_4,DIRECT_V2V,10000000,DIAGNOSTIC_SYNTHETIC_VALUE,ONE_SHARED_POOL_PER_UNORDERED_PAIR
67000000000,67,pool_v2v_veh_3_veh_5,veh_3,veh_5,DIRECT_V2V,10000000,DIAGNOSTIC_SYNTHETIC_VALUE,ONE_SHARED_POOL_PER_UNORDERED_PAIR
67000000000,67,pool_v2v_veh_3_veh_6,veh_3,veh_6,DIRECT_V2V,10000000,DIAGNOSTIC_SYNTHETIC_VALUE,ONE_SHARED_POOL_PER_UNORDERED_PAIR
67000000000,67,pool_v2v_veh_3_veh_7,veh_3,veh_7,DIRECT_V2V,10000000,DIAGNOSTIC_SYNTHETIC_VALUE,ONE_SHARED_POOL_PER_UNORDERED_PAIR
67000000000,67,pool_v2v_veh_3_veh_8,veh_3,veh_8,DIRECT_V2V,10000000,DIAGNOSTIC_SYNTHETIC_VALUE,ONE_SHARED_POOL_PER_UNORDERED_PAIR
67000000000,67,pool_v2v_veh_4_veh_5,veh_4,veh_5,DIRECT_V2V,10000000,DIAGNOSTIC_SYNTHETIC_VALUE,ONE_SHARED_POOL_PER_UNORDERED_PAIR
67000000000,67,pool_v2v_veh_4_veh_6,veh_4,veh_6,DIRECT_V2V,10000000,DIAGNOSTIC_SYNTHETIC_VALUE,ONE_SHARED_POOL_PER_UNORDERED_PAIR
67000000000,67,pool_v2v_veh_4_veh_7,veh_4,veh_7,DIRECT_V2V,10000000,DIAGNOSTIC_SYNTHETIC_VALUE,ONE_SHARED_POOL_PER_UNORDERED_PAIR
67000000000,67,pool_v2v_veh_4_veh_8,veh_4,veh_8,DIRECT_V2V,10000000,DIAGNOSTIC_SYNTHETIC_VALUE,ONE_SHARED_POOL_PER_UNORDERED_PAIR
67000000000,67,pool_v2v_veh_4_veh_9,veh_4,veh_9,DIRECT_V2V,10000000,DIAGNOSTIC_SYNTHETIC_VALUE,ONE_SHARED_POOL_PER_UNORDERED_PAIR
67000000000,67,pool_v2v_veh_5_veh_6,veh_5,veh_6,DIRECT_V2V,10000000,DIAGNOSTIC_SYNTHETIC_VALUE,ONE_SHARED_POOL_PER_UNORDERED_PAIR
67000000000,67,pool_v2v_veh_5_veh_7,veh_5,veh_7,DIRECT_V2V,10000000,DIAGNOSTIC_SYNTHETIC_VALUE,ONE_SHARED_POOL_PER_UNORDERED_PAIR
67000000000,67,pool_v2v_veh_5_veh_8,veh_5,veh_8,DIRECT_V2V,10000000,DIAGNOSTIC_SYNTHETIC_VALUE,ONE_SHARED_POOL_PER_UNORDERED_PAIR
67000000000,67,pool_v2v_veh_5_veh_9,veh_5,veh_9,DIRECT_V2V,10000000,DIAGNOSTIC_SYNTHETIC_VALUE,ONE_SHARED_POOL_PER_UNORDERED_PAIR
67000000000,67,pool_v2v_veh_5_veh_10,veh_5,veh_10,DIRECT_V2V,10000000,DIAGNOSTIC_SYNTHETIC_VALUE,ONE_SHARED_POOL_PER_UNORDERED_PAIR
67000000000,67,pool_v2v_veh_6_veh_7,veh_6,veh_7,DIRECT_V2V,10000000,DIAGNOSTIC_SYNTHETIC_VALUE,ONE_SHARED_POOL_PER_UNORDERED_PAIR
67000000000,67,pool_v2v_veh_6_veh_8,veh_6,veh_8,DIRECT_V2V,10000000,DIAGNOSTIC_SYNTHETIC_VALUE,ONE_SHARED_POOL_PER_UNORDERED_PAIR
67000000000,67,pool_v2v_veh_6_veh_9,veh_6,veh_9,DIRECT_V2V,10000000,DIAGNOSTIC_SYNTHETIC_VALUE,ONE_SHARED_POOL_PER_UNORDERED_PAIR
67000000000,67,pool_v2v_veh_6_veh_10,veh_6,veh_10,DIRECT_V2V,10000000,DIAGNOSTIC_SYNTHETIC_VALUE,ONE_SHARED_POOL_PER_UNORDERED_PAIR
67000000000,67,pool_v2v_veh_6_veh_11,veh_6,veh_11,DIRECT_V2V,10000000,DIAGNOSTIC_SYNTHETIC_VALUE,ONE_SHARED_POOL_PER_UNORDERED_PAIR
67000000000,67,pool_v2v_veh_7_veh_8,veh_7,veh_8,DIRECT_V2V,10000000,DIAGNOSTIC_SYNTHETIC_VALUE,ONE_SHARED_POOL_PER_UNORDERED_PAIR
67000000000,67,pool_v2v_veh_7_veh_9,veh_7,veh_9,DIRECT_V2V,10000000,DIAGNOSTIC_SYNTHETIC_VALUE,ONE_SHARED_POOL_PER_UNORDERED_PAIR
67000000000,67,pool_v2v_veh_7_veh_10,veh_7,veh_10,DIRECT_V2V,10000000,DIAGNOSTIC_SYNTHETIC_VALUE,ONE_SHARED_POOL_PER_UNORDERED_PAIR
67000000000,67,pool_v2v_veh_7_veh_11,veh_7,veh_11,DIRECT_V2V,10000000,DIAGNOSTIC_SYNTHETIC_VALUE,ONE_SHARED_POOL_PER_UNORDERED_PAIR
67000000000,67,pool_v2v_veh_8_veh_9,veh_8,veh_9,DIRECT_V2V,10000000,DIAGNOSTIC_SYNTHETIC_VALUE,ONE_SHARED_POOL_PER_UNORDERED_PAIR
67000000000,67,pool_v2v_veh_8_veh_10,veh_8,veh_10,DIRECT_V2V,10000000,DIAGNOSTIC_SYNTHETIC_VALUE,ONE_SHARED_POOL_PER_UNORDERED_PAIR
67000000000,67,pool_v2v_veh_8_veh_11,veh_8,veh_11,DIRECT_V2V,10000000,DIAGNOSTIC_SYNTHETIC_VALUE,ONE_SHARED_POOL_PER_UNORDERED_PAIR
67000000000,67,pool_v2v_veh_9_veh_10,veh_9,veh_10,DIRECT_V2V,10000000,DIAGNOSTIC_SYNTHETIC_VALUE,ONE_SHARED_POOL_PER_UNORDERED_PAIR
67000000000,67,pool_v2v_veh_9_veh_11,veh_9,veh_11,DIRECT_V2V,10000000,DIAGNOSTIC_SYNTHETIC_VALUE,ONE_SHARED_POOL_PER_UNORDERED_PAIR
67000000000,67,pool_v2v_veh_10_veh_11,veh_10,veh_11,DIRECT_V2V,10000000,DIAGNOSTIC_SYNTHETIC_VALUE,ONE_SHARED_POOL_PER_UNORDERED_PAIR
68000000000,68,pool_v2v_veh_0_veh_1,veh_0,veh_1,DIRECT_V2V,10000000,DIAGNOSTIC_SYNTHETIC_VALUE,ONE_SHARED_POOL_PER_UNORDERED_PAIR
68000000000,68,pool_v2v_veh_0_veh_2,veh_0,veh_2,DIRECT_V2V,10000000,DIAGNOSTIC_SYNTHETIC_VALUE,ONE_SHARED_POOL_PER_UNORDERED_PAIR
68000000000,68,pool_v2v_veh_0_veh_3,veh_0,veh_3,DIRECT_V2V,10000000,DIAGNOSTIC_SYNTHETIC_VALUE,ONE_SHARED_POOL_PER_UNORDERED_PAIR
68000000000,68,pool_v2v_veh_0_veh_4,veh_0,veh_4,DIRECT_V2V,10000000,DIAGNOSTIC_SYNTHETIC_VALUE,ONE_SHARED_POOL_PER_UNORDERED_PAIR
68000000000,68,pool_v2v_veh_0_veh_5,veh_0,veh_5,DIRECT_V2V,10000000,DIAGNOSTIC_SYNTHETIC_VALUE,ONE_SHARED_POOL_PER_UNORDERED_PAIR
68000000000,68,pool_v2v_veh_1_veh_2,veh_1,veh_2,DIRECT_V2V,10000000,DIAGNOSTIC_SYNTHETIC_VALUE,ONE_SHARED_POOL_PER_UNORDERED_PAIR
68000000000,68,pool_v2v_veh_1_veh_3,veh_1,veh_3,DIRECT_V2V,10000000,DIAGNOSTIC_SYNTHETIC_VALUE,ONE_SHARED_POOL_PER_UNORDERED_PAIR
68000000000,68,pool_v2v_veh_1_veh_4,veh_1,veh_4,DIRECT_V2V,10000000,DIAGNOSTIC_SYNTHETIC_VALUE,ONE_SHARED_POOL_PER_UNORDERED_PAIR
68000000000,68,pool_v2v_veh_1_veh_5,veh_1,veh_5,DIRECT_V2V,10000000,DIAGNOSTIC_SYNTHETIC_VALUE,ONE_SHARED_POOL_PER_UNORDERED_PAIR
68000000000,68,pool_v2v_veh_1_veh_6,veh_1,veh_6,DIRECT_V2V,10000000,DIAGNOSTIC_SYNTHETIC_VALUE,ONE_SHARED_POOL_PER_UNORDERED_PAIR
68000000000,68,pool_v2v_veh_2_veh_3,veh_2,veh_3,DIRECT_V2V,10000000,DIAGNOSTIC_SYNTHETIC_VALUE,ONE_SHARED_POOL_PER_UNORDERED_PAIR
68000000000,68,pool_v2v_veh_2_veh_4,veh_2,veh_4,DIRECT_V2V,10000000,DIAGNOSTIC_SYNTHETIC_VALUE,ONE_SHARED_POOL_PER_UNORDERED_PAIR
68000000000,68,pool_v2v_veh_2_veh_5,veh_2,veh_5,DIRECT_V2V,10000000,DIAGNOSTIC_SYNTHETIC_VALUE,ONE_SHARED_POOL_PER_UNORDERED_PAIR
68000000000,68,pool_v2v_veh_2_veh_6,veh_2,veh_6,DIRECT_V2V,10000000,DIAGNOSTIC_SYNTHETIC_VALUE,ONE_SHARED_POOL_PER_UNORDERED_PAIR
68000000000,68,pool_v2v_veh_2_veh_7,veh_2,veh_7,DIRECT_V2V,10000000,DIAGNOSTIC_SYNTHETIC_VALUE,ONE_SHARED_POOL_PER_UNORDERED_PAIR
68000000000,68,pool_v2v_veh_3_veh_4,veh_3,veh_4,DIRECT_V2V,10000000,DIAGNOSTIC_SYNTHETIC_VALUE,ONE_SHARED_POOL_PER_UNORDERED_PAIR
68000000000,68,pool_v2v_veh_3_veh_5,veh_3,veh_5,DIRECT_V2V,10000000,DIAGNOSTIC_SYNTHETIC_VALUE,ONE_SHARED_POOL_PER_UNORDERED_PAIR
68000000000,68,pool_v2v_veh_3_veh_6,veh_3,veh_6,DIRECT_V2V,10000000,DIAGNOSTIC_SYNTHETIC_VALUE,ONE_SHARED_POOL_PER_UNORDERED_PAIR
68000000000,68,pool_v2v_veh_3_veh_7,veh_3,veh_7,DIRECT_V2V,10000000,DIAGNOSTIC_SYNTHETIC_VALUE,ONE_SHARED_POOL_PER_UNORDERED_PAIR
68000000000,68,pool_v2v_veh_3_veh_8,veh_3,veh_8,DIRECT_V2V,10000000,DIAGNOSTIC_SYNTHETIC_VALUE,ONE_SHARED_POOL_PER_UNORDERED_PAIR
68000000000,68,pool_v2v_veh_4_veh_5,veh_4,veh_5,DIRECT_V2V,10000000,DIAGNOSTIC_SYNTHETIC_VALUE,ONE_SHARED_POOL_PER_UNORDERED_PAIR
68000000000,68,pool_v2v_veh_4_veh_6,veh_4,veh_6,DIRECT_V2V,10000000,DIAGNOSTIC_SYNTHETIC_VALUE,ONE_SHARED_POOL_PER_UNORDERED_PAIR
68000000000,68,pool_v2v_veh_4_veh_7,veh_4,veh_7,DIRECT_V2V,10000000,DIAGNOSTIC_SYNTHETIC_VALUE,ONE_SHARED_POOL_PER_UNORDERED_PAIR
68000000000,68,pool_v2v_veh_4_veh_8,veh_4,veh_8,DIRECT_V2V,10000000,DIAGNOSTIC_SYNTHETIC_VALUE,ONE_SHARED_POOL_PER_UNORDERED_PAIR
68000000000,68,pool_v2v_veh_4_veh_9,veh_4,veh_9,DIRECT_V2V,10000000,DIAGNOSTIC_SYNTHETIC_VALUE,ONE_SHARED_POOL_PER_UNORDERED_PAIR
68000000000,68,pool_v2v_veh_5_veh_6,veh_5,veh_6,DIRECT_V2V,10000000,DIAGNOSTIC_SYNTHETIC_VALUE,ONE_SHARED_POOL_PER_UNORDERED_PAIR
68000000000,68,pool_v2v_veh_5_veh_7,veh_5,veh_7,DIRECT_V2V,10000000,DIAGNOSTIC_SYNTHETIC_VALUE,ONE_SHARED_POOL_PER_UNORDERED_PAIR
68000000000,68,pool_v2v_veh_5_veh_8,veh_5,veh_8,DIRECT_V2V,10000000,DIAGNOSTIC_SYNTHETIC_VALUE,ONE_SHARED_POOL_PER_UNORDERED_PAIR
68000000000,68,pool_v2v_veh_5_veh_9,veh_5,veh_9,DIRECT_V2V,10000000,DIAGNOSTIC_SYNTHETIC_VALUE,ONE_SHARED_POOL_PER_UNORDERED_PAIR
68000000000,68,pool_v2v_veh_5_veh_10,veh_5,veh_10,DIRECT_V2V,10000000,DIAGNOSTIC_SYNTHETIC_VALUE,ONE_SHARED_POOL_PER_UNORDERED_PAIR
68000000000,68,pool_v2v_veh_6_veh_7,veh_6,veh_7,DIRECT_V2V,10000000,DIAGNOSTIC_SYNTHETIC_VALUE,ONE_SHARED_POOL_PER_UNORDERED_PAIR
68000000000,68,pool_v2v_veh_6_veh_8,veh_6,veh_8,DIRECT_V2V,10000000,DIAGNOSTIC_SYNTHETIC_VALUE,ONE_SHARED_POOL_PER_UNORDERED_PAIR
68000000000,68,pool_v2v_veh_6_veh_9,veh_6,veh_9,DIRECT_V2V,10000000,DIAGNOSTIC_SYNTHETIC_VALUE,ONE_SHARED_POOL_PER_UNORDERED_PAIR
68000000000,68,pool_v2v_veh_6_veh_10,veh_6,veh_10,DIRECT_V2V,10000000,DIAGNOSTIC_SYNTHETIC_VALUE,ONE_SHARED_POOL_PER_UNORDERED_PAIR
68000000000,68,pool_v2v_veh_6_veh_11,veh_6,veh_11,DIRECT_V2V,10000000,DIAGNOSTIC_SYNTHETIC_VALUE,ONE_SHARED_POOL_PER_UNORDERED_PAIR
68000000000,68,pool_v2v_veh_7_veh_8,veh_7,veh_8,DIRECT_V2V,10000000,DIAGNOSTIC_SYNTHETIC_VALUE,ONE_SHARED_POOL_PER_UNORDERED_PAIR
68000000000,68,pool_v2v_veh_7_veh_9,veh_7,veh_9,DIRECT_V2V,10000000,DIAGNOSTIC_SYNTHETIC_VALUE,ONE_SHARED_POOL_PER_UNORDERED_PAIR
68000000000,68,pool_v2v_veh_7_veh_10,veh_7,veh_10,DIRECT_V2V,10000000,DIAGNOSTIC_SYNTHETIC_VALUE,ONE_SHARED_POOL_PER_UNORDERED_PAIR
68000000000,68,pool_v2v_veh_7_veh_11,veh_7,veh_11,DIRECT_V2V,10000000,DIAGNOSTIC_SYNTHETIC_VALUE,ONE_SHARED_POOL_PER_UNORDERED_PAIR
68000000000,68,pool_v2v_veh_8_veh_9,veh_8,veh_9,DIRECT_V2V,10000000,DIAGNOSTIC_SYNTHETIC_VALUE,ONE_SHARED_POOL_PER_UNORDERED_PAIR
68000000000,68,pool_v2v_veh_8_veh_10,veh_8,veh_10,DIRECT_V2V,10000000,DIAGNOSTIC_SYNTHETIC_VALUE,ONE_SHARED_POOL_PER_UNORDERED_PAIR
68000000000,68,pool_v2v_veh_8_veh_11,veh_8,veh_11,DIRECT_V2V,10000000,DIAGNOSTIC_SYNTHETIC_VALUE,ONE_SHARED_POOL_PER_UNORDERED_PAIR
68000000000,68,pool_v2v_veh_9_veh_10,veh_9,veh_10,DIRECT_V2V,10000000,DIAGNOSTIC_SYNTHETIC_VALUE,ONE_SHARED_POOL_PER_UNORDERED_PAIR
68000000000,68,pool_v2v_veh_9_veh_11,veh_9,veh_11,DIRECT_V2V,10000000,DIAGNOSTIC_SYNTHETIC_VALUE,ONE_SHARED_POOL_PER_UNORDERED_PAIR
68000000000,68,pool_v2v_veh_10_veh_11,veh_10,veh_11,DIRECT_V2V,10000000,DIAGNOSTIC_SYNTHETIC_VALUE,ONE_SHARED_POOL_PER_UNORDERED_PAIR
69000000000,69,pool_v2v_veh_0_veh_1,veh_0,veh_1,DIRECT_V2V,10000000,DIAGNOSTIC_SYNTHETIC_VALUE,ONE_SHARED_POOL_PER_UNORDERED_PAIR
69000000000,69,pool_v2v_veh_0_veh_2,veh_0,veh_2,DIRECT_V2V,10000000,DIAGNOSTIC_SYNTHETIC_VALUE,ONE_SHARED_POOL_PER_UNORDERED_PAIR
69000000000,69,pool_v2v_veh_0_veh_3,veh_0,veh_3,DIRECT_V2V,10000000,DIAGNOSTIC_SYNTHETIC_VALUE,ONE_SHARED_POOL_PER_UNORDERED_PAIR
69000000000,69,pool_v2v_veh_0_veh_4,veh_0,veh_4,DIRECT_V2V,10000000,DIAGNOSTIC_SYNTHETIC_VALUE,ONE_SHARED_POOL_PER_UNORDERED_PAIR
69000000000,69,pool_v2v_veh_0_veh_5,veh_0,veh_5,DIRECT_V2V,10000000,DIAGNOSTIC_SYNTHETIC_VALUE,ONE_SHARED_POOL_PER_UNORDERED_PAIR
69000000000,69,pool_v2v_veh_1_veh_2,veh_1,veh_2,DIRECT_V2V,10000000,DIAGNOSTIC_SYNTHETIC_VALUE,ONE_SHARED_POOL_PER_UNORDERED_PAIR
69000000000,69,pool_v2v_veh_1_veh_3,veh_1,veh_3,DIRECT_V2V,10000000,DIAGNOSTIC_SYNTHETIC_VALUE,ONE_SHARED_POOL_PER_UNORDERED_PAIR
69000000000,69,pool_v2v_veh_1_veh_4,veh_1,veh_4,DIRECT_V2V,10000000,DIAGNOSTIC_SYNTHETIC_VALUE,ONE_SHARED_POOL_PER_UNORDERED_PAIR
69000000000,69,pool_v2v_veh_1_veh_5,veh_1,veh_5,DIRECT_V2V,10000000,DIAGNOSTIC_SYNTHETIC_VALUE,ONE_SHARED_POOL_PER_UNORDERED_PAIR
69000000000,69,pool_v2v_veh_1_veh_6,veh_1,veh_6,DIRECT_V2V,10000000,DIAGNOSTIC_SYNTHETIC_VALUE,ONE_SHARED_POOL_PER_UNORDERED_PAIR
69000000000,69,pool_v2v_veh_2_veh_3,veh_2,veh_3,DIRECT_V2V,10000000,DIAGNOSTIC_SYNTHETIC_VALUE,ONE_SHARED_POOL_PER_UNORDERED_PAIR
69000000000,69,pool_v2v_veh_2_veh_4,veh_2,veh_4,DIRECT_V2V,10000000,DIAGNOSTIC_SYNTHETIC_VALUE,ONE_SHARED_POOL_PER_UNORDERED_PAIR
69000000000,69,pool_v2v_veh_2_veh_5,veh_2,veh_5,DIRECT_V2V,10000000,DIAGNOSTIC_SYNTHETIC_VALUE,ONE_SHARED_POOL_PER_UNORDERED_PAIR
69000000000,69,pool_v2v_veh_2_veh_6,veh_2,veh_6,DIRECT_V2V,10000000,DIAGNOSTIC_SYNTHETIC_VALUE,ONE_SHARED_POOL_PER_UNORDERED_PAIR
69000000000,69,pool_v2v_veh_2_veh_7,veh_2,veh_7,DIRECT_V2V,10000000,DIAGNOSTIC_SYNTHETIC_VALUE,ONE_SHARED_POOL_PER_UNORDERED_PAIR
69000000000,69,pool_v2v_veh_3_veh_4,veh_3,veh_4,DIRECT_V2V,10000000,DIAGNOSTIC_SYNTHETIC_VALUE,ONE_SHARED_POOL_PER_UNORDERED_PAIR
69000000000,69,pool_v2v_veh_3_veh_5,veh_3,veh_5,DIRECT_V2V,10000000,DIAGNOSTIC_SYNTHETIC_VALUE,ONE_SHARED_POOL_PER_UNORDERED_PAIR
69000000000,69,pool_v2v_veh_3_veh_6,veh_3,veh_6,DIRECT_V2V,10000000,DIAGNOSTIC_SYNTHETIC_VALUE,ONE_SHARED_POOL_PER_UNORDERED_PAIR
69000000000,69,pool_v2v_veh_3_veh_7,veh_3,veh_7,DIRECT_V2V,10000000,DIAGNOSTIC_SYNTHETIC_VALUE,ONE_SHARED_POOL_PER_UNORDERED_PAIR
69000000000,69,pool_v2v_veh_3_veh_8,veh_3,veh_8,DIRECT_V2V,10000000,DIAGNOSTIC_SYNTHETIC_VALUE,ONE_SHARED_POOL_PER_UNORDERED_PAIR
69000000000,69,pool_v2v_veh_4_veh_5,veh_4,veh_5,DIRECT_V2V,10000000,DIAGNOSTIC_SYNTHETIC_VALUE,ONE_SHARED_POOL_PER_UNORDERED_PAIR
69000000000,69,pool_v2v_veh_4_veh_6,veh_4,veh_6,DIRECT_V2V,10000000,DIAGNOSTIC_SYNTHETIC_VALUE,ONE_SHARED_POOL_PER_UNORDERED_PAIR
69000000000,69,pool_v2v_veh_4_veh_7,veh_4,veh_7,DIRECT_V2V,10000000,DIAGNOSTIC_SYNTHETIC_VALUE,ONE_SHARED_POOL_PER_UNORDERED_PAIR
69000000000,69,pool_v2v_veh_4_veh_8,veh_4,veh_8,DIRECT_V2V,10000000,DIAGNOSTIC_SYNTHETIC_VALUE,ONE_SHARED_POOL_PER_UNORDERED_PAIR
69000000000,69,pool_v2v_veh_4_veh_9,veh_4,veh_9,DIRECT_V2V,10000000,DIAGNOSTIC_SYNTHETIC_VALUE,ONE_SHARED_POOL_PER_UNORDERED_PAIR
69000000000,69,pool_v2v_veh_5_veh_6,veh_5,veh_6,DIRECT_V2V,10000000,DIAGNOSTIC_SYNTHETIC_VALUE,ONE_SHARED_POOL_PER_UNORDERED_PAIR
69000000000,69,pool_v2v_veh_5_veh_7,veh_5,veh_7,DIRECT_V2V,10000000,DIAGNOSTIC_SYNTHETIC_VALUE,ONE_SHARED_POOL_PER_UNORDERED_PAIR
69000000000,69,pool_v2v_veh_5_veh_8,veh_5,veh_8,DIRECT_V2V,10000000,DIAGNOSTIC_SYNTHETIC_VALUE,ONE_SHARED_POOL_PER_UNORDERED_PAIR
69000000000,69,pool_v2v_veh_5_veh_9,veh_5,veh_9,DIRECT_V2V,10000000,DIAGNOSTIC_SYNTHETIC_VALUE,ONE_SHARED_POOL_PER_UNORDERED_PAIR
69000000000,69,pool_v2v_veh_5_veh_10,veh_5,veh_10,DIRECT_V2V,10000000,DIAGNOSTIC_SYNTHETIC_VALUE,ONE_SHARED_POOL_PER_UNORDERED_PAIR
69000000000,69,pool_v2v_veh_6_veh_7,veh_6,veh_7,DIRECT_V2V,10000000,DIAGNOSTIC_SYNTHETIC_VALUE,ONE_SHARED_POOL_PER_UNORDERED_PAIR
69000000000,69,pool_v2v_veh_6_veh_8,veh_6,veh_8,DIRECT_V2V,10000000,DIAGNOSTIC_SYNTHETIC_VALUE,ONE_SHARED_POOL_PER_UNORDERED_PAIR
69000000000,69,pool_v2v_veh_6_veh_9,veh_6,veh_9,DIRECT_V2V,10000000,DIAGNOSTIC_SYNTHETIC_VALUE,ONE_SHARED_POOL_PER_UNORDERED_PAIR
69000000000,69,pool_v2v_veh_6_veh_10,veh_6,veh_10,DIRECT_V2V,10000000,DIAGNOSTIC_SYNTHETIC_VALUE,ONE_SHARED_POOL_PER_UNORDERED_PAIR
69000000000,69,pool_v2v_veh_6_veh_11,veh_6,veh_11,DIRECT_V2V,10000000,DIAGNOSTIC_SYNTHETIC_VALUE,ONE_SHARED_POOL_PER_UNORDERED_PAIR
69000000000,69,pool_v2v_veh_7_veh_8,veh_7,veh_8,DIRECT_V2V,10000000,DIAGNOSTIC_SYNTHETIC_VALUE,ONE_SHARED_POOL_PER_UNORDERED_PAIR
69000000000,69,pool_v2v_veh_7_veh_9,veh_7,veh_9,DIRECT_V2V,10000000,DIAGNOSTIC_SYNTHETIC_VALUE,ONE_SHARED_POOL_PER_UNORDERED_PAIR
69000000000,69,pool_v2v_veh_7_veh_10,veh_7,veh_10,DIRECT_V2V,10000000,DIAGNOSTIC_SYNTHETIC_VALUE,ONE_SHARED_POOL_PER_UNORDERED_PAIR
69000000000,69,pool_v2v_veh_7_veh_11,veh_7,veh_11,DIRECT_V2V,10000000,DIAGNOSTIC_SYNTHETIC_VALUE,ONE_SHARED_POOL_PER_UNORDERED_PAIR
69000000000,69,pool_v2v_veh_8_veh_9,veh_8,veh_9,DIRECT_V2V,10000000,DIAGNOSTIC_SYNTHETIC_VALUE,ONE_SHARED_POOL_PER_UNORDERED_PAIR
69000000000,69,pool_v2v_veh_8_veh_10,veh_8,veh_10,DIRECT_V2V,10000000,DIAGNOSTIC_SYNTHETIC_VALUE,ONE_SHARED_POOL_PER_UNORDERED_PAIR
69000000000,69,pool_v2v_veh_8_veh_11,veh_8,veh_11,DIRECT_V2V,10000000,DIAGNOSTIC_SYNTHETIC_VALUE,ONE_SHARED_POOL_PER_UNORDERED_PAIR
69000000000,69,pool_v2v_veh_9_veh_10,veh_9,veh_10,DIRECT_V2V,10000000,DIAGNOSTIC_SYNTHETIC_VALUE,ONE_SHARED_POOL_PER_UNORDERED_PAIR
69000000000,69,pool_v2v_veh_9_veh_11,veh_9,veh_11,DIRECT_V2V,10000000,DIAGNOSTIC_SYNTHETIC_VALUE,ONE_SHARED_POOL_PER_UNORDERED_PAIR
69000000000,69,pool_v2v_veh_10_veh_11,veh_10,veh_11,DIRECT_V2V,10000000,DIAGNOSTIC_SYNTHETIC_VALUE,ONE_SHARED_POOL_PER_UNORDERED_PAIR
70000000000,70,pool_v2v_veh_0_veh_1,veh_0,veh_1,DIRECT_V2V,10000000,DIAGNOSTIC_SYNTHETIC_VALUE,ONE_SHARED_POOL_PER_UNORDERED_PAIR
70000000000,70,pool_v2v_veh_0_veh_2,veh_0,veh_2,DIRECT_V2V,10000000,DIAGNOSTIC_SYNTHETIC_VALUE,ONE_SHARED_POOL_PER_UNORDERED_PAIR
70000000000,70,pool_v2v_veh_0_veh_3,veh_0,veh_3,DIRECT_V2V,10000000,DIAGNOSTIC_SYNTHETIC_VALUE,ONE_SHARED_POOL_PER_UNORDERED_PAIR
70000000000,70,pool_v2v_veh_0_veh_4,veh_0,veh_4,DIRECT_V2V,10000000,DIAGNOSTIC_SYNTHETIC_VALUE,ONE_SHARED_POOL_PER_UNORDERED_PAIR
70000000000,70,pool_v2v_veh_0_veh_5,veh_0,veh_5,DIRECT_V2V,10000000,DIAGNOSTIC_SYNTHETIC_VALUE,ONE_SHARED_POOL_PER_UNORDERED_PAIR
70000000000,70,pool_v2v_veh_1_veh_2,veh_1,veh_2,DIRECT_V2V,10000000,DIAGNOSTIC_SYNTHETIC_VALUE,ONE_SHARED_POOL_PER_UNORDERED_PAIR
70000000000,70,pool_v2v_veh_1_veh_3,veh_1,veh_3,DIRECT_V2V,10000000,DIAGNOSTIC_SYNTHETIC_VALUE,ONE_SHARED_POOL_PER_UNORDERED_PAIR
70000000000,70,pool_v2v_veh_1_veh_4,veh_1,veh_4,DIRECT_V2V,10000000,DIAGNOSTIC_SYNTHETIC_VALUE,ONE_SHARED_POOL_PER_UNORDERED_PAIR
70000000000,70,pool_v2v_veh_1_veh_5,veh_1,veh_5,DIRECT_V2V,10000000,DIAGNOSTIC_SYNTHETIC_VALUE,ONE_SHARED_POOL_PER_UNORDERED_PAIR
70000000000,70,pool_v2v_veh_1_veh_6,veh_1,veh_6,DIRECT_V2V,10000000,DIAGNOSTIC_SYNTHETIC_VALUE,ONE_SHARED_POOL_PER_UNORDERED_PAIR
70000000000,70,pool_v2v_veh_2_veh_3,veh_2,veh_3,DIRECT_V2V,10000000,DIAGNOSTIC_SYNTHETIC_VALUE,ONE_SHARED_POOL_PER_UNORDERED_PAIR
70000000000,70,pool_v2v_veh_2_veh_4,veh_2,veh_4,DIRECT_V2V,10000000,DIAGNOSTIC_SYNTHETIC_VALUE,ONE_SHARED_POOL_PER_UNORDERED_PAIR
70000000000,70,pool_v2v_veh_2_veh_5,veh_2,veh_5,DIRECT_V2V,10000000,DIAGNOSTIC_SYNTHETIC_VALUE,ONE_SHARED_POOL_PER_UNORDERED_PAIR
70000000000,70,pool_v2v_veh_2_veh_6,veh_2,veh_6,DIRECT_V2V,10000000,DIAGNOSTIC_SYNTHETIC_VALUE,ONE_SHARED_POOL_PER_UNORDERED_PAIR
70000000000,70,pool_v2v_veh_2_veh_7,veh_2,veh_7,DIRECT_V2V,10000000,DIAGNOSTIC_SYNTHETIC_VALUE,ONE_SHARED_POOL_PER_UNORDERED_PAIR
70000000000,70,pool_v2v_veh_3_veh_4,veh_3,veh_4,DIRECT_V2V,10000000,DIAGNOSTIC_SYNTHETIC_VALUE,ONE_SHARED_POOL_PER_UNORDERED_PAIR
70000000000,70,pool_v2v_veh_3_veh_5,veh_3,veh_5,DIRECT_V2V,10000000,DIAGNOSTIC_SYNTHETIC_VALUE,ONE_SHARED_POOL_PER_UNORDERED_PAIR
70000000000,70,pool_v2v_veh_3_veh_6,veh_3,veh_6,DIRECT_V2V,10000000,DIAGNOSTIC_SYNTHETIC_VALUE,ONE_SHARED_POOL_PER_UNORDERED_PAIR
70000000000,70,pool_v2v_veh_3_veh_7,veh_3,veh_7,DIRECT_V2V,10000000,DIAGNOSTIC_SYNTHETIC_VALUE,ONE_SHARED_POOL_PER_UNORDERED_PAIR
70000000000,70,pool_v2v_veh_3_veh_8,veh_3,veh_8,DIRECT_V2V,10000000,DIAGNOSTIC_SYNTHETIC_VALUE,ONE_SHARED_POOL_PER_UNORDERED_PAIR
70000000000,70,pool_v2v_veh_4_veh_5,veh_4,veh_5,DIRECT_V2V,10000000,DIAGNOSTIC_SYNTHETIC_VALUE,ONE_SHARED_POOL_PER_UNORDERED_PAIR
70000000000,70,pool_v2v_veh_4_veh_6,veh_4,veh_6,DIRECT_V2V,10000000,DIAGNOSTIC_SYNTHETIC_VALUE,ONE_SHARED_POOL_PER_UNORDERED_PAIR
70000000000,70,pool_v2v_veh_4_veh_7,veh_4,veh_7,DIRECT_V2V,10000000,DIAGNOSTIC_SYNTHETIC_VALUE,ONE_SHARED_POOL_PER_UNORDERED_PAIR
70000000000,70,pool_v2v_veh_4_veh_8,veh_4,veh_8,DIRECT_V2V,10000000,DIAGNOSTIC_SYNTHETIC_VALUE,ONE_SHARED_POOL_PER_UNORDERED_PAIR
70000000000,70,pool_v2v_veh_4_veh_9,veh_4,veh_9,DIRECT_V2V,10000000,DIAGNOSTIC_SYNTHETIC_VALUE,ONE_SHARED_POOL_PER_UNORDERED_PAIR
70000000000,70,pool_v2v_veh_5_veh_6,veh_5,veh_6,DIRECT_V2V,10000000,DIAGNOSTIC_SYNTHETIC_VALUE,ONE_SHARED_POOL_PER_UNORDERED_PAIR
70000000000,70,pool_v2v_veh_5_veh_7,veh_5,veh_7,DIRECT_V2V,10000000,DIAGNOSTIC_SYNTHETIC_VALUE,ONE_SHARED_POOL_PER_UNORDERED_PAIR
70000000000,70,pool_v2v_veh_5_veh_8,veh_5,veh_8,DIRECT_V2V,10000000,DIAGNOSTIC_SYNTHETIC_VALUE,ONE_SHARED_POOL_PER_UNORDERED_PAIR
70000000000,70,pool_v2v_veh_5_veh_9,veh_5,veh_9,DIRECT_V2V,10000000,DIAGNOSTIC_SYNTHETIC_VALUE,ONE_SHARED_POOL_PER_UNORDERED_PAIR
70000000000,70,pool_v2v_veh_5_veh_10,veh_5,veh_10,DIRECT_V2V,10000000,DIAGNOSTIC_SYNTHETIC_VALUE,ONE_SHARED_POOL_PER_UNORDERED_PAIR
70000000000,70,pool_v2v_veh_6_veh_7,veh_6,veh_7,DIRECT_V2V,10000000,DIAGNOSTIC_SYNTHETIC_VALUE,ONE_SHARED_POOL_PER_UNORDERED_PAIR
70000000000,70,pool_v2v_veh_6_veh_8,veh_6,veh_8,DIRECT_V2V,10000000,DIAGNOSTIC_SYNTHETIC_VALUE,ONE_SHARED_POOL_PER_UNORDERED_PAIR
70000000000,70,pool_v2v_veh_6_veh_9,veh_6,veh_9,DIRECT_V2V,10000000,DIAGNOSTIC_SYNTHETIC_VALUE,ONE_SHARED_POOL_PER_UNORDERED_PAIR
70000000000,70,pool_v2v_veh_6_veh_10,veh_6,veh_10,DIRECT_V2V,10000000,DIAGNOSTIC_SYNTHETIC_VALUE,ONE_SHARED_POOL_PER_UNORDERED_PAIR
70000000000,70,pool_v2v_veh_7_veh_8,veh_7,veh_8,DIRECT_V2V,10000000,DIAGNOSTIC_SYNTHETIC_VALUE,ONE_SHARED_POOL_PER_UNORDERED_PAIR
70000000000,70,pool_v2v_veh_7_veh_9,veh_7,veh_9,DIRECT_V2V,10000000,DIAGNOSTIC_SYNTHETIC_VALUE,ONE_SHARED_POOL_PER_UNORDERED_PAIR
70000000000,70,pool_v2v_veh_7_veh_10,veh_7,veh_10,DIRECT_V2V,10000000,DIAGNOSTIC_SYNTHETIC_VALUE,ONE_SHARED_POOL_PER_UNORDERED_PAIR
70000000000,70,pool_v2v_veh_7_veh_11,veh_7,veh_11,DIRECT_V2V,10000000,DIAGNOSTIC_SYNTHETIC_VALUE,ONE_SHARED_POOL_PER_UNORDERED_PAIR
70000000000,70,pool_v2v_veh_8_veh_9,veh_8,veh_9,DIRECT_V2V,10000000,DIAGNOSTIC_SYNTHETIC_VALUE,ONE_SHARED_POOL_PER_UNORDERED_PAIR
70000000000,70,pool_v2v_veh_8_veh_10,veh_8,veh_10,DIRECT_V2V,10000000,DIAGNOSTIC_SYNTHETIC_VALUE,ONE_SHARED_POOL_PER_UNORDERED_PAIR
70000000000,70,pool_v2v_veh_8_veh_11,veh_8,veh_11,DIRECT_V2V,10000000,DIAGNOSTIC_SYNTHETIC_VALUE,ONE_SHARED_POOL_PER_UNORDERED_PAIR
70000000000,70,pool_v2v_veh_9_veh_10,veh_9,veh_10,DIRECT_V2V,10000000,DIAGNOSTIC_SYNTHETIC_VALUE,ONE_SHARED_POOL_PER_UNORDERED_PAIR
70000000000,70,pool_v2v_veh_9_veh_11,veh_9,veh_11,DIRECT_V2V,10000000,DIAGNOSTIC_SYNTHETIC_VALUE,ONE_SHARED_POOL_PER_UNORDERED_PAIR
70000000000,70,pool_v2v_veh_10_veh_11,veh_10,veh_11,DIRECT_V2V,10000000,DIAGNOSTIC_SYNTHETIC_VALUE,ONE_SHARED_POOL_PER_UNORDERED_PAIR
71000000000,71,pool_v2v_veh_0_veh_1,veh_0,veh_1,DIRECT_V2V,10000000,DIAGNOSTIC_SYNTHETIC_VALUE,ONE_SHARED_POOL_PER_UNORDERED_PAIR
71000000000,71,pool_v2v_veh_0_veh_2,veh_0,veh_2,DIRECT_V2V,10000000,DIAGNOSTIC_SYNTHETIC_VALUE,ONE_SHARED_POOL_PER_UNORDERED_PAIR
71000000000,71,pool_v2v_veh_0_veh_3,veh_0,veh_3,DIRECT_V2V,10000000,DIAGNOSTIC_SYNTHETIC_VALUE,ONE_SHARED_POOL_PER_UNORDERED_PAIR
71000000000,71,pool_v2v_veh_0_veh_4,veh_0,veh_4,DIRECT_V2V,10000000,DIAGNOSTIC_SYNTHETIC_VALUE,ONE_SHARED_POOL_PER_UNORDERED_PAIR
71000000000,71,pool_v2v_veh_0_veh_5,veh_0,veh_5,DIRECT_V2V,10000000,DIAGNOSTIC_SYNTHETIC_VALUE,ONE_SHARED_POOL_PER_UNORDERED_PAIR
71000000000,71,pool_v2v_veh_1_veh_2,veh_1,veh_2,DIRECT_V2V,10000000,DIAGNOSTIC_SYNTHETIC_VALUE,ONE_SHARED_POOL_PER_UNORDERED_PAIR
71000000000,71,pool_v2v_veh_1_veh_3,veh_1,veh_3,DIRECT_V2V,10000000,DIAGNOSTIC_SYNTHETIC_VALUE,ONE_SHARED_POOL_PER_UNORDERED_PAIR
71000000000,71,pool_v2v_veh_1_veh_4,veh_1,veh_4,DIRECT_V2V,10000000,DIAGNOSTIC_SYNTHETIC_VALUE,ONE_SHARED_POOL_PER_UNORDERED_PAIR
71000000000,71,pool_v2v_veh_1_veh_5,veh_1,veh_5,DIRECT_V2V,10000000,DIAGNOSTIC_SYNTHETIC_VALUE,ONE_SHARED_POOL_PER_UNORDERED_PAIR
71000000000,71,pool_v2v_veh_1_veh_6,veh_1,veh_6,DIRECT_V2V,10000000,DIAGNOSTIC_SYNTHETIC_VALUE,ONE_SHARED_POOL_PER_UNORDERED_PAIR
71000000000,71,pool_v2v_veh_2_veh_3,veh_2,veh_3,DIRECT_V2V,10000000,DIAGNOSTIC_SYNTHETIC_VALUE,ONE_SHARED_POOL_PER_UNORDERED_PAIR
71000000000,71,pool_v2v_veh_2_veh_4,veh_2,veh_4,DIRECT_V2V,10000000,DIAGNOSTIC_SYNTHETIC_VALUE,ONE_SHARED_POOL_PER_UNORDERED_PAIR
71000000000,71,pool_v2v_veh_2_veh_5,veh_2,veh_5,DIRECT_V2V,10000000,DIAGNOSTIC_SYNTHETIC_VALUE,ONE_SHARED_POOL_PER_UNORDERED_PAIR
71000000000,71,pool_v2v_veh_2_veh_6,veh_2,veh_6,DIRECT_V2V,10000000,DIAGNOSTIC_SYNTHETIC_VALUE,ONE_SHARED_POOL_PER_UNORDERED_PAIR
71000000000,71,pool_v2v_veh_2_veh_7,veh_2,veh_7,DIRECT_V2V,10000000,DIAGNOSTIC_SYNTHETIC_VALUE,ONE_SHARED_POOL_PER_UNORDERED_PAIR
71000000000,71,pool_v2v_veh_3_veh_4,veh_3,veh_4,DIRECT_V2V,10000000,DIAGNOSTIC_SYNTHETIC_VALUE,ONE_SHARED_POOL_PER_UNORDERED_PAIR
71000000000,71,pool_v2v_veh_3_veh_5,veh_3,veh_5,DIRECT_V2V,10000000,DIAGNOSTIC_SYNTHETIC_VALUE,ONE_SHARED_POOL_PER_UNORDERED_PAIR
71000000000,71,pool_v2v_veh_3_veh_6,veh_3,veh_6,DIRECT_V2V,10000000,DIAGNOSTIC_SYNTHETIC_VALUE,ONE_SHARED_POOL_PER_UNORDERED_PAIR
71000000000,71,pool_v2v_veh_3_veh_7,veh_3,veh_7,DIRECT_V2V,10000000,DIAGNOSTIC_SYNTHETIC_VALUE,ONE_SHARED_POOL_PER_UNORDERED_PAIR
71000000000,71,pool_v2v_veh_3_veh_8,veh_3,veh_8,DIRECT_V2V,10000000,DIAGNOSTIC_SYNTHETIC_VALUE,ONE_SHARED_POOL_PER_UNORDERED_PAIR
71000000000,71,pool_v2v_veh_4_veh_5,veh_4,veh_5,DIRECT_V2V,10000000,DIAGNOSTIC_SYNTHETIC_VALUE,ONE_SHARED_POOL_PER_UNORDERED_PAIR
71000000000,71,pool_v2v_veh_4_veh_6,veh_4,veh_6,DIRECT_V2V,10000000,DIAGNOSTIC_SYNTHETIC_VALUE,ONE_SHARED_POOL_PER_UNORDERED_PAIR
71000000000,71,pool_v2v_veh_4_veh_7,veh_4,veh_7,DIRECT_V2V,10000000,DIAGNOSTIC_SYNTHETIC_VALUE,ONE_SHARED_POOL_PER_UNORDERED_PAIR
71000000000,71,pool_v2v_veh_4_veh_8,veh_4,veh_8,DIRECT_V2V,10000000,DIAGNOSTIC_SYNTHETIC_VALUE,ONE_SHARED_POOL_PER_UNORDERED_PAIR
71000000000,71,pool_v2v_veh_4_veh_9,veh_4,veh_9,DIRECT_V2V,10000000,DIAGNOSTIC_SYNTHETIC_VALUE,ONE_SHARED_POOL_PER_UNORDERED_PAIR
71000000000,71,pool_v2v_veh_5_veh_6,veh_5,veh_6,DIRECT_V2V,10000000,DIAGNOSTIC_SYNTHETIC_VALUE,ONE_SHARED_POOL_PER_UNORDERED_PAIR
71000000000,71,pool_v2v_veh_5_veh_7,veh_5,veh_7,DIRECT_V2V,10000000,DIAGNOSTIC_SYNTHETIC_VALUE,ONE_SHARED_POOL_PER_UNORDERED_PAIR
71000000000,71,pool_v2v_veh_5_veh_8,veh_5,veh_8,DIRECT_V2V,10000000,DIAGNOSTIC_SYNTHETIC_VALUE,ONE_SHARED_POOL_PER_UNORDERED_PAIR
71000000000,71,pool_v2v_veh_5_veh_9,veh_5,veh_9,DIRECT_V2V,10000000,DIAGNOSTIC_SYNTHETIC_VALUE,ONE_SHARED_POOL_PER_UNORDERED_PAIR
71000000000,71,pool_v2v_veh_5_veh_10,veh_5,veh_10,DIRECT_V2V,10000000,DIAGNOSTIC_SYNTHETIC_VALUE,ONE_SHARED_POOL_PER_UNORDERED_PAIR
71000000000,71,pool_v2v_veh_6_veh_7,veh_6,veh_7,DIRECT_V2V,10000000,DIAGNOSTIC_SYNTHETIC_VALUE,ONE_SHARED_POOL_PER_UNORDERED_PAIR
71000000000,71,pool_v2v_veh_6_veh_8,veh_6,veh_8,DIRECT_V2V,10000000,DIAGNOSTIC_SYNTHETIC_VALUE,ONE_SHARED_POOL_PER_UNORDERED_PAIR
71000000000,71,pool_v2v_veh_6_veh_9,veh_6,veh_9,DIRECT_V2V,10000000,DIAGNOSTIC_SYNTHETIC_VALUE,ONE_SHARED_POOL_PER_UNORDERED_PAIR
71000000000,71,pool_v2v_veh_6_veh_10,veh_6,veh_10,DIRECT_V2V,10000000,DIAGNOSTIC_SYNTHETIC_VALUE,ONE_SHARED_POOL_PER_UNORDERED_PAIR
71000000000,71,pool_v2v_veh_7_veh_8,veh_7,veh_8,DIRECT_V2V,10000000,DIAGNOSTIC_SYNTHETIC_VALUE,ONE_SHARED_POOL_PER_UNORDERED_PAIR
71000000000,71,pool_v2v_veh_7_veh_9,veh_7,veh_9,DIRECT_V2V,10000000,DIAGNOSTIC_SYNTHETIC_VALUE,ONE_SHARED_POOL_PER_UNORDERED_PAIR
71000000000,71,pool_v2v_veh_7_veh_10,veh_7,veh_10,DIRECT_V2V,10000000,DIAGNOSTIC_SYNTHETIC_VALUE,ONE_SHARED_POOL_PER_UNORDERED_PAIR
71000000000,71,pool_v2v_veh_7_veh_11,veh_7,veh_11,DIRECT_V2V,10000000,DIAGNOSTIC_SYNTHETIC_VALUE,ONE_SHARED_POOL_PER_UNORDERED_PAIR
71000000000,71,pool_v2v_veh_8_veh_9,veh_8,veh_9,DIRECT_V2V,10000000,DIAGNOSTIC_SYNTHETIC_VALUE,ONE_SHARED_POOL_PER_UNORDERED_PAIR
71000000000,71,pool_v2v_veh_8_veh_10,veh_8,veh_10,DIRECT_V2V,10000000,DIAGNOSTIC_SYNTHETIC_VALUE,ONE_SHARED_POOL_PER_UNORDERED_PAIR
71000000000,71,pool_v2v_veh_8_veh_11,veh_8,veh_11,DIRECT_V2V,10000000,DIAGNOSTIC_SYNTHETIC_VALUE,ONE_SHARED_POOL_PER_UNORDERED_PAIR
71000000000,71,pool_v2v_veh_9_veh_10,veh_9,veh_10,DIRECT_V2V,10000000,DIAGNOSTIC_SYNTHETIC_VALUE,ONE_SHARED_POOL_PER_UNORDERED_PAIR
71000000000,71,pool_v2v_veh_9_veh_11,veh_9,veh_11,DIRECT_V2V,10000000,DIAGNOSTIC_SYNTHETIC_VALUE,ONE_SHARED_POOL_PER_UNORDERED_PAIR
71000000000,71,pool_v2v_veh_10_veh_11,veh_10,veh_11,DIRECT_V2V,10000000,DIAGNOSTIC_SYNTHETIC_VALUE,ONE_SHARED_POOL_PER_UNORDERED_PAIR
72000000000,72,pool_v2v_veh_0_veh_1,veh_0,veh_1,DIRECT_V2V,10000000,DIAGNOSTIC_SYNTHETIC_VALUE,ONE_SHARED_POOL_PER_UNORDERED_PAIR
72000000000,72,pool_v2v_veh_0_veh_2,veh_0,veh_2,DIRECT_V2V,10000000,DIAGNOSTIC_SYNTHETIC_VALUE,ONE_SHARED_POOL_PER_UNORDERED_PAIR
72000000000,72,pool_v2v_veh_0_veh_3,veh_0,veh_3,DIRECT_V2V,10000000,DIAGNOSTIC_SYNTHETIC_VALUE,ONE_SHARED_POOL_PER_UNORDERED_PAIR
72000000000,72,pool_v2v_veh_0_veh_4,veh_0,veh_4,DIRECT_V2V,10000000,DIAGNOSTIC_SYNTHETIC_VALUE,ONE_SHARED_POOL_PER_UNORDERED_PAIR
72000000000,72,pool_v2v_veh_0_veh_5,veh_0,veh_5,DIRECT_V2V,10000000,DIAGNOSTIC_SYNTHETIC_VALUE,ONE_SHARED_POOL_PER_UNORDERED_PAIR
72000000000,72,pool_v2v_veh_1_veh_2,veh_1,veh_2,DIRECT_V2V,10000000,DIAGNOSTIC_SYNTHETIC_VALUE,ONE_SHARED_POOL_PER_UNORDERED_PAIR
72000000000,72,pool_v2v_veh_1_veh_3,veh_1,veh_3,DIRECT_V2V,10000000,DIAGNOSTIC_SYNTHETIC_VALUE,ONE_SHARED_POOL_PER_UNORDERED_PAIR
72000000000,72,pool_v2v_veh_1_veh_4,veh_1,veh_4,DIRECT_V2V,10000000,DIAGNOSTIC_SYNTHETIC_VALUE,ONE_SHARED_POOL_PER_UNORDERED_PAIR
72000000000,72,pool_v2v_veh_1_veh_5,veh_1,veh_5,DIRECT_V2V,10000000,DIAGNOSTIC_SYNTHETIC_VALUE,ONE_SHARED_POOL_PER_UNORDERED_PAIR
72000000000,72,pool_v2v_veh_1_veh_6,veh_1,veh_6,DIRECT_V2V,10000000,DIAGNOSTIC_SYNTHETIC_VALUE,ONE_SHARED_POOL_PER_UNORDERED_PAIR
72000000000,72,pool_v2v_veh_2_veh_3,veh_2,veh_3,DIRECT_V2V,10000000,DIAGNOSTIC_SYNTHETIC_VALUE,ONE_SHARED_POOL_PER_UNORDERED_PAIR
72000000000,72,pool_v2v_veh_2_veh_4,veh_2,veh_4,DIRECT_V2V,10000000,DIAGNOSTIC_SYNTHETIC_VALUE,ONE_SHARED_POOL_PER_UNORDERED_PAIR
72000000000,72,pool_v2v_veh_2_veh_5,veh_2,veh_5,DIRECT_V2V,10000000,DIAGNOSTIC_SYNTHETIC_VALUE,ONE_SHARED_POOL_PER_UNORDERED_PAIR
72000000000,72,pool_v2v_veh_2_veh_6,veh_2,veh_6,DIRECT_V2V,10000000,DIAGNOSTIC_SYNTHETIC_VALUE,ONE_SHARED_POOL_PER_UNORDERED_PAIR
72000000000,72,pool_v2v_veh_2_veh_7,veh_2,veh_7,DIRECT_V2V,10000000,DIAGNOSTIC_SYNTHETIC_VALUE,ONE_SHARED_POOL_PER_UNORDERED_PAIR
72000000000,72,pool_v2v_veh_3_veh_4,veh_3,veh_4,DIRECT_V2V,10000000,DIAGNOSTIC_SYNTHETIC_VALUE,ONE_SHARED_POOL_PER_UNORDERED_PAIR
72000000000,72,pool_v2v_veh_3_veh_5,veh_3,veh_5,DIRECT_V2V,10000000,DIAGNOSTIC_SYNTHETIC_VALUE,ONE_SHARED_POOL_PER_UNORDERED_PAIR
72000000000,72,pool_v2v_veh_3_veh_6,veh_3,veh_6,DIRECT_V2V,10000000,DIAGNOSTIC_SYNTHETIC_VALUE,ONE_SHARED_POOL_PER_UNORDERED_PAIR
72000000000,72,pool_v2v_veh_3_veh_7,veh_3,veh_7,DIRECT_V2V,10000000,DIAGNOSTIC_SYNTHETIC_VALUE,ONE_SHARED_POOL_PER_UNORDERED_PAIR
72000000000,72,pool_v2v_veh_3_veh_8,veh_3,veh_8,DIRECT_V2V,10000000,DIAGNOSTIC_SYNTHETIC_VALUE,ONE_SHARED_POOL_PER_UNORDERED_PAIR
72000000000,72,pool_v2v_veh_4_veh_5,veh_4,veh_5,DIRECT_V2V,10000000,DIAGNOSTIC_SYNTHETIC_VALUE,ONE_SHARED_POOL_PER_UNORDERED_PAIR
72000000000,72,pool_v2v_veh_4_veh_6,veh_4,veh_6,DIRECT_V2V,10000000,DIAGNOSTIC_SYNTHETIC_VALUE,ONE_SHARED_POOL_PER_UNORDERED_PAIR
72000000000,72,pool_v2v_veh_4_veh_7,veh_4,veh_7,DIRECT_V2V,10000000,DIAGNOSTIC_SYNTHETIC_VALUE,ONE_SHARED_POOL_PER_UNORDERED_PAIR
72000000000,72,pool_v2v_veh_4_veh_8,veh_4,veh_8,DIRECT_V2V,10000000,DIAGNOSTIC_SYNTHETIC_VALUE,ONE_SHARED_POOL_PER_UNORDERED_PAIR
72000000000,72,pool_v2v_veh_4_veh_9,veh_4,veh_9,DIRECT_V2V,10000000,DIAGNOSTIC_SYNTHETIC_VALUE,ONE_SHARED_POOL_PER_UNORDERED_PAIR
72000000000,72,pool_v2v_veh_5_veh_6,veh_5,veh_6,DIRECT_V2V,10000000,DIAGNOSTIC_SYNTHETIC_VALUE,ONE_SHARED_POOL_PER_UNORDERED_PAIR
72000000000,72,pool_v2v_veh_5_veh_7,veh_5,veh_7,DIRECT_V2V,10000000,DIAGNOSTIC_SYNTHETIC_VALUE,ONE_SHARED_POOL_PER_UNORDERED_PAIR
72000000000,72,pool_v2v_veh_5_veh_8,veh_5,veh_8,DIRECT_V2V,10000000,DIAGNOSTIC_SYNTHETIC_VALUE,ONE_SHARED_POOL_PER_UNORDERED_PAIR
72000000000,72,pool_v2v_veh_5_veh_9,veh_5,veh_9,DIRECT_V2V,10000000,DIAGNOSTIC_SYNTHETIC_VALUE,ONE_SHARED_POOL_PER_UNORDERED_PAIR
72000000000,72,pool_v2v_veh_5_veh_10,veh_5,veh_10,DIRECT_V2V,10000000,DIAGNOSTIC_SYNTHETIC_VALUE,ONE_SHARED_POOL_PER_UNORDERED_PAIR
72000000000,72,pool_v2v_veh_6_veh_7,veh_6,veh_7,DIRECT_V2V,10000000,DIAGNOSTIC_SYNTHETIC_VALUE,ONE_SHARED_POOL_PER_UNORDERED_PAIR
72000000000,72,pool_v2v_veh_6_veh_8,veh_6,veh_8,DIRECT_V2V,10000000,DIAGNOSTIC_SYNTHETIC_VALUE,ONE_SHARED_POOL_PER_UNORDERED_PAIR
72000000000,72,pool_v2v_veh_6_veh_9,veh_6,veh_9,DIRECT_V2V,10000000,DIAGNOSTIC_SYNTHETIC_VALUE,ONE_SHARED_POOL_PER_UNORDERED_PAIR
72000000000,72,pool_v2v_veh_6_veh_10,veh_6,veh_10,DIRECT_V2V,10000000,DIAGNOSTIC_SYNTHETIC_VALUE,ONE_SHARED_POOL_PER_UNORDERED_PAIR
72000000000,72,pool_v2v_veh_7_veh_8,veh_7,veh_8,DIRECT_V2V,10000000,DIAGNOSTIC_SYNTHETIC_VALUE,ONE_SHARED_POOL_PER_UNORDERED_PAIR
72000000000,72,pool_v2v_veh_7_veh_9,veh_7,veh_9,DIRECT_V2V,10000000,DIAGNOSTIC_SYNTHETIC_VALUE,ONE_SHARED_POOL_PER_UNORDERED_PAIR
72000000000,72,pool_v2v_veh_7_veh_10,veh_7,veh_10,DIRECT_V2V,10000000,DIAGNOSTIC_SYNTHETIC_VALUE,ONE_SHARED_POOL_PER_UNORDERED_PAIR
72000000000,72,pool_v2v_veh_7_veh_11,veh_7,veh_11,DIRECT_V2V,10000000,DIAGNOSTIC_SYNTHETIC_VALUE,ONE_SHARED_POOL_PER_UNORDERED_PAIR
72000000000,72,pool_v2v_veh_8_veh_9,veh_8,veh_9,DIRECT_V2V,10000000,DIAGNOSTIC_SYNTHETIC_VALUE,ONE_SHARED_POOL_PER_UNORDERED_PAIR
72000000000,72,pool_v2v_veh_8_veh_10,veh_8,veh_10,DIRECT_V2V,10000000,DIAGNOSTIC_SYNTHETIC_VALUE,ONE_SHARED_POOL_PER_UNORDERED_PAIR
72000000000,72,pool_v2v_veh_8_veh_11,veh_8,veh_11,DIRECT_V2V,10000000,DIAGNOSTIC_SYNTHETIC_VALUE,ONE_SHARED_POOL_PER_UNORDERED_PAIR
72000000000,72,pool_v2v_veh_9_veh_10,veh_9,veh_10,DIRECT_V2V,10000000,DIAGNOSTIC_SYNTHETIC_VALUE,ONE_SHARED_POOL_PER_UNORDERED_PAIR
72000000000,72,pool_v2v_veh_9_veh_11,veh_9,veh_11,DIRECT_V2V,10000000,DIAGNOSTIC_SYNTHETIC_VALUE,ONE_SHARED_POOL_PER_UNORDERED_PAIR
72000000000,72,pool_v2v_veh_10_veh_11,veh_10,veh_11,DIRECT_V2V,10000000,DIAGNOSTIC_SYNTHETIC_VALUE,ONE_SHARED_POOL_PER_UNORDERED_PAIR
73000000000,73,pool_v2v_veh_0_veh_1,veh_0,veh_1,DIRECT_V2V,10000000,DIAGNOSTIC_SYNTHETIC_VALUE,ONE_SHARED_POOL_PER_UNORDERED_PAIR
73000000000,73,pool_v2v_veh_0_veh_2,veh_0,veh_2,DIRECT_V2V,10000000,DIAGNOSTIC_SYNTHETIC_VALUE,ONE_SHARED_POOL_PER_UNORDERED_PAIR
73000000000,73,pool_v2v_veh_0_veh_3,veh_0,veh_3,DIRECT_V2V,10000000,DIAGNOSTIC_SYNTHETIC_VALUE,ONE_SHARED_POOL_PER_UNORDERED_PAIR
73000000000,73,pool_v2v_veh_0_veh_4,veh_0,veh_4,DIRECT_V2V,10000000,DIAGNOSTIC_SYNTHETIC_VALUE,ONE_SHARED_POOL_PER_UNORDERED_PAIR
73000000000,73,pool_v2v_veh_0_veh_5,veh_0,veh_5,DIRECT_V2V,10000000,DIAGNOSTIC_SYNTHETIC_VALUE,ONE_SHARED_POOL_PER_UNORDERED_PAIR
73000000000,73,pool_v2v_veh_1_veh_2,veh_1,veh_2,DIRECT_V2V,10000000,DIAGNOSTIC_SYNTHETIC_VALUE,ONE_SHARED_POOL_PER_UNORDERED_PAIR
73000000000,73,pool_v2v_veh_1_veh_3,veh_1,veh_3,DIRECT_V2V,10000000,DIAGNOSTIC_SYNTHETIC_VALUE,ONE_SHARED_POOL_PER_UNORDERED_PAIR
73000000000,73,pool_v2v_veh_1_veh_4,veh_1,veh_4,DIRECT_V2V,10000000,DIAGNOSTIC_SYNTHETIC_VALUE,ONE_SHARED_POOL_PER_UNORDERED_PAIR
73000000000,73,pool_v2v_veh_1_veh_5,veh_1,veh_5,DIRECT_V2V,10000000,DIAGNOSTIC_SYNTHETIC_VALUE,ONE_SHARED_POOL_PER_UNORDERED_PAIR
73000000000,73,pool_v2v_veh_1_veh_6,veh_1,veh_6,DIRECT_V2V,10000000,DIAGNOSTIC_SYNTHETIC_VALUE,ONE_SHARED_POOL_PER_UNORDERED_PAIR
73000000000,73,pool_v2v_veh_2_veh_3,veh_2,veh_3,DIRECT_V2V,10000000,DIAGNOSTIC_SYNTHETIC_VALUE,ONE_SHARED_POOL_PER_UNORDERED_PAIR
73000000000,73,pool_v2v_veh_2_veh_4,veh_2,veh_4,DIRECT_V2V,10000000,DIAGNOSTIC_SYNTHETIC_VALUE,ONE_SHARED_POOL_PER_UNORDERED_PAIR
73000000000,73,pool_v2v_veh_2_veh_5,veh_2,veh_5,DIRECT_V2V,10000000,DIAGNOSTIC_SYNTHETIC_VALUE,ONE_SHARED_POOL_PER_UNORDERED_PAIR
73000000000,73,pool_v2v_veh_2_veh_6,veh_2,veh_6,DIRECT_V2V,10000000,DIAGNOSTIC_SYNTHETIC_VALUE,ONE_SHARED_POOL_PER_UNORDERED_PAIR
73000000000,73,pool_v2v_veh_2_veh_7,veh_2,veh_7,DIRECT_V2V,10000000,DIAGNOSTIC_SYNTHETIC_VALUE,ONE_SHARED_POOL_PER_UNORDERED_PAIR
73000000000,73,pool_v2v_veh_3_veh_4,veh_3,veh_4,DIRECT_V2V,10000000,DIAGNOSTIC_SYNTHETIC_VALUE,ONE_SHARED_POOL_PER_UNORDERED_PAIR
73000000000,73,pool_v2v_veh_3_veh_5,veh_3,veh_5,DIRECT_V2V,10000000,DIAGNOSTIC_SYNTHETIC_VALUE,ONE_SHARED_POOL_PER_UNORDERED_PAIR
73000000000,73,pool_v2v_veh_3_veh_6,veh_3,veh_6,DIRECT_V2V,10000000,DIAGNOSTIC_SYNTHETIC_VALUE,ONE_SHARED_POOL_PER_UNORDERED_PAIR
73000000000,73,pool_v2v_veh_3_veh_7,veh_3,veh_7,DIRECT_V2V,10000000,DIAGNOSTIC_SYNTHETIC_VALUE,ONE_SHARED_POOL_PER_UNORDERED_PAIR
73000000000,73,pool_v2v_veh_3_veh_8,veh_3,veh_8,DIRECT_V2V,10000000,DIAGNOSTIC_SYNTHETIC_VALUE,ONE_SHARED_POOL_PER_UNORDERED_PAIR
73000000000,73,pool_v2v_veh_4_veh_5,veh_4,veh_5,DIRECT_V2V,10000000,DIAGNOSTIC_SYNTHETIC_VALUE,ONE_SHARED_POOL_PER_UNORDERED_PAIR
73000000000,73,pool_v2v_veh_4_veh_6,veh_4,veh_6,DIRECT_V2V,10000000,DIAGNOSTIC_SYNTHETIC_VALUE,ONE_SHARED_POOL_PER_UNORDERED_PAIR
73000000000,73,pool_v2v_veh_4_veh_7,veh_4,veh_7,DIRECT_V2V,10000000,DIAGNOSTIC_SYNTHETIC_VALUE,ONE_SHARED_POOL_PER_UNORDERED_PAIR
73000000000,73,pool_v2v_veh_4_veh_8,veh_4,veh_8,DIRECT_V2V,10000000,DIAGNOSTIC_SYNTHETIC_VALUE,ONE_SHARED_POOL_PER_UNORDERED_PAIR
73000000000,73,pool_v2v_veh_4_veh_9,veh_4,veh_9,DIRECT_V2V,10000000,DIAGNOSTIC_SYNTHETIC_VALUE,ONE_SHARED_POOL_PER_UNORDERED_PAIR
73000000000,73,pool_v2v_veh_5_veh_6,veh_5,veh_6,DIRECT_V2V,10000000,DIAGNOSTIC_SYNTHETIC_VALUE,ONE_SHARED_POOL_PER_UNORDERED_PAIR
73000000000,73,pool_v2v_veh_5_veh_7,veh_5,veh_7,DIRECT_V2V,10000000,DIAGNOSTIC_SYNTHETIC_VALUE,ONE_SHARED_POOL_PER_UNORDERED_PAIR
73000000000,73,pool_v2v_veh_5_veh_8,veh_5,veh_8,DIRECT_V2V,10000000,DIAGNOSTIC_SYNTHETIC_VALUE,ONE_SHARED_POOL_PER_UNORDERED_PAIR
73000000000,73,pool_v2v_veh_5_veh_9,veh_5,veh_9,DIRECT_V2V,10000000,DIAGNOSTIC_SYNTHETIC_VALUE,ONE_SHARED_POOL_PER_UNORDERED_PAIR
73000000000,73,pool_v2v_veh_5_veh_10,veh_5,veh_10,DIRECT_V2V,10000000,DIAGNOSTIC_SYNTHETIC_VALUE,ONE_SHARED_POOL_PER_UNORDERED_PAIR
73000000000,73,pool_v2v_veh_6_veh_7,veh_6,veh_7,DIRECT_V2V,10000000,DIAGNOSTIC_SYNTHETIC_VALUE,ONE_SHARED_POOL_PER_UNORDERED_PAIR
73000000000,73,pool_v2v_veh_6_veh_8,veh_6,veh_8,DIRECT_V2V,10000000,DIAGNOSTIC_SYNTHETIC_VALUE,ONE_SHARED_POOL_PER_UNORDERED_PAIR
73000000000,73,pool_v2v_veh_6_veh_9,veh_6,veh_9,DIRECT_V2V,10000000,DIAGNOSTIC_SYNTHETIC_VALUE,ONE_SHARED_POOL_PER_UNORDERED_PAIR
73000000000,73,pool_v2v_veh_6_veh_10,veh_6,veh_10,DIRECT_V2V,10000000,DIAGNOSTIC_SYNTHETIC_VALUE,ONE_SHARED_POOL_PER_UNORDERED_PAIR
73000000000,73,pool_v2v_veh_7_veh_8,veh_7,veh_8,DIRECT_V2V,10000000,DIAGNOSTIC_SYNTHETIC_VALUE,ONE_SHARED_POOL_PER_UNORDERED_PAIR
73000000000,73,pool_v2v_veh_7_veh_9,veh_7,veh_9,DIRECT_V2V,10000000,DIAGNOSTIC_SYNTHETIC_VALUE,ONE_SHARED_POOL_PER_UNORDERED_PAIR
73000000000,73,pool_v2v_veh_7_veh_10,veh_7,veh_10,DIRECT_V2V,10000000,DIAGNOSTIC_SYNTHETIC_VALUE,ONE_SHARED_POOL_PER_UNORDERED_PAIR
73000000000,73,pool_v2v_veh_7_veh_11,veh_7,veh_11,DIRECT_V2V,10000000,DIAGNOSTIC_SYNTHETIC_VALUE,ONE_SHARED_POOL_PER_UNORDERED_PAIR
73000000000,73,pool_v2v_veh_8_veh_9,veh_8,veh_9,DIRECT_V2V,10000000,DIAGNOSTIC_SYNTHETIC_VALUE,ONE_SHARED_POOL_PER_UNORDERED_PAIR
73000000000,73,pool_v2v_veh_8_veh_10,veh_8,veh_10,DIRECT_V2V,10000000,DIAGNOSTIC_SYNTHETIC_VALUE,ONE_SHARED_POOL_PER_UNORDERED_PAIR
73000000000,73,pool_v2v_veh_8_veh_11,veh_8,veh_11,DIRECT_V2V,10000000,DIAGNOSTIC_SYNTHETIC_VALUE,ONE_SHARED_POOL_PER_UNORDERED_PAIR
73000000000,73,pool_v2v_veh_9_veh_10,veh_9,veh_10,DIRECT_V2V,10000000,DIAGNOSTIC_SYNTHETIC_VALUE,ONE_SHARED_POOL_PER_UNORDERED_PAIR
73000000000,73,pool_v2v_veh_9_veh_11,veh_9,veh_11,DIRECT_V2V,10000000,DIAGNOSTIC_SYNTHETIC_VALUE,ONE_SHARED_POOL_PER_UNORDERED_PAIR
73000000000,73,pool_v2v_veh_10_veh_11,veh_10,veh_11,DIRECT_V2V,10000000,DIAGNOSTIC_SYNTHETIC_VALUE,ONE_SHARED_POOL_PER_UNORDERED_PAIR
74000000000,74,pool_v2v_veh_0_veh_1,veh_0,veh_1,DIRECT_V2V,10000000,DIAGNOSTIC_SYNTHETIC_VALUE,ONE_SHARED_POOL_PER_UNORDERED_PAIR
74000000000,74,pool_v2v_veh_0_veh_2,veh_0,veh_2,DIRECT_V2V,10000000,DIAGNOSTIC_SYNTHETIC_VALUE,ONE_SHARED_POOL_PER_UNORDERED_PAIR
74000000000,74,pool_v2v_veh_0_veh_3,veh_0,veh_3,DIRECT_V2V,10000000,DIAGNOSTIC_SYNTHETIC_VALUE,ONE_SHARED_POOL_PER_UNORDERED_PAIR
74000000000,74,pool_v2v_veh_0_veh_4,veh_0,veh_4,DIRECT_V2V,10000000,DIAGNOSTIC_SYNTHETIC_VALUE,ONE_SHARED_POOL_PER_UNORDERED_PAIR
74000000000,74,pool_v2v_veh_0_veh_5,veh_0,veh_5,DIRECT_V2V,10000000,DIAGNOSTIC_SYNTHETIC_VALUE,ONE_SHARED_POOL_PER_UNORDERED_PAIR
74000000000,74,pool_v2v_veh_1_veh_2,veh_1,veh_2,DIRECT_V2V,10000000,DIAGNOSTIC_SYNTHETIC_VALUE,ONE_SHARED_POOL_PER_UNORDERED_PAIR
74000000000,74,pool_v2v_veh_1_veh_3,veh_1,veh_3,DIRECT_V2V,10000000,DIAGNOSTIC_SYNTHETIC_VALUE,ONE_SHARED_POOL_PER_UNORDERED_PAIR
74000000000,74,pool_v2v_veh_1_veh_4,veh_1,veh_4,DIRECT_V2V,10000000,DIAGNOSTIC_SYNTHETIC_VALUE,ONE_SHARED_POOL_PER_UNORDERED_PAIR
74000000000,74,pool_v2v_veh_1_veh_5,veh_1,veh_5,DIRECT_V2V,10000000,DIAGNOSTIC_SYNTHETIC_VALUE,ONE_SHARED_POOL_PER_UNORDERED_PAIR
74000000000,74,pool_v2v_veh_1_veh_6,veh_1,veh_6,DIRECT_V2V,10000000,DIAGNOSTIC_SYNTHETIC_VALUE,ONE_SHARED_POOL_PER_UNORDERED_PAIR
74000000000,74,pool_v2v_veh_2_veh_3,veh_2,veh_3,DIRECT_V2V,10000000,DIAGNOSTIC_SYNTHETIC_VALUE,ONE_SHARED_POOL_PER_UNORDERED_PAIR
74000000000,74,pool_v2v_veh_2_veh_4,veh_2,veh_4,DIRECT_V2V,10000000,DIAGNOSTIC_SYNTHETIC_VALUE,ONE_SHARED_POOL_PER_UNORDERED_PAIR
74000000000,74,pool_v2v_veh_2_veh_5,veh_2,veh_5,DIRECT_V2V,10000000,DIAGNOSTIC_SYNTHETIC_VALUE,ONE_SHARED_POOL_PER_UNORDERED_PAIR
74000000000,74,pool_v2v_veh_2_veh_6,veh_2,veh_6,DIRECT_V2V,10000000,DIAGNOSTIC_SYNTHETIC_VALUE,ONE_SHARED_POOL_PER_UNORDERED_PAIR
74000000000,74,pool_v2v_veh_2_veh_7,veh_2,veh_7,DIRECT_V2V,10000000,DIAGNOSTIC_SYNTHETIC_VALUE,ONE_SHARED_POOL_PER_UNORDERED_PAIR
74000000000,74,pool_v2v_veh_3_veh_4,veh_3,veh_4,DIRECT_V2V,10000000,DIAGNOSTIC_SYNTHETIC_VALUE,ONE_SHARED_POOL_PER_UNORDERED_PAIR
74000000000,74,pool_v2v_veh_3_veh_5,veh_3,veh_5,DIRECT_V2V,10000000,DIAGNOSTIC_SYNTHETIC_VALUE,ONE_SHARED_POOL_PER_UNORDERED_PAIR
74000000000,74,pool_v2v_veh_3_veh_6,veh_3,veh_6,DIRECT_V2V,10000000,DIAGNOSTIC_SYNTHETIC_VALUE,ONE_SHARED_POOL_PER_UNORDERED_PAIR
74000000000,74,pool_v2v_veh_3_veh_7,veh_3,veh_7,DIRECT_V2V,10000000,DIAGNOSTIC_SYNTHETIC_VALUE,ONE_SHARED_POOL_PER_UNORDERED_PAIR
74000000000,74,pool_v2v_veh_3_veh_8,veh_3,veh_8,DIRECT_V2V,10000000,DIAGNOSTIC_SYNTHETIC_VALUE,ONE_SHARED_POOL_PER_UNORDERED_PAIR
74000000000,74,pool_v2v_veh_4_veh_5,veh_4,veh_5,DIRECT_V2V,10000000,DIAGNOSTIC_SYNTHETIC_VALUE,ONE_SHARED_POOL_PER_UNORDERED_PAIR
74000000000,74,pool_v2v_veh_4_veh_6,veh_4,veh_6,DIRECT_V2V,10000000,DIAGNOSTIC_SYNTHETIC_VALUE,ONE_SHARED_POOL_PER_UNORDERED_PAIR
74000000000,74,pool_v2v_veh_4_veh_7,veh_4,veh_7,DIRECT_V2V,10000000,DIAGNOSTIC_SYNTHETIC_VALUE,ONE_SHARED_POOL_PER_UNORDERED_PAIR
74000000000,74,pool_v2v_veh_4_veh_8,veh_4,veh_8,DIRECT_V2V,10000000,DIAGNOSTIC_SYNTHETIC_VALUE,ONE_SHARED_POOL_PER_UNORDERED_PAIR
74000000000,74,pool_v2v_veh_4_veh_9,veh_4,veh_9,DIRECT_V2V,10000000,DIAGNOSTIC_SYNTHETIC_VALUE,ONE_SHARED_POOL_PER_UNORDERED_PAIR
74000000000,74,pool_v2v_veh_5_veh_6,veh_5,veh_6,DIRECT_V2V,10000000,DIAGNOSTIC_SYNTHETIC_VALUE,ONE_SHARED_POOL_PER_UNORDERED_PAIR
74000000000,74,pool_v2v_veh_5_veh_7,veh_5,veh_7,DIRECT_V2V,10000000,DIAGNOSTIC_SYNTHETIC_VALUE,ONE_SHARED_POOL_PER_UNORDERED_PAIR
74000000000,74,pool_v2v_veh_5_veh_8,veh_5,veh_8,DIRECT_V2V,10000000,DIAGNOSTIC_SYNTHETIC_VALUE,ONE_SHARED_POOL_PER_UNORDERED_PAIR
74000000000,74,pool_v2v_veh_5_veh_9,veh_5,veh_9,DIRECT_V2V,10000000,DIAGNOSTIC_SYNTHETIC_VALUE,ONE_SHARED_POOL_PER_UNORDERED_PAIR
74000000000,74,pool_v2v_veh_5_veh_10,veh_5,veh_10,DIRECT_V2V,10000000,DIAGNOSTIC_SYNTHETIC_VALUE,ONE_SHARED_POOL_PER_UNORDERED_PAIR
74000000000,74,pool_v2v_veh_6_veh_7,veh_6,veh_7,DIRECT_V2V,10000000,DIAGNOSTIC_SYNTHETIC_VALUE,ONE_SHARED_POOL_PER_UNORDERED_PAIR
74000000000,74,pool_v2v_veh_6_veh_8,veh_6,veh_8,DIRECT_V2V,10000000,DIAGNOSTIC_SYNTHETIC_VALUE,ONE_SHARED_POOL_PER_UNORDERED_PAIR
74000000000,74,pool_v2v_veh_6_veh_9,veh_6,veh_9,DIRECT_V2V,10000000,DIAGNOSTIC_SYNTHETIC_VALUE,ONE_SHARED_POOL_PER_UNORDERED_PAIR
74000000000,74,pool_v2v_veh_6_veh_10,veh_6,veh_10,DIRECT_V2V,10000000,DIAGNOSTIC_SYNTHETIC_VALUE,ONE_SHARED_POOL_PER_UNORDERED_PAIR
74000000000,74,pool_v2v_veh_7_veh_8,veh_7,veh_8,DIRECT_V2V,10000000,DIAGNOSTIC_SYNTHETIC_VALUE,ONE_SHARED_POOL_PER_UNORDERED_PAIR
74000000000,74,pool_v2v_veh_7_veh_9,veh_7,veh_9,DIRECT_V2V,10000000,DIAGNOSTIC_SYNTHETIC_VALUE,ONE_SHARED_POOL_PER_UNORDERED_PAIR
74000000000,74,pool_v2v_veh_7_veh_10,veh_7,veh_10,DIRECT_V2V,10000000,DIAGNOSTIC_SYNTHETIC_VALUE,ONE_SHARED_POOL_PER_UNORDERED_PAIR
74000000000,74,pool_v2v_veh_7_veh_11,veh_7,veh_11,DIRECT_V2V,10000000,DIAGNOSTIC_SYNTHETIC_VALUE,ONE_SHARED_POOL_PER_UNORDERED_PAIR
74000000000,74,pool_v2v_veh_8_veh_9,veh_8,veh_9,DIRECT_V2V,10000000,DIAGNOSTIC_SYNTHETIC_VALUE,ONE_SHARED_POOL_PER_UNORDERED_PAIR
74000000000,74,pool_v2v_veh_8_veh_10,veh_8,veh_10,DIRECT_V2V,10000000,DIAGNOSTIC_SYNTHETIC_VALUE,ONE_SHARED_POOL_PER_UNORDERED_PAIR
74000000000,74,pool_v2v_veh_8_veh_11,veh_8,veh_11,DIRECT_V2V,10000000,DIAGNOSTIC_SYNTHETIC_VALUE,ONE_SHARED_POOL_PER_UNORDERED_PAIR
74000000000,74,pool_v2v_veh_9_veh_10,veh_9,veh_10,DIRECT_V2V,10000000,DIAGNOSTIC_SYNTHETIC_VALUE,ONE_SHARED_POOL_PER_UNORDERED_PAIR
74000000000,74,pool_v2v_veh_9_veh_11,veh_9,veh_11,DIRECT_V2V,10000000,DIAGNOSTIC_SYNTHETIC_VALUE,ONE_SHARED_POOL_PER_UNORDERED_PAIR
74000000000,74,pool_v2v_veh_10_veh_11,veh_10,veh_11,DIRECT_V2V,10000000,DIAGNOSTIC_SYNTHETIC_VALUE,ONE_SHARED_POOL_PER_UNORDERED_PAIR
75000000000,75,pool_v2v_veh_0_veh_1,veh_0,veh_1,DIRECT_V2V,10000000,DIAGNOSTIC_SYNTHETIC_VALUE,ONE_SHARED_POOL_PER_UNORDERED_PAIR
75000000000,75,pool_v2v_veh_0_veh_2,veh_0,veh_2,DIRECT_V2V,10000000,DIAGNOSTIC_SYNTHETIC_VALUE,ONE_SHARED_POOL_PER_UNORDERED_PAIR
75000000000,75,pool_v2v_veh_0_veh_3,veh_0,veh_3,DIRECT_V2V,10000000,DIAGNOSTIC_SYNTHETIC_VALUE,ONE_SHARED_POOL_PER_UNORDERED_PAIR
75000000000,75,pool_v2v_veh_0_veh_4,veh_0,veh_4,DIRECT_V2V,10000000,DIAGNOSTIC_SYNTHETIC_VALUE,ONE_SHARED_POOL_PER_UNORDERED_PAIR
75000000000,75,pool_v2v_veh_0_veh_5,veh_0,veh_5,DIRECT_V2V,10000000,DIAGNOSTIC_SYNTHETIC_VALUE,ONE_SHARED_POOL_PER_UNORDERED_PAIR
75000000000,75,pool_v2v_veh_1_veh_2,veh_1,veh_2,DIRECT_V2V,10000000,DIAGNOSTIC_SYNTHETIC_VALUE,ONE_SHARED_POOL_PER_UNORDERED_PAIR
75000000000,75,pool_v2v_veh_1_veh_3,veh_1,veh_3,DIRECT_V2V,10000000,DIAGNOSTIC_SYNTHETIC_VALUE,ONE_SHARED_POOL_PER_UNORDERED_PAIR
75000000000,75,pool_v2v_veh_1_veh_4,veh_1,veh_4,DIRECT_V2V,10000000,DIAGNOSTIC_SYNTHETIC_VALUE,ONE_SHARED_POOL_PER_UNORDERED_PAIR
75000000000,75,pool_v2v_veh_1_veh_5,veh_1,veh_5,DIRECT_V2V,10000000,DIAGNOSTIC_SYNTHETIC_VALUE,ONE_SHARED_POOL_PER_UNORDERED_PAIR
75000000000,75,pool_v2v_veh_1_veh_6,veh_1,veh_6,DIRECT_V2V,10000000,DIAGNOSTIC_SYNTHETIC_VALUE,ONE_SHARED_POOL_PER_UNORDERED_PAIR
75000000000,75,pool_v2v_veh_2_veh_3,veh_2,veh_3,DIRECT_V2V,10000000,DIAGNOSTIC_SYNTHETIC_VALUE,ONE_SHARED_POOL_PER_UNORDERED_PAIR
75000000000,75,pool_v2v_veh_2_veh_4,veh_2,veh_4,DIRECT_V2V,10000000,DIAGNOSTIC_SYNTHETIC_VALUE,ONE_SHARED_POOL_PER_UNORDERED_PAIR
75000000000,75,pool_v2v_veh_2_veh_5,veh_2,veh_5,DIRECT_V2V,10000000,DIAGNOSTIC_SYNTHETIC_VALUE,ONE_SHARED_POOL_PER_UNORDERED_PAIR
75000000000,75,pool_v2v_veh_2_veh_6,veh_2,veh_6,DIRECT_V2V,10000000,DIAGNOSTIC_SYNTHETIC_VALUE,ONE_SHARED_POOL_PER_UNORDERED_PAIR
75000000000,75,pool_v2v_veh_2_veh_7,veh_2,veh_7,DIRECT_V2V,10000000,DIAGNOSTIC_SYNTHETIC_VALUE,ONE_SHARED_POOL_PER_UNORDERED_PAIR
75000000000,75,pool_v2v_veh_3_veh_4,veh_3,veh_4,DIRECT_V2V,10000000,DIAGNOSTIC_SYNTHETIC_VALUE,ONE_SHARED_POOL_PER_UNORDERED_PAIR
75000000000,75,pool_v2v_veh_3_veh_5,veh_3,veh_5,DIRECT_V2V,10000000,DIAGNOSTIC_SYNTHETIC_VALUE,ONE_SHARED_POOL_PER_UNORDERED_PAIR
75000000000,75,pool_v2v_veh_3_veh_6,veh_3,veh_6,DIRECT_V2V,10000000,DIAGNOSTIC_SYNTHETIC_VALUE,ONE_SHARED_POOL_PER_UNORDERED_PAIR
75000000000,75,pool_v2v_veh_3_veh_7,veh_3,veh_7,DIRECT_V2V,10000000,DIAGNOSTIC_SYNTHETIC_VALUE,ONE_SHARED_POOL_PER_UNORDERED_PAIR
75000000000,75,pool_v2v_veh_3_veh_8,veh_3,veh_8,DIRECT_V2V,10000000,DIAGNOSTIC_SYNTHETIC_VALUE,ONE_SHARED_POOL_PER_UNORDERED_PAIR
75000000000,75,pool_v2v_veh_4_veh_5,veh_4,veh_5,DIRECT_V2V,10000000,DIAGNOSTIC_SYNTHETIC_VALUE,ONE_SHARED_POOL_PER_UNORDERED_PAIR
75000000000,75,pool_v2v_veh_4_veh_6,veh_4,veh_6,DIRECT_V2V,10000000,DIAGNOSTIC_SYNTHETIC_VALUE,ONE_SHARED_POOL_PER_UNORDERED_PAIR
75000000000,75,pool_v2v_veh_4_veh_7,veh_4,veh_7,DIRECT_V2V,10000000,DIAGNOSTIC_SYNTHETIC_VALUE,ONE_SHARED_POOL_PER_UNORDERED_PAIR
75000000000,75,pool_v2v_veh_4_veh_8,veh_4,veh_8,DIRECT_V2V,10000000,DIAGNOSTIC_SYNTHETIC_VALUE,ONE_SHARED_POOL_PER_UNORDERED_PAIR
75000000000,75,pool_v2v_veh_4_veh_9,veh_4,veh_9,DIRECT_V2V,10000000,DIAGNOSTIC_SYNTHETIC_VALUE,ONE_SHARED_POOL_PER_UNORDERED_PAIR
75000000000,75,pool_v2v_veh_5_veh_6,veh_5,veh_6,DIRECT_V2V,10000000,DIAGNOSTIC_SYNTHETIC_VALUE,ONE_SHARED_POOL_PER_UNORDERED_PAIR
75000000000,75,pool_v2v_veh_5_veh_7,veh_5,veh_7,DIRECT_V2V,10000000,DIAGNOSTIC_SYNTHETIC_VALUE,ONE_SHARED_POOL_PER_UNORDERED_PAIR
75000000000,75,pool_v2v_veh_5_veh_8,veh_5,veh_8,DIRECT_V2V,10000000,DIAGNOSTIC_SYNTHETIC_VALUE,ONE_SHARED_POOL_PER_UNORDERED_PAIR
75000000000,75,pool_v2v_veh_5_veh_9,veh_5,veh_9,DIRECT_V2V,10000000,DIAGNOSTIC_SYNTHETIC_VALUE,ONE_SHARED_POOL_PER_UNORDERED_PAIR
75000000000,75,pool_v2v_veh_5_veh_10,veh_5,veh_10,DIRECT_V2V,10000000,DIAGNOSTIC_SYNTHETIC_VALUE,ONE_SHARED_POOL_PER_UNORDERED_PAIR
75000000000,75,pool_v2v_veh_6_veh_7,veh_6,veh_7,DIRECT_V2V,10000000,DIAGNOSTIC_SYNTHETIC_VALUE,ONE_SHARED_POOL_PER_UNORDERED_PAIR
75000000000,75,pool_v2v_veh_6_veh_8,veh_6,veh_8,DIRECT_V2V,10000000,DIAGNOSTIC_SYNTHETIC_VALUE,ONE_SHARED_POOL_PER_UNORDERED_PAIR
75000000000,75,pool_v2v_veh_6_veh_9,veh_6,veh_9,DIRECT_V2V,10000000,DIAGNOSTIC_SYNTHETIC_VALUE,ONE_SHARED_POOL_PER_UNORDERED_PAIR
75000000000,75,pool_v2v_veh_6_veh_10,veh_6,veh_10,DIRECT_V2V,10000000,DIAGNOSTIC_SYNTHETIC_VALUE,ONE_SHARED_POOL_PER_UNORDERED_PAIR
75000000000,75,pool_v2v_veh_7_veh_8,veh_7,veh_8,DIRECT_V2V,10000000,DIAGNOSTIC_SYNTHETIC_VALUE,ONE_SHARED_POOL_PER_UNORDERED_PAIR
75000000000,75,pool_v2v_veh_7_veh_9,veh_7,veh_9,DIRECT_V2V,10000000,DIAGNOSTIC_SYNTHETIC_VALUE,ONE_SHARED_POOL_PER_UNORDERED_PAIR
75000000000,75,pool_v2v_veh_7_veh_10,veh_7,veh_10,DIRECT_V2V,10000000,DIAGNOSTIC_SYNTHETIC_VALUE,ONE_SHARED_POOL_PER_UNORDERED_PAIR
75000000000,75,pool_v2v_veh_7_veh_11,veh_7,veh_11,DIRECT_V2V,10000000,DIAGNOSTIC_SYNTHETIC_VALUE,ONE_SHARED_POOL_PER_UNORDERED_PAIR
75000000000,75,pool_v2v_veh_8_veh_9,veh_8,veh_9,DIRECT_V2V,10000000,DIAGNOSTIC_SYNTHETIC_VALUE,ONE_SHARED_POOL_PER_UNORDERED_PAIR
75000000000,75,pool_v2v_veh_8_veh_10,veh_8,veh_10,DIRECT_V2V,10000000,DIAGNOSTIC_SYNTHETIC_VALUE,ONE_SHARED_POOL_PER_UNORDERED_PAIR
75000000000,75,pool_v2v_veh_8_veh_11,veh_8,veh_11,DIRECT_V2V,10000000,DIAGNOSTIC_SYNTHETIC_VALUE,ONE_SHARED_POOL_PER_UNORDERED_PAIR
75000000000,75,pool_v2v_veh_9_veh_10,veh_9,veh_10,DIRECT_V2V,10000000,DIAGNOSTIC_SYNTHETIC_VALUE,ONE_SHARED_POOL_PER_UNORDERED_PAIR
75000000000,75,pool_v2v_veh_9_veh_11,veh_9,veh_11,DIRECT_V2V,10000000,DIAGNOSTIC_SYNTHETIC_VALUE,ONE_SHARED_POOL_PER_UNORDERED_PAIR
75000000000,75,pool_v2v_veh_10_veh_11,veh_10,veh_11,DIRECT_V2V,10000000,DIAGNOSTIC_SYNTHETIC_VALUE,ONE_SHARED_POOL_PER_UNORDERED_PAIR
76000000000,76,pool_v2v_veh_0_veh_1,veh_0,veh_1,DIRECT_V2V,10000000,DIAGNOSTIC_SYNTHETIC_VALUE,ONE_SHARED_POOL_PER_UNORDERED_PAIR
76000000000,76,pool_v2v_veh_0_veh_2,veh_0,veh_2,DIRECT_V2V,10000000,DIAGNOSTIC_SYNTHETIC_VALUE,ONE_SHARED_POOL_PER_UNORDERED_PAIR
76000000000,76,pool_v2v_veh_0_veh_3,veh_0,veh_3,DIRECT_V2V,10000000,DIAGNOSTIC_SYNTHETIC_VALUE,ONE_SHARED_POOL_PER_UNORDERED_PAIR
76000000000,76,pool_v2v_veh_0_veh_4,veh_0,veh_4,DIRECT_V2V,10000000,DIAGNOSTIC_SYNTHETIC_VALUE,ONE_SHARED_POOL_PER_UNORDERED_PAIR
76000000000,76,pool_v2v_veh_0_veh_5,veh_0,veh_5,DIRECT_V2V,10000000,DIAGNOSTIC_SYNTHETIC_VALUE,ONE_SHARED_POOL_PER_UNORDERED_PAIR
76000000000,76,pool_v2v_veh_1_veh_2,veh_1,veh_2,DIRECT_V2V,10000000,DIAGNOSTIC_SYNTHETIC_VALUE,ONE_SHARED_POOL_PER_UNORDERED_PAIR
76000000000,76,pool_v2v_veh_1_veh_3,veh_1,veh_3,DIRECT_V2V,10000000,DIAGNOSTIC_SYNTHETIC_VALUE,ONE_SHARED_POOL_PER_UNORDERED_PAIR
76000000000,76,pool_v2v_veh_1_veh_4,veh_1,veh_4,DIRECT_V2V,10000000,DIAGNOSTIC_SYNTHETIC_VALUE,ONE_SHARED_POOL_PER_UNORDERED_PAIR
76000000000,76,pool_v2v_veh_1_veh_5,veh_1,veh_5,DIRECT_V2V,10000000,DIAGNOSTIC_SYNTHETIC_VALUE,ONE_SHARED_POOL_PER_UNORDERED_PAIR
76000000000,76,pool_v2v_veh_1_veh_6,veh_1,veh_6,DIRECT_V2V,10000000,DIAGNOSTIC_SYNTHETIC_VALUE,ONE_SHARED_POOL_PER_UNORDERED_PAIR
76000000000,76,pool_v2v_veh_2_veh_3,veh_2,veh_3,DIRECT_V2V,10000000,DIAGNOSTIC_SYNTHETIC_VALUE,ONE_SHARED_POOL_PER_UNORDERED_PAIR
76000000000,76,pool_v2v_veh_2_veh_4,veh_2,veh_4,DIRECT_V2V,10000000,DIAGNOSTIC_SYNTHETIC_VALUE,ONE_SHARED_POOL_PER_UNORDERED_PAIR
76000000000,76,pool_v2v_veh_2_veh_5,veh_2,veh_5,DIRECT_V2V,10000000,DIAGNOSTIC_SYNTHETIC_VALUE,ONE_SHARED_POOL_PER_UNORDERED_PAIR
76000000000,76,pool_v2v_veh_2_veh_6,veh_2,veh_6,DIRECT_V2V,10000000,DIAGNOSTIC_SYNTHETIC_VALUE,ONE_SHARED_POOL_PER_UNORDERED_PAIR
76000000000,76,pool_v2v_veh_2_veh_7,veh_2,veh_7,DIRECT_V2V,10000000,DIAGNOSTIC_SYNTHETIC_VALUE,ONE_SHARED_POOL_PER_UNORDERED_PAIR
76000000000,76,pool_v2v_veh_3_veh_4,veh_3,veh_4,DIRECT_V2V,10000000,DIAGNOSTIC_SYNTHETIC_VALUE,ONE_SHARED_POOL_PER_UNORDERED_PAIR
76000000000,76,pool_v2v_veh_3_veh_5,veh_3,veh_5,DIRECT_V2V,10000000,DIAGNOSTIC_SYNTHETIC_VALUE,ONE_SHARED_POOL_PER_UNORDERED_PAIR
76000000000,76,pool_v2v_veh_3_veh_6,veh_3,veh_6,DIRECT_V2V,10000000,DIAGNOSTIC_SYNTHETIC_VALUE,ONE_SHARED_POOL_PER_UNORDERED_PAIR
76000000000,76,pool_v2v_veh_3_veh_7,veh_3,veh_7,DIRECT_V2V,10000000,DIAGNOSTIC_SYNTHETIC_VALUE,ONE_SHARED_POOL_PER_UNORDERED_PAIR
76000000000,76,pool_v2v_veh_3_veh_8,veh_3,veh_8,DIRECT_V2V,10000000,DIAGNOSTIC_SYNTHETIC_VALUE,ONE_SHARED_POOL_PER_UNORDERED_PAIR
76000000000,76,pool_v2v_veh_4_veh_5,veh_4,veh_5,DIRECT_V2V,10000000,DIAGNOSTIC_SYNTHETIC_VALUE,ONE_SHARED_POOL_PER_UNORDERED_PAIR
76000000000,76,pool_v2v_veh_4_veh_6,veh_4,veh_6,DIRECT_V2V,10000000,DIAGNOSTIC_SYNTHETIC_VALUE,ONE_SHARED_POOL_PER_UNORDERED_PAIR
76000000000,76,pool_v2v_veh_4_veh_7,veh_4,veh_7,DIRECT_V2V,10000000,DIAGNOSTIC_SYNTHETIC_VALUE,ONE_SHARED_POOL_PER_UNORDERED_PAIR
76000000000,76,pool_v2v_veh_4_veh_8,veh_4,veh_8,DIRECT_V2V,10000000,DIAGNOSTIC_SYNTHETIC_VALUE,ONE_SHARED_POOL_PER_UNORDERED_PAIR
76000000000,76,pool_v2v_veh_4_veh_9,veh_4,veh_9,DIRECT_V2V,10000000,DIAGNOSTIC_SYNTHETIC_VALUE,ONE_SHARED_POOL_PER_UNORDERED_PAIR
76000000000,76,pool_v2v_veh_5_veh_6,veh_5,veh_6,DIRECT_V2V,10000000,DIAGNOSTIC_SYNTHETIC_VALUE,ONE_SHARED_POOL_PER_UNORDERED_PAIR
76000000000,76,pool_v2v_veh_5_veh_7,veh_5,veh_7,DIRECT_V2V,10000000,DIAGNOSTIC_SYNTHETIC_VALUE,ONE_SHARED_POOL_PER_UNORDERED_PAIR
76000000000,76,pool_v2v_veh_5_veh_8,veh_5,veh_8,DIRECT_V2V,10000000,DIAGNOSTIC_SYNTHETIC_VALUE,ONE_SHARED_POOL_PER_UNORDERED_PAIR
76000000000,76,pool_v2v_veh_5_veh_9,veh_5,veh_9,DIRECT_V2V,10000000,DIAGNOSTIC_SYNTHETIC_VALUE,ONE_SHARED_POOL_PER_UNORDERED_PAIR
76000000000,76,pool_v2v_veh_5_veh_10,veh_5,veh_10,DIRECT_V2V,10000000,DIAGNOSTIC_SYNTHETIC_VALUE,ONE_SHARED_POOL_PER_UNORDERED_PAIR
76000000000,76,pool_v2v_veh_6_veh_7,veh_6,veh_7,DIRECT_V2V,10000000,DIAGNOSTIC_SYNTHETIC_VALUE,ONE_SHARED_POOL_PER_UNORDERED_PAIR
76000000000,76,pool_v2v_veh_6_veh_8,veh_6,veh_8,DIRECT_V2V,10000000,DIAGNOSTIC_SYNTHETIC_VALUE,ONE_SHARED_POOL_PER_UNORDERED_PAIR
76000000000,76,pool_v2v_veh_6_veh_9,veh_6,veh_9,DIRECT_V2V,10000000,DIAGNOSTIC_SYNTHETIC_VALUE,ONE_SHARED_POOL_PER_UNORDERED_PAIR
76000000000,76,pool_v2v_veh_6_veh_10,veh_6,veh_10,DIRECT_V2V,10000000,DIAGNOSTIC_SYNTHETIC_VALUE,ONE_SHARED_POOL_PER_UNORDERED_PAIR
76000000000,76,pool_v2v_veh_7_veh_8,veh_7,veh_8,DIRECT_V2V,10000000,DIAGNOSTIC_SYNTHETIC_VALUE,ONE_SHARED_POOL_PER_UNORDERED_PAIR
76000000000,76,pool_v2v_veh_7_veh_9,veh_7,veh_9,DIRECT_V2V,10000000,DIAGNOSTIC_SYNTHETIC_VALUE,ONE_SHARED_POOL_PER_UNORDERED_PAIR
76000000000,76,pool_v2v_veh_7_veh_10,veh_7,veh_10,DIRECT_V2V,10000000,DIAGNOSTIC_SYNTHETIC_VALUE,ONE_SHARED_POOL_PER_UNORDERED_PAIR
76000000000,76,pool_v2v_veh_7_veh_11,veh_7,veh_11,DIRECT_V2V,10000000,DIAGNOSTIC_SYNTHETIC_VALUE,ONE_SHARED_POOL_PER_UNORDERED_PAIR
76000000000,76,pool_v2v_veh_8_veh_9,veh_8,veh_9,DIRECT_V2V,10000000,DIAGNOSTIC_SYNTHETIC_VALUE,ONE_SHARED_POOL_PER_UNORDERED_PAIR
76000000000,76,pool_v2v_veh_8_veh_10,veh_8,veh_10,DIRECT_V2V,10000000,DIAGNOSTIC_SYNTHETIC_VALUE,ONE_SHARED_POOL_PER_UNORDERED_PAIR
76000000000,76,pool_v2v_veh_8_veh_11,veh_8,veh_11,DIRECT_V2V,10000000,DIAGNOSTIC_SYNTHETIC_VALUE,ONE_SHARED_POOL_PER_UNORDERED_PAIR
76000000000,76,pool_v2v_veh_9_veh_10,veh_9,veh_10,DIRECT_V2V,10000000,DIAGNOSTIC_SYNTHETIC_VALUE,ONE_SHARED_POOL_PER_UNORDERED_PAIR
76000000000,76,pool_v2v_veh_9_veh_11,veh_9,veh_11,DIRECT_V2V,10000000,DIAGNOSTIC_SYNTHETIC_VALUE,ONE_SHARED_POOL_PER_UNORDERED_PAIR
76000000000,76,pool_v2v_veh_10_veh_11,veh_10,veh_11,DIRECT_V2V,10000000,DIAGNOSTIC_SYNTHETIC_VALUE,ONE_SHARED_POOL_PER_UNORDERED_PAIR
77000000000,77,pool_v2v_veh_0_veh_1,veh_0,veh_1,DIRECT_V2V,10000000,DIAGNOSTIC_SYNTHETIC_VALUE,ONE_SHARED_POOL_PER_UNORDERED_PAIR
77000000000,77,pool_v2v_veh_0_veh_2,veh_0,veh_2,DIRECT_V2V,10000000,DIAGNOSTIC_SYNTHETIC_VALUE,ONE_SHARED_POOL_PER_UNORDERED_PAIR
77000000000,77,pool_v2v_veh_0_veh_3,veh_0,veh_3,DIRECT_V2V,10000000,DIAGNOSTIC_SYNTHETIC_VALUE,ONE_SHARED_POOL_PER_UNORDERED_PAIR
77000000000,77,pool_v2v_veh_0_veh_4,veh_0,veh_4,DIRECT_V2V,10000000,DIAGNOSTIC_SYNTHETIC_VALUE,ONE_SHARED_POOL_PER_UNORDERED_PAIR
77000000000,77,pool_v2v_veh_0_veh_5,veh_0,veh_5,DIRECT_V2V,10000000,DIAGNOSTIC_SYNTHETIC_VALUE,ONE_SHARED_POOL_PER_UNORDERED_PAIR
77000000000,77,pool_v2v_veh_1_veh_2,veh_1,veh_2,DIRECT_V2V,10000000,DIAGNOSTIC_SYNTHETIC_VALUE,ONE_SHARED_POOL_PER_UNORDERED_PAIR
77000000000,77,pool_v2v_veh_1_veh_3,veh_1,veh_3,DIRECT_V2V,10000000,DIAGNOSTIC_SYNTHETIC_VALUE,ONE_SHARED_POOL_PER_UNORDERED_PAIR
77000000000,77,pool_v2v_veh_1_veh_4,veh_1,veh_4,DIRECT_V2V,10000000,DIAGNOSTIC_SYNTHETIC_VALUE,ONE_SHARED_POOL_PER_UNORDERED_PAIR
77000000000,77,pool_v2v_veh_1_veh_5,veh_1,veh_5,DIRECT_V2V,10000000,DIAGNOSTIC_SYNTHETIC_VALUE,ONE_SHARED_POOL_PER_UNORDERED_PAIR
77000000000,77,pool_v2v_veh_1_veh_6,veh_1,veh_6,DIRECT_V2V,10000000,DIAGNOSTIC_SYNTHETIC_VALUE,ONE_SHARED_POOL_PER_UNORDERED_PAIR
77000000000,77,pool_v2v_veh_2_veh_3,veh_2,veh_3,DIRECT_V2V,10000000,DIAGNOSTIC_SYNTHETIC_VALUE,ONE_SHARED_POOL_PER_UNORDERED_PAIR
77000000000,77,pool_v2v_veh_2_veh_4,veh_2,veh_4,DIRECT_V2V,10000000,DIAGNOSTIC_SYNTHETIC_VALUE,ONE_SHARED_POOL_PER_UNORDERED_PAIR
77000000000,77,pool_v2v_veh_2_veh_5,veh_2,veh_5,DIRECT_V2V,10000000,DIAGNOSTIC_SYNTHETIC_VALUE,ONE_SHARED_POOL_PER_UNORDERED_PAIR
77000000000,77,pool_v2v_veh_2_veh_6,veh_2,veh_6,DIRECT_V2V,10000000,DIAGNOSTIC_SYNTHETIC_VALUE,ONE_SHARED_POOL_PER_UNORDERED_PAIR
77000000000,77,pool_v2v_veh_2_veh_7,veh_2,veh_7,DIRECT_V2V,10000000,DIAGNOSTIC_SYNTHETIC_VALUE,ONE_SHARED_POOL_PER_UNORDERED_PAIR
77000000000,77,pool_v2v_veh_3_veh_4,veh_3,veh_4,DIRECT_V2V,10000000,DIAGNOSTIC_SYNTHETIC_VALUE,ONE_SHARED_POOL_PER_UNORDERED_PAIR
77000000000,77,pool_v2v_veh_3_veh_5,veh_3,veh_5,DIRECT_V2V,10000000,DIAGNOSTIC_SYNTHETIC_VALUE,ONE_SHARED_POOL_PER_UNORDERED_PAIR
77000000000,77,pool_v2v_veh_3_veh_6,veh_3,veh_6,DIRECT_V2V,10000000,DIAGNOSTIC_SYNTHETIC_VALUE,ONE_SHARED_POOL_PER_UNORDERED_PAIR
77000000000,77,pool_v2v_veh_3_veh_7,veh_3,veh_7,DIRECT_V2V,10000000,DIAGNOSTIC_SYNTHETIC_VALUE,ONE_SHARED_POOL_PER_UNORDERED_PAIR
77000000000,77,pool_v2v_veh_3_veh_8,veh_3,veh_8,DIRECT_V2V,10000000,DIAGNOSTIC_SYNTHETIC_VALUE,ONE_SHARED_POOL_PER_UNORDERED_PAIR
77000000000,77,pool_v2v_veh_4_veh_5,veh_4,veh_5,DIRECT_V2V,10000000,DIAGNOSTIC_SYNTHETIC_VALUE,ONE_SHARED_POOL_PER_UNORDERED_PAIR
77000000000,77,pool_v2v_veh_4_veh_6,veh_4,veh_6,DIRECT_V2V,10000000,DIAGNOSTIC_SYNTHETIC_VALUE,ONE_SHARED_POOL_PER_UNORDERED_PAIR
77000000000,77,pool_v2v_veh_4_veh_7,veh_4,veh_7,DIRECT_V2V,10000000,DIAGNOSTIC_SYNTHETIC_VALUE,ONE_SHARED_POOL_PER_UNORDERED_PAIR
77000000000,77,pool_v2v_veh_4_veh_8,veh_4,veh_8,DIRECT_V2V,10000000,DIAGNOSTIC_SYNTHETIC_VALUE,ONE_SHARED_POOL_PER_UNORDERED_PAIR
77000000000,77,pool_v2v_veh_4_veh_9,veh_4,veh_9,DIRECT_V2V,10000000,DIAGNOSTIC_SYNTHETIC_VALUE,ONE_SHARED_POOL_PER_UNORDERED_PAIR
77000000000,77,pool_v2v_veh_5_veh_6,veh_5,veh_6,DIRECT_V2V,10000000,DIAGNOSTIC_SYNTHETIC_VALUE,ONE_SHARED_POOL_PER_UNORDERED_PAIR
77000000000,77,pool_v2v_veh_5_veh_7,veh_5,veh_7,DIRECT_V2V,10000000,DIAGNOSTIC_SYNTHETIC_VALUE,ONE_SHARED_POOL_PER_UNORDERED_PAIR
77000000000,77,pool_v2v_veh_5_veh_8,veh_5,veh_8,DIRECT_V2V,10000000,DIAGNOSTIC_SYNTHETIC_VALUE,ONE_SHARED_POOL_PER_UNORDERED_PAIR
77000000000,77,pool_v2v_veh_5_veh_9,veh_5,veh_9,DIRECT_V2V,10000000,DIAGNOSTIC_SYNTHETIC_VALUE,ONE_SHARED_POOL_PER_UNORDERED_PAIR
77000000000,77,pool_v2v_veh_5_veh_10,veh_5,veh_10,DIRECT_V2V,10000000,DIAGNOSTIC_SYNTHETIC_VALUE,ONE_SHARED_POOL_PER_UNORDERED_PAIR
77000000000,77,pool_v2v_veh_6_veh_7,veh_6,veh_7,DIRECT_V2V,10000000,DIAGNOSTIC_SYNTHETIC_VALUE,ONE_SHARED_POOL_PER_UNORDERED_PAIR
77000000000,77,pool_v2v_veh_6_veh_8,veh_6,veh_8,DIRECT_V2V,10000000,DIAGNOSTIC_SYNTHETIC_VALUE,ONE_SHARED_POOL_PER_UNORDERED_PAIR
77000000000,77,pool_v2v_veh_6_veh_9,veh_6,veh_9,DIRECT_V2V,10000000,DIAGNOSTIC_SYNTHETIC_VALUE,ONE_SHARED_POOL_PER_UNORDERED_PAIR
77000000000,77,pool_v2v_veh_6_veh_10,veh_6,veh_10,DIRECT_V2V,10000000,DIAGNOSTIC_SYNTHETIC_VALUE,ONE_SHARED_POOL_PER_UNORDERED_PAIR
77000000000,77,pool_v2v_veh_7_veh_8,veh_7,veh_8,DIRECT_V2V,10000000,DIAGNOSTIC_SYNTHETIC_VALUE,ONE_SHARED_POOL_PER_UNORDERED_PAIR
77000000000,77,pool_v2v_veh_7_veh_9,veh_7,veh_9,DIRECT_V2V,10000000,DIAGNOSTIC_SYNTHETIC_VALUE,ONE_SHARED_POOL_PER_UNORDERED_PAIR
77000000000,77,pool_v2v_veh_7_veh_10,veh_7,veh_10,DIRECT_V2V,10000000,DIAGNOSTIC_SYNTHETIC_VALUE,ONE_SHARED_POOL_PER_UNORDERED_PAIR
77000000000,77,pool_v2v_veh_7_veh_11,veh_7,veh_11,DIRECT_V2V,10000000,DIAGNOSTIC_SYNTHETIC_VALUE,ONE_SHARED_POOL_PER_UNORDERED_PAIR
77000000000,77,pool_v2v_veh_8_veh_9,veh_8,veh_9,DIRECT_V2V,10000000,DIAGNOSTIC_SYNTHETIC_VALUE,ONE_SHARED_POOL_PER_UNORDERED_PAIR
77000000000,77,pool_v2v_veh_8_veh_10,veh_8,veh_10,DIRECT_V2V,10000000,DIAGNOSTIC_SYNTHETIC_VALUE,ONE_SHARED_POOL_PER_UNORDERED_PAIR
77000000000,77,pool_v2v_veh_8_veh_11,veh_8,veh_11,DIRECT_V2V,10000000,DIAGNOSTIC_SYNTHETIC_VALUE,ONE_SHARED_POOL_PER_UNORDERED_PAIR
77000000000,77,pool_v2v_veh_9_veh_10,veh_9,veh_10,DIRECT_V2V,10000000,DIAGNOSTIC_SYNTHETIC_VALUE,ONE_SHARED_POOL_PER_UNORDERED_PAIR
77000000000,77,pool_v2v_veh_9_veh_11,veh_9,veh_11,DIRECT_V2V,10000000,DIAGNOSTIC_SYNTHETIC_VALUE,ONE_SHARED_POOL_PER_UNORDERED_PAIR
77000000000,77,pool_v2v_veh_10_veh_11,veh_10,veh_11,DIRECT_V2V,10000000,DIAGNOSTIC_SYNTHETIC_VALUE,ONE_SHARED_POOL_PER_UNORDERED_PAIR
78000000000,78,pool_v2v_veh_0_veh_1,veh_0,veh_1,DIRECT_V2V,10000000,DIAGNOSTIC_SYNTHETIC_VALUE,ONE_SHARED_POOL_PER_UNORDERED_PAIR
78000000000,78,pool_v2v_veh_0_veh_2,veh_0,veh_2,DIRECT_V2V,10000000,DIAGNOSTIC_SYNTHETIC_VALUE,ONE_SHARED_POOL_PER_UNORDERED_PAIR
78000000000,78,pool_v2v_veh_0_veh_3,veh_0,veh_3,DIRECT_V2V,10000000,DIAGNOSTIC_SYNTHETIC_VALUE,ONE_SHARED_POOL_PER_UNORDERED_PAIR
78000000000,78,pool_v2v_veh_0_veh_4,veh_0,veh_4,DIRECT_V2V,10000000,DIAGNOSTIC_SYNTHETIC_VALUE,ONE_SHARED_POOL_PER_UNORDERED_PAIR
78000000000,78,pool_v2v_veh_0_veh_5,veh_0,veh_5,DIRECT_V2V,10000000,DIAGNOSTIC_SYNTHETIC_VALUE,ONE_SHARED_POOL_PER_UNORDERED_PAIR
78000000000,78,pool_v2v_veh_1_veh_2,veh_1,veh_2,DIRECT_V2V,10000000,DIAGNOSTIC_SYNTHETIC_VALUE,ONE_SHARED_POOL_PER_UNORDERED_PAIR
78000000000,78,pool_v2v_veh_1_veh_3,veh_1,veh_3,DIRECT_V2V,10000000,DIAGNOSTIC_SYNTHETIC_VALUE,ONE_SHARED_POOL_PER_UNORDERED_PAIR
78000000000,78,pool_v2v_veh_1_veh_4,veh_1,veh_4,DIRECT_V2V,10000000,DIAGNOSTIC_SYNTHETIC_VALUE,ONE_SHARED_POOL_PER_UNORDERED_PAIR
78000000000,78,pool_v2v_veh_1_veh_5,veh_1,veh_5,DIRECT_V2V,10000000,DIAGNOSTIC_SYNTHETIC_VALUE,ONE_SHARED_POOL_PER_UNORDERED_PAIR
78000000000,78,pool_v2v_veh_1_veh_6,veh_1,veh_6,DIRECT_V2V,10000000,DIAGNOSTIC_SYNTHETIC_VALUE,ONE_SHARED_POOL_PER_UNORDERED_PAIR
78000000000,78,pool_v2v_veh_2_veh_3,veh_2,veh_3,DIRECT_V2V,10000000,DIAGNOSTIC_SYNTHETIC_VALUE,ONE_SHARED_POOL_PER_UNORDERED_PAIR
78000000000,78,pool_v2v_veh_2_veh_4,veh_2,veh_4,DIRECT_V2V,10000000,DIAGNOSTIC_SYNTHETIC_VALUE,ONE_SHARED_POOL_PER_UNORDERED_PAIR
78000000000,78,pool_v2v_veh_2_veh_5,veh_2,veh_5,DIRECT_V2V,10000000,DIAGNOSTIC_SYNTHETIC_VALUE,ONE_SHARED_POOL_PER_UNORDERED_PAIR
78000000000,78,pool_v2v_veh_2_veh_6,veh_2,veh_6,DIRECT_V2V,10000000,DIAGNOSTIC_SYNTHETIC_VALUE,ONE_SHARED_POOL_PER_UNORDERED_PAIR
78000000000,78,pool_v2v_veh_2_veh_7,veh_2,veh_7,DIRECT_V2V,10000000,DIAGNOSTIC_SYNTHETIC_VALUE,ONE_SHARED_POOL_PER_UNORDERED_PAIR
78000000000,78,pool_v2v_veh_3_veh_4,veh_3,veh_4,DIRECT_V2V,10000000,DIAGNOSTIC_SYNTHETIC_VALUE,ONE_SHARED_POOL_PER_UNORDERED_PAIR
78000000000,78,pool_v2v_veh_3_veh_5,veh_3,veh_5,DIRECT_V2V,10000000,DIAGNOSTIC_SYNTHETIC_VALUE,ONE_SHARED_POOL_PER_UNORDERED_PAIR
78000000000,78,pool_v2v_veh_3_veh_6,veh_3,veh_6,DIRECT_V2V,10000000,DIAGNOSTIC_SYNTHETIC_VALUE,ONE_SHARED_POOL_PER_UNORDERED_PAIR
78000000000,78,pool_v2v_veh_3_veh_7,veh_3,veh_7,DIRECT_V2V,10000000,DIAGNOSTIC_SYNTHETIC_VALUE,ONE_SHARED_POOL_PER_UNORDERED_PAIR
78000000000,78,pool_v2v_veh_3_veh_8,veh_3,veh_8,DIRECT_V2V,10000000,DIAGNOSTIC_SYNTHETIC_VALUE,ONE_SHARED_POOL_PER_UNORDERED_PAIR
78000000000,78,pool_v2v_veh_4_veh_5,veh_4,veh_5,DIRECT_V2V,10000000,DIAGNOSTIC_SYNTHETIC_VALUE,ONE_SHARED_POOL_PER_UNORDERED_PAIR
78000000000,78,pool_v2v_veh_4_veh_6,veh_4,veh_6,DIRECT_V2V,10000000,DIAGNOSTIC_SYNTHETIC_VALUE,ONE_SHARED_POOL_PER_UNORDERED_PAIR
78000000000,78,pool_v2v_veh_4_veh_7,veh_4,veh_7,DIRECT_V2V,10000000,DIAGNOSTIC_SYNTHETIC_VALUE,ONE_SHARED_POOL_PER_UNORDERED_PAIR
78000000000,78,pool_v2v_veh_4_veh_8,veh_4,veh_8,DIRECT_V2V,10000000,DIAGNOSTIC_SYNTHETIC_VALUE,ONE_SHARED_POOL_PER_UNORDERED_PAIR
78000000000,78,pool_v2v_veh_4_veh_9,veh_4,veh_9,DIRECT_V2V,10000000,DIAGNOSTIC_SYNTHETIC_VALUE,ONE_SHARED_POOL_PER_UNORDERED_PAIR
78000000000,78,pool_v2v_veh_5_veh_6,veh_5,veh_6,DIRECT_V2V,10000000,DIAGNOSTIC_SYNTHETIC_VALUE,ONE_SHARED_POOL_PER_UNORDERED_PAIR
78000000000,78,pool_v2v_veh_5_veh_7,veh_5,veh_7,DIRECT_V2V,10000000,DIAGNOSTIC_SYNTHETIC_VALUE,ONE_SHARED_POOL_PER_UNORDERED_PAIR
78000000000,78,pool_v2v_veh_5_veh_8,veh_5,veh_8,DIRECT_V2V,10000000,DIAGNOSTIC_SYNTHETIC_VALUE,ONE_SHARED_POOL_PER_UNORDERED_PAIR
78000000000,78,pool_v2v_veh_5_veh_9,veh_5,veh_9,DIRECT_V2V,10000000,DIAGNOSTIC_SYNTHETIC_VALUE,ONE_SHARED_POOL_PER_UNORDERED_PAIR
78000000000,78,pool_v2v_veh_5_veh_10,veh_5,veh_10,DIRECT_V2V,10000000,DIAGNOSTIC_SYNTHETIC_VALUE,ONE_SHARED_POOL_PER_UNORDERED_PAIR
78000000000,78,pool_v2v_veh_6_veh_7,veh_6,veh_7,DIRECT_V2V,10000000,DIAGNOSTIC_SYNTHETIC_VALUE,ONE_SHARED_POOL_PER_UNORDERED_PAIR
78000000000,78,pool_v2v_veh_6_veh_8,veh_6,veh_8,DIRECT_V2V,10000000,DIAGNOSTIC_SYNTHETIC_VALUE,ONE_SHARED_POOL_PER_UNORDERED_PAIR
78000000000,78,pool_v2v_veh_6_veh_9,veh_6,veh_9,DIRECT_V2V,10000000,DIAGNOSTIC_SYNTHETIC_VALUE,ONE_SHARED_POOL_PER_UNORDERED_PAIR
78000000000,78,pool_v2v_veh_6_veh_10,veh_6,veh_10,DIRECT_V2V,10000000,DIAGNOSTIC_SYNTHETIC_VALUE,ONE_SHARED_POOL_PER_UNORDERED_PAIR
78000000000,78,pool_v2v_veh_7_veh_8,veh_7,veh_8,DIRECT_V2V,10000000,DIAGNOSTIC_SYNTHETIC_VALUE,ONE_SHARED_POOL_PER_UNORDERED_PAIR
78000000000,78,pool_v2v_veh_7_veh_9,veh_7,veh_9,DIRECT_V2V,10000000,DIAGNOSTIC_SYNTHETIC_VALUE,ONE_SHARED_POOL_PER_UNORDERED_PAIR
78000000000,78,pool_v2v_veh_7_veh_10,veh_7,veh_10,DIRECT_V2V,10000000,DIAGNOSTIC_SYNTHETIC_VALUE,ONE_SHARED_POOL_PER_UNORDERED_PAIR
78000000000,78,pool_v2v_veh_7_veh_11,veh_7,veh_11,DIRECT_V2V,10000000,DIAGNOSTIC_SYNTHETIC_VALUE,ONE_SHARED_POOL_PER_UNORDERED_PAIR
78000000000,78,pool_v2v_veh_8_veh_9,veh_8,veh_9,DIRECT_V2V,10000000,DIAGNOSTIC_SYNTHETIC_VALUE,ONE_SHARED_POOL_PER_UNORDERED_PAIR
78000000000,78,pool_v2v_veh_8_veh_10,veh_8,veh_10,DIRECT_V2V,10000000,DIAGNOSTIC_SYNTHETIC_VALUE,ONE_SHARED_POOL_PER_UNORDERED_PAIR
78000000000,78,pool_v2v_veh_8_veh_11,veh_8,veh_11,DIRECT_V2V,10000000,DIAGNOSTIC_SYNTHETIC_VALUE,ONE_SHARED_POOL_PER_UNORDERED_PAIR
78000000000,78,pool_v2v_veh_9_veh_10,veh_9,veh_10,DIRECT_V2V,10000000,DIAGNOSTIC_SYNTHETIC_VALUE,ONE_SHARED_POOL_PER_UNORDERED_PAIR
78000000000,78,pool_v2v_veh_9_veh_11,veh_9,veh_11,DIRECT_V2V,10000000,DIAGNOSTIC_SYNTHETIC_VALUE,ONE_SHARED_POOL_PER_UNORDERED_PAIR
78000000000,78,pool_v2v_veh_10_veh_11,veh_10,veh_11,DIRECT_V2V,10000000,DIAGNOSTIC_SYNTHETIC_VALUE,ONE_SHARED_POOL_PER_UNORDERED_PAIR
79000000000,79,pool_v2v_veh_0_veh_1,veh_0,veh_1,DIRECT_V2V,10000000,DIAGNOSTIC_SYNTHETIC_VALUE,ONE_SHARED_POOL_PER_UNORDERED_PAIR
79000000000,79,pool_v2v_veh_0_veh_2,veh_0,veh_2,DIRECT_V2V,10000000,DIAGNOSTIC_SYNTHETIC_VALUE,ONE_SHARED_POOL_PER_UNORDERED_PAIR
79000000000,79,pool_v2v_veh_0_veh_3,veh_0,veh_3,DIRECT_V2V,10000000,DIAGNOSTIC_SYNTHETIC_VALUE,ONE_SHARED_POOL_PER_UNORDERED_PAIR
79000000000,79,pool_v2v_veh_0_veh_4,veh_0,veh_4,DIRECT_V2V,10000000,DIAGNOSTIC_SYNTHETIC_VALUE,ONE_SHARED_POOL_PER_UNORDERED_PAIR
79000000000,79,pool_v2v_veh_0_veh_5,veh_0,veh_5,DIRECT_V2V,10000000,DIAGNOSTIC_SYNTHETIC_VALUE,ONE_SHARED_POOL_PER_UNORDERED_PAIR
79000000000,79,pool_v2v_veh_1_veh_2,veh_1,veh_2,DIRECT_V2V,10000000,DIAGNOSTIC_SYNTHETIC_VALUE,ONE_SHARED_POOL_PER_UNORDERED_PAIR
79000000000,79,pool_v2v_veh_1_veh_3,veh_1,veh_3,DIRECT_V2V,10000000,DIAGNOSTIC_SYNTHETIC_VALUE,ONE_SHARED_POOL_PER_UNORDERED_PAIR
79000000000,79,pool_v2v_veh_1_veh_4,veh_1,veh_4,DIRECT_V2V,10000000,DIAGNOSTIC_SYNTHETIC_VALUE,ONE_SHARED_POOL_PER_UNORDERED_PAIR
79000000000,79,pool_v2v_veh_1_veh_5,veh_1,veh_5,DIRECT_V2V,10000000,DIAGNOSTIC_SYNTHETIC_VALUE,ONE_SHARED_POOL_PER_UNORDERED_PAIR
79000000000,79,pool_v2v_veh_1_veh_6,veh_1,veh_6,DIRECT_V2V,10000000,DIAGNOSTIC_SYNTHETIC_VALUE,ONE_SHARED_POOL_PER_UNORDERED_PAIR
79000000000,79,pool_v2v_veh_2_veh_3,veh_2,veh_3,DIRECT_V2V,10000000,DIAGNOSTIC_SYNTHETIC_VALUE,ONE_SHARED_POOL_PER_UNORDERED_PAIR
79000000000,79,pool_v2v_veh_2_veh_4,veh_2,veh_4,DIRECT_V2V,10000000,DIAGNOSTIC_SYNTHETIC_VALUE,ONE_SHARED_POOL_PER_UNORDERED_PAIR
79000000000,79,pool_v2v_veh_2_veh_5,veh_2,veh_5,DIRECT_V2V,10000000,DIAGNOSTIC_SYNTHETIC_VALUE,ONE_SHARED_POOL_PER_UNORDERED_PAIR
79000000000,79,pool_v2v_veh_2_veh_6,veh_2,veh_6,DIRECT_V2V,10000000,DIAGNOSTIC_SYNTHETIC_VALUE,ONE_SHARED_POOL_PER_UNORDERED_PAIR
79000000000,79,pool_v2v_veh_2_veh_7,veh_2,veh_7,DIRECT_V2V,10000000,DIAGNOSTIC_SYNTHETIC_VALUE,ONE_SHARED_POOL_PER_UNORDERED_PAIR
79000000000,79,pool_v2v_veh_3_veh_4,veh_3,veh_4,DIRECT_V2V,10000000,DIAGNOSTIC_SYNTHETIC_VALUE,ONE_SHARED_POOL_PER_UNORDERED_PAIR
79000000000,79,pool_v2v_veh_3_veh_5,veh_3,veh_5,DIRECT_V2V,10000000,DIAGNOSTIC_SYNTHETIC_VALUE,ONE_SHARED_POOL_PER_UNORDERED_PAIR
79000000000,79,pool_v2v_veh_3_veh_6,veh_3,veh_6,DIRECT_V2V,10000000,DIAGNOSTIC_SYNTHETIC_VALUE,ONE_SHARED_POOL_PER_UNORDERED_PAIR
79000000000,79,pool_v2v_veh_3_veh_7,veh_3,veh_7,DIRECT_V2V,10000000,DIAGNOSTIC_SYNTHETIC_VALUE,ONE_SHARED_POOL_PER_UNORDERED_PAIR
79000000000,79,pool_v2v_veh_3_veh_8,veh_3,veh_8,DIRECT_V2V,10000000,DIAGNOSTIC_SYNTHETIC_VALUE,ONE_SHARED_POOL_PER_UNORDERED_PAIR
79000000000,79,pool_v2v_veh_4_veh_5,veh_4,veh_5,DIRECT_V2V,10000000,DIAGNOSTIC_SYNTHETIC_VALUE,ONE_SHARED_POOL_PER_UNORDERED_PAIR
79000000000,79,pool_v2v_veh_4_veh_6,veh_4,veh_6,DIRECT_V2V,10000000,DIAGNOSTIC_SYNTHETIC_VALUE,ONE_SHARED_POOL_PER_UNORDERED_PAIR
79000000000,79,pool_v2v_veh_4_veh_7,veh_4,veh_7,DIRECT_V2V,10000000,DIAGNOSTIC_SYNTHETIC_VALUE,ONE_SHARED_POOL_PER_UNORDERED_PAIR
79000000000,79,pool_v2v_veh_4_veh_8,veh_4,veh_8,DIRECT_V2V,10000000,DIAGNOSTIC_SYNTHETIC_VALUE,ONE_SHARED_POOL_PER_UNORDERED_PAIR
79000000000,79,pool_v2v_veh_4_veh_9,veh_4,veh_9,DIRECT_V2V,10000000,DIAGNOSTIC_SYNTHETIC_VALUE,ONE_SHARED_POOL_PER_UNORDERED_PAIR
79000000000,79,pool_v2v_veh_5_veh_6,veh_5,veh_6,DIRECT_V2V,10000000,DIAGNOSTIC_SYNTHETIC_VALUE,ONE_SHARED_POOL_PER_UNORDERED_PAIR
79000000000,79,pool_v2v_veh_5_veh_7,veh_5,veh_7,DIRECT_V2V,10000000,DIAGNOSTIC_SYNTHETIC_VALUE,ONE_SHARED_POOL_PER_UNORDERED_PAIR
79000000000,79,pool_v2v_veh_5_veh_8,veh_5,veh_8,DIRECT_V2V,10000000,DIAGNOSTIC_SYNTHETIC_VALUE,ONE_SHARED_POOL_PER_UNORDERED_PAIR
79000000000,79,pool_v2v_veh_5_veh_9,veh_5,veh_9,DIRECT_V2V,10000000,DIAGNOSTIC_SYNTHETIC_VALUE,ONE_SHARED_POOL_PER_UNORDERED_PAIR
79000000000,79,pool_v2v_veh_5_veh_10,veh_5,veh_10,DIRECT_V2V,10000000,DIAGNOSTIC_SYNTHETIC_VALUE,ONE_SHARED_POOL_PER_UNORDERED_PAIR
79000000000,79,pool_v2v_veh_6_veh_7,veh_6,veh_7,DIRECT_V2V,10000000,DIAGNOSTIC_SYNTHETIC_VALUE,ONE_SHARED_POOL_PER_UNORDERED_PAIR
79000000000,79,pool_v2v_veh_6_veh_8,veh_6,veh_8,DIRECT_V2V,10000000,DIAGNOSTIC_SYNTHETIC_VALUE,ONE_SHARED_POOL_PER_UNORDERED_PAIR
79000000000,79,pool_v2v_veh_6_veh_9,veh_6,veh_9,DIRECT_V2V,10000000,DIAGNOSTIC_SYNTHETIC_VALUE,ONE_SHARED_POOL_PER_UNORDERED_PAIR
79000000000,79,pool_v2v_veh_6_veh_10,veh_6,veh_10,DIRECT_V2V,10000000,DIAGNOSTIC_SYNTHETIC_VALUE,ONE_SHARED_POOL_PER_UNORDERED_PAIR
79000000000,79,pool_v2v_veh_7_veh_8,veh_7,veh_8,DIRECT_V2V,10000000,DIAGNOSTIC_SYNTHETIC_VALUE,ONE_SHARED_POOL_PER_UNORDERED_PAIR
79000000000,79,pool_v2v_veh_7_veh_9,veh_7,veh_9,DIRECT_V2V,10000000,DIAGNOSTIC_SYNTHETIC_VALUE,ONE_SHARED_POOL_PER_UNORDERED_PAIR
79000000000,79,pool_v2v_veh_7_veh_10,veh_7,veh_10,DIRECT_V2V,10000000,DIAGNOSTIC_SYNTHETIC_VALUE,ONE_SHARED_POOL_PER_UNORDERED_PAIR
79000000000,79,pool_v2v_veh_7_veh_11,veh_7,veh_11,DIRECT_V2V,10000000,DIAGNOSTIC_SYNTHETIC_VALUE,ONE_SHARED_POOL_PER_UNORDERED_PAIR
79000000000,79,pool_v2v_veh_8_veh_9,veh_8,veh_9,DIRECT_V2V,10000000,DIAGNOSTIC_SYNTHETIC_VALUE,ONE_SHARED_POOL_PER_UNORDERED_PAIR
79000000000,79,pool_v2v_veh_8_veh_10,veh_8,veh_10,DIRECT_V2V,10000000,DIAGNOSTIC_SYNTHETIC_VALUE,ONE_SHARED_POOL_PER_UNORDERED_PAIR
79000000000,79,pool_v2v_veh_8_veh_11,veh_8,veh_11,DIRECT_V2V,10000000,DIAGNOSTIC_SYNTHETIC_VALUE,ONE_SHARED_POOL_PER_UNORDERED_PAIR
79000000000,79,pool_v2v_veh_9_veh_10,veh_9,veh_10,DIRECT_V2V,10000000,DIAGNOSTIC_SYNTHETIC_VALUE,ONE_SHARED_POOL_PER_UNORDERED_PAIR
79000000000,79,pool_v2v_veh_9_veh_11,veh_9,veh_11,DIRECT_V2V,10000000,DIAGNOSTIC_SYNTHETIC_VALUE,ONE_SHARED_POOL_PER_UNORDERED_PAIR
79000000000,79,pool_v2v_veh_10_veh_11,veh_10,veh_11,DIRECT_V2V,10000000,DIAGNOSTIC_SYNTHETIC_VALUE,ONE_SHARED_POOL_PER_UNORDERED_PAIR
80000000000,80,pool_v2v_veh_0_veh_1,veh_0,veh_1,DIRECT_V2V,10000000,DIAGNOSTIC_SYNTHETIC_VALUE,ONE_SHARED_POOL_PER_UNORDERED_PAIR
80000000000,80,pool_v2v_veh_0_veh_2,veh_0,veh_2,DIRECT_V2V,10000000,DIAGNOSTIC_SYNTHETIC_VALUE,ONE_SHARED_POOL_PER_UNORDERED_PAIR
80000000000,80,pool_v2v_veh_0_veh_3,veh_0,veh_3,DIRECT_V2V,10000000,DIAGNOSTIC_SYNTHETIC_VALUE,ONE_SHARED_POOL_PER_UNORDERED_PAIR
80000000000,80,pool_v2v_veh_0_veh_4,veh_0,veh_4,DIRECT_V2V,10000000,DIAGNOSTIC_SYNTHETIC_VALUE,ONE_SHARED_POOL_PER_UNORDERED_PAIR
80000000000,80,pool_v2v_veh_0_veh_5,veh_0,veh_5,DIRECT_V2V,10000000,DIAGNOSTIC_SYNTHETIC_VALUE,ONE_SHARED_POOL_PER_UNORDERED_PAIR
80000000000,80,pool_v2v_veh_1_veh_2,veh_1,veh_2,DIRECT_V2V,10000000,DIAGNOSTIC_SYNTHETIC_VALUE,ONE_SHARED_POOL_PER_UNORDERED_PAIR
80000000000,80,pool_v2v_veh_1_veh_3,veh_1,veh_3,DIRECT_V2V,10000000,DIAGNOSTIC_SYNTHETIC_VALUE,ONE_SHARED_POOL_PER_UNORDERED_PAIR
80000000000,80,pool_v2v_veh_1_veh_4,veh_1,veh_4,DIRECT_V2V,10000000,DIAGNOSTIC_SYNTHETIC_VALUE,ONE_SHARED_POOL_PER_UNORDERED_PAIR
80000000000,80,pool_v2v_veh_1_veh_5,veh_1,veh_5,DIRECT_V2V,10000000,DIAGNOSTIC_SYNTHETIC_VALUE,ONE_SHARED_POOL_PER_UNORDERED_PAIR
80000000000,80,pool_v2v_veh_1_veh_6,veh_1,veh_6,DIRECT_V2V,10000000,DIAGNOSTIC_SYNTHETIC_VALUE,ONE_SHARED_POOL_PER_UNORDERED_PAIR
80000000000,80,pool_v2v_veh_2_veh_3,veh_2,veh_3,DIRECT_V2V,10000000,DIAGNOSTIC_SYNTHETIC_VALUE,ONE_SHARED_POOL_PER_UNORDERED_PAIR
80000000000,80,pool_v2v_veh_2_veh_4,veh_2,veh_4,DIRECT_V2V,10000000,DIAGNOSTIC_SYNTHETIC_VALUE,ONE_SHARED_POOL_PER_UNORDERED_PAIR
80000000000,80,pool_v2v_veh_2_veh_5,veh_2,veh_5,DIRECT_V2V,10000000,DIAGNOSTIC_SYNTHETIC_VALUE,ONE_SHARED_POOL_PER_UNORDERED_PAIR
80000000000,80,pool_v2v_veh_2_veh_6,veh_2,veh_6,DIRECT_V2V,10000000,DIAGNOSTIC_SYNTHETIC_VALUE,ONE_SHARED_POOL_PER_UNORDERED_PAIR
80000000000,80,pool_v2v_veh_2_veh_7,veh_2,veh_7,DIRECT_V2V,10000000,DIAGNOSTIC_SYNTHETIC_VALUE,ONE_SHARED_POOL_PER_UNORDERED_PAIR
80000000000,80,pool_v2v_veh_3_veh_4,veh_3,veh_4,DIRECT_V2V,10000000,DIAGNOSTIC_SYNTHETIC_VALUE,ONE_SHARED_POOL_PER_UNORDERED_PAIR
80000000000,80,pool_v2v_veh_3_veh_5,veh_3,veh_5,DIRECT_V2V,10000000,DIAGNOSTIC_SYNTHETIC_VALUE,ONE_SHARED_POOL_PER_UNORDERED_PAIR
80000000000,80,pool_v2v_veh_3_veh_6,veh_3,veh_6,DIRECT_V2V,10000000,DIAGNOSTIC_SYNTHETIC_VALUE,ONE_SHARED_POOL_PER_UNORDERED_PAIR
80000000000,80,pool_v2v_veh_3_veh_7,veh_3,veh_7,DIRECT_V2V,10000000,DIAGNOSTIC_SYNTHETIC_VALUE,ONE_SHARED_POOL_PER_UNORDERED_PAIR
80000000000,80,pool_v2v_veh_3_veh_8,veh_3,veh_8,DIRECT_V2V,10000000,DIAGNOSTIC_SYNTHETIC_VALUE,ONE_SHARED_POOL_PER_UNORDERED_PAIR
80000000000,80,pool_v2v_veh_4_veh_5,veh_4,veh_5,DIRECT_V2V,10000000,DIAGNOSTIC_SYNTHETIC_VALUE,ONE_SHARED_POOL_PER_UNORDERED_PAIR
80000000000,80,pool_v2v_veh_4_veh_6,veh_4,veh_6,DIRECT_V2V,10000000,DIAGNOSTIC_SYNTHETIC_VALUE,ONE_SHARED_POOL_PER_UNORDERED_PAIR
80000000000,80,pool_v2v_veh_4_veh_7,veh_4,veh_7,DIRECT_V2V,10000000,DIAGNOSTIC_SYNTHETIC_VALUE,ONE_SHARED_POOL_PER_UNORDERED_PAIR
80000000000,80,pool_v2v_veh_4_veh_8,veh_4,veh_8,DIRECT_V2V,10000000,DIAGNOSTIC_SYNTHETIC_VALUE,ONE_SHARED_POOL_PER_UNORDERED_PAIR
80000000000,80,pool_v2v_veh_4_veh_9,veh_4,veh_9,DIRECT_V2V,10000000,DIAGNOSTIC_SYNTHETIC_VALUE,ONE_SHARED_POOL_PER_UNORDERED_PAIR
80000000000,80,pool_v2v_veh_5_veh_6,veh_5,veh_6,DIRECT_V2V,10000000,DIAGNOSTIC_SYNTHETIC_VALUE,ONE_SHARED_POOL_PER_UNORDERED_PAIR
80000000000,80,pool_v2v_veh_5_veh_7,veh_5,veh_7,DIRECT_V2V,10000000,DIAGNOSTIC_SYNTHETIC_VALUE,ONE_SHARED_POOL_PER_UNORDERED_PAIR
80000000000,80,pool_v2v_veh_5_veh_8,veh_5,veh_8,DIRECT_V2V,10000000,DIAGNOSTIC_SYNTHETIC_VALUE,ONE_SHARED_POOL_PER_UNORDERED_PAIR
80000000000,80,pool_v2v_veh_5_veh_9,veh_5,veh_9,DIRECT_V2V,10000000,DIAGNOSTIC_SYNTHETIC_VALUE,ONE_SHARED_POOL_PER_UNORDERED_PAIR
80000000000,80,pool_v2v_veh_5_veh_10,veh_5,veh_10,DIRECT_V2V,10000000,DIAGNOSTIC_SYNTHETIC_VALUE,ONE_SHARED_POOL_PER_UNORDERED_PAIR
80000000000,80,pool_v2v_veh_6_veh_7,veh_6,veh_7,DIRECT_V2V,10000000,DIAGNOSTIC_SYNTHETIC_VALUE,ONE_SHARED_POOL_PER_UNORDERED_PAIR
80000000000,80,pool_v2v_veh_6_veh_8,veh_6,veh_8,DIRECT_V2V,10000000,DIAGNOSTIC_SYNTHETIC_VALUE,ONE_SHARED_POOL_PER_UNORDERED_PAIR
80000000000,80,pool_v2v_veh_6_veh_9,veh_6,veh_9,DIRECT_V2V,10000000,DIAGNOSTIC_SYNTHETIC_VALUE,ONE_SHARED_POOL_PER_UNORDERED_PAIR
80000000000,80,pool_v2v_veh_6_veh_10,veh_6,veh_10,DIRECT_V2V,10000000,DIAGNOSTIC_SYNTHETIC_VALUE,ONE_SHARED_POOL_PER_UNORDERED_PAIR
80000000000,80,pool_v2v_veh_7_veh_8,veh_7,veh_8,DIRECT_V2V,10000000,DIAGNOSTIC_SYNTHETIC_VALUE,ONE_SHARED_POOL_PER_UNORDERED_PAIR
80000000000,80,pool_v2v_veh_7_veh_9,veh_7,veh_9,DIRECT_V2V,10000000,DIAGNOSTIC_SYNTHETIC_VALUE,ONE_SHARED_POOL_PER_UNORDERED_PAIR
80000000000,80,pool_v2v_veh_7_veh_10,veh_7,veh_10,DIRECT_V2V,10000000,DIAGNOSTIC_SYNTHETIC_VALUE,ONE_SHARED_POOL_PER_UNORDERED_PAIR
80000000000,80,pool_v2v_veh_7_veh_11,veh_7,veh_11,DIRECT_V2V,10000000,DIAGNOSTIC_SYNTHETIC_VALUE,ONE_SHARED_POOL_PER_UNORDERED_PAIR
80000000000,80,pool_v2v_veh_8_veh_9,veh_8,veh_9,DIRECT_V2V,10000000,DIAGNOSTIC_SYNTHETIC_VALUE,ONE_SHARED_POOL_PER_UNORDERED_PAIR
80000000000,80,pool_v2v_veh_8_veh_10,veh_8,veh_10,DIRECT_V2V,10000000,DIAGNOSTIC_SYNTHETIC_VALUE,ONE_SHARED_POOL_PER_UNORDERED_PAIR
80000000000,80,pool_v2v_veh_8_veh_11,veh_8,veh_11,DIRECT_V2V,10000000,DIAGNOSTIC_SYNTHETIC_VALUE,ONE_SHARED_POOL_PER_UNORDERED_PAIR
80000000000,80,pool_v2v_veh_9_veh_10,veh_9,veh_10,DIRECT_V2V,10000000,DIAGNOSTIC_SYNTHETIC_VALUE,ONE_SHARED_POOL_PER_UNORDERED_PAIR
80000000000,80,pool_v2v_veh_9_veh_11,veh_9,veh_11,DIRECT_V2V,10000000,DIAGNOSTIC_SYNTHETIC_VALUE,ONE_SHARED_POOL_PER_UNORDERED_PAIR
80000000000,80,pool_v2v_veh_10_veh_11,veh_10,veh_11,DIRECT_V2V,10000000,DIAGNOSTIC_SYNTHETIC_VALUE,ONE_SHARED_POOL_PER_UNORDERED_PAIR
81000000000,81,pool_v2v_veh_0_veh_1,veh_0,veh_1,DIRECT_V2V,10000000,DIAGNOSTIC_SYNTHETIC_VALUE,ONE_SHARED_POOL_PER_UNORDERED_PAIR
81000000000,81,pool_v2v_veh_0_veh_2,veh_0,veh_2,DIRECT_V2V,10000000,DIAGNOSTIC_SYNTHETIC_VALUE,ONE_SHARED_POOL_PER_UNORDERED_PAIR
81000000000,81,pool_v2v_veh_0_veh_3,veh_0,veh_3,DIRECT_V2V,10000000,DIAGNOSTIC_SYNTHETIC_VALUE,ONE_SHARED_POOL_PER_UNORDERED_PAIR
81000000000,81,pool_v2v_veh_0_veh_4,veh_0,veh_4,DIRECT_V2V,10000000,DIAGNOSTIC_SYNTHETIC_VALUE,ONE_SHARED_POOL_PER_UNORDERED_PAIR
81000000000,81,pool_v2v_veh_0_veh_5,veh_0,veh_5,DIRECT_V2V,10000000,DIAGNOSTIC_SYNTHETIC_VALUE,ONE_SHARED_POOL_PER_UNORDERED_PAIR
81000000000,81,pool_v2v_veh_1_veh_2,veh_1,veh_2,DIRECT_V2V,10000000,DIAGNOSTIC_SYNTHETIC_VALUE,ONE_SHARED_POOL_PER_UNORDERED_PAIR
81000000000,81,pool_v2v_veh_1_veh_3,veh_1,veh_3,DIRECT_V2V,10000000,DIAGNOSTIC_SYNTHETIC_VALUE,ONE_SHARED_POOL_PER_UNORDERED_PAIR
81000000000,81,pool_v2v_veh_1_veh_4,veh_1,veh_4,DIRECT_V2V,10000000,DIAGNOSTIC_SYNTHETIC_VALUE,ONE_SHARED_POOL_PER_UNORDERED_PAIR
81000000000,81,pool_v2v_veh_1_veh_5,veh_1,veh_5,DIRECT_V2V,10000000,DIAGNOSTIC_SYNTHETIC_VALUE,ONE_SHARED_POOL_PER_UNORDERED_PAIR
81000000000,81,pool_v2v_veh_1_veh_6,veh_1,veh_6,DIRECT_V2V,10000000,DIAGNOSTIC_SYNTHETIC_VALUE,ONE_SHARED_POOL_PER_UNORDERED_PAIR
81000000000,81,pool_v2v_veh_2_veh_3,veh_2,veh_3,DIRECT_V2V,10000000,DIAGNOSTIC_SYNTHETIC_VALUE,ONE_SHARED_POOL_PER_UNORDERED_PAIR
81000000000,81,pool_v2v_veh_2_veh_4,veh_2,veh_4,DIRECT_V2V,10000000,DIAGNOSTIC_SYNTHETIC_VALUE,ONE_SHARED_POOL_PER_UNORDERED_PAIR
81000000000,81,pool_v2v_veh_2_veh_5,veh_2,veh_5,DIRECT_V2V,10000000,DIAGNOSTIC_SYNTHETIC_VALUE,ONE_SHARED_POOL_PER_UNORDERED_PAIR
81000000000,81,pool_v2v_veh_2_veh_6,veh_2,veh_6,DIRECT_V2V,10000000,DIAGNOSTIC_SYNTHETIC_VALUE,ONE_SHARED_POOL_PER_UNORDERED_PAIR
81000000000,81,pool_v2v_veh_2_veh_7,veh_2,veh_7,DIRECT_V2V,10000000,DIAGNOSTIC_SYNTHETIC_VALUE,ONE_SHARED_POOL_PER_UNORDERED_PAIR
81000000000,81,pool_v2v_veh_3_veh_4,veh_3,veh_4,DIRECT_V2V,10000000,DIAGNOSTIC_SYNTHETIC_VALUE,ONE_SHARED_POOL_PER_UNORDERED_PAIR
81000000000,81,pool_v2v_veh_3_veh_5,veh_3,veh_5,DIRECT_V2V,10000000,DIAGNOSTIC_SYNTHETIC_VALUE,ONE_SHARED_POOL_PER_UNORDERED_PAIR
81000000000,81,pool_v2v_veh_3_veh_6,veh_3,veh_6,DIRECT_V2V,10000000,DIAGNOSTIC_SYNTHETIC_VALUE,ONE_SHARED_POOL_PER_UNORDERED_PAIR
81000000000,81,pool_v2v_veh_3_veh_7,veh_3,veh_7,DIRECT_V2V,10000000,DIAGNOSTIC_SYNTHETIC_VALUE,ONE_SHARED_POOL_PER_UNORDERED_PAIR
81000000000,81,pool_v2v_veh_3_veh_8,veh_3,veh_8,DIRECT_V2V,10000000,DIAGNOSTIC_SYNTHETIC_VALUE,ONE_SHARED_POOL_PER_UNORDERED_PAIR
81000000000,81,pool_v2v_veh_4_veh_5,veh_4,veh_5,DIRECT_V2V,10000000,DIAGNOSTIC_SYNTHETIC_VALUE,ONE_SHARED_POOL_PER_UNORDERED_PAIR
81000000000,81,pool_v2v_veh_4_veh_6,veh_4,veh_6,DIRECT_V2V,10000000,DIAGNOSTIC_SYNTHETIC_VALUE,ONE_SHARED_POOL_PER_UNORDERED_PAIR
81000000000,81,pool_v2v_veh_4_veh_7,veh_4,veh_7,DIRECT_V2V,10000000,DIAGNOSTIC_SYNTHETIC_VALUE,ONE_SHARED_POOL_PER_UNORDERED_PAIR
81000000000,81,pool_v2v_veh_4_veh_8,veh_4,veh_8,DIRECT_V2V,10000000,DIAGNOSTIC_SYNTHETIC_VALUE,ONE_SHARED_POOL_PER_UNORDERED_PAIR
81000000000,81,pool_v2v_veh_4_veh_9,veh_4,veh_9,DIRECT_V2V,10000000,DIAGNOSTIC_SYNTHETIC_VALUE,ONE_SHARED_POOL_PER_UNORDERED_PAIR
81000000000,81,pool_v2v_veh_5_veh_6,veh_5,veh_6,DIRECT_V2V,10000000,DIAGNOSTIC_SYNTHETIC_VALUE,ONE_SHARED_POOL_PER_UNORDERED_PAIR
81000000000,81,pool_v2v_veh_5_veh_7,veh_5,veh_7,DIRECT_V2V,10000000,DIAGNOSTIC_SYNTHETIC_VALUE,ONE_SHARED_POOL_PER_UNORDERED_PAIR
81000000000,81,pool_v2v_veh_5_veh_8,veh_5,veh_8,DIRECT_V2V,10000000,DIAGNOSTIC_SYNTHETIC_VALUE,ONE_SHARED_POOL_PER_UNORDERED_PAIR
81000000000,81,pool_v2v_veh_5_veh_9,veh_5,veh_9,DIRECT_V2V,10000000,DIAGNOSTIC_SYNTHETIC_VALUE,ONE_SHARED_POOL_PER_UNORDERED_PAIR
81000000000,81,pool_v2v_veh_5_veh_10,veh_5,veh_10,DIRECT_V2V,10000000,DIAGNOSTIC_SYNTHETIC_VALUE,ONE_SHARED_POOL_PER_UNORDERED_PAIR
81000000000,81,pool_v2v_veh_6_veh_7,veh_6,veh_7,DIRECT_V2V,10000000,DIAGNOSTIC_SYNTHETIC_VALUE,ONE_SHARED_POOL_PER_UNORDERED_PAIR
81000000000,81,pool_v2v_veh_6_veh_8,veh_6,veh_8,DIRECT_V2V,10000000,DIAGNOSTIC_SYNTHETIC_VALUE,ONE_SHARED_POOL_PER_UNORDERED_PAIR
81000000000,81,pool_v2v_veh_6_veh_9,veh_6,veh_9,DIRECT_V2V,10000000,DIAGNOSTIC_SYNTHETIC_VALUE,ONE_SHARED_POOL_PER_UNORDERED_PAIR
81000000000,81,pool_v2v_veh_6_veh_10,veh_6,veh_10,DIRECT_V2V,10000000,DIAGNOSTIC_SYNTHETIC_VALUE,ONE_SHARED_POOL_PER_UNORDERED_PAIR
81000000000,81,pool_v2v_veh_7_veh_8,veh_7,veh_8,DIRECT_V2V,10000000,DIAGNOSTIC_SYNTHETIC_VALUE,ONE_SHARED_POOL_PER_UNORDERED_PAIR
81000000000,81,pool_v2v_veh_7_veh_9,veh_7,veh_9,DIRECT_V2V,10000000,DIAGNOSTIC_SYNTHETIC_VALUE,ONE_SHARED_POOL_PER_UNORDERED_PAIR
81000000000,81,pool_v2v_veh_7_veh_10,veh_7,veh_10,DIRECT_V2V,10000000,DIAGNOSTIC_SYNTHETIC_VALUE,ONE_SHARED_POOL_PER_UNORDERED_PAIR
81000000000,81,pool_v2v_veh_7_veh_11,veh_7,veh_11,DIRECT_V2V,10000000,DIAGNOSTIC_SYNTHETIC_VALUE,ONE_SHARED_POOL_PER_UNORDERED_PAIR
81000000000,81,pool_v2v_veh_8_veh_9,veh_8,veh_9,DIRECT_V2V,10000000,DIAGNOSTIC_SYNTHETIC_VALUE,ONE_SHARED_POOL_PER_UNORDERED_PAIR
81000000000,81,pool_v2v_veh_8_veh_10,veh_8,veh_10,DIRECT_V2V,10000000,DIAGNOSTIC_SYNTHETIC_VALUE,ONE_SHARED_POOL_PER_UNORDERED_PAIR
81000000000,81,pool_v2v_veh_8_veh_11,veh_8,veh_11,DIRECT_V2V,10000000,DIAGNOSTIC_SYNTHETIC_VALUE,ONE_SHARED_POOL_PER_UNORDERED_PAIR
81000000000,81,pool_v2v_veh_9_veh_10,veh_9,veh_10,DIRECT_V2V,10000000,DIAGNOSTIC_SYNTHETIC_VALUE,ONE_SHARED_POOL_PER_UNORDERED_PAIR
81000000000,81,pool_v2v_veh_9_veh_11,veh_9,veh_11,DIRECT_V2V,10000000,DIAGNOSTIC_SYNTHETIC_VALUE,ONE_SHARED_POOL_PER_UNORDERED_PAIR
81000000000,81,pool_v2v_veh_10_veh_11,veh_10,veh_11,DIRECT_V2V,10000000,DIAGNOSTIC_SYNTHETIC_VALUE,ONE_SHARED_POOL_PER_UNORDERED_PAIR
82000000000,82,pool_v2v_veh_0_veh_1,veh_0,veh_1,DIRECT_V2V,10000000,DIAGNOSTIC_SYNTHETIC_VALUE,ONE_SHARED_POOL_PER_UNORDERED_PAIR
82000000000,82,pool_v2v_veh_0_veh_2,veh_0,veh_2,DIRECT_V2V,10000000,DIAGNOSTIC_SYNTHETIC_VALUE,ONE_SHARED_POOL_PER_UNORDERED_PAIR
82000000000,82,pool_v2v_veh_0_veh_3,veh_0,veh_3,DIRECT_V2V,10000000,DIAGNOSTIC_SYNTHETIC_VALUE,ONE_SHARED_POOL_PER_UNORDERED_PAIR
82000000000,82,pool_v2v_veh_0_veh_4,veh_0,veh_4,DIRECT_V2V,10000000,DIAGNOSTIC_SYNTHETIC_VALUE,ONE_SHARED_POOL_PER_UNORDERED_PAIR
82000000000,82,pool_v2v_veh_0_veh_5,veh_0,veh_5,DIRECT_V2V,10000000,DIAGNOSTIC_SYNTHETIC_VALUE,ONE_SHARED_POOL_PER_UNORDERED_PAIR
82000000000,82,pool_v2v_veh_1_veh_2,veh_1,veh_2,DIRECT_V2V,10000000,DIAGNOSTIC_SYNTHETIC_VALUE,ONE_SHARED_POOL_PER_UNORDERED_PAIR
82000000000,82,pool_v2v_veh_1_veh_3,veh_1,veh_3,DIRECT_V2V,10000000,DIAGNOSTIC_SYNTHETIC_VALUE,ONE_SHARED_POOL_PER_UNORDERED_PAIR
82000000000,82,pool_v2v_veh_1_veh_4,veh_1,veh_4,DIRECT_V2V,10000000,DIAGNOSTIC_SYNTHETIC_VALUE,ONE_SHARED_POOL_PER_UNORDERED_PAIR
82000000000,82,pool_v2v_veh_1_veh_5,veh_1,veh_5,DIRECT_V2V,10000000,DIAGNOSTIC_SYNTHETIC_VALUE,ONE_SHARED_POOL_PER_UNORDERED_PAIR
82000000000,82,pool_v2v_veh_1_veh_6,veh_1,veh_6,DIRECT_V2V,10000000,DIAGNOSTIC_SYNTHETIC_VALUE,ONE_SHARED_POOL_PER_UNORDERED_PAIR
82000000000,82,pool_v2v_veh_2_veh_3,veh_2,veh_3,DIRECT_V2V,10000000,DIAGNOSTIC_SYNTHETIC_VALUE,ONE_SHARED_POOL_PER_UNORDERED_PAIR
82000000000,82,pool_v2v_veh_2_veh_4,veh_2,veh_4,DIRECT_V2V,10000000,DIAGNOSTIC_SYNTHETIC_VALUE,ONE_SHARED_POOL_PER_UNORDERED_PAIR
82000000000,82,pool_v2v_veh_2_veh_5,veh_2,veh_5,DIRECT_V2V,10000000,DIAGNOSTIC_SYNTHETIC_VALUE,ONE_SHARED_POOL_PER_UNORDERED_PAIR
82000000000,82,pool_v2v_veh_2_veh_6,veh_2,veh_6,DIRECT_V2V,10000000,DIAGNOSTIC_SYNTHETIC_VALUE,ONE_SHARED_POOL_PER_UNORDERED_PAIR
82000000000,82,pool_v2v_veh_2_veh_7,veh_2,veh_7,DIRECT_V2V,10000000,DIAGNOSTIC_SYNTHETIC_VALUE,ONE_SHARED_POOL_PER_UNORDERED_PAIR
82000000000,82,pool_v2v_veh_3_veh_4,veh_3,veh_4,DIRECT_V2V,10000000,DIAGNOSTIC_SYNTHETIC_VALUE,ONE_SHARED_POOL_PER_UNORDERED_PAIR
82000000000,82,pool_v2v_veh_3_veh_5,veh_3,veh_5,DIRECT_V2V,10000000,DIAGNOSTIC_SYNTHETIC_VALUE,ONE_SHARED_POOL_PER_UNORDERED_PAIR
82000000000,82,pool_v2v_veh_3_veh_6,veh_3,veh_6,DIRECT_V2V,10000000,DIAGNOSTIC_SYNTHETIC_VALUE,ONE_SHARED_POOL_PER_UNORDERED_PAIR
82000000000,82,pool_v2v_veh_3_veh_7,veh_3,veh_7,DIRECT_V2V,10000000,DIAGNOSTIC_SYNTHETIC_VALUE,ONE_SHARED_POOL_PER_UNORDERED_PAIR
82000000000,82,pool_v2v_veh_3_veh_8,veh_3,veh_8,DIRECT_V2V,10000000,DIAGNOSTIC_SYNTHETIC_VALUE,ONE_SHARED_POOL_PER_UNORDERED_PAIR
82000000000,82,pool_v2v_veh_4_veh_5,veh_4,veh_5,DIRECT_V2V,10000000,DIAGNOSTIC_SYNTHETIC_VALUE,ONE_SHARED_POOL_PER_UNORDERED_PAIR
82000000000,82,pool_v2v_veh_4_veh_6,veh_4,veh_6,DIRECT_V2V,10000000,DIAGNOSTIC_SYNTHETIC_VALUE,ONE_SHARED_POOL_PER_UNORDERED_PAIR
82000000000,82,pool_v2v_veh_4_veh_7,veh_4,veh_7,DIRECT_V2V,10000000,DIAGNOSTIC_SYNTHETIC_VALUE,ONE_SHARED_POOL_PER_UNORDERED_PAIR
82000000000,82,pool_v2v_veh_4_veh_8,veh_4,veh_8,DIRECT_V2V,10000000,DIAGNOSTIC_SYNTHETIC_VALUE,ONE_SHARED_POOL_PER_UNORDERED_PAIR
82000000000,82,pool_v2v_veh_4_veh_9,veh_4,veh_9,DIRECT_V2V,10000000,DIAGNOSTIC_SYNTHETIC_VALUE,ONE_SHARED_POOL_PER_UNORDERED_PAIR
82000000000,82,pool_v2v_veh_5_veh_6,veh_5,veh_6,DIRECT_V2V,10000000,DIAGNOSTIC_SYNTHETIC_VALUE,ONE_SHARED_POOL_PER_UNORDERED_PAIR
82000000000,82,pool_v2v_veh_5_veh_7,veh_5,veh_7,DIRECT_V2V,10000000,DIAGNOSTIC_SYNTHETIC_VALUE,ONE_SHARED_POOL_PER_UNORDERED_PAIR
82000000000,82,pool_v2v_veh_5_veh_8,veh_5,veh_8,DIRECT_V2V,10000000,DIAGNOSTIC_SYNTHETIC_VALUE,ONE_SHARED_POOL_PER_UNORDERED_PAIR
82000000000,82,pool_v2v_veh_5_veh_9,veh_5,veh_9,DIRECT_V2V,10000000,DIAGNOSTIC_SYNTHETIC_VALUE,ONE_SHARED_POOL_PER_UNORDERED_PAIR
82000000000,82,pool_v2v_veh_5_veh_10,veh_5,veh_10,DIRECT_V2V,10000000,DIAGNOSTIC_SYNTHETIC_VALUE,ONE_SHARED_POOL_PER_UNORDERED_PAIR
82000000000,82,pool_v2v_veh_6_veh_7,veh_6,veh_7,DIRECT_V2V,10000000,DIAGNOSTIC_SYNTHETIC_VALUE,ONE_SHARED_POOL_PER_UNORDERED_PAIR
82000000000,82,pool_v2v_veh_6_veh_8,veh_6,veh_8,DIRECT_V2V,10000000,DIAGNOSTIC_SYNTHETIC_VALUE,ONE_SHARED_POOL_PER_UNORDERED_PAIR
82000000000,82,pool_v2v_veh_6_veh_9,veh_6,veh_9,DIRECT_V2V,10000000,DIAGNOSTIC_SYNTHETIC_VALUE,ONE_SHARED_POOL_PER_UNORDERED_PAIR
82000000000,82,pool_v2v_veh_6_veh_10,veh_6,veh_10,DIRECT_V2V,10000000,DIAGNOSTIC_SYNTHETIC_VALUE,ONE_SHARED_POOL_PER_UNORDERED_PAIR
82000000000,82,pool_v2v_veh_7_veh_8,veh_7,veh_8,DIRECT_V2V,10000000,DIAGNOSTIC_SYNTHETIC_VALUE,ONE_SHARED_POOL_PER_UNORDERED_PAIR
82000000000,82,pool_v2v_veh_7_veh_9,veh_7,veh_9,DIRECT_V2V,10000000,DIAGNOSTIC_SYNTHETIC_VALUE,ONE_SHARED_POOL_PER_UNORDERED_PAIR
82000000000,82,pool_v2v_veh_7_veh_10,veh_7,veh_10,DIRECT_V2V,10000000,DIAGNOSTIC_SYNTHETIC_VALUE,ONE_SHARED_POOL_PER_UNORDERED_PAIR
82000000000,82,pool_v2v_veh_7_veh_11,veh_7,veh_11,DIRECT_V2V,10000000,DIAGNOSTIC_SYNTHETIC_VALUE,ONE_SHARED_POOL_PER_UNORDERED_PAIR
82000000000,82,pool_v2v_veh_8_veh_9,veh_8,veh_9,DIRECT_V2V,10000000,DIAGNOSTIC_SYNTHETIC_VALUE,ONE_SHARED_POOL_PER_UNORDERED_PAIR
82000000000,82,pool_v2v_veh_8_veh_10,veh_8,veh_10,DIRECT_V2V,10000000,DIAGNOSTIC_SYNTHETIC_VALUE,ONE_SHARED_POOL_PER_UNORDERED_PAIR
82000000000,82,pool_v2v_veh_8_veh_11,veh_8,veh_11,DIRECT_V2V,10000000,DIAGNOSTIC_SYNTHETIC_VALUE,ONE_SHARED_POOL_PER_UNORDERED_PAIR
82000000000,82,pool_v2v_veh_9_veh_10,veh_9,veh_10,DIRECT_V2V,10000000,DIAGNOSTIC_SYNTHETIC_VALUE,ONE_SHARED_POOL_PER_UNORDERED_PAIR
82000000000,82,pool_v2v_veh_9_veh_11,veh_9,veh_11,DIRECT_V2V,10000000,DIAGNOSTIC_SYNTHETIC_VALUE,ONE_SHARED_POOL_PER_UNORDERED_PAIR
82000000000,82,pool_v2v_veh_10_veh_11,veh_10,veh_11,DIRECT_V2V,10000000,DIAGNOSTIC_SYNTHETIC_VALUE,ONE_SHARED_POOL_PER_UNORDERED_PAIR
83000000000,83,pool_v2v_veh_0_veh_1,veh_0,veh_1,DIRECT_V2V,10000000,DIAGNOSTIC_SYNTHETIC_VALUE,ONE_SHARED_POOL_PER_UNORDERED_PAIR
83000000000,83,pool_v2v_veh_0_veh_2,veh_0,veh_2,DIRECT_V2V,10000000,DIAGNOSTIC_SYNTHETIC_VALUE,ONE_SHARED_POOL_PER_UNORDERED_PAIR
83000000000,83,pool_v2v_veh_0_veh_3,veh_0,veh_3,DIRECT_V2V,10000000,DIAGNOSTIC_SYNTHETIC_VALUE,ONE_SHARED_POOL_PER_UNORDERED_PAIR
83000000000,83,pool_v2v_veh_0_veh_4,veh_0,veh_4,DIRECT_V2V,10000000,DIAGNOSTIC_SYNTHETIC_VALUE,ONE_SHARED_POOL_PER_UNORDERED_PAIR
83000000000,83,pool_v2v_veh_0_veh_5,veh_0,veh_5,DIRECT_V2V,10000000,DIAGNOSTIC_SYNTHETIC_VALUE,ONE_SHARED_POOL_PER_UNORDERED_PAIR
83000000000,83,pool_v2v_veh_1_veh_2,veh_1,veh_2,DIRECT_V2V,10000000,DIAGNOSTIC_SYNTHETIC_VALUE,ONE_SHARED_POOL_PER_UNORDERED_PAIR
83000000000,83,pool_v2v_veh_1_veh_3,veh_1,veh_3,DIRECT_V2V,10000000,DIAGNOSTIC_SYNTHETIC_VALUE,ONE_SHARED_POOL_PER_UNORDERED_PAIR
83000000000,83,pool_v2v_veh_1_veh_4,veh_1,veh_4,DIRECT_V2V,10000000,DIAGNOSTIC_SYNTHETIC_VALUE,ONE_SHARED_POOL_PER_UNORDERED_PAIR
83000000000,83,pool_v2v_veh_1_veh_5,veh_1,veh_5,DIRECT_V2V,10000000,DIAGNOSTIC_SYNTHETIC_VALUE,ONE_SHARED_POOL_PER_UNORDERED_PAIR
83000000000,83,pool_v2v_veh_1_veh_6,veh_1,veh_6,DIRECT_V2V,10000000,DIAGNOSTIC_SYNTHETIC_VALUE,ONE_SHARED_POOL_PER_UNORDERED_PAIR
83000000000,83,pool_v2v_veh_2_veh_3,veh_2,veh_3,DIRECT_V2V,10000000,DIAGNOSTIC_SYNTHETIC_VALUE,ONE_SHARED_POOL_PER_UNORDERED_PAIR
83000000000,83,pool_v2v_veh_2_veh_4,veh_2,veh_4,DIRECT_V2V,10000000,DIAGNOSTIC_SYNTHETIC_VALUE,ONE_SHARED_POOL_PER_UNORDERED_PAIR
83000000000,83,pool_v2v_veh_2_veh_5,veh_2,veh_5,DIRECT_V2V,10000000,DIAGNOSTIC_SYNTHETIC_VALUE,ONE_SHARED_POOL_PER_UNORDERED_PAIR
83000000000,83,pool_v2v_veh_2_veh_6,veh_2,veh_6,DIRECT_V2V,10000000,DIAGNOSTIC_SYNTHETIC_VALUE,ONE_SHARED_POOL_PER_UNORDERED_PAIR
83000000000,83,pool_v2v_veh_2_veh_7,veh_2,veh_7,DIRECT_V2V,10000000,DIAGNOSTIC_SYNTHETIC_VALUE,ONE_SHARED_POOL_PER_UNORDERED_PAIR
83000000000,83,pool_v2v_veh_3_veh_4,veh_3,veh_4,DIRECT_V2V,10000000,DIAGNOSTIC_SYNTHETIC_VALUE,ONE_SHARED_POOL_PER_UNORDERED_PAIR
83000000000,83,pool_v2v_veh_3_veh_5,veh_3,veh_5,DIRECT_V2V,10000000,DIAGNOSTIC_SYNTHETIC_VALUE,ONE_SHARED_POOL_PER_UNORDERED_PAIR
83000000000,83,pool_v2v_veh_3_veh_6,veh_3,veh_6,DIRECT_V2V,10000000,DIAGNOSTIC_SYNTHETIC_VALUE,ONE_SHARED_POOL_PER_UNORDERED_PAIR
83000000000,83,pool_v2v_veh_3_veh_7,veh_3,veh_7,DIRECT_V2V,10000000,DIAGNOSTIC_SYNTHETIC_VALUE,ONE_SHARED_POOL_PER_UNORDERED_PAIR
83000000000,83,pool_v2v_veh_3_veh_8,veh_3,veh_8,DIRECT_V2V,10000000,DIAGNOSTIC_SYNTHETIC_VALUE,ONE_SHARED_POOL_PER_UNORDERED_PAIR
83000000000,83,pool_v2v_veh_4_veh_5,veh_4,veh_5,DIRECT_V2V,10000000,DIAGNOSTIC_SYNTHETIC_VALUE,ONE_SHARED_POOL_PER_UNORDERED_PAIR
83000000000,83,pool_v2v_veh_4_veh_6,veh_4,veh_6,DIRECT_V2V,10000000,DIAGNOSTIC_SYNTHETIC_VALUE,ONE_SHARED_POOL_PER_UNORDERED_PAIR
83000000000,83,pool_v2v_veh_4_veh_7,veh_4,veh_7,DIRECT_V2V,10000000,DIAGNOSTIC_SYNTHETIC_VALUE,ONE_SHARED_POOL_PER_UNORDERED_PAIR
83000000000,83,pool_v2v_veh_4_veh_8,veh_4,veh_8,DIRECT_V2V,10000000,DIAGNOSTIC_SYNTHETIC_VALUE,ONE_SHARED_POOL_PER_UNORDERED_PAIR
83000000000,83,pool_v2v_veh_4_veh_9,veh_4,veh_9,DIRECT_V2V,10000000,DIAGNOSTIC_SYNTHETIC_VALUE,ONE_SHARED_POOL_PER_UNORDERED_PAIR
83000000000,83,pool_v2v_veh_5_veh_6,veh_5,veh_6,DIRECT_V2V,10000000,DIAGNOSTIC_SYNTHETIC_VALUE,ONE_SHARED_POOL_PER_UNORDERED_PAIR
83000000000,83,pool_v2v_veh_5_veh_7,veh_5,veh_7,DIRECT_V2V,10000000,DIAGNOSTIC_SYNTHETIC_VALUE,ONE_SHARED_POOL_PER_UNORDERED_PAIR
83000000000,83,pool_v2v_veh_5_veh_8,veh_5,veh_8,DIRECT_V2V,10000000,DIAGNOSTIC_SYNTHETIC_VALUE,ONE_SHARED_POOL_PER_UNORDERED_PAIR
83000000000,83,pool_v2v_veh_5_veh_9,veh_5,veh_9,DIRECT_V2V,10000000,DIAGNOSTIC_SYNTHETIC_VALUE,ONE_SHARED_POOL_PER_UNORDERED_PAIR
83000000000,83,pool_v2v_veh_5_veh_10,veh_5,veh_10,DIRECT_V2V,10000000,DIAGNOSTIC_SYNTHETIC_VALUE,ONE_SHARED_POOL_PER_UNORDERED_PAIR
83000000000,83,pool_v2v_veh_6_veh_7,veh_6,veh_7,DIRECT_V2V,10000000,DIAGNOSTIC_SYNTHETIC_VALUE,ONE_SHARED_POOL_PER_UNORDERED_PAIR
83000000000,83,pool_v2v_veh_6_veh_8,veh_6,veh_8,DIRECT_V2V,10000000,DIAGNOSTIC_SYNTHETIC_VALUE,ONE_SHARED_POOL_PER_UNORDERED_PAIR
83000000000,83,pool_v2v_veh_6_veh_9,veh_6,veh_9,DIRECT_V2V,10000000,DIAGNOSTIC_SYNTHETIC_VALUE,ONE_SHARED_POOL_PER_UNORDERED_PAIR
83000000000,83,pool_v2v_veh_6_veh_10,veh_6,veh_10,DIRECT_V2V,10000000,DIAGNOSTIC_SYNTHETIC_VALUE,ONE_SHARED_POOL_PER_UNORDERED_PAIR
83000000000,83,pool_v2v_veh_7_veh_8,veh_7,veh_8,DIRECT_V2V,10000000,DIAGNOSTIC_SYNTHETIC_VALUE,ONE_SHARED_POOL_PER_UNORDERED_PAIR
83000000000,83,pool_v2v_veh_7_veh_9,veh_7,veh_9,DIRECT_V2V,10000000,DIAGNOSTIC_SYNTHETIC_VALUE,ONE_SHARED_POOL_PER_UNORDERED_PAIR
83000000000,83,pool_v2v_veh_7_veh_10,veh_7,veh_10,DIRECT_V2V,10000000,DIAGNOSTIC_SYNTHETIC_VALUE,ONE_SHARED_POOL_PER_UNORDERED_PAIR
83000000000,83,pool_v2v_veh_7_veh_11,veh_7,veh_11,DIRECT_V2V,10000000,DIAGNOSTIC_SYNTHETIC_VALUE,ONE_SHARED_POOL_PER_UNORDERED_PAIR
83000000000,83,pool_v2v_veh_8_veh_9,veh_8,veh_9,DIRECT_V2V,10000000,DIAGNOSTIC_SYNTHETIC_VALUE,ONE_SHARED_POOL_PER_UNORDERED_PAIR
83000000000,83,pool_v2v_veh_8_veh_10,veh_8,veh_10,DIRECT_V2V,10000000,DIAGNOSTIC_SYNTHETIC_VALUE,ONE_SHARED_POOL_PER_UNORDERED_PAIR
83000000000,83,pool_v2v_veh_8_veh_11,veh_8,veh_11,DIRECT_V2V,10000000,DIAGNOSTIC_SYNTHETIC_VALUE,ONE_SHARED_POOL_PER_UNORDERED_PAIR
83000000000,83,pool_v2v_veh_9_veh_10,veh_9,veh_10,DIRECT_V2V,10000000,DIAGNOSTIC_SYNTHETIC_VALUE,ONE_SHARED_POOL_PER_UNORDERED_PAIR
83000000000,83,pool_v2v_veh_9_veh_11,veh_9,veh_11,DIRECT_V2V,10000000,DIAGNOSTIC_SYNTHETIC_VALUE,ONE_SHARED_POOL_PER_UNORDERED_PAIR
83000000000,83,pool_v2v_veh_10_veh_11,veh_10,veh_11,DIRECT_V2V,10000000,DIAGNOSTIC_SYNTHETIC_VALUE,ONE_SHARED_POOL_PER_UNORDERED_PAIR
84000000000,84,pool_v2v_veh_0_veh_1,veh_0,veh_1,DIRECT_V2V,10000000,DIAGNOSTIC_SYNTHETIC_VALUE,ONE_SHARED_POOL_PER_UNORDERED_PAIR
84000000000,84,pool_v2v_veh_0_veh_2,veh_0,veh_2,DIRECT_V2V,10000000,DIAGNOSTIC_SYNTHETIC_VALUE,ONE_SHARED_POOL_PER_UNORDERED_PAIR
84000000000,84,pool_v2v_veh_0_veh_3,veh_0,veh_3,DIRECT_V2V,10000000,DIAGNOSTIC_SYNTHETIC_VALUE,ONE_SHARED_POOL_PER_UNORDERED_PAIR
84000000000,84,pool_v2v_veh_0_veh_4,veh_0,veh_4,DIRECT_V2V,10000000,DIAGNOSTIC_SYNTHETIC_VALUE,ONE_SHARED_POOL_PER_UNORDERED_PAIR
84000000000,84,pool_v2v_veh_0_veh_5,veh_0,veh_5,DIRECT_V2V,10000000,DIAGNOSTIC_SYNTHETIC_VALUE,ONE_SHARED_POOL_PER_UNORDERED_PAIR
84000000000,84,pool_v2v_veh_1_veh_2,veh_1,veh_2,DIRECT_V2V,10000000,DIAGNOSTIC_SYNTHETIC_VALUE,ONE_SHARED_POOL_PER_UNORDERED_PAIR
84000000000,84,pool_v2v_veh_1_veh_3,veh_1,veh_3,DIRECT_V2V,10000000,DIAGNOSTIC_SYNTHETIC_VALUE,ONE_SHARED_POOL_PER_UNORDERED_PAIR
84000000000,84,pool_v2v_veh_1_veh_4,veh_1,veh_4,DIRECT_V2V,10000000,DIAGNOSTIC_SYNTHETIC_VALUE,ONE_SHARED_POOL_PER_UNORDERED_PAIR
84000000000,84,pool_v2v_veh_1_veh_5,veh_1,veh_5,DIRECT_V2V,10000000,DIAGNOSTIC_SYNTHETIC_VALUE,ONE_SHARED_POOL_PER_UNORDERED_PAIR
84000000000,84,pool_v2v_veh_1_veh_6,veh_1,veh_6,DIRECT_V2V,10000000,DIAGNOSTIC_SYNTHETIC_VALUE,ONE_SHARED_POOL_PER_UNORDERED_PAIR
84000000000,84,pool_v2v_veh_2_veh_3,veh_2,veh_3,DIRECT_V2V,10000000,DIAGNOSTIC_SYNTHETIC_VALUE,ONE_SHARED_POOL_PER_UNORDERED_PAIR
84000000000,84,pool_v2v_veh_2_veh_4,veh_2,veh_4,DIRECT_V2V,10000000,DIAGNOSTIC_SYNTHETIC_VALUE,ONE_SHARED_POOL_PER_UNORDERED_PAIR
84000000000,84,pool_v2v_veh_2_veh_5,veh_2,veh_5,DIRECT_V2V,10000000,DIAGNOSTIC_SYNTHETIC_VALUE,ONE_SHARED_POOL_PER_UNORDERED_PAIR
84000000000,84,pool_v2v_veh_2_veh_6,veh_2,veh_6,DIRECT_V2V,10000000,DIAGNOSTIC_SYNTHETIC_VALUE,ONE_SHARED_POOL_PER_UNORDERED_PAIR
84000000000,84,pool_v2v_veh_2_veh_7,veh_2,veh_7,DIRECT_V2V,10000000,DIAGNOSTIC_SYNTHETIC_VALUE,ONE_SHARED_POOL_PER_UNORDERED_PAIR
84000000000,84,pool_v2v_veh_3_veh_4,veh_3,veh_4,DIRECT_V2V,10000000,DIAGNOSTIC_SYNTHETIC_VALUE,ONE_SHARED_POOL_PER_UNORDERED_PAIR
84000000000,84,pool_v2v_veh_3_veh_5,veh_3,veh_5,DIRECT_V2V,10000000,DIAGNOSTIC_SYNTHETIC_VALUE,ONE_SHARED_POOL_PER_UNORDERED_PAIR
84000000000,84,pool_v2v_veh_3_veh_6,veh_3,veh_6,DIRECT_V2V,10000000,DIAGNOSTIC_SYNTHETIC_VALUE,ONE_SHARED_POOL_PER_UNORDERED_PAIR
84000000000,84,pool_v2v_veh_3_veh_7,veh_3,veh_7,DIRECT_V2V,10000000,DIAGNOSTIC_SYNTHETIC_VALUE,ONE_SHARED_POOL_PER_UNORDERED_PAIR
84000000000,84,pool_v2v_veh_3_veh_8,veh_3,veh_8,DIRECT_V2V,10000000,DIAGNOSTIC_SYNTHETIC_VALUE,ONE_SHARED_POOL_PER_UNORDERED_PAIR
84000000000,84,pool_v2v_veh_4_veh_5,veh_4,veh_5,DIRECT_V2V,10000000,DIAGNOSTIC_SYNTHETIC_VALUE,ONE_SHARED_POOL_PER_UNORDERED_PAIR
84000000000,84,pool_v2v_veh_4_veh_6,veh_4,veh_6,DIRECT_V2V,10000000,DIAGNOSTIC_SYNTHETIC_VALUE,ONE_SHARED_POOL_PER_UNORDERED_PAIR
84000000000,84,pool_v2v_veh_4_veh_7,veh_4,veh_7,DIRECT_V2V,10000000,DIAGNOSTIC_SYNTHETIC_VALUE,ONE_SHARED_POOL_PER_UNORDERED_PAIR
84000000000,84,pool_v2v_veh_4_veh_8,veh_4,veh_8,DIRECT_V2V,10000000,DIAGNOSTIC_SYNTHETIC_VALUE,ONE_SHARED_POOL_PER_UNORDERED_PAIR
84000000000,84,pool_v2v_veh_4_veh_9,veh_4,veh_9,DIRECT_V2V,10000000,DIAGNOSTIC_SYNTHETIC_VALUE,ONE_SHARED_POOL_PER_UNORDERED_PAIR
84000000000,84,pool_v2v_veh_5_veh_6,veh_5,veh_6,DIRECT_V2V,10000000,DIAGNOSTIC_SYNTHETIC_VALUE,ONE_SHARED_POOL_PER_UNORDERED_PAIR
84000000000,84,pool_v2v_veh_5_veh_7,veh_5,veh_7,DIRECT_V2V,10000000,DIAGNOSTIC_SYNTHETIC_VALUE,ONE_SHARED_POOL_PER_UNORDERED_PAIR
84000000000,84,pool_v2v_veh_5_veh_8,veh_5,veh_8,DIRECT_V2V,10000000,DIAGNOSTIC_SYNTHETIC_VALUE,ONE_SHARED_POOL_PER_UNORDERED_PAIR
84000000000,84,pool_v2v_veh_5_veh_9,veh_5,veh_9,DIRECT_V2V,10000000,DIAGNOSTIC_SYNTHETIC_VALUE,ONE_SHARED_POOL_PER_UNORDERED_PAIR
84000000000,84,pool_v2v_veh_5_veh_10,veh_5,veh_10,DIRECT_V2V,10000000,DIAGNOSTIC_SYNTHETIC_VALUE,ONE_SHARED_POOL_PER_UNORDERED_PAIR
84000000000,84,pool_v2v_veh_6_veh_7,veh_6,veh_7,DIRECT_V2V,10000000,DIAGNOSTIC_SYNTHETIC_VALUE,ONE_SHARED_POOL_PER_UNORDERED_PAIR
84000000000,84,pool_v2v_veh_6_veh_8,veh_6,veh_8,DIRECT_V2V,10000000,DIAGNOSTIC_SYNTHETIC_VALUE,ONE_SHARED_POOL_PER_UNORDERED_PAIR
84000000000,84,pool_v2v_veh_6_veh_9,veh_6,veh_9,DIRECT_V2V,10000000,DIAGNOSTIC_SYNTHETIC_VALUE,ONE_SHARED_POOL_PER_UNORDERED_PAIR
84000000000,84,pool_v2v_veh_6_veh_10,veh_6,veh_10,DIRECT_V2V,10000000,DIAGNOSTIC_SYNTHETIC_VALUE,ONE_SHARED_POOL_PER_UNORDERED_PAIR
84000000000,84,pool_v2v_veh_7_veh_8,veh_7,veh_8,DIRECT_V2V,10000000,DIAGNOSTIC_SYNTHETIC_VALUE,ONE_SHARED_POOL_PER_UNORDERED_PAIR
84000000000,84,pool_v2v_veh_7_veh_9,veh_7,veh_9,DIRECT_V2V,10000000,DIAGNOSTIC_SYNTHETIC_VALUE,ONE_SHARED_POOL_PER_UNORDERED_PAIR
84000000000,84,pool_v2v_veh_7_veh_10,veh_7,veh_10,DIRECT_V2V,10000000,DIAGNOSTIC_SYNTHETIC_VALUE,ONE_SHARED_POOL_PER_UNORDERED_PAIR
84000000000,84,pool_v2v_veh_7_veh_11,veh_7,veh_11,DIRECT_V2V,10000000,DIAGNOSTIC_SYNTHETIC_VALUE,ONE_SHARED_POOL_PER_UNORDERED_PAIR
84000000000,84,pool_v2v_veh_8_veh_9,veh_8,veh_9,DIRECT_V2V,10000000,DIAGNOSTIC_SYNTHETIC_VALUE,ONE_SHARED_POOL_PER_UNORDERED_PAIR
84000000000,84,pool_v2v_veh_8_veh_10,veh_8,veh_10,DIRECT_V2V,10000000,DIAGNOSTIC_SYNTHETIC_VALUE,ONE_SHARED_POOL_PER_UNORDERED_PAIR
84000000000,84,pool_v2v_veh_8_veh_11,veh_8,veh_11,DIRECT_V2V,10000000,DIAGNOSTIC_SYNTHETIC_VALUE,ONE_SHARED_POOL_PER_UNORDERED_PAIR
84000000000,84,pool_v2v_veh_9_veh_10,veh_9,veh_10,DIRECT_V2V,10000000,DIAGNOSTIC_SYNTHETIC_VALUE,ONE_SHARED_POOL_PER_UNORDERED_PAIR
84000000000,84,pool_v2v_veh_9_veh_11,veh_9,veh_11,DIRECT_V2V,10000000,DIAGNOSTIC_SYNTHETIC_VALUE,ONE_SHARED_POOL_PER_UNORDERED_PAIR
84000000000,84,pool_v2v_veh_10_veh_11,veh_10,veh_11,DIRECT_V2V,10000000,DIAGNOSTIC_SYNTHETIC_VALUE,ONE_SHARED_POOL_PER_UNORDERED_PAIR
85000000000,85,pool_v2v_veh_0_veh_1,veh_0,veh_1,DIRECT_V2V,10000000,DIAGNOSTIC_SYNTHETIC_VALUE,ONE_SHARED_POOL_PER_UNORDERED_PAIR
85000000000,85,pool_v2v_veh_0_veh_2,veh_0,veh_2,DIRECT_V2V,10000000,DIAGNOSTIC_SYNTHETIC_VALUE,ONE_SHARED_POOL_PER_UNORDERED_PAIR
85000000000,85,pool_v2v_veh_0_veh_3,veh_0,veh_3,DIRECT_V2V,10000000,DIAGNOSTIC_SYNTHETIC_VALUE,ONE_SHARED_POOL_PER_UNORDERED_PAIR
85000000000,85,pool_v2v_veh_0_veh_4,veh_0,veh_4,DIRECT_V2V,10000000,DIAGNOSTIC_SYNTHETIC_VALUE,ONE_SHARED_POOL_PER_UNORDERED_PAIR
85000000000,85,pool_v2v_veh_0_veh_5,veh_0,veh_5,DIRECT_V2V,10000000,DIAGNOSTIC_SYNTHETIC_VALUE,ONE_SHARED_POOL_PER_UNORDERED_PAIR
85000000000,85,pool_v2v_veh_1_veh_2,veh_1,veh_2,DIRECT_V2V,10000000,DIAGNOSTIC_SYNTHETIC_VALUE,ONE_SHARED_POOL_PER_UNORDERED_PAIR
85000000000,85,pool_v2v_veh_1_veh_3,veh_1,veh_3,DIRECT_V2V,10000000,DIAGNOSTIC_SYNTHETIC_VALUE,ONE_SHARED_POOL_PER_UNORDERED_PAIR
85000000000,85,pool_v2v_veh_1_veh_4,veh_1,veh_4,DIRECT_V2V,10000000,DIAGNOSTIC_SYNTHETIC_VALUE,ONE_SHARED_POOL_PER_UNORDERED_PAIR
85000000000,85,pool_v2v_veh_1_veh_5,veh_1,veh_5,DIRECT_V2V,10000000,DIAGNOSTIC_SYNTHETIC_VALUE,ONE_SHARED_POOL_PER_UNORDERED_PAIR
85000000000,85,pool_v2v_veh_1_veh_6,veh_1,veh_6,DIRECT_V2V,10000000,DIAGNOSTIC_SYNTHETIC_VALUE,ONE_SHARED_POOL_PER_UNORDERED_PAIR
85000000000,85,pool_v2v_veh_2_veh_3,veh_2,veh_3,DIRECT_V2V,10000000,DIAGNOSTIC_SYNTHETIC_VALUE,ONE_SHARED_POOL_PER_UNORDERED_PAIR
85000000000,85,pool_v2v_veh_2_veh_4,veh_2,veh_4,DIRECT_V2V,10000000,DIAGNOSTIC_SYNTHETIC_VALUE,ONE_SHARED_POOL_PER_UNORDERED_PAIR
85000000000,85,pool_v2v_veh_2_veh_5,veh_2,veh_5,DIRECT_V2V,10000000,DIAGNOSTIC_SYNTHETIC_VALUE,ONE_SHARED_POOL_PER_UNORDERED_PAIR
85000000000,85,pool_v2v_veh_2_veh_6,veh_2,veh_6,DIRECT_V2V,10000000,DIAGNOSTIC_SYNTHETIC_VALUE,ONE_SHARED_POOL_PER_UNORDERED_PAIR
85000000000,85,pool_v2v_veh_2_veh_7,veh_2,veh_7,DIRECT_V2V,10000000,DIAGNOSTIC_SYNTHETIC_VALUE,ONE_SHARED_POOL_PER_UNORDERED_PAIR
85000000000,85,pool_v2v_veh_3_veh_4,veh_3,veh_4,DIRECT_V2V,10000000,DIAGNOSTIC_SYNTHETIC_VALUE,ONE_SHARED_POOL_PER_UNORDERED_PAIR
85000000000,85,pool_v2v_veh_3_veh_5,veh_3,veh_5,DIRECT_V2V,10000000,DIAGNOSTIC_SYNTHETIC_VALUE,ONE_SHARED_POOL_PER_UNORDERED_PAIR
85000000000,85,pool_v2v_veh_3_veh_6,veh_3,veh_6,DIRECT_V2V,10000000,DIAGNOSTIC_SYNTHETIC_VALUE,ONE_SHARED_POOL_PER_UNORDERED_PAIR
85000000000,85,pool_v2v_veh_3_veh_7,veh_3,veh_7,DIRECT_V2V,10000000,DIAGNOSTIC_SYNTHETIC_VALUE,ONE_SHARED_POOL_PER_UNORDERED_PAIR
85000000000,85,pool_v2v_veh_3_veh_8,veh_3,veh_8,DIRECT_V2V,10000000,DIAGNOSTIC_SYNTHETIC_VALUE,ONE_SHARED_POOL_PER_UNORDERED_PAIR
85000000000,85,pool_v2v_veh_4_veh_5,veh_4,veh_5,DIRECT_V2V,10000000,DIAGNOSTIC_SYNTHETIC_VALUE,ONE_SHARED_POOL_PER_UNORDERED_PAIR
85000000000,85,pool_v2v_veh_4_veh_6,veh_4,veh_6,DIRECT_V2V,10000000,DIAGNOSTIC_SYNTHETIC_VALUE,ONE_SHARED_POOL_PER_UNORDERED_PAIR
85000000000,85,pool_v2v_veh_4_veh_7,veh_4,veh_7,DIRECT_V2V,10000000,DIAGNOSTIC_SYNTHETIC_VALUE,ONE_SHARED_POOL_PER_UNORDERED_PAIR
85000000000,85,pool_v2v_veh_4_veh_8,veh_4,veh_8,DIRECT_V2V,10000000,DIAGNOSTIC_SYNTHETIC_VALUE,ONE_SHARED_POOL_PER_UNORDERED_PAIR
85000000000,85,pool_v2v_veh_4_veh_9,veh_4,veh_9,DIRECT_V2V,10000000,DIAGNOSTIC_SYNTHETIC_VALUE,ONE_SHARED_POOL_PER_UNORDERED_PAIR
85000000000,85,pool_v2v_veh_5_veh_6,veh_5,veh_6,DIRECT_V2V,10000000,DIAGNOSTIC_SYNTHETIC_VALUE,ONE_SHARED_POOL_PER_UNORDERED_PAIR
85000000000,85,pool_v2v_veh_5_veh_7,veh_5,veh_7,DIRECT_V2V,10000000,DIAGNOSTIC_SYNTHETIC_VALUE,ONE_SHARED_POOL_PER_UNORDERED_PAIR
85000000000,85,pool_v2v_veh_5_veh_8,veh_5,veh_8,DIRECT_V2V,10000000,DIAGNOSTIC_SYNTHETIC_VALUE,ONE_SHARED_POOL_PER_UNORDERED_PAIR
85000000000,85,pool_v2v_veh_5_veh_9,veh_5,veh_9,DIRECT_V2V,10000000,DIAGNOSTIC_SYNTHETIC_VALUE,ONE_SHARED_POOL_PER_UNORDERED_PAIR
85000000000,85,pool_v2v_veh_5_veh_10,veh_5,veh_10,DIRECT_V2V,10000000,DIAGNOSTIC_SYNTHETIC_VALUE,ONE_SHARED_POOL_PER_UNORDERED_PAIR
85000000000,85,pool_v2v_veh_6_veh_7,veh_6,veh_7,DIRECT_V2V,10000000,DIAGNOSTIC_SYNTHETIC_VALUE,ONE_SHARED_POOL_PER_UNORDERED_PAIR
85000000000,85,pool_v2v_veh_6_veh_8,veh_6,veh_8,DIRECT_V2V,10000000,DIAGNOSTIC_SYNTHETIC_VALUE,ONE_SHARED_POOL_PER_UNORDERED_PAIR
85000000000,85,pool_v2v_veh_6_veh_9,veh_6,veh_9,DIRECT_V2V,10000000,DIAGNOSTIC_SYNTHETIC_VALUE,ONE_SHARED_POOL_PER_UNORDERED_PAIR
85000000000,85,pool_v2v_veh_6_veh_10,veh_6,veh_10,DIRECT_V2V,10000000,DIAGNOSTIC_SYNTHETIC_VALUE,ONE_SHARED_POOL_PER_UNORDERED_PAIR
85000000000,85,pool_v2v_veh_7_veh_8,veh_7,veh_8,DIRECT_V2V,10000000,DIAGNOSTIC_SYNTHETIC_VALUE,ONE_SHARED_POOL_PER_UNORDERED_PAIR
85000000000,85,pool_v2v_veh_7_veh_9,veh_7,veh_9,DIRECT_V2V,10000000,DIAGNOSTIC_SYNTHETIC_VALUE,ONE_SHARED_POOL_PER_UNORDERED_PAIR
85000000000,85,pool_v2v_veh_7_veh_10,veh_7,veh_10,DIRECT_V2V,10000000,DIAGNOSTIC_SYNTHETIC_VALUE,ONE_SHARED_POOL_PER_UNORDERED_PAIR
85000000000,85,pool_v2v_veh_7_veh_11,veh_7,veh_11,DIRECT_V2V,10000000,DIAGNOSTIC_SYNTHETIC_VALUE,ONE_SHARED_POOL_PER_UNORDERED_PAIR
85000000000,85,pool_v2v_veh_8_veh_9,veh_8,veh_9,DIRECT_V2V,10000000,DIAGNOSTIC_SYNTHETIC_VALUE,ONE_SHARED_POOL_PER_UNORDERED_PAIR
85000000000,85,pool_v2v_veh_8_veh_10,veh_8,veh_10,DIRECT_V2V,10000000,DIAGNOSTIC_SYNTHETIC_VALUE,ONE_SHARED_POOL_PER_UNORDERED_PAIR
85000000000,85,pool_v2v_veh_8_veh_11,veh_8,veh_11,DIRECT_V2V,10000000,DIAGNOSTIC_SYNTHETIC_VALUE,ONE_SHARED_POOL_PER_UNORDERED_PAIR
85000000000,85,pool_v2v_veh_9_veh_10,veh_9,veh_10,DIRECT_V2V,10000000,DIAGNOSTIC_SYNTHETIC_VALUE,ONE_SHARED_POOL_PER_UNORDERED_PAIR
85000000000,85,pool_v2v_veh_9_veh_11,veh_9,veh_11,DIRECT_V2V,10000000,DIAGNOSTIC_SYNTHETIC_VALUE,ONE_SHARED_POOL_PER_UNORDERED_PAIR
85000000000,85,pool_v2v_veh_10_veh_11,veh_10,veh_11,DIRECT_V2V,10000000,DIAGNOSTIC_SYNTHETIC_VALUE,ONE_SHARED_POOL_PER_UNORDERED_PAIR
86000000000,86,pool_v2v_veh_0_veh_1,veh_0,veh_1,DIRECT_V2V,10000000,DIAGNOSTIC_SYNTHETIC_VALUE,ONE_SHARED_POOL_PER_UNORDERED_PAIR
86000000000,86,pool_v2v_veh_0_veh_2,veh_0,veh_2,DIRECT_V2V,10000000,DIAGNOSTIC_SYNTHETIC_VALUE,ONE_SHARED_POOL_PER_UNORDERED_PAIR
86000000000,86,pool_v2v_veh_0_veh_3,veh_0,veh_3,DIRECT_V2V,10000000,DIAGNOSTIC_SYNTHETIC_VALUE,ONE_SHARED_POOL_PER_UNORDERED_PAIR
86000000000,86,pool_v2v_veh_0_veh_4,veh_0,veh_4,DIRECT_V2V,10000000,DIAGNOSTIC_SYNTHETIC_VALUE,ONE_SHARED_POOL_PER_UNORDERED_PAIR
86000000000,86,pool_v2v_veh_0_veh_5,veh_0,veh_5,DIRECT_V2V,10000000,DIAGNOSTIC_SYNTHETIC_VALUE,ONE_SHARED_POOL_PER_UNORDERED_PAIR
86000000000,86,pool_v2v_veh_1_veh_2,veh_1,veh_2,DIRECT_V2V,10000000,DIAGNOSTIC_SYNTHETIC_VALUE,ONE_SHARED_POOL_PER_UNORDERED_PAIR
86000000000,86,pool_v2v_veh_1_veh_3,veh_1,veh_3,DIRECT_V2V,10000000,DIAGNOSTIC_SYNTHETIC_VALUE,ONE_SHARED_POOL_PER_UNORDERED_PAIR
86000000000,86,pool_v2v_veh_1_veh_4,veh_1,veh_4,DIRECT_V2V,10000000,DIAGNOSTIC_SYNTHETIC_VALUE,ONE_SHARED_POOL_PER_UNORDERED_PAIR
86000000000,86,pool_v2v_veh_1_veh_5,veh_1,veh_5,DIRECT_V2V,10000000,DIAGNOSTIC_SYNTHETIC_VALUE,ONE_SHARED_POOL_PER_UNORDERED_PAIR
86000000000,86,pool_v2v_veh_1_veh_6,veh_1,veh_6,DIRECT_V2V,10000000,DIAGNOSTIC_SYNTHETIC_VALUE,ONE_SHARED_POOL_PER_UNORDERED_PAIR
86000000000,86,pool_v2v_veh_2_veh_3,veh_2,veh_3,DIRECT_V2V,10000000,DIAGNOSTIC_SYNTHETIC_VALUE,ONE_SHARED_POOL_PER_UNORDERED_PAIR
86000000000,86,pool_v2v_veh_2_veh_4,veh_2,veh_4,DIRECT_V2V,10000000,DIAGNOSTIC_SYNTHETIC_VALUE,ONE_SHARED_POOL_PER_UNORDERED_PAIR
86000000000,86,pool_v2v_veh_2_veh_5,veh_2,veh_5,DIRECT_V2V,10000000,DIAGNOSTIC_SYNTHETIC_VALUE,ONE_SHARED_POOL_PER_UNORDERED_PAIR
86000000000,86,pool_v2v_veh_2_veh_6,veh_2,veh_6,DIRECT_V2V,10000000,DIAGNOSTIC_SYNTHETIC_VALUE,ONE_SHARED_POOL_PER_UNORDERED_PAIR
86000000000,86,pool_v2v_veh_2_veh_7,veh_2,veh_7,DIRECT_V2V,10000000,DIAGNOSTIC_SYNTHETIC_VALUE,ONE_SHARED_POOL_PER_UNORDERED_PAIR
86000000000,86,pool_v2v_veh_3_veh_4,veh_3,veh_4,DIRECT_V2V,10000000,DIAGNOSTIC_SYNTHETIC_VALUE,ONE_SHARED_POOL_PER_UNORDERED_PAIR
86000000000,86,pool_v2v_veh_3_veh_5,veh_3,veh_5,DIRECT_V2V,10000000,DIAGNOSTIC_SYNTHETIC_VALUE,ONE_SHARED_POOL_PER_UNORDERED_PAIR
86000000000,86,pool_v2v_veh_3_veh_6,veh_3,veh_6,DIRECT_V2V,10000000,DIAGNOSTIC_SYNTHETIC_VALUE,ONE_SHARED_POOL_PER_UNORDERED_PAIR
86000000000,86,pool_v2v_veh_3_veh_7,veh_3,veh_7,DIRECT_V2V,10000000,DIAGNOSTIC_SYNTHETIC_VALUE,ONE_SHARED_POOL_PER_UNORDERED_PAIR
86000000000,86,pool_v2v_veh_3_veh_8,veh_3,veh_8,DIRECT_V2V,10000000,DIAGNOSTIC_SYNTHETIC_VALUE,ONE_SHARED_POOL_PER_UNORDERED_PAIR
86000000000,86,pool_v2v_veh_4_veh_5,veh_4,veh_5,DIRECT_V2V,10000000,DIAGNOSTIC_SYNTHETIC_VALUE,ONE_SHARED_POOL_PER_UNORDERED_PAIR
86000000000,86,pool_v2v_veh_4_veh_6,veh_4,veh_6,DIRECT_V2V,10000000,DIAGNOSTIC_SYNTHETIC_VALUE,ONE_SHARED_POOL_PER_UNORDERED_PAIR
86000000000,86,pool_v2v_veh_4_veh_7,veh_4,veh_7,DIRECT_V2V,10000000,DIAGNOSTIC_SYNTHETIC_VALUE,ONE_SHARED_POOL_PER_UNORDERED_PAIR
86000000000,86,pool_v2v_veh_4_veh_8,veh_4,veh_8,DIRECT_V2V,10000000,DIAGNOSTIC_SYNTHETIC_VALUE,ONE_SHARED_POOL_PER_UNORDERED_PAIR
86000000000,86,pool_v2v_veh_4_veh_9,veh_4,veh_9,DIRECT_V2V,10000000,DIAGNOSTIC_SYNTHETIC_VALUE,ONE_SHARED_POOL_PER_UNORDERED_PAIR
86000000000,86,pool_v2v_veh_5_veh_6,veh_5,veh_6,DIRECT_V2V,10000000,DIAGNOSTIC_SYNTHETIC_VALUE,ONE_SHARED_POOL_PER_UNORDERED_PAIR
86000000000,86,pool_v2v_veh_5_veh_7,veh_5,veh_7,DIRECT_V2V,10000000,DIAGNOSTIC_SYNTHETIC_VALUE,ONE_SHARED_POOL_PER_UNORDERED_PAIR
86000000000,86,pool_v2v_veh_5_veh_8,veh_5,veh_8,DIRECT_V2V,10000000,DIAGNOSTIC_SYNTHETIC_VALUE,ONE_SHARED_POOL_PER_UNORDERED_PAIR
86000000000,86,pool_v2v_veh_5_veh_9,veh_5,veh_9,DIRECT_V2V,10000000,DIAGNOSTIC_SYNTHETIC_VALUE,ONE_SHARED_POOL_PER_UNORDERED_PAIR
86000000000,86,pool_v2v_veh_5_veh_10,veh_5,veh_10,DIRECT_V2V,10000000,DIAGNOSTIC_SYNTHETIC_VALUE,ONE_SHARED_POOL_PER_UNORDERED_PAIR
86000000000,86,pool_v2v_veh_6_veh_7,veh_6,veh_7,DIRECT_V2V,10000000,DIAGNOSTIC_SYNTHETIC_VALUE,ONE_SHARED_POOL_PER_UNORDERED_PAIR
86000000000,86,pool_v2v_veh_6_veh_8,veh_6,veh_8,DIRECT_V2V,10000000,DIAGNOSTIC_SYNTHETIC_VALUE,ONE_SHARED_POOL_PER_UNORDERED_PAIR
86000000000,86,pool_v2v_veh_6_veh_9,veh_6,veh_9,DIRECT_V2V,10000000,DIAGNOSTIC_SYNTHETIC_VALUE,ONE_SHARED_POOL_PER_UNORDERED_PAIR
86000000000,86,pool_v2v_veh_6_veh_10,veh_6,veh_10,DIRECT_V2V,10000000,DIAGNOSTIC_SYNTHETIC_VALUE,ONE_SHARED_POOL_PER_UNORDERED_PAIR
86000000000,86,pool_v2v_veh_7_veh_8,veh_7,veh_8,DIRECT_V2V,10000000,DIAGNOSTIC_SYNTHETIC_VALUE,ONE_SHARED_POOL_PER_UNORDERED_PAIR
86000000000,86,pool_v2v_veh_7_veh_9,veh_7,veh_9,DIRECT_V2V,10000000,DIAGNOSTIC_SYNTHETIC_VALUE,ONE_SHARED_POOL_PER_UNORDERED_PAIR
86000000000,86,pool_v2v_veh_7_veh_10,veh_7,veh_10,DIRECT_V2V,10000000,DIAGNOSTIC_SYNTHETIC_VALUE,ONE_SHARED_POOL_PER_UNORDERED_PAIR
86000000000,86,pool_v2v_veh_7_veh_11,veh_7,veh_11,DIRECT_V2V,10000000,DIAGNOSTIC_SYNTHETIC_VALUE,ONE_SHARED_POOL_PER_UNORDERED_PAIR
86000000000,86,pool_v2v_veh_8_veh_9,veh_8,veh_9,DIRECT_V2V,10000000,DIAGNOSTIC_SYNTHETIC_VALUE,ONE_SHARED_POOL_PER_UNORDERED_PAIR
86000000000,86,pool_v2v_veh_8_veh_10,veh_8,veh_10,DIRECT_V2V,10000000,DIAGNOSTIC_SYNTHETIC_VALUE,ONE_SHARED_POOL_PER_UNORDERED_PAIR
86000000000,86,pool_v2v_veh_8_veh_11,veh_8,veh_11,DIRECT_V2V,10000000,DIAGNOSTIC_SYNTHETIC_VALUE,ONE_SHARED_POOL_PER_UNORDERED_PAIR
86000000000,86,pool_v2v_veh_9_veh_10,veh_9,veh_10,DIRECT_V2V,10000000,DIAGNOSTIC_SYNTHETIC_VALUE,ONE_SHARED_POOL_PER_UNORDERED_PAIR
86000000000,86,pool_v2v_veh_9_veh_11,veh_9,veh_11,DIRECT_V2V,10000000,DIAGNOSTIC_SYNTHETIC_VALUE,ONE_SHARED_POOL_PER_UNORDERED_PAIR
86000000000,86,pool_v2v_veh_10_veh_11,veh_10,veh_11,DIRECT_V2V,10000000,DIAGNOSTIC_SYNTHETIC_VALUE,ONE_SHARED_POOL_PER_UNORDERED_PAIR
87000000000,87,pool_v2v_veh_0_veh_1,veh_0,veh_1,DIRECT_V2V,10000000,DIAGNOSTIC_SYNTHETIC_VALUE,ONE_SHARED_POOL_PER_UNORDERED_PAIR
87000000000,87,pool_v2v_veh_0_veh_2,veh_0,veh_2,DIRECT_V2V,10000000,DIAGNOSTIC_SYNTHETIC_VALUE,ONE_SHARED_POOL_PER_UNORDERED_PAIR
87000000000,87,pool_v2v_veh_0_veh_3,veh_0,veh_3,DIRECT_V2V,10000000,DIAGNOSTIC_SYNTHETIC_VALUE,ONE_SHARED_POOL_PER_UNORDERED_PAIR
87000000000,87,pool_v2v_veh_0_veh_4,veh_0,veh_4,DIRECT_V2V,10000000,DIAGNOSTIC_SYNTHETIC_VALUE,ONE_SHARED_POOL_PER_UNORDERED_PAIR
87000000000,87,pool_v2v_veh_0_veh_5,veh_0,veh_5,DIRECT_V2V,10000000,DIAGNOSTIC_SYNTHETIC_VALUE,ONE_SHARED_POOL_PER_UNORDERED_PAIR
87000000000,87,pool_v2v_veh_1_veh_2,veh_1,veh_2,DIRECT_V2V,10000000,DIAGNOSTIC_SYNTHETIC_VALUE,ONE_SHARED_POOL_PER_UNORDERED_PAIR
87000000000,87,pool_v2v_veh_1_veh_3,veh_1,veh_3,DIRECT_V2V,10000000,DIAGNOSTIC_SYNTHETIC_VALUE,ONE_SHARED_POOL_PER_UNORDERED_PAIR
87000000000,87,pool_v2v_veh_1_veh_4,veh_1,veh_4,DIRECT_V2V,10000000,DIAGNOSTIC_SYNTHETIC_VALUE,ONE_SHARED_POOL_PER_UNORDERED_PAIR
87000000000,87,pool_v2v_veh_1_veh_5,veh_1,veh_5,DIRECT_V2V,10000000,DIAGNOSTIC_SYNTHETIC_VALUE,ONE_SHARED_POOL_PER_UNORDERED_PAIR
87000000000,87,pool_v2v_veh_1_veh_6,veh_1,veh_6,DIRECT_V2V,10000000,DIAGNOSTIC_SYNTHETIC_VALUE,ONE_SHARED_POOL_PER_UNORDERED_PAIR
87000000000,87,pool_v2v_veh_2_veh_3,veh_2,veh_3,DIRECT_V2V,10000000,DIAGNOSTIC_SYNTHETIC_VALUE,ONE_SHARED_POOL_PER_UNORDERED_PAIR
87000000000,87,pool_v2v_veh_2_veh_4,veh_2,veh_4,DIRECT_V2V,10000000,DIAGNOSTIC_SYNTHETIC_VALUE,ONE_SHARED_POOL_PER_UNORDERED_PAIR
87000000000,87,pool_v2v_veh_2_veh_5,veh_2,veh_5,DIRECT_V2V,10000000,DIAGNOSTIC_SYNTHETIC_VALUE,ONE_SHARED_POOL_PER_UNORDERED_PAIR
87000000000,87,pool_v2v_veh_2_veh_6,veh_2,veh_6,DIRECT_V2V,10000000,DIAGNOSTIC_SYNTHETIC_VALUE,ONE_SHARED_POOL_PER_UNORDERED_PAIR
87000000000,87,pool_v2v_veh_2_veh_7,veh_2,veh_7,DIRECT_V2V,10000000,DIAGNOSTIC_SYNTHETIC_VALUE,ONE_SHARED_POOL_PER_UNORDERED_PAIR
87000000000,87,pool_v2v_veh_3_veh_4,veh_3,veh_4,DIRECT_V2V,10000000,DIAGNOSTIC_SYNTHETIC_VALUE,ONE_SHARED_POOL_PER_UNORDERED_PAIR
87000000000,87,pool_v2v_veh_3_veh_5,veh_3,veh_5,DIRECT_V2V,10000000,DIAGNOSTIC_SYNTHETIC_VALUE,ONE_SHARED_POOL_PER_UNORDERED_PAIR
87000000000,87,pool_v2v_veh_3_veh_6,veh_3,veh_6,DIRECT_V2V,10000000,DIAGNOSTIC_SYNTHETIC_VALUE,ONE_SHARED_POOL_PER_UNORDERED_PAIR
87000000000,87,pool_v2v_veh_3_veh_7,veh_3,veh_7,DIRECT_V2V,10000000,DIAGNOSTIC_SYNTHETIC_VALUE,ONE_SHARED_POOL_PER_UNORDERED_PAIR
87000000000,87,pool_v2v_veh_3_veh_8,veh_3,veh_8,DIRECT_V2V,10000000,DIAGNOSTIC_SYNTHETIC_VALUE,ONE_SHARED_POOL_PER_UNORDERED_PAIR
87000000000,87,pool_v2v_veh_4_veh_5,veh_4,veh_5,DIRECT_V2V,10000000,DIAGNOSTIC_SYNTHETIC_VALUE,ONE_SHARED_POOL_PER_UNORDERED_PAIR
87000000000,87,pool_v2v_veh_4_veh_6,veh_4,veh_6,DIRECT_V2V,10000000,DIAGNOSTIC_SYNTHETIC_VALUE,ONE_SHARED_POOL_PER_UNORDERED_PAIR
87000000000,87,pool_v2v_veh_4_veh_7,veh_4,veh_7,DIRECT_V2V,10000000,DIAGNOSTIC_SYNTHETIC_VALUE,ONE_SHARED_POOL_PER_UNORDERED_PAIR
87000000000,87,pool_v2v_veh_4_veh_8,veh_4,veh_8,DIRECT_V2V,10000000,DIAGNOSTIC_SYNTHETIC_VALUE,ONE_SHARED_POOL_PER_UNORDERED_PAIR
87000000000,87,pool_v2v_veh_4_veh_9,veh_4,veh_9,DIRECT_V2V,10000000,DIAGNOSTIC_SYNTHETIC_VALUE,ONE_SHARED_POOL_PER_UNORDERED_PAIR
87000000000,87,pool_v2v_veh_5_veh_6,veh_5,veh_6,DIRECT_V2V,10000000,DIAGNOSTIC_SYNTHETIC_VALUE,ONE_SHARED_POOL_PER_UNORDERED_PAIR
87000000000,87,pool_v2v_veh_5_veh_7,veh_5,veh_7,DIRECT_V2V,10000000,DIAGNOSTIC_SYNTHETIC_VALUE,ONE_SHARED_POOL_PER_UNORDERED_PAIR
87000000000,87,pool_v2v_veh_5_veh_8,veh_5,veh_8,DIRECT_V2V,10000000,DIAGNOSTIC_SYNTHETIC_VALUE,ONE_SHARED_POOL_PER_UNORDERED_PAIR
87000000000,87,pool_v2v_veh_5_veh_9,veh_5,veh_9,DIRECT_V2V,10000000,DIAGNOSTIC_SYNTHETIC_VALUE,ONE_SHARED_POOL_PER_UNORDERED_PAIR
87000000000,87,pool_v2v_veh_5_veh_10,veh_5,veh_10,DIRECT_V2V,10000000,DIAGNOSTIC_SYNTHETIC_VALUE,ONE_SHARED_POOL_PER_UNORDERED_PAIR
87000000000,87,pool_v2v_veh_6_veh_7,veh_6,veh_7,DIRECT_V2V,10000000,DIAGNOSTIC_SYNTHETIC_VALUE,ONE_SHARED_POOL_PER_UNORDERED_PAIR
87000000000,87,pool_v2v_veh_6_veh_8,veh_6,veh_8,DIRECT_V2V,10000000,DIAGNOSTIC_SYNTHETIC_VALUE,ONE_SHARED_POOL_PER_UNORDERED_PAIR
87000000000,87,pool_v2v_veh_6_veh_9,veh_6,veh_9,DIRECT_V2V,10000000,DIAGNOSTIC_SYNTHETIC_VALUE,ONE_SHARED_POOL_PER_UNORDERED_PAIR
87000000000,87,pool_v2v_veh_6_veh_10,veh_6,veh_10,DIRECT_V2V,10000000,DIAGNOSTIC_SYNTHETIC_VALUE,ONE_SHARED_POOL_PER_UNORDERED_PAIR
87000000000,87,pool_v2v_veh_7_veh_8,veh_7,veh_8,DIRECT_V2V,10000000,DIAGNOSTIC_SYNTHETIC_VALUE,ONE_SHARED_POOL_PER_UNORDERED_PAIR
87000000000,87,pool_v2v_veh_7_veh_9,veh_7,veh_9,DIRECT_V2V,10000000,DIAGNOSTIC_SYNTHETIC_VALUE,ONE_SHARED_POOL_PER_UNORDERED_PAIR
87000000000,87,pool_v2v_veh_7_veh_10,veh_7,veh_10,DIRECT_V2V,10000000,DIAGNOSTIC_SYNTHETIC_VALUE,ONE_SHARED_POOL_PER_UNORDERED_PAIR
87000000000,87,pool_v2v_veh_7_veh_11,veh_7,veh_11,DIRECT_V2V,10000000,DIAGNOSTIC_SYNTHETIC_VALUE,ONE_SHARED_POOL_PER_UNORDERED_PAIR
87000000000,87,pool_v2v_veh_8_veh_9,veh_8,veh_9,DIRECT_V2V,10000000,DIAGNOSTIC_SYNTHETIC_VALUE,ONE_SHARED_POOL_PER_UNORDERED_PAIR
87000000000,87,pool_v2v_veh_8_veh_10,veh_8,veh_10,DIRECT_V2V,10000000,DIAGNOSTIC_SYNTHETIC_VALUE,ONE_SHARED_POOL_PER_UNORDERED_PAIR
87000000000,87,pool_v2v_veh_8_veh_11,veh_8,veh_11,DIRECT_V2V,10000000,DIAGNOSTIC_SYNTHETIC_VALUE,ONE_SHARED_POOL_PER_UNORDERED_PAIR
87000000000,87,pool_v2v_veh_9_veh_10,veh_9,veh_10,DIRECT_V2V,10000000,DIAGNOSTIC_SYNTHETIC_VALUE,ONE_SHARED_POOL_PER_UNORDERED_PAIR
87000000000,87,pool_v2v_veh_9_veh_11,veh_9,veh_11,DIRECT_V2V,10000000,DIAGNOSTIC_SYNTHETIC_VALUE,ONE_SHARED_POOL_PER_UNORDERED_PAIR
87000000000,87,pool_v2v_veh_10_veh_11,veh_10,veh_11,DIRECT_V2V,10000000,DIAGNOSTIC_SYNTHETIC_VALUE,ONE_SHARED_POOL_PER_UNORDERED_PAIR
88000000000,88,pool_v2v_veh_0_veh_1,veh_0,veh_1,DIRECT_V2V,10000000,DIAGNOSTIC_SYNTHETIC_VALUE,ONE_SHARED_POOL_PER_UNORDERED_PAIR
88000000000,88,pool_v2v_veh_0_veh_2,veh_0,veh_2,DIRECT_V2V,10000000,DIAGNOSTIC_SYNTHETIC_VALUE,ONE_SHARED_POOL_PER_UNORDERED_PAIR
88000000000,88,pool_v2v_veh_0_veh_3,veh_0,veh_3,DIRECT_V2V,10000000,DIAGNOSTIC_SYNTHETIC_VALUE,ONE_SHARED_POOL_PER_UNORDERED_PAIR
88000000000,88,pool_v2v_veh_0_veh_4,veh_0,veh_4,DIRECT_V2V,10000000,DIAGNOSTIC_SYNTHETIC_VALUE,ONE_SHARED_POOL_PER_UNORDERED_PAIR
88000000000,88,pool_v2v_veh_0_veh_5,veh_0,veh_5,DIRECT_V2V,10000000,DIAGNOSTIC_SYNTHETIC_VALUE,ONE_SHARED_POOL_PER_UNORDERED_PAIR
88000000000,88,pool_v2v_veh_1_veh_2,veh_1,veh_2,DIRECT_V2V,10000000,DIAGNOSTIC_SYNTHETIC_VALUE,ONE_SHARED_POOL_PER_UNORDERED_PAIR
88000000000,88,pool_v2v_veh_1_veh_3,veh_1,veh_3,DIRECT_V2V,10000000,DIAGNOSTIC_SYNTHETIC_VALUE,ONE_SHARED_POOL_PER_UNORDERED_PAIR
88000000000,88,pool_v2v_veh_1_veh_4,veh_1,veh_4,DIRECT_V2V,10000000,DIAGNOSTIC_SYNTHETIC_VALUE,ONE_SHARED_POOL_PER_UNORDERED_PAIR
88000000000,88,pool_v2v_veh_1_veh_5,veh_1,veh_5,DIRECT_V2V,10000000,DIAGNOSTIC_SYNTHETIC_VALUE,ONE_SHARED_POOL_PER_UNORDERED_PAIR
88000000000,88,pool_v2v_veh_1_veh_6,veh_1,veh_6,DIRECT_V2V,10000000,DIAGNOSTIC_SYNTHETIC_VALUE,ONE_SHARED_POOL_PER_UNORDERED_PAIR
88000000000,88,pool_v2v_veh_2_veh_3,veh_2,veh_3,DIRECT_V2V,10000000,DIAGNOSTIC_SYNTHETIC_VALUE,ONE_SHARED_POOL_PER_UNORDERED_PAIR
88000000000,88,pool_v2v_veh_2_veh_4,veh_2,veh_4,DIRECT_V2V,10000000,DIAGNOSTIC_SYNTHETIC_VALUE,ONE_SHARED_POOL_PER_UNORDERED_PAIR
88000000000,88,pool_v2v_veh_2_veh_5,veh_2,veh_5,DIRECT_V2V,10000000,DIAGNOSTIC_SYNTHETIC_VALUE,ONE_SHARED_POOL_PER_UNORDERED_PAIR
88000000000,88,pool_v2v_veh_2_veh_6,veh_2,veh_6,DIRECT_V2V,10000000,DIAGNOSTIC_SYNTHETIC_VALUE,ONE_SHARED_POOL_PER_UNORDERED_PAIR
88000000000,88,pool_v2v_veh_2_veh_7,veh_2,veh_7,DIRECT_V2V,10000000,DIAGNOSTIC_SYNTHETIC_VALUE,ONE_SHARED_POOL_PER_UNORDERED_PAIR
88000000000,88,pool_v2v_veh_3_veh_4,veh_3,veh_4,DIRECT_V2V,10000000,DIAGNOSTIC_SYNTHETIC_VALUE,ONE_SHARED_POOL_PER_UNORDERED_PAIR
88000000000,88,pool_v2v_veh_3_veh_5,veh_3,veh_5,DIRECT_V2V,10000000,DIAGNOSTIC_SYNTHETIC_VALUE,ONE_SHARED_POOL_PER_UNORDERED_PAIR
88000000000,88,pool_v2v_veh_3_veh_6,veh_3,veh_6,DIRECT_V2V,10000000,DIAGNOSTIC_SYNTHETIC_VALUE,ONE_SHARED_POOL_PER_UNORDERED_PAIR
88000000000,88,pool_v2v_veh_3_veh_7,veh_3,veh_7,DIRECT_V2V,10000000,DIAGNOSTIC_SYNTHETIC_VALUE,ONE_SHARED_POOL_PER_UNORDERED_PAIR
88000000000,88,pool_v2v_veh_3_veh_8,veh_3,veh_8,DIRECT_V2V,10000000,DIAGNOSTIC_SYNTHETIC_VALUE,ONE_SHARED_POOL_PER_UNORDERED_PAIR
88000000000,88,pool_v2v_veh_4_veh_5,veh_4,veh_5,DIRECT_V2V,10000000,DIAGNOSTIC_SYNTHETIC_VALUE,ONE_SHARED_POOL_PER_UNORDERED_PAIR
88000000000,88,pool_v2v_veh_4_veh_6,veh_4,veh_6,DIRECT_V2V,10000000,DIAGNOSTIC_SYNTHETIC_VALUE,ONE_SHARED_POOL_PER_UNORDERED_PAIR
88000000000,88,pool_v2v_veh_4_veh_7,veh_4,veh_7,DIRECT_V2V,10000000,DIAGNOSTIC_SYNTHETIC_VALUE,ONE_SHARED_POOL_PER_UNORDERED_PAIR
88000000000,88,pool_v2v_veh_4_veh_8,veh_4,veh_8,DIRECT_V2V,10000000,DIAGNOSTIC_SYNTHETIC_VALUE,ONE_SHARED_POOL_PER_UNORDERED_PAIR
88000000000,88,pool_v2v_veh_4_veh_9,veh_4,veh_9,DIRECT_V2V,10000000,DIAGNOSTIC_SYNTHETIC_VALUE,ONE_SHARED_POOL_PER_UNORDERED_PAIR
88000000000,88,pool_v2v_veh_5_veh_6,veh_5,veh_6,DIRECT_V2V,10000000,DIAGNOSTIC_SYNTHETIC_VALUE,ONE_SHARED_POOL_PER_UNORDERED_PAIR
88000000000,88,pool_v2v_veh_5_veh_7,veh_5,veh_7,DIRECT_V2V,10000000,DIAGNOSTIC_SYNTHETIC_VALUE,ONE_SHARED_POOL_PER_UNORDERED_PAIR
88000000000,88,pool_v2v_veh_5_veh_8,veh_5,veh_8,DIRECT_V2V,10000000,DIAGNOSTIC_SYNTHETIC_VALUE,ONE_SHARED_POOL_PER_UNORDERED_PAIR
88000000000,88,pool_v2v_veh_5_veh_9,veh_5,veh_9,DIRECT_V2V,10000000,DIAGNOSTIC_SYNTHETIC_VALUE,ONE_SHARED_POOL_PER_UNORDERED_PAIR
88000000000,88,pool_v2v_veh_5_veh_10,veh_5,veh_10,DIRECT_V2V,10000000,DIAGNOSTIC_SYNTHETIC_VALUE,ONE_SHARED_POOL_PER_UNORDERED_PAIR
88000000000,88,pool_v2v_veh_6_veh_7,veh_6,veh_7,DIRECT_V2V,10000000,DIAGNOSTIC_SYNTHETIC_VALUE,ONE_SHARED_POOL_PER_UNORDERED_PAIR
88000000000,88,pool_v2v_veh_6_veh_8,veh_6,veh_8,DIRECT_V2V,10000000,DIAGNOSTIC_SYNTHETIC_VALUE,ONE_SHARED_POOL_PER_UNORDERED_PAIR
88000000000,88,pool_v2v_veh_6_veh_9,veh_6,veh_9,DIRECT_V2V,10000000,DIAGNOSTIC_SYNTHETIC_VALUE,ONE_SHARED_POOL_PER_UNORDERED_PAIR
88000000000,88,pool_v2v_veh_6_veh_10,veh_6,veh_10,DIRECT_V2V,10000000,DIAGNOSTIC_SYNTHETIC_VALUE,ONE_SHARED_POOL_PER_UNORDERED_PAIR
88000000000,88,pool_v2v_veh_7_veh_8,veh_7,veh_8,DIRECT_V2V,10000000,DIAGNOSTIC_SYNTHETIC_VALUE,ONE_SHARED_POOL_PER_UNORDERED_PAIR
88000000000,88,pool_v2v_veh_7_veh_9,veh_7,veh_9,DIRECT_V2V,10000000,DIAGNOSTIC_SYNTHETIC_VALUE,ONE_SHARED_POOL_PER_UNORDERED_PAIR
88000000000,88,pool_v2v_veh_7_veh_10,veh_7,veh_10,DIRECT_V2V,10000000,DIAGNOSTIC_SYNTHETIC_VALUE,ONE_SHARED_POOL_PER_UNORDERED_PAIR
88000000000,88,pool_v2v_veh_7_veh_11,veh_7,veh_11,DIRECT_V2V,10000000,DIAGNOSTIC_SYNTHETIC_VALUE,ONE_SHARED_POOL_PER_UNORDERED_PAIR
88000000000,88,pool_v2v_veh_8_veh_9,veh_8,veh_9,DIRECT_V2V,10000000,DIAGNOSTIC_SYNTHETIC_VALUE,ONE_SHARED_POOL_PER_UNORDERED_PAIR
88000000000,88,pool_v2v_veh_8_veh_10,veh_8,veh_10,DIRECT_V2V,10000000,DIAGNOSTIC_SYNTHETIC_VALUE,ONE_SHARED_POOL_PER_UNORDERED_PAIR
88000000000,88,pool_v2v_veh_8_veh_11,veh_8,veh_11,DIRECT_V2V,10000000,DIAGNOSTIC_SYNTHETIC_VALUE,ONE_SHARED_POOL_PER_UNORDERED_PAIR
88000000000,88,pool_v2v_veh_9_veh_10,veh_9,veh_10,DIRECT_V2V,10000000,DIAGNOSTIC_SYNTHETIC_VALUE,ONE_SHARED_POOL_PER_UNORDERED_PAIR
88000000000,88,pool_v2v_veh_9_veh_11,veh_9,veh_11,DIRECT_V2V,10000000,DIAGNOSTIC_SYNTHETIC_VALUE,ONE_SHARED_POOL_PER_UNORDERED_PAIR
88000000000,88,pool_v2v_veh_10_veh_11,veh_10,veh_11,DIRECT_V2V,10000000,DIAGNOSTIC_SYNTHETIC_VALUE,ONE_SHARED_POOL_PER_UNORDERED_PAIR
89000000000,89,pool_v2v_veh_0_veh_1,veh_0,veh_1,DIRECT_V2V,10000000,DIAGNOSTIC_SYNTHETIC_VALUE,ONE_SHARED_POOL_PER_UNORDERED_PAIR
89000000000,89,pool_v2v_veh_0_veh_2,veh_0,veh_2,DIRECT_V2V,10000000,DIAGNOSTIC_SYNTHETIC_VALUE,ONE_SHARED_POOL_PER_UNORDERED_PAIR
89000000000,89,pool_v2v_veh_0_veh_3,veh_0,veh_3,DIRECT_V2V,10000000,DIAGNOSTIC_SYNTHETIC_VALUE,ONE_SHARED_POOL_PER_UNORDERED_PAIR
89000000000,89,pool_v2v_veh_0_veh_4,veh_0,veh_4,DIRECT_V2V,10000000,DIAGNOSTIC_SYNTHETIC_VALUE,ONE_SHARED_POOL_PER_UNORDERED_PAIR
89000000000,89,pool_v2v_veh_0_veh_5,veh_0,veh_5,DIRECT_V2V,10000000,DIAGNOSTIC_SYNTHETIC_VALUE,ONE_SHARED_POOL_PER_UNORDERED_PAIR
89000000000,89,pool_v2v_veh_1_veh_2,veh_1,veh_2,DIRECT_V2V,10000000,DIAGNOSTIC_SYNTHETIC_VALUE,ONE_SHARED_POOL_PER_UNORDERED_PAIR
89000000000,89,pool_v2v_veh_1_veh_3,veh_1,veh_3,DIRECT_V2V,10000000,DIAGNOSTIC_SYNTHETIC_VALUE,ONE_SHARED_POOL_PER_UNORDERED_PAIR
89000000000,89,pool_v2v_veh_1_veh_4,veh_1,veh_4,DIRECT_V2V,10000000,DIAGNOSTIC_SYNTHETIC_VALUE,ONE_SHARED_POOL_PER_UNORDERED_PAIR
89000000000,89,pool_v2v_veh_1_veh_5,veh_1,veh_5,DIRECT_V2V,10000000,DIAGNOSTIC_SYNTHETIC_VALUE,ONE_SHARED_POOL_PER_UNORDERED_PAIR
89000000000,89,pool_v2v_veh_1_veh_6,veh_1,veh_6,DIRECT_V2V,10000000,DIAGNOSTIC_SYNTHETIC_VALUE,ONE_SHARED_POOL_PER_UNORDERED_PAIR
89000000000,89,pool_v2v_veh_2_veh_3,veh_2,veh_3,DIRECT_V2V,10000000,DIAGNOSTIC_SYNTHETIC_VALUE,ONE_SHARED_POOL_PER_UNORDERED_PAIR
89000000000,89,pool_v2v_veh_2_veh_4,veh_2,veh_4,DIRECT_V2V,10000000,DIAGNOSTIC_SYNTHETIC_VALUE,ONE_SHARED_POOL_PER_UNORDERED_PAIR
89000000000,89,pool_v2v_veh_2_veh_5,veh_2,veh_5,DIRECT_V2V,10000000,DIAGNOSTIC_SYNTHETIC_VALUE,ONE_SHARED_POOL_PER_UNORDERED_PAIR
89000000000,89,pool_v2v_veh_2_veh_6,veh_2,veh_6,DIRECT_V2V,10000000,DIAGNOSTIC_SYNTHETIC_VALUE,ONE_SHARED_POOL_PER_UNORDERED_PAIR
89000000000,89,pool_v2v_veh_2_veh_7,veh_2,veh_7,DIRECT_V2V,10000000,DIAGNOSTIC_SYNTHETIC_VALUE,ONE_SHARED_POOL_PER_UNORDERED_PAIR
89000000000,89,pool_v2v_veh_3_veh_4,veh_3,veh_4,DIRECT_V2V,10000000,DIAGNOSTIC_SYNTHETIC_VALUE,ONE_SHARED_POOL_PER_UNORDERED_PAIR
89000000000,89,pool_v2v_veh_3_veh_5,veh_3,veh_5,DIRECT_V2V,10000000,DIAGNOSTIC_SYNTHETIC_VALUE,ONE_SHARED_POOL_PER_UNORDERED_PAIR
89000000000,89,pool_v2v_veh_3_veh_6,veh_3,veh_6,DIRECT_V2V,10000000,DIAGNOSTIC_SYNTHETIC_VALUE,ONE_SHARED_POOL_PER_UNORDERED_PAIR
89000000000,89,pool_v2v_veh_3_veh_7,veh_3,veh_7,DIRECT_V2V,10000000,DIAGNOSTIC_SYNTHETIC_VALUE,ONE_SHARED_POOL_PER_UNORDERED_PAIR
89000000000,89,pool_v2v_veh_3_veh_8,veh_3,veh_8,DIRECT_V2V,10000000,DIAGNOSTIC_SYNTHETIC_VALUE,ONE_SHARED_POOL_PER_UNORDERED_PAIR
89000000000,89,pool_v2v_veh_4_veh_5,veh_4,veh_5,DIRECT_V2V,10000000,DIAGNOSTIC_SYNTHETIC_VALUE,ONE_SHARED_POOL_PER_UNORDERED_PAIR
89000000000,89,pool_v2v_veh_4_veh_6,veh_4,veh_6,DIRECT_V2V,10000000,DIAGNOSTIC_SYNTHETIC_VALUE,ONE_SHARED_POOL_PER_UNORDERED_PAIR
89000000000,89,pool_v2v_veh_4_veh_7,veh_4,veh_7,DIRECT_V2V,10000000,DIAGNOSTIC_SYNTHETIC_VALUE,ONE_SHARED_POOL_PER_UNORDERED_PAIR
89000000000,89,pool_v2v_veh_4_veh_8,veh_4,veh_8,DIRECT_V2V,10000000,DIAGNOSTIC_SYNTHETIC_VALUE,ONE_SHARED_POOL_PER_UNORDERED_PAIR
89000000000,89,pool_v2v_veh_4_veh_9,veh_4,veh_9,DIRECT_V2V,10000000,DIAGNOSTIC_SYNTHETIC_VALUE,ONE_SHARED_POOL_PER_UNORDERED_PAIR
89000000000,89,pool_v2v_veh_5_veh_6,veh_5,veh_6,DIRECT_V2V,10000000,DIAGNOSTIC_SYNTHETIC_VALUE,ONE_SHARED_POOL_PER_UNORDERED_PAIR
89000000000,89,pool_v2v_veh_5_veh_7,veh_5,veh_7,DIRECT_V2V,10000000,DIAGNOSTIC_SYNTHETIC_VALUE,ONE_SHARED_POOL_PER_UNORDERED_PAIR
89000000000,89,pool_v2v_veh_5_veh_8,veh_5,veh_8,DIRECT_V2V,10000000,DIAGNOSTIC_SYNTHETIC_VALUE,ONE_SHARED_POOL_PER_UNORDERED_PAIR
89000000000,89,pool_v2v_veh_5_veh_9,veh_5,veh_9,DIRECT_V2V,10000000,DIAGNOSTIC_SYNTHETIC_VALUE,ONE_SHARED_POOL_PER_UNORDERED_PAIR
89000000000,89,pool_v2v_veh_5_veh_10,veh_5,veh_10,DIRECT_V2V,10000000,DIAGNOSTIC_SYNTHETIC_VALUE,ONE_SHARED_POOL_PER_UNORDERED_PAIR
89000000000,89,pool_v2v_veh_6_veh_7,veh_6,veh_7,DIRECT_V2V,10000000,DIAGNOSTIC_SYNTHETIC_VALUE,ONE_SHARED_POOL_PER_UNORDERED_PAIR
89000000000,89,pool_v2v_veh_6_veh_8,veh_6,veh_8,DIRECT_V2V,10000000,DIAGNOSTIC_SYNTHETIC_VALUE,ONE_SHARED_POOL_PER_UNORDERED_PAIR
89000000000,89,pool_v2v_veh_6_veh_9,veh_6,veh_9,DIRECT_V2V,10000000,DIAGNOSTIC_SYNTHETIC_VALUE,ONE_SHARED_POOL_PER_UNORDERED_PAIR
89000000000,89,pool_v2v_veh_6_veh_10,veh_6,veh_10,DIRECT_V2V,10000000,DIAGNOSTIC_SYNTHETIC_VALUE,ONE_SHARED_POOL_PER_UNORDERED_PAIR
89000000000,89,pool_v2v_veh_7_veh_8,veh_7,veh_8,DIRECT_V2V,10000000,DIAGNOSTIC_SYNTHETIC_VALUE,ONE_SHARED_POOL_PER_UNORDERED_PAIR
89000000000,89,pool_v2v_veh_7_veh_9,veh_7,veh_9,DIRECT_V2V,10000000,DIAGNOSTIC_SYNTHETIC_VALUE,ONE_SHARED_POOL_PER_UNORDERED_PAIR
89000000000,89,pool_v2v_veh_7_veh_10,veh_7,veh_10,DIRECT_V2V,10000000,DIAGNOSTIC_SYNTHETIC_VALUE,ONE_SHARED_POOL_PER_UNORDERED_PAIR
89000000000,89,pool_v2v_veh_7_veh_11,veh_7,veh_11,DIRECT_V2V,10000000,DIAGNOSTIC_SYNTHETIC_VALUE,ONE_SHARED_POOL_PER_UNORDERED_PAIR
89000000000,89,pool_v2v_veh_8_veh_9,veh_8,veh_9,DIRECT_V2V,10000000,DIAGNOSTIC_SYNTHETIC_VALUE,ONE_SHARED_POOL_PER_UNORDERED_PAIR
89000000000,89,pool_v2v_veh_8_veh_10,veh_8,veh_10,DIRECT_V2V,10000000,DIAGNOSTIC_SYNTHETIC_VALUE,ONE_SHARED_POOL_PER_UNORDERED_PAIR
89000000000,89,pool_v2v_veh_8_veh_11,veh_8,veh_11,DIRECT_V2V,10000000,DIAGNOSTIC_SYNTHETIC_VALUE,ONE_SHARED_POOL_PER_UNORDERED_PAIR
89000000000,89,pool_v2v_veh_9_veh_10,veh_9,veh_10,DIRECT_V2V,10000000,DIAGNOSTIC_SYNTHETIC_VALUE,ONE_SHARED_POOL_PER_UNORDERED_PAIR
89000000000,89,pool_v2v_veh_9_veh_11,veh_9,veh_11,DIRECT_V2V,10000000,DIAGNOSTIC_SYNTHETIC_VALUE,ONE_SHARED_POOL_PER_UNORDERED_PAIR
89000000000,89,pool_v2v_veh_10_veh_11,veh_10,veh_11,DIRECT_V2V,10000000,DIAGNOSTIC_SYNTHETIC_VALUE,ONE_SHARED_POOL_PER_UNORDERED_PAIR
90000000000,90,pool_v2v_veh_0_veh_1,veh_0,veh_1,DIRECT_V2V,10000000,DIAGNOSTIC_SYNTHETIC_VALUE,ONE_SHARED_POOL_PER_UNORDERED_PAIR
90000000000,90,pool_v2v_veh_0_veh_2,veh_0,veh_2,DIRECT_V2V,10000000,DIAGNOSTIC_SYNTHETIC_VALUE,ONE_SHARED_POOL_PER_UNORDERED_PAIR
90000000000,90,pool_v2v_veh_0_veh_3,veh_0,veh_3,DIRECT_V2V,10000000,DIAGNOSTIC_SYNTHETIC_VALUE,ONE_SHARED_POOL_PER_UNORDERED_PAIR
90000000000,90,pool_v2v_veh_0_veh_4,veh_0,veh_4,DIRECT_V2V,10000000,DIAGNOSTIC_SYNTHETIC_VALUE,ONE_SHARED_POOL_PER_UNORDERED_PAIR
90000000000,90,pool_v2v_veh_0_veh_5,veh_0,veh_5,DIRECT_V2V,10000000,DIAGNOSTIC_SYNTHETIC_VALUE,ONE_SHARED_POOL_PER_UNORDERED_PAIR
90000000000,90,pool_v2v_veh_1_veh_2,veh_1,veh_2,DIRECT_V2V,10000000,DIAGNOSTIC_SYNTHETIC_VALUE,ONE_SHARED_POOL_PER_UNORDERED_PAIR
90000000000,90,pool_v2v_veh_1_veh_3,veh_1,veh_3,DIRECT_V2V,10000000,DIAGNOSTIC_SYNTHETIC_VALUE,ONE_SHARED_POOL_PER_UNORDERED_PAIR
90000000000,90,pool_v2v_veh_1_veh_4,veh_1,veh_4,DIRECT_V2V,10000000,DIAGNOSTIC_SYNTHETIC_VALUE,ONE_SHARED_POOL_PER_UNORDERED_PAIR
90000000000,90,pool_v2v_veh_1_veh_5,veh_1,veh_5,DIRECT_V2V,10000000,DIAGNOSTIC_SYNTHETIC_VALUE,ONE_SHARED_POOL_PER_UNORDERED_PAIR
90000000000,90,pool_v2v_veh_1_veh_6,veh_1,veh_6,DIRECT_V2V,10000000,DIAGNOSTIC_SYNTHETIC_VALUE,ONE_SHARED_POOL_PER_UNORDERED_PAIR
90000000000,90,pool_v2v_veh_2_veh_3,veh_2,veh_3,DIRECT_V2V,10000000,DIAGNOSTIC_SYNTHETIC_VALUE,ONE_SHARED_POOL_PER_UNORDERED_PAIR
90000000000,90,pool_v2v_veh_2_veh_4,veh_2,veh_4,DIRECT_V2V,10000000,DIAGNOSTIC_SYNTHETIC_VALUE,ONE_SHARED_POOL_PER_UNORDERED_PAIR
90000000000,90,pool_v2v_veh_2_veh_5,veh_2,veh_5,DIRECT_V2V,10000000,DIAGNOSTIC_SYNTHETIC_VALUE,ONE_SHARED_POOL_PER_UNORDERED_PAIR
90000000000,90,pool_v2v_veh_2_veh_6,veh_2,veh_6,DIRECT_V2V,10000000,DIAGNOSTIC_SYNTHETIC_VALUE,ONE_SHARED_POOL_PER_UNORDERED_PAIR
90000000000,90,pool_v2v_veh_2_veh_7,veh_2,veh_7,DIRECT_V2V,10000000,DIAGNOSTIC_SYNTHETIC_VALUE,ONE_SHARED_POOL_PER_UNORDERED_PAIR
90000000000,90,pool_v2v_veh_3_veh_4,veh_3,veh_4,DIRECT_V2V,10000000,DIAGNOSTIC_SYNTHETIC_VALUE,ONE_SHARED_POOL_PER_UNORDERED_PAIR
90000000000,90,pool_v2v_veh_3_veh_5,veh_3,veh_5,DIRECT_V2V,10000000,DIAGNOSTIC_SYNTHETIC_VALUE,ONE_SHARED_POOL_PER_UNORDERED_PAIR
90000000000,90,pool_v2v_veh_3_veh_6,veh_3,veh_6,DIRECT_V2V,10000000,DIAGNOSTIC_SYNTHETIC_VALUE,ONE_SHARED_POOL_PER_UNORDERED_PAIR
90000000000,90,pool_v2v_veh_3_veh_7,veh_3,veh_7,DIRECT_V2V,10000000,DIAGNOSTIC_SYNTHETIC_VALUE,ONE_SHARED_POOL_PER_UNORDERED_PAIR
90000000000,90,pool_v2v_veh_3_veh_8,veh_3,veh_8,DIRECT_V2V,10000000,DIAGNOSTIC_SYNTHETIC_VALUE,ONE_SHARED_POOL_PER_UNORDERED_PAIR
90000000000,90,pool_v2v_veh_4_veh_5,veh_4,veh_5,DIRECT_V2V,10000000,DIAGNOSTIC_SYNTHETIC_VALUE,ONE_SHARED_POOL_PER_UNORDERED_PAIR
90000000000,90,pool_v2v_veh_4_veh_6,veh_4,veh_6,DIRECT_V2V,10000000,DIAGNOSTIC_SYNTHETIC_VALUE,ONE_SHARED_POOL_PER_UNORDERED_PAIR
90000000000,90,pool_v2v_veh_4_veh_7,veh_4,veh_7,DIRECT_V2V,10000000,DIAGNOSTIC_SYNTHETIC_VALUE,ONE_SHARED_POOL_PER_UNORDERED_PAIR
90000000000,90,pool_v2v_veh_4_veh_8,veh_4,veh_8,DIRECT_V2V,10000000,DIAGNOSTIC_SYNTHETIC_VALUE,ONE_SHARED_POOL_PER_UNORDERED_PAIR
90000000000,90,pool_v2v_veh_4_veh_9,veh_4,veh_9,DIRECT_V2V,10000000,DIAGNOSTIC_SYNTHETIC_VALUE,ONE_SHARED_POOL_PER_UNORDERED_PAIR
90000000000,90,pool_v2v_veh_5_veh_6,veh_5,veh_6,DIRECT_V2V,10000000,DIAGNOSTIC_SYNTHETIC_VALUE,ONE_SHARED_POOL_PER_UNORDERED_PAIR
90000000000,90,pool_v2v_veh_5_veh_7,veh_5,veh_7,DIRECT_V2V,10000000,DIAGNOSTIC_SYNTHETIC_VALUE,ONE_SHARED_POOL_PER_UNORDERED_PAIR
90000000000,90,pool_v2v_veh_5_veh_8,veh_5,veh_8,DIRECT_V2V,10000000,DIAGNOSTIC_SYNTHETIC_VALUE,ONE_SHARED_POOL_PER_UNORDERED_PAIR
90000000000,90,pool_v2v_veh_5_veh_9,veh_5,veh_9,DIRECT_V2V,10000000,DIAGNOSTIC_SYNTHETIC_VALUE,ONE_SHARED_POOL_PER_UNORDERED_PAIR
90000000000,90,pool_v2v_veh_5_veh_10,veh_5,veh_10,DIRECT_V2V,10000000,DIAGNOSTIC_SYNTHETIC_VALUE,ONE_SHARED_POOL_PER_UNORDERED_PAIR
90000000000,90,pool_v2v_veh_6_veh_7,veh_6,veh_7,DIRECT_V2V,10000000,DIAGNOSTIC_SYNTHETIC_VALUE,ONE_SHARED_POOL_PER_UNORDERED_PAIR
90000000000,90,pool_v2v_veh_6_veh_8,veh_6,veh_8,DIRECT_V2V,10000000,DIAGNOSTIC_SYNTHETIC_VALUE,ONE_SHARED_POOL_PER_UNORDERED_PAIR
90000000000,90,pool_v2v_veh_6_veh_9,veh_6,veh_9,DIRECT_V2V,10000000,DIAGNOSTIC_SYNTHETIC_VALUE,ONE_SHARED_POOL_PER_UNORDERED_PAIR
90000000000,90,pool_v2v_veh_6_veh_10,veh_6,veh_10,DIRECT_V2V,10000000,DIAGNOSTIC_SYNTHETIC_VALUE,ONE_SHARED_POOL_PER_UNORDERED_PAIR
90000000000,90,pool_v2v_veh_7_veh_8,veh_7,veh_8,DIRECT_V2V,10000000,DIAGNOSTIC_SYNTHETIC_VALUE,ONE_SHARED_POOL_PER_UNORDERED_PAIR
90000000000,90,pool_v2v_veh_7_veh_9,veh_7,veh_9,DIRECT_V2V,10000000,DIAGNOSTIC_SYNTHETIC_VALUE,ONE_SHARED_POOL_PER_UNORDERED_PAIR
90000000000,90,pool_v2v_veh_7_veh_10,veh_7,veh_10,DIRECT_V2V,10000000,DIAGNOSTIC_SYNTHETIC_VALUE,ONE_SHARED_POOL_PER_UNORDERED_PAIR
90000000000,90,pool_v2v_veh_7_veh_11,veh_7,veh_11,DIRECT_V2V,10000000,DIAGNOSTIC_SYNTHETIC_VALUE,ONE_SHARED_POOL_PER_UNORDERED_PAIR
90000000000,90,pool_v2v_veh_8_veh_9,veh_8,veh_9,DIRECT_V2V,10000000,DIAGNOSTIC_SYNTHETIC_VALUE,ONE_SHARED_POOL_PER_UNORDERED_PAIR
90000000000,90,pool_v2v_veh_8_veh_10,veh_8,veh_10,DIRECT_V2V,10000000,DIAGNOSTIC_SYNTHETIC_VALUE,ONE_SHARED_POOL_PER_UNORDERED_PAIR
90000000000,90,pool_v2v_veh_8_veh_11,veh_8,veh_11,DIRECT_V2V,10000000,DIAGNOSTIC_SYNTHETIC_VALUE,ONE_SHARED_POOL_PER_UNORDERED_PAIR
90000000000,90,pool_v2v_veh_9_veh_10,veh_9,veh_10,DIRECT_V2V,10000000,DIAGNOSTIC_SYNTHETIC_VALUE,ONE_SHARED_POOL_PER_UNORDERED_PAIR
90000000000,90,pool_v2v_veh_9_veh_11,veh_9,veh_11,DIRECT_V2V,10000000,DIAGNOSTIC_SYNTHETIC_VALUE,ONE_SHARED_POOL_PER_UNORDERED_PAIR
90000000000,90,pool_v2v_veh_10_veh_11,veh_10,veh_11,DIRECT_V2V,10000000,DIAGNOSTIC_SYNTHETIC_VALUE,ONE_SHARED_POOL_PER_UNORDERED_PAIR
91000000000,91,pool_v2v_veh_0_veh_1,veh_0,veh_1,DIRECT_V2V,10000000,DIAGNOSTIC_SYNTHETIC_VALUE,ONE_SHARED_POOL_PER_UNORDERED_PAIR
91000000000,91,pool_v2v_veh_0_veh_2,veh_0,veh_2,DIRECT_V2V,10000000,DIAGNOSTIC_SYNTHETIC_VALUE,ONE_SHARED_POOL_PER_UNORDERED_PAIR
91000000000,91,pool_v2v_veh_0_veh_3,veh_0,veh_3,DIRECT_V2V,10000000,DIAGNOSTIC_SYNTHETIC_VALUE,ONE_SHARED_POOL_PER_UNORDERED_PAIR
91000000000,91,pool_v2v_veh_0_veh_4,veh_0,veh_4,DIRECT_V2V,10000000,DIAGNOSTIC_SYNTHETIC_VALUE,ONE_SHARED_POOL_PER_UNORDERED_PAIR
91000000000,91,pool_v2v_veh_0_veh_5,veh_0,veh_5,DIRECT_V2V,10000000,DIAGNOSTIC_SYNTHETIC_VALUE,ONE_SHARED_POOL_PER_UNORDERED_PAIR
91000000000,91,pool_v2v_veh_1_veh_2,veh_1,veh_2,DIRECT_V2V,10000000,DIAGNOSTIC_SYNTHETIC_VALUE,ONE_SHARED_POOL_PER_UNORDERED_PAIR
91000000000,91,pool_v2v_veh_1_veh_3,veh_1,veh_3,DIRECT_V2V,10000000,DIAGNOSTIC_SYNTHETIC_VALUE,ONE_SHARED_POOL_PER_UNORDERED_PAIR
91000000000,91,pool_v2v_veh_1_veh_4,veh_1,veh_4,DIRECT_V2V,10000000,DIAGNOSTIC_SYNTHETIC_VALUE,ONE_SHARED_POOL_PER_UNORDERED_PAIR
91000000000,91,pool_v2v_veh_1_veh_5,veh_1,veh_5,DIRECT_V2V,10000000,DIAGNOSTIC_SYNTHETIC_VALUE,ONE_SHARED_POOL_PER_UNORDERED_PAIR
91000000000,91,pool_v2v_veh_1_veh_6,veh_1,veh_6,DIRECT_V2V,10000000,DIAGNOSTIC_SYNTHETIC_VALUE,ONE_SHARED_POOL_PER_UNORDERED_PAIR
91000000000,91,pool_v2v_veh_2_veh_3,veh_2,veh_3,DIRECT_V2V,10000000,DIAGNOSTIC_SYNTHETIC_VALUE,ONE_SHARED_POOL_PER_UNORDERED_PAIR
91000000000,91,pool_v2v_veh_2_veh_4,veh_2,veh_4,DIRECT_V2V,10000000,DIAGNOSTIC_SYNTHETIC_VALUE,ONE_SHARED_POOL_PER_UNORDERED_PAIR
91000000000,91,pool_v2v_veh_2_veh_5,veh_2,veh_5,DIRECT_V2V,10000000,DIAGNOSTIC_SYNTHETIC_VALUE,ONE_SHARED_POOL_PER_UNORDERED_PAIR
91000000000,91,pool_v2v_veh_2_veh_6,veh_2,veh_6,DIRECT_V2V,10000000,DIAGNOSTIC_SYNTHETIC_VALUE,ONE_SHARED_POOL_PER_UNORDERED_PAIR
91000000000,91,pool_v2v_veh_2_veh_7,veh_2,veh_7,DIRECT_V2V,10000000,DIAGNOSTIC_SYNTHETIC_VALUE,ONE_SHARED_POOL_PER_UNORDERED_PAIR
91000000000,91,pool_v2v_veh_3_veh_4,veh_3,veh_4,DIRECT_V2V,10000000,DIAGNOSTIC_SYNTHETIC_VALUE,ONE_SHARED_POOL_PER_UNORDERED_PAIR
91000000000,91,pool_v2v_veh_3_veh_5,veh_3,veh_5,DIRECT_V2V,10000000,DIAGNOSTIC_SYNTHETIC_VALUE,ONE_SHARED_POOL_PER_UNORDERED_PAIR
91000000000,91,pool_v2v_veh_3_veh_6,veh_3,veh_6,DIRECT_V2V,10000000,DIAGNOSTIC_SYNTHETIC_VALUE,ONE_SHARED_POOL_PER_UNORDERED_PAIR
91000000000,91,pool_v2v_veh_3_veh_7,veh_3,veh_7,DIRECT_V2V,10000000,DIAGNOSTIC_SYNTHETIC_VALUE,ONE_SHARED_POOL_PER_UNORDERED_PAIR
91000000000,91,pool_v2v_veh_3_veh_8,veh_3,veh_8,DIRECT_V2V,10000000,DIAGNOSTIC_SYNTHETIC_VALUE,ONE_SHARED_POOL_PER_UNORDERED_PAIR
91000000000,91,pool_v2v_veh_4_veh_5,veh_4,veh_5,DIRECT_V2V,10000000,DIAGNOSTIC_SYNTHETIC_VALUE,ONE_SHARED_POOL_PER_UNORDERED_PAIR
91000000000,91,pool_v2v_veh_4_veh_6,veh_4,veh_6,DIRECT_V2V,10000000,DIAGNOSTIC_SYNTHETIC_VALUE,ONE_SHARED_POOL_PER_UNORDERED_PAIR
91000000000,91,pool_v2v_veh_4_veh_7,veh_4,veh_7,DIRECT_V2V,10000000,DIAGNOSTIC_SYNTHETIC_VALUE,ONE_SHARED_POOL_PER_UNORDERED_PAIR
91000000000,91,pool_v2v_veh_4_veh_8,veh_4,veh_8,DIRECT_V2V,10000000,DIAGNOSTIC_SYNTHETIC_VALUE,ONE_SHARED_POOL_PER_UNORDERED_PAIR
91000000000,91,pool_v2v_veh_4_veh_9,veh_4,veh_9,DIRECT_V2V,10000000,DIAGNOSTIC_SYNTHETIC_VALUE,ONE_SHARED_POOL_PER_UNORDERED_PAIR
91000000000,91,pool_v2v_veh_5_veh_6,veh_5,veh_6,DIRECT_V2V,10000000,DIAGNOSTIC_SYNTHETIC_VALUE,ONE_SHARED_POOL_PER_UNORDERED_PAIR
91000000000,91,pool_v2v_veh_5_veh_7,veh_5,veh_7,DIRECT_V2V,10000000,DIAGNOSTIC_SYNTHETIC_VALUE,ONE_SHARED_POOL_PER_UNORDERED_PAIR
91000000000,91,pool_v2v_veh_5_veh_8,veh_5,veh_8,DIRECT_V2V,10000000,DIAGNOSTIC_SYNTHETIC_VALUE,ONE_SHARED_POOL_PER_UNORDERED_PAIR
91000000000,91,pool_v2v_veh_5_veh_9,veh_5,veh_9,DIRECT_V2V,10000000,DIAGNOSTIC_SYNTHETIC_VALUE,ONE_SHARED_POOL_PER_UNORDERED_PAIR
91000000000,91,pool_v2v_veh_5_veh_10,veh_5,veh_10,DIRECT_V2V,10000000,DIAGNOSTIC_SYNTHETIC_VALUE,ONE_SHARED_POOL_PER_UNORDERED_PAIR
91000000000,91,pool_v2v_veh_6_veh_7,veh_6,veh_7,DIRECT_V2V,10000000,DIAGNOSTIC_SYNTHETIC_VALUE,ONE_SHARED_POOL_PER_UNORDERED_PAIR
91000000000,91,pool_v2v_veh_6_veh_8,veh_6,veh_8,DIRECT_V2V,10000000,DIAGNOSTIC_SYNTHETIC_VALUE,ONE_SHARED_POOL_PER_UNORDERED_PAIR
91000000000,91,pool_v2v_veh_6_veh_9,veh_6,veh_9,DIRECT_V2V,10000000,DIAGNOSTIC_SYNTHETIC_VALUE,ONE_SHARED_POOL_PER_UNORDERED_PAIR
91000000000,91,pool_v2v_veh_6_veh_10,veh_6,veh_10,DIRECT_V2V,10000000,DIAGNOSTIC_SYNTHETIC_VALUE,ONE_SHARED_POOL_PER_UNORDERED_PAIR
91000000000,91,pool_v2v_veh_7_veh_8,veh_7,veh_8,DIRECT_V2V,10000000,DIAGNOSTIC_SYNTHETIC_VALUE,ONE_SHARED_POOL_PER_UNORDERED_PAIR
91000000000,91,pool_v2v_veh_7_veh_9,veh_7,veh_9,DIRECT_V2V,10000000,DIAGNOSTIC_SYNTHETIC_VALUE,ONE_SHARED_POOL_PER_UNORDERED_PAIR
91000000000,91,pool_v2v_veh_7_veh_10,veh_7,veh_10,DIRECT_V2V,10000000,DIAGNOSTIC_SYNTHETIC_VALUE,ONE_SHARED_POOL_PER_UNORDERED_PAIR
91000000000,91,pool_v2v_veh_7_veh_11,veh_7,veh_11,DIRECT_V2V,10000000,DIAGNOSTIC_SYNTHETIC_VALUE,ONE_SHARED_POOL_PER_UNORDERED_PAIR
91000000000,91,pool_v2v_veh_8_veh_9,veh_8,veh_9,DIRECT_V2V,10000000,DIAGNOSTIC_SYNTHETIC_VALUE,ONE_SHARED_POOL_PER_UNORDERED_PAIR
91000000000,91,pool_v2v_veh_8_veh_10,veh_8,veh_10,DIRECT_V2V,10000000,DIAGNOSTIC_SYNTHETIC_VALUE,ONE_SHARED_POOL_PER_UNORDERED_PAIR
91000000000,91,pool_v2v_veh_8_veh_11,veh_8,veh_11,DIRECT_V2V,10000000,DIAGNOSTIC_SYNTHETIC_VALUE,ONE_SHARED_POOL_PER_UNORDERED_PAIR
91000000000,91,pool_v2v_veh_9_veh_10,veh_9,veh_10,DIRECT_V2V,10000000,DIAGNOSTIC_SYNTHETIC_VALUE,ONE_SHARED_POOL_PER_UNORDERED_PAIR
91000000000,91,pool_v2v_veh_9_veh_11,veh_9,veh_11,DIRECT_V2V,10000000,DIAGNOSTIC_SYNTHETIC_VALUE,ONE_SHARED_POOL_PER_UNORDERED_PAIR
91000000000,91,pool_v2v_veh_10_veh_11,veh_10,veh_11,DIRECT_V2V,10000000,DIAGNOSTIC_SYNTHETIC_VALUE,ONE_SHARED_POOL_PER_UNORDERED_PAIR
92000000000,92,pool_v2v_veh_0_veh_1,veh_0,veh_1,DIRECT_V2V,10000000,DIAGNOSTIC_SYNTHETIC_VALUE,ONE_SHARED_POOL_PER_UNORDERED_PAIR
92000000000,92,pool_v2v_veh_0_veh_2,veh_0,veh_2,DIRECT_V2V,10000000,DIAGNOSTIC_SYNTHETIC_VALUE,ONE_SHARED_POOL_PER_UNORDERED_PAIR
92000000000,92,pool_v2v_veh_0_veh_3,veh_0,veh_3,DIRECT_V2V,10000000,DIAGNOSTIC_SYNTHETIC_VALUE,ONE_SHARED_POOL_PER_UNORDERED_PAIR
92000000000,92,pool_v2v_veh_0_veh_4,veh_0,veh_4,DIRECT_V2V,10000000,DIAGNOSTIC_SYNTHETIC_VALUE,ONE_SHARED_POOL_PER_UNORDERED_PAIR
92000000000,92,pool_v2v_veh_0_veh_5,veh_0,veh_5,DIRECT_V2V,10000000,DIAGNOSTIC_SYNTHETIC_VALUE,ONE_SHARED_POOL_PER_UNORDERED_PAIR
92000000000,92,pool_v2v_veh_1_veh_2,veh_1,veh_2,DIRECT_V2V,10000000,DIAGNOSTIC_SYNTHETIC_VALUE,ONE_SHARED_POOL_PER_UNORDERED_PAIR
92000000000,92,pool_v2v_veh_1_veh_3,veh_1,veh_3,DIRECT_V2V,10000000,DIAGNOSTIC_SYNTHETIC_VALUE,ONE_SHARED_POOL_PER_UNORDERED_PAIR
92000000000,92,pool_v2v_veh_1_veh_4,veh_1,veh_4,DIRECT_V2V,10000000,DIAGNOSTIC_SYNTHETIC_VALUE,ONE_SHARED_POOL_PER_UNORDERED_PAIR
92000000000,92,pool_v2v_veh_1_veh_5,veh_1,veh_5,DIRECT_V2V,10000000,DIAGNOSTIC_SYNTHETIC_VALUE,ONE_SHARED_POOL_PER_UNORDERED_PAIR
92000000000,92,pool_v2v_veh_1_veh_6,veh_1,veh_6,DIRECT_V2V,10000000,DIAGNOSTIC_SYNTHETIC_VALUE,ONE_SHARED_POOL_PER_UNORDERED_PAIR
92000000000,92,pool_v2v_veh_2_veh_3,veh_2,veh_3,DIRECT_V2V,10000000,DIAGNOSTIC_SYNTHETIC_VALUE,ONE_SHARED_POOL_PER_UNORDERED_PAIR
92000000000,92,pool_v2v_veh_2_veh_4,veh_2,veh_4,DIRECT_V2V,10000000,DIAGNOSTIC_SYNTHETIC_VALUE,ONE_SHARED_POOL_PER_UNORDERED_PAIR
92000000000,92,pool_v2v_veh_2_veh_5,veh_2,veh_5,DIRECT_V2V,10000000,DIAGNOSTIC_SYNTHETIC_VALUE,ONE_SHARED_POOL_PER_UNORDERED_PAIR
92000000000,92,pool_v2v_veh_2_veh_6,veh_2,veh_6,DIRECT_V2V,10000000,DIAGNOSTIC_SYNTHETIC_VALUE,ONE_SHARED_POOL_PER_UNORDERED_PAIR
92000000000,92,pool_v2v_veh_2_veh_7,veh_2,veh_7,DIRECT_V2V,10000000,DIAGNOSTIC_SYNTHETIC_VALUE,ONE_SHARED_POOL_PER_UNORDERED_PAIR
92000000000,92,pool_v2v_veh_3_veh_4,veh_3,veh_4,DIRECT_V2V,10000000,DIAGNOSTIC_SYNTHETIC_VALUE,ONE_SHARED_POOL_PER_UNORDERED_PAIR
92000000000,92,pool_v2v_veh_3_veh_5,veh_3,veh_5,DIRECT_V2V,10000000,DIAGNOSTIC_SYNTHETIC_VALUE,ONE_SHARED_POOL_PER_UNORDERED_PAIR
92000000000,92,pool_v2v_veh_3_veh_6,veh_3,veh_6,DIRECT_V2V,10000000,DIAGNOSTIC_SYNTHETIC_VALUE,ONE_SHARED_POOL_PER_UNORDERED_PAIR
92000000000,92,pool_v2v_veh_3_veh_7,veh_3,veh_7,DIRECT_V2V,10000000,DIAGNOSTIC_SYNTHETIC_VALUE,ONE_SHARED_POOL_PER_UNORDERED_PAIR
92000000000,92,pool_v2v_veh_3_veh_8,veh_3,veh_8,DIRECT_V2V,10000000,DIAGNOSTIC_SYNTHETIC_VALUE,ONE_SHARED_POOL_PER_UNORDERED_PAIR
92000000000,92,pool_v2v_veh_4_veh_5,veh_4,veh_5,DIRECT_V2V,10000000,DIAGNOSTIC_SYNTHETIC_VALUE,ONE_SHARED_POOL_PER_UNORDERED_PAIR
92000000000,92,pool_v2v_veh_4_veh_6,veh_4,veh_6,DIRECT_V2V,10000000,DIAGNOSTIC_SYNTHETIC_VALUE,ONE_SHARED_POOL_PER_UNORDERED_PAIR
92000000000,92,pool_v2v_veh_4_veh_7,veh_4,veh_7,DIRECT_V2V,10000000,DIAGNOSTIC_SYNTHETIC_VALUE,ONE_SHARED_POOL_PER_UNORDERED_PAIR
92000000000,92,pool_v2v_veh_4_veh_8,veh_4,veh_8,DIRECT_V2V,10000000,DIAGNOSTIC_SYNTHETIC_VALUE,ONE_SHARED_POOL_PER_UNORDERED_PAIR
92000000000,92,pool_v2v_veh_4_veh_9,veh_4,veh_9,DIRECT_V2V,10000000,DIAGNOSTIC_SYNTHETIC_VALUE,ONE_SHARED_POOL_PER_UNORDERED_PAIR
92000000000,92,pool_v2v_veh_5_veh_6,veh_5,veh_6,DIRECT_V2V,10000000,DIAGNOSTIC_SYNTHETIC_VALUE,ONE_SHARED_POOL_PER_UNORDERED_PAIR
92000000000,92,pool_v2v_veh_5_veh_7,veh_5,veh_7,DIRECT_V2V,10000000,DIAGNOSTIC_SYNTHETIC_VALUE,ONE_SHARED_POOL_PER_UNORDERED_PAIR
92000000000,92,pool_v2v_veh_5_veh_8,veh_5,veh_8,DIRECT_V2V,10000000,DIAGNOSTIC_SYNTHETIC_VALUE,ONE_SHARED_POOL_PER_UNORDERED_PAIR
92000000000,92,pool_v2v_veh_5_veh_9,veh_5,veh_9,DIRECT_V2V,10000000,DIAGNOSTIC_SYNTHETIC_VALUE,ONE_SHARED_POOL_PER_UNORDERED_PAIR
92000000000,92,pool_v2v_veh_5_veh_10,veh_5,veh_10,DIRECT_V2V,10000000,DIAGNOSTIC_SYNTHETIC_VALUE,ONE_SHARED_POOL_PER_UNORDERED_PAIR
92000000000,92,pool_v2v_veh_6_veh_7,veh_6,veh_7,DIRECT_V2V,10000000,DIAGNOSTIC_SYNTHETIC_VALUE,ONE_SHARED_POOL_PER_UNORDERED_PAIR
92000000000,92,pool_v2v_veh_6_veh_8,veh_6,veh_8,DIRECT_V2V,10000000,DIAGNOSTIC_SYNTHETIC_VALUE,ONE_SHARED_POOL_PER_UNORDERED_PAIR
92000000000,92,pool_v2v_veh_6_veh_9,veh_6,veh_9,DIRECT_V2V,10000000,DIAGNOSTIC_SYNTHETIC_VALUE,ONE_SHARED_POOL_PER_UNORDERED_PAIR
92000000000,92,pool_v2v_veh_6_veh_10,veh_6,veh_10,DIRECT_V2V,10000000,DIAGNOSTIC_SYNTHETIC_VALUE,ONE_SHARED_POOL_PER_UNORDERED_PAIR
92000000000,92,pool_v2v_veh_7_veh_8,veh_7,veh_8,DIRECT_V2V,10000000,DIAGNOSTIC_SYNTHETIC_VALUE,ONE_SHARED_POOL_PER_UNORDERED_PAIR
92000000000,92,pool_v2v_veh_7_veh_9,veh_7,veh_9,DIRECT_V2V,10000000,DIAGNOSTIC_SYNTHETIC_VALUE,ONE_SHARED_POOL_PER_UNORDERED_PAIR
92000000000,92,pool_v2v_veh_7_veh_10,veh_7,veh_10,DIRECT_V2V,10000000,DIAGNOSTIC_SYNTHETIC_VALUE,ONE_SHARED_POOL_PER_UNORDERED_PAIR
92000000000,92,pool_v2v_veh_7_veh_11,veh_7,veh_11,DIRECT_V2V,10000000,DIAGNOSTIC_SYNTHETIC_VALUE,ONE_SHARED_POOL_PER_UNORDERED_PAIR
92000000000,92,pool_v2v_veh_8_veh_9,veh_8,veh_9,DIRECT_V2V,10000000,DIAGNOSTIC_SYNTHETIC_VALUE,ONE_SHARED_POOL_PER_UNORDERED_PAIR
92000000000,92,pool_v2v_veh_8_veh_10,veh_8,veh_10,DIRECT_V2V,10000000,DIAGNOSTIC_SYNTHETIC_VALUE,ONE_SHARED_POOL_PER_UNORDERED_PAIR
92000000000,92,pool_v2v_veh_8_veh_11,veh_8,veh_11,DIRECT_V2V,10000000,DIAGNOSTIC_SYNTHETIC_VALUE,ONE_SHARED_POOL_PER_UNORDERED_PAIR
92000000000,92,pool_v2v_veh_9_veh_10,veh_9,veh_10,DIRECT_V2V,10000000,DIAGNOSTIC_SYNTHETIC_VALUE,ONE_SHARED_POOL_PER_UNORDERED_PAIR
92000000000,92,pool_v2v_veh_9_veh_11,veh_9,veh_11,DIRECT_V2V,10000000,DIAGNOSTIC_SYNTHETIC_VALUE,ONE_SHARED_POOL_PER_UNORDERED_PAIR
92000000000,92,pool_v2v_veh_10_veh_11,veh_10,veh_11,DIRECT_V2V,10000000,DIAGNOSTIC_SYNTHETIC_VALUE,ONE_SHARED_POOL_PER_UNORDERED_PAIR
93000000000,93,pool_v2v_veh_0_veh_1,veh_0,veh_1,DIRECT_V2V,10000000,DIAGNOSTIC_SYNTHETIC_VALUE,ONE_SHARED_POOL_PER_UNORDERED_PAIR
93000000000,93,pool_v2v_veh_0_veh_2,veh_0,veh_2,DIRECT_V2V,10000000,DIAGNOSTIC_SYNTHETIC_VALUE,ONE_SHARED_POOL_PER_UNORDERED_PAIR
93000000000,93,pool_v2v_veh_0_veh_3,veh_0,veh_3,DIRECT_V2V,10000000,DIAGNOSTIC_SYNTHETIC_VALUE,ONE_SHARED_POOL_PER_UNORDERED_PAIR
93000000000,93,pool_v2v_veh_0_veh_4,veh_0,veh_4,DIRECT_V2V,10000000,DIAGNOSTIC_SYNTHETIC_VALUE,ONE_SHARED_POOL_PER_UNORDERED_PAIR
93000000000,93,pool_v2v_veh_0_veh_5,veh_0,veh_5,DIRECT_V2V,10000000,DIAGNOSTIC_SYNTHETIC_VALUE,ONE_SHARED_POOL_PER_UNORDERED_PAIR
93000000000,93,pool_v2v_veh_1_veh_2,veh_1,veh_2,DIRECT_V2V,10000000,DIAGNOSTIC_SYNTHETIC_VALUE,ONE_SHARED_POOL_PER_UNORDERED_PAIR
93000000000,93,pool_v2v_veh_1_veh_3,veh_1,veh_3,DIRECT_V2V,10000000,DIAGNOSTIC_SYNTHETIC_VALUE,ONE_SHARED_POOL_PER_UNORDERED_PAIR
93000000000,93,pool_v2v_veh_1_veh_4,veh_1,veh_4,DIRECT_V2V,10000000,DIAGNOSTIC_SYNTHETIC_VALUE,ONE_SHARED_POOL_PER_UNORDERED_PAIR
93000000000,93,pool_v2v_veh_1_veh_5,veh_1,veh_5,DIRECT_V2V,10000000,DIAGNOSTIC_SYNTHETIC_VALUE,ONE_SHARED_POOL_PER_UNORDERED_PAIR
93000000000,93,pool_v2v_veh_1_veh_6,veh_1,veh_6,DIRECT_V2V,10000000,DIAGNOSTIC_SYNTHETIC_VALUE,ONE_SHARED_POOL_PER_UNORDERED_PAIR
93000000000,93,pool_v2v_veh_2_veh_3,veh_2,veh_3,DIRECT_V2V,10000000,DIAGNOSTIC_SYNTHETIC_VALUE,ONE_SHARED_POOL_PER_UNORDERED_PAIR
93000000000,93,pool_v2v_veh_2_veh_4,veh_2,veh_4,DIRECT_V2V,10000000,DIAGNOSTIC_SYNTHETIC_VALUE,ONE_SHARED_POOL_PER_UNORDERED_PAIR
93000000000,93,pool_v2v_veh_2_veh_5,veh_2,veh_5,DIRECT_V2V,10000000,DIAGNOSTIC_SYNTHETIC_VALUE,ONE_SHARED_POOL_PER_UNORDERED_PAIR
93000000000,93,pool_v2v_veh_2_veh_6,veh_2,veh_6,DIRECT_V2V,10000000,DIAGNOSTIC_SYNTHETIC_VALUE,ONE_SHARED_POOL_PER_UNORDERED_PAIR
93000000000,93,pool_v2v_veh_2_veh_7,veh_2,veh_7,DIRECT_V2V,10000000,DIAGNOSTIC_SYNTHETIC_VALUE,ONE_SHARED_POOL_PER_UNORDERED_PAIR
93000000000,93,pool_v2v_veh_3_veh_4,veh_3,veh_4,DIRECT_V2V,10000000,DIAGNOSTIC_SYNTHETIC_VALUE,ONE_SHARED_POOL_PER_UNORDERED_PAIR
93000000000,93,pool_v2v_veh_3_veh_5,veh_3,veh_5,DIRECT_V2V,10000000,DIAGNOSTIC_SYNTHETIC_VALUE,ONE_SHARED_POOL_PER_UNORDERED_PAIR
93000000000,93,pool_v2v_veh_3_veh_6,veh_3,veh_6,DIRECT_V2V,10000000,DIAGNOSTIC_SYNTHETIC_VALUE,ONE_SHARED_POOL_PER_UNORDERED_PAIR
93000000000,93,pool_v2v_veh_3_veh_7,veh_3,veh_7,DIRECT_V2V,10000000,DIAGNOSTIC_SYNTHETIC_VALUE,ONE_SHARED_POOL_PER_UNORDERED_PAIR
93000000000,93,pool_v2v_veh_3_veh_8,veh_3,veh_8,DIRECT_V2V,10000000,DIAGNOSTIC_SYNTHETIC_VALUE,ONE_SHARED_POOL_PER_UNORDERED_PAIR
93000000000,93,pool_v2v_veh_4_veh_5,veh_4,veh_5,DIRECT_V2V,10000000,DIAGNOSTIC_SYNTHETIC_VALUE,ONE_SHARED_POOL_PER_UNORDERED_PAIR
93000000000,93,pool_v2v_veh_4_veh_6,veh_4,veh_6,DIRECT_V2V,10000000,DIAGNOSTIC_SYNTHETIC_VALUE,ONE_SHARED_POOL_PER_UNORDERED_PAIR
93000000000,93,pool_v2v_veh_4_veh_7,veh_4,veh_7,DIRECT_V2V,10000000,DIAGNOSTIC_SYNTHETIC_VALUE,ONE_SHARED_POOL_PER_UNORDERED_PAIR
93000000000,93,pool_v2v_veh_4_veh_8,veh_4,veh_8,DIRECT_V2V,10000000,DIAGNOSTIC_SYNTHETIC_VALUE,ONE_SHARED_POOL_PER_UNORDERED_PAIR
93000000000,93,pool_v2v_veh_4_veh_9,veh_4,veh_9,DIRECT_V2V,10000000,DIAGNOSTIC_SYNTHETIC_VALUE,ONE_SHARED_POOL_PER_UNORDERED_PAIR
93000000000,93,pool_v2v_veh_5_veh_6,veh_5,veh_6,DIRECT_V2V,10000000,DIAGNOSTIC_SYNTHETIC_VALUE,ONE_SHARED_POOL_PER_UNORDERED_PAIR
93000000000,93,pool_v2v_veh_5_veh_7,veh_5,veh_7,DIRECT_V2V,10000000,DIAGNOSTIC_SYNTHETIC_VALUE,ONE_SHARED_POOL_PER_UNORDERED_PAIR
93000000000,93,pool_v2v_veh_5_veh_8,veh_5,veh_8,DIRECT_V2V,10000000,DIAGNOSTIC_SYNTHETIC_VALUE,ONE_SHARED_POOL_PER_UNORDERED_PAIR
93000000000,93,pool_v2v_veh_5_veh_9,veh_5,veh_9,DIRECT_V2V,10000000,DIAGNOSTIC_SYNTHETIC_VALUE,ONE_SHARED_POOL_PER_UNORDERED_PAIR
93000000000,93,pool_v2v_veh_5_veh_10,veh_5,veh_10,DIRECT_V2V,10000000,DIAGNOSTIC_SYNTHETIC_VALUE,ONE_SHARED_POOL_PER_UNORDERED_PAIR
93000000000,93,pool_v2v_veh_6_veh_7,veh_6,veh_7,DIRECT_V2V,10000000,DIAGNOSTIC_SYNTHETIC_VALUE,ONE_SHARED_POOL_PER_UNORDERED_PAIR
93000000000,93,pool_v2v_veh_6_veh_8,veh_6,veh_8,DIRECT_V2V,10000000,DIAGNOSTIC_SYNTHETIC_VALUE,ONE_SHARED_POOL_PER_UNORDERED_PAIR
93000000000,93,pool_v2v_veh_6_veh_9,veh_6,veh_9,DIRECT_V2V,10000000,DIAGNOSTIC_SYNTHETIC_VALUE,ONE_SHARED_POOL_PER_UNORDERED_PAIR
93000000000,93,pool_v2v_veh_6_veh_10,veh_6,veh_10,DIRECT_V2V,10000000,DIAGNOSTIC_SYNTHETIC_VALUE,ONE_SHARED_POOL_PER_UNORDERED_PAIR
93000000000,93,pool_v2v_veh_7_veh_8,veh_7,veh_8,DIRECT_V2V,10000000,DIAGNOSTIC_SYNTHETIC_VALUE,ONE_SHARED_POOL_PER_UNORDERED_PAIR
93000000000,93,pool_v2v_veh_7_veh_9,veh_7,veh_9,DIRECT_V2V,10000000,DIAGNOSTIC_SYNTHETIC_VALUE,ONE_SHARED_POOL_PER_UNORDERED_PAIR
93000000000,93,pool_v2v_veh_7_veh_10,veh_7,veh_10,DIRECT_V2V,10000000,DIAGNOSTIC_SYNTHETIC_VALUE,ONE_SHARED_POOL_PER_UNORDERED_PAIR
93000000000,93,pool_v2v_veh_7_veh_11,veh_7,veh_11,DIRECT_V2V,10000000,DIAGNOSTIC_SYNTHETIC_VALUE,ONE_SHARED_POOL_PER_UNORDERED_PAIR
93000000000,93,pool_v2v_veh_8_veh_9,veh_8,veh_9,DIRECT_V2V,10000000,DIAGNOSTIC_SYNTHETIC_VALUE,ONE_SHARED_POOL_PER_UNORDERED_PAIR
93000000000,93,pool_v2v_veh_8_veh_10,veh_8,veh_10,DIRECT_V2V,10000000,DIAGNOSTIC_SYNTHETIC_VALUE,ONE_SHARED_POOL_PER_UNORDERED_PAIR
93000000000,93,pool_v2v_veh_8_veh_11,veh_8,veh_11,DIRECT_V2V,10000000,DIAGNOSTIC_SYNTHETIC_VALUE,ONE_SHARED_POOL_PER_UNORDERED_PAIR
93000000000,93,pool_v2v_veh_9_veh_10,veh_9,veh_10,DIRECT_V2V,10000000,DIAGNOSTIC_SYNTHETIC_VALUE,ONE_SHARED_POOL_PER_UNORDERED_PAIR
93000000000,93,pool_v2v_veh_9_veh_11,veh_9,veh_11,DIRECT_V2V,10000000,DIAGNOSTIC_SYNTHETIC_VALUE,ONE_SHARED_POOL_PER_UNORDERED_PAIR
93000000000,93,pool_v2v_veh_10_veh_11,veh_10,veh_11,DIRECT_V2V,10000000,DIAGNOSTIC_SYNTHETIC_VALUE,ONE_SHARED_POOL_PER_UNORDERED_PAIR
94000000000,94,pool_v2v_veh_0_veh_1,veh_0,veh_1,DIRECT_V2V,10000000,DIAGNOSTIC_SYNTHETIC_VALUE,ONE_SHARED_POOL_PER_UNORDERED_PAIR
94000000000,94,pool_v2v_veh_0_veh_2,veh_0,veh_2,DIRECT_V2V,10000000,DIAGNOSTIC_SYNTHETIC_VALUE,ONE_SHARED_POOL_PER_UNORDERED_PAIR
94000000000,94,pool_v2v_veh_0_veh_3,veh_0,veh_3,DIRECT_V2V,10000000,DIAGNOSTIC_SYNTHETIC_VALUE,ONE_SHARED_POOL_PER_UNORDERED_PAIR
94000000000,94,pool_v2v_veh_0_veh_4,veh_0,veh_4,DIRECT_V2V,10000000,DIAGNOSTIC_SYNTHETIC_VALUE,ONE_SHARED_POOL_PER_UNORDERED_PAIR
94000000000,94,pool_v2v_veh_0_veh_5,veh_0,veh_5,DIRECT_V2V,10000000,DIAGNOSTIC_SYNTHETIC_VALUE,ONE_SHARED_POOL_PER_UNORDERED_PAIR
94000000000,94,pool_v2v_veh_1_veh_2,veh_1,veh_2,DIRECT_V2V,10000000,DIAGNOSTIC_SYNTHETIC_VALUE,ONE_SHARED_POOL_PER_UNORDERED_PAIR
94000000000,94,pool_v2v_veh_1_veh_3,veh_1,veh_3,DIRECT_V2V,10000000,DIAGNOSTIC_SYNTHETIC_VALUE,ONE_SHARED_POOL_PER_UNORDERED_PAIR
94000000000,94,pool_v2v_veh_1_veh_4,veh_1,veh_4,DIRECT_V2V,10000000,DIAGNOSTIC_SYNTHETIC_VALUE,ONE_SHARED_POOL_PER_UNORDERED_PAIR
94000000000,94,pool_v2v_veh_1_veh_5,veh_1,veh_5,DIRECT_V2V,10000000,DIAGNOSTIC_SYNTHETIC_VALUE,ONE_SHARED_POOL_PER_UNORDERED_PAIR
94000000000,94,pool_v2v_veh_1_veh_6,veh_1,veh_6,DIRECT_V2V,10000000,DIAGNOSTIC_SYNTHETIC_VALUE,ONE_SHARED_POOL_PER_UNORDERED_PAIR
94000000000,94,pool_v2v_veh_2_veh_3,veh_2,veh_3,DIRECT_V2V,10000000,DIAGNOSTIC_SYNTHETIC_VALUE,ONE_SHARED_POOL_PER_UNORDERED_PAIR
94000000000,94,pool_v2v_veh_2_veh_4,veh_2,veh_4,DIRECT_V2V,10000000,DIAGNOSTIC_SYNTHETIC_VALUE,ONE_SHARED_POOL_PER_UNORDERED_PAIR
94000000000,94,pool_v2v_veh_2_veh_5,veh_2,veh_5,DIRECT_V2V,10000000,DIAGNOSTIC_SYNTHETIC_VALUE,ONE_SHARED_POOL_PER_UNORDERED_PAIR
94000000000,94,pool_v2v_veh_2_veh_6,veh_2,veh_6,DIRECT_V2V,10000000,DIAGNOSTIC_SYNTHETIC_VALUE,ONE_SHARED_POOL_PER_UNORDERED_PAIR
94000000000,94,pool_v2v_veh_2_veh_7,veh_2,veh_7,DIRECT_V2V,10000000,DIAGNOSTIC_SYNTHETIC_VALUE,ONE_SHARED_POOL_PER_UNORDERED_PAIR
94000000000,94,pool_v2v_veh_3_veh_4,veh_3,veh_4,DIRECT_V2V,10000000,DIAGNOSTIC_SYNTHETIC_VALUE,ONE_SHARED_POOL_PER_UNORDERED_PAIR
94000000000,94,pool_v2v_veh_3_veh_5,veh_3,veh_5,DIRECT_V2V,10000000,DIAGNOSTIC_SYNTHETIC_VALUE,ONE_SHARED_POOL_PER_UNORDERED_PAIR
94000000000,94,pool_v2v_veh_3_veh_6,veh_3,veh_6,DIRECT_V2V,10000000,DIAGNOSTIC_SYNTHETIC_VALUE,ONE_SHARED_POOL_PER_UNORDERED_PAIR
94000000000,94,pool_v2v_veh_3_veh_7,veh_3,veh_7,DIRECT_V2V,10000000,DIAGNOSTIC_SYNTHETIC_VALUE,ONE_SHARED_POOL_PER_UNORDERED_PAIR
94000000000,94,pool_v2v_veh_3_veh_8,veh_3,veh_8,DIRECT_V2V,10000000,DIAGNOSTIC_SYNTHETIC_VALUE,ONE_SHARED_POOL_PER_UNORDERED_PAIR
94000000000,94,pool_v2v_veh_4_veh_5,veh_4,veh_5,DIRECT_V2V,10000000,DIAGNOSTIC_SYNTHETIC_VALUE,ONE_SHARED_POOL_PER_UNORDERED_PAIR
94000000000,94,pool_v2v_veh_4_veh_6,veh_4,veh_6,DIRECT_V2V,10000000,DIAGNOSTIC_SYNTHETIC_VALUE,ONE_SHARED_POOL_PER_UNORDERED_PAIR
94000000000,94,pool_v2v_veh_4_veh_7,veh_4,veh_7,DIRECT_V2V,10000000,DIAGNOSTIC_SYNTHETIC_VALUE,ONE_SHARED_POOL_PER_UNORDERED_PAIR
94000000000,94,pool_v2v_veh_4_veh_8,veh_4,veh_8,DIRECT_V2V,10000000,DIAGNOSTIC_SYNTHETIC_VALUE,ONE_SHARED_POOL_PER_UNORDERED_PAIR
94000000000,94,pool_v2v_veh_4_veh_9,veh_4,veh_9,DIRECT_V2V,10000000,DIAGNOSTIC_SYNTHETIC_VALUE,ONE_SHARED_POOL_PER_UNORDERED_PAIR
94000000000,94,pool_v2v_veh_5_veh_6,veh_5,veh_6,DIRECT_V2V,10000000,DIAGNOSTIC_SYNTHETIC_VALUE,ONE_SHARED_POOL_PER_UNORDERED_PAIR
94000000000,94,pool_v2v_veh_5_veh_7,veh_5,veh_7,DIRECT_V2V,10000000,DIAGNOSTIC_SYNTHETIC_VALUE,ONE_SHARED_POOL_PER_UNORDERED_PAIR
94000000000,94,pool_v2v_veh_5_veh_8,veh_5,veh_8,DIRECT_V2V,10000000,DIAGNOSTIC_SYNTHETIC_VALUE,ONE_SHARED_POOL_PER_UNORDERED_PAIR
94000000000,94,pool_v2v_veh_5_veh_9,veh_5,veh_9,DIRECT_V2V,10000000,DIAGNOSTIC_SYNTHETIC_VALUE,ONE_SHARED_POOL_PER_UNORDERED_PAIR
94000000000,94,pool_v2v_veh_5_veh_10,veh_5,veh_10,DIRECT_V2V,10000000,DIAGNOSTIC_SYNTHETIC_VALUE,ONE_SHARED_POOL_PER_UNORDERED_PAIR
94000000000,94,pool_v2v_veh_6_veh_7,veh_6,veh_7,DIRECT_V2V,10000000,DIAGNOSTIC_SYNTHETIC_VALUE,ONE_SHARED_POOL_PER_UNORDERED_PAIR
94000000000,94,pool_v2v_veh_6_veh_8,veh_6,veh_8,DIRECT_V2V,10000000,DIAGNOSTIC_SYNTHETIC_VALUE,ONE_SHARED_POOL_PER_UNORDERED_PAIR
94000000000,94,pool_v2v_veh_6_veh_9,veh_6,veh_9,DIRECT_V2V,10000000,DIAGNOSTIC_SYNTHETIC_VALUE,ONE_SHARED_POOL_PER_UNORDERED_PAIR
94000000000,94,pool_v2v_veh_6_veh_10,veh_6,veh_10,DIRECT_V2V,10000000,DIAGNOSTIC_SYNTHETIC_VALUE,ONE_SHARED_POOL_PER_UNORDERED_PAIR
94000000000,94,pool_v2v_veh_7_veh_8,veh_7,veh_8,DIRECT_V2V,10000000,DIAGNOSTIC_SYNTHETIC_VALUE,ONE_SHARED_POOL_PER_UNORDERED_PAIR
94000000000,94,pool_v2v_veh_7_veh_9,veh_7,veh_9,DIRECT_V2V,10000000,DIAGNOSTIC_SYNTHETIC_VALUE,ONE_SHARED_POOL_PER_UNORDERED_PAIR
94000000000,94,pool_v2v_veh_7_veh_10,veh_7,veh_10,DIRECT_V2V,10000000,DIAGNOSTIC_SYNTHETIC_VALUE,ONE_SHARED_POOL_PER_UNORDERED_PAIR
94000000000,94,pool_v2v_veh_7_veh_11,veh_7,veh_11,DIRECT_V2V,10000000,DIAGNOSTIC_SYNTHETIC_VALUE,ONE_SHARED_POOL_PER_UNORDERED_PAIR
94000000000,94,pool_v2v_veh_8_veh_9,veh_8,veh_9,DIRECT_V2V,10000000,DIAGNOSTIC_SYNTHETIC_VALUE,ONE_SHARED_POOL_PER_UNORDERED_PAIR
94000000000,94,pool_v2v_veh_8_veh_10,veh_8,veh_10,DIRECT_V2V,10000000,DIAGNOSTIC_SYNTHETIC_VALUE,ONE_SHARED_POOL_PER_UNORDERED_PAIR
94000000000,94,pool_v2v_veh_8_veh_11,veh_8,veh_11,DIRECT_V2V,10000000,DIAGNOSTIC_SYNTHETIC_VALUE,ONE_SHARED_POOL_PER_UNORDERED_PAIR
94000000000,94,pool_v2v_veh_9_veh_10,veh_9,veh_10,DIRECT_V2V,10000000,DIAGNOSTIC_SYNTHETIC_VALUE,ONE_SHARED_POOL_PER_UNORDERED_PAIR
94000000000,94,pool_v2v_veh_9_veh_11,veh_9,veh_11,DIRECT_V2V,10000000,DIAGNOSTIC_SYNTHETIC_VALUE,ONE_SHARED_POOL_PER_UNORDERED_PAIR
94000000000,94,pool_v2v_veh_10_veh_11,veh_10,veh_11,DIRECT_V2V,10000000,DIAGNOSTIC_SYNTHETIC_VALUE,ONE_SHARED_POOL_PER_UNORDERED_PAIR
95000000000,95,pool_v2v_veh_0_veh_1,veh_0,veh_1,DIRECT_V2V,10000000,DIAGNOSTIC_SYNTHETIC_VALUE,ONE_SHARED_POOL_PER_UNORDERED_PAIR
95000000000,95,pool_v2v_veh_0_veh_2,veh_0,veh_2,DIRECT_V2V,10000000,DIAGNOSTIC_SYNTHETIC_VALUE,ONE_SHARED_POOL_PER_UNORDERED_PAIR
95000000000,95,pool_v2v_veh_0_veh_3,veh_0,veh_3,DIRECT_V2V,10000000,DIAGNOSTIC_SYNTHETIC_VALUE,ONE_SHARED_POOL_PER_UNORDERED_PAIR
95000000000,95,pool_v2v_veh_0_veh_4,veh_0,veh_4,DIRECT_V2V,10000000,DIAGNOSTIC_SYNTHETIC_VALUE,ONE_SHARED_POOL_PER_UNORDERED_PAIR
95000000000,95,pool_v2v_veh_0_veh_5,veh_0,veh_5,DIRECT_V2V,10000000,DIAGNOSTIC_SYNTHETIC_VALUE,ONE_SHARED_POOL_PER_UNORDERED_PAIR
95000000000,95,pool_v2v_veh_1_veh_2,veh_1,veh_2,DIRECT_V2V,10000000,DIAGNOSTIC_SYNTHETIC_VALUE,ONE_SHARED_POOL_PER_UNORDERED_PAIR
95000000000,95,pool_v2v_veh_1_veh_3,veh_1,veh_3,DIRECT_V2V,10000000,DIAGNOSTIC_SYNTHETIC_VALUE,ONE_SHARED_POOL_PER_UNORDERED_PAIR
95000000000,95,pool_v2v_veh_1_veh_4,veh_1,veh_4,DIRECT_V2V,10000000,DIAGNOSTIC_SYNTHETIC_VALUE,ONE_SHARED_POOL_PER_UNORDERED_PAIR
95000000000,95,pool_v2v_veh_1_veh_5,veh_1,veh_5,DIRECT_V2V,10000000,DIAGNOSTIC_SYNTHETIC_VALUE,ONE_SHARED_POOL_PER_UNORDERED_PAIR
95000000000,95,pool_v2v_veh_1_veh_6,veh_1,veh_6,DIRECT_V2V,10000000,DIAGNOSTIC_SYNTHETIC_VALUE,ONE_SHARED_POOL_PER_UNORDERED_PAIR
95000000000,95,pool_v2v_veh_2_veh_3,veh_2,veh_3,DIRECT_V2V,10000000,DIAGNOSTIC_SYNTHETIC_VALUE,ONE_SHARED_POOL_PER_UNORDERED_PAIR
95000000000,95,pool_v2v_veh_2_veh_4,veh_2,veh_4,DIRECT_V2V,10000000,DIAGNOSTIC_SYNTHETIC_VALUE,ONE_SHARED_POOL_PER_UNORDERED_PAIR
95000000000,95,pool_v2v_veh_2_veh_5,veh_2,veh_5,DIRECT_V2V,10000000,DIAGNOSTIC_SYNTHETIC_VALUE,ONE_SHARED_POOL_PER_UNORDERED_PAIR
95000000000,95,pool_v2v_veh_2_veh_6,veh_2,veh_6,DIRECT_V2V,10000000,DIAGNOSTIC_SYNTHETIC_VALUE,ONE_SHARED_POOL_PER_UNORDERED_PAIR
95000000000,95,pool_v2v_veh_2_veh_7,veh_2,veh_7,DIRECT_V2V,10000000,DIAGNOSTIC_SYNTHETIC_VALUE,ONE_SHARED_POOL_PER_UNORDERED_PAIR
95000000000,95,pool_v2v_veh_3_veh_4,veh_3,veh_4,DIRECT_V2V,10000000,DIAGNOSTIC_SYNTHETIC_VALUE,ONE_SHARED_POOL_PER_UNORDERED_PAIR
95000000000,95,pool_v2v_veh_3_veh_5,veh_3,veh_5,DIRECT_V2V,10000000,DIAGNOSTIC_SYNTHETIC_VALUE,ONE_SHARED_POOL_PER_UNORDERED_PAIR
95000000000,95,pool_v2v_veh_3_veh_6,veh_3,veh_6,DIRECT_V2V,10000000,DIAGNOSTIC_SYNTHETIC_VALUE,ONE_SHARED_POOL_PER_UNORDERED_PAIR
95000000000,95,pool_v2v_veh_3_veh_7,veh_3,veh_7,DIRECT_V2V,10000000,DIAGNOSTIC_SYNTHETIC_VALUE,ONE_SHARED_POOL_PER_UNORDERED_PAIR
95000000000,95,pool_v2v_veh_3_veh_8,veh_3,veh_8,DIRECT_V2V,10000000,DIAGNOSTIC_SYNTHETIC_VALUE,ONE_SHARED_POOL_PER_UNORDERED_PAIR
95000000000,95,pool_v2v_veh_4_veh_5,veh_4,veh_5,DIRECT_V2V,10000000,DIAGNOSTIC_SYNTHETIC_VALUE,ONE_SHARED_POOL_PER_UNORDERED_PAIR
95000000000,95,pool_v2v_veh_4_veh_6,veh_4,veh_6,DIRECT_V2V,10000000,DIAGNOSTIC_SYNTHETIC_VALUE,ONE_SHARED_POOL_PER_UNORDERED_PAIR
95000000000,95,pool_v2v_veh_4_veh_7,veh_4,veh_7,DIRECT_V2V,10000000,DIAGNOSTIC_SYNTHETIC_VALUE,ONE_SHARED_POOL_PER_UNORDERED_PAIR
95000000000,95,pool_v2v_veh_4_veh_8,veh_4,veh_8,DIRECT_V2V,10000000,DIAGNOSTIC_SYNTHETIC_VALUE,ONE_SHARED_POOL_PER_UNORDERED_PAIR
95000000000,95,pool_v2v_veh_4_veh_9,veh_4,veh_9,DIRECT_V2V,10000000,DIAGNOSTIC_SYNTHETIC_VALUE,ONE_SHARED_POOL_PER_UNORDERED_PAIR
95000000000,95,pool_v2v_veh_5_veh_6,veh_5,veh_6,DIRECT_V2V,10000000,DIAGNOSTIC_SYNTHETIC_VALUE,ONE_SHARED_POOL_PER_UNORDERED_PAIR
95000000000,95,pool_v2v_veh_5_veh_7,veh_5,veh_7,DIRECT_V2V,10000000,DIAGNOSTIC_SYNTHETIC_VALUE,ONE_SHARED_POOL_PER_UNORDERED_PAIR
95000000000,95,pool_v2v_veh_5_veh_8,veh_5,veh_8,DIRECT_V2V,10000000,DIAGNOSTIC_SYNTHETIC_VALUE,ONE_SHARED_POOL_PER_UNORDERED_PAIR
95000000000,95,pool_v2v_veh_5_veh_9,veh_5,veh_9,DIRECT_V2V,10000000,DIAGNOSTIC_SYNTHETIC_VALUE,ONE_SHARED_POOL_PER_UNORDERED_PAIR
95000000000,95,pool_v2v_veh_5_veh_10,veh_5,veh_10,DIRECT_V2V,10000000,DIAGNOSTIC_SYNTHETIC_VALUE,ONE_SHARED_POOL_PER_UNORDERED_PAIR
95000000000,95,pool_v2v_veh_6_veh_7,veh_6,veh_7,DIRECT_V2V,10000000,DIAGNOSTIC_SYNTHETIC_VALUE,ONE_SHARED_POOL_PER_UNORDERED_PAIR
95000000000,95,pool_v2v_veh_6_veh_8,veh_6,veh_8,DIRECT_V2V,10000000,DIAGNOSTIC_SYNTHETIC_VALUE,ONE_SHARED_POOL_PER_UNORDERED_PAIR
95000000000,95,pool_v2v_veh_6_veh_9,veh_6,veh_9,DIRECT_V2V,10000000,DIAGNOSTIC_SYNTHETIC_VALUE,ONE_SHARED_POOL_PER_UNORDERED_PAIR
95000000000,95,pool_v2v_veh_6_veh_10,veh_6,veh_10,DIRECT_V2V,10000000,DIAGNOSTIC_SYNTHETIC_VALUE,ONE_SHARED_POOL_PER_UNORDERED_PAIR
95000000000,95,pool_v2v_veh_7_veh_8,veh_7,veh_8,DIRECT_V2V,10000000,DIAGNOSTIC_SYNTHETIC_VALUE,ONE_SHARED_POOL_PER_UNORDERED_PAIR
95000000000,95,pool_v2v_veh_7_veh_9,veh_7,veh_9,DIRECT_V2V,10000000,DIAGNOSTIC_SYNTHETIC_VALUE,ONE_SHARED_POOL_PER_UNORDERED_PAIR
95000000000,95,pool_v2v_veh_7_veh_10,veh_7,veh_10,DIRECT_V2V,10000000,DIAGNOSTIC_SYNTHETIC_VALUE,ONE_SHARED_POOL_PER_UNORDERED_PAIR
95000000000,95,pool_v2v_veh_7_veh_11,veh_7,veh_11,DIRECT_V2V,10000000,DIAGNOSTIC_SYNTHETIC_VALUE,ONE_SHARED_POOL_PER_UNORDERED_PAIR
95000000000,95,pool_v2v_veh_8_veh_9,veh_8,veh_9,DIRECT_V2V,10000000,DIAGNOSTIC_SYNTHETIC_VALUE,ONE_SHARED_POOL_PER_UNORDERED_PAIR
95000000000,95,pool_v2v_veh_8_veh_10,veh_8,veh_10,DIRECT_V2V,10000000,DIAGNOSTIC_SYNTHETIC_VALUE,ONE_SHARED_POOL_PER_UNORDERED_PAIR
95000000000,95,pool_v2v_veh_8_veh_11,veh_8,veh_11,DIRECT_V2V,10000000,DIAGNOSTIC_SYNTHETIC_VALUE,ONE_SHARED_POOL_PER_UNORDERED_PAIR
95000000000,95,pool_v2v_veh_9_veh_10,veh_9,veh_10,DIRECT_V2V,10000000,DIAGNOSTIC_SYNTHETIC_VALUE,ONE_SHARED_POOL_PER_UNORDERED_PAIR
95000000000,95,pool_v2v_veh_9_veh_11,veh_9,veh_11,DIRECT_V2V,10000000,DIAGNOSTIC_SYNTHETIC_VALUE,ONE_SHARED_POOL_PER_UNORDERED_PAIR
95000000000,95,pool_v2v_veh_10_veh_11,veh_10,veh_11,DIRECT_V2V,10000000,DIAGNOSTIC_SYNTHETIC_VALUE,ONE_SHARED_POOL_PER_UNORDERED_PAIR
96000000000,96,pool_v2v_veh_0_veh_1,veh_0,veh_1,DIRECT_V2V,10000000,DIAGNOSTIC_SYNTHETIC_VALUE,ONE_SHARED_POOL_PER_UNORDERED_PAIR
96000000000,96,pool_v2v_veh_0_veh_2,veh_0,veh_2,DIRECT_V2V,10000000,DIAGNOSTIC_SYNTHETIC_VALUE,ONE_SHARED_POOL_PER_UNORDERED_PAIR
96000000000,96,pool_v2v_veh_0_veh_3,veh_0,veh_3,DIRECT_V2V,10000000,DIAGNOSTIC_SYNTHETIC_VALUE,ONE_SHARED_POOL_PER_UNORDERED_PAIR
96000000000,96,pool_v2v_veh_0_veh_4,veh_0,veh_4,DIRECT_V2V,10000000,DIAGNOSTIC_SYNTHETIC_VALUE,ONE_SHARED_POOL_PER_UNORDERED_PAIR
96000000000,96,pool_v2v_veh_0_veh_5,veh_0,veh_5,DIRECT_V2V,10000000,DIAGNOSTIC_SYNTHETIC_VALUE,ONE_SHARED_POOL_PER_UNORDERED_PAIR
96000000000,96,pool_v2v_veh_1_veh_2,veh_1,veh_2,DIRECT_V2V,10000000,DIAGNOSTIC_SYNTHETIC_VALUE,ONE_SHARED_POOL_PER_UNORDERED_PAIR
96000000000,96,pool_v2v_veh_1_veh_3,veh_1,veh_3,DIRECT_V2V,10000000,DIAGNOSTIC_SYNTHETIC_VALUE,ONE_SHARED_POOL_PER_UNORDERED_PAIR
96000000000,96,pool_v2v_veh_1_veh_4,veh_1,veh_4,DIRECT_V2V,10000000,DIAGNOSTIC_SYNTHETIC_VALUE,ONE_SHARED_POOL_PER_UNORDERED_PAIR
96000000000,96,pool_v2v_veh_1_veh_5,veh_1,veh_5,DIRECT_V2V,10000000,DIAGNOSTIC_SYNTHETIC_VALUE,ONE_SHARED_POOL_PER_UNORDERED_PAIR
96000000000,96,pool_v2v_veh_1_veh_6,veh_1,veh_6,DIRECT_V2V,10000000,DIAGNOSTIC_SYNTHETIC_VALUE,ONE_SHARED_POOL_PER_UNORDERED_PAIR
96000000000,96,pool_v2v_veh_2_veh_3,veh_2,veh_3,DIRECT_V2V,10000000,DIAGNOSTIC_SYNTHETIC_VALUE,ONE_SHARED_POOL_PER_UNORDERED_PAIR
96000000000,96,pool_v2v_veh_2_veh_4,veh_2,veh_4,DIRECT_V2V,10000000,DIAGNOSTIC_SYNTHETIC_VALUE,ONE_SHARED_POOL_PER_UNORDERED_PAIR
96000000000,96,pool_v2v_veh_2_veh_5,veh_2,veh_5,DIRECT_V2V,10000000,DIAGNOSTIC_SYNTHETIC_VALUE,ONE_SHARED_POOL_PER_UNORDERED_PAIR
96000000000,96,pool_v2v_veh_2_veh_6,veh_2,veh_6,DIRECT_V2V,10000000,DIAGNOSTIC_SYNTHETIC_VALUE,ONE_SHARED_POOL_PER_UNORDERED_PAIR
96000000000,96,pool_v2v_veh_2_veh_7,veh_2,veh_7,DIRECT_V2V,10000000,DIAGNOSTIC_SYNTHETIC_VALUE,ONE_SHARED_POOL_PER_UNORDERED_PAIR
96000000000,96,pool_v2v_veh_3_veh_4,veh_3,veh_4,DIRECT_V2V,10000000,DIAGNOSTIC_SYNTHETIC_VALUE,ONE_SHARED_POOL_PER_UNORDERED_PAIR
96000000000,96,pool_v2v_veh_3_veh_5,veh_3,veh_5,DIRECT_V2V,10000000,DIAGNOSTIC_SYNTHETIC_VALUE,ONE_SHARED_POOL_PER_UNORDERED_PAIR
96000000000,96,pool_v2v_veh_3_veh_6,veh_3,veh_6,DIRECT_V2V,10000000,DIAGNOSTIC_SYNTHETIC_VALUE,ONE_SHARED_POOL_PER_UNORDERED_PAIR
96000000000,96,pool_v2v_veh_3_veh_7,veh_3,veh_7,DIRECT_V2V,10000000,DIAGNOSTIC_SYNTHETIC_VALUE,ONE_SHARED_POOL_PER_UNORDERED_PAIR
96000000000,96,pool_v2v_veh_3_veh_8,veh_3,veh_8,DIRECT_V2V,10000000,DIAGNOSTIC_SYNTHETIC_VALUE,ONE_SHARED_POOL_PER_UNORDERED_PAIR
96000000000,96,pool_v2v_veh_4_veh_5,veh_4,veh_5,DIRECT_V2V,10000000,DIAGNOSTIC_SYNTHETIC_VALUE,ONE_SHARED_POOL_PER_UNORDERED_PAIR
96000000000,96,pool_v2v_veh_4_veh_6,veh_4,veh_6,DIRECT_V2V,10000000,DIAGNOSTIC_SYNTHETIC_VALUE,ONE_SHARED_POOL_PER_UNORDERED_PAIR
96000000000,96,pool_v2v_veh_4_veh_7,veh_4,veh_7,DIRECT_V2V,10000000,DIAGNOSTIC_SYNTHETIC_VALUE,ONE_SHARED_POOL_PER_UNORDERED_PAIR
96000000000,96,pool_v2v_veh_4_veh_8,veh_4,veh_8,DIRECT_V2V,10000000,DIAGNOSTIC_SYNTHETIC_VALUE,ONE_SHARED_POOL_PER_UNORDERED_PAIR
96000000000,96,pool_v2v_veh_4_veh_9,veh_4,veh_9,DIRECT_V2V,10000000,DIAGNOSTIC_SYNTHETIC_VALUE,ONE_SHARED_POOL_PER_UNORDERED_PAIR
96000000000,96,pool_v2v_veh_5_veh_6,veh_5,veh_6,DIRECT_V2V,10000000,DIAGNOSTIC_SYNTHETIC_VALUE,ONE_SHARED_POOL_PER_UNORDERED_PAIR
96000000000,96,pool_v2v_veh_5_veh_7,veh_5,veh_7,DIRECT_V2V,10000000,DIAGNOSTIC_SYNTHETIC_VALUE,ONE_SHARED_POOL_PER_UNORDERED_PAIR
96000000000,96,pool_v2v_veh_5_veh_8,veh_5,veh_8,DIRECT_V2V,10000000,DIAGNOSTIC_SYNTHETIC_VALUE,ONE_SHARED_POOL_PER_UNORDERED_PAIR
96000000000,96,pool_v2v_veh_5_veh_9,veh_5,veh_9,DIRECT_V2V,10000000,DIAGNOSTIC_SYNTHETIC_VALUE,ONE_SHARED_POOL_PER_UNORDERED_PAIR
96000000000,96,pool_v2v_veh_5_veh_10,veh_5,veh_10,DIRECT_V2V,10000000,DIAGNOSTIC_SYNTHETIC_VALUE,ONE_SHARED_POOL_PER_UNORDERED_PAIR
96000000000,96,pool_v2v_veh_6_veh_7,veh_6,veh_7,DIRECT_V2V,10000000,DIAGNOSTIC_SYNTHETIC_VALUE,ONE_SHARED_POOL_PER_UNORDERED_PAIR
96000000000,96,pool_v2v_veh_6_veh_8,veh_6,veh_8,DIRECT_V2V,10000000,DIAGNOSTIC_SYNTHETIC_VALUE,ONE_SHARED_POOL_PER_UNORDERED_PAIR
96000000000,96,pool_v2v_veh_6_veh_9,veh_6,veh_9,DIRECT_V2V,10000000,DIAGNOSTIC_SYNTHETIC_VALUE,ONE_SHARED_POOL_PER_UNORDERED_PAIR
96000000000,96,pool_v2v_veh_6_veh_10,veh_6,veh_10,DIRECT_V2V,10000000,DIAGNOSTIC_SYNTHETIC_VALUE,ONE_SHARED_POOL_PER_UNORDERED_PAIR
96000000000,96,pool_v2v_veh_7_veh_8,veh_7,veh_8,DIRECT_V2V,10000000,DIAGNOSTIC_SYNTHETIC_VALUE,ONE_SHARED_POOL_PER_UNORDERED_PAIR
96000000000,96,pool_v2v_veh_7_veh_9,veh_7,veh_9,DIRECT_V2V,10000000,DIAGNOSTIC_SYNTHETIC_VALUE,ONE_SHARED_POOL_PER_UNORDERED_PAIR
96000000000,96,pool_v2v_veh_7_veh_10,veh_7,veh_10,DIRECT_V2V,10000000,DIAGNOSTIC_SYNTHETIC_VALUE,ONE_SHARED_POOL_PER_UNORDERED_PAIR
96000000000,96,pool_v2v_veh_7_veh_11,veh_7,veh_11,DIRECT_V2V,10000000,DIAGNOSTIC_SYNTHETIC_VALUE,ONE_SHARED_POOL_PER_UNORDERED_PAIR
96000000000,96,pool_v2v_veh_8_veh_9,veh_8,veh_9,DIRECT_V2V,10000000,DIAGNOSTIC_SYNTHETIC_VALUE,ONE_SHARED_POOL_PER_UNORDERED_PAIR
96000000000,96,pool_v2v_veh_8_veh_10,veh_8,veh_10,DIRECT_V2V,10000000,DIAGNOSTIC_SYNTHETIC_VALUE,ONE_SHARED_POOL_PER_UNORDERED_PAIR
96000000000,96,pool_v2v_veh_8_veh_11,veh_8,veh_11,DIRECT_V2V,10000000,DIAGNOSTIC_SYNTHETIC_VALUE,ONE_SHARED_POOL_PER_UNORDERED_PAIR
96000000000,96,pool_v2v_veh_9_veh_10,veh_9,veh_10,DIRECT_V2V,10000000,DIAGNOSTIC_SYNTHETIC_VALUE,ONE_SHARED_POOL_PER_UNORDERED_PAIR
96000000000,96,pool_v2v_veh_9_veh_11,veh_9,veh_11,DIRECT_V2V,10000000,DIAGNOSTIC_SYNTHETIC_VALUE,ONE_SHARED_POOL_PER_UNORDERED_PAIR
96000000000,96,pool_v2v_veh_10_veh_11,veh_10,veh_11,DIRECT_V2V,10000000,DIAGNOSTIC_SYNTHETIC_VALUE,ONE_SHARED_POOL_PER_UNORDERED_PAIR
97000000000,97,pool_v2v_veh_0_veh_1,veh_0,veh_1,DIRECT_V2V,10000000,DIAGNOSTIC_SYNTHETIC_VALUE,ONE_SHARED_POOL_PER_UNORDERED_PAIR
97000000000,97,pool_v2v_veh_0_veh_2,veh_0,veh_2,DIRECT_V2V,10000000,DIAGNOSTIC_SYNTHETIC_VALUE,ONE_SHARED_POOL_PER_UNORDERED_PAIR
97000000000,97,pool_v2v_veh_0_veh_3,veh_0,veh_3,DIRECT_V2V,10000000,DIAGNOSTIC_SYNTHETIC_VALUE,ONE_SHARED_POOL_PER_UNORDERED_PAIR
97000000000,97,pool_v2v_veh_0_veh_4,veh_0,veh_4,DIRECT_V2V,10000000,DIAGNOSTIC_SYNTHETIC_VALUE,ONE_SHARED_POOL_PER_UNORDERED_PAIR
97000000000,97,pool_v2v_veh_0_veh_5,veh_0,veh_5,DIRECT_V2V,10000000,DIAGNOSTIC_SYNTHETIC_VALUE,ONE_SHARED_POOL_PER_UNORDERED_PAIR
97000000000,97,pool_v2v_veh_1_veh_2,veh_1,veh_2,DIRECT_V2V,10000000,DIAGNOSTIC_SYNTHETIC_VALUE,ONE_SHARED_POOL_PER_UNORDERED_PAIR
97000000000,97,pool_v2v_veh_1_veh_3,veh_1,veh_3,DIRECT_V2V,10000000,DIAGNOSTIC_SYNTHETIC_VALUE,ONE_SHARED_POOL_PER_UNORDERED_PAIR
97000000000,97,pool_v2v_veh_1_veh_4,veh_1,veh_4,DIRECT_V2V,10000000,DIAGNOSTIC_SYNTHETIC_VALUE,ONE_SHARED_POOL_PER_UNORDERED_PAIR
97000000000,97,pool_v2v_veh_1_veh_5,veh_1,veh_5,DIRECT_V2V,10000000,DIAGNOSTIC_SYNTHETIC_VALUE,ONE_SHARED_POOL_PER_UNORDERED_PAIR
97000000000,97,pool_v2v_veh_1_veh_6,veh_1,veh_6,DIRECT_V2V,10000000,DIAGNOSTIC_SYNTHETIC_VALUE,ONE_SHARED_POOL_PER_UNORDERED_PAIR
97000000000,97,pool_v2v_veh_2_veh_3,veh_2,veh_3,DIRECT_V2V,10000000,DIAGNOSTIC_SYNTHETIC_VALUE,ONE_SHARED_POOL_PER_UNORDERED_PAIR
97000000000,97,pool_v2v_veh_2_veh_4,veh_2,veh_4,DIRECT_V2V,10000000,DIAGNOSTIC_SYNTHETIC_VALUE,ONE_SHARED_POOL_PER_UNORDERED_PAIR
97000000000,97,pool_v2v_veh_2_veh_5,veh_2,veh_5,DIRECT_V2V,10000000,DIAGNOSTIC_SYNTHETIC_VALUE,ONE_SHARED_POOL_PER_UNORDERED_PAIR
97000000000,97,pool_v2v_veh_2_veh_6,veh_2,veh_6,DIRECT_V2V,10000000,DIAGNOSTIC_SYNTHETIC_VALUE,ONE_SHARED_POOL_PER_UNORDERED_PAIR
97000000000,97,pool_v2v_veh_2_veh_7,veh_2,veh_7,DIRECT_V2V,10000000,DIAGNOSTIC_SYNTHETIC_VALUE,ONE_SHARED_POOL_PER_UNORDERED_PAIR
97000000000,97,pool_v2v_veh_3_veh_4,veh_3,veh_4,DIRECT_V2V,10000000,DIAGNOSTIC_SYNTHETIC_VALUE,ONE_SHARED_POOL_PER_UNORDERED_PAIR
97000000000,97,pool_v2v_veh_3_veh_5,veh_3,veh_5,DIRECT_V2V,10000000,DIAGNOSTIC_SYNTHETIC_VALUE,ONE_SHARED_POOL_PER_UNORDERED_PAIR
97000000000,97,pool_v2v_veh_3_veh_6,veh_3,veh_6,DIRECT_V2V,10000000,DIAGNOSTIC_SYNTHETIC_VALUE,ONE_SHARED_POOL_PER_UNORDERED_PAIR
97000000000,97,pool_v2v_veh_3_veh_7,veh_3,veh_7,DIRECT_V2V,10000000,DIAGNOSTIC_SYNTHETIC_VALUE,ONE_SHARED_POOL_PER_UNORDERED_PAIR
97000000000,97,pool_v2v_veh_3_veh_8,veh_3,veh_8,DIRECT_V2V,10000000,DIAGNOSTIC_SYNTHETIC_VALUE,ONE_SHARED_POOL_PER_UNORDERED_PAIR
97000000000,97,pool_v2v_veh_4_veh_5,veh_4,veh_5,DIRECT_V2V,10000000,DIAGNOSTIC_SYNTHETIC_VALUE,ONE_SHARED_POOL_PER_UNORDERED_PAIR
97000000000,97,pool_v2v_veh_4_veh_6,veh_4,veh_6,DIRECT_V2V,10000000,DIAGNOSTIC_SYNTHETIC_VALUE,ONE_SHARED_POOL_PER_UNORDERED_PAIR
97000000000,97,pool_v2v_veh_4_veh_7,veh_4,veh_7,DIRECT_V2V,10000000,DIAGNOSTIC_SYNTHETIC_VALUE,ONE_SHARED_POOL_PER_UNORDERED_PAIR
97000000000,97,pool_v2v_veh_4_veh_8,veh_4,veh_8,DIRECT_V2V,10000000,DIAGNOSTIC_SYNTHETIC_VALUE,ONE_SHARED_POOL_PER_UNORDERED_PAIR
97000000000,97,pool_v2v_veh_4_veh_9,veh_4,veh_9,DIRECT_V2V,10000000,DIAGNOSTIC_SYNTHETIC_VALUE,ONE_SHARED_POOL_PER_UNORDERED_PAIR
97000000000,97,pool_v2v_veh_5_veh_6,veh_5,veh_6,DIRECT_V2V,10000000,DIAGNOSTIC_SYNTHETIC_VALUE,ONE_SHARED_POOL_PER_UNORDERED_PAIR
97000000000,97,pool_v2v_veh_5_veh_7,veh_5,veh_7,DIRECT_V2V,10000000,DIAGNOSTIC_SYNTHETIC_VALUE,ONE_SHARED_POOL_PER_UNORDERED_PAIR
97000000000,97,pool_v2v_veh_5_veh_8,veh_5,veh_8,DIRECT_V2V,10000000,DIAGNOSTIC_SYNTHETIC_VALUE,ONE_SHARED_POOL_PER_UNORDERED_PAIR
97000000000,97,pool_v2v_veh_5_veh_9,veh_5,veh_9,DIRECT_V2V,10000000,DIAGNOSTIC_SYNTHETIC_VALUE,ONE_SHARED_POOL_PER_UNORDERED_PAIR
97000000000,97,pool_v2v_veh_5_veh_10,veh_5,veh_10,DIRECT_V2V,10000000,DIAGNOSTIC_SYNTHETIC_VALUE,ONE_SHARED_POOL_PER_UNORDERED_PAIR
97000000000,97,pool_v2v_veh_6_veh_7,veh_6,veh_7,DIRECT_V2V,10000000,DIAGNOSTIC_SYNTHETIC_VALUE,ONE_SHARED_POOL_PER_UNORDERED_PAIR
97000000000,97,pool_v2v_veh_6_veh_8,veh_6,veh_8,DIRECT_V2V,10000000,DIAGNOSTIC_SYNTHETIC_VALUE,ONE_SHARED_POOL_PER_UNORDERED_PAIR
97000000000,97,pool_v2v_veh_6_veh_9,veh_6,veh_9,DIRECT_V2V,10000000,DIAGNOSTIC_SYNTHETIC_VALUE,ONE_SHARED_POOL_PER_UNORDERED_PAIR
97000000000,97,pool_v2v_veh_6_veh_10,veh_6,veh_10,DIRECT_V2V,10000000,DIAGNOSTIC_SYNTHETIC_VALUE,ONE_SHARED_POOL_PER_UNORDERED_PAIR
97000000000,97,pool_v2v_veh_7_veh_8,veh_7,veh_8,DIRECT_V2V,10000000,DIAGNOSTIC_SYNTHETIC_VALUE,ONE_SHARED_POOL_PER_UNORDERED_PAIR
97000000000,97,pool_v2v_veh_7_veh_9,veh_7,veh_9,DIRECT_V2V,10000000,DIAGNOSTIC_SYNTHETIC_VALUE,ONE_SHARED_POOL_PER_UNORDERED_PAIR
97000000000,97,pool_v2v_veh_7_veh_10,veh_7,veh_10,DIRECT_V2V,10000000,DIAGNOSTIC_SYNTHETIC_VALUE,ONE_SHARED_POOL_PER_UNORDERED_PAIR
97000000000,97,pool_v2v_veh_7_veh_11,veh_7,veh_11,DIRECT_V2V,10000000,DIAGNOSTIC_SYNTHETIC_VALUE,ONE_SHARED_POOL_PER_UNORDERED_PAIR
97000000000,97,pool_v2v_veh_8_veh_9,veh_8,veh_9,DIRECT_V2V,10000000,DIAGNOSTIC_SYNTHETIC_VALUE,ONE_SHARED_POOL_PER_UNORDERED_PAIR
97000000000,97,pool_v2v_veh_8_veh_10,veh_8,veh_10,DIRECT_V2V,10000000,DIAGNOSTIC_SYNTHETIC_VALUE,ONE_SHARED_POOL_PER_UNORDERED_PAIR
97000000000,97,pool_v2v_veh_8_veh_11,veh_8,veh_11,DIRECT_V2V,10000000,DIAGNOSTIC_SYNTHETIC_VALUE,ONE_SHARED_POOL_PER_UNORDERED_PAIR
97000000000,97,pool_v2v_veh_9_veh_10,veh_9,veh_10,DIRECT_V2V,10000000,DIAGNOSTIC_SYNTHETIC_VALUE,ONE_SHARED_POOL_PER_UNORDERED_PAIR
97000000000,97,pool_v2v_veh_9_veh_11,veh_9,veh_11,DIRECT_V2V,10000000,DIAGNOSTIC_SYNTHETIC_VALUE,ONE_SHARED_POOL_PER_UNORDERED_PAIR
97000000000,97,pool_v2v_veh_10_veh_11,veh_10,veh_11,DIRECT_V2V,10000000,DIAGNOSTIC_SYNTHETIC_VALUE,ONE_SHARED_POOL_PER_UNORDERED_PAIR
98000000000,98,pool_v2v_veh_0_veh_1,veh_0,veh_1,DIRECT_V2V,10000000,DIAGNOSTIC_SYNTHETIC_VALUE,ONE_SHARED_POOL_PER_UNORDERED_PAIR
98000000000,98,pool_v2v_veh_0_veh_2,veh_0,veh_2,DIRECT_V2V,10000000,DIAGNOSTIC_SYNTHETIC_VALUE,ONE_SHARED_POOL_PER_UNORDERED_PAIR
98000000000,98,pool_v2v_veh_0_veh_3,veh_0,veh_3,DIRECT_V2V,10000000,DIAGNOSTIC_SYNTHETIC_VALUE,ONE_SHARED_POOL_PER_UNORDERED_PAIR
98000000000,98,pool_v2v_veh_0_veh_4,veh_0,veh_4,DIRECT_V2V,10000000,DIAGNOSTIC_SYNTHETIC_VALUE,ONE_SHARED_POOL_PER_UNORDERED_PAIR
98000000000,98,pool_v2v_veh_0_veh_5,veh_0,veh_5,DIRECT_V2V,10000000,DIAGNOSTIC_SYNTHETIC_VALUE,ONE_SHARED_POOL_PER_UNORDERED_PAIR
98000000000,98,pool_v2v_veh_1_veh_2,veh_1,veh_2,DIRECT_V2V,10000000,DIAGNOSTIC_SYNTHETIC_VALUE,ONE_SHARED_POOL_PER_UNORDERED_PAIR
98000000000,98,pool_v2v_veh_1_veh_3,veh_1,veh_3,DIRECT_V2V,10000000,DIAGNOSTIC_SYNTHETIC_VALUE,ONE_SHARED_POOL_PER_UNORDERED_PAIR
98000000000,98,pool_v2v_veh_1_veh_4,veh_1,veh_4,DIRECT_V2V,10000000,DIAGNOSTIC_SYNTHETIC_VALUE,ONE_SHARED_POOL_PER_UNORDERED_PAIR
98000000000,98,pool_v2v_veh_1_veh_5,veh_1,veh_5,DIRECT_V2V,10000000,DIAGNOSTIC_SYNTHETIC_VALUE,ONE_SHARED_POOL_PER_UNORDERED_PAIR
98000000000,98,pool_v2v_veh_1_veh_6,veh_1,veh_6,DIRECT_V2V,10000000,DIAGNOSTIC_SYNTHETIC_VALUE,ONE_SHARED_POOL_PER_UNORDERED_PAIR
98000000000,98,pool_v2v_veh_2_veh_3,veh_2,veh_3,DIRECT_V2V,10000000,DIAGNOSTIC_SYNTHETIC_VALUE,ONE_SHARED_POOL_PER_UNORDERED_PAIR
98000000000,98,pool_v2v_veh_2_veh_4,veh_2,veh_4,DIRECT_V2V,10000000,DIAGNOSTIC_SYNTHETIC_VALUE,ONE_SHARED_POOL_PER_UNORDERED_PAIR
98000000000,98,pool_v2v_veh_2_veh_5,veh_2,veh_5,DIRECT_V2V,10000000,DIAGNOSTIC_SYNTHETIC_VALUE,ONE_SHARED_POOL_PER_UNORDERED_PAIR
98000000000,98,pool_v2v_veh_2_veh_6,veh_2,veh_6,DIRECT_V2V,10000000,DIAGNOSTIC_SYNTHETIC_VALUE,ONE_SHARED_POOL_PER_UNORDERED_PAIR
98000000000,98,pool_v2v_veh_2_veh_7,veh_2,veh_7,DIRECT_V2V,10000000,DIAGNOSTIC_SYNTHETIC_VALUE,ONE_SHARED_POOL_PER_UNORDERED_PAIR
98000000000,98,pool_v2v_veh_3_veh_4,veh_3,veh_4,DIRECT_V2V,10000000,DIAGNOSTIC_SYNTHETIC_VALUE,ONE_SHARED_POOL_PER_UNORDERED_PAIR
98000000000,98,pool_v2v_veh_3_veh_5,veh_3,veh_5,DIRECT_V2V,10000000,DIAGNOSTIC_SYNTHETIC_VALUE,ONE_SHARED_POOL_PER_UNORDERED_PAIR
98000000000,98,pool_v2v_veh_3_veh_6,veh_3,veh_6,DIRECT_V2V,10000000,DIAGNOSTIC_SYNTHETIC_VALUE,ONE_SHARED_POOL_PER_UNORDERED_PAIR
98000000000,98,pool_v2v_veh_3_veh_7,veh_3,veh_7,DIRECT_V2V,10000000,DIAGNOSTIC_SYNTHETIC_VALUE,ONE_SHARED_POOL_PER_UNORDERED_PAIR
98000000000,98,pool_v2v_veh_3_veh_8,veh_3,veh_8,DIRECT_V2V,10000000,DIAGNOSTIC_SYNTHETIC_VALUE,ONE_SHARED_POOL_PER_UNORDERED_PAIR
98000000000,98,pool_v2v_veh_4_veh_5,veh_4,veh_5,DIRECT_V2V,10000000,DIAGNOSTIC_SYNTHETIC_VALUE,ONE_SHARED_POOL_PER_UNORDERED_PAIR
98000000000,98,pool_v2v_veh_4_veh_6,veh_4,veh_6,DIRECT_V2V,10000000,DIAGNOSTIC_SYNTHETIC_VALUE,ONE_SHARED_POOL_PER_UNORDERED_PAIR
98000000000,98,pool_v2v_veh_4_veh_7,veh_4,veh_7,DIRECT_V2V,10000000,DIAGNOSTIC_SYNTHETIC_VALUE,ONE_SHARED_POOL_PER_UNORDERED_PAIR
98000000000,98,pool_v2v_veh_4_veh_8,veh_4,veh_8,DIRECT_V2V,10000000,DIAGNOSTIC_SYNTHETIC_VALUE,ONE_SHARED_POOL_PER_UNORDERED_PAIR
98000000000,98,pool_v2v_veh_4_veh_9,veh_4,veh_9,DIRECT_V2V,10000000,DIAGNOSTIC_SYNTHETIC_VALUE,ONE_SHARED_POOL_PER_UNORDERED_PAIR
98000000000,98,pool_v2v_veh_5_veh_6,veh_5,veh_6,DIRECT_V2V,10000000,DIAGNOSTIC_SYNTHETIC_VALUE,ONE_SHARED_POOL_PER_UNORDERED_PAIR
98000000000,98,pool_v2v_veh_5_veh_7,veh_5,veh_7,DIRECT_V2V,10000000,DIAGNOSTIC_SYNTHETIC_VALUE,ONE_SHARED_POOL_PER_UNORDERED_PAIR
98000000000,98,pool_v2v_veh_5_veh_8,veh_5,veh_8,DIRECT_V2V,10000000,DIAGNOSTIC_SYNTHETIC_VALUE,ONE_SHARED_POOL_PER_UNORDERED_PAIR
98000000000,98,pool_v2v_veh_5_veh_9,veh_5,veh_9,DIRECT_V2V,10000000,DIAGNOSTIC_SYNTHETIC_VALUE,ONE_SHARED_POOL_PER_UNORDERED_PAIR
98000000000,98,pool_v2v_veh_5_veh_10,veh_5,veh_10,DIRECT_V2V,10000000,DIAGNOSTIC_SYNTHETIC_VALUE,ONE_SHARED_POOL_PER_UNORDERED_PAIR
98000000000,98,pool_v2v_veh_6_veh_7,veh_6,veh_7,DIRECT_V2V,10000000,DIAGNOSTIC_SYNTHETIC_VALUE,ONE_SHARED_POOL_PER_UNORDERED_PAIR
98000000000,98,pool_v2v_veh_6_veh_8,veh_6,veh_8,DIRECT_V2V,10000000,DIAGNOSTIC_SYNTHETIC_VALUE,ONE_SHARED_POOL_PER_UNORDERED_PAIR
98000000000,98,pool_v2v_veh_6_veh_9,veh_6,veh_9,DIRECT_V2V,10000000,DIAGNOSTIC_SYNTHETIC_VALUE,ONE_SHARED_POOL_PER_UNORDERED_PAIR
98000000000,98,pool_v2v_veh_6_veh_10,veh_6,veh_10,DIRECT_V2V,10000000,DIAGNOSTIC_SYNTHETIC_VALUE,ONE_SHARED_POOL_PER_UNORDERED_PAIR
98000000000,98,pool_v2v_veh_7_veh_8,veh_7,veh_8,DIRECT_V2V,10000000,DIAGNOSTIC_SYNTHETIC_VALUE,ONE_SHARED_POOL_PER_UNORDERED_PAIR
98000000000,98,pool_v2v_veh_7_veh_9,veh_7,veh_9,DIRECT_V2V,10000000,DIAGNOSTIC_SYNTHETIC_VALUE,ONE_SHARED_POOL_PER_UNORDERED_PAIR
98000000000,98,pool_v2v_veh_7_veh_10,veh_7,veh_10,DIRECT_V2V,10000000,DIAGNOSTIC_SYNTHETIC_VALUE,ONE_SHARED_POOL_PER_UNORDERED_PAIR
98000000000,98,pool_v2v_veh_7_veh_11,veh_7,veh_11,DIRECT_V2V,10000000,DIAGNOSTIC_SYNTHETIC_VALUE,ONE_SHARED_POOL_PER_UNORDERED_PAIR
98000000000,98,pool_v2v_veh_8_veh_9,veh_8,veh_9,DIRECT_V2V,10000000,DIAGNOSTIC_SYNTHETIC_VALUE,ONE_SHARED_POOL_PER_UNORDERED_PAIR
98000000000,98,pool_v2v_veh_8_veh_10,veh_8,veh_10,DIRECT_V2V,10000000,DIAGNOSTIC_SYNTHETIC_VALUE,ONE_SHARED_POOL_PER_UNORDERED_PAIR
98000000000,98,pool_v2v_veh_8_veh_11,veh_8,veh_11,DIRECT_V2V,10000000,DIAGNOSTIC_SYNTHETIC_VALUE,ONE_SHARED_POOL_PER_UNORDERED_PAIR
98000000000,98,pool_v2v_veh_9_veh_10,veh_9,veh_10,DIRECT_V2V,10000000,DIAGNOSTIC_SYNTHETIC_VALUE,ONE_SHARED_POOL_PER_UNORDERED_PAIR
98000000000,98,pool_v2v_veh_9_veh_11,veh_9,veh_11,DIRECT_V2V,10000000,DIAGNOSTIC_SYNTHETIC_VALUE,ONE_SHARED_POOL_PER_UNORDERED_PAIR
98000000000,98,pool_v2v_veh_10_veh_11,veh_10,veh_11,DIRECT_V2V,10000000,DIAGNOSTIC_SYNTHETIC_VALUE,ONE_SHARED_POOL_PER_UNORDERED_PAIR
99000000000,99,pool_v2v_veh_0_veh_1,veh_0,veh_1,DIRECT_V2V,10000000,DIAGNOSTIC_SYNTHETIC_VALUE,ONE_SHARED_POOL_PER_UNORDERED_PAIR
99000000000,99,pool_v2v_veh_0_veh_2,veh_0,veh_2,DIRECT_V2V,10000000,DIAGNOSTIC_SYNTHETIC_VALUE,ONE_SHARED_POOL_PER_UNORDERED_PAIR
99000000000,99,pool_v2v_veh_0_veh_3,veh_0,veh_3,DIRECT_V2V,10000000,DIAGNOSTIC_SYNTHETIC_VALUE,ONE_SHARED_POOL_PER_UNORDERED_PAIR
99000000000,99,pool_v2v_veh_0_veh_4,veh_0,veh_4,DIRECT_V2V,10000000,DIAGNOSTIC_SYNTHETIC_VALUE,ONE_SHARED_POOL_PER_UNORDERED_PAIR
99000000000,99,pool_v2v_veh_0_veh_5,veh_0,veh_5,DIRECT_V2V,10000000,DIAGNOSTIC_SYNTHETIC_VALUE,ONE_SHARED_POOL_PER_UNORDERED_PAIR
99000000000,99,pool_v2v_veh_1_veh_2,veh_1,veh_2,DIRECT_V2V,10000000,DIAGNOSTIC_SYNTHETIC_VALUE,ONE_SHARED_POOL_PER_UNORDERED_PAIR
99000000000,99,pool_v2v_veh_1_veh_3,veh_1,veh_3,DIRECT_V2V,10000000,DIAGNOSTIC_SYNTHETIC_VALUE,ONE_SHARED_POOL_PER_UNORDERED_PAIR
99000000000,99,pool_v2v_veh_1_veh_4,veh_1,veh_4,DIRECT_V2V,10000000,DIAGNOSTIC_SYNTHETIC_VALUE,ONE_SHARED_POOL_PER_UNORDERED_PAIR
99000000000,99,pool_v2v_veh_1_veh_5,veh_1,veh_5,DIRECT_V2V,10000000,DIAGNOSTIC_SYNTHETIC_VALUE,ONE_SHARED_POOL_PER_UNORDERED_PAIR
99000000000,99,pool_v2v_veh_1_veh_6,veh_1,veh_6,DIRECT_V2V,10000000,DIAGNOSTIC_SYNTHETIC_VALUE,ONE_SHARED_POOL_PER_UNORDERED_PAIR
99000000000,99,pool_v2v_veh_2_veh_3,veh_2,veh_3,DIRECT_V2V,10000000,DIAGNOSTIC_SYNTHETIC_VALUE,ONE_SHARED_POOL_PER_UNORDERED_PAIR
99000000000,99,pool_v2v_veh_2_veh_4,veh_2,veh_4,DIRECT_V2V,10000000,DIAGNOSTIC_SYNTHETIC_VALUE,ONE_SHARED_POOL_PER_UNORDERED_PAIR
99000000000,99,pool_v2v_veh_2_veh_5,veh_2,veh_5,DIRECT_V2V,10000000,DIAGNOSTIC_SYNTHETIC_VALUE,ONE_SHARED_POOL_PER_UNORDERED_PAIR
99000000000,99,pool_v2v_veh_2_veh_6,veh_2,veh_6,DIRECT_V2V,10000000,DIAGNOSTIC_SYNTHETIC_VALUE,ONE_SHARED_POOL_PER_UNORDERED_PAIR
99000000000,99,pool_v2v_veh_2_veh_7,veh_2,veh_7,DIRECT_V2V,10000000,DIAGNOSTIC_SYNTHETIC_VALUE,ONE_SHARED_POOL_PER_UNORDERED_PAIR
99000000000,99,pool_v2v_veh_3_veh_4,veh_3,veh_4,DIRECT_V2V,10000000,DIAGNOSTIC_SYNTHETIC_VALUE,ONE_SHARED_POOL_PER_UNORDERED_PAIR
99000000000,99,pool_v2v_veh_3_veh_5,veh_3,veh_5,DIRECT_V2V,10000000,DIAGNOSTIC_SYNTHETIC_VALUE,ONE_SHARED_POOL_PER_UNORDERED_PAIR
99000000000,99,pool_v2v_veh_3_veh_6,veh_3,veh_6,DIRECT_V2V,10000000,DIAGNOSTIC_SYNTHETIC_VALUE,ONE_SHARED_POOL_PER_UNORDERED_PAIR
99000000000,99,pool_v2v_veh_3_veh_7,veh_3,veh_7,DIRECT_V2V,10000000,DIAGNOSTIC_SYNTHETIC_VALUE,ONE_SHARED_POOL_PER_UNORDERED_PAIR
99000000000,99,pool_v2v_veh_3_veh_8,veh_3,veh_8,DIRECT_V2V,10000000,DIAGNOSTIC_SYNTHETIC_VALUE,ONE_SHARED_POOL_PER_UNORDERED_PAIR
99000000000,99,pool_v2v_veh_4_veh_5,veh_4,veh_5,DIRECT_V2V,10000000,DIAGNOSTIC_SYNTHETIC_VALUE,ONE_SHARED_POOL_PER_UNORDERED_PAIR
99000000000,99,pool_v2v_veh_4_veh_6,veh_4,veh_6,DIRECT_V2V,10000000,DIAGNOSTIC_SYNTHETIC_VALUE,ONE_SHARED_POOL_PER_UNORDERED_PAIR
99000000000,99,pool_v2v_veh_4_veh_7,veh_4,veh_7,DIRECT_V2V,10000000,DIAGNOSTIC_SYNTHETIC_VALUE,ONE_SHARED_POOL_PER_UNORDERED_PAIR
99000000000,99,pool_v2v_veh_4_veh_8,veh_4,veh_8,DIRECT_V2V,10000000,DIAGNOSTIC_SYNTHETIC_VALUE,ONE_SHARED_POOL_PER_UNORDERED_PAIR
99000000000,99,pool_v2v_veh_4_veh_9,veh_4,veh_9,DIRECT_V2V,10000000,DIAGNOSTIC_SYNTHETIC_VALUE,ONE_SHARED_POOL_PER_UNORDERED_PAIR
99000000000,99,pool_v2v_veh_5_veh_6,veh_5,veh_6,DIRECT_V2V,10000000,DIAGNOSTIC_SYNTHETIC_VALUE,ONE_SHARED_POOL_PER_UNORDERED_PAIR
99000000000,99,pool_v2v_veh_5_veh_7,veh_5,veh_7,DIRECT_V2V,10000000,DIAGNOSTIC_SYNTHETIC_VALUE,ONE_SHARED_POOL_PER_UNORDERED_PAIR
99000000000,99,pool_v2v_veh_5_veh_8,veh_5,veh_8,DIRECT_V2V,10000000,DIAGNOSTIC_SYNTHETIC_VALUE,ONE_SHARED_POOL_PER_UNORDERED_PAIR
99000000000,99,pool_v2v_veh_5_veh_9,veh_5,veh_9,DIRECT_V2V,10000000,DIAGNOSTIC_SYNTHETIC_VALUE,ONE_SHARED_POOL_PER_UNORDERED_PAIR
99000000000,99,pool_v2v_veh_5_veh_10,veh_5,veh_10,DIRECT_V2V,10000000,DIAGNOSTIC_SYNTHETIC_VALUE,ONE_SHARED_POOL_PER_UNORDERED_PAIR
99000000000,99,pool_v2v_veh_6_veh_7,veh_6,veh_7,DIRECT_V2V,10000000,DIAGNOSTIC_SYNTHETIC_VALUE,ONE_SHARED_POOL_PER_UNORDERED_PAIR
99000000000,99,pool_v2v_veh_6_veh_8,veh_6,veh_8,DIRECT_V2V,10000000,DIAGNOSTIC_SYNTHETIC_VALUE,ONE_SHARED_POOL_PER_UNORDERED_PAIR
99000000000,99,pool_v2v_veh_6_veh_9,veh_6,veh_9,DIRECT_V2V,10000000,DIAGNOSTIC_SYNTHETIC_VALUE,ONE_SHARED_POOL_PER_UNORDERED_PAIR
99000000000,99,pool_v2v_veh_6_veh_10,veh_6,veh_10,DIRECT_V2V,10000000,DIAGNOSTIC_SYNTHETIC_VALUE,ONE_SHARED_POOL_PER_UNORDERED_PAIR
99000000000,99,pool_v2v_veh_7_veh_8,veh_7,veh_8,DIRECT_V2V,10000000,DIAGNOSTIC_SYNTHETIC_VALUE,ONE_SHARED_POOL_PER_UNORDERED_PAIR
99000000000,99,pool_v2v_veh_7_veh_9,veh_7,veh_9,DIRECT_V2V,10000000,DIAGNOSTIC_SYNTHETIC_VALUE,ONE_SHARED_POOL_PER_UNORDERED_PAIR
99000000000,99,pool_v2v_veh_7_veh_10,veh_7,veh_10,DIRECT_V2V,10000000,DIAGNOSTIC_SYNTHETIC_VALUE,ONE_SHARED_POOL_PER_UNORDERED_PAIR
99000000000,99,pool_v2v_veh_7_veh_11,veh_7,veh_11,DIRECT_V2V,10000000,DIAGNOSTIC_SYNTHETIC_VALUE,ONE_SHARED_POOL_PER_UNORDERED_PAIR
99000000000,99,pool_v2v_veh_8_veh_9,veh_8,veh_9,DIRECT_V2V,10000000,DIAGNOSTIC_SYNTHETIC_VALUE,ONE_SHARED_POOL_PER_UNORDERED_PAIR
99000000000,99,pool_v2v_veh_8_veh_10,veh_8,veh_10,DIRECT_V2V,10000000,DIAGNOSTIC_SYNTHETIC_VALUE,ONE_SHARED_POOL_PER_UNORDERED_PAIR
99000000000,99,pool_v2v_veh_8_veh_11,veh_8,veh_11,DIRECT_V2V,10000000,DIAGNOSTIC_SYNTHETIC_VALUE,ONE_SHARED_POOL_PER_UNORDERED_PAIR
99000000000,99,pool_v2v_veh_9_veh_10,veh_9,veh_10,DIRECT_V2V,10000000,DIAGNOSTIC_SYNTHETIC_VALUE,ONE_SHARED_POOL_PER_UNORDERED_PAIR
99000000000,99,pool_v2v_veh_9_veh_11,veh_9,veh_11,DIRECT_V2V,10000000,DIAGNOSTIC_SYNTHETIC_VALUE,ONE_SHARED_POOL_PER_UNORDERED_PAIR
99000000000,99,pool_v2v_veh_10_veh_11,veh_10,veh_11,DIRECT_V2V,10000000,DIAGNOSTIC_SYNTHETIC_VALUE,ONE_SHARED_POOL_PER_UNORDERED_PAIR
100000000000,100,pool_v2v_veh_0_veh_1,veh_0,veh_1,DIRECT_V2V,10000000,DIAGNOSTIC_SYNTHETIC_VALUE,ONE_SHARED_POOL_PER_UNORDERED_PAIR
100000000000,100,pool_v2v_veh_0_veh_2,veh_0,veh_2,DIRECT_V2V,10000000,DIAGNOSTIC_SYNTHETIC_VALUE,ONE_SHARED_POOL_PER_UNORDERED_PAIR
100000000000,100,pool_v2v_veh_0_veh_3,veh_0,veh_3,DIRECT_V2V,10000000,DIAGNOSTIC_SYNTHETIC_VALUE,ONE_SHARED_POOL_PER_UNORDERED_PAIR
100000000000,100,pool_v2v_veh_0_veh_4,veh_0,veh_4,DIRECT_V2V,10000000,DIAGNOSTIC_SYNTHETIC_VALUE,ONE_SHARED_POOL_PER_UNORDERED_PAIR
100000000000,100,pool_v2v_veh_0_veh_5,veh_0,veh_5,DIRECT_V2V,10000000,DIAGNOSTIC_SYNTHETIC_VALUE,ONE_SHARED_POOL_PER_UNORDERED_PAIR
100000000000,100,pool_v2v_veh_1_veh_2,veh_1,veh_2,DIRECT_V2V,10000000,DIAGNOSTIC_SYNTHETIC_VALUE,ONE_SHARED_POOL_PER_UNORDERED_PAIR
100000000000,100,pool_v2v_veh_1_veh_3,veh_1,veh_3,DIRECT_V2V,10000000,DIAGNOSTIC_SYNTHETIC_VALUE,ONE_SHARED_POOL_PER_UNORDERED_PAIR
100000000000,100,pool_v2v_veh_1_veh_4,veh_1,veh_4,DIRECT_V2V,10000000,DIAGNOSTIC_SYNTHETIC_VALUE,ONE_SHARED_POOL_PER_UNORDERED_PAIR
100000000000,100,pool_v2v_veh_1_veh_5,veh_1,veh_5,DIRECT_V2V,10000000,DIAGNOSTIC_SYNTHETIC_VALUE,ONE_SHARED_POOL_PER_UNORDERED_PAIR
100000000000,100,pool_v2v_veh_1_veh_6,veh_1,veh_6,DIRECT_V2V,10000000,DIAGNOSTIC_SYNTHETIC_VALUE,ONE_SHARED_POOL_PER_UNORDERED_PAIR
100000000000,100,pool_v2v_veh_2_veh_3,veh_2,veh_3,DIRECT_V2V,10000000,DIAGNOSTIC_SYNTHETIC_VALUE,ONE_SHARED_POOL_PER_UNORDERED_PAIR
100000000000,100,pool_v2v_veh_2_veh_4,veh_2,veh_4,DIRECT_V2V,10000000,DIAGNOSTIC_SYNTHETIC_VALUE,ONE_SHARED_POOL_PER_UNORDERED_PAIR
100000000000,100,pool_v2v_veh_2_veh_5,veh_2,veh_5,DIRECT_V2V,10000000,DIAGNOSTIC_SYNTHETIC_VALUE,ONE_SHARED_POOL_PER_UNORDERED_PAIR
100000000000,100,pool_v2v_veh_2_veh_6,veh_2,veh_6,DIRECT_V2V,10000000,DIAGNOSTIC_SYNTHETIC_VALUE,ONE_SHARED_POOL_PER_UNORDERED_PAIR
100000000000,100,pool_v2v_veh_2_veh_7,veh_2,veh_7,DIRECT_V2V,10000000,DIAGNOSTIC_SYNTHETIC_VALUE,ONE_SHARED_POOL_PER_UNORDERED_PAIR
100000000000,100,pool_v2v_veh_3_veh_4,veh_3,veh_4,DIRECT_V2V,10000000,DIAGNOSTIC_SYNTHETIC_VALUE,ONE_SHARED_POOL_PER_UNORDERED_PAIR
100000000000,100,pool_v2v_veh_3_veh_5,veh_3,veh_5,DIRECT_V2V,10000000,DIAGNOSTIC_SYNTHETIC_VALUE,ONE_SHARED_POOL_PER_UNORDERED_PAIR
100000000000,100,pool_v2v_veh_3_veh_6,veh_3,veh_6,DIRECT_V2V,10000000,DIAGNOSTIC_SYNTHETIC_VALUE,ONE_SHARED_POOL_PER_UNORDERED_PAIR
100000000000,100,pool_v2v_veh_3_veh_7,veh_3,veh_7,DIRECT_V2V,10000000,DIAGNOSTIC_SYNTHETIC_VALUE,ONE_SHARED_POOL_PER_UNORDERED_PAIR
100000000000,100,pool_v2v_veh_3_veh_8,veh_3,veh_8,DIRECT_V2V,10000000,DIAGNOSTIC_SYNTHETIC_VALUE,ONE_SHARED_POOL_PER_UNORDERED_PAIR
100000000000,100,pool_v2v_veh_4_veh_5,veh_4,veh_5,DIRECT_V2V,10000000,DIAGNOSTIC_SYNTHETIC_VALUE,ONE_SHARED_POOL_PER_UNORDERED_PAIR
100000000000,100,pool_v2v_veh_4_veh_6,veh_4,veh_6,DIRECT_V2V,10000000,DIAGNOSTIC_SYNTHETIC_VALUE,ONE_SHARED_POOL_PER_UNORDERED_PAIR
100000000000,100,pool_v2v_veh_4_veh_7,veh_4,veh_7,DIRECT_V2V,10000000,DIAGNOSTIC_SYNTHETIC_VALUE,ONE_SHARED_POOL_PER_UNORDERED_PAIR
100000000000,100,pool_v2v_veh_4_veh_8,veh_4,veh_8,DIRECT_V2V,10000000,DIAGNOSTIC_SYNTHETIC_VALUE,ONE_SHARED_POOL_PER_UNORDERED_PAIR
100000000000,100,pool_v2v_veh_4_veh_9,veh_4,veh_9,DIRECT_V2V,10000000,DIAGNOSTIC_SYNTHETIC_VALUE,ONE_SHARED_POOL_PER_UNORDERED_PAIR
100000000000,100,pool_v2v_veh_5_veh_6,veh_5,veh_6,DIRECT_V2V,10000000,DIAGNOSTIC_SYNTHETIC_VALUE,ONE_SHARED_POOL_PER_UNORDERED_PAIR
100000000000,100,pool_v2v_veh_5_veh_7,veh_5,veh_7,DIRECT_V2V,10000000,DIAGNOSTIC_SYNTHETIC_VALUE,ONE_SHARED_POOL_PER_UNORDERED_PAIR
100000000000,100,pool_v2v_veh_5_veh_8,veh_5,veh_8,DIRECT_V2V,10000000,DIAGNOSTIC_SYNTHETIC_VALUE,ONE_SHARED_POOL_PER_UNORDERED_PAIR
100000000000,100,pool_v2v_veh_5_veh_9,veh_5,veh_9,DIRECT_V2V,10000000,DIAGNOSTIC_SYNTHETIC_VALUE,ONE_SHARED_POOL_PER_UNORDERED_PAIR
100000000000,100,pool_v2v_veh_5_veh_10,veh_5,veh_10,DIRECT_V2V,10000000,DIAGNOSTIC_SYNTHETIC_VALUE,ONE_SHARED_POOL_PER_UNORDERED_PAIR
100000000000,100,pool_v2v_veh_6_veh_7,veh_6,veh_7,DIRECT_V2V,10000000,DIAGNOSTIC_SYNTHETIC_VALUE,ONE_SHARED_POOL_PER_UNORDERED_PAIR
100000000000,100,pool_v2v_veh_6_veh_8,veh_6,veh_8,DIRECT_V2V,10000000,DIAGNOSTIC_SYNTHETIC_VALUE,ONE_SHARED_POOL_PER_UNORDERED_PAIR
100000000000,100,pool_v2v_veh_6_veh_9,veh_6,veh_9,DIRECT_V2V,10000000,DIAGNOSTIC_SYNTHETIC_VALUE,ONE_SHARED_POOL_PER_UNORDERED_PAIR
100000000000,100,pool_v2v_veh_6_veh_10,veh_6,veh_10,DIRECT_V2V,10000000,DIAGNOSTIC_SYNTHETIC_VALUE,ONE_SHARED_POOL_PER_UNORDERED_PAIR
100000000000,100,pool_v2v_veh_7_veh_8,veh_7,veh_8,DIRECT_V2V,10000000,DIAGNOSTIC_SYNTHETIC_VALUE,ONE_SHARED_POOL_PER_UNORDERED_PAIR
100000000000,100,pool_v2v_veh_7_veh_9,veh_7,veh_9,DIRECT_V2V,10000000,DIAGNOSTIC_SYNTHETIC_VALUE,ONE_SHARED_POOL_PER_UNORDERED_PAIR
100000000000,100,pool_v2v_veh_7_veh_10,veh_7,veh_10,DIRECT_V2V,10000000,DIAGNOSTIC_SYNTHETIC_VALUE,ONE_SHARED_POOL_PER_UNORDERED_PAIR
100000000000,100,pool_v2v_veh_7_veh_11,veh_7,veh_11,DIRECT_V2V,10000000,DIAGNOSTIC_SYNTHETIC_VALUE,ONE_SHARED_POOL_PER_UNORDERED_PAIR
100000000000,100,pool_v2v_veh_8_veh_9,veh_8,veh_9,DIRECT_V2V,10000000,DIAGNOSTIC_SYNTHETIC_VALUE,ONE_SHARED_POOL_PER_UNORDERED_PAIR
100000000000,100,pool_v2v_veh_8_veh_10,veh_8,veh_10,DIRECT_V2V,10000000,DIAGNOSTIC_SYNTHETIC_VALUE,ONE_SHARED_POOL_PER_UNORDERED_PAIR
100000000000,100,pool_v2v_veh_8_veh_11,veh_8,veh_11,DIRECT_V2V,10000000,DIAGNOSTIC_SYNTHETIC_VALUE,ONE_SHARED_POOL_PER_UNORDERED_PAIR
100000000000,100,pool_v2v_veh_9_veh_10,veh_9,veh_10,DIRECT_V2V,10000000,DIAGNOSTIC_SYNTHETIC_VALUE,ONE_SHARED_POOL_PER_UNORDERED_PAIR
100000000000,100,pool_v2v_veh_9_veh_11,veh_9,veh_11,DIRECT_V2V,10000000,DIAGNOSTIC_SYNTHETIC_VALUE,ONE_SHARED_POOL_PER_UNORDERED_PAIR
100000000000,100,pool_v2v_veh_10_veh_11,veh_10,veh_11,DIRECT_V2V,10000000,DIAGNOSTIC_SYNTHETIC_VALUE,ONE_SHARED_POOL_PER_UNORDERED_PAIR
101000000000,101,pool_v2v_veh_0_veh_1,veh_0,veh_1,DIRECT_V2V,10000000,DIAGNOSTIC_SYNTHETIC_VALUE,ONE_SHARED_POOL_PER_UNORDERED_PAIR
101000000000,101,pool_v2v_veh_0_veh_2,veh_0,veh_2,DIRECT_V2V,10000000,DIAGNOSTIC_SYNTHETIC_VALUE,ONE_SHARED_POOL_PER_UNORDERED_PAIR
101000000000,101,pool_v2v_veh_0_veh_3,veh_0,veh_3,DIRECT_V2V,10000000,DIAGNOSTIC_SYNTHETIC_VALUE,ONE_SHARED_POOL_PER_UNORDERED_PAIR
101000000000,101,pool_v2v_veh_0_veh_4,veh_0,veh_4,DIRECT_V2V,10000000,DIAGNOSTIC_SYNTHETIC_VALUE,ONE_SHARED_POOL_PER_UNORDERED_PAIR
101000000000,101,pool_v2v_veh_0_veh_5,veh_0,veh_5,DIRECT_V2V,10000000,DIAGNOSTIC_SYNTHETIC_VALUE,ONE_SHARED_POOL_PER_UNORDERED_PAIR
101000000000,101,pool_v2v_veh_1_veh_2,veh_1,veh_2,DIRECT_V2V,10000000,DIAGNOSTIC_SYNTHETIC_VALUE,ONE_SHARED_POOL_PER_UNORDERED_PAIR
101000000000,101,pool_v2v_veh_1_veh_3,veh_1,veh_3,DIRECT_V2V,10000000,DIAGNOSTIC_SYNTHETIC_VALUE,ONE_SHARED_POOL_PER_UNORDERED_PAIR
101000000000,101,pool_v2v_veh_1_veh_4,veh_1,veh_4,DIRECT_V2V,10000000,DIAGNOSTIC_SYNTHETIC_VALUE,ONE_SHARED_POOL_PER_UNORDERED_PAIR
101000000000,101,pool_v2v_veh_1_veh_5,veh_1,veh_5,DIRECT_V2V,10000000,DIAGNOSTIC_SYNTHETIC_VALUE,ONE_SHARED_POOL_PER_UNORDERED_PAIR
101000000000,101,pool_v2v_veh_1_veh_6,veh_1,veh_6,DIRECT_V2V,10000000,DIAGNOSTIC_SYNTHETIC_VALUE,ONE_SHARED_POOL_PER_UNORDERED_PAIR
101000000000,101,pool_v2v_veh_2_veh_3,veh_2,veh_3,DIRECT_V2V,10000000,DIAGNOSTIC_SYNTHETIC_VALUE,ONE_SHARED_POOL_PER_UNORDERED_PAIR
101000000000,101,pool_v2v_veh_2_veh_4,veh_2,veh_4,DIRECT_V2V,10000000,DIAGNOSTIC_SYNTHETIC_VALUE,ONE_SHARED_POOL_PER_UNORDERED_PAIR
101000000000,101,pool_v2v_veh_2_veh_5,veh_2,veh_5,DIRECT_V2V,10000000,DIAGNOSTIC_SYNTHETIC_VALUE,ONE_SHARED_POOL_PER_UNORDERED_PAIR
101000000000,101,pool_v2v_veh_2_veh_6,veh_2,veh_6,DIRECT_V2V,10000000,DIAGNOSTIC_SYNTHETIC_VALUE,ONE_SHARED_POOL_PER_UNORDERED_PAIR
101000000000,101,pool_v2v_veh_2_veh_7,veh_2,veh_7,DIRECT_V2V,10000000,DIAGNOSTIC_SYNTHETIC_VALUE,ONE_SHARED_POOL_PER_UNORDERED_PAIR
101000000000,101,pool_v2v_veh_3_veh_4,veh_3,veh_4,DIRECT_V2V,10000000,DIAGNOSTIC_SYNTHETIC_VALUE,ONE_SHARED_POOL_PER_UNORDERED_PAIR
101000000000,101,pool_v2v_veh_3_veh_5,veh_3,veh_5,DIRECT_V2V,10000000,DIAGNOSTIC_SYNTHETIC_VALUE,ONE_SHARED_POOL_PER_UNORDERED_PAIR
101000000000,101,pool_v2v_veh_3_veh_6,veh_3,veh_6,DIRECT_V2V,10000000,DIAGNOSTIC_SYNTHETIC_VALUE,ONE_SHARED_POOL_PER_UNORDERED_PAIR
101000000000,101,pool_v2v_veh_3_veh_7,veh_3,veh_7,DIRECT_V2V,10000000,DIAGNOSTIC_SYNTHETIC_VALUE,ONE_SHARED_POOL_PER_UNORDERED_PAIR
101000000000,101,pool_v2v_veh_3_veh_8,veh_3,veh_8,DIRECT_V2V,10000000,DIAGNOSTIC_SYNTHETIC_VALUE,ONE_SHARED_POOL_PER_UNORDERED_PAIR
101000000000,101,pool_v2v_veh_4_veh_5,veh_4,veh_5,DIRECT_V2V,10000000,DIAGNOSTIC_SYNTHETIC_VALUE,ONE_SHARED_POOL_PER_UNORDERED_PAIR
101000000000,101,pool_v2v_veh_4_veh_6,veh_4,veh_6,DIRECT_V2V,10000000,DIAGNOSTIC_SYNTHETIC_VALUE,ONE_SHARED_POOL_PER_UNORDERED_PAIR
101000000000,101,pool_v2v_veh_4_veh_7,veh_4,veh_7,DIRECT_V2V,10000000,DIAGNOSTIC_SYNTHETIC_VALUE,ONE_SHARED_POOL_PER_UNORDERED_PAIR
101000000000,101,pool_v2v_veh_4_veh_8,veh_4,veh_8,DIRECT_V2V,10000000,DIAGNOSTIC_SYNTHETIC_VALUE,ONE_SHARED_POOL_PER_UNORDERED_PAIR
101000000000,101,pool_v2v_veh_4_veh_9,veh_4,veh_9,DIRECT_V2V,10000000,DIAGNOSTIC_SYNTHETIC_VALUE,ONE_SHARED_POOL_PER_UNORDERED_PAIR
101000000000,101,pool_v2v_veh_5_veh_6,veh_5,veh_6,DIRECT_V2V,10000000,DIAGNOSTIC_SYNTHETIC_VALUE,ONE_SHARED_POOL_PER_UNORDERED_PAIR
101000000000,101,pool_v2v_veh_5_veh_7,veh_5,veh_7,DIRECT_V2V,10000000,DIAGNOSTIC_SYNTHETIC_VALUE,ONE_SHARED_POOL_PER_UNORDERED_PAIR
101000000000,101,pool_v2v_veh_5_veh_8,veh_5,veh_8,DIRECT_V2V,10000000,DIAGNOSTIC_SYNTHETIC_VALUE,ONE_SHARED_POOL_PER_UNORDERED_PAIR
101000000000,101,pool_v2v_veh_5_veh_9,veh_5,veh_9,DIRECT_V2V,10000000,DIAGNOSTIC_SYNTHETIC_VALUE,ONE_SHARED_POOL_PER_UNORDERED_PAIR
101000000000,101,pool_v2v_veh_5_veh_10,veh_5,veh_10,DIRECT_V2V,10000000,DIAGNOSTIC_SYNTHETIC_VALUE,ONE_SHARED_POOL_PER_UNORDERED_PAIR
101000000000,101,pool_v2v_veh_6_veh_7,veh_6,veh_7,DIRECT_V2V,10000000,DIAGNOSTIC_SYNTHETIC_VALUE,ONE_SHARED_POOL_PER_UNORDERED_PAIR
101000000000,101,pool_v2v_veh_6_veh_8,veh_6,veh_8,DIRECT_V2V,10000000,DIAGNOSTIC_SYNTHETIC_VALUE,ONE_SHARED_POOL_PER_UNORDERED_PAIR
101000000000,101,pool_v2v_veh_6_veh_9,veh_6,veh_9,DIRECT_V2V,10000000,DIAGNOSTIC_SYNTHETIC_VALUE,ONE_SHARED_POOL_PER_UNORDERED_PAIR
101000000000,101,pool_v2v_veh_6_veh_10,veh_6,veh_10,DIRECT_V2V,10000000,DIAGNOSTIC_SYNTHETIC_VALUE,ONE_SHARED_POOL_PER_UNORDERED_PAIR
101000000000,101,pool_v2v_veh_7_veh_8,veh_7,veh_8,DIRECT_V2V,10000000,DIAGNOSTIC_SYNTHETIC_VALUE,ONE_SHARED_POOL_PER_UNORDERED_PAIR
101000000000,101,pool_v2v_veh_7_veh_9,veh_7,veh_9,DIRECT_V2V,10000000,DIAGNOSTIC_SYNTHETIC_VALUE,ONE_SHARED_POOL_PER_UNORDERED_PAIR
101000000000,101,pool_v2v_veh_7_veh_10,veh_7,veh_10,DIRECT_V2V,10000000,DIAGNOSTIC_SYNTHETIC_VALUE,ONE_SHARED_POOL_PER_UNORDERED_PAIR
101000000000,101,pool_v2v_veh_7_veh_11,veh_7,veh_11,DIRECT_V2V,10000000,DIAGNOSTIC_SYNTHETIC_VALUE,ONE_SHARED_POOL_PER_UNORDERED_PAIR
101000000000,101,pool_v2v_veh_8_veh_9,veh_8,veh_9,DIRECT_V2V,10000000,DIAGNOSTIC_SYNTHETIC_VALUE,ONE_SHARED_POOL_PER_UNORDERED_PAIR
101000000000,101,pool_v2v_veh_8_veh_10,veh_8,veh_10,DIRECT_V2V,10000000,DIAGNOSTIC_SYNTHETIC_VALUE,ONE_SHARED_POOL_PER_UNORDERED_PAIR
101000000000,101,pool_v2v_veh_8_veh_11,veh_8,veh_11,DIRECT_V2V,10000000,DIAGNOSTIC_SYNTHETIC_VALUE,ONE_SHARED_POOL_PER_UNORDERED_PAIR
101000000000,101,pool_v2v_veh_9_veh_10,veh_9,veh_10,DIRECT_V2V,10000000,DIAGNOSTIC_SYNTHETIC_VALUE,ONE_SHARED_POOL_PER_UNORDERED_PAIR
101000000000,101,pool_v2v_veh_9_veh_11,veh_9,veh_11,DIRECT_V2V,10000000,DIAGNOSTIC_SYNTHETIC_VALUE,ONE_SHARED_POOL_PER_UNORDERED_PAIR
101000000000,101,pool_v2v_veh_10_veh_11,veh_10,veh_11,DIRECT_V2V,10000000,DIAGNOSTIC_SYNTHETIC_VALUE,ONE_SHARED_POOL_PER_UNORDERED_PAIR
102000000000,102,pool_v2v_veh_0_veh_1,veh_0,veh_1,DIRECT_V2V,10000000,DIAGNOSTIC_SYNTHETIC_VALUE,ONE_SHARED_POOL_PER_UNORDERED_PAIR
102000000000,102,pool_v2v_veh_0_veh_2,veh_0,veh_2,DIRECT_V2V,10000000,DIAGNOSTIC_SYNTHETIC_VALUE,ONE_SHARED_POOL_PER_UNORDERED_PAIR
102000000000,102,pool_v2v_veh_0_veh_3,veh_0,veh_3,DIRECT_V2V,10000000,DIAGNOSTIC_SYNTHETIC_VALUE,ONE_SHARED_POOL_PER_UNORDERED_PAIR
102000000000,102,pool_v2v_veh_0_veh_4,veh_0,veh_4,DIRECT_V2V,10000000,DIAGNOSTIC_SYNTHETIC_VALUE,ONE_SHARED_POOL_PER_UNORDERED_PAIR
102000000000,102,pool_v2v_veh_0_veh_5,veh_0,veh_5,DIRECT_V2V,10000000,DIAGNOSTIC_SYNTHETIC_VALUE,ONE_SHARED_POOL_PER_UNORDERED_PAIR
102000000000,102,pool_v2v_veh_1_veh_2,veh_1,veh_2,DIRECT_V2V,10000000,DIAGNOSTIC_SYNTHETIC_VALUE,ONE_SHARED_POOL_PER_UNORDERED_PAIR
102000000000,102,pool_v2v_veh_1_veh_3,veh_1,veh_3,DIRECT_V2V,10000000,DIAGNOSTIC_SYNTHETIC_VALUE,ONE_SHARED_POOL_PER_UNORDERED_PAIR
102000000000,102,pool_v2v_veh_1_veh_4,veh_1,veh_4,DIRECT_V2V,10000000,DIAGNOSTIC_SYNTHETIC_VALUE,ONE_SHARED_POOL_PER_UNORDERED_PAIR
102000000000,102,pool_v2v_veh_1_veh_5,veh_1,veh_5,DIRECT_V2V,10000000,DIAGNOSTIC_SYNTHETIC_VALUE,ONE_SHARED_POOL_PER_UNORDERED_PAIR
102000000000,102,pool_v2v_veh_1_veh_6,veh_1,veh_6,DIRECT_V2V,10000000,DIAGNOSTIC_SYNTHETIC_VALUE,ONE_SHARED_POOL_PER_UNORDERED_PAIR
102000000000,102,pool_v2v_veh_2_veh_3,veh_2,veh_3,DIRECT_V2V,10000000,DIAGNOSTIC_SYNTHETIC_VALUE,ONE_SHARED_POOL_PER_UNORDERED_PAIR
102000000000,102,pool_v2v_veh_2_veh_4,veh_2,veh_4,DIRECT_V2V,10000000,DIAGNOSTIC_SYNTHETIC_VALUE,ONE_SHARED_POOL_PER_UNORDERED_PAIR
102000000000,102,pool_v2v_veh_2_veh_5,veh_2,veh_5,DIRECT_V2V,10000000,DIAGNOSTIC_SYNTHETIC_VALUE,ONE_SHARED_POOL_PER_UNORDERED_PAIR
102000000000,102,pool_v2v_veh_2_veh_6,veh_2,veh_6,DIRECT_V2V,10000000,DIAGNOSTIC_SYNTHETIC_VALUE,ONE_SHARED_POOL_PER_UNORDERED_PAIR
102000000000,102,pool_v2v_veh_2_veh_7,veh_2,veh_7,DIRECT_V2V,10000000,DIAGNOSTIC_SYNTHETIC_VALUE,ONE_SHARED_POOL_PER_UNORDERED_PAIR
102000000000,102,pool_v2v_veh_3_veh_4,veh_3,veh_4,DIRECT_V2V,10000000,DIAGNOSTIC_SYNTHETIC_VALUE,ONE_SHARED_POOL_PER_UNORDERED_PAIR
102000000000,102,pool_v2v_veh_3_veh_5,veh_3,veh_5,DIRECT_V2V,10000000,DIAGNOSTIC_SYNTHETIC_VALUE,ONE_SHARED_POOL_PER_UNORDERED_PAIR
102000000000,102,pool_v2v_veh_3_veh_6,veh_3,veh_6,DIRECT_V2V,10000000,DIAGNOSTIC_SYNTHETIC_VALUE,ONE_SHARED_POOL_PER_UNORDERED_PAIR
102000000000,102,pool_v2v_veh_3_veh_7,veh_3,veh_7,DIRECT_V2V,10000000,DIAGNOSTIC_SYNTHETIC_VALUE,ONE_SHARED_POOL_PER_UNORDERED_PAIR
102000000000,102,pool_v2v_veh_3_veh_8,veh_3,veh_8,DIRECT_V2V,10000000,DIAGNOSTIC_SYNTHETIC_VALUE,ONE_SHARED_POOL_PER_UNORDERED_PAIR
102000000000,102,pool_v2v_veh_4_veh_5,veh_4,veh_5,DIRECT_V2V,10000000,DIAGNOSTIC_SYNTHETIC_VALUE,ONE_SHARED_POOL_PER_UNORDERED_PAIR
102000000000,102,pool_v2v_veh_4_veh_6,veh_4,veh_6,DIRECT_V2V,10000000,DIAGNOSTIC_SYNTHETIC_VALUE,ONE_SHARED_POOL_PER_UNORDERED_PAIR
102000000000,102,pool_v2v_veh_4_veh_7,veh_4,veh_7,DIRECT_V2V,10000000,DIAGNOSTIC_SYNTHETIC_VALUE,ONE_SHARED_POOL_PER_UNORDERED_PAIR
102000000000,102,pool_v2v_veh_4_veh_8,veh_4,veh_8,DIRECT_V2V,10000000,DIAGNOSTIC_SYNTHETIC_VALUE,ONE_SHARED_POOL_PER_UNORDERED_PAIR
102000000000,102,pool_v2v_veh_4_veh_9,veh_4,veh_9,DIRECT_V2V,10000000,DIAGNOSTIC_SYNTHETIC_VALUE,ONE_SHARED_POOL_PER_UNORDERED_PAIR
102000000000,102,pool_v2v_veh_5_veh_6,veh_5,veh_6,DIRECT_V2V,10000000,DIAGNOSTIC_SYNTHETIC_VALUE,ONE_SHARED_POOL_PER_UNORDERED_PAIR
102000000000,102,pool_v2v_veh_5_veh_7,veh_5,veh_7,DIRECT_V2V,10000000,DIAGNOSTIC_SYNTHETIC_VALUE,ONE_SHARED_POOL_PER_UNORDERED_PAIR
102000000000,102,pool_v2v_veh_5_veh_8,veh_5,veh_8,DIRECT_V2V,10000000,DIAGNOSTIC_SYNTHETIC_VALUE,ONE_SHARED_POOL_PER_UNORDERED_PAIR
102000000000,102,pool_v2v_veh_5_veh_9,veh_5,veh_9,DIRECT_V2V,10000000,DIAGNOSTIC_SYNTHETIC_VALUE,ONE_SHARED_POOL_PER_UNORDERED_PAIR
102000000000,102,pool_v2v_veh_5_veh_10,veh_5,veh_10,DIRECT_V2V,10000000,DIAGNOSTIC_SYNTHETIC_VALUE,ONE_SHARED_POOL_PER_UNORDERED_PAIR
102000000000,102,pool_v2v_veh_6_veh_7,veh_6,veh_7,DIRECT_V2V,10000000,DIAGNOSTIC_SYNTHETIC_VALUE,ONE_SHARED_POOL_PER_UNORDERED_PAIR
102000000000,102,pool_v2v_veh_6_veh_8,veh_6,veh_8,DIRECT_V2V,10000000,DIAGNOSTIC_SYNTHETIC_VALUE,ONE_SHARED_POOL_PER_UNORDERED_PAIR
102000000000,102,pool_v2v_veh_6_veh_9,veh_6,veh_9,DIRECT_V2V,10000000,DIAGNOSTIC_SYNTHETIC_VALUE,ONE_SHARED_POOL_PER_UNORDERED_PAIR
102000000000,102,pool_v2v_veh_6_veh_10,veh_6,veh_10,DIRECT_V2V,10000000,DIAGNOSTIC_SYNTHETIC_VALUE,ONE_SHARED_POOL_PER_UNORDERED_PAIR
102000000000,102,pool_v2v_veh_7_veh_8,veh_7,veh_8,DIRECT_V2V,10000000,DIAGNOSTIC_SYNTHETIC_VALUE,ONE_SHARED_POOL_PER_UNORDERED_PAIR
102000000000,102,pool_v2v_veh_7_veh_9,veh_7,veh_9,DIRECT_V2V,10000000,DIAGNOSTIC_SYNTHETIC_VALUE,ONE_SHARED_POOL_PER_UNORDERED_PAIR
102000000000,102,pool_v2v_veh_7_veh_10,veh_7,veh_10,DIRECT_V2V,10000000,DIAGNOSTIC_SYNTHETIC_VALUE,ONE_SHARED_POOL_PER_UNORDERED_PAIR
102000000000,102,pool_v2v_veh_7_veh_11,veh_7,veh_11,DIRECT_V2V,10000000,DIAGNOSTIC_SYNTHETIC_VALUE,ONE_SHARED_POOL_PER_UNORDERED_PAIR
102000000000,102,pool_v2v_veh_8_veh_9,veh_8,veh_9,DIRECT_V2V,10000000,DIAGNOSTIC_SYNTHETIC_VALUE,ONE_SHARED_POOL_PER_UNORDERED_PAIR
102000000000,102,pool_v2v_veh_8_veh_10,veh_8,veh_10,DIRECT_V2V,10000000,DIAGNOSTIC_SYNTHETIC_VALUE,ONE_SHARED_POOL_PER_UNORDERED_PAIR
102000000000,102,pool_v2v_veh_8_veh_11,veh_8,veh_11,DIRECT_V2V,10000000,DIAGNOSTIC_SYNTHETIC_VALUE,ONE_SHARED_POOL_PER_UNORDERED_PAIR
102000000000,102,pool_v2v_veh_9_veh_10,veh_9,veh_10,DIRECT_V2V,10000000,DIAGNOSTIC_SYNTHETIC_VALUE,ONE_SHARED_POOL_PER_UNORDERED_PAIR
102000000000,102,pool_v2v_veh_9_veh_11,veh_9,veh_11,DIRECT_V2V,10000000,DIAGNOSTIC_SYNTHETIC_VALUE,ONE_SHARED_POOL_PER_UNORDERED_PAIR
102000000000,102,pool_v2v_veh_10_veh_11,veh_10,veh_11,DIRECT_V2V,10000000,DIAGNOSTIC_SYNTHETIC_VALUE,ONE_SHARED_POOL_PER_UNORDERED_PAIR
103000000000,103,pool_v2v_veh_0_veh_1,veh_0,veh_1,DIRECT_V2V,10000000,DIAGNOSTIC_SYNTHETIC_VALUE,ONE_SHARED_POOL_PER_UNORDERED_PAIR
103000000000,103,pool_v2v_veh_0_veh_2,veh_0,veh_2,DIRECT_V2V,10000000,DIAGNOSTIC_SYNTHETIC_VALUE,ONE_SHARED_POOL_PER_UNORDERED_PAIR
103000000000,103,pool_v2v_veh_0_veh_3,veh_0,veh_3,DIRECT_V2V,10000000,DIAGNOSTIC_SYNTHETIC_VALUE,ONE_SHARED_POOL_PER_UNORDERED_PAIR
103000000000,103,pool_v2v_veh_0_veh_4,veh_0,veh_4,DIRECT_V2V,10000000,DIAGNOSTIC_SYNTHETIC_VALUE,ONE_SHARED_POOL_PER_UNORDERED_PAIR
103000000000,103,pool_v2v_veh_0_veh_5,veh_0,veh_5,DIRECT_V2V,10000000,DIAGNOSTIC_SYNTHETIC_VALUE,ONE_SHARED_POOL_PER_UNORDERED_PAIR
103000000000,103,pool_v2v_veh_1_veh_2,veh_1,veh_2,DIRECT_V2V,10000000,DIAGNOSTIC_SYNTHETIC_VALUE,ONE_SHARED_POOL_PER_UNORDERED_PAIR
103000000000,103,pool_v2v_veh_1_veh_3,veh_1,veh_3,DIRECT_V2V,10000000,DIAGNOSTIC_SYNTHETIC_VALUE,ONE_SHARED_POOL_PER_UNORDERED_PAIR
103000000000,103,pool_v2v_veh_1_veh_4,veh_1,veh_4,DIRECT_V2V,10000000,DIAGNOSTIC_SYNTHETIC_VALUE,ONE_SHARED_POOL_PER_UNORDERED_PAIR
103000000000,103,pool_v2v_veh_1_veh_5,veh_1,veh_5,DIRECT_V2V,10000000,DIAGNOSTIC_SYNTHETIC_VALUE,ONE_SHARED_POOL_PER_UNORDERED_PAIR
103000000000,103,pool_v2v_veh_1_veh_6,veh_1,veh_6,DIRECT_V2V,10000000,DIAGNOSTIC_SYNTHETIC_VALUE,ONE_SHARED_POOL_PER_UNORDERED_PAIR
103000000000,103,pool_v2v_veh_2_veh_3,veh_2,veh_3,DIRECT_V2V,10000000,DIAGNOSTIC_SYNTHETIC_VALUE,ONE_SHARED_POOL_PER_UNORDERED_PAIR
103000000000,103,pool_v2v_veh_2_veh_4,veh_2,veh_4,DIRECT_V2V,10000000,DIAGNOSTIC_SYNTHETIC_VALUE,ONE_SHARED_POOL_PER_UNORDERED_PAIR
103000000000,103,pool_v2v_veh_2_veh_5,veh_2,veh_5,DIRECT_V2V,10000000,DIAGNOSTIC_SYNTHETIC_VALUE,ONE_SHARED_POOL_PER_UNORDERED_PAIR
103000000000,103,pool_v2v_veh_2_veh_6,veh_2,veh_6,DIRECT_V2V,10000000,DIAGNOSTIC_SYNTHETIC_VALUE,ONE_SHARED_POOL_PER_UNORDERED_PAIR
103000000000,103,pool_v2v_veh_2_veh_7,veh_2,veh_7,DIRECT_V2V,10000000,DIAGNOSTIC_SYNTHETIC_VALUE,ONE_SHARED_POOL_PER_UNORDERED_PAIR
103000000000,103,pool_v2v_veh_3_veh_4,veh_3,veh_4,DIRECT_V2V,10000000,DIAGNOSTIC_SYNTHETIC_VALUE,ONE_SHARED_POOL_PER_UNORDERED_PAIR
103000000000,103,pool_v2v_veh_3_veh_5,veh_3,veh_5,DIRECT_V2V,10000000,DIAGNOSTIC_SYNTHETIC_VALUE,ONE_SHARED_POOL_PER_UNORDERED_PAIR
103000000000,103,pool_v2v_veh_3_veh_6,veh_3,veh_6,DIRECT_V2V,10000000,DIAGNOSTIC_SYNTHETIC_VALUE,ONE_SHARED_POOL_PER_UNORDERED_PAIR
103000000000,103,pool_v2v_veh_3_veh_7,veh_3,veh_7,DIRECT_V2V,10000000,DIAGNOSTIC_SYNTHETIC_VALUE,ONE_SHARED_POOL_PER_UNORDERED_PAIR
103000000000,103,pool_v2v_veh_3_veh_8,veh_3,veh_8,DIRECT_V2V,10000000,DIAGNOSTIC_SYNTHETIC_VALUE,ONE_SHARED_POOL_PER_UNORDERED_PAIR
103000000000,103,pool_v2v_veh_4_veh_5,veh_4,veh_5,DIRECT_V2V,10000000,DIAGNOSTIC_SYNTHETIC_VALUE,ONE_SHARED_POOL_PER_UNORDERED_PAIR
103000000000,103,pool_v2v_veh_4_veh_6,veh_4,veh_6,DIRECT_V2V,10000000,DIAGNOSTIC_SYNTHETIC_VALUE,ONE_SHARED_POOL_PER_UNORDERED_PAIR
103000000000,103,pool_v2v_veh_4_veh_7,veh_4,veh_7,DIRECT_V2V,10000000,DIAGNOSTIC_SYNTHETIC_VALUE,ONE_SHARED_POOL_PER_UNORDERED_PAIR
103000000000,103,pool_v2v_veh_4_veh_8,veh_4,veh_8,DIRECT_V2V,10000000,DIAGNOSTIC_SYNTHETIC_VALUE,ONE_SHARED_POOL_PER_UNORDERED_PAIR
103000000000,103,pool_v2v_veh_4_veh_9,veh_4,veh_9,DIRECT_V2V,10000000,DIAGNOSTIC_SYNTHETIC_VALUE,ONE_SHARED_POOL_PER_UNORDERED_PAIR
103000000000,103,pool_v2v_veh_5_veh_6,veh_5,veh_6,DIRECT_V2V,10000000,DIAGNOSTIC_SYNTHETIC_VALUE,ONE_SHARED_POOL_PER_UNORDERED_PAIR
103000000000,103,pool_v2v_veh_5_veh_7,veh_5,veh_7,DIRECT_V2V,10000000,DIAGNOSTIC_SYNTHETIC_VALUE,ONE_SHARED_POOL_PER_UNORDERED_PAIR
103000000000,103,pool_v2v_veh_5_veh_8,veh_5,veh_8,DIRECT_V2V,10000000,DIAGNOSTIC_SYNTHETIC_VALUE,ONE_SHARED_POOL_PER_UNORDERED_PAIR
103000000000,103,pool_v2v_veh_5_veh_9,veh_5,veh_9,DIRECT_V2V,10000000,DIAGNOSTIC_SYNTHETIC_VALUE,ONE_SHARED_POOL_PER_UNORDERED_PAIR
103000000000,103,pool_v2v_veh_5_veh_10,veh_5,veh_10,DIRECT_V2V,10000000,DIAGNOSTIC_SYNTHETIC_VALUE,ONE_SHARED_POOL_PER_UNORDERED_PAIR
103000000000,103,pool_v2v_veh_6_veh_7,veh_6,veh_7,DIRECT_V2V,10000000,DIAGNOSTIC_SYNTHETIC_VALUE,ONE_SHARED_POOL_PER_UNORDERED_PAIR
103000000000,103,pool_v2v_veh_6_veh_8,veh_6,veh_8,DIRECT_V2V,10000000,DIAGNOSTIC_SYNTHETIC_VALUE,ONE_SHARED_POOL_PER_UNORDERED_PAIR
103000000000,103,pool_v2v_veh_6_veh_9,veh_6,veh_9,DIRECT_V2V,10000000,DIAGNOSTIC_SYNTHETIC_VALUE,ONE_SHARED_POOL_PER_UNORDERED_PAIR
103000000000,103,pool_v2v_veh_6_veh_10,veh_6,veh_10,DIRECT_V2V,10000000,DIAGNOSTIC_SYNTHETIC_VALUE,ONE_SHARED_POOL_PER_UNORDERED_PAIR
103000000000,103,pool_v2v_veh_7_veh_8,veh_7,veh_8,DIRECT_V2V,10000000,DIAGNOSTIC_SYNTHETIC_VALUE,ONE_SHARED_POOL_PER_UNORDERED_PAIR
103000000000,103,pool_v2v_veh_7_veh_9,veh_7,veh_9,DIRECT_V2V,10000000,DIAGNOSTIC_SYNTHETIC_VALUE,ONE_SHARED_POOL_PER_UNORDERED_PAIR
103000000000,103,pool_v2v_veh_7_veh_10,veh_7,veh_10,DIRECT_V2V,10000000,DIAGNOSTIC_SYNTHETIC_VALUE,ONE_SHARED_POOL_PER_UNORDERED_PAIR
103000000000,103,pool_v2v_veh_7_veh_11,veh_7,veh_11,DIRECT_V2V,10000000,DIAGNOSTIC_SYNTHETIC_VALUE,ONE_SHARED_POOL_PER_UNORDERED_PAIR
103000000000,103,pool_v2v_veh_8_veh_9,veh_8,veh_9,DIRECT_V2V,10000000,DIAGNOSTIC_SYNTHETIC_VALUE,ONE_SHARED_POOL_PER_UNORDERED_PAIR
103000000000,103,pool_v2v_veh_8_veh_10,veh_8,veh_10,DIRECT_V2V,10000000,DIAGNOSTIC_SYNTHETIC_VALUE,ONE_SHARED_POOL_PER_UNORDERED_PAIR
103000000000,103,pool_v2v_veh_8_veh_11,veh_8,veh_11,DIRECT_V2V,10000000,DIAGNOSTIC_SYNTHETIC_VALUE,ONE_SHARED_POOL_PER_UNORDERED_PAIR
103000000000,103,pool_v2v_veh_9_veh_10,veh_9,veh_10,DIRECT_V2V,10000000,DIAGNOSTIC_SYNTHETIC_VALUE,ONE_SHARED_POOL_PER_UNORDERED_PAIR
103000000000,103,pool_v2v_veh_9_veh_11,veh_9,veh_11,DIRECT_V2V,10000000,DIAGNOSTIC_SYNTHETIC_VALUE,ONE_SHARED_POOL_PER_UNORDERED_PAIR
103000000000,103,pool_v2v_veh_10_veh_11,veh_10,veh_11,DIRECT_V2V,10000000,DIAGNOSTIC_SYNTHETIC_VALUE,ONE_SHARED_POOL_PER_UNORDERED_PAIR
104000000000,104,pool_v2v_veh_0_veh_1,veh_0,veh_1,DIRECT_V2V,10000000,DIAGNOSTIC_SYNTHETIC_VALUE,ONE_SHARED_POOL_PER_UNORDERED_PAIR
104000000000,104,pool_v2v_veh_0_veh_2,veh_0,veh_2,DIRECT_V2V,10000000,DIAGNOSTIC_SYNTHETIC_VALUE,ONE_SHARED_POOL_PER_UNORDERED_PAIR
104000000000,104,pool_v2v_veh_0_veh_3,veh_0,veh_3,DIRECT_V2V,10000000,DIAGNOSTIC_SYNTHETIC_VALUE,ONE_SHARED_POOL_PER_UNORDERED_PAIR
104000000000,104,pool_v2v_veh_0_veh_4,veh_0,veh_4,DIRECT_V2V,10000000,DIAGNOSTIC_SYNTHETIC_VALUE,ONE_SHARED_POOL_PER_UNORDERED_PAIR
104000000000,104,pool_v2v_veh_0_veh_5,veh_0,veh_5,DIRECT_V2V,10000000,DIAGNOSTIC_SYNTHETIC_VALUE,ONE_SHARED_POOL_PER_UNORDERED_PAIR
104000000000,104,pool_v2v_veh_1_veh_2,veh_1,veh_2,DIRECT_V2V,10000000,DIAGNOSTIC_SYNTHETIC_VALUE,ONE_SHARED_POOL_PER_UNORDERED_PAIR
104000000000,104,pool_v2v_veh_1_veh_3,veh_1,veh_3,DIRECT_V2V,10000000,DIAGNOSTIC_SYNTHETIC_VALUE,ONE_SHARED_POOL_PER_UNORDERED_PAIR
104000000000,104,pool_v2v_veh_1_veh_4,veh_1,veh_4,DIRECT_V2V,10000000,DIAGNOSTIC_SYNTHETIC_VALUE,ONE_SHARED_POOL_PER_UNORDERED_PAIR
104000000000,104,pool_v2v_veh_1_veh_5,veh_1,veh_5,DIRECT_V2V,10000000,DIAGNOSTIC_SYNTHETIC_VALUE,ONE_SHARED_POOL_PER_UNORDERED_PAIR
104000000000,104,pool_v2v_veh_1_veh_6,veh_1,veh_6,DIRECT_V2V,10000000,DIAGNOSTIC_SYNTHETIC_VALUE,ONE_SHARED_POOL_PER_UNORDERED_PAIR
104000000000,104,pool_v2v_veh_2_veh_3,veh_2,veh_3,DIRECT_V2V,10000000,DIAGNOSTIC_SYNTHETIC_VALUE,ONE_SHARED_POOL_PER_UNORDERED_PAIR
104000000000,104,pool_v2v_veh_2_veh_4,veh_2,veh_4,DIRECT_V2V,10000000,DIAGNOSTIC_SYNTHETIC_VALUE,ONE_SHARED_POOL_PER_UNORDERED_PAIR
104000000000,104,pool_v2v_veh_2_veh_5,veh_2,veh_5,DIRECT_V2V,10000000,DIAGNOSTIC_SYNTHETIC_VALUE,ONE_SHARED_POOL_PER_UNORDERED_PAIR
104000000000,104,pool_v2v_veh_2_veh_6,veh_2,veh_6,DIRECT_V2V,10000000,DIAGNOSTIC_SYNTHETIC_VALUE,ONE_SHARED_POOL_PER_UNORDERED_PAIR
104000000000,104,pool_v2v_veh_2_veh_7,veh_2,veh_7,DIRECT_V2V,10000000,DIAGNOSTIC_SYNTHETIC_VALUE,ONE_SHARED_POOL_PER_UNORDERED_PAIR
104000000000,104,pool_v2v_veh_3_veh_4,veh_3,veh_4,DIRECT_V2V,10000000,DIAGNOSTIC_SYNTHETIC_VALUE,ONE_SHARED_POOL_PER_UNORDERED_PAIR
104000000000,104,pool_v2v_veh_3_veh_5,veh_3,veh_5,DIRECT_V2V,10000000,DIAGNOSTIC_SYNTHETIC_VALUE,ONE_SHARED_POOL_PER_UNORDERED_PAIR
104000000000,104,pool_v2v_veh_3_veh_6,veh_3,veh_6,DIRECT_V2V,10000000,DIAGNOSTIC_SYNTHETIC_VALUE,ONE_SHARED_POOL_PER_UNORDERED_PAIR
104000000000,104,pool_v2v_veh_3_veh_7,veh_3,veh_7,DIRECT_V2V,10000000,DIAGNOSTIC_SYNTHETIC_VALUE,ONE_SHARED_POOL_PER_UNORDERED_PAIR
104000000000,104,pool_v2v_veh_3_veh_8,veh_3,veh_8,DIRECT_V2V,10000000,DIAGNOSTIC_SYNTHETIC_VALUE,ONE_SHARED_POOL_PER_UNORDERED_PAIR
104000000000,104,pool_v2v_veh_4_veh_5,veh_4,veh_5,DIRECT_V2V,10000000,DIAGNOSTIC_SYNTHETIC_VALUE,ONE_SHARED_POOL_PER_UNORDERED_PAIR
104000000000,104,pool_v2v_veh_4_veh_6,veh_4,veh_6,DIRECT_V2V,10000000,DIAGNOSTIC_SYNTHETIC_VALUE,ONE_SHARED_POOL_PER_UNORDERED_PAIR
104000000000,104,pool_v2v_veh_4_veh_7,veh_4,veh_7,DIRECT_V2V,10000000,DIAGNOSTIC_SYNTHETIC_VALUE,ONE_SHARED_POOL_PER_UNORDERED_PAIR
104000000000,104,pool_v2v_veh_4_veh_8,veh_4,veh_8,DIRECT_V2V,10000000,DIAGNOSTIC_SYNTHETIC_VALUE,ONE_SHARED_POOL_PER_UNORDERED_PAIR
104000000000,104,pool_v2v_veh_4_veh_9,veh_4,veh_9,DIRECT_V2V,10000000,DIAGNOSTIC_SYNTHETIC_VALUE,ONE_SHARED_POOL_PER_UNORDERED_PAIR
104000000000,104,pool_v2v_veh_5_veh_6,veh_5,veh_6,DIRECT_V2V,10000000,DIAGNOSTIC_SYNTHETIC_VALUE,ONE_SHARED_POOL_PER_UNORDERED_PAIR
104000000000,104,pool_v2v_veh_5_veh_7,veh_5,veh_7,DIRECT_V2V,10000000,DIAGNOSTIC_SYNTHETIC_VALUE,ONE_SHARED_POOL_PER_UNORDERED_PAIR
104000000000,104,pool_v2v_veh_5_veh_8,veh_5,veh_8,DIRECT_V2V,10000000,DIAGNOSTIC_SYNTHETIC_VALUE,ONE_SHARED_POOL_PER_UNORDERED_PAIR
104000000000,104,pool_v2v_veh_5_veh_9,veh_5,veh_9,DIRECT_V2V,10000000,DIAGNOSTIC_SYNTHETIC_VALUE,ONE_SHARED_POOL_PER_UNORDERED_PAIR
104000000000,104,pool_v2v_veh_5_veh_10,veh_5,veh_10,DIRECT_V2V,10000000,DIAGNOSTIC_SYNTHETIC_VALUE,ONE_SHARED_POOL_PER_UNORDERED_PAIR
104000000000,104,pool_v2v_veh_6_veh_7,veh_6,veh_7,DIRECT_V2V,10000000,DIAGNOSTIC_SYNTHETIC_VALUE,ONE_SHARED_POOL_PER_UNORDERED_PAIR
104000000000,104,pool_v2v_veh_6_veh_8,veh_6,veh_8,DIRECT_V2V,10000000,DIAGNOSTIC_SYNTHETIC_VALUE,ONE_SHARED_POOL_PER_UNORDERED_PAIR
104000000000,104,pool_v2v_veh_6_veh_9,veh_6,veh_9,DIRECT_V2V,10000000,DIAGNOSTIC_SYNTHETIC_VALUE,ONE_SHARED_POOL_PER_UNORDERED_PAIR
104000000000,104,pool_v2v_veh_6_veh_10,veh_6,veh_10,DIRECT_V2V,10000000,DIAGNOSTIC_SYNTHETIC_VALUE,ONE_SHARED_POOL_PER_UNORDERED_PAIR
104000000000,104,pool_v2v_veh_7_veh_8,veh_7,veh_8,DIRECT_V2V,10000000,DIAGNOSTIC_SYNTHETIC_VALUE,ONE_SHARED_POOL_PER_UNORDERED_PAIR
104000000000,104,pool_v2v_veh_7_veh_9,veh_7,veh_9,DIRECT_V2V,10000000,DIAGNOSTIC_SYNTHETIC_VALUE,ONE_SHARED_POOL_PER_UNORDERED_PAIR
104000000000,104,pool_v2v_veh_7_veh_10,veh_7,veh_10,DIRECT_V2V,10000000,DIAGNOSTIC_SYNTHETIC_VALUE,ONE_SHARED_POOL_PER_UNORDERED_PAIR
104000000000,104,pool_v2v_veh_7_veh_11,veh_7,veh_11,DIRECT_V2V,10000000,DIAGNOSTIC_SYNTHETIC_VALUE,ONE_SHARED_POOL_PER_UNORDERED_PAIR
104000000000,104,pool_v2v_veh_8_veh_9,veh_8,veh_9,DIRECT_V2V,10000000,DIAGNOSTIC_SYNTHETIC_VALUE,ONE_SHARED_POOL_PER_UNORDERED_PAIR
104000000000,104,pool_v2v_veh_8_veh_10,veh_8,veh_10,DIRECT_V2V,10000000,DIAGNOSTIC_SYNTHETIC_VALUE,ONE_SHARED_POOL_PER_UNORDERED_PAIR
104000000000,104,pool_v2v_veh_8_veh_11,veh_8,veh_11,DIRECT_V2V,10000000,DIAGNOSTIC_SYNTHETIC_VALUE,ONE_SHARED_POOL_PER_UNORDERED_PAIR
104000000000,104,pool_v2v_veh_9_veh_10,veh_9,veh_10,DIRECT_V2V,10000000,DIAGNOSTIC_SYNTHETIC_VALUE,ONE_SHARED_POOL_PER_UNORDERED_PAIR
104000000000,104,pool_v2v_veh_9_veh_11,veh_9,veh_11,DIRECT_V2V,10000000,DIAGNOSTIC_SYNTHETIC_VALUE,ONE_SHARED_POOL_PER_UNORDERED_PAIR
104000000000,104,pool_v2v_veh_10_veh_11,veh_10,veh_11,DIRECT_V2V,10000000,DIAGNOSTIC_SYNTHETIC_VALUE,ONE_SHARED_POOL_PER_UNORDERED_PAIR
105000000000,105,pool_v2v_veh_0_veh_1,veh_0,veh_1,DIRECT_V2V,10000000,DIAGNOSTIC_SYNTHETIC_VALUE,ONE_SHARED_POOL_PER_UNORDERED_PAIR
105000000000,105,pool_v2v_veh_0_veh_2,veh_0,veh_2,DIRECT_V2V,10000000,DIAGNOSTIC_SYNTHETIC_VALUE,ONE_SHARED_POOL_PER_UNORDERED_PAIR
105000000000,105,pool_v2v_veh_0_veh_3,veh_0,veh_3,DIRECT_V2V,10000000,DIAGNOSTIC_SYNTHETIC_VALUE,ONE_SHARED_POOL_PER_UNORDERED_PAIR
105000000000,105,pool_v2v_veh_0_veh_4,veh_0,veh_4,DIRECT_V2V,10000000,DIAGNOSTIC_SYNTHETIC_VALUE,ONE_SHARED_POOL_PER_UNORDERED_PAIR
105000000000,105,pool_v2v_veh_0_veh_5,veh_0,veh_5,DIRECT_V2V,10000000,DIAGNOSTIC_SYNTHETIC_VALUE,ONE_SHARED_POOL_PER_UNORDERED_PAIR
105000000000,105,pool_v2v_veh_1_veh_2,veh_1,veh_2,DIRECT_V2V,10000000,DIAGNOSTIC_SYNTHETIC_VALUE,ONE_SHARED_POOL_PER_UNORDERED_PAIR
105000000000,105,pool_v2v_veh_1_veh_3,veh_1,veh_3,DIRECT_V2V,10000000,DIAGNOSTIC_SYNTHETIC_VALUE,ONE_SHARED_POOL_PER_UNORDERED_PAIR
105000000000,105,pool_v2v_veh_1_veh_4,veh_1,veh_4,DIRECT_V2V,10000000,DIAGNOSTIC_SYNTHETIC_VALUE,ONE_SHARED_POOL_PER_UNORDERED_PAIR
105000000000,105,pool_v2v_veh_1_veh_5,veh_1,veh_5,DIRECT_V2V,10000000,DIAGNOSTIC_SYNTHETIC_VALUE,ONE_SHARED_POOL_PER_UNORDERED_PAIR
105000000000,105,pool_v2v_veh_1_veh_6,veh_1,veh_6,DIRECT_V2V,10000000,DIAGNOSTIC_SYNTHETIC_VALUE,ONE_SHARED_POOL_PER_UNORDERED_PAIR
105000000000,105,pool_v2v_veh_2_veh_3,veh_2,veh_3,DIRECT_V2V,10000000,DIAGNOSTIC_SYNTHETIC_VALUE,ONE_SHARED_POOL_PER_UNORDERED_PAIR
105000000000,105,pool_v2v_veh_2_veh_4,veh_2,veh_4,DIRECT_V2V,10000000,DIAGNOSTIC_SYNTHETIC_VALUE,ONE_SHARED_POOL_PER_UNORDERED_PAIR
105000000000,105,pool_v2v_veh_2_veh_5,veh_2,veh_5,DIRECT_V2V,10000000,DIAGNOSTIC_SYNTHETIC_VALUE,ONE_SHARED_POOL_PER_UNORDERED_PAIR
105000000000,105,pool_v2v_veh_2_veh_6,veh_2,veh_6,DIRECT_V2V,10000000,DIAGNOSTIC_SYNTHETIC_VALUE,ONE_SHARED_POOL_PER_UNORDERED_PAIR
105000000000,105,pool_v2v_veh_2_veh_7,veh_2,veh_7,DIRECT_V2V,10000000,DIAGNOSTIC_SYNTHETIC_VALUE,ONE_SHARED_POOL_PER_UNORDERED_PAIR
105000000000,105,pool_v2v_veh_3_veh_4,veh_3,veh_4,DIRECT_V2V,10000000,DIAGNOSTIC_SYNTHETIC_VALUE,ONE_SHARED_POOL_PER_UNORDERED_PAIR
105000000000,105,pool_v2v_veh_3_veh_5,veh_3,veh_5,DIRECT_V2V,10000000,DIAGNOSTIC_SYNTHETIC_VALUE,ONE_SHARED_POOL_PER_UNORDERED_PAIR
105000000000,105,pool_v2v_veh_3_veh_6,veh_3,veh_6,DIRECT_V2V,10000000,DIAGNOSTIC_SYNTHETIC_VALUE,ONE_SHARED_POOL_PER_UNORDERED_PAIR
105000000000,105,pool_v2v_veh_3_veh_7,veh_3,veh_7,DIRECT_V2V,10000000,DIAGNOSTIC_SYNTHETIC_VALUE,ONE_SHARED_POOL_PER_UNORDERED_PAIR
105000000000,105,pool_v2v_veh_3_veh_8,veh_3,veh_8,DIRECT_V2V,10000000,DIAGNOSTIC_SYNTHETIC_VALUE,ONE_SHARED_POOL_PER_UNORDERED_PAIR
105000000000,105,pool_v2v_veh_4_veh_5,veh_4,veh_5,DIRECT_V2V,10000000,DIAGNOSTIC_SYNTHETIC_VALUE,ONE_SHARED_POOL_PER_UNORDERED_PAIR
105000000000,105,pool_v2v_veh_4_veh_6,veh_4,veh_6,DIRECT_V2V,10000000,DIAGNOSTIC_SYNTHETIC_VALUE,ONE_SHARED_POOL_PER_UNORDERED_PAIR
105000000000,105,pool_v2v_veh_4_veh_7,veh_4,veh_7,DIRECT_V2V,10000000,DIAGNOSTIC_SYNTHETIC_VALUE,ONE_SHARED_POOL_PER_UNORDERED_PAIR
105000000000,105,pool_v2v_veh_4_veh_8,veh_4,veh_8,DIRECT_V2V,10000000,DIAGNOSTIC_SYNTHETIC_VALUE,ONE_SHARED_POOL_PER_UNORDERED_PAIR
105000000000,105,pool_v2v_veh_4_veh_9,veh_4,veh_9,DIRECT_V2V,10000000,DIAGNOSTIC_SYNTHETIC_VALUE,ONE_SHARED_POOL_PER_UNORDERED_PAIR
105000000000,105,pool_v2v_veh_5_veh_6,veh_5,veh_6,DIRECT_V2V,10000000,DIAGNOSTIC_SYNTHETIC_VALUE,ONE_SHARED_POOL_PER_UNORDERED_PAIR
105000000000,105,pool_v2v_veh_5_veh_7,veh_5,veh_7,DIRECT_V2V,10000000,DIAGNOSTIC_SYNTHETIC_VALUE,ONE_SHARED_POOL_PER_UNORDERED_PAIR
105000000000,105,pool_v2v_veh_5_veh_8,veh_5,veh_8,DIRECT_V2V,10000000,DIAGNOSTIC_SYNTHETIC_VALUE,ONE_SHARED_POOL_PER_UNORDERED_PAIR
105000000000,105,pool_v2v_veh_5_veh_9,veh_5,veh_9,DIRECT_V2V,10000000,DIAGNOSTIC_SYNTHETIC_VALUE,ONE_SHARED_POOL_PER_UNORDERED_PAIR
105000000000,105,pool_v2v_veh_5_veh_10,veh_5,veh_10,DIRECT_V2V,10000000,DIAGNOSTIC_SYNTHETIC_VALUE,ONE_SHARED_POOL_PER_UNORDERED_PAIR
105000000000,105,pool_v2v_veh_6_veh_7,veh_6,veh_7,DIRECT_V2V,10000000,DIAGNOSTIC_SYNTHETIC_VALUE,ONE_SHARED_POOL_PER_UNORDERED_PAIR
105000000000,105,pool_v2v_veh_6_veh_8,veh_6,veh_8,DIRECT_V2V,10000000,DIAGNOSTIC_SYNTHETIC_VALUE,ONE_SHARED_POOL_PER_UNORDERED_PAIR
105000000000,105,pool_v2v_veh_6_veh_9,veh_6,veh_9,DIRECT_V2V,10000000,DIAGNOSTIC_SYNTHETIC_VALUE,ONE_SHARED_POOL_PER_UNORDERED_PAIR
105000000000,105,pool_v2v_veh_6_veh_10,veh_6,veh_10,DIRECT_V2V,10000000,DIAGNOSTIC_SYNTHETIC_VALUE,ONE_SHARED_POOL_PER_UNORDERED_PAIR
105000000000,105,pool_v2v_veh_7_veh_8,veh_7,veh_8,DIRECT_V2V,10000000,DIAGNOSTIC_SYNTHETIC_VALUE,ONE_SHARED_POOL_PER_UNORDERED_PAIR
105000000000,105,pool_v2v_veh_7_veh_9,veh_7,veh_9,DIRECT_V2V,10000000,DIAGNOSTIC_SYNTHETIC_VALUE,ONE_SHARED_POOL_PER_UNORDERED_PAIR
105000000000,105,pool_v2v_veh_7_veh_10,veh_7,veh_10,DIRECT_V2V,10000000,DIAGNOSTIC_SYNTHETIC_VALUE,ONE_SHARED_POOL_PER_UNORDERED_PAIR
105000000000,105,pool_v2v_veh_7_veh_11,veh_7,veh_11,DIRECT_V2V,10000000,DIAGNOSTIC_SYNTHETIC_VALUE,ONE_SHARED_POOL_PER_UNORDERED_PAIR
105000000000,105,pool_v2v_veh_8_veh_9,veh_8,veh_9,DIRECT_V2V,10000000,DIAGNOSTIC_SYNTHETIC_VALUE,ONE_SHARED_POOL_PER_UNORDERED_PAIR
105000000000,105,pool_v2v_veh_8_veh_10,veh_8,veh_10,DIRECT_V2V,10000000,DIAGNOSTIC_SYNTHETIC_VALUE,ONE_SHARED_POOL_PER_UNORDERED_PAIR
105000000000,105,pool_v2v_veh_8_veh_11,veh_8,veh_11,DIRECT_V2V,10000000,DIAGNOSTIC_SYNTHETIC_VALUE,ONE_SHARED_POOL_PER_UNORDERED_PAIR
105000000000,105,pool_v2v_veh_9_veh_10,veh_9,veh_10,DIRECT_V2V,10000000,DIAGNOSTIC_SYNTHETIC_VALUE,ONE_SHARED_POOL_PER_UNORDERED_PAIR
105000000000,105,pool_v2v_veh_9_veh_11,veh_9,veh_11,DIRECT_V2V,10000000,DIAGNOSTIC_SYNTHETIC_VALUE,ONE_SHARED_POOL_PER_UNORDERED_PAIR
105000000000,105,pool_v2v_veh_10_veh_11,veh_10,veh_11,DIRECT_V2V,10000000,DIAGNOSTIC_SYNTHETIC_VALUE,ONE_SHARED_POOL_PER_UNORDERED_PAIR
106000000000,106,pool_v2v_veh_0_veh_1,veh_0,veh_1,DIRECT_V2V,10000000,DIAGNOSTIC_SYNTHETIC_VALUE,ONE_SHARED_POOL_PER_UNORDERED_PAIR
106000000000,106,pool_v2v_veh_0_veh_2,veh_0,veh_2,DIRECT_V2V,10000000,DIAGNOSTIC_SYNTHETIC_VALUE,ONE_SHARED_POOL_PER_UNORDERED_PAIR
106000000000,106,pool_v2v_veh_0_veh_3,veh_0,veh_3,DIRECT_V2V,10000000,DIAGNOSTIC_SYNTHETIC_VALUE,ONE_SHARED_POOL_PER_UNORDERED_PAIR
106000000000,106,pool_v2v_veh_0_veh_4,veh_0,veh_4,DIRECT_V2V,10000000,DIAGNOSTIC_SYNTHETIC_VALUE,ONE_SHARED_POOL_PER_UNORDERED_PAIR
106000000000,106,pool_v2v_veh_0_veh_5,veh_0,veh_5,DIRECT_V2V,10000000,DIAGNOSTIC_SYNTHETIC_VALUE,ONE_SHARED_POOL_PER_UNORDERED_PAIR
106000000000,106,pool_v2v_veh_1_veh_2,veh_1,veh_2,DIRECT_V2V,10000000,DIAGNOSTIC_SYNTHETIC_VALUE,ONE_SHARED_POOL_PER_UNORDERED_PAIR
106000000000,106,pool_v2v_veh_1_veh_3,veh_1,veh_3,DIRECT_V2V,10000000,DIAGNOSTIC_SYNTHETIC_VALUE,ONE_SHARED_POOL_PER_UNORDERED_PAIR
106000000000,106,pool_v2v_veh_1_veh_4,veh_1,veh_4,DIRECT_V2V,10000000,DIAGNOSTIC_SYNTHETIC_VALUE,ONE_SHARED_POOL_PER_UNORDERED_PAIR
106000000000,106,pool_v2v_veh_1_veh_5,veh_1,veh_5,DIRECT_V2V,10000000,DIAGNOSTIC_SYNTHETIC_VALUE,ONE_SHARED_POOL_PER_UNORDERED_PAIR
106000000000,106,pool_v2v_veh_1_veh_6,veh_1,veh_6,DIRECT_V2V,10000000,DIAGNOSTIC_SYNTHETIC_VALUE,ONE_SHARED_POOL_PER_UNORDERED_PAIR
106000000000,106,pool_v2v_veh_2_veh_3,veh_2,veh_3,DIRECT_V2V,10000000,DIAGNOSTIC_SYNTHETIC_VALUE,ONE_SHARED_POOL_PER_UNORDERED_PAIR
106000000000,106,pool_v2v_veh_2_veh_4,veh_2,veh_4,DIRECT_V2V,10000000,DIAGNOSTIC_SYNTHETIC_VALUE,ONE_SHARED_POOL_PER_UNORDERED_PAIR
106000000000,106,pool_v2v_veh_2_veh_5,veh_2,veh_5,DIRECT_V2V,10000000,DIAGNOSTIC_SYNTHETIC_VALUE,ONE_SHARED_POOL_PER_UNORDERED_PAIR
106000000000,106,pool_v2v_veh_2_veh_6,veh_2,veh_6,DIRECT_V2V,10000000,DIAGNOSTIC_SYNTHETIC_VALUE,ONE_SHARED_POOL_PER_UNORDERED_PAIR
106000000000,106,pool_v2v_veh_2_veh_7,veh_2,veh_7,DIRECT_V2V,10000000,DIAGNOSTIC_SYNTHETIC_VALUE,ONE_SHARED_POOL_PER_UNORDERED_PAIR
106000000000,106,pool_v2v_veh_3_veh_4,veh_3,veh_4,DIRECT_V2V,10000000,DIAGNOSTIC_SYNTHETIC_VALUE,ONE_SHARED_POOL_PER_UNORDERED_PAIR
106000000000,106,pool_v2v_veh_3_veh_5,veh_3,veh_5,DIRECT_V2V,10000000,DIAGNOSTIC_SYNTHETIC_VALUE,ONE_SHARED_POOL_PER_UNORDERED_PAIR
106000000000,106,pool_v2v_veh_3_veh_6,veh_3,veh_6,DIRECT_V2V,10000000,DIAGNOSTIC_SYNTHETIC_VALUE,ONE_SHARED_POOL_PER_UNORDERED_PAIR
106000000000,106,pool_v2v_veh_3_veh_7,veh_3,veh_7,DIRECT_V2V,10000000,DIAGNOSTIC_SYNTHETIC_VALUE,ONE_SHARED_POOL_PER_UNORDERED_PAIR
106000000000,106,pool_v2v_veh_3_veh_8,veh_3,veh_8,DIRECT_V2V,10000000,DIAGNOSTIC_SYNTHETIC_VALUE,ONE_SHARED_POOL_PER_UNORDERED_PAIR
106000000000,106,pool_v2v_veh_4_veh_5,veh_4,veh_5,DIRECT_V2V,10000000,DIAGNOSTIC_SYNTHETIC_VALUE,ONE_SHARED_POOL_PER_UNORDERED_PAIR
106000000000,106,pool_v2v_veh_4_veh_6,veh_4,veh_6,DIRECT_V2V,10000000,DIAGNOSTIC_SYNTHETIC_VALUE,ONE_SHARED_POOL_PER_UNORDERED_PAIR
106000000000,106,pool_v2v_veh_4_veh_7,veh_4,veh_7,DIRECT_V2V,10000000,DIAGNOSTIC_SYNTHETIC_VALUE,ONE_SHARED_POOL_PER_UNORDERED_PAIR
106000000000,106,pool_v2v_veh_4_veh_8,veh_4,veh_8,DIRECT_V2V,10000000,DIAGNOSTIC_SYNTHETIC_VALUE,ONE_SHARED_POOL_PER_UNORDERED_PAIR
106000000000,106,pool_v2v_veh_4_veh_9,veh_4,veh_9,DIRECT_V2V,10000000,DIAGNOSTIC_SYNTHETIC_VALUE,ONE_SHARED_POOL_PER_UNORDERED_PAIR
106000000000,106,pool_v2v_veh_5_veh_6,veh_5,veh_6,DIRECT_V2V,10000000,DIAGNOSTIC_SYNTHETIC_VALUE,ONE_SHARED_POOL_PER_UNORDERED_PAIR
106000000000,106,pool_v2v_veh_5_veh_7,veh_5,veh_7,DIRECT_V2V,10000000,DIAGNOSTIC_SYNTHETIC_VALUE,ONE_SHARED_POOL_PER_UNORDERED_PAIR
106000000000,106,pool_v2v_veh_5_veh_8,veh_5,veh_8,DIRECT_V2V,10000000,DIAGNOSTIC_SYNTHETIC_VALUE,ONE_SHARED_POOL_PER_UNORDERED_PAIR
106000000000,106,pool_v2v_veh_5_veh_9,veh_5,veh_9,DIRECT_V2V,10000000,DIAGNOSTIC_SYNTHETIC_VALUE,ONE_SHARED_POOL_PER_UNORDERED_PAIR
106000000000,106,pool_v2v_veh_5_veh_10,veh_5,veh_10,DIRECT_V2V,10000000,DIAGNOSTIC_SYNTHETIC_VALUE,ONE_SHARED_POOL_PER_UNORDERED_PAIR
106000000000,106,pool_v2v_veh_6_veh_7,veh_6,veh_7,DIRECT_V2V,10000000,DIAGNOSTIC_SYNTHETIC_VALUE,ONE_SHARED_POOL_PER_UNORDERED_PAIR
106000000000,106,pool_v2v_veh_6_veh_8,veh_6,veh_8,DIRECT_V2V,10000000,DIAGNOSTIC_SYNTHETIC_VALUE,ONE_SHARED_POOL_PER_UNORDERED_PAIR
106000000000,106,pool_v2v_veh_6_veh_9,veh_6,veh_9,DIRECT_V2V,10000000,DIAGNOSTIC_SYNTHETIC_VALUE,ONE_SHARED_POOL_PER_UNORDERED_PAIR
106000000000,106,pool_v2v_veh_6_veh_10,veh_6,veh_10,DIRECT_V2V,10000000,DIAGNOSTIC_SYNTHETIC_VALUE,ONE_SHARED_POOL_PER_UNORDERED_PAIR
106000000000,106,pool_v2v_veh_7_veh_8,veh_7,veh_8,DIRECT_V2V,10000000,DIAGNOSTIC_SYNTHETIC_VALUE,ONE_SHARED_POOL_PER_UNORDERED_PAIR
106000000000,106,pool_v2v_veh_7_veh_9,veh_7,veh_9,DIRECT_V2V,10000000,DIAGNOSTIC_SYNTHETIC_VALUE,ONE_SHARED_POOL_PER_UNORDERED_PAIR
106000000000,106,pool_v2v_veh_7_veh_10,veh_7,veh_10,DIRECT_V2V,10000000,DIAGNOSTIC_SYNTHETIC_VALUE,ONE_SHARED_POOL_PER_UNORDERED_PAIR
106000000000,106,pool_v2v_veh_7_veh_11,veh_7,veh_11,DIRECT_V2V,10000000,DIAGNOSTIC_SYNTHETIC_VALUE,ONE_SHARED_POOL_PER_UNORDERED_PAIR
106000000000,106,pool_v2v_veh_8_veh_9,veh_8,veh_9,DIRECT_V2V,10000000,DIAGNOSTIC_SYNTHETIC_VALUE,ONE_SHARED_POOL_PER_UNORDERED_PAIR
106000000000,106,pool_v2v_veh_8_veh_10,veh_8,veh_10,DIRECT_V2V,10000000,DIAGNOSTIC_SYNTHETIC_VALUE,ONE_SHARED_POOL_PER_UNORDERED_PAIR
106000000000,106,pool_v2v_veh_8_veh_11,veh_8,veh_11,DIRECT_V2V,10000000,DIAGNOSTIC_SYNTHETIC_VALUE,ONE_SHARED_POOL_PER_UNORDERED_PAIR
106000000000,106,pool_v2v_veh_9_veh_10,veh_9,veh_10,DIRECT_V2V,10000000,DIAGNOSTIC_SYNTHETIC_VALUE,ONE_SHARED_POOL_PER_UNORDERED_PAIR
106000000000,106,pool_v2v_veh_9_veh_11,veh_9,veh_11,DIRECT_V2V,10000000,DIAGNOSTIC_SYNTHETIC_VALUE,ONE_SHARED_POOL_PER_UNORDERED_PAIR
106000000000,106,pool_v2v_veh_10_veh_11,veh_10,veh_11,DIRECT_V2V,10000000,DIAGNOSTIC_SYNTHETIC_VALUE,ONE_SHARED_POOL_PER_UNORDERED_PAIR
107000000000,107,pool_v2v_veh_0_veh_1,veh_0,veh_1,DIRECT_V2V,10000000,DIAGNOSTIC_SYNTHETIC_VALUE,ONE_SHARED_POOL_PER_UNORDERED_PAIR
107000000000,107,pool_v2v_veh_0_veh_2,veh_0,veh_2,DIRECT_V2V,10000000,DIAGNOSTIC_SYNTHETIC_VALUE,ONE_SHARED_POOL_PER_UNORDERED_PAIR
107000000000,107,pool_v2v_veh_0_veh_3,veh_0,veh_3,DIRECT_V2V,10000000,DIAGNOSTIC_SYNTHETIC_VALUE,ONE_SHARED_POOL_PER_UNORDERED_PAIR
107000000000,107,pool_v2v_veh_0_veh_4,veh_0,veh_4,DIRECT_V2V,10000000,DIAGNOSTIC_SYNTHETIC_VALUE,ONE_SHARED_POOL_PER_UNORDERED_PAIR
107000000000,107,pool_v2v_veh_0_veh_5,veh_0,veh_5,DIRECT_V2V,10000000,DIAGNOSTIC_SYNTHETIC_VALUE,ONE_SHARED_POOL_PER_UNORDERED_PAIR
107000000000,107,pool_v2v_veh_1_veh_2,veh_1,veh_2,DIRECT_V2V,10000000,DIAGNOSTIC_SYNTHETIC_VALUE,ONE_SHARED_POOL_PER_UNORDERED_PAIR
107000000000,107,pool_v2v_veh_1_veh_3,veh_1,veh_3,DIRECT_V2V,10000000,DIAGNOSTIC_SYNTHETIC_VALUE,ONE_SHARED_POOL_PER_UNORDERED_PAIR
107000000000,107,pool_v2v_veh_1_veh_4,veh_1,veh_4,DIRECT_V2V,10000000,DIAGNOSTIC_SYNTHETIC_VALUE,ONE_SHARED_POOL_PER_UNORDERED_PAIR
107000000000,107,pool_v2v_veh_1_veh_5,veh_1,veh_5,DIRECT_V2V,10000000,DIAGNOSTIC_SYNTHETIC_VALUE,ONE_SHARED_POOL_PER_UNORDERED_PAIR
107000000000,107,pool_v2v_veh_1_veh_6,veh_1,veh_6,DIRECT_V2V,10000000,DIAGNOSTIC_SYNTHETIC_VALUE,ONE_SHARED_POOL_PER_UNORDERED_PAIR
107000000000,107,pool_v2v_veh_2_veh_3,veh_2,veh_3,DIRECT_V2V,10000000,DIAGNOSTIC_SYNTHETIC_VALUE,ONE_SHARED_POOL_PER_UNORDERED_PAIR
107000000000,107,pool_v2v_veh_2_veh_4,veh_2,veh_4,DIRECT_V2V,10000000,DIAGNOSTIC_SYNTHETIC_VALUE,ONE_SHARED_POOL_PER_UNORDERED_PAIR
107000000000,107,pool_v2v_veh_2_veh_5,veh_2,veh_5,DIRECT_V2V,10000000,DIAGNOSTIC_SYNTHETIC_VALUE,ONE_SHARED_POOL_PER_UNORDERED_PAIR
107000000000,107,pool_v2v_veh_2_veh_6,veh_2,veh_6,DIRECT_V2V,10000000,DIAGNOSTIC_SYNTHETIC_VALUE,ONE_SHARED_POOL_PER_UNORDERED_PAIR
107000000000,107,pool_v2v_veh_2_veh_7,veh_2,veh_7,DIRECT_V2V,10000000,DIAGNOSTIC_SYNTHETIC_VALUE,ONE_SHARED_POOL_PER_UNORDERED_PAIR
107000000000,107,pool_v2v_veh_3_veh_4,veh_3,veh_4,DIRECT_V2V,10000000,DIAGNOSTIC_SYNTHETIC_VALUE,ONE_SHARED_POOL_PER_UNORDERED_PAIR
107000000000,107,pool_v2v_veh_3_veh_5,veh_3,veh_5,DIRECT_V2V,10000000,DIAGNOSTIC_SYNTHETIC_VALUE,ONE_SHARED_POOL_PER_UNORDERED_PAIR
107000000000,107,pool_v2v_veh_3_veh_6,veh_3,veh_6,DIRECT_V2V,10000000,DIAGNOSTIC_SYNTHETIC_VALUE,ONE_SHARED_POOL_PER_UNORDERED_PAIR
107000000000,107,pool_v2v_veh_3_veh_7,veh_3,veh_7,DIRECT_V2V,10000000,DIAGNOSTIC_SYNTHETIC_VALUE,ONE_SHARED_POOL_PER_UNORDERED_PAIR
107000000000,107,pool_v2v_veh_3_veh_8,veh_3,veh_8,DIRECT_V2V,10000000,DIAGNOSTIC_SYNTHETIC_VALUE,ONE_SHARED_POOL_PER_UNORDERED_PAIR
107000000000,107,pool_v2v_veh_4_veh_5,veh_4,veh_5,DIRECT_V2V,10000000,DIAGNOSTIC_SYNTHETIC_VALUE,ONE_SHARED_POOL_PER_UNORDERED_PAIR
107000000000,107,pool_v2v_veh_4_veh_6,veh_4,veh_6,DIRECT_V2V,10000000,DIAGNOSTIC_SYNTHETIC_VALUE,ONE_SHARED_POOL_PER_UNORDERED_PAIR
107000000000,107,pool_v2v_veh_4_veh_7,veh_4,veh_7,DIRECT_V2V,10000000,DIAGNOSTIC_SYNTHETIC_VALUE,ONE_SHARED_POOL_PER_UNORDERED_PAIR
107000000000,107,pool_v2v_veh_4_veh_8,veh_4,veh_8,DIRECT_V2V,10000000,DIAGNOSTIC_SYNTHETIC_VALUE,ONE_SHARED_POOL_PER_UNORDERED_PAIR
107000000000,107,pool_v2v_veh_4_veh_9,veh_4,veh_9,DIRECT_V2V,10000000,DIAGNOSTIC_SYNTHETIC_VALUE,ONE_SHARED_POOL_PER_UNORDERED_PAIR
107000000000,107,pool_v2v_veh_5_veh_6,veh_5,veh_6,DIRECT_V2V,10000000,DIAGNOSTIC_SYNTHETIC_VALUE,ONE_SHARED_POOL_PER_UNORDERED_PAIR
107000000000,107,pool_v2v_veh_5_veh_7,veh_5,veh_7,DIRECT_V2V,10000000,DIAGNOSTIC_SYNTHETIC_VALUE,ONE_SHARED_POOL_PER_UNORDERED_PAIR
107000000000,107,pool_v2v_veh_5_veh_8,veh_5,veh_8,DIRECT_V2V,10000000,DIAGNOSTIC_SYNTHETIC_VALUE,ONE_SHARED_POOL_PER_UNORDERED_PAIR
107000000000,107,pool_v2v_veh_5_veh_9,veh_5,veh_9,DIRECT_V2V,10000000,DIAGNOSTIC_SYNTHETIC_VALUE,ONE_SHARED_POOL_PER_UNORDERED_PAIR
107000000000,107,pool_v2v_veh_5_veh_10,veh_5,veh_10,DIRECT_V2V,10000000,DIAGNOSTIC_SYNTHETIC_VALUE,ONE_SHARED_POOL_PER_UNORDERED_PAIR
107000000000,107,pool_v2v_veh_6_veh_7,veh_6,veh_7,DIRECT_V2V,10000000,DIAGNOSTIC_SYNTHETIC_VALUE,ONE_SHARED_POOL_PER_UNORDERED_PAIR
107000000000,107,pool_v2v_veh_6_veh_8,veh_6,veh_8,DIRECT_V2V,10000000,DIAGNOSTIC_SYNTHETIC_VALUE,ONE_SHARED_POOL_PER_UNORDERED_PAIR
107000000000,107,pool_v2v_veh_6_veh_9,veh_6,veh_9,DIRECT_V2V,10000000,DIAGNOSTIC_SYNTHETIC_VALUE,ONE_SHARED_POOL_PER_UNORDERED_PAIR
107000000000,107,pool_v2v_veh_6_veh_10,veh_6,veh_10,DIRECT_V2V,10000000,DIAGNOSTIC_SYNTHETIC_VALUE,ONE_SHARED_POOL_PER_UNORDERED_PAIR
107000000000,107,pool_v2v_veh_7_veh_8,veh_7,veh_8,DIRECT_V2V,10000000,DIAGNOSTIC_SYNTHETIC_VALUE,ONE_SHARED_POOL_PER_UNORDERED_PAIR
107000000000,107,pool_v2v_veh_7_veh_9,veh_7,veh_9,DIRECT_V2V,10000000,DIAGNOSTIC_SYNTHETIC_VALUE,ONE_SHARED_POOL_PER_UNORDERED_PAIR
107000000000,107,pool_v2v_veh_7_veh_10,veh_7,veh_10,DIRECT_V2V,10000000,DIAGNOSTIC_SYNTHETIC_VALUE,ONE_SHARED_POOL_PER_UNORDERED_PAIR
107000000000,107,pool_v2v_veh_7_veh_11,veh_7,veh_11,DIRECT_V2V,10000000,DIAGNOSTIC_SYNTHETIC_VALUE,ONE_SHARED_POOL_PER_UNORDERED_PAIR
107000000000,107,pool_v2v_veh_8_veh_9,veh_8,veh_9,DIRECT_V2V,10000000,DIAGNOSTIC_SYNTHETIC_VALUE,ONE_SHARED_POOL_PER_UNORDERED_PAIR
107000000000,107,pool_v2v_veh_8_veh_10,veh_8,veh_10,DIRECT_V2V,10000000,DIAGNOSTIC_SYNTHETIC_VALUE,ONE_SHARED_POOL_PER_UNORDERED_PAIR
107000000000,107,pool_v2v_veh_8_veh_11,veh_8,veh_11,DIRECT_V2V,10000000,DIAGNOSTIC_SYNTHETIC_VALUE,ONE_SHARED_POOL_PER_UNORDERED_PAIR
107000000000,107,pool_v2v_veh_9_veh_10,veh_9,veh_10,DIRECT_V2V,10000000,DIAGNOSTIC_SYNTHETIC_VALUE,ONE_SHARED_POOL_PER_UNORDERED_PAIR
107000000000,107,pool_v2v_veh_9_veh_11,veh_9,veh_11,DIRECT_V2V,10000000,DIAGNOSTIC_SYNTHETIC_VALUE,ONE_SHARED_POOL_PER_UNORDERED_PAIR
107000000000,107,pool_v2v_veh_10_veh_11,veh_10,veh_11,DIRECT_V2V,10000000,DIAGNOSTIC_SYNTHETIC_VALUE,ONE_SHARED_POOL_PER_UNORDERED_PAIR
108000000000,108,pool_v2v_veh_0_veh_1,veh_0,veh_1,DIRECT_V2V,10000000,DIAGNOSTIC_SYNTHETIC_VALUE,ONE_SHARED_POOL_PER_UNORDERED_PAIR
108000000000,108,pool_v2v_veh_0_veh_2,veh_0,veh_2,DIRECT_V2V,10000000,DIAGNOSTIC_SYNTHETIC_VALUE,ONE_SHARED_POOL_PER_UNORDERED_PAIR
108000000000,108,pool_v2v_veh_0_veh_3,veh_0,veh_3,DIRECT_V2V,10000000,DIAGNOSTIC_SYNTHETIC_VALUE,ONE_SHARED_POOL_PER_UNORDERED_PAIR
108000000000,108,pool_v2v_veh_0_veh_4,veh_0,veh_4,DIRECT_V2V,10000000,DIAGNOSTIC_SYNTHETIC_VALUE,ONE_SHARED_POOL_PER_UNORDERED_PAIR
108000000000,108,pool_v2v_veh_0_veh_5,veh_0,veh_5,DIRECT_V2V,10000000,DIAGNOSTIC_SYNTHETIC_VALUE,ONE_SHARED_POOL_PER_UNORDERED_PAIR
108000000000,108,pool_v2v_veh_1_veh_2,veh_1,veh_2,DIRECT_V2V,10000000,DIAGNOSTIC_SYNTHETIC_VALUE,ONE_SHARED_POOL_PER_UNORDERED_PAIR
108000000000,108,pool_v2v_veh_1_veh_3,veh_1,veh_3,DIRECT_V2V,10000000,DIAGNOSTIC_SYNTHETIC_VALUE,ONE_SHARED_POOL_PER_UNORDERED_PAIR
108000000000,108,pool_v2v_veh_1_veh_4,veh_1,veh_4,DIRECT_V2V,10000000,DIAGNOSTIC_SYNTHETIC_VALUE,ONE_SHARED_POOL_PER_UNORDERED_PAIR
108000000000,108,pool_v2v_veh_1_veh_5,veh_1,veh_5,DIRECT_V2V,10000000,DIAGNOSTIC_SYNTHETIC_VALUE,ONE_SHARED_POOL_PER_UNORDERED_PAIR
108000000000,108,pool_v2v_veh_1_veh_6,veh_1,veh_6,DIRECT_V2V,10000000,DIAGNOSTIC_SYNTHETIC_VALUE,ONE_SHARED_POOL_PER_UNORDERED_PAIR
108000000000,108,pool_v2v_veh_2_veh_3,veh_2,veh_3,DIRECT_V2V,10000000,DIAGNOSTIC_SYNTHETIC_VALUE,ONE_SHARED_POOL_PER_UNORDERED_PAIR
108000000000,108,pool_v2v_veh_2_veh_4,veh_2,veh_4,DIRECT_V2V,10000000,DIAGNOSTIC_SYNTHETIC_VALUE,ONE_SHARED_POOL_PER_UNORDERED_PAIR
108000000000,108,pool_v2v_veh_2_veh_5,veh_2,veh_5,DIRECT_V2V,10000000,DIAGNOSTIC_SYNTHETIC_VALUE,ONE_SHARED_POOL_PER_UNORDERED_PAIR
108000000000,108,pool_v2v_veh_2_veh_6,veh_2,veh_6,DIRECT_V2V,10000000,DIAGNOSTIC_SYNTHETIC_VALUE,ONE_SHARED_POOL_PER_UNORDERED_PAIR
108000000000,108,pool_v2v_veh_2_veh_7,veh_2,veh_7,DIRECT_V2V,10000000,DIAGNOSTIC_SYNTHETIC_VALUE,ONE_SHARED_POOL_PER_UNORDERED_PAIR
108000000000,108,pool_v2v_veh_3_veh_4,veh_3,veh_4,DIRECT_V2V,10000000,DIAGNOSTIC_SYNTHETIC_VALUE,ONE_SHARED_POOL_PER_UNORDERED_PAIR
108000000000,108,pool_v2v_veh_3_veh_5,veh_3,veh_5,DIRECT_V2V,10000000,DIAGNOSTIC_SYNTHETIC_VALUE,ONE_SHARED_POOL_PER_UNORDERED_PAIR
108000000000,108,pool_v2v_veh_3_veh_6,veh_3,veh_6,DIRECT_V2V,10000000,DIAGNOSTIC_SYNTHETIC_VALUE,ONE_SHARED_POOL_PER_UNORDERED_PAIR
108000000000,108,pool_v2v_veh_3_veh_7,veh_3,veh_7,DIRECT_V2V,10000000,DIAGNOSTIC_SYNTHETIC_VALUE,ONE_SHARED_POOL_PER_UNORDERED_PAIR
108000000000,108,pool_v2v_veh_3_veh_8,veh_3,veh_8,DIRECT_V2V,10000000,DIAGNOSTIC_SYNTHETIC_VALUE,ONE_SHARED_POOL_PER_UNORDERED_PAIR
108000000000,108,pool_v2v_veh_4_veh_5,veh_4,veh_5,DIRECT_V2V,10000000,DIAGNOSTIC_SYNTHETIC_VALUE,ONE_SHARED_POOL_PER_UNORDERED_PAIR
108000000000,108,pool_v2v_veh_4_veh_6,veh_4,veh_6,DIRECT_V2V,10000000,DIAGNOSTIC_SYNTHETIC_VALUE,ONE_SHARED_POOL_PER_UNORDERED_PAIR
108000000000,108,pool_v2v_veh_4_veh_7,veh_4,veh_7,DIRECT_V2V,10000000,DIAGNOSTIC_SYNTHETIC_VALUE,ONE_SHARED_POOL_PER_UNORDERED_PAIR
108000000000,108,pool_v2v_veh_4_veh_8,veh_4,veh_8,DIRECT_V2V,10000000,DIAGNOSTIC_SYNTHETIC_VALUE,ONE_SHARED_POOL_PER_UNORDERED_PAIR
108000000000,108,pool_v2v_veh_4_veh_9,veh_4,veh_9,DIRECT_V2V,10000000,DIAGNOSTIC_SYNTHETIC_VALUE,ONE_SHARED_POOL_PER_UNORDERED_PAIR
108000000000,108,pool_v2v_veh_5_veh_6,veh_5,veh_6,DIRECT_V2V,10000000,DIAGNOSTIC_SYNTHETIC_VALUE,ONE_SHARED_POOL_PER_UNORDERED_PAIR
108000000000,108,pool_v2v_veh_5_veh_7,veh_5,veh_7,DIRECT_V2V,10000000,DIAGNOSTIC_SYNTHETIC_VALUE,ONE_SHARED_POOL_PER_UNORDERED_PAIR
108000000000,108,pool_v2v_veh_5_veh_8,veh_5,veh_8,DIRECT_V2V,10000000,DIAGNOSTIC_SYNTHETIC_VALUE,ONE_SHARED_POOL_PER_UNORDERED_PAIR
108000000000,108,pool_v2v_veh_5_veh_9,veh_5,veh_9,DIRECT_V2V,10000000,DIAGNOSTIC_SYNTHETIC_VALUE,ONE_SHARED_POOL_PER_UNORDERED_PAIR
108000000000,108,pool_v2v_veh_5_veh_10,veh_5,veh_10,DIRECT_V2V,10000000,DIAGNOSTIC_SYNTHETIC_VALUE,ONE_SHARED_POOL_PER_UNORDERED_PAIR
108000000000,108,pool_v2v_veh_6_veh_7,veh_6,veh_7,DIRECT_V2V,10000000,DIAGNOSTIC_SYNTHETIC_VALUE,ONE_SHARED_POOL_PER_UNORDERED_PAIR
108000000000,108,pool_v2v_veh_6_veh_8,veh_6,veh_8,DIRECT_V2V,10000000,DIAGNOSTIC_SYNTHETIC_VALUE,ONE_SHARED_POOL_PER_UNORDERED_PAIR
108000000000,108,pool_v2v_veh_6_veh_9,veh_6,veh_9,DIRECT_V2V,10000000,DIAGNOSTIC_SYNTHETIC_VALUE,ONE_SHARED_POOL_PER_UNORDERED_PAIR
108000000000,108,pool_v2v_veh_6_veh_10,veh_6,veh_10,DIRECT_V2V,10000000,DIAGNOSTIC_SYNTHETIC_VALUE,ONE_SHARED_POOL_PER_UNORDERED_PAIR
108000000000,108,pool_v2v_veh_7_veh_8,veh_7,veh_8,DIRECT_V2V,10000000,DIAGNOSTIC_SYNTHETIC_VALUE,ONE_SHARED_POOL_PER_UNORDERED_PAIR
108000000000,108,pool_v2v_veh_7_veh_9,veh_7,veh_9,DIRECT_V2V,10000000,DIAGNOSTIC_SYNTHETIC_VALUE,ONE_SHARED_POOL_PER_UNORDERED_PAIR
108000000000,108,pool_v2v_veh_7_veh_10,veh_7,veh_10,DIRECT_V2V,10000000,DIAGNOSTIC_SYNTHETIC_VALUE,ONE_SHARED_POOL_PER_UNORDERED_PAIR
108000000000,108,pool_v2v_veh_7_veh_11,veh_7,veh_11,DIRECT_V2V,10000000,DIAGNOSTIC_SYNTHETIC_VALUE,ONE_SHARED_POOL_PER_UNORDERED_PAIR
108000000000,108,pool_v2v_veh_8_veh_9,veh_8,veh_9,DIRECT_V2V,10000000,DIAGNOSTIC_SYNTHETIC_VALUE,ONE_SHARED_POOL_PER_UNORDERED_PAIR
108000000000,108,pool_v2v_veh_8_veh_10,veh_8,veh_10,DIRECT_V2V,10000000,DIAGNOSTIC_SYNTHETIC_VALUE,ONE_SHARED_POOL_PER_UNORDERED_PAIR
108000000000,108,pool_v2v_veh_8_veh_11,veh_8,veh_11,DIRECT_V2V,10000000,DIAGNOSTIC_SYNTHETIC_VALUE,ONE_SHARED_POOL_PER_UNORDERED_PAIR
108000000000,108,pool_v2v_veh_9_veh_10,veh_9,veh_10,DIRECT_V2V,10000000,DIAGNOSTIC_SYNTHETIC_VALUE,ONE_SHARED_POOL_PER_UNORDERED_PAIR
108000000000,108,pool_v2v_veh_9_veh_11,veh_9,veh_11,DIRECT_V2V,10000000,DIAGNOSTIC_SYNTHETIC_VALUE,ONE_SHARED_POOL_PER_UNORDERED_PAIR
108000000000,108,pool_v2v_veh_10_veh_11,veh_10,veh_11,DIRECT_V2V,10000000,DIAGNOSTIC_SYNTHETIC_VALUE,ONE_SHARED_POOL_PER_UNORDERED_PAIR
109000000000,109,pool_v2v_veh_0_veh_1,veh_0,veh_1,DIRECT_V2V,10000000,DIAGNOSTIC_SYNTHETIC_VALUE,ONE_SHARED_POOL_PER_UNORDERED_PAIR
109000000000,109,pool_v2v_veh_0_veh_2,veh_0,veh_2,DIRECT_V2V,10000000,DIAGNOSTIC_SYNTHETIC_VALUE,ONE_SHARED_POOL_PER_UNORDERED_PAIR
109000000000,109,pool_v2v_veh_0_veh_3,veh_0,veh_3,DIRECT_V2V,10000000,DIAGNOSTIC_SYNTHETIC_VALUE,ONE_SHARED_POOL_PER_UNORDERED_PAIR
109000000000,109,pool_v2v_veh_0_veh_4,veh_0,veh_4,DIRECT_V2V,10000000,DIAGNOSTIC_SYNTHETIC_VALUE,ONE_SHARED_POOL_PER_UNORDERED_PAIR
109000000000,109,pool_v2v_veh_0_veh_5,veh_0,veh_5,DIRECT_V2V,10000000,DIAGNOSTIC_SYNTHETIC_VALUE,ONE_SHARED_POOL_PER_UNORDERED_PAIR
109000000000,109,pool_v2v_veh_1_veh_2,veh_1,veh_2,DIRECT_V2V,10000000,DIAGNOSTIC_SYNTHETIC_VALUE,ONE_SHARED_POOL_PER_UNORDERED_PAIR
109000000000,109,pool_v2v_veh_1_veh_3,veh_1,veh_3,DIRECT_V2V,10000000,DIAGNOSTIC_SYNTHETIC_VALUE,ONE_SHARED_POOL_PER_UNORDERED_PAIR
109000000000,109,pool_v2v_veh_1_veh_4,veh_1,veh_4,DIRECT_V2V,10000000,DIAGNOSTIC_SYNTHETIC_VALUE,ONE_SHARED_POOL_PER_UNORDERED_PAIR
109000000000,109,pool_v2v_veh_1_veh_5,veh_1,veh_5,DIRECT_V2V,10000000,DIAGNOSTIC_SYNTHETIC_VALUE,ONE_SHARED_POOL_PER_UNORDERED_PAIR
109000000000,109,pool_v2v_veh_1_veh_6,veh_1,veh_6,DIRECT_V2V,10000000,DIAGNOSTIC_SYNTHETIC_VALUE,ONE_SHARED_POOL_PER_UNORDERED_PAIR
109000000000,109,pool_v2v_veh_2_veh_3,veh_2,veh_3,DIRECT_V2V,10000000,DIAGNOSTIC_SYNTHETIC_VALUE,ONE_SHARED_POOL_PER_UNORDERED_PAIR
109000000000,109,pool_v2v_veh_2_veh_4,veh_2,veh_4,DIRECT_V2V,10000000,DIAGNOSTIC_SYNTHETIC_VALUE,ONE_SHARED_POOL_PER_UNORDERED_PAIR
109000000000,109,pool_v2v_veh_2_veh_5,veh_2,veh_5,DIRECT_V2V,10000000,DIAGNOSTIC_SYNTHETIC_VALUE,ONE_SHARED_POOL_PER_UNORDERED_PAIR
109000000000,109,pool_v2v_veh_2_veh_6,veh_2,veh_6,DIRECT_V2V,10000000,DIAGNOSTIC_SYNTHETIC_VALUE,ONE_SHARED_POOL_PER_UNORDERED_PAIR
109000000000,109,pool_v2v_veh_2_veh_7,veh_2,veh_7,DIRECT_V2V,10000000,DIAGNOSTIC_SYNTHETIC_VALUE,ONE_SHARED_POOL_PER_UNORDERED_PAIR
109000000000,109,pool_v2v_veh_3_veh_4,veh_3,veh_4,DIRECT_V2V,10000000,DIAGNOSTIC_SYNTHETIC_VALUE,ONE_SHARED_POOL_PER_UNORDERED_PAIR
109000000000,109,pool_v2v_veh_3_veh_5,veh_3,veh_5,DIRECT_V2V,10000000,DIAGNOSTIC_SYNTHETIC_VALUE,ONE_SHARED_POOL_PER_UNORDERED_PAIR
109000000000,109,pool_v2v_veh_3_veh_6,veh_3,veh_6,DIRECT_V2V,10000000,DIAGNOSTIC_SYNTHETIC_VALUE,ONE_SHARED_POOL_PER_UNORDERED_PAIR
109000000000,109,pool_v2v_veh_3_veh_7,veh_3,veh_7,DIRECT_V2V,10000000,DIAGNOSTIC_SYNTHETIC_VALUE,ONE_SHARED_POOL_PER_UNORDERED_PAIR
109000000000,109,pool_v2v_veh_3_veh_8,veh_3,veh_8,DIRECT_V2V,10000000,DIAGNOSTIC_SYNTHETIC_VALUE,ONE_SHARED_POOL_PER_UNORDERED_PAIR
109000000000,109,pool_v2v_veh_4_veh_5,veh_4,veh_5,DIRECT_V2V,10000000,DIAGNOSTIC_SYNTHETIC_VALUE,ONE_SHARED_POOL_PER_UNORDERED_PAIR
109000000000,109,pool_v2v_veh_4_veh_6,veh_4,veh_6,DIRECT_V2V,10000000,DIAGNOSTIC_SYNTHETIC_VALUE,ONE_SHARED_POOL_PER_UNORDERED_PAIR
109000000000,109,pool_v2v_veh_4_veh_7,veh_4,veh_7,DIRECT_V2V,10000000,DIAGNOSTIC_SYNTHETIC_VALUE,ONE_SHARED_POOL_PER_UNORDERED_PAIR
109000000000,109,pool_v2v_veh_4_veh_8,veh_4,veh_8,DIRECT_V2V,10000000,DIAGNOSTIC_SYNTHETIC_VALUE,ONE_SHARED_POOL_PER_UNORDERED_PAIR
109000000000,109,pool_v2v_veh_4_veh_9,veh_4,veh_9,DIRECT_V2V,10000000,DIAGNOSTIC_SYNTHETIC_VALUE,ONE_SHARED_POOL_PER_UNORDERED_PAIR
109000000000,109,pool_v2v_veh_5_veh_6,veh_5,veh_6,DIRECT_V2V,10000000,DIAGNOSTIC_SYNTHETIC_VALUE,ONE_SHARED_POOL_PER_UNORDERED_PAIR
109000000000,109,pool_v2v_veh_5_veh_7,veh_5,veh_7,DIRECT_V2V,10000000,DIAGNOSTIC_SYNTHETIC_VALUE,ONE_SHARED_POOL_PER_UNORDERED_PAIR
109000000000,109,pool_v2v_veh_5_veh_8,veh_5,veh_8,DIRECT_V2V,10000000,DIAGNOSTIC_SYNTHETIC_VALUE,ONE_SHARED_POOL_PER_UNORDERED_PAIR
109000000000,109,pool_v2v_veh_5_veh_9,veh_5,veh_9,DIRECT_V2V,10000000,DIAGNOSTIC_SYNTHETIC_VALUE,ONE_SHARED_POOL_PER_UNORDERED_PAIR
109000000000,109,pool_v2v_veh_5_veh_10,veh_5,veh_10,DIRECT_V2V,10000000,DIAGNOSTIC_SYNTHETIC_VALUE,ONE_SHARED_POOL_PER_UNORDERED_PAIR
109000000000,109,pool_v2v_veh_6_veh_7,veh_6,veh_7,DIRECT_V2V,10000000,DIAGNOSTIC_SYNTHETIC_VALUE,ONE_SHARED_POOL_PER_UNORDERED_PAIR
109000000000,109,pool_v2v_veh_6_veh_8,veh_6,veh_8,DIRECT_V2V,10000000,DIAGNOSTIC_SYNTHETIC_VALUE,ONE_SHARED_POOL_PER_UNORDERED_PAIR
109000000000,109,pool_v2v_veh_6_veh_9,veh_6,veh_9,DIRECT_V2V,10000000,DIAGNOSTIC_SYNTHETIC_VALUE,ONE_SHARED_POOL_PER_UNORDERED_PAIR
109000000000,109,pool_v2v_veh_6_veh_10,veh_6,veh_10,DIRECT_V2V,10000000,DIAGNOSTIC_SYNTHETIC_VALUE,ONE_SHARED_POOL_PER_UNORDERED_PAIR
109000000000,109,pool_v2v_veh_7_veh_8,veh_7,veh_8,DIRECT_V2V,10000000,DIAGNOSTIC_SYNTHETIC_VALUE,ONE_SHARED_POOL_PER_UNORDERED_PAIR
109000000000,109,pool_v2v_veh_7_veh_9,veh_7,veh_9,DIRECT_V2V,10000000,DIAGNOSTIC_SYNTHETIC_VALUE,ONE_SHARED_POOL_PER_UNORDERED_PAIR
109000000000,109,pool_v2v_veh_7_veh_10,veh_7,veh_10,DIRECT_V2V,10000000,DIAGNOSTIC_SYNTHETIC_VALUE,ONE_SHARED_POOL_PER_UNORDERED_PAIR
109000000000,109,pool_v2v_veh_7_veh_11,veh_7,veh_11,DIRECT_V2V,10000000,DIAGNOSTIC_SYNTHETIC_VALUE,ONE_SHARED_POOL_PER_UNORDERED_PAIR
109000000000,109,pool_v2v_veh_8_veh_9,veh_8,veh_9,DIRECT_V2V,10000000,DIAGNOSTIC_SYNTHETIC_VALUE,ONE_SHARED_POOL_PER_UNORDERED_PAIR
109000000000,109,pool_v2v_veh_8_veh_10,veh_8,veh_10,DIRECT_V2V,10000000,DIAGNOSTIC_SYNTHETIC_VALUE,ONE_SHARED_POOL_PER_UNORDERED_PAIR
109000000000,109,pool_v2v_veh_8_veh_11,veh_8,veh_11,DIRECT_V2V,10000000,DIAGNOSTIC_SYNTHETIC_VALUE,ONE_SHARED_POOL_PER_UNORDERED_PAIR
109000000000,109,pool_v2v_veh_9_veh_10,veh_9,veh_10,DIRECT_V2V,10000000,DIAGNOSTIC_SYNTHETIC_VALUE,ONE_SHARED_POOL_PER_UNORDERED_PAIR
109000000000,109,pool_v2v_veh_9_veh_11,veh_9,veh_11,DIRECT_V2V,10000000,DIAGNOSTIC_SYNTHETIC_VALUE,ONE_SHARED_POOL_PER_UNORDERED_PAIR
109000000000,109,pool_v2v_veh_10_veh_11,veh_10,veh_11,DIRECT_V2V,10000000,DIAGNOSTIC_SYNTHETIC_VALUE,ONE_SHARED_POOL_PER_UNORDERED_PAIR
110000000000,110,pool_v2v_veh_0_veh_1,veh_0,veh_1,DIRECT_V2V,10000000,DIAGNOSTIC_SYNTHETIC_VALUE,ONE_SHARED_POOL_PER_UNORDERED_PAIR
110000000000,110,pool_v2v_veh_0_veh_2,veh_0,veh_2,DIRECT_V2V,10000000,DIAGNOSTIC_SYNTHETIC_VALUE,ONE_SHARED_POOL_PER_UNORDERED_PAIR
110000000000,110,pool_v2v_veh_0_veh_3,veh_0,veh_3,DIRECT_V2V,10000000,DIAGNOSTIC_SYNTHETIC_VALUE,ONE_SHARED_POOL_PER_UNORDERED_PAIR
110000000000,110,pool_v2v_veh_0_veh_4,veh_0,veh_4,DIRECT_V2V,10000000,DIAGNOSTIC_SYNTHETIC_VALUE,ONE_SHARED_POOL_PER_UNORDERED_PAIR
110000000000,110,pool_v2v_veh_0_veh_5,veh_0,veh_5,DIRECT_V2V,10000000,DIAGNOSTIC_SYNTHETIC_VALUE,ONE_SHARED_POOL_PER_UNORDERED_PAIR
110000000000,110,pool_v2v_veh_1_veh_2,veh_1,veh_2,DIRECT_V2V,10000000,DIAGNOSTIC_SYNTHETIC_VALUE,ONE_SHARED_POOL_PER_UNORDERED_PAIR
110000000000,110,pool_v2v_veh_1_veh_3,veh_1,veh_3,DIRECT_V2V,10000000,DIAGNOSTIC_SYNTHETIC_VALUE,ONE_SHARED_POOL_PER_UNORDERED_PAIR
110000000000,110,pool_v2v_veh_1_veh_4,veh_1,veh_4,DIRECT_V2V,10000000,DIAGNOSTIC_SYNTHETIC_VALUE,ONE_SHARED_POOL_PER_UNORDERED_PAIR
110000000000,110,pool_v2v_veh_1_veh_5,veh_1,veh_5,DIRECT_V2V,10000000,DIAGNOSTIC_SYNTHETIC_VALUE,ONE_SHARED_POOL_PER_UNORDERED_PAIR
110000000000,110,pool_v2v_veh_1_veh_6,veh_1,veh_6,DIRECT_V2V,10000000,DIAGNOSTIC_SYNTHETIC_VALUE,ONE_SHARED_POOL_PER_UNORDERED_PAIR
110000000000,110,pool_v2v_veh_2_veh_3,veh_2,veh_3,DIRECT_V2V,10000000,DIAGNOSTIC_SYNTHETIC_VALUE,ONE_SHARED_POOL_PER_UNORDERED_PAIR
110000000000,110,pool_v2v_veh_2_veh_4,veh_2,veh_4,DIRECT_V2V,10000000,DIAGNOSTIC_SYNTHETIC_VALUE,ONE_SHARED_POOL_PER_UNORDERED_PAIR
110000000000,110,pool_v2v_veh_2_veh_5,veh_2,veh_5,DIRECT_V2V,10000000,DIAGNOSTIC_SYNTHETIC_VALUE,ONE_SHARED_POOL_PER_UNORDERED_PAIR
110000000000,110,pool_v2v_veh_2_veh_6,veh_2,veh_6,DIRECT_V2V,10000000,DIAGNOSTIC_SYNTHETIC_VALUE,ONE_SHARED_POOL_PER_UNORDERED_PAIR
110000000000,110,pool_v2v_veh_2_veh_7,veh_2,veh_7,DIRECT_V2V,10000000,DIAGNOSTIC_SYNTHETIC_VALUE,ONE_SHARED_POOL_PER_UNORDERED_PAIR
110000000000,110,pool_v2v_veh_3_veh_4,veh_3,veh_4,DIRECT_V2V,10000000,DIAGNOSTIC_SYNTHETIC_VALUE,ONE_SHARED_POOL_PER_UNORDERED_PAIR
110000000000,110,pool_v2v_veh_3_veh_5,veh_3,veh_5,DIRECT_V2V,10000000,DIAGNOSTIC_SYNTHETIC_VALUE,ONE_SHARED_POOL_PER_UNORDERED_PAIR
110000000000,110,pool_v2v_veh_3_veh_6,veh_3,veh_6,DIRECT_V2V,10000000,DIAGNOSTIC_SYNTHETIC_VALUE,ONE_SHARED_POOL_PER_UNORDERED_PAIR
110000000000,110,pool_v2v_veh_3_veh_7,veh_3,veh_7,DIRECT_V2V,10000000,DIAGNOSTIC_SYNTHETIC_VALUE,ONE_SHARED_POOL_PER_UNORDERED_PAIR
110000000000,110,pool_v2v_veh_3_veh_8,veh_3,veh_8,DIRECT_V2V,10000000,DIAGNOSTIC_SYNTHETIC_VALUE,ONE_SHARED_POOL_PER_UNORDERED_PAIR
110000000000,110,pool_v2v_veh_4_veh_5,veh_4,veh_5,DIRECT_V2V,10000000,DIAGNOSTIC_SYNTHETIC_VALUE,ONE_SHARED_POOL_PER_UNORDERED_PAIR
110000000000,110,pool_v2v_veh_4_veh_6,veh_4,veh_6,DIRECT_V2V,10000000,DIAGNOSTIC_SYNTHETIC_VALUE,ONE_SHARED_POOL_PER_UNORDERED_PAIR
110000000000,110,pool_v2v_veh_4_veh_7,veh_4,veh_7,DIRECT_V2V,10000000,DIAGNOSTIC_SYNTHETIC_VALUE,ONE_SHARED_POOL_PER_UNORDERED_PAIR
110000000000,110,pool_v2v_veh_4_veh_8,veh_4,veh_8,DIRECT_V2V,10000000,DIAGNOSTIC_SYNTHETIC_VALUE,ONE_SHARED_POOL_PER_UNORDERED_PAIR
110000000000,110,pool_v2v_veh_4_veh_9,veh_4,veh_9,DIRECT_V2V,10000000,DIAGNOSTIC_SYNTHETIC_VALUE,ONE_SHARED_POOL_PER_UNORDERED_PAIR
110000000000,110,pool_v2v_veh_5_veh_6,veh_5,veh_6,DIRECT_V2V,10000000,DIAGNOSTIC_SYNTHETIC_VALUE,ONE_SHARED_POOL_PER_UNORDERED_PAIR
110000000000,110,pool_v2v_veh_5_veh_7,veh_5,veh_7,DIRECT_V2V,10000000,DIAGNOSTIC_SYNTHETIC_VALUE,ONE_SHARED_POOL_PER_UNORDERED_PAIR
110000000000,110,pool_v2v_veh_5_veh_8,veh_5,veh_8,DIRECT_V2V,10000000,DIAGNOSTIC_SYNTHETIC_VALUE,ONE_SHARED_POOL_PER_UNORDERED_PAIR
110000000000,110,pool_v2v_veh_5_veh_9,veh_5,veh_9,DIRECT_V2V,10000000,DIAGNOSTIC_SYNTHETIC_VALUE,ONE_SHARED_POOL_PER_UNORDERED_PAIR
110000000000,110,pool_v2v_veh_5_veh_10,veh_5,veh_10,DIRECT_V2V,10000000,DIAGNOSTIC_SYNTHETIC_VALUE,ONE_SHARED_POOL_PER_UNORDERED_PAIR
110000000000,110,pool_v2v_veh_6_veh_7,veh_6,veh_7,DIRECT_V2V,10000000,DIAGNOSTIC_SYNTHETIC_VALUE,ONE_SHARED_POOL_PER_UNORDERED_PAIR
110000000000,110,pool_v2v_veh_6_veh_8,veh_6,veh_8,DIRECT_V2V,10000000,DIAGNOSTIC_SYNTHETIC_VALUE,ONE_SHARED_POOL_PER_UNORDERED_PAIR
110000000000,110,pool_v2v_veh_6_veh_9,veh_6,veh_9,DIRECT_V2V,10000000,DIAGNOSTIC_SYNTHETIC_VALUE,ONE_SHARED_POOL_PER_UNORDERED_PAIR
110000000000,110,pool_v2v_veh_6_veh_10,veh_6,veh_10,DIRECT_V2V,10000000,DIAGNOSTIC_SYNTHETIC_VALUE,ONE_SHARED_POOL_PER_UNORDERED_PAIR
110000000000,110,pool_v2v_veh_7_veh_8,veh_7,veh_8,DIRECT_V2V,10000000,DIAGNOSTIC_SYNTHETIC_VALUE,ONE_SHARED_POOL_PER_UNORDERED_PAIR
110000000000,110,pool_v2v_veh_7_veh_9,veh_7,veh_9,DIRECT_V2V,10000000,DIAGNOSTIC_SYNTHETIC_VALUE,ONE_SHARED_POOL_PER_UNORDERED_PAIR
110000000000,110,pool_v2v_veh_7_veh_10,veh_7,veh_10,DIRECT_V2V,10000000,DIAGNOSTIC_SYNTHETIC_VALUE,ONE_SHARED_POOL_PER_UNORDERED_PAIR
110000000000,110,pool_v2v_veh_7_veh_11,veh_7,veh_11,DIRECT_V2V,10000000,DIAGNOSTIC_SYNTHETIC_VALUE,ONE_SHARED_POOL_PER_UNORDERED_PAIR
110000000000,110,pool_v2v_veh_8_veh_9,veh_8,veh_9,DIRECT_V2V,10000000,DIAGNOSTIC_SYNTHETIC_VALUE,ONE_SHARED_POOL_PER_UNORDERED_PAIR
110000000000,110,pool_v2v_veh_8_veh_10,veh_8,veh_10,DIRECT_V2V,10000000,DIAGNOSTIC_SYNTHETIC_VALUE,ONE_SHARED_POOL_PER_UNORDERED_PAIR
110000000000,110,pool_v2v_veh_8_veh_11,veh_8,veh_11,DIRECT_V2V,10000000,DIAGNOSTIC_SYNTHETIC_VALUE,ONE_SHARED_POOL_PER_UNORDERED_PAIR
110000000000,110,pool_v2v_veh_9_veh_10,veh_9,veh_10,DIRECT_V2V,10000000,DIAGNOSTIC_SYNTHETIC_VALUE,ONE_SHARED_POOL_PER_UNORDERED_PAIR
110000000000,110,pool_v2v_veh_9_veh_11,veh_9,veh_11,DIRECT_V2V,10000000,DIAGNOSTIC_SYNTHETIC_VALUE,ONE_SHARED_POOL_PER_UNORDERED_PAIR
110000000000,110,pool_v2v_veh_10_veh_11,veh_10,veh_11,DIRECT_V2V,10000000,DIAGNOSTIC_SYNTHETIC_VALUE,ONE_SHARED_POOL_PER_UNORDERED_PAIR
111000000000,111,pool_v2v_veh_0_veh_1,veh_0,veh_1,DIRECT_V2V,10000000,DIAGNOSTIC_SYNTHETIC_VALUE,ONE_SHARED_POOL_PER_UNORDERED_PAIR
111000000000,111,pool_v2v_veh_0_veh_2,veh_0,veh_2,DIRECT_V2V,10000000,DIAGNOSTIC_SYNTHETIC_VALUE,ONE_SHARED_POOL_PER_UNORDERED_PAIR
111000000000,111,pool_v2v_veh_0_veh_3,veh_0,veh_3,DIRECT_V2V,10000000,DIAGNOSTIC_SYNTHETIC_VALUE,ONE_SHARED_POOL_PER_UNORDERED_PAIR
111000000000,111,pool_v2v_veh_0_veh_4,veh_0,veh_4,DIRECT_V2V,10000000,DIAGNOSTIC_SYNTHETIC_VALUE,ONE_SHARED_POOL_PER_UNORDERED_PAIR
111000000000,111,pool_v2v_veh_0_veh_5,veh_0,veh_5,DIRECT_V2V,10000000,DIAGNOSTIC_SYNTHETIC_VALUE,ONE_SHARED_POOL_PER_UNORDERED_PAIR
111000000000,111,pool_v2v_veh_1_veh_2,veh_1,veh_2,DIRECT_V2V,10000000,DIAGNOSTIC_SYNTHETIC_VALUE,ONE_SHARED_POOL_PER_UNORDERED_PAIR
111000000000,111,pool_v2v_veh_1_veh_3,veh_1,veh_3,DIRECT_V2V,10000000,DIAGNOSTIC_SYNTHETIC_VALUE,ONE_SHARED_POOL_PER_UNORDERED_PAIR
111000000000,111,pool_v2v_veh_1_veh_4,veh_1,veh_4,DIRECT_V2V,10000000,DIAGNOSTIC_SYNTHETIC_VALUE,ONE_SHARED_POOL_PER_UNORDERED_PAIR
111000000000,111,pool_v2v_veh_1_veh_5,veh_1,veh_5,DIRECT_V2V,10000000,DIAGNOSTIC_SYNTHETIC_VALUE,ONE_SHARED_POOL_PER_UNORDERED_PAIR
111000000000,111,pool_v2v_veh_1_veh_6,veh_1,veh_6,DIRECT_V2V,10000000,DIAGNOSTIC_SYNTHETIC_VALUE,ONE_SHARED_POOL_PER_UNORDERED_PAIR
111000000000,111,pool_v2v_veh_2_veh_3,veh_2,veh_3,DIRECT_V2V,10000000,DIAGNOSTIC_SYNTHETIC_VALUE,ONE_SHARED_POOL_PER_UNORDERED_PAIR
111000000000,111,pool_v2v_veh_2_veh_4,veh_2,veh_4,DIRECT_V2V,10000000,DIAGNOSTIC_SYNTHETIC_VALUE,ONE_SHARED_POOL_PER_UNORDERED_PAIR
111000000000,111,pool_v2v_veh_2_veh_5,veh_2,veh_5,DIRECT_V2V,10000000,DIAGNOSTIC_SYNTHETIC_VALUE,ONE_SHARED_POOL_PER_UNORDERED_PAIR
111000000000,111,pool_v2v_veh_2_veh_6,veh_2,veh_6,DIRECT_V2V,10000000,DIAGNOSTIC_SYNTHETIC_VALUE,ONE_SHARED_POOL_PER_UNORDERED_PAIR
111000000000,111,pool_v2v_veh_2_veh_7,veh_2,veh_7,DIRECT_V2V,10000000,DIAGNOSTIC_SYNTHETIC_VALUE,ONE_SHARED_POOL_PER_UNORDERED_PAIR
111000000000,111,pool_v2v_veh_3_veh_4,veh_3,veh_4,DIRECT_V2V,10000000,DIAGNOSTIC_SYNTHETIC_VALUE,ONE_SHARED_POOL_PER_UNORDERED_PAIR
111000000000,111,pool_v2v_veh_3_veh_5,veh_3,veh_5,DIRECT_V2V,10000000,DIAGNOSTIC_SYNTHETIC_VALUE,ONE_SHARED_POOL_PER_UNORDERED_PAIR
111000000000,111,pool_v2v_veh_3_veh_6,veh_3,veh_6,DIRECT_V2V,10000000,DIAGNOSTIC_SYNTHETIC_VALUE,ONE_SHARED_POOL_PER_UNORDERED_PAIR
111000000000,111,pool_v2v_veh_3_veh_7,veh_3,veh_7,DIRECT_V2V,10000000,DIAGNOSTIC_SYNTHETIC_VALUE,ONE_SHARED_POOL_PER_UNORDERED_PAIR
111000000000,111,pool_v2v_veh_3_veh_8,veh_3,veh_8,DIRECT_V2V,10000000,DIAGNOSTIC_SYNTHETIC_VALUE,ONE_SHARED_POOL_PER_UNORDERED_PAIR
111000000000,111,pool_v2v_veh_4_veh_5,veh_4,veh_5,DIRECT_V2V,10000000,DIAGNOSTIC_SYNTHETIC_VALUE,ONE_SHARED_POOL_PER_UNORDERED_PAIR
111000000000,111,pool_v2v_veh_4_veh_6,veh_4,veh_6,DIRECT_V2V,10000000,DIAGNOSTIC_SYNTHETIC_VALUE,ONE_SHARED_POOL_PER_UNORDERED_PAIR
111000000000,111,pool_v2v_veh_4_veh_7,veh_4,veh_7,DIRECT_V2V,10000000,DIAGNOSTIC_SYNTHETIC_VALUE,ONE_SHARED_POOL_PER_UNORDERED_PAIR
111000000000,111,pool_v2v_veh_4_veh_8,veh_4,veh_8,DIRECT_V2V,10000000,DIAGNOSTIC_SYNTHETIC_VALUE,ONE_SHARED_POOL_PER_UNORDERED_PAIR
111000000000,111,pool_v2v_veh_4_veh_9,veh_4,veh_9,DIRECT_V2V,10000000,DIAGNOSTIC_SYNTHETIC_VALUE,ONE_SHARED_POOL_PER_UNORDERED_PAIR
111000000000,111,pool_v2v_veh_5_veh_6,veh_5,veh_6,DIRECT_V2V,10000000,DIAGNOSTIC_SYNTHETIC_VALUE,ONE_SHARED_POOL_PER_UNORDERED_PAIR
111000000000,111,pool_v2v_veh_5_veh_7,veh_5,veh_7,DIRECT_V2V,10000000,DIAGNOSTIC_SYNTHETIC_VALUE,ONE_SHARED_POOL_PER_UNORDERED_PAIR
111000000000,111,pool_v2v_veh_5_veh_8,veh_5,veh_8,DIRECT_V2V,10000000,DIAGNOSTIC_SYNTHETIC_VALUE,ONE_SHARED_POOL_PER_UNORDERED_PAIR
111000000000,111,pool_v2v_veh_5_veh_9,veh_5,veh_9,DIRECT_V2V,10000000,DIAGNOSTIC_SYNTHETIC_VALUE,ONE_SHARED_POOL_PER_UNORDERED_PAIR
111000000000,111,pool_v2v_veh_5_veh_10,veh_5,veh_10,DIRECT_V2V,10000000,DIAGNOSTIC_SYNTHETIC_VALUE,ONE_SHARED_POOL_PER_UNORDERED_PAIR
111000000000,111,pool_v2v_veh_6_veh_7,veh_6,veh_7,DIRECT_V2V,10000000,DIAGNOSTIC_SYNTHETIC_VALUE,ONE_SHARED_POOL_PER_UNORDERED_PAIR
111000000000,111,pool_v2v_veh_6_veh_8,veh_6,veh_8,DIRECT_V2V,10000000,DIAGNOSTIC_SYNTHETIC_VALUE,ONE_SHARED_POOL_PER_UNORDERED_PAIR
111000000000,111,pool_v2v_veh_6_veh_9,veh_6,veh_9,DIRECT_V2V,10000000,DIAGNOSTIC_SYNTHETIC_VALUE,ONE_SHARED_POOL_PER_UNORDERED_PAIR
111000000000,111,pool_v2v_veh_6_veh_10,veh_6,veh_10,DIRECT_V2V,10000000,DIAGNOSTIC_SYNTHETIC_VALUE,ONE_SHARED_POOL_PER_UNORDERED_PAIR
111000000000,111,pool_v2v_veh_7_veh_8,veh_7,veh_8,DIRECT_V2V,10000000,DIAGNOSTIC_SYNTHETIC_VALUE,ONE_SHARED_POOL_PER_UNORDERED_PAIR
111000000000,111,pool_v2v_veh_7_veh_9,veh_7,veh_9,DIRECT_V2V,10000000,DIAGNOSTIC_SYNTHETIC_VALUE,ONE_SHARED_POOL_PER_UNORDERED_PAIR
111000000000,111,pool_v2v_veh_7_veh_10,veh_7,veh_10,DIRECT_V2V,10000000,DIAGNOSTIC_SYNTHETIC_VALUE,ONE_SHARED_POOL_PER_UNORDERED_PAIR
111000000000,111,pool_v2v_veh_7_veh_11,veh_7,veh_11,DIRECT_V2V,10000000,DIAGNOSTIC_SYNTHETIC_VALUE,ONE_SHARED_POOL_PER_UNORDERED_PAIR
111000000000,111,pool_v2v_veh_8_veh_9,veh_8,veh_9,DIRECT_V2V,10000000,DIAGNOSTIC_SYNTHETIC_VALUE,ONE_SHARED_POOL_PER_UNORDERED_PAIR
111000000000,111,pool_v2v_veh_8_veh_10,veh_8,veh_10,DIRECT_V2V,10000000,DIAGNOSTIC_SYNTHETIC_VALUE,ONE_SHARED_POOL_PER_UNORDERED_PAIR
111000000000,111,pool_v2v_veh_8_veh_11,veh_8,veh_11,DIRECT_V2V,10000000,DIAGNOSTIC_SYNTHETIC_VALUE,ONE_SHARED_POOL_PER_UNORDERED_PAIR
111000000000,111,pool_v2v_veh_9_veh_10,veh_9,veh_10,DIRECT_V2V,10000000,DIAGNOSTIC_SYNTHETIC_VALUE,ONE_SHARED_POOL_PER_UNORDERED_PAIR
111000000000,111,pool_v2v_veh_9_veh_11,veh_9,veh_11,DIRECT_V2V,10000000,DIAGNOSTIC_SYNTHETIC_VALUE,ONE_SHARED_POOL_PER_UNORDERED_PAIR
111000000000,111,pool_v2v_veh_10_veh_11,veh_10,veh_11,DIRECT_V2V,10000000,DIAGNOSTIC_SYNTHETIC_VALUE,ONE_SHARED_POOL_PER_UNORDERED_PAIR
112000000000,112,pool_v2v_veh_0_veh_1,veh_0,veh_1,DIRECT_V2V,10000000,DIAGNOSTIC_SYNTHETIC_VALUE,ONE_SHARED_POOL_PER_UNORDERED_PAIR
112000000000,112,pool_v2v_veh_0_veh_2,veh_0,veh_2,DIRECT_V2V,10000000,DIAGNOSTIC_SYNTHETIC_VALUE,ONE_SHARED_POOL_PER_UNORDERED_PAIR
112000000000,112,pool_v2v_veh_0_veh_3,veh_0,veh_3,DIRECT_V2V,10000000,DIAGNOSTIC_SYNTHETIC_VALUE,ONE_SHARED_POOL_PER_UNORDERED_PAIR
112000000000,112,pool_v2v_veh_0_veh_4,veh_0,veh_4,DIRECT_V2V,10000000,DIAGNOSTIC_SYNTHETIC_VALUE,ONE_SHARED_POOL_PER_UNORDERED_PAIR
112000000000,112,pool_v2v_veh_0_veh_5,veh_0,veh_5,DIRECT_V2V,10000000,DIAGNOSTIC_SYNTHETIC_VALUE,ONE_SHARED_POOL_PER_UNORDERED_PAIR
112000000000,112,pool_v2v_veh_1_veh_2,veh_1,veh_2,DIRECT_V2V,10000000,DIAGNOSTIC_SYNTHETIC_VALUE,ONE_SHARED_POOL_PER_UNORDERED_PAIR
112000000000,112,pool_v2v_veh_1_veh_3,veh_1,veh_3,DIRECT_V2V,10000000,DIAGNOSTIC_SYNTHETIC_VALUE,ONE_SHARED_POOL_PER_UNORDERED_PAIR
112000000000,112,pool_v2v_veh_1_veh_4,veh_1,veh_4,DIRECT_V2V,10000000,DIAGNOSTIC_SYNTHETIC_VALUE,ONE_SHARED_POOL_PER_UNORDERED_PAIR
112000000000,112,pool_v2v_veh_1_veh_5,veh_1,veh_5,DIRECT_V2V,10000000,DIAGNOSTIC_SYNTHETIC_VALUE,ONE_SHARED_POOL_PER_UNORDERED_PAIR
112000000000,112,pool_v2v_veh_1_veh_6,veh_1,veh_6,DIRECT_V2V,10000000,DIAGNOSTIC_SYNTHETIC_VALUE,ONE_SHARED_POOL_PER_UNORDERED_PAIR
112000000000,112,pool_v2v_veh_2_veh_3,veh_2,veh_3,DIRECT_V2V,10000000,DIAGNOSTIC_SYNTHETIC_VALUE,ONE_SHARED_POOL_PER_UNORDERED_PAIR
112000000000,112,pool_v2v_veh_2_veh_4,veh_2,veh_4,DIRECT_V2V,10000000,DIAGNOSTIC_SYNTHETIC_VALUE,ONE_SHARED_POOL_PER_UNORDERED_PAIR
112000000000,112,pool_v2v_veh_2_veh_5,veh_2,veh_5,DIRECT_V2V,10000000,DIAGNOSTIC_SYNTHETIC_VALUE,ONE_SHARED_POOL_PER_UNORDERED_PAIR
112000000000,112,pool_v2v_veh_2_veh_6,veh_2,veh_6,DIRECT_V2V,10000000,DIAGNOSTIC_SYNTHETIC_VALUE,ONE_SHARED_POOL_PER_UNORDERED_PAIR
112000000000,112,pool_v2v_veh_2_veh_7,veh_2,veh_7,DIRECT_V2V,10000000,DIAGNOSTIC_SYNTHETIC_VALUE,ONE_SHARED_POOL_PER_UNORDERED_PAIR
112000000000,112,pool_v2v_veh_3_veh_4,veh_3,veh_4,DIRECT_V2V,10000000,DIAGNOSTIC_SYNTHETIC_VALUE,ONE_SHARED_POOL_PER_UNORDERED_PAIR
112000000000,112,pool_v2v_veh_3_veh_5,veh_3,veh_5,DIRECT_V2V,10000000,DIAGNOSTIC_SYNTHETIC_VALUE,ONE_SHARED_POOL_PER_UNORDERED_PAIR
112000000000,112,pool_v2v_veh_3_veh_6,veh_3,veh_6,DIRECT_V2V,10000000,DIAGNOSTIC_SYNTHETIC_VALUE,ONE_SHARED_POOL_PER_UNORDERED_PAIR
112000000000,112,pool_v2v_veh_3_veh_7,veh_3,veh_7,DIRECT_V2V,10000000,DIAGNOSTIC_SYNTHETIC_VALUE,ONE_SHARED_POOL_PER_UNORDERED_PAIR
112000000000,112,pool_v2v_veh_3_veh_8,veh_3,veh_8,DIRECT_V2V,10000000,DIAGNOSTIC_SYNTHETIC_VALUE,ONE_SHARED_POOL_PER_UNORDERED_PAIR
112000000000,112,pool_v2v_veh_4_veh_5,veh_4,veh_5,DIRECT_V2V,10000000,DIAGNOSTIC_SYNTHETIC_VALUE,ONE_SHARED_POOL_PER_UNORDERED_PAIR
112000000000,112,pool_v2v_veh_4_veh_6,veh_4,veh_6,DIRECT_V2V,10000000,DIAGNOSTIC_SYNTHETIC_VALUE,ONE_SHARED_POOL_PER_UNORDERED_PAIR
112000000000,112,pool_v2v_veh_4_veh_7,veh_4,veh_7,DIRECT_V2V,10000000,DIAGNOSTIC_SYNTHETIC_VALUE,ONE_SHARED_POOL_PER_UNORDERED_PAIR
112000000000,112,pool_v2v_veh_4_veh_8,veh_4,veh_8,DIRECT_V2V,10000000,DIAGNOSTIC_SYNTHETIC_VALUE,ONE_SHARED_POOL_PER_UNORDERED_PAIR
112000000000,112,pool_v2v_veh_4_veh_9,veh_4,veh_9,DIRECT_V2V,10000000,DIAGNOSTIC_SYNTHETIC_VALUE,ONE_SHARED_POOL_PER_UNORDERED_PAIR
112000000000,112,pool_v2v_veh_5_veh_6,veh_5,veh_6,DIRECT_V2V,10000000,DIAGNOSTIC_SYNTHETIC_VALUE,ONE_SHARED_POOL_PER_UNORDERED_PAIR
112000000000,112,pool_v2v_veh_5_veh_7,veh_5,veh_7,DIRECT_V2V,10000000,DIAGNOSTIC_SYNTHETIC_VALUE,ONE_SHARED_POOL_PER_UNORDERED_PAIR
112000000000,112,pool_v2v_veh_5_veh_8,veh_5,veh_8,DIRECT_V2V,10000000,DIAGNOSTIC_SYNTHETIC_VALUE,ONE_SHARED_POOL_PER_UNORDERED_PAIR
112000000000,112,pool_v2v_veh_5_veh_9,veh_5,veh_9,DIRECT_V2V,10000000,DIAGNOSTIC_SYNTHETIC_VALUE,ONE_SHARED_POOL_PER_UNORDERED_PAIR
112000000000,112,pool_v2v_veh_5_veh_10,veh_5,veh_10,DIRECT_V2V,10000000,DIAGNOSTIC_SYNTHETIC_VALUE,ONE_SHARED_POOL_PER_UNORDERED_PAIR
112000000000,112,pool_v2v_veh_6_veh_7,veh_6,veh_7,DIRECT_V2V,10000000,DIAGNOSTIC_SYNTHETIC_VALUE,ONE_SHARED_POOL_PER_UNORDERED_PAIR
112000000000,112,pool_v2v_veh_6_veh_8,veh_6,veh_8,DIRECT_V2V,10000000,DIAGNOSTIC_SYNTHETIC_VALUE,ONE_SHARED_POOL_PER_UNORDERED_PAIR
112000000000,112,pool_v2v_veh_6_veh_9,veh_6,veh_9,DIRECT_V2V,10000000,DIAGNOSTIC_SYNTHETIC_VALUE,ONE_SHARED_POOL_PER_UNORDERED_PAIR
112000000000,112,pool_v2v_veh_6_veh_10,veh_6,veh_10,DIRECT_V2V,10000000,DIAGNOSTIC_SYNTHETIC_VALUE,ONE_SHARED_POOL_PER_UNORDERED_PAIR
112000000000,112,pool_v2v_veh_7_veh_8,veh_7,veh_8,DIRECT_V2V,10000000,DIAGNOSTIC_SYNTHETIC_VALUE,ONE_SHARED_POOL_PER_UNORDERED_PAIR
112000000000,112,pool_v2v_veh_7_veh_9,veh_7,veh_9,DIRECT_V2V,10000000,DIAGNOSTIC_SYNTHETIC_VALUE,ONE_SHARED_POOL_PER_UNORDERED_PAIR
112000000000,112,pool_v2v_veh_7_veh_10,veh_7,veh_10,DIRECT_V2V,10000000,DIAGNOSTIC_SYNTHETIC_VALUE,ONE_SHARED_POOL_PER_UNORDERED_PAIR
112000000000,112,pool_v2v_veh_7_veh_11,veh_7,veh_11,DIRECT_V2V,10000000,DIAGNOSTIC_SYNTHETIC_VALUE,ONE_SHARED_POOL_PER_UNORDERED_PAIR
112000000000,112,pool_v2v_veh_8_veh_9,veh_8,veh_9,DIRECT_V2V,10000000,DIAGNOSTIC_SYNTHETIC_VALUE,ONE_SHARED_POOL_PER_UNORDERED_PAIR
112000000000,112,pool_v2v_veh_8_veh_10,veh_8,veh_10,DIRECT_V2V,10000000,DIAGNOSTIC_SYNTHETIC_VALUE,ONE_SHARED_POOL_PER_UNORDERED_PAIR
112000000000,112,pool_v2v_veh_8_veh_11,veh_8,veh_11,DIRECT_V2V,10000000,DIAGNOSTIC_SYNTHETIC_VALUE,ONE_SHARED_POOL_PER_UNORDERED_PAIR
112000000000,112,pool_v2v_veh_9_veh_10,veh_9,veh_10,DIRECT_V2V,10000000,DIAGNOSTIC_SYNTHETIC_VALUE,ONE_SHARED_POOL_PER_UNORDERED_PAIR
112000000000,112,pool_v2v_veh_9_veh_11,veh_9,veh_11,DIRECT_V2V,10000000,DIAGNOSTIC_SYNTHETIC_VALUE,ONE_SHARED_POOL_PER_UNORDERED_PAIR
112000000000,112,pool_v2v_veh_10_veh_11,veh_10,veh_11,DIRECT_V2V,10000000,DIAGNOSTIC_SYNTHETIC_VALUE,ONE_SHARED_POOL_PER_UNORDERED_PAIR
113000000000,113,pool_v2v_veh_0_veh_1,veh_0,veh_1,DIRECT_V2V,10000000,DIAGNOSTIC_SYNTHETIC_VALUE,ONE_SHARED_POOL_PER_UNORDERED_PAIR
113000000000,113,pool_v2v_veh_0_veh_2,veh_0,veh_2,DIRECT_V2V,10000000,DIAGNOSTIC_SYNTHETIC_VALUE,ONE_SHARED_POOL_PER_UNORDERED_PAIR
113000000000,113,pool_v2v_veh_0_veh_3,veh_0,veh_3,DIRECT_V2V,10000000,DIAGNOSTIC_SYNTHETIC_VALUE,ONE_SHARED_POOL_PER_UNORDERED_PAIR
113000000000,113,pool_v2v_veh_0_veh_4,veh_0,veh_4,DIRECT_V2V,10000000,DIAGNOSTIC_SYNTHETIC_VALUE,ONE_SHARED_POOL_PER_UNORDERED_PAIR
113000000000,113,pool_v2v_veh_0_veh_5,veh_0,veh_5,DIRECT_V2V,10000000,DIAGNOSTIC_SYNTHETIC_VALUE,ONE_SHARED_POOL_PER_UNORDERED_PAIR
113000000000,113,pool_v2v_veh_1_veh_2,veh_1,veh_2,DIRECT_V2V,10000000,DIAGNOSTIC_SYNTHETIC_VALUE,ONE_SHARED_POOL_PER_UNORDERED_PAIR
113000000000,113,pool_v2v_veh_1_veh_3,veh_1,veh_3,DIRECT_V2V,10000000,DIAGNOSTIC_SYNTHETIC_VALUE,ONE_SHARED_POOL_PER_UNORDERED_PAIR
113000000000,113,pool_v2v_veh_1_veh_4,veh_1,veh_4,DIRECT_V2V,10000000,DIAGNOSTIC_SYNTHETIC_VALUE,ONE_SHARED_POOL_PER_UNORDERED_PAIR
113000000000,113,pool_v2v_veh_1_veh_5,veh_1,veh_5,DIRECT_V2V,10000000,DIAGNOSTIC_SYNTHETIC_VALUE,ONE_SHARED_POOL_PER_UNORDERED_PAIR
113000000000,113,pool_v2v_veh_1_veh_6,veh_1,veh_6,DIRECT_V2V,10000000,DIAGNOSTIC_SYNTHETIC_VALUE,ONE_SHARED_POOL_PER_UNORDERED_PAIR
113000000000,113,pool_v2v_veh_2_veh_3,veh_2,veh_3,DIRECT_V2V,10000000,DIAGNOSTIC_SYNTHETIC_VALUE,ONE_SHARED_POOL_PER_UNORDERED_PAIR
113000000000,113,pool_v2v_veh_2_veh_4,veh_2,veh_4,DIRECT_V2V,10000000,DIAGNOSTIC_SYNTHETIC_VALUE,ONE_SHARED_POOL_PER_UNORDERED_PAIR
113000000000,113,pool_v2v_veh_2_veh_5,veh_2,veh_5,DIRECT_V2V,10000000,DIAGNOSTIC_SYNTHETIC_VALUE,ONE_SHARED_POOL_PER_UNORDERED_PAIR
113000000000,113,pool_v2v_veh_2_veh_6,veh_2,veh_6,DIRECT_V2V,10000000,DIAGNOSTIC_SYNTHETIC_VALUE,ONE_SHARED_POOL_PER_UNORDERED_PAIR
113000000000,113,pool_v2v_veh_2_veh_7,veh_2,veh_7,DIRECT_V2V,10000000,DIAGNOSTIC_SYNTHETIC_VALUE,ONE_SHARED_POOL_PER_UNORDERED_PAIR
113000000000,113,pool_v2v_veh_3_veh_4,veh_3,veh_4,DIRECT_V2V,10000000,DIAGNOSTIC_SYNTHETIC_VALUE,ONE_SHARED_POOL_PER_UNORDERED_PAIR
113000000000,113,pool_v2v_veh_3_veh_5,veh_3,veh_5,DIRECT_V2V,10000000,DIAGNOSTIC_SYNTHETIC_VALUE,ONE_SHARED_POOL_PER_UNORDERED_PAIR
113000000000,113,pool_v2v_veh_3_veh_6,veh_3,veh_6,DIRECT_V2V,10000000,DIAGNOSTIC_SYNTHETIC_VALUE,ONE_SHARED_POOL_PER_UNORDERED_PAIR
113000000000,113,pool_v2v_veh_3_veh_7,veh_3,veh_7,DIRECT_V2V,10000000,DIAGNOSTIC_SYNTHETIC_VALUE,ONE_SHARED_POOL_PER_UNORDERED_PAIR
113000000000,113,pool_v2v_veh_3_veh_8,veh_3,veh_8,DIRECT_V2V,10000000,DIAGNOSTIC_SYNTHETIC_VALUE,ONE_SHARED_POOL_PER_UNORDERED_PAIR
113000000000,113,pool_v2v_veh_4_veh_5,veh_4,veh_5,DIRECT_V2V,10000000,DIAGNOSTIC_SYNTHETIC_VALUE,ONE_SHARED_POOL_PER_UNORDERED_PAIR
113000000000,113,pool_v2v_veh_4_veh_6,veh_4,veh_6,DIRECT_V2V,10000000,DIAGNOSTIC_SYNTHETIC_VALUE,ONE_SHARED_POOL_PER_UNORDERED_PAIR
113000000000,113,pool_v2v_veh_4_veh_7,veh_4,veh_7,DIRECT_V2V,10000000,DIAGNOSTIC_SYNTHETIC_VALUE,ONE_SHARED_POOL_PER_UNORDERED_PAIR
113000000000,113,pool_v2v_veh_4_veh_8,veh_4,veh_8,DIRECT_V2V,10000000,DIAGNOSTIC_SYNTHETIC_VALUE,ONE_SHARED_POOL_PER_UNORDERED_PAIR
113000000000,113,pool_v2v_veh_4_veh_9,veh_4,veh_9,DIRECT_V2V,10000000,DIAGNOSTIC_SYNTHETIC_VALUE,ONE_SHARED_POOL_PER_UNORDERED_PAIR
113000000000,113,pool_v2v_veh_5_veh_6,veh_5,veh_6,DIRECT_V2V,10000000,DIAGNOSTIC_SYNTHETIC_VALUE,ONE_SHARED_POOL_PER_UNORDERED_PAIR
113000000000,113,pool_v2v_veh_5_veh_7,veh_5,veh_7,DIRECT_V2V,10000000,DIAGNOSTIC_SYNTHETIC_VALUE,ONE_SHARED_POOL_PER_UNORDERED_PAIR
113000000000,113,pool_v2v_veh_5_veh_8,veh_5,veh_8,DIRECT_V2V,10000000,DIAGNOSTIC_SYNTHETIC_VALUE,ONE_SHARED_POOL_PER_UNORDERED_PAIR
113000000000,113,pool_v2v_veh_5_veh_9,veh_5,veh_9,DIRECT_V2V,10000000,DIAGNOSTIC_SYNTHETIC_VALUE,ONE_SHARED_POOL_PER_UNORDERED_PAIR
113000000000,113,pool_v2v_veh_5_veh_10,veh_5,veh_10,DIRECT_V2V,10000000,DIAGNOSTIC_SYNTHETIC_VALUE,ONE_SHARED_POOL_PER_UNORDERED_PAIR
113000000000,113,pool_v2v_veh_6_veh_7,veh_6,veh_7,DIRECT_V2V,10000000,DIAGNOSTIC_SYNTHETIC_VALUE,ONE_SHARED_POOL_PER_UNORDERED_PAIR
113000000000,113,pool_v2v_veh_6_veh_8,veh_6,veh_8,DIRECT_V2V,10000000,DIAGNOSTIC_SYNTHETIC_VALUE,ONE_SHARED_POOL_PER_UNORDERED_PAIR
113000000000,113,pool_v2v_veh_6_veh_9,veh_6,veh_9,DIRECT_V2V,10000000,DIAGNOSTIC_SYNTHETIC_VALUE,ONE_SHARED_POOL_PER_UNORDERED_PAIR
113000000000,113,pool_v2v_veh_6_veh_10,veh_6,veh_10,DIRECT_V2V,10000000,DIAGNOSTIC_SYNTHETIC_VALUE,ONE_SHARED_POOL_PER_UNORDERED_PAIR
113000000000,113,pool_v2v_veh_6_veh_11,veh_6,veh_11,DIRECT_V2V,10000000,DIAGNOSTIC_SYNTHETIC_VALUE,ONE_SHARED_POOL_PER_UNORDERED_PAIR
113000000000,113,pool_v2v_veh_7_veh_8,veh_7,veh_8,DIRECT_V2V,10000000,DIAGNOSTIC_SYNTHETIC_VALUE,ONE_SHARED_POOL_PER_UNORDERED_PAIR
113000000000,113,pool_v2v_veh_7_veh_9,veh_7,veh_9,DIRECT_V2V,10000000,DIAGNOSTIC_SYNTHETIC_VALUE,ONE_SHARED_POOL_PER_UNORDERED_PAIR
113000000000,113,pool_v2v_veh_7_veh_10,veh_7,veh_10,DIRECT_V2V,10000000,DIAGNOSTIC_SYNTHETIC_VALUE,ONE_SHARED_POOL_PER_UNORDERED_PAIR
113000000000,113,pool_v2v_veh_7_veh_11,veh_7,veh_11,DIRECT_V2V,10000000,DIAGNOSTIC_SYNTHETIC_VALUE,ONE_SHARED_POOL_PER_UNORDERED_PAIR
113000000000,113,pool_v2v_veh_8_veh_9,veh_8,veh_9,DIRECT_V2V,10000000,DIAGNOSTIC_SYNTHETIC_VALUE,ONE_SHARED_POOL_PER_UNORDERED_PAIR
113000000000,113,pool_v2v_veh_8_veh_10,veh_8,veh_10,DIRECT_V2V,10000000,DIAGNOSTIC_SYNTHETIC_VALUE,ONE_SHARED_POOL_PER_UNORDERED_PAIR
113000000000,113,pool_v2v_veh_8_veh_11,veh_8,veh_11,DIRECT_V2V,10000000,DIAGNOSTIC_SYNTHETIC_VALUE,ONE_SHARED_POOL_PER_UNORDERED_PAIR
113000000000,113,pool_v2v_veh_9_veh_10,veh_9,veh_10,DIRECT_V2V,10000000,DIAGNOSTIC_SYNTHETIC_VALUE,ONE_SHARED_POOL_PER_UNORDERED_PAIR
113000000000,113,pool_v2v_veh_9_veh_11,veh_9,veh_11,DIRECT_V2V,10000000,DIAGNOSTIC_SYNTHETIC_VALUE,ONE_SHARED_POOL_PER_UNORDERED_PAIR
113000000000,113,pool_v2v_veh_10_veh_11,veh_10,veh_11,DIRECT_V2V,10000000,DIAGNOSTIC_SYNTHETIC_VALUE,ONE_SHARED_POOL_PER_UNORDERED_PAIR
114000000000,114,pool_v2v_veh_0_veh_1,veh_0,veh_1,DIRECT_V2V,10000000,DIAGNOSTIC_SYNTHETIC_VALUE,ONE_SHARED_POOL_PER_UNORDERED_PAIR
114000000000,114,pool_v2v_veh_0_veh_2,veh_0,veh_2,DIRECT_V2V,10000000,DIAGNOSTIC_SYNTHETIC_VALUE,ONE_SHARED_POOL_PER_UNORDERED_PAIR
114000000000,114,pool_v2v_veh_0_veh_3,veh_0,veh_3,DIRECT_V2V,10000000,DIAGNOSTIC_SYNTHETIC_VALUE,ONE_SHARED_POOL_PER_UNORDERED_PAIR
114000000000,114,pool_v2v_veh_0_veh_4,veh_0,veh_4,DIRECT_V2V,10000000,DIAGNOSTIC_SYNTHETIC_VALUE,ONE_SHARED_POOL_PER_UNORDERED_PAIR
114000000000,114,pool_v2v_veh_0_veh_5,veh_0,veh_5,DIRECT_V2V,10000000,DIAGNOSTIC_SYNTHETIC_VALUE,ONE_SHARED_POOL_PER_UNORDERED_PAIR
114000000000,114,pool_v2v_veh_1_veh_2,veh_1,veh_2,DIRECT_V2V,10000000,DIAGNOSTIC_SYNTHETIC_VALUE,ONE_SHARED_POOL_PER_UNORDERED_PAIR
114000000000,114,pool_v2v_veh_1_veh_3,veh_1,veh_3,DIRECT_V2V,10000000,DIAGNOSTIC_SYNTHETIC_VALUE,ONE_SHARED_POOL_PER_UNORDERED_PAIR
114000000000,114,pool_v2v_veh_1_veh_4,veh_1,veh_4,DIRECT_V2V,10000000,DIAGNOSTIC_SYNTHETIC_VALUE,ONE_SHARED_POOL_PER_UNORDERED_PAIR
114000000000,114,pool_v2v_veh_1_veh_5,veh_1,veh_5,DIRECT_V2V,10000000,DIAGNOSTIC_SYNTHETIC_VALUE,ONE_SHARED_POOL_PER_UNORDERED_PAIR
114000000000,114,pool_v2v_veh_1_veh_6,veh_1,veh_6,DIRECT_V2V,10000000,DIAGNOSTIC_SYNTHETIC_VALUE,ONE_SHARED_POOL_PER_UNORDERED_PAIR
114000000000,114,pool_v2v_veh_2_veh_3,veh_2,veh_3,DIRECT_V2V,10000000,DIAGNOSTIC_SYNTHETIC_VALUE,ONE_SHARED_POOL_PER_UNORDERED_PAIR
114000000000,114,pool_v2v_veh_2_veh_4,veh_2,veh_4,DIRECT_V2V,10000000,DIAGNOSTIC_SYNTHETIC_VALUE,ONE_SHARED_POOL_PER_UNORDERED_PAIR
114000000000,114,pool_v2v_veh_2_veh_5,veh_2,veh_5,DIRECT_V2V,10000000,DIAGNOSTIC_SYNTHETIC_VALUE,ONE_SHARED_POOL_PER_UNORDERED_PAIR
114000000000,114,pool_v2v_veh_2_veh_6,veh_2,veh_6,DIRECT_V2V,10000000,DIAGNOSTIC_SYNTHETIC_VALUE,ONE_SHARED_POOL_PER_UNORDERED_PAIR
114000000000,114,pool_v2v_veh_2_veh_7,veh_2,veh_7,DIRECT_V2V,10000000,DIAGNOSTIC_SYNTHETIC_VALUE,ONE_SHARED_POOL_PER_UNORDERED_PAIR
114000000000,114,pool_v2v_veh_3_veh_4,veh_3,veh_4,DIRECT_V2V,10000000,DIAGNOSTIC_SYNTHETIC_VALUE,ONE_SHARED_POOL_PER_UNORDERED_PAIR
114000000000,114,pool_v2v_veh_3_veh_5,veh_3,veh_5,DIRECT_V2V,10000000,DIAGNOSTIC_SYNTHETIC_VALUE,ONE_SHARED_POOL_PER_UNORDERED_PAIR
114000000000,114,pool_v2v_veh_3_veh_6,veh_3,veh_6,DIRECT_V2V,10000000,DIAGNOSTIC_SYNTHETIC_VALUE,ONE_SHARED_POOL_PER_UNORDERED_PAIR
114000000000,114,pool_v2v_veh_3_veh_7,veh_3,veh_7,DIRECT_V2V,10000000,DIAGNOSTIC_SYNTHETIC_VALUE,ONE_SHARED_POOL_PER_UNORDERED_PAIR
114000000000,114,pool_v2v_veh_3_veh_8,veh_3,veh_8,DIRECT_V2V,10000000,DIAGNOSTIC_SYNTHETIC_VALUE,ONE_SHARED_POOL_PER_UNORDERED_PAIR
114000000000,114,pool_v2v_veh_4_veh_5,veh_4,veh_5,DIRECT_V2V,10000000,DIAGNOSTIC_SYNTHETIC_VALUE,ONE_SHARED_POOL_PER_UNORDERED_PAIR
114000000000,114,pool_v2v_veh_4_veh_6,veh_4,veh_6,DIRECT_V2V,10000000,DIAGNOSTIC_SYNTHETIC_VALUE,ONE_SHARED_POOL_PER_UNORDERED_PAIR
114000000000,114,pool_v2v_veh_4_veh_7,veh_4,veh_7,DIRECT_V2V,10000000,DIAGNOSTIC_SYNTHETIC_VALUE,ONE_SHARED_POOL_PER_UNORDERED_PAIR
114000000000,114,pool_v2v_veh_4_veh_8,veh_4,veh_8,DIRECT_V2V,10000000,DIAGNOSTIC_SYNTHETIC_VALUE,ONE_SHARED_POOL_PER_UNORDERED_PAIR
114000000000,114,pool_v2v_veh_4_veh_9,veh_4,veh_9,DIRECT_V2V,10000000,DIAGNOSTIC_SYNTHETIC_VALUE,ONE_SHARED_POOL_PER_UNORDERED_PAIR
114000000000,114,pool_v2v_veh_5_veh_6,veh_5,veh_6,DIRECT_V2V,10000000,DIAGNOSTIC_SYNTHETIC_VALUE,ONE_SHARED_POOL_PER_UNORDERED_PAIR
114000000000,114,pool_v2v_veh_5_veh_7,veh_5,veh_7,DIRECT_V2V,10000000,DIAGNOSTIC_SYNTHETIC_VALUE,ONE_SHARED_POOL_PER_UNORDERED_PAIR
114000000000,114,pool_v2v_veh_5_veh_8,veh_5,veh_8,DIRECT_V2V,10000000,DIAGNOSTIC_SYNTHETIC_VALUE,ONE_SHARED_POOL_PER_UNORDERED_PAIR
114000000000,114,pool_v2v_veh_5_veh_9,veh_5,veh_9,DIRECT_V2V,10000000,DIAGNOSTIC_SYNTHETIC_VALUE,ONE_SHARED_POOL_PER_UNORDERED_PAIR
114000000000,114,pool_v2v_veh_5_veh_10,veh_5,veh_10,DIRECT_V2V,10000000,DIAGNOSTIC_SYNTHETIC_VALUE,ONE_SHARED_POOL_PER_UNORDERED_PAIR
114000000000,114,pool_v2v_veh_6_veh_7,veh_6,veh_7,DIRECT_V2V,10000000,DIAGNOSTIC_SYNTHETIC_VALUE,ONE_SHARED_POOL_PER_UNORDERED_PAIR
114000000000,114,pool_v2v_veh_6_veh_8,veh_6,veh_8,DIRECT_V2V,10000000,DIAGNOSTIC_SYNTHETIC_VALUE,ONE_SHARED_POOL_PER_UNORDERED_PAIR
114000000000,114,pool_v2v_veh_6_veh_9,veh_6,veh_9,DIRECT_V2V,10000000,DIAGNOSTIC_SYNTHETIC_VALUE,ONE_SHARED_POOL_PER_UNORDERED_PAIR
114000000000,114,pool_v2v_veh_6_veh_10,veh_6,veh_10,DIRECT_V2V,10000000,DIAGNOSTIC_SYNTHETIC_VALUE,ONE_SHARED_POOL_PER_UNORDERED_PAIR
114000000000,114,pool_v2v_veh_6_veh_11,veh_6,veh_11,DIRECT_V2V,10000000,DIAGNOSTIC_SYNTHETIC_VALUE,ONE_SHARED_POOL_PER_UNORDERED_PAIR
114000000000,114,pool_v2v_veh_7_veh_8,veh_7,veh_8,DIRECT_V2V,10000000,DIAGNOSTIC_SYNTHETIC_VALUE,ONE_SHARED_POOL_PER_UNORDERED_PAIR
114000000000,114,pool_v2v_veh_7_veh_9,veh_7,veh_9,DIRECT_V2V,10000000,DIAGNOSTIC_SYNTHETIC_VALUE,ONE_SHARED_POOL_PER_UNORDERED_PAIR
114000000000,114,pool_v2v_veh_7_veh_10,veh_7,veh_10,DIRECT_V2V,10000000,DIAGNOSTIC_SYNTHETIC_VALUE,ONE_SHARED_POOL_PER_UNORDERED_PAIR
114000000000,114,pool_v2v_veh_7_veh_11,veh_7,veh_11,DIRECT_V2V,10000000,DIAGNOSTIC_SYNTHETIC_VALUE,ONE_SHARED_POOL_PER_UNORDERED_PAIR
114000000000,114,pool_v2v_veh_8_veh_9,veh_8,veh_9,DIRECT_V2V,10000000,DIAGNOSTIC_SYNTHETIC_VALUE,ONE_SHARED_POOL_PER_UNORDERED_PAIR
114000000000,114,pool_v2v_veh_8_veh_10,veh_8,veh_10,DIRECT_V2V,10000000,DIAGNOSTIC_SYNTHETIC_VALUE,ONE_SHARED_POOL_PER_UNORDERED_PAIR
114000000000,114,pool_v2v_veh_8_veh_11,veh_8,veh_11,DIRECT_V2V,10000000,DIAGNOSTIC_SYNTHETIC_VALUE,ONE_SHARED_POOL_PER_UNORDERED_PAIR
114000000000,114,pool_v2v_veh_9_veh_10,veh_9,veh_10,DIRECT_V2V,10000000,DIAGNOSTIC_SYNTHETIC_VALUE,ONE_SHARED_POOL_PER_UNORDERED_PAIR
114000000000,114,pool_v2v_veh_9_veh_11,veh_9,veh_11,DIRECT_V2V,10000000,DIAGNOSTIC_SYNTHETIC_VALUE,ONE_SHARED_POOL_PER_UNORDERED_PAIR
114000000000,114,pool_v2v_veh_10_veh_11,veh_10,veh_11,DIRECT_V2V,10000000,DIAGNOSTIC_SYNTHETIC_VALUE,ONE_SHARED_POOL_PER_UNORDERED_PAIR
115000000000,115,pool_v2v_veh_0_veh_1,veh_0,veh_1,DIRECT_V2V,10000000,DIAGNOSTIC_SYNTHETIC_VALUE,ONE_SHARED_POOL_PER_UNORDERED_PAIR
115000000000,115,pool_v2v_veh_0_veh_2,veh_0,veh_2,DIRECT_V2V,10000000,DIAGNOSTIC_SYNTHETIC_VALUE,ONE_SHARED_POOL_PER_UNORDERED_PAIR
115000000000,115,pool_v2v_veh_0_veh_3,veh_0,veh_3,DIRECT_V2V,10000000,DIAGNOSTIC_SYNTHETIC_VALUE,ONE_SHARED_POOL_PER_UNORDERED_PAIR
115000000000,115,pool_v2v_veh_0_veh_4,veh_0,veh_4,DIRECT_V2V,10000000,DIAGNOSTIC_SYNTHETIC_VALUE,ONE_SHARED_POOL_PER_UNORDERED_PAIR
115000000000,115,pool_v2v_veh_0_veh_5,veh_0,veh_5,DIRECT_V2V,10000000,DIAGNOSTIC_SYNTHETIC_VALUE,ONE_SHARED_POOL_PER_UNORDERED_PAIR
115000000000,115,pool_v2v_veh_1_veh_2,veh_1,veh_2,DIRECT_V2V,10000000,DIAGNOSTIC_SYNTHETIC_VALUE,ONE_SHARED_POOL_PER_UNORDERED_PAIR
115000000000,115,pool_v2v_veh_1_veh_3,veh_1,veh_3,DIRECT_V2V,10000000,DIAGNOSTIC_SYNTHETIC_VALUE,ONE_SHARED_POOL_PER_UNORDERED_PAIR
115000000000,115,pool_v2v_veh_1_veh_4,veh_1,veh_4,DIRECT_V2V,10000000,DIAGNOSTIC_SYNTHETIC_VALUE,ONE_SHARED_POOL_PER_UNORDERED_PAIR
115000000000,115,pool_v2v_veh_1_veh_5,veh_1,veh_5,DIRECT_V2V,10000000,DIAGNOSTIC_SYNTHETIC_VALUE,ONE_SHARED_POOL_PER_UNORDERED_PAIR
115000000000,115,pool_v2v_veh_1_veh_6,veh_1,veh_6,DIRECT_V2V,10000000,DIAGNOSTIC_SYNTHETIC_VALUE,ONE_SHARED_POOL_PER_UNORDERED_PAIR
115000000000,115,pool_v2v_veh_2_veh_3,veh_2,veh_3,DIRECT_V2V,10000000,DIAGNOSTIC_SYNTHETIC_VALUE,ONE_SHARED_POOL_PER_UNORDERED_PAIR
115000000000,115,pool_v2v_veh_2_veh_4,veh_2,veh_4,DIRECT_V2V,10000000,DIAGNOSTIC_SYNTHETIC_VALUE,ONE_SHARED_POOL_PER_UNORDERED_PAIR
115000000000,115,pool_v2v_veh_2_veh_5,veh_2,veh_5,DIRECT_V2V,10000000,DIAGNOSTIC_SYNTHETIC_VALUE,ONE_SHARED_POOL_PER_UNORDERED_PAIR
115000000000,115,pool_v2v_veh_2_veh_6,veh_2,veh_6,DIRECT_V2V,10000000,DIAGNOSTIC_SYNTHETIC_VALUE,ONE_SHARED_POOL_PER_UNORDERED_PAIR
115000000000,115,pool_v2v_veh_2_veh_7,veh_2,veh_7,DIRECT_V2V,10000000,DIAGNOSTIC_SYNTHETIC_VALUE,ONE_SHARED_POOL_PER_UNORDERED_PAIR
115000000000,115,pool_v2v_veh_3_veh_4,veh_3,veh_4,DIRECT_V2V,10000000,DIAGNOSTIC_SYNTHETIC_VALUE,ONE_SHARED_POOL_PER_UNORDERED_PAIR
115000000000,115,pool_v2v_veh_3_veh_5,veh_3,veh_5,DIRECT_V2V,10000000,DIAGNOSTIC_SYNTHETIC_VALUE,ONE_SHARED_POOL_PER_UNORDERED_PAIR
115000000000,115,pool_v2v_veh_3_veh_6,veh_3,veh_6,DIRECT_V2V,10000000,DIAGNOSTIC_SYNTHETIC_VALUE,ONE_SHARED_POOL_PER_UNORDERED_PAIR
115000000000,115,pool_v2v_veh_3_veh_7,veh_3,veh_7,DIRECT_V2V,10000000,DIAGNOSTIC_SYNTHETIC_VALUE,ONE_SHARED_POOL_PER_UNORDERED_PAIR
115000000000,115,pool_v2v_veh_3_veh_8,veh_3,veh_8,DIRECT_V2V,10000000,DIAGNOSTIC_SYNTHETIC_VALUE,ONE_SHARED_POOL_PER_UNORDERED_PAIR
115000000000,115,pool_v2v_veh_4_veh_5,veh_4,veh_5,DIRECT_V2V,10000000,DIAGNOSTIC_SYNTHETIC_VALUE,ONE_SHARED_POOL_PER_UNORDERED_PAIR
115000000000,115,pool_v2v_veh_4_veh_6,veh_4,veh_6,DIRECT_V2V,10000000,DIAGNOSTIC_SYNTHETIC_VALUE,ONE_SHARED_POOL_PER_UNORDERED_PAIR
115000000000,115,pool_v2v_veh_4_veh_7,veh_4,veh_7,DIRECT_V2V,10000000,DIAGNOSTIC_SYNTHETIC_VALUE,ONE_SHARED_POOL_PER_UNORDERED_PAIR
115000000000,115,pool_v2v_veh_4_veh_8,veh_4,veh_8,DIRECT_V2V,10000000,DIAGNOSTIC_SYNTHETIC_VALUE,ONE_SHARED_POOL_PER_UNORDERED_PAIR
115000000000,115,pool_v2v_veh_4_veh_9,veh_4,veh_9,DIRECT_V2V,10000000,DIAGNOSTIC_SYNTHETIC_VALUE,ONE_SHARED_POOL_PER_UNORDERED_PAIR
115000000000,115,pool_v2v_veh_5_veh_6,veh_5,veh_6,DIRECT_V2V,10000000,DIAGNOSTIC_SYNTHETIC_VALUE,ONE_SHARED_POOL_PER_UNORDERED_PAIR
115000000000,115,pool_v2v_veh_5_veh_7,veh_5,veh_7,DIRECT_V2V,10000000,DIAGNOSTIC_SYNTHETIC_VALUE,ONE_SHARED_POOL_PER_UNORDERED_PAIR
115000000000,115,pool_v2v_veh_5_veh_8,veh_5,veh_8,DIRECT_V2V,10000000,DIAGNOSTIC_SYNTHETIC_VALUE,ONE_SHARED_POOL_PER_UNORDERED_PAIR
115000000000,115,pool_v2v_veh_5_veh_9,veh_5,veh_9,DIRECT_V2V,10000000,DIAGNOSTIC_SYNTHETIC_VALUE,ONE_SHARED_POOL_PER_UNORDERED_PAIR
115000000000,115,pool_v2v_veh_5_veh_10,veh_5,veh_10,DIRECT_V2V,10000000,DIAGNOSTIC_SYNTHETIC_VALUE,ONE_SHARED_POOL_PER_UNORDERED_PAIR
115000000000,115,pool_v2v_veh_6_veh_7,veh_6,veh_7,DIRECT_V2V,10000000,DIAGNOSTIC_SYNTHETIC_VALUE,ONE_SHARED_POOL_PER_UNORDERED_PAIR
115000000000,115,pool_v2v_veh_6_veh_8,veh_6,veh_8,DIRECT_V2V,10000000,DIAGNOSTIC_SYNTHETIC_VALUE,ONE_SHARED_POOL_PER_UNORDERED_PAIR
115000000000,115,pool_v2v_veh_6_veh_9,veh_6,veh_9,DIRECT_V2V,10000000,DIAGNOSTIC_SYNTHETIC_VALUE,ONE_SHARED_POOL_PER_UNORDERED_PAIR
115000000000,115,pool_v2v_veh_6_veh_10,veh_6,veh_10,DIRECT_V2V,10000000,DIAGNOSTIC_SYNTHETIC_VALUE,ONE_SHARED_POOL_PER_UNORDERED_PAIR
115000000000,115,pool_v2v_veh_6_veh_11,veh_6,veh_11,DIRECT_V2V,10000000,DIAGNOSTIC_SYNTHETIC_VALUE,ONE_SHARED_POOL_PER_UNORDERED_PAIR
115000000000,115,pool_v2v_veh_7_veh_8,veh_7,veh_8,DIRECT_V2V,10000000,DIAGNOSTIC_SYNTHETIC_VALUE,ONE_SHARED_POOL_PER_UNORDERED_PAIR
115000000000,115,pool_v2v_veh_7_veh_9,veh_7,veh_9,DIRECT_V2V,10000000,DIAGNOSTIC_SYNTHETIC_VALUE,ONE_SHARED_POOL_PER_UNORDERED_PAIR
115000000000,115,pool_v2v_veh_7_veh_10,veh_7,veh_10,DIRECT_V2V,10000000,DIAGNOSTIC_SYNTHETIC_VALUE,ONE_SHARED_POOL_PER_UNORDERED_PAIR
115000000000,115,pool_v2v_veh_7_veh_11,veh_7,veh_11,DIRECT_V2V,10000000,DIAGNOSTIC_SYNTHETIC_VALUE,ONE_SHARED_POOL_PER_UNORDERED_PAIR
115000000000,115,pool_v2v_veh_8_veh_9,veh_8,veh_9,DIRECT_V2V,10000000,DIAGNOSTIC_SYNTHETIC_VALUE,ONE_SHARED_POOL_PER_UNORDERED_PAIR
115000000000,115,pool_v2v_veh_8_veh_10,veh_8,veh_10,DIRECT_V2V,10000000,DIAGNOSTIC_SYNTHETIC_VALUE,ONE_SHARED_POOL_PER_UNORDERED_PAIR
115000000000,115,pool_v2v_veh_8_veh_11,veh_8,veh_11,DIRECT_V2V,10000000,DIAGNOSTIC_SYNTHETIC_VALUE,ONE_SHARED_POOL_PER_UNORDERED_PAIR
115000000000,115,pool_v2v_veh_9_veh_10,veh_9,veh_10,DIRECT_V2V,10000000,DIAGNOSTIC_SYNTHETIC_VALUE,ONE_SHARED_POOL_PER_UNORDERED_PAIR
115000000000,115,pool_v2v_veh_9_veh_11,veh_9,veh_11,DIRECT_V2V,10000000,DIAGNOSTIC_SYNTHETIC_VALUE,ONE_SHARED_POOL_PER_UNORDERED_PAIR
115000000000,115,pool_v2v_veh_10_veh_11,veh_10,veh_11,DIRECT_V2V,10000000,DIAGNOSTIC_SYNTHETIC_VALUE,ONE_SHARED_POOL_PER_UNORDERED_PAIR
116000000000,116,pool_v2v_veh_0_veh_1,veh_0,veh_1,DIRECT_V2V,10000000,DIAGNOSTIC_SYNTHETIC_VALUE,ONE_SHARED_POOL_PER_UNORDERED_PAIR
116000000000,116,pool_v2v_veh_0_veh_2,veh_0,veh_2,DIRECT_V2V,10000000,DIAGNOSTIC_SYNTHETIC_VALUE,ONE_SHARED_POOL_PER_UNORDERED_PAIR
116000000000,116,pool_v2v_veh_0_veh_3,veh_0,veh_3,DIRECT_V2V,10000000,DIAGNOSTIC_SYNTHETIC_VALUE,ONE_SHARED_POOL_PER_UNORDERED_PAIR
116000000000,116,pool_v2v_veh_0_veh_4,veh_0,veh_4,DIRECT_V2V,10000000,DIAGNOSTIC_SYNTHETIC_VALUE,ONE_SHARED_POOL_PER_UNORDERED_PAIR
116000000000,116,pool_v2v_veh_0_veh_5,veh_0,veh_5,DIRECT_V2V,10000000,DIAGNOSTIC_SYNTHETIC_VALUE,ONE_SHARED_POOL_PER_UNORDERED_PAIR
116000000000,116,pool_v2v_veh_1_veh_2,veh_1,veh_2,DIRECT_V2V,10000000,DIAGNOSTIC_SYNTHETIC_VALUE,ONE_SHARED_POOL_PER_UNORDERED_PAIR
116000000000,116,pool_v2v_veh_1_veh_3,veh_1,veh_3,DIRECT_V2V,10000000,DIAGNOSTIC_SYNTHETIC_VALUE,ONE_SHARED_POOL_PER_UNORDERED_PAIR
116000000000,116,pool_v2v_veh_1_veh_4,veh_1,veh_4,DIRECT_V2V,10000000,DIAGNOSTIC_SYNTHETIC_VALUE,ONE_SHARED_POOL_PER_UNORDERED_PAIR
116000000000,116,pool_v2v_veh_1_veh_5,veh_1,veh_5,DIRECT_V2V,10000000,DIAGNOSTIC_SYNTHETIC_VALUE,ONE_SHARED_POOL_PER_UNORDERED_PAIR
116000000000,116,pool_v2v_veh_1_veh_6,veh_1,veh_6,DIRECT_V2V,10000000,DIAGNOSTIC_SYNTHETIC_VALUE,ONE_SHARED_POOL_PER_UNORDERED_PAIR
116000000000,116,pool_v2v_veh_2_veh_3,veh_2,veh_3,DIRECT_V2V,10000000,DIAGNOSTIC_SYNTHETIC_VALUE,ONE_SHARED_POOL_PER_UNORDERED_PAIR
116000000000,116,pool_v2v_veh_2_veh_4,veh_2,veh_4,DIRECT_V2V,10000000,DIAGNOSTIC_SYNTHETIC_VALUE,ONE_SHARED_POOL_PER_UNORDERED_PAIR
116000000000,116,pool_v2v_veh_2_veh_5,veh_2,veh_5,DIRECT_V2V,10000000,DIAGNOSTIC_SYNTHETIC_VALUE,ONE_SHARED_POOL_PER_UNORDERED_PAIR
116000000000,116,pool_v2v_veh_2_veh_6,veh_2,veh_6,DIRECT_V2V,10000000,DIAGNOSTIC_SYNTHETIC_VALUE,ONE_SHARED_POOL_PER_UNORDERED_PAIR
116000000000,116,pool_v2v_veh_2_veh_7,veh_2,veh_7,DIRECT_V2V,10000000,DIAGNOSTIC_SYNTHETIC_VALUE,ONE_SHARED_POOL_PER_UNORDERED_PAIR
116000000000,116,pool_v2v_veh_3_veh_4,veh_3,veh_4,DIRECT_V2V,10000000,DIAGNOSTIC_SYNTHETIC_VALUE,ONE_SHARED_POOL_PER_UNORDERED_PAIR
116000000000,116,pool_v2v_veh_3_veh_5,veh_3,veh_5,DIRECT_V2V,10000000,DIAGNOSTIC_SYNTHETIC_VALUE,ONE_SHARED_POOL_PER_UNORDERED_PAIR
116000000000,116,pool_v2v_veh_3_veh_6,veh_3,veh_6,DIRECT_V2V,10000000,DIAGNOSTIC_SYNTHETIC_VALUE,ONE_SHARED_POOL_PER_UNORDERED_PAIR
116000000000,116,pool_v2v_veh_3_veh_7,veh_3,veh_7,DIRECT_V2V,10000000,DIAGNOSTIC_SYNTHETIC_VALUE,ONE_SHARED_POOL_PER_UNORDERED_PAIR
116000000000,116,pool_v2v_veh_3_veh_8,veh_3,veh_8,DIRECT_V2V,10000000,DIAGNOSTIC_SYNTHETIC_VALUE,ONE_SHARED_POOL_PER_UNORDERED_PAIR
116000000000,116,pool_v2v_veh_4_veh_5,veh_4,veh_5,DIRECT_V2V,10000000,DIAGNOSTIC_SYNTHETIC_VALUE,ONE_SHARED_POOL_PER_UNORDERED_PAIR
116000000000,116,pool_v2v_veh_4_veh_6,veh_4,veh_6,DIRECT_V2V,10000000,DIAGNOSTIC_SYNTHETIC_VALUE,ONE_SHARED_POOL_PER_UNORDERED_PAIR
116000000000,116,pool_v2v_veh_4_veh_7,veh_4,veh_7,DIRECT_V2V,10000000,DIAGNOSTIC_SYNTHETIC_VALUE,ONE_SHARED_POOL_PER_UNORDERED_PAIR
116000000000,116,pool_v2v_veh_4_veh_8,veh_4,veh_8,DIRECT_V2V,10000000,DIAGNOSTIC_SYNTHETIC_VALUE,ONE_SHARED_POOL_PER_UNORDERED_PAIR
116000000000,116,pool_v2v_veh_4_veh_9,veh_4,veh_9,DIRECT_V2V,10000000,DIAGNOSTIC_SYNTHETIC_VALUE,ONE_SHARED_POOL_PER_UNORDERED_PAIR
116000000000,116,pool_v2v_veh_5_veh_6,veh_5,veh_6,DIRECT_V2V,10000000,DIAGNOSTIC_SYNTHETIC_VALUE,ONE_SHARED_POOL_PER_UNORDERED_PAIR
116000000000,116,pool_v2v_veh_5_veh_7,veh_5,veh_7,DIRECT_V2V,10000000,DIAGNOSTIC_SYNTHETIC_VALUE,ONE_SHARED_POOL_PER_UNORDERED_PAIR
116000000000,116,pool_v2v_veh_5_veh_8,veh_5,veh_8,DIRECT_V2V,10000000,DIAGNOSTIC_SYNTHETIC_VALUE,ONE_SHARED_POOL_PER_UNORDERED_PAIR
116000000000,116,pool_v2v_veh_5_veh_9,veh_5,veh_9,DIRECT_V2V,10000000,DIAGNOSTIC_SYNTHETIC_VALUE,ONE_SHARED_POOL_PER_UNORDERED_PAIR
116000000000,116,pool_v2v_veh_5_veh_10,veh_5,veh_10,DIRECT_V2V,10000000,DIAGNOSTIC_SYNTHETIC_VALUE,ONE_SHARED_POOL_PER_UNORDERED_PAIR
116000000000,116,pool_v2v_veh_6_veh_7,veh_6,veh_7,DIRECT_V2V,10000000,DIAGNOSTIC_SYNTHETIC_VALUE,ONE_SHARED_POOL_PER_UNORDERED_PAIR
116000000000,116,pool_v2v_veh_6_veh_8,veh_6,veh_8,DIRECT_V2V,10000000,DIAGNOSTIC_SYNTHETIC_VALUE,ONE_SHARED_POOL_PER_UNORDERED_PAIR
116000000000,116,pool_v2v_veh_6_veh_9,veh_6,veh_9,DIRECT_V2V,10000000,DIAGNOSTIC_SYNTHETIC_VALUE,ONE_SHARED_POOL_PER_UNORDERED_PAIR
116000000000,116,pool_v2v_veh_6_veh_10,veh_6,veh_10,DIRECT_V2V,10000000,DIAGNOSTIC_SYNTHETIC_VALUE,ONE_SHARED_POOL_PER_UNORDERED_PAIR
116000000000,116,pool_v2v_veh_6_veh_11,veh_6,veh_11,DIRECT_V2V,10000000,DIAGNOSTIC_SYNTHETIC_VALUE,ONE_SHARED_POOL_PER_UNORDERED_PAIR
116000000000,116,pool_v2v_veh_7_veh_8,veh_7,veh_8,DIRECT_V2V,10000000,DIAGNOSTIC_SYNTHETIC_VALUE,ONE_SHARED_POOL_PER_UNORDERED_PAIR
116000000000,116,pool_v2v_veh_7_veh_9,veh_7,veh_9,DIRECT_V2V,10000000,DIAGNOSTIC_SYNTHETIC_VALUE,ONE_SHARED_POOL_PER_UNORDERED_PAIR
116000000000,116,pool_v2v_veh_7_veh_10,veh_7,veh_10,DIRECT_V2V,10000000,DIAGNOSTIC_SYNTHETIC_VALUE,ONE_SHARED_POOL_PER_UNORDERED_PAIR
116000000000,116,pool_v2v_veh_7_veh_11,veh_7,veh_11,DIRECT_V2V,10000000,DIAGNOSTIC_SYNTHETIC_VALUE,ONE_SHARED_POOL_PER_UNORDERED_PAIR
116000000000,116,pool_v2v_veh_8_veh_9,veh_8,veh_9,DIRECT_V2V,10000000,DIAGNOSTIC_SYNTHETIC_VALUE,ONE_SHARED_POOL_PER_UNORDERED_PAIR
116000000000,116,pool_v2v_veh_8_veh_10,veh_8,veh_10,DIRECT_V2V,10000000,DIAGNOSTIC_SYNTHETIC_VALUE,ONE_SHARED_POOL_PER_UNORDERED_PAIR
116000000000,116,pool_v2v_veh_8_veh_11,veh_8,veh_11,DIRECT_V2V,10000000,DIAGNOSTIC_SYNTHETIC_VALUE,ONE_SHARED_POOL_PER_UNORDERED_PAIR
116000000000,116,pool_v2v_veh_9_veh_10,veh_9,veh_10,DIRECT_V2V,10000000,DIAGNOSTIC_SYNTHETIC_VALUE,ONE_SHARED_POOL_PER_UNORDERED_PAIR
116000000000,116,pool_v2v_veh_9_veh_11,veh_9,veh_11,DIRECT_V2V,10000000,DIAGNOSTIC_SYNTHETIC_VALUE,ONE_SHARED_POOL_PER_UNORDERED_PAIR
116000000000,116,pool_v2v_veh_10_veh_11,veh_10,veh_11,DIRECT_V2V,10000000,DIAGNOSTIC_SYNTHETIC_VALUE,ONE_SHARED_POOL_PER_UNORDERED_PAIR
117000000000,117,pool_v2v_veh_0_veh_1,veh_0,veh_1,DIRECT_V2V,10000000,DIAGNOSTIC_SYNTHETIC_VALUE,ONE_SHARED_POOL_PER_UNORDERED_PAIR
117000000000,117,pool_v2v_veh_0_veh_2,veh_0,veh_2,DIRECT_V2V,10000000,DIAGNOSTIC_SYNTHETIC_VALUE,ONE_SHARED_POOL_PER_UNORDERED_PAIR
117000000000,117,pool_v2v_veh_0_veh_3,veh_0,veh_3,DIRECT_V2V,10000000,DIAGNOSTIC_SYNTHETIC_VALUE,ONE_SHARED_POOL_PER_UNORDERED_PAIR
117000000000,117,pool_v2v_veh_0_veh_4,veh_0,veh_4,DIRECT_V2V,10000000,DIAGNOSTIC_SYNTHETIC_VALUE,ONE_SHARED_POOL_PER_UNORDERED_PAIR
117000000000,117,pool_v2v_veh_0_veh_5,veh_0,veh_5,DIRECT_V2V,10000000,DIAGNOSTIC_SYNTHETIC_VALUE,ONE_SHARED_POOL_PER_UNORDERED_PAIR
117000000000,117,pool_v2v_veh_1_veh_2,veh_1,veh_2,DIRECT_V2V,10000000,DIAGNOSTIC_SYNTHETIC_VALUE,ONE_SHARED_POOL_PER_UNORDERED_PAIR
117000000000,117,pool_v2v_veh_1_veh_3,veh_1,veh_3,DIRECT_V2V,10000000,DIAGNOSTIC_SYNTHETIC_VALUE,ONE_SHARED_POOL_PER_UNORDERED_PAIR
117000000000,117,pool_v2v_veh_1_veh_4,veh_1,veh_4,DIRECT_V2V,10000000,DIAGNOSTIC_SYNTHETIC_VALUE,ONE_SHARED_POOL_PER_UNORDERED_PAIR
117000000000,117,pool_v2v_veh_1_veh_5,veh_1,veh_5,DIRECT_V2V,10000000,DIAGNOSTIC_SYNTHETIC_VALUE,ONE_SHARED_POOL_PER_UNORDERED_PAIR
117000000000,117,pool_v2v_veh_1_veh_6,veh_1,veh_6,DIRECT_V2V,10000000,DIAGNOSTIC_SYNTHETIC_VALUE,ONE_SHARED_POOL_PER_UNORDERED_PAIR
117000000000,117,pool_v2v_veh_2_veh_3,veh_2,veh_3,DIRECT_V2V,10000000,DIAGNOSTIC_SYNTHETIC_VALUE,ONE_SHARED_POOL_PER_UNORDERED_PAIR
117000000000,117,pool_v2v_veh_2_veh_4,veh_2,veh_4,DIRECT_V2V,10000000,DIAGNOSTIC_SYNTHETIC_VALUE,ONE_SHARED_POOL_PER_UNORDERED_PAIR
117000000000,117,pool_v2v_veh_2_veh_5,veh_2,veh_5,DIRECT_V2V,10000000,DIAGNOSTIC_SYNTHETIC_VALUE,ONE_SHARED_POOL_PER_UNORDERED_PAIR
117000000000,117,pool_v2v_veh_2_veh_6,veh_2,veh_6,DIRECT_V2V,10000000,DIAGNOSTIC_SYNTHETIC_VALUE,ONE_SHARED_POOL_PER_UNORDERED_PAIR
117000000000,117,pool_v2v_veh_2_veh_7,veh_2,veh_7,DIRECT_V2V,10000000,DIAGNOSTIC_SYNTHETIC_VALUE,ONE_SHARED_POOL_PER_UNORDERED_PAIR
117000000000,117,pool_v2v_veh_3_veh_4,veh_3,veh_4,DIRECT_V2V,10000000,DIAGNOSTIC_SYNTHETIC_VALUE,ONE_SHARED_POOL_PER_UNORDERED_PAIR
117000000000,117,pool_v2v_veh_3_veh_5,veh_3,veh_5,DIRECT_V2V,10000000,DIAGNOSTIC_SYNTHETIC_VALUE,ONE_SHARED_POOL_PER_UNORDERED_PAIR
117000000000,117,pool_v2v_veh_3_veh_6,veh_3,veh_6,DIRECT_V2V,10000000,DIAGNOSTIC_SYNTHETIC_VALUE,ONE_SHARED_POOL_PER_UNORDERED_PAIR
117000000000,117,pool_v2v_veh_3_veh_7,veh_3,veh_7,DIRECT_V2V,10000000,DIAGNOSTIC_SYNTHETIC_VALUE,ONE_SHARED_POOL_PER_UNORDERED_PAIR
117000000000,117,pool_v2v_veh_3_veh_8,veh_3,veh_8,DIRECT_V2V,10000000,DIAGNOSTIC_SYNTHETIC_VALUE,ONE_SHARED_POOL_PER_UNORDERED_PAIR
117000000000,117,pool_v2v_veh_4_veh_5,veh_4,veh_5,DIRECT_V2V,10000000,DIAGNOSTIC_SYNTHETIC_VALUE,ONE_SHARED_POOL_PER_UNORDERED_PAIR
117000000000,117,pool_v2v_veh_4_veh_6,veh_4,veh_6,DIRECT_V2V,10000000,DIAGNOSTIC_SYNTHETIC_VALUE,ONE_SHARED_POOL_PER_UNORDERED_PAIR
117000000000,117,pool_v2v_veh_4_veh_7,veh_4,veh_7,DIRECT_V2V,10000000,DIAGNOSTIC_SYNTHETIC_VALUE,ONE_SHARED_POOL_PER_UNORDERED_PAIR
117000000000,117,pool_v2v_veh_4_veh_8,veh_4,veh_8,DIRECT_V2V,10000000,DIAGNOSTIC_SYNTHETIC_VALUE,ONE_SHARED_POOL_PER_UNORDERED_PAIR
117000000000,117,pool_v2v_veh_4_veh_9,veh_4,veh_9,DIRECT_V2V,10000000,DIAGNOSTIC_SYNTHETIC_VALUE,ONE_SHARED_POOL_PER_UNORDERED_PAIR
117000000000,117,pool_v2v_veh_5_veh_6,veh_5,veh_6,DIRECT_V2V,10000000,DIAGNOSTIC_SYNTHETIC_VALUE,ONE_SHARED_POOL_PER_UNORDERED_PAIR
117000000000,117,pool_v2v_veh_5_veh_7,veh_5,veh_7,DIRECT_V2V,10000000,DIAGNOSTIC_SYNTHETIC_VALUE,ONE_SHARED_POOL_PER_UNORDERED_PAIR
117000000000,117,pool_v2v_veh_5_veh_8,veh_5,veh_8,DIRECT_V2V,10000000,DIAGNOSTIC_SYNTHETIC_VALUE,ONE_SHARED_POOL_PER_UNORDERED_PAIR
117000000000,117,pool_v2v_veh_5_veh_9,veh_5,veh_9,DIRECT_V2V,10000000,DIAGNOSTIC_SYNTHETIC_VALUE,ONE_SHARED_POOL_PER_UNORDERED_PAIR
117000000000,117,pool_v2v_veh_5_veh_10,veh_5,veh_10,DIRECT_V2V,10000000,DIAGNOSTIC_SYNTHETIC_VALUE,ONE_SHARED_POOL_PER_UNORDERED_PAIR
117000000000,117,pool_v2v_veh_6_veh_7,veh_6,veh_7,DIRECT_V2V,10000000,DIAGNOSTIC_SYNTHETIC_VALUE,ONE_SHARED_POOL_PER_UNORDERED_PAIR
117000000000,117,pool_v2v_veh_6_veh_8,veh_6,veh_8,DIRECT_V2V,10000000,DIAGNOSTIC_SYNTHETIC_VALUE,ONE_SHARED_POOL_PER_UNORDERED_PAIR
117000000000,117,pool_v2v_veh_6_veh_9,veh_6,veh_9,DIRECT_V2V,10000000,DIAGNOSTIC_SYNTHETIC_VALUE,ONE_SHARED_POOL_PER_UNORDERED_PAIR
117000000000,117,pool_v2v_veh_6_veh_10,veh_6,veh_10,DIRECT_V2V,10000000,DIAGNOSTIC_SYNTHETIC_VALUE,ONE_SHARED_POOL_PER_UNORDERED_PAIR
117000000000,117,pool_v2v_veh_6_veh_11,veh_6,veh_11,DIRECT_V2V,10000000,DIAGNOSTIC_SYNTHETIC_VALUE,ONE_SHARED_POOL_PER_UNORDERED_PAIR
117000000000,117,pool_v2v_veh_7_veh_8,veh_7,veh_8,DIRECT_V2V,10000000,DIAGNOSTIC_SYNTHETIC_VALUE,ONE_SHARED_POOL_PER_UNORDERED_PAIR
117000000000,117,pool_v2v_veh_7_veh_9,veh_7,veh_9,DIRECT_V2V,10000000,DIAGNOSTIC_SYNTHETIC_VALUE,ONE_SHARED_POOL_PER_UNORDERED_PAIR
117000000000,117,pool_v2v_veh_7_veh_10,veh_7,veh_10,DIRECT_V2V,10000000,DIAGNOSTIC_SYNTHETIC_VALUE,ONE_SHARED_POOL_PER_UNORDERED_PAIR
117000000000,117,pool_v2v_veh_7_veh_11,veh_7,veh_11,DIRECT_V2V,10000000,DIAGNOSTIC_SYNTHETIC_VALUE,ONE_SHARED_POOL_PER_UNORDERED_PAIR
117000000000,117,pool_v2v_veh_8_veh_9,veh_8,veh_9,DIRECT_V2V,10000000,DIAGNOSTIC_SYNTHETIC_VALUE,ONE_SHARED_POOL_PER_UNORDERED_PAIR
117000000000,117,pool_v2v_veh_8_veh_10,veh_8,veh_10,DIRECT_V2V,10000000,DIAGNOSTIC_SYNTHETIC_VALUE,ONE_SHARED_POOL_PER_UNORDERED_PAIR
117000000000,117,pool_v2v_veh_8_veh_11,veh_8,veh_11,DIRECT_V2V,10000000,DIAGNOSTIC_SYNTHETIC_VALUE,ONE_SHARED_POOL_PER_UNORDERED_PAIR
117000000000,117,pool_v2v_veh_9_veh_10,veh_9,veh_10,DIRECT_V2V,10000000,DIAGNOSTIC_SYNTHETIC_VALUE,ONE_SHARED_POOL_PER_UNORDERED_PAIR
117000000000,117,pool_v2v_veh_9_veh_11,veh_9,veh_11,DIRECT_V2V,10000000,DIAGNOSTIC_SYNTHETIC_VALUE,ONE_SHARED_POOL_PER_UNORDERED_PAIR
117000000000,117,pool_v2v_veh_10_veh_11,veh_10,veh_11,DIRECT_V2V,10000000,DIAGNOSTIC_SYNTHETIC_VALUE,ONE_SHARED_POOL_PER_UNORDERED_PAIR
118000000000,118,pool_v2v_veh_0_veh_1,veh_0,veh_1,DIRECT_V2V,10000000,DIAGNOSTIC_SYNTHETIC_VALUE,ONE_SHARED_POOL_PER_UNORDERED_PAIR
118000000000,118,pool_v2v_veh_0_veh_2,veh_0,veh_2,DIRECT_V2V,10000000,DIAGNOSTIC_SYNTHETIC_VALUE,ONE_SHARED_POOL_PER_UNORDERED_PAIR
118000000000,118,pool_v2v_veh_0_veh_3,veh_0,veh_3,DIRECT_V2V,10000000,DIAGNOSTIC_SYNTHETIC_VALUE,ONE_SHARED_POOL_PER_UNORDERED_PAIR
118000000000,118,pool_v2v_veh_0_veh_4,veh_0,veh_4,DIRECT_V2V,10000000,DIAGNOSTIC_SYNTHETIC_VALUE,ONE_SHARED_POOL_PER_UNORDERED_PAIR
118000000000,118,pool_v2v_veh_0_veh_5,veh_0,veh_5,DIRECT_V2V,10000000,DIAGNOSTIC_SYNTHETIC_VALUE,ONE_SHARED_POOL_PER_UNORDERED_PAIR
118000000000,118,pool_v2v_veh_1_veh_2,veh_1,veh_2,DIRECT_V2V,10000000,DIAGNOSTIC_SYNTHETIC_VALUE,ONE_SHARED_POOL_PER_UNORDERED_PAIR
118000000000,118,pool_v2v_veh_1_veh_3,veh_1,veh_3,DIRECT_V2V,10000000,DIAGNOSTIC_SYNTHETIC_VALUE,ONE_SHARED_POOL_PER_UNORDERED_PAIR
118000000000,118,pool_v2v_veh_1_veh_4,veh_1,veh_4,DIRECT_V2V,10000000,DIAGNOSTIC_SYNTHETIC_VALUE,ONE_SHARED_POOL_PER_UNORDERED_PAIR
118000000000,118,pool_v2v_veh_1_veh_5,veh_1,veh_5,DIRECT_V2V,10000000,DIAGNOSTIC_SYNTHETIC_VALUE,ONE_SHARED_POOL_PER_UNORDERED_PAIR
118000000000,118,pool_v2v_veh_1_veh_6,veh_1,veh_6,DIRECT_V2V,10000000,DIAGNOSTIC_SYNTHETIC_VALUE,ONE_SHARED_POOL_PER_UNORDERED_PAIR
118000000000,118,pool_v2v_veh_2_veh_3,veh_2,veh_3,DIRECT_V2V,10000000,DIAGNOSTIC_SYNTHETIC_VALUE,ONE_SHARED_POOL_PER_UNORDERED_PAIR
118000000000,118,pool_v2v_veh_2_veh_4,veh_2,veh_4,DIRECT_V2V,10000000,DIAGNOSTIC_SYNTHETIC_VALUE,ONE_SHARED_POOL_PER_UNORDERED_PAIR
118000000000,118,pool_v2v_veh_2_veh_5,veh_2,veh_5,DIRECT_V2V,10000000,DIAGNOSTIC_SYNTHETIC_VALUE,ONE_SHARED_POOL_PER_UNORDERED_PAIR
118000000000,118,pool_v2v_veh_2_veh_6,veh_2,veh_6,DIRECT_V2V,10000000,DIAGNOSTIC_SYNTHETIC_VALUE,ONE_SHARED_POOL_PER_UNORDERED_PAIR
118000000000,118,pool_v2v_veh_2_veh_7,veh_2,veh_7,DIRECT_V2V,10000000,DIAGNOSTIC_SYNTHETIC_VALUE,ONE_SHARED_POOL_PER_UNORDERED_PAIR
118000000000,118,pool_v2v_veh_3_veh_4,veh_3,veh_4,DIRECT_V2V,10000000,DIAGNOSTIC_SYNTHETIC_VALUE,ONE_SHARED_POOL_PER_UNORDERED_PAIR
118000000000,118,pool_v2v_veh_3_veh_5,veh_3,veh_5,DIRECT_V2V,10000000,DIAGNOSTIC_SYNTHETIC_VALUE,ONE_SHARED_POOL_PER_UNORDERED_PAIR
118000000000,118,pool_v2v_veh_3_veh_6,veh_3,veh_6,DIRECT_V2V,10000000,DIAGNOSTIC_SYNTHETIC_VALUE,ONE_SHARED_POOL_PER_UNORDERED_PAIR
118000000000,118,pool_v2v_veh_3_veh_7,veh_3,veh_7,DIRECT_V2V,10000000,DIAGNOSTIC_SYNTHETIC_VALUE,ONE_SHARED_POOL_PER_UNORDERED_PAIR
118000000000,118,pool_v2v_veh_3_veh_8,veh_3,veh_8,DIRECT_V2V,10000000,DIAGNOSTIC_SYNTHETIC_VALUE,ONE_SHARED_POOL_PER_UNORDERED_PAIR
118000000000,118,pool_v2v_veh_4_veh_5,veh_4,veh_5,DIRECT_V2V,10000000,DIAGNOSTIC_SYNTHETIC_VALUE,ONE_SHARED_POOL_PER_UNORDERED_PAIR
118000000000,118,pool_v2v_veh_4_veh_6,veh_4,veh_6,DIRECT_V2V,10000000,DIAGNOSTIC_SYNTHETIC_VALUE,ONE_SHARED_POOL_PER_UNORDERED_PAIR
118000000000,118,pool_v2v_veh_4_veh_7,veh_4,veh_7,DIRECT_V2V,10000000,DIAGNOSTIC_SYNTHETIC_VALUE,ONE_SHARED_POOL_PER_UNORDERED_PAIR
118000000000,118,pool_v2v_veh_4_veh_8,veh_4,veh_8,DIRECT_V2V,10000000,DIAGNOSTIC_SYNTHETIC_VALUE,ONE_SHARED_POOL_PER_UNORDERED_PAIR
118000000000,118,pool_v2v_veh_4_veh_9,veh_4,veh_9,DIRECT_V2V,10000000,DIAGNOSTIC_SYNTHETIC_VALUE,ONE_SHARED_POOL_PER_UNORDERED_PAIR
118000000000,118,pool_v2v_veh_5_veh_6,veh_5,veh_6,DIRECT_V2V,10000000,DIAGNOSTIC_SYNTHETIC_VALUE,ONE_SHARED_POOL_PER_UNORDERED_PAIR
118000000000,118,pool_v2v_veh_5_veh_7,veh_5,veh_7,DIRECT_V2V,10000000,DIAGNOSTIC_SYNTHETIC_VALUE,ONE_SHARED_POOL_PER_UNORDERED_PAIR
118000000000,118,pool_v2v_veh_5_veh_8,veh_5,veh_8,DIRECT_V2V,10000000,DIAGNOSTIC_SYNTHETIC_VALUE,ONE_SHARED_POOL_PER_UNORDERED_PAIR
118000000000,118,pool_v2v_veh_5_veh_9,veh_5,veh_9,DIRECT_V2V,10000000,DIAGNOSTIC_SYNTHETIC_VALUE,ONE_SHARED_POOL_PER_UNORDERED_PAIR
118000000000,118,pool_v2v_veh_5_veh_10,veh_5,veh_10,DIRECT_V2V,10000000,DIAGNOSTIC_SYNTHETIC_VALUE,ONE_SHARED_POOL_PER_UNORDERED_PAIR
118000000000,118,pool_v2v_veh_6_veh_7,veh_6,veh_7,DIRECT_V2V,10000000,DIAGNOSTIC_SYNTHETIC_VALUE,ONE_SHARED_POOL_PER_UNORDERED_PAIR
118000000000,118,pool_v2v_veh_6_veh_8,veh_6,veh_8,DIRECT_V2V,10000000,DIAGNOSTIC_SYNTHETIC_VALUE,ONE_SHARED_POOL_PER_UNORDERED_PAIR
118000000000,118,pool_v2v_veh_6_veh_9,veh_6,veh_9,DIRECT_V2V,10000000,DIAGNOSTIC_SYNTHETIC_VALUE,ONE_SHARED_POOL_PER_UNORDERED_PAIR
118000000000,118,pool_v2v_veh_6_veh_10,veh_6,veh_10,DIRECT_V2V,10000000,DIAGNOSTIC_SYNTHETIC_VALUE,ONE_SHARED_POOL_PER_UNORDERED_PAIR
118000000000,118,pool_v2v_veh_6_veh_11,veh_6,veh_11,DIRECT_V2V,10000000,DIAGNOSTIC_SYNTHETIC_VALUE,ONE_SHARED_POOL_PER_UNORDERED_PAIR
118000000000,118,pool_v2v_veh_7_veh_8,veh_7,veh_8,DIRECT_V2V,10000000,DIAGNOSTIC_SYNTHETIC_VALUE,ONE_SHARED_POOL_PER_UNORDERED_PAIR
118000000000,118,pool_v2v_veh_7_veh_9,veh_7,veh_9,DIRECT_V2V,10000000,DIAGNOSTIC_SYNTHETIC_VALUE,ONE_SHARED_POOL_PER_UNORDERED_PAIR
118000000000,118,pool_v2v_veh_7_veh_10,veh_7,veh_10,DIRECT_V2V,10000000,DIAGNOSTIC_SYNTHETIC_VALUE,ONE_SHARED_POOL_PER_UNORDERED_PAIR
118000000000,118,pool_v2v_veh_7_veh_11,veh_7,veh_11,DIRECT_V2V,10000000,DIAGNOSTIC_SYNTHETIC_VALUE,ONE_SHARED_POOL_PER_UNORDERED_PAIR
118000000000,118,pool_v2v_veh_8_veh_9,veh_8,veh_9,DIRECT_V2V,10000000,DIAGNOSTIC_SYNTHETIC_VALUE,ONE_SHARED_POOL_PER_UNORDERED_PAIR
118000000000,118,pool_v2v_veh_8_veh_10,veh_8,veh_10,DIRECT_V2V,10000000,DIAGNOSTIC_SYNTHETIC_VALUE,ONE_SHARED_POOL_PER_UNORDERED_PAIR
118000000000,118,pool_v2v_veh_8_veh_11,veh_8,veh_11,DIRECT_V2V,10000000,DIAGNOSTIC_SYNTHETIC_VALUE,ONE_SHARED_POOL_PER_UNORDERED_PAIR
118000000000,118,pool_v2v_veh_9_veh_10,veh_9,veh_10,DIRECT_V2V,10000000,DIAGNOSTIC_SYNTHETIC_VALUE,ONE_SHARED_POOL_PER_UNORDERED_PAIR
118000000000,118,pool_v2v_veh_9_veh_11,veh_9,veh_11,DIRECT_V2V,10000000,DIAGNOSTIC_SYNTHETIC_VALUE,ONE_SHARED_POOL_PER_UNORDERED_PAIR
118000000000,118,pool_v2v_veh_10_veh_11,veh_10,veh_11,DIRECT_V2V,10000000,DIAGNOSTIC_SYNTHETIC_VALUE,ONE_SHARED_POOL_PER_UNORDERED_PAIR
119000000000,119,pool_v2v_veh_0_veh_1,veh_0,veh_1,DIRECT_V2V,10000000,DIAGNOSTIC_SYNTHETIC_VALUE,ONE_SHARED_POOL_PER_UNORDERED_PAIR
119000000000,119,pool_v2v_veh_0_veh_2,veh_0,veh_2,DIRECT_V2V,10000000,DIAGNOSTIC_SYNTHETIC_VALUE,ONE_SHARED_POOL_PER_UNORDERED_PAIR
119000000000,119,pool_v2v_veh_0_veh_3,veh_0,veh_3,DIRECT_V2V,10000000,DIAGNOSTIC_SYNTHETIC_VALUE,ONE_SHARED_POOL_PER_UNORDERED_PAIR
119000000000,119,pool_v2v_veh_0_veh_4,veh_0,veh_4,DIRECT_V2V,10000000,DIAGNOSTIC_SYNTHETIC_VALUE,ONE_SHARED_POOL_PER_UNORDERED_PAIR
119000000000,119,pool_v2v_veh_0_veh_5,veh_0,veh_5,DIRECT_V2V,10000000,DIAGNOSTIC_SYNTHETIC_VALUE,ONE_SHARED_POOL_PER_UNORDERED_PAIR
119000000000,119,pool_v2v_veh_1_veh_2,veh_1,veh_2,DIRECT_V2V,10000000,DIAGNOSTIC_SYNTHETIC_VALUE,ONE_SHARED_POOL_PER_UNORDERED_PAIR
119000000000,119,pool_v2v_veh_1_veh_3,veh_1,veh_3,DIRECT_V2V,10000000,DIAGNOSTIC_SYNTHETIC_VALUE,ONE_SHARED_POOL_PER_UNORDERED_PAIR
119000000000,119,pool_v2v_veh_1_veh_4,veh_1,veh_4,DIRECT_V2V,10000000,DIAGNOSTIC_SYNTHETIC_VALUE,ONE_SHARED_POOL_PER_UNORDERED_PAIR
119000000000,119,pool_v2v_veh_1_veh_5,veh_1,veh_5,DIRECT_V2V,10000000,DIAGNOSTIC_SYNTHETIC_VALUE,ONE_SHARED_POOL_PER_UNORDERED_PAIR
119000000000,119,pool_v2v_veh_1_veh_6,veh_1,veh_6,DIRECT_V2V,10000000,DIAGNOSTIC_SYNTHETIC_VALUE,ONE_SHARED_POOL_PER_UNORDERED_PAIR
119000000000,119,pool_v2v_veh_2_veh_3,veh_2,veh_3,DIRECT_V2V,10000000,DIAGNOSTIC_SYNTHETIC_VALUE,ONE_SHARED_POOL_PER_UNORDERED_PAIR
119000000000,119,pool_v2v_veh_2_veh_4,veh_2,veh_4,DIRECT_V2V,10000000,DIAGNOSTIC_SYNTHETIC_VALUE,ONE_SHARED_POOL_PER_UNORDERED_PAIR
119000000000,119,pool_v2v_veh_2_veh_5,veh_2,veh_5,DIRECT_V2V,10000000,DIAGNOSTIC_SYNTHETIC_VALUE,ONE_SHARED_POOL_PER_UNORDERED_PAIR
119000000000,119,pool_v2v_veh_2_veh_6,veh_2,veh_6,DIRECT_V2V,10000000,DIAGNOSTIC_SYNTHETIC_VALUE,ONE_SHARED_POOL_PER_UNORDERED_PAIR
119000000000,119,pool_v2v_veh_2_veh_7,veh_2,veh_7,DIRECT_V2V,10000000,DIAGNOSTIC_SYNTHETIC_VALUE,ONE_SHARED_POOL_PER_UNORDERED_PAIR
119000000000,119,pool_v2v_veh_3_veh_4,veh_3,veh_4,DIRECT_V2V,10000000,DIAGNOSTIC_SYNTHETIC_VALUE,ONE_SHARED_POOL_PER_UNORDERED_PAIR
119000000000,119,pool_v2v_veh_3_veh_5,veh_3,veh_5,DIRECT_V2V,10000000,DIAGNOSTIC_SYNTHETIC_VALUE,ONE_SHARED_POOL_PER_UNORDERED_PAIR
119000000000,119,pool_v2v_veh_3_veh_6,veh_3,veh_6,DIRECT_V2V,10000000,DIAGNOSTIC_SYNTHETIC_VALUE,ONE_SHARED_POOL_PER_UNORDERED_PAIR
119000000000,119,pool_v2v_veh_3_veh_7,veh_3,veh_7,DIRECT_V2V,10000000,DIAGNOSTIC_SYNTHETIC_VALUE,ONE_SHARED_POOL_PER_UNORDERED_PAIR
119000000000,119,pool_v2v_veh_3_veh_8,veh_3,veh_8,DIRECT_V2V,10000000,DIAGNOSTIC_SYNTHETIC_VALUE,ONE_SHARED_POOL_PER_UNORDERED_PAIR
119000000000,119,pool_v2v_veh_4_veh_5,veh_4,veh_5,DIRECT_V2V,10000000,DIAGNOSTIC_SYNTHETIC_VALUE,ONE_SHARED_POOL_PER_UNORDERED_PAIR
119000000000,119,pool_v2v_veh_4_veh_6,veh_4,veh_6,DIRECT_V2V,10000000,DIAGNOSTIC_SYNTHETIC_VALUE,ONE_SHARED_POOL_PER_UNORDERED_PAIR
119000000000,119,pool_v2v_veh_4_veh_7,veh_4,veh_7,DIRECT_V2V,10000000,DIAGNOSTIC_SYNTHETIC_VALUE,ONE_SHARED_POOL_PER_UNORDERED_PAIR
119000000000,119,pool_v2v_veh_4_veh_8,veh_4,veh_8,DIRECT_V2V,10000000,DIAGNOSTIC_SYNTHETIC_VALUE,ONE_SHARED_POOL_PER_UNORDERED_PAIR
119000000000,119,pool_v2v_veh_4_veh_9,veh_4,veh_9,DIRECT_V2V,10000000,DIAGNOSTIC_SYNTHETIC_VALUE,ONE_SHARED_POOL_PER_UNORDERED_PAIR
119000000000,119,pool_v2v_veh_5_veh_6,veh_5,veh_6,DIRECT_V2V,10000000,DIAGNOSTIC_SYNTHETIC_VALUE,ONE_SHARED_POOL_PER_UNORDERED_PAIR
119000000000,119,pool_v2v_veh_5_veh_7,veh_5,veh_7,DIRECT_V2V,10000000,DIAGNOSTIC_SYNTHETIC_VALUE,ONE_SHARED_POOL_PER_UNORDERED_PAIR
119000000000,119,pool_v2v_veh_5_veh_8,veh_5,veh_8,DIRECT_V2V,10000000,DIAGNOSTIC_SYNTHETIC_VALUE,ONE_SHARED_POOL_PER_UNORDERED_PAIR
119000000000,119,pool_v2v_veh_5_veh_9,veh_5,veh_9,DIRECT_V2V,10000000,DIAGNOSTIC_SYNTHETIC_VALUE,ONE_SHARED_POOL_PER_UNORDERED_PAIR
119000000000,119,pool_v2v_veh_5_veh_10,veh_5,veh_10,DIRECT_V2V,10000000,DIAGNOSTIC_SYNTHETIC_VALUE,ONE_SHARED_POOL_PER_UNORDERED_PAIR
119000000000,119,pool_v2v_veh_6_veh_7,veh_6,veh_7,DIRECT_V2V,10000000,DIAGNOSTIC_SYNTHETIC_VALUE,ONE_SHARED_POOL_PER_UNORDERED_PAIR
119000000000,119,pool_v2v_veh_6_veh_8,veh_6,veh_8,DIRECT_V2V,10000000,DIAGNOSTIC_SYNTHETIC_VALUE,ONE_SHARED_POOL_PER_UNORDERED_PAIR
119000000000,119,pool_v2v_veh_6_veh_9,veh_6,veh_9,DIRECT_V2V,10000000,DIAGNOSTIC_SYNTHETIC_VALUE,ONE_SHARED_POOL_PER_UNORDERED_PAIR
119000000000,119,pool_v2v_veh_6_veh_10,veh_6,veh_10,DIRECT_V2V,10000000,DIAGNOSTIC_SYNTHETIC_VALUE,ONE_SHARED_POOL_PER_UNORDERED_PAIR
119000000000,119,pool_v2v_veh_6_veh_11,veh_6,veh_11,DIRECT_V2V,10000000,DIAGNOSTIC_SYNTHETIC_VALUE,ONE_SHARED_POOL_PER_UNORDERED_PAIR
119000000000,119,pool_v2v_veh_7_veh_8,veh_7,veh_8,DIRECT_V2V,10000000,DIAGNOSTIC_SYNTHETIC_VALUE,ONE_SHARED_POOL_PER_UNORDERED_PAIR
119000000000,119,pool_v2v_veh_7_veh_9,veh_7,veh_9,DIRECT_V2V,10000000,DIAGNOSTIC_SYNTHETIC_VALUE,ONE_SHARED_POOL_PER_UNORDERED_PAIR
119000000000,119,pool_v2v_veh_7_veh_10,veh_7,veh_10,DIRECT_V2V,10000000,DIAGNOSTIC_SYNTHETIC_VALUE,ONE_SHARED_POOL_PER_UNORDERED_PAIR
119000000000,119,pool_v2v_veh_7_veh_11,veh_7,veh_11,DIRECT_V2V,10000000,DIAGNOSTIC_SYNTHETIC_VALUE,ONE_SHARED_POOL_PER_UNORDERED_PAIR
119000000000,119,pool_v2v_veh_8_veh_9,veh_8,veh_9,DIRECT_V2V,10000000,DIAGNOSTIC_SYNTHETIC_VALUE,ONE_SHARED_POOL_PER_UNORDERED_PAIR
119000000000,119,pool_v2v_veh_8_veh_10,veh_8,veh_10,DIRECT_V2V,10000000,DIAGNOSTIC_SYNTHETIC_VALUE,ONE_SHARED_POOL_PER_UNORDERED_PAIR
119000000000,119,pool_v2v_veh_8_veh_11,veh_8,veh_11,DIRECT_V2V,10000000,DIAGNOSTIC_SYNTHETIC_VALUE,ONE_SHARED_POOL_PER_UNORDERED_PAIR
119000000000,119,pool_v2v_veh_9_veh_10,veh_9,veh_10,DIRECT_V2V,10000000,DIAGNOSTIC_SYNTHETIC_VALUE,ONE_SHARED_POOL_PER_UNORDERED_PAIR
119000000000,119,pool_v2v_veh_9_veh_11,veh_9,veh_11,DIRECT_V2V,10000000,DIAGNOSTIC_SYNTHETIC_VALUE,ONE_SHARED_POOL_PER_UNORDERED_PAIR
119000000000,119,pool_v2v_veh_10_veh_11,veh_10,veh_11,DIRECT_V2V,10000000,DIAGNOSTIC_SYNTHETIC_VALUE,ONE_SHARED_POOL_PER_UNORDERED_PAIR
120000000000,120,pool_v2v_veh_0_veh_1,veh_0,veh_1,DIRECT_V2V,10000000,DIAGNOSTIC_SYNTHETIC_VALUE,ONE_SHARED_POOL_PER_UNORDERED_PAIR
120000000000,120,pool_v2v_veh_0_veh_2,veh_0,veh_2,DIRECT_V2V,10000000,DIAGNOSTIC_SYNTHETIC_VALUE,ONE_SHARED_POOL_PER_UNORDERED_PAIR
120000000000,120,pool_v2v_veh_0_veh_3,veh_0,veh_3,DIRECT_V2V,10000000,DIAGNOSTIC_SYNTHETIC_VALUE,ONE_SHARED_POOL_PER_UNORDERED_PAIR
120000000000,120,pool_v2v_veh_0_veh_4,veh_0,veh_4,DIRECT_V2V,10000000,DIAGNOSTIC_SYNTHETIC_VALUE,ONE_SHARED_POOL_PER_UNORDERED_PAIR
120000000000,120,pool_v2v_veh_0_veh_5,veh_0,veh_5,DIRECT_V2V,10000000,DIAGNOSTIC_SYNTHETIC_VALUE,ONE_SHARED_POOL_PER_UNORDERED_PAIR
120000000000,120,pool_v2v_veh_1_veh_2,veh_1,veh_2,DIRECT_V2V,10000000,DIAGNOSTIC_SYNTHETIC_VALUE,ONE_SHARED_POOL_PER_UNORDERED_PAIR
120000000000,120,pool_v2v_veh_1_veh_3,veh_1,veh_3,DIRECT_V2V,10000000,DIAGNOSTIC_SYNTHETIC_VALUE,ONE_SHARED_POOL_PER_UNORDERED_PAIR
120000000000,120,pool_v2v_veh_1_veh_4,veh_1,veh_4,DIRECT_V2V,10000000,DIAGNOSTIC_SYNTHETIC_VALUE,ONE_SHARED_POOL_PER_UNORDERED_PAIR
120000000000,120,pool_v2v_veh_1_veh_5,veh_1,veh_5,DIRECT_V2V,10000000,DIAGNOSTIC_SYNTHETIC_VALUE,ONE_SHARED_POOL_PER_UNORDERED_PAIR
120000000000,120,pool_v2v_veh_1_veh_6,veh_1,veh_6,DIRECT_V2V,10000000,DIAGNOSTIC_SYNTHETIC_VALUE,ONE_SHARED_POOL_PER_UNORDERED_PAIR
120000000000,120,pool_v2v_veh_2_veh_3,veh_2,veh_3,DIRECT_V2V,10000000,DIAGNOSTIC_SYNTHETIC_VALUE,ONE_SHARED_POOL_PER_UNORDERED_PAIR
120000000000,120,pool_v2v_veh_2_veh_4,veh_2,veh_4,DIRECT_V2V,10000000,DIAGNOSTIC_SYNTHETIC_VALUE,ONE_SHARED_POOL_PER_UNORDERED_PAIR
120000000000,120,pool_v2v_veh_2_veh_5,veh_2,veh_5,DIRECT_V2V,10000000,DIAGNOSTIC_SYNTHETIC_VALUE,ONE_SHARED_POOL_PER_UNORDERED_PAIR
120000000000,120,pool_v2v_veh_2_veh_6,veh_2,veh_6,DIRECT_V2V,10000000,DIAGNOSTIC_SYNTHETIC_VALUE,ONE_SHARED_POOL_PER_UNORDERED_PAIR
120000000000,120,pool_v2v_veh_2_veh_7,veh_2,veh_7,DIRECT_V2V,10000000,DIAGNOSTIC_SYNTHETIC_VALUE,ONE_SHARED_POOL_PER_UNORDERED_PAIR
120000000000,120,pool_v2v_veh_3_veh_4,veh_3,veh_4,DIRECT_V2V,10000000,DIAGNOSTIC_SYNTHETIC_VALUE,ONE_SHARED_POOL_PER_UNORDERED_PAIR
120000000000,120,pool_v2v_veh_3_veh_5,veh_3,veh_5,DIRECT_V2V,10000000,DIAGNOSTIC_SYNTHETIC_VALUE,ONE_SHARED_POOL_PER_UNORDERED_PAIR
120000000000,120,pool_v2v_veh_3_veh_6,veh_3,veh_6,DIRECT_V2V,10000000,DIAGNOSTIC_SYNTHETIC_VALUE,ONE_SHARED_POOL_PER_UNORDERED_PAIR
120000000000,120,pool_v2v_veh_3_veh_7,veh_3,veh_7,DIRECT_V2V,10000000,DIAGNOSTIC_SYNTHETIC_VALUE,ONE_SHARED_POOL_PER_UNORDERED_PAIR
120000000000,120,pool_v2v_veh_3_veh_8,veh_3,veh_8,DIRECT_V2V,10000000,DIAGNOSTIC_SYNTHETIC_VALUE,ONE_SHARED_POOL_PER_UNORDERED_PAIR
120000000000,120,pool_v2v_veh_4_veh_5,veh_4,veh_5,DIRECT_V2V,10000000,DIAGNOSTIC_SYNTHETIC_VALUE,ONE_SHARED_POOL_PER_UNORDERED_PAIR
120000000000,120,pool_v2v_veh_4_veh_6,veh_4,veh_6,DIRECT_V2V,10000000,DIAGNOSTIC_SYNTHETIC_VALUE,ONE_SHARED_POOL_PER_UNORDERED_PAIR
120000000000,120,pool_v2v_veh_4_veh_7,veh_4,veh_7,DIRECT_V2V,10000000,DIAGNOSTIC_SYNTHETIC_VALUE,ONE_SHARED_POOL_PER_UNORDERED_PAIR
120000000000,120,pool_v2v_veh_4_veh_8,veh_4,veh_8,DIRECT_V2V,10000000,DIAGNOSTIC_SYNTHETIC_VALUE,ONE_SHARED_POOL_PER_UNORDERED_PAIR
120000000000,120,pool_v2v_veh_4_veh_9,veh_4,veh_9,DIRECT_V2V,10000000,DIAGNOSTIC_SYNTHETIC_VALUE,ONE_SHARED_POOL_PER_UNORDERED_PAIR
120000000000,120,pool_v2v_veh_5_veh_6,veh_5,veh_6,DIRECT_V2V,10000000,DIAGNOSTIC_SYNTHETIC_VALUE,ONE_SHARED_POOL_PER_UNORDERED_PAIR
120000000000,120,pool_v2v_veh_5_veh_7,veh_5,veh_7,DIRECT_V2V,10000000,DIAGNOSTIC_SYNTHETIC_VALUE,ONE_SHARED_POOL_PER_UNORDERED_PAIR
120000000000,120,pool_v2v_veh_5_veh_8,veh_5,veh_8,DIRECT_V2V,10000000,DIAGNOSTIC_SYNTHETIC_VALUE,ONE_SHARED_POOL_PER_UNORDERED_PAIR
120000000000,120,pool_v2v_veh_5_veh_9,veh_5,veh_9,DIRECT_V2V,10000000,DIAGNOSTIC_SYNTHETIC_VALUE,ONE_SHARED_POOL_PER_UNORDERED_PAIR
120000000000,120,pool_v2v_veh_5_veh_10,veh_5,veh_10,DIRECT_V2V,10000000,DIAGNOSTIC_SYNTHETIC_VALUE,ONE_SHARED_POOL_PER_UNORDERED_PAIR
120000000000,120,pool_v2v_veh_6_veh_7,veh_6,veh_7,DIRECT_V2V,10000000,DIAGNOSTIC_SYNTHETIC_VALUE,ONE_SHARED_POOL_PER_UNORDERED_PAIR
120000000000,120,pool_v2v_veh_6_veh_8,veh_6,veh_8,DIRECT_V2V,10000000,DIAGNOSTIC_SYNTHETIC_VALUE,ONE_SHARED_POOL_PER_UNORDERED_PAIR
120000000000,120,pool_v2v_veh_6_veh_9,veh_6,veh_9,DIRECT_V2V,10000000,DIAGNOSTIC_SYNTHETIC_VALUE,ONE_SHARED_POOL_PER_UNORDERED_PAIR
120000000000,120,pool_v2v_veh_6_veh_10,veh_6,veh_10,DIRECT_V2V,10000000,DIAGNOSTIC_SYNTHETIC_VALUE,ONE_SHARED_POOL_PER_UNORDERED_PAIR
120000000000,120,pool_v2v_veh_6_veh_11,veh_6,veh_11,DIRECT_V2V,10000000,DIAGNOSTIC_SYNTHETIC_VALUE,ONE_SHARED_POOL_PER_UNORDERED_PAIR
120000000000,120,pool_v2v_veh_7_veh_8,veh_7,veh_8,DIRECT_V2V,10000000,DIAGNOSTIC_SYNTHETIC_VALUE,ONE_SHARED_POOL_PER_UNORDERED_PAIR
120000000000,120,pool_v2v_veh_7_veh_9,veh_7,veh_9,DIRECT_V2V,10000000,DIAGNOSTIC_SYNTHETIC_VALUE,ONE_SHARED_POOL_PER_UNORDERED_PAIR
120000000000,120,pool_v2v_veh_7_veh_10,veh_7,veh_10,DIRECT_V2V,10000000,DIAGNOSTIC_SYNTHETIC_VALUE,ONE_SHARED_POOL_PER_UNORDERED_PAIR
120000000000,120,pool_v2v_veh_7_veh_11,veh_7,veh_11,DIRECT_V2V,10000000,DIAGNOSTIC_SYNTHETIC_VALUE,ONE_SHARED_POOL_PER_UNORDERED_PAIR
120000000000,120,pool_v2v_veh_8_veh_9,veh_8,veh_9,DIRECT_V2V,10000000,DIAGNOSTIC_SYNTHETIC_VALUE,ONE_SHARED_POOL_PER_UNORDERED_PAIR
120000000000,120,pool_v2v_veh_8_veh_10,veh_8,veh_10,DIRECT_V2V,10000000,DIAGNOSTIC_SYNTHETIC_VALUE,ONE_SHARED_POOL_PER_UNORDERED_PAIR
120000000000,120,pool_v2v_veh_8_veh_11,veh_8,veh_11,DIRECT_V2V,10000000,DIAGNOSTIC_SYNTHETIC_VALUE,ONE_SHARED_POOL_PER_UNORDERED_PAIR
120000000000,120,pool_v2v_veh_9_veh_10,veh_9,veh_10,DIRECT_V2V,10000000,DIAGNOSTIC_SYNTHETIC_VALUE,ONE_SHARED_POOL_PER_UNORDERED_PAIR
120000000000,120,pool_v2v_veh_9_veh_11,veh_9,veh_11,DIRECT_V2V,10000000,DIAGNOSTIC_SYNTHETIC_VALUE,ONE_SHARED_POOL_PER_UNORDERED_PAIR
120000000000,120,pool_v2v_veh_10_veh_11,veh_10,veh_11,DIRECT_V2V,10000000,DIAGNOSTIC_SYNTHETIC_VALUE,ONE_SHARED_POOL_PER_UNORDERED_PAIR
121000000000,121,pool_v2v_veh_0_veh_1,veh_0,veh_1,DIRECT_V2V,10000000,DIAGNOSTIC_SYNTHETIC_VALUE,ONE_SHARED_POOL_PER_UNORDERED_PAIR
121000000000,121,pool_v2v_veh_0_veh_2,veh_0,veh_2,DIRECT_V2V,10000000,DIAGNOSTIC_SYNTHETIC_VALUE,ONE_SHARED_POOL_PER_UNORDERED_PAIR
121000000000,121,pool_v2v_veh_0_veh_3,veh_0,veh_3,DIRECT_V2V,10000000,DIAGNOSTIC_SYNTHETIC_VALUE,ONE_SHARED_POOL_PER_UNORDERED_PAIR
121000000000,121,pool_v2v_veh_0_veh_4,veh_0,veh_4,DIRECT_V2V,10000000,DIAGNOSTIC_SYNTHETIC_VALUE,ONE_SHARED_POOL_PER_UNORDERED_PAIR
121000000000,121,pool_v2v_veh_0_veh_5,veh_0,veh_5,DIRECT_V2V,10000000,DIAGNOSTIC_SYNTHETIC_VALUE,ONE_SHARED_POOL_PER_UNORDERED_PAIR
121000000000,121,pool_v2v_veh_1_veh_2,veh_1,veh_2,DIRECT_V2V,10000000,DIAGNOSTIC_SYNTHETIC_VALUE,ONE_SHARED_POOL_PER_UNORDERED_PAIR
121000000000,121,pool_v2v_veh_1_veh_3,veh_1,veh_3,DIRECT_V2V,10000000,DIAGNOSTIC_SYNTHETIC_VALUE,ONE_SHARED_POOL_PER_UNORDERED_PAIR
121000000000,121,pool_v2v_veh_1_veh_4,veh_1,veh_4,DIRECT_V2V,10000000,DIAGNOSTIC_SYNTHETIC_VALUE,ONE_SHARED_POOL_PER_UNORDERED_PAIR
121000000000,121,pool_v2v_veh_1_veh_5,veh_1,veh_5,DIRECT_V2V,10000000,DIAGNOSTIC_SYNTHETIC_VALUE,ONE_SHARED_POOL_PER_UNORDERED_PAIR
121000000000,121,pool_v2v_veh_1_veh_6,veh_1,veh_6,DIRECT_V2V,10000000,DIAGNOSTIC_SYNTHETIC_VALUE,ONE_SHARED_POOL_PER_UNORDERED_PAIR
121000000000,121,pool_v2v_veh_2_veh_3,veh_2,veh_3,DIRECT_V2V,10000000,DIAGNOSTIC_SYNTHETIC_VALUE,ONE_SHARED_POOL_PER_UNORDERED_PAIR
121000000000,121,pool_v2v_veh_2_veh_4,veh_2,veh_4,DIRECT_V2V,10000000,DIAGNOSTIC_SYNTHETIC_VALUE,ONE_SHARED_POOL_PER_UNORDERED_PAIR
121000000000,121,pool_v2v_veh_2_veh_5,veh_2,veh_5,DIRECT_V2V,10000000,DIAGNOSTIC_SYNTHETIC_VALUE,ONE_SHARED_POOL_PER_UNORDERED_PAIR
121000000000,121,pool_v2v_veh_2_veh_6,veh_2,veh_6,DIRECT_V2V,10000000,DIAGNOSTIC_SYNTHETIC_VALUE,ONE_SHARED_POOL_PER_UNORDERED_PAIR
121000000000,121,pool_v2v_veh_2_veh_7,veh_2,veh_7,DIRECT_V2V,10000000,DIAGNOSTIC_SYNTHETIC_VALUE,ONE_SHARED_POOL_PER_UNORDERED_PAIR
121000000000,121,pool_v2v_veh_3_veh_4,veh_3,veh_4,DIRECT_V2V,10000000,DIAGNOSTIC_SYNTHETIC_VALUE,ONE_SHARED_POOL_PER_UNORDERED_PAIR
121000000000,121,pool_v2v_veh_3_veh_5,veh_3,veh_5,DIRECT_V2V,10000000,DIAGNOSTIC_SYNTHETIC_VALUE,ONE_SHARED_POOL_PER_UNORDERED_PAIR
121000000000,121,pool_v2v_veh_3_veh_6,veh_3,veh_6,DIRECT_V2V,10000000,DIAGNOSTIC_SYNTHETIC_VALUE,ONE_SHARED_POOL_PER_UNORDERED_PAIR
121000000000,121,pool_v2v_veh_3_veh_7,veh_3,veh_7,DIRECT_V2V,10000000,DIAGNOSTIC_SYNTHETIC_VALUE,ONE_SHARED_POOL_PER_UNORDERED_PAIR
121000000000,121,pool_v2v_veh_3_veh_8,veh_3,veh_8,DIRECT_V2V,10000000,DIAGNOSTIC_SYNTHETIC_VALUE,ONE_SHARED_POOL_PER_UNORDERED_PAIR
121000000000,121,pool_v2v_veh_4_veh_5,veh_4,veh_5,DIRECT_V2V,10000000,DIAGNOSTIC_SYNTHETIC_VALUE,ONE_SHARED_POOL_PER_UNORDERED_PAIR
121000000000,121,pool_v2v_veh_4_veh_6,veh_4,veh_6,DIRECT_V2V,10000000,DIAGNOSTIC_SYNTHETIC_VALUE,ONE_SHARED_POOL_PER_UNORDERED_PAIR
121000000000,121,pool_v2v_veh_4_veh_7,veh_4,veh_7,DIRECT_V2V,10000000,DIAGNOSTIC_SYNTHETIC_VALUE,ONE_SHARED_POOL_PER_UNORDERED_PAIR
121000000000,121,pool_v2v_veh_4_veh_8,veh_4,veh_8,DIRECT_V2V,10000000,DIAGNOSTIC_SYNTHETIC_VALUE,ONE_SHARED_POOL_PER_UNORDERED_PAIR
121000000000,121,pool_v2v_veh_4_veh_9,veh_4,veh_9,DIRECT_V2V,10000000,DIAGNOSTIC_SYNTHETIC_VALUE,ONE_SHARED_POOL_PER_UNORDERED_PAIR
121000000000,121,pool_v2v_veh_5_veh_6,veh_5,veh_6,DIRECT_V2V,10000000,DIAGNOSTIC_SYNTHETIC_VALUE,ONE_SHARED_POOL_PER_UNORDERED_PAIR
121000000000,121,pool_v2v_veh_5_veh_7,veh_5,veh_7,DIRECT_V2V,10000000,DIAGNOSTIC_SYNTHETIC_VALUE,ONE_SHARED_POOL_PER_UNORDERED_PAIR
121000000000,121,pool_v2v_veh_5_veh_8,veh_5,veh_8,DIRECT_V2V,10000000,DIAGNOSTIC_SYNTHETIC_VALUE,ONE_SHARED_POOL_PER_UNORDERED_PAIR
121000000000,121,pool_v2v_veh_5_veh_9,veh_5,veh_9,DIRECT_V2V,10000000,DIAGNOSTIC_SYNTHETIC_VALUE,ONE_SHARED_POOL_PER_UNORDERED_PAIR
121000000000,121,pool_v2v_veh_5_veh_10,veh_5,veh_10,DIRECT_V2V,10000000,DIAGNOSTIC_SYNTHETIC_VALUE,ONE_SHARED_POOL_PER_UNORDERED_PAIR
121000000000,121,pool_v2v_veh_6_veh_7,veh_6,veh_7,DIRECT_V2V,10000000,DIAGNOSTIC_SYNTHETIC_VALUE,ONE_SHARED_POOL_PER_UNORDERED_PAIR
121000000000,121,pool_v2v_veh_6_veh_8,veh_6,veh_8,DIRECT_V2V,10000000,DIAGNOSTIC_SYNTHETIC_VALUE,ONE_SHARED_POOL_PER_UNORDERED_PAIR
121000000000,121,pool_v2v_veh_6_veh_9,veh_6,veh_9,DIRECT_V2V,10000000,DIAGNOSTIC_SYNTHETIC_VALUE,ONE_SHARED_POOL_PER_UNORDERED_PAIR
121000000000,121,pool_v2v_veh_6_veh_10,veh_6,veh_10,DIRECT_V2V,10000000,DIAGNOSTIC_SYNTHETIC_VALUE,ONE_SHARED_POOL_PER_UNORDERED_PAIR
121000000000,121,pool_v2v_veh_6_veh_11,veh_6,veh_11,DIRECT_V2V,10000000,DIAGNOSTIC_SYNTHETIC_VALUE,ONE_SHARED_POOL_PER_UNORDERED_PAIR
121000000000,121,pool_v2v_veh_7_veh_8,veh_7,veh_8,DIRECT_V2V,10000000,DIAGNOSTIC_SYNTHETIC_VALUE,ONE_SHARED_POOL_PER_UNORDERED_PAIR
121000000000,121,pool_v2v_veh_7_veh_9,veh_7,veh_9,DIRECT_V2V,10000000,DIAGNOSTIC_SYNTHETIC_VALUE,ONE_SHARED_POOL_PER_UNORDERED_PAIR
121000000000,121,pool_v2v_veh_7_veh_10,veh_7,veh_10,DIRECT_V2V,10000000,DIAGNOSTIC_SYNTHETIC_VALUE,ONE_SHARED_POOL_PER_UNORDERED_PAIR
121000000000,121,pool_v2v_veh_7_veh_11,veh_7,veh_11,DIRECT_V2V,10000000,DIAGNOSTIC_SYNTHETIC_VALUE,ONE_SHARED_POOL_PER_UNORDERED_PAIR
121000000000,121,pool_v2v_veh_8_veh_9,veh_8,veh_9,DIRECT_V2V,10000000,DIAGNOSTIC_SYNTHETIC_VALUE,ONE_SHARED_POOL_PER_UNORDERED_PAIR
121000000000,121,pool_v2v_veh_8_veh_10,veh_8,veh_10,DIRECT_V2V,10000000,DIAGNOSTIC_SYNTHETIC_VALUE,ONE_SHARED_POOL_PER_UNORDERED_PAIR
121000000000,121,pool_v2v_veh_8_veh_11,veh_8,veh_11,DIRECT_V2V,10000000,DIAGNOSTIC_SYNTHETIC_VALUE,ONE_SHARED_POOL_PER_UNORDERED_PAIR
121000000000,121,pool_v2v_veh_9_veh_10,veh_9,veh_10,DIRECT_V2V,10000000,DIAGNOSTIC_SYNTHETIC_VALUE,ONE_SHARED_POOL_PER_UNORDERED_PAIR
121000000000,121,pool_v2v_veh_9_veh_11,veh_9,veh_11,DIRECT_V2V,10000000,DIAGNOSTIC_SYNTHETIC_VALUE,ONE_SHARED_POOL_PER_UNORDERED_PAIR
121000000000,121,pool_v2v_veh_10_veh_11,veh_10,veh_11,DIRECT_V2V,10000000,DIAGNOSTIC_SYNTHETIC_VALUE,ONE_SHARED_POOL_PER_UNORDERED_PAIR
122000000000,122,pool_v2v_veh_0_veh_1,veh_0,veh_1,DIRECT_V2V,10000000,DIAGNOSTIC_SYNTHETIC_VALUE,ONE_SHARED_POOL_PER_UNORDERED_PAIR
122000000000,122,pool_v2v_veh_0_veh_2,veh_0,veh_2,DIRECT_V2V,10000000,DIAGNOSTIC_SYNTHETIC_VALUE,ONE_SHARED_POOL_PER_UNORDERED_PAIR
122000000000,122,pool_v2v_veh_0_veh_3,veh_0,veh_3,DIRECT_V2V,10000000,DIAGNOSTIC_SYNTHETIC_VALUE,ONE_SHARED_POOL_PER_UNORDERED_PAIR
122000000000,122,pool_v2v_veh_0_veh_4,veh_0,veh_4,DIRECT_V2V,10000000,DIAGNOSTIC_SYNTHETIC_VALUE,ONE_SHARED_POOL_PER_UNORDERED_PAIR
122000000000,122,pool_v2v_veh_0_veh_5,veh_0,veh_5,DIRECT_V2V,10000000,DIAGNOSTIC_SYNTHETIC_VALUE,ONE_SHARED_POOL_PER_UNORDERED_PAIR
122000000000,122,pool_v2v_veh_1_veh_2,veh_1,veh_2,DIRECT_V2V,10000000,DIAGNOSTIC_SYNTHETIC_VALUE,ONE_SHARED_POOL_PER_UNORDERED_PAIR
122000000000,122,pool_v2v_veh_1_veh_3,veh_1,veh_3,DIRECT_V2V,10000000,DIAGNOSTIC_SYNTHETIC_VALUE,ONE_SHARED_POOL_PER_UNORDERED_PAIR
122000000000,122,pool_v2v_veh_1_veh_4,veh_1,veh_4,DIRECT_V2V,10000000,DIAGNOSTIC_SYNTHETIC_VALUE,ONE_SHARED_POOL_PER_UNORDERED_PAIR
122000000000,122,pool_v2v_veh_1_veh_5,veh_1,veh_5,DIRECT_V2V,10000000,DIAGNOSTIC_SYNTHETIC_VALUE,ONE_SHARED_POOL_PER_UNORDERED_PAIR
122000000000,122,pool_v2v_veh_1_veh_6,veh_1,veh_6,DIRECT_V2V,10000000,DIAGNOSTIC_SYNTHETIC_VALUE,ONE_SHARED_POOL_PER_UNORDERED_PAIR
122000000000,122,pool_v2v_veh_2_veh_3,veh_2,veh_3,DIRECT_V2V,10000000,DIAGNOSTIC_SYNTHETIC_VALUE,ONE_SHARED_POOL_PER_UNORDERED_PAIR
122000000000,122,pool_v2v_veh_2_veh_4,veh_2,veh_4,DIRECT_V2V,10000000,DIAGNOSTIC_SYNTHETIC_VALUE,ONE_SHARED_POOL_PER_UNORDERED_PAIR
122000000000,122,pool_v2v_veh_2_veh_5,veh_2,veh_5,DIRECT_V2V,10000000,DIAGNOSTIC_SYNTHETIC_VALUE,ONE_SHARED_POOL_PER_UNORDERED_PAIR
122000000000,122,pool_v2v_veh_2_veh_6,veh_2,veh_6,DIRECT_V2V,10000000,DIAGNOSTIC_SYNTHETIC_VALUE,ONE_SHARED_POOL_PER_UNORDERED_PAIR
122000000000,122,pool_v2v_veh_2_veh_7,veh_2,veh_7,DIRECT_V2V,10000000,DIAGNOSTIC_SYNTHETIC_VALUE,ONE_SHARED_POOL_PER_UNORDERED_PAIR
122000000000,122,pool_v2v_veh_3_veh_4,veh_3,veh_4,DIRECT_V2V,10000000,DIAGNOSTIC_SYNTHETIC_VALUE,ONE_SHARED_POOL_PER_UNORDERED_PAIR
122000000000,122,pool_v2v_veh_3_veh_5,veh_3,veh_5,DIRECT_V2V,10000000,DIAGNOSTIC_SYNTHETIC_VALUE,ONE_SHARED_POOL_PER_UNORDERED_PAIR
122000000000,122,pool_v2v_veh_3_veh_6,veh_3,veh_6,DIRECT_V2V,10000000,DIAGNOSTIC_SYNTHETIC_VALUE,ONE_SHARED_POOL_PER_UNORDERED_PAIR
122000000000,122,pool_v2v_veh_3_veh_7,veh_3,veh_7,DIRECT_V2V,10000000,DIAGNOSTIC_SYNTHETIC_VALUE,ONE_SHARED_POOL_PER_UNORDERED_PAIR
122000000000,122,pool_v2v_veh_3_veh_8,veh_3,veh_8,DIRECT_V2V,10000000,DIAGNOSTIC_SYNTHETIC_VALUE,ONE_SHARED_POOL_PER_UNORDERED_PAIR
122000000000,122,pool_v2v_veh_4_veh_5,veh_4,veh_5,DIRECT_V2V,10000000,DIAGNOSTIC_SYNTHETIC_VALUE,ONE_SHARED_POOL_PER_UNORDERED_PAIR
122000000000,122,pool_v2v_veh_4_veh_6,veh_4,veh_6,DIRECT_V2V,10000000,DIAGNOSTIC_SYNTHETIC_VALUE,ONE_SHARED_POOL_PER_UNORDERED_PAIR
122000000000,122,pool_v2v_veh_4_veh_7,veh_4,veh_7,DIRECT_V2V,10000000,DIAGNOSTIC_SYNTHETIC_VALUE,ONE_SHARED_POOL_PER_UNORDERED_PAIR
122000000000,122,pool_v2v_veh_4_veh_8,veh_4,veh_8,DIRECT_V2V,10000000,DIAGNOSTIC_SYNTHETIC_VALUE,ONE_SHARED_POOL_PER_UNORDERED_PAIR
122000000000,122,pool_v2v_veh_4_veh_9,veh_4,veh_9,DIRECT_V2V,10000000,DIAGNOSTIC_SYNTHETIC_VALUE,ONE_SHARED_POOL_PER_UNORDERED_PAIR
122000000000,122,pool_v2v_veh_5_veh_6,veh_5,veh_6,DIRECT_V2V,10000000,DIAGNOSTIC_SYNTHETIC_VALUE,ONE_SHARED_POOL_PER_UNORDERED_PAIR
122000000000,122,pool_v2v_veh_5_veh_7,veh_5,veh_7,DIRECT_V2V,10000000,DIAGNOSTIC_SYNTHETIC_VALUE,ONE_SHARED_POOL_PER_UNORDERED_PAIR
122000000000,122,pool_v2v_veh_5_veh_8,veh_5,veh_8,DIRECT_V2V,10000000,DIAGNOSTIC_SYNTHETIC_VALUE,ONE_SHARED_POOL_PER_UNORDERED_PAIR
122000000000,122,pool_v2v_veh_5_veh_9,veh_5,veh_9,DIRECT_V2V,10000000,DIAGNOSTIC_SYNTHETIC_VALUE,ONE_SHARED_POOL_PER_UNORDERED_PAIR
122000000000,122,pool_v2v_veh_5_veh_10,veh_5,veh_10,DIRECT_V2V,10000000,DIAGNOSTIC_SYNTHETIC_VALUE,ONE_SHARED_POOL_PER_UNORDERED_PAIR
122000000000,122,pool_v2v_veh_6_veh_7,veh_6,veh_7,DIRECT_V2V,10000000,DIAGNOSTIC_SYNTHETIC_VALUE,ONE_SHARED_POOL_PER_UNORDERED_PAIR
122000000000,122,pool_v2v_veh_6_veh_8,veh_6,veh_8,DIRECT_V2V,10000000,DIAGNOSTIC_SYNTHETIC_VALUE,ONE_SHARED_POOL_PER_UNORDERED_PAIR
122000000000,122,pool_v2v_veh_6_veh_9,veh_6,veh_9,DIRECT_V2V,10000000,DIAGNOSTIC_SYNTHETIC_VALUE,ONE_SHARED_POOL_PER_UNORDERED_PAIR
122000000000,122,pool_v2v_veh_6_veh_10,veh_6,veh_10,DIRECT_V2V,10000000,DIAGNOSTIC_SYNTHETIC_VALUE,ONE_SHARED_POOL_PER_UNORDERED_PAIR
122000000000,122,pool_v2v_veh_6_veh_11,veh_6,veh_11,DIRECT_V2V,10000000,DIAGNOSTIC_SYNTHETIC_VALUE,ONE_SHARED_POOL_PER_UNORDERED_PAIR
122000000000,122,pool_v2v_veh_7_veh_8,veh_7,veh_8,DIRECT_V2V,10000000,DIAGNOSTIC_SYNTHETIC_VALUE,ONE_SHARED_POOL_PER_UNORDERED_PAIR
122000000000,122,pool_v2v_veh_7_veh_9,veh_7,veh_9,DIRECT_V2V,10000000,DIAGNOSTIC_SYNTHETIC_VALUE,ONE_SHARED_POOL_PER_UNORDERED_PAIR
122000000000,122,pool_v2v_veh_7_veh_10,veh_7,veh_10,DIRECT_V2V,10000000,DIAGNOSTIC_SYNTHETIC_VALUE,ONE_SHARED_POOL_PER_UNORDERED_PAIR
122000000000,122,pool_v2v_veh_7_veh_11,veh_7,veh_11,DIRECT_V2V,10000000,DIAGNOSTIC_SYNTHETIC_VALUE,ONE_SHARED_POOL_PER_UNORDERED_PAIR
122000000000,122,pool_v2v_veh_8_veh_9,veh_8,veh_9,DIRECT_V2V,10000000,DIAGNOSTIC_SYNTHETIC_VALUE,ONE_SHARED_POOL_PER_UNORDERED_PAIR
122000000000,122,pool_v2v_veh_8_veh_10,veh_8,veh_10,DIRECT_V2V,10000000,DIAGNOSTIC_SYNTHETIC_VALUE,ONE_SHARED_POOL_PER_UNORDERED_PAIR
122000000000,122,pool_v2v_veh_8_veh_11,veh_8,veh_11,DIRECT_V2V,10000000,DIAGNOSTIC_SYNTHETIC_VALUE,ONE_SHARED_POOL_PER_UNORDERED_PAIR
122000000000,122,pool_v2v_veh_9_veh_10,veh_9,veh_10,DIRECT_V2V,10000000,DIAGNOSTIC_SYNTHETIC_VALUE,ONE_SHARED_POOL_PER_UNORDERED_PAIR
122000000000,122,pool_v2v_veh_9_veh_11,veh_9,veh_11,DIRECT_V2V,10000000,DIAGNOSTIC_SYNTHETIC_VALUE,ONE_SHARED_POOL_PER_UNORDERED_PAIR
122000000000,122,pool_v2v_veh_10_veh_11,veh_10,veh_11,DIRECT_V2V,10000000,DIAGNOSTIC_SYNTHETIC_VALUE,ONE_SHARED_POOL_PER_UNORDERED_PAIR
123000000000,123,pool_v2v_veh_0_veh_1,veh_0,veh_1,DIRECT_V2V,10000000,DIAGNOSTIC_SYNTHETIC_VALUE,ONE_SHARED_POOL_PER_UNORDERED_PAIR
123000000000,123,pool_v2v_veh_0_veh_2,veh_0,veh_2,DIRECT_V2V,10000000,DIAGNOSTIC_SYNTHETIC_VALUE,ONE_SHARED_POOL_PER_UNORDERED_PAIR
123000000000,123,pool_v2v_veh_0_veh_3,veh_0,veh_3,DIRECT_V2V,10000000,DIAGNOSTIC_SYNTHETIC_VALUE,ONE_SHARED_POOL_PER_UNORDERED_PAIR
123000000000,123,pool_v2v_veh_0_veh_4,veh_0,veh_4,DIRECT_V2V,10000000,DIAGNOSTIC_SYNTHETIC_VALUE,ONE_SHARED_POOL_PER_UNORDERED_PAIR
123000000000,123,pool_v2v_veh_0_veh_5,veh_0,veh_5,DIRECT_V2V,10000000,DIAGNOSTIC_SYNTHETIC_VALUE,ONE_SHARED_POOL_PER_UNORDERED_PAIR
123000000000,123,pool_v2v_veh_1_veh_2,veh_1,veh_2,DIRECT_V2V,10000000,DIAGNOSTIC_SYNTHETIC_VALUE,ONE_SHARED_POOL_PER_UNORDERED_PAIR
123000000000,123,pool_v2v_veh_1_veh_3,veh_1,veh_3,DIRECT_V2V,10000000,DIAGNOSTIC_SYNTHETIC_VALUE,ONE_SHARED_POOL_PER_UNORDERED_PAIR
123000000000,123,pool_v2v_veh_1_veh_4,veh_1,veh_4,DIRECT_V2V,10000000,DIAGNOSTIC_SYNTHETIC_VALUE,ONE_SHARED_POOL_PER_UNORDERED_PAIR
123000000000,123,pool_v2v_veh_1_veh_5,veh_1,veh_5,DIRECT_V2V,10000000,DIAGNOSTIC_SYNTHETIC_VALUE,ONE_SHARED_POOL_PER_UNORDERED_PAIR
123000000000,123,pool_v2v_veh_1_veh_6,veh_1,veh_6,DIRECT_V2V,10000000,DIAGNOSTIC_SYNTHETIC_VALUE,ONE_SHARED_POOL_PER_UNORDERED_PAIR
123000000000,123,pool_v2v_veh_2_veh_3,veh_2,veh_3,DIRECT_V2V,10000000,DIAGNOSTIC_SYNTHETIC_VALUE,ONE_SHARED_POOL_PER_UNORDERED_PAIR
123000000000,123,pool_v2v_veh_2_veh_4,veh_2,veh_4,DIRECT_V2V,10000000,DIAGNOSTIC_SYNTHETIC_VALUE,ONE_SHARED_POOL_PER_UNORDERED_PAIR
123000000000,123,pool_v2v_veh_2_veh_5,veh_2,veh_5,DIRECT_V2V,10000000,DIAGNOSTIC_SYNTHETIC_VALUE,ONE_SHARED_POOL_PER_UNORDERED_PAIR
123000000000,123,pool_v2v_veh_2_veh_6,veh_2,veh_6,DIRECT_V2V,10000000,DIAGNOSTIC_SYNTHETIC_VALUE,ONE_SHARED_POOL_PER_UNORDERED_PAIR
123000000000,123,pool_v2v_veh_2_veh_7,veh_2,veh_7,DIRECT_V2V,10000000,DIAGNOSTIC_SYNTHETIC_VALUE,ONE_SHARED_POOL_PER_UNORDERED_PAIR
123000000000,123,pool_v2v_veh_3_veh_4,veh_3,veh_4,DIRECT_V2V,10000000,DIAGNOSTIC_SYNTHETIC_VALUE,ONE_SHARED_POOL_PER_UNORDERED_PAIR
123000000000,123,pool_v2v_veh_3_veh_5,veh_3,veh_5,DIRECT_V2V,10000000,DIAGNOSTIC_SYNTHETIC_VALUE,ONE_SHARED_POOL_PER_UNORDERED_PAIR
123000000000,123,pool_v2v_veh_3_veh_6,veh_3,veh_6,DIRECT_V2V,10000000,DIAGNOSTIC_SYNTHETIC_VALUE,ONE_SHARED_POOL_PER_UNORDERED_PAIR
123000000000,123,pool_v2v_veh_3_veh_7,veh_3,veh_7,DIRECT_V2V,10000000,DIAGNOSTIC_SYNTHETIC_VALUE,ONE_SHARED_POOL_PER_UNORDERED_PAIR
123000000000,123,pool_v2v_veh_3_veh_8,veh_3,veh_8,DIRECT_V2V,10000000,DIAGNOSTIC_SYNTHETIC_VALUE,ONE_SHARED_POOL_PER_UNORDERED_PAIR
123000000000,123,pool_v2v_veh_4_veh_5,veh_4,veh_5,DIRECT_V2V,10000000,DIAGNOSTIC_SYNTHETIC_VALUE,ONE_SHARED_POOL_PER_UNORDERED_PAIR
123000000000,123,pool_v2v_veh_4_veh_6,veh_4,veh_6,DIRECT_V2V,10000000,DIAGNOSTIC_SYNTHETIC_VALUE,ONE_SHARED_POOL_PER_UNORDERED_PAIR
123000000000,123,pool_v2v_veh_4_veh_7,veh_4,veh_7,DIRECT_V2V,10000000,DIAGNOSTIC_SYNTHETIC_VALUE,ONE_SHARED_POOL_PER_UNORDERED_PAIR
123000000000,123,pool_v2v_veh_4_veh_8,veh_4,veh_8,DIRECT_V2V,10000000,DIAGNOSTIC_SYNTHETIC_VALUE,ONE_SHARED_POOL_PER_UNORDERED_PAIR
123000000000,123,pool_v2v_veh_4_veh_9,veh_4,veh_9,DIRECT_V2V,10000000,DIAGNOSTIC_SYNTHETIC_VALUE,ONE_SHARED_POOL_PER_UNORDERED_PAIR
123000000000,123,pool_v2v_veh_5_veh_6,veh_5,veh_6,DIRECT_V2V,10000000,DIAGNOSTIC_SYNTHETIC_VALUE,ONE_SHARED_POOL_PER_UNORDERED_PAIR
123000000000,123,pool_v2v_veh_5_veh_7,veh_5,veh_7,DIRECT_V2V,10000000,DIAGNOSTIC_SYNTHETIC_VALUE,ONE_SHARED_POOL_PER_UNORDERED_PAIR
123000000000,123,pool_v2v_veh_5_veh_8,veh_5,veh_8,DIRECT_V2V,10000000,DIAGNOSTIC_SYNTHETIC_VALUE,ONE_SHARED_POOL_PER_UNORDERED_PAIR
123000000000,123,pool_v2v_veh_5_veh_9,veh_5,veh_9,DIRECT_V2V,10000000,DIAGNOSTIC_SYNTHETIC_VALUE,ONE_SHARED_POOL_PER_UNORDERED_PAIR
123000000000,123,pool_v2v_veh_5_veh_10,veh_5,veh_10,DIRECT_V2V,10000000,DIAGNOSTIC_SYNTHETIC_VALUE,ONE_SHARED_POOL_PER_UNORDERED_PAIR
123000000000,123,pool_v2v_veh_6_veh_7,veh_6,veh_7,DIRECT_V2V,10000000,DIAGNOSTIC_SYNTHETIC_VALUE,ONE_SHARED_POOL_PER_UNORDERED_PAIR
123000000000,123,pool_v2v_veh_6_veh_8,veh_6,veh_8,DIRECT_V2V,10000000,DIAGNOSTIC_SYNTHETIC_VALUE,ONE_SHARED_POOL_PER_UNORDERED_PAIR
123000000000,123,pool_v2v_veh_6_veh_9,veh_6,veh_9,DIRECT_V2V,10000000,DIAGNOSTIC_SYNTHETIC_VALUE,ONE_SHARED_POOL_PER_UNORDERED_PAIR
123000000000,123,pool_v2v_veh_6_veh_10,veh_6,veh_10,DIRECT_V2V,10000000,DIAGNOSTIC_SYNTHETIC_VALUE,ONE_SHARED_POOL_PER_UNORDERED_PAIR
123000000000,123,pool_v2v_veh_6_veh_11,veh_6,veh_11,DIRECT_V2V,10000000,DIAGNOSTIC_SYNTHETIC_VALUE,ONE_SHARED_POOL_PER_UNORDERED_PAIR
123000000000,123,pool_v2v_veh_7_veh_8,veh_7,veh_8,DIRECT_V2V,10000000,DIAGNOSTIC_SYNTHETIC_VALUE,ONE_SHARED_POOL_PER_UNORDERED_PAIR
123000000000,123,pool_v2v_veh_7_veh_9,veh_7,veh_9,DIRECT_V2V,10000000,DIAGNOSTIC_SYNTHETIC_VALUE,ONE_SHARED_POOL_PER_UNORDERED_PAIR
123000000000,123,pool_v2v_veh_7_veh_10,veh_7,veh_10,DIRECT_V2V,10000000,DIAGNOSTIC_SYNTHETIC_VALUE,ONE_SHARED_POOL_PER_UNORDERED_PAIR
123000000000,123,pool_v2v_veh_7_veh_11,veh_7,veh_11,DIRECT_V2V,10000000,DIAGNOSTIC_SYNTHETIC_VALUE,ONE_SHARED_POOL_PER_UNORDERED_PAIR
123000000000,123,pool_v2v_veh_8_veh_9,veh_8,veh_9,DIRECT_V2V,10000000,DIAGNOSTIC_SYNTHETIC_VALUE,ONE_SHARED_POOL_PER_UNORDERED_PAIR
123000000000,123,pool_v2v_veh_8_veh_10,veh_8,veh_10,DIRECT_V2V,10000000,DIAGNOSTIC_SYNTHETIC_VALUE,ONE_SHARED_POOL_PER_UNORDERED_PAIR
123000000000,123,pool_v2v_veh_8_veh_11,veh_8,veh_11,DIRECT_V2V,10000000,DIAGNOSTIC_SYNTHETIC_VALUE,ONE_SHARED_POOL_PER_UNORDERED_PAIR
123000000000,123,pool_v2v_veh_9_veh_10,veh_9,veh_10,DIRECT_V2V,10000000,DIAGNOSTIC_SYNTHETIC_VALUE,ONE_SHARED_POOL_PER_UNORDERED_PAIR
123000000000,123,pool_v2v_veh_9_veh_11,veh_9,veh_11,DIRECT_V2V,10000000,DIAGNOSTIC_SYNTHETIC_VALUE,ONE_SHARED_POOL_PER_UNORDERED_PAIR
123000000000,123,pool_v2v_veh_10_veh_11,veh_10,veh_11,DIRECT_V2V,10000000,DIAGNOSTIC_SYNTHETIC_VALUE,ONE_SHARED_POOL_PER_UNORDERED_PAIR
124000000000,124,pool_v2v_veh_0_veh_1,veh_0,veh_1,DIRECT_V2V,10000000,DIAGNOSTIC_SYNTHETIC_VALUE,ONE_SHARED_POOL_PER_UNORDERED_PAIR
124000000000,124,pool_v2v_veh_0_veh_2,veh_0,veh_2,DIRECT_V2V,10000000,DIAGNOSTIC_SYNTHETIC_VALUE,ONE_SHARED_POOL_PER_UNORDERED_PAIR
124000000000,124,pool_v2v_veh_0_veh_3,veh_0,veh_3,DIRECT_V2V,10000000,DIAGNOSTIC_SYNTHETIC_VALUE,ONE_SHARED_POOL_PER_UNORDERED_PAIR
124000000000,124,pool_v2v_veh_0_veh_4,veh_0,veh_4,DIRECT_V2V,10000000,DIAGNOSTIC_SYNTHETIC_VALUE,ONE_SHARED_POOL_PER_UNORDERED_PAIR
124000000000,124,pool_v2v_veh_0_veh_5,veh_0,veh_5,DIRECT_V2V,10000000,DIAGNOSTIC_SYNTHETIC_VALUE,ONE_SHARED_POOL_PER_UNORDERED_PAIR
124000000000,124,pool_v2v_veh_1_veh_2,veh_1,veh_2,DIRECT_V2V,10000000,DIAGNOSTIC_SYNTHETIC_VALUE,ONE_SHARED_POOL_PER_UNORDERED_PAIR
124000000000,124,pool_v2v_veh_1_veh_3,veh_1,veh_3,DIRECT_V2V,10000000,DIAGNOSTIC_SYNTHETIC_VALUE,ONE_SHARED_POOL_PER_UNORDERED_PAIR
124000000000,124,pool_v2v_veh_1_veh_4,veh_1,veh_4,DIRECT_V2V,10000000,DIAGNOSTIC_SYNTHETIC_VALUE,ONE_SHARED_POOL_PER_UNORDERED_PAIR
124000000000,124,pool_v2v_veh_1_veh_5,veh_1,veh_5,DIRECT_V2V,10000000,DIAGNOSTIC_SYNTHETIC_VALUE,ONE_SHARED_POOL_PER_UNORDERED_PAIR
124000000000,124,pool_v2v_veh_1_veh_6,veh_1,veh_6,DIRECT_V2V,10000000,DIAGNOSTIC_SYNTHETIC_VALUE,ONE_SHARED_POOL_PER_UNORDERED_PAIR
124000000000,124,pool_v2v_veh_2_veh_3,veh_2,veh_3,DIRECT_V2V,10000000,DIAGNOSTIC_SYNTHETIC_VALUE,ONE_SHARED_POOL_PER_UNORDERED_PAIR
124000000000,124,pool_v2v_veh_2_veh_4,veh_2,veh_4,DIRECT_V2V,10000000,DIAGNOSTIC_SYNTHETIC_VALUE,ONE_SHARED_POOL_PER_UNORDERED_PAIR
124000000000,124,pool_v2v_veh_2_veh_5,veh_2,veh_5,DIRECT_V2V,10000000,DIAGNOSTIC_SYNTHETIC_VALUE,ONE_SHARED_POOL_PER_UNORDERED_PAIR
124000000000,124,pool_v2v_veh_2_veh_6,veh_2,veh_6,DIRECT_V2V,10000000,DIAGNOSTIC_SYNTHETIC_VALUE,ONE_SHARED_POOL_PER_UNORDERED_PAIR
124000000000,124,pool_v2v_veh_2_veh_7,veh_2,veh_7,DIRECT_V2V,10000000,DIAGNOSTIC_SYNTHETIC_VALUE,ONE_SHARED_POOL_PER_UNORDERED_PAIR
124000000000,124,pool_v2v_veh_3_veh_4,veh_3,veh_4,DIRECT_V2V,10000000,DIAGNOSTIC_SYNTHETIC_VALUE,ONE_SHARED_POOL_PER_UNORDERED_PAIR
124000000000,124,pool_v2v_veh_3_veh_5,veh_3,veh_5,DIRECT_V2V,10000000,DIAGNOSTIC_SYNTHETIC_VALUE,ONE_SHARED_POOL_PER_UNORDERED_PAIR
124000000000,124,pool_v2v_veh_3_veh_6,veh_3,veh_6,DIRECT_V2V,10000000,DIAGNOSTIC_SYNTHETIC_VALUE,ONE_SHARED_POOL_PER_UNORDERED_PAIR
124000000000,124,pool_v2v_veh_3_veh_7,veh_3,veh_7,DIRECT_V2V,10000000,DIAGNOSTIC_SYNTHETIC_VALUE,ONE_SHARED_POOL_PER_UNORDERED_PAIR
124000000000,124,pool_v2v_veh_3_veh_8,veh_3,veh_8,DIRECT_V2V,10000000,DIAGNOSTIC_SYNTHETIC_VALUE,ONE_SHARED_POOL_PER_UNORDERED_PAIR
124000000000,124,pool_v2v_veh_4_veh_5,veh_4,veh_5,DIRECT_V2V,10000000,DIAGNOSTIC_SYNTHETIC_VALUE,ONE_SHARED_POOL_PER_UNORDERED_PAIR
124000000000,124,pool_v2v_veh_4_veh_6,veh_4,veh_6,DIRECT_V2V,10000000,DIAGNOSTIC_SYNTHETIC_VALUE,ONE_SHARED_POOL_PER_UNORDERED_PAIR
124000000000,124,pool_v2v_veh_4_veh_7,veh_4,veh_7,DIRECT_V2V,10000000,DIAGNOSTIC_SYNTHETIC_VALUE,ONE_SHARED_POOL_PER_UNORDERED_PAIR
124000000000,124,pool_v2v_veh_4_veh_8,veh_4,veh_8,DIRECT_V2V,10000000,DIAGNOSTIC_SYNTHETIC_VALUE,ONE_SHARED_POOL_PER_UNORDERED_PAIR
124000000000,124,pool_v2v_veh_4_veh_9,veh_4,veh_9,DIRECT_V2V,10000000,DIAGNOSTIC_SYNTHETIC_VALUE,ONE_SHARED_POOL_PER_UNORDERED_PAIR
124000000000,124,pool_v2v_veh_5_veh_6,veh_5,veh_6,DIRECT_V2V,10000000,DIAGNOSTIC_SYNTHETIC_VALUE,ONE_SHARED_POOL_PER_UNORDERED_PAIR
124000000000,124,pool_v2v_veh_5_veh_7,veh_5,veh_7,DIRECT_V2V,10000000,DIAGNOSTIC_SYNTHETIC_VALUE,ONE_SHARED_POOL_PER_UNORDERED_PAIR
124000000000,124,pool_v2v_veh_5_veh_8,veh_5,veh_8,DIRECT_V2V,10000000,DIAGNOSTIC_SYNTHETIC_VALUE,ONE_SHARED_POOL_PER_UNORDERED_PAIR
124000000000,124,pool_v2v_veh_5_veh_9,veh_5,veh_9,DIRECT_V2V,10000000,DIAGNOSTIC_SYNTHETIC_VALUE,ONE_SHARED_POOL_PER_UNORDERED_PAIR
124000000000,124,pool_v2v_veh_5_veh_10,veh_5,veh_10,DIRECT_V2V,10000000,DIAGNOSTIC_SYNTHETIC_VALUE,ONE_SHARED_POOL_PER_UNORDERED_PAIR
124000000000,124,pool_v2v_veh_6_veh_7,veh_6,veh_7,DIRECT_V2V,10000000,DIAGNOSTIC_SYNTHETIC_VALUE,ONE_SHARED_POOL_PER_UNORDERED_PAIR
124000000000,124,pool_v2v_veh_6_veh_8,veh_6,veh_8,DIRECT_V2V,10000000,DIAGNOSTIC_SYNTHETIC_VALUE,ONE_SHARED_POOL_PER_UNORDERED_PAIR
124000000000,124,pool_v2v_veh_6_veh_9,veh_6,veh_9,DIRECT_V2V,10000000,DIAGNOSTIC_SYNTHETIC_VALUE,ONE_SHARED_POOL_PER_UNORDERED_PAIR
124000000000,124,pool_v2v_veh_6_veh_10,veh_6,veh_10,DIRECT_V2V,10000000,DIAGNOSTIC_SYNTHETIC_VALUE,ONE_SHARED_POOL_PER_UNORDERED_PAIR
124000000000,124,pool_v2v_veh_6_veh_11,veh_6,veh_11,DIRECT_V2V,10000000,DIAGNOSTIC_SYNTHETIC_VALUE,ONE_SHARED_POOL_PER_UNORDERED_PAIR
124000000000,124,pool_v2v_veh_7_veh_8,veh_7,veh_8,DIRECT_V2V,10000000,DIAGNOSTIC_SYNTHETIC_VALUE,ONE_SHARED_POOL_PER_UNORDERED_PAIR
124000000000,124,pool_v2v_veh_7_veh_9,veh_7,veh_9,DIRECT_V2V,10000000,DIAGNOSTIC_SYNTHETIC_VALUE,ONE_SHARED_POOL_PER_UNORDERED_PAIR
124000000000,124,pool_v2v_veh_7_veh_10,veh_7,veh_10,DIRECT_V2V,10000000,DIAGNOSTIC_SYNTHETIC_VALUE,ONE_SHARED_POOL_PER_UNORDERED_PAIR
124000000000,124,pool_v2v_veh_7_veh_11,veh_7,veh_11,DIRECT_V2V,10000000,DIAGNOSTIC_SYNTHETIC_VALUE,ONE_SHARED_POOL_PER_UNORDERED_PAIR
124000000000,124,pool_v2v_veh_8_veh_9,veh_8,veh_9,DIRECT_V2V,10000000,DIAGNOSTIC_SYNTHETIC_VALUE,ONE_SHARED_POOL_PER_UNORDERED_PAIR
124000000000,124,pool_v2v_veh_8_veh_10,veh_8,veh_10,DIRECT_V2V,10000000,DIAGNOSTIC_SYNTHETIC_VALUE,ONE_SHARED_POOL_PER_UNORDERED_PAIR
124000000000,124,pool_v2v_veh_8_veh_11,veh_8,veh_11,DIRECT_V2V,10000000,DIAGNOSTIC_SYNTHETIC_VALUE,ONE_SHARED_POOL_PER_UNORDERED_PAIR
124000000000,124,pool_v2v_veh_9_veh_10,veh_9,veh_10,DIRECT_V2V,10000000,DIAGNOSTIC_SYNTHETIC_VALUE,ONE_SHARED_POOL_PER_UNORDERED_PAIR
124000000000,124,pool_v2v_veh_9_veh_11,veh_9,veh_11,DIRECT_V2V,10000000,DIAGNOSTIC_SYNTHETIC_VALUE,ONE_SHARED_POOL_PER_UNORDERED_PAIR
124000000000,124,pool_v2v_veh_10_veh_11,veh_10,veh_11,DIRECT_V2V,10000000,DIAGNOSTIC_SYNTHETIC_VALUE,ONE_SHARED_POOL_PER_UNORDERED_PAIR
125000000000,125,pool_v2v_veh_0_veh_1,veh_0,veh_1,DIRECT_V2V,10000000,DIAGNOSTIC_SYNTHETIC_VALUE,ONE_SHARED_POOL_PER_UNORDERED_PAIR
125000000000,125,pool_v2v_veh_0_veh_2,veh_0,veh_2,DIRECT_V2V,10000000,DIAGNOSTIC_SYNTHETIC_VALUE,ONE_SHARED_POOL_PER_UNORDERED_PAIR
125000000000,125,pool_v2v_veh_0_veh_3,veh_0,veh_3,DIRECT_V2V,10000000,DIAGNOSTIC_SYNTHETIC_VALUE,ONE_SHARED_POOL_PER_UNORDERED_PAIR
125000000000,125,pool_v2v_veh_0_veh_4,veh_0,veh_4,DIRECT_V2V,10000000,DIAGNOSTIC_SYNTHETIC_VALUE,ONE_SHARED_POOL_PER_UNORDERED_PAIR
125000000000,125,pool_v2v_veh_0_veh_5,veh_0,veh_5,DIRECT_V2V,10000000,DIAGNOSTIC_SYNTHETIC_VALUE,ONE_SHARED_POOL_PER_UNORDERED_PAIR
125000000000,125,pool_v2v_veh_1_veh_2,veh_1,veh_2,DIRECT_V2V,10000000,DIAGNOSTIC_SYNTHETIC_VALUE,ONE_SHARED_POOL_PER_UNORDERED_PAIR
125000000000,125,pool_v2v_veh_1_veh_3,veh_1,veh_3,DIRECT_V2V,10000000,DIAGNOSTIC_SYNTHETIC_VALUE,ONE_SHARED_POOL_PER_UNORDERED_PAIR
125000000000,125,pool_v2v_veh_1_veh_4,veh_1,veh_4,DIRECT_V2V,10000000,DIAGNOSTIC_SYNTHETIC_VALUE,ONE_SHARED_POOL_PER_UNORDERED_PAIR
125000000000,125,pool_v2v_veh_1_veh_5,veh_1,veh_5,DIRECT_V2V,10000000,DIAGNOSTIC_SYNTHETIC_VALUE,ONE_SHARED_POOL_PER_UNORDERED_PAIR
125000000000,125,pool_v2v_veh_1_veh_6,veh_1,veh_6,DIRECT_V2V,10000000,DIAGNOSTIC_SYNTHETIC_VALUE,ONE_SHARED_POOL_PER_UNORDERED_PAIR
125000000000,125,pool_v2v_veh_2_veh_3,veh_2,veh_3,DIRECT_V2V,10000000,DIAGNOSTIC_SYNTHETIC_VALUE,ONE_SHARED_POOL_PER_UNORDERED_PAIR
125000000000,125,pool_v2v_veh_2_veh_4,veh_2,veh_4,DIRECT_V2V,10000000,DIAGNOSTIC_SYNTHETIC_VALUE,ONE_SHARED_POOL_PER_UNORDERED_PAIR
125000000000,125,pool_v2v_veh_2_veh_5,veh_2,veh_5,DIRECT_V2V,10000000,DIAGNOSTIC_SYNTHETIC_VALUE,ONE_SHARED_POOL_PER_UNORDERED_PAIR
125000000000,125,pool_v2v_veh_2_veh_6,veh_2,veh_6,DIRECT_V2V,10000000,DIAGNOSTIC_SYNTHETIC_VALUE,ONE_SHARED_POOL_PER_UNORDERED_PAIR
125000000000,125,pool_v2v_veh_2_veh_7,veh_2,veh_7,DIRECT_V2V,10000000,DIAGNOSTIC_SYNTHETIC_VALUE,ONE_SHARED_POOL_PER_UNORDERED_PAIR
125000000000,125,pool_v2v_veh_3_veh_4,veh_3,veh_4,DIRECT_V2V,10000000,DIAGNOSTIC_SYNTHETIC_VALUE,ONE_SHARED_POOL_PER_UNORDERED_PAIR
125000000000,125,pool_v2v_veh_3_veh_5,veh_3,veh_5,DIRECT_V2V,10000000,DIAGNOSTIC_SYNTHETIC_VALUE,ONE_SHARED_POOL_PER_UNORDERED_PAIR
125000000000,125,pool_v2v_veh_3_veh_6,veh_3,veh_6,DIRECT_V2V,10000000,DIAGNOSTIC_SYNTHETIC_VALUE,ONE_SHARED_POOL_PER_UNORDERED_PAIR
125000000000,125,pool_v2v_veh_3_veh_7,veh_3,veh_7,DIRECT_V2V,10000000,DIAGNOSTIC_SYNTHETIC_VALUE,ONE_SHARED_POOL_PER_UNORDERED_PAIR
125000000000,125,pool_v2v_veh_3_veh_8,veh_3,veh_8,DIRECT_V2V,10000000,DIAGNOSTIC_SYNTHETIC_VALUE,ONE_SHARED_POOL_PER_UNORDERED_PAIR
125000000000,125,pool_v2v_veh_4_veh_5,veh_4,veh_5,DIRECT_V2V,10000000,DIAGNOSTIC_SYNTHETIC_VALUE,ONE_SHARED_POOL_PER_UNORDERED_PAIR
125000000000,125,pool_v2v_veh_4_veh_6,veh_4,veh_6,DIRECT_V2V,10000000,DIAGNOSTIC_SYNTHETIC_VALUE,ONE_SHARED_POOL_PER_UNORDERED_PAIR
125000000000,125,pool_v2v_veh_4_veh_7,veh_4,veh_7,DIRECT_V2V,10000000,DIAGNOSTIC_SYNTHETIC_VALUE,ONE_SHARED_POOL_PER_UNORDERED_PAIR
125000000000,125,pool_v2v_veh_4_veh_8,veh_4,veh_8,DIRECT_V2V,10000000,DIAGNOSTIC_SYNTHETIC_VALUE,ONE_SHARED_POOL_PER_UNORDERED_PAIR
125000000000,125,pool_v2v_veh_4_veh_9,veh_4,veh_9,DIRECT_V2V,10000000,DIAGNOSTIC_SYNTHETIC_VALUE,ONE_SHARED_POOL_PER_UNORDERED_PAIR
125000000000,125,pool_v2v_veh_5_veh_6,veh_5,veh_6,DIRECT_V2V,10000000,DIAGNOSTIC_SYNTHETIC_VALUE,ONE_SHARED_POOL_PER_UNORDERED_PAIR
125000000000,125,pool_v2v_veh_5_veh_7,veh_5,veh_7,DIRECT_V2V,10000000,DIAGNOSTIC_SYNTHETIC_VALUE,ONE_SHARED_POOL_PER_UNORDERED_PAIR
125000000000,125,pool_v2v_veh_5_veh_8,veh_5,veh_8,DIRECT_V2V,10000000,DIAGNOSTIC_SYNTHETIC_VALUE,ONE_SHARED_POOL_PER_UNORDERED_PAIR
125000000000,125,pool_v2v_veh_5_veh_9,veh_5,veh_9,DIRECT_V2V,10000000,DIAGNOSTIC_SYNTHETIC_VALUE,ONE_SHARED_POOL_PER_UNORDERED_PAIR
125000000000,125,pool_v2v_veh_5_veh_10,veh_5,veh_10,DIRECT_V2V,10000000,DIAGNOSTIC_SYNTHETIC_VALUE,ONE_SHARED_POOL_PER_UNORDERED_PAIR
125000000000,125,pool_v2v_veh_6_veh_7,veh_6,veh_7,DIRECT_V2V,10000000,DIAGNOSTIC_SYNTHETIC_VALUE,ONE_SHARED_POOL_PER_UNORDERED_PAIR
125000000000,125,pool_v2v_veh_6_veh_8,veh_6,veh_8,DIRECT_V2V,10000000,DIAGNOSTIC_SYNTHETIC_VALUE,ONE_SHARED_POOL_PER_UNORDERED_PAIR
125000000000,125,pool_v2v_veh_6_veh_9,veh_6,veh_9,DIRECT_V2V,10000000,DIAGNOSTIC_SYNTHETIC_VALUE,ONE_SHARED_POOL_PER_UNORDERED_PAIR
125000000000,125,pool_v2v_veh_6_veh_10,veh_6,veh_10,DIRECT_V2V,10000000,DIAGNOSTIC_SYNTHETIC_VALUE,ONE_SHARED_POOL_PER_UNORDERED_PAIR
125000000000,125,pool_v2v_veh_6_veh_11,veh_6,veh_11,DIRECT_V2V,10000000,DIAGNOSTIC_SYNTHETIC_VALUE,ONE_SHARED_POOL_PER_UNORDERED_PAIR
125000000000,125,pool_v2v_veh_7_veh_8,veh_7,veh_8,DIRECT_V2V,10000000,DIAGNOSTIC_SYNTHETIC_VALUE,ONE_SHARED_POOL_PER_UNORDERED_PAIR
125000000000,125,pool_v2v_veh_7_veh_9,veh_7,veh_9,DIRECT_V2V,10000000,DIAGNOSTIC_SYNTHETIC_VALUE,ONE_SHARED_POOL_PER_UNORDERED_PAIR
125000000000,125,pool_v2v_veh_7_veh_10,veh_7,veh_10,DIRECT_V2V,10000000,DIAGNOSTIC_SYNTHETIC_VALUE,ONE_SHARED_POOL_PER_UNORDERED_PAIR
125000000000,125,pool_v2v_veh_7_veh_11,veh_7,veh_11,DIRECT_V2V,10000000,DIAGNOSTIC_SYNTHETIC_VALUE,ONE_SHARED_POOL_PER_UNORDERED_PAIR
125000000000,125,pool_v2v_veh_8_veh_9,veh_8,veh_9,DIRECT_V2V,10000000,DIAGNOSTIC_SYNTHETIC_VALUE,ONE_SHARED_POOL_PER_UNORDERED_PAIR
125000000000,125,pool_v2v_veh_8_veh_10,veh_8,veh_10,DIRECT_V2V,10000000,DIAGNOSTIC_SYNTHETIC_VALUE,ONE_SHARED_POOL_PER_UNORDERED_PAIR
125000000000,125,pool_v2v_veh_8_veh_11,veh_8,veh_11,DIRECT_V2V,10000000,DIAGNOSTIC_SYNTHETIC_VALUE,ONE_SHARED_POOL_PER_UNORDERED_PAIR
125000000000,125,pool_v2v_veh_9_veh_10,veh_9,veh_10,DIRECT_V2V,10000000,DIAGNOSTIC_SYNTHETIC_VALUE,ONE_SHARED_POOL_PER_UNORDERED_PAIR
125000000000,125,pool_v2v_veh_9_veh_11,veh_9,veh_11,DIRECT_V2V,10000000,DIAGNOSTIC_SYNTHETIC_VALUE,ONE_SHARED_POOL_PER_UNORDERED_PAIR
125000000000,125,pool_v2v_veh_10_veh_11,veh_10,veh_11,DIRECT_V2V,10000000,DIAGNOSTIC_SYNTHETIC_VALUE,ONE_SHARED_POOL_PER_UNORDERED_PAIR
126000000000,126,pool_v2v_veh_0_veh_1,veh_0,veh_1,DIRECT_V2V,10000000,DIAGNOSTIC_SYNTHETIC_VALUE,ONE_SHARED_POOL_PER_UNORDERED_PAIR
126000000000,126,pool_v2v_veh_0_veh_2,veh_0,veh_2,DIRECT_V2V,10000000,DIAGNOSTIC_SYNTHETIC_VALUE,ONE_SHARED_POOL_PER_UNORDERED_PAIR
126000000000,126,pool_v2v_veh_0_veh_3,veh_0,veh_3,DIRECT_V2V,10000000,DIAGNOSTIC_SYNTHETIC_VALUE,ONE_SHARED_POOL_PER_UNORDERED_PAIR
126000000000,126,pool_v2v_veh_0_veh_4,veh_0,veh_4,DIRECT_V2V,10000000,DIAGNOSTIC_SYNTHETIC_VALUE,ONE_SHARED_POOL_PER_UNORDERED_PAIR
126000000000,126,pool_v2v_veh_0_veh_5,veh_0,veh_5,DIRECT_V2V,10000000,DIAGNOSTIC_SYNTHETIC_VALUE,ONE_SHARED_POOL_PER_UNORDERED_PAIR
126000000000,126,pool_v2v_veh_1_veh_2,veh_1,veh_2,DIRECT_V2V,10000000,DIAGNOSTIC_SYNTHETIC_VALUE,ONE_SHARED_POOL_PER_UNORDERED_PAIR
126000000000,126,pool_v2v_veh_1_veh_3,veh_1,veh_3,DIRECT_V2V,10000000,DIAGNOSTIC_SYNTHETIC_VALUE,ONE_SHARED_POOL_PER_UNORDERED_PAIR
126000000000,126,pool_v2v_veh_1_veh_4,veh_1,veh_4,DIRECT_V2V,10000000,DIAGNOSTIC_SYNTHETIC_VALUE,ONE_SHARED_POOL_PER_UNORDERED_PAIR
126000000000,126,pool_v2v_veh_1_veh_5,veh_1,veh_5,DIRECT_V2V,10000000,DIAGNOSTIC_SYNTHETIC_VALUE,ONE_SHARED_POOL_PER_UNORDERED_PAIR
126000000000,126,pool_v2v_veh_1_veh_6,veh_1,veh_6,DIRECT_V2V,10000000,DIAGNOSTIC_SYNTHETIC_VALUE,ONE_SHARED_POOL_PER_UNORDERED_PAIR
126000000000,126,pool_v2v_veh_2_veh_3,veh_2,veh_3,DIRECT_V2V,10000000,DIAGNOSTIC_SYNTHETIC_VALUE,ONE_SHARED_POOL_PER_UNORDERED_PAIR
126000000000,126,pool_v2v_veh_2_veh_4,veh_2,veh_4,DIRECT_V2V,10000000,DIAGNOSTIC_SYNTHETIC_VALUE,ONE_SHARED_POOL_PER_UNORDERED_PAIR
126000000000,126,pool_v2v_veh_2_veh_5,veh_2,veh_5,DIRECT_V2V,10000000,DIAGNOSTIC_SYNTHETIC_VALUE,ONE_SHARED_POOL_PER_UNORDERED_PAIR
126000000000,126,pool_v2v_veh_2_veh_6,veh_2,veh_6,DIRECT_V2V,10000000,DIAGNOSTIC_SYNTHETIC_VALUE,ONE_SHARED_POOL_PER_UNORDERED_PAIR
126000000000,126,pool_v2v_veh_2_veh_7,veh_2,veh_7,DIRECT_V2V,10000000,DIAGNOSTIC_SYNTHETIC_VALUE,ONE_SHARED_POOL_PER_UNORDERED_PAIR
126000000000,126,pool_v2v_veh_3_veh_4,veh_3,veh_4,DIRECT_V2V,10000000,DIAGNOSTIC_SYNTHETIC_VALUE,ONE_SHARED_POOL_PER_UNORDERED_PAIR
126000000000,126,pool_v2v_veh_3_veh_5,veh_3,veh_5,DIRECT_V2V,10000000,DIAGNOSTIC_SYNTHETIC_VALUE,ONE_SHARED_POOL_PER_UNORDERED_PAIR
126000000000,126,pool_v2v_veh_3_veh_6,veh_3,veh_6,DIRECT_V2V,10000000,DIAGNOSTIC_SYNTHETIC_VALUE,ONE_SHARED_POOL_PER_UNORDERED_PAIR
126000000000,126,pool_v2v_veh_3_veh_7,veh_3,veh_7,DIRECT_V2V,10000000,DIAGNOSTIC_SYNTHETIC_VALUE,ONE_SHARED_POOL_PER_UNORDERED_PAIR
126000000000,126,pool_v2v_veh_3_veh_8,veh_3,veh_8,DIRECT_V2V,10000000,DIAGNOSTIC_SYNTHETIC_VALUE,ONE_SHARED_POOL_PER_UNORDERED_PAIR
126000000000,126,pool_v2v_veh_4_veh_5,veh_4,veh_5,DIRECT_V2V,10000000,DIAGNOSTIC_SYNTHETIC_VALUE,ONE_SHARED_POOL_PER_UNORDERED_PAIR
126000000000,126,pool_v2v_veh_4_veh_6,veh_4,veh_6,DIRECT_V2V,10000000,DIAGNOSTIC_SYNTHETIC_VALUE,ONE_SHARED_POOL_PER_UNORDERED_PAIR
126000000000,126,pool_v2v_veh_4_veh_7,veh_4,veh_7,DIRECT_V2V,10000000,DIAGNOSTIC_SYNTHETIC_VALUE,ONE_SHARED_POOL_PER_UNORDERED_PAIR
126000000000,126,pool_v2v_veh_4_veh_8,veh_4,veh_8,DIRECT_V2V,10000000,DIAGNOSTIC_SYNTHETIC_VALUE,ONE_SHARED_POOL_PER_UNORDERED_PAIR
126000000000,126,pool_v2v_veh_4_veh_9,veh_4,veh_9,DIRECT_V2V,10000000,DIAGNOSTIC_SYNTHETIC_VALUE,ONE_SHARED_POOL_PER_UNORDERED_PAIR
126000000000,126,pool_v2v_veh_5_veh_6,veh_5,veh_6,DIRECT_V2V,10000000,DIAGNOSTIC_SYNTHETIC_VALUE,ONE_SHARED_POOL_PER_UNORDERED_PAIR
126000000000,126,pool_v2v_veh_5_veh_7,veh_5,veh_7,DIRECT_V2V,10000000,DIAGNOSTIC_SYNTHETIC_VALUE,ONE_SHARED_POOL_PER_UNORDERED_PAIR
126000000000,126,pool_v2v_veh_5_veh_8,veh_5,veh_8,DIRECT_V2V,10000000,DIAGNOSTIC_SYNTHETIC_VALUE,ONE_SHARED_POOL_PER_UNORDERED_PAIR
126000000000,126,pool_v2v_veh_5_veh_9,veh_5,veh_9,DIRECT_V2V,10000000,DIAGNOSTIC_SYNTHETIC_VALUE,ONE_SHARED_POOL_PER_UNORDERED_PAIR
126000000000,126,pool_v2v_veh_5_veh_10,veh_5,veh_10,DIRECT_V2V,10000000,DIAGNOSTIC_SYNTHETIC_VALUE,ONE_SHARED_POOL_PER_UNORDERED_PAIR
126000000000,126,pool_v2v_veh_6_veh_7,veh_6,veh_7,DIRECT_V2V,10000000,DIAGNOSTIC_SYNTHETIC_VALUE,ONE_SHARED_POOL_PER_UNORDERED_PAIR
126000000000,126,pool_v2v_veh_6_veh_8,veh_6,veh_8,DIRECT_V2V,10000000,DIAGNOSTIC_SYNTHETIC_VALUE,ONE_SHARED_POOL_PER_UNORDERED_PAIR
126000000000,126,pool_v2v_veh_6_veh_9,veh_6,veh_9,DIRECT_V2V,10000000,DIAGNOSTIC_SYNTHETIC_VALUE,ONE_SHARED_POOL_PER_UNORDERED_PAIR
126000000000,126,pool_v2v_veh_6_veh_10,veh_6,veh_10,DIRECT_V2V,10000000,DIAGNOSTIC_SYNTHETIC_VALUE,ONE_SHARED_POOL_PER_UNORDERED_PAIR
126000000000,126,pool_v2v_veh_6_veh_11,veh_6,veh_11,DIRECT_V2V,10000000,DIAGNOSTIC_SYNTHETIC_VALUE,ONE_SHARED_POOL_PER_UNORDERED_PAIR
126000000000,126,pool_v2v_veh_7_veh_8,veh_7,veh_8,DIRECT_V2V,10000000,DIAGNOSTIC_SYNTHETIC_VALUE,ONE_SHARED_POOL_PER_UNORDERED_PAIR
126000000000,126,pool_v2v_veh_7_veh_9,veh_7,veh_9,DIRECT_V2V,10000000,DIAGNOSTIC_SYNTHETIC_VALUE,ONE_SHARED_POOL_PER_UNORDERED_PAIR
126000000000,126,pool_v2v_veh_7_veh_10,veh_7,veh_10,DIRECT_V2V,10000000,DIAGNOSTIC_SYNTHETIC_VALUE,ONE_SHARED_POOL_PER_UNORDERED_PAIR
126000000000,126,pool_v2v_veh_7_veh_11,veh_7,veh_11,DIRECT_V2V,10000000,DIAGNOSTIC_SYNTHETIC_VALUE,ONE_SHARED_POOL_PER_UNORDERED_PAIR
126000000000,126,pool_v2v_veh_8_veh_9,veh_8,veh_9,DIRECT_V2V,10000000,DIAGNOSTIC_SYNTHETIC_VALUE,ONE_SHARED_POOL_PER_UNORDERED_PAIR
126000000000,126,pool_v2v_veh_8_veh_10,veh_8,veh_10,DIRECT_V2V,10000000,DIAGNOSTIC_SYNTHETIC_VALUE,ONE_SHARED_POOL_PER_UNORDERED_PAIR
126000000000,126,pool_v2v_veh_8_veh_11,veh_8,veh_11,DIRECT_V2V,10000000,DIAGNOSTIC_SYNTHETIC_VALUE,ONE_SHARED_POOL_PER_UNORDERED_PAIR
126000000000,126,pool_v2v_veh_9_veh_10,veh_9,veh_10,DIRECT_V2V,10000000,DIAGNOSTIC_SYNTHETIC_VALUE,ONE_SHARED_POOL_PER_UNORDERED_PAIR
126000000000,126,pool_v2v_veh_9_veh_11,veh_9,veh_11,DIRECT_V2V,10000000,DIAGNOSTIC_SYNTHETIC_VALUE,ONE_SHARED_POOL_PER_UNORDERED_PAIR
126000000000,126,pool_v2v_veh_10_veh_11,veh_10,veh_11,DIRECT_V2V,10000000,DIAGNOSTIC_SYNTHETIC_VALUE,ONE_SHARED_POOL_PER_UNORDERED_PAIR
127000000000,127,pool_v2v_veh_0_veh_1,veh_0,veh_1,DIRECT_V2V,10000000,DIAGNOSTIC_SYNTHETIC_VALUE,ONE_SHARED_POOL_PER_UNORDERED_PAIR
127000000000,127,pool_v2v_veh_0_veh_2,veh_0,veh_2,DIRECT_V2V,10000000,DIAGNOSTIC_SYNTHETIC_VALUE,ONE_SHARED_POOL_PER_UNORDERED_PAIR
127000000000,127,pool_v2v_veh_0_veh_3,veh_0,veh_3,DIRECT_V2V,10000000,DIAGNOSTIC_SYNTHETIC_VALUE,ONE_SHARED_POOL_PER_UNORDERED_PAIR
127000000000,127,pool_v2v_veh_0_veh_4,veh_0,veh_4,DIRECT_V2V,10000000,DIAGNOSTIC_SYNTHETIC_VALUE,ONE_SHARED_POOL_PER_UNORDERED_PAIR
127000000000,127,pool_v2v_veh_0_veh_5,veh_0,veh_5,DIRECT_V2V,10000000,DIAGNOSTIC_SYNTHETIC_VALUE,ONE_SHARED_POOL_PER_UNORDERED_PAIR
127000000000,127,pool_v2v_veh_1_veh_2,veh_1,veh_2,DIRECT_V2V,10000000,DIAGNOSTIC_SYNTHETIC_VALUE,ONE_SHARED_POOL_PER_UNORDERED_PAIR
127000000000,127,pool_v2v_veh_1_veh_3,veh_1,veh_3,DIRECT_V2V,10000000,DIAGNOSTIC_SYNTHETIC_VALUE,ONE_SHARED_POOL_PER_UNORDERED_PAIR
127000000000,127,pool_v2v_veh_1_veh_4,veh_1,veh_4,DIRECT_V2V,10000000,DIAGNOSTIC_SYNTHETIC_VALUE,ONE_SHARED_POOL_PER_UNORDERED_PAIR
127000000000,127,pool_v2v_veh_1_veh_5,veh_1,veh_5,DIRECT_V2V,10000000,DIAGNOSTIC_SYNTHETIC_VALUE,ONE_SHARED_POOL_PER_UNORDERED_PAIR
127000000000,127,pool_v2v_veh_1_veh_6,veh_1,veh_6,DIRECT_V2V,10000000,DIAGNOSTIC_SYNTHETIC_VALUE,ONE_SHARED_POOL_PER_UNORDERED_PAIR
127000000000,127,pool_v2v_veh_2_veh_3,veh_2,veh_3,DIRECT_V2V,10000000,DIAGNOSTIC_SYNTHETIC_VALUE,ONE_SHARED_POOL_PER_UNORDERED_PAIR
127000000000,127,pool_v2v_veh_2_veh_4,veh_2,veh_4,DIRECT_V2V,10000000,DIAGNOSTIC_SYNTHETIC_VALUE,ONE_SHARED_POOL_PER_UNORDERED_PAIR
127000000000,127,pool_v2v_veh_2_veh_5,veh_2,veh_5,DIRECT_V2V,10000000,DIAGNOSTIC_SYNTHETIC_VALUE,ONE_SHARED_POOL_PER_UNORDERED_PAIR
127000000000,127,pool_v2v_veh_2_veh_6,veh_2,veh_6,DIRECT_V2V,10000000,DIAGNOSTIC_SYNTHETIC_VALUE,ONE_SHARED_POOL_PER_UNORDERED_PAIR
127000000000,127,pool_v2v_veh_2_veh_7,veh_2,veh_7,DIRECT_V2V,10000000,DIAGNOSTIC_SYNTHETIC_VALUE,ONE_SHARED_POOL_PER_UNORDERED_PAIR
127000000000,127,pool_v2v_veh_3_veh_4,veh_3,veh_4,DIRECT_V2V,10000000,DIAGNOSTIC_SYNTHETIC_VALUE,ONE_SHARED_POOL_PER_UNORDERED_PAIR
127000000000,127,pool_v2v_veh_3_veh_5,veh_3,veh_5,DIRECT_V2V,10000000,DIAGNOSTIC_SYNTHETIC_VALUE,ONE_SHARED_POOL_PER_UNORDERED_PAIR
127000000000,127,pool_v2v_veh_3_veh_6,veh_3,veh_6,DIRECT_V2V,10000000,DIAGNOSTIC_SYNTHETIC_VALUE,ONE_SHARED_POOL_PER_UNORDERED_PAIR
127000000000,127,pool_v2v_veh_3_veh_7,veh_3,veh_7,DIRECT_V2V,10000000,DIAGNOSTIC_SYNTHETIC_VALUE,ONE_SHARED_POOL_PER_UNORDERED_PAIR
127000000000,127,pool_v2v_veh_3_veh_8,veh_3,veh_8,DIRECT_V2V,10000000,DIAGNOSTIC_SYNTHETIC_VALUE,ONE_SHARED_POOL_PER_UNORDERED_PAIR
127000000000,127,pool_v2v_veh_4_veh_5,veh_4,veh_5,DIRECT_V2V,10000000,DIAGNOSTIC_SYNTHETIC_VALUE,ONE_SHARED_POOL_PER_UNORDERED_PAIR
127000000000,127,pool_v2v_veh_4_veh_6,veh_4,veh_6,DIRECT_V2V,10000000,DIAGNOSTIC_SYNTHETIC_VALUE,ONE_SHARED_POOL_PER_UNORDERED_PAIR
127000000000,127,pool_v2v_veh_4_veh_7,veh_4,veh_7,DIRECT_V2V,10000000,DIAGNOSTIC_SYNTHETIC_VALUE,ONE_SHARED_POOL_PER_UNORDERED_PAIR
127000000000,127,pool_v2v_veh_4_veh_8,veh_4,veh_8,DIRECT_V2V,10000000,DIAGNOSTIC_SYNTHETIC_VALUE,ONE_SHARED_POOL_PER_UNORDERED_PAIR
127000000000,127,pool_v2v_veh_4_veh_9,veh_4,veh_9,DIRECT_V2V,10000000,DIAGNOSTIC_SYNTHETIC_VALUE,ONE_SHARED_POOL_PER_UNORDERED_PAIR
127000000000,127,pool_v2v_veh_5_veh_6,veh_5,veh_6,DIRECT_V2V,10000000,DIAGNOSTIC_SYNTHETIC_VALUE,ONE_SHARED_POOL_PER_UNORDERED_PAIR
127000000000,127,pool_v2v_veh_5_veh_7,veh_5,veh_7,DIRECT_V2V,10000000,DIAGNOSTIC_SYNTHETIC_VALUE,ONE_SHARED_POOL_PER_UNORDERED_PAIR
127000000000,127,pool_v2v_veh_5_veh_8,veh_5,veh_8,DIRECT_V2V,10000000,DIAGNOSTIC_SYNTHETIC_VALUE,ONE_SHARED_POOL_PER_UNORDERED_PAIR
127000000000,127,pool_v2v_veh_5_veh_9,veh_5,veh_9,DIRECT_V2V,10000000,DIAGNOSTIC_SYNTHETIC_VALUE,ONE_SHARED_POOL_PER_UNORDERED_PAIR
127000000000,127,pool_v2v_veh_5_veh_10,veh_5,veh_10,DIRECT_V2V,10000000,DIAGNOSTIC_SYNTHETIC_VALUE,ONE_SHARED_POOL_PER_UNORDERED_PAIR
127000000000,127,pool_v2v_veh_6_veh_7,veh_6,veh_7,DIRECT_V2V,10000000,DIAGNOSTIC_SYNTHETIC_VALUE,ONE_SHARED_POOL_PER_UNORDERED_PAIR
127000000000,127,pool_v2v_veh_6_veh_8,veh_6,veh_8,DIRECT_V2V,10000000,DIAGNOSTIC_SYNTHETIC_VALUE,ONE_SHARED_POOL_PER_UNORDERED_PAIR
127000000000,127,pool_v2v_veh_6_veh_9,veh_6,veh_9,DIRECT_V2V,10000000,DIAGNOSTIC_SYNTHETIC_VALUE,ONE_SHARED_POOL_PER_UNORDERED_PAIR
127000000000,127,pool_v2v_veh_6_veh_10,veh_6,veh_10,DIRECT_V2V,10000000,DIAGNOSTIC_SYNTHETIC_VALUE,ONE_SHARED_POOL_PER_UNORDERED_PAIR
127000000000,127,pool_v2v_veh_6_veh_11,veh_6,veh_11,DIRECT_V2V,10000000,DIAGNOSTIC_SYNTHETIC_VALUE,ONE_SHARED_POOL_PER_UNORDERED_PAIR
127000000000,127,pool_v2v_veh_7_veh_8,veh_7,veh_8,DIRECT_V2V,10000000,DIAGNOSTIC_SYNTHETIC_VALUE,ONE_SHARED_POOL_PER_UNORDERED_PAIR
127000000000,127,pool_v2v_veh_7_veh_9,veh_7,veh_9,DIRECT_V2V,10000000,DIAGNOSTIC_SYNTHETIC_VALUE,ONE_SHARED_POOL_PER_UNORDERED_PAIR
127000000000,127,pool_v2v_veh_7_veh_10,veh_7,veh_10,DIRECT_V2V,10000000,DIAGNOSTIC_SYNTHETIC_VALUE,ONE_SHARED_POOL_PER_UNORDERED_PAIR
127000000000,127,pool_v2v_veh_7_veh_11,veh_7,veh_11,DIRECT_V2V,10000000,DIAGNOSTIC_SYNTHETIC_VALUE,ONE_SHARED_POOL_PER_UNORDERED_PAIR
127000000000,127,pool_v2v_veh_8_veh_9,veh_8,veh_9,DIRECT_V2V,10000000,DIAGNOSTIC_SYNTHETIC_VALUE,ONE_SHARED_POOL_PER_UNORDERED_PAIR
127000000000,127,pool_v2v_veh_8_veh_10,veh_8,veh_10,DIRECT_V2V,10000000,DIAGNOSTIC_SYNTHETIC_VALUE,ONE_SHARED_POOL_PER_UNORDERED_PAIR
127000000000,127,pool_v2v_veh_8_veh_11,veh_8,veh_11,DIRECT_V2V,10000000,DIAGNOSTIC_SYNTHETIC_VALUE,ONE_SHARED_POOL_PER_UNORDERED_PAIR
127000000000,127,pool_v2v_veh_9_veh_10,veh_9,veh_10,DIRECT_V2V,10000000,DIAGNOSTIC_SYNTHETIC_VALUE,ONE_SHARED_POOL_PER_UNORDERED_PAIR
127000000000,127,pool_v2v_veh_9_veh_11,veh_9,veh_11,DIRECT_V2V,10000000,DIAGNOSTIC_SYNTHETIC_VALUE,ONE_SHARED_POOL_PER_UNORDERED_PAIR
127000000000,127,pool_v2v_veh_10_veh_11,veh_10,veh_11,DIRECT_V2V,10000000,DIAGNOSTIC_SYNTHETIC_VALUE,ONE_SHARED_POOL_PER_UNORDERED_PAIR
128000000000,128,pool_v2v_veh_0_veh_1,veh_0,veh_1,DIRECT_V2V,10000000,DIAGNOSTIC_SYNTHETIC_VALUE,ONE_SHARED_POOL_PER_UNORDERED_PAIR
128000000000,128,pool_v2v_veh_0_veh_2,veh_0,veh_2,DIRECT_V2V,10000000,DIAGNOSTIC_SYNTHETIC_VALUE,ONE_SHARED_POOL_PER_UNORDERED_PAIR
128000000000,128,pool_v2v_veh_0_veh_3,veh_0,veh_3,DIRECT_V2V,10000000,DIAGNOSTIC_SYNTHETIC_VALUE,ONE_SHARED_POOL_PER_UNORDERED_PAIR
128000000000,128,pool_v2v_veh_0_veh_4,veh_0,veh_4,DIRECT_V2V,10000000,DIAGNOSTIC_SYNTHETIC_VALUE,ONE_SHARED_POOL_PER_UNORDERED_PAIR
128000000000,128,pool_v2v_veh_0_veh_5,veh_0,veh_5,DIRECT_V2V,10000000,DIAGNOSTIC_SYNTHETIC_VALUE,ONE_SHARED_POOL_PER_UNORDERED_PAIR
128000000000,128,pool_v2v_veh_1_veh_2,veh_1,veh_2,DIRECT_V2V,10000000,DIAGNOSTIC_SYNTHETIC_VALUE,ONE_SHARED_POOL_PER_UNORDERED_PAIR
128000000000,128,pool_v2v_veh_1_veh_3,veh_1,veh_3,DIRECT_V2V,10000000,DIAGNOSTIC_SYNTHETIC_VALUE,ONE_SHARED_POOL_PER_UNORDERED_PAIR
128000000000,128,pool_v2v_veh_1_veh_4,veh_1,veh_4,DIRECT_V2V,10000000,DIAGNOSTIC_SYNTHETIC_VALUE,ONE_SHARED_POOL_PER_UNORDERED_PAIR
128000000000,128,pool_v2v_veh_1_veh_5,veh_1,veh_5,DIRECT_V2V,10000000,DIAGNOSTIC_SYNTHETIC_VALUE,ONE_SHARED_POOL_PER_UNORDERED_PAIR
128000000000,128,pool_v2v_veh_1_veh_6,veh_1,veh_6,DIRECT_V2V,10000000,DIAGNOSTIC_SYNTHETIC_VALUE,ONE_SHARED_POOL_PER_UNORDERED_PAIR
128000000000,128,pool_v2v_veh_2_veh_3,veh_2,veh_3,DIRECT_V2V,10000000,DIAGNOSTIC_SYNTHETIC_VALUE,ONE_SHARED_POOL_PER_UNORDERED_PAIR
128000000000,128,pool_v2v_veh_2_veh_4,veh_2,veh_4,DIRECT_V2V,10000000,DIAGNOSTIC_SYNTHETIC_VALUE,ONE_SHARED_POOL_PER_UNORDERED_PAIR
128000000000,128,pool_v2v_veh_2_veh_5,veh_2,veh_5,DIRECT_V2V,10000000,DIAGNOSTIC_SYNTHETIC_VALUE,ONE_SHARED_POOL_PER_UNORDERED_PAIR
128000000000,128,pool_v2v_veh_2_veh_6,veh_2,veh_6,DIRECT_V2V,10000000,DIAGNOSTIC_SYNTHETIC_VALUE,ONE_SHARED_POOL_PER_UNORDERED_PAIR
128000000000,128,pool_v2v_veh_2_veh_7,veh_2,veh_7,DIRECT_V2V,10000000,DIAGNOSTIC_SYNTHETIC_VALUE,ONE_SHARED_POOL_PER_UNORDERED_PAIR
128000000000,128,pool_v2v_veh_3_veh_4,veh_3,veh_4,DIRECT_V2V,10000000,DIAGNOSTIC_SYNTHETIC_VALUE,ONE_SHARED_POOL_PER_UNORDERED_PAIR
128000000000,128,pool_v2v_veh_3_veh_5,veh_3,veh_5,DIRECT_V2V,10000000,DIAGNOSTIC_SYNTHETIC_VALUE,ONE_SHARED_POOL_PER_UNORDERED_PAIR
128000000000,128,pool_v2v_veh_3_veh_6,veh_3,veh_6,DIRECT_V2V,10000000,DIAGNOSTIC_SYNTHETIC_VALUE,ONE_SHARED_POOL_PER_UNORDERED_PAIR
128000000000,128,pool_v2v_veh_3_veh_7,veh_3,veh_7,DIRECT_V2V,10000000,DIAGNOSTIC_SYNTHETIC_VALUE,ONE_SHARED_POOL_PER_UNORDERED_PAIR
128000000000,128,pool_v2v_veh_3_veh_8,veh_3,veh_8,DIRECT_V2V,10000000,DIAGNOSTIC_SYNTHETIC_VALUE,ONE_SHARED_POOL_PER_UNORDERED_PAIR
128000000000,128,pool_v2v_veh_4_veh_5,veh_4,veh_5,DIRECT_V2V,10000000,DIAGNOSTIC_SYNTHETIC_VALUE,ONE_SHARED_POOL_PER_UNORDERED_PAIR
128000000000,128,pool_v2v_veh_4_veh_6,veh_4,veh_6,DIRECT_V2V,10000000,DIAGNOSTIC_SYNTHETIC_VALUE,ONE_SHARED_POOL_PER_UNORDERED_PAIR
128000000000,128,pool_v2v_veh_4_veh_7,veh_4,veh_7,DIRECT_V2V,10000000,DIAGNOSTIC_SYNTHETIC_VALUE,ONE_SHARED_POOL_PER_UNORDERED_PAIR
128000000000,128,pool_v2v_veh_4_veh_8,veh_4,veh_8,DIRECT_V2V,10000000,DIAGNOSTIC_SYNTHETIC_VALUE,ONE_SHARED_POOL_PER_UNORDERED_PAIR
128000000000,128,pool_v2v_veh_4_veh_9,veh_4,veh_9,DIRECT_V2V,10000000,DIAGNOSTIC_SYNTHETIC_VALUE,ONE_SHARED_POOL_PER_UNORDERED_PAIR
128000000000,128,pool_v2v_veh_5_veh_6,veh_5,veh_6,DIRECT_V2V,10000000,DIAGNOSTIC_SYNTHETIC_VALUE,ONE_SHARED_POOL_PER_UNORDERED_PAIR
128000000000,128,pool_v2v_veh_5_veh_7,veh_5,veh_7,DIRECT_V2V,10000000,DIAGNOSTIC_SYNTHETIC_VALUE,ONE_SHARED_POOL_PER_UNORDERED_PAIR
128000000000,128,pool_v2v_veh_5_veh_8,veh_5,veh_8,DIRECT_V2V,10000000,DIAGNOSTIC_SYNTHETIC_VALUE,ONE_SHARED_POOL_PER_UNORDERED_PAIR
128000000000,128,pool_v2v_veh_5_veh_9,veh_5,veh_9,DIRECT_V2V,10000000,DIAGNOSTIC_SYNTHETIC_VALUE,ONE_SHARED_POOL_PER_UNORDERED_PAIR
128000000000,128,pool_v2v_veh_5_veh_10,veh_5,veh_10,DIRECT_V2V,10000000,DIAGNOSTIC_SYNTHETIC_VALUE,ONE_SHARED_POOL_PER_UNORDERED_PAIR
128000000000,128,pool_v2v_veh_6_veh_7,veh_6,veh_7,DIRECT_V2V,10000000,DIAGNOSTIC_SYNTHETIC_VALUE,ONE_SHARED_POOL_PER_UNORDERED_PAIR
128000000000,128,pool_v2v_veh_6_veh_8,veh_6,veh_8,DIRECT_V2V,10000000,DIAGNOSTIC_SYNTHETIC_VALUE,ONE_SHARED_POOL_PER_UNORDERED_PAIR
128000000000,128,pool_v2v_veh_6_veh_9,veh_6,veh_9,DIRECT_V2V,10000000,DIAGNOSTIC_SYNTHETIC_VALUE,ONE_SHARED_POOL_PER_UNORDERED_PAIR
128000000000,128,pool_v2v_veh_6_veh_10,veh_6,veh_10,DIRECT_V2V,10000000,DIAGNOSTIC_SYNTHETIC_VALUE,ONE_SHARED_POOL_PER_UNORDERED_PAIR
128000000000,128,pool_v2v_veh_6_veh_11,veh_6,veh_11,DIRECT_V2V,10000000,DIAGNOSTIC_SYNTHETIC_VALUE,ONE_SHARED_POOL_PER_UNORDERED_PAIR
128000000000,128,pool_v2v_veh_7_veh_8,veh_7,veh_8,DIRECT_V2V,10000000,DIAGNOSTIC_SYNTHETIC_VALUE,ONE_SHARED_POOL_PER_UNORDERED_PAIR
128000000000,128,pool_v2v_veh_7_veh_9,veh_7,veh_9,DIRECT_V2V,10000000,DIAGNOSTIC_SYNTHETIC_VALUE,ONE_SHARED_POOL_PER_UNORDERED_PAIR
128000000000,128,pool_v2v_veh_7_veh_10,veh_7,veh_10,DIRECT_V2V,10000000,DIAGNOSTIC_SYNTHETIC_VALUE,ONE_SHARED_POOL_PER_UNORDERED_PAIR
128000000000,128,pool_v2v_veh_7_veh_11,veh_7,veh_11,DIRECT_V2V,10000000,DIAGNOSTIC_SYNTHETIC_VALUE,ONE_SHARED_POOL_PER_UNORDERED_PAIR
128000000000,128,pool_v2v_veh_8_veh_9,veh_8,veh_9,DIRECT_V2V,10000000,DIAGNOSTIC_SYNTHETIC_VALUE,ONE_SHARED_POOL_PER_UNORDERED_PAIR
128000000000,128,pool_v2v_veh_8_veh_10,veh_8,veh_10,DIRECT_V2V,10000000,DIAGNOSTIC_SYNTHETIC_VALUE,ONE_SHARED_POOL_PER_UNORDERED_PAIR
128000000000,128,pool_v2v_veh_8_veh_11,veh_8,veh_11,DIRECT_V2V,10000000,DIAGNOSTIC_SYNTHETIC_VALUE,ONE_SHARED_POOL_PER_UNORDERED_PAIR
128000000000,128,pool_v2v_veh_9_veh_10,veh_9,veh_10,DIRECT_V2V,10000000,DIAGNOSTIC_SYNTHETIC_VALUE,ONE_SHARED_POOL_PER_UNORDERED_PAIR
128000000000,128,pool_v2v_veh_9_veh_11,veh_9,veh_11,DIRECT_V2V,10000000,DIAGNOSTIC_SYNTHETIC_VALUE,ONE_SHARED_POOL_PER_UNORDERED_PAIR
128000000000,128,pool_v2v_veh_10_veh_11,veh_10,veh_11,DIRECT_V2V,10000000,DIAGNOSTIC_SYNTHETIC_VALUE,ONE_SHARED_POOL_PER_UNORDERED_PAIR
129000000000,129,pool_v2v_veh_0_veh_1,veh_0,veh_1,DIRECT_V2V,10000000,DIAGNOSTIC_SYNTHETIC_VALUE,ONE_SHARED_POOL_PER_UNORDERED_PAIR
129000000000,129,pool_v2v_veh_0_veh_2,veh_0,veh_2,DIRECT_V2V,10000000,DIAGNOSTIC_SYNTHETIC_VALUE,ONE_SHARED_POOL_PER_UNORDERED_PAIR
129000000000,129,pool_v2v_veh_0_veh_3,veh_0,veh_3,DIRECT_V2V,10000000,DIAGNOSTIC_SYNTHETIC_VALUE,ONE_SHARED_POOL_PER_UNORDERED_PAIR
129000000000,129,pool_v2v_veh_0_veh_4,veh_0,veh_4,DIRECT_V2V,10000000,DIAGNOSTIC_SYNTHETIC_VALUE,ONE_SHARED_POOL_PER_UNORDERED_PAIR
129000000000,129,pool_v2v_veh_0_veh_5,veh_0,veh_5,DIRECT_V2V,10000000,DIAGNOSTIC_SYNTHETIC_VALUE,ONE_SHARED_POOL_PER_UNORDERED_PAIR
129000000000,129,pool_v2v_veh_1_veh_2,veh_1,veh_2,DIRECT_V2V,10000000,DIAGNOSTIC_SYNTHETIC_VALUE,ONE_SHARED_POOL_PER_UNORDERED_PAIR
129000000000,129,pool_v2v_veh_1_veh_3,veh_1,veh_3,DIRECT_V2V,10000000,DIAGNOSTIC_SYNTHETIC_VALUE,ONE_SHARED_POOL_PER_UNORDERED_PAIR
129000000000,129,pool_v2v_veh_1_veh_4,veh_1,veh_4,DIRECT_V2V,10000000,DIAGNOSTIC_SYNTHETIC_VALUE,ONE_SHARED_POOL_PER_UNORDERED_PAIR
129000000000,129,pool_v2v_veh_1_veh_5,veh_1,veh_5,DIRECT_V2V,10000000,DIAGNOSTIC_SYNTHETIC_VALUE,ONE_SHARED_POOL_PER_UNORDERED_PAIR
129000000000,129,pool_v2v_veh_1_veh_6,veh_1,veh_6,DIRECT_V2V,10000000,DIAGNOSTIC_SYNTHETIC_VALUE,ONE_SHARED_POOL_PER_UNORDERED_PAIR
129000000000,129,pool_v2v_veh_2_veh_3,veh_2,veh_3,DIRECT_V2V,10000000,DIAGNOSTIC_SYNTHETIC_VALUE,ONE_SHARED_POOL_PER_UNORDERED_PAIR
129000000000,129,pool_v2v_veh_2_veh_4,veh_2,veh_4,DIRECT_V2V,10000000,DIAGNOSTIC_SYNTHETIC_VALUE,ONE_SHARED_POOL_PER_UNORDERED_PAIR
129000000000,129,pool_v2v_veh_2_veh_5,veh_2,veh_5,DIRECT_V2V,10000000,DIAGNOSTIC_SYNTHETIC_VALUE,ONE_SHARED_POOL_PER_UNORDERED_PAIR
129000000000,129,pool_v2v_veh_2_veh_6,veh_2,veh_6,DIRECT_V2V,10000000,DIAGNOSTIC_SYNTHETIC_VALUE,ONE_SHARED_POOL_PER_UNORDERED_PAIR
129000000000,129,pool_v2v_veh_2_veh_7,veh_2,veh_7,DIRECT_V2V,10000000,DIAGNOSTIC_SYNTHETIC_VALUE,ONE_SHARED_POOL_PER_UNORDERED_PAIR
129000000000,129,pool_v2v_veh_3_veh_4,veh_3,veh_4,DIRECT_V2V,10000000,DIAGNOSTIC_SYNTHETIC_VALUE,ONE_SHARED_POOL_PER_UNORDERED_PAIR
129000000000,129,pool_v2v_veh_3_veh_5,veh_3,veh_5,DIRECT_V2V,10000000,DIAGNOSTIC_SYNTHETIC_VALUE,ONE_SHARED_POOL_PER_UNORDERED_PAIR
129000000000,129,pool_v2v_veh_3_veh_6,veh_3,veh_6,DIRECT_V2V,10000000,DIAGNOSTIC_SYNTHETIC_VALUE,ONE_SHARED_POOL_PER_UNORDERED_PAIR
129000000000,129,pool_v2v_veh_3_veh_7,veh_3,veh_7,DIRECT_V2V,10000000,DIAGNOSTIC_SYNTHETIC_VALUE,ONE_SHARED_POOL_PER_UNORDERED_PAIR
129000000000,129,pool_v2v_veh_3_veh_8,veh_3,veh_8,DIRECT_V2V,10000000,DIAGNOSTIC_SYNTHETIC_VALUE,ONE_SHARED_POOL_PER_UNORDERED_PAIR
129000000000,129,pool_v2v_veh_4_veh_5,veh_4,veh_5,DIRECT_V2V,10000000,DIAGNOSTIC_SYNTHETIC_VALUE,ONE_SHARED_POOL_PER_UNORDERED_PAIR
129000000000,129,pool_v2v_veh_4_veh_6,veh_4,veh_6,DIRECT_V2V,10000000,DIAGNOSTIC_SYNTHETIC_VALUE,ONE_SHARED_POOL_PER_UNORDERED_PAIR
129000000000,129,pool_v2v_veh_4_veh_7,veh_4,veh_7,DIRECT_V2V,10000000,DIAGNOSTIC_SYNTHETIC_VALUE,ONE_SHARED_POOL_PER_UNORDERED_PAIR
129000000000,129,pool_v2v_veh_4_veh_8,veh_4,veh_8,DIRECT_V2V,10000000,DIAGNOSTIC_SYNTHETIC_VALUE,ONE_SHARED_POOL_PER_UNORDERED_PAIR
129000000000,129,pool_v2v_veh_4_veh_9,veh_4,veh_9,DIRECT_V2V,10000000,DIAGNOSTIC_SYNTHETIC_VALUE,ONE_SHARED_POOL_PER_UNORDERED_PAIR
129000000000,129,pool_v2v_veh_5_veh_6,veh_5,veh_6,DIRECT_V2V,10000000,DIAGNOSTIC_SYNTHETIC_VALUE,ONE_SHARED_POOL_PER_UNORDERED_PAIR
129000000000,129,pool_v2v_veh_5_veh_7,veh_5,veh_7,DIRECT_V2V,10000000,DIAGNOSTIC_SYNTHETIC_VALUE,ONE_SHARED_POOL_PER_UNORDERED_PAIR
129000000000,129,pool_v2v_veh_5_veh_8,veh_5,veh_8,DIRECT_V2V,10000000,DIAGNOSTIC_SYNTHETIC_VALUE,ONE_SHARED_POOL_PER_UNORDERED_PAIR
129000000000,129,pool_v2v_veh_5_veh_9,veh_5,veh_9,DIRECT_V2V,10000000,DIAGNOSTIC_SYNTHETIC_VALUE,ONE_SHARED_POOL_PER_UNORDERED_PAIR
129000000000,129,pool_v2v_veh_5_veh_10,veh_5,veh_10,DIRECT_V2V,10000000,DIAGNOSTIC_SYNTHETIC_VALUE,ONE_SHARED_POOL_PER_UNORDERED_PAIR
129000000000,129,pool_v2v_veh_6_veh_7,veh_6,veh_7,DIRECT_V2V,10000000,DIAGNOSTIC_SYNTHETIC_VALUE,ONE_SHARED_POOL_PER_UNORDERED_PAIR
129000000000,129,pool_v2v_veh_6_veh_8,veh_6,veh_8,DIRECT_V2V,10000000,DIAGNOSTIC_SYNTHETIC_VALUE,ONE_SHARED_POOL_PER_UNORDERED_PAIR
129000000000,129,pool_v2v_veh_6_veh_9,veh_6,veh_9,DIRECT_V2V,10000000,DIAGNOSTIC_SYNTHETIC_VALUE,ONE_SHARED_POOL_PER_UNORDERED_PAIR
129000000000,129,pool_v2v_veh_6_veh_10,veh_6,veh_10,DIRECT_V2V,10000000,DIAGNOSTIC_SYNTHETIC_VALUE,ONE_SHARED_POOL_PER_UNORDERED_PAIR
129000000000,129,pool_v2v_veh_6_veh_11,veh_6,veh_11,DIRECT_V2V,10000000,DIAGNOSTIC_SYNTHETIC_VALUE,ONE_SHARED_POOL_PER_UNORDERED_PAIR
129000000000,129,pool_v2v_veh_7_veh_8,veh_7,veh_8,DIRECT_V2V,10000000,DIAGNOSTIC_SYNTHETIC_VALUE,ONE_SHARED_POOL_PER_UNORDERED_PAIR
129000000000,129,pool_v2v_veh_7_veh_9,veh_7,veh_9,DIRECT_V2V,10000000,DIAGNOSTIC_SYNTHETIC_VALUE,ONE_SHARED_POOL_PER_UNORDERED_PAIR
129000000000,129,pool_v2v_veh_7_veh_10,veh_7,veh_10,DIRECT_V2V,10000000,DIAGNOSTIC_SYNTHETIC_VALUE,ONE_SHARED_POOL_PER_UNORDERED_PAIR
129000000000,129,pool_v2v_veh_7_veh_11,veh_7,veh_11,DIRECT_V2V,10000000,DIAGNOSTIC_SYNTHETIC_VALUE,ONE_SHARED_POOL_PER_UNORDERED_PAIR
129000000000,129,pool_v2v_veh_8_veh_9,veh_8,veh_9,DIRECT_V2V,10000000,DIAGNOSTIC_SYNTHETIC_VALUE,ONE_SHARED_POOL_PER_UNORDERED_PAIR
129000000000,129,pool_v2v_veh_8_veh_10,veh_8,veh_10,DIRECT_V2V,10000000,DIAGNOSTIC_SYNTHETIC_VALUE,ONE_SHARED_POOL_PER_UNORDERED_PAIR
129000000000,129,pool_v2v_veh_8_veh_11,veh_8,veh_11,DIRECT_V2V,10000000,DIAGNOSTIC_SYNTHETIC_VALUE,ONE_SHARED_POOL_PER_UNORDERED_PAIR
129000000000,129,pool_v2v_veh_9_veh_10,veh_9,veh_10,DIRECT_V2V,10000000,DIAGNOSTIC_SYNTHETIC_VALUE,ONE_SHARED_POOL_PER_UNORDERED_PAIR
129000000000,129,pool_v2v_veh_9_veh_11,veh_9,veh_11,DIRECT_V2V,10000000,DIAGNOSTIC_SYNTHETIC_VALUE,ONE_SHARED_POOL_PER_UNORDERED_PAIR
129000000000,129,pool_v2v_veh_10_veh_11,veh_10,veh_11,DIRECT_V2V,10000000,DIAGNOSTIC_SYNTHETIC_VALUE,ONE_SHARED_POOL_PER_UNORDERED_PAIR
130000000000,130,pool_v2v_veh_0_veh_1,veh_0,veh_1,DIRECT_V2V,10000000,DIAGNOSTIC_SYNTHETIC_VALUE,ONE_SHARED_POOL_PER_UNORDERED_PAIR
130000000000,130,pool_v2v_veh_0_veh_2,veh_0,veh_2,DIRECT_V2V,10000000,DIAGNOSTIC_SYNTHETIC_VALUE,ONE_SHARED_POOL_PER_UNORDERED_PAIR
130000000000,130,pool_v2v_veh_0_veh_3,veh_0,veh_3,DIRECT_V2V,10000000,DIAGNOSTIC_SYNTHETIC_VALUE,ONE_SHARED_POOL_PER_UNORDERED_PAIR
130000000000,130,pool_v2v_veh_0_veh_4,veh_0,veh_4,DIRECT_V2V,10000000,DIAGNOSTIC_SYNTHETIC_VALUE,ONE_SHARED_POOL_PER_UNORDERED_PAIR
130000000000,130,pool_v2v_veh_0_veh_5,veh_0,veh_5,DIRECT_V2V,10000000,DIAGNOSTIC_SYNTHETIC_VALUE,ONE_SHARED_POOL_PER_UNORDERED_PAIR
130000000000,130,pool_v2v_veh_1_veh_2,veh_1,veh_2,DIRECT_V2V,10000000,DIAGNOSTIC_SYNTHETIC_VALUE,ONE_SHARED_POOL_PER_UNORDERED_PAIR
130000000000,130,pool_v2v_veh_1_veh_3,veh_1,veh_3,DIRECT_V2V,10000000,DIAGNOSTIC_SYNTHETIC_VALUE,ONE_SHARED_POOL_PER_UNORDERED_PAIR
130000000000,130,pool_v2v_veh_1_veh_4,veh_1,veh_4,DIRECT_V2V,10000000,DIAGNOSTIC_SYNTHETIC_VALUE,ONE_SHARED_POOL_PER_UNORDERED_PAIR
130000000000,130,pool_v2v_veh_1_veh_5,veh_1,veh_5,DIRECT_V2V,10000000,DIAGNOSTIC_SYNTHETIC_VALUE,ONE_SHARED_POOL_PER_UNORDERED_PAIR
130000000000,130,pool_v2v_veh_1_veh_6,veh_1,veh_6,DIRECT_V2V,10000000,DIAGNOSTIC_SYNTHETIC_VALUE,ONE_SHARED_POOL_PER_UNORDERED_PAIR
130000000000,130,pool_v2v_veh_2_veh_3,veh_2,veh_3,DIRECT_V2V,10000000,DIAGNOSTIC_SYNTHETIC_VALUE,ONE_SHARED_POOL_PER_UNORDERED_PAIR
130000000000,130,pool_v2v_veh_2_veh_4,veh_2,veh_4,DIRECT_V2V,10000000,DIAGNOSTIC_SYNTHETIC_VALUE,ONE_SHARED_POOL_PER_UNORDERED_PAIR
130000000000,130,pool_v2v_veh_2_veh_5,veh_2,veh_5,DIRECT_V2V,10000000,DIAGNOSTIC_SYNTHETIC_VALUE,ONE_SHARED_POOL_PER_UNORDERED_PAIR
130000000000,130,pool_v2v_veh_2_veh_6,veh_2,veh_6,DIRECT_V2V,10000000,DIAGNOSTIC_SYNTHETIC_VALUE,ONE_SHARED_POOL_PER_UNORDERED_PAIR
130000000000,130,pool_v2v_veh_2_veh_7,veh_2,veh_7,DIRECT_V2V,10000000,DIAGNOSTIC_SYNTHETIC_VALUE,ONE_SHARED_POOL_PER_UNORDERED_PAIR
130000000000,130,pool_v2v_veh_3_veh_4,veh_3,veh_4,DIRECT_V2V,10000000,DIAGNOSTIC_SYNTHETIC_VALUE,ONE_SHARED_POOL_PER_UNORDERED_PAIR
130000000000,130,pool_v2v_veh_3_veh_5,veh_3,veh_5,DIRECT_V2V,10000000,DIAGNOSTIC_SYNTHETIC_VALUE,ONE_SHARED_POOL_PER_UNORDERED_PAIR
130000000000,130,pool_v2v_veh_3_veh_6,veh_3,veh_6,DIRECT_V2V,10000000,DIAGNOSTIC_SYNTHETIC_VALUE,ONE_SHARED_POOL_PER_UNORDERED_PAIR
130000000000,130,pool_v2v_veh_3_veh_7,veh_3,veh_7,DIRECT_V2V,10000000,DIAGNOSTIC_SYNTHETIC_VALUE,ONE_SHARED_POOL_PER_UNORDERED_PAIR
130000000000,130,pool_v2v_veh_3_veh_8,veh_3,veh_8,DIRECT_V2V,10000000,DIAGNOSTIC_SYNTHETIC_VALUE,ONE_SHARED_POOL_PER_UNORDERED_PAIR
130000000000,130,pool_v2v_veh_4_veh_5,veh_4,veh_5,DIRECT_V2V,10000000,DIAGNOSTIC_SYNTHETIC_VALUE,ONE_SHARED_POOL_PER_UNORDERED_PAIR
130000000000,130,pool_v2v_veh_4_veh_6,veh_4,veh_6,DIRECT_V2V,10000000,DIAGNOSTIC_SYNTHETIC_VALUE,ONE_SHARED_POOL_PER_UNORDERED_PAIR
130000000000,130,pool_v2v_veh_4_veh_7,veh_4,veh_7,DIRECT_V2V,10000000,DIAGNOSTIC_SYNTHETIC_VALUE,ONE_SHARED_POOL_PER_UNORDERED_PAIR
130000000000,130,pool_v2v_veh_4_veh_8,veh_4,veh_8,DIRECT_V2V,10000000,DIAGNOSTIC_SYNTHETIC_VALUE,ONE_SHARED_POOL_PER_UNORDERED_PAIR
130000000000,130,pool_v2v_veh_4_veh_9,veh_4,veh_9,DIRECT_V2V,10000000,DIAGNOSTIC_SYNTHETIC_VALUE,ONE_SHARED_POOL_PER_UNORDERED_PAIR
130000000000,130,pool_v2v_veh_5_veh_6,veh_5,veh_6,DIRECT_V2V,10000000,DIAGNOSTIC_SYNTHETIC_VALUE,ONE_SHARED_POOL_PER_UNORDERED_PAIR
130000000000,130,pool_v2v_veh_5_veh_7,veh_5,veh_7,DIRECT_V2V,10000000,DIAGNOSTIC_SYNTHETIC_VALUE,ONE_SHARED_POOL_PER_UNORDERED_PAIR
130000000000,130,pool_v2v_veh_5_veh_8,veh_5,veh_8,DIRECT_V2V,10000000,DIAGNOSTIC_SYNTHETIC_VALUE,ONE_SHARED_POOL_PER_UNORDERED_PAIR
130000000000,130,pool_v2v_veh_5_veh_9,veh_5,veh_9,DIRECT_V2V,10000000,DIAGNOSTIC_SYNTHETIC_VALUE,ONE_SHARED_POOL_PER_UNORDERED_PAIR
130000000000,130,pool_v2v_veh_5_veh_10,veh_5,veh_10,DIRECT_V2V,10000000,DIAGNOSTIC_SYNTHETIC_VALUE,ONE_SHARED_POOL_PER_UNORDERED_PAIR
130000000000,130,pool_v2v_veh_6_veh_7,veh_6,veh_7,DIRECT_V2V,10000000,DIAGNOSTIC_SYNTHETIC_VALUE,ONE_SHARED_POOL_PER_UNORDERED_PAIR
130000000000,130,pool_v2v_veh_6_veh_8,veh_6,veh_8,DIRECT_V2V,10000000,DIAGNOSTIC_SYNTHETIC_VALUE,ONE_SHARED_POOL_PER_UNORDERED_PAIR
130000000000,130,pool_v2v_veh_6_veh_9,veh_6,veh_9,DIRECT_V2V,10000000,DIAGNOSTIC_SYNTHETIC_VALUE,ONE_SHARED_POOL_PER_UNORDERED_PAIR
130000000000,130,pool_v2v_veh_6_veh_10,veh_6,veh_10,DIRECT_V2V,10000000,DIAGNOSTIC_SYNTHETIC_VALUE,ONE_SHARED_POOL_PER_UNORDERED_PAIR
130000000000,130,pool_v2v_veh_6_veh_11,veh_6,veh_11,DIRECT_V2V,10000000,DIAGNOSTIC_SYNTHETIC_VALUE,ONE_SHARED_POOL_PER_UNORDERED_PAIR
130000000000,130,pool_v2v_veh_7_veh_8,veh_7,veh_8,DIRECT_V2V,10000000,DIAGNOSTIC_SYNTHETIC_VALUE,ONE_SHARED_POOL_PER_UNORDERED_PAIR
130000000000,130,pool_v2v_veh_7_veh_9,veh_7,veh_9,DIRECT_V2V,10000000,DIAGNOSTIC_SYNTHETIC_VALUE,ONE_SHARED_POOL_PER_UNORDERED_PAIR
130000000000,130,pool_v2v_veh_7_veh_10,veh_7,veh_10,DIRECT_V2V,10000000,DIAGNOSTIC_SYNTHETIC_VALUE,ONE_SHARED_POOL_PER_UNORDERED_PAIR
130000000000,130,pool_v2v_veh_7_veh_11,veh_7,veh_11,DIRECT_V2V,10000000,DIAGNOSTIC_SYNTHETIC_VALUE,ONE_SHARED_POOL_PER_UNORDERED_PAIR
130000000000,130,pool_v2v_veh_8_veh_9,veh_8,veh_9,DIRECT_V2V,10000000,DIAGNOSTIC_SYNTHETIC_VALUE,ONE_SHARED_POOL_PER_UNORDERED_PAIR
130000000000,130,pool_v2v_veh_8_veh_10,veh_8,veh_10,DIRECT_V2V,10000000,DIAGNOSTIC_SYNTHETIC_VALUE,ONE_SHARED_POOL_PER_UNORDERED_PAIR
130000000000,130,pool_v2v_veh_8_veh_11,veh_8,veh_11,DIRECT_V2V,10000000,DIAGNOSTIC_SYNTHETIC_VALUE,ONE_SHARED_POOL_PER_UNORDERED_PAIR
130000000000,130,pool_v2v_veh_9_veh_10,veh_9,veh_10,DIRECT_V2V,10000000,DIAGNOSTIC_SYNTHETIC_VALUE,ONE_SHARED_POOL_PER_UNORDERED_PAIR
130000000000,130,pool_v2v_veh_9_veh_11,veh_9,veh_11,DIRECT_V2V,10000000,DIAGNOSTIC_SYNTHETIC_VALUE,ONE_SHARED_POOL_PER_UNORDERED_PAIR
130000000000,130,pool_v2v_veh_10_veh_11,veh_10,veh_11,DIRECT_V2V,10000000,DIAGNOSTIC_SYNTHETIC_VALUE,ONE_SHARED_POOL_PER_UNORDERED_PAIR
131000000000,131,pool_v2v_veh_0_veh_1,veh_0,veh_1,DIRECT_V2V,10000000,DIAGNOSTIC_SYNTHETIC_VALUE,ONE_SHARED_POOL_PER_UNORDERED_PAIR
131000000000,131,pool_v2v_veh_0_veh_2,veh_0,veh_2,DIRECT_V2V,10000000,DIAGNOSTIC_SYNTHETIC_VALUE,ONE_SHARED_POOL_PER_UNORDERED_PAIR
131000000000,131,pool_v2v_veh_0_veh_3,veh_0,veh_3,DIRECT_V2V,10000000,DIAGNOSTIC_SYNTHETIC_VALUE,ONE_SHARED_POOL_PER_UNORDERED_PAIR
131000000000,131,pool_v2v_veh_0_veh_4,veh_0,veh_4,DIRECT_V2V,10000000,DIAGNOSTIC_SYNTHETIC_VALUE,ONE_SHARED_POOL_PER_UNORDERED_PAIR
131000000000,131,pool_v2v_veh_0_veh_5,veh_0,veh_5,DIRECT_V2V,10000000,DIAGNOSTIC_SYNTHETIC_VALUE,ONE_SHARED_POOL_PER_UNORDERED_PAIR
131000000000,131,pool_v2v_veh_1_veh_2,veh_1,veh_2,DIRECT_V2V,10000000,DIAGNOSTIC_SYNTHETIC_VALUE,ONE_SHARED_POOL_PER_UNORDERED_PAIR
131000000000,131,pool_v2v_veh_1_veh_3,veh_1,veh_3,DIRECT_V2V,10000000,DIAGNOSTIC_SYNTHETIC_VALUE,ONE_SHARED_POOL_PER_UNORDERED_PAIR
131000000000,131,pool_v2v_veh_1_veh_4,veh_1,veh_4,DIRECT_V2V,10000000,DIAGNOSTIC_SYNTHETIC_VALUE,ONE_SHARED_POOL_PER_UNORDERED_PAIR
131000000000,131,pool_v2v_veh_1_veh_5,veh_1,veh_5,DIRECT_V2V,10000000,DIAGNOSTIC_SYNTHETIC_VALUE,ONE_SHARED_POOL_PER_UNORDERED_PAIR
131000000000,131,pool_v2v_veh_1_veh_6,veh_1,veh_6,DIRECT_V2V,10000000,DIAGNOSTIC_SYNTHETIC_VALUE,ONE_SHARED_POOL_PER_UNORDERED_PAIR
131000000000,131,pool_v2v_veh_2_veh_3,veh_2,veh_3,DIRECT_V2V,10000000,DIAGNOSTIC_SYNTHETIC_VALUE,ONE_SHARED_POOL_PER_UNORDERED_PAIR
131000000000,131,pool_v2v_veh_2_veh_4,veh_2,veh_4,DIRECT_V2V,10000000,DIAGNOSTIC_SYNTHETIC_VALUE,ONE_SHARED_POOL_PER_UNORDERED_PAIR
131000000000,131,pool_v2v_veh_2_veh_5,veh_2,veh_5,DIRECT_V2V,10000000,DIAGNOSTIC_SYNTHETIC_VALUE,ONE_SHARED_POOL_PER_UNORDERED_PAIR
131000000000,131,pool_v2v_veh_2_veh_6,veh_2,veh_6,DIRECT_V2V,10000000,DIAGNOSTIC_SYNTHETIC_VALUE,ONE_SHARED_POOL_PER_UNORDERED_PAIR
131000000000,131,pool_v2v_veh_2_veh_7,veh_2,veh_7,DIRECT_V2V,10000000,DIAGNOSTIC_SYNTHETIC_VALUE,ONE_SHARED_POOL_PER_UNORDERED_PAIR
131000000000,131,pool_v2v_veh_3_veh_4,veh_3,veh_4,DIRECT_V2V,10000000,DIAGNOSTIC_SYNTHETIC_VALUE,ONE_SHARED_POOL_PER_UNORDERED_PAIR
131000000000,131,pool_v2v_veh_3_veh_5,veh_3,veh_5,DIRECT_V2V,10000000,DIAGNOSTIC_SYNTHETIC_VALUE,ONE_SHARED_POOL_PER_UNORDERED_PAIR
131000000000,131,pool_v2v_veh_3_veh_6,veh_3,veh_6,DIRECT_V2V,10000000,DIAGNOSTIC_SYNTHETIC_VALUE,ONE_SHARED_POOL_PER_UNORDERED_PAIR
131000000000,131,pool_v2v_veh_3_veh_7,veh_3,veh_7,DIRECT_V2V,10000000,DIAGNOSTIC_SYNTHETIC_VALUE,ONE_SHARED_POOL_PER_UNORDERED_PAIR
131000000000,131,pool_v2v_veh_3_veh_8,veh_3,veh_8,DIRECT_V2V,10000000,DIAGNOSTIC_SYNTHETIC_VALUE,ONE_SHARED_POOL_PER_UNORDERED_PAIR
131000000000,131,pool_v2v_veh_4_veh_5,veh_4,veh_5,DIRECT_V2V,10000000,DIAGNOSTIC_SYNTHETIC_VALUE,ONE_SHARED_POOL_PER_UNORDERED_PAIR
131000000000,131,pool_v2v_veh_4_veh_6,veh_4,veh_6,DIRECT_V2V,10000000,DIAGNOSTIC_SYNTHETIC_VALUE,ONE_SHARED_POOL_PER_UNORDERED_PAIR
131000000000,131,pool_v2v_veh_4_veh_7,veh_4,veh_7,DIRECT_V2V,10000000,DIAGNOSTIC_SYNTHETIC_VALUE,ONE_SHARED_POOL_PER_UNORDERED_PAIR
131000000000,131,pool_v2v_veh_4_veh_8,veh_4,veh_8,DIRECT_V2V,10000000,DIAGNOSTIC_SYNTHETIC_VALUE,ONE_SHARED_POOL_PER_UNORDERED_PAIR
131000000000,131,pool_v2v_veh_4_veh_9,veh_4,veh_9,DIRECT_V2V,10000000,DIAGNOSTIC_SYNTHETIC_VALUE,ONE_SHARED_POOL_PER_UNORDERED_PAIR
131000000000,131,pool_v2v_veh_5_veh_6,veh_5,veh_6,DIRECT_V2V,10000000,DIAGNOSTIC_SYNTHETIC_VALUE,ONE_SHARED_POOL_PER_UNORDERED_PAIR
131000000000,131,pool_v2v_veh_5_veh_7,veh_5,veh_7,DIRECT_V2V,10000000,DIAGNOSTIC_SYNTHETIC_VALUE,ONE_SHARED_POOL_PER_UNORDERED_PAIR
131000000000,131,pool_v2v_veh_5_veh_8,veh_5,veh_8,DIRECT_V2V,10000000,DIAGNOSTIC_SYNTHETIC_VALUE,ONE_SHARED_POOL_PER_UNORDERED_PAIR
131000000000,131,pool_v2v_veh_5_veh_9,veh_5,veh_9,DIRECT_V2V,10000000,DIAGNOSTIC_SYNTHETIC_VALUE,ONE_SHARED_POOL_PER_UNORDERED_PAIR
131000000000,131,pool_v2v_veh_5_veh_10,veh_5,veh_10,DIRECT_V2V,10000000,DIAGNOSTIC_SYNTHETIC_VALUE,ONE_SHARED_POOL_PER_UNORDERED_PAIR
131000000000,131,pool_v2v_veh_6_veh_7,veh_6,veh_7,DIRECT_V2V,10000000,DIAGNOSTIC_SYNTHETIC_VALUE,ONE_SHARED_POOL_PER_UNORDERED_PAIR
131000000000,131,pool_v2v_veh_6_veh_8,veh_6,veh_8,DIRECT_V2V,10000000,DIAGNOSTIC_SYNTHETIC_VALUE,ONE_SHARED_POOL_PER_UNORDERED_PAIR
131000000000,131,pool_v2v_veh_6_veh_9,veh_6,veh_9,DIRECT_V2V,10000000,DIAGNOSTIC_SYNTHETIC_VALUE,ONE_SHARED_POOL_PER_UNORDERED_PAIR
131000000000,131,pool_v2v_veh_6_veh_10,veh_6,veh_10,DIRECT_V2V,10000000,DIAGNOSTIC_SYNTHETIC_VALUE,ONE_SHARED_POOL_PER_UNORDERED_PAIR
131000000000,131,pool_v2v_veh_6_veh_11,veh_6,veh_11,DIRECT_V2V,10000000,DIAGNOSTIC_SYNTHETIC_VALUE,ONE_SHARED_POOL_PER_UNORDERED_PAIR
131000000000,131,pool_v2v_veh_7_veh_8,veh_7,veh_8,DIRECT_V2V,10000000,DIAGNOSTIC_SYNTHETIC_VALUE,ONE_SHARED_POOL_PER_UNORDERED_PAIR
131000000000,131,pool_v2v_veh_7_veh_9,veh_7,veh_9,DIRECT_V2V,10000000,DIAGNOSTIC_SYNTHETIC_VALUE,ONE_SHARED_POOL_PER_UNORDERED_PAIR
131000000000,131,pool_v2v_veh_7_veh_10,veh_7,veh_10,DIRECT_V2V,10000000,DIAGNOSTIC_SYNTHETIC_VALUE,ONE_SHARED_POOL_PER_UNORDERED_PAIR
131000000000,131,pool_v2v_veh_7_veh_11,veh_7,veh_11,DIRECT_V2V,10000000,DIAGNOSTIC_SYNTHETIC_VALUE,ONE_SHARED_POOL_PER_UNORDERED_PAIR
131000000000,131,pool_v2v_veh_8_veh_9,veh_8,veh_9,DIRECT_V2V,10000000,DIAGNOSTIC_SYNTHETIC_VALUE,ONE_SHARED_POOL_PER_UNORDERED_PAIR
131000000000,131,pool_v2v_veh_8_veh_10,veh_8,veh_10,DIRECT_V2V,10000000,DIAGNOSTIC_SYNTHETIC_VALUE,ONE_SHARED_POOL_PER_UNORDERED_PAIR
131000000000,131,pool_v2v_veh_8_veh_11,veh_8,veh_11,DIRECT_V2V,10000000,DIAGNOSTIC_SYNTHETIC_VALUE,ONE_SHARED_POOL_PER_UNORDERED_PAIR
131000000000,131,pool_v2v_veh_9_veh_10,veh_9,veh_10,DIRECT_V2V,10000000,DIAGNOSTIC_SYNTHETIC_VALUE,ONE_SHARED_POOL_PER_UNORDERED_PAIR
131000000000,131,pool_v2v_veh_9_veh_11,veh_9,veh_11,DIRECT_V2V,10000000,DIAGNOSTIC_SYNTHETIC_VALUE,ONE_SHARED_POOL_PER_UNORDERED_PAIR
131000000000,131,pool_v2v_veh_10_veh_11,veh_10,veh_11,DIRECT_V2V,10000000,DIAGNOSTIC_SYNTHETIC_VALUE,ONE_SHARED_POOL_PER_UNORDERED_PAIR
132000000000,132,pool_v2v_veh_0_veh_1,veh_0,veh_1,DIRECT_V2V,10000000,DIAGNOSTIC_SYNTHETIC_VALUE,ONE_SHARED_POOL_PER_UNORDERED_PAIR
132000000000,132,pool_v2v_veh_0_veh_2,veh_0,veh_2,DIRECT_V2V,10000000,DIAGNOSTIC_SYNTHETIC_VALUE,ONE_SHARED_POOL_PER_UNORDERED_PAIR
132000000000,132,pool_v2v_veh_0_veh_3,veh_0,veh_3,DIRECT_V2V,10000000,DIAGNOSTIC_SYNTHETIC_VALUE,ONE_SHARED_POOL_PER_UNORDERED_PAIR
132000000000,132,pool_v2v_veh_0_veh_4,veh_0,veh_4,DIRECT_V2V,10000000,DIAGNOSTIC_SYNTHETIC_VALUE,ONE_SHARED_POOL_PER_UNORDERED_PAIR
132000000000,132,pool_v2v_veh_0_veh_5,veh_0,veh_5,DIRECT_V2V,10000000,DIAGNOSTIC_SYNTHETIC_VALUE,ONE_SHARED_POOL_PER_UNORDERED_PAIR
132000000000,132,pool_v2v_veh_1_veh_2,veh_1,veh_2,DIRECT_V2V,10000000,DIAGNOSTIC_SYNTHETIC_VALUE,ONE_SHARED_POOL_PER_UNORDERED_PAIR
132000000000,132,pool_v2v_veh_1_veh_3,veh_1,veh_3,DIRECT_V2V,10000000,DIAGNOSTIC_SYNTHETIC_VALUE,ONE_SHARED_POOL_PER_UNORDERED_PAIR
132000000000,132,pool_v2v_veh_1_veh_4,veh_1,veh_4,DIRECT_V2V,10000000,DIAGNOSTIC_SYNTHETIC_VALUE,ONE_SHARED_POOL_PER_UNORDERED_PAIR
132000000000,132,pool_v2v_veh_1_veh_5,veh_1,veh_5,DIRECT_V2V,10000000,DIAGNOSTIC_SYNTHETIC_VALUE,ONE_SHARED_POOL_PER_UNORDERED_PAIR
132000000000,132,pool_v2v_veh_1_veh_6,veh_1,veh_6,DIRECT_V2V,10000000,DIAGNOSTIC_SYNTHETIC_VALUE,ONE_SHARED_POOL_PER_UNORDERED_PAIR
132000000000,132,pool_v2v_veh_2_veh_3,veh_2,veh_3,DIRECT_V2V,10000000,DIAGNOSTIC_SYNTHETIC_VALUE,ONE_SHARED_POOL_PER_UNORDERED_PAIR
132000000000,132,pool_v2v_veh_2_veh_4,veh_2,veh_4,DIRECT_V2V,10000000,DIAGNOSTIC_SYNTHETIC_VALUE,ONE_SHARED_POOL_PER_UNORDERED_PAIR
132000000000,132,pool_v2v_veh_2_veh_5,veh_2,veh_5,DIRECT_V2V,10000000,DIAGNOSTIC_SYNTHETIC_VALUE,ONE_SHARED_POOL_PER_UNORDERED_PAIR
132000000000,132,pool_v2v_veh_2_veh_6,veh_2,veh_6,DIRECT_V2V,10000000,DIAGNOSTIC_SYNTHETIC_VALUE,ONE_SHARED_POOL_PER_UNORDERED_PAIR
132000000000,132,pool_v2v_veh_2_veh_7,veh_2,veh_7,DIRECT_V2V,10000000,DIAGNOSTIC_SYNTHETIC_VALUE,ONE_SHARED_POOL_PER_UNORDERED_PAIR
132000000000,132,pool_v2v_veh_3_veh_4,veh_3,veh_4,DIRECT_V2V,10000000,DIAGNOSTIC_SYNTHETIC_VALUE,ONE_SHARED_POOL_PER_UNORDERED_PAIR
132000000000,132,pool_v2v_veh_3_veh_5,veh_3,veh_5,DIRECT_V2V,10000000,DIAGNOSTIC_SYNTHETIC_VALUE,ONE_SHARED_POOL_PER_UNORDERED_PAIR
132000000000,132,pool_v2v_veh_3_veh_6,veh_3,veh_6,DIRECT_V2V,10000000,DIAGNOSTIC_SYNTHETIC_VALUE,ONE_SHARED_POOL_PER_UNORDERED_PAIR
132000000000,132,pool_v2v_veh_3_veh_7,veh_3,veh_7,DIRECT_V2V,10000000,DIAGNOSTIC_SYNTHETIC_VALUE,ONE_SHARED_POOL_PER_UNORDERED_PAIR
132000000000,132,pool_v2v_veh_3_veh_8,veh_3,veh_8,DIRECT_V2V,10000000,DIAGNOSTIC_SYNTHETIC_VALUE,ONE_SHARED_POOL_PER_UNORDERED_PAIR
132000000000,132,pool_v2v_veh_4_veh_5,veh_4,veh_5,DIRECT_V2V,10000000,DIAGNOSTIC_SYNTHETIC_VALUE,ONE_SHARED_POOL_PER_UNORDERED_PAIR
132000000000,132,pool_v2v_veh_4_veh_6,veh_4,veh_6,DIRECT_V2V,10000000,DIAGNOSTIC_SYNTHETIC_VALUE,ONE_SHARED_POOL_PER_UNORDERED_PAIR
132000000000,132,pool_v2v_veh_4_veh_7,veh_4,veh_7,DIRECT_V2V,10000000,DIAGNOSTIC_SYNTHETIC_VALUE,ONE_SHARED_POOL_PER_UNORDERED_PAIR
132000000000,132,pool_v2v_veh_4_veh_8,veh_4,veh_8,DIRECT_V2V,10000000,DIAGNOSTIC_SYNTHETIC_VALUE,ONE_SHARED_POOL_PER_UNORDERED_PAIR
132000000000,132,pool_v2v_veh_4_veh_9,veh_4,veh_9,DIRECT_V2V,10000000,DIAGNOSTIC_SYNTHETIC_VALUE,ONE_SHARED_POOL_PER_UNORDERED_PAIR
132000000000,132,pool_v2v_veh_5_veh_6,veh_5,veh_6,DIRECT_V2V,10000000,DIAGNOSTIC_SYNTHETIC_VALUE,ONE_SHARED_POOL_PER_UNORDERED_PAIR
132000000000,132,pool_v2v_veh_5_veh_7,veh_5,veh_7,DIRECT_V2V,10000000,DIAGNOSTIC_SYNTHETIC_VALUE,ONE_SHARED_POOL_PER_UNORDERED_PAIR
132000000000,132,pool_v2v_veh_5_veh_8,veh_5,veh_8,DIRECT_V2V,10000000,DIAGNOSTIC_SYNTHETIC_VALUE,ONE_SHARED_POOL_PER_UNORDERED_PAIR
132000000000,132,pool_v2v_veh_5_veh_9,veh_5,veh_9,DIRECT_V2V,10000000,DIAGNOSTIC_SYNTHETIC_VALUE,ONE_SHARED_POOL_PER_UNORDERED_PAIR
132000000000,132,pool_v2v_veh_5_veh_10,veh_5,veh_10,DIRECT_V2V,10000000,DIAGNOSTIC_SYNTHETIC_VALUE,ONE_SHARED_POOL_PER_UNORDERED_PAIR
132000000000,132,pool_v2v_veh_6_veh_7,veh_6,veh_7,DIRECT_V2V,10000000,DIAGNOSTIC_SYNTHETIC_VALUE,ONE_SHARED_POOL_PER_UNORDERED_PAIR
132000000000,132,pool_v2v_veh_6_veh_8,veh_6,veh_8,DIRECT_V2V,10000000,DIAGNOSTIC_SYNTHETIC_VALUE,ONE_SHARED_POOL_PER_UNORDERED_PAIR
132000000000,132,pool_v2v_veh_6_veh_9,veh_6,veh_9,DIRECT_V2V,10000000,DIAGNOSTIC_SYNTHETIC_VALUE,ONE_SHARED_POOL_PER_UNORDERED_PAIR
132000000000,132,pool_v2v_veh_6_veh_10,veh_6,veh_10,DIRECT_V2V,10000000,DIAGNOSTIC_SYNTHETIC_VALUE,ONE_SHARED_POOL_PER_UNORDERED_PAIR
132000000000,132,pool_v2v_veh_6_veh_11,veh_6,veh_11,DIRECT_V2V,10000000,DIAGNOSTIC_SYNTHETIC_VALUE,ONE_SHARED_POOL_PER_UNORDERED_PAIR
132000000000,132,pool_v2v_veh_7_veh_8,veh_7,veh_8,DIRECT_V2V,10000000,DIAGNOSTIC_SYNTHETIC_VALUE,ONE_SHARED_POOL_PER_UNORDERED_PAIR
132000000000,132,pool_v2v_veh_7_veh_9,veh_7,veh_9,DIRECT_V2V,10000000,DIAGNOSTIC_SYNTHETIC_VALUE,ONE_SHARED_POOL_PER_UNORDERED_PAIR
132000000000,132,pool_v2v_veh_7_veh_10,veh_7,veh_10,DIRECT_V2V,10000000,DIAGNOSTIC_SYNTHETIC_VALUE,ONE_SHARED_POOL_PER_UNORDERED_PAIR
132000000000,132,pool_v2v_veh_7_veh_11,veh_7,veh_11,DIRECT_V2V,10000000,DIAGNOSTIC_SYNTHETIC_VALUE,ONE_SHARED_POOL_PER_UNORDERED_PAIR
132000000000,132,pool_v2v_veh_8_veh_9,veh_8,veh_9,DIRECT_V2V,10000000,DIAGNOSTIC_SYNTHETIC_VALUE,ONE_SHARED_POOL_PER_UNORDERED_PAIR
132000000000,132,pool_v2v_veh_8_veh_10,veh_8,veh_10,DIRECT_V2V,10000000,DIAGNOSTIC_SYNTHETIC_VALUE,ONE_SHARED_POOL_PER_UNORDERED_PAIR
132000000000,132,pool_v2v_veh_8_veh_11,veh_8,veh_11,DIRECT_V2V,10000000,DIAGNOSTIC_SYNTHETIC_VALUE,ONE_SHARED_POOL_PER_UNORDERED_PAIR
132000000000,132,pool_v2v_veh_9_veh_10,veh_9,veh_10,DIRECT_V2V,10000000,DIAGNOSTIC_SYNTHETIC_VALUE,ONE_SHARED_POOL_PER_UNORDERED_PAIR
132000000000,132,pool_v2v_veh_9_veh_11,veh_9,veh_11,DIRECT_V2V,10000000,DIAGNOSTIC_SYNTHETIC_VALUE,ONE_SHARED_POOL_PER_UNORDERED_PAIR
132000000000,132,pool_v2v_veh_10_veh_11,veh_10,veh_11,DIRECT_V2V,10000000,DIAGNOSTIC_SYNTHETIC_VALUE,ONE_SHARED_POOL_PER_UNORDERED_PAIR
133000000000,133,pool_v2v_veh_0_veh_1,veh_0,veh_1,DIRECT_V2V,10000000,DIAGNOSTIC_SYNTHETIC_VALUE,ONE_SHARED_POOL_PER_UNORDERED_PAIR
133000000000,133,pool_v2v_veh_0_veh_2,veh_0,veh_2,DIRECT_V2V,10000000,DIAGNOSTIC_SYNTHETIC_VALUE,ONE_SHARED_POOL_PER_UNORDERED_PAIR
133000000000,133,pool_v2v_veh_0_veh_3,veh_0,veh_3,DIRECT_V2V,10000000,DIAGNOSTIC_SYNTHETIC_VALUE,ONE_SHARED_POOL_PER_UNORDERED_PAIR
133000000000,133,pool_v2v_veh_0_veh_4,veh_0,veh_4,DIRECT_V2V,10000000,DIAGNOSTIC_SYNTHETIC_VALUE,ONE_SHARED_POOL_PER_UNORDERED_PAIR
133000000000,133,pool_v2v_veh_0_veh_5,veh_0,veh_5,DIRECT_V2V,10000000,DIAGNOSTIC_SYNTHETIC_VALUE,ONE_SHARED_POOL_PER_UNORDERED_PAIR
133000000000,133,pool_v2v_veh_1_veh_2,veh_1,veh_2,DIRECT_V2V,10000000,DIAGNOSTIC_SYNTHETIC_VALUE,ONE_SHARED_POOL_PER_UNORDERED_PAIR
133000000000,133,pool_v2v_veh_1_veh_3,veh_1,veh_3,DIRECT_V2V,10000000,DIAGNOSTIC_SYNTHETIC_VALUE,ONE_SHARED_POOL_PER_UNORDERED_PAIR
133000000000,133,pool_v2v_veh_1_veh_4,veh_1,veh_4,DIRECT_V2V,10000000,DIAGNOSTIC_SYNTHETIC_VALUE,ONE_SHARED_POOL_PER_UNORDERED_PAIR
133000000000,133,pool_v2v_veh_1_veh_5,veh_1,veh_5,DIRECT_V2V,10000000,DIAGNOSTIC_SYNTHETIC_VALUE,ONE_SHARED_POOL_PER_UNORDERED_PAIR
133000000000,133,pool_v2v_veh_1_veh_6,veh_1,veh_6,DIRECT_V2V,10000000,DIAGNOSTIC_SYNTHETIC_VALUE,ONE_SHARED_POOL_PER_UNORDERED_PAIR
133000000000,133,pool_v2v_veh_2_veh_3,veh_2,veh_3,DIRECT_V2V,10000000,DIAGNOSTIC_SYNTHETIC_VALUE,ONE_SHARED_POOL_PER_UNORDERED_PAIR
133000000000,133,pool_v2v_veh_2_veh_4,veh_2,veh_4,DIRECT_V2V,10000000,DIAGNOSTIC_SYNTHETIC_VALUE,ONE_SHARED_POOL_PER_UNORDERED_PAIR
133000000000,133,pool_v2v_veh_2_veh_5,veh_2,veh_5,DIRECT_V2V,10000000,DIAGNOSTIC_SYNTHETIC_VALUE,ONE_SHARED_POOL_PER_UNORDERED_PAIR
133000000000,133,pool_v2v_veh_2_veh_6,veh_2,veh_6,DIRECT_V2V,10000000,DIAGNOSTIC_SYNTHETIC_VALUE,ONE_SHARED_POOL_PER_UNORDERED_PAIR
133000000000,133,pool_v2v_veh_2_veh_7,veh_2,veh_7,DIRECT_V2V,10000000,DIAGNOSTIC_SYNTHETIC_VALUE,ONE_SHARED_POOL_PER_UNORDERED_PAIR
133000000000,133,pool_v2v_veh_3_veh_4,veh_3,veh_4,DIRECT_V2V,10000000,DIAGNOSTIC_SYNTHETIC_VALUE,ONE_SHARED_POOL_PER_UNORDERED_PAIR
133000000000,133,pool_v2v_veh_3_veh_5,veh_3,veh_5,DIRECT_V2V,10000000,DIAGNOSTIC_SYNTHETIC_VALUE,ONE_SHARED_POOL_PER_UNORDERED_PAIR
133000000000,133,pool_v2v_veh_3_veh_6,veh_3,veh_6,DIRECT_V2V,10000000,DIAGNOSTIC_SYNTHETIC_VALUE,ONE_SHARED_POOL_PER_UNORDERED_PAIR
133000000000,133,pool_v2v_veh_3_veh_7,veh_3,veh_7,DIRECT_V2V,10000000,DIAGNOSTIC_SYNTHETIC_VALUE,ONE_SHARED_POOL_PER_UNORDERED_PAIR
133000000000,133,pool_v2v_veh_3_veh_8,veh_3,veh_8,DIRECT_V2V,10000000,DIAGNOSTIC_SYNTHETIC_VALUE,ONE_SHARED_POOL_PER_UNORDERED_PAIR
133000000000,133,pool_v2v_veh_4_veh_5,veh_4,veh_5,DIRECT_V2V,10000000,DIAGNOSTIC_SYNTHETIC_VALUE,ONE_SHARED_POOL_PER_UNORDERED_PAIR
133000000000,133,pool_v2v_veh_4_veh_6,veh_4,veh_6,DIRECT_V2V,10000000,DIAGNOSTIC_SYNTHETIC_VALUE,ONE_SHARED_POOL_PER_UNORDERED_PAIR
133000000000,133,pool_v2v_veh_4_veh_7,veh_4,veh_7,DIRECT_V2V,10000000,DIAGNOSTIC_SYNTHETIC_VALUE,ONE_SHARED_POOL_PER_UNORDERED_PAIR
133000000000,133,pool_v2v_veh_4_veh_8,veh_4,veh_8,DIRECT_V2V,10000000,DIAGNOSTIC_SYNTHETIC_VALUE,ONE_SHARED_POOL_PER_UNORDERED_PAIR
133000000000,133,pool_v2v_veh_4_veh_9,veh_4,veh_9,DIRECT_V2V,10000000,DIAGNOSTIC_SYNTHETIC_VALUE,ONE_SHARED_POOL_PER_UNORDERED_PAIR
133000000000,133,pool_v2v_veh_5_veh_6,veh_5,veh_6,DIRECT_V2V,10000000,DIAGNOSTIC_SYNTHETIC_VALUE,ONE_SHARED_POOL_PER_UNORDERED_PAIR
133000000000,133,pool_v2v_veh_5_veh_7,veh_5,veh_7,DIRECT_V2V,10000000,DIAGNOSTIC_SYNTHETIC_VALUE,ONE_SHARED_POOL_PER_UNORDERED_PAIR
133000000000,133,pool_v2v_veh_5_veh_8,veh_5,veh_8,DIRECT_V2V,10000000,DIAGNOSTIC_SYNTHETIC_VALUE,ONE_SHARED_POOL_PER_UNORDERED_PAIR
133000000000,133,pool_v2v_veh_5_veh_9,veh_5,veh_9,DIRECT_V2V,10000000,DIAGNOSTIC_SYNTHETIC_VALUE,ONE_SHARED_POOL_PER_UNORDERED_PAIR
133000000000,133,pool_v2v_veh_5_veh_10,veh_5,veh_10,DIRECT_V2V,10000000,DIAGNOSTIC_SYNTHETIC_VALUE,ONE_SHARED_POOL_PER_UNORDERED_PAIR
133000000000,133,pool_v2v_veh_6_veh_7,veh_6,veh_7,DIRECT_V2V,10000000,DIAGNOSTIC_SYNTHETIC_VALUE,ONE_SHARED_POOL_PER_UNORDERED_PAIR
133000000000,133,pool_v2v_veh_6_veh_8,veh_6,veh_8,DIRECT_V2V,10000000,DIAGNOSTIC_SYNTHETIC_VALUE,ONE_SHARED_POOL_PER_UNORDERED_PAIR
133000000000,133,pool_v2v_veh_6_veh_9,veh_6,veh_9,DIRECT_V2V,10000000,DIAGNOSTIC_SYNTHETIC_VALUE,ONE_SHARED_POOL_PER_UNORDERED_PAIR
133000000000,133,pool_v2v_veh_6_veh_10,veh_6,veh_10,DIRECT_V2V,10000000,DIAGNOSTIC_SYNTHETIC_VALUE,ONE_SHARED_POOL_PER_UNORDERED_PAIR
133000000000,133,pool_v2v_veh_6_veh_11,veh_6,veh_11,DIRECT_V2V,10000000,DIAGNOSTIC_SYNTHETIC_VALUE,ONE_SHARED_POOL_PER_UNORDERED_PAIR
133000000000,133,pool_v2v_veh_7_veh_8,veh_7,veh_8,DIRECT_V2V,10000000,DIAGNOSTIC_SYNTHETIC_VALUE,ONE_SHARED_POOL_PER_UNORDERED_PAIR
133000000000,133,pool_v2v_veh_7_veh_9,veh_7,veh_9,DIRECT_V2V,10000000,DIAGNOSTIC_SYNTHETIC_VALUE,ONE_SHARED_POOL_PER_UNORDERED_PAIR
133000000000,133,pool_v2v_veh_7_veh_10,veh_7,veh_10,DIRECT_V2V,10000000,DIAGNOSTIC_SYNTHETIC_VALUE,ONE_SHARED_POOL_PER_UNORDERED_PAIR
133000000000,133,pool_v2v_veh_7_veh_11,veh_7,veh_11,DIRECT_V2V,10000000,DIAGNOSTIC_SYNTHETIC_VALUE,ONE_SHARED_POOL_PER_UNORDERED_PAIR
133000000000,133,pool_v2v_veh_8_veh_9,veh_8,veh_9,DIRECT_V2V,10000000,DIAGNOSTIC_SYNTHETIC_VALUE,ONE_SHARED_POOL_PER_UNORDERED_PAIR
133000000000,133,pool_v2v_veh_8_veh_10,veh_8,veh_10,DIRECT_V2V,10000000,DIAGNOSTIC_SYNTHETIC_VALUE,ONE_SHARED_POOL_PER_UNORDERED_PAIR
133000000000,133,pool_v2v_veh_8_veh_11,veh_8,veh_11,DIRECT_V2V,10000000,DIAGNOSTIC_SYNTHETIC_VALUE,ONE_SHARED_POOL_PER_UNORDERED_PAIR
133000000000,133,pool_v2v_veh_9_veh_10,veh_9,veh_10,DIRECT_V2V,10000000,DIAGNOSTIC_SYNTHETIC_VALUE,ONE_SHARED_POOL_PER_UNORDERED_PAIR
133000000000,133,pool_v2v_veh_9_veh_11,veh_9,veh_11,DIRECT_V2V,10000000,DIAGNOSTIC_SYNTHETIC_VALUE,ONE_SHARED_POOL_PER_UNORDERED_PAIR
133000000000,133,pool_v2v_veh_10_veh_11,veh_10,veh_11,DIRECT_V2V,10000000,DIAGNOSTIC_SYNTHETIC_VALUE,ONE_SHARED_POOL_PER_UNORDERED_PAIR
134000000000,134,pool_v2v_veh_0_veh_1,veh_0,veh_1,DIRECT_V2V,10000000,DIAGNOSTIC_SYNTHETIC_VALUE,ONE_SHARED_POOL_PER_UNORDERED_PAIR
134000000000,134,pool_v2v_veh_0_veh_2,veh_0,veh_2,DIRECT_V2V,10000000,DIAGNOSTIC_SYNTHETIC_VALUE,ONE_SHARED_POOL_PER_UNORDERED_PAIR
134000000000,134,pool_v2v_veh_0_veh_3,veh_0,veh_3,DIRECT_V2V,10000000,DIAGNOSTIC_SYNTHETIC_VALUE,ONE_SHARED_POOL_PER_UNORDERED_PAIR
134000000000,134,pool_v2v_veh_0_veh_4,veh_0,veh_4,DIRECT_V2V,10000000,DIAGNOSTIC_SYNTHETIC_VALUE,ONE_SHARED_POOL_PER_UNORDERED_PAIR
134000000000,134,pool_v2v_veh_0_veh_5,veh_0,veh_5,DIRECT_V2V,10000000,DIAGNOSTIC_SYNTHETIC_VALUE,ONE_SHARED_POOL_PER_UNORDERED_PAIR
134000000000,134,pool_v2v_veh_1_veh_2,veh_1,veh_2,DIRECT_V2V,10000000,DIAGNOSTIC_SYNTHETIC_VALUE,ONE_SHARED_POOL_PER_UNORDERED_PAIR
134000000000,134,pool_v2v_veh_1_veh_3,veh_1,veh_3,DIRECT_V2V,10000000,DIAGNOSTIC_SYNTHETIC_VALUE,ONE_SHARED_POOL_PER_UNORDERED_PAIR
134000000000,134,pool_v2v_veh_1_veh_4,veh_1,veh_4,DIRECT_V2V,10000000,DIAGNOSTIC_SYNTHETIC_VALUE,ONE_SHARED_POOL_PER_UNORDERED_PAIR
134000000000,134,pool_v2v_veh_1_veh_5,veh_1,veh_5,DIRECT_V2V,10000000,DIAGNOSTIC_SYNTHETIC_VALUE,ONE_SHARED_POOL_PER_UNORDERED_PAIR
134000000000,134,pool_v2v_veh_1_veh_6,veh_1,veh_6,DIRECT_V2V,10000000,DIAGNOSTIC_SYNTHETIC_VALUE,ONE_SHARED_POOL_PER_UNORDERED_PAIR
134000000000,134,pool_v2v_veh_2_veh_3,veh_2,veh_3,DIRECT_V2V,10000000,DIAGNOSTIC_SYNTHETIC_VALUE,ONE_SHARED_POOL_PER_UNORDERED_PAIR
134000000000,134,pool_v2v_veh_2_veh_4,veh_2,veh_4,DIRECT_V2V,10000000,DIAGNOSTIC_SYNTHETIC_VALUE,ONE_SHARED_POOL_PER_UNORDERED_PAIR
134000000000,134,pool_v2v_veh_2_veh_5,veh_2,veh_5,DIRECT_V2V,10000000,DIAGNOSTIC_SYNTHETIC_VALUE,ONE_SHARED_POOL_PER_UNORDERED_PAIR
134000000000,134,pool_v2v_veh_2_veh_6,veh_2,veh_6,DIRECT_V2V,10000000,DIAGNOSTIC_SYNTHETIC_VALUE,ONE_SHARED_POOL_PER_UNORDERED_PAIR
134000000000,134,pool_v2v_veh_2_veh_7,veh_2,veh_7,DIRECT_V2V,10000000,DIAGNOSTIC_SYNTHETIC_VALUE,ONE_SHARED_POOL_PER_UNORDERED_PAIR
134000000000,134,pool_v2v_veh_3_veh_4,veh_3,veh_4,DIRECT_V2V,10000000,DIAGNOSTIC_SYNTHETIC_VALUE,ONE_SHARED_POOL_PER_UNORDERED_PAIR
134000000000,134,pool_v2v_veh_3_veh_5,veh_3,veh_5,DIRECT_V2V,10000000,DIAGNOSTIC_SYNTHETIC_VALUE,ONE_SHARED_POOL_PER_UNORDERED_PAIR
134000000000,134,pool_v2v_veh_3_veh_6,veh_3,veh_6,DIRECT_V2V,10000000,DIAGNOSTIC_SYNTHETIC_VALUE,ONE_SHARED_POOL_PER_UNORDERED_PAIR
134000000000,134,pool_v2v_veh_3_veh_7,veh_3,veh_7,DIRECT_V2V,10000000,DIAGNOSTIC_SYNTHETIC_VALUE,ONE_SHARED_POOL_PER_UNORDERED_PAIR
134000000000,134,pool_v2v_veh_3_veh_8,veh_3,veh_8,DIRECT_V2V,10000000,DIAGNOSTIC_SYNTHETIC_VALUE,ONE_SHARED_POOL_PER_UNORDERED_PAIR
134000000000,134,pool_v2v_veh_4_veh_5,veh_4,veh_5,DIRECT_V2V,10000000,DIAGNOSTIC_SYNTHETIC_VALUE,ONE_SHARED_POOL_PER_UNORDERED_PAIR
134000000000,134,pool_v2v_veh_4_veh_6,veh_4,veh_6,DIRECT_V2V,10000000,DIAGNOSTIC_SYNTHETIC_VALUE,ONE_SHARED_POOL_PER_UNORDERED_PAIR
134000000000,134,pool_v2v_veh_4_veh_7,veh_4,veh_7,DIRECT_V2V,10000000,DIAGNOSTIC_SYNTHETIC_VALUE,ONE_SHARED_POOL_PER_UNORDERED_PAIR
134000000000,134,pool_v2v_veh_4_veh_8,veh_4,veh_8,DIRECT_V2V,10000000,DIAGNOSTIC_SYNTHETIC_VALUE,ONE_SHARED_POOL_PER_UNORDERED_PAIR
134000000000,134,pool_v2v_veh_4_veh_9,veh_4,veh_9,DIRECT_V2V,10000000,DIAGNOSTIC_SYNTHETIC_VALUE,ONE_SHARED_POOL_PER_UNORDERED_PAIR
134000000000,134,pool_v2v_veh_5_veh_6,veh_5,veh_6,DIRECT_V2V,10000000,DIAGNOSTIC_SYNTHETIC_VALUE,ONE_SHARED_POOL_PER_UNORDERED_PAIR
134000000000,134,pool_v2v_veh_5_veh_7,veh_5,veh_7,DIRECT_V2V,10000000,DIAGNOSTIC_SYNTHETIC_VALUE,ONE_SHARED_POOL_PER_UNORDERED_PAIR
134000000000,134,pool_v2v_veh_5_veh_8,veh_5,veh_8,DIRECT_V2V,10000000,DIAGNOSTIC_SYNTHETIC_VALUE,ONE_SHARED_POOL_PER_UNORDERED_PAIR
134000000000,134,pool_v2v_veh_5_veh_9,veh_5,veh_9,DIRECT_V2V,10000000,DIAGNOSTIC_SYNTHETIC_VALUE,ONE_SHARED_POOL_PER_UNORDERED_PAIR
134000000000,134,pool_v2v_veh_5_veh_10,veh_5,veh_10,DIRECT_V2V,10000000,DIAGNOSTIC_SYNTHETIC_VALUE,ONE_SHARED_POOL_PER_UNORDERED_PAIR
134000000000,134,pool_v2v_veh_6_veh_7,veh_6,veh_7,DIRECT_V2V,10000000,DIAGNOSTIC_SYNTHETIC_VALUE,ONE_SHARED_POOL_PER_UNORDERED_PAIR
134000000000,134,pool_v2v_veh_6_veh_8,veh_6,veh_8,DIRECT_V2V,10000000,DIAGNOSTIC_SYNTHETIC_VALUE,ONE_SHARED_POOL_PER_UNORDERED_PAIR
134000000000,134,pool_v2v_veh_6_veh_9,veh_6,veh_9,DIRECT_V2V,10000000,DIAGNOSTIC_SYNTHETIC_VALUE,ONE_SHARED_POOL_PER_UNORDERED_PAIR
134000000000,134,pool_v2v_veh_6_veh_10,veh_6,veh_10,DIRECT_V2V,10000000,DIAGNOSTIC_SYNTHETIC_VALUE,ONE_SHARED_POOL_PER_UNORDERED_PAIR
134000000000,134,pool_v2v_veh_6_veh_11,veh_6,veh_11,DIRECT_V2V,10000000,DIAGNOSTIC_SYNTHETIC_VALUE,ONE_SHARED_POOL_PER_UNORDERED_PAIR
134000000000,134,pool_v2v_veh_7_veh_8,veh_7,veh_8,DIRECT_V2V,10000000,DIAGNOSTIC_SYNTHETIC_VALUE,ONE_SHARED_POOL_PER_UNORDERED_PAIR
134000000000,134,pool_v2v_veh_7_veh_9,veh_7,veh_9,DIRECT_V2V,10000000,DIAGNOSTIC_SYNTHETIC_VALUE,ONE_SHARED_POOL_PER_UNORDERED_PAIR
134000000000,134,pool_v2v_veh_7_veh_10,veh_7,veh_10,DIRECT_V2V,10000000,DIAGNOSTIC_SYNTHETIC_VALUE,ONE_SHARED_POOL_PER_UNORDERED_PAIR
134000000000,134,pool_v2v_veh_7_veh_11,veh_7,veh_11,DIRECT_V2V,10000000,DIAGNOSTIC_SYNTHETIC_VALUE,ONE_SHARED_POOL_PER_UNORDERED_PAIR
134000000000,134,pool_v2v_veh_8_veh_9,veh_8,veh_9,DIRECT_V2V,10000000,DIAGNOSTIC_SYNTHETIC_VALUE,ONE_SHARED_POOL_PER_UNORDERED_PAIR
134000000000,134,pool_v2v_veh_8_veh_10,veh_8,veh_10,DIRECT_V2V,10000000,DIAGNOSTIC_SYNTHETIC_VALUE,ONE_SHARED_POOL_PER_UNORDERED_PAIR
134000000000,134,pool_v2v_veh_8_veh_11,veh_8,veh_11,DIRECT_V2V,10000000,DIAGNOSTIC_SYNTHETIC_VALUE,ONE_SHARED_POOL_PER_UNORDERED_PAIR
134000000000,134,pool_v2v_veh_9_veh_10,veh_9,veh_10,DIRECT_V2V,10000000,DIAGNOSTIC_SYNTHETIC_VALUE,ONE_SHARED_POOL_PER_UNORDERED_PAIR
134000000000,134,pool_v2v_veh_9_veh_11,veh_9,veh_11,DIRECT_V2V,10000000,DIAGNOSTIC_SYNTHETIC_VALUE,ONE_SHARED_POOL_PER_UNORDERED_PAIR
134000000000,134,pool_v2v_veh_10_veh_11,veh_10,veh_11,DIRECT_V2V,10000000,DIAGNOSTIC_SYNTHETIC_VALUE,ONE_SHARED_POOL_PER_UNORDERED_PAIR
135000000000,135,pool_v2v_veh_0_veh_1,veh_0,veh_1,DIRECT_V2V,10000000,DIAGNOSTIC_SYNTHETIC_VALUE,ONE_SHARED_POOL_PER_UNORDERED_PAIR
135000000000,135,pool_v2v_veh_0_veh_2,veh_0,veh_2,DIRECT_V2V,10000000,DIAGNOSTIC_SYNTHETIC_VALUE,ONE_SHARED_POOL_PER_UNORDERED_PAIR
135000000000,135,pool_v2v_veh_0_veh_3,veh_0,veh_3,DIRECT_V2V,10000000,DIAGNOSTIC_SYNTHETIC_VALUE,ONE_SHARED_POOL_PER_UNORDERED_PAIR
135000000000,135,pool_v2v_veh_0_veh_4,veh_0,veh_4,DIRECT_V2V,10000000,DIAGNOSTIC_SYNTHETIC_VALUE,ONE_SHARED_POOL_PER_UNORDERED_PAIR
135000000000,135,pool_v2v_veh_0_veh_5,veh_0,veh_5,DIRECT_V2V,10000000,DIAGNOSTIC_SYNTHETIC_VALUE,ONE_SHARED_POOL_PER_UNORDERED_PAIR
135000000000,135,pool_v2v_veh_1_veh_2,veh_1,veh_2,DIRECT_V2V,10000000,DIAGNOSTIC_SYNTHETIC_VALUE,ONE_SHARED_POOL_PER_UNORDERED_PAIR
135000000000,135,pool_v2v_veh_1_veh_3,veh_1,veh_3,DIRECT_V2V,10000000,DIAGNOSTIC_SYNTHETIC_VALUE,ONE_SHARED_POOL_PER_UNORDERED_PAIR
135000000000,135,pool_v2v_veh_1_veh_4,veh_1,veh_4,DIRECT_V2V,10000000,DIAGNOSTIC_SYNTHETIC_VALUE,ONE_SHARED_POOL_PER_UNORDERED_PAIR
135000000000,135,pool_v2v_veh_1_veh_5,veh_1,veh_5,DIRECT_V2V,10000000,DIAGNOSTIC_SYNTHETIC_VALUE,ONE_SHARED_POOL_PER_UNORDERED_PAIR
135000000000,135,pool_v2v_veh_1_veh_6,veh_1,veh_6,DIRECT_V2V,10000000,DIAGNOSTIC_SYNTHETIC_VALUE,ONE_SHARED_POOL_PER_UNORDERED_PAIR
135000000000,135,pool_v2v_veh_2_veh_3,veh_2,veh_3,DIRECT_V2V,10000000,DIAGNOSTIC_SYNTHETIC_VALUE,ONE_SHARED_POOL_PER_UNORDERED_PAIR
135000000000,135,pool_v2v_veh_2_veh_4,veh_2,veh_4,DIRECT_V2V,10000000,DIAGNOSTIC_SYNTHETIC_VALUE,ONE_SHARED_POOL_PER_UNORDERED_PAIR
135000000000,135,pool_v2v_veh_2_veh_5,veh_2,veh_5,DIRECT_V2V,10000000,DIAGNOSTIC_SYNTHETIC_VALUE,ONE_SHARED_POOL_PER_UNORDERED_PAIR
135000000000,135,pool_v2v_veh_2_veh_6,veh_2,veh_6,DIRECT_V2V,10000000,DIAGNOSTIC_SYNTHETIC_VALUE,ONE_SHARED_POOL_PER_UNORDERED_PAIR
135000000000,135,pool_v2v_veh_2_veh_7,veh_2,veh_7,DIRECT_V2V,10000000,DIAGNOSTIC_SYNTHETIC_VALUE,ONE_SHARED_POOL_PER_UNORDERED_PAIR
135000000000,135,pool_v2v_veh_3_veh_4,veh_3,veh_4,DIRECT_V2V,10000000,DIAGNOSTIC_SYNTHETIC_VALUE,ONE_SHARED_POOL_PER_UNORDERED_PAIR
135000000000,135,pool_v2v_veh_3_veh_5,veh_3,veh_5,DIRECT_V2V,10000000,DIAGNOSTIC_SYNTHETIC_VALUE,ONE_SHARED_POOL_PER_UNORDERED_PAIR
135000000000,135,pool_v2v_veh_3_veh_6,veh_3,veh_6,DIRECT_V2V,10000000,DIAGNOSTIC_SYNTHETIC_VALUE,ONE_SHARED_POOL_PER_UNORDERED_PAIR
135000000000,135,pool_v2v_veh_3_veh_7,veh_3,veh_7,DIRECT_V2V,10000000,DIAGNOSTIC_SYNTHETIC_VALUE,ONE_SHARED_POOL_PER_UNORDERED_PAIR
135000000000,135,pool_v2v_veh_3_veh_8,veh_3,veh_8,DIRECT_V2V,10000000,DIAGNOSTIC_SYNTHETIC_VALUE,ONE_SHARED_POOL_PER_UNORDERED_PAIR
135000000000,135,pool_v2v_veh_4_veh_5,veh_4,veh_5,DIRECT_V2V,10000000,DIAGNOSTIC_SYNTHETIC_VALUE,ONE_SHARED_POOL_PER_UNORDERED_PAIR
135000000000,135,pool_v2v_veh_4_veh_6,veh_4,veh_6,DIRECT_V2V,10000000,DIAGNOSTIC_SYNTHETIC_VALUE,ONE_SHARED_POOL_PER_UNORDERED_PAIR
135000000000,135,pool_v2v_veh_4_veh_7,veh_4,veh_7,DIRECT_V2V,10000000,DIAGNOSTIC_SYNTHETIC_VALUE,ONE_SHARED_POOL_PER_UNORDERED_PAIR
135000000000,135,pool_v2v_veh_4_veh_8,veh_4,veh_8,DIRECT_V2V,10000000,DIAGNOSTIC_SYNTHETIC_VALUE,ONE_SHARED_POOL_PER_UNORDERED_PAIR
135000000000,135,pool_v2v_veh_4_veh_9,veh_4,veh_9,DIRECT_V2V,10000000,DIAGNOSTIC_SYNTHETIC_VALUE,ONE_SHARED_POOL_PER_UNORDERED_PAIR
135000000000,135,pool_v2v_veh_5_veh_6,veh_5,veh_6,DIRECT_V2V,10000000,DIAGNOSTIC_SYNTHETIC_VALUE,ONE_SHARED_POOL_PER_UNORDERED_PAIR
135000000000,135,pool_v2v_veh_5_veh_7,veh_5,veh_7,DIRECT_V2V,10000000,DIAGNOSTIC_SYNTHETIC_VALUE,ONE_SHARED_POOL_PER_UNORDERED_PAIR
135000000000,135,pool_v2v_veh_5_veh_8,veh_5,veh_8,DIRECT_V2V,10000000,DIAGNOSTIC_SYNTHETIC_VALUE,ONE_SHARED_POOL_PER_UNORDERED_PAIR
135000000000,135,pool_v2v_veh_5_veh_9,veh_5,veh_9,DIRECT_V2V,10000000,DIAGNOSTIC_SYNTHETIC_VALUE,ONE_SHARED_POOL_PER_UNORDERED_PAIR
135000000000,135,pool_v2v_veh_5_veh_10,veh_5,veh_10,DIRECT_V2V,10000000,DIAGNOSTIC_SYNTHETIC_VALUE,ONE_SHARED_POOL_PER_UNORDERED_PAIR
135000000000,135,pool_v2v_veh_6_veh_7,veh_6,veh_7,DIRECT_V2V,10000000,DIAGNOSTIC_SYNTHETIC_VALUE,ONE_SHARED_POOL_PER_UNORDERED_PAIR
135000000000,135,pool_v2v_veh_6_veh_8,veh_6,veh_8,DIRECT_V2V,10000000,DIAGNOSTIC_SYNTHETIC_VALUE,ONE_SHARED_POOL_PER_UNORDERED_PAIR
135000000000,135,pool_v2v_veh_6_veh_9,veh_6,veh_9,DIRECT_V2V,10000000,DIAGNOSTIC_SYNTHETIC_VALUE,ONE_SHARED_POOL_PER_UNORDERED_PAIR
135000000000,135,pool_v2v_veh_6_veh_10,veh_6,veh_10,DIRECT_V2V,10000000,DIAGNOSTIC_SYNTHETIC_VALUE,ONE_SHARED_POOL_PER_UNORDERED_PAIR
135000000000,135,pool_v2v_veh_6_veh_11,veh_6,veh_11,DIRECT_V2V,10000000,DIAGNOSTIC_SYNTHETIC_VALUE,ONE_SHARED_POOL_PER_UNORDERED_PAIR
135000000000,135,pool_v2v_veh_7_veh_8,veh_7,veh_8,DIRECT_V2V,10000000,DIAGNOSTIC_SYNTHETIC_VALUE,ONE_SHARED_POOL_PER_UNORDERED_PAIR
135000000000,135,pool_v2v_veh_7_veh_9,veh_7,veh_9,DIRECT_V2V,10000000,DIAGNOSTIC_SYNTHETIC_VALUE,ONE_SHARED_POOL_PER_UNORDERED_PAIR
135000000000,135,pool_v2v_veh_7_veh_10,veh_7,veh_10,DIRECT_V2V,10000000,DIAGNOSTIC_SYNTHETIC_VALUE,ONE_SHARED_POOL_PER_UNORDERED_PAIR
135000000000,135,pool_v2v_veh_7_veh_11,veh_7,veh_11,DIRECT_V2V,10000000,DIAGNOSTIC_SYNTHETIC_VALUE,ONE_SHARED_POOL_PER_UNORDERED_PAIR
135000000000,135,pool_v2v_veh_8_veh_9,veh_8,veh_9,DIRECT_V2V,10000000,DIAGNOSTIC_SYNTHETIC_VALUE,ONE_SHARED_POOL_PER_UNORDERED_PAIR
135000000000,135,pool_v2v_veh_8_veh_10,veh_8,veh_10,DIRECT_V2V,10000000,DIAGNOSTIC_SYNTHETIC_VALUE,ONE_SHARED_POOL_PER_UNORDERED_PAIR
135000000000,135,pool_v2v_veh_8_veh_11,veh_8,veh_11,DIRECT_V2V,10000000,DIAGNOSTIC_SYNTHETIC_VALUE,ONE_SHARED_POOL_PER_UNORDERED_PAIR
135000000000,135,pool_v2v_veh_9_veh_10,veh_9,veh_10,DIRECT_V2V,10000000,DIAGNOSTIC_SYNTHETIC_VALUE,ONE_SHARED_POOL_PER_UNORDERED_PAIR
135000000000,135,pool_v2v_veh_9_veh_11,veh_9,veh_11,DIRECT_V2V,10000000,DIAGNOSTIC_SYNTHETIC_VALUE,ONE_SHARED_POOL_PER_UNORDERED_PAIR
135000000000,135,pool_v2v_veh_10_veh_11,veh_10,veh_11,DIRECT_V2V,10000000,DIAGNOSTIC_SYNTHETIC_VALUE,ONE_SHARED_POOL_PER_UNORDERED_PAIR
136000000000,136,pool_v2v_veh_0_veh_1,veh_0,veh_1,DIRECT_V2V,10000000,DIAGNOSTIC_SYNTHETIC_VALUE,ONE_SHARED_POOL_PER_UNORDERED_PAIR
136000000000,136,pool_v2v_veh_0_veh_2,veh_0,veh_2,DIRECT_V2V,10000000,DIAGNOSTIC_SYNTHETIC_VALUE,ONE_SHARED_POOL_PER_UNORDERED_PAIR
136000000000,136,pool_v2v_veh_0_veh_3,veh_0,veh_3,DIRECT_V2V,10000000,DIAGNOSTIC_SYNTHETIC_VALUE,ONE_SHARED_POOL_PER_UNORDERED_PAIR
136000000000,136,pool_v2v_veh_0_veh_4,veh_0,veh_4,DIRECT_V2V,10000000,DIAGNOSTIC_SYNTHETIC_VALUE,ONE_SHARED_POOL_PER_UNORDERED_PAIR
136000000000,136,pool_v2v_veh_0_veh_5,veh_0,veh_5,DIRECT_V2V,10000000,DIAGNOSTIC_SYNTHETIC_VALUE,ONE_SHARED_POOL_PER_UNORDERED_PAIR
136000000000,136,pool_v2v_veh_1_veh_2,veh_1,veh_2,DIRECT_V2V,10000000,DIAGNOSTIC_SYNTHETIC_VALUE,ONE_SHARED_POOL_PER_UNORDERED_PAIR
136000000000,136,pool_v2v_veh_1_veh_3,veh_1,veh_3,DIRECT_V2V,10000000,DIAGNOSTIC_SYNTHETIC_VALUE,ONE_SHARED_POOL_PER_UNORDERED_PAIR
136000000000,136,pool_v2v_veh_1_veh_4,veh_1,veh_4,DIRECT_V2V,10000000,DIAGNOSTIC_SYNTHETIC_VALUE,ONE_SHARED_POOL_PER_UNORDERED_PAIR
136000000000,136,pool_v2v_veh_1_veh_5,veh_1,veh_5,DIRECT_V2V,10000000,DIAGNOSTIC_SYNTHETIC_VALUE,ONE_SHARED_POOL_PER_UNORDERED_PAIR
136000000000,136,pool_v2v_veh_1_veh_6,veh_1,veh_6,DIRECT_V2V,10000000,DIAGNOSTIC_SYNTHETIC_VALUE,ONE_SHARED_POOL_PER_UNORDERED_PAIR
136000000000,136,pool_v2v_veh_2_veh_3,veh_2,veh_3,DIRECT_V2V,10000000,DIAGNOSTIC_SYNTHETIC_VALUE,ONE_SHARED_POOL_PER_UNORDERED_PAIR
136000000000,136,pool_v2v_veh_2_veh_4,veh_2,veh_4,DIRECT_V2V,10000000,DIAGNOSTIC_SYNTHETIC_VALUE,ONE_SHARED_POOL_PER_UNORDERED_PAIR
136000000000,136,pool_v2v_veh_2_veh_5,veh_2,veh_5,DIRECT_V2V,10000000,DIAGNOSTIC_SYNTHETIC_VALUE,ONE_SHARED_POOL_PER_UNORDERED_PAIR
136000000000,136,pool_v2v_veh_2_veh_6,veh_2,veh_6,DIRECT_V2V,10000000,DIAGNOSTIC_SYNTHETIC_VALUE,ONE_SHARED_POOL_PER_UNORDERED_PAIR
136000000000,136,pool_v2v_veh_2_veh_7,veh_2,veh_7,DIRECT_V2V,10000000,DIAGNOSTIC_SYNTHETIC_VALUE,ONE_SHARED_POOL_PER_UNORDERED_PAIR
136000000000,136,pool_v2v_veh_3_veh_4,veh_3,veh_4,DIRECT_V2V,10000000,DIAGNOSTIC_SYNTHETIC_VALUE,ONE_SHARED_POOL_PER_UNORDERED_PAIR
136000000000,136,pool_v2v_veh_3_veh_5,veh_3,veh_5,DIRECT_V2V,10000000,DIAGNOSTIC_SYNTHETIC_VALUE,ONE_SHARED_POOL_PER_UNORDERED_PAIR
136000000000,136,pool_v2v_veh_3_veh_6,veh_3,veh_6,DIRECT_V2V,10000000,DIAGNOSTIC_SYNTHETIC_VALUE,ONE_SHARED_POOL_PER_UNORDERED_PAIR
136000000000,136,pool_v2v_veh_3_veh_7,veh_3,veh_7,DIRECT_V2V,10000000,DIAGNOSTIC_SYNTHETIC_VALUE,ONE_SHARED_POOL_PER_UNORDERED_PAIR
136000000000,136,pool_v2v_veh_3_veh_8,veh_3,veh_8,DIRECT_V2V,10000000,DIAGNOSTIC_SYNTHETIC_VALUE,ONE_SHARED_POOL_PER_UNORDERED_PAIR
136000000000,136,pool_v2v_veh_4_veh_5,veh_4,veh_5,DIRECT_V2V,10000000,DIAGNOSTIC_SYNTHETIC_VALUE,ONE_SHARED_POOL_PER_UNORDERED_PAIR
136000000000,136,pool_v2v_veh_4_veh_6,veh_4,veh_6,DIRECT_V2V,10000000,DIAGNOSTIC_SYNTHETIC_VALUE,ONE_SHARED_POOL_PER_UNORDERED_PAIR
136000000000,136,pool_v2v_veh_4_veh_7,veh_4,veh_7,DIRECT_V2V,10000000,DIAGNOSTIC_SYNTHETIC_VALUE,ONE_SHARED_POOL_PER_UNORDERED_PAIR
136000000000,136,pool_v2v_veh_4_veh_8,veh_4,veh_8,DIRECT_V2V,10000000,DIAGNOSTIC_SYNTHETIC_VALUE,ONE_SHARED_POOL_PER_UNORDERED_PAIR
136000000000,136,pool_v2v_veh_4_veh_9,veh_4,veh_9,DIRECT_V2V,10000000,DIAGNOSTIC_SYNTHETIC_VALUE,ONE_SHARED_POOL_PER_UNORDERED_PAIR
136000000000,136,pool_v2v_veh_5_veh_6,veh_5,veh_6,DIRECT_V2V,10000000,DIAGNOSTIC_SYNTHETIC_VALUE,ONE_SHARED_POOL_PER_UNORDERED_PAIR
136000000000,136,pool_v2v_veh_5_veh_7,veh_5,veh_7,DIRECT_V2V,10000000,DIAGNOSTIC_SYNTHETIC_VALUE,ONE_SHARED_POOL_PER_UNORDERED_PAIR
136000000000,136,pool_v2v_veh_5_veh_8,veh_5,veh_8,DIRECT_V2V,10000000,DIAGNOSTIC_SYNTHETIC_VALUE,ONE_SHARED_POOL_PER_UNORDERED_PAIR
136000000000,136,pool_v2v_veh_5_veh_9,veh_5,veh_9,DIRECT_V2V,10000000,DIAGNOSTIC_SYNTHETIC_VALUE,ONE_SHARED_POOL_PER_UNORDERED_PAIR
136000000000,136,pool_v2v_veh_5_veh_10,veh_5,veh_10,DIRECT_V2V,10000000,DIAGNOSTIC_SYNTHETIC_VALUE,ONE_SHARED_POOL_PER_UNORDERED_PAIR
136000000000,136,pool_v2v_veh_6_veh_7,veh_6,veh_7,DIRECT_V2V,10000000,DIAGNOSTIC_SYNTHETIC_VALUE,ONE_SHARED_POOL_PER_UNORDERED_PAIR
136000000000,136,pool_v2v_veh_6_veh_8,veh_6,veh_8,DIRECT_V2V,10000000,DIAGNOSTIC_SYNTHETIC_VALUE,ONE_SHARED_POOL_PER_UNORDERED_PAIR
136000000000,136,pool_v2v_veh_6_veh_9,veh_6,veh_9,DIRECT_V2V,10000000,DIAGNOSTIC_SYNTHETIC_VALUE,ONE_SHARED_POOL_PER_UNORDERED_PAIR
136000000000,136,pool_v2v_veh_6_veh_10,veh_6,veh_10,DIRECT_V2V,10000000,DIAGNOSTIC_SYNTHETIC_VALUE,ONE_SHARED_POOL_PER_UNORDERED_PAIR
136000000000,136,pool_v2v_veh_6_veh_11,veh_6,veh_11,DIRECT_V2V,10000000,DIAGNOSTIC_SYNTHETIC_VALUE,ONE_SHARED_POOL_PER_UNORDERED_PAIR
136000000000,136,pool_v2v_veh_7_veh_8,veh_7,veh_8,DIRECT_V2V,10000000,DIAGNOSTIC_SYNTHETIC_VALUE,ONE_SHARED_POOL_PER_UNORDERED_PAIR
136000000000,136,pool_v2v_veh_7_veh_9,veh_7,veh_9,DIRECT_V2V,10000000,DIAGNOSTIC_SYNTHETIC_VALUE,ONE_SHARED_POOL_PER_UNORDERED_PAIR
136000000000,136,pool_v2v_veh_7_veh_10,veh_7,veh_10,DIRECT_V2V,10000000,DIAGNOSTIC_SYNTHETIC_VALUE,ONE_SHARED_POOL_PER_UNORDERED_PAIR
136000000000,136,pool_v2v_veh_7_veh_11,veh_7,veh_11,DIRECT_V2V,10000000,DIAGNOSTIC_SYNTHETIC_VALUE,ONE_SHARED_POOL_PER_UNORDERED_PAIR
136000000000,136,pool_v2v_veh_8_veh_9,veh_8,veh_9,DIRECT_V2V,10000000,DIAGNOSTIC_SYNTHETIC_VALUE,ONE_SHARED_POOL_PER_UNORDERED_PAIR
136000000000,136,pool_v2v_veh_8_veh_10,veh_8,veh_10,DIRECT_V2V,10000000,DIAGNOSTIC_SYNTHETIC_VALUE,ONE_SHARED_POOL_PER_UNORDERED_PAIR
136000000000,136,pool_v2v_veh_8_veh_11,veh_8,veh_11,DIRECT_V2V,10000000,DIAGNOSTIC_SYNTHETIC_VALUE,ONE_SHARED_POOL_PER_UNORDERED_PAIR
136000000000,136,pool_v2v_veh_9_veh_10,veh_9,veh_10,DIRECT_V2V,10000000,DIAGNOSTIC_SYNTHETIC_VALUE,ONE_SHARED_POOL_PER_UNORDERED_PAIR
136000000000,136,pool_v2v_veh_9_veh_11,veh_9,veh_11,DIRECT_V2V,10000000,DIAGNOSTIC_SYNTHETIC_VALUE,ONE_SHARED_POOL_PER_UNORDERED_PAIR
136000000000,136,pool_v2v_veh_10_veh_11,veh_10,veh_11,DIRECT_V2V,10000000,DIAGNOSTIC_SYNTHETIC_VALUE,ONE_SHARED_POOL_PER_UNORDERED_PAIR
137000000000,137,pool_v2v_veh_0_veh_1,veh_0,veh_1,DIRECT_V2V,10000000,DIAGNOSTIC_SYNTHETIC_VALUE,ONE_SHARED_POOL_PER_UNORDERED_PAIR
137000000000,137,pool_v2v_veh_0_veh_2,veh_0,veh_2,DIRECT_V2V,10000000,DIAGNOSTIC_SYNTHETIC_VALUE,ONE_SHARED_POOL_PER_UNORDERED_PAIR
137000000000,137,pool_v2v_veh_0_veh_3,veh_0,veh_3,DIRECT_V2V,10000000,DIAGNOSTIC_SYNTHETIC_VALUE,ONE_SHARED_POOL_PER_UNORDERED_PAIR
137000000000,137,pool_v2v_veh_0_veh_4,veh_0,veh_4,DIRECT_V2V,10000000,DIAGNOSTIC_SYNTHETIC_VALUE,ONE_SHARED_POOL_PER_UNORDERED_PAIR
137000000000,137,pool_v2v_veh_0_veh_5,veh_0,veh_5,DIRECT_V2V,10000000,DIAGNOSTIC_SYNTHETIC_VALUE,ONE_SHARED_POOL_PER_UNORDERED_PAIR
137000000000,137,pool_v2v_veh_1_veh_2,veh_1,veh_2,DIRECT_V2V,10000000,DIAGNOSTIC_SYNTHETIC_VALUE,ONE_SHARED_POOL_PER_UNORDERED_PAIR
137000000000,137,pool_v2v_veh_1_veh_3,veh_1,veh_3,DIRECT_V2V,10000000,DIAGNOSTIC_SYNTHETIC_VALUE,ONE_SHARED_POOL_PER_UNORDERED_PAIR
137000000000,137,pool_v2v_veh_1_veh_4,veh_1,veh_4,DIRECT_V2V,10000000,DIAGNOSTIC_SYNTHETIC_VALUE,ONE_SHARED_POOL_PER_UNORDERED_PAIR
137000000000,137,pool_v2v_veh_1_veh_5,veh_1,veh_5,DIRECT_V2V,10000000,DIAGNOSTIC_SYNTHETIC_VALUE,ONE_SHARED_POOL_PER_UNORDERED_PAIR
137000000000,137,pool_v2v_veh_1_veh_6,veh_1,veh_6,DIRECT_V2V,10000000,DIAGNOSTIC_SYNTHETIC_VALUE,ONE_SHARED_POOL_PER_UNORDERED_PAIR
137000000000,137,pool_v2v_veh_2_veh_3,veh_2,veh_3,DIRECT_V2V,10000000,DIAGNOSTIC_SYNTHETIC_VALUE,ONE_SHARED_POOL_PER_UNORDERED_PAIR
137000000000,137,pool_v2v_veh_2_veh_4,veh_2,veh_4,DIRECT_V2V,10000000,DIAGNOSTIC_SYNTHETIC_VALUE,ONE_SHARED_POOL_PER_UNORDERED_PAIR
137000000000,137,pool_v2v_veh_2_veh_5,veh_2,veh_5,DIRECT_V2V,10000000,DIAGNOSTIC_SYNTHETIC_VALUE,ONE_SHARED_POOL_PER_UNORDERED_PAIR
137000000000,137,pool_v2v_veh_2_veh_6,veh_2,veh_6,DIRECT_V2V,10000000,DIAGNOSTIC_SYNTHETIC_VALUE,ONE_SHARED_POOL_PER_UNORDERED_PAIR
137000000000,137,pool_v2v_veh_2_veh_7,veh_2,veh_7,DIRECT_V2V,10000000,DIAGNOSTIC_SYNTHETIC_VALUE,ONE_SHARED_POOL_PER_UNORDERED_PAIR
137000000000,137,pool_v2v_veh_3_veh_4,veh_3,veh_4,DIRECT_V2V,10000000,DIAGNOSTIC_SYNTHETIC_VALUE,ONE_SHARED_POOL_PER_UNORDERED_PAIR
137000000000,137,pool_v2v_veh_3_veh_5,veh_3,veh_5,DIRECT_V2V,10000000,DIAGNOSTIC_SYNTHETIC_VALUE,ONE_SHARED_POOL_PER_UNORDERED_PAIR
137000000000,137,pool_v2v_veh_3_veh_6,veh_3,veh_6,DIRECT_V2V,10000000,DIAGNOSTIC_SYNTHETIC_VALUE,ONE_SHARED_POOL_PER_UNORDERED_PAIR
137000000000,137,pool_v2v_veh_3_veh_7,veh_3,veh_7,DIRECT_V2V,10000000,DIAGNOSTIC_SYNTHETIC_VALUE,ONE_SHARED_POOL_PER_UNORDERED_PAIR
137000000000,137,pool_v2v_veh_3_veh_8,veh_3,veh_8,DIRECT_V2V,10000000,DIAGNOSTIC_SYNTHETIC_VALUE,ONE_SHARED_POOL_PER_UNORDERED_PAIR
137000000000,137,pool_v2v_veh_4_veh_5,veh_4,veh_5,DIRECT_V2V,10000000,DIAGNOSTIC_SYNTHETIC_VALUE,ONE_SHARED_POOL_PER_UNORDERED_PAIR
137000000000,137,pool_v2v_veh_4_veh_6,veh_4,veh_6,DIRECT_V2V,10000000,DIAGNOSTIC_SYNTHETIC_VALUE,ONE_SHARED_POOL_PER_UNORDERED_PAIR
137000000000,137,pool_v2v_veh_4_veh_7,veh_4,veh_7,DIRECT_V2V,10000000,DIAGNOSTIC_SYNTHETIC_VALUE,ONE_SHARED_POOL_PER_UNORDERED_PAIR
137000000000,137,pool_v2v_veh_4_veh_8,veh_4,veh_8,DIRECT_V2V,10000000,DIAGNOSTIC_SYNTHETIC_VALUE,ONE_SHARED_POOL_PER_UNORDERED_PAIR
137000000000,137,pool_v2v_veh_4_veh_9,veh_4,veh_9,DIRECT_V2V,10000000,DIAGNOSTIC_SYNTHETIC_VALUE,ONE_SHARED_POOL_PER_UNORDERED_PAIR
137000000000,137,pool_v2v_veh_5_veh_6,veh_5,veh_6,DIRECT_V2V,10000000,DIAGNOSTIC_SYNTHETIC_VALUE,ONE_SHARED_POOL_PER_UNORDERED_PAIR
137000000000,137,pool_v2v_veh_5_veh_7,veh_5,veh_7,DIRECT_V2V,10000000,DIAGNOSTIC_SYNTHETIC_VALUE,ONE_SHARED_POOL_PER_UNORDERED_PAIR
137000000000,137,pool_v2v_veh_5_veh_8,veh_5,veh_8,DIRECT_V2V,10000000,DIAGNOSTIC_SYNTHETIC_VALUE,ONE_SHARED_POOL_PER_UNORDERED_PAIR
137000000000,137,pool_v2v_veh_5_veh_9,veh_5,veh_9,DIRECT_V2V,10000000,DIAGNOSTIC_SYNTHETIC_VALUE,ONE_SHARED_POOL_PER_UNORDERED_PAIR
137000000000,137,pool_v2v_veh_5_veh_10,veh_5,veh_10,DIRECT_V2V,10000000,DIAGNOSTIC_SYNTHETIC_VALUE,ONE_SHARED_POOL_PER_UNORDERED_PAIR
137000000000,137,pool_v2v_veh_6_veh_7,veh_6,veh_7,DIRECT_V2V,10000000,DIAGNOSTIC_SYNTHETIC_VALUE,ONE_SHARED_POOL_PER_UNORDERED_PAIR
137000000000,137,pool_v2v_veh_6_veh_8,veh_6,veh_8,DIRECT_V2V,10000000,DIAGNOSTIC_SYNTHETIC_VALUE,ONE_SHARED_POOL_PER_UNORDERED_PAIR
137000000000,137,pool_v2v_veh_6_veh_9,veh_6,veh_9,DIRECT_V2V,10000000,DIAGNOSTIC_SYNTHETIC_VALUE,ONE_SHARED_POOL_PER_UNORDERED_PAIR
137000000000,137,pool_v2v_veh_6_veh_10,veh_6,veh_10,DIRECT_V2V,10000000,DIAGNOSTIC_SYNTHETIC_VALUE,ONE_SHARED_POOL_PER_UNORDERED_PAIR
137000000000,137,pool_v2v_veh_6_veh_11,veh_6,veh_11,DIRECT_V2V,10000000,DIAGNOSTIC_SYNTHETIC_VALUE,ONE_SHARED_POOL_PER_UNORDERED_PAIR
137000000000,137,pool_v2v_veh_7_veh_8,veh_7,veh_8,DIRECT_V2V,10000000,DIAGNOSTIC_SYNTHETIC_VALUE,ONE_SHARED_POOL_PER_UNORDERED_PAIR
137000000000,137,pool_v2v_veh_7_veh_9,veh_7,veh_9,DIRECT_V2V,10000000,DIAGNOSTIC_SYNTHETIC_VALUE,ONE_SHARED_POOL_PER_UNORDERED_PAIR
137000000000,137,pool_v2v_veh_7_veh_10,veh_7,veh_10,DIRECT_V2V,10000000,DIAGNOSTIC_SYNTHETIC_VALUE,ONE_SHARED_POOL_PER_UNORDERED_PAIR
137000000000,137,pool_v2v_veh_7_veh_11,veh_7,veh_11,DIRECT_V2V,10000000,DIAGNOSTIC_SYNTHETIC_VALUE,ONE_SHARED_POOL_PER_UNORDERED_PAIR
137000000000,137,pool_v2v_veh_8_veh_9,veh_8,veh_9,DIRECT_V2V,10000000,DIAGNOSTIC_SYNTHETIC_VALUE,ONE_SHARED_POOL_PER_UNORDERED_PAIR
137000000000,137,pool_v2v_veh_8_veh_10,veh_8,veh_10,DIRECT_V2V,10000000,DIAGNOSTIC_SYNTHETIC_VALUE,ONE_SHARED_POOL_PER_UNORDERED_PAIR
137000000000,137,pool_v2v_veh_8_veh_11,veh_8,veh_11,DIRECT_V2V,10000000,DIAGNOSTIC_SYNTHETIC_VALUE,ONE_SHARED_POOL_PER_UNORDERED_PAIR
137000000000,137,pool_v2v_veh_9_veh_10,veh_9,veh_10,DIRECT_V2V,10000000,DIAGNOSTIC_SYNTHETIC_VALUE,ONE_SHARED_POOL_PER_UNORDERED_PAIR
137000000000,137,pool_v2v_veh_9_veh_11,veh_9,veh_11,DIRECT_V2V,10000000,DIAGNOSTIC_SYNTHETIC_VALUE,ONE_SHARED_POOL_PER_UNORDERED_PAIR
137000000000,137,pool_v2v_veh_10_veh_11,veh_10,veh_11,DIRECT_V2V,10000000,DIAGNOSTIC_SYNTHETIC_VALUE,ONE_SHARED_POOL_PER_UNORDERED_PAIR
138000000000,138,pool_v2v_veh_0_veh_1,veh_0,veh_1,DIRECT_V2V,10000000,DIAGNOSTIC_SYNTHETIC_VALUE,ONE_SHARED_POOL_PER_UNORDERED_PAIR
138000000000,138,pool_v2v_veh_0_veh_2,veh_0,veh_2,DIRECT_V2V,10000000,DIAGNOSTIC_SYNTHETIC_VALUE,ONE_SHARED_POOL_PER_UNORDERED_PAIR
138000000000,138,pool_v2v_veh_0_veh_3,veh_0,veh_3,DIRECT_V2V,10000000,DIAGNOSTIC_SYNTHETIC_VALUE,ONE_SHARED_POOL_PER_UNORDERED_PAIR
138000000000,138,pool_v2v_veh_0_veh_4,veh_0,veh_4,DIRECT_V2V,10000000,DIAGNOSTIC_SYNTHETIC_VALUE,ONE_SHARED_POOL_PER_UNORDERED_PAIR
138000000000,138,pool_v2v_veh_0_veh_5,veh_0,veh_5,DIRECT_V2V,10000000,DIAGNOSTIC_SYNTHETIC_VALUE,ONE_SHARED_POOL_PER_UNORDERED_PAIR
138000000000,138,pool_v2v_veh_1_veh_2,veh_1,veh_2,DIRECT_V2V,10000000,DIAGNOSTIC_SYNTHETIC_VALUE,ONE_SHARED_POOL_PER_UNORDERED_PAIR
138000000000,138,pool_v2v_veh_1_veh_3,veh_1,veh_3,DIRECT_V2V,10000000,DIAGNOSTIC_SYNTHETIC_VALUE,ONE_SHARED_POOL_PER_UNORDERED_PAIR
138000000000,138,pool_v2v_veh_1_veh_4,veh_1,veh_4,DIRECT_V2V,10000000,DIAGNOSTIC_SYNTHETIC_VALUE,ONE_SHARED_POOL_PER_UNORDERED_PAIR
138000000000,138,pool_v2v_veh_1_veh_5,veh_1,veh_5,DIRECT_V2V,10000000,DIAGNOSTIC_SYNTHETIC_VALUE,ONE_SHARED_POOL_PER_UNORDERED_PAIR
138000000000,138,pool_v2v_veh_1_veh_6,veh_1,veh_6,DIRECT_V2V,10000000,DIAGNOSTIC_SYNTHETIC_VALUE,ONE_SHARED_POOL_PER_UNORDERED_PAIR
138000000000,138,pool_v2v_veh_2_veh_3,veh_2,veh_3,DIRECT_V2V,10000000,DIAGNOSTIC_SYNTHETIC_VALUE,ONE_SHARED_POOL_PER_UNORDERED_PAIR
138000000000,138,pool_v2v_veh_2_veh_4,veh_2,veh_4,DIRECT_V2V,10000000,DIAGNOSTIC_SYNTHETIC_VALUE,ONE_SHARED_POOL_PER_UNORDERED_PAIR
138000000000,138,pool_v2v_veh_2_veh_5,veh_2,veh_5,DIRECT_V2V,10000000,DIAGNOSTIC_SYNTHETIC_VALUE,ONE_SHARED_POOL_PER_UNORDERED_PAIR
138000000000,138,pool_v2v_veh_2_veh_6,veh_2,veh_6,DIRECT_V2V,10000000,DIAGNOSTIC_SYNTHETIC_VALUE,ONE_SHARED_POOL_PER_UNORDERED_PAIR
138000000000,138,pool_v2v_veh_2_veh_7,veh_2,veh_7,DIRECT_V2V,10000000,DIAGNOSTIC_SYNTHETIC_VALUE,ONE_SHARED_POOL_PER_UNORDERED_PAIR
138000000000,138,pool_v2v_veh_3_veh_4,veh_3,veh_4,DIRECT_V2V,10000000,DIAGNOSTIC_SYNTHETIC_VALUE,ONE_SHARED_POOL_PER_UNORDERED_PAIR
138000000000,138,pool_v2v_veh_3_veh_5,veh_3,veh_5,DIRECT_V2V,10000000,DIAGNOSTIC_SYNTHETIC_VALUE,ONE_SHARED_POOL_PER_UNORDERED_PAIR
138000000000,138,pool_v2v_veh_3_veh_6,veh_3,veh_6,DIRECT_V2V,10000000,DIAGNOSTIC_SYNTHETIC_VALUE,ONE_SHARED_POOL_PER_UNORDERED_PAIR
138000000000,138,pool_v2v_veh_3_veh_7,veh_3,veh_7,DIRECT_V2V,10000000,DIAGNOSTIC_SYNTHETIC_VALUE,ONE_SHARED_POOL_PER_UNORDERED_PAIR
138000000000,138,pool_v2v_veh_3_veh_8,veh_3,veh_8,DIRECT_V2V,10000000,DIAGNOSTIC_SYNTHETIC_VALUE,ONE_SHARED_POOL_PER_UNORDERED_PAIR
138000000000,138,pool_v2v_veh_4_veh_5,veh_4,veh_5,DIRECT_V2V,10000000,DIAGNOSTIC_SYNTHETIC_VALUE,ONE_SHARED_POOL_PER_UNORDERED_PAIR
138000000000,138,pool_v2v_veh_4_veh_6,veh_4,veh_6,DIRECT_V2V,10000000,DIAGNOSTIC_SYNTHETIC_VALUE,ONE_SHARED_POOL_PER_UNORDERED_PAIR
138000000000,138,pool_v2v_veh_4_veh_7,veh_4,veh_7,DIRECT_V2V,10000000,DIAGNOSTIC_SYNTHETIC_VALUE,ONE_SHARED_POOL_PER_UNORDERED_PAIR
138000000000,138,pool_v2v_veh_4_veh_8,veh_4,veh_8,DIRECT_V2V,10000000,DIAGNOSTIC_SYNTHETIC_VALUE,ONE_SHARED_POOL_PER_UNORDERED_PAIR
138000000000,138,pool_v2v_veh_4_veh_9,veh_4,veh_9,DIRECT_V2V,10000000,DIAGNOSTIC_SYNTHETIC_VALUE,ONE_SHARED_POOL_PER_UNORDERED_PAIR
138000000000,138,pool_v2v_veh_5_veh_6,veh_5,veh_6,DIRECT_V2V,10000000,DIAGNOSTIC_SYNTHETIC_VALUE,ONE_SHARED_POOL_PER_UNORDERED_PAIR
138000000000,138,pool_v2v_veh_5_veh_7,veh_5,veh_7,DIRECT_V2V,10000000,DIAGNOSTIC_SYNTHETIC_VALUE,ONE_SHARED_POOL_PER_UNORDERED_PAIR
138000000000,138,pool_v2v_veh_5_veh_8,veh_5,veh_8,DIRECT_V2V,10000000,DIAGNOSTIC_SYNTHETIC_VALUE,ONE_SHARED_POOL_PER_UNORDERED_PAIR
138000000000,138,pool_v2v_veh_5_veh_9,veh_5,veh_9,DIRECT_V2V,10000000,DIAGNOSTIC_SYNTHETIC_VALUE,ONE_SHARED_POOL_PER_UNORDERED_PAIR
138000000000,138,pool_v2v_veh_5_veh_10,veh_5,veh_10,DIRECT_V2V,10000000,DIAGNOSTIC_SYNTHETIC_VALUE,ONE_SHARED_POOL_PER_UNORDERED_PAIR
138000000000,138,pool_v2v_veh_6_veh_7,veh_6,veh_7,DIRECT_V2V,10000000,DIAGNOSTIC_SYNTHETIC_VALUE,ONE_SHARED_POOL_PER_UNORDERED_PAIR
138000000000,138,pool_v2v_veh_6_veh_8,veh_6,veh_8,DIRECT_V2V,10000000,DIAGNOSTIC_SYNTHETIC_VALUE,ONE_SHARED_POOL_PER_UNORDERED_PAIR
138000000000,138,pool_v2v_veh_6_veh_9,veh_6,veh_9,DIRECT_V2V,10000000,DIAGNOSTIC_SYNTHETIC_VALUE,ONE_SHARED_POOL_PER_UNORDERED_PAIR
138000000000,138,pool_v2v_veh_6_veh_10,veh_6,veh_10,DIRECT_V2V,10000000,DIAGNOSTIC_SYNTHETIC_VALUE,ONE_SHARED_POOL_PER_UNORDERED_PAIR
138000000000,138,pool_v2v_veh_6_veh_11,veh_6,veh_11,DIRECT_V2V,10000000,DIAGNOSTIC_SYNTHETIC_VALUE,ONE_SHARED_POOL_PER_UNORDERED_PAIR
138000000000,138,pool_v2v_veh_7_veh_8,veh_7,veh_8,DIRECT_V2V,10000000,DIAGNOSTIC_SYNTHETIC_VALUE,ONE_SHARED_POOL_PER_UNORDERED_PAIR
138000000000,138,pool_v2v_veh_7_veh_9,veh_7,veh_9,DIRECT_V2V,10000000,DIAGNOSTIC_SYNTHETIC_VALUE,ONE_SHARED_POOL_PER_UNORDERED_PAIR
138000000000,138,pool_v2v_veh_7_veh_10,veh_7,veh_10,DIRECT_V2V,10000000,DIAGNOSTIC_SYNTHETIC_VALUE,ONE_SHARED_POOL_PER_UNORDERED_PAIR
138000000000,138,pool_v2v_veh_7_veh_11,veh_7,veh_11,DIRECT_V2V,10000000,DIAGNOSTIC_SYNTHETIC_VALUE,ONE_SHARED_POOL_PER_UNORDERED_PAIR
138000000000,138,pool_v2v_veh_8_veh_9,veh_8,veh_9,DIRECT_V2V,10000000,DIAGNOSTIC_SYNTHETIC_VALUE,ONE_SHARED_POOL_PER_UNORDERED_PAIR
138000000000,138,pool_v2v_veh_8_veh_10,veh_8,veh_10,DIRECT_V2V,10000000,DIAGNOSTIC_SYNTHETIC_VALUE,ONE_SHARED_POOL_PER_UNORDERED_PAIR
138000000000,138,pool_v2v_veh_8_veh_11,veh_8,veh_11,DIRECT_V2V,10000000,DIAGNOSTIC_SYNTHETIC_VALUE,ONE_SHARED_POOL_PER_UNORDERED_PAIR
138000000000,138,pool_v2v_veh_9_veh_10,veh_9,veh_10,DIRECT_V2V,10000000,DIAGNOSTIC_SYNTHETIC_VALUE,ONE_SHARED_POOL_PER_UNORDERED_PAIR
138000000000,138,pool_v2v_veh_9_veh_11,veh_9,veh_11,DIRECT_V2V,10000000,DIAGNOSTIC_SYNTHETIC_VALUE,ONE_SHARED_POOL_PER_UNORDERED_PAIR
138000000000,138,pool_v2v_veh_10_veh_11,veh_10,veh_11,DIRECT_V2V,10000000,DIAGNOSTIC_SYNTHETIC_VALUE,ONE_SHARED_POOL_PER_UNORDERED_PAIR
139000000000,139,pool_v2v_veh_0_veh_1,veh_0,veh_1,DIRECT_V2V,10000000,DIAGNOSTIC_SYNTHETIC_VALUE,ONE_SHARED_POOL_PER_UNORDERED_PAIR
139000000000,139,pool_v2v_veh_0_veh_2,veh_0,veh_2,DIRECT_V2V,10000000,DIAGNOSTIC_SYNTHETIC_VALUE,ONE_SHARED_POOL_PER_UNORDERED_PAIR
139000000000,139,pool_v2v_veh_0_veh_3,veh_0,veh_3,DIRECT_V2V,10000000,DIAGNOSTIC_SYNTHETIC_VALUE,ONE_SHARED_POOL_PER_UNORDERED_PAIR
139000000000,139,pool_v2v_veh_0_veh_4,veh_0,veh_4,DIRECT_V2V,10000000,DIAGNOSTIC_SYNTHETIC_VALUE,ONE_SHARED_POOL_PER_UNORDERED_PAIR
139000000000,139,pool_v2v_veh_0_veh_5,veh_0,veh_5,DIRECT_V2V,10000000,DIAGNOSTIC_SYNTHETIC_VALUE,ONE_SHARED_POOL_PER_UNORDERED_PAIR
139000000000,139,pool_v2v_veh_1_veh_2,veh_1,veh_2,DIRECT_V2V,10000000,DIAGNOSTIC_SYNTHETIC_VALUE,ONE_SHARED_POOL_PER_UNORDERED_PAIR
139000000000,139,pool_v2v_veh_1_veh_3,veh_1,veh_3,DIRECT_V2V,10000000,DIAGNOSTIC_SYNTHETIC_VALUE,ONE_SHARED_POOL_PER_UNORDERED_PAIR
139000000000,139,pool_v2v_veh_1_veh_4,veh_1,veh_4,DIRECT_V2V,10000000,DIAGNOSTIC_SYNTHETIC_VALUE,ONE_SHARED_POOL_PER_UNORDERED_PAIR
139000000000,139,pool_v2v_veh_1_veh_5,veh_1,veh_5,DIRECT_V2V,10000000,DIAGNOSTIC_SYNTHETIC_VALUE,ONE_SHARED_POOL_PER_UNORDERED_PAIR
139000000000,139,pool_v2v_veh_1_veh_6,veh_1,veh_6,DIRECT_V2V,10000000,DIAGNOSTIC_SYNTHETIC_VALUE,ONE_SHARED_POOL_PER_UNORDERED_PAIR
139000000000,139,pool_v2v_veh_2_veh_3,veh_2,veh_3,DIRECT_V2V,10000000,DIAGNOSTIC_SYNTHETIC_VALUE,ONE_SHARED_POOL_PER_UNORDERED_PAIR
139000000000,139,pool_v2v_veh_2_veh_4,veh_2,veh_4,DIRECT_V2V,10000000,DIAGNOSTIC_SYNTHETIC_VALUE,ONE_SHARED_POOL_PER_UNORDERED_PAIR
139000000000,139,pool_v2v_veh_2_veh_5,veh_2,veh_5,DIRECT_V2V,10000000,DIAGNOSTIC_SYNTHETIC_VALUE,ONE_SHARED_POOL_PER_UNORDERED_PAIR
139000000000,139,pool_v2v_veh_2_veh_6,veh_2,veh_6,DIRECT_V2V,10000000,DIAGNOSTIC_SYNTHETIC_VALUE,ONE_SHARED_POOL_PER_UNORDERED_PAIR
139000000000,139,pool_v2v_veh_2_veh_7,veh_2,veh_7,DIRECT_V2V,10000000,DIAGNOSTIC_SYNTHETIC_VALUE,ONE_SHARED_POOL_PER_UNORDERED_PAIR
139000000000,139,pool_v2v_veh_3_veh_4,veh_3,veh_4,DIRECT_V2V,10000000,DIAGNOSTIC_SYNTHETIC_VALUE,ONE_SHARED_POOL_PER_UNORDERED_PAIR
139000000000,139,pool_v2v_veh_3_veh_5,veh_3,veh_5,DIRECT_V2V,10000000,DIAGNOSTIC_SYNTHETIC_VALUE,ONE_SHARED_POOL_PER_UNORDERED_PAIR
139000000000,139,pool_v2v_veh_3_veh_6,veh_3,veh_6,DIRECT_V2V,10000000,DIAGNOSTIC_SYNTHETIC_VALUE,ONE_SHARED_POOL_PER_UNORDERED_PAIR
139000000000,139,pool_v2v_veh_3_veh_7,veh_3,veh_7,DIRECT_V2V,10000000,DIAGNOSTIC_SYNTHETIC_VALUE,ONE_SHARED_POOL_PER_UNORDERED_PAIR
139000000000,139,pool_v2v_veh_3_veh_8,veh_3,veh_8,DIRECT_V2V,10000000,DIAGNOSTIC_SYNTHETIC_VALUE,ONE_SHARED_POOL_PER_UNORDERED_PAIR
139000000000,139,pool_v2v_veh_4_veh_5,veh_4,veh_5,DIRECT_V2V,10000000,DIAGNOSTIC_SYNTHETIC_VALUE,ONE_SHARED_POOL_PER_UNORDERED_PAIR
139000000000,139,pool_v2v_veh_4_veh_6,veh_4,veh_6,DIRECT_V2V,10000000,DIAGNOSTIC_SYNTHETIC_VALUE,ONE_SHARED_POOL_PER_UNORDERED_PAIR
139000000000,139,pool_v2v_veh_4_veh_7,veh_4,veh_7,DIRECT_V2V,10000000,DIAGNOSTIC_SYNTHETIC_VALUE,ONE_SHARED_POOL_PER_UNORDERED_PAIR
139000000000,139,pool_v2v_veh_4_veh_8,veh_4,veh_8,DIRECT_V2V,10000000,DIAGNOSTIC_SYNTHETIC_VALUE,ONE_SHARED_POOL_PER_UNORDERED_PAIR
139000000000,139,pool_v2v_veh_4_veh_9,veh_4,veh_9,DIRECT_V2V,10000000,DIAGNOSTIC_SYNTHETIC_VALUE,ONE_SHARED_POOL_PER_UNORDERED_PAIR
139000000000,139,pool_v2v_veh_5_veh_6,veh_5,veh_6,DIRECT_V2V,10000000,DIAGNOSTIC_SYNTHETIC_VALUE,ONE_SHARED_POOL_PER_UNORDERED_PAIR
139000000000,139,pool_v2v_veh_5_veh_7,veh_5,veh_7,DIRECT_V2V,10000000,DIAGNOSTIC_SYNTHETIC_VALUE,ONE_SHARED_POOL_PER_UNORDERED_PAIR
139000000000,139,pool_v2v_veh_5_veh_8,veh_5,veh_8,DIRECT_V2V,10000000,DIAGNOSTIC_SYNTHETIC_VALUE,ONE_SHARED_POOL_PER_UNORDERED_PAIR
139000000000,139,pool_v2v_veh_5_veh_9,veh_5,veh_9,DIRECT_V2V,10000000,DIAGNOSTIC_SYNTHETIC_VALUE,ONE_SHARED_POOL_PER_UNORDERED_PAIR
139000000000,139,pool_v2v_veh_5_veh_10,veh_5,veh_10,DIRECT_V2V,10000000,DIAGNOSTIC_SYNTHETIC_VALUE,ONE_SHARED_POOL_PER_UNORDERED_PAIR
139000000000,139,pool_v2v_veh_6_veh_7,veh_6,veh_7,DIRECT_V2V,10000000,DIAGNOSTIC_SYNTHETIC_VALUE,ONE_SHARED_POOL_PER_UNORDERED_PAIR
139000000000,139,pool_v2v_veh_6_veh_8,veh_6,veh_8,DIRECT_V2V,10000000,DIAGNOSTIC_SYNTHETIC_VALUE,ONE_SHARED_POOL_PER_UNORDERED_PAIR
139000000000,139,pool_v2v_veh_6_veh_9,veh_6,veh_9,DIRECT_V2V,10000000,DIAGNOSTIC_SYNTHETIC_VALUE,ONE_SHARED_POOL_PER_UNORDERED_PAIR
139000000000,139,pool_v2v_veh_6_veh_10,veh_6,veh_10,DIRECT_V2V,10000000,DIAGNOSTIC_SYNTHETIC_VALUE,ONE_SHARED_POOL_PER_UNORDERED_PAIR
139000000000,139,pool_v2v_veh_6_veh_11,veh_6,veh_11,DIRECT_V2V,10000000,DIAGNOSTIC_SYNTHETIC_VALUE,ONE_SHARED_POOL_PER_UNORDERED_PAIR
139000000000,139,pool_v2v_veh_7_veh_8,veh_7,veh_8,DIRECT_V2V,10000000,DIAGNOSTIC_SYNTHETIC_VALUE,ONE_SHARED_POOL_PER_UNORDERED_PAIR
139000000000,139,pool_v2v_veh_7_veh_9,veh_7,veh_9,DIRECT_V2V,10000000,DIAGNOSTIC_SYNTHETIC_VALUE,ONE_SHARED_POOL_PER_UNORDERED_PAIR
139000000000,139,pool_v2v_veh_7_veh_10,veh_7,veh_10,DIRECT_V2V,10000000,DIAGNOSTIC_SYNTHETIC_VALUE,ONE_SHARED_POOL_PER_UNORDERED_PAIR
139000000000,139,pool_v2v_veh_7_veh_11,veh_7,veh_11,DIRECT_V2V,10000000,DIAGNOSTIC_SYNTHETIC_VALUE,ONE_SHARED_POOL_PER_UNORDERED_PAIR
139000000000,139,pool_v2v_veh_8_veh_9,veh_8,veh_9,DIRECT_V2V,10000000,DIAGNOSTIC_SYNTHETIC_VALUE,ONE_SHARED_POOL_PER_UNORDERED_PAIR
139000000000,139,pool_v2v_veh_8_veh_10,veh_8,veh_10,DIRECT_V2V,10000000,DIAGNOSTIC_SYNTHETIC_VALUE,ONE_SHARED_POOL_PER_UNORDERED_PAIR
139000000000,139,pool_v2v_veh_8_veh_11,veh_8,veh_11,DIRECT_V2V,10000000,DIAGNOSTIC_SYNTHETIC_VALUE,ONE_SHARED_POOL_PER_UNORDERED_PAIR
139000000000,139,pool_v2v_veh_9_veh_10,veh_9,veh_10,DIRECT_V2V,10000000,DIAGNOSTIC_SYNTHETIC_VALUE,ONE_SHARED_POOL_PER_UNORDERED_PAIR
139000000000,139,pool_v2v_veh_9_veh_11,veh_9,veh_11,DIRECT_V2V,10000000,DIAGNOSTIC_SYNTHETIC_VALUE,ONE_SHARED_POOL_PER_UNORDERED_PAIR
139000000000,139,pool_v2v_veh_10_veh_11,veh_10,veh_11,DIRECT_V2V,10000000,DIAGNOSTIC_SYNTHETIC_VALUE,ONE_SHARED_POOL_PER_UNORDERED_PAIR
140000000000,140,pool_v2v_veh_0_veh_1,veh_0,veh_1,DIRECT_V2V,10000000,DIAGNOSTIC_SYNTHETIC_VALUE,ONE_SHARED_POOL_PER_UNORDERED_PAIR
140000000000,140,pool_v2v_veh_0_veh_2,veh_0,veh_2,DIRECT_V2V,10000000,DIAGNOSTIC_SYNTHETIC_VALUE,ONE_SHARED_POOL_PER_UNORDERED_PAIR
140000000000,140,pool_v2v_veh_0_veh_3,veh_0,veh_3,DIRECT_V2V,10000000,DIAGNOSTIC_SYNTHETIC_VALUE,ONE_SHARED_POOL_PER_UNORDERED_PAIR
140000000000,140,pool_v2v_veh_0_veh_4,veh_0,veh_4,DIRECT_V2V,10000000,DIAGNOSTIC_SYNTHETIC_VALUE,ONE_SHARED_POOL_PER_UNORDERED_PAIR
140000000000,140,pool_v2v_veh_0_veh_5,veh_0,veh_5,DIRECT_V2V,10000000,DIAGNOSTIC_SYNTHETIC_VALUE,ONE_SHARED_POOL_PER_UNORDERED_PAIR
140000000000,140,pool_v2v_veh_1_veh_2,veh_1,veh_2,DIRECT_V2V,10000000,DIAGNOSTIC_SYNTHETIC_VALUE,ONE_SHARED_POOL_PER_UNORDERED_PAIR
140000000000,140,pool_v2v_veh_1_veh_3,veh_1,veh_3,DIRECT_V2V,10000000,DIAGNOSTIC_SYNTHETIC_VALUE,ONE_SHARED_POOL_PER_UNORDERED_PAIR
140000000000,140,pool_v2v_veh_1_veh_4,veh_1,veh_4,DIRECT_V2V,10000000,DIAGNOSTIC_SYNTHETIC_VALUE,ONE_SHARED_POOL_PER_UNORDERED_PAIR
140000000000,140,pool_v2v_veh_1_veh_5,veh_1,veh_5,DIRECT_V2V,10000000,DIAGNOSTIC_SYNTHETIC_VALUE,ONE_SHARED_POOL_PER_UNORDERED_PAIR
140000000000,140,pool_v2v_veh_1_veh_6,veh_1,veh_6,DIRECT_V2V,10000000,DIAGNOSTIC_SYNTHETIC_VALUE,ONE_SHARED_POOL_PER_UNORDERED_PAIR
140000000000,140,pool_v2v_veh_2_veh_3,veh_2,veh_3,DIRECT_V2V,10000000,DIAGNOSTIC_SYNTHETIC_VALUE,ONE_SHARED_POOL_PER_UNORDERED_PAIR
140000000000,140,pool_v2v_veh_2_veh_4,veh_2,veh_4,DIRECT_V2V,10000000,DIAGNOSTIC_SYNTHETIC_VALUE,ONE_SHARED_POOL_PER_UNORDERED_PAIR
140000000000,140,pool_v2v_veh_2_veh_5,veh_2,veh_5,DIRECT_V2V,10000000,DIAGNOSTIC_SYNTHETIC_VALUE,ONE_SHARED_POOL_PER_UNORDERED_PAIR
140000000000,140,pool_v2v_veh_2_veh_6,veh_2,veh_6,DIRECT_V2V,10000000,DIAGNOSTIC_SYNTHETIC_VALUE,ONE_SHARED_POOL_PER_UNORDERED_PAIR
140000000000,140,pool_v2v_veh_2_veh_7,veh_2,veh_7,DIRECT_V2V,10000000,DIAGNOSTIC_SYNTHETIC_VALUE,ONE_SHARED_POOL_PER_UNORDERED_PAIR
140000000000,140,pool_v2v_veh_3_veh_4,veh_3,veh_4,DIRECT_V2V,10000000,DIAGNOSTIC_SYNTHETIC_VALUE,ONE_SHARED_POOL_PER_UNORDERED_PAIR
140000000000,140,pool_v2v_veh_3_veh_5,veh_3,veh_5,DIRECT_V2V,10000000,DIAGNOSTIC_SYNTHETIC_VALUE,ONE_SHARED_POOL_PER_UNORDERED_PAIR
140000000000,140,pool_v2v_veh_3_veh_6,veh_3,veh_6,DIRECT_V2V,10000000,DIAGNOSTIC_SYNTHETIC_VALUE,ONE_SHARED_POOL_PER_UNORDERED_PAIR
140000000000,140,pool_v2v_veh_3_veh_7,veh_3,veh_7,DIRECT_V2V,10000000,DIAGNOSTIC_SYNTHETIC_VALUE,ONE_SHARED_POOL_PER_UNORDERED_PAIR
140000000000,140,pool_v2v_veh_3_veh_8,veh_3,veh_8,DIRECT_V2V,10000000,DIAGNOSTIC_SYNTHETIC_VALUE,ONE_SHARED_POOL_PER_UNORDERED_PAIR
140000000000,140,pool_v2v_veh_4_veh_5,veh_4,veh_5,DIRECT_V2V,10000000,DIAGNOSTIC_SYNTHETIC_VALUE,ONE_SHARED_POOL_PER_UNORDERED_PAIR
140000000000,140,pool_v2v_veh_4_veh_6,veh_4,veh_6,DIRECT_V2V,10000000,DIAGNOSTIC_SYNTHETIC_VALUE,ONE_SHARED_POOL_PER_UNORDERED_PAIR
140000000000,140,pool_v2v_veh_4_veh_7,veh_4,veh_7,DIRECT_V2V,10000000,DIAGNOSTIC_SYNTHETIC_VALUE,ONE_SHARED_POOL_PER_UNORDERED_PAIR
140000000000,140,pool_v2v_veh_4_veh_8,veh_4,veh_8,DIRECT_V2V,10000000,DIAGNOSTIC_SYNTHETIC_VALUE,ONE_SHARED_POOL_PER_UNORDERED_PAIR
140000000000,140,pool_v2v_veh_4_veh_9,veh_4,veh_9,DIRECT_V2V,10000000,DIAGNOSTIC_SYNTHETIC_VALUE,ONE_SHARED_POOL_PER_UNORDERED_PAIR
140000000000,140,pool_v2v_veh_5_veh_6,veh_5,veh_6,DIRECT_V2V,10000000,DIAGNOSTIC_SYNTHETIC_VALUE,ONE_SHARED_POOL_PER_UNORDERED_PAIR
140000000000,140,pool_v2v_veh_5_veh_7,veh_5,veh_7,DIRECT_V2V,10000000,DIAGNOSTIC_SYNTHETIC_VALUE,ONE_SHARED_POOL_PER_UNORDERED_PAIR
140000000000,140,pool_v2v_veh_5_veh_8,veh_5,veh_8,DIRECT_V2V,10000000,DIAGNOSTIC_SYNTHETIC_VALUE,ONE_SHARED_POOL_PER_UNORDERED_PAIR
140000000000,140,pool_v2v_veh_5_veh_9,veh_5,veh_9,DIRECT_V2V,10000000,DIAGNOSTIC_SYNTHETIC_VALUE,ONE_SHARED_POOL_PER_UNORDERED_PAIR
140000000000,140,pool_v2v_veh_5_veh_10,veh_5,veh_10,DIRECT_V2V,10000000,DIAGNOSTIC_SYNTHETIC_VALUE,ONE_SHARED_POOL_PER_UNORDERED_PAIR
140000000000,140,pool_v2v_veh_6_veh_7,veh_6,veh_7,DIRECT_V2V,10000000,DIAGNOSTIC_SYNTHETIC_VALUE,ONE_SHARED_POOL_PER_UNORDERED_PAIR
140000000000,140,pool_v2v_veh_6_veh_8,veh_6,veh_8,DIRECT_V2V,10000000,DIAGNOSTIC_SYNTHETIC_VALUE,ONE_SHARED_POOL_PER_UNORDERED_PAIR
140000000000,140,pool_v2v_veh_6_veh_9,veh_6,veh_9,DIRECT_V2V,10000000,DIAGNOSTIC_SYNTHETIC_VALUE,ONE_SHARED_POOL_PER_UNORDERED_PAIR
140000000000,140,pool_v2v_veh_6_veh_10,veh_6,veh_10,DIRECT_V2V,10000000,DIAGNOSTIC_SYNTHETIC_VALUE,ONE_SHARED_POOL_PER_UNORDERED_PAIR
140000000000,140,pool_v2v_veh_6_veh_11,veh_6,veh_11,DIRECT_V2V,10000000,DIAGNOSTIC_SYNTHETIC_VALUE,ONE_SHARED_POOL_PER_UNORDERED_PAIR
140000000000,140,pool_v2v_veh_7_veh_8,veh_7,veh_8,DIRECT_V2V,10000000,DIAGNOSTIC_SYNTHETIC_VALUE,ONE_SHARED_POOL_PER_UNORDERED_PAIR
140000000000,140,pool_v2v_veh_7_veh_9,veh_7,veh_9,DIRECT_V2V,10000000,DIAGNOSTIC_SYNTHETIC_VALUE,ONE_SHARED_POOL_PER_UNORDERED_PAIR
140000000000,140,pool_v2v_veh_7_veh_10,veh_7,veh_10,DIRECT_V2V,10000000,DIAGNOSTIC_SYNTHETIC_VALUE,ONE_SHARED_POOL_PER_UNORDERED_PAIR
140000000000,140,pool_v2v_veh_7_veh_11,veh_7,veh_11,DIRECT_V2V,10000000,DIAGNOSTIC_SYNTHETIC_VALUE,ONE_SHARED_POOL_PER_UNORDERED_PAIR
140000000000,140,pool_v2v_veh_8_veh_9,veh_8,veh_9,DIRECT_V2V,10000000,DIAGNOSTIC_SYNTHETIC_VALUE,ONE_SHARED_POOL_PER_UNORDERED_PAIR
140000000000,140,pool_v2v_veh_8_veh_10,veh_8,veh_10,DIRECT_V2V,10000000,DIAGNOSTIC_SYNTHETIC_VALUE,ONE_SHARED_POOL_PER_UNORDERED_PAIR
140000000000,140,pool_v2v_veh_8_veh_11,veh_8,veh_11,DIRECT_V2V,10000000,DIAGNOSTIC_SYNTHETIC_VALUE,ONE_SHARED_POOL_PER_UNORDERED_PAIR
140000000000,140,pool_v2v_veh_9_veh_10,veh_9,veh_10,DIRECT_V2V,10000000,DIAGNOSTIC_SYNTHETIC_VALUE,ONE_SHARED_POOL_PER_UNORDERED_PAIR
140000000000,140,pool_v2v_veh_9_veh_11,veh_9,veh_11,DIRECT_V2V,10000000,DIAGNOSTIC_SYNTHETIC_VALUE,ONE_SHARED_POOL_PER_UNORDERED_PAIR
140000000000,140,pool_v2v_veh_10_veh_11,veh_10,veh_11,DIRECT_V2V,10000000,DIAGNOSTIC_SYNTHETIC_VALUE,ONE_SHARED_POOL_PER_UNORDERED_PAIR
141000000000,141,pool_v2v_veh_0_veh_1,veh_0,veh_1,DIRECT_V2V,10000000,DIAGNOSTIC_SYNTHETIC_VALUE,ONE_SHARED_POOL_PER_UNORDERED_PAIR
141000000000,141,pool_v2v_veh_0_veh_2,veh_0,veh_2,DIRECT_V2V,10000000,DIAGNOSTIC_SYNTHETIC_VALUE,ONE_SHARED_POOL_PER_UNORDERED_PAIR
141000000000,141,pool_v2v_veh_0_veh_3,veh_0,veh_3,DIRECT_V2V,10000000,DIAGNOSTIC_SYNTHETIC_VALUE,ONE_SHARED_POOL_PER_UNORDERED_PAIR
141000000000,141,pool_v2v_veh_0_veh_4,veh_0,veh_4,DIRECT_V2V,10000000,DIAGNOSTIC_SYNTHETIC_VALUE,ONE_SHARED_POOL_PER_UNORDERED_PAIR
141000000000,141,pool_v2v_veh_0_veh_5,veh_0,veh_5,DIRECT_V2V,10000000,DIAGNOSTIC_SYNTHETIC_VALUE,ONE_SHARED_POOL_PER_UNORDERED_PAIR
141000000000,141,pool_v2v_veh_1_veh_2,veh_1,veh_2,DIRECT_V2V,10000000,DIAGNOSTIC_SYNTHETIC_VALUE,ONE_SHARED_POOL_PER_UNORDERED_PAIR
141000000000,141,pool_v2v_veh_1_veh_3,veh_1,veh_3,DIRECT_V2V,10000000,DIAGNOSTIC_SYNTHETIC_VALUE,ONE_SHARED_POOL_PER_UNORDERED_PAIR
141000000000,141,pool_v2v_veh_1_veh_4,veh_1,veh_4,DIRECT_V2V,10000000,DIAGNOSTIC_SYNTHETIC_VALUE,ONE_SHARED_POOL_PER_UNORDERED_PAIR
141000000000,141,pool_v2v_veh_1_veh_5,veh_1,veh_5,DIRECT_V2V,10000000,DIAGNOSTIC_SYNTHETIC_VALUE,ONE_SHARED_POOL_PER_UNORDERED_PAIR
141000000000,141,pool_v2v_veh_1_veh_6,veh_1,veh_6,DIRECT_V2V,10000000,DIAGNOSTIC_SYNTHETIC_VALUE,ONE_SHARED_POOL_PER_UNORDERED_PAIR
141000000000,141,pool_v2v_veh_2_veh_3,veh_2,veh_3,DIRECT_V2V,10000000,DIAGNOSTIC_SYNTHETIC_VALUE,ONE_SHARED_POOL_PER_UNORDERED_PAIR
141000000000,141,pool_v2v_veh_2_veh_4,veh_2,veh_4,DIRECT_V2V,10000000,DIAGNOSTIC_SYNTHETIC_VALUE,ONE_SHARED_POOL_PER_UNORDERED_PAIR
141000000000,141,pool_v2v_veh_2_veh_5,veh_2,veh_5,DIRECT_V2V,10000000,DIAGNOSTIC_SYNTHETIC_VALUE,ONE_SHARED_POOL_PER_UNORDERED_PAIR
141000000000,141,pool_v2v_veh_2_veh_6,veh_2,veh_6,DIRECT_V2V,10000000,DIAGNOSTIC_SYNTHETIC_VALUE,ONE_SHARED_POOL_PER_UNORDERED_PAIR
141000000000,141,pool_v2v_veh_2_veh_7,veh_2,veh_7,DIRECT_V2V,10000000,DIAGNOSTIC_SYNTHETIC_VALUE,ONE_SHARED_POOL_PER_UNORDERED_PAIR
141000000000,141,pool_v2v_veh_3_veh_4,veh_3,veh_4,DIRECT_V2V,10000000,DIAGNOSTIC_SYNTHETIC_VALUE,ONE_SHARED_POOL_PER_UNORDERED_PAIR
141000000000,141,pool_v2v_veh_3_veh_5,veh_3,veh_5,DIRECT_V2V,10000000,DIAGNOSTIC_SYNTHETIC_VALUE,ONE_SHARED_POOL_PER_UNORDERED_PAIR
141000000000,141,pool_v2v_veh_3_veh_6,veh_3,veh_6,DIRECT_V2V,10000000,DIAGNOSTIC_SYNTHETIC_VALUE,ONE_SHARED_POOL_PER_UNORDERED_PAIR
141000000000,141,pool_v2v_veh_3_veh_7,veh_3,veh_7,DIRECT_V2V,10000000,DIAGNOSTIC_SYNTHETIC_VALUE,ONE_SHARED_POOL_PER_UNORDERED_PAIR
141000000000,141,pool_v2v_veh_3_veh_8,veh_3,veh_8,DIRECT_V2V,10000000,DIAGNOSTIC_SYNTHETIC_VALUE,ONE_SHARED_POOL_PER_UNORDERED_PAIR
141000000000,141,pool_v2v_veh_4_veh_5,veh_4,veh_5,DIRECT_V2V,10000000,DIAGNOSTIC_SYNTHETIC_VALUE,ONE_SHARED_POOL_PER_UNORDERED_PAIR
141000000000,141,pool_v2v_veh_4_veh_6,veh_4,veh_6,DIRECT_V2V,10000000,DIAGNOSTIC_SYNTHETIC_VALUE,ONE_SHARED_POOL_PER_UNORDERED_PAIR
141000000000,141,pool_v2v_veh_4_veh_7,veh_4,veh_7,DIRECT_V2V,10000000,DIAGNOSTIC_SYNTHETIC_VALUE,ONE_SHARED_POOL_PER_UNORDERED_PAIR
141000000000,141,pool_v2v_veh_4_veh_8,veh_4,veh_8,DIRECT_V2V,10000000,DIAGNOSTIC_SYNTHETIC_VALUE,ONE_SHARED_POOL_PER_UNORDERED_PAIR
141000000000,141,pool_v2v_veh_4_veh_9,veh_4,veh_9,DIRECT_V2V,10000000,DIAGNOSTIC_SYNTHETIC_VALUE,ONE_SHARED_POOL_PER_UNORDERED_PAIR
141000000000,141,pool_v2v_veh_5_veh_6,veh_5,veh_6,DIRECT_V2V,10000000,DIAGNOSTIC_SYNTHETIC_VALUE,ONE_SHARED_POOL_PER_UNORDERED_PAIR
141000000000,141,pool_v2v_veh_5_veh_7,veh_5,veh_7,DIRECT_V2V,10000000,DIAGNOSTIC_SYNTHETIC_VALUE,ONE_SHARED_POOL_PER_UNORDERED_PAIR
141000000000,141,pool_v2v_veh_5_veh_8,veh_5,veh_8,DIRECT_V2V,10000000,DIAGNOSTIC_SYNTHETIC_VALUE,ONE_SHARED_POOL_PER_UNORDERED_PAIR
141000000000,141,pool_v2v_veh_5_veh_9,veh_5,veh_9,DIRECT_V2V,10000000,DIAGNOSTIC_SYNTHETIC_VALUE,ONE_SHARED_POOL_PER_UNORDERED_PAIR
141000000000,141,pool_v2v_veh_5_veh_10,veh_5,veh_10,DIRECT_V2V,10000000,DIAGNOSTIC_SYNTHETIC_VALUE,ONE_SHARED_POOL_PER_UNORDERED_PAIR
141000000000,141,pool_v2v_veh_6_veh_7,veh_6,veh_7,DIRECT_V2V,10000000,DIAGNOSTIC_SYNTHETIC_VALUE,ONE_SHARED_POOL_PER_UNORDERED_PAIR
141000000000,141,pool_v2v_veh_6_veh_8,veh_6,veh_8,DIRECT_V2V,10000000,DIAGNOSTIC_SYNTHETIC_VALUE,ONE_SHARED_POOL_PER_UNORDERED_PAIR
141000000000,141,pool_v2v_veh_6_veh_9,veh_6,veh_9,DIRECT_V2V,10000000,DIAGNOSTIC_SYNTHETIC_VALUE,ONE_SHARED_POOL_PER_UNORDERED_PAIR
141000000000,141,pool_v2v_veh_6_veh_10,veh_6,veh_10,DIRECT_V2V,10000000,DIAGNOSTIC_SYNTHETIC_VALUE,ONE_SHARED_POOL_PER_UNORDERED_PAIR
141000000000,141,pool_v2v_veh_6_veh_11,veh_6,veh_11,DIRECT_V2V,10000000,DIAGNOSTIC_SYNTHETIC_VALUE,ONE_SHARED_POOL_PER_UNORDERED_PAIR
141000000000,141,pool_v2v_veh_7_veh_8,veh_7,veh_8,DIRECT_V2V,10000000,DIAGNOSTIC_SYNTHETIC_VALUE,ONE_SHARED_POOL_PER_UNORDERED_PAIR
141000000000,141,pool_v2v_veh_7_veh_9,veh_7,veh_9,DIRECT_V2V,10000000,DIAGNOSTIC_SYNTHETIC_VALUE,ONE_SHARED_POOL_PER_UNORDERED_PAIR
141000000000,141,pool_v2v_veh_7_veh_10,veh_7,veh_10,DIRECT_V2V,10000000,DIAGNOSTIC_SYNTHETIC_VALUE,ONE_SHARED_POOL_PER_UNORDERED_PAIR
141000000000,141,pool_v2v_veh_7_veh_11,veh_7,veh_11,DIRECT_V2V,10000000,DIAGNOSTIC_SYNTHETIC_VALUE,ONE_SHARED_POOL_PER_UNORDERED_PAIR
141000000000,141,pool_v2v_veh_8_veh_9,veh_8,veh_9,DIRECT_V2V,10000000,DIAGNOSTIC_SYNTHETIC_VALUE,ONE_SHARED_POOL_PER_UNORDERED_PAIR
141000000000,141,pool_v2v_veh_8_veh_10,veh_8,veh_10,DIRECT_V2V,10000000,DIAGNOSTIC_SYNTHETIC_VALUE,ONE_SHARED_POOL_PER_UNORDERED_PAIR
141000000000,141,pool_v2v_veh_8_veh_11,veh_8,veh_11,DIRECT_V2V,10000000,DIAGNOSTIC_SYNTHETIC_VALUE,ONE_SHARED_POOL_PER_UNORDERED_PAIR
141000000000,141,pool_v2v_veh_9_veh_10,veh_9,veh_10,DIRECT_V2V,10000000,DIAGNOSTIC_SYNTHETIC_VALUE,ONE_SHARED_POOL_PER_UNORDERED_PAIR
141000000000,141,pool_v2v_veh_9_veh_11,veh_9,veh_11,DIRECT_V2V,10000000,DIAGNOSTIC_SYNTHETIC_VALUE,ONE_SHARED_POOL_PER_UNORDERED_PAIR
141000000000,141,pool_v2v_veh_10_veh_11,veh_10,veh_11,DIRECT_V2V,10000000,DIAGNOSTIC_SYNTHETIC_VALUE,ONE_SHARED_POOL_PER_UNORDERED_PAIR
142000000000,142,pool_v2v_veh_0_veh_1,veh_0,veh_1,DIRECT_V2V,10000000,DIAGNOSTIC_SYNTHETIC_VALUE,ONE_SHARED_POOL_PER_UNORDERED_PAIR
142000000000,142,pool_v2v_veh_0_veh_2,veh_0,veh_2,DIRECT_V2V,10000000,DIAGNOSTIC_SYNTHETIC_VALUE,ONE_SHARED_POOL_PER_UNORDERED_PAIR
142000000000,142,pool_v2v_veh_0_veh_3,veh_0,veh_3,DIRECT_V2V,10000000,DIAGNOSTIC_SYNTHETIC_VALUE,ONE_SHARED_POOL_PER_UNORDERED_PAIR
142000000000,142,pool_v2v_veh_0_veh_4,veh_0,veh_4,DIRECT_V2V,10000000,DIAGNOSTIC_SYNTHETIC_VALUE,ONE_SHARED_POOL_PER_UNORDERED_PAIR
142000000000,142,pool_v2v_veh_0_veh_5,veh_0,veh_5,DIRECT_V2V,10000000,DIAGNOSTIC_SYNTHETIC_VALUE,ONE_SHARED_POOL_PER_UNORDERED_PAIR
142000000000,142,pool_v2v_veh_1_veh_2,veh_1,veh_2,DIRECT_V2V,10000000,DIAGNOSTIC_SYNTHETIC_VALUE,ONE_SHARED_POOL_PER_UNORDERED_PAIR
142000000000,142,pool_v2v_veh_1_veh_3,veh_1,veh_3,DIRECT_V2V,10000000,DIAGNOSTIC_SYNTHETIC_VALUE,ONE_SHARED_POOL_PER_UNORDERED_PAIR
142000000000,142,pool_v2v_veh_1_veh_4,veh_1,veh_4,DIRECT_V2V,10000000,DIAGNOSTIC_SYNTHETIC_VALUE,ONE_SHARED_POOL_PER_UNORDERED_PAIR
142000000000,142,pool_v2v_veh_1_veh_5,veh_1,veh_5,DIRECT_V2V,10000000,DIAGNOSTIC_SYNTHETIC_VALUE,ONE_SHARED_POOL_PER_UNORDERED_PAIR
142000000000,142,pool_v2v_veh_1_veh_6,veh_1,veh_6,DIRECT_V2V,10000000,DIAGNOSTIC_SYNTHETIC_VALUE,ONE_SHARED_POOL_PER_UNORDERED_PAIR
142000000000,142,pool_v2v_veh_2_veh_3,veh_2,veh_3,DIRECT_V2V,10000000,DIAGNOSTIC_SYNTHETIC_VALUE,ONE_SHARED_POOL_PER_UNORDERED_PAIR
142000000000,142,pool_v2v_veh_2_veh_4,veh_2,veh_4,DIRECT_V2V,10000000,DIAGNOSTIC_SYNTHETIC_VALUE,ONE_SHARED_POOL_PER_UNORDERED_PAIR
142000000000,142,pool_v2v_veh_2_veh_5,veh_2,veh_5,DIRECT_V2V,10000000,DIAGNOSTIC_SYNTHETIC_VALUE,ONE_SHARED_POOL_PER_UNORDERED_PAIR
142000000000,142,pool_v2v_veh_2_veh_6,veh_2,veh_6,DIRECT_V2V,10000000,DIAGNOSTIC_SYNTHETIC_VALUE,ONE_SHARED_POOL_PER_UNORDERED_PAIR
142000000000,142,pool_v2v_veh_2_veh_7,veh_2,veh_7,DIRECT_V2V,10000000,DIAGNOSTIC_SYNTHETIC_VALUE,ONE_SHARED_POOL_PER_UNORDERED_PAIR
142000000000,142,pool_v2v_veh_3_veh_4,veh_3,veh_4,DIRECT_V2V,10000000,DIAGNOSTIC_SYNTHETIC_VALUE,ONE_SHARED_POOL_PER_UNORDERED_PAIR
142000000000,142,pool_v2v_veh_3_veh_5,veh_3,veh_5,DIRECT_V2V,10000000,DIAGNOSTIC_SYNTHETIC_VALUE,ONE_SHARED_POOL_PER_UNORDERED_PAIR
142000000000,142,pool_v2v_veh_3_veh_6,veh_3,veh_6,DIRECT_V2V,10000000,DIAGNOSTIC_SYNTHETIC_VALUE,ONE_SHARED_POOL_PER_UNORDERED_PAIR
142000000000,142,pool_v2v_veh_3_veh_7,veh_3,veh_7,DIRECT_V2V,10000000,DIAGNOSTIC_SYNTHETIC_VALUE,ONE_SHARED_POOL_PER_UNORDERED_PAIR
142000000000,142,pool_v2v_veh_3_veh_8,veh_3,veh_8,DIRECT_V2V,10000000,DIAGNOSTIC_SYNTHETIC_VALUE,ONE_SHARED_POOL_PER_UNORDERED_PAIR
142000000000,142,pool_v2v_veh_4_veh_5,veh_4,veh_5,DIRECT_V2V,10000000,DIAGNOSTIC_SYNTHETIC_VALUE,ONE_SHARED_POOL_PER_UNORDERED_PAIR
142000000000,142,pool_v2v_veh_4_veh_6,veh_4,veh_6,DIRECT_V2V,10000000,DIAGNOSTIC_SYNTHETIC_VALUE,ONE_SHARED_POOL_PER_UNORDERED_PAIR
142000000000,142,pool_v2v_veh_4_veh_7,veh_4,veh_7,DIRECT_V2V,10000000,DIAGNOSTIC_SYNTHETIC_VALUE,ONE_SHARED_POOL_PER_UNORDERED_PAIR
142000000000,142,pool_v2v_veh_4_veh_8,veh_4,veh_8,DIRECT_V2V,10000000,DIAGNOSTIC_SYNTHETIC_VALUE,ONE_SHARED_POOL_PER_UNORDERED_PAIR
142000000000,142,pool_v2v_veh_4_veh_9,veh_4,veh_9,DIRECT_V2V,10000000,DIAGNOSTIC_SYNTHETIC_VALUE,ONE_SHARED_POOL_PER_UNORDERED_PAIR
142000000000,142,pool_v2v_veh_5_veh_6,veh_5,veh_6,DIRECT_V2V,10000000,DIAGNOSTIC_SYNTHETIC_VALUE,ONE_SHARED_POOL_PER_UNORDERED_PAIR
142000000000,142,pool_v2v_veh_5_veh_7,veh_5,veh_7,DIRECT_V2V,10000000,DIAGNOSTIC_SYNTHETIC_VALUE,ONE_SHARED_POOL_PER_UNORDERED_PAIR
142000000000,142,pool_v2v_veh_5_veh_8,veh_5,veh_8,DIRECT_V2V,10000000,DIAGNOSTIC_SYNTHETIC_VALUE,ONE_SHARED_POOL_PER_UNORDERED_PAIR
142000000000,142,pool_v2v_veh_5_veh_9,veh_5,veh_9,DIRECT_V2V,10000000,DIAGNOSTIC_SYNTHETIC_VALUE,ONE_SHARED_POOL_PER_UNORDERED_PAIR
142000000000,142,pool_v2v_veh_5_veh_10,veh_5,veh_10,DIRECT_V2V,10000000,DIAGNOSTIC_SYNTHETIC_VALUE,ONE_SHARED_POOL_PER_UNORDERED_PAIR
142000000000,142,pool_v2v_veh_6_veh_7,veh_6,veh_7,DIRECT_V2V,10000000,DIAGNOSTIC_SYNTHETIC_VALUE,ONE_SHARED_POOL_PER_UNORDERED_PAIR
142000000000,142,pool_v2v_veh_6_veh_8,veh_6,veh_8,DIRECT_V2V,10000000,DIAGNOSTIC_SYNTHETIC_VALUE,ONE_SHARED_POOL_PER_UNORDERED_PAIR
142000000000,142,pool_v2v_veh_6_veh_9,veh_6,veh_9,DIRECT_V2V,10000000,DIAGNOSTIC_SYNTHETIC_VALUE,ONE_SHARED_POOL_PER_UNORDERED_PAIR
142000000000,142,pool_v2v_veh_6_veh_10,veh_6,veh_10,DIRECT_V2V,10000000,DIAGNOSTIC_SYNTHETIC_VALUE,ONE_SHARED_POOL_PER_UNORDERED_PAIR
142000000000,142,pool_v2v_veh_6_veh_11,veh_6,veh_11,DIRECT_V2V,10000000,DIAGNOSTIC_SYNTHETIC_VALUE,ONE_SHARED_POOL_PER_UNORDERED_PAIR
142000000000,142,pool_v2v_veh_7_veh_8,veh_7,veh_8,DIRECT_V2V,10000000,DIAGNOSTIC_SYNTHETIC_VALUE,ONE_SHARED_POOL_PER_UNORDERED_PAIR
142000000000,142,pool_v2v_veh_7_veh_9,veh_7,veh_9,DIRECT_V2V,10000000,DIAGNOSTIC_SYNTHETIC_VALUE,ONE_SHARED_POOL_PER_UNORDERED_PAIR
142000000000,142,pool_v2v_veh_7_veh_10,veh_7,veh_10,DIRECT_V2V,10000000,DIAGNOSTIC_SYNTHETIC_VALUE,ONE_SHARED_POOL_PER_UNORDERED_PAIR
142000000000,142,pool_v2v_veh_7_veh_11,veh_7,veh_11,DIRECT_V2V,10000000,DIAGNOSTIC_SYNTHETIC_VALUE,ONE_SHARED_POOL_PER_UNORDERED_PAIR
142000000000,142,pool_v2v_veh_8_veh_9,veh_8,veh_9,DIRECT_V2V,10000000,DIAGNOSTIC_SYNTHETIC_VALUE,ONE_SHARED_POOL_PER_UNORDERED_PAIR
142000000000,142,pool_v2v_veh_8_veh_10,veh_8,veh_10,DIRECT_V2V,10000000,DIAGNOSTIC_SYNTHETIC_VALUE,ONE_SHARED_POOL_PER_UNORDERED_PAIR
142000000000,142,pool_v2v_veh_8_veh_11,veh_8,veh_11,DIRECT_V2V,10000000,DIAGNOSTIC_SYNTHETIC_VALUE,ONE_SHARED_POOL_PER_UNORDERED_PAIR
142000000000,142,pool_v2v_veh_9_veh_10,veh_9,veh_10,DIRECT_V2V,10000000,DIAGNOSTIC_SYNTHETIC_VALUE,ONE_SHARED_POOL_PER_UNORDERED_PAIR
142000000000,142,pool_v2v_veh_9_veh_11,veh_9,veh_11,DIRECT_V2V,10000000,DIAGNOSTIC_SYNTHETIC_VALUE,ONE_SHARED_POOL_PER_UNORDERED_PAIR
142000000000,142,pool_v2v_veh_10_veh_11,veh_10,veh_11,DIRECT_V2V,10000000,DIAGNOSTIC_SYNTHETIC_VALUE,ONE_SHARED_POOL_PER_UNORDERED_PAIR
143000000000,143,pool_v2v_veh_0_veh_1,veh_0,veh_1,DIRECT_V2V,10000000,DIAGNOSTIC_SYNTHETIC_VALUE,ONE_SHARED_POOL_PER_UNORDERED_PAIR
143000000000,143,pool_v2v_veh_0_veh_2,veh_0,veh_2,DIRECT_V2V,10000000,DIAGNOSTIC_SYNTHETIC_VALUE,ONE_SHARED_POOL_PER_UNORDERED_PAIR
143000000000,143,pool_v2v_veh_0_veh_3,veh_0,veh_3,DIRECT_V2V,10000000,DIAGNOSTIC_SYNTHETIC_VALUE,ONE_SHARED_POOL_PER_UNORDERED_PAIR
143000000000,143,pool_v2v_veh_0_veh_4,veh_0,veh_4,DIRECT_V2V,10000000,DIAGNOSTIC_SYNTHETIC_VALUE,ONE_SHARED_POOL_PER_UNORDERED_PAIR
143000000000,143,pool_v2v_veh_0_veh_5,veh_0,veh_5,DIRECT_V2V,10000000,DIAGNOSTIC_SYNTHETIC_VALUE,ONE_SHARED_POOL_PER_UNORDERED_PAIR
143000000000,143,pool_v2v_veh_1_veh_2,veh_1,veh_2,DIRECT_V2V,10000000,DIAGNOSTIC_SYNTHETIC_VALUE,ONE_SHARED_POOL_PER_UNORDERED_PAIR
143000000000,143,pool_v2v_veh_1_veh_3,veh_1,veh_3,DIRECT_V2V,10000000,DIAGNOSTIC_SYNTHETIC_VALUE,ONE_SHARED_POOL_PER_UNORDERED_PAIR
143000000000,143,pool_v2v_veh_1_veh_4,veh_1,veh_4,DIRECT_V2V,10000000,DIAGNOSTIC_SYNTHETIC_VALUE,ONE_SHARED_POOL_PER_UNORDERED_PAIR
143000000000,143,pool_v2v_veh_1_veh_5,veh_1,veh_5,DIRECT_V2V,10000000,DIAGNOSTIC_SYNTHETIC_VALUE,ONE_SHARED_POOL_PER_UNORDERED_PAIR
143000000000,143,pool_v2v_veh_1_veh_6,veh_1,veh_6,DIRECT_V2V,10000000,DIAGNOSTIC_SYNTHETIC_VALUE,ONE_SHARED_POOL_PER_UNORDERED_PAIR
143000000000,143,pool_v2v_veh_2_veh_3,veh_2,veh_3,DIRECT_V2V,10000000,DIAGNOSTIC_SYNTHETIC_VALUE,ONE_SHARED_POOL_PER_UNORDERED_PAIR
143000000000,143,pool_v2v_veh_2_veh_4,veh_2,veh_4,DIRECT_V2V,10000000,DIAGNOSTIC_SYNTHETIC_VALUE,ONE_SHARED_POOL_PER_UNORDERED_PAIR
143000000000,143,pool_v2v_veh_2_veh_5,veh_2,veh_5,DIRECT_V2V,10000000,DIAGNOSTIC_SYNTHETIC_VALUE,ONE_SHARED_POOL_PER_UNORDERED_PAIR
143000000000,143,pool_v2v_veh_2_veh_6,veh_2,veh_6,DIRECT_V2V,10000000,DIAGNOSTIC_SYNTHETIC_VALUE,ONE_SHARED_POOL_PER_UNORDERED_PAIR
143000000000,143,pool_v2v_veh_2_veh_7,veh_2,veh_7,DIRECT_V2V,10000000,DIAGNOSTIC_SYNTHETIC_VALUE,ONE_SHARED_POOL_PER_UNORDERED_PAIR
143000000000,143,pool_v2v_veh_3_veh_4,veh_3,veh_4,DIRECT_V2V,10000000,DIAGNOSTIC_SYNTHETIC_VALUE,ONE_SHARED_POOL_PER_UNORDERED_PAIR
143000000000,143,pool_v2v_veh_3_veh_5,veh_3,veh_5,DIRECT_V2V,10000000,DIAGNOSTIC_SYNTHETIC_VALUE,ONE_SHARED_POOL_PER_UNORDERED_PAIR
143000000000,143,pool_v2v_veh_3_veh_6,veh_3,veh_6,DIRECT_V2V,10000000,DIAGNOSTIC_SYNTHETIC_VALUE,ONE_SHARED_POOL_PER_UNORDERED_PAIR
143000000000,143,pool_v2v_veh_3_veh_7,veh_3,veh_7,DIRECT_V2V,10000000,DIAGNOSTIC_SYNTHETIC_VALUE,ONE_SHARED_POOL_PER_UNORDERED_PAIR
143000000000,143,pool_v2v_veh_3_veh_8,veh_3,veh_8,DIRECT_V2V,10000000,DIAGNOSTIC_SYNTHETIC_VALUE,ONE_SHARED_POOL_PER_UNORDERED_PAIR
143000000000,143,pool_v2v_veh_4_veh_5,veh_4,veh_5,DIRECT_V2V,10000000,DIAGNOSTIC_SYNTHETIC_VALUE,ONE_SHARED_POOL_PER_UNORDERED_PAIR
143000000000,143,pool_v2v_veh_4_veh_6,veh_4,veh_6,DIRECT_V2V,10000000,DIAGNOSTIC_SYNTHETIC_VALUE,ONE_SHARED_POOL_PER_UNORDERED_PAIR
143000000000,143,pool_v2v_veh_4_veh_7,veh_4,veh_7,DIRECT_V2V,10000000,DIAGNOSTIC_SYNTHETIC_VALUE,ONE_SHARED_POOL_PER_UNORDERED_PAIR
143000000000,143,pool_v2v_veh_4_veh_8,veh_4,veh_8,DIRECT_V2V,10000000,DIAGNOSTIC_SYNTHETIC_VALUE,ONE_SHARED_POOL_PER_UNORDERED_PAIR
143000000000,143,pool_v2v_veh_4_veh_9,veh_4,veh_9,DIRECT_V2V,10000000,DIAGNOSTIC_SYNTHETIC_VALUE,ONE_SHARED_POOL_PER_UNORDERED_PAIR
143000000000,143,pool_v2v_veh_5_veh_6,veh_5,veh_6,DIRECT_V2V,10000000,DIAGNOSTIC_SYNTHETIC_VALUE,ONE_SHARED_POOL_PER_UNORDERED_PAIR
143000000000,143,pool_v2v_veh_5_veh_7,veh_5,veh_7,DIRECT_V2V,10000000,DIAGNOSTIC_SYNTHETIC_VALUE,ONE_SHARED_POOL_PER_UNORDERED_PAIR
143000000000,143,pool_v2v_veh_5_veh_8,veh_5,veh_8,DIRECT_V2V,10000000,DIAGNOSTIC_SYNTHETIC_VALUE,ONE_SHARED_POOL_PER_UNORDERED_PAIR
143000000000,143,pool_v2v_veh_5_veh_9,veh_5,veh_9,DIRECT_V2V,10000000,DIAGNOSTIC_SYNTHETIC_VALUE,ONE_SHARED_POOL_PER_UNORDERED_PAIR
143000000000,143,pool_v2v_veh_5_veh_10,veh_5,veh_10,DIRECT_V2V,10000000,DIAGNOSTIC_SYNTHETIC_VALUE,ONE_SHARED_POOL_PER_UNORDERED_PAIR
143000000000,143,pool_v2v_veh_6_veh_7,veh_6,veh_7,DIRECT_V2V,10000000,DIAGNOSTIC_SYNTHETIC_VALUE,ONE_SHARED_POOL_PER_UNORDERED_PAIR
143000000000,143,pool_v2v_veh_6_veh_8,veh_6,veh_8,DIRECT_V2V,10000000,DIAGNOSTIC_SYNTHETIC_VALUE,ONE_SHARED_POOL_PER_UNORDERED_PAIR
143000000000,143,pool_v2v_veh_6_veh_9,veh_6,veh_9,DIRECT_V2V,10000000,DIAGNOSTIC_SYNTHETIC_VALUE,ONE_SHARED_POOL_PER_UNORDERED_PAIR
143000000000,143,pool_v2v_veh_6_veh_10,veh_6,veh_10,DIRECT_V2V,10000000,DIAGNOSTIC_SYNTHETIC_VALUE,ONE_SHARED_POOL_PER_UNORDERED_PAIR
143000000000,143,pool_v2v_veh_6_veh_11,veh_6,veh_11,DIRECT_V2V,10000000,DIAGNOSTIC_SYNTHETIC_VALUE,ONE_SHARED_POOL_PER_UNORDERED_PAIR
143000000000,143,pool_v2v_veh_7_veh_8,veh_7,veh_8,DIRECT_V2V,10000000,DIAGNOSTIC_SYNTHETIC_VALUE,ONE_SHARED_POOL_PER_UNORDERED_PAIR
143000000000,143,pool_v2v_veh_7_veh_9,veh_7,veh_9,DIRECT_V2V,10000000,DIAGNOSTIC_SYNTHETIC_VALUE,ONE_SHARED_POOL_PER_UNORDERED_PAIR
143000000000,143,pool_v2v_veh_7_veh_10,veh_7,veh_10,DIRECT_V2V,10000000,DIAGNOSTIC_SYNTHETIC_VALUE,ONE_SHARED_POOL_PER_UNORDERED_PAIR
143000000000,143,pool_v2v_veh_7_veh_11,veh_7,veh_11,DIRECT_V2V,10000000,DIAGNOSTIC_SYNTHETIC_VALUE,ONE_SHARED_POOL_PER_UNORDERED_PAIR
143000000000,143,pool_v2v_veh_8_veh_9,veh_8,veh_9,DIRECT_V2V,10000000,DIAGNOSTIC_SYNTHETIC_VALUE,ONE_SHARED_POOL_PER_UNORDERED_PAIR
143000000000,143,pool_v2v_veh_8_veh_10,veh_8,veh_10,DIRECT_V2V,10000000,DIAGNOSTIC_SYNTHETIC_VALUE,ONE_SHARED_POOL_PER_UNORDERED_PAIR
143000000000,143,pool_v2v_veh_8_veh_11,veh_8,veh_11,DIRECT_V2V,10000000,DIAGNOSTIC_SYNTHETIC_VALUE,ONE_SHARED_POOL_PER_UNORDERED_PAIR
143000000000,143,pool_v2v_veh_9_veh_10,veh_9,veh_10,DIRECT_V2V,10000000,DIAGNOSTIC_SYNTHETIC_VALUE,ONE_SHARED_POOL_PER_UNORDERED_PAIR
143000000000,143,pool_v2v_veh_9_veh_11,veh_9,veh_11,DIRECT_V2V,10000000,DIAGNOSTIC_SYNTHETIC_VALUE,ONE_SHARED_POOL_PER_UNORDERED_PAIR
143000000000,143,pool_v2v_veh_10_veh_11,veh_10,veh_11,DIRECT_V2V,10000000,DIAGNOSTIC_SYNTHETIC_VALUE,ONE_SHARED_POOL_PER_UNORDERED_PAIR
144000000000,144,pool_v2v_veh_0_veh_1,veh_0,veh_1,DIRECT_V2V,10000000,DIAGNOSTIC_SYNTHETIC_VALUE,ONE_SHARED_POOL_PER_UNORDERED_PAIR
144000000000,144,pool_v2v_veh_0_veh_2,veh_0,veh_2,DIRECT_V2V,10000000,DIAGNOSTIC_SYNTHETIC_VALUE,ONE_SHARED_POOL_PER_UNORDERED_PAIR
144000000000,144,pool_v2v_veh_0_veh_3,veh_0,veh_3,DIRECT_V2V,10000000,DIAGNOSTIC_SYNTHETIC_VALUE,ONE_SHARED_POOL_PER_UNORDERED_PAIR
144000000000,144,pool_v2v_veh_0_veh_4,veh_0,veh_4,DIRECT_V2V,10000000,DIAGNOSTIC_SYNTHETIC_VALUE,ONE_SHARED_POOL_PER_UNORDERED_PAIR
144000000000,144,pool_v2v_veh_0_veh_5,veh_0,veh_5,DIRECT_V2V,10000000,DIAGNOSTIC_SYNTHETIC_VALUE,ONE_SHARED_POOL_PER_UNORDERED_PAIR
144000000000,144,pool_v2v_veh_1_veh_2,veh_1,veh_2,DIRECT_V2V,10000000,DIAGNOSTIC_SYNTHETIC_VALUE,ONE_SHARED_POOL_PER_UNORDERED_PAIR
144000000000,144,pool_v2v_veh_1_veh_3,veh_1,veh_3,DIRECT_V2V,10000000,DIAGNOSTIC_SYNTHETIC_VALUE,ONE_SHARED_POOL_PER_UNORDERED_PAIR
144000000000,144,pool_v2v_veh_1_veh_4,veh_1,veh_4,DIRECT_V2V,10000000,DIAGNOSTIC_SYNTHETIC_VALUE,ONE_SHARED_POOL_PER_UNORDERED_PAIR
144000000000,144,pool_v2v_veh_1_veh_5,veh_1,veh_5,DIRECT_V2V,10000000,DIAGNOSTIC_SYNTHETIC_VALUE,ONE_SHARED_POOL_PER_UNORDERED_PAIR
144000000000,144,pool_v2v_veh_1_veh_6,veh_1,veh_6,DIRECT_V2V,10000000,DIAGNOSTIC_SYNTHETIC_VALUE,ONE_SHARED_POOL_PER_UNORDERED_PAIR
144000000000,144,pool_v2v_veh_2_veh_3,veh_2,veh_3,DIRECT_V2V,10000000,DIAGNOSTIC_SYNTHETIC_VALUE,ONE_SHARED_POOL_PER_UNORDERED_PAIR
144000000000,144,pool_v2v_veh_2_veh_4,veh_2,veh_4,DIRECT_V2V,10000000,DIAGNOSTIC_SYNTHETIC_VALUE,ONE_SHARED_POOL_PER_UNORDERED_PAIR
144000000000,144,pool_v2v_veh_2_veh_5,veh_2,veh_5,DIRECT_V2V,10000000,DIAGNOSTIC_SYNTHETIC_VALUE,ONE_SHARED_POOL_PER_UNORDERED_PAIR
144000000000,144,pool_v2v_veh_2_veh_6,veh_2,veh_6,DIRECT_V2V,10000000,DIAGNOSTIC_SYNTHETIC_VALUE,ONE_SHARED_POOL_PER_UNORDERED_PAIR
144000000000,144,pool_v2v_veh_2_veh_7,veh_2,veh_7,DIRECT_V2V,10000000,DIAGNOSTIC_SYNTHETIC_VALUE,ONE_SHARED_POOL_PER_UNORDERED_PAIR
144000000000,144,pool_v2v_veh_3_veh_4,veh_3,veh_4,DIRECT_V2V,10000000,DIAGNOSTIC_SYNTHETIC_VALUE,ONE_SHARED_POOL_PER_UNORDERED_PAIR
144000000000,144,pool_v2v_veh_3_veh_5,veh_3,veh_5,DIRECT_V2V,10000000,DIAGNOSTIC_SYNTHETIC_VALUE,ONE_SHARED_POOL_PER_UNORDERED_PAIR
144000000000,144,pool_v2v_veh_3_veh_6,veh_3,veh_6,DIRECT_V2V,10000000,DIAGNOSTIC_SYNTHETIC_VALUE,ONE_SHARED_POOL_PER_UNORDERED_PAIR
144000000000,144,pool_v2v_veh_3_veh_7,veh_3,veh_7,DIRECT_V2V,10000000,DIAGNOSTIC_SYNTHETIC_VALUE,ONE_SHARED_POOL_PER_UNORDERED_PAIR
144000000000,144,pool_v2v_veh_3_veh_8,veh_3,veh_8,DIRECT_V2V,10000000,DIAGNOSTIC_SYNTHETIC_VALUE,ONE_SHARED_POOL_PER_UNORDERED_PAIR
144000000000,144,pool_v2v_veh_4_veh_5,veh_4,veh_5,DIRECT_V2V,10000000,DIAGNOSTIC_SYNTHETIC_VALUE,ONE_SHARED_POOL_PER_UNORDERED_PAIR
144000000000,144,pool_v2v_veh_4_veh_6,veh_4,veh_6,DIRECT_V2V,10000000,DIAGNOSTIC_SYNTHETIC_VALUE,ONE_SHARED_POOL_PER_UNORDERED_PAIR
144000000000,144,pool_v2v_veh_4_veh_7,veh_4,veh_7,DIRECT_V2V,10000000,DIAGNOSTIC_SYNTHETIC_VALUE,ONE_SHARED_POOL_PER_UNORDERED_PAIR
144000000000,144,pool_v2v_veh_4_veh_8,veh_4,veh_8,DIRECT_V2V,10000000,DIAGNOSTIC_SYNTHETIC_VALUE,ONE_SHARED_POOL_PER_UNORDERED_PAIR
144000000000,144,pool_v2v_veh_4_veh_9,veh_4,veh_9,DIRECT_V2V,10000000,DIAGNOSTIC_SYNTHETIC_VALUE,ONE_SHARED_POOL_PER_UNORDERED_PAIR
144000000000,144,pool_v2v_veh_5_veh_6,veh_5,veh_6,DIRECT_V2V,10000000,DIAGNOSTIC_SYNTHETIC_VALUE,ONE_SHARED_POOL_PER_UNORDERED_PAIR
144000000000,144,pool_v2v_veh_5_veh_7,veh_5,veh_7,DIRECT_V2V,10000000,DIAGNOSTIC_SYNTHETIC_VALUE,ONE_SHARED_POOL_PER_UNORDERED_PAIR
144000000000,144,pool_v2v_veh_5_veh_8,veh_5,veh_8,DIRECT_V2V,10000000,DIAGNOSTIC_SYNTHETIC_VALUE,ONE_SHARED_POOL_PER_UNORDERED_PAIR
144000000000,144,pool_v2v_veh_5_veh_9,veh_5,veh_9,DIRECT_V2V,10000000,DIAGNOSTIC_SYNTHETIC_VALUE,ONE_SHARED_POOL_PER_UNORDERED_PAIR
144000000000,144,pool_v2v_veh_5_veh_10,veh_5,veh_10,DIRECT_V2V,10000000,DIAGNOSTIC_SYNTHETIC_VALUE,ONE_SHARED_POOL_PER_UNORDERED_PAIR
144000000000,144,pool_v2v_veh_6_veh_7,veh_6,veh_7,DIRECT_V2V,10000000,DIAGNOSTIC_SYNTHETIC_VALUE,ONE_SHARED_POOL_PER_UNORDERED_PAIR
144000000000,144,pool_v2v_veh_6_veh_8,veh_6,veh_8,DIRECT_V2V,10000000,DIAGNOSTIC_SYNTHETIC_VALUE,ONE_SHARED_POOL_PER_UNORDERED_PAIR
144000000000,144,pool_v2v_veh_6_veh_9,veh_6,veh_9,DIRECT_V2V,10000000,DIAGNOSTIC_SYNTHETIC_VALUE,ONE_SHARED_POOL_PER_UNORDERED_PAIR
144000000000,144,pool_v2v_veh_6_veh_10,veh_6,veh_10,DIRECT_V2V,10000000,DIAGNOSTIC_SYNTHETIC_VALUE,ONE_SHARED_POOL_PER_UNORDERED_PAIR
144000000000,144,pool_v2v_veh_6_veh_11,veh_6,veh_11,DIRECT_V2V,10000000,DIAGNOSTIC_SYNTHETIC_VALUE,ONE_SHARED_POOL_PER_UNORDERED_PAIR
144000000000,144,pool_v2v_veh_7_veh_8,veh_7,veh_8,DIRECT_V2V,10000000,DIAGNOSTIC_SYNTHETIC_VALUE,ONE_SHARED_POOL_PER_UNORDERED_PAIR
144000000000,144,pool_v2v_veh_7_veh_9,veh_7,veh_9,DIRECT_V2V,10000000,DIAGNOSTIC_SYNTHETIC_VALUE,ONE_SHARED_POOL_PER_UNORDERED_PAIR
144000000000,144,pool_v2v_veh_7_veh_10,veh_7,veh_10,DIRECT_V2V,10000000,DIAGNOSTIC_SYNTHETIC_VALUE,ONE_SHARED_POOL_PER_UNORDERED_PAIR
144000000000,144,pool_v2v_veh_7_veh_11,veh_7,veh_11,DIRECT_V2V,10000000,DIAGNOSTIC_SYNTHETIC_VALUE,ONE_SHARED_POOL_PER_UNORDERED_PAIR
144000000000,144,pool_v2v_veh_8_veh_9,veh_8,veh_9,DIRECT_V2V,10000000,DIAGNOSTIC_SYNTHETIC_VALUE,ONE_SHARED_POOL_PER_UNORDERED_PAIR
144000000000,144,pool_v2v_veh_8_veh_10,veh_8,veh_10,DIRECT_V2V,10000000,DIAGNOSTIC_SYNTHETIC_VALUE,ONE_SHARED_POOL_PER_UNORDERED_PAIR
144000000000,144,pool_v2v_veh_8_veh_11,veh_8,veh_11,DIRECT_V2V,10000000,DIAGNOSTIC_SYNTHETIC_VALUE,ONE_SHARED_POOL_PER_UNORDERED_PAIR
144000000000,144,pool_v2v_veh_9_veh_10,veh_9,veh_10,DIRECT_V2V,10000000,DIAGNOSTIC_SYNTHETIC_VALUE,ONE_SHARED_POOL_PER_UNORDERED_PAIR
144000000000,144,pool_v2v_veh_9_veh_11,veh_9,veh_11,DIRECT_V2V,10000000,DIAGNOSTIC_SYNTHETIC_VALUE,ONE_SHARED_POOL_PER_UNORDERED_PAIR
144000000000,144,pool_v2v_veh_10_veh_11,veh_10,veh_11,DIRECT_V2V,10000000,DIAGNOSTIC_SYNTHETIC_VALUE,ONE_SHARED_POOL_PER_UNORDERED_PAIR
145000000000,145,pool_v2v_veh_0_veh_1,veh_0,veh_1,DIRECT_V2V,10000000,DIAGNOSTIC_SYNTHETIC_VALUE,ONE_SHARED_POOL_PER_UNORDERED_PAIR
145000000000,145,pool_v2v_veh_0_veh_2,veh_0,veh_2,DIRECT_V2V,10000000,DIAGNOSTIC_SYNTHETIC_VALUE,ONE_SHARED_POOL_PER_UNORDERED_PAIR
145000000000,145,pool_v2v_veh_0_veh_3,veh_0,veh_3,DIRECT_V2V,10000000,DIAGNOSTIC_SYNTHETIC_VALUE,ONE_SHARED_POOL_PER_UNORDERED_PAIR
145000000000,145,pool_v2v_veh_0_veh_4,veh_0,veh_4,DIRECT_V2V,10000000,DIAGNOSTIC_SYNTHETIC_VALUE,ONE_SHARED_POOL_PER_UNORDERED_PAIR
145000000000,145,pool_v2v_veh_0_veh_5,veh_0,veh_5,DIRECT_V2V,10000000,DIAGNOSTIC_SYNTHETIC_VALUE,ONE_SHARED_POOL_PER_UNORDERED_PAIR
145000000000,145,pool_v2v_veh_1_veh_2,veh_1,veh_2,DIRECT_V2V,10000000,DIAGNOSTIC_SYNTHETIC_VALUE,ONE_SHARED_POOL_PER_UNORDERED_PAIR
145000000000,145,pool_v2v_veh_1_veh_3,veh_1,veh_3,DIRECT_V2V,10000000,DIAGNOSTIC_SYNTHETIC_VALUE,ONE_SHARED_POOL_PER_UNORDERED_PAIR
145000000000,145,pool_v2v_veh_1_veh_4,veh_1,veh_4,DIRECT_V2V,10000000,DIAGNOSTIC_SYNTHETIC_VALUE,ONE_SHARED_POOL_PER_UNORDERED_PAIR
145000000000,145,pool_v2v_veh_1_veh_5,veh_1,veh_5,DIRECT_V2V,10000000,DIAGNOSTIC_SYNTHETIC_VALUE,ONE_SHARED_POOL_PER_UNORDERED_PAIR
145000000000,145,pool_v2v_veh_1_veh_6,veh_1,veh_6,DIRECT_V2V,10000000,DIAGNOSTIC_SYNTHETIC_VALUE,ONE_SHARED_POOL_PER_UNORDERED_PAIR
145000000000,145,pool_v2v_veh_2_veh_3,veh_2,veh_3,DIRECT_V2V,10000000,DIAGNOSTIC_SYNTHETIC_VALUE,ONE_SHARED_POOL_PER_UNORDERED_PAIR
145000000000,145,pool_v2v_veh_2_veh_4,veh_2,veh_4,DIRECT_V2V,10000000,DIAGNOSTIC_SYNTHETIC_VALUE,ONE_SHARED_POOL_PER_UNORDERED_PAIR
145000000000,145,pool_v2v_veh_2_veh_5,veh_2,veh_5,DIRECT_V2V,10000000,DIAGNOSTIC_SYNTHETIC_VALUE,ONE_SHARED_POOL_PER_UNORDERED_PAIR
145000000000,145,pool_v2v_veh_2_veh_6,veh_2,veh_6,DIRECT_V2V,10000000,DIAGNOSTIC_SYNTHETIC_VALUE,ONE_SHARED_POOL_PER_UNORDERED_PAIR
145000000000,145,pool_v2v_veh_2_veh_7,veh_2,veh_7,DIRECT_V2V,10000000,DIAGNOSTIC_SYNTHETIC_VALUE,ONE_SHARED_POOL_PER_UNORDERED_PAIR
145000000000,145,pool_v2v_veh_3_veh_4,veh_3,veh_4,DIRECT_V2V,10000000,DIAGNOSTIC_SYNTHETIC_VALUE,ONE_SHARED_POOL_PER_UNORDERED_PAIR
145000000000,145,pool_v2v_veh_3_veh_5,veh_3,veh_5,DIRECT_V2V,10000000,DIAGNOSTIC_SYNTHETIC_VALUE,ONE_SHARED_POOL_PER_UNORDERED_PAIR
145000000000,145,pool_v2v_veh_3_veh_6,veh_3,veh_6,DIRECT_V2V,10000000,DIAGNOSTIC_SYNTHETIC_VALUE,ONE_SHARED_POOL_PER_UNORDERED_PAIR
145000000000,145,pool_v2v_veh_3_veh_7,veh_3,veh_7,DIRECT_V2V,10000000,DIAGNOSTIC_SYNTHETIC_VALUE,ONE_SHARED_POOL_PER_UNORDERED_PAIR
145000000000,145,pool_v2v_veh_3_veh_8,veh_3,veh_8,DIRECT_V2V,10000000,DIAGNOSTIC_SYNTHETIC_VALUE,ONE_SHARED_POOL_PER_UNORDERED_PAIR
145000000000,145,pool_v2v_veh_4_veh_5,veh_4,veh_5,DIRECT_V2V,10000000,DIAGNOSTIC_SYNTHETIC_VALUE,ONE_SHARED_POOL_PER_UNORDERED_PAIR
145000000000,145,pool_v2v_veh_4_veh_6,veh_4,veh_6,DIRECT_V2V,10000000,DIAGNOSTIC_SYNTHETIC_VALUE,ONE_SHARED_POOL_PER_UNORDERED_PAIR
145000000000,145,pool_v2v_veh_4_veh_7,veh_4,veh_7,DIRECT_V2V,10000000,DIAGNOSTIC_SYNTHETIC_VALUE,ONE_SHARED_POOL_PER_UNORDERED_PAIR
145000000000,145,pool_v2v_veh_4_veh_8,veh_4,veh_8,DIRECT_V2V,10000000,DIAGNOSTIC_SYNTHETIC_VALUE,ONE_SHARED_POOL_PER_UNORDERED_PAIR
145000000000,145,pool_v2v_veh_4_veh_9,veh_4,veh_9,DIRECT_V2V,10000000,DIAGNOSTIC_SYNTHETIC_VALUE,ONE_SHARED_POOL_PER_UNORDERED_PAIR
145000000000,145,pool_v2v_veh_5_veh_6,veh_5,veh_6,DIRECT_V2V,10000000,DIAGNOSTIC_SYNTHETIC_VALUE,ONE_SHARED_POOL_PER_UNORDERED_PAIR
145000000000,145,pool_v2v_veh_5_veh_7,veh_5,veh_7,DIRECT_V2V,10000000,DIAGNOSTIC_SYNTHETIC_VALUE,ONE_SHARED_POOL_PER_UNORDERED_PAIR
145000000000,145,pool_v2v_veh_5_veh_8,veh_5,veh_8,DIRECT_V2V,10000000,DIAGNOSTIC_SYNTHETIC_VALUE,ONE_SHARED_POOL_PER_UNORDERED_PAIR
145000000000,145,pool_v2v_veh_5_veh_9,veh_5,veh_9,DIRECT_V2V,10000000,DIAGNOSTIC_SYNTHETIC_VALUE,ONE_SHARED_POOL_PER_UNORDERED_PAIR
145000000000,145,pool_v2v_veh_5_veh_10,veh_5,veh_10,DIRECT_V2V,10000000,DIAGNOSTIC_SYNTHETIC_VALUE,ONE_SHARED_POOL_PER_UNORDERED_PAIR
145000000000,145,pool_v2v_veh_6_veh_7,veh_6,veh_7,DIRECT_V2V,10000000,DIAGNOSTIC_SYNTHETIC_VALUE,ONE_SHARED_POOL_PER_UNORDERED_PAIR
145000000000,145,pool_v2v_veh_6_veh_8,veh_6,veh_8,DIRECT_V2V,10000000,DIAGNOSTIC_SYNTHETIC_VALUE,ONE_SHARED_POOL_PER_UNORDERED_PAIR
145000000000,145,pool_v2v_veh_6_veh_9,veh_6,veh_9,DIRECT_V2V,10000000,DIAGNOSTIC_SYNTHETIC_VALUE,ONE_SHARED_POOL_PER_UNORDERED_PAIR
145000000000,145,pool_v2v_veh_6_veh_10,veh_6,veh_10,DIRECT_V2V,10000000,DIAGNOSTIC_SYNTHETIC_VALUE,ONE_SHARED_POOL_PER_UNORDERED_PAIR
145000000000,145,pool_v2v_veh_6_veh_11,veh_6,veh_11,DIRECT_V2V,10000000,DIAGNOSTIC_SYNTHETIC_VALUE,ONE_SHARED_POOL_PER_UNORDERED_PAIR
145000000000,145,pool_v2v_veh_7_veh_8,veh_7,veh_8,DIRECT_V2V,10000000,DIAGNOSTIC_SYNTHETIC_VALUE,ONE_SHARED_POOL_PER_UNORDERED_PAIR
145000000000,145,pool_v2v_veh_7_veh_9,veh_7,veh_9,DIRECT_V2V,10000000,DIAGNOSTIC_SYNTHETIC_VALUE,ONE_SHARED_POOL_PER_UNORDERED_PAIR
145000000000,145,pool_v2v_veh_7_veh_10,veh_7,veh_10,DIRECT_V2V,10000000,DIAGNOSTIC_SYNTHETIC_VALUE,ONE_SHARED_POOL_PER_UNORDERED_PAIR
145000000000,145,pool_v2v_veh_7_veh_11,veh_7,veh_11,DIRECT_V2V,10000000,DIAGNOSTIC_SYNTHETIC_VALUE,ONE_SHARED_POOL_PER_UNORDERED_PAIR
145000000000,145,pool_v2v_veh_8_veh_9,veh_8,veh_9,DIRECT_V2V,10000000,DIAGNOSTIC_SYNTHETIC_VALUE,ONE_SHARED_POOL_PER_UNORDERED_PAIR
145000000000,145,pool_v2v_veh_8_veh_10,veh_8,veh_10,DIRECT_V2V,10000000,DIAGNOSTIC_SYNTHETIC_VALUE,ONE_SHARED_POOL_PER_UNORDERED_PAIR
145000000000,145,pool_v2v_veh_8_veh_11,veh_8,veh_11,DIRECT_V2V,10000000,DIAGNOSTIC_SYNTHETIC_VALUE,ONE_SHARED_POOL_PER_UNORDERED_PAIR
145000000000,145,pool_v2v_veh_9_veh_10,veh_9,veh_10,DIRECT_V2V,10000000,DIAGNOSTIC_SYNTHETIC_VALUE,ONE_SHARED_POOL_PER_UNORDERED_PAIR
145000000000,145,pool_v2v_veh_9_veh_11,veh_9,veh_11,DIRECT_V2V,10000000,DIAGNOSTIC_SYNTHETIC_VALUE,ONE_SHARED_POOL_PER_UNORDERED_PAIR
145000000000,145,pool_v2v_veh_10_veh_11,veh_10,veh_11,DIRECT_V2V,10000000,DIAGNOSTIC_SYNTHETIC_VALUE,ONE_SHARED_POOL_PER_UNORDERED_PAIR
146000000000,146,pool_v2v_veh_0_veh_1,veh_0,veh_1,DIRECT_V2V,10000000,DIAGNOSTIC_SYNTHETIC_VALUE,ONE_SHARED_POOL_PER_UNORDERED_PAIR
146000000000,146,pool_v2v_veh_0_veh_2,veh_0,veh_2,DIRECT_V2V,10000000,DIAGNOSTIC_SYNTHETIC_VALUE,ONE_SHARED_POOL_PER_UNORDERED_PAIR
146000000000,146,pool_v2v_veh_0_veh_3,veh_0,veh_3,DIRECT_V2V,10000000,DIAGNOSTIC_SYNTHETIC_VALUE,ONE_SHARED_POOL_PER_UNORDERED_PAIR
146000000000,146,pool_v2v_veh_0_veh_4,veh_0,veh_4,DIRECT_V2V,10000000,DIAGNOSTIC_SYNTHETIC_VALUE,ONE_SHARED_POOL_PER_UNORDERED_PAIR
146000000000,146,pool_v2v_veh_0_veh_5,veh_0,veh_5,DIRECT_V2V,10000000,DIAGNOSTIC_SYNTHETIC_VALUE,ONE_SHARED_POOL_PER_UNORDERED_PAIR
146000000000,146,pool_v2v_veh_1_veh_2,veh_1,veh_2,DIRECT_V2V,10000000,DIAGNOSTIC_SYNTHETIC_VALUE,ONE_SHARED_POOL_PER_UNORDERED_PAIR
146000000000,146,pool_v2v_veh_1_veh_3,veh_1,veh_3,DIRECT_V2V,10000000,DIAGNOSTIC_SYNTHETIC_VALUE,ONE_SHARED_POOL_PER_UNORDERED_PAIR
146000000000,146,pool_v2v_veh_1_veh_4,veh_1,veh_4,DIRECT_V2V,10000000,DIAGNOSTIC_SYNTHETIC_VALUE,ONE_SHARED_POOL_PER_UNORDERED_PAIR
146000000000,146,pool_v2v_veh_1_veh_5,veh_1,veh_5,DIRECT_V2V,10000000,DIAGNOSTIC_SYNTHETIC_VALUE,ONE_SHARED_POOL_PER_UNORDERED_PAIR
146000000000,146,pool_v2v_veh_1_veh_6,veh_1,veh_6,DIRECT_V2V,10000000,DIAGNOSTIC_SYNTHETIC_VALUE,ONE_SHARED_POOL_PER_UNORDERED_PAIR
146000000000,146,pool_v2v_veh_2_veh_3,veh_2,veh_3,DIRECT_V2V,10000000,DIAGNOSTIC_SYNTHETIC_VALUE,ONE_SHARED_POOL_PER_UNORDERED_PAIR
146000000000,146,pool_v2v_veh_2_veh_4,veh_2,veh_4,DIRECT_V2V,10000000,DIAGNOSTIC_SYNTHETIC_VALUE,ONE_SHARED_POOL_PER_UNORDERED_PAIR
146000000000,146,pool_v2v_veh_2_veh_5,veh_2,veh_5,DIRECT_V2V,10000000,DIAGNOSTIC_SYNTHETIC_VALUE,ONE_SHARED_POOL_PER_UNORDERED_PAIR
146000000000,146,pool_v2v_veh_2_veh_6,veh_2,veh_6,DIRECT_V2V,10000000,DIAGNOSTIC_SYNTHETIC_VALUE,ONE_SHARED_POOL_PER_UNORDERED_PAIR
146000000000,146,pool_v2v_veh_2_veh_7,veh_2,veh_7,DIRECT_V2V,10000000,DIAGNOSTIC_SYNTHETIC_VALUE,ONE_SHARED_POOL_PER_UNORDERED_PAIR
146000000000,146,pool_v2v_veh_3_veh_4,veh_3,veh_4,DIRECT_V2V,10000000,DIAGNOSTIC_SYNTHETIC_VALUE,ONE_SHARED_POOL_PER_UNORDERED_PAIR
146000000000,146,pool_v2v_veh_3_veh_5,veh_3,veh_5,DIRECT_V2V,10000000,DIAGNOSTIC_SYNTHETIC_VALUE,ONE_SHARED_POOL_PER_UNORDERED_PAIR
146000000000,146,pool_v2v_veh_3_veh_6,veh_3,veh_6,DIRECT_V2V,10000000,DIAGNOSTIC_SYNTHETIC_VALUE,ONE_SHARED_POOL_PER_UNORDERED_PAIR
146000000000,146,pool_v2v_veh_3_veh_7,veh_3,veh_7,DIRECT_V2V,10000000,DIAGNOSTIC_SYNTHETIC_VALUE,ONE_SHARED_POOL_PER_UNORDERED_PAIR
146000000000,146,pool_v2v_veh_3_veh_8,veh_3,veh_8,DIRECT_V2V,10000000,DIAGNOSTIC_SYNTHETIC_VALUE,ONE_SHARED_POOL_PER_UNORDERED_PAIR
146000000000,146,pool_v2v_veh_4_veh_5,veh_4,veh_5,DIRECT_V2V,10000000,DIAGNOSTIC_SYNTHETIC_VALUE,ONE_SHARED_POOL_PER_UNORDERED_PAIR
146000000000,146,pool_v2v_veh_4_veh_6,veh_4,veh_6,DIRECT_V2V,10000000,DIAGNOSTIC_SYNTHETIC_VALUE,ONE_SHARED_POOL_PER_UNORDERED_PAIR
146000000000,146,pool_v2v_veh_4_veh_7,veh_4,veh_7,DIRECT_V2V,10000000,DIAGNOSTIC_SYNTHETIC_VALUE,ONE_SHARED_POOL_PER_UNORDERED_PAIR
146000000000,146,pool_v2v_veh_4_veh_8,veh_4,veh_8,DIRECT_V2V,10000000,DIAGNOSTIC_SYNTHETIC_VALUE,ONE_SHARED_POOL_PER_UNORDERED_PAIR
146000000000,146,pool_v2v_veh_4_veh_9,veh_4,veh_9,DIRECT_V2V,10000000,DIAGNOSTIC_SYNTHETIC_VALUE,ONE_SHARED_POOL_PER_UNORDERED_PAIR
146000000000,146,pool_v2v_veh_5_veh_6,veh_5,veh_6,DIRECT_V2V,10000000,DIAGNOSTIC_SYNTHETIC_VALUE,ONE_SHARED_POOL_PER_UNORDERED_PAIR
146000000000,146,pool_v2v_veh_5_veh_7,veh_5,veh_7,DIRECT_V2V,10000000,DIAGNOSTIC_SYNTHETIC_VALUE,ONE_SHARED_POOL_PER_UNORDERED_PAIR
146000000000,146,pool_v2v_veh_5_veh_8,veh_5,veh_8,DIRECT_V2V,10000000,DIAGNOSTIC_SYNTHETIC_VALUE,ONE_SHARED_POOL_PER_UNORDERED_PAIR
146000000000,146,pool_v2v_veh_5_veh_9,veh_5,veh_9,DIRECT_V2V,10000000,DIAGNOSTIC_SYNTHETIC_VALUE,ONE_SHARED_POOL_PER_UNORDERED_PAIR
146000000000,146,pool_v2v_veh_5_veh_10,veh_5,veh_10,DIRECT_V2V,10000000,DIAGNOSTIC_SYNTHETIC_VALUE,ONE_SHARED_POOL_PER_UNORDERED_PAIR
146000000000,146,pool_v2v_veh_6_veh_7,veh_6,veh_7,DIRECT_V2V,10000000,DIAGNOSTIC_SYNTHETIC_VALUE,ONE_SHARED_POOL_PER_UNORDERED_PAIR
146000000000,146,pool_v2v_veh_6_veh_8,veh_6,veh_8,DIRECT_V2V,10000000,DIAGNOSTIC_SYNTHETIC_VALUE,ONE_SHARED_POOL_PER_UNORDERED_PAIR
146000000000,146,pool_v2v_veh_6_veh_9,veh_6,veh_9,DIRECT_V2V,10000000,DIAGNOSTIC_SYNTHETIC_VALUE,ONE_SHARED_POOL_PER_UNORDERED_PAIR
146000000000,146,pool_v2v_veh_6_veh_10,veh_6,veh_10,DIRECT_V2V,10000000,DIAGNOSTIC_SYNTHETIC_VALUE,ONE_SHARED_POOL_PER_UNORDERED_PAIR
146000000000,146,pool_v2v_veh_6_veh_11,veh_6,veh_11,DIRECT_V2V,10000000,DIAGNOSTIC_SYNTHETIC_VALUE,ONE_SHARED_POOL_PER_UNORDERED_PAIR
146000000000,146,pool_v2v_veh_7_veh_8,veh_7,veh_8,DIRECT_V2V,10000000,DIAGNOSTIC_SYNTHETIC_VALUE,ONE_SHARED_POOL_PER_UNORDERED_PAIR
146000000000,146,pool_v2v_veh_7_veh_9,veh_7,veh_9,DIRECT_V2V,10000000,DIAGNOSTIC_SYNTHETIC_VALUE,ONE_SHARED_POOL_PER_UNORDERED_PAIR
146000000000,146,pool_v2v_veh_7_veh_10,veh_7,veh_10,DIRECT_V2V,10000000,DIAGNOSTIC_SYNTHETIC_VALUE,ONE_SHARED_POOL_PER_UNORDERED_PAIR
146000000000,146,pool_v2v_veh_7_veh_11,veh_7,veh_11,DIRECT_V2V,10000000,DIAGNOSTIC_SYNTHETIC_VALUE,ONE_SHARED_POOL_PER_UNORDERED_PAIR
146000000000,146,pool_v2v_veh_8_veh_9,veh_8,veh_9,DIRECT_V2V,10000000,DIAGNOSTIC_SYNTHETIC_VALUE,ONE_SHARED_POOL_PER_UNORDERED_PAIR
146000000000,146,pool_v2v_veh_8_veh_10,veh_8,veh_10,DIRECT_V2V,10000000,DIAGNOSTIC_SYNTHETIC_VALUE,ONE_SHARED_POOL_PER_UNORDERED_PAIR
146000000000,146,pool_v2v_veh_8_veh_11,veh_8,veh_11,DIRECT_V2V,10000000,DIAGNOSTIC_SYNTHETIC_VALUE,ONE_SHARED_POOL_PER_UNORDERED_PAIR
146000000000,146,pool_v2v_veh_9_veh_10,veh_9,veh_10,DIRECT_V2V,10000000,DIAGNOSTIC_SYNTHETIC_VALUE,ONE_SHARED_POOL_PER_UNORDERED_PAIR
146000000000,146,pool_v2v_veh_9_veh_11,veh_9,veh_11,DIRECT_V2V,10000000,DIAGNOSTIC_SYNTHETIC_VALUE,ONE_SHARED_POOL_PER_UNORDERED_PAIR
146000000000,146,pool_v2v_veh_10_veh_11,veh_10,veh_11,DIRECT_V2V,10000000,DIAGNOSTIC_SYNTHETIC_VALUE,ONE_SHARED_POOL_PER_UNORDERED_PAIR
147000000000,147,pool_v2v_veh_0_veh_1,veh_0,veh_1,DIRECT_V2V,10000000,DIAGNOSTIC_SYNTHETIC_VALUE,ONE_SHARED_POOL_PER_UNORDERED_PAIR
147000000000,147,pool_v2v_veh_0_veh_2,veh_0,veh_2,DIRECT_V2V,10000000,DIAGNOSTIC_SYNTHETIC_VALUE,ONE_SHARED_POOL_PER_UNORDERED_PAIR
147000000000,147,pool_v2v_veh_0_veh_3,veh_0,veh_3,DIRECT_V2V,10000000,DIAGNOSTIC_SYNTHETIC_VALUE,ONE_SHARED_POOL_PER_UNORDERED_PAIR
147000000000,147,pool_v2v_veh_0_veh_4,veh_0,veh_4,DIRECT_V2V,10000000,DIAGNOSTIC_SYNTHETIC_VALUE,ONE_SHARED_POOL_PER_UNORDERED_PAIR
147000000000,147,pool_v2v_veh_0_veh_5,veh_0,veh_5,DIRECT_V2V,10000000,DIAGNOSTIC_SYNTHETIC_VALUE,ONE_SHARED_POOL_PER_UNORDERED_PAIR
147000000000,147,pool_v2v_veh_1_veh_2,veh_1,veh_2,DIRECT_V2V,10000000,DIAGNOSTIC_SYNTHETIC_VALUE,ONE_SHARED_POOL_PER_UNORDERED_PAIR
147000000000,147,pool_v2v_veh_1_veh_3,veh_1,veh_3,DIRECT_V2V,10000000,DIAGNOSTIC_SYNTHETIC_VALUE,ONE_SHARED_POOL_PER_UNORDERED_PAIR
147000000000,147,pool_v2v_veh_1_veh_4,veh_1,veh_4,DIRECT_V2V,10000000,DIAGNOSTIC_SYNTHETIC_VALUE,ONE_SHARED_POOL_PER_UNORDERED_PAIR
147000000000,147,pool_v2v_veh_1_veh_5,veh_1,veh_5,DIRECT_V2V,10000000,DIAGNOSTIC_SYNTHETIC_VALUE,ONE_SHARED_POOL_PER_UNORDERED_PAIR
147000000000,147,pool_v2v_veh_1_veh_6,veh_1,veh_6,DIRECT_V2V,10000000,DIAGNOSTIC_SYNTHETIC_VALUE,ONE_SHARED_POOL_PER_UNORDERED_PAIR
147000000000,147,pool_v2v_veh_2_veh_3,veh_2,veh_3,DIRECT_V2V,10000000,DIAGNOSTIC_SYNTHETIC_VALUE,ONE_SHARED_POOL_PER_UNORDERED_PAIR
147000000000,147,pool_v2v_veh_2_veh_4,veh_2,veh_4,DIRECT_V2V,10000000,DIAGNOSTIC_SYNTHETIC_VALUE,ONE_SHARED_POOL_PER_UNORDERED_PAIR
147000000000,147,pool_v2v_veh_2_veh_5,veh_2,veh_5,DIRECT_V2V,10000000,DIAGNOSTIC_SYNTHETIC_VALUE,ONE_SHARED_POOL_PER_UNORDERED_PAIR
147000000000,147,pool_v2v_veh_2_veh_6,veh_2,veh_6,DIRECT_V2V,10000000,DIAGNOSTIC_SYNTHETIC_VALUE,ONE_SHARED_POOL_PER_UNORDERED_PAIR
147000000000,147,pool_v2v_veh_2_veh_7,veh_2,veh_7,DIRECT_V2V,10000000,DIAGNOSTIC_SYNTHETIC_VALUE,ONE_SHARED_POOL_PER_UNORDERED_PAIR
147000000000,147,pool_v2v_veh_3_veh_4,veh_3,veh_4,DIRECT_V2V,10000000,DIAGNOSTIC_SYNTHETIC_VALUE,ONE_SHARED_POOL_PER_UNORDERED_PAIR
147000000000,147,pool_v2v_veh_3_veh_5,veh_3,veh_5,DIRECT_V2V,10000000,DIAGNOSTIC_SYNTHETIC_VALUE,ONE_SHARED_POOL_PER_UNORDERED_PAIR
147000000000,147,pool_v2v_veh_3_veh_6,veh_3,veh_6,DIRECT_V2V,10000000,DIAGNOSTIC_SYNTHETIC_VALUE,ONE_SHARED_POOL_PER_UNORDERED_PAIR
147000000000,147,pool_v2v_veh_3_veh_7,veh_3,veh_7,DIRECT_V2V,10000000,DIAGNOSTIC_SYNTHETIC_VALUE,ONE_SHARED_POOL_PER_UNORDERED_PAIR
147000000000,147,pool_v2v_veh_3_veh_8,veh_3,veh_8,DIRECT_V2V,10000000,DIAGNOSTIC_SYNTHETIC_VALUE,ONE_SHARED_POOL_PER_UNORDERED_PAIR
147000000000,147,pool_v2v_veh_4_veh_5,veh_4,veh_5,DIRECT_V2V,10000000,DIAGNOSTIC_SYNTHETIC_VALUE,ONE_SHARED_POOL_PER_UNORDERED_PAIR
147000000000,147,pool_v2v_veh_4_veh_6,veh_4,veh_6,DIRECT_V2V,10000000,DIAGNOSTIC_SYNTHETIC_VALUE,ONE_SHARED_POOL_PER_UNORDERED_PAIR
147000000000,147,pool_v2v_veh_4_veh_7,veh_4,veh_7,DIRECT_V2V,10000000,DIAGNOSTIC_SYNTHETIC_VALUE,ONE_SHARED_POOL_PER_UNORDERED_PAIR
147000000000,147,pool_v2v_veh_4_veh_8,veh_4,veh_8,DIRECT_V2V,10000000,DIAGNOSTIC_SYNTHETIC_VALUE,ONE_SHARED_POOL_PER_UNORDERED_PAIR
147000000000,147,pool_v2v_veh_4_veh_9,veh_4,veh_9,DIRECT_V2V,10000000,DIAGNOSTIC_SYNTHETIC_VALUE,ONE_SHARED_POOL_PER_UNORDERED_PAIR
147000000000,147,pool_v2v_veh_5_veh_6,veh_5,veh_6,DIRECT_V2V,10000000,DIAGNOSTIC_SYNTHETIC_VALUE,ONE_SHARED_POOL_PER_UNORDERED_PAIR
147000000000,147,pool_v2v_veh_5_veh_7,veh_5,veh_7,DIRECT_V2V,10000000,DIAGNOSTIC_SYNTHETIC_VALUE,ONE_SHARED_POOL_PER_UNORDERED_PAIR
147000000000,147,pool_v2v_veh_5_veh_8,veh_5,veh_8,DIRECT_V2V,10000000,DIAGNOSTIC_SYNTHETIC_VALUE,ONE_SHARED_POOL_PER_UNORDERED_PAIR
147000000000,147,pool_v2v_veh_5_veh_9,veh_5,veh_9,DIRECT_V2V,10000000,DIAGNOSTIC_SYNTHETIC_VALUE,ONE_SHARED_POOL_PER_UNORDERED_PAIR
147000000000,147,pool_v2v_veh_5_veh_10,veh_5,veh_10,DIRECT_V2V,10000000,DIAGNOSTIC_SYNTHETIC_VALUE,ONE_SHARED_POOL_PER_UNORDERED_PAIR
147000000000,147,pool_v2v_veh_6_veh_7,veh_6,veh_7,DIRECT_V2V,10000000,DIAGNOSTIC_SYNTHETIC_VALUE,ONE_SHARED_POOL_PER_UNORDERED_PAIR
147000000000,147,pool_v2v_veh_6_veh_8,veh_6,veh_8,DIRECT_V2V,10000000,DIAGNOSTIC_SYNTHETIC_VALUE,ONE_SHARED_POOL_PER_UNORDERED_PAIR
147000000000,147,pool_v2v_veh_6_veh_9,veh_6,veh_9,DIRECT_V2V,10000000,DIAGNOSTIC_SYNTHETIC_VALUE,ONE_SHARED_POOL_PER_UNORDERED_PAIR
147000000000,147,pool_v2v_veh_6_veh_10,veh_6,veh_10,DIRECT_V2V,10000000,DIAGNOSTIC_SYNTHETIC_VALUE,ONE_SHARED_POOL_PER_UNORDERED_PAIR
147000000000,147,pool_v2v_veh_6_veh_11,veh_6,veh_11,DIRECT_V2V,10000000,DIAGNOSTIC_SYNTHETIC_VALUE,ONE_SHARED_POOL_PER_UNORDERED_PAIR
147000000000,147,pool_v2v_veh_7_veh_8,veh_7,veh_8,DIRECT_V2V,10000000,DIAGNOSTIC_SYNTHETIC_VALUE,ONE_SHARED_POOL_PER_UNORDERED_PAIR
147000000000,147,pool_v2v_veh_7_veh_9,veh_7,veh_9,DIRECT_V2V,10000000,DIAGNOSTIC_SYNTHETIC_VALUE,ONE_SHARED_POOL_PER_UNORDERED_PAIR
147000000000,147,pool_v2v_veh_7_veh_10,veh_7,veh_10,DIRECT_V2V,10000000,DIAGNOSTIC_SYNTHETIC_VALUE,ONE_SHARED_POOL_PER_UNORDERED_PAIR
147000000000,147,pool_v2v_veh_7_veh_11,veh_7,veh_11,DIRECT_V2V,10000000,DIAGNOSTIC_SYNTHETIC_VALUE,ONE_SHARED_POOL_PER_UNORDERED_PAIR
147000000000,147,pool_v2v_veh_8_veh_9,veh_8,veh_9,DIRECT_V2V,10000000,DIAGNOSTIC_SYNTHETIC_VALUE,ONE_SHARED_POOL_PER_UNORDERED_PAIR
147000000000,147,pool_v2v_veh_8_veh_10,veh_8,veh_10,DIRECT_V2V,10000000,DIAGNOSTIC_SYNTHETIC_VALUE,ONE_SHARED_POOL_PER_UNORDERED_PAIR
147000000000,147,pool_v2v_veh_8_veh_11,veh_8,veh_11,DIRECT_V2V,10000000,DIAGNOSTIC_SYNTHETIC_VALUE,ONE_SHARED_POOL_PER_UNORDERED_PAIR
147000000000,147,pool_v2v_veh_9_veh_10,veh_9,veh_10,DIRECT_V2V,10000000,DIAGNOSTIC_SYNTHETIC_VALUE,ONE_SHARED_POOL_PER_UNORDERED_PAIR
147000000000,147,pool_v2v_veh_9_veh_11,veh_9,veh_11,DIRECT_V2V,10000000,DIAGNOSTIC_SYNTHETIC_VALUE,ONE_SHARED_POOL_PER_UNORDERED_PAIR
147000000000,147,pool_v2v_veh_10_veh_11,veh_10,veh_11,DIRECT_V2V,10000000,DIAGNOSTIC_SYNTHETIC_VALUE,ONE_SHARED_POOL_PER_UNORDERED_PAIR
148000000000,148,pool_v2v_veh_0_veh_1,veh_0,veh_1,DIRECT_V2V,10000000,DIAGNOSTIC_SYNTHETIC_VALUE,ONE_SHARED_POOL_PER_UNORDERED_PAIR
148000000000,148,pool_v2v_veh_0_veh_2,veh_0,veh_2,DIRECT_V2V,10000000,DIAGNOSTIC_SYNTHETIC_VALUE,ONE_SHARED_POOL_PER_UNORDERED_PAIR
148000000000,148,pool_v2v_veh_0_veh_3,veh_0,veh_3,DIRECT_V2V,10000000,DIAGNOSTIC_SYNTHETIC_VALUE,ONE_SHARED_POOL_PER_UNORDERED_PAIR
148000000000,148,pool_v2v_veh_0_veh_4,veh_0,veh_4,DIRECT_V2V,10000000,DIAGNOSTIC_SYNTHETIC_VALUE,ONE_SHARED_POOL_PER_UNORDERED_PAIR
148000000000,148,pool_v2v_veh_0_veh_5,veh_0,veh_5,DIRECT_V2V,10000000,DIAGNOSTIC_SYNTHETIC_VALUE,ONE_SHARED_POOL_PER_UNORDERED_PAIR
148000000000,148,pool_v2v_veh_1_veh_2,veh_1,veh_2,DIRECT_V2V,10000000,DIAGNOSTIC_SYNTHETIC_VALUE,ONE_SHARED_POOL_PER_UNORDERED_PAIR
148000000000,148,pool_v2v_veh_1_veh_3,veh_1,veh_3,DIRECT_V2V,10000000,DIAGNOSTIC_SYNTHETIC_VALUE,ONE_SHARED_POOL_PER_UNORDERED_PAIR
148000000000,148,pool_v2v_veh_1_veh_4,veh_1,veh_4,DIRECT_V2V,10000000,DIAGNOSTIC_SYNTHETIC_VALUE,ONE_SHARED_POOL_PER_UNORDERED_PAIR
148000000000,148,pool_v2v_veh_1_veh_5,veh_1,veh_5,DIRECT_V2V,10000000,DIAGNOSTIC_SYNTHETIC_VALUE,ONE_SHARED_POOL_PER_UNORDERED_PAIR
148000000000,148,pool_v2v_veh_1_veh_6,veh_1,veh_6,DIRECT_V2V,10000000,DIAGNOSTIC_SYNTHETIC_VALUE,ONE_SHARED_POOL_PER_UNORDERED_PAIR
148000000000,148,pool_v2v_veh_2_veh_3,veh_2,veh_3,DIRECT_V2V,10000000,DIAGNOSTIC_SYNTHETIC_VALUE,ONE_SHARED_POOL_PER_UNORDERED_PAIR
148000000000,148,pool_v2v_veh_2_veh_4,veh_2,veh_4,DIRECT_V2V,10000000,DIAGNOSTIC_SYNTHETIC_VALUE,ONE_SHARED_POOL_PER_UNORDERED_PAIR
148000000000,148,pool_v2v_veh_2_veh_5,veh_2,veh_5,DIRECT_V2V,10000000,DIAGNOSTIC_SYNTHETIC_VALUE,ONE_SHARED_POOL_PER_UNORDERED_PAIR
148000000000,148,pool_v2v_veh_2_veh_6,veh_2,veh_6,DIRECT_V2V,10000000,DIAGNOSTIC_SYNTHETIC_VALUE,ONE_SHARED_POOL_PER_UNORDERED_PAIR
148000000000,148,pool_v2v_veh_2_veh_7,veh_2,veh_7,DIRECT_V2V,10000000,DIAGNOSTIC_SYNTHETIC_VALUE,ONE_SHARED_POOL_PER_UNORDERED_PAIR
148000000000,148,pool_v2v_veh_3_veh_4,veh_3,veh_4,DIRECT_V2V,10000000,DIAGNOSTIC_SYNTHETIC_VALUE,ONE_SHARED_POOL_PER_UNORDERED_PAIR
148000000000,148,pool_v2v_veh_3_veh_5,veh_3,veh_5,DIRECT_V2V,10000000,DIAGNOSTIC_SYNTHETIC_VALUE,ONE_SHARED_POOL_PER_UNORDERED_PAIR
148000000000,148,pool_v2v_veh_3_veh_6,veh_3,veh_6,DIRECT_V2V,10000000,DIAGNOSTIC_SYNTHETIC_VALUE,ONE_SHARED_POOL_PER_UNORDERED_PAIR
148000000000,148,pool_v2v_veh_3_veh_7,veh_3,veh_7,DIRECT_V2V,10000000,DIAGNOSTIC_SYNTHETIC_VALUE,ONE_SHARED_POOL_PER_UNORDERED_PAIR
148000000000,148,pool_v2v_veh_3_veh_8,veh_3,veh_8,DIRECT_V2V,10000000,DIAGNOSTIC_SYNTHETIC_VALUE,ONE_SHARED_POOL_PER_UNORDERED_PAIR
148000000000,148,pool_v2v_veh_4_veh_5,veh_4,veh_5,DIRECT_V2V,10000000,DIAGNOSTIC_SYNTHETIC_VALUE,ONE_SHARED_POOL_PER_UNORDERED_PAIR
148000000000,148,pool_v2v_veh_4_veh_6,veh_4,veh_6,DIRECT_V2V,10000000,DIAGNOSTIC_SYNTHETIC_VALUE,ONE_SHARED_POOL_PER_UNORDERED_PAIR
148000000000,148,pool_v2v_veh_4_veh_7,veh_4,veh_7,DIRECT_V2V,10000000,DIAGNOSTIC_SYNTHETIC_VALUE,ONE_SHARED_POOL_PER_UNORDERED_PAIR
148000000000,148,pool_v2v_veh_4_veh_8,veh_4,veh_8,DIRECT_V2V,10000000,DIAGNOSTIC_SYNTHETIC_VALUE,ONE_SHARED_POOL_PER_UNORDERED_PAIR
148000000000,148,pool_v2v_veh_4_veh_9,veh_4,veh_9,DIRECT_V2V,10000000,DIAGNOSTIC_SYNTHETIC_VALUE,ONE_SHARED_POOL_PER_UNORDERED_PAIR
148000000000,148,pool_v2v_veh_5_veh_6,veh_5,veh_6,DIRECT_V2V,10000000,DIAGNOSTIC_SYNTHETIC_VALUE,ONE_SHARED_POOL_PER_UNORDERED_PAIR
148000000000,148,pool_v2v_veh_5_veh_7,veh_5,veh_7,DIRECT_V2V,10000000,DIAGNOSTIC_SYNTHETIC_VALUE,ONE_SHARED_POOL_PER_UNORDERED_PAIR
148000000000,148,pool_v2v_veh_5_veh_8,veh_5,veh_8,DIRECT_V2V,10000000,DIAGNOSTIC_SYNTHETIC_VALUE,ONE_SHARED_POOL_PER_UNORDERED_PAIR
148000000000,148,pool_v2v_veh_5_veh_9,veh_5,veh_9,DIRECT_V2V,10000000,DIAGNOSTIC_SYNTHETIC_VALUE,ONE_SHARED_POOL_PER_UNORDERED_PAIR
148000000000,148,pool_v2v_veh_5_veh_10,veh_5,veh_10,DIRECT_V2V,10000000,DIAGNOSTIC_SYNTHETIC_VALUE,ONE_SHARED_POOL_PER_UNORDERED_PAIR
148000000000,148,pool_v2v_veh_6_veh_7,veh_6,veh_7,DIRECT_V2V,10000000,DIAGNOSTIC_SYNTHETIC_VALUE,ONE_SHARED_POOL_PER_UNORDERED_PAIR
148000000000,148,pool_v2v_veh_6_veh_8,veh_6,veh_8,DIRECT_V2V,10000000,DIAGNOSTIC_SYNTHETIC_VALUE,ONE_SHARED_POOL_PER_UNORDERED_PAIR
148000000000,148,pool_v2v_veh_6_veh_9,veh_6,veh_9,DIRECT_V2V,10000000,DIAGNOSTIC_SYNTHETIC_VALUE,ONE_SHARED_POOL_PER_UNORDERED_PAIR
148000000000,148,pool_v2v_veh_6_veh_10,veh_6,veh_10,DIRECT_V2V,10000000,DIAGNOSTIC_SYNTHETIC_VALUE,ONE_SHARED_POOL_PER_UNORDERED_PAIR
148000000000,148,pool_v2v_veh_6_veh_11,veh_6,veh_11,DIRECT_V2V,10000000,DIAGNOSTIC_SYNTHETIC_VALUE,ONE_SHARED_POOL_PER_UNORDERED_PAIR
148000000000,148,pool_v2v_veh_7_veh_8,veh_7,veh_8,DIRECT_V2V,10000000,DIAGNOSTIC_SYNTHETIC_VALUE,ONE_SHARED_POOL_PER_UNORDERED_PAIR
148000000000,148,pool_v2v_veh_7_veh_9,veh_7,veh_9,DIRECT_V2V,10000000,DIAGNOSTIC_SYNTHETIC_VALUE,ONE_SHARED_POOL_PER_UNORDERED_PAIR
148000000000,148,pool_v2v_veh_7_veh_10,veh_7,veh_10,DIRECT_V2V,10000000,DIAGNOSTIC_SYNTHETIC_VALUE,ONE_SHARED_POOL_PER_UNORDERED_PAIR
148000000000,148,pool_v2v_veh_7_veh_11,veh_7,veh_11,DIRECT_V2V,10000000,DIAGNOSTIC_SYNTHETIC_VALUE,ONE_SHARED_POOL_PER_UNORDERED_PAIR
148000000000,148,pool_v2v_veh_8_veh_9,veh_8,veh_9,DIRECT_V2V,10000000,DIAGNOSTIC_SYNTHETIC_VALUE,ONE_SHARED_POOL_PER_UNORDERED_PAIR
148000000000,148,pool_v2v_veh_8_veh_10,veh_8,veh_10,DIRECT_V2V,10000000,DIAGNOSTIC_SYNTHETIC_VALUE,ONE_SHARED_POOL_PER_UNORDERED_PAIR
148000000000,148,pool_v2v_veh_8_veh_11,veh_8,veh_11,DIRECT_V2V,10000000,DIAGNOSTIC_SYNTHETIC_VALUE,ONE_SHARED_POOL_PER_UNORDERED_PAIR
148000000000,148,pool_v2v_veh_9_veh_10,veh_9,veh_10,DIRECT_V2V,10000000,DIAGNOSTIC_SYNTHETIC_VALUE,ONE_SHARED_POOL_PER_UNORDERED_PAIR
148000000000,148,pool_v2v_veh_9_veh_11,veh_9,veh_11,DIRECT_V2V,10000000,DIAGNOSTIC_SYNTHETIC_VALUE,ONE_SHARED_POOL_PER_UNORDERED_PAIR
148000000000,148,pool_v2v_veh_10_veh_11,veh_10,veh_11,DIRECT_V2V,10000000,DIAGNOSTIC_SYNTHETIC_VALUE,ONE_SHARED_POOL_PER_UNORDERED_PAIR
149000000000,149,pool_v2v_veh_0_veh_1,veh_0,veh_1,DIRECT_V2V,10000000,DIAGNOSTIC_SYNTHETIC_VALUE,ONE_SHARED_POOL_PER_UNORDERED_PAIR
149000000000,149,pool_v2v_veh_0_veh_2,veh_0,veh_2,DIRECT_V2V,10000000,DIAGNOSTIC_SYNTHETIC_VALUE,ONE_SHARED_POOL_PER_UNORDERED_PAIR
149000000000,149,pool_v2v_veh_0_veh_3,veh_0,veh_3,DIRECT_V2V,10000000,DIAGNOSTIC_SYNTHETIC_VALUE,ONE_SHARED_POOL_PER_UNORDERED_PAIR
149000000000,149,pool_v2v_veh_0_veh_4,veh_0,veh_4,DIRECT_V2V,10000000,DIAGNOSTIC_SYNTHETIC_VALUE,ONE_SHARED_POOL_PER_UNORDERED_PAIR
149000000000,149,pool_v2v_veh_0_veh_5,veh_0,veh_5,DIRECT_V2V,10000000,DIAGNOSTIC_SYNTHETIC_VALUE,ONE_SHARED_POOL_PER_UNORDERED_PAIR
149000000000,149,pool_v2v_veh_1_veh_2,veh_1,veh_2,DIRECT_V2V,10000000,DIAGNOSTIC_SYNTHETIC_VALUE,ONE_SHARED_POOL_PER_UNORDERED_PAIR
149000000000,149,pool_v2v_veh_1_veh_3,veh_1,veh_3,DIRECT_V2V,10000000,DIAGNOSTIC_SYNTHETIC_VALUE,ONE_SHARED_POOL_PER_UNORDERED_PAIR
149000000000,149,pool_v2v_veh_1_veh_4,veh_1,veh_4,DIRECT_V2V,10000000,DIAGNOSTIC_SYNTHETIC_VALUE,ONE_SHARED_POOL_PER_UNORDERED_PAIR
149000000000,149,pool_v2v_veh_1_veh_5,veh_1,veh_5,DIRECT_V2V,10000000,DIAGNOSTIC_SYNTHETIC_VALUE,ONE_SHARED_POOL_PER_UNORDERED_PAIR
149000000000,149,pool_v2v_veh_1_veh_6,veh_1,veh_6,DIRECT_V2V,10000000,DIAGNOSTIC_SYNTHETIC_VALUE,ONE_SHARED_POOL_PER_UNORDERED_PAIR
149000000000,149,pool_v2v_veh_2_veh_3,veh_2,veh_3,DIRECT_V2V,10000000,DIAGNOSTIC_SYNTHETIC_VALUE,ONE_SHARED_POOL_PER_UNORDERED_PAIR
149000000000,149,pool_v2v_veh_2_veh_4,veh_2,veh_4,DIRECT_V2V,10000000,DIAGNOSTIC_SYNTHETIC_VALUE,ONE_SHARED_POOL_PER_UNORDERED_PAIR
149000000000,149,pool_v2v_veh_2_veh_5,veh_2,veh_5,DIRECT_V2V,10000000,DIAGNOSTIC_SYNTHETIC_VALUE,ONE_SHARED_POOL_PER_UNORDERED_PAIR
149000000000,149,pool_v2v_veh_2_veh_6,veh_2,veh_6,DIRECT_V2V,10000000,DIAGNOSTIC_SYNTHETIC_VALUE,ONE_SHARED_POOL_PER_UNORDERED_PAIR
149000000000,149,pool_v2v_veh_2_veh_7,veh_2,veh_7,DIRECT_V2V,10000000,DIAGNOSTIC_SYNTHETIC_VALUE,ONE_SHARED_POOL_PER_UNORDERED_PAIR
149000000000,149,pool_v2v_veh_3_veh_4,veh_3,veh_4,DIRECT_V2V,10000000,DIAGNOSTIC_SYNTHETIC_VALUE,ONE_SHARED_POOL_PER_UNORDERED_PAIR
149000000000,149,pool_v2v_veh_3_veh_5,veh_3,veh_5,DIRECT_V2V,10000000,DIAGNOSTIC_SYNTHETIC_VALUE,ONE_SHARED_POOL_PER_UNORDERED_PAIR
149000000000,149,pool_v2v_veh_3_veh_6,veh_3,veh_6,DIRECT_V2V,10000000,DIAGNOSTIC_SYNTHETIC_VALUE,ONE_SHARED_POOL_PER_UNORDERED_PAIR
149000000000,149,pool_v2v_veh_3_veh_7,veh_3,veh_7,DIRECT_V2V,10000000,DIAGNOSTIC_SYNTHETIC_VALUE,ONE_SHARED_POOL_PER_UNORDERED_PAIR
149000000000,149,pool_v2v_veh_3_veh_8,veh_3,veh_8,DIRECT_V2V,10000000,DIAGNOSTIC_SYNTHETIC_VALUE,ONE_SHARED_POOL_PER_UNORDERED_PAIR
149000000000,149,pool_v2v_veh_4_veh_5,veh_4,veh_5,DIRECT_V2V,10000000,DIAGNOSTIC_SYNTHETIC_VALUE,ONE_SHARED_POOL_PER_UNORDERED_PAIR
149000000000,149,pool_v2v_veh_4_veh_6,veh_4,veh_6,DIRECT_V2V,10000000,DIAGNOSTIC_SYNTHETIC_VALUE,ONE_SHARED_POOL_PER_UNORDERED_PAIR
149000000000,149,pool_v2v_veh_4_veh_7,veh_4,veh_7,DIRECT_V2V,10000000,DIAGNOSTIC_SYNTHETIC_VALUE,ONE_SHARED_POOL_PER_UNORDERED_PAIR
149000000000,149,pool_v2v_veh_4_veh_8,veh_4,veh_8,DIRECT_V2V,10000000,DIAGNOSTIC_SYNTHETIC_VALUE,ONE_SHARED_POOL_PER_UNORDERED_PAIR
149000000000,149,pool_v2v_veh_4_veh_9,veh_4,veh_9,DIRECT_V2V,10000000,DIAGNOSTIC_SYNTHETIC_VALUE,ONE_SHARED_POOL_PER_UNORDERED_PAIR
149000000000,149,pool_v2v_veh_5_veh_6,veh_5,veh_6,DIRECT_V2V,10000000,DIAGNOSTIC_SYNTHETIC_VALUE,ONE_SHARED_POOL_PER_UNORDERED_PAIR
149000000000,149,pool_v2v_veh_5_veh_7,veh_5,veh_7,DIRECT_V2V,10000000,DIAGNOSTIC_SYNTHETIC_VALUE,ONE_SHARED_POOL_PER_UNORDERED_PAIR
149000000000,149,pool_v2v_veh_5_veh_8,veh_5,veh_8,DIRECT_V2V,10000000,DIAGNOSTIC_SYNTHETIC_VALUE,ONE_SHARED_POOL_PER_UNORDERED_PAIR
149000000000,149,pool_v2v_veh_5_veh_9,veh_5,veh_9,DIRECT_V2V,10000000,DIAGNOSTIC_SYNTHETIC_VALUE,ONE_SHARED_POOL_PER_UNORDERED_PAIR
149000000000,149,pool_v2v_veh_5_veh_10,veh_5,veh_10,DIRECT_V2V,10000000,DIAGNOSTIC_SYNTHETIC_VALUE,ONE_SHARED_POOL_PER_UNORDERED_PAIR
149000000000,149,pool_v2v_veh_6_veh_7,veh_6,veh_7,DIRECT_V2V,10000000,DIAGNOSTIC_SYNTHETIC_VALUE,ONE_SHARED_POOL_PER_UNORDERED_PAIR
149000000000,149,pool_v2v_veh_6_veh_8,veh_6,veh_8,DIRECT_V2V,10000000,DIAGNOSTIC_SYNTHETIC_VALUE,ONE_SHARED_POOL_PER_UNORDERED_PAIR
149000000000,149,pool_v2v_veh_6_veh_9,veh_6,veh_9,DIRECT_V2V,10000000,DIAGNOSTIC_SYNTHETIC_VALUE,ONE_SHARED_POOL_PER_UNORDERED_PAIR
149000000000,149,pool_v2v_veh_6_veh_10,veh_6,veh_10,DIRECT_V2V,10000000,DIAGNOSTIC_SYNTHETIC_VALUE,ONE_SHARED_POOL_PER_UNORDERED_PAIR
149000000000,149,pool_v2v_veh_6_veh_11,veh_6,veh_11,DIRECT_V2V,10000000,DIAGNOSTIC_SYNTHETIC_VALUE,ONE_SHARED_POOL_PER_UNORDERED_PAIR
149000000000,149,pool_v2v_veh_7_veh_8,veh_7,veh_8,DIRECT_V2V,10000000,DIAGNOSTIC_SYNTHETIC_VALUE,ONE_SHARED_POOL_PER_UNORDERED_PAIR
149000000000,149,pool_v2v_veh_7_veh_9,veh_7,veh_9,DIRECT_V2V,10000000,DIAGNOSTIC_SYNTHETIC_VALUE,ONE_SHARED_POOL_PER_UNORDERED_PAIR
149000000000,149,pool_v2v_veh_7_veh_10,veh_7,veh_10,DIRECT_V2V,10000000,DIAGNOSTIC_SYNTHETIC_VALUE,ONE_SHARED_POOL_PER_UNORDERED_PAIR
149000000000,149,pool_v2v_veh_7_veh_11,veh_7,veh_11,DIRECT_V2V,10000000,DIAGNOSTIC_SYNTHETIC_VALUE,ONE_SHARED_POOL_PER_UNORDERED_PAIR
149000000000,149,pool_v2v_veh_8_veh_9,veh_8,veh_9,DIRECT_V2V,10000000,DIAGNOSTIC_SYNTHETIC_VALUE,ONE_SHARED_POOL_PER_UNORDERED_PAIR
149000000000,149,pool_v2v_veh_8_veh_10,veh_8,veh_10,DIRECT_V2V,10000000,DIAGNOSTIC_SYNTHETIC_VALUE,ONE_SHARED_POOL_PER_UNORDERED_PAIR
149000000000,149,pool_v2v_veh_8_veh_11,veh_8,veh_11,DIRECT_V2V,10000000,DIAGNOSTIC_SYNTHETIC_VALUE,ONE_SHARED_POOL_PER_UNORDERED_PAIR
149000000000,149,pool_v2v_veh_9_veh_10,veh_9,veh_10,DIRECT_V2V,10000000,DIAGNOSTIC_SYNTHETIC_VALUE,ONE_SHARED_POOL_PER_UNORDERED_PAIR
149000000000,149,pool_v2v_veh_9_veh_11,veh_9,veh_11,DIRECT_V2V,10000000,DIAGNOSTIC_SYNTHETIC_VALUE,ONE_SHARED_POOL_PER_UNORDERED_PAIR
149000000000,149,pool_v2v_veh_10_veh_11,veh_10,veh_11,DIRECT_V2V,10000000,DIAGNOSTIC_SYNTHETIC_VALUE,ONE_SHARED_POOL_PER_UNORDERED_PAIR
150000000000,150,pool_v2v_veh_0_veh_1,veh_0,veh_1,DIRECT_V2V,10000000,DIAGNOSTIC_SYNTHETIC_VALUE,ONE_SHARED_POOL_PER_UNORDERED_PAIR
150000000000,150,pool_v2v_veh_0_veh_2,veh_0,veh_2,DIRECT_V2V,10000000,DIAGNOSTIC_SYNTHETIC_VALUE,ONE_SHARED_POOL_PER_UNORDERED_PAIR
150000000000,150,pool_v2v_veh_0_veh_3,veh_0,veh_3,DIRECT_V2V,10000000,DIAGNOSTIC_SYNTHETIC_VALUE,ONE_SHARED_POOL_PER_UNORDERED_PAIR
150000000000,150,pool_v2v_veh_0_veh_4,veh_0,veh_4,DIRECT_V2V,10000000,DIAGNOSTIC_SYNTHETIC_VALUE,ONE_SHARED_POOL_PER_UNORDERED_PAIR
150000000000,150,pool_v2v_veh_0_veh_5,veh_0,veh_5,DIRECT_V2V,10000000,DIAGNOSTIC_SYNTHETIC_VALUE,ONE_SHARED_POOL_PER_UNORDERED_PAIR
150000000000,150,pool_v2v_veh_1_veh_2,veh_1,veh_2,DIRECT_V2V,10000000,DIAGNOSTIC_SYNTHETIC_VALUE,ONE_SHARED_POOL_PER_UNORDERED_PAIR
150000000000,150,pool_v2v_veh_1_veh_3,veh_1,veh_3,DIRECT_V2V,10000000,DIAGNOSTIC_SYNTHETIC_VALUE,ONE_SHARED_POOL_PER_UNORDERED_PAIR
150000000000,150,pool_v2v_veh_1_veh_4,veh_1,veh_4,DIRECT_V2V,10000000,DIAGNOSTIC_SYNTHETIC_VALUE,ONE_SHARED_POOL_PER_UNORDERED_PAIR
150000000000,150,pool_v2v_veh_1_veh_5,veh_1,veh_5,DIRECT_V2V,10000000,DIAGNOSTIC_SYNTHETIC_VALUE,ONE_SHARED_POOL_PER_UNORDERED_PAIR
150000000000,150,pool_v2v_veh_1_veh_6,veh_1,veh_6,DIRECT_V2V,10000000,DIAGNOSTIC_SYNTHETIC_VALUE,ONE_SHARED_POOL_PER_UNORDERED_PAIR
150000000000,150,pool_v2v_veh_2_veh_3,veh_2,veh_3,DIRECT_V2V,10000000,DIAGNOSTIC_SYNTHETIC_VALUE,ONE_SHARED_POOL_PER_UNORDERED_PAIR
150000000000,150,pool_v2v_veh_2_veh_4,veh_2,veh_4,DIRECT_V2V,10000000,DIAGNOSTIC_SYNTHETIC_VALUE,ONE_SHARED_POOL_PER_UNORDERED_PAIR
150000000000,150,pool_v2v_veh_2_veh_5,veh_2,veh_5,DIRECT_V2V,10000000,DIAGNOSTIC_SYNTHETIC_VALUE,ONE_SHARED_POOL_PER_UNORDERED_PAIR
150000000000,150,pool_v2v_veh_2_veh_6,veh_2,veh_6,DIRECT_V2V,10000000,DIAGNOSTIC_SYNTHETIC_VALUE,ONE_SHARED_POOL_PER_UNORDERED_PAIR
150000000000,150,pool_v2v_veh_2_veh_7,veh_2,veh_7,DIRECT_V2V,10000000,DIAGNOSTIC_SYNTHETIC_VALUE,ONE_SHARED_POOL_PER_UNORDERED_PAIR
150000000000,150,pool_v2v_veh_3_veh_4,veh_3,veh_4,DIRECT_V2V,10000000,DIAGNOSTIC_SYNTHETIC_VALUE,ONE_SHARED_POOL_PER_UNORDERED_PAIR
150000000000,150,pool_v2v_veh_3_veh_5,veh_3,veh_5,DIRECT_V2V,10000000,DIAGNOSTIC_SYNTHETIC_VALUE,ONE_SHARED_POOL_PER_UNORDERED_PAIR
150000000000,150,pool_v2v_veh_3_veh_6,veh_3,veh_6,DIRECT_V2V,10000000,DIAGNOSTIC_SYNTHETIC_VALUE,ONE_SHARED_POOL_PER_UNORDERED_PAIR
150000000000,150,pool_v2v_veh_3_veh_7,veh_3,veh_7,DIRECT_V2V,10000000,DIAGNOSTIC_SYNTHETIC_VALUE,ONE_SHARED_POOL_PER_UNORDERED_PAIR
150000000000,150,pool_v2v_veh_3_veh_8,veh_3,veh_8,DIRECT_V2V,10000000,DIAGNOSTIC_SYNTHETIC_VALUE,ONE_SHARED_POOL_PER_UNORDERED_PAIR
150000000000,150,pool_v2v_veh_4_veh_5,veh_4,veh_5,DIRECT_V2V,10000000,DIAGNOSTIC_SYNTHETIC_VALUE,ONE_SHARED_POOL_PER_UNORDERED_PAIR
150000000000,150,pool_v2v_veh_4_veh_6,veh_4,veh_6,DIRECT_V2V,10000000,DIAGNOSTIC_SYNTHETIC_VALUE,ONE_SHARED_POOL_PER_UNORDERED_PAIR
150000000000,150,pool_v2v_veh_4_veh_7,veh_4,veh_7,DIRECT_V2V,10000000,DIAGNOSTIC_SYNTHETIC_VALUE,ONE_SHARED_POOL_PER_UNORDERED_PAIR
150000000000,150,pool_v2v_veh_4_veh_8,veh_4,veh_8,DIRECT_V2V,10000000,DIAGNOSTIC_SYNTHETIC_VALUE,ONE_SHARED_POOL_PER_UNORDERED_PAIR
150000000000,150,pool_v2v_veh_4_veh_9,veh_4,veh_9,DIRECT_V2V,10000000,DIAGNOSTIC_SYNTHETIC_VALUE,ONE_SHARED_POOL_PER_UNORDERED_PAIR
150000000000,150,pool_v2v_veh_5_veh_6,veh_5,veh_6,DIRECT_V2V,10000000,DIAGNOSTIC_SYNTHETIC_VALUE,ONE_SHARED_POOL_PER_UNORDERED_PAIR
150000000000,150,pool_v2v_veh_5_veh_7,veh_5,veh_7,DIRECT_V2V,10000000,DIAGNOSTIC_SYNTHETIC_VALUE,ONE_SHARED_POOL_PER_UNORDERED_PAIR
150000000000,150,pool_v2v_veh_5_veh_8,veh_5,veh_8,DIRECT_V2V,10000000,DIAGNOSTIC_SYNTHETIC_VALUE,ONE_SHARED_POOL_PER_UNORDERED_PAIR
150000000000,150,pool_v2v_veh_5_veh_9,veh_5,veh_9,DIRECT_V2V,10000000,DIAGNOSTIC_SYNTHETIC_VALUE,ONE_SHARED_POOL_PER_UNORDERED_PAIR
150000000000,150,pool_v2v_veh_5_veh_10,veh_5,veh_10,DIRECT_V2V,10000000,DIAGNOSTIC_SYNTHETIC_VALUE,ONE_SHARED_POOL_PER_UNORDERED_PAIR
150000000000,150,pool_v2v_veh_6_veh_7,veh_6,veh_7,DIRECT_V2V,10000000,DIAGNOSTIC_SYNTHETIC_VALUE,ONE_SHARED_POOL_PER_UNORDERED_PAIR
150000000000,150,pool_v2v_veh_6_veh_8,veh_6,veh_8,DIRECT_V2V,10000000,DIAGNOSTIC_SYNTHETIC_VALUE,ONE_SHARED_POOL_PER_UNORDERED_PAIR
150000000000,150,pool_v2v_veh_6_veh_9,veh_6,veh_9,DIRECT_V2V,10000000,DIAGNOSTIC_SYNTHETIC_VALUE,ONE_SHARED_POOL_PER_UNORDERED_PAIR
150000000000,150,pool_v2v_veh_6_veh_10,veh_6,veh_10,DIRECT_V2V,10000000,DIAGNOSTIC_SYNTHETIC_VALUE,ONE_SHARED_POOL_PER_UNORDERED_PAIR
150000000000,150,pool_v2v_veh_6_veh_11,veh_6,veh_11,DIRECT_V2V,10000000,DIAGNOSTIC_SYNTHETIC_VALUE,ONE_SHARED_POOL_PER_UNORDERED_PAIR
150000000000,150,pool_v2v_veh_7_veh_8,veh_7,veh_8,DIRECT_V2V,10000000,DIAGNOSTIC_SYNTHETIC_VALUE,ONE_SHARED_POOL_PER_UNORDERED_PAIR
150000000000,150,pool_v2v_veh_7_veh_9,veh_7,veh_9,DIRECT_V2V,10000000,DIAGNOSTIC_SYNTHETIC_VALUE,ONE_SHARED_POOL_PER_UNORDERED_PAIR
150000000000,150,pool_v2v_veh_7_veh_10,veh_7,veh_10,DIRECT_V2V,10000000,DIAGNOSTIC_SYNTHETIC_VALUE,ONE_SHARED_POOL_PER_UNORDERED_PAIR
150000000000,150,pool_v2v_veh_7_veh_11,veh_7,veh_11,DIRECT_V2V,10000000,DIAGNOSTIC_SYNTHETIC_VALUE,ONE_SHARED_POOL_PER_UNORDERED_PAIR
150000000000,150,pool_v2v_veh_8_veh_9,veh_8,veh_9,DIRECT_V2V,10000000,DIAGNOSTIC_SYNTHETIC_VALUE,ONE_SHARED_POOL_PER_UNORDERED_PAIR
150000000000,150,pool_v2v_veh_8_veh_10,veh_8,veh_10,DIRECT_V2V,10000000,DIAGNOSTIC_SYNTHETIC_VALUE,ONE_SHARED_POOL_PER_UNORDERED_PAIR
150000000000,150,pool_v2v_veh_8_veh_11,veh_8,veh_11,DIRECT_V2V,10000000,DIAGNOSTIC_SYNTHETIC_VALUE,ONE_SHARED_POOL_PER_UNORDERED_PAIR
150000000000,150,pool_v2v_veh_9_veh_10,veh_9,veh_10,DIRECT_V2V,10000000,DIAGNOSTIC_SYNTHETIC_VALUE,ONE_SHARED_POOL_PER_UNORDERED_PAIR
150000000000,150,pool_v2v_veh_9_veh_11,veh_9,veh_11,DIRECT_V2V,10000000,DIAGNOSTIC_SYNTHETIC_VALUE,ONE_SHARED_POOL_PER_UNORDERED_PAIR
150000000000,150,pool_v2v_veh_10_veh_11,veh_10,veh_11,DIRECT_V2V,10000000,DIAGNOSTIC_SYNTHETIC_VALUE,ONE_SHARED_POOL_PER_UNORDERED_PAIR
151000000000,151,pool_v2v_veh_0_veh_1,veh_0,veh_1,DIRECT_V2V,10000000,DIAGNOSTIC_SYNTHETIC_VALUE,ONE_SHARED_POOL_PER_UNORDERED_PAIR
151000000000,151,pool_v2v_veh_0_veh_2,veh_0,veh_2,DIRECT_V2V,10000000,DIAGNOSTIC_SYNTHETIC_VALUE,ONE_SHARED_POOL_PER_UNORDERED_PAIR
151000000000,151,pool_v2v_veh_0_veh_3,veh_0,veh_3,DIRECT_V2V,10000000,DIAGNOSTIC_SYNTHETIC_VALUE,ONE_SHARED_POOL_PER_UNORDERED_PAIR
151000000000,151,pool_v2v_veh_0_veh_4,veh_0,veh_4,DIRECT_V2V,10000000,DIAGNOSTIC_SYNTHETIC_VALUE,ONE_SHARED_POOL_PER_UNORDERED_PAIR
151000000000,151,pool_v2v_veh_0_veh_5,veh_0,veh_5,DIRECT_V2V,10000000,DIAGNOSTIC_SYNTHETIC_VALUE,ONE_SHARED_POOL_PER_UNORDERED_PAIR
151000000000,151,pool_v2v_veh_0_veh_6,veh_0,veh_6,DIRECT_V2V,10000000,DIAGNOSTIC_SYNTHETIC_VALUE,ONE_SHARED_POOL_PER_UNORDERED_PAIR
151000000000,151,pool_v2v_veh_1_veh_2,veh_1,veh_2,DIRECT_V2V,10000000,DIAGNOSTIC_SYNTHETIC_VALUE,ONE_SHARED_POOL_PER_UNORDERED_PAIR
151000000000,151,pool_v2v_veh_1_veh_3,veh_1,veh_3,DIRECT_V2V,10000000,DIAGNOSTIC_SYNTHETIC_VALUE,ONE_SHARED_POOL_PER_UNORDERED_PAIR
151000000000,151,pool_v2v_veh_1_veh_4,veh_1,veh_4,DIRECT_V2V,10000000,DIAGNOSTIC_SYNTHETIC_VALUE,ONE_SHARED_POOL_PER_UNORDERED_PAIR
151000000000,151,pool_v2v_veh_1_veh_5,veh_1,veh_5,DIRECT_V2V,10000000,DIAGNOSTIC_SYNTHETIC_VALUE,ONE_SHARED_POOL_PER_UNORDERED_PAIR
151000000000,151,pool_v2v_veh_1_veh_6,veh_1,veh_6,DIRECT_V2V,10000000,DIAGNOSTIC_SYNTHETIC_VALUE,ONE_SHARED_POOL_PER_UNORDERED_PAIR
151000000000,151,pool_v2v_veh_2_veh_3,veh_2,veh_3,DIRECT_V2V,10000000,DIAGNOSTIC_SYNTHETIC_VALUE,ONE_SHARED_POOL_PER_UNORDERED_PAIR
151000000000,151,pool_v2v_veh_2_veh_4,veh_2,veh_4,DIRECT_V2V,10000000,DIAGNOSTIC_SYNTHETIC_VALUE,ONE_SHARED_POOL_PER_UNORDERED_PAIR
151000000000,151,pool_v2v_veh_2_veh_5,veh_2,veh_5,DIRECT_V2V,10000000,DIAGNOSTIC_SYNTHETIC_VALUE,ONE_SHARED_POOL_PER_UNORDERED_PAIR
151000000000,151,pool_v2v_veh_2_veh_6,veh_2,veh_6,DIRECT_V2V,10000000,DIAGNOSTIC_SYNTHETIC_VALUE,ONE_SHARED_POOL_PER_UNORDERED_PAIR
151000000000,151,pool_v2v_veh_2_veh_7,veh_2,veh_7,DIRECT_V2V,10000000,DIAGNOSTIC_SYNTHETIC_VALUE,ONE_SHARED_POOL_PER_UNORDERED_PAIR
151000000000,151,pool_v2v_veh_3_veh_4,veh_3,veh_4,DIRECT_V2V,10000000,DIAGNOSTIC_SYNTHETIC_VALUE,ONE_SHARED_POOL_PER_UNORDERED_PAIR
151000000000,151,pool_v2v_veh_3_veh_5,veh_3,veh_5,DIRECT_V2V,10000000,DIAGNOSTIC_SYNTHETIC_VALUE,ONE_SHARED_POOL_PER_UNORDERED_PAIR
151000000000,151,pool_v2v_veh_3_veh_6,veh_3,veh_6,DIRECT_V2V,10000000,DIAGNOSTIC_SYNTHETIC_VALUE,ONE_SHARED_POOL_PER_UNORDERED_PAIR
151000000000,151,pool_v2v_veh_3_veh_7,veh_3,veh_7,DIRECT_V2V,10000000,DIAGNOSTIC_SYNTHETIC_VALUE,ONE_SHARED_POOL_PER_UNORDERED_PAIR
151000000000,151,pool_v2v_veh_3_veh_8,veh_3,veh_8,DIRECT_V2V,10000000,DIAGNOSTIC_SYNTHETIC_VALUE,ONE_SHARED_POOL_PER_UNORDERED_PAIR
151000000000,151,pool_v2v_veh_4_veh_5,veh_4,veh_5,DIRECT_V2V,10000000,DIAGNOSTIC_SYNTHETIC_VALUE,ONE_SHARED_POOL_PER_UNORDERED_PAIR
151000000000,151,pool_v2v_veh_4_veh_6,veh_4,veh_6,DIRECT_V2V,10000000,DIAGNOSTIC_SYNTHETIC_VALUE,ONE_SHARED_POOL_PER_UNORDERED_PAIR
151000000000,151,pool_v2v_veh_4_veh_7,veh_4,veh_7,DIRECT_V2V,10000000,DIAGNOSTIC_SYNTHETIC_VALUE,ONE_SHARED_POOL_PER_UNORDERED_PAIR
151000000000,151,pool_v2v_veh_4_veh_8,veh_4,veh_8,DIRECT_V2V,10000000,DIAGNOSTIC_SYNTHETIC_VALUE,ONE_SHARED_POOL_PER_UNORDERED_PAIR
151000000000,151,pool_v2v_veh_4_veh_9,veh_4,veh_9,DIRECT_V2V,10000000,DIAGNOSTIC_SYNTHETIC_VALUE,ONE_SHARED_POOL_PER_UNORDERED_PAIR
151000000000,151,pool_v2v_veh_5_veh_6,veh_5,veh_6,DIRECT_V2V,10000000,DIAGNOSTIC_SYNTHETIC_VALUE,ONE_SHARED_POOL_PER_UNORDERED_PAIR
151000000000,151,pool_v2v_veh_5_veh_7,veh_5,veh_7,DIRECT_V2V,10000000,DIAGNOSTIC_SYNTHETIC_VALUE,ONE_SHARED_POOL_PER_UNORDERED_PAIR
151000000000,151,pool_v2v_veh_5_veh_8,veh_5,veh_8,DIRECT_V2V,10000000,DIAGNOSTIC_SYNTHETIC_VALUE,ONE_SHARED_POOL_PER_UNORDERED_PAIR
151000000000,151,pool_v2v_veh_5_veh_9,veh_5,veh_9,DIRECT_V2V,10000000,DIAGNOSTIC_SYNTHETIC_VALUE,ONE_SHARED_POOL_PER_UNORDERED_PAIR
151000000000,151,pool_v2v_veh_5_veh_10,veh_5,veh_10,DIRECT_V2V,10000000,DIAGNOSTIC_SYNTHETIC_VALUE,ONE_SHARED_POOL_PER_UNORDERED_PAIR
151000000000,151,pool_v2v_veh_6_veh_7,veh_6,veh_7,DIRECT_V2V,10000000,DIAGNOSTIC_SYNTHETIC_VALUE,ONE_SHARED_POOL_PER_UNORDERED_PAIR
151000000000,151,pool_v2v_veh_6_veh_8,veh_6,veh_8,DIRECT_V2V,10000000,DIAGNOSTIC_SYNTHETIC_VALUE,ONE_SHARED_POOL_PER_UNORDERED_PAIR
151000000000,151,pool_v2v_veh_6_veh_9,veh_6,veh_9,DIRECT_V2V,10000000,DIAGNOSTIC_SYNTHETIC_VALUE,ONE_SHARED_POOL_PER_UNORDERED_PAIR
151000000000,151,pool_v2v_veh_6_veh_10,veh_6,veh_10,DIRECT_V2V,10000000,DIAGNOSTIC_SYNTHETIC_VALUE,ONE_SHARED_POOL_PER_UNORDERED_PAIR
151000000000,151,pool_v2v_veh_6_veh_11,veh_6,veh_11,DIRECT_V2V,10000000,DIAGNOSTIC_SYNTHETIC_VALUE,ONE_SHARED_POOL_PER_UNORDERED_PAIR
151000000000,151,pool_v2v_veh_7_veh_8,veh_7,veh_8,DIRECT_V2V,10000000,DIAGNOSTIC_SYNTHETIC_VALUE,ONE_SHARED_POOL_PER_UNORDERED_PAIR
151000000000,151,pool_v2v_veh_7_veh_9,veh_7,veh_9,DIRECT_V2V,10000000,DIAGNOSTIC_SYNTHETIC_VALUE,ONE_SHARED_POOL_PER_UNORDERED_PAIR
151000000000,151,pool_v2v_veh_7_veh_10,veh_7,veh_10,DIRECT_V2V,10000000,DIAGNOSTIC_SYNTHETIC_VALUE,ONE_SHARED_POOL_PER_UNORDERED_PAIR
151000000000,151,pool_v2v_veh_7_veh_11,veh_7,veh_11,DIRECT_V2V,10000000,DIAGNOSTIC_SYNTHETIC_VALUE,ONE_SHARED_POOL_PER_UNORDERED_PAIR
151000000000,151,pool_v2v_veh_8_veh_9,veh_8,veh_9,DIRECT_V2V,10000000,DIAGNOSTIC_SYNTHETIC_VALUE,ONE_SHARED_POOL_PER_UNORDERED_PAIR
151000000000,151,pool_v2v_veh_8_veh_10,veh_8,veh_10,DIRECT_V2V,10000000,DIAGNOSTIC_SYNTHETIC_VALUE,ONE_SHARED_POOL_PER_UNORDERED_PAIR
151000000000,151,pool_v2v_veh_8_veh_11,veh_8,veh_11,DIRECT_V2V,10000000,DIAGNOSTIC_SYNTHETIC_VALUE,ONE_SHARED_POOL_PER_UNORDERED_PAIR
151000000000,151,pool_v2v_veh_9_veh_10,veh_9,veh_10,DIRECT_V2V,10000000,DIAGNOSTIC_SYNTHETIC_VALUE,ONE_SHARED_POOL_PER_UNORDERED_PAIR
151000000000,151,pool_v2v_veh_9_veh_11,veh_9,veh_11,DIRECT_V2V,10000000,DIAGNOSTIC_SYNTHETIC_VALUE,ONE_SHARED_POOL_PER_UNORDERED_PAIR
151000000000,151,pool_v2v_veh_10_veh_11,veh_10,veh_11,DIRECT_V2V,10000000,DIAGNOSTIC_SYNTHETIC_VALUE,ONE_SHARED_POOL_PER_UNORDERED_PAIR
152000000000,152,pool_v2v_veh_0_veh_1,veh_0,veh_1,DIRECT_V2V,10000000,DIAGNOSTIC_SYNTHETIC_VALUE,ONE_SHARED_POOL_PER_UNORDERED_PAIR
152000000000,152,pool_v2v_veh_0_veh_2,veh_0,veh_2,DIRECT_V2V,10000000,DIAGNOSTIC_SYNTHETIC_VALUE,ONE_SHARED_POOL_PER_UNORDERED_PAIR
152000000000,152,pool_v2v_veh_0_veh_3,veh_0,veh_3,DIRECT_V2V,10000000,DIAGNOSTIC_SYNTHETIC_VALUE,ONE_SHARED_POOL_PER_UNORDERED_PAIR
152000000000,152,pool_v2v_veh_0_veh_4,veh_0,veh_4,DIRECT_V2V,10000000,DIAGNOSTIC_SYNTHETIC_VALUE,ONE_SHARED_POOL_PER_UNORDERED_PAIR
152000000000,152,pool_v2v_veh_0_veh_5,veh_0,veh_5,DIRECT_V2V,10000000,DIAGNOSTIC_SYNTHETIC_VALUE,ONE_SHARED_POOL_PER_UNORDERED_PAIR
152000000000,152,pool_v2v_veh_0_veh_6,veh_0,veh_6,DIRECT_V2V,10000000,DIAGNOSTIC_SYNTHETIC_VALUE,ONE_SHARED_POOL_PER_UNORDERED_PAIR
152000000000,152,pool_v2v_veh_1_veh_2,veh_1,veh_2,DIRECT_V2V,10000000,DIAGNOSTIC_SYNTHETIC_VALUE,ONE_SHARED_POOL_PER_UNORDERED_PAIR
152000000000,152,pool_v2v_veh_1_veh_3,veh_1,veh_3,DIRECT_V2V,10000000,DIAGNOSTIC_SYNTHETIC_VALUE,ONE_SHARED_POOL_PER_UNORDERED_PAIR
152000000000,152,pool_v2v_veh_1_veh_4,veh_1,veh_4,DIRECT_V2V,10000000,DIAGNOSTIC_SYNTHETIC_VALUE,ONE_SHARED_POOL_PER_UNORDERED_PAIR
152000000000,152,pool_v2v_veh_1_veh_5,veh_1,veh_5,DIRECT_V2V,10000000,DIAGNOSTIC_SYNTHETIC_VALUE,ONE_SHARED_POOL_PER_UNORDERED_PAIR
152000000000,152,pool_v2v_veh_1_veh_6,veh_1,veh_6,DIRECT_V2V,10000000,DIAGNOSTIC_SYNTHETIC_VALUE,ONE_SHARED_POOL_PER_UNORDERED_PAIR
152000000000,152,pool_v2v_veh_2_veh_3,veh_2,veh_3,DIRECT_V2V,10000000,DIAGNOSTIC_SYNTHETIC_VALUE,ONE_SHARED_POOL_PER_UNORDERED_PAIR
152000000000,152,pool_v2v_veh_2_veh_4,veh_2,veh_4,DIRECT_V2V,10000000,DIAGNOSTIC_SYNTHETIC_VALUE,ONE_SHARED_POOL_PER_UNORDERED_PAIR
152000000000,152,pool_v2v_veh_2_veh_5,veh_2,veh_5,DIRECT_V2V,10000000,DIAGNOSTIC_SYNTHETIC_VALUE,ONE_SHARED_POOL_PER_UNORDERED_PAIR
152000000000,152,pool_v2v_veh_2_veh_6,veh_2,veh_6,DIRECT_V2V,10000000,DIAGNOSTIC_SYNTHETIC_VALUE,ONE_SHARED_POOL_PER_UNORDERED_PAIR
152000000000,152,pool_v2v_veh_2_veh_7,veh_2,veh_7,DIRECT_V2V,10000000,DIAGNOSTIC_SYNTHETIC_VALUE,ONE_SHARED_POOL_PER_UNORDERED_PAIR
152000000000,152,pool_v2v_veh_3_veh_4,veh_3,veh_4,DIRECT_V2V,10000000,DIAGNOSTIC_SYNTHETIC_VALUE,ONE_SHARED_POOL_PER_UNORDERED_PAIR
152000000000,152,pool_v2v_veh_3_veh_5,veh_3,veh_5,DIRECT_V2V,10000000,DIAGNOSTIC_SYNTHETIC_VALUE,ONE_SHARED_POOL_PER_UNORDERED_PAIR
152000000000,152,pool_v2v_veh_3_veh_6,veh_3,veh_6,DIRECT_V2V,10000000,DIAGNOSTIC_SYNTHETIC_VALUE,ONE_SHARED_POOL_PER_UNORDERED_PAIR
152000000000,152,pool_v2v_veh_3_veh_7,veh_3,veh_7,DIRECT_V2V,10000000,DIAGNOSTIC_SYNTHETIC_VALUE,ONE_SHARED_POOL_PER_UNORDERED_PAIR
152000000000,152,pool_v2v_veh_3_veh_8,veh_3,veh_8,DIRECT_V2V,10000000,DIAGNOSTIC_SYNTHETIC_VALUE,ONE_SHARED_POOL_PER_UNORDERED_PAIR
152000000000,152,pool_v2v_veh_4_veh_5,veh_4,veh_5,DIRECT_V2V,10000000,DIAGNOSTIC_SYNTHETIC_VALUE,ONE_SHARED_POOL_PER_UNORDERED_PAIR
152000000000,152,pool_v2v_veh_4_veh_6,veh_4,veh_6,DIRECT_V2V,10000000,DIAGNOSTIC_SYNTHETIC_VALUE,ONE_SHARED_POOL_PER_UNORDERED_PAIR
152000000000,152,pool_v2v_veh_4_veh_7,veh_4,veh_7,DIRECT_V2V,10000000,DIAGNOSTIC_SYNTHETIC_VALUE,ONE_SHARED_POOL_PER_UNORDERED_PAIR
152000000000,152,pool_v2v_veh_4_veh_8,veh_4,veh_8,DIRECT_V2V,10000000,DIAGNOSTIC_SYNTHETIC_VALUE,ONE_SHARED_POOL_PER_UNORDERED_PAIR
152000000000,152,pool_v2v_veh_4_veh_9,veh_4,veh_9,DIRECT_V2V,10000000,DIAGNOSTIC_SYNTHETIC_VALUE,ONE_SHARED_POOL_PER_UNORDERED_PAIR
152000000000,152,pool_v2v_veh_5_veh_6,veh_5,veh_6,DIRECT_V2V,10000000,DIAGNOSTIC_SYNTHETIC_VALUE,ONE_SHARED_POOL_PER_UNORDERED_PAIR
152000000000,152,pool_v2v_veh_5_veh_7,veh_5,veh_7,DIRECT_V2V,10000000,DIAGNOSTIC_SYNTHETIC_VALUE,ONE_SHARED_POOL_PER_UNORDERED_PAIR
152000000000,152,pool_v2v_veh_5_veh_8,veh_5,veh_8,DIRECT_V2V,10000000,DIAGNOSTIC_SYNTHETIC_VALUE,ONE_SHARED_POOL_PER_UNORDERED_PAIR
152000000000,152,pool_v2v_veh_5_veh_9,veh_5,veh_9,DIRECT_V2V,10000000,DIAGNOSTIC_SYNTHETIC_VALUE,ONE_SHARED_POOL_PER_UNORDERED_PAIR
152000000000,152,pool_v2v_veh_5_veh_10,veh_5,veh_10,DIRECT_V2V,10000000,DIAGNOSTIC_SYNTHETIC_VALUE,ONE_SHARED_POOL_PER_UNORDERED_PAIR
152000000000,152,pool_v2v_veh_6_veh_7,veh_6,veh_7,DIRECT_V2V,10000000,DIAGNOSTIC_SYNTHETIC_VALUE,ONE_SHARED_POOL_PER_UNORDERED_PAIR
152000000000,152,pool_v2v_veh_6_veh_8,veh_6,veh_8,DIRECT_V2V,10000000,DIAGNOSTIC_SYNTHETIC_VALUE,ONE_SHARED_POOL_PER_UNORDERED_PAIR
152000000000,152,pool_v2v_veh_6_veh_9,veh_6,veh_9,DIRECT_V2V,10000000,DIAGNOSTIC_SYNTHETIC_VALUE,ONE_SHARED_POOL_PER_UNORDERED_PAIR
152000000000,152,pool_v2v_veh_6_veh_10,veh_6,veh_10,DIRECT_V2V,10000000,DIAGNOSTIC_SYNTHETIC_VALUE,ONE_SHARED_POOL_PER_UNORDERED_PAIR
152000000000,152,pool_v2v_veh_6_veh_11,veh_6,veh_11,DIRECT_V2V,10000000,DIAGNOSTIC_SYNTHETIC_VALUE,ONE_SHARED_POOL_PER_UNORDERED_PAIR
152000000000,152,pool_v2v_veh_7_veh_8,veh_7,veh_8,DIRECT_V2V,10000000,DIAGNOSTIC_SYNTHETIC_VALUE,ONE_SHARED_POOL_PER_UNORDERED_PAIR
152000000000,152,pool_v2v_veh_7_veh_9,veh_7,veh_9,DIRECT_V2V,10000000,DIAGNOSTIC_SYNTHETIC_VALUE,ONE_SHARED_POOL_PER_UNORDERED_PAIR
152000000000,152,pool_v2v_veh_7_veh_10,veh_7,veh_10,DIRECT_V2V,10000000,DIAGNOSTIC_SYNTHETIC_VALUE,ONE_SHARED_POOL_PER_UNORDERED_PAIR
152000000000,152,pool_v2v_veh_7_veh_11,veh_7,veh_11,DIRECT_V2V,10000000,DIAGNOSTIC_SYNTHETIC_VALUE,ONE_SHARED_POOL_PER_UNORDERED_PAIR
152000000000,152,pool_v2v_veh_8_veh_9,veh_8,veh_9,DIRECT_V2V,10000000,DIAGNOSTIC_SYNTHETIC_VALUE,ONE_SHARED_POOL_PER_UNORDERED_PAIR
152000000000,152,pool_v2v_veh_8_veh_10,veh_8,veh_10,DIRECT_V2V,10000000,DIAGNOSTIC_SYNTHETIC_VALUE,ONE_SHARED_POOL_PER_UNORDERED_PAIR
152000000000,152,pool_v2v_veh_8_veh_11,veh_8,veh_11,DIRECT_V2V,10000000,DIAGNOSTIC_SYNTHETIC_VALUE,ONE_SHARED_POOL_PER_UNORDERED_PAIR
152000000000,152,pool_v2v_veh_9_veh_10,veh_9,veh_10,DIRECT_V2V,10000000,DIAGNOSTIC_SYNTHETIC_VALUE,ONE_SHARED_POOL_PER_UNORDERED_PAIR
152000000000,152,pool_v2v_veh_9_veh_11,veh_9,veh_11,DIRECT_V2V,10000000,DIAGNOSTIC_SYNTHETIC_VALUE,ONE_SHARED_POOL_PER_UNORDERED_PAIR
152000000000,152,pool_v2v_veh_10_veh_11,veh_10,veh_11,DIRECT_V2V,10000000,DIAGNOSTIC_SYNTHETIC_VALUE,ONE_SHARED_POOL_PER_UNORDERED_PAIR
153000000000,153,pool_v2v_veh_0_veh_1,veh_0,veh_1,DIRECT_V2V,10000000,DIAGNOSTIC_SYNTHETIC_VALUE,ONE_SHARED_POOL_PER_UNORDERED_PAIR
153000000000,153,pool_v2v_veh_0_veh_2,veh_0,veh_2,DIRECT_V2V,10000000,DIAGNOSTIC_SYNTHETIC_VALUE,ONE_SHARED_POOL_PER_UNORDERED_PAIR
153000000000,153,pool_v2v_veh_0_veh_3,veh_0,veh_3,DIRECT_V2V,10000000,DIAGNOSTIC_SYNTHETIC_VALUE,ONE_SHARED_POOL_PER_UNORDERED_PAIR
153000000000,153,pool_v2v_veh_0_veh_4,veh_0,veh_4,DIRECT_V2V,10000000,DIAGNOSTIC_SYNTHETIC_VALUE,ONE_SHARED_POOL_PER_UNORDERED_PAIR
153000000000,153,pool_v2v_veh_0_veh_5,veh_0,veh_5,DIRECT_V2V,10000000,DIAGNOSTIC_SYNTHETIC_VALUE,ONE_SHARED_POOL_PER_UNORDERED_PAIR
153000000000,153,pool_v2v_veh_0_veh_6,veh_0,veh_6,DIRECT_V2V,10000000,DIAGNOSTIC_SYNTHETIC_VALUE,ONE_SHARED_POOL_PER_UNORDERED_PAIR
153000000000,153,pool_v2v_veh_1_veh_2,veh_1,veh_2,DIRECT_V2V,10000000,DIAGNOSTIC_SYNTHETIC_VALUE,ONE_SHARED_POOL_PER_UNORDERED_PAIR
153000000000,153,pool_v2v_veh_1_veh_3,veh_1,veh_3,DIRECT_V2V,10000000,DIAGNOSTIC_SYNTHETIC_VALUE,ONE_SHARED_POOL_PER_UNORDERED_PAIR
153000000000,153,pool_v2v_veh_1_veh_4,veh_1,veh_4,DIRECT_V2V,10000000,DIAGNOSTIC_SYNTHETIC_VALUE,ONE_SHARED_POOL_PER_UNORDERED_PAIR
153000000000,153,pool_v2v_veh_1_veh_5,veh_1,veh_5,DIRECT_V2V,10000000,DIAGNOSTIC_SYNTHETIC_VALUE,ONE_SHARED_POOL_PER_UNORDERED_PAIR
153000000000,153,pool_v2v_veh_1_veh_6,veh_1,veh_6,DIRECT_V2V,10000000,DIAGNOSTIC_SYNTHETIC_VALUE,ONE_SHARED_POOL_PER_UNORDERED_PAIR
153000000000,153,pool_v2v_veh_2_veh_3,veh_2,veh_3,DIRECT_V2V,10000000,DIAGNOSTIC_SYNTHETIC_VALUE,ONE_SHARED_POOL_PER_UNORDERED_PAIR
153000000000,153,pool_v2v_veh_2_veh_4,veh_2,veh_4,DIRECT_V2V,10000000,DIAGNOSTIC_SYNTHETIC_VALUE,ONE_SHARED_POOL_PER_UNORDERED_PAIR
153000000000,153,pool_v2v_veh_2_veh_5,veh_2,veh_5,DIRECT_V2V,10000000,DIAGNOSTIC_SYNTHETIC_VALUE,ONE_SHARED_POOL_PER_UNORDERED_PAIR
153000000000,153,pool_v2v_veh_2_veh_6,veh_2,veh_6,DIRECT_V2V,10000000,DIAGNOSTIC_SYNTHETIC_VALUE,ONE_SHARED_POOL_PER_UNORDERED_PAIR
153000000000,153,pool_v2v_veh_2_veh_7,veh_2,veh_7,DIRECT_V2V,10000000,DIAGNOSTIC_SYNTHETIC_VALUE,ONE_SHARED_POOL_PER_UNORDERED_PAIR
153000000000,153,pool_v2v_veh_3_veh_4,veh_3,veh_4,DIRECT_V2V,10000000,DIAGNOSTIC_SYNTHETIC_VALUE,ONE_SHARED_POOL_PER_UNORDERED_PAIR
153000000000,153,pool_v2v_veh_3_veh_5,veh_3,veh_5,DIRECT_V2V,10000000,DIAGNOSTIC_SYNTHETIC_VALUE,ONE_SHARED_POOL_PER_UNORDERED_PAIR
153000000000,153,pool_v2v_veh_3_veh_6,veh_3,veh_6,DIRECT_V2V,10000000,DIAGNOSTIC_SYNTHETIC_VALUE,ONE_SHARED_POOL_PER_UNORDERED_PAIR
153000000000,153,pool_v2v_veh_3_veh_7,veh_3,veh_7,DIRECT_V2V,10000000,DIAGNOSTIC_SYNTHETIC_VALUE,ONE_SHARED_POOL_PER_UNORDERED_PAIR
153000000000,153,pool_v2v_veh_3_veh_8,veh_3,veh_8,DIRECT_V2V,10000000,DIAGNOSTIC_SYNTHETIC_VALUE,ONE_SHARED_POOL_PER_UNORDERED_PAIR
153000000000,153,pool_v2v_veh_4_veh_5,veh_4,veh_5,DIRECT_V2V,10000000,DIAGNOSTIC_SYNTHETIC_VALUE,ONE_SHARED_POOL_PER_UNORDERED_PAIR
153000000000,153,pool_v2v_veh_4_veh_6,veh_4,veh_6,DIRECT_V2V,10000000,DIAGNOSTIC_SYNTHETIC_VALUE,ONE_SHARED_POOL_PER_UNORDERED_PAIR
153000000000,153,pool_v2v_veh_4_veh_7,veh_4,veh_7,DIRECT_V2V,10000000,DIAGNOSTIC_SYNTHETIC_VALUE,ONE_SHARED_POOL_PER_UNORDERED_PAIR
153000000000,153,pool_v2v_veh_4_veh_8,veh_4,veh_8,DIRECT_V2V,10000000,DIAGNOSTIC_SYNTHETIC_VALUE,ONE_SHARED_POOL_PER_UNORDERED_PAIR
153000000000,153,pool_v2v_veh_4_veh_9,veh_4,veh_9,DIRECT_V2V,10000000,DIAGNOSTIC_SYNTHETIC_VALUE,ONE_SHARED_POOL_PER_UNORDERED_PAIR
153000000000,153,pool_v2v_veh_5_veh_6,veh_5,veh_6,DIRECT_V2V,10000000,DIAGNOSTIC_SYNTHETIC_VALUE,ONE_SHARED_POOL_PER_UNORDERED_PAIR
153000000000,153,pool_v2v_veh_5_veh_7,veh_5,veh_7,DIRECT_V2V,10000000,DIAGNOSTIC_SYNTHETIC_VALUE,ONE_SHARED_POOL_PER_UNORDERED_PAIR
153000000000,153,pool_v2v_veh_5_veh_8,veh_5,veh_8,DIRECT_V2V,10000000,DIAGNOSTIC_SYNTHETIC_VALUE,ONE_SHARED_POOL_PER_UNORDERED_PAIR
153000000000,153,pool_v2v_veh_5_veh_9,veh_5,veh_9,DIRECT_V2V,10000000,DIAGNOSTIC_SYNTHETIC_VALUE,ONE_SHARED_POOL_PER_UNORDERED_PAIR
153000000000,153,pool_v2v_veh_5_veh_10,veh_5,veh_10,DIRECT_V2V,10000000,DIAGNOSTIC_SYNTHETIC_VALUE,ONE_SHARED_POOL_PER_UNORDERED_PAIR
153000000000,153,pool_v2v_veh_6_veh_7,veh_6,veh_7,DIRECT_V2V,10000000,DIAGNOSTIC_SYNTHETIC_VALUE,ONE_SHARED_POOL_PER_UNORDERED_PAIR
153000000000,153,pool_v2v_veh_6_veh_8,veh_6,veh_8,DIRECT_V2V,10000000,DIAGNOSTIC_SYNTHETIC_VALUE,ONE_SHARED_POOL_PER_UNORDERED_PAIR
153000000000,153,pool_v2v_veh_6_veh_9,veh_6,veh_9,DIRECT_V2V,10000000,DIAGNOSTIC_SYNTHETIC_VALUE,ONE_SHARED_POOL_PER_UNORDERED_PAIR
153000000000,153,pool_v2v_veh_6_veh_10,veh_6,veh_10,DIRECT_V2V,10000000,DIAGNOSTIC_SYNTHETIC_VALUE,ONE_SHARED_POOL_PER_UNORDERED_PAIR
153000000000,153,pool_v2v_veh_6_veh_11,veh_6,veh_11,DIRECT_V2V,10000000,DIAGNOSTIC_SYNTHETIC_VALUE,ONE_SHARED_POOL_PER_UNORDERED_PAIR
153000000000,153,pool_v2v_veh_7_veh_8,veh_7,veh_8,DIRECT_V2V,10000000,DIAGNOSTIC_SYNTHETIC_VALUE,ONE_SHARED_POOL_PER_UNORDERED_PAIR
153000000000,153,pool_v2v_veh_7_veh_9,veh_7,veh_9,DIRECT_V2V,10000000,DIAGNOSTIC_SYNTHETIC_VALUE,ONE_SHARED_POOL_PER_UNORDERED_PAIR
153000000000,153,pool_v2v_veh_7_veh_10,veh_7,veh_10,DIRECT_V2V,10000000,DIAGNOSTIC_SYNTHETIC_VALUE,ONE_SHARED_POOL_PER_UNORDERED_PAIR
153000000000,153,pool_v2v_veh_7_veh_11,veh_7,veh_11,DIRECT_V2V,10000000,DIAGNOSTIC_SYNTHETIC_VALUE,ONE_SHARED_POOL_PER_UNORDERED_PAIR
153000000000,153,pool_v2v_veh_8_veh_9,veh_8,veh_9,DIRECT_V2V,10000000,DIAGNOSTIC_SYNTHETIC_VALUE,ONE_SHARED_POOL_PER_UNORDERED_PAIR
153000000000,153,pool_v2v_veh_8_veh_10,veh_8,veh_10,DIRECT_V2V,10000000,DIAGNOSTIC_SYNTHETIC_VALUE,ONE_SHARED_POOL_PER_UNORDERED_PAIR
153000000000,153,pool_v2v_veh_8_veh_11,veh_8,veh_11,DIRECT_V2V,10000000,DIAGNOSTIC_SYNTHETIC_VALUE,ONE_SHARED_POOL_PER_UNORDERED_PAIR
153000000000,153,pool_v2v_veh_9_veh_10,veh_9,veh_10,DIRECT_V2V,10000000,DIAGNOSTIC_SYNTHETIC_VALUE,ONE_SHARED_POOL_PER_UNORDERED_PAIR
153000000000,153,pool_v2v_veh_9_veh_11,veh_9,veh_11,DIRECT_V2V,10000000,DIAGNOSTIC_SYNTHETIC_VALUE,ONE_SHARED_POOL_PER_UNORDERED_PAIR
153000000000,153,pool_v2v_veh_10_veh_11,veh_10,veh_11,DIRECT_V2V,10000000,DIAGNOSTIC_SYNTHETIC_VALUE,ONE_SHARED_POOL_PER_UNORDERED_PAIR
154000000000,154,pool_v2v_veh_0_veh_1,veh_0,veh_1,DIRECT_V2V,10000000,DIAGNOSTIC_SYNTHETIC_VALUE,ONE_SHARED_POOL_PER_UNORDERED_PAIR
154000000000,154,pool_v2v_veh_0_veh_2,veh_0,veh_2,DIRECT_V2V,10000000,DIAGNOSTIC_SYNTHETIC_VALUE,ONE_SHARED_POOL_PER_UNORDERED_PAIR
154000000000,154,pool_v2v_veh_0_veh_3,veh_0,veh_3,DIRECT_V2V,10000000,DIAGNOSTIC_SYNTHETIC_VALUE,ONE_SHARED_POOL_PER_UNORDERED_PAIR
154000000000,154,pool_v2v_veh_0_veh_4,veh_0,veh_4,DIRECT_V2V,10000000,DIAGNOSTIC_SYNTHETIC_VALUE,ONE_SHARED_POOL_PER_UNORDERED_PAIR
154000000000,154,pool_v2v_veh_0_veh_5,veh_0,veh_5,DIRECT_V2V,10000000,DIAGNOSTIC_SYNTHETIC_VALUE,ONE_SHARED_POOL_PER_UNORDERED_PAIR
154000000000,154,pool_v2v_veh_0_veh_6,veh_0,veh_6,DIRECT_V2V,10000000,DIAGNOSTIC_SYNTHETIC_VALUE,ONE_SHARED_POOL_PER_UNORDERED_PAIR
154000000000,154,pool_v2v_veh_1_veh_2,veh_1,veh_2,DIRECT_V2V,10000000,DIAGNOSTIC_SYNTHETIC_VALUE,ONE_SHARED_POOL_PER_UNORDERED_PAIR
154000000000,154,pool_v2v_veh_1_veh_3,veh_1,veh_3,DIRECT_V2V,10000000,DIAGNOSTIC_SYNTHETIC_VALUE,ONE_SHARED_POOL_PER_UNORDERED_PAIR
154000000000,154,pool_v2v_veh_1_veh_4,veh_1,veh_4,DIRECT_V2V,10000000,DIAGNOSTIC_SYNTHETIC_VALUE,ONE_SHARED_POOL_PER_UNORDERED_PAIR
154000000000,154,pool_v2v_veh_1_veh_5,veh_1,veh_5,DIRECT_V2V,10000000,DIAGNOSTIC_SYNTHETIC_VALUE,ONE_SHARED_POOL_PER_UNORDERED_PAIR
154000000000,154,pool_v2v_veh_1_veh_6,veh_1,veh_6,DIRECT_V2V,10000000,DIAGNOSTIC_SYNTHETIC_VALUE,ONE_SHARED_POOL_PER_UNORDERED_PAIR
154000000000,154,pool_v2v_veh_2_veh_3,veh_2,veh_3,DIRECT_V2V,10000000,DIAGNOSTIC_SYNTHETIC_VALUE,ONE_SHARED_POOL_PER_UNORDERED_PAIR
154000000000,154,pool_v2v_veh_2_veh_4,veh_2,veh_4,DIRECT_V2V,10000000,DIAGNOSTIC_SYNTHETIC_VALUE,ONE_SHARED_POOL_PER_UNORDERED_PAIR
154000000000,154,pool_v2v_veh_2_veh_5,veh_2,veh_5,DIRECT_V2V,10000000,DIAGNOSTIC_SYNTHETIC_VALUE,ONE_SHARED_POOL_PER_UNORDERED_PAIR
154000000000,154,pool_v2v_veh_2_veh_6,veh_2,veh_6,DIRECT_V2V,10000000,DIAGNOSTIC_SYNTHETIC_VALUE,ONE_SHARED_POOL_PER_UNORDERED_PAIR
154000000000,154,pool_v2v_veh_2_veh_7,veh_2,veh_7,DIRECT_V2V,10000000,DIAGNOSTIC_SYNTHETIC_VALUE,ONE_SHARED_POOL_PER_UNORDERED_PAIR
154000000000,154,pool_v2v_veh_3_veh_4,veh_3,veh_4,DIRECT_V2V,10000000,DIAGNOSTIC_SYNTHETIC_VALUE,ONE_SHARED_POOL_PER_UNORDERED_PAIR
154000000000,154,pool_v2v_veh_3_veh_5,veh_3,veh_5,DIRECT_V2V,10000000,DIAGNOSTIC_SYNTHETIC_VALUE,ONE_SHARED_POOL_PER_UNORDERED_PAIR
154000000000,154,pool_v2v_veh_3_veh_6,veh_3,veh_6,DIRECT_V2V,10000000,DIAGNOSTIC_SYNTHETIC_VALUE,ONE_SHARED_POOL_PER_UNORDERED_PAIR
154000000000,154,pool_v2v_veh_3_veh_7,veh_3,veh_7,DIRECT_V2V,10000000,DIAGNOSTIC_SYNTHETIC_VALUE,ONE_SHARED_POOL_PER_UNORDERED_PAIR
154000000000,154,pool_v2v_veh_3_veh_8,veh_3,veh_8,DIRECT_V2V,10000000,DIAGNOSTIC_SYNTHETIC_VALUE,ONE_SHARED_POOL_PER_UNORDERED_PAIR
154000000000,154,pool_v2v_veh_4_veh_5,veh_4,veh_5,DIRECT_V2V,10000000,DIAGNOSTIC_SYNTHETIC_VALUE,ONE_SHARED_POOL_PER_UNORDERED_PAIR
154000000000,154,pool_v2v_veh_4_veh_6,veh_4,veh_6,DIRECT_V2V,10000000,DIAGNOSTIC_SYNTHETIC_VALUE,ONE_SHARED_POOL_PER_UNORDERED_PAIR
154000000000,154,pool_v2v_veh_4_veh_7,veh_4,veh_7,DIRECT_V2V,10000000,DIAGNOSTIC_SYNTHETIC_VALUE,ONE_SHARED_POOL_PER_UNORDERED_PAIR
154000000000,154,pool_v2v_veh_4_veh_8,veh_4,veh_8,DIRECT_V2V,10000000,DIAGNOSTIC_SYNTHETIC_VALUE,ONE_SHARED_POOL_PER_UNORDERED_PAIR
154000000000,154,pool_v2v_veh_4_veh_9,veh_4,veh_9,DIRECT_V2V,10000000,DIAGNOSTIC_SYNTHETIC_VALUE,ONE_SHARED_POOL_PER_UNORDERED_PAIR
154000000000,154,pool_v2v_veh_5_veh_6,veh_5,veh_6,DIRECT_V2V,10000000,DIAGNOSTIC_SYNTHETIC_VALUE,ONE_SHARED_POOL_PER_UNORDERED_PAIR
154000000000,154,pool_v2v_veh_5_veh_7,veh_5,veh_7,DIRECT_V2V,10000000,DIAGNOSTIC_SYNTHETIC_VALUE,ONE_SHARED_POOL_PER_UNORDERED_PAIR
154000000000,154,pool_v2v_veh_5_veh_8,veh_5,veh_8,DIRECT_V2V,10000000,DIAGNOSTIC_SYNTHETIC_VALUE,ONE_SHARED_POOL_PER_UNORDERED_PAIR
154000000000,154,pool_v2v_veh_5_veh_9,veh_5,veh_9,DIRECT_V2V,10000000,DIAGNOSTIC_SYNTHETIC_VALUE,ONE_SHARED_POOL_PER_UNORDERED_PAIR
154000000000,154,pool_v2v_veh_5_veh_10,veh_5,veh_10,DIRECT_V2V,10000000,DIAGNOSTIC_SYNTHETIC_VALUE,ONE_SHARED_POOL_PER_UNORDERED_PAIR
154000000000,154,pool_v2v_veh_6_veh_7,veh_6,veh_7,DIRECT_V2V,10000000,DIAGNOSTIC_SYNTHETIC_VALUE,ONE_SHARED_POOL_PER_UNORDERED_PAIR
154000000000,154,pool_v2v_veh_6_veh_8,veh_6,veh_8,DIRECT_V2V,10000000,DIAGNOSTIC_SYNTHETIC_VALUE,ONE_SHARED_POOL_PER_UNORDERED_PAIR
154000000000,154,pool_v2v_veh_6_veh_9,veh_6,veh_9,DIRECT_V2V,10000000,DIAGNOSTIC_SYNTHETIC_VALUE,ONE_SHARED_POOL_PER_UNORDERED_PAIR
154000000000,154,pool_v2v_veh_6_veh_10,veh_6,veh_10,DIRECT_V2V,10000000,DIAGNOSTIC_SYNTHETIC_VALUE,ONE_SHARED_POOL_PER_UNORDERED_PAIR
154000000000,154,pool_v2v_veh_6_veh_11,veh_6,veh_11,DIRECT_V2V,10000000,DIAGNOSTIC_SYNTHETIC_VALUE,ONE_SHARED_POOL_PER_UNORDERED_PAIR
154000000000,154,pool_v2v_veh_7_veh_8,veh_7,veh_8,DIRECT_V2V,10000000,DIAGNOSTIC_SYNTHETIC_VALUE,ONE_SHARED_POOL_PER_UNORDERED_PAIR
154000000000,154,pool_v2v_veh_7_veh_9,veh_7,veh_9,DIRECT_V2V,10000000,DIAGNOSTIC_SYNTHETIC_VALUE,ONE_SHARED_POOL_PER_UNORDERED_PAIR
154000000000,154,pool_v2v_veh_7_veh_10,veh_7,veh_10,DIRECT_V2V,10000000,DIAGNOSTIC_SYNTHETIC_VALUE,ONE_SHARED_POOL_PER_UNORDERED_PAIR
154000000000,154,pool_v2v_veh_7_veh_11,veh_7,veh_11,DIRECT_V2V,10000000,DIAGNOSTIC_SYNTHETIC_VALUE,ONE_SHARED_POOL_PER_UNORDERED_PAIR
154000000000,154,pool_v2v_veh_8_veh_9,veh_8,veh_9,DIRECT_V2V,10000000,DIAGNOSTIC_SYNTHETIC_VALUE,ONE_SHARED_POOL_PER_UNORDERED_PAIR
154000000000,154,pool_v2v_veh_8_veh_10,veh_8,veh_10,DIRECT_V2V,10000000,DIAGNOSTIC_SYNTHETIC_VALUE,ONE_SHARED_POOL_PER_UNORDERED_PAIR
154000000000,154,pool_v2v_veh_8_veh_11,veh_8,veh_11,DIRECT_V2V,10000000,DIAGNOSTIC_SYNTHETIC_VALUE,ONE_SHARED_POOL_PER_UNORDERED_PAIR
154000000000,154,pool_v2v_veh_9_veh_10,veh_9,veh_10,DIRECT_V2V,10000000,DIAGNOSTIC_SYNTHETIC_VALUE,ONE_SHARED_POOL_PER_UNORDERED_PAIR
154000000000,154,pool_v2v_veh_9_veh_11,veh_9,veh_11,DIRECT_V2V,10000000,DIAGNOSTIC_SYNTHETIC_VALUE,ONE_SHARED_POOL_PER_UNORDERED_PAIR
154000000000,154,pool_v2v_veh_10_veh_11,veh_10,veh_11,DIRECT_V2V,10000000,DIAGNOSTIC_SYNTHETIC_VALUE,ONE_SHARED_POOL_PER_UNORDERED_PAIR
155000000000,155,pool_v2v_veh_0_veh_1,veh_0,veh_1,DIRECT_V2V,10000000,DIAGNOSTIC_SYNTHETIC_VALUE,ONE_SHARED_POOL_PER_UNORDERED_PAIR
155000000000,155,pool_v2v_veh_0_veh_2,veh_0,veh_2,DIRECT_V2V,10000000,DIAGNOSTIC_SYNTHETIC_VALUE,ONE_SHARED_POOL_PER_UNORDERED_PAIR
155000000000,155,pool_v2v_veh_0_veh_3,veh_0,veh_3,DIRECT_V2V,10000000,DIAGNOSTIC_SYNTHETIC_VALUE,ONE_SHARED_POOL_PER_UNORDERED_PAIR
155000000000,155,pool_v2v_veh_0_veh_4,veh_0,veh_4,DIRECT_V2V,10000000,DIAGNOSTIC_SYNTHETIC_VALUE,ONE_SHARED_POOL_PER_UNORDERED_PAIR
155000000000,155,pool_v2v_veh_0_veh_5,veh_0,veh_5,DIRECT_V2V,10000000,DIAGNOSTIC_SYNTHETIC_VALUE,ONE_SHARED_POOL_PER_UNORDERED_PAIR
155000000000,155,pool_v2v_veh_0_veh_6,veh_0,veh_6,DIRECT_V2V,10000000,DIAGNOSTIC_SYNTHETIC_VALUE,ONE_SHARED_POOL_PER_UNORDERED_PAIR
155000000000,155,pool_v2v_veh_1_veh_2,veh_1,veh_2,DIRECT_V2V,10000000,DIAGNOSTIC_SYNTHETIC_VALUE,ONE_SHARED_POOL_PER_UNORDERED_PAIR
155000000000,155,pool_v2v_veh_1_veh_3,veh_1,veh_3,DIRECT_V2V,10000000,DIAGNOSTIC_SYNTHETIC_VALUE,ONE_SHARED_POOL_PER_UNORDERED_PAIR
155000000000,155,pool_v2v_veh_1_veh_4,veh_1,veh_4,DIRECT_V2V,10000000,DIAGNOSTIC_SYNTHETIC_VALUE,ONE_SHARED_POOL_PER_UNORDERED_PAIR
155000000000,155,pool_v2v_veh_1_veh_5,veh_1,veh_5,DIRECT_V2V,10000000,DIAGNOSTIC_SYNTHETIC_VALUE,ONE_SHARED_POOL_PER_UNORDERED_PAIR
155000000000,155,pool_v2v_veh_1_veh_6,veh_1,veh_6,DIRECT_V2V,10000000,DIAGNOSTIC_SYNTHETIC_VALUE,ONE_SHARED_POOL_PER_UNORDERED_PAIR
155000000000,155,pool_v2v_veh_1_veh_7,veh_1,veh_7,DIRECT_V2V,10000000,DIAGNOSTIC_SYNTHETIC_VALUE,ONE_SHARED_POOL_PER_UNORDERED_PAIR
155000000000,155,pool_v2v_veh_2_veh_3,veh_2,veh_3,DIRECT_V2V,10000000,DIAGNOSTIC_SYNTHETIC_VALUE,ONE_SHARED_POOL_PER_UNORDERED_PAIR
155000000000,155,pool_v2v_veh_2_veh_4,veh_2,veh_4,DIRECT_V2V,10000000,DIAGNOSTIC_SYNTHETIC_VALUE,ONE_SHARED_POOL_PER_UNORDERED_PAIR
155000000000,155,pool_v2v_veh_2_veh_5,veh_2,veh_5,DIRECT_V2V,10000000,DIAGNOSTIC_SYNTHETIC_VALUE,ONE_SHARED_POOL_PER_UNORDERED_PAIR
155000000000,155,pool_v2v_veh_2_veh_6,veh_2,veh_6,DIRECT_V2V,10000000,DIAGNOSTIC_SYNTHETIC_VALUE,ONE_SHARED_POOL_PER_UNORDERED_PAIR
155000000000,155,pool_v2v_veh_2_veh_7,veh_2,veh_7,DIRECT_V2V,10000000,DIAGNOSTIC_SYNTHETIC_VALUE,ONE_SHARED_POOL_PER_UNORDERED_PAIR
155000000000,155,pool_v2v_veh_3_veh_4,veh_3,veh_4,DIRECT_V2V,10000000,DIAGNOSTIC_SYNTHETIC_VALUE,ONE_SHARED_POOL_PER_UNORDERED_PAIR
155000000000,155,pool_v2v_veh_3_veh_5,veh_3,veh_5,DIRECT_V2V,10000000,DIAGNOSTIC_SYNTHETIC_VALUE,ONE_SHARED_POOL_PER_UNORDERED_PAIR
155000000000,155,pool_v2v_veh_3_veh_6,veh_3,veh_6,DIRECT_V2V,10000000,DIAGNOSTIC_SYNTHETIC_VALUE,ONE_SHARED_POOL_PER_UNORDERED_PAIR
155000000000,155,pool_v2v_veh_3_veh_7,veh_3,veh_7,DIRECT_V2V,10000000,DIAGNOSTIC_SYNTHETIC_VALUE,ONE_SHARED_POOL_PER_UNORDERED_PAIR
155000000000,155,pool_v2v_veh_3_veh_8,veh_3,veh_8,DIRECT_V2V,10000000,DIAGNOSTIC_SYNTHETIC_VALUE,ONE_SHARED_POOL_PER_UNORDERED_PAIR
155000000000,155,pool_v2v_veh_4_veh_5,veh_4,veh_5,DIRECT_V2V,10000000,DIAGNOSTIC_SYNTHETIC_VALUE,ONE_SHARED_POOL_PER_UNORDERED_PAIR
155000000000,155,pool_v2v_veh_4_veh_6,veh_4,veh_6,DIRECT_V2V,10000000,DIAGNOSTIC_SYNTHETIC_VALUE,ONE_SHARED_POOL_PER_UNORDERED_PAIR
155000000000,155,pool_v2v_veh_4_veh_7,veh_4,veh_7,DIRECT_V2V,10000000,DIAGNOSTIC_SYNTHETIC_VALUE,ONE_SHARED_POOL_PER_UNORDERED_PAIR
155000000000,155,pool_v2v_veh_4_veh_8,veh_4,veh_8,DIRECT_V2V,10000000,DIAGNOSTIC_SYNTHETIC_VALUE,ONE_SHARED_POOL_PER_UNORDERED_PAIR
155000000000,155,pool_v2v_veh_4_veh_9,veh_4,veh_9,DIRECT_V2V,10000000,DIAGNOSTIC_SYNTHETIC_VALUE,ONE_SHARED_POOL_PER_UNORDERED_PAIR
155000000000,155,pool_v2v_veh_5_veh_6,veh_5,veh_6,DIRECT_V2V,10000000,DIAGNOSTIC_SYNTHETIC_VALUE,ONE_SHARED_POOL_PER_UNORDERED_PAIR
155000000000,155,pool_v2v_veh_5_veh_7,veh_5,veh_7,DIRECT_V2V,10000000,DIAGNOSTIC_SYNTHETIC_VALUE,ONE_SHARED_POOL_PER_UNORDERED_PAIR
155000000000,155,pool_v2v_veh_5_veh_8,veh_5,veh_8,DIRECT_V2V,10000000,DIAGNOSTIC_SYNTHETIC_VALUE,ONE_SHARED_POOL_PER_UNORDERED_PAIR
155000000000,155,pool_v2v_veh_5_veh_9,veh_5,veh_9,DIRECT_V2V,10000000,DIAGNOSTIC_SYNTHETIC_VALUE,ONE_SHARED_POOL_PER_UNORDERED_PAIR
155000000000,155,pool_v2v_veh_5_veh_10,veh_5,veh_10,DIRECT_V2V,10000000,DIAGNOSTIC_SYNTHETIC_VALUE,ONE_SHARED_POOL_PER_UNORDERED_PAIR
155000000000,155,pool_v2v_veh_6_veh_7,veh_6,veh_7,DIRECT_V2V,10000000,DIAGNOSTIC_SYNTHETIC_VALUE,ONE_SHARED_POOL_PER_UNORDERED_PAIR
155000000000,155,pool_v2v_veh_6_veh_8,veh_6,veh_8,DIRECT_V2V,10000000,DIAGNOSTIC_SYNTHETIC_VALUE,ONE_SHARED_POOL_PER_UNORDERED_PAIR
155000000000,155,pool_v2v_veh_6_veh_9,veh_6,veh_9,DIRECT_V2V,10000000,DIAGNOSTIC_SYNTHETIC_VALUE,ONE_SHARED_POOL_PER_UNORDERED_PAIR
155000000000,155,pool_v2v_veh_6_veh_10,veh_6,veh_10,DIRECT_V2V,10000000,DIAGNOSTIC_SYNTHETIC_VALUE,ONE_SHARED_POOL_PER_UNORDERED_PAIR
155000000000,155,pool_v2v_veh_6_veh_11,veh_6,veh_11,DIRECT_V2V,10000000,DIAGNOSTIC_SYNTHETIC_VALUE,ONE_SHARED_POOL_PER_UNORDERED_PAIR
155000000000,155,pool_v2v_veh_7_veh_8,veh_7,veh_8,DIRECT_V2V,10000000,DIAGNOSTIC_SYNTHETIC_VALUE,ONE_SHARED_POOL_PER_UNORDERED_PAIR
155000000000,155,pool_v2v_veh_7_veh_9,veh_7,veh_9,DIRECT_V2V,10000000,DIAGNOSTIC_SYNTHETIC_VALUE,ONE_SHARED_POOL_PER_UNORDERED_PAIR
155000000000,155,pool_v2v_veh_7_veh_10,veh_7,veh_10,DIRECT_V2V,10000000,DIAGNOSTIC_SYNTHETIC_VALUE,ONE_SHARED_POOL_PER_UNORDERED_PAIR
155000000000,155,pool_v2v_veh_7_veh_11,veh_7,veh_11,DIRECT_V2V,10000000,DIAGNOSTIC_SYNTHETIC_VALUE,ONE_SHARED_POOL_PER_UNORDERED_PAIR
155000000000,155,pool_v2v_veh_8_veh_9,veh_8,veh_9,DIRECT_V2V,10000000,DIAGNOSTIC_SYNTHETIC_VALUE,ONE_SHARED_POOL_PER_UNORDERED_PAIR
155000000000,155,pool_v2v_veh_8_veh_10,veh_8,veh_10,DIRECT_V2V,10000000,DIAGNOSTIC_SYNTHETIC_VALUE,ONE_SHARED_POOL_PER_UNORDERED_PAIR
155000000000,155,pool_v2v_veh_8_veh_11,veh_8,veh_11,DIRECT_V2V,10000000,DIAGNOSTIC_SYNTHETIC_VALUE,ONE_SHARED_POOL_PER_UNORDERED_PAIR
155000000000,155,pool_v2v_veh_9_veh_10,veh_9,veh_10,DIRECT_V2V,10000000,DIAGNOSTIC_SYNTHETIC_VALUE,ONE_SHARED_POOL_PER_UNORDERED_PAIR
155000000000,155,pool_v2v_veh_9_veh_11,veh_9,veh_11,DIRECT_V2V,10000000,DIAGNOSTIC_SYNTHETIC_VALUE,ONE_SHARED_POOL_PER_UNORDERED_PAIR
155000000000,155,pool_v2v_veh_10_veh_11,veh_10,veh_11,DIRECT_V2V,10000000,DIAGNOSTIC_SYNTHETIC_VALUE,ONE_SHARED_POOL_PER_UNORDERED_PAIR
156000000000,156,pool_v2v_veh_0_veh_1,veh_0,veh_1,DIRECT_V2V,10000000,DIAGNOSTIC_SYNTHETIC_VALUE,ONE_SHARED_POOL_PER_UNORDERED_PAIR
156000000000,156,pool_v2v_veh_0_veh_2,veh_0,veh_2,DIRECT_V2V,10000000,DIAGNOSTIC_SYNTHETIC_VALUE,ONE_SHARED_POOL_PER_UNORDERED_PAIR
156000000000,156,pool_v2v_veh_0_veh_3,veh_0,veh_3,DIRECT_V2V,10000000,DIAGNOSTIC_SYNTHETIC_VALUE,ONE_SHARED_POOL_PER_UNORDERED_PAIR
156000000000,156,pool_v2v_veh_0_veh_4,veh_0,veh_4,DIRECT_V2V,10000000,DIAGNOSTIC_SYNTHETIC_VALUE,ONE_SHARED_POOL_PER_UNORDERED_PAIR
156000000000,156,pool_v2v_veh_0_veh_5,veh_0,veh_5,DIRECT_V2V,10000000,DIAGNOSTIC_SYNTHETIC_VALUE,ONE_SHARED_POOL_PER_UNORDERED_PAIR
156000000000,156,pool_v2v_veh_0_veh_6,veh_0,veh_6,DIRECT_V2V,10000000,DIAGNOSTIC_SYNTHETIC_VALUE,ONE_SHARED_POOL_PER_UNORDERED_PAIR
156000000000,156,pool_v2v_veh_1_veh_2,veh_1,veh_2,DIRECT_V2V,10000000,DIAGNOSTIC_SYNTHETIC_VALUE,ONE_SHARED_POOL_PER_UNORDERED_PAIR
156000000000,156,pool_v2v_veh_1_veh_3,veh_1,veh_3,DIRECT_V2V,10000000,DIAGNOSTIC_SYNTHETIC_VALUE,ONE_SHARED_POOL_PER_UNORDERED_PAIR
156000000000,156,pool_v2v_veh_1_veh_4,veh_1,veh_4,DIRECT_V2V,10000000,DIAGNOSTIC_SYNTHETIC_VALUE,ONE_SHARED_POOL_PER_UNORDERED_PAIR
156000000000,156,pool_v2v_veh_1_veh_5,veh_1,veh_5,DIRECT_V2V,10000000,DIAGNOSTIC_SYNTHETIC_VALUE,ONE_SHARED_POOL_PER_UNORDERED_PAIR
156000000000,156,pool_v2v_veh_1_veh_6,veh_1,veh_6,DIRECT_V2V,10000000,DIAGNOSTIC_SYNTHETIC_VALUE,ONE_SHARED_POOL_PER_UNORDERED_PAIR
156000000000,156,pool_v2v_veh_1_veh_7,veh_1,veh_7,DIRECT_V2V,10000000,DIAGNOSTIC_SYNTHETIC_VALUE,ONE_SHARED_POOL_PER_UNORDERED_PAIR
156000000000,156,pool_v2v_veh_2_veh_3,veh_2,veh_3,DIRECT_V2V,10000000,DIAGNOSTIC_SYNTHETIC_VALUE,ONE_SHARED_POOL_PER_UNORDERED_PAIR
156000000000,156,pool_v2v_veh_2_veh_4,veh_2,veh_4,DIRECT_V2V,10000000,DIAGNOSTIC_SYNTHETIC_VALUE,ONE_SHARED_POOL_PER_UNORDERED_PAIR
156000000000,156,pool_v2v_veh_2_veh_5,veh_2,veh_5,DIRECT_V2V,10000000,DIAGNOSTIC_SYNTHETIC_VALUE,ONE_SHARED_POOL_PER_UNORDERED_PAIR
156000000000,156,pool_v2v_veh_2_veh_6,veh_2,veh_6,DIRECT_V2V,10000000,DIAGNOSTIC_SYNTHETIC_VALUE,ONE_SHARED_POOL_PER_UNORDERED_PAIR
156000000000,156,pool_v2v_veh_2_veh_7,veh_2,veh_7,DIRECT_V2V,10000000,DIAGNOSTIC_SYNTHETIC_VALUE,ONE_SHARED_POOL_PER_UNORDERED_PAIR
156000000000,156,pool_v2v_veh_3_veh_4,veh_3,veh_4,DIRECT_V2V,10000000,DIAGNOSTIC_SYNTHETIC_VALUE,ONE_SHARED_POOL_PER_UNORDERED_PAIR
156000000000,156,pool_v2v_veh_3_veh_5,veh_3,veh_5,DIRECT_V2V,10000000,DIAGNOSTIC_SYNTHETIC_VALUE,ONE_SHARED_POOL_PER_UNORDERED_PAIR
156000000000,156,pool_v2v_veh_3_veh_6,veh_3,veh_6,DIRECT_V2V,10000000,DIAGNOSTIC_SYNTHETIC_VALUE,ONE_SHARED_POOL_PER_UNORDERED_PAIR
156000000000,156,pool_v2v_veh_3_veh_7,veh_3,veh_7,DIRECT_V2V,10000000,DIAGNOSTIC_SYNTHETIC_VALUE,ONE_SHARED_POOL_PER_UNORDERED_PAIR
156000000000,156,pool_v2v_veh_3_veh_8,veh_3,veh_8,DIRECT_V2V,10000000,DIAGNOSTIC_SYNTHETIC_VALUE,ONE_SHARED_POOL_PER_UNORDERED_PAIR
156000000000,156,pool_v2v_veh_4_veh_5,veh_4,veh_5,DIRECT_V2V,10000000,DIAGNOSTIC_SYNTHETIC_VALUE,ONE_SHARED_POOL_PER_UNORDERED_PAIR
156000000000,156,pool_v2v_veh_4_veh_6,veh_4,veh_6,DIRECT_V2V,10000000,DIAGNOSTIC_SYNTHETIC_VALUE,ONE_SHARED_POOL_PER_UNORDERED_PAIR
156000000000,156,pool_v2v_veh_4_veh_7,veh_4,veh_7,DIRECT_V2V,10000000,DIAGNOSTIC_SYNTHETIC_VALUE,ONE_SHARED_POOL_PER_UNORDERED_PAIR
156000000000,156,pool_v2v_veh_4_veh_8,veh_4,veh_8,DIRECT_V2V,10000000,DIAGNOSTIC_SYNTHETIC_VALUE,ONE_SHARED_POOL_PER_UNORDERED_PAIR
156000000000,156,pool_v2v_veh_4_veh_9,veh_4,veh_9,DIRECT_V2V,10000000,DIAGNOSTIC_SYNTHETIC_VALUE,ONE_SHARED_POOL_PER_UNORDERED_PAIR
156000000000,156,pool_v2v_veh_5_veh_6,veh_5,veh_6,DIRECT_V2V,10000000,DIAGNOSTIC_SYNTHETIC_VALUE,ONE_SHARED_POOL_PER_UNORDERED_PAIR
156000000000,156,pool_v2v_veh_5_veh_7,veh_5,veh_7,DIRECT_V2V,10000000,DIAGNOSTIC_SYNTHETIC_VALUE,ONE_SHARED_POOL_PER_UNORDERED_PAIR
156000000000,156,pool_v2v_veh_5_veh_8,veh_5,veh_8,DIRECT_V2V,10000000,DIAGNOSTIC_SYNTHETIC_VALUE,ONE_SHARED_POOL_PER_UNORDERED_PAIR
156000000000,156,pool_v2v_veh_5_veh_9,veh_5,veh_9,DIRECT_V2V,10000000,DIAGNOSTIC_SYNTHETIC_VALUE,ONE_SHARED_POOL_PER_UNORDERED_PAIR
156000000000,156,pool_v2v_veh_5_veh_10,veh_5,veh_10,DIRECT_V2V,10000000,DIAGNOSTIC_SYNTHETIC_VALUE,ONE_SHARED_POOL_PER_UNORDERED_PAIR
156000000000,156,pool_v2v_veh_6_veh_7,veh_6,veh_7,DIRECT_V2V,10000000,DIAGNOSTIC_SYNTHETIC_VALUE,ONE_SHARED_POOL_PER_UNORDERED_PAIR
156000000000,156,pool_v2v_veh_6_veh_8,veh_6,veh_8,DIRECT_V2V,10000000,DIAGNOSTIC_SYNTHETIC_VALUE,ONE_SHARED_POOL_PER_UNORDERED_PAIR
156000000000,156,pool_v2v_veh_6_veh_9,veh_6,veh_9,DIRECT_V2V,10000000,DIAGNOSTIC_SYNTHETIC_VALUE,ONE_SHARED_POOL_PER_UNORDERED_PAIR
156000000000,156,pool_v2v_veh_6_veh_10,veh_6,veh_10,DIRECT_V2V,10000000,DIAGNOSTIC_SYNTHETIC_VALUE,ONE_SHARED_POOL_PER_UNORDERED_PAIR
156000000000,156,pool_v2v_veh_6_veh_11,veh_6,veh_11,DIRECT_V2V,10000000,DIAGNOSTIC_SYNTHETIC_VALUE,ONE_SHARED_POOL_PER_UNORDERED_PAIR
156000000000,156,pool_v2v_veh_7_veh_8,veh_7,veh_8,DIRECT_V2V,10000000,DIAGNOSTIC_SYNTHETIC_VALUE,ONE_SHARED_POOL_PER_UNORDERED_PAIR
156000000000,156,pool_v2v_veh_7_veh_9,veh_7,veh_9,DIRECT_V2V,10000000,DIAGNOSTIC_SYNTHETIC_VALUE,ONE_SHARED_POOL_PER_UNORDERED_PAIR
156000000000,156,pool_v2v_veh_7_veh_10,veh_7,veh_10,DIRECT_V2V,10000000,DIAGNOSTIC_SYNTHETIC_VALUE,ONE_SHARED_POOL_PER_UNORDERED_PAIR
156000000000,156,pool_v2v_veh_7_veh_11,veh_7,veh_11,DIRECT_V2V,10000000,DIAGNOSTIC_SYNTHETIC_VALUE,ONE_SHARED_POOL_PER_UNORDERED_PAIR
156000000000,156,pool_v2v_veh_8_veh_9,veh_8,veh_9,DIRECT_V2V,10000000,DIAGNOSTIC_SYNTHETIC_VALUE,ONE_SHARED_POOL_PER_UNORDERED_PAIR
156000000000,156,pool_v2v_veh_8_veh_10,veh_8,veh_10,DIRECT_V2V,10000000,DIAGNOSTIC_SYNTHETIC_VALUE,ONE_SHARED_POOL_PER_UNORDERED_PAIR
156000000000,156,pool_v2v_veh_8_veh_11,veh_8,veh_11,DIRECT_V2V,10000000,DIAGNOSTIC_SYNTHETIC_VALUE,ONE_SHARED_POOL_PER_UNORDERED_PAIR
156000000000,156,pool_v2v_veh_9_veh_10,veh_9,veh_10,DIRECT_V2V,10000000,DIAGNOSTIC_SYNTHETIC_VALUE,ONE_SHARED_POOL_PER_UNORDERED_PAIR
156000000000,156,pool_v2v_veh_9_veh_11,veh_9,veh_11,DIRECT_V2V,10000000,DIAGNOSTIC_SYNTHETIC_VALUE,ONE_SHARED_POOL_PER_UNORDERED_PAIR
156000000000,156,pool_v2v_veh_10_veh_11,veh_10,veh_11,DIRECT_V2V,10000000,DIAGNOSTIC_SYNTHETIC_VALUE,ONE_SHARED_POOL_PER_UNORDERED_PAIR
157000000000,157,pool_v2v_veh_0_veh_1,veh_0,veh_1,DIRECT_V2V,10000000,DIAGNOSTIC_SYNTHETIC_VALUE,ONE_SHARED_POOL_PER_UNORDERED_PAIR
157000000000,157,pool_v2v_veh_0_veh_2,veh_0,veh_2,DIRECT_V2V,10000000,DIAGNOSTIC_SYNTHETIC_VALUE,ONE_SHARED_POOL_PER_UNORDERED_PAIR
157000000000,157,pool_v2v_veh_0_veh_3,veh_0,veh_3,DIRECT_V2V,10000000,DIAGNOSTIC_SYNTHETIC_VALUE,ONE_SHARED_POOL_PER_UNORDERED_PAIR
157000000000,157,pool_v2v_veh_0_veh_4,veh_0,veh_4,DIRECT_V2V,10000000,DIAGNOSTIC_SYNTHETIC_VALUE,ONE_SHARED_POOL_PER_UNORDERED_PAIR
157000000000,157,pool_v2v_veh_0_veh_5,veh_0,veh_5,DIRECT_V2V,10000000,DIAGNOSTIC_SYNTHETIC_VALUE,ONE_SHARED_POOL_PER_UNORDERED_PAIR
157000000000,157,pool_v2v_veh_0_veh_6,veh_0,veh_6,DIRECT_V2V,10000000,DIAGNOSTIC_SYNTHETIC_VALUE,ONE_SHARED_POOL_PER_UNORDERED_PAIR
157000000000,157,pool_v2v_veh_1_veh_2,veh_1,veh_2,DIRECT_V2V,10000000,DIAGNOSTIC_SYNTHETIC_VALUE,ONE_SHARED_POOL_PER_UNORDERED_PAIR
157000000000,157,pool_v2v_veh_1_veh_3,veh_1,veh_3,DIRECT_V2V,10000000,DIAGNOSTIC_SYNTHETIC_VALUE,ONE_SHARED_POOL_PER_UNORDERED_PAIR
157000000000,157,pool_v2v_veh_1_veh_4,veh_1,veh_4,DIRECT_V2V,10000000,DIAGNOSTIC_SYNTHETIC_VALUE,ONE_SHARED_POOL_PER_UNORDERED_PAIR
157000000000,157,pool_v2v_veh_1_veh_5,veh_1,veh_5,DIRECT_V2V,10000000,DIAGNOSTIC_SYNTHETIC_VALUE,ONE_SHARED_POOL_PER_UNORDERED_PAIR
157000000000,157,pool_v2v_veh_1_veh_6,veh_1,veh_6,DIRECT_V2V,10000000,DIAGNOSTIC_SYNTHETIC_VALUE,ONE_SHARED_POOL_PER_UNORDERED_PAIR
157000000000,157,pool_v2v_veh_1_veh_7,veh_1,veh_7,DIRECT_V2V,10000000,DIAGNOSTIC_SYNTHETIC_VALUE,ONE_SHARED_POOL_PER_UNORDERED_PAIR
157000000000,157,pool_v2v_veh_2_veh_3,veh_2,veh_3,DIRECT_V2V,10000000,DIAGNOSTIC_SYNTHETIC_VALUE,ONE_SHARED_POOL_PER_UNORDERED_PAIR
157000000000,157,pool_v2v_veh_2_veh_4,veh_2,veh_4,DIRECT_V2V,10000000,DIAGNOSTIC_SYNTHETIC_VALUE,ONE_SHARED_POOL_PER_UNORDERED_PAIR
157000000000,157,pool_v2v_veh_2_veh_5,veh_2,veh_5,DIRECT_V2V,10000000,DIAGNOSTIC_SYNTHETIC_VALUE,ONE_SHARED_POOL_PER_UNORDERED_PAIR
157000000000,157,pool_v2v_veh_2_veh_6,veh_2,veh_6,DIRECT_V2V,10000000,DIAGNOSTIC_SYNTHETIC_VALUE,ONE_SHARED_POOL_PER_UNORDERED_PAIR
157000000000,157,pool_v2v_veh_2_veh_7,veh_2,veh_7,DIRECT_V2V,10000000,DIAGNOSTIC_SYNTHETIC_VALUE,ONE_SHARED_POOL_PER_UNORDERED_PAIR
157000000000,157,pool_v2v_veh_3_veh_4,veh_3,veh_4,DIRECT_V2V,10000000,DIAGNOSTIC_SYNTHETIC_VALUE,ONE_SHARED_POOL_PER_UNORDERED_PAIR
157000000000,157,pool_v2v_veh_3_veh_5,veh_3,veh_5,DIRECT_V2V,10000000,DIAGNOSTIC_SYNTHETIC_VALUE,ONE_SHARED_POOL_PER_UNORDERED_PAIR
157000000000,157,pool_v2v_veh_3_veh_6,veh_3,veh_6,DIRECT_V2V,10000000,DIAGNOSTIC_SYNTHETIC_VALUE,ONE_SHARED_POOL_PER_UNORDERED_PAIR
157000000000,157,pool_v2v_veh_3_veh_7,veh_3,veh_7,DIRECT_V2V,10000000,DIAGNOSTIC_SYNTHETIC_VALUE,ONE_SHARED_POOL_PER_UNORDERED_PAIR
157000000000,157,pool_v2v_veh_3_veh_8,veh_3,veh_8,DIRECT_V2V,10000000,DIAGNOSTIC_SYNTHETIC_VALUE,ONE_SHARED_POOL_PER_UNORDERED_PAIR
157000000000,157,pool_v2v_veh_4_veh_5,veh_4,veh_5,DIRECT_V2V,10000000,DIAGNOSTIC_SYNTHETIC_VALUE,ONE_SHARED_POOL_PER_UNORDERED_PAIR
157000000000,157,pool_v2v_veh_4_veh_6,veh_4,veh_6,DIRECT_V2V,10000000,DIAGNOSTIC_SYNTHETIC_VALUE,ONE_SHARED_POOL_PER_UNORDERED_PAIR
157000000000,157,pool_v2v_veh_4_veh_7,veh_4,veh_7,DIRECT_V2V,10000000,DIAGNOSTIC_SYNTHETIC_VALUE,ONE_SHARED_POOL_PER_UNORDERED_PAIR
157000000000,157,pool_v2v_veh_4_veh_8,veh_4,veh_8,DIRECT_V2V,10000000,DIAGNOSTIC_SYNTHETIC_VALUE,ONE_SHARED_POOL_PER_UNORDERED_PAIR
157000000000,157,pool_v2v_veh_4_veh_9,veh_4,veh_9,DIRECT_V2V,10000000,DIAGNOSTIC_SYNTHETIC_VALUE,ONE_SHARED_POOL_PER_UNORDERED_PAIR
157000000000,157,pool_v2v_veh_5_veh_6,veh_5,veh_6,DIRECT_V2V,10000000,DIAGNOSTIC_SYNTHETIC_VALUE,ONE_SHARED_POOL_PER_UNORDERED_PAIR
157000000000,157,pool_v2v_veh_5_veh_7,veh_5,veh_7,DIRECT_V2V,10000000,DIAGNOSTIC_SYNTHETIC_VALUE,ONE_SHARED_POOL_PER_UNORDERED_PAIR
157000000000,157,pool_v2v_veh_5_veh_8,veh_5,veh_8,DIRECT_V2V,10000000,DIAGNOSTIC_SYNTHETIC_VALUE,ONE_SHARED_POOL_PER_UNORDERED_PAIR
157000000000,157,pool_v2v_veh_5_veh_9,veh_5,veh_9,DIRECT_V2V,10000000,DIAGNOSTIC_SYNTHETIC_VALUE,ONE_SHARED_POOL_PER_UNORDERED_PAIR
157000000000,157,pool_v2v_veh_5_veh_10,veh_5,veh_10,DIRECT_V2V,10000000,DIAGNOSTIC_SYNTHETIC_VALUE,ONE_SHARED_POOL_PER_UNORDERED_PAIR
157000000000,157,pool_v2v_veh_6_veh_7,veh_6,veh_7,DIRECT_V2V,10000000,DIAGNOSTIC_SYNTHETIC_VALUE,ONE_SHARED_POOL_PER_UNORDERED_PAIR
157000000000,157,pool_v2v_veh_6_veh_8,veh_6,veh_8,DIRECT_V2V,10000000,DIAGNOSTIC_SYNTHETIC_VALUE,ONE_SHARED_POOL_PER_UNORDERED_PAIR
157000000000,157,pool_v2v_veh_6_veh_9,veh_6,veh_9,DIRECT_V2V,10000000,DIAGNOSTIC_SYNTHETIC_VALUE,ONE_SHARED_POOL_PER_UNORDERED_PAIR
157000000000,157,pool_v2v_veh_6_veh_10,veh_6,veh_10,DIRECT_V2V,10000000,DIAGNOSTIC_SYNTHETIC_VALUE,ONE_SHARED_POOL_PER_UNORDERED_PAIR
157000000000,157,pool_v2v_veh_6_veh_11,veh_6,veh_11,DIRECT_V2V,10000000,DIAGNOSTIC_SYNTHETIC_VALUE,ONE_SHARED_POOL_PER_UNORDERED_PAIR
157000000000,157,pool_v2v_veh_7_veh_8,veh_7,veh_8,DIRECT_V2V,10000000,DIAGNOSTIC_SYNTHETIC_VALUE,ONE_SHARED_POOL_PER_UNORDERED_PAIR
157000000000,157,pool_v2v_veh_7_veh_9,veh_7,veh_9,DIRECT_V2V,10000000,DIAGNOSTIC_SYNTHETIC_VALUE,ONE_SHARED_POOL_PER_UNORDERED_PAIR
157000000000,157,pool_v2v_veh_7_veh_10,veh_7,veh_10,DIRECT_V2V,10000000,DIAGNOSTIC_SYNTHETIC_VALUE,ONE_SHARED_POOL_PER_UNORDERED_PAIR
157000000000,157,pool_v2v_veh_7_veh_11,veh_7,veh_11,DIRECT_V2V,10000000,DIAGNOSTIC_SYNTHETIC_VALUE,ONE_SHARED_POOL_PER_UNORDERED_PAIR
157000000000,157,pool_v2v_veh_8_veh_9,veh_8,veh_9,DIRECT_V2V,10000000,DIAGNOSTIC_SYNTHETIC_VALUE,ONE_SHARED_POOL_PER_UNORDERED_PAIR
157000000000,157,pool_v2v_veh_8_veh_10,veh_8,veh_10,DIRECT_V2V,10000000,DIAGNOSTIC_SYNTHETIC_VALUE,ONE_SHARED_POOL_PER_UNORDERED_PAIR
157000000000,157,pool_v2v_veh_8_veh_11,veh_8,veh_11,DIRECT_V2V,10000000,DIAGNOSTIC_SYNTHETIC_VALUE,ONE_SHARED_POOL_PER_UNORDERED_PAIR
157000000000,157,pool_v2v_veh_9_veh_10,veh_9,veh_10,DIRECT_V2V,10000000,DIAGNOSTIC_SYNTHETIC_VALUE,ONE_SHARED_POOL_PER_UNORDERED_PAIR
157000000000,157,pool_v2v_veh_9_veh_11,veh_9,veh_11,DIRECT_V2V,10000000,DIAGNOSTIC_SYNTHETIC_VALUE,ONE_SHARED_POOL_PER_UNORDERED_PAIR
157000000000,157,pool_v2v_veh_10_veh_11,veh_10,veh_11,DIRECT_V2V,10000000,DIAGNOSTIC_SYNTHETIC_VALUE,ONE_SHARED_POOL_PER_UNORDERED_PAIR
158000000000,158,pool_v2v_veh_0_veh_1,veh_0,veh_1,DIRECT_V2V,10000000,DIAGNOSTIC_SYNTHETIC_VALUE,ONE_SHARED_POOL_PER_UNORDERED_PAIR
158000000000,158,pool_v2v_veh_0_veh_2,veh_0,veh_2,DIRECT_V2V,10000000,DIAGNOSTIC_SYNTHETIC_VALUE,ONE_SHARED_POOL_PER_UNORDERED_PAIR
158000000000,158,pool_v2v_veh_0_veh_3,veh_0,veh_3,DIRECT_V2V,10000000,DIAGNOSTIC_SYNTHETIC_VALUE,ONE_SHARED_POOL_PER_UNORDERED_PAIR
158000000000,158,pool_v2v_veh_0_veh_4,veh_0,veh_4,DIRECT_V2V,10000000,DIAGNOSTIC_SYNTHETIC_VALUE,ONE_SHARED_POOL_PER_UNORDERED_PAIR
158000000000,158,pool_v2v_veh_0_veh_5,veh_0,veh_5,DIRECT_V2V,10000000,DIAGNOSTIC_SYNTHETIC_VALUE,ONE_SHARED_POOL_PER_UNORDERED_PAIR
158000000000,158,pool_v2v_veh_0_veh_6,veh_0,veh_6,DIRECT_V2V,10000000,DIAGNOSTIC_SYNTHETIC_VALUE,ONE_SHARED_POOL_PER_UNORDERED_PAIR
158000000000,158,pool_v2v_veh_1_veh_2,veh_1,veh_2,DIRECT_V2V,10000000,DIAGNOSTIC_SYNTHETIC_VALUE,ONE_SHARED_POOL_PER_UNORDERED_PAIR
158000000000,158,pool_v2v_veh_1_veh_3,veh_1,veh_3,DIRECT_V2V,10000000,DIAGNOSTIC_SYNTHETIC_VALUE,ONE_SHARED_POOL_PER_UNORDERED_PAIR
158000000000,158,pool_v2v_veh_1_veh_4,veh_1,veh_4,DIRECT_V2V,10000000,DIAGNOSTIC_SYNTHETIC_VALUE,ONE_SHARED_POOL_PER_UNORDERED_PAIR
158000000000,158,pool_v2v_veh_1_veh_5,veh_1,veh_5,DIRECT_V2V,10000000,DIAGNOSTIC_SYNTHETIC_VALUE,ONE_SHARED_POOL_PER_UNORDERED_PAIR
158000000000,158,pool_v2v_veh_1_veh_6,veh_1,veh_6,DIRECT_V2V,10000000,DIAGNOSTIC_SYNTHETIC_VALUE,ONE_SHARED_POOL_PER_UNORDERED_PAIR
158000000000,158,pool_v2v_veh_1_veh_7,veh_1,veh_7,DIRECT_V2V,10000000,DIAGNOSTIC_SYNTHETIC_VALUE,ONE_SHARED_POOL_PER_UNORDERED_PAIR
158000000000,158,pool_v2v_veh_2_veh_3,veh_2,veh_3,DIRECT_V2V,10000000,DIAGNOSTIC_SYNTHETIC_VALUE,ONE_SHARED_POOL_PER_UNORDERED_PAIR
158000000000,158,pool_v2v_veh_2_veh_4,veh_2,veh_4,DIRECT_V2V,10000000,DIAGNOSTIC_SYNTHETIC_VALUE,ONE_SHARED_POOL_PER_UNORDERED_PAIR
158000000000,158,pool_v2v_veh_2_veh_5,veh_2,veh_5,DIRECT_V2V,10000000,DIAGNOSTIC_SYNTHETIC_VALUE,ONE_SHARED_POOL_PER_UNORDERED_PAIR
158000000000,158,pool_v2v_veh_2_veh_6,veh_2,veh_6,DIRECT_V2V,10000000,DIAGNOSTIC_SYNTHETIC_VALUE,ONE_SHARED_POOL_PER_UNORDERED_PAIR
158000000000,158,pool_v2v_veh_2_veh_7,veh_2,veh_7,DIRECT_V2V,10000000,DIAGNOSTIC_SYNTHETIC_VALUE,ONE_SHARED_POOL_PER_UNORDERED_PAIR
158000000000,158,pool_v2v_veh_3_veh_4,veh_3,veh_4,DIRECT_V2V,10000000,DIAGNOSTIC_SYNTHETIC_VALUE,ONE_SHARED_POOL_PER_UNORDERED_PAIR
158000000000,158,pool_v2v_veh_3_veh_5,veh_3,veh_5,DIRECT_V2V,10000000,DIAGNOSTIC_SYNTHETIC_VALUE,ONE_SHARED_POOL_PER_UNORDERED_PAIR
158000000000,158,pool_v2v_veh_3_veh_6,veh_3,veh_6,DIRECT_V2V,10000000,DIAGNOSTIC_SYNTHETIC_VALUE,ONE_SHARED_POOL_PER_UNORDERED_PAIR
158000000000,158,pool_v2v_veh_3_veh_7,veh_3,veh_7,DIRECT_V2V,10000000,DIAGNOSTIC_SYNTHETIC_VALUE,ONE_SHARED_POOL_PER_UNORDERED_PAIR
158000000000,158,pool_v2v_veh_3_veh_8,veh_3,veh_8,DIRECT_V2V,10000000,DIAGNOSTIC_SYNTHETIC_VALUE,ONE_SHARED_POOL_PER_UNORDERED_PAIR
158000000000,158,pool_v2v_veh_4_veh_5,veh_4,veh_5,DIRECT_V2V,10000000,DIAGNOSTIC_SYNTHETIC_VALUE,ONE_SHARED_POOL_PER_UNORDERED_PAIR
158000000000,158,pool_v2v_veh_4_veh_6,veh_4,veh_6,DIRECT_V2V,10000000,DIAGNOSTIC_SYNTHETIC_VALUE,ONE_SHARED_POOL_PER_UNORDERED_PAIR
158000000000,158,pool_v2v_veh_4_veh_7,veh_4,veh_7,DIRECT_V2V,10000000,DIAGNOSTIC_SYNTHETIC_VALUE,ONE_SHARED_POOL_PER_UNORDERED_PAIR
158000000000,158,pool_v2v_veh_4_veh_8,veh_4,veh_8,DIRECT_V2V,10000000,DIAGNOSTIC_SYNTHETIC_VALUE,ONE_SHARED_POOL_PER_UNORDERED_PAIR
158000000000,158,pool_v2v_veh_4_veh_9,veh_4,veh_9,DIRECT_V2V,10000000,DIAGNOSTIC_SYNTHETIC_VALUE,ONE_SHARED_POOL_PER_UNORDERED_PAIR
158000000000,158,pool_v2v_veh_5_veh_6,veh_5,veh_6,DIRECT_V2V,10000000,DIAGNOSTIC_SYNTHETIC_VALUE,ONE_SHARED_POOL_PER_UNORDERED_PAIR
158000000000,158,pool_v2v_veh_5_veh_7,veh_5,veh_7,DIRECT_V2V,10000000,DIAGNOSTIC_SYNTHETIC_VALUE,ONE_SHARED_POOL_PER_UNORDERED_PAIR
158000000000,158,pool_v2v_veh_5_veh_8,veh_5,veh_8,DIRECT_V2V,10000000,DIAGNOSTIC_SYNTHETIC_VALUE,ONE_SHARED_POOL_PER_UNORDERED_PAIR
158000000000,158,pool_v2v_veh_5_veh_9,veh_5,veh_9,DIRECT_V2V,10000000,DIAGNOSTIC_SYNTHETIC_VALUE,ONE_SHARED_POOL_PER_UNORDERED_PAIR
158000000000,158,pool_v2v_veh_5_veh_10,veh_5,veh_10,DIRECT_V2V,10000000,DIAGNOSTIC_SYNTHETIC_VALUE,ONE_SHARED_POOL_PER_UNORDERED_PAIR
158000000000,158,pool_v2v_veh_6_veh_7,veh_6,veh_7,DIRECT_V2V,10000000,DIAGNOSTIC_SYNTHETIC_VALUE,ONE_SHARED_POOL_PER_UNORDERED_PAIR
158000000000,158,pool_v2v_veh_6_veh_8,veh_6,veh_8,DIRECT_V2V,10000000,DIAGNOSTIC_SYNTHETIC_VALUE,ONE_SHARED_POOL_PER_UNORDERED_PAIR
158000000000,158,pool_v2v_veh_6_veh_9,veh_6,veh_9,DIRECT_V2V,10000000,DIAGNOSTIC_SYNTHETIC_VALUE,ONE_SHARED_POOL_PER_UNORDERED_PAIR
158000000000,158,pool_v2v_veh_6_veh_10,veh_6,veh_10,DIRECT_V2V,10000000,DIAGNOSTIC_SYNTHETIC_VALUE,ONE_SHARED_POOL_PER_UNORDERED_PAIR
158000000000,158,pool_v2v_veh_6_veh_11,veh_6,veh_11,DIRECT_V2V,10000000,DIAGNOSTIC_SYNTHETIC_VALUE,ONE_SHARED_POOL_PER_UNORDERED_PAIR
158000000000,158,pool_v2v_veh_7_veh_8,veh_7,veh_8,DIRECT_V2V,10000000,DIAGNOSTIC_SYNTHETIC_VALUE,ONE_SHARED_POOL_PER_UNORDERED_PAIR
158000000000,158,pool_v2v_veh_7_veh_9,veh_7,veh_9,DIRECT_V2V,10000000,DIAGNOSTIC_SYNTHETIC_VALUE,ONE_SHARED_POOL_PER_UNORDERED_PAIR
158000000000,158,pool_v2v_veh_7_veh_10,veh_7,veh_10,DIRECT_V2V,10000000,DIAGNOSTIC_SYNTHETIC_VALUE,ONE_SHARED_POOL_PER_UNORDERED_PAIR
158000000000,158,pool_v2v_veh_7_veh_11,veh_7,veh_11,DIRECT_V2V,10000000,DIAGNOSTIC_SYNTHETIC_VALUE,ONE_SHARED_POOL_PER_UNORDERED_PAIR
158000000000,158,pool_v2v_veh_8_veh_9,veh_8,veh_9,DIRECT_V2V,10000000,DIAGNOSTIC_SYNTHETIC_VALUE,ONE_SHARED_POOL_PER_UNORDERED_PAIR
158000000000,158,pool_v2v_veh_8_veh_10,veh_8,veh_10,DIRECT_V2V,10000000,DIAGNOSTIC_SYNTHETIC_VALUE,ONE_SHARED_POOL_PER_UNORDERED_PAIR
158000000000,158,pool_v2v_veh_8_veh_11,veh_8,veh_11,DIRECT_V2V,10000000,DIAGNOSTIC_SYNTHETIC_VALUE,ONE_SHARED_POOL_PER_UNORDERED_PAIR
158000000000,158,pool_v2v_veh_9_veh_10,veh_9,veh_10,DIRECT_V2V,10000000,DIAGNOSTIC_SYNTHETIC_VALUE,ONE_SHARED_POOL_PER_UNORDERED_PAIR
158000000000,158,pool_v2v_veh_9_veh_11,veh_9,veh_11,DIRECT_V2V,10000000,DIAGNOSTIC_SYNTHETIC_VALUE,ONE_SHARED_POOL_PER_UNORDERED_PAIR
158000000000,158,pool_v2v_veh_10_veh_11,veh_10,veh_11,DIRECT_V2V,10000000,DIAGNOSTIC_SYNTHETIC_VALUE,ONE_SHARED_POOL_PER_UNORDERED_PAIR
159000000000,159,pool_v2v_veh_0_veh_1,veh_0,veh_1,DIRECT_V2V,10000000,DIAGNOSTIC_SYNTHETIC_VALUE,ONE_SHARED_POOL_PER_UNORDERED_PAIR
159000000000,159,pool_v2v_veh_0_veh_2,veh_0,veh_2,DIRECT_V2V,10000000,DIAGNOSTIC_SYNTHETIC_VALUE,ONE_SHARED_POOL_PER_UNORDERED_PAIR
159000000000,159,pool_v2v_veh_0_veh_3,veh_0,veh_3,DIRECT_V2V,10000000,DIAGNOSTIC_SYNTHETIC_VALUE,ONE_SHARED_POOL_PER_UNORDERED_PAIR
159000000000,159,pool_v2v_veh_0_veh_4,veh_0,veh_4,DIRECT_V2V,10000000,DIAGNOSTIC_SYNTHETIC_VALUE,ONE_SHARED_POOL_PER_UNORDERED_PAIR
159000000000,159,pool_v2v_veh_0_veh_5,veh_0,veh_5,DIRECT_V2V,10000000,DIAGNOSTIC_SYNTHETIC_VALUE,ONE_SHARED_POOL_PER_UNORDERED_PAIR
159000000000,159,pool_v2v_veh_0_veh_6,veh_0,veh_6,DIRECT_V2V,10000000,DIAGNOSTIC_SYNTHETIC_VALUE,ONE_SHARED_POOL_PER_UNORDERED_PAIR
159000000000,159,pool_v2v_veh_1_veh_2,veh_1,veh_2,DIRECT_V2V,10000000,DIAGNOSTIC_SYNTHETIC_VALUE,ONE_SHARED_POOL_PER_UNORDERED_PAIR
159000000000,159,pool_v2v_veh_1_veh_3,veh_1,veh_3,DIRECT_V2V,10000000,DIAGNOSTIC_SYNTHETIC_VALUE,ONE_SHARED_POOL_PER_UNORDERED_PAIR
159000000000,159,pool_v2v_veh_1_veh_4,veh_1,veh_4,DIRECT_V2V,10000000,DIAGNOSTIC_SYNTHETIC_VALUE,ONE_SHARED_POOL_PER_UNORDERED_PAIR
159000000000,159,pool_v2v_veh_1_veh_5,veh_1,veh_5,DIRECT_V2V,10000000,DIAGNOSTIC_SYNTHETIC_VALUE,ONE_SHARED_POOL_PER_UNORDERED_PAIR
159000000000,159,pool_v2v_veh_1_veh_6,veh_1,veh_6,DIRECT_V2V,10000000,DIAGNOSTIC_SYNTHETIC_VALUE,ONE_SHARED_POOL_PER_UNORDERED_PAIR
159000000000,159,pool_v2v_veh_1_veh_7,veh_1,veh_7,DIRECT_V2V,10000000,DIAGNOSTIC_SYNTHETIC_VALUE,ONE_SHARED_POOL_PER_UNORDERED_PAIR
159000000000,159,pool_v2v_veh_2_veh_3,veh_2,veh_3,DIRECT_V2V,10000000,DIAGNOSTIC_SYNTHETIC_VALUE,ONE_SHARED_POOL_PER_UNORDERED_PAIR
159000000000,159,pool_v2v_veh_2_veh_4,veh_2,veh_4,DIRECT_V2V,10000000,DIAGNOSTIC_SYNTHETIC_VALUE,ONE_SHARED_POOL_PER_UNORDERED_PAIR
159000000000,159,pool_v2v_veh_2_veh_5,veh_2,veh_5,DIRECT_V2V,10000000,DIAGNOSTIC_SYNTHETIC_VALUE,ONE_SHARED_POOL_PER_UNORDERED_PAIR
159000000000,159,pool_v2v_veh_2_veh_6,veh_2,veh_6,DIRECT_V2V,10000000,DIAGNOSTIC_SYNTHETIC_VALUE,ONE_SHARED_POOL_PER_UNORDERED_PAIR
159000000000,159,pool_v2v_veh_2_veh_7,veh_2,veh_7,DIRECT_V2V,10000000,DIAGNOSTIC_SYNTHETIC_VALUE,ONE_SHARED_POOL_PER_UNORDERED_PAIR
159000000000,159,pool_v2v_veh_2_veh_8,veh_2,veh_8,DIRECT_V2V,10000000,DIAGNOSTIC_SYNTHETIC_VALUE,ONE_SHARED_POOL_PER_UNORDERED_PAIR
159000000000,159,pool_v2v_veh_3_veh_4,veh_3,veh_4,DIRECT_V2V,10000000,DIAGNOSTIC_SYNTHETIC_VALUE,ONE_SHARED_POOL_PER_UNORDERED_PAIR
159000000000,159,pool_v2v_veh_3_veh_5,veh_3,veh_5,DIRECT_V2V,10000000,DIAGNOSTIC_SYNTHETIC_VALUE,ONE_SHARED_POOL_PER_UNORDERED_PAIR
159000000000,159,pool_v2v_veh_3_veh_6,veh_3,veh_6,DIRECT_V2V,10000000,DIAGNOSTIC_SYNTHETIC_VALUE,ONE_SHARED_POOL_PER_UNORDERED_PAIR
159000000000,159,pool_v2v_veh_3_veh_7,veh_3,veh_7,DIRECT_V2V,10000000,DIAGNOSTIC_SYNTHETIC_VALUE,ONE_SHARED_POOL_PER_UNORDERED_PAIR
159000000000,159,pool_v2v_veh_3_veh_8,veh_3,veh_8,DIRECT_V2V,10000000,DIAGNOSTIC_SYNTHETIC_VALUE,ONE_SHARED_POOL_PER_UNORDERED_PAIR
159000000000,159,pool_v2v_veh_4_veh_5,veh_4,veh_5,DIRECT_V2V,10000000,DIAGNOSTIC_SYNTHETIC_VALUE,ONE_SHARED_POOL_PER_UNORDERED_PAIR
159000000000,159,pool_v2v_veh_4_veh_6,veh_4,veh_6,DIRECT_V2V,10000000,DIAGNOSTIC_SYNTHETIC_VALUE,ONE_SHARED_POOL_PER_UNORDERED_PAIR
159000000000,159,pool_v2v_veh_4_veh_7,veh_4,veh_7,DIRECT_V2V,10000000,DIAGNOSTIC_SYNTHETIC_VALUE,ONE_SHARED_POOL_PER_UNORDERED_PAIR
159000000000,159,pool_v2v_veh_4_veh_8,veh_4,veh_8,DIRECT_V2V,10000000,DIAGNOSTIC_SYNTHETIC_VALUE,ONE_SHARED_POOL_PER_UNORDERED_PAIR
159000000000,159,pool_v2v_veh_4_veh_9,veh_4,veh_9,DIRECT_V2V,10000000,DIAGNOSTIC_SYNTHETIC_VALUE,ONE_SHARED_POOL_PER_UNORDERED_PAIR
159000000000,159,pool_v2v_veh_5_veh_6,veh_5,veh_6,DIRECT_V2V,10000000,DIAGNOSTIC_SYNTHETIC_VALUE,ONE_SHARED_POOL_PER_UNORDERED_PAIR
159000000000,159,pool_v2v_veh_5_veh_7,veh_5,veh_7,DIRECT_V2V,10000000,DIAGNOSTIC_SYNTHETIC_VALUE,ONE_SHARED_POOL_PER_UNORDERED_PAIR
159000000000,159,pool_v2v_veh_5_veh_8,veh_5,veh_8,DIRECT_V2V,10000000,DIAGNOSTIC_SYNTHETIC_VALUE,ONE_SHARED_POOL_PER_UNORDERED_PAIR
159000000000,159,pool_v2v_veh_5_veh_9,veh_5,veh_9,DIRECT_V2V,10000000,DIAGNOSTIC_SYNTHETIC_VALUE,ONE_SHARED_POOL_PER_UNORDERED_PAIR
159000000000,159,pool_v2v_veh_5_veh_10,veh_5,veh_10,DIRECT_V2V,10000000,DIAGNOSTIC_SYNTHETIC_VALUE,ONE_SHARED_POOL_PER_UNORDERED_PAIR
159000000000,159,pool_v2v_veh_6_veh_7,veh_6,veh_7,DIRECT_V2V,10000000,DIAGNOSTIC_SYNTHETIC_VALUE,ONE_SHARED_POOL_PER_UNORDERED_PAIR
159000000000,159,pool_v2v_veh_6_veh_8,veh_6,veh_8,DIRECT_V2V,10000000,DIAGNOSTIC_SYNTHETIC_VALUE,ONE_SHARED_POOL_PER_UNORDERED_PAIR
159000000000,159,pool_v2v_veh_6_veh_9,veh_6,veh_9,DIRECT_V2V,10000000,DIAGNOSTIC_SYNTHETIC_VALUE,ONE_SHARED_POOL_PER_UNORDERED_PAIR
159000000000,159,pool_v2v_veh_6_veh_10,veh_6,veh_10,DIRECT_V2V,10000000,DIAGNOSTIC_SYNTHETIC_VALUE,ONE_SHARED_POOL_PER_UNORDERED_PAIR
159000000000,159,pool_v2v_veh_6_veh_11,veh_6,veh_11,DIRECT_V2V,10000000,DIAGNOSTIC_SYNTHETIC_VALUE,ONE_SHARED_POOL_PER_UNORDERED_PAIR
159000000000,159,pool_v2v_veh_7_veh_8,veh_7,veh_8,DIRECT_V2V,10000000,DIAGNOSTIC_SYNTHETIC_VALUE,ONE_SHARED_POOL_PER_UNORDERED_PAIR
159000000000,159,pool_v2v_veh_7_veh_9,veh_7,veh_9,DIRECT_V2V,10000000,DIAGNOSTIC_SYNTHETIC_VALUE,ONE_SHARED_POOL_PER_UNORDERED_PAIR
159000000000,159,pool_v2v_veh_7_veh_10,veh_7,veh_10,DIRECT_V2V,10000000,DIAGNOSTIC_SYNTHETIC_VALUE,ONE_SHARED_POOL_PER_UNORDERED_PAIR
159000000000,159,pool_v2v_veh_7_veh_11,veh_7,veh_11,DIRECT_V2V,10000000,DIAGNOSTIC_SYNTHETIC_VALUE,ONE_SHARED_POOL_PER_UNORDERED_PAIR
159000000000,159,pool_v2v_veh_8_veh_9,veh_8,veh_9,DIRECT_V2V,10000000,DIAGNOSTIC_SYNTHETIC_VALUE,ONE_SHARED_POOL_PER_UNORDERED_PAIR
159000000000,159,pool_v2v_veh_8_veh_10,veh_8,veh_10,DIRECT_V2V,10000000,DIAGNOSTIC_SYNTHETIC_VALUE,ONE_SHARED_POOL_PER_UNORDERED_PAIR
159000000000,159,pool_v2v_veh_8_veh_11,veh_8,veh_11,DIRECT_V2V,10000000,DIAGNOSTIC_SYNTHETIC_VALUE,ONE_SHARED_POOL_PER_UNORDERED_PAIR
159000000000,159,pool_v2v_veh_9_veh_10,veh_9,veh_10,DIRECT_V2V,10000000,DIAGNOSTIC_SYNTHETIC_VALUE,ONE_SHARED_POOL_PER_UNORDERED_PAIR
159000000000,159,pool_v2v_veh_9_veh_11,veh_9,veh_11,DIRECT_V2V,10000000,DIAGNOSTIC_SYNTHETIC_VALUE,ONE_SHARED_POOL_PER_UNORDERED_PAIR
159000000000,159,pool_v2v_veh_10_veh_11,veh_10,veh_11,DIRECT_V2V,10000000,DIAGNOSTIC_SYNTHETIC_VALUE,ONE_SHARED_POOL_PER_UNORDERED_PAIR
160000000000,160,pool_v2v_veh_0_veh_1,veh_0,veh_1,DIRECT_V2V,10000000,DIAGNOSTIC_SYNTHETIC_VALUE,ONE_SHARED_POOL_PER_UNORDERED_PAIR
160000000000,160,pool_v2v_veh_0_veh_2,veh_0,veh_2,DIRECT_V2V,10000000,DIAGNOSTIC_SYNTHETIC_VALUE,ONE_SHARED_POOL_PER_UNORDERED_PAIR
160000000000,160,pool_v2v_veh_0_veh_3,veh_0,veh_3,DIRECT_V2V,10000000,DIAGNOSTIC_SYNTHETIC_VALUE,ONE_SHARED_POOL_PER_UNORDERED_PAIR
160000000000,160,pool_v2v_veh_0_veh_4,veh_0,veh_4,DIRECT_V2V,10000000,DIAGNOSTIC_SYNTHETIC_VALUE,ONE_SHARED_POOL_PER_UNORDERED_PAIR
160000000000,160,pool_v2v_veh_0_veh_5,veh_0,veh_5,DIRECT_V2V,10000000,DIAGNOSTIC_SYNTHETIC_VALUE,ONE_SHARED_POOL_PER_UNORDERED_PAIR
160000000000,160,pool_v2v_veh_0_veh_6,veh_0,veh_6,DIRECT_V2V,10000000,DIAGNOSTIC_SYNTHETIC_VALUE,ONE_SHARED_POOL_PER_UNORDERED_PAIR
160000000000,160,pool_v2v_veh_1_veh_2,veh_1,veh_2,DIRECT_V2V,10000000,DIAGNOSTIC_SYNTHETIC_VALUE,ONE_SHARED_POOL_PER_UNORDERED_PAIR
160000000000,160,pool_v2v_veh_1_veh_3,veh_1,veh_3,DIRECT_V2V,10000000,DIAGNOSTIC_SYNTHETIC_VALUE,ONE_SHARED_POOL_PER_UNORDERED_PAIR
160000000000,160,pool_v2v_veh_1_veh_4,veh_1,veh_4,DIRECT_V2V,10000000,DIAGNOSTIC_SYNTHETIC_VALUE,ONE_SHARED_POOL_PER_UNORDERED_PAIR
160000000000,160,pool_v2v_veh_1_veh_5,veh_1,veh_5,DIRECT_V2V,10000000,DIAGNOSTIC_SYNTHETIC_VALUE,ONE_SHARED_POOL_PER_UNORDERED_PAIR
160000000000,160,pool_v2v_veh_1_veh_6,veh_1,veh_6,DIRECT_V2V,10000000,DIAGNOSTIC_SYNTHETIC_VALUE,ONE_SHARED_POOL_PER_UNORDERED_PAIR
160000000000,160,pool_v2v_veh_1_veh_7,veh_1,veh_7,DIRECT_V2V,10000000,DIAGNOSTIC_SYNTHETIC_VALUE,ONE_SHARED_POOL_PER_UNORDERED_PAIR
160000000000,160,pool_v2v_veh_2_veh_3,veh_2,veh_3,DIRECT_V2V,10000000,DIAGNOSTIC_SYNTHETIC_VALUE,ONE_SHARED_POOL_PER_UNORDERED_PAIR
160000000000,160,pool_v2v_veh_2_veh_4,veh_2,veh_4,DIRECT_V2V,10000000,DIAGNOSTIC_SYNTHETIC_VALUE,ONE_SHARED_POOL_PER_UNORDERED_PAIR
160000000000,160,pool_v2v_veh_2_veh_5,veh_2,veh_5,DIRECT_V2V,10000000,DIAGNOSTIC_SYNTHETIC_VALUE,ONE_SHARED_POOL_PER_UNORDERED_PAIR
160000000000,160,pool_v2v_veh_2_veh_6,veh_2,veh_6,DIRECT_V2V,10000000,DIAGNOSTIC_SYNTHETIC_VALUE,ONE_SHARED_POOL_PER_UNORDERED_PAIR
160000000000,160,pool_v2v_veh_2_veh_7,veh_2,veh_7,DIRECT_V2V,10000000,DIAGNOSTIC_SYNTHETIC_VALUE,ONE_SHARED_POOL_PER_UNORDERED_PAIR
160000000000,160,pool_v2v_veh_2_veh_8,veh_2,veh_8,DIRECT_V2V,10000000,DIAGNOSTIC_SYNTHETIC_VALUE,ONE_SHARED_POOL_PER_UNORDERED_PAIR
160000000000,160,pool_v2v_veh_3_veh_4,veh_3,veh_4,DIRECT_V2V,10000000,DIAGNOSTIC_SYNTHETIC_VALUE,ONE_SHARED_POOL_PER_UNORDERED_PAIR
160000000000,160,pool_v2v_veh_3_veh_5,veh_3,veh_5,DIRECT_V2V,10000000,DIAGNOSTIC_SYNTHETIC_VALUE,ONE_SHARED_POOL_PER_UNORDERED_PAIR
160000000000,160,pool_v2v_veh_3_veh_6,veh_3,veh_6,DIRECT_V2V,10000000,DIAGNOSTIC_SYNTHETIC_VALUE,ONE_SHARED_POOL_PER_UNORDERED_PAIR
160000000000,160,pool_v2v_veh_3_veh_7,veh_3,veh_7,DIRECT_V2V,10000000,DIAGNOSTIC_SYNTHETIC_VALUE,ONE_SHARED_POOL_PER_UNORDERED_PAIR
160000000000,160,pool_v2v_veh_3_veh_8,veh_3,veh_8,DIRECT_V2V,10000000,DIAGNOSTIC_SYNTHETIC_VALUE,ONE_SHARED_POOL_PER_UNORDERED_PAIR
160000000000,160,pool_v2v_veh_4_veh_5,veh_4,veh_5,DIRECT_V2V,10000000,DIAGNOSTIC_SYNTHETIC_VALUE,ONE_SHARED_POOL_PER_UNORDERED_PAIR
160000000000,160,pool_v2v_veh_4_veh_6,veh_4,veh_6,DIRECT_V2V,10000000,DIAGNOSTIC_SYNTHETIC_VALUE,ONE_SHARED_POOL_PER_UNORDERED_PAIR
160000000000,160,pool_v2v_veh_4_veh_7,veh_4,veh_7,DIRECT_V2V,10000000,DIAGNOSTIC_SYNTHETIC_VALUE,ONE_SHARED_POOL_PER_UNORDERED_PAIR
160000000000,160,pool_v2v_veh_4_veh_8,veh_4,veh_8,DIRECT_V2V,10000000,DIAGNOSTIC_SYNTHETIC_VALUE,ONE_SHARED_POOL_PER_UNORDERED_PAIR
160000000000,160,pool_v2v_veh_4_veh_9,veh_4,veh_9,DIRECT_V2V,10000000,DIAGNOSTIC_SYNTHETIC_VALUE,ONE_SHARED_POOL_PER_UNORDERED_PAIR
160000000000,160,pool_v2v_veh_5_veh_6,veh_5,veh_6,DIRECT_V2V,10000000,DIAGNOSTIC_SYNTHETIC_VALUE,ONE_SHARED_POOL_PER_UNORDERED_PAIR
160000000000,160,pool_v2v_veh_5_veh_7,veh_5,veh_7,DIRECT_V2V,10000000,DIAGNOSTIC_SYNTHETIC_VALUE,ONE_SHARED_POOL_PER_UNORDERED_PAIR
160000000000,160,pool_v2v_veh_5_veh_8,veh_5,veh_8,DIRECT_V2V,10000000,DIAGNOSTIC_SYNTHETIC_VALUE,ONE_SHARED_POOL_PER_UNORDERED_PAIR
160000000000,160,pool_v2v_veh_5_veh_9,veh_5,veh_9,DIRECT_V2V,10000000,DIAGNOSTIC_SYNTHETIC_VALUE,ONE_SHARED_POOL_PER_UNORDERED_PAIR
160000000000,160,pool_v2v_veh_5_veh_10,veh_5,veh_10,DIRECT_V2V,10000000,DIAGNOSTIC_SYNTHETIC_VALUE,ONE_SHARED_POOL_PER_UNORDERED_PAIR
160000000000,160,pool_v2v_veh_6_veh_7,veh_6,veh_7,DIRECT_V2V,10000000,DIAGNOSTIC_SYNTHETIC_VALUE,ONE_SHARED_POOL_PER_UNORDERED_PAIR
160000000000,160,pool_v2v_veh_6_veh_8,veh_6,veh_8,DIRECT_V2V,10000000,DIAGNOSTIC_SYNTHETIC_VALUE,ONE_SHARED_POOL_PER_UNORDERED_PAIR
160000000000,160,pool_v2v_veh_6_veh_9,veh_6,veh_9,DIRECT_V2V,10000000,DIAGNOSTIC_SYNTHETIC_VALUE,ONE_SHARED_POOL_PER_UNORDERED_PAIR
160000000000,160,pool_v2v_veh_6_veh_10,veh_6,veh_10,DIRECT_V2V,10000000,DIAGNOSTIC_SYNTHETIC_VALUE,ONE_SHARED_POOL_PER_UNORDERED_PAIR
160000000000,160,pool_v2v_veh_6_veh_11,veh_6,veh_11,DIRECT_V2V,10000000,DIAGNOSTIC_SYNTHETIC_VALUE,ONE_SHARED_POOL_PER_UNORDERED_PAIR
160000000000,160,pool_v2v_veh_7_veh_8,veh_7,veh_8,DIRECT_V2V,10000000,DIAGNOSTIC_SYNTHETIC_VALUE,ONE_SHARED_POOL_PER_UNORDERED_PAIR
160000000000,160,pool_v2v_veh_7_veh_9,veh_7,veh_9,DIRECT_V2V,10000000,DIAGNOSTIC_SYNTHETIC_VALUE,ONE_SHARED_POOL_PER_UNORDERED_PAIR
160000000000,160,pool_v2v_veh_7_veh_10,veh_7,veh_10,DIRECT_V2V,10000000,DIAGNOSTIC_SYNTHETIC_VALUE,ONE_SHARED_POOL_PER_UNORDERED_PAIR
160000000000,160,pool_v2v_veh_7_veh_11,veh_7,veh_11,DIRECT_V2V,10000000,DIAGNOSTIC_SYNTHETIC_VALUE,ONE_SHARED_POOL_PER_UNORDERED_PAIR
160000000000,160,pool_v2v_veh_8_veh_9,veh_8,veh_9,DIRECT_V2V,10000000,DIAGNOSTIC_SYNTHETIC_VALUE,ONE_SHARED_POOL_PER_UNORDERED_PAIR
160000000000,160,pool_v2v_veh_8_veh_10,veh_8,veh_10,DIRECT_V2V,10000000,DIAGNOSTIC_SYNTHETIC_VALUE,ONE_SHARED_POOL_PER_UNORDERED_PAIR
160000000000,160,pool_v2v_veh_8_veh_11,veh_8,veh_11,DIRECT_V2V,10000000,DIAGNOSTIC_SYNTHETIC_VALUE,ONE_SHARED_POOL_PER_UNORDERED_PAIR
160000000000,160,pool_v2v_veh_9_veh_10,veh_9,veh_10,DIRECT_V2V,10000000,DIAGNOSTIC_SYNTHETIC_VALUE,ONE_SHARED_POOL_PER_UNORDERED_PAIR
160000000000,160,pool_v2v_veh_9_veh_11,veh_9,veh_11,DIRECT_V2V,10000000,DIAGNOSTIC_SYNTHETIC_VALUE,ONE_SHARED_POOL_PER_UNORDERED_PAIR
160000000000,160,pool_v2v_veh_10_veh_11,veh_10,veh_11,DIRECT_V2V,10000000,DIAGNOSTIC_SYNTHETIC_VALUE,ONE_SHARED_POOL_PER_UNORDERED_PAIR
161000000000,161,pool_v2v_veh_0_veh_1,veh_0,veh_1,DIRECT_V2V,10000000,DIAGNOSTIC_SYNTHETIC_VALUE,ONE_SHARED_POOL_PER_UNORDERED_PAIR
161000000000,161,pool_v2v_veh_0_veh_2,veh_0,veh_2,DIRECT_V2V,10000000,DIAGNOSTIC_SYNTHETIC_VALUE,ONE_SHARED_POOL_PER_UNORDERED_PAIR
161000000000,161,pool_v2v_veh_0_veh_3,veh_0,veh_3,DIRECT_V2V,10000000,DIAGNOSTIC_SYNTHETIC_VALUE,ONE_SHARED_POOL_PER_UNORDERED_PAIR
161000000000,161,pool_v2v_veh_0_veh_4,veh_0,veh_4,DIRECT_V2V,10000000,DIAGNOSTIC_SYNTHETIC_VALUE,ONE_SHARED_POOL_PER_UNORDERED_PAIR
161000000000,161,pool_v2v_veh_0_veh_5,veh_0,veh_5,DIRECT_V2V,10000000,DIAGNOSTIC_SYNTHETIC_VALUE,ONE_SHARED_POOL_PER_UNORDERED_PAIR
161000000000,161,pool_v2v_veh_0_veh_6,veh_0,veh_6,DIRECT_V2V,10000000,DIAGNOSTIC_SYNTHETIC_VALUE,ONE_SHARED_POOL_PER_UNORDERED_PAIR
161000000000,161,pool_v2v_veh_1_veh_2,veh_1,veh_2,DIRECT_V2V,10000000,DIAGNOSTIC_SYNTHETIC_VALUE,ONE_SHARED_POOL_PER_UNORDERED_PAIR
161000000000,161,pool_v2v_veh_1_veh_3,veh_1,veh_3,DIRECT_V2V,10000000,DIAGNOSTIC_SYNTHETIC_VALUE,ONE_SHARED_POOL_PER_UNORDERED_PAIR
161000000000,161,pool_v2v_veh_1_veh_4,veh_1,veh_4,DIRECT_V2V,10000000,DIAGNOSTIC_SYNTHETIC_VALUE,ONE_SHARED_POOL_PER_UNORDERED_PAIR
161000000000,161,pool_v2v_veh_1_veh_5,veh_1,veh_5,DIRECT_V2V,10000000,DIAGNOSTIC_SYNTHETIC_VALUE,ONE_SHARED_POOL_PER_UNORDERED_PAIR
161000000000,161,pool_v2v_veh_1_veh_6,veh_1,veh_6,DIRECT_V2V,10000000,DIAGNOSTIC_SYNTHETIC_VALUE,ONE_SHARED_POOL_PER_UNORDERED_PAIR
161000000000,161,pool_v2v_veh_1_veh_7,veh_1,veh_7,DIRECT_V2V,10000000,DIAGNOSTIC_SYNTHETIC_VALUE,ONE_SHARED_POOL_PER_UNORDERED_PAIR
161000000000,161,pool_v2v_veh_2_veh_3,veh_2,veh_3,DIRECT_V2V,10000000,DIAGNOSTIC_SYNTHETIC_VALUE,ONE_SHARED_POOL_PER_UNORDERED_PAIR
161000000000,161,pool_v2v_veh_2_veh_4,veh_2,veh_4,DIRECT_V2V,10000000,DIAGNOSTIC_SYNTHETIC_VALUE,ONE_SHARED_POOL_PER_UNORDERED_PAIR
161000000000,161,pool_v2v_veh_2_veh_5,veh_2,veh_5,DIRECT_V2V,10000000,DIAGNOSTIC_SYNTHETIC_VALUE,ONE_SHARED_POOL_PER_UNORDERED_PAIR
161000000000,161,pool_v2v_veh_2_veh_6,veh_2,veh_6,DIRECT_V2V,10000000,DIAGNOSTIC_SYNTHETIC_VALUE,ONE_SHARED_POOL_PER_UNORDERED_PAIR
161000000000,161,pool_v2v_veh_2_veh_7,veh_2,veh_7,DIRECT_V2V,10000000,DIAGNOSTIC_SYNTHETIC_VALUE,ONE_SHARED_POOL_PER_UNORDERED_PAIR
161000000000,161,pool_v2v_veh_2_veh_8,veh_2,veh_8,DIRECT_V2V,10000000,DIAGNOSTIC_SYNTHETIC_VALUE,ONE_SHARED_POOL_PER_UNORDERED_PAIR
161000000000,161,pool_v2v_veh_3_veh_4,veh_3,veh_4,DIRECT_V2V,10000000,DIAGNOSTIC_SYNTHETIC_VALUE,ONE_SHARED_POOL_PER_UNORDERED_PAIR
161000000000,161,pool_v2v_veh_3_veh_5,veh_3,veh_5,DIRECT_V2V,10000000,DIAGNOSTIC_SYNTHETIC_VALUE,ONE_SHARED_POOL_PER_UNORDERED_PAIR
161000000000,161,pool_v2v_veh_3_veh_6,veh_3,veh_6,DIRECT_V2V,10000000,DIAGNOSTIC_SYNTHETIC_VALUE,ONE_SHARED_POOL_PER_UNORDERED_PAIR
161000000000,161,pool_v2v_veh_3_veh_7,veh_3,veh_7,DIRECT_V2V,10000000,DIAGNOSTIC_SYNTHETIC_VALUE,ONE_SHARED_POOL_PER_UNORDERED_PAIR
161000000000,161,pool_v2v_veh_3_veh_8,veh_3,veh_8,DIRECT_V2V,10000000,DIAGNOSTIC_SYNTHETIC_VALUE,ONE_SHARED_POOL_PER_UNORDERED_PAIR
161000000000,161,pool_v2v_veh_4_veh_5,veh_4,veh_5,DIRECT_V2V,10000000,DIAGNOSTIC_SYNTHETIC_VALUE,ONE_SHARED_POOL_PER_UNORDERED_PAIR
161000000000,161,pool_v2v_veh_4_veh_6,veh_4,veh_6,DIRECT_V2V,10000000,DIAGNOSTIC_SYNTHETIC_VALUE,ONE_SHARED_POOL_PER_UNORDERED_PAIR
161000000000,161,pool_v2v_veh_4_veh_7,veh_4,veh_7,DIRECT_V2V,10000000,DIAGNOSTIC_SYNTHETIC_VALUE,ONE_SHARED_POOL_PER_UNORDERED_PAIR
161000000000,161,pool_v2v_veh_4_veh_8,veh_4,veh_8,DIRECT_V2V,10000000,DIAGNOSTIC_SYNTHETIC_VALUE,ONE_SHARED_POOL_PER_UNORDERED_PAIR
161000000000,161,pool_v2v_veh_4_veh_9,veh_4,veh_9,DIRECT_V2V,10000000,DIAGNOSTIC_SYNTHETIC_VALUE,ONE_SHARED_POOL_PER_UNORDERED_PAIR
161000000000,161,pool_v2v_veh_5_veh_6,veh_5,veh_6,DIRECT_V2V,10000000,DIAGNOSTIC_SYNTHETIC_VALUE,ONE_SHARED_POOL_PER_UNORDERED_PAIR
161000000000,161,pool_v2v_veh_5_veh_7,veh_5,veh_7,DIRECT_V2V,10000000,DIAGNOSTIC_SYNTHETIC_VALUE,ONE_SHARED_POOL_PER_UNORDERED_PAIR
161000000000,161,pool_v2v_veh_5_veh_8,veh_5,veh_8,DIRECT_V2V,10000000,DIAGNOSTIC_SYNTHETIC_VALUE,ONE_SHARED_POOL_PER_UNORDERED_PAIR
161000000000,161,pool_v2v_veh_5_veh_9,veh_5,veh_9,DIRECT_V2V,10000000,DIAGNOSTIC_SYNTHETIC_VALUE,ONE_SHARED_POOL_PER_UNORDERED_PAIR
161000000000,161,pool_v2v_veh_5_veh_10,veh_5,veh_10,DIRECT_V2V,10000000,DIAGNOSTIC_SYNTHETIC_VALUE,ONE_SHARED_POOL_PER_UNORDERED_PAIR
161000000000,161,pool_v2v_veh_6_veh_7,veh_6,veh_7,DIRECT_V2V,10000000,DIAGNOSTIC_SYNTHETIC_VALUE,ONE_SHARED_POOL_PER_UNORDERED_PAIR
161000000000,161,pool_v2v_veh_6_veh_8,veh_6,veh_8,DIRECT_V2V,10000000,DIAGNOSTIC_SYNTHETIC_VALUE,ONE_SHARED_POOL_PER_UNORDERED_PAIR
161000000000,161,pool_v2v_veh_6_veh_9,veh_6,veh_9,DIRECT_V2V,10000000,DIAGNOSTIC_SYNTHETIC_VALUE,ONE_SHARED_POOL_PER_UNORDERED_PAIR
161000000000,161,pool_v2v_veh_6_veh_10,veh_6,veh_10,DIRECT_V2V,10000000,DIAGNOSTIC_SYNTHETIC_VALUE,ONE_SHARED_POOL_PER_UNORDERED_PAIR
161000000000,161,pool_v2v_veh_6_veh_11,veh_6,veh_11,DIRECT_V2V,10000000,DIAGNOSTIC_SYNTHETIC_VALUE,ONE_SHARED_POOL_PER_UNORDERED_PAIR
161000000000,161,pool_v2v_veh_7_veh_8,veh_7,veh_8,DIRECT_V2V,10000000,DIAGNOSTIC_SYNTHETIC_VALUE,ONE_SHARED_POOL_PER_UNORDERED_PAIR
161000000000,161,pool_v2v_veh_7_veh_9,veh_7,veh_9,DIRECT_V2V,10000000,DIAGNOSTIC_SYNTHETIC_VALUE,ONE_SHARED_POOL_PER_UNORDERED_PAIR
161000000000,161,pool_v2v_veh_7_veh_10,veh_7,veh_10,DIRECT_V2V,10000000,DIAGNOSTIC_SYNTHETIC_VALUE,ONE_SHARED_POOL_PER_UNORDERED_PAIR
161000000000,161,pool_v2v_veh_7_veh_11,veh_7,veh_11,DIRECT_V2V,10000000,DIAGNOSTIC_SYNTHETIC_VALUE,ONE_SHARED_POOL_PER_UNORDERED_PAIR
161000000000,161,pool_v2v_veh_8_veh_9,veh_8,veh_9,DIRECT_V2V,10000000,DIAGNOSTIC_SYNTHETIC_VALUE,ONE_SHARED_POOL_PER_UNORDERED_PAIR
161000000000,161,pool_v2v_veh_8_veh_10,veh_8,veh_10,DIRECT_V2V,10000000,DIAGNOSTIC_SYNTHETIC_VALUE,ONE_SHARED_POOL_PER_UNORDERED_PAIR
161000000000,161,pool_v2v_veh_8_veh_11,veh_8,veh_11,DIRECT_V2V,10000000,DIAGNOSTIC_SYNTHETIC_VALUE,ONE_SHARED_POOL_PER_UNORDERED_PAIR
161000000000,161,pool_v2v_veh_9_veh_10,veh_9,veh_10,DIRECT_V2V,10000000,DIAGNOSTIC_SYNTHETIC_VALUE,ONE_SHARED_POOL_PER_UNORDERED_PAIR
161000000000,161,pool_v2v_veh_9_veh_11,veh_9,veh_11,DIRECT_V2V,10000000,DIAGNOSTIC_SYNTHETIC_VALUE,ONE_SHARED_POOL_PER_UNORDERED_PAIR
161000000000,161,pool_v2v_veh_10_veh_11,veh_10,veh_11,DIRECT_V2V,10000000,DIAGNOSTIC_SYNTHETIC_VALUE,ONE_SHARED_POOL_PER_UNORDERED_PAIR
162000000000,162,pool_v2v_veh_0_veh_1,veh_0,veh_1,DIRECT_V2V,10000000,DIAGNOSTIC_SYNTHETIC_VALUE,ONE_SHARED_POOL_PER_UNORDERED_PAIR
162000000000,162,pool_v2v_veh_0_veh_2,veh_0,veh_2,DIRECT_V2V,10000000,DIAGNOSTIC_SYNTHETIC_VALUE,ONE_SHARED_POOL_PER_UNORDERED_PAIR
162000000000,162,pool_v2v_veh_0_veh_3,veh_0,veh_3,DIRECT_V2V,10000000,DIAGNOSTIC_SYNTHETIC_VALUE,ONE_SHARED_POOL_PER_UNORDERED_PAIR
162000000000,162,pool_v2v_veh_0_veh_4,veh_0,veh_4,DIRECT_V2V,10000000,DIAGNOSTIC_SYNTHETIC_VALUE,ONE_SHARED_POOL_PER_UNORDERED_PAIR
162000000000,162,pool_v2v_veh_0_veh_5,veh_0,veh_5,DIRECT_V2V,10000000,DIAGNOSTIC_SYNTHETIC_VALUE,ONE_SHARED_POOL_PER_UNORDERED_PAIR
162000000000,162,pool_v2v_veh_0_veh_6,veh_0,veh_6,DIRECT_V2V,10000000,DIAGNOSTIC_SYNTHETIC_VALUE,ONE_SHARED_POOL_PER_UNORDERED_PAIR
162000000000,162,pool_v2v_veh_1_veh_2,veh_1,veh_2,DIRECT_V2V,10000000,DIAGNOSTIC_SYNTHETIC_VALUE,ONE_SHARED_POOL_PER_UNORDERED_PAIR
162000000000,162,pool_v2v_veh_1_veh_3,veh_1,veh_3,DIRECT_V2V,10000000,DIAGNOSTIC_SYNTHETIC_VALUE,ONE_SHARED_POOL_PER_UNORDERED_PAIR
162000000000,162,pool_v2v_veh_1_veh_4,veh_1,veh_4,DIRECT_V2V,10000000,DIAGNOSTIC_SYNTHETIC_VALUE,ONE_SHARED_POOL_PER_UNORDERED_PAIR
162000000000,162,pool_v2v_veh_1_veh_5,veh_1,veh_5,DIRECT_V2V,10000000,DIAGNOSTIC_SYNTHETIC_VALUE,ONE_SHARED_POOL_PER_UNORDERED_PAIR
162000000000,162,pool_v2v_veh_1_veh_6,veh_1,veh_6,DIRECT_V2V,10000000,DIAGNOSTIC_SYNTHETIC_VALUE,ONE_SHARED_POOL_PER_UNORDERED_PAIR
162000000000,162,pool_v2v_veh_1_veh_7,veh_1,veh_7,DIRECT_V2V,10000000,DIAGNOSTIC_SYNTHETIC_VALUE,ONE_SHARED_POOL_PER_UNORDERED_PAIR
162000000000,162,pool_v2v_veh_2_veh_3,veh_2,veh_3,DIRECT_V2V,10000000,DIAGNOSTIC_SYNTHETIC_VALUE,ONE_SHARED_POOL_PER_UNORDERED_PAIR
162000000000,162,pool_v2v_veh_2_veh_4,veh_2,veh_4,DIRECT_V2V,10000000,DIAGNOSTIC_SYNTHETIC_VALUE,ONE_SHARED_POOL_PER_UNORDERED_PAIR
162000000000,162,pool_v2v_veh_2_veh_5,veh_2,veh_5,DIRECT_V2V,10000000,DIAGNOSTIC_SYNTHETIC_VALUE,ONE_SHARED_POOL_PER_UNORDERED_PAIR
162000000000,162,pool_v2v_veh_2_veh_6,veh_2,veh_6,DIRECT_V2V,10000000,DIAGNOSTIC_SYNTHETIC_VALUE,ONE_SHARED_POOL_PER_UNORDERED_PAIR
162000000000,162,pool_v2v_veh_2_veh_7,veh_2,veh_7,DIRECT_V2V,10000000,DIAGNOSTIC_SYNTHETIC_VALUE,ONE_SHARED_POOL_PER_UNORDERED_PAIR
162000000000,162,pool_v2v_veh_2_veh_8,veh_2,veh_8,DIRECT_V2V,10000000,DIAGNOSTIC_SYNTHETIC_VALUE,ONE_SHARED_POOL_PER_UNORDERED_PAIR
162000000000,162,pool_v2v_veh_3_veh_4,veh_3,veh_4,DIRECT_V2V,10000000,DIAGNOSTIC_SYNTHETIC_VALUE,ONE_SHARED_POOL_PER_UNORDERED_PAIR
162000000000,162,pool_v2v_veh_3_veh_5,veh_3,veh_5,DIRECT_V2V,10000000,DIAGNOSTIC_SYNTHETIC_VALUE,ONE_SHARED_POOL_PER_UNORDERED_PAIR
162000000000,162,pool_v2v_veh_3_veh_6,veh_3,veh_6,DIRECT_V2V,10000000,DIAGNOSTIC_SYNTHETIC_VALUE,ONE_SHARED_POOL_PER_UNORDERED_PAIR
162000000000,162,pool_v2v_veh_3_veh_7,veh_3,veh_7,DIRECT_V2V,10000000,DIAGNOSTIC_SYNTHETIC_VALUE,ONE_SHARED_POOL_PER_UNORDERED_PAIR
162000000000,162,pool_v2v_veh_3_veh_8,veh_3,veh_8,DIRECT_V2V,10000000,DIAGNOSTIC_SYNTHETIC_VALUE,ONE_SHARED_POOL_PER_UNORDERED_PAIR
162000000000,162,pool_v2v_veh_4_veh_5,veh_4,veh_5,DIRECT_V2V,10000000,DIAGNOSTIC_SYNTHETIC_VALUE,ONE_SHARED_POOL_PER_UNORDERED_PAIR
162000000000,162,pool_v2v_veh_4_veh_6,veh_4,veh_6,DIRECT_V2V,10000000,DIAGNOSTIC_SYNTHETIC_VALUE,ONE_SHARED_POOL_PER_UNORDERED_PAIR
162000000000,162,pool_v2v_veh_4_veh_7,veh_4,veh_7,DIRECT_V2V,10000000,DIAGNOSTIC_SYNTHETIC_VALUE,ONE_SHARED_POOL_PER_UNORDERED_PAIR
162000000000,162,pool_v2v_veh_4_veh_8,veh_4,veh_8,DIRECT_V2V,10000000,DIAGNOSTIC_SYNTHETIC_VALUE,ONE_SHARED_POOL_PER_UNORDERED_PAIR
162000000000,162,pool_v2v_veh_4_veh_9,veh_4,veh_9,DIRECT_V2V,10000000,DIAGNOSTIC_SYNTHETIC_VALUE,ONE_SHARED_POOL_PER_UNORDERED_PAIR
162000000000,162,pool_v2v_veh_5_veh_6,veh_5,veh_6,DIRECT_V2V,10000000,DIAGNOSTIC_SYNTHETIC_VALUE,ONE_SHARED_POOL_PER_UNORDERED_PAIR
162000000000,162,pool_v2v_veh_5_veh_7,veh_5,veh_7,DIRECT_V2V,10000000,DIAGNOSTIC_SYNTHETIC_VALUE,ONE_SHARED_POOL_PER_UNORDERED_PAIR
162000000000,162,pool_v2v_veh_5_veh_8,veh_5,veh_8,DIRECT_V2V,10000000,DIAGNOSTIC_SYNTHETIC_VALUE,ONE_SHARED_POOL_PER_UNORDERED_PAIR
162000000000,162,pool_v2v_veh_5_veh_9,veh_5,veh_9,DIRECT_V2V,10000000,DIAGNOSTIC_SYNTHETIC_VALUE,ONE_SHARED_POOL_PER_UNORDERED_PAIR
162000000000,162,pool_v2v_veh_5_veh_10,veh_5,veh_10,DIRECT_V2V,10000000,DIAGNOSTIC_SYNTHETIC_VALUE,ONE_SHARED_POOL_PER_UNORDERED_PAIR
162000000000,162,pool_v2v_veh_6_veh_7,veh_6,veh_7,DIRECT_V2V,10000000,DIAGNOSTIC_SYNTHETIC_VALUE,ONE_SHARED_POOL_PER_UNORDERED_PAIR
162000000000,162,pool_v2v_veh_6_veh_8,veh_6,veh_8,DIRECT_V2V,10000000,DIAGNOSTIC_SYNTHETIC_VALUE,ONE_SHARED_POOL_PER_UNORDERED_PAIR
162000000000,162,pool_v2v_veh_6_veh_9,veh_6,veh_9,DIRECT_V2V,10000000,DIAGNOSTIC_SYNTHETIC_VALUE,ONE_SHARED_POOL_PER_UNORDERED_PAIR
162000000000,162,pool_v2v_veh_6_veh_10,veh_6,veh_10,DIRECT_V2V,10000000,DIAGNOSTIC_SYNTHETIC_VALUE,ONE_SHARED_POOL_PER_UNORDERED_PAIR
162000000000,162,pool_v2v_veh_6_veh_11,veh_6,veh_11,DIRECT_V2V,10000000,DIAGNOSTIC_SYNTHETIC_VALUE,ONE_SHARED_POOL_PER_UNORDERED_PAIR
162000000000,162,pool_v2v_veh_7_veh_8,veh_7,veh_8,DIRECT_V2V,10000000,DIAGNOSTIC_SYNTHETIC_VALUE,ONE_SHARED_POOL_PER_UNORDERED_PAIR
162000000000,162,pool_v2v_veh_7_veh_9,veh_7,veh_9,DIRECT_V2V,10000000,DIAGNOSTIC_SYNTHETIC_VALUE,ONE_SHARED_POOL_PER_UNORDERED_PAIR
162000000000,162,pool_v2v_veh_7_veh_10,veh_7,veh_10,DIRECT_V2V,10000000,DIAGNOSTIC_SYNTHETIC_VALUE,ONE_SHARED_POOL_PER_UNORDERED_PAIR
162000000000,162,pool_v2v_veh_7_veh_11,veh_7,veh_11,DIRECT_V2V,10000000,DIAGNOSTIC_SYNTHETIC_VALUE,ONE_SHARED_POOL_PER_UNORDERED_PAIR
162000000000,162,pool_v2v_veh_8_veh_9,veh_8,veh_9,DIRECT_V2V,10000000,DIAGNOSTIC_SYNTHETIC_VALUE,ONE_SHARED_POOL_PER_UNORDERED_PAIR
162000000000,162,pool_v2v_veh_8_veh_10,veh_8,veh_10,DIRECT_V2V,10000000,DIAGNOSTIC_SYNTHETIC_VALUE,ONE_SHARED_POOL_PER_UNORDERED_PAIR
162000000000,162,pool_v2v_veh_8_veh_11,veh_8,veh_11,DIRECT_V2V,10000000,DIAGNOSTIC_SYNTHETIC_VALUE,ONE_SHARED_POOL_PER_UNORDERED_PAIR
162000000000,162,pool_v2v_veh_9_veh_10,veh_9,veh_10,DIRECT_V2V,10000000,DIAGNOSTIC_SYNTHETIC_VALUE,ONE_SHARED_POOL_PER_UNORDERED_PAIR
162000000000,162,pool_v2v_veh_9_veh_11,veh_9,veh_11,DIRECT_V2V,10000000,DIAGNOSTIC_SYNTHETIC_VALUE,ONE_SHARED_POOL_PER_UNORDERED_PAIR
162000000000,162,pool_v2v_veh_10_veh_11,veh_10,veh_11,DIRECT_V2V,10000000,DIAGNOSTIC_SYNTHETIC_VALUE,ONE_SHARED_POOL_PER_UNORDERED_PAIR
163000000000,163,pool_v2v_veh_0_veh_1,veh_0,veh_1,DIRECT_V2V,10000000,DIAGNOSTIC_SYNTHETIC_VALUE,ONE_SHARED_POOL_PER_UNORDERED_PAIR
163000000000,163,pool_v2v_veh_0_veh_2,veh_0,veh_2,DIRECT_V2V,10000000,DIAGNOSTIC_SYNTHETIC_VALUE,ONE_SHARED_POOL_PER_UNORDERED_PAIR
163000000000,163,pool_v2v_veh_0_veh_3,veh_0,veh_3,DIRECT_V2V,10000000,DIAGNOSTIC_SYNTHETIC_VALUE,ONE_SHARED_POOL_PER_UNORDERED_PAIR
163000000000,163,pool_v2v_veh_0_veh_4,veh_0,veh_4,DIRECT_V2V,10000000,DIAGNOSTIC_SYNTHETIC_VALUE,ONE_SHARED_POOL_PER_UNORDERED_PAIR
163000000000,163,pool_v2v_veh_0_veh_5,veh_0,veh_5,DIRECT_V2V,10000000,DIAGNOSTIC_SYNTHETIC_VALUE,ONE_SHARED_POOL_PER_UNORDERED_PAIR
163000000000,163,pool_v2v_veh_0_veh_6,veh_0,veh_6,DIRECT_V2V,10000000,DIAGNOSTIC_SYNTHETIC_VALUE,ONE_SHARED_POOL_PER_UNORDERED_PAIR
163000000000,163,pool_v2v_veh_1_veh_2,veh_1,veh_2,DIRECT_V2V,10000000,DIAGNOSTIC_SYNTHETIC_VALUE,ONE_SHARED_POOL_PER_UNORDERED_PAIR
163000000000,163,pool_v2v_veh_1_veh_3,veh_1,veh_3,DIRECT_V2V,10000000,DIAGNOSTIC_SYNTHETIC_VALUE,ONE_SHARED_POOL_PER_UNORDERED_PAIR
163000000000,163,pool_v2v_veh_1_veh_4,veh_1,veh_4,DIRECT_V2V,10000000,DIAGNOSTIC_SYNTHETIC_VALUE,ONE_SHARED_POOL_PER_UNORDERED_PAIR
163000000000,163,pool_v2v_veh_1_veh_5,veh_1,veh_5,DIRECT_V2V,10000000,DIAGNOSTIC_SYNTHETIC_VALUE,ONE_SHARED_POOL_PER_UNORDERED_PAIR
163000000000,163,pool_v2v_veh_1_veh_6,veh_1,veh_6,DIRECT_V2V,10000000,DIAGNOSTIC_SYNTHETIC_VALUE,ONE_SHARED_POOL_PER_UNORDERED_PAIR
163000000000,163,pool_v2v_veh_1_veh_7,veh_1,veh_7,DIRECT_V2V,10000000,DIAGNOSTIC_SYNTHETIC_VALUE,ONE_SHARED_POOL_PER_UNORDERED_PAIR
163000000000,163,pool_v2v_veh_2_veh_3,veh_2,veh_3,DIRECT_V2V,10000000,DIAGNOSTIC_SYNTHETIC_VALUE,ONE_SHARED_POOL_PER_UNORDERED_PAIR
163000000000,163,pool_v2v_veh_2_veh_4,veh_2,veh_4,DIRECT_V2V,10000000,DIAGNOSTIC_SYNTHETIC_VALUE,ONE_SHARED_POOL_PER_UNORDERED_PAIR
163000000000,163,pool_v2v_veh_2_veh_5,veh_2,veh_5,DIRECT_V2V,10000000,DIAGNOSTIC_SYNTHETIC_VALUE,ONE_SHARED_POOL_PER_UNORDERED_PAIR
163000000000,163,pool_v2v_veh_2_veh_6,veh_2,veh_6,DIRECT_V2V,10000000,DIAGNOSTIC_SYNTHETIC_VALUE,ONE_SHARED_POOL_PER_UNORDERED_PAIR
163000000000,163,pool_v2v_veh_2_veh_7,veh_2,veh_7,DIRECT_V2V,10000000,DIAGNOSTIC_SYNTHETIC_VALUE,ONE_SHARED_POOL_PER_UNORDERED_PAIR
163000000000,163,pool_v2v_veh_2_veh_8,veh_2,veh_8,DIRECT_V2V,10000000,DIAGNOSTIC_SYNTHETIC_VALUE,ONE_SHARED_POOL_PER_UNORDERED_PAIR
163000000000,163,pool_v2v_veh_3_veh_4,veh_3,veh_4,DIRECT_V2V,10000000,DIAGNOSTIC_SYNTHETIC_VALUE,ONE_SHARED_POOL_PER_UNORDERED_PAIR
163000000000,163,pool_v2v_veh_3_veh_5,veh_3,veh_5,DIRECT_V2V,10000000,DIAGNOSTIC_SYNTHETIC_VALUE,ONE_SHARED_POOL_PER_UNORDERED_PAIR
163000000000,163,pool_v2v_veh_3_veh_6,veh_3,veh_6,DIRECT_V2V,10000000,DIAGNOSTIC_SYNTHETIC_VALUE,ONE_SHARED_POOL_PER_UNORDERED_PAIR
163000000000,163,pool_v2v_veh_3_veh_7,veh_3,veh_7,DIRECT_V2V,10000000,DIAGNOSTIC_SYNTHETIC_VALUE,ONE_SHARED_POOL_PER_UNORDERED_PAIR
163000000000,163,pool_v2v_veh_3_veh_8,veh_3,veh_8,DIRECT_V2V,10000000,DIAGNOSTIC_SYNTHETIC_VALUE,ONE_SHARED_POOL_PER_UNORDERED_PAIR
163000000000,163,pool_v2v_veh_3_veh_9,veh_3,veh_9,DIRECT_V2V,10000000,DIAGNOSTIC_SYNTHETIC_VALUE,ONE_SHARED_POOL_PER_UNORDERED_PAIR
163000000000,163,pool_v2v_veh_4_veh_5,veh_4,veh_5,DIRECT_V2V,10000000,DIAGNOSTIC_SYNTHETIC_VALUE,ONE_SHARED_POOL_PER_UNORDERED_PAIR
163000000000,163,pool_v2v_veh_4_veh_6,veh_4,veh_6,DIRECT_V2V,10000000,DIAGNOSTIC_SYNTHETIC_VALUE,ONE_SHARED_POOL_PER_UNORDERED_PAIR
163000000000,163,pool_v2v_veh_4_veh_7,veh_4,veh_7,DIRECT_V2V,10000000,DIAGNOSTIC_SYNTHETIC_VALUE,ONE_SHARED_POOL_PER_UNORDERED_PAIR
163000000000,163,pool_v2v_veh_4_veh_8,veh_4,veh_8,DIRECT_V2V,10000000,DIAGNOSTIC_SYNTHETIC_VALUE,ONE_SHARED_POOL_PER_UNORDERED_PAIR
163000000000,163,pool_v2v_veh_4_veh_9,veh_4,veh_9,DIRECT_V2V,10000000,DIAGNOSTIC_SYNTHETIC_VALUE,ONE_SHARED_POOL_PER_UNORDERED_PAIR
163000000000,163,pool_v2v_veh_5_veh_6,veh_5,veh_6,DIRECT_V2V,10000000,DIAGNOSTIC_SYNTHETIC_VALUE,ONE_SHARED_POOL_PER_UNORDERED_PAIR
163000000000,163,pool_v2v_veh_5_veh_7,veh_5,veh_7,DIRECT_V2V,10000000,DIAGNOSTIC_SYNTHETIC_VALUE,ONE_SHARED_POOL_PER_UNORDERED_PAIR
163000000000,163,pool_v2v_veh_5_veh_8,veh_5,veh_8,DIRECT_V2V,10000000,DIAGNOSTIC_SYNTHETIC_VALUE,ONE_SHARED_POOL_PER_UNORDERED_PAIR
163000000000,163,pool_v2v_veh_5_veh_9,veh_5,veh_9,DIRECT_V2V,10000000,DIAGNOSTIC_SYNTHETIC_VALUE,ONE_SHARED_POOL_PER_UNORDERED_PAIR
163000000000,163,pool_v2v_veh_5_veh_10,veh_5,veh_10,DIRECT_V2V,10000000,DIAGNOSTIC_SYNTHETIC_VALUE,ONE_SHARED_POOL_PER_UNORDERED_PAIR
163000000000,163,pool_v2v_veh_6_veh_7,veh_6,veh_7,DIRECT_V2V,10000000,DIAGNOSTIC_SYNTHETIC_VALUE,ONE_SHARED_POOL_PER_UNORDERED_PAIR
163000000000,163,pool_v2v_veh_6_veh_8,veh_6,veh_8,DIRECT_V2V,10000000,DIAGNOSTIC_SYNTHETIC_VALUE,ONE_SHARED_POOL_PER_UNORDERED_PAIR
163000000000,163,pool_v2v_veh_6_veh_9,veh_6,veh_9,DIRECT_V2V,10000000,DIAGNOSTIC_SYNTHETIC_VALUE,ONE_SHARED_POOL_PER_UNORDERED_PAIR
163000000000,163,pool_v2v_veh_6_veh_10,veh_6,veh_10,DIRECT_V2V,10000000,DIAGNOSTIC_SYNTHETIC_VALUE,ONE_SHARED_POOL_PER_UNORDERED_PAIR
163000000000,163,pool_v2v_veh_6_veh_11,veh_6,veh_11,DIRECT_V2V,10000000,DIAGNOSTIC_SYNTHETIC_VALUE,ONE_SHARED_POOL_PER_UNORDERED_PAIR
163000000000,163,pool_v2v_veh_7_veh_8,veh_7,veh_8,DIRECT_V2V,10000000,DIAGNOSTIC_SYNTHETIC_VALUE,ONE_SHARED_POOL_PER_UNORDERED_PAIR
163000000000,163,pool_v2v_veh_7_veh_9,veh_7,veh_9,DIRECT_V2V,10000000,DIAGNOSTIC_SYNTHETIC_VALUE,ONE_SHARED_POOL_PER_UNORDERED_PAIR
163000000000,163,pool_v2v_veh_7_veh_10,veh_7,veh_10,DIRECT_V2V,10000000,DIAGNOSTIC_SYNTHETIC_VALUE,ONE_SHARED_POOL_PER_UNORDERED_PAIR
163000000000,163,pool_v2v_veh_7_veh_11,veh_7,veh_11,DIRECT_V2V,10000000,DIAGNOSTIC_SYNTHETIC_VALUE,ONE_SHARED_POOL_PER_UNORDERED_PAIR
163000000000,163,pool_v2v_veh_8_veh_9,veh_8,veh_9,DIRECT_V2V,10000000,DIAGNOSTIC_SYNTHETIC_VALUE,ONE_SHARED_POOL_PER_UNORDERED_PAIR
163000000000,163,pool_v2v_veh_8_veh_10,veh_8,veh_10,DIRECT_V2V,10000000,DIAGNOSTIC_SYNTHETIC_VALUE,ONE_SHARED_POOL_PER_UNORDERED_PAIR
163000000000,163,pool_v2v_veh_8_veh_11,veh_8,veh_11,DIRECT_V2V,10000000,DIAGNOSTIC_SYNTHETIC_VALUE,ONE_SHARED_POOL_PER_UNORDERED_PAIR
163000000000,163,pool_v2v_veh_9_veh_10,veh_9,veh_10,DIRECT_V2V,10000000,DIAGNOSTIC_SYNTHETIC_VALUE,ONE_SHARED_POOL_PER_UNORDERED_PAIR
163000000000,163,pool_v2v_veh_9_veh_11,veh_9,veh_11,DIRECT_V2V,10000000,DIAGNOSTIC_SYNTHETIC_VALUE,ONE_SHARED_POOL_PER_UNORDERED_PAIR
163000000000,163,pool_v2v_veh_10_veh_11,veh_10,veh_11,DIRECT_V2V,10000000,DIAGNOSTIC_SYNTHETIC_VALUE,ONE_SHARED_POOL_PER_UNORDERED_PAIR
164000000000,164,pool_v2v_veh_0_veh_1,veh_0,veh_1,DIRECT_V2V,10000000,DIAGNOSTIC_SYNTHETIC_VALUE,ONE_SHARED_POOL_PER_UNORDERED_PAIR
164000000000,164,pool_v2v_veh_0_veh_2,veh_0,veh_2,DIRECT_V2V,10000000,DIAGNOSTIC_SYNTHETIC_VALUE,ONE_SHARED_POOL_PER_UNORDERED_PAIR
164000000000,164,pool_v2v_veh_0_veh_3,veh_0,veh_3,DIRECT_V2V,10000000,DIAGNOSTIC_SYNTHETIC_VALUE,ONE_SHARED_POOL_PER_UNORDERED_PAIR
164000000000,164,pool_v2v_veh_0_veh_4,veh_0,veh_4,DIRECT_V2V,10000000,DIAGNOSTIC_SYNTHETIC_VALUE,ONE_SHARED_POOL_PER_UNORDERED_PAIR
164000000000,164,pool_v2v_veh_0_veh_5,veh_0,veh_5,DIRECT_V2V,10000000,DIAGNOSTIC_SYNTHETIC_VALUE,ONE_SHARED_POOL_PER_UNORDERED_PAIR
164000000000,164,pool_v2v_veh_0_veh_6,veh_0,veh_6,DIRECT_V2V,10000000,DIAGNOSTIC_SYNTHETIC_VALUE,ONE_SHARED_POOL_PER_UNORDERED_PAIR
164000000000,164,pool_v2v_veh_1_veh_2,veh_1,veh_2,DIRECT_V2V,10000000,DIAGNOSTIC_SYNTHETIC_VALUE,ONE_SHARED_POOL_PER_UNORDERED_PAIR
164000000000,164,pool_v2v_veh_1_veh_3,veh_1,veh_3,DIRECT_V2V,10000000,DIAGNOSTIC_SYNTHETIC_VALUE,ONE_SHARED_POOL_PER_UNORDERED_PAIR
164000000000,164,pool_v2v_veh_1_veh_4,veh_1,veh_4,DIRECT_V2V,10000000,DIAGNOSTIC_SYNTHETIC_VALUE,ONE_SHARED_POOL_PER_UNORDERED_PAIR
164000000000,164,pool_v2v_veh_1_veh_5,veh_1,veh_5,DIRECT_V2V,10000000,DIAGNOSTIC_SYNTHETIC_VALUE,ONE_SHARED_POOL_PER_UNORDERED_PAIR
164000000000,164,pool_v2v_veh_1_veh_6,veh_1,veh_6,DIRECT_V2V,10000000,DIAGNOSTIC_SYNTHETIC_VALUE,ONE_SHARED_POOL_PER_UNORDERED_PAIR
164000000000,164,pool_v2v_veh_1_veh_7,veh_1,veh_7,DIRECT_V2V,10000000,DIAGNOSTIC_SYNTHETIC_VALUE,ONE_SHARED_POOL_PER_UNORDERED_PAIR
164000000000,164,pool_v2v_veh_2_veh_3,veh_2,veh_3,DIRECT_V2V,10000000,DIAGNOSTIC_SYNTHETIC_VALUE,ONE_SHARED_POOL_PER_UNORDERED_PAIR
164000000000,164,pool_v2v_veh_2_veh_4,veh_2,veh_4,DIRECT_V2V,10000000,DIAGNOSTIC_SYNTHETIC_VALUE,ONE_SHARED_POOL_PER_UNORDERED_PAIR
164000000000,164,pool_v2v_veh_2_veh_5,veh_2,veh_5,DIRECT_V2V,10000000,DIAGNOSTIC_SYNTHETIC_VALUE,ONE_SHARED_POOL_PER_UNORDERED_PAIR
164000000000,164,pool_v2v_veh_2_veh_6,veh_2,veh_6,DIRECT_V2V,10000000,DIAGNOSTIC_SYNTHETIC_VALUE,ONE_SHARED_POOL_PER_UNORDERED_PAIR
164000000000,164,pool_v2v_veh_2_veh_7,veh_2,veh_7,DIRECT_V2V,10000000,DIAGNOSTIC_SYNTHETIC_VALUE,ONE_SHARED_POOL_PER_UNORDERED_PAIR
164000000000,164,pool_v2v_veh_2_veh_8,veh_2,veh_8,DIRECT_V2V,10000000,DIAGNOSTIC_SYNTHETIC_VALUE,ONE_SHARED_POOL_PER_UNORDERED_PAIR
164000000000,164,pool_v2v_veh_3_veh_4,veh_3,veh_4,DIRECT_V2V,10000000,DIAGNOSTIC_SYNTHETIC_VALUE,ONE_SHARED_POOL_PER_UNORDERED_PAIR
164000000000,164,pool_v2v_veh_3_veh_5,veh_3,veh_5,DIRECT_V2V,10000000,DIAGNOSTIC_SYNTHETIC_VALUE,ONE_SHARED_POOL_PER_UNORDERED_PAIR
164000000000,164,pool_v2v_veh_3_veh_6,veh_3,veh_6,DIRECT_V2V,10000000,DIAGNOSTIC_SYNTHETIC_VALUE,ONE_SHARED_POOL_PER_UNORDERED_PAIR
164000000000,164,pool_v2v_veh_3_veh_7,veh_3,veh_7,DIRECT_V2V,10000000,DIAGNOSTIC_SYNTHETIC_VALUE,ONE_SHARED_POOL_PER_UNORDERED_PAIR
164000000000,164,pool_v2v_veh_3_veh_8,veh_3,veh_8,DIRECT_V2V,10000000,DIAGNOSTIC_SYNTHETIC_VALUE,ONE_SHARED_POOL_PER_UNORDERED_PAIR
164000000000,164,pool_v2v_veh_3_veh_9,veh_3,veh_9,DIRECT_V2V,10000000,DIAGNOSTIC_SYNTHETIC_VALUE,ONE_SHARED_POOL_PER_UNORDERED_PAIR
164000000000,164,pool_v2v_veh_4_veh_5,veh_4,veh_5,DIRECT_V2V,10000000,DIAGNOSTIC_SYNTHETIC_VALUE,ONE_SHARED_POOL_PER_UNORDERED_PAIR
164000000000,164,pool_v2v_veh_4_veh_6,veh_4,veh_6,DIRECT_V2V,10000000,DIAGNOSTIC_SYNTHETIC_VALUE,ONE_SHARED_POOL_PER_UNORDERED_PAIR
164000000000,164,pool_v2v_veh_4_veh_7,veh_4,veh_7,DIRECT_V2V,10000000,DIAGNOSTIC_SYNTHETIC_VALUE,ONE_SHARED_POOL_PER_UNORDERED_PAIR
164000000000,164,pool_v2v_veh_4_veh_8,veh_4,veh_8,DIRECT_V2V,10000000,DIAGNOSTIC_SYNTHETIC_VALUE,ONE_SHARED_POOL_PER_UNORDERED_PAIR
164000000000,164,pool_v2v_veh_4_veh_9,veh_4,veh_9,DIRECT_V2V,10000000,DIAGNOSTIC_SYNTHETIC_VALUE,ONE_SHARED_POOL_PER_UNORDERED_PAIR
164000000000,164,pool_v2v_veh_5_veh_6,veh_5,veh_6,DIRECT_V2V,10000000,DIAGNOSTIC_SYNTHETIC_VALUE,ONE_SHARED_POOL_PER_UNORDERED_PAIR
164000000000,164,pool_v2v_veh_5_veh_7,veh_5,veh_7,DIRECT_V2V,10000000,DIAGNOSTIC_SYNTHETIC_VALUE,ONE_SHARED_POOL_PER_UNORDERED_PAIR
164000000000,164,pool_v2v_veh_5_veh_8,veh_5,veh_8,DIRECT_V2V,10000000,DIAGNOSTIC_SYNTHETIC_VALUE,ONE_SHARED_POOL_PER_UNORDERED_PAIR
164000000000,164,pool_v2v_veh_5_veh_9,veh_5,veh_9,DIRECT_V2V,10000000,DIAGNOSTIC_SYNTHETIC_VALUE,ONE_SHARED_POOL_PER_UNORDERED_PAIR
164000000000,164,pool_v2v_veh_5_veh_10,veh_5,veh_10,DIRECT_V2V,10000000,DIAGNOSTIC_SYNTHETIC_VALUE,ONE_SHARED_POOL_PER_UNORDERED_PAIR
164000000000,164,pool_v2v_veh_6_veh_7,veh_6,veh_7,DIRECT_V2V,10000000,DIAGNOSTIC_SYNTHETIC_VALUE,ONE_SHARED_POOL_PER_UNORDERED_PAIR
164000000000,164,pool_v2v_veh_6_veh_8,veh_6,veh_8,DIRECT_V2V,10000000,DIAGNOSTIC_SYNTHETIC_VALUE,ONE_SHARED_POOL_PER_UNORDERED_PAIR
164000000000,164,pool_v2v_veh_6_veh_9,veh_6,veh_9,DIRECT_V2V,10000000,DIAGNOSTIC_SYNTHETIC_VALUE,ONE_SHARED_POOL_PER_UNORDERED_PAIR
164000000000,164,pool_v2v_veh_6_veh_10,veh_6,veh_10,DIRECT_V2V,10000000,DIAGNOSTIC_SYNTHETIC_VALUE,ONE_SHARED_POOL_PER_UNORDERED_PAIR
164000000000,164,pool_v2v_veh_6_veh_11,veh_6,veh_11,DIRECT_V2V,10000000,DIAGNOSTIC_SYNTHETIC_VALUE,ONE_SHARED_POOL_PER_UNORDERED_PAIR
164000000000,164,pool_v2v_veh_7_veh_8,veh_7,veh_8,DIRECT_V2V,10000000,DIAGNOSTIC_SYNTHETIC_VALUE,ONE_SHARED_POOL_PER_UNORDERED_PAIR
164000000000,164,pool_v2v_veh_7_veh_9,veh_7,veh_9,DIRECT_V2V,10000000,DIAGNOSTIC_SYNTHETIC_VALUE,ONE_SHARED_POOL_PER_UNORDERED_PAIR
164000000000,164,pool_v2v_veh_7_veh_10,veh_7,veh_10,DIRECT_V2V,10000000,DIAGNOSTIC_SYNTHETIC_VALUE,ONE_SHARED_POOL_PER_UNORDERED_PAIR
164000000000,164,pool_v2v_veh_7_veh_11,veh_7,veh_11,DIRECT_V2V,10000000,DIAGNOSTIC_SYNTHETIC_VALUE,ONE_SHARED_POOL_PER_UNORDERED_PAIR
164000000000,164,pool_v2v_veh_8_veh_9,veh_8,veh_9,DIRECT_V2V,10000000,DIAGNOSTIC_SYNTHETIC_VALUE,ONE_SHARED_POOL_PER_UNORDERED_PAIR
164000000000,164,pool_v2v_veh_8_veh_10,veh_8,veh_10,DIRECT_V2V,10000000,DIAGNOSTIC_SYNTHETIC_VALUE,ONE_SHARED_POOL_PER_UNORDERED_PAIR
164000000000,164,pool_v2v_veh_8_veh_11,veh_8,veh_11,DIRECT_V2V,10000000,DIAGNOSTIC_SYNTHETIC_VALUE,ONE_SHARED_POOL_PER_UNORDERED_PAIR
164000000000,164,pool_v2v_veh_9_veh_10,veh_9,veh_10,DIRECT_V2V,10000000,DIAGNOSTIC_SYNTHETIC_VALUE,ONE_SHARED_POOL_PER_UNORDERED_PAIR
164000000000,164,pool_v2v_veh_9_veh_11,veh_9,veh_11,DIRECT_V2V,10000000,DIAGNOSTIC_SYNTHETIC_VALUE,ONE_SHARED_POOL_PER_UNORDERED_PAIR
164000000000,164,pool_v2v_veh_10_veh_11,veh_10,veh_11,DIRECT_V2V,10000000,DIAGNOSTIC_SYNTHETIC_VALUE,ONE_SHARED_POOL_PER_UNORDERED_PAIR
165000000000,165,pool_v2v_veh_0_veh_1,veh_0,veh_1,DIRECT_V2V,10000000,DIAGNOSTIC_SYNTHETIC_VALUE,ONE_SHARED_POOL_PER_UNORDERED_PAIR
165000000000,165,pool_v2v_veh_0_veh_2,veh_0,veh_2,DIRECT_V2V,10000000,DIAGNOSTIC_SYNTHETIC_VALUE,ONE_SHARED_POOL_PER_UNORDERED_PAIR
165000000000,165,pool_v2v_veh_0_veh_3,veh_0,veh_3,DIRECT_V2V,10000000,DIAGNOSTIC_SYNTHETIC_VALUE,ONE_SHARED_POOL_PER_UNORDERED_PAIR
165000000000,165,pool_v2v_veh_0_veh_4,veh_0,veh_4,DIRECT_V2V,10000000,DIAGNOSTIC_SYNTHETIC_VALUE,ONE_SHARED_POOL_PER_UNORDERED_PAIR
165000000000,165,pool_v2v_veh_0_veh_5,veh_0,veh_5,DIRECT_V2V,10000000,DIAGNOSTIC_SYNTHETIC_VALUE,ONE_SHARED_POOL_PER_UNORDERED_PAIR
165000000000,165,pool_v2v_veh_0_veh_6,veh_0,veh_6,DIRECT_V2V,10000000,DIAGNOSTIC_SYNTHETIC_VALUE,ONE_SHARED_POOL_PER_UNORDERED_PAIR
165000000000,165,pool_v2v_veh_1_veh_2,veh_1,veh_2,DIRECT_V2V,10000000,DIAGNOSTIC_SYNTHETIC_VALUE,ONE_SHARED_POOL_PER_UNORDERED_PAIR
165000000000,165,pool_v2v_veh_1_veh_3,veh_1,veh_3,DIRECT_V2V,10000000,DIAGNOSTIC_SYNTHETIC_VALUE,ONE_SHARED_POOL_PER_UNORDERED_PAIR
165000000000,165,pool_v2v_veh_1_veh_4,veh_1,veh_4,DIRECT_V2V,10000000,DIAGNOSTIC_SYNTHETIC_VALUE,ONE_SHARED_POOL_PER_UNORDERED_PAIR
165000000000,165,pool_v2v_veh_1_veh_5,veh_1,veh_5,DIRECT_V2V,10000000,DIAGNOSTIC_SYNTHETIC_VALUE,ONE_SHARED_POOL_PER_UNORDERED_PAIR
165000000000,165,pool_v2v_veh_1_veh_6,veh_1,veh_6,DIRECT_V2V,10000000,DIAGNOSTIC_SYNTHETIC_VALUE,ONE_SHARED_POOL_PER_UNORDERED_PAIR
165000000000,165,pool_v2v_veh_1_veh_7,veh_1,veh_7,DIRECT_V2V,10000000,DIAGNOSTIC_SYNTHETIC_VALUE,ONE_SHARED_POOL_PER_UNORDERED_PAIR
165000000000,165,pool_v2v_veh_2_veh_3,veh_2,veh_3,DIRECT_V2V,10000000,DIAGNOSTIC_SYNTHETIC_VALUE,ONE_SHARED_POOL_PER_UNORDERED_PAIR
165000000000,165,pool_v2v_veh_2_veh_4,veh_2,veh_4,DIRECT_V2V,10000000,DIAGNOSTIC_SYNTHETIC_VALUE,ONE_SHARED_POOL_PER_UNORDERED_PAIR
165000000000,165,pool_v2v_veh_2_veh_5,veh_2,veh_5,DIRECT_V2V,10000000,DIAGNOSTIC_SYNTHETIC_VALUE,ONE_SHARED_POOL_PER_UNORDERED_PAIR
165000000000,165,pool_v2v_veh_2_veh_6,veh_2,veh_6,DIRECT_V2V,10000000,DIAGNOSTIC_SYNTHETIC_VALUE,ONE_SHARED_POOL_PER_UNORDERED_PAIR
165000000000,165,pool_v2v_veh_2_veh_7,veh_2,veh_7,DIRECT_V2V,10000000,DIAGNOSTIC_SYNTHETIC_VALUE,ONE_SHARED_POOL_PER_UNORDERED_PAIR
165000000000,165,pool_v2v_veh_2_veh_8,veh_2,veh_8,DIRECT_V2V,10000000,DIAGNOSTIC_SYNTHETIC_VALUE,ONE_SHARED_POOL_PER_UNORDERED_PAIR
165000000000,165,pool_v2v_veh_3_veh_4,veh_3,veh_4,DIRECT_V2V,10000000,DIAGNOSTIC_SYNTHETIC_VALUE,ONE_SHARED_POOL_PER_UNORDERED_PAIR
165000000000,165,pool_v2v_veh_3_veh_5,veh_3,veh_5,DIRECT_V2V,10000000,DIAGNOSTIC_SYNTHETIC_VALUE,ONE_SHARED_POOL_PER_UNORDERED_PAIR
165000000000,165,pool_v2v_veh_3_veh_6,veh_3,veh_6,DIRECT_V2V,10000000,DIAGNOSTIC_SYNTHETIC_VALUE,ONE_SHARED_POOL_PER_UNORDERED_PAIR
165000000000,165,pool_v2v_veh_3_veh_7,veh_3,veh_7,DIRECT_V2V,10000000,DIAGNOSTIC_SYNTHETIC_VALUE,ONE_SHARED_POOL_PER_UNORDERED_PAIR
165000000000,165,pool_v2v_veh_3_veh_8,veh_3,veh_8,DIRECT_V2V,10000000,DIAGNOSTIC_SYNTHETIC_VALUE,ONE_SHARED_POOL_PER_UNORDERED_PAIR
165000000000,165,pool_v2v_veh_3_veh_9,veh_3,veh_9,DIRECT_V2V,10000000,DIAGNOSTIC_SYNTHETIC_VALUE,ONE_SHARED_POOL_PER_UNORDERED_PAIR
165000000000,165,pool_v2v_veh_4_veh_5,veh_4,veh_5,DIRECT_V2V,10000000,DIAGNOSTIC_SYNTHETIC_VALUE,ONE_SHARED_POOL_PER_UNORDERED_PAIR
165000000000,165,pool_v2v_veh_4_veh_6,veh_4,veh_6,DIRECT_V2V,10000000,DIAGNOSTIC_SYNTHETIC_VALUE,ONE_SHARED_POOL_PER_UNORDERED_PAIR
165000000000,165,pool_v2v_veh_4_veh_7,veh_4,veh_7,DIRECT_V2V,10000000,DIAGNOSTIC_SYNTHETIC_VALUE,ONE_SHARED_POOL_PER_UNORDERED_PAIR
165000000000,165,pool_v2v_veh_4_veh_8,veh_4,veh_8,DIRECT_V2V,10000000,DIAGNOSTIC_SYNTHETIC_VALUE,ONE_SHARED_POOL_PER_UNORDERED_PAIR
165000000000,165,pool_v2v_veh_4_veh_9,veh_4,veh_9,DIRECT_V2V,10000000,DIAGNOSTIC_SYNTHETIC_VALUE,ONE_SHARED_POOL_PER_UNORDERED_PAIR
165000000000,165,pool_v2v_veh_5_veh_6,veh_5,veh_6,DIRECT_V2V,10000000,DIAGNOSTIC_SYNTHETIC_VALUE,ONE_SHARED_POOL_PER_UNORDERED_PAIR
165000000000,165,pool_v2v_veh_5_veh_7,veh_5,veh_7,DIRECT_V2V,10000000,DIAGNOSTIC_SYNTHETIC_VALUE,ONE_SHARED_POOL_PER_UNORDERED_PAIR
165000000000,165,pool_v2v_veh_5_veh_8,veh_5,veh_8,DIRECT_V2V,10000000,DIAGNOSTIC_SYNTHETIC_VALUE,ONE_SHARED_POOL_PER_UNORDERED_PAIR
165000000000,165,pool_v2v_veh_5_veh_9,veh_5,veh_9,DIRECT_V2V,10000000,DIAGNOSTIC_SYNTHETIC_VALUE,ONE_SHARED_POOL_PER_UNORDERED_PAIR
165000000000,165,pool_v2v_veh_5_veh_10,veh_5,veh_10,DIRECT_V2V,10000000,DIAGNOSTIC_SYNTHETIC_VALUE,ONE_SHARED_POOL_PER_UNORDERED_PAIR
165000000000,165,pool_v2v_veh_6_veh_7,veh_6,veh_7,DIRECT_V2V,10000000,DIAGNOSTIC_SYNTHETIC_VALUE,ONE_SHARED_POOL_PER_UNORDERED_PAIR
165000000000,165,pool_v2v_veh_6_veh_8,veh_6,veh_8,DIRECT_V2V,10000000,DIAGNOSTIC_SYNTHETIC_VALUE,ONE_SHARED_POOL_PER_UNORDERED_PAIR
165000000000,165,pool_v2v_veh_6_veh_9,veh_6,veh_9,DIRECT_V2V,10000000,DIAGNOSTIC_SYNTHETIC_VALUE,ONE_SHARED_POOL_PER_UNORDERED_PAIR
165000000000,165,pool_v2v_veh_6_veh_10,veh_6,veh_10,DIRECT_V2V,10000000,DIAGNOSTIC_SYNTHETIC_VALUE,ONE_SHARED_POOL_PER_UNORDERED_PAIR
165000000000,165,pool_v2v_veh_6_veh_11,veh_6,veh_11,DIRECT_V2V,10000000,DIAGNOSTIC_SYNTHETIC_VALUE,ONE_SHARED_POOL_PER_UNORDERED_PAIR
165000000000,165,pool_v2v_veh_7_veh_8,veh_7,veh_8,DIRECT_V2V,10000000,DIAGNOSTIC_SYNTHETIC_VALUE,ONE_SHARED_POOL_PER_UNORDERED_PAIR
165000000000,165,pool_v2v_veh_7_veh_9,veh_7,veh_9,DIRECT_V2V,10000000,DIAGNOSTIC_SYNTHETIC_VALUE,ONE_SHARED_POOL_PER_UNORDERED_PAIR
165000000000,165,pool_v2v_veh_7_veh_10,veh_7,veh_10,DIRECT_V2V,10000000,DIAGNOSTIC_SYNTHETIC_VALUE,ONE_SHARED_POOL_PER_UNORDERED_PAIR
165000000000,165,pool_v2v_veh_7_veh_11,veh_7,veh_11,DIRECT_V2V,10000000,DIAGNOSTIC_SYNTHETIC_VALUE,ONE_SHARED_POOL_PER_UNORDERED_PAIR
165000000000,165,pool_v2v_veh_8_veh_9,veh_8,veh_9,DIRECT_V2V,10000000,DIAGNOSTIC_SYNTHETIC_VALUE,ONE_SHARED_POOL_PER_UNORDERED_PAIR
165000000000,165,pool_v2v_veh_8_veh_10,veh_8,veh_10,DIRECT_V2V,10000000,DIAGNOSTIC_SYNTHETIC_VALUE,ONE_SHARED_POOL_PER_UNORDERED_PAIR
165000000000,165,pool_v2v_veh_8_veh_11,veh_8,veh_11,DIRECT_V2V,10000000,DIAGNOSTIC_SYNTHETIC_VALUE,ONE_SHARED_POOL_PER_UNORDERED_PAIR
165000000000,165,pool_v2v_veh_9_veh_10,veh_9,veh_10,DIRECT_V2V,10000000,DIAGNOSTIC_SYNTHETIC_VALUE,ONE_SHARED_POOL_PER_UNORDERED_PAIR
165000000000,165,pool_v2v_veh_9_veh_11,veh_9,veh_11,DIRECT_V2V,10000000,DIAGNOSTIC_SYNTHETIC_VALUE,ONE_SHARED_POOL_PER_UNORDERED_PAIR
165000000000,165,pool_v2v_veh_10_veh_11,veh_10,veh_11,DIRECT_V2V,10000000,DIAGNOSTIC_SYNTHETIC_VALUE,ONE_SHARED_POOL_PER_UNORDERED_PAIR
166000000000,166,pool_v2v_veh_0_veh_1,veh_0,veh_1,DIRECT_V2V,10000000,DIAGNOSTIC_SYNTHETIC_VALUE,ONE_SHARED_POOL_PER_UNORDERED_PAIR
166000000000,166,pool_v2v_veh_0_veh_2,veh_0,veh_2,DIRECT_V2V,10000000,DIAGNOSTIC_SYNTHETIC_VALUE,ONE_SHARED_POOL_PER_UNORDERED_PAIR
166000000000,166,pool_v2v_veh_0_veh_3,veh_0,veh_3,DIRECT_V2V,10000000,DIAGNOSTIC_SYNTHETIC_VALUE,ONE_SHARED_POOL_PER_UNORDERED_PAIR
166000000000,166,pool_v2v_veh_0_veh_4,veh_0,veh_4,DIRECT_V2V,10000000,DIAGNOSTIC_SYNTHETIC_VALUE,ONE_SHARED_POOL_PER_UNORDERED_PAIR
166000000000,166,pool_v2v_veh_0_veh_5,veh_0,veh_5,DIRECT_V2V,10000000,DIAGNOSTIC_SYNTHETIC_VALUE,ONE_SHARED_POOL_PER_UNORDERED_PAIR
166000000000,166,pool_v2v_veh_0_veh_6,veh_0,veh_6,DIRECT_V2V,10000000,DIAGNOSTIC_SYNTHETIC_VALUE,ONE_SHARED_POOL_PER_UNORDERED_PAIR
166000000000,166,pool_v2v_veh_1_veh_2,veh_1,veh_2,DIRECT_V2V,10000000,DIAGNOSTIC_SYNTHETIC_VALUE,ONE_SHARED_POOL_PER_UNORDERED_PAIR
166000000000,166,pool_v2v_veh_1_veh_3,veh_1,veh_3,DIRECT_V2V,10000000,DIAGNOSTIC_SYNTHETIC_VALUE,ONE_SHARED_POOL_PER_UNORDERED_PAIR
166000000000,166,pool_v2v_veh_1_veh_4,veh_1,veh_4,DIRECT_V2V,10000000,DIAGNOSTIC_SYNTHETIC_VALUE,ONE_SHARED_POOL_PER_UNORDERED_PAIR
166000000000,166,pool_v2v_veh_1_veh_5,veh_1,veh_5,DIRECT_V2V,10000000,DIAGNOSTIC_SYNTHETIC_VALUE,ONE_SHARED_POOL_PER_UNORDERED_PAIR
166000000000,166,pool_v2v_veh_1_veh_6,veh_1,veh_6,DIRECT_V2V,10000000,DIAGNOSTIC_SYNTHETIC_VALUE,ONE_SHARED_POOL_PER_UNORDERED_PAIR
166000000000,166,pool_v2v_veh_1_veh_7,veh_1,veh_7,DIRECT_V2V,10000000,DIAGNOSTIC_SYNTHETIC_VALUE,ONE_SHARED_POOL_PER_UNORDERED_PAIR
166000000000,166,pool_v2v_veh_2_veh_3,veh_2,veh_3,DIRECT_V2V,10000000,DIAGNOSTIC_SYNTHETIC_VALUE,ONE_SHARED_POOL_PER_UNORDERED_PAIR
166000000000,166,pool_v2v_veh_2_veh_4,veh_2,veh_4,DIRECT_V2V,10000000,DIAGNOSTIC_SYNTHETIC_VALUE,ONE_SHARED_POOL_PER_UNORDERED_PAIR
166000000000,166,pool_v2v_veh_2_veh_5,veh_2,veh_5,DIRECT_V2V,10000000,DIAGNOSTIC_SYNTHETIC_VALUE,ONE_SHARED_POOL_PER_UNORDERED_PAIR
166000000000,166,pool_v2v_veh_2_veh_6,veh_2,veh_6,DIRECT_V2V,10000000,DIAGNOSTIC_SYNTHETIC_VALUE,ONE_SHARED_POOL_PER_UNORDERED_PAIR
166000000000,166,pool_v2v_veh_2_veh_7,veh_2,veh_7,DIRECT_V2V,10000000,DIAGNOSTIC_SYNTHETIC_VALUE,ONE_SHARED_POOL_PER_UNORDERED_PAIR
166000000000,166,pool_v2v_veh_2_veh_8,veh_2,veh_8,DIRECT_V2V,10000000,DIAGNOSTIC_SYNTHETIC_VALUE,ONE_SHARED_POOL_PER_UNORDERED_PAIR
166000000000,166,pool_v2v_veh_3_veh_4,veh_3,veh_4,DIRECT_V2V,10000000,DIAGNOSTIC_SYNTHETIC_VALUE,ONE_SHARED_POOL_PER_UNORDERED_PAIR
166000000000,166,pool_v2v_veh_3_veh_5,veh_3,veh_5,DIRECT_V2V,10000000,DIAGNOSTIC_SYNTHETIC_VALUE,ONE_SHARED_POOL_PER_UNORDERED_PAIR
166000000000,166,pool_v2v_veh_3_veh_6,veh_3,veh_6,DIRECT_V2V,10000000,DIAGNOSTIC_SYNTHETIC_VALUE,ONE_SHARED_POOL_PER_UNORDERED_PAIR
166000000000,166,pool_v2v_veh_3_veh_7,veh_3,veh_7,DIRECT_V2V,10000000,DIAGNOSTIC_SYNTHETIC_VALUE,ONE_SHARED_POOL_PER_UNORDERED_PAIR
166000000000,166,pool_v2v_veh_3_veh_8,veh_3,veh_8,DIRECT_V2V,10000000,DIAGNOSTIC_SYNTHETIC_VALUE,ONE_SHARED_POOL_PER_UNORDERED_PAIR
166000000000,166,pool_v2v_veh_3_veh_9,veh_3,veh_9,DIRECT_V2V,10000000,DIAGNOSTIC_SYNTHETIC_VALUE,ONE_SHARED_POOL_PER_UNORDERED_PAIR
166000000000,166,pool_v2v_veh_4_veh_5,veh_4,veh_5,DIRECT_V2V,10000000,DIAGNOSTIC_SYNTHETIC_VALUE,ONE_SHARED_POOL_PER_UNORDERED_PAIR
166000000000,166,pool_v2v_veh_4_veh_6,veh_4,veh_6,DIRECT_V2V,10000000,DIAGNOSTIC_SYNTHETIC_VALUE,ONE_SHARED_POOL_PER_UNORDERED_PAIR
166000000000,166,pool_v2v_veh_4_veh_7,veh_4,veh_7,DIRECT_V2V,10000000,DIAGNOSTIC_SYNTHETIC_VALUE,ONE_SHARED_POOL_PER_UNORDERED_PAIR
166000000000,166,pool_v2v_veh_4_veh_8,veh_4,veh_8,DIRECT_V2V,10000000,DIAGNOSTIC_SYNTHETIC_VALUE,ONE_SHARED_POOL_PER_UNORDERED_PAIR
166000000000,166,pool_v2v_veh_4_veh_9,veh_4,veh_9,DIRECT_V2V,10000000,DIAGNOSTIC_SYNTHETIC_VALUE,ONE_SHARED_POOL_PER_UNORDERED_PAIR
166000000000,166,pool_v2v_veh_5_veh_6,veh_5,veh_6,DIRECT_V2V,10000000,DIAGNOSTIC_SYNTHETIC_VALUE,ONE_SHARED_POOL_PER_UNORDERED_PAIR
166000000000,166,pool_v2v_veh_5_veh_7,veh_5,veh_7,DIRECT_V2V,10000000,DIAGNOSTIC_SYNTHETIC_VALUE,ONE_SHARED_POOL_PER_UNORDERED_PAIR
166000000000,166,pool_v2v_veh_5_veh_8,veh_5,veh_8,DIRECT_V2V,10000000,DIAGNOSTIC_SYNTHETIC_VALUE,ONE_SHARED_POOL_PER_UNORDERED_PAIR
166000000000,166,pool_v2v_veh_5_veh_9,veh_5,veh_9,DIRECT_V2V,10000000,DIAGNOSTIC_SYNTHETIC_VALUE,ONE_SHARED_POOL_PER_UNORDERED_PAIR
166000000000,166,pool_v2v_veh_5_veh_10,veh_5,veh_10,DIRECT_V2V,10000000,DIAGNOSTIC_SYNTHETIC_VALUE,ONE_SHARED_POOL_PER_UNORDERED_PAIR
166000000000,166,pool_v2v_veh_6_veh_7,veh_6,veh_7,DIRECT_V2V,10000000,DIAGNOSTIC_SYNTHETIC_VALUE,ONE_SHARED_POOL_PER_UNORDERED_PAIR
166000000000,166,pool_v2v_veh_6_veh_8,veh_6,veh_8,DIRECT_V2V,10000000,DIAGNOSTIC_SYNTHETIC_VALUE,ONE_SHARED_POOL_PER_UNORDERED_PAIR
166000000000,166,pool_v2v_veh_6_veh_9,veh_6,veh_9,DIRECT_V2V,10000000,DIAGNOSTIC_SYNTHETIC_VALUE,ONE_SHARED_POOL_PER_UNORDERED_PAIR
166000000000,166,pool_v2v_veh_6_veh_10,veh_6,veh_10,DIRECT_V2V,10000000,DIAGNOSTIC_SYNTHETIC_VALUE,ONE_SHARED_POOL_PER_UNORDERED_PAIR
166000000000,166,pool_v2v_veh_6_veh_11,veh_6,veh_11,DIRECT_V2V,10000000,DIAGNOSTIC_SYNTHETIC_VALUE,ONE_SHARED_POOL_PER_UNORDERED_PAIR
166000000000,166,pool_v2v_veh_7_veh_8,veh_7,veh_8,DIRECT_V2V,10000000,DIAGNOSTIC_SYNTHETIC_VALUE,ONE_SHARED_POOL_PER_UNORDERED_PAIR
166000000000,166,pool_v2v_veh_7_veh_9,veh_7,veh_9,DIRECT_V2V,10000000,DIAGNOSTIC_SYNTHETIC_VALUE,ONE_SHARED_POOL_PER_UNORDERED_PAIR
166000000000,166,pool_v2v_veh_7_veh_10,veh_7,veh_10,DIRECT_V2V,10000000,DIAGNOSTIC_SYNTHETIC_VALUE,ONE_SHARED_POOL_PER_UNORDERED_PAIR
166000000000,166,pool_v2v_veh_7_veh_11,veh_7,veh_11,DIRECT_V2V,10000000,DIAGNOSTIC_SYNTHETIC_VALUE,ONE_SHARED_POOL_PER_UNORDERED_PAIR
166000000000,166,pool_v2v_veh_8_veh_9,veh_8,veh_9,DIRECT_V2V,10000000,DIAGNOSTIC_SYNTHETIC_VALUE,ONE_SHARED_POOL_PER_UNORDERED_PAIR
166000000000,166,pool_v2v_veh_8_veh_10,veh_8,veh_10,DIRECT_V2V,10000000,DIAGNOSTIC_SYNTHETIC_VALUE,ONE_SHARED_POOL_PER_UNORDERED_PAIR
166000000000,166,pool_v2v_veh_8_veh_11,veh_8,veh_11,DIRECT_V2V,10000000,DIAGNOSTIC_SYNTHETIC_VALUE,ONE_SHARED_POOL_PER_UNORDERED_PAIR
166000000000,166,pool_v2v_veh_9_veh_10,veh_9,veh_10,DIRECT_V2V,10000000,DIAGNOSTIC_SYNTHETIC_VALUE,ONE_SHARED_POOL_PER_UNORDERED_PAIR
166000000000,166,pool_v2v_veh_9_veh_11,veh_9,veh_11,DIRECT_V2V,10000000,DIAGNOSTIC_SYNTHETIC_VALUE,ONE_SHARED_POOL_PER_UNORDERED_PAIR
166000000000,166,pool_v2v_veh_10_veh_11,veh_10,veh_11,DIRECT_V2V,10000000,DIAGNOSTIC_SYNTHETIC_VALUE,ONE_SHARED_POOL_PER_UNORDERED_PAIR
167000000000,167,pool_v2v_veh_0_veh_1,veh_0,veh_1,DIRECT_V2V,10000000,DIAGNOSTIC_SYNTHETIC_VALUE,ONE_SHARED_POOL_PER_UNORDERED_PAIR
167000000000,167,pool_v2v_veh_0_veh_2,veh_0,veh_2,DIRECT_V2V,10000000,DIAGNOSTIC_SYNTHETIC_VALUE,ONE_SHARED_POOL_PER_UNORDERED_PAIR
167000000000,167,pool_v2v_veh_0_veh_3,veh_0,veh_3,DIRECT_V2V,10000000,DIAGNOSTIC_SYNTHETIC_VALUE,ONE_SHARED_POOL_PER_UNORDERED_PAIR
167000000000,167,pool_v2v_veh_0_veh_4,veh_0,veh_4,DIRECT_V2V,10000000,DIAGNOSTIC_SYNTHETIC_VALUE,ONE_SHARED_POOL_PER_UNORDERED_PAIR
167000000000,167,pool_v2v_veh_0_veh_5,veh_0,veh_5,DIRECT_V2V,10000000,DIAGNOSTIC_SYNTHETIC_VALUE,ONE_SHARED_POOL_PER_UNORDERED_PAIR
167000000000,167,pool_v2v_veh_0_veh_6,veh_0,veh_6,DIRECT_V2V,10000000,DIAGNOSTIC_SYNTHETIC_VALUE,ONE_SHARED_POOL_PER_UNORDERED_PAIR
167000000000,167,pool_v2v_veh_1_veh_2,veh_1,veh_2,DIRECT_V2V,10000000,DIAGNOSTIC_SYNTHETIC_VALUE,ONE_SHARED_POOL_PER_UNORDERED_PAIR
167000000000,167,pool_v2v_veh_1_veh_3,veh_1,veh_3,DIRECT_V2V,10000000,DIAGNOSTIC_SYNTHETIC_VALUE,ONE_SHARED_POOL_PER_UNORDERED_PAIR
167000000000,167,pool_v2v_veh_1_veh_4,veh_1,veh_4,DIRECT_V2V,10000000,DIAGNOSTIC_SYNTHETIC_VALUE,ONE_SHARED_POOL_PER_UNORDERED_PAIR
167000000000,167,pool_v2v_veh_1_veh_5,veh_1,veh_5,DIRECT_V2V,10000000,DIAGNOSTIC_SYNTHETIC_VALUE,ONE_SHARED_POOL_PER_UNORDERED_PAIR
167000000000,167,pool_v2v_veh_1_veh_6,veh_1,veh_6,DIRECT_V2V,10000000,DIAGNOSTIC_SYNTHETIC_VALUE,ONE_SHARED_POOL_PER_UNORDERED_PAIR
167000000000,167,pool_v2v_veh_1_veh_7,veh_1,veh_7,DIRECT_V2V,10000000,DIAGNOSTIC_SYNTHETIC_VALUE,ONE_SHARED_POOL_PER_UNORDERED_PAIR
167000000000,167,pool_v2v_veh_2_veh_3,veh_2,veh_3,DIRECT_V2V,10000000,DIAGNOSTIC_SYNTHETIC_VALUE,ONE_SHARED_POOL_PER_UNORDERED_PAIR
167000000000,167,pool_v2v_veh_2_veh_4,veh_2,veh_4,DIRECT_V2V,10000000,DIAGNOSTIC_SYNTHETIC_VALUE,ONE_SHARED_POOL_PER_UNORDERED_PAIR
167000000000,167,pool_v2v_veh_2_veh_5,veh_2,veh_5,DIRECT_V2V,10000000,DIAGNOSTIC_SYNTHETIC_VALUE,ONE_SHARED_POOL_PER_UNORDERED_PAIR
167000000000,167,pool_v2v_veh_2_veh_6,veh_2,veh_6,DIRECT_V2V,10000000,DIAGNOSTIC_SYNTHETIC_VALUE,ONE_SHARED_POOL_PER_UNORDERED_PAIR
167000000000,167,pool_v2v_veh_2_veh_7,veh_2,veh_7,DIRECT_V2V,10000000,DIAGNOSTIC_SYNTHETIC_VALUE,ONE_SHARED_POOL_PER_UNORDERED_PAIR
167000000000,167,pool_v2v_veh_2_veh_8,veh_2,veh_8,DIRECT_V2V,10000000,DIAGNOSTIC_SYNTHETIC_VALUE,ONE_SHARED_POOL_PER_UNORDERED_PAIR
167000000000,167,pool_v2v_veh_3_veh_4,veh_3,veh_4,DIRECT_V2V,10000000,DIAGNOSTIC_SYNTHETIC_VALUE,ONE_SHARED_POOL_PER_UNORDERED_PAIR
167000000000,167,pool_v2v_veh_3_veh_5,veh_3,veh_5,DIRECT_V2V,10000000,DIAGNOSTIC_SYNTHETIC_VALUE,ONE_SHARED_POOL_PER_UNORDERED_PAIR
167000000000,167,pool_v2v_veh_3_veh_6,veh_3,veh_6,DIRECT_V2V,10000000,DIAGNOSTIC_SYNTHETIC_VALUE,ONE_SHARED_POOL_PER_UNORDERED_PAIR
167000000000,167,pool_v2v_veh_3_veh_7,veh_3,veh_7,DIRECT_V2V,10000000,DIAGNOSTIC_SYNTHETIC_VALUE,ONE_SHARED_POOL_PER_UNORDERED_PAIR
167000000000,167,pool_v2v_veh_3_veh_8,veh_3,veh_8,DIRECT_V2V,10000000,DIAGNOSTIC_SYNTHETIC_VALUE,ONE_SHARED_POOL_PER_UNORDERED_PAIR
167000000000,167,pool_v2v_veh_3_veh_9,veh_3,veh_9,DIRECT_V2V,10000000,DIAGNOSTIC_SYNTHETIC_VALUE,ONE_SHARED_POOL_PER_UNORDERED_PAIR
167000000000,167,pool_v2v_veh_4_veh_5,veh_4,veh_5,DIRECT_V2V,10000000,DIAGNOSTIC_SYNTHETIC_VALUE,ONE_SHARED_POOL_PER_UNORDERED_PAIR
167000000000,167,pool_v2v_veh_4_veh_6,veh_4,veh_6,DIRECT_V2V,10000000,DIAGNOSTIC_SYNTHETIC_VALUE,ONE_SHARED_POOL_PER_UNORDERED_PAIR
167000000000,167,pool_v2v_veh_4_veh_7,veh_4,veh_7,DIRECT_V2V,10000000,DIAGNOSTIC_SYNTHETIC_VALUE,ONE_SHARED_POOL_PER_UNORDERED_PAIR
167000000000,167,pool_v2v_veh_4_veh_8,veh_4,veh_8,DIRECT_V2V,10000000,DIAGNOSTIC_SYNTHETIC_VALUE,ONE_SHARED_POOL_PER_UNORDERED_PAIR
167000000000,167,pool_v2v_veh_4_veh_9,veh_4,veh_9,DIRECT_V2V,10000000,DIAGNOSTIC_SYNTHETIC_VALUE,ONE_SHARED_POOL_PER_UNORDERED_PAIR
167000000000,167,pool_v2v_veh_4_veh_10,veh_4,veh_10,DIRECT_V2V,10000000,DIAGNOSTIC_SYNTHETIC_VALUE,ONE_SHARED_POOL_PER_UNORDERED_PAIR
167000000000,167,pool_v2v_veh_5_veh_6,veh_5,veh_6,DIRECT_V2V,10000000,DIAGNOSTIC_SYNTHETIC_VALUE,ONE_SHARED_POOL_PER_UNORDERED_PAIR
167000000000,167,pool_v2v_veh_5_veh_7,veh_5,veh_7,DIRECT_V2V,10000000,DIAGNOSTIC_SYNTHETIC_VALUE,ONE_SHARED_POOL_PER_UNORDERED_PAIR
167000000000,167,pool_v2v_veh_5_veh_8,veh_5,veh_8,DIRECT_V2V,10000000,DIAGNOSTIC_SYNTHETIC_VALUE,ONE_SHARED_POOL_PER_UNORDERED_PAIR
167000000000,167,pool_v2v_veh_5_veh_9,veh_5,veh_9,DIRECT_V2V,10000000,DIAGNOSTIC_SYNTHETIC_VALUE,ONE_SHARED_POOL_PER_UNORDERED_PAIR
167000000000,167,pool_v2v_veh_5_veh_10,veh_5,veh_10,DIRECT_V2V,10000000,DIAGNOSTIC_SYNTHETIC_VALUE,ONE_SHARED_POOL_PER_UNORDERED_PAIR
167000000000,167,pool_v2v_veh_6_veh_7,veh_6,veh_7,DIRECT_V2V,10000000,DIAGNOSTIC_SYNTHETIC_VALUE,ONE_SHARED_POOL_PER_UNORDERED_PAIR
167000000000,167,pool_v2v_veh_6_veh_8,veh_6,veh_8,DIRECT_V2V,10000000,DIAGNOSTIC_SYNTHETIC_VALUE,ONE_SHARED_POOL_PER_UNORDERED_PAIR
167000000000,167,pool_v2v_veh_6_veh_9,veh_6,veh_9,DIRECT_V2V,10000000,DIAGNOSTIC_SYNTHETIC_VALUE,ONE_SHARED_POOL_PER_UNORDERED_PAIR
167000000000,167,pool_v2v_veh_6_veh_10,veh_6,veh_10,DIRECT_V2V,10000000,DIAGNOSTIC_SYNTHETIC_VALUE,ONE_SHARED_POOL_PER_UNORDERED_PAIR
167000000000,167,pool_v2v_veh_6_veh_11,veh_6,veh_11,DIRECT_V2V,10000000,DIAGNOSTIC_SYNTHETIC_VALUE,ONE_SHARED_POOL_PER_UNORDERED_PAIR
167000000000,167,pool_v2v_veh_7_veh_8,veh_7,veh_8,DIRECT_V2V,10000000,DIAGNOSTIC_SYNTHETIC_VALUE,ONE_SHARED_POOL_PER_UNORDERED_PAIR
167000000000,167,pool_v2v_veh_7_veh_9,veh_7,veh_9,DIRECT_V2V,10000000,DIAGNOSTIC_SYNTHETIC_VALUE,ONE_SHARED_POOL_PER_UNORDERED_PAIR
167000000000,167,pool_v2v_veh_7_veh_10,veh_7,veh_10,DIRECT_V2V,10000000,DIAGNOSTIC_SYNTHETIC_VALUE,ONE_SHARED_POOL_PER_UNORDERED_PAIR
167000000000,167,pool_v2v_veh_7_veh_11,veh_7,veh_11,DIRECT_V2V,10000000,DIAGNOSTIC_SYNTHETIC_VALUE,ONE_SHARED_POOL_PER_UNORDERED_PAIR
167000000000,167,pool_v2v_veh_8_veh_9,veh_8,veh_9,DIRECT_V2V,10000000,DIAGNOSTIC_SYNTHETIC_VALUE,ONE_SHARED_POOL_PER_UNORDERED_PAIR
167000000000,167,pool_v2v_veh_8_veh_10,veh_8,veh_10,DIRECT_V2V,10000000,DIAGNOSTIC_SYNTHETIC_VALUE,ONE_SHARED_POOL_PER_UNORDERED_PAIR
167000000000,167,pool_v2v_veh_8_veh_11,veh_8,veh_11,DIRECT_V2V,10000000,DIAGNOSTIC_SYNTHETIC_VALUE,ONE_SHARED_POOL_PER_UNORDERED_PAIR
167000000000,167,pool_v2v_veh_9_veh_10,veh_9,veh_10,DIRECT_V2V,10000000,DIAGNOSTIC_SYNTHETIC_VALUE,ONE_SHARED_POOL_PER_UNORDERED_PAIR
167000000000,167,pool_v2v_veh_9_veh_11,veh_9,veh_11,DIRECT_V2V,10000000,DIAGNOSTIC_SYNTHETIC_VALUE,ONE_SHARED_POOL_PER_UNORDERED_PAIR
167000000000,167,pool_v2v_veh_10_veh_11,veh_10,veh_11,DIRECT_V2V,10000000,DIAGNOSTIC_SYNTHETIC_VALUE,ONE_SHARED_POOL_PER_UNORDERED_PAIR
168000000000,168,pool_v2v_veh_0_veh_1,veh_0,veh_1,DIRECT_V2V,10000000,DIAGNOSTIC_SYNTHETIC_VALUE,ONE_SHARED_POOL_PER_UNORDERED_PAIR
168000000000,168,pool_v2v_veh_0_veh_2,veh_0,veh_2,DIRECT_V2V,10000000,DIAGNOSTIC_SYNTHETIC_VALUE,ONE_SHARED_POOL_PER_UNORDERED_PAIR
168000000000,168,pool_v2v_veh_0_veh_3,veh_0,veh_3,DIRECT_V2V,10000000,DIAGNOSTIC_SYNTHETIC_VALUE,ONE_SHARED_POOL_PER_UNORDERED_PAIR
168000000000,168,pool_v2v_veh_0_veh_4,veh_0,veh_4,DIRECT_V2V,10000000,DIAGNOSTIC_SYNTHETIC_VALUE,ONE_SHARED_POOL_PER_UNORDERED_PAIR
168000000000,168,pool_v2v_veh_0_veh_5,veh_0,veh_5,DIRECT_V2V,10000000,DIAGNOSTIC_SYNTHETIC_VALUE,ONE_SHARED_POOL_PER_UNORDERED_PAIR
168000000000,168,pool_v2v_veh_0_veh_6,veh_0,veh_6,DIRECT_V2V,10000000,DIAGNOSTIC_SYNTHETIC_VALUE,ONE_SHARED_POOL_PER_UNORDERED_PAIR
168000000000,168,pool_v2v_veh_1_veh_2,veh_1,veh_2,DIRECT_V2V,10000000,DIAGNOSTIC_SYNTHETIC_VALUE,ONE_SHARED_POOL_PER_UNORDERED_PAIR
168000000000,168,pool_v2v_veh_1_veh_3,veh_1,veh_3,DIRECT_V2V,10000000,DIAGNOSTIC_SYNTHETIC_VALUE,ONE_SHARED_POOL_PER_UNORDERED_PAIR
168000000000,168,pool_v2v_veh_1_veh_4,veh_1,veh_4,DIRECT_V2V,10000000,DIAGNOSTIC_SYNTHETIC_VALUE,ONE_SHARED_POOL_PER_UNORDERED_PAIR
168000000000,168,pool_v2v_veh_1_veh_5,veh_1,veh_5,DIRECT_V2V,10000000,DIAGNOSTIC_SYNTHETIC_VALUE,ONE_SHARED_POOL_PER_UNORDERED_PAIR
168000000000,168,pool_v2v_veh_1_veh_6,veh_1,veh_6,DIRECT_V2V,10000000,DIAGNOSTIC_SYNTHETIC_VALUE,ONE_SHARED_POOL_PER_UNORDERED_PAIR
168000000000,168,pool_v2v_veh_1_veh_7,veh_1,veh_7,DIRECT_V2V,10000000,DIAGNOSTIC_SYNTHETIC_VALUE,ONE_SHARED_POOL_PER_UNORDERED_PAIR
168000000000,168,pool_v2v_veh_2_veh_3,veh_2,veh_3,DIRECT_V2V,10000000,DIAGNOSTIC_SYNTHETIC_VALUE,ONE_SHARED_POOL_PER_UNORDERED_PAIR
168000000000,168,pool_v2v_veh_2_veh_4,veh_2,veh_4,DIRECT_V2V,10000000,DIAGNOSTIC_SYNTHETIC_VALUE,ONE_SHARED_POOL_PER_UNORDERED_PAIR
168000000000,168,pool_v2v_veh_2_veh_5,veh_2,veh_5,DIRECT_V2V,10000000,DIAGNOSTIC_SYNTHETIC_VALUE,ONE_SHARED_POOL_PER_UNORDERED_PAIR
168000000000,168,pool_v2v_veh_2_veh_6,veh_2,veh_6,DIRECT_V2V,10000000,DIAGNOSTIC_SYNTHETIC_VALUE,ONE_SHARED_POOL_PER_UNORDERED_PAIR
168000000000,168,pool_v2v_veh_2_veh_7,veh_2,veh_7,DIRECT_V2V,10000000,DIAGNOSTIC_SYNTHETIC_VALUE,ONE_SHARED_POOL_PER_UNORDERED_PAIR
168000000000,168,pool_v2v_veh_2_veh_8,veh_2,veh_8,DIRECT_V2V,10000000,DIAGNOSTIC_SYNTHETIC_VALUE,ONE_SHARED_POOL_PER_UNORDERED_PAIR
168000000000,168,pool_v2v_veh_3_veh_4,veh_3,veh_4,DIRECT_V2V,10000000,DIAGNOSTIC_SYNTHETIC_VALUE,ONE_SHARED_POOL_PER_UNORDERED_PAIR
168000000000,168,pool_v2v_veh_3_veh_5,veh_3,veh_5,DIRECT_V2V,10000000,DIAGNOSTIC_SYNTHETIC_VALUE,ONE_SHARED_POOL_PER_UNORDERED_PAIR
168000000000,168,pool_v2v_veh_3_veh_6,veh_3,veh_6,DIRECT_V2V,10000000,DIAGNOSTIC_SYNTHETIC_VALUE,ONE_SHARED_POOL_PER_UNORDERED_PAIR
168000000000,168,pool_v2v_veh_3_veh_7,veh_3,veh_7,DIRECT_V2V,10000000,DIAGNOSTIC_SYNTHETIC_VALUE,ONE_SHARED_POOL_PER_UNORDERED_PAIR
168000000000,168,pool_v2v_veh_3_veh_8,veh_3,veh_8,DIRECT_V2V,10000000,DIAGNOSTIC_SYNTHETIC_VALUE,ONE_SHARED_POOL_PER_UNORDERED_PAIR
168000000000,168,pool_v2v_veh_3_veh_9,veh_3,veh_9,DIRECT_V2V,10000000,DIAGNOSTIC_SYNTHETIC_VALUE,ONE_SHARED_POOL_PER_UNORDERED_PAIR
168000000000,168,pool_v2v_veh_4_veh_5,veh_4,veh_5,DIRECT_V2V,10000000,DIAGNOSTIC_SYNTHETIC_VALUE,ONE_SHARED_POOL_PER_UNORDERED_PAIR
168000000000,168,pool_v2v_veh_4_veh_6,veh_4,veh_6,DIRECT_V2V,10000000,DIAGNOSTIC_SYNTHETIC_VALUE,ONE_SHARED_POOL_PER_UNORDERED_PAIR
168000000000,168,pool_v2v_veh_4_veh_7,veh_4,veh_7,DIRECT_V2V,10000000,DIAGNOSTIC_SYNTHETIC_VALUE,ONE_SHARED_POOL_PER_UNORDERED_PAIR
168000000000,168,pool_v2v_veh_4_veh_8,veh_4,veh_8,DIRECT_V2V,10000000,DIAGNOSTIC_SYNTHETIC_VALUE,ONE_SHARED_POOL_PER_UNORDERED_PAIR
168000000000,168,pool_v2v_veh_4_veh_9,veh_4,veh_9,DIRECT_V2V,10000000,DIAGNOSTIC_SYNTHETIC_VALUE,ONE_SHARED_POOL_PER_UNORDERED_PAIR
168000000000,168,pool_v2v_veh_4_veh_10,veh_4,veh_10,DIRECT_V2V,10000000,DIAGNOSTIC_SYNTHETIC_VALUE,ONE_SHARED_POOL_PER_UNORDERED_PAIR
168000000000,168,pool_v2v_veh_5_veh_6,veh_5,veh_6,DIRECT_V2V,10000000,DIAGNOSTIC_SYNTHETIC_VALUE,ONE_SHARED_POOL_PER_UNORDERED_PAIR
168000000000,168,pool_v2v_veh_5_veh_7,veh_5,veh_7,DIRECT_V2V,10000000,DIAGNOSTIC_SYNTHETIC_VALUE,ONE_SHARED_POOL_PER_UNORDERED_PAIR
168000000000,168,pool_v2v_veh_5_veh_8,veh_5,veh_8,DIRECT_V2V,10000000,DIAGNOSTIC_SYNTHETIC_VALUE,ONE_SHARED_POOL_PER_UNORDERED_PAIR
168000000000,168,pool_v2v_veh_5_veh_9,veh_5,veh_9,DIRECT_V2V,10000000,DIAGNOSTIC_SYNTHETIC_VALUE,ONE_SHARED_POOL_PER_UNORDERED_PAIR
168000000000,168,pool_v2v_veh_5_veh_10,veh_5,veh_10,DIRECT_V2V,10000000,DIAGNOSTIC_SYNTHETIC_VALUE,ONE_SHARED_POOL_PER_UNORDERED_PAIR
168000000000,168,pool_v2v_veh_6_veh_7,veh_6,veh_7,DIRECT_V2V,10000000,DIAGNOSTIC_SYNTHETIC_VALUE,ONE_SHARED_POOL_PER_UNORDERED_PAIR
168000000000,168,pool_v2v_veh_6_veh_8,veh_6,veh_8,DIRECT_V2V,10000000,DIAGNOSTIC_SYNTHETIC_VALUE,ONE_SHARED_POOL_PER_UNORDERED_PAIR
168000000000,168,pool_v2v_veh_6_veh_9,veh_6,veh_9,DIRECT_V2V,10000000,DIAGNOSTIC_SYNTHETIC_VALUE,ONE_SHARED_POOL_PER_UNORDERED_PAIR
168000000000,168,pool_v2v_veh_6_veh_10,veh_6,veh_10,DIRECT_V2V,10000000,DIAGNOSTIC_SYNTHETIC_VALUE,ONE_SHARED_POOL_PER_UNORDERED_PAIR
168000000000,168,pool_v2v_veh_6_veh_11,veh_6,veh_11,DIRECT_V2V,10000000,DIAGNOSTIC_SYNTHETIC_VALUE,ONE_SHARED_POOL_PER_UNORDERED_PAIR
168000000000,168,pool_v2v_veh_7_veh_8,veh_7,veh_8,DIRECT_V2V,10000000,DIAGNOSTIC_SYNTHETIC_VALUE,ONE_SHARED_POOL_PER_UNORDERED_PAIR
168000000000,168,pool_v2v_veh_7_veh_9,veh_7,veh_9,DIRECT_V2V,10000000,DIAGNOSTIC_SYNTHETIC_VALUE,ONE_SHARED_POOL_PER_UNORDERED_PAIR
168000000000,168,pool_v2v_veh_7_veh_10,veh_7,veh_10,DIRECT_V2V,10000000,DIAGNOSTIC_SYNTHETIC_VALUE,ONE_SHARED_POOL_PER_UNORDERED_PAIR
168000000000,168,pool_v2v_veh_7_veh_11,veh_7,veh_11,DIRECT_V2V,10000000,DIAGNOSTIC_SYNTHETIC_VALUE,ONE_SHARED_POOL_PER_UNORDERED_PAIR
168000000000,168,pool_v2v_veh_8_veh_9,veh_8,veh_9,DIRECT_V2V,10000000,DIAGNOSTIC_SYNTHETIC_VALUE,ONE_SHARED_POOL_PER_UNORDERED_PAIR
168000000000,168,pool_v2v_veh_8_veh_10,veh_8,veh_10,DIRECT_V2V,10000000,DIAGNOSTIC_SYNTHETIC_VALUE,ONE_SHARED_POOL_PER_UNORDERED_PAIR
168000000000,168,pool_v2v_veh_8_veh_11,veh_8,veh_11,DIRECT_V2V,10000000,DIAGNOSTIC_SYNTHETIC_VALUE,ONE_SHARED_POOL_PER_UNORDERED_PAIR
168000000000,168,pool_v2v_veh_9_veh_10,veh_9,veh_10,DIRECT_V2V,10000000,DIAGNOSTIC_SYNTHETIC_VALUE,ONE_SHARED_POOL_PER_UNORDERED_PAIR
168000000000,168,pool_v2v_veh_9_veh_11,veh_9,veh_11,DIRECT_V2V,10000000,DIAGNOSTIC_SYNTHETIC_VALUE,ONE_SHARED_POOL_PER_UNORDERED_PAIR
168000000000,168,pool_v2v_veh_10_veh_11,veh_10,veh_11,DIRECT_V2V,10000000,DIAGNOSTIC_SYNTHETIC_VALUE,ONE_SHARED_POOL_PER_UNORDERED_PAIR
169000000000,169,pool_v2v_veh_0_veh_1,veh_0,veh_1,DIRECT_V2V,10000000,DIAGNOSTIC_SYNTHETIC_VALUE,ONE_SHARED_POOL_PER_UNORDERED_PAIR
169000000000,169,pool_v2v_veh_0_veh_2,veh_0,veh_2,DIRECT_V2V,10000000,DIAGNOSTIC_SYNTHETIC_VALUE,ONE_SHARED_POOL_PER_UNORDERED_PAIR
169000000000,169,pool_v2v_veh_0_veh_3,veh_0,veh_3,DIRECT_V2V,10000000,DIAGNOSTIC_SYNTHETIC_VALUE,ONE_SHARED_POOL_PER_UNORDERED_PAIR
169000000000,169,pool_v2v_veh_0_veh_4,veh_0,veh_4,DIRECT_V2V,10000000,DIAGNOSTIC_SYNTHETIC_VALUE,ONE_SHARED_POOL_PER_UNORDERED_PAIR
169000000000,169,pool_v2v_veh_0_veh_5,veh_0,veh_5,DIRECT_V2V,10000000,DIAGNOSTIC_SYNTHETIC_VALUE,ONE_SHARED_POOL_PER_UNORDERED_PAIR
169000000000,169,pool_v2v_veh_0_veh_6,veh_0,veh_6,DIRECT_V2V,10000000,DIAGNOSTIC_SYNTHETIC_VALUE,ONE_SHARED_POOL_PER_UNORDERED_PAIR
169000000000,169,pool_v2v_veh_1_veh_2,veh_1,veh_2,DIRECT_V2V,10000000,DIAGNOSTIC_SYNTHETIC_VALUE,ONE_SHARED_POOL_PER_UNORDERED_PAIR
169000000000,169,pool_v2v_veh_1_veh_3,veh_1,veh_3,DIRECT_V2V,10000000,DIAGNOSTIC_SYNTHETIC_VALUE,ONE_SHARED_POOL_PER_UNORDERED_PAIR
169000000000,169,pool_v2v_veh_1_veh_4,veh_1,veh_4,DIRECT_V2V,10000000,DIAGNOSTIC_SYNTHETIC_VALUE,ONE_SHARED_POOL_PER_UNORDERED_PAIR
169000000000,169,pool_v2v_veh_1_veh_5,veh_1,veh_5,DIRECT_V2V,10000000,DIAGNOSTIC_SYNTHETIC_VALUE,ONE_SHARED_POOL_PER_UNORDERED_PAIR
169000000000,169,pool_v2v_veh_1_veh_6,veh_1,veh_6,DIRECT_V2V,10000000,DIAGNOSTIC_SYNTHETIC_VALUE,ONE_SHARED_POOL_PER_UNORDERED_PAIR
169000000000,169,pool_v2v_veh_1_veh_7,veh_1,veh_7,DIRECT_V2V,10000000,DIAGNOSTIC_SYNTHETIC_VALUE,ONE_SHARED_POOL_PER_UNORDERED_PAIR
169000000000,169,pool_v2v_veh_2_veh_3,veh_2,veh_3,DIRECT_V2V,10000000,DIAGNOSTIC_SYNTHETIC_VALUE,ONE_SHARED_POOL_PER_UNORDERED_PAIR
169000000000,169,pool_v2v_veh_2_veh_4,veh_2,veh_4,DIRECT_V2V,10000000,DIAGNOSTIC_SYNTHETIC_VALUE,ONE_SHARED_POOL_PER_UNORDERED_PAIR
169000000000,169,pool_v2v_veh_2_veh_5,veh_2,veh_5,DIRECT_V2V,10000000,DIAGNOSTIC_SYNTHETIC_VALUE,ONE_SHARED_POOL_PER_UNORDERED_PAIR
169000000000,169,pool_v2v_veh_2_veh_6,veh_2,veh_6,DIRECT_V2V,10000000,DIAGNOSTIC_SYNTHETIC_VALUE,ONE_SHARED_POOL_PER_UNORDERED_PAIR
169000000000,169,pool_v2v_veh_2_veh_7,veh_2,veh_7,DIRECT_V2V,10000000,DIAGNOSTIC_SYNTHETIC_VALUE,ONE_SHARED_POOL_PER_UNORDERED_PAIR
169000000000,169,pool_v2v_veh_2_veh_8,veh_2,veh_8,DIRECT_V2V,10000000,DIAGNOSTIC_SYNTHETIC_VALUE,ONE_SHARED_POOL_PER_UNORDERED_PAIR
169000000000,169,pool_v2v_veh_3_veh_4,veh_3,veh_4,DIRECT_V2V,10000000,DIAGNOSTIC_SYNTHETIC_VALUE,ONE_SHARED_POOL_PER_UNORDERED_PAIR
169000000000,169,pool_v2v_veh_3_veh_5,veh_3,veh_5,DIRECT_V2V,10000000,DIAGNOSTIC_SYNTHETIC_VALUE,ONE_SHARED_POOL_PER_UNORDERED_PAIR
169000000000,169,pool_v2v_veh_3_veh_6,veh_3,veh_6,DIRECT_V2V,10000000,DIAGNOSTIC_SYNTHETIC_VALUE,ONE_SHARED_POOL_PER_UNORDERED_PAIR
169000000000,169,pool_v2v_veh_3_veh_7,veh_3,veh_7,DIRECT_V2V,10000000,DIAGNOSTIC_SYNTHETIC_VALUE,ONE_SHARED_POOL_PER_UNORDERED_PAIR
169000000000,169,pool_v2v_veh_3_veh_8,veh_3,veh_8,DIRECT_V2V,10000000,DIAGNOSTIC_SYNTHETIC_VALUE,ONE_SHARED_POOL_PER_UNORDERED_PAIR
169000000000,169,pool_v2v_veh_3_veh_9,veh_3,veh_9,DIRECT_V2V,10000000,DIAGNOSTIC_SYNTHETIC_VALUE,ONE_SHARED_POOL_PER_UNORDERED_PAIR
169000000000,169,pool_v2v_veh_4_veh_5,veh_4,veh_5,DIRECT_V2V,10000000,DIAGNOSTIC_SYNTHETIC_VALUE,ONE_SHARED_POOL_PER_UNORDERED_PAIR
169000000000,169,pool_v2v_veh_4_veh_6,veh_4,veh_6,DIRECT_V2V,10000000,DIAGNOSTIC_SYNTHETIC_VALUE,ONE_SHARED_POOL_PER_UNORDERED_PAIR
169000000000,169,pool_v2v_veh_4_veh_7,veh_4,veh_7,DIRECT_V2V,10000000,DIAGNOSTIC_SYNTHETIC_VALUE,ONE_SHARED_POOL_PER_UNORDERED_PAIR
169000000000,169,pool_v2v_veh_4_veh_8,veh_4,veh_8,DIRECT_V2V,10000000,DIAGNOSTIC_SYNTHETIC_VALUE,ONE_SHARED_POOL_PER_UNORDERED_PAIR
169000000000,169,pool_v2v_veh_4_veh_9,veh_4,veh_9,DIRECT_V2V,10000000,DIAGNOSTIC_SYNTHETIC_VALUE,ONE_SHARED_POOL_PER_UNORDERED_PAIR
169000000000,169,pool_v2v_veh_4_veh_10,veh_4,veh_10,DIRECT_V2V,10000000,DIAGNOSTIC_SYNTHETIC_VALUE,ONE_SHARED_POOL_PER_UNORDERED_PAIR
169000000000,169,pool_v2v_veh_5_veh_6,veh_5,veh_6,DIRECT_V2V,10000000,DIAGNOSTIC_SYNTHETIC_VALUE,ONE_SHARED_POOL_PER_UNORDERED_PAIR
169000000000,169,pool_v2v_veh_5_veh_7,veh_5,veh_7,DIRECT_V2V,10000000,DIAGNOSTIC_SYNTHETIC_VALUE,ONE_SHARED_POOL_PER_UNORDERED_PAIR
169000000000,169,pool_v2v_veh_5_veh_8,veh_5,veh_8,DIRECT_V2V,10000000,DIAGNOSTIC_SYNTHETIC_VALUE,ONE_SHARED_POOL_PER_UNORDERED_PAIR
169000000000,169,pool_v2v_veh_5_veh_9,veh_5,veh_9,DIRECT_V2V,10000000,DIAGNOSTIC_SYNTHETIC_VALUE,ONE_SHARED_POOL_PER_UNORDERED_PAIR
169000000000,169,pool_v2v_veh_5_veh_10,veh_5,veh_10,DIRECT_V2V,10000000,DIAGNOSTIC_SYNTHETIC_VALUE,ONE_SHARED_POOL_PER_UNORDERED_PAIR
169000000000,169,pool_v2v_veh_6_veh_7,veh_6,veh_7,DIRECT_V2V,10000000,DIAGNOSTIC_SYNTHETIC_VALUE,ONE_SHARED_POOL_PER_UNORDERED_PAIR
169000000000,169,pool_v2v_veh_6_veh_8,veh_6,veh_8,DIRECT_V2V,10000000,DIAGNOSTIC_SYNTHETIC_VALUE,ONE_SHARED_POOL_PER_UNORDERED_PAIR
169000000000,169,pool_v2v_veh_6_veh_9,veh_6,veh_9,DIRECT_V2V,10000000,DIAGNOSTIC_SYNTHETIC_VALUE,ONE_SHARED_POOL_PER_UNORDERED_PAIR
169000000000,169,pool_v2v_veh_6_veh_10,veh_6,veh_10,DIRECT_V2V,10000000,DIAGNOSTIC_SYNTHETIC_VALUE,ONE_SHARED_POOL_PER_UNORDERED_PAIR
169000000000,169,pool_v2v_veh_6_veh_11,veh_6,veh_11,DIRECT_V2V,10000000,DIAGNOSTIC_SYNTHETIC_VALUE,ONE_SHARED_POOL_PER_UNORDERED_PAIR
169000000000,169,pool_v2v_veh_7_veh_8,veh_7,veh_8,DIRECT_V2V,10000000,DIAGNOSTIC_SYNTHETIC_VALUE,ONE_SHARED_POOL_PER_UNORDERED_PAIR
169000000000,169,pool_v2v_veh_7_veh_9,veh_7,veh_9,DIRECT_V2V,10000000,DIAGNOSTIC_SYNTHETIC_VALUE,ONE_SHARED_POOL_PER_UNORDERED_PAIR
169000000000,169,pool_v2v_veh_7_veh_10,veh_7,veh_10,DIRECT_V2V,10000000,DIAGNOSTIC_SYNTHETIC_VALUE,ONE_SHARED_POOL_PER_UNORDERED_PAIR
169000000000,169,pool_v2v_veh_7_veh_11,veh_7,veh_11,DIRECT_V2V,10000000,DIAGNOSTIC_SYNTHETIC_VALUE,ONE_SHARED_POOL_PER_UNORDERED_PAIR
169000000000,169,pool_v2v_veh_8_veh_9,veh_8,veh_9,DIRECT_V2V,10000000,DIAGNOSTIC_SYNTHETIC_VALUE,ONE_SHARED_POOL_PER_UNORDERED_PAIR
169000000000,169,pool_v2v_veh_8_veh_10,veh_8,veh_10,DIRECT_V2V,10000000,DIAGNOSTIC_SYNTHETIC_VALUE,ONE_SHARED_POOL_PER_UNORDERED_PAIR
169000000000,169,pool_v2v_veh_8_veh_11,veh_8,veh_11,DIRECT_V2V,10000000,DIAGNOSTIC_SYNTHETIC_VALUE,ONE_SHARED_POOL_PER_UNORDERED_PAIR
169000000000,169,pool_v2v_veh_9_veh_10,veh_9,veh_10,DIRECT_V2V,10000000,DIAGNOSTIC_SYNTHETIC_VALUE,ONE_SHARED_POOL_PER_UNORDERED_PAIR
169000000000,169,pool_v2v_veh_9_veh_11,veh_9,veh_11,DIRECT_V2V,10000000,DIAGNOSTIC_SYNTHETIC_VALUE,ONE_SHARED_POOL_PER_UNORDERED_PAIR
169000000000,169,pool_v2v_veh_10_veh_11,veh_10,veh_11,DIRECT_V2V,10000000,DIAGNOSTIC_SYNTHETIC_VALUE,ONE_SHARED_POOL_PER_UNORDERED_PAIR
170000000000,170,pool_v2v_veh_0_veh_1,veh_0,veh_1,DIRECT_V2V,10000000,DIAGNOSTIC_SYNTHETIC_VALUE,ONE_SHARED_POOL_PER_UNORDERED_PAIR
170000000000,170,pool_v2v_veh_0_veh_2,veh_0,veh_2,DIRECT_V2V,10000000,DIAGNOSTIC_SYNTHETIC_VALUE,ONE_SHARED_POOL_PER_UNORDERED_PAIR
170000000000,170,pool_v2v_veh_0_veh_3,veh_0,veh_3,DIRECT_V2V,10000000,DIAGNOSTIC_SYNTHETIC_VALUE,ONE_SHARED_POOL_PER_UNORDERED_PAIR
170000000000,170,pool_v2v_veh_0_veh_4,veh_0,veh_4,DIRECT_V2V,10000000,DIAGNOSTIC_SYNTHETIC_VALUE,ONE_SHARED_POOL_PER_UNORDERED_PAIR
170000000000,170,pool_v2v_veh_0_veh_5,veh_0,veh_5,DIRECT_V2V,10000000,DIAGNOSTIC_SYNTHETIC_VALUE,ONE_SHARED_POOL_PER_UNORDERED_PAIR
170000000000,170,pool_v2v_veh_0_veh_6,veh_0,veh_6,DIRECT_V2V,10000000,DIAGNOSTIC_SYNTHETIC_VALUE,ONE_SHARED_POOL_PER_UNORDERED_PAIR
170000000000,170,pool_v2v_veh_1_veh_2,veh_1,veh_2,DIRECT_V2V,10000000,DIAGNOSTIC_SYNTHETIC_VALUE,ONE_SHARED_POOL_PER_UNORDERED_PAIR
170000000000,170,pool_v2v_veh_1_veh_3,veh_1,veh_3,DIRECT_V2V,10000000,DIAGNOSTIC_SYNTHETIC_VALUE,ONE_SHARED_POOL_PER_UNORDERED_PAIR
170000000000,170,pool_v2v_veh_1_veh_4,veh_1,veh_4,DIRECT_V2V,10000000,DIAGNOSTIC_SYNTHETIC_VALUE,ONE_SHARED_POOL_PER_UNORDERED_PAIR
170000000000,170,pool_v2v_veh_1_veh_5,veh_1,veh_5,DIRECT_V2V,10000000,DIAGNOSTIC_SYNTHETIC_VALUE,ONE_SHARED_POOL_PER_UNORDERED_PAIR
170000000000,170,pool_v2v_veh_1_veh_6,veh_1,veh_6,DIRECT_V2V,10000000,DIAGNOSTIC_SYNTHETIC_VALUE,ONE_SHARED_POOL_PER_UNORDERED_PAIR
170000000000,170,pool_v2v_veh_1_veh_7,veh_1,veh_7,DIRECT_V2V,10000000,DIAGNOSTIC_SYNTHETIC_VALUE,ONE_SHARED_POOL_PER_UNORDERED_PAIR
170000000000,170,pool_v2v_veh_1_veh_8,veh_1,veh_8,DIRECT_V2V,10000000,DIAGNOSTIC_SYNTHETIC_VALUE,ONE_SHARED_POOL_PER_UNORDERED_PAIR
170000000000,170,pool_v2v_veh_2_veh_3,veh_2,veh_3,DIRECT_V2V,10000000,DIAGNOSTIC_SYNTHETIC_VALUE,ONE_SHARED_POOL_PER_UNORDERED_PAIR
170000000000,170,pool_v2v_veh_2_veh_4,veh_2,veh_4,DIRECT_V2V,10000000,DIAGNOSTIC_SYNTHETIC_VALUE,ONE_SHARED_POOL_PER_UNORDERED_PAIR
170000000000,170,pool_v2v_veh_2_veh_5,veh_2,veh_5,DIRECT_V2V,10000000,DIAGNOSTIC_SYNTHETIC_VALUE,ONE_SHARED_POOL_PER_UNORDERED_PAIR
170000000000,170,pool_v2v_veh_2_veh_6,veh_2,veh_6,DIRECT_V2V,10000000,DIAGNOSTIC_SYNTHETIC_VALUE,ONE_SHARED_POOL_PER_UNORDERED_PAIR
170000000000,170,pool_v2v_veh_2_veh_7,veh_2,veh_7,DIRECT_V2V,10000000,DIAGNOSTIC_SYNTHETIC_VALUE,ONE_SHARED_POOL_PER_UNORDERED_PAIR
170000000000,170,pool_v2v_veh_2_veh_8,veh_2,veh_8,DIRECT_V2V,10000000,DIAGNOSTIC_SYNTHETIC_VALUE,ONE_SHARED_POOL_PER_UNORDERED_PAIR
170000000000,170,pool_v2v_veh_3_veh_4,veh_3,veh_4,DIRECT_V2V,10000000,DIAGNOSTIC_SYNTHETIC_VALUE,ONE_SHARED_POOL_PER_UNORDERED_PAIR
170000000000,170,pool_v2v_veh_3_veh_5,veh_3,veh_5,DIRECT_V2V,10000000,DIAGNOSTIC_SYNTHETIC_VALUE,ONE_SHARED_POOL_PER_UNORDERED_PAIR
170000000000,170,pool_v2v_veh_3_veh_6,veh_3,veh_6,DIRECT_V2V,10000000,DIAGNOSTIC_SYNTHETIC_VALUE,ONE_SHARED_POOL_PER_UNORDERED_PAIR
170000000000,170,pool_v2v_veh_3_veh_7,veh_3,veh_7,DIRECT_V2V,10000000,DIAGNOSTIC_SYNTHETIC_VALUE,ONE_SHARED_POOL_PER_UNORDERED_PAIR
170000000000,170,pool_v2v_veh_3_veh_8,veh_3,veh_8,DIRECT_V2V,10000000,DIAGNOSTIC_SYNTHETIC_VALUE,ONE_SHARED_POOL_PER_UNORDERED_PAIR
170000000000,170,pool_v2v_veh_3_veh_9,veh_3,veh_9,DIRECT_V2V,10000000,DIAGNOSTIC_SYNTHETIC_VALUE,ONE_SHARED_POOL_PER_UNORDERED_PAIR
170000000000,170,pool_v2v_veh_4_veh_5,veh_4,veh_5,DIRECT_V2V,10000000,DIAGNOSTIC_SYNTHETIC_VALUE,ONE_SHARED_POOL_PER_UNORDERED_PAIR
170000000000,170,pool_v2v_veh_4_veh_6,veh_4,veh_6,DIRECT_V2V,10000000,DIAGNOSTIC_SYNTHETIC_VALUE,ONE_SHARED_POOL_PER_UNORDERED_PAIR
170000000000,170,pool_v2v_veh_4_veh_7,veh_4,veh_7,DIRECT_V2V,10000000,DIAGNOSTIC_SYNTHETIC_VALUE,ONE_SHARED_POOL_PER_UNORDERED_PAIR
170000000000,170,pool_v2v_veh_4_veh_8,veh_4,veh_8,DIRECT_V2V,10000000,DIAGNOSTIC_SYNTHETIC_VALUE,ONE_SHARED_POOL_PER_UNORDERED_PAIR
170000000000,170,pool_v2v_veh_4_veh_9,veh_4,veh_9,DIRECT_V2V,10000000,DIAGNOSTIC_SYNTHETIC_VALUE,ONE_SHARED_POOL_PER_UNORDERED_PAIR
170000000000,170,pool_v2v_veh_4_veh_10,veh_4,veh_10,DIRECT_V2V,10000000,DIAGNOSTIC_SYNTHETIC_VALUE,ONE_SHARED_POOL_PER_UNORDERED_PAIR
170000000000,170,pool_v2v_veh_5_veh_6,veh_5,veh_6,DIRECT_V2V,10000000,DIAGNOSTIC_SYNTHETIC_VALUE,ONE_SHARED_POOL_PER_UNORDERED_PAIR
170000000000,170,pool_v2v_veh_5_veh_7,veh_5,veh_7,DIRECT_V2V,10000000,DIAGNOSTIC_SYNTHETIC_VALUE,ONE_SHARED_POOL_PER_UNORDERED_PAIR
170000000000,170,pool_v2v_veh_5_veh_8,veh_5,veh_8,DIRECT_V2V,10000000,DIAGNOSTIC_SYNTHETIC_VALUE,ONE_SHARED_POOL_PER_UNORDERED_PAIR
170000000000,170,pool_v2v_veh_5_veh_9,veh_5,veh_9,DIRECT_V2V,10000000,DIAGNOSTIC_SYNTHETIC_VALUE,ONE_SHARED_POOL_PER_UNORDERED_PAIR
170000000000,170,pool_v2v_veh_5_veh_10,veh_5,veh_10,DIRECT_V2V,10000000,DIAGNOSTIC_SYNTHETIC_VALUE,ONE_SHARED_POOL_PER_UNORDERED_PAIR
170000000000,170,pool_v2v_veh_5_veh_11,veh_5,veh_11,DIRECT_V2V,10000000,DIAGNOSTIC_SYNTHETIC_VALUE,ONE_SHARED_POOL_PER_UNORDERED_PAIR
170000000000,170,pool_v2v_veh_6_veh_7,veh_6,veh_7,DIRECT_V2V,10000000,DIAGNOSTIC_SYNTHETIC_VALUE,ONE_SHARED_POOL_PER_UNORDERED_PAIR
170000000000,170,pool_v2v_veh_6_veh_8,veh_6,veh_8,DIRECT_V2V,10000000,DIAGNOSTIC_SYNTHETIC_VALUE,ONE_SHARED_POOL_PER_UNORDERED_PAIR
170000000000,170,pool_v2v_veh_6_veh_9,veh_6,veh_9,DIRECT_V2V,10000000,DIAGNOSTIC_SYNTHETIC_VALUE,ONE_SHARED_POOL_PER_UNORDERED_PAIR
170000000000,170,pool_v2v_veh_6_veh_10,veh_6,veh_10,DIRECT_V2V,10000000,DIAGNOSTIC_SYNTHETIC_VALUE,ONE_SHARED_POOL_PER_UNORDERED_PAIR
170000000000,170,pool_v2v_veh_6_veh_11,veh_6,veh_11,DIRECT_V2V,10000000,DIAGNOSTIC_SYNTHETIC_VALUE,ONE_SHARED_POOL_PER_UNORDERED_PAIR
170000000000,170,pool_v2v_veh_7_veh_8,veh_7,veh_8,DIRECT_V2V,10000000,DIAGNOSTIC_SYNTHETIC_VALUE,ONE_SHARED_POOL_PER_UNORDERED_PAIR
170000000000,170,pool_v2v_veh_7_veh_9,veh_7,veh_9,DIRECT_V2V,10000000,DIAGNOSTIC_SYNTHETIC_VALUE,ONE_SHARED_POOL_PER_UNORDERED_PAIR
170000000000,170,pool_v2v_veh_7_veh_10,veh_7,veh_10,DIRECT_V2V,10000000,DIAGNOSTIC_SYNTHETIC_VALUE,ONE_SHARED_POOL_PER_UNORDERED_PAIR
170000000000,170,pool_v2v_veh_7_veh_11,veh_7,veh_11,DIRECT_V2V,10000000,DIAGNOSTIC_SYNTHETIC_VALUE,ONE_SHARED_POOL_PER_UNORDERED_PAIR
170000000000,170,pool_v2v_veh_8_veh_9,veh_8,veh_9,DIRECT_V2V,10000000,DIAGNOSTIC_SYNTHETIC_VALUE,ONE_SHARED_POOL_PER_UNORDERED_PAIR
170000000000,170,pool_v2v_veh_8_veh_10,veh_8,veh_10,DIRECT_V2V,10000000,DIAGNOSTIC_SYNTHETIC_VALUE,ONE_SHARED_POOL_PER_UNORDERED_PAIR
170000000000,170,pool_v2v_veh_8_veh_11,veh_8,veh_11,DIRECT_V2V,10000000,DIAGNOSTIC_SYNTHETIC_VALUE,ONE_SHARED_POOL_PER_UNORDERED_PAIR
170000000000,170,pool_v2v_veh_9_veh_10,veh_9,veh_10,DIRECT_V2V,10000000,DIAGNOSTIC_SYNTHETIC_VALUE,ONE_SHARED_POOL_PER_UNORDERED_PAIR
170000000000,170,pool_v2v_veh_9_veh_11,veh_9,veh_11,DIRECT_V2V,10000000,DIAGNOSTIC_SYNTHETIC_VALUE,ONE_SHARED_POOL_PER_UNORDERED_PAIR
170000000000,170,pool_v2v_veh_10_veh_11,veh_10,veh_11,DIRECT_V2V,10000000,DIAGNOSTIC_SYNTHETIC_VALUE,ONE_SHARED_POOL_PER_UNORDERED_PAIR
171000000000,171,pool_v2v_veh_0_veh_1,veh_0,veh_1,DIRECT_V2V,10000000,DIAGNOSTIC_SYNTHETIC_VALUE,ONE_SHARED_POOL_PER_UNORDERED_PAIR
171000000000,171,pool_v2v_veh_0_veh_2,veh_0,veh_2,DIRECT_V2V,10000000,DIAGNOSTIC_SYNTHETIC_VALUE,ONE_SHARED_POOL_PER_UNORDERED_PAIR
171000000000,171,pool_v2v_veh_0_veh_3,veh_0,veh_3,DIRECT_V2V,10000000,DIAGNOSTIC_SYNTHETIC_VALUE,ONE_SHARED_POOL_PER_UNORDERED_PAIR
171000000000,171,pool_v2v_veh_0_veh_4,veh_0,veh_4,DIRECT_V2V,10000000,DIAGNOSTIC_SYNTHETIC_VALUE,ONE_SHARED_POOL_PER_UNORDERED_PAIR
171000000000,171,pool_v2v_veh_0_veh_5,veh_0,veh_5,DIRECT_V2V,10000000,DIAGNOSTIC_SYNTHETIC_VALUE,ONE_SHARED_POOL_PER_UNORDERED_PAIR
171000000000,171,pool_v2v_veh_0_veh_6,veh_0,veh_6,DIRECT_V2V,10000000,DIAGNOSTIC_SYNTHETIC_VALUE,ONE_SHARED_POOL_PER_UNORDERED_PAIR
171000000000,171,pool_v2v_veh_1_veh_2,veh_1,veh_2,DIRECT_V2V,10000000,DIAGNOSTIC_SYNTHETIC_VALUE,ONE_SHARED_POOL_PER_UNORDERED_PAIR
171000000000,171,pool_v2v_veh_1_veh_3,veh_1,veh_3,DIRECT_V2V,10000000,DIAGNOSTIC_SYNTHETIC_VALUE,ONE_SHARED_POOL_PER_UNORDERED_PAIR
171000000000,171,pool_v2v_veh_1_veh_4,veh_1,veh_4,DIRECT_V2V,10000000,DIAGNOSTIC_SYNTHETIC_VALUE,ONE_SHARED_POOL_PER_UNORDERED_PAIR
171000000000,171,pool_v2v_veh_1_veh_5,veh_1,veh_5,DIRECT_V2V,10000000,DIAGNOSTIC_SYNTHETIC_VALUE,ONE_SHARED_POOL_PER_UNORDERED_PAIR
171000000000,171,pool_v2v_veh_1_veh_6,veh_1,veh_6,DIRECT_V2V,10000000,DIAGNOSTIC_SYNTHETIC_VALUE,ONE_SHARED_POOL_PER_UNORDERED_PAIR
171000000000,171,pool_v2v_veh_1_veh_7,veh_1,veh_7,DIRECT_V2V,10000000,DIAGNOSTIC_SYNTHETIC_VALUE,ONE_SHARED_POOL_PER_UNORDERED_PAIR
171000000000,171,pool_v2v_veh_1_veh_8,veh_1,veh_8,DIRECT_V2V,10000000,DIAGNOSTIC_SYNTHETIC_VALUE,ONE_SHARED_POOL_PER_UNORDERED_PAIR
171000000000,171,pool_v2v_veh_2_veh_3,veh_2,veh_3,DIRECT_V2V,10000000,DIAGNOSTIC_SYNTHETIC_VALUE,ONE_SHARED_POOL_PER_UNORDERED_PAIR
171000000000,171,pool_v2v_veh_2_veh_4,veh_2,veh_4,DIRECT_V2V,10000000,DIAGNOSTIC_SYNTHETIC_VALUE,ONE_SHARED_POOL_PER_UNORDERED_PAIR
171000000000,171,pool_v2v_veh_2_veh_5,veh_2,veh_5,DIRECT_V2V,10000000,DIAGNOSTIC_SYNTHETIC_VALUE,ONE_SHARED_POOL_PER_UNORDERED_PAIR
171000000000,171,pool_v2v_veh_2_veh_6,veh_2,veh_6,DIRECT_V2V,10000000,DIAGNOSTIC_SYNTHETIC_VALUE,ONE_SHARED_POOL_PER_UNORDERED_PAIR
171000000000,171,pool_v2v_veh_2_veh_7,veh_2,veh_7,DIRECT_V2V,10000000,DIAGNOSTIC_SYNTHETIC_VALUE,ONE_SHARED_POOL_PER_UNORDERED_PAIR
171000000000,171,pool_v2v_veh_2_veh_8,veh_2,veh_8,DIRECT_V2V,10000000,DIAGNOSTIC_SYNTHETIC_VALUE,ONE_SHARED_POOL_PER_UNORDERED_PAIR
171000000000,171,pool_v2v_veh_3_veh_4,veh_3,veh_4,DIRECT_V2V,10000000,DIAGNOSTIC_SYNTHETIC_VALUE,ONE_SHARED_POOL_PER_UNORDERED_PAIR
171000000000,171,pool_v2v_veh_3_veh_5,veh_3,veh_5,DIRECT_V2V,10000000,DIAGNOSTIC_SYNTHETIC_VALUE,ONE_SHARED_POOL_PER_UNORDERED_PAIR
171000000000,171,pool_v2v_veh_3_veh_6,veh_3,veh_6,DIRECT_V2V,10000000,DIAGNOSTIC_SYNTHETIC_VALUE,ONE_SHARED_POOL_PER_UNORDERED_PAIR
171000000000,171,pool_v2v_veh_3_veh_7,veh_3,veh_7,DIRECT_V2V,10000000,DIAGNOSTIC_SYNTHETIC_VALUE,ONE_SHARED_POOL_PER_UNORDERED_PAIR
171000000000,171,pool_v2v_veh_3_veh_8,veh_3,veh_8,DIRECT_V2V,10000000,DIAGNOSTIC_SYNTHETIC_VALUE,ONE_SHARED_POOL_PER_UNORDERED_PAIR
171000000000,171,pool_v2v_veh_3_veh_9,veh_3,veh_9,DIRECT_V2V,10000000,DIAGNOSTIC_SYNTHETIC_VALUE,ONE_SHARED_POOL_PER_UNORDERED_PAIR
171000000000,171,pool_v2v_veh_4_veh_5,veh_4,veh_5,DIRECT_V2V,10000000,DIAGNOSTIC_SYNTHETIC_VALUE,ONE_SHARED_POOL_PER_UNORDERED_PAIR
171000000000,171,pool_v2v_veh_4_veh_6,veh_4,veh_6,DIRECT_V2V,10000000,DIAGNOSTIC_SYNTHETIC_VALUE,ONE_SHARED_POOL_PER_UNORDERED_PAIR
171000000000,171,pool_v2v_veh_4_veh_7,veh_4,veh_7,DIRECT_V2V,10000000,DIAGNOSTIC_SYNTHETIC_VALUE,ONE_SHARED_POOL_PER_UNORDERED_PAIR
171000000000,171,pool_v2v_veh_4_veh_8,veh_4,veh_8,DIRECT_V2V,10000000,DIAGNOSTIC_SYNTHETIC_VALUE,ONE_SHARED_POOL_PER_UNORDERED_PAIR
171000000000,171,pool_v2v_veh_4_veh_9,veh_4,veh_9,DIRECT_V2V,10000000,DIAGNOSTIC_SYNTHETIC_VALUE,ONE_SHARED_POOL_PER_UNORDERED_PAIR
171000000000,171,pool_v2v_veh_4_veh_10,veh_4,veh_10,DIRECT_V2V,10000000,DIAGNOSTIC_SYNTHETIC_VALUE,ONE_SHARED_POOL_PER_UNORDERED_PAIR
171000000000,171,pool_v2v_veh_5_veh_6,veh_5,veh_6,DIRECT_V2V,10000000,DIAGNOSTIC_SYNTHETIC_VALUE,ONE_SHARED_POOL_PER_UNORDERED_PAIR
171000000000,171,pool_v2v_veh_5_veh_7,veh_5,veh_7,DIRECT_V2V,10000000,DIAGNOSTIC_SYNTHETIC_VALUE,ONE_SHARED_POOL_PER_UNORDERED_PAIR
171000000000,171,pool_v2v_veh_5_veh_8,veh_5,veh_8,DIRECT_V2V,10000000,DIAGNOSTIC_SYNTHETIC_VALUE,ONE_SHARED_POOL_PER_UNORDERED_PAIR
171000000000,171,pool_v2v_veh_5_veh_9,veh_5,veh_9,DIRECT_V2V,10000000,DIAGNOSTIC_SYNTHETIC_VALUE,ONE_SHARED_POOL_PER_UNORDERED_PAIR
171000000000,171,pool_v2v_veh_5_veh_10,veh_5,veh_10,DIRECT_V2V,10000000,DIAGNOSTIC_SYNTHETIC_VALUE,ONE_SHARED_POOL_PER_UNORDERED_PAIR
171000000000,171,pool_v2v_veh_5_veh_11,veh_5,veh_11,DIRECT_V2V,10000000,DIAGNOSTIC_SYNTHETIC_VALUE,ONE_SHARED_POOL_PER_UNORDERED_PAIR
171000000000,171,pool_v2v_veh_6_veh_7,veh_6,veh_7,DIRECT_V2V,10000000,DIAGNOSTIC_SYNTHETIC_VALUE,ONE_SHARED_POOL_PER_UNORDERED_PAIR
171000000000,171,pool_v2v_veh_6_veh_8,veh_6,veh_8,DIRECT_V2V,10000000,DIAGNOSTIC_SYNTHETIC_VALUE,ONE_SHARED_POOL_PER_UNORDERED_PAIR
171000000000,171,pool_v2v_veh_6_veh_9,veh_6,veh_9,DIRECT_V2V,10000000,DIAGNOSTIC_SYNTHETIC_VALUE,ONE_SHARED_POOL_PER_UNORDERED_PAIR
171000000000,171,pool_v2v_veh_6_veh_10,veh_6,veh_10,DIRECT_V2V,10000000,DIAGNOSTIC_SYNTHETIC_VALUE,ONE_SHARED_POOL_PER_UNORDERED_PAIR
171000000000,171,pool_v2v_veh_6_veh_11,veh_6,veh_11,DIRECT_V2V,10000000,DIAGNOSTIC_SYNTHETIC_VALUE,ONE_SHARED_POOL_PER_UNORDERED_PAIR
171000000000,171,pool_v2v_veh_7_veh_8,veh_7,veh_8,DIRECT_V2V,10000000,DIAGNOSTIC_SYNTHETIC_VALUE,ONE_SHARED_POOL_PER_UNORDERED_PAIR
171000000000,171,pool_v2v_veh_7_veh_9,veh_7,veh_9,DIRECT_V2V,10000000,DIAGNOSTIC_SYNTHETIC_VALUE,ONE_SHARED_POOL_PER_UNORDERED_PAIR
171000000000,171,pool_v2v_veh_7_veh_10,veh_7,veh_10,DIRECT_V2V,10000000,DIAGNOSTIC_SYNTHETIC_VALUE,ONE_SHARED_POOL_PER_UNORDERED_PAIR
171000000000,171,pool_v2v_veh_7_veh_11,veh_7,veh_11,DIRECT_V2V,10000000,DIAGNOSTIC_SYNTHETIC_VALUE,ONE_SHARED_POOL_PER_UNORDERED_PAIR
171000000000,171,pool_v2v_veh_8_veh_9,veh_8,veh_9,DIRECT_V2V,10000000,DIAGNOSTIC_SYNTHETIC_VALUE,ONE_SHARED_POOL_PER_UNORDERED_PAIR
171000000000,171,pool_v2v_veh_8_veh_10,veh_8,veh_10,DIRECT_V2V,10000000,DIAGNOSTIC_SYNTHETIC_VALUE,ONE_SHARED_POOL_PER_UNORDERED_PAIR
171000000000,171,pool_v2v_veh_8_veh_11,veh_8,veh_11,DIRECT_V2V,10000000,DIAGNOSTIC_SYNTHETIC_VALUE,ONE_SHARED_POOL_PER_UNORDERED_PAIR
171000000000,171,pool_v2v_veh_9_veh_10,veh_9,veh_10,DIRECT_V2V,10000000,DIAGNOSTIC_SYNTHETIC_VALUE,ONE_SHARED_POOL_PER_UNORDERED_PAIR
171000000000,171,pool_v2v_veh_9_veh_11,veh_9,veh_11,DIRECT_V2V,10000000,DIAGNOSTIC_SYNTHETIC_VALUE,ONE_SHARED_POOL_PER_UNORDERED_PAIR
171000000000,171,pool_v2v_veh_10_veh_11,veh_10,veh_11,DIRECT_V2V,10000000,DIAGNOSTIC_SYNTHETIC_VALUE,ONE_SHARED_POOL_PER_UNORDERED_PAIR
172000000000,172,pool_v2v_veh_0_veh_1,veh_0,veh_1,DIRECT_V2V,10000000,DIAGNOSTIC_SYNTHETIC_VALUE,ONE_SHARED_POOL_PER_UNORDERED_PAIR
172000000000,172,pool_v2v_veh_0_veh_2,veh_0,veh_2,DIRECT_V2V,10000000,DIAGNOSTIC_SYNTHETIC_VALUE,ONE_SHARED_POOL_PER_UNORDERED_PAIR
172000000000,172,pool_v2v_veh_0_veh_3,veh_0,veh_3,DIRECT_V2V,10000000,DIAGNOSTIC_SYNTHETIC_VALUE,ONE_SHARED_POOL_PER_UNORDERED_PAIR
172000000000,172,pool_v2v_veh_0_veh_4,veh_0,veh_4,DIRECT_V2V,10000000,DIAGNOSTIC_SYNTHETIC_VALUE,ONE_SHARED_POOL_PER_UNORDERED_PAIR
172000000000,172,pool_v2v_veh_0_veh_5,veh_0,veh_5,DIRECT_V2V,10000000,DIAGNOSTIC_SYNTHETIC_VALUE,ONE_SHARED_POOL_PER_UNORDERED_PAIR
172000000000,172,pool_v2v_veh_0_veh_6,veh_0,veh_6,DIRECT_V2V,10000000,DIAGNOSTIC_SYNTHETIC_VALUE,ONE_SHARED_POOL_PER_UNORDERED_PAIR
172000000000,172,pool_v2v_veh_1_veh_2,veh_1,veh_2,DIRECT_V2V,10000000,DIAGNOSTIC_SYNTHETIC_VALUE,ONE_SHARED_POOL_PER_UNORDERED_PAIR
172000000000,172,pool_v2v_veh_1_veh_3,veh_1,veh_3,DIRECT_V2V,10000000,DIAGNOSTIC_SYNTHETIC_VALUE,ONE_SHARED_POOL_PER_UNORDERED_PAIR
172000000000,172,pool_v2v_veh_1_veh_4,veh_1,veh_4,DIRECT_V2V,10000000,DIAGNOSTIC_SYNTHETIC_VALUE,ONE_SHARED_POOL_PER_UNORDERED_PAIR
172000000000,172,pool_v2v_veh_1_veh_5,veh_1,veh_5,DIRECT_V2V,10000000,DIAGNOSTIC_SYNTHETIC_VALUE,ONE_SHARED_POOL_PER_UNORDERED_PAIR
172000000000,172,pool_v2v_veh_1_veh_6,veh_1,veh_6,DIRECT_V2V,10000000,DIAGNOSTIC_SYNTHETIC_VALUE,ONE_SHARED_POOL_PER_UNORDERED_PAIR
172000000000,172,pool_v2v_veh_1_veh_7,veh_1,veh_7,DIRECT_V2V,10000000,DIAGNOSTIC_SYNTHETIC_VALUE,ONE_SHARED_POOL_PER_UNORDERED_PAIR
172000000000,172,pool_v2v_veh_1_veh_8,veh_1,veh_8,DIRECT_V2V,10000000,DIAGNOSTIC_SYNTHETIC_VALUE,ONE_SHARED_POOL_PER_UNORDERED_PAIR
172000000000,172,pool_v2v_veh_2_veh_3,veh_2,veh_3,DIRECT_V2V,10000000,DIAGNOSTIC_SYNTHETIC_VALUE,ONE_SHARED_POOL_PER_UNORDERED_PAIR
172000000000,172,pool_v2v_veh_2_veh_4,veh_2,veh_4,DIRECT_V2V,10000000,DIAGNOSTIC_SYNTHETIC_VALUE,ONE_SHARED_POOL_PER_UNORDERED_PAIR
172000000000,172,pool_v2v_veh_2_veh_5,veh_2,veh_5,DIRECT_V2V,10000000,DIAGNOSTIC_SYNTHETIC_VALUE,ONE_SHARED_POOL_PER_UNORDERED_PAIR
172000000000,172,pool_v2v_veh_2_veh_6,veh_2,veh_6,DIRECT_V2V,10000000,DIAGNOSTIC_SYNTHETIC_VALUE,ONE_SHARED_POOL_PER_UNORDERED_PAIR
172000000000,172,pool_v2v_veh_2_veh_7,veh_2,veh_7,DIRECT_V2V,10000000,DIAGNOSTIC_SYNTHETIC_VALUE,ONE_SHARED_POOL_PER_UNORDERED_PAIR
172000000000,172,pool_v2v_veh_2_veh_8,veh_2,veh_8,DIRECT_V2V,10000000,DIAGNOSTIC_SYNTHETIC_VALUE,ONE_SHARED_POOL_PER_UNORDERED_PAIR
172000000000,172,pool_v2v_veh_3_veh_4,veh_3,veh_4,DIRECT_V2V,10000000,DIAGNOSTIC_SYNTHETIC_VALUE,ONE_SHARED_POOL_PER_UNORDERED_PAIR
172000000000,172,pool_v2v_veh_3_veh_5,veh_3,veh_5,DIRECT_V2V,10000000,DIAGNOSTIC_SYNTHETIC_VALUE,ONE_SHARED_POOL_PER_UNORDERED_PAIR
172000000000,172,pool_v2v_veh_3_veh_6,veh_3,veh_6,DIRECT_V2V,10000000,DIAGNOSTIC_SYNTHETIC_VALUE,ONE_SHARED_POOL_PER_UNORDERED_PAIR
172000000000,172,pool_v2v_veh_3_veh_7,veh_3,veh_7,DIRECT_V2V,10000000,DIAGNOSTIC_SYNTHETIC_VALUE,ONE_SHARED_POOL_PER_UNORDERED_PAIR
172000000000,172,pool_v2v_veh_3_veh_8,veh_3,veh_8,DIRECT_V2V,10000000,DIAGNOSTIC_SYNTHETIC_VALUE,ONE_SHARED_POOL_PER_UNORDERED_PAIR
172000000000,172,pool_v2v_veh_3_veh_9,veh_3,veh_9,DIRECT_V2V,10000000,DIAGNOSTIC_SYNTHETIC_VALUE,ONE_SHARED_POOL_PER_UNORDERED_PAIR
172000000000,172,pool_v2v_veh_4_veh_5,veh_4,veh_5,DIRECT_V2V,10000000,DIAGNOSTIC_SYNTHETIC_VALUE,ONE_SHARED_POOL_PER_UNORDERED_PAIR
172000000000,172,pool_v2v_veh_4_veh_6,veh_4,veh_6,DIRECT_V2V,10000000,DIAGNOSTIC_SYNTHETIC_VALUE,ONE_SHARED_POOL_PER_UNORDERED_PAIR
172000000000,172,pool_v2v_veh_4_veh_7,veh_4,veh_7,DIRECT_V2V,10000000,DIAGNOSTIC_SYNTHETIC_VALUE,ONE_SHARED_POOL_PER_UNORDERED_PAIR
172000000000,172,pool_v2v_veh_4_veh_8,veh_4,veh_8,DIRECT_V2V,10000000,DIAGNOSTIC_SYNTHETIC_VALUE,ONE_SHARED_POOL_PER_UNORDERED_PAIR
172000000000,172,pool_v2v_veh_4_veh_9,veh_4,veh_9,DIRECT_V2V,10000000,DIAGNOSTIC_SYNTHETIC_VALUE,ONE_SHARED_POOL_PER_UNORDERED_PAIR
172000000000,172,pool_v2v_veh_4_veh_10,veh_4,veh_10,DIRECT_V2V,10000000,DIAGNOSTIC_SYNTHETIC_VALUE,ONE_SHARED_POOL_PER_UNORDERED_PAIR
172000000000,172,pool_v2v_veh_5_veh_6,veh_5,veh_6,DIRECT_V2V,10000000,DIAGNOSTIC_SYNTHETIC_VALUE,ONE_SHARED_POOL_PER_UNORDERED_PAIR
172000000000,172,pool_v2v_veh_5_veh_7,veh_5,veh_7,DIRECT_V2V,10000000,DIAGNOSTIC_SYNTHETIC_VALUE,ONE_SHARED_POOL_PER_UNORDERED_PAIR
172000000000,172,pool_v2v_veh_5_veh_8,veh_5,veh_8,DIRECT_V2V,10000000,DIAGNOSTIC_SYNTHETIC_VALUE,ONE_SHARED_POOL_PER_UNORDERED_PAIR
172000000000,172,pool_v2v_veh_5_veh_9,veh_5,veh_9,DIRECT_V2V,10000000,DIAGNOSTIC_SYNTHETIC_VALUE,ONE_SHARED_POOL_PER_UNORDERED_PAIR
172000000000,172,pool_v2v_veh_5_veh_10,veh_5,veh_10,DIRECT_V2V,10000000,DIAGNOSTIC_SYNTHETIC_VALUE,ONE_SHARED_POOL_PER_UNORDERED_PAIR
172000000000,172,pool_v2v_veh_5_veh_11,veh_5,veh_11,DIRECT_V2V,10000000,DIAGNOSTIC_SYNTHETIC_VALUE,ONE_SHARED_POOL_PER_UNORDERED_PAIR
172000000000,172,pool_v2v_veh_6_veh_7,veh_6,veh_7,DIRECT_V2V,10000000,DIAGNOSTIC_SYNTHETIC_VALUE,ONE_SHARED_POOL_PER_UNORDERED_PAIR
172000000000,172,pool_v2v_veh_6_veh_8,veh_6,veh_8,DIRECT_V2V,10000000,DIAGNOSTIC_SYNTHETIC_VALUE,ONE_SHARED_POOL_PER_UNORDERED_PAIR
172000000000,172,pool_v2v_veh_6_veh_9,veh_6,veh_9,DIRECT_V2V,10000000,DIAGNOSTIC_SYNTHETIC_VALUE,ONE_SHARED_POOL_PER_UNORDERED_PAIR
172000000000,172,pool_v2v_veh_6_veh_10,veh_6,veh_10,DIRECT_V2V,10000000,DIAGNOSTIC_SYNTHETIC_VALUE,ONE_SHARED_POOL_PER_UNORDERED_PAIR
172000000000,172,pool_v2v_veh_6_veh_11,veh_6,veh_11,DIRECT_V2V,10000000,DIAGNOSTIC_SYNTHETIC_VALUE,ONE_SHARED_POOL_PER_UNORDERED_PAIR
172000000000,172,pool_v2v_veh_7_veh_8,veh_7,veh_8,DIRECT_V2V,10000000,DIAGNOSTIC_SYNTHETIC_VALUE,ONE_SHARED_POOL_PER_UNORDERED_PAIR
172000000000,172,pool_v2v_veh_7_veh_9,veh_7,veh_9,DIRECT_V2V,10000000,DIAGNOSTIC_SYNTHETIC_VALUE,ONE_SHARED_POOL_PER_UNORDERED_PAIR
172000000000,172,pool_v2v_veh_7_veh_10,veh_7,veh_10,DIRECT_V2V,10000000,DIAGNOSTIC_SYNTHETIC_VALUE,ONE_SHARED_POOL_PER_UNORDERED_PAIR
172000000000,172,pool_v2v_veh_7_veh_11,veh_7,veh_11,DIRECT_V2V,10000000,DIAGNOSTIC_SYNTHETIC_VALUE,ONE_SHARED_POOL_PER_UNORDERED_PAIR
172000000000,172,pool_v2v_veh_8_veh_9,veh_8,veh_9,DIRECT_V2V,10000000,DIAGNOSTIC_SYNTHETIC_VALUE,ONE_SHARED_POOL_PER_UNORDERED_PAIR
172000000000,172,pool_v2v_veh_8_veh_10,veh_8,veh_10,DIRECT_V2V,10000000,DIAGNOSTIC_SYNTHETIC_VALUE,ONE_SHARED_POOL_PER_UNORDERED_PAIR
172000000000,172,pool_v2v_veh_8_veh_11,veh_8,veh_11,DIRECT_V2V,10000000,DIAGNOSTIC_SYNTHETIC_VALUE,ONE_SHARED_POOL_PER_UNORDERED_PAIR
172000000000,172,pool_v2v_veh_9_veh_10,veh_9,veh_10,DIRECT_V2V,10000000,DIAGNOSTIC_SYNTHETIC_VALUE,ONE_SHARED_POOL_PER_UNORDERED_PAIR
172000000000,172,pool_v2v_veh_9_veh_11,veh_9,veh_11,DIRECT_V2V,10000000,DIAGNOSTIC_SYNTHETIC_VALUE,ONE_SHARED_POOL_PER_UNORDERED_PAIR
172000000000,172,pool_v2v_veh_10_veh_11,veh_10,veh_11,DIRECT_V2V,10000000,DIAGNOSTIC_SYNTHETIC_VALUE,ONE_SHARED_POOL_PER_UNORDERED_PAIR
173000000000,173,pool_v2v_veh_0_veh_1,veh_0,veh_1,DIRECT_V2V,10000000,DIAGNOSTIC_SYNTHETIC_VALUE,ONE_SHARED_POOL_PER_UNORDERED_PAIR
173000000000,173,pool_v2v_veh_0_veh_2,veh_0,veh_2,DIRECT_V2V,10000000,DIAGNOSTIC_SYNTHETIC_VALUE,ONE_SHARED_POOL_PER_UNORDERED_PAIR
173000000000,173,pool_v2v_veh_0_veh_3,veh_0,veh_3,DIRECT_V2V,10000000,DIAGNOSTIC_SYNTHETIC_VALUE,ONE_SHARED_POOL_PER_UNORDERED_PAIR
173000000000,173,pool_v2v_veh_0_veh_4,veh_0,veh_4,DIRECT_V2V,10000000,DIAGNOSTIC_SYNTHETIC_VALUE,ONE_SHARED_POOL_PER_UNORDERED_PAIR
173000000000,173,pool_v2v_veh_0_veh_5,veh_0,veh_5,DIRECT_V2V,10000000,DIAGNOSTIC_SYNTHETIC_VALUE,ONE_SHARED_POOL_PER_UNORDERED_PAIR
173000000000,173,pool_v2v_veh_0_veh_6,veh_0,veh_6,DIRECT_V2V,10000000,DIAGNOSTIC_SYNTHETIC_VALUE,ONE_SHARED_POOL_PER_UNORDERED_PAIR
173000000000,173,pool_v2v_veh_1_veh_2,veh_1,veh_2,DIRECT_V2V,10000000,DIAGNOSTIC_SYNTHETIC_VALUE,ONE_SHARED_POOL_PER_UNORDERED_PAIR
173000000000,173,pool_v2v_veh_1_veh_3,veh_1,veh_3,DIRECT_V2V,10000000,DIAGNOSTIC_SYNTHETIC_VALUE,ONE_SHARED_POOL_PER_UNORDERED_PAIR
173000000000,173,pool_v2v_veh_1_veh_4,veh_1,veh_4,DIRECT_V2V,10000000,DIAGNOSTIC_SYNTHETIC_VALUE,ONE_SHARED_POOL_PER_UNORDERED_PAIR
173000000000,173,pool_v2v_veh_1_veh_5,veh_1,veh_5,DIRECT_V2V,10000000,DIAGNOSTIC_SYNTHETIC_VALUE,ONE_SHARED_POOL_PER_UNORDERED_PAIR
173000000000,173,pool_v2v_veh_1_veh_6,veh_1,veh_6,DIRECT_V2V,10000000,DIAGNOSTIC_SYNTHETIC_VALUE,ONE_SHARED_POOL_PER_UNORDERED_PAIR
173000000000,173,pool_v2v_veh_1_veh_7,veh_1,veh_7,DIRECT_V2V,10000000,DIAGNOSTIC_SYNTHETIC_VALUE,ONE_SHARED_POOL_PER_UNORDERED_PAIR
173000000000,173,pool_v2v_veh_1_veh_8,veh_1,veh_8,DIRECT_V2V,10000000,DIAGNOSTIC_SYNTHETIC_VALUE,ONE_SHARED_POOL_PER_UNORDERED_PAIR
173000000000,173,pool_v2v_veh_2_veh_3,veh_2,veh_3,DIRECT_V2V,10000000,DIAGNOSTIC_SYNTHETIC_VALUE,ONE_SHARED_POOL_PER_UNORDERED_PAIR
173000000000,173,pool_v2v_veh_2_veh_4,veh_2,veh_4,DIRECT_V2V,10000000,DIAGNOSTIC_SYNTHETIC_VALUE,ONE_SHARED_POOL_PER_UNORDERED_PAIR
173000000000,173,pool_v2v_veh_2_veh_5,veh_2,veh_5,DIRECT_V2V,10000000,DIAGNOSTIC_SYNTHETIC_VALUE,ONE_SHARED_POOL_PER_UNORDERED_PAIR
173000000000,173,pool_v2v_veh_2_veh_6,veh_2,veh_6,DIRECT_V2V,10000000,DIAGNOSTIC_SYNTHETIC_VALUE,ONE_SHARED_POOL_PER_UNORDERED_PAIR
173000000000,173,pool_v2v_veh_2_veh_7,veh_2,veh_7,DIRECT_V2V,10000000,DIAGNOSTIC_SYNTHETIC_VALUE,ONE_SHARED_POOL_PER_UNORDERED_PAIR
173000000000,173,pool_v2v_veh_2_veh_8,veh_2,veh_8,DIRECT_V2V,10000000,DIAGNOSTIC_SYNTHETIC_VALUE,ONE_SHARED_POOL_PER_UNORDERED_PAIR
173000000000,173,pool_v2v_veh_2_veh_9,veh_2,veh_9,DIRECT_V2V,10000000,DIAGNOSTIC_SYNTHETIC_VALUE,ONE_SHARED_POOL_PER_UNORDERED_PAIR
173000000000,173,pool_v2v_veh_3_veh_4,veh_3,veh_4,DIRECT_V2V,10000000,DIAGNOSTIC_SYNTHETIC_VALUE,ONE_SHARED_POOL_PER_UNORDERED_PAIR
173000000000,173,pool_v2v_veh_3_veh_5,veh_3,veh_5,DIRECT_V2V,10000000,DIAGNOSTIC_SYNTHETIC_VALUE,ONE_SHARED_POOL_PER_UNORDERED_PAIR
173000000000,173,pool_v2v_veh_3_veh_6,veh_3,veh_6,DIRECT_V2V,10000000,DIAGNOSTIC_SYNTHETIC_VALUE,ONE_SHARED_POOL_PER_UNORDERED_PAIR
173000000000,173,pool_v2v_veh_3_veh_7,veh_3,veh_7,DIRECT_V2V,10000000,DIAGNOSTIC_SYNTHETIC_VALUE,ONE_SHARED_POOL_PER_UNORDERED_PAIR
173000000000,173,pool_v2v_veh_3_veh_8,veh_3,veh_8,DIRECT_V2V,10000000,DIAGNOSTIC_SYNTHETIC_VALUE,ONE_SHARED_POOL_PER_UNORDERED_PAIR
173000000000,173,pool_v2v_veh_3_veh_9,veh_3,veh_9,DIRECT_V2V,10000000,DIAGNOSTIC_SYNTHETIC_VALUE,ONE_SHARED_POOL_PER_UNORDERED_PAIR
173000000000,173,pool_v2v_veh_4_veh_5,veh_4,veh_5,DIRECT_V2V,10000000,DIAGNOSTIC_SYNTHETIC_VALUE,ONE_SHARED_POOL_PER_UNORDERED_PAIR
173000000000,173,pool_v2v_veh_4_veh_6,veh_4,veh_6,DIRECT_V2V,10000000,DIAGNOSTIC_SYNTHETIC_VALUE,ONE_SHARED_POOL_PER_UNORDERED_PAIR
173000000000,173,pool_v2v_veh_4_veh_7,veh_4,veh_7,DIRECT_V2V,10000000,DIAGNOSTIC_SYNTHETIC_VALUE,ONE_SHARED_POOL_PER_UNORDERED_PAIR
173000000000,173,pool_v2v_veh_4_veh_8,veh_4,veh_8,DIRECT_V2V,10000000,DIAGNOSTIC_SYNTHETIC_VALUE,ONE_SHARED_POOL_PER_UNORDERED_PAIR
173000000000,173,pool_v2v_veh_4_veh_9,veh_4,veh_9,DIRECT_V2V,10000000,DIAGNOSTIC_SYNTHETIC_VALUE,ONE_SHARED_POOL_PER_UNORDERED_PAIR
173000000000,173,pool_v2v_veh_4_veh_10,veh_4,veh_10,DIRECT_V2V,10000000,DIAGNOSTIC_SYNTHETIC_VALUE,ONE_SHARED_POOL_PER_UNORDERED_PAIR
173000000000,173,pool_v2v_veh_5_veh_6,veh_5,veh_6,DIRECT_V2V,10000000,DIAGNOSTIC_SYNTHETIC_VALUE,ONE_SHARED_POOL_PER_UNORDERED_PAIR
173000000000,173,pool_v2v_veh_5_veh_7,veh_5,veh_7,DIRECT_V2V,10000000,DIAGNOSTIC_SYNTHETIC_VALUE,ONE_SHARED_POOL_PER_UNORDERED_PAIR
173000000000,173,pool_v2v_veh_5_veh_8,veh_5,veh_8,DIRECT_V2V,10000000,DIAGNOSTIC_SYNTHETIC_VALUE,ONE_SHARED_POOL_PER_UNORDERED_PAIR
173000000000,173,pool_v2v_veh_5_veh_9,veh_5,veh_9,DIRECT_V2V,10000000,DIAGNOSTIC_SYNTHETIC_VALUE,ONE_SHARED_POOL_PER_UNORDERED_PAIR
173000000000,173,pool_v2v_veh_5_veh_10,veh_5,veh_10,DIRECT_V2V,10000000,DIAGNOSTIC_SYNTHETIC_VALUE,ONE_SHARED_POOL_PER_UNORDERED_PAIR
173000000000,173,pool_v2v_veh_5_veh_11,veh_5,veh_11,DIRECT_V2V,10000000,DIAGNOSTIC_SYNTHETIC_VALUE,ONE_SHARED_POOL_PER_UNORDERED_PAIR
173000000000,173,pool_v2v_veh_6_veh_7,veh_6,veh_7,DIRECT_V2V,10000000,DIAGNOSTIC_SYNTHETIC_VALUE,ONE_SHARED_POOL_PER_UNORDERED_PAIR
173000000000,173,pool_v2v_veh_6_veh_8,veh_6,veh_8,DIRECT_V2V,10000000,DIAGNOSTIC_SYNTHETIC_VALUE,ONE_SHARED_POOL_PER_UNORDERED_PAIR
173000000000,173,pool_v2v_veh_6_veh_9,veh_6,veh_9,DIRECT_V2V,10000000,DIAGNOSTIC_SYNTHETIC_VALUE,ONE_SHARED_POOL_PER_UNORDERED_PAIR
173000000000,173,pool_v2v_veh_6_veh_10,veh_6,veh_10,DIRECT_V2V,10000000,DIAGNOSTIC_SYNTHETIC_VALUE,ONE_SHARED_POOL_PER_UNORDERED_PAIR
173000000000,173,pool_v2v_veh_6_veh_11,veh_6,veh_11,DIRECT_V2V,10000000,DIAGNOSTIC_SYNTHETIC_VALUE,ONE_SHARED_POOL_PER_UNORDERED_PAIR
173000000000,173,pool_v2v_veh_7_veh_8,veh_7,veh_8,DIRECT_V2V,10000000,DIAGNOSTIC_SYNTHETIC_VALUE,ONE_SHARED_POOL_PER_UNORDERED_PAIR
173000000000,173,pool_v2v_veh_7_veh_9,veh_7,veh_9,DIRECT_V2V,10000000,DIAGNOSTIC_SYNTHETIC_VALUE,ONE_SHARED_POOL_PER_UNORDERED_PAIR
173000000000,173,pool_v2v_veh_7_veh_10,veh_7,veh_10,DIRECT_V2V,10000000,DIAGNOSTIC_SYNTHETIC_VALUE,ONE_SHARED_POOL_PER_UNORDERED_PAIR
173000000000,173,pool_v2v_veh_7_veh_11,veh_7,veh_11,DIRECT_V2V,10000000,DIAGNOSTIC_SYNTHETIC_VALUE,ONE_SHARED_POOL_PER_UNORDERED_PAIR
173000000000,173,pool_v2v_veh_8_veh_9,veh_8,veh_9,DIRECT_V2V,10000000,DIAGNOSTIC_SYNTHETIC_VALUE,ONE_SHARED_POOL_PER_UNORDERED_PAIR
173000000000,173,pool_v2v_veh_8_veh_10,veh_8,veh_10,DIRECT_V2V,10000000,DIAGNOSTIC_SYNTHETIC_VALUE,ONE_SHARED_POOL_PER_UNORDERED_PAIR
173000000000,173,pool_v2v_veh_8_veh_11,veh_8,veh_11,DIRECT_V2V,10000000,DIAGNOSTIC_SYNTHETIC_VALUE,ONE_SHARED_POOL_PER_UNORDERED_PAIR
173000000000,173,pool_v2v_veh_9_veh_10,veh_9,veh_10,DIRECT_V2V,10000000,DIAGNOSTIC_SYNTHETIC_VALUE,ONE_SHARED_POOL_PER_UNORDERED_PAIR
173000000000,173,pool_v2v_veh_9_veh_11,veh_9,veh_11,DIRECT_V2V,10000000,DIAGNOSTIC_SYNTHETIC_VALUE,ONE_SHARED_POOL_PER_UNORDERED_PAIR
173000000000,173,pool_v2v_veh_10_veh_11,veh_10,veh_11,DIRECT_V2V,10000000,DIAGNOSTIC_SYNTHETIC_VALUE,ONE_SHARED_POOL_PER_UNORDERED_PAIR
174000000000,174,pool_v2v_veh_0_veh_1,veh_0,veh_1,DIRECT_V2V,10000000,DIAGNOSTIC_SYNTHETIC_VALUE,ONE_SHARED_POOL_PER_UNORDERED_PAIR
174000000000,174,pool_v2v_veh_0_veh_2,veh_0,veh_2,DIRECT_V2V,10000000,DIAGNOSTIC_SYNTHETIC_VALUE,ONE_SHARED_POOL_PER_UNORDERED_PAIR
174000000000,174,pool_v2v_veh_0_veh_3,veh_0,veh_3,DIRECT_V2V,10000000,DIAGNOSTIC_SYNTHETIC_VALUE,ONE_SHARED_POOL_PER_UNORDERED_PAIR
174000000000,174,pool_v2v_veh_0_veh_4,veh_0,veh_4,DIRECT_V2V,10000000,DIAGNOSTIC_SYNTHETIC_VALUE,ONE_SHARED_POOL_PER_UNORDERED_PAIR
174000000000,174,pool_v2v_veh_0_veh_5,veh_0,veh_5,DIRECT_V2V,10000000,DIAGNOSTIC_SYNTHETIC_VALUE,ONE_SHARED_POOL_PER_UNORDERED_PAIR
174000000000,174,pool_v2v_veh_0_veh_6,veh_0,veh_6,DIRECT_V2V,10000000,DIAGNOSTIC_SYNTHETIC_VALUE,ONE_SHARED_POOL_PER_UNORDERED_PAIR
174000000000,174,pool_v2v_veh_1_veh_2,veh_1,veh_2,DIRECT_V2V,10000000,DIAGNOSTIC_SYNTHETIC_VALUE,ONE_SHARED_POOL_PER_UNORDERED_PAIR
174000000000,174,pool_v2v_veh_1_veh_3,veh_1,veh_3,DIRECT_V2V,10000000,DIAGNOSTIC_SYNTHETIC_VALUE,ONE_SHARED_POOL_PER_UNORDERED_PAIR
174000000000,174,pool_v2v_veh_1_veh_4,veh_1,veh_4,DIRECT_V2V,10000000,DIAGNOSTIC_SYNTHETIC_VALUE,ONE_SHARED_POOL_PER_UNORDERED_PAIR
174000000000,174,pool_v2v_veh_1_veh_5,veh_1,veh_5,DIRECT_V2V,10000000,DIAGNOSTIC_SYNTHETIC_VALUE,ONE_SHARED_POOL_PER_UNORDERED_PAIR
174000000000,174,pool_v2v_veh_1_veh_6,veh_1,veh_6,DIRECT_V2V,10000000,DIAGNOSTIC_SYNTHETIC_VALUE,ONE_SHARED_POOL_PER_UNORDERED_PAIR
174000000000,174,pool_v2v_veh_1_veh_7,veh_1,veh_7,DIRECT_V2V,10000000,DIAGNOSTIC_SYNTHETIC_VALUE,ONE_SHARED_POOL_PER_UNORDERED_PAIR
174000000000,174,pool_v2v_veh_1_veh_8,veh_1,veh_8,DIRECT_V2V,10000000,DIAGNOSTIC_SYNTHETIC_VALUE,ONE_SHARED_POOL_PER_UNORDERED_PAIR
174000000000,174,pool_v2v_veh_2_veh_3,veh_2,veh_3,DIRECT_V2V,10000000,DIAGNOSTIC_SYNTHETIC_VALUE,ONE_SHARED_POOL_PER_UNORDERED_PAIR
174000000000,174,pool_v2v_veh_2_veh_4,veh_2,veh_4,DIRECT_V2V,10000000,DIAGNOSTIC_SYNTHETIC_VALUE,ONE_SHARED_POOL_PER_UNORDERED_PAIR
174000000000,174,pool_v2v_veh_2_veh_5,veh_2,veh_5,DIRECT_V2V,10000000,DIAGNOSTIC_SYNTHETIC_VALUE,ONE_SHARED_POOL_PER_UNORDERED_PAIR
174000000000,174,pool_v2v_veh_2_veh_6,veh_2,veh_6,DIRECT_V2V,10000000,DIAGNOSTIC_SYNTHETIC_VALUE,ONE_SHARED_POOL_PER_UNORDERED_PAIR
174000000000,174,pool_v2v_veh_2_veh_7,veh_2,veh_7,DIRECT_V2V,10000000,DIAGNOSTIC_SYNTHETIC_VALUE,ONE_SHARED_POOL_PER_UNORDERED_PAIR
174000000000,174,pool_v2v_veh_2_veh_8,veh_2,veh_8,DIRECT_V2V,10000000,DIAGNOSTIC_SYNTHETIC_VALUE,ONE_SHARED_POOL_PER_UNORDERED_PAIR
174000000000,174,pool_v2v_veh_2_veh_9,veh_2,veh_9,DIRECT_V2V,10000000,DIAGNOSTIC_SYNTHETIC_VALUE,ONE_SHARED_POOL_PER_UNORDERED_PAIR
174000000000,174,pool_v2v_veh_3_veh_4,veh_3,veh_4,DIRECT_V2V,10000000,DIAGNOSTIC_SYNTHETIC_VALUE,ONE_SHARED_POOL_PER_UNORDERED_PAIR
174000000000,174,pool_v2v_veh_3_veh_5,veh_3,veh_5,DIRECT_V2V,10000000,DIAGNOSTIC_SYNTHETIC_VALUE,ONE_SHARED_POOL_PER_UNORDERED_PAIR
174000000000,174,pool_v2v_veh_3_veh_6,veh_3,veh_6,DIRECT_V2V,10000000,DIAGNOSTIC_SYNTHETIC_VALUE,ONE_SHARED_POOL_PER_UNORDERED_PAIR
174000000000,174,pool_v2v_veh_3_veh_7,veh_3,veh_7,DIRECT_V2V,10000000,DIAGNOSTIC_SYNTHETIC_VALUE,ONE_SHARED_POOL_PER_UNORDERED_PAIR
174000000000,174,pool_v2v_veh_3_veh_8,veh_3,veh_8,DIRECT_V2V,10000000,DIAGNOSTIC_SYNTHETIC_VALUE,ONE_SHARED_POOL_PER_UNORDERED_PAIR
174000000000,174,pool_v2v_veh_3_veh_9,veh_3,veh_9,DIRECT_V2V,10000000,DIAGNOSTIC_SYNTHETIC_VALUE,ONE_SHARED_POOL_PER_UNORDERED_PAIR
174000000000,174,pool_v2v_veh_4_veh_5,veh_4,veh_5,DIRECT_V2V,10000000,DIAGNOSTIC_SYNTHETIC_VALUE,ONE_SHARED_POOL_PER_UNORDERED_PAIR
174000000000,174,pool_v2v_veh_4_veh_6,veh_4,veh_6,DIRECT_V2V,10000000,DIAGNOSTIC_SYNTHETIC_VALUE,ONE_SHARED_POOL_PER_UNORDERED_PAIR
174000000000,174,pool_v2v_veh_4_veh_7,veh_4,veh_7,DIRECT_V2V,10000000,DIAGNOSTIC_SYNTHETIC_VALUE,ONE_SHARED_POOL_PER_UNORDERED_PAIR
174000000000,174,pool_v2v_veh_4_veh_8,veh_4,veh_8,DIRECT_V2V,10000000,DIAGNOSTIC_SYNTHETIC_VALUE,ONE_SHARED_POOL_PER_UNORDERED_PAIR
174000000000,174,pool_v2v_veh_4_veh_9,veh_4,veh_9,DIRECT_V2V,10000000,DIAGNOSTIC_SYNTHETIC_VALUE,ONE_SHARED_POOL_PER_UNORDERED_PAIR
174000000000,174,pool_v2v_veh_4_veh_10,veh_4,veh_10,DIRECT_V2V,10000000,DIAGNOSTIC_SYNTHETIC_VALUE,ONE_SHARED_POOL_PER_UNORDERED_PAIR
174000000000,174,pool_v2v_veh_5_veh_6,veh_5,veh_6,DIRECT_V2V,10000000,DIAGNOSTIC_SYNTHETIC_VALUE,ONE_SHARED_POOL_PER_UNORDERED_PAIR
174000000000,174,pool_v2v_veh_5_veh_7,veh_5,veh_7,DIRECT_V2V,10000000,DIAGNOSTIC_SYNTHETIC_VALUE,ONE_SHARED_POOL_PER_UNORDERED_PAIR
174000000000,174,pool_v2v_veh_5_veh_8,veh_5,veh_8,DIRECT_V2V,10000000,DIAGNOSTIC_SYNTHETIC_VALUE,ONE_SHARED_POOL_PER_UNORDERED_PAIR
174000000000,174,pool_v2v_veh_5_veh_9,veh_5,veh_9,DIRECT_V2V,10000000,DIAGNOSTIC_SYNTHETIC_VALUE,ONE_SHARED_POOL_PER_UNORDERED_PAIR
174000000000,174,pool_v2v_veh_5_veh_10,veh_5,veh_10,DIRECT_V2V,10000000,DIAGNOSTIC_SYNTHETIC_VALUE,ONE_SHARED_POOL_PER_UNORDERED_PAIR
174000000000,174,pool_v2v_veh_5_veh_11,veh_5,veh_11,DIRECT_V2V,10000000,DIAGNOSTIC_SYNTHETIC_VALUE,ONE_SHARED_POOL_PER_UNORDERED_PAIR
174000000000,174,pool_v2v_veh_6_veh_7,veh_6,veh_7,DIRECT_V2V,10000000,DIAGNOSTIC_SYNTHETIC_VALUE,ONE_SHARED_POOL_PER_UNORDERED_PAIR
174000000000,174,pool_v2v_veh_6_veh_8,veh_6,veh_8,DIRECT_V2V,10000000,DIAGNOSTIC_SYNTHETIC_VALUE,ONE_SHARED_POOL_PER_UNORDERED_PAIR
174000000000,174,pool_v2v_veh_6_veh_9,veh_6,veh_9,DIRECT_V2V,10000000,DIAGNOSTIC_SYNTHETIC_VALUE,ONE_SHARED_POOL_PER_UNORDERED_PAIR
174000000000,174,pool_v2v_veh_6_veh_10,veh_6,veh_10,DIRECT_V2V,10000000,DIAGNOSTIC_SYNTHETIC_VALUE,ONE_SHARED_POOL_PER_UNORDERED_PAIR
174000000000,174,pool_v2v_veh_6_veh_11,veh_6,veh_11,DIRECT_V2V,10000000,DIAGNOSTIC_SYNTHETIC_VALUE,ONE_SHARED_POOL_PER_UNORDERED_PAIR
174000000000,174,pool_v2v_veh_7_veh_8,veh_7,veh_8,DIRECT_V2V,10000000,DIAGNOSTIC_SYNTHETIC_VALUE,ONE_SHARED_POOL_PER_UNORDERED_PAIR
174000000000,174,pool_v2v_veh_7_veh_9,veh_7,veh_9,DIRECT_V2V,10000000,DIAGNOSTIC_SYNTHETIC_VALUE,ONE_SHARED_POOL_PER_UNORDERED_PAIR
174000000000,174,pool_v2v_veh_7_veh_10,veh_7,veh_10,DIRECT_V2V,10000000,DIAGNOSTIC_SYNTHETIC_VALUE,ONE_SHARED_POOL_PER_UNORDERED_PAIR
174000000000,174,pool_v2v_veh_7_veh_11,veh_7,veh_11,DIRECT_V2V,10000000,DIAGNOSTIC_SYNTHETIC_VALUE,ONE_SHARED_POOL_PER_UNORDERED_PAIR
174000000000,174,pool_v2v_veh_8_veh_9,veh_8,veh_9,DIRECT_V2V,10000000,DIAGNOSTIC_SYNTHETIC_VALUE,ONE_SHARED_POOL_PER_UNORDERED_PAIR
174000000000,174,pool_v2v_veh_8_veh_10,veh_8,veh_10,DIRECT_V2V,10000000,DIAGNOSTIC_SYNTHETIC_VALUE,ONE_SHARED_POOL_PER_UNORDERED_PAIR
174000000000,174,pool_v2v_veh_8_veh_11,veh_8,veh_11,DIRECT_V2V,10000000,DIAGNOSTIC_SYNTHETIC_VALUE,ONE_SHARED_POOL_PER_UNORDERED_PAIR
174000000000,174,pool_v2v_veh_9_veh_10,veh_9,veh_10,DIRECT_V2V,10000000,DIAGNOSTIC_SYNTHETIC_VALUE,ONE_SHARED_POOL_PER_UNORDERED_PAIR
174000000000,174,pool_v2v_veh_9_veh_11,veh_9,veh_11,DIRECT_V2V,10000000,DIAGNOSTIC_SYNTHETIC_VALUE,ONE_SHARED_POOL_PER_UNORDERED_PAIR
174000000000,174,pool_v2v_veh_10_veh_11,veh_10,veh_11,DIRECT_V2V,10000000,DIAGNOSTIC_SYNTHETIC_VALUE,ONE_SHARED_POOL_PER_UNORDERED_PAIR
175000000000,175,pool_v2v_veh_0_veh_1,veh_0,veh_1,DIRECT_V2V,10000000,DIAGNOSTIC_SYNTHETIC_VALUE,ONE_SHARED_POOL_PER_UNORDERED_PAIR
175000000000,175,pool_v2v_veh_0_veh_2,veh_0,veh_2,DIRECT_V2V,10000000,DIAGNOSTIC_SYNTHETIC_VALUE,ONE_SHARED_POOL_PER_UNORDERED_PAIR
175000000000,175,pool_v2v_veh_0_veh_3,veh_0,veh_3,DIRECT_V2V,10000000,DIAGNOSTIC_SYNTHETIC_VALUE,ONE_SHARED_POOL_PER_UNORDERED_PAIR
175000000000,175,pool_v2v_veh_0_veh_4,veh_0,veh_4,DIRECT_V2V,10000000,DIAGNOSTIC_SYNTHETIC_VALUE,ONE_SHARED_POOL_PER_UNORDERED_PAIR
175000000000,175,pool_v2v_veh_0_veh_5,veh_0,veh_5,DIRECT_V2V,10000000,DIAGNOSTIC_SYNTHETIC_VALUE,ONE_SHARED_POOL_PER_UNORDERED_PAIR
175000000000,175,pool_v2v_veh_0_veh_6,veh_0,veh_6,DIRECT_V2V,10000000,DIAGNOSTIC_SYNTHETIC_VALUE,ONE_SHARED_POOL_PER_UNORDERED_PAIR
175000000000,175,pool_v2v_veh_1_veh_2,veh_1,veh_2,DIRECT_V2V,10000000,DIAGNOSTIC_SYNTHETIC_VALUE,ONE_SHARED_POOL_PER_UNORDERED_PAIR
175000000000,175,pool_v2v_veh_1_veh_3,veh_1,veh_3,DIRECT_V2V,10000000,DIAGNOSTIC_SYNTHETIC_VALUE,ONE_SHARED_POOL_PER_UNORDERED_PAIR
175000000000,175,pool_v2v_veh_1_veh_4,veh_1,veh_4,DIRECT_V2V,10000000,DIAGNOSTIC_SYNTHETIC_VALUE,ONE_SHARED_POOL_PER_UNORDERED_PAIR
175000000000,175,pool_v2v_veh_1_veh_5,veh_1,veh_5,DIRECT_V2V,10000000,DIAGNOSTIC_SYNTHETIC_VALUE,ONE_SHARED_POOL_PER_UNORDERED_PAIR
175000000000,175,pool_v2v_veh_1_veh_6,veh_1,veh_6,DIRECT_V2V,10000000,DIAGNOSTIC_SYNTHETIC_VALUE,ONE_SHARED_POOL_PER_UNORDERED_PAIR
175000000000,175,pool_v2v_veh_1_veh_7,veh_1,veh_7,DIRECT_V2V,10000000,DIAGNOSTIC_SYNTHETIC_VALUE,ONE_SHARED_POOL_PER_UNORDERED_PAIR
175000000000,175,pool_v2v_veh_1_veh_8,veh_1,veh_8,DIRECT_V2V,10000000,DIAGNOSTIC_SYNTHETIC_VALUE,ONE_SHARED_POOL_PER_UNORDERED_PAIR
175000000000,175,pool_v2v_veh_2_veh_3,veh_2,veh_3,DIRECT_V2V,10000000,DIAGNOSTIC_SYNTHETIC_VALUE,ONE_SHARED_POOL_PER_UNORDERED_PAIR
175000000000,175,pool_v2v_veh_2_veh_4,veh_2,veh_4,DIRECT_V2V,10000000,DIAGNOSTIC_SYNTHETIC_VALUE,ONE_SHARED_POOL_PER_UNORDERED_PAIR
175000000000,175,pool_v2v_veh_2_veh_5,veh_2,veh_5,DIRECT_V2V,10000000,DIAGNOSTIC_SYNTHETIC_VALUE,ONE_SHARED_POOL_PER_UNORDERED_PAIR
175000000000,175,pool_v2v_veh_2_veh_6,veh_2,veh_6,DIRECT_V2V,10000000,DIAGNOSTIC_SYNTHETIC_VALUE,ONE_SHARED_POOL_PER_UNORDERED_PAIR
175000000000,175,pool_v2v_veh_2_veh_7,veh_2,veh_7,DIRECT_V2V,10000000,DIAGNOSTIC_SYNTHETIC_VALUE,ONE_SHARED_POOL_PER_UNORDERED_PAIR
175000000000,175,pool_v2v_veh_2_veh_8,veh_2,veh_8,DIRECT_V2V,10000000,DIAGNOSTIC_SYNTHETIC_VALUE,ONE_SHARED_POOL_PER_UNORDERED_PAIR
175000000000,175,pool_v2v_veh_2_veh_9,veh_2,veh_9,DIRECT_V2V,10000000,DIAGNOSTIC_SYNTHETIC_VALUE,ONE_SHARED_POOL_PER_UNORDERED_PAIR
175000000000,175,pool_v2v_veh_3_veh_4,veh_3,veh_4,DIRECT_V2V,10000000,DIAGNOSTIC_SYNTHETIC_VALUE,ONE_SHARED_POOL_PER_UNORDERED_PAIR
175000000000,175,pool_v2v_veh_3_veh_5,veh_3,veh_5,DIRECT_V2V,10000000,DIAGNOSTIC_SYNTHETIC_VALUE,ONE_SHARED_POOL_PER_UNORDERED_PAIR
175000000000,175,pool_v2v_veh_3_veh_6,veh_3,veh_6,DIRECT_V2V,10000000,DIAGNOSTIC_SYNTHETIC_VALUE,ONE_SHARED_POOL_PER_UNORDERED_PAIR
175000000000,175,pool_v2v_veh_3_veh_7,veh_3,veh_7,DIRECT_V2V,10000000,DIAGNOSTIC_SYNTHETIC_VALUE,ONE_SHARED_POOL_PER_UNORDERED_PAIR
175000000000,175,pool_v2v_veh_3_veh_8,veh_3,veh_8,DIRECT_V2V,10000000,DIAGNOSTIC_SYNTHETIC_VALUE,ONE_SHARED_POOL_PER_UNORDERED_PAIR
175000000000,175,pool_v2v_veh_3_veh_9,veh_3,veh_9,DIRECT_V2V,10000000,DIAGNOSTIC_SYNTHETIC_VALUE,ONE_SHARED_POOL_PER_UNORDERED_PAIR
175000000000,175,pool_v2v_veh_4_veh_5,veh_4,veh_5,DIRECT_V2V,10000000,DIAGNOSTIC_SYNTHETIC_VALUE,ONE_SHARED_POOL_PER_UNORDERED_PAIR
175000000000,175,pool_v2v_veh_4_veh_6,veh_4,veh_6,DIRECT_V2V,10000000,DIAGNOSTIC_SYNTHETIC_VALUE,ONE_SHARED_POOL_PER_UNORDERED_PAIR
175000000000,175,pool_v2v_veh_4_veh_7,veh_4,veh_7,DIRECT_V2V,10000000,DIAGNOSTIC_SYNTHETIC_VALUE,ONE_SHARED_POOL_PER_UNORDERED_PAIR
175000000000,175,pool_v2v_veh_4_veh_8,veh_4,veh_8,DIRECT_V2V,10000000,DIAGNOSTIC_SYNTHETIC_VALUE,ONE_SHARED_POOL_PER_UNORDERED_PAIR
175000000000,175,pool_v2v_veh_4_veh_9,veh_4,veh_9,DIRECT_V2V,10000000,DIAGNOSTIC_SYNTHETIC_VALUE,ONE_SHARED_POOL_PER_UNORDERED_PAIR
175000000000,175,pool_v2v_veh_4_veh_10,veh_4,veh_10,DIRECT_V2V,10000000,DIAGNOSTIC_SYNTHETIC_VALUE,ONE_SHARED_POOL_PER_UNORDERED_PAIR
175000000000,175,pool_v2v_veh_5_veh_6,veh_5,veh_6,DIRECT_V2V,10000000,DIAGNOSTIC_SYNTHETIC_VALUE,ONE_SHARED_POOL_PER_UNORDERED_PAIR
175000000000,175,pool_v2v_veh_5_veh_7,veh_5,veh_7,DIRECT_V2V,10000000,DIAGNOSTIC_SYNTHETIC_VALUE,ONE_SHARED_POOL_PER_UNORDERED_PAIR
175000000000,175,pool_v2v_veh_5_veh_8,veh_5,veh_8,DIRECT_V2V,10000000,DIAGNOSTIC_SYNTHETIC_VALUE,ONE_SHARED_POOL_PER_UNORDERED_PAIR
175000000000,175,pool_v2v_veh_5_veh_9,veh_5,veh_9,DIRECT_V2V,10000000,DIAGNOSTIC_SYNTHETIC_VALUE,ONE_SHARED_POOL_PER_UNORDERED_PAIR
175000000000,175,pool_v2v_veh_5_veh_10,veh_5,veh_10,DIRECT_V2V,10000000,DIAGNOSTIC_SYNTHETIC_VALUE,ONE_SHARED_POOL_PER_UNORDERED_PAIR
175000000000,175,pool_v2v_veh_5_veh_11,veh_5,veh_11,DIRECT_V2V,10000000,DIAGNOSTIC_SYNTHETIC_VALUE,ONE_SHARED_POOL_PER_UNORDERED_PAIR
175000000000,175,pool_v2v_veh_6_veh_7,veh_6,veh_7,DIRECT_V2V,10000000,DIAGNOSTIC_SYNTHETIC_VALUE,ONE_SHARED_POOL_PER_UNORDERED_PAIR
175000000000,175,pool_v2v_veh_6_veh_8,veh_6,veh_8,DIRECT_V2V,10000000,DIAGNOSTIC_SYNTHETIC_VALUE,ONE_SHARED_POOL_PER_UNORDERED_PAIR
175000000000,175,pool_v2v_veh_6_veh_9,veh_6,veh_9,DIRECT_V2V,10000000,DIAGNOSTIC_SYNTHETIC_VALUE,ONE_SHARED_POOL_PER_UNORDERED_PAIR
175000000000,175,pool_v2v_veh_6_veh_10,veh_6,veh_10,DIRECT_V2V,10000000,DIAGNOSTIC_SYNTHETIC_VALUE,ONE_SHARED_POOL_PER_UNORDERED_PAIR
175000000000,175,pool_v2v_veh_6_veh_11,veh_6,veh_11,DIRECT_V2V,10000000,DIAGNOSTIC_SYNTHETIC_VALUE,ONE_SHARED_POOL_PER_UNORDERED_PAIR
175000000000,175,pool_v2v_veh_7_veh_8,veh_7,veh_8,DIRECT_V2V,10000000,DIAGNOSTIC_SYNTHETIC_VALUE,ONE_SHARED_POOL_PER_UNORDERED_PAIR
175000000000,175,pool_v2v_veh_7_veh_9,veh_7,veh_9,DIRECT_V2V,10000000,DIAGNOSTIC_SYNTHETIC_VALUE,ONE_SHARED_POOL_PER_UNORDERED_PAIR
175000000000,175,pool_v2v_veh_7_veh_10,veh_7,veh_10,DIRECT_V2V,10000000,DIAGNOSTIC_SYNTHETIC_VALUE,ONE_SHARED_POOL_PER_UNORDERED_PAIR
175000000000,175,pool_v2v_veh_7_veh_11,veh_7,veh_11,DIRECT_V2V,10000000,DIAGNOSTIC_SYNTHETIC_VALUE,ONE_SHARED_POOL_PER_UNORDERED_PAIR
175000000000,175,pool_v2v_veh_8_veh_9,veh_8,veh_9,DIRECT_V2V,10000000,DIAGNOSTIC_SYNTHETIC_VALUE,ONE_SHARED_POOL_PER_UNORDERED_PAIR
175000000000,175,pool_v2v_veh_8_veh_10,veh_8,veh_10,DIRECT_V2V,10000000,DIAGNOSTIC_SYNTHETIC_VALUE,ONE_SHARED_POOL_PER_UNORDERED_PAIR
175000000000,175,pool_v2v_veh_8_veh_11,veh_8,veh_11,DIRECT_V2V,10000000,DIAGNOSTIC_SYNTHETIC_VALUE,ONE_SHARED_POOL_PER_UNORDERED_PAIR
175000000000,175,pool_v2v_veh_9_veh_10,veh_9,veh_10,DIRECT_V2V,10000000,DIAGNOSTIC_SYNTHETIC_VALUE,ONE_SHARED_POOL_PER_UNORDERED_PAIR
175000000000,175,pool_v2v_veh_9_veh_11,veh_9,veh_11,DIRECT_V2V,10000000,DIAGNOSTIC_SYNTHETIC_VALUE,ONE_SHARED_POOL_PER_UNORDERED_PAIR
175000000000,175,pool_v2v_veh_10_veh_11,veh_10,veh_11,DIRECT_V2V,10000000,DIAGNOSTIC_SYNTHETIC_VALUE,ONE_SHARED_POOL_PER_UNORDERED_PAIR
176000000000,176,pool_v2v_veh_0_veh_1,veh_0,veh_1,DIRECT_V2V,10000000,DIAGNOSTIC_SYNTHETIC_VALUE,ONE_SHARED_POOL_PER_UNORDERED_PAIR
176000000000,176,pool_v2v_veh_0_veh_2,veh_0,veh_2,DIRECT_V2V,10000000,DIAGNOSTIC_SYNTHETIC_VALUE,ONE_SHARED_POOL_PER_UNORDERED_PAIR
176000000000,176,pool_v2v_veh_0_veh_3,veh_0,veh_3,DIRECT_V2V,10000000,DIAGNOSTIC_SYNTHETIC_VALUE,ONE_SHARED_POOL_PER_UNORDERED_PAIR
176000000000,176,pool_v2v_veh_0_veh_4,veh_0,veh_4,DIRECT_V2V,10000000,DIAGNOSTIC_SYNTHETIC_VALUE,ONE_SHARED_POOL_PER_UNORDERED_PAIR
176000000000,176,pool_v2v_veh_0_veh_5,veh_0,veh_5,DIRECT_V2V,10000000,DIAGNOSTIC_SYNTHETIC_VALUE,ONE_SHARED_POOL_PER_UNORDERED_PAIR
176000000000,176,pool_v2v_veh_0_veh_6,veh_0,veh_6,DIRECT_V2V,10000000,DIAGNOSTIC_SYNTHETIC_VALUE,ONE_SHARED_POOL_PER_UNORDERED_PAIR
176000000000,176,pool_v2v_veh_1_veh_2,veh_1,veh_2,DIRECT_V2V,10000000,DIAGNOSTIC_SYNTHETIC_VALUE,ONE_SHARED_POOL_PER_UNORDERED_PAIR
176000000000,176,pool_v2v_veh_1_veh_3,veh_1,veh_3,DIRECT_V2V,10000000,DIAGNOSTIC_SYNTHETIC_VALUE,ONE_SHARED_POOL_PER_UNORDERED_PAIR
176000000000,176,pool_v2v_veh_1_veh_4,veh_1,veh_4,DIRECT_V2V,10000000,DIAGNOSTIC_SYNTHETIC_VALUE,ONE_SHARED_POOL_PER_UNORDERED_PAIR
176000000000,176,pool_v2v_veh_1_veh_5,veh_1,veh_5,DIRECT_V2V,10000000,DIAGNOSTIC_SYNTHETIC_VALUE,ONE_SHARED_POOL_PER_UNORDERED_PAIR
176000000000,176,pool_v2v_veh_1_veh_6,veh_1,veh_6,DIRECT_V2V,10000000,DIAGNOSTIC_SYNTHETIC_VALUE,ONE_SHARED_POOL_PER_UNORDERED_PAIR
176000000000,176,pool_v2v_veh_1_veh_7,veh_1,veh_7,DIRECT_V2V,10000000,DIAGNOSTIC_SYNTHETIC_VALUE,ONE_SHARED_POOL_PER_UNORDERED_PAIR
176000000000,176,pool_v2v_veh_1_veh_8,veh_1,veh_8,DIRECT_V2V,10000000,DIAGNOSTIC_SYNTHETIC_VALUE,ONE_SHARED_POOL_PER_UNORDERED_PAIR
176000000000,176,pool_v2v_veh_2_veh_3,veh_2,veh_3,DIRECT_V2V,10000000,DIAGNOSTIC_SYNTHETIC_VALUE,ONE_SHARED_POOL_PER_UNORDERED_PAIR
176000000000,176,pool_v2v_veh_2_veh_4,veh_2,veh_4,DIRECT_V2V,10000000,DIAGNOSTIC_SYNTHETIC_VALUE,ONE_SHARED_POOL_PER_UNORDERED_PAIR
176000000000,176,pool_v2v_veh_2_veh_5,veh_2,veh_5,DIRECT_V2V,10000000,DIAGNOSTIC_SYNTHETIC_VALUE,ONE_SHARED_POOL_PER_UNORDERED_PAIR
176000000000,176,pool_v2v_veh_2_veh_6,veh_2,veh_6,DIRECT_V2V,10000000,DIAGNOSTIC_SYNTHETIC_VALUE,ONE_SHARED_POOL_PER_UNORDERED_PAIR
176000000000,176,pool_v2v_veh_2_veh_7,veh_2,veh_7,DIRECT_V2V,10000000,DIAGNOSTIC_SYNTHETIC_VALUE,ONE_SHARED_POOL_PER_UNORDERED_PAIR
176000000000,176,pool_v2v_veh_2_veh_8,veh_2,veh_8,DIRECT_V2V,10000000,DIAGNOSTIC_SYNTHETIC_VALUE,ONE_SHARED_POOL_PER_UNORDERED_PAIR
176000000000,176,pool_v2v_veh_2_veh_9,veh_2,veh_9,DIRECT_V2V,10000000,DIAGNOSTIC_SYNTHETIC_VALUE,ONE_SHARED_POOL_PER_UNORDERED_PAIR
176000000000,176,pool_v2v_veh_3_veh_4,veh_3,veh_4,DIRECT_V2V,10000000,DIAGNOSTIC_SYNTHETIC_VALUE,ONE_SHARED_POOL_PER_UNORDERED_PAIR
176000000000,176,pool_v2v_veh_3_veh_5,veh_3,veh_5,DIRECT_V2V,10000000,DIAGNOSTIC_SYNTHETIC_VALUE,ONE_SHARED_POOL_PER_UNORDERED_PAIR
176000000000,176,pool_v2v_veh_3_veh_6,veh_3,veh_6,DIRECT_V2V,10000000,DIAGNOSTIC_SYNTHETIC_VALUE,ONE_SHARED_POOL_PER_UNORDERED_PAIR
176000000000,176,pool_v2v_veh_3_veh_7,veh_3,veh_7,DIRECT_V2V,10000000,DIAGNOSTIC_SYNTHETIC_VALUE,ONE_SHARED_POOL_PER_UNORDERED_PAIR
176000000000,176,pool_v2v_veh_3_veh_8,veh_3,veh_8,DIRECT_V2V,10000000,DIAGNOSTIC_SYNTHETIC_VALUE,ONE_SHARED_POOL_PER_UNORDERED_PAIR
176000000000,176,pool_v2v_veh_3_veh_9,veh_3,veh_9,DIRECT_V2V,10000000,DIAGNOSTIC_SYNTHETIC_VALUE,ONE_SHARED_POOL_PER_UNORDERED_PAIR
176000000000,176,pool_v2v_veh_4_veh_5,veh_4,veh_5,DIRECT_V2V,10000000,DIAGNOSTIC_SYNTHETIC_VALUE,ONE_SHARED_POOL_PER_UNORDERED_PAIR
176000000000,176,pool_v2v_veh_4_veh_6,veh_4,veh_6,DIRECT_V2V,10000000,DIAGNOSTIC_SYNTHETIC_VALUE,ONE_SHARED_POOL_PER_UNORDERED_PAIR
176000000000,176,pool_v2v_veh_4_veh_7,veh_4,veh_7,DIRECT_V2V,10000000,DIAGNOSTIC_SYNTHETIC_VALUE,ONE_SHARED_POOL_PER_UNORDERED_PAIR
176000000000,176,pool_v2v_veh_4_veh_8,veh_4,veh_8,DIRECT_V2V,10000000,DIAGNOSTIC_SYNTHETIC_VALUE,ONE_SHARED_POOL_PER_UNORDERED_PAIR
176000000000,176,pool_v2v_veh_4_veh_9,veh_4,veh_9,DIRECT_V2V,10000000,DIAGNOSTIC_SYNTHETIC_VALUE,ONE_SHARED_POOL_PER_UNORDERED_PAIR
176000000000,176,pool_v2v_veh_4_veh_10,veh_4,veh_10,DIRECT_V2V,10000000,DIAGNOSTIC_SYNTHETIC_VALUE,ONE_SHARED_POOL_PER_UNORDERED_PAIR
176000000000,176,pool_v2v_veh_5_veh_6,veh_5,veh_6,DIRECT_V2V,10000000,DIAGNOSTIC_SYNTHETIC_VALUE,ONE_SHARED_POOL_PER_UNORDERED_PAIR
176000000000,176,pool_v2v_veh_5_veh_7,veh_5,veh_7,DIRECT_V2V,10000000,DIAGNOSTIC_SYNTHETIC_VALUE,ONE_SHARED_POOL_PER_UNORDERED_PAIR
176000000000,176,pool_v2v_veh_5_veh_8,veh_5,veh_8,DIRECT_V2V,10000000,DIAGNOSTIC_SYNTHETIC_VALUE,ONE_SHARED_POOL_PER_UNORDERED_PAIR
176000000000,176,pool_v2v_veh_5_veh_9,veh_5,veh_9,DIRECT_V2V,10000000,DIAGNOSTIC_SYNTHETIC_VALUE,ONE_SHARED_POOL_PER_UNORDERED_PAIR
176000000000,176,pool_v2v_veh_5_veh_10,veh_5,veh_10,DIRECT_V2V,10000000,DIAGNOSTIC_SYNTHETIC_VALUE,ONE_SHARED_POOL_PER_UNORDERED_PAIR
176000000000,176,pool_v2v_veh_5_veh_11,veh_5,veh_11,DIRECT_V2V,10000000,DIAGNOSTIC_SYNTHETIC_VALUE,ONE_SHARED_POOL_PER_UNORDERED_PAIR
176000000000,176,pool_v2v_veh_6_veh_7,veh_6,veh_7,DIRECT_V2V,10000000,DIAGNOSTIC_SYNTHETIC_VALUE,ONE_SHARED_POOL_PER_UNORDERED_PAIR
176000000000,176,pool_v2v_veh_6_veh_8,veh_6,veh_8,DIRECT_V2V,10000000,DIAGNOSTIC_SYNTHETIC_VALUE,ONE_SHARED_POOL_PER_UNORDERED_PAIR
176000000000,176,pool_v2v_veh_6_veh_9,veh_6,veh_9,DIRECT_V2V,10000000,DIAGNOSTIC_SYNTHETIC_VALUE,ONE_SHARED_POOL_PER_UNORDERED_PAIR
176000000000,176,pool_v2v_veh_6_veh_10,veh_6,veh_10,DIRECT_V2V,10000000,DIAGNOSTIC_SYNTHETIC_VALUE,ONE_SHARED_POOL_PER_UNORDERED_PAIR
176000000000,176,pool_v2v_veh_6_veh_11,veh_6,veh_11,DIRECT_V2V,10000000,DIAGNOSTIC_SYNTHETIC_VALUE,ONE_SHARED_POOL_PER_UNORDERED_PAIR
176000000000,176,pool_v2v_veh_7_veh_8,veh_7,veh_8,DIRECT_V2V,10000000,DIAGNOSTIC_SYNTHETIC_VALUE,ONE_SHARED_POOL_PER_UNORDERED_PAIR
176000000000,176,pool_v2v_veh_7_veh_9,veh_7,veh_9,DIRECT_V2V,10000000,DIAGNOSTIC_SYNTHETIC_VALUE,ONE_SHARED_POOL_PER_UNORDERED_PAIR
176000000000,176,pool_v2v_veh_7_veh_10,veh_7,veh_10,DIRECT_V2V,10000000,DIAGNOSTIC_SYNTHETIC_VALUE,ONE_SHARED_POOL_PER_UNORDERED_PAIR
176000000000,176,pool_v2v_veh_7_veh_11,veh_7,veh_11,DIRECT_V2V,10000000,DIAGNOSTIC_SYNTHETIC_VALUE,ONE_SHARED_POOL_PER_UNORDERED_PAIR
176000000000,176,pool_v2v_veh_8_veh_9,veh_8,veh_9,DIRECT_V2V,10000000,DIAGNOSTIC_SYNTHETIC_VALUE,ONE_SHARED_POOL_PER_UNORDERED_PAIR
176000000000,176,pool_v2v_veh_8_veh_10,veh_8,veh_10,DIRECT_V2V,10000000,DIAGNOSTIC_SYNTHETIC_VALUE,ONE_SHARED_POOL_PER_UNORDERED_PAIR
176000000000,176,pool_v2v_veh_8_veh_11,veh_8,veh_11,DIRECT_V2V,10000000,DIAGNOSTIC_SYNTHETIC_VALUE,ONE_SHARED_POOL_PER_UNORDERED_PAIR
176000000000,176,pool_v2v_veh_9_veh_10,veh_9,veh_10,DIRECT_V2V,10000000,DIAGNOSTIC_SYNTHETIC_VALUE,ONE_SHARED_POOL_PER_UNORDERED_PAIR
176000000000,176,pool_v2v_veh_9_veh_11,veh_9,veh_11,DIRECT_V2V,10000000,DIAGNOSTIC_SYNTHETIC_VALUE,ONE_SHARED_POOL_PER_UNORDERED_PAIR
176000000000,176,pool_v2v_veh_10_veh_11,veh_10,veh_11,DIRECT_V2V,10000000,DIAGNOSTIC_SYNTHETIC_VALUE,ONE_SHARED_POOL_PER_UNORDERED_PAIR
177000000000,177,pool_v2v_veh_0_veh_1,veh_0,veh_1,DIRECT_V2V,10000000,DIAGNOSTIC_SYNTHETIC_VALUE,ONE_SHARED_POOL_PER_UNORDERED_PAIR
177000000000,177,pool_v2v_veh_0_veh_2,veh_0,veh_2,DIRECT_V2V,10000000,DIAGNOSTIC_SYNTHETIC_VALUE,ONE_SHARED_POOL_PER_UNORDERED_PAIR
177000000000,177,pool_v2v_veh_0_veh_3,veh_0,veh_3,DIRECT_V2V,10000000,DIAGNOSTIC_SYNTHETIC_VALUE,ONE_SHARED_POOL_PER_UNORDERED_PAIR
177000000000,177,pool_v2v_veh_0_veh_4,veh_0,veh_4,DIRECT_V2V,10000000,DIAGNOSTIC_SYNTHETIC_VALUE,ONE_SHARED_POOL_PER_UNORDERED_PAIR
177000000000,177,pool_v2v_veh_0_veh_5,veh_0,veh_5,DIRECT_V2V,10000000,DIAGNOSTIC_SYNTHETIC_VALUE,ONE_SHARED_POOL_PER_UNORDERED_PAIR
177000000000,177,pool_v2v_veh_0_veh_6,veh_0,veh_6,DIRECT_V2V,10000000,DIAGNOSTIC_SYNTHETIC_VALUE,ONE_SHARED_POOL_PER_UNORDERED_PAIR
177000000000,177,pool_v2v_veh_1_veh_2,veh_1,veh_2,DIRECT_V2V,10000000,DIAGNOSTIC_SYNTHETIC_VALUE,ONE_SHARED_POOL_PER_UNORDERED_PAIR
177000000000,177,pool_v2v_veh_1_veh_3,veh_1,veh_3,DIRECT_V2V,10000000,DIAGNOSTIC_SYNTHETIC_VALUE,ONE_SHARED_POOL_PER_UNORDERED_PAIR
177000000000,177,pool_v2v_veh_1_veh_4,veh_1,veh_4,DIRECT_V2V,10000000,DIAGNOSTIC_SYNTHETIC_VALUE,ONE_SHARED_POOL_PER_UNORDERED_PAIR
177000000000,177,pool_v2v_veh_1_veh_5,veh_1,veh_5,DIRECT_V2V,10000000,DIAGNOSTIC_SYNTHETIC_VALUE,ONE_SHARED_POOL_PER_UNORDERED_PAIR
177000000000,177,pool_v2v_veh_1_veh_6,veh_1,veh_6,DIRECT_V2V,10000000,DIAGNOSTIC_SYNTHETIC_VALUE,ONE_SHARED_POOL_PER_UNORDERED_PAIR
177000000000,177,pool_v2v_veh_1_veh_7,veh_1,veh_7,DIRECT_V2V,10000000,DIAGNOSTIC_SYNTHETIC_VALUE,ONE_SHARED_POOL_PER_UNORDERED_PAIR
177000000000,177,pool_v2v_veh_2_veh_3,veh_2,veh_3,DIRECT_V2V,10000000,DIAGNOSTIC_SYNTHETIC_VALUE,ONE_SHARED_POOL_PER_UNORDERED_PAIR
177000000000,177,pool_v2v_veh_2_veh_4,veh_2,veh_4,DIRECT_V2V,10000000,DIAGNOSTIC_SYNTHETIC_VALUE,ONE_SHARED_POOL_PER_UNORDERED_PAIR
177000000000,177,pool_v2v_veh_2_veh_5,veh_2,veh_5,DIRECT_V2V,10000000,DIAGNOSTIC_SYNTHETIC_VALUE,ONE_SHARED_POOL_PER_UNORDERED_PAIR
177000000000,177,pool_v2v_veh_2_veh_6,veh_2,veh_6,DIRECT_V2V,10000000,DIAGNOSTIC_SYNTHETIC_VALUE,ONE_SHARED_POOL_PER_UNORDERED_PAIR
177000000000,177,pool_v2v_veh_2_veh_7,veh_2,veh_7,DIRECT_V2V,10000000,DIAGNOSTIC_SYNTHETIC_VALUE,ONE_SHARED_POOL_PER_UNORDERED_PAIR
177000000000,177,pool_v2v_veh_2_veh_8,veh_2,veh_8,DIRECT_V2V,10000000,DIAGNOSTIC_SYNTHETIC_VALUE,ONE_SHARED_POOL_PER_UNORDERED_PAIR
177000000000,177,pool_v2v_veh_2_veh_9,veh_2,veh_9,DIRECT_V2V,10000000,DIAGNOSTIC_SYNTHETIC_VALUE,ONE_SHARED_POOL_PER_UNORDERED_PAIR
177000000000,177,pool_v2v_veh_3_veh_4,veh_3,veh_4,DIRECT_V2V,10000000,DIAGNOSTIC_SYNTHETIC_VALUE,ONE_SHARED_POOL_PER_UNORDERED_PAIR
177000000000,177,pool_v2v_veh_3_veh_5,veh_3,veh_5,DIRECT_V2V,10000000,DIAGNOSTIC_SYNTHETIC_VALUE,ONE_SHARED_POOL_PER_UNORDERED_PAIR
177000000000,177,pool_v2v_veh_3_veh_6,veh_3,veh_6,DIRECT_V2V,10000000,DIAGNOSTIC_SYNTHETIC_VALUE,ONE_SHARED_POOL_PER_UNORDERED_PAIR
177000000000,177,pool_v2v_veh_3_veh_7,veh_3,veh_7,DIRECT_V2V,10000000,DIAGNOSTIC_SYNTHETIC_VALUE,ONE_SHARED_POOL_PER_UNORDERED_PAIR
177000000000,177,pool_v2v_veh_3_veh_8,veh_3,veh_8,DIRECT_V2V,10000000,DIAGNOSTIC_SYNTHETIC_VALUE,ONE_SHARED_POOL_PER_UNORDERED_PAIR
177000000000,177,pool_v2v_veh_3_veh_9,veh_3,veh_9,DIRECT_V2V,10000000,DIAGNOSTIC_SYNTHETIC_VALUE,ONE_SHARED_POOL_PER_UNORDERED_PAIR
177000000000,177,pool_v2v_veh_3_veh_10,veh_3,veh_10,DIRECT_V2V,10000000,DIAGNOSTIC_SYNTHETIC_VALUE,ONE_SHARED_POOL_PER_UNORDERED_PAIR
177000000000,177,pool_v2v_veh_4_veh_5,veh_4,veh_5,DIRECT_V2V,10000000,DIAGNOSTIC_SYNTHETIC_VALUE,ONE_SHARED_POOL_PER_UNORDERED_PAIR
177000000000,177,pool_v2v_veh_4_veh_6,veh_4,veh_6,DIRECT_V2V,10000000,DIAGNOSTIC_SYNTHETIC_VALUE,ONE_SHARED_POOL_PER_UNORDERED_PAIR
177000000000,177,pool_v2v_veh_4_veh_7,veh_4,veh_7,DIRECT_V2V,10000000,DIAGNOSTIC_SYNTHETIC_VALUE,ONE_SHARED_POOL_PER_UNORDERED_PAIR
177000000000,177,pool_v2v_veh_4_veh_8,veh_4,veh_8,DIRECT_V2V,10000000,DIAGNOSTIC_SYNTHETIC_VALUE,ONE_SHARED_POOL_PER_UNORDERED_PAIR
177000000000,177,pool_v2v_veh_4_veh_9,veh_4,veh_9,DIRECT_V2V,10000000,DIAGNOSTIC_SYNTHETIC_VALUE,ONE_SHARED_POOL_PER_UNORDERED_PAIR
177000000000,177,pool_v2v_veh_4_veh_10,veh_4,veh_10,DIRECT_V2V,10000000,DIAGNOSTIC_SYNTHETIC_VALUE,ONE_SHARED_POOL_PER_UNORDERED_PAIR
177000000000,177,pool_v2v_veh_5_veh_6,veh_5,veh_6,DIRECT_V2V,10000000,DIAGNOSTIC_SYNTHETIC_VALUE,ONE_SHARED_POOL_PER_UNORDERED_PAIR
177000000000,177,pool_v2v_veh_5_veh_7,veh_5,veh_7,DIRECT_V2V,10000000,DIAGNOSTIC_SYNTHETIC_VALUE,ONE_SHARED_POOL_PER_UNORDERED_PAIR
177000000000,177,pool_v2v_veh_5_veh_8,veh_5,veh_8,DIRECT_V2V,10000000,DIAGNOSTIC_SYNTHETIC_VALUE,ONE_SHARED_POOL_PER_UNORDERED_PAIR
177000000000,177,pool_v2v_veh_5_veh_9,veh_5,veh_9,DIRECT_V2V,10000000,DIAGNOSTIC_SYNTHETIC_VALUE,ONE_SHARED_POOL_PER_UNORDERED_PAIR
177000000000,177,pool_v2v_veh_5_veh_10,veh_5,veh_10,DIRECT_V2V,10000000,DIAGNOSTIC_SYNTHETIC_VALUE,ONE_SHARED_POOL_PER_UNORDERED_PAIR
177000000000,177,pool_v2v_veh_5_veh_11,veh_5,veh_11,DIRECT_V2V,10000000,DIAGNOSTIC_SYNTHETIC_VALUE,ONE_SHARED_POOL_PER_UNORDERED_PAIR
177000000000,177,pool_v2v_veh_6_veh_7,veh_6,veh_7,DIRECT_V2V,10000000,DIAGNOSTIC_SYNTHETIC_VALUE,ONE_SHARED_POOL_PER_UNORDERED_PAIR
177000000000,177,pool_v2v_veh_6_veh_8,veh_6,veh_8,DIRECT_V2V,10000000,DIAGNOSTIC_SYNTHETIC_VALUE,ONE_SHARED_POOL_PER_UNORDERED_PAIR
177000000000,177,pool_v2v_veh_6_veh_9,veh_6,veh_9,DIRECT_V2V,10000000,DIAGNOSTIC_SYNTHETIC_VALUE,ONE_SHARED_POOL_PER_UNORDERED_PAIR
177000000000,177,pool_v2v_veh_6_veh_10,veh_6,veh_10,DIRECT_V2V,10000000,DIAGNOSTIC_SYNTHETIC_VALUE,ONE_SHARED_POOL_PER_UNORDERED_PAIR
177000000000,177,pool_v2v_veh_6_veh_11,veh_6,veh_11,DIRECT_V2V,10000000,DIAGNOSTIC_SYNTHETIC_VALUE,ONE_SHARED_POOL_PER_UNORDERED_PAIR
177000000000,177,pool_v2v_veh_7_veh_8,veh_7,veh_8,DIRECT_V2V,10000000,DIAGNOSTIC_SYNTHETIC_VALUE,ONE_SHARED_POOL_PER_UNORDERED_PAIR
177000000000,177,pool_v2v_veh_7_veh_9,veh_7,veh_9,DIRECT_V2V,10000000,DIAGNOSTIC_SYNTHETIC_VALUE,ONE_SHARED_POOL_PER_UNORDERED_PAIR
177000000000,177,pool_v2v_veh_7_veh_10,veh_7,veh_10,DIRECT_V2V,10000000,DIAGNOSTIC_SYNTHETIC_VALUE,ONE_SHARED_POOL_PER_UNORDERED_PAIR
177000000000,177,pool_v2v_veh_7_veh_11,veh_7,veh_11,DIRECT_V2V,10000000,DIAGNOSTIC_SYNTHETIC_VALUE,ONE_SHARED_POOL_PER_UNORDERED_PAIR
177000000000,177,pool_v2v_veh_8_veh_9,veh_8,veh_9,DIRECT_V2V,10000000,DIAGNOSTIC_SYNTHETIC_VALUE,ONE_SHARED_POOL_PER_UNORDERED_PAIR
177000000000,177,pool_v2v_veh_8_veh_10,veh_8,veh_10,DIRECT_V2V,10000000,DIAGNOSTIC_SYNTHETIC_VALUE,ONE_SHARED_POOL_PER_UNORDERED_PAIR
177000000000,177,pool_v2v_veh_8_veh_11,veh_8,veh_11,DIRECT_V2V,10000000,DIAGNOSTIC_SYNTHETIC_VALUE,ONE_SHARED_POOL_PER_UNORDERED_PAIR
177000000000,177,pool_v2v_veh_9_veh_10,veh_9,veh_10,DIRECT_V2V,10000000,DIAGNOSTIC_SYNTHETIC_VALUE,ONE_SHARED_POOL_PER_UNORDERED_PAIR
177000000000,177,pool_v2v_veh_9_veh_11,veh_9,veh_11,DIRECT_V2V,10000000,DIAGNOSTIC_SYNTHETIC_VALUE,ONE_SHARED_POOL_PER_UNORDERED_PAIR
177000000000,177,pool_v2v_veh_10_veh_11,veh_10,veh_11,DIRECT_V2V,10000000,DIAGNOSTIC_SYNTHETIC_VALUE,ONE_SHARED_POOL_PER_UNORDERED_PAIR
178000000000,178,pool_v2v_veh_0_veh_1,veh_0,veh_1,DIRECT_V2V,10000000,DIAGNOSTIC_SYNTHETIC_VALUE,ONE_SHARED_POOL_PER_UNORDERED_PAIR
178000000000,178,pool_v2v_veh_0_veh_2,veh_0,veh_2,DIRECT_V2V,10000000,DIAGNOSTIC_SYNTHETIC_VALUE,ONE_SHARED_POOL_PER_UNORDERED_PAIR
178000000000,178,pool_v2v_veh_0_veh_3,veh_0,veh_3,DIRECT_V2V,10000000,DIAGNOSTIC_SYNTHETIC_VALUE,ONE_SHARED_POOL_PER_UNORDERED_PAIR
178000000000,178,pool_v2v_veh_0_veh_4,veh_0,veh_4,DIRECT_V2V,10000000,DIAGNOSTIC_SYNTHETIC_VALUE,ONE_SHARED_POOL_PER_UNORDERED_PAIR
178000000000,178,pool_v2v_veh_0_veh_5,veh_0,veh_5,DIRECT_V2V,10000000,DIAGNOSTIC_SYNTHETIC_VALUE,ONE_SHARED_POOL_PER_UNORDERED_PAIR
178000000000,178,pool_v2v_veh_0_veh_6,veh_0,veh_6,DIRECT_V2V,10000000,DIAGNOSTIC_SYNTHETIC_VALUE,ONE_SHARED_POOL_PER_UNORDERED_PAIR
178000000000,178,pool_v2v_veh_1_veh_2,veh_1,veh_2,DIRECT_V2V,10000000,DIAGNOSTIC_SYNTHETIC_VALUE,ONE_SHARED_POOL_PER_UNORDERED_PAIR
178000000000,178,pool_v2v_veh_1_veh_3,veh_1,veh_3,DIRECT_V2V,10000000,DIAGNOSTIC_SYNTHETIC_VALUE,ONE_SHARED_POOL_PER_UNORDERED_PAIR
178000000000,178,pool_v2v_veh_1_veh_4,veh_1,veh_4,DIRECT_V2V,10000000,DIAGNOSTIC_SYNTHETIC_VALUE,ONE_SHARED_POOL_PER_UNORDERED_PAIR
178000000000,178,pool_v2v_veh_1_veh_5,veh_1,veh_5,DIRECT_V2V,10000000,DIAGNOSTIC_SYNTHETIC_VALUE,ONE_SHARED_POOL_PER_UNORDERED_PAIR
178000000000,178,pool_v2v_veh_1_veh_6,veh_1,veh_6,DIRECT_V2V,10000000,DIAGNOSTIC_SYNTHETIC_VALUE,ONE_SHARED_POOL_PER_UNORDERED_PAIR
178000000000,178,pool_v2v_veh_1_veh_7,veh_1,veh_7,DIRECT_V2V,10000000,DIAGNOSTIC_SYNTHETIC_VALUE,ONE_SHARED_POOL_PER_UNORDERED_PAIR
178000000000,178,pool_v2v_veh_2_veh_3,veh_2,veh_3,DIRECT_V2V,10000000,DIAGNOSTIC_SYNTHETIC_VALUE,ONE_SHARED_POOL_PER_UNORDERED_PAIR
178000000000,178,pool_v2v_veh_2_veh_4,veh_2,veh_4,DIRECT_V2V,10000000,DIAGNOSTIC_SYNTHETIC_VALUE,ONE_SHARED_POOL_PER_UNORDERED_PAIR
178000000000,178,pool_v2v_veh_2_veh_5,veh_2,veh_5,DIRECT_V2V,10000000,DIAGNOSTIC_SYNTHETIC_VALUE,ONE_SHARED_POOL_PER_UNORDERED_PAIR
178000000000,178,pool_v2v_veh_2_veh_6,veh_2,veh_6,DIRECT_V2V,10000000,DIAGNOSTIC_SYNTHETIC_VALUE,ONE_SHARED_POOL_PER_UNORDERED_PAIR
178000000000,178,pool_v2v_veh_2_veh_7,veh_2,veh_7,DIRECT_V2V,10000000,DIAGNOSTIC_SYNTHETIC_VALUE,ONE_SHARED_POOL_PER_UNORDERED_PAIR
178000000000,178,pool_v2v_veh_2_veh_8,veh_2,veh_8,DIRECT_V2V,10000000,DIAGNOSTIC_SYNTHETIC_VALUE,ONE_SHARED_POOL_PER_UNORDERED_PAIR
178000000000,178,pool_v2v_veh_2_veh_9,veh_2,veh_9,DIRECT_V2V,10000000,DIAGNOSTIC_SYNTHETIC_VALUE,ONE_SHARED_POOL_PER_UNORDERED_PAIR
178000000000,178,pool_v2v_veh_3_veh_4,veh_3,veh_4,DIRECT_V2V,10000000,DIAGNOSTIC_SYNTHETIC_VALUE,ONE_SHARED_POOL_PER_UNORDERED_PAIR
178000000000,178,pool_v2v_veh_3_veh_5,veh_3,veh_5,DIRECT_V2V,10000000,DIAGNOSTIC_SYNTHETIC_VALUE,ONE_SHARED_POOL_PER_UNORDERED_PAIR
178000000000,178,pool_v2v_veh_3_veh_6,veh_3,veh_6,DIRECT_V2V,10000000,DIAGNOSTIC_SYNTHETIC_VALUE,ONE_SHARED_POOL_PER_UNORDERED_PAIR
178000000000,178,pool_v2v_veh_3_veh_7,veh_3,veh_7,DIRECT_V2V,10000000,DIAGNOSTIC_SYNTHETIC_VALUE,ONE_SHARED_POOL_PER_UNORDERED_PAIR
178000000000,178,pool_v2v_veh_3_veh_8,veh_3,veh_8,DIRECT_V2V,10000000,DIAGNOSTIC_SYNTHETIC_VALUE,ONE_SHARED_POOL_PER_UNORDERED_PAIR
178000000000,178,pool_v2v_veh_3_veh_9,veh_3,veh_9,DIRECT_V2V,10000000,DIAGNOSTIC_SYNTHETIC_VALUE,ONE_SHARED_POOL_PER_UNORDERED_PAIR
178000000000,178,pool_v2v_veh_3_veh_10,veh_3,veh_10,DIRECT_V2V,10000000,DIAGNOSTIC_SYNTHETIC_VALUE,ONE_SHARED_POOL_PER_UNORDERED_PAIR
178000000000,178,pool_v2v_veh_4_veh_5,veh_4,veh_5,DIRECT_V2V,10000000,DIAGNOSTIC_SYNTHETIC_VALUE,ONE_SHARED_POOL_PER_UNORDERED_PAIR
178000000000,178,pool_v2v_veh_4_veh_6,veh_4,veh_6,DIRECT_V2V,10000000,DIAGNOSTIC_SYNTHETIC_VALUE,ONE_SHARED_POOL_PER_UNORDERED_PAIR
178000000000,178,pool_v2v_veh_4_veh_7,veh_4,veh_7,DIRECT_V2V,10000000,DIAGNOSTIC_SYNTHETIC_VALUE,ONE_SHARED_POOL_PER_UNORDERED_PAIR
178000000000,178,pool_v2v_veh_4_veh_8,veh_4,veh_8,DIRECT_V2V,10000000,DIAGNOSTIC_SYNTHETIC_VALUE,ONE_SHARED_POOL_PER_UNORDERED_PAIR
178000000000,178,pool_v2v_veh_4_veh_9,veh_4,veh_9,DIRECT_V2V,10000000,DIAGNOSTIC_SYNTHETIC_VALUE,ONE_SHARED_POOL_PER_UNORDERED_PAIR
178000000000,178,pool_v2v_veh_4_veh_10,veh_4,veh_10,DIRECT_V2V,10000000,DIAGNOSTIC_SYNTHETIC_VALUE,ONE_SHARED_POOL_PER_UNORDERED_PAIR
178000000000,178,pool_v2v_veh_5_veh_6,veh_5,veh_6,DIRECT_V2V,10000000,DIAGNOSTIC_SYNTHETIC_VALUE,ONE_SHARED_POOL_PER_UNORDERED_PAIR
178000000000,178,pool_v2v_veh_5_veh_7,veh_5,veh_7,DIRECT_V2V,10000000,DIAGNOSTIC_SYNTHETIC_VALUE,ONE_SHARED_POOL_PER_UNORDERED_PAIR
178000000000,178,pool_v2v_veh_5_veh_8,veh_5,veh_8,DIRECT_V2V,10000000,DIAGNOSTIC_SYNTHETIC_VALUE,ONE_SHARED_POOL_PER_UNORDERED_PAIR
178000000000,178,pool_v2v_veh_5_veh_9,veh_5,veh_9,DIRECT_V2V,10000000,DIAGNOSTIC_SYNTHETIC_VALUE,ONE_SHARED_POOL_PER_UNORDERED_PAIR
178000000000,178,pool_v2v_veh_5_veh_10,veh_5,veh_10,DIRECT_V2V,10000000,DIAGNOSTIC_SYNTHETIC_VALUE,ONE_SHARED_POOL_PER_UNORDERED_PAIR
178000000000,178,pool_v2v_veh_5_veh_11,veh_5,veh_11,DIRECT_V2V,10000000,DIAGNOSTIC_SYNTHETIC_VALUE,ONE_SHARED_POOL_PER_UNORDERED_PAIR
178000000000,178,pool_v2v_veh_6_veh_7,veh_6,veh_7,DIRECT_V2V,10000000,DIAGNOSTIC_SYNTHETIC_VALUE,ONE_SHARED_POOL_PER_UNORDERED_PAIR
178000000000,178,pool_v2v_veh_6_veh_8,veh_6,veh_8,DIRECT_V2V,10000000,DIAGNOSTIC_SYNTHETIC_VALUE,ONE_SHARED_POOL_PER_UNORDERED_PAIR
178000000000,178,pool_v2v_veh_6_veh_9,veh_6,veh_9,DIRECT_V2V,10000000,DIAGNOSTIC_SYNTHETIC_VALUE,ONE_SHARED_POOL_PER_UNORDERED_PAIR
178000000000,178,pool_v2v_veh_6_veh_10,veh_6,veh_10,DIRECT_V2V,10000000,DIAGNOSTIC_SYNTHETIC_VALUE,ONE_SHARED_POOL_PER_UNORDERED_PAIR
178000000000,178,pool_v2v_veh_6_veh_11,veh_6,veh_11,DIRECT_V2V,10000000,DIAGNOSTIC_SYNTHETIC_VALUE,ONE_SHARED_POOL_PER_UNORDERED_PAIR
178000000000,178,pool_v2v_veh_7_veh_8,veh_7,veh_8,DIRECT_V2V,10000000,DIAGNOSTIC_SYNTHETIC_VALUE,ONE_SHARED_POOL_PER_UNORDERED_PAIR
178000000000,178,pool_v2v_veh_7_veh_9,veh_7,veh_9,DIRECT_V2V,10000000,DIAGNOSTIC_SYNTHETIC_VALUE,ONE_SHARED_POOL_PER_UNORDERED_PAIR
178000000000,178,pool_v2v_veh_7_veh_10,veh_7,veh_10,DIRECT_V2V,10000000,DIAGNOSTIC_SYNTHETIC_VALUE,ONE_SHARED_POOL_PER_UNORDERED_PAIR
178000000000,178,pool_v2v_veh_7_veh_11,veh_7,veh_11,DIRECT_V2V,10000000,DIAGNOSTIC_SYNTHETIC_VALUE,ONE_SHARED_POOL_PER_UNORDERED_PAIR
178000000000,178,pool_v2v_veh_8_veh_9,veh_8,veh_9,DIRECT_V2V,10000000,DIAGNOSTIC_SYNTHETIC_VALUE,ONE_SHARED_POOL_PER_UNORDERED_PAIR
178000000000,178,pool_v2v_veh_8_veh_10,veh_8,veh_10,DIRECT_V2V,10000000,DIAGNOSTIC_SYNTHETIC_VALUE,ONE_SHARED_POOL_PER_UNORDERED_PAIR
178000000000,178,pool_v2v_veh_8_veh_11,veh_8,veh_11,DIRECT_V2V,10000000,DIAGNOSTIC_SYNTHETIC_VALUE,ONE_SHARED_POOL_PER_UNORDERED_PAIR
178000000000,178,pool_v2v_veh_9_veh_10,veh_9,veh_10,DIRECT_V2V,10000000,DIAGNOSTIC_SYNTHETIC_VALUE,ONE_SHARED_POOL_PER_UNORDERED_PAIR
178000000000,178,pool_v2v_veh_9_veh_11,veh_9,veh_11,DIRECT_V2V,10000000,DIAGNOSTIC_SYNTHETIC_VALUE,ONE_SHARED_POOL_PER_UNORDERED_PAIR
178000000000,178,pool_v2v_veh_10_veh_11,veh_10,veh_11,DIRECT_V2V,10000000,DIAGNOSTIC_SYNTHETIC_VALUE,ONE_SHARED_POOL_PER_UNORDERED_PAIR
179000000000,179,pool_v2v_veh_0_veh_1,veh_0,veh_1,DIRECT_V2V,10000000,DIAGNOSTIC_SYNTHETIC_VALUE,ONE_SHARED_POOL_PER_UNORDERED_PAIR
179000000000,179,pool_v2v_veh_0_veh_2,veh_0,veh_2,DIRECT_V2V,10000000,DIAGNOSTIC_SYNTHETIC_VALUE,ONE_SHARED_POOL_PER_UNORDERED_PAIR
179000000000,179,pool_v2v_veh_0_veh_3,veh_0,veh_3,DIRECT_V2V,10000000,DIAGNOSTIC_SYNTHETIC_VALUE,ONE_SHARED_POOL_PER_UNORDERED_PAIR
179000000000,179,pool_v2v_veh_0_veh_4,veh_0,veh_4,DIRECT_V2V,10000000,DIAGNOSTIC_SYNTHETIC_VALUE,ONE_SHARED_POOL_PER_UNORDERED_PAIR
179000000000,179,pool_v2v_veh_0_veh_5,veh_0,veh_5,DIRECT_V2V,10000000,DIAGNOSTIC_SYNTHETIC_VALUE,ONE_SHARED_POOL_PER_UNORDERED_PAIR
179000000000,179,pool_v2v_veh_0_veh_6,veh_0,veh_6,DIRECT_V2V,10000000,DIAGNOSTIC_SYNTHETIC_VALUE,ONE_SHARED_POOL_PER_UNORDERED_PAIR
179000000000,179,pool_v2v_veh_1_veh_2,veh_1,veh_2,DIRECT_V2V,10000000,DIAGNOSTIC_SYNTHETIC_VALUE,ONE_SHARED_POOL_PER_UNORDERED_PAIR
179000000000,179,pool_v2v_veh_1_veh_3,veh_1,veh_3,DIRECT_V2V,10000000,DIAGNOSTIC_SYNTHETIC_VALUE,ONE_SHARED_POOL_PER_UNORDERED_PAIR
179000000000,179,pool_v2v_veh_1_veh_4,veh_1,veh_4,DIRECT_V2V,10000000,DIAGNOSTIC_SYNTHETIC_VALUE,ONE_SHARED_POOL_PER_UNORDERED_PAIR
179000000000,179,pool_v2v_veh_1_veh_5,veh_1,veh_5,DIRECT_V2V,10000000,DIAGNOSTIC_SYNTHETIC_VALUE,ONE_SHARED_POOL_PER_UNORDERED_PAIR
179000000000,179,pool_v2v_veh_1_veh_6,veh_1,veh_6,DIRECT_V2V,10000000,DIAGNOSTIC_SYNTHETIC_VALUE,ONE_SHARED_POOL_PER_UNORDERED_PAIR
179000000000,179,pool_v2v_veh_1_veh_7,veh_1,veh_7,DIRECT_V2V,10000000,DIAGNOSTIC_SYNTHETIC_VALUE,ONE_SHARED_POOL_PER_UNORDERED_PAIR
179000000000,179,pool_v2v_veh_2_veh_3,veh_2,veh_3,DIRECT_V2V,10000000,DIAGNOSTIC_SYNTHETIC_VALUE,ONE_SHARED_POOL_PER_UNORDERED_PAIR
179000000000,179,pool_v2v_veh_2_veh_4,veh_2,veh_4,DIRECT_V2V,10000000,DIAGNOSTIC_SYNTHETIC_VALUE,ONE_SHARED_POOL_PER_UNORDERED_PAIR
179000000000,179,pool_v2v_veh_2_veh_5,veh_2,veh_5,DIRECT_V2V,10000000,DIAGNOSTIC_SYNTHETIC_VALUE,ONE_SHARED_POOL_PER_UNORDERED_PAIR
179000000000,179,pool_v2v_veh_2_veh_6,veh_2,veh_6,DIRECT_V2V,10000000,DIAGNOSTIC_SYNTHETIC_VALUE,ONE_SHARED_POOL_PER_UNORDERED_PAIR
179000000000,179,pool_v2v_veh_2_veh_7,veh_2,veh_7,DIRECT_V2V,10000000,DIAGNOSTIC_SYNTHETIC_VALUE,ONE_SHARED_POOL_PER_UNORDERED_PAIR
179000000000,179,pool_v2v_veh_2_veh_8,veh_2,veh_8,DIRECT_V2V,10000000,DIAGNOSTIC_SYNTHETIC_VALUE,ONE_SHARED_POOL_PER_UNORDERED_PAIR
179000000000,179,pool_v2v_veh_2_veh_9,veh_2,veh_9,DIRECT_V2V,10000000,DIAGNOSTIC_SYNTHETIC_VALUE,ONE_SHARED_POOL_PER_UNORDERED_PAIR
179000000000,179,pool_v2v_veh_3_veh_4,veh_3,veh_4,DIRECT_V2V,10000000,DIAGNOSTIC_SYNTHETIC_VALUE,ONE_SHARED_POOL_PER_UNORDERED_PAIR
179000000000,179,pool_v2v_veh_3_veh_5,veh_3,veh_5,DIRECT_V2V,10000000,DIAGNOSTIC_SYNTHETIC_VALUE,ONE_SHARED_POOL_PER_UNORDERED_PAIR
179000000000,179,pool_v2v_veh_3_veh_6,veh_3,veh_6,DIRECT_V2V,10000000,DIAGNOSTIC_SYNTHETIC_VALUE,ONE_SHARED_POOL_PER_UNORDERED_PAIR
179000000000,179,pool_v2v_veh_3_veh_7,veh_3,veh_7,DIRECT_V2V,10000000,DIAGNOSTIC_SYNTHETIC_VALUE,ONE_SHARED_POOL_PER_UNORDERED_PAIR
179000000000,179,pool_v2v_veh_3_veh_8,veh_3,veh_8,DIRECT_V2V,10000000,DIAGNOSTIC_SYNTHETIC_VALUE,ONE_SHARED_POOL_PER_UNORDERED_PAIR
179000000000,179,pool_v2v_veh_3_veh_9,veh_3,veh_9,DIRECT_V2V,10000000,DIAGNOSTIC_SYNTHETIC_VALUE,ONE_SHARED_POOL_PER_UNORDERED_PAIR
179000000000,179,pool_v2v_veh_3_veh_10,veh_3,veh_10,DIRECT_V2V,10000000,DIAGNOSTIC_SYNTHETIC_VALUE,ONE_SHARED_POOL_PER_UNORDERED_PAIR
179000000000,179,pool_v2v_veh_4_veh_5,veh_4,veh_5,DIRECT_V2V,10000000,DIAGNOSTIC_SYNTHETIC_VALUE,ONE_SHARED_POOL_PER_UNORDERED_PAIR
179000000000,179,pool_v2v_veh_4_veh_6,veh_4,veh_6,DIRECT_V2V,10000000,DIAGNOSTIC_SYNTHETIC_VALUE,ONE_SHARED_POOL_PER_UNORDERED_PAIR
179000000000,179,pool_v2v_veh_4_veh_7,veh_4,veh_7,DIRECT_V2V,10000000,DIAGNOSTIC_SYNTHETIC_VALUE,ONE_SHARED_POOL_PER_UNORDERED_PAIR
179000000000,179,pool_v2v_veh_4_veh_8,veh_4,veh_8,DIRECT_V2V,10000000,DIAGNOSTIC_SYNTHETIC_VALUE,ONE_SHARED_POOL_PER_UNORDERED_PAIR
179000000000,179,pool_v2v_veh_4_veh_9,veh_4,veh_9,DIRECT_V2V,10000000,DIAGNOSTIC_SYNTHETIC_VALUE,ONE_SHARED_POOL_PER_UNORDERED_PAIR
179000000000,179,pool_v2v_veh_4_veh_10,veh_4,veh_10,DIRECT_V2V,10000000,DIAGNOSTIC_SYNTHETIC_VALUE,ONE_SHARED_POOL_PER_UNORDERED_PAIR
179000000000,179,pool_v2v_veh_5_veh_6,veh_5,veh_6,DIRECT_V2V,10000000,DIAGNOSTIC_SYNTHETIC_VALUE,ONE_SHARED_POOL_PER_UNORDERED_PAIR
179000000000,179,pool_v2v_veh_5_veh_7,veh_5,veh_7,DIRECT_V2V,10000000,DIAGNOSTIC_SYNTHETIC_VALUE,ONE_SHARED_POOL_PER_UNORDERED_PAIR
179000000000,179,pool_v2v_veh_5_veh_8,veh_5,veh_8,DIRECT_V2V,10000000,DIAGNOSTIC_SYNTHETIC_VALUE,ONE_SHARED_POOL_PER_UNORDERED_PAIR
179000000000,179,pool_v2v_veh_5_veh_9,veh_5,veh_9,DIRECT_V2V,10000000,DIAGNOSTIC_SYNTHETIC_VALUE,ONE_SHARED_POOL_PER_UNORDERED_PAIR
179000000000,179,pool_v2v_veh_5_veh_10,veh_5,veh_10,DIRECT_V2V,10000000,DIAGNOSTIC_SYNTHETIC_VALUE,ONE_SHARED_POOL_PER_UNORDERED_PAIR
179000000000,179,pool_v2v_veh_5_veh_11,veh_5,veh_11,DIRECT_V2V,10000000,DIAGNOSTIC_SYNTHETIC_VALUE,ONE_SHARED_POOL_PER_UNORDERED_PAIR
179000000000,179,pool_v2v_veh_6_veh_7,veh_6,veh_7,DIRECT_V2V,10000000,DIAGNOSTIC_SYNTHETIC_VALUE,ONE_SHARED_POOL_PER_UNORDERED_PAIR
179000000000,179,pool_v2v_veh_6_veh_8,veh_6,veh_8,DIRECT_V2V,10000000,DIAGNOSTIC_SYNTHETIC_VALUE,ONE_SHARED_POOL_PER_UNORDERED_PAIR
179000000000,179,pool_v2v_veh_6_veh_9,veh_6,veh_9,DIRECT_V2V,10000000,DIAGNOSTIC_SYNTHETIC_VALUE,ONE_SHARED_POOL_PER_UNORDERED_PAIR
179000000000,179,pool_v2v_veh_6_veh_10,veh_6,veh_10,DIRECT_V2V,10000000,DIAGNOSTIC_SYNTHETIC_VALUE,ONE_SHARED_POOL_PER_UNORDERED_PAIR
179000000000,179,pool_v2v_veh_6_veh_11,veh_6,veh_11,DIRECT_V2V,10000000,DIAGNOSTIC_SYNTHETIC_VALUE,ONE_SHARED_POOL_PER_UNORDERED_PAIR
179000000000,179,pool_v2v_veh_7_veh_8,veh_7,veh_8,DIRECT_V2V,10000000,DIAGNOSTIC_SYNTHETIC_VALUE,ONE_SHARED_POOL_PER_UNORDERED_PAIR
179000000000,179,pool_v2v_veh_7_veh_9,veh_7,veh_9,DIRECT_V2V,10000000,DIAGNOSTIC_SYNTHETIC_VALUE,ONE_SHARED_POOL_PER_UNORDERED_PAIR
179000000000,179,pool_v2v_veh_7_veh_10,veh_7,veh_10,DIRECT_V2V,10000000,DIAGNOSTIC_SYNTHETIC_VALUE,ONE_SHARED_POOL_PER_UNORDERED_PAIR
179000000000,179,pool_v2v_veh_7_veh_11,veh_7,veh_11,DIRECT_V2V,10000000,DIAGNOSTIC_SYNTHETIC_VALUE,ONE_SHARED_POOL_PER_UNORDERED_PAIR
179000000000,179,pool_v2v_veh_8_veh_9,veh_8,veh_9,DIRECT_V2V,10000000,DIAGNOSTIC_SYNTHETIC_VALUE,ONE_SHARED_POOL_PER_UNORDERED_PAIR
179000000000,179,pool_v2v_veh_8_veh_10,veh_8,veh_10,DIRECT_V2V,10000000,DIAGNOSTIC_SYNTHETIC_VALUE,ONE_SHARED_POOL_PER_UNORDERED_PAIR
179000000000,179,pool_v2v_veh_8_veh_11,veh_8,veh_11,DIRECT_V2V,10000000,DIAGNOSTIC_SYNTHETIC_VALUE,ONE_SHARED_POOL_PER_UNORDERED_PAIR
179000000000,179,pool_v2v_veh_9_veh_10,veh_9,veh_10,DIRECT_V2V,10000000,DIAGNOSTIC_SYNTHETIC_VALUE,ONE_SHARED_POOL_PER_UNORDERED_PAIR
179000000000,179,pool_v2v_veh_9_veh_11,veh_9,veh_11,DIRECT_V2V,10000000,DIAGNOSTIC_SYNTHETIC_VALUE,ONE_SHARED_POOL_PER_UNORDERED_PAIR
179000000000,179,pool_v2v_veh_10_veh_11,veh_10,veh_11,DIRECT_V2V,10000000,DIAGNOSTIC_SYNTHETIC_VALUE,ONE_SHARED_POOL_PER_UNORDERED_PAIR
