timeNs,timeSeconds,vehicleId,latitude,longitude,projectedX,projectedY,speed,heading,active,projectionPolicy,projectionSource
7000000000,7,veh_0,52.6560022198442,13.569067123065468,7575.361708,8509.444803,34.82466244661715,186.33265938410221,true,SUMO_NET_XML_UTM_WGS84_WITH_NET_OFFSET,C:\Users\raffa\IdeaProjects\maga-core\data\mosaic-scenarios\MaGaIntegratedStudy\sumo\Barnim.net.xml
8000000000,8,veh_0,52.65568818530395,13.569020171533026,7571.492373,8474.579023,35.08759377758484,186.33265938410452,true,SUMO_NET_XML_UTM_WGS84_WITH_NET_OFFSET,C:\Users\raffa\IdeaProjects\maga-core\data\mosaic-scenarios\MaGaIntegratedStudy\sumo\Barnim.net.xml
9000000000,9,veh_0,52.65536716793438,13.568972176649016,7567.536999,8438.937975,35.867793266722,186.33265938410452,true,SUMO_NET_XML_UTM_WGS84_WITH_NET_OFFSET,C:\Users\raffa\IdeaProjects\maga-core\data\mosaic-scenarios\MaGaIntegratedStudy\sumo\Barnim.net.xml
10000000000,10,veh_0,52.65504998546848,13.568924755768087,7563.628878,8403.722702,35.43930978522636,186.33265938410221,true,SUMO_NET_XML_UTM_WGS84_WITH_NET_OFFSET,C:\Users\raffa\IdeaProjects\maga-core\data\mosaic-scenarios\MaGaIntegratedStudy\sumo\Barnim.net.xml
11000000000,11,veh_0,52.6547278010985,13.56887658773249,7559.659127,8367.952094,35.99817710604053,186.33265938410452,true,SUMO_NET_XML_UTM_WGS84_WITH_NET_OFFSET,C:\Users\raffa\IdeaProjects\maga-core\data\mosaic-scenarios\MaGaIntegratedStudy\sumo\Barnim.net.xml
11000000000,11,veh_1,52.65600317758466,13.569114825884666,7578.590298,8509.487255,34.84471513260156,186.33353035528413,true,SUMO_NET_XML_UTM_WGS84_WITH_NET_OFFSET,C:\Users\raffa\IdeaProjects\maga-core\data\mosaic-scenarios\MaGaIntegratedStudy\sumo\Barnim.net.xml
12000000000,12,veh_0,52.65440859890612,13.568828866205138,7555.726120,8332.512588,35.66497012538835,186.33265938411486,true,SUMO_NET_XML_UTM_WGS84_WITH_NET_OFFSET,C:\Users\raffa\IdeaProjects\maga-core\data\mosaic-scenarios\MaGaIntegratedStudy\sumo\Barnim.net.xml
12000000000,12,veh_1,52.65568348599079,13.569067020158364,7574.650715,8473.993408,35.70392321095802,186.33353035528413,true,SUMO_NET_XML_UTM_WGS84_WITH_NET_OFFSET,C:\Users\raffa\IdeaProjects\maga-core\data\mosaic-scenarios\MaGaIntegratedStudy\sumo\Barnim.net.xml
13000000000,13,veh_0,52.65409182548022,13.56877769723859,7551.565251,8297.347859,35.418059587026946,186.82898630358784,true,SUMO_NET_XML_UTM_WGS84_WITH_NET_OFFSET,C:\Users\raffa\IdeaProjects\maga-core\data\mosaic-scenarios\MaGaIntegratedStudy\sumo\Barnim.net.xml
13000000000,13,veh_1,52.65536475210194,13.569019358299652,7570.722934,8438.605893,35.59696095442865,186.33353035528182,true,SUMO_NET_XML_UTM_WGS84_WITH_NET_OFFSET,C:\Users\raffa\IdeaProjects\maga-core\data\mosaic-scenarios\MaGaIntegratedStudy\sumo\Barnim.net.xml
14000000000,14,veh_0,52.65377504115898,13.568725785097026,7547.354042,8262.182921,35.42403746628202,186.8289863035775,true,SUMO_NET_XML_UTM_WGS84_WITH_NET_OFFSET,C:\Users\raffa\IdeaProjects\maga-core\data\mosaic-scenarios\MaGaIntegratedStudy\sumo\Barnim.net.xml
14000000000,14,veh_1,52.65504760162776,13.568971933866164,7566.814666,8403.394181,35.42011798819527,186.33353035528182,true,SUMO_NET_XML_UTM_WGS84_WITH_NET_OFFSET,C:\Users\raffa\IdeaProjects\maga-core\data\mosaic-scenarios\MaGaIntegratedStudy\sumo\Barnim.net.xml
15000000000,15,veh_0,52.65345423307995,13.568673214300029,7543.089343,8226.571327,35.87398562006652,186.8289863035903,true,SUMO_NET_XML_UTM_WGS84_WITH_NET_OFFSET,C:\Users\raffa\IdeaProjects\maga-core\data\mosaic-scenarios\MaGaIntegratedStudy\sumo\Barnim.net.xml
15000000000,15,veh_1,52.654733016996744,13.56892489375057,7562.938017,8368.467345,35.13355514629744,186.33353035528413,true,SUMO_NET_XML_UTM_WGS84_WITH_NET_OFFSET,C:\Users\raffa\IdeaProjects\maga-core\data\mosaic-scenarios\MaGaIntegratedStudy\sumo\Barnim.net.xml
15000000000,15,veh_2,52.655998139814066,13.569066513053125,7575.311437,8508.991817,35.28053092024289,186.33265938410221,true,SUMO_NET_XML_UTM_WGS84_WITH_NET_OFFSET,C:\Users\raffa\IdeaProjects\maga-core\data\mosaic-scenarios\MaGaIntegratedStudy\sumo\Barnim.net.xml
16000000000,16,veh_0,52.65313174926718,13.568620369637552,7538.802368,8190.773720,36.061368645532056,186.82898630358906,true,SUMO_NET_XML_UTM_WGS84_WITH_NET_OFFSET,C:\Users\raffa\IdeaProjects\maga-core\data\mosaic-scenarios\MaGaIntegratedStudy\sumo\Barnim.net.xml
16000000000,16,veh_1,52.65441992719504,13.568878077790858,7559.079790,8333.706477,34.96660572727211,186.33353035529217,true,SUMO_NET_XML_UTM_WGS84_WITH_NET_OFFSET,C:\Users\raffa\IdeaProjects\maga-core\data\mosaic-scenarios\MaGaIntegratedStudy\sumo\Barnim.net.xml
16000000000,16,veh_2,52.655682252281856,13.56901928448869,7571.419270,8473.920307,35.29463155252393,186.33265938410452,true,SUMO_NET_XML_UTM_WGS84_WITH_NET_OFFSET,C:\Users\raffa\IdeaProjects\maga-core\data\mosaic-scenarios\MaGaIntegratedStudy\sumo\Barnim.net.xml
17000000000,17,veh_0,52.65281887318046,13.568569100076596,7534.643114,8156.042631,34.986992351445366,186.82898630358906,true,SUMO_NET_XML_UTM_WGS84_WITH_NET_OFFSET,C:\Users\raffa\IdeaProjects\maga-core\data\mosaic-scenarios\MaGaIntegratedStudy\sumo\Barnim.net.xml
17000000000,17,veh_1,52.65409978259699,13.568826558721003,7554.887817,8298.167253,35.777910572630354,186.82872832338123,true,SUMO_NET_XML_UTM_WGS84_WITH_NET_OFFSET,C:\Users\raffa\IdeaProjects\maga-core\data\mosaic-scenarios\MaGaIntegratedStudy\sumo\Barnim.net.xml
17000000000,17,veh_2,52.655366347339694,13.568972053963838,7567.526889,8438.846868,35.29657339289784,186.33265938410452,true,SUMO_NET_XML_UTM_WGS84_WITH_NET_OFFSET,C:\Users\raffa\IdeaProjects\maga-core\data\mosaic-scenarios\MaGaIntegratedStudy\sumo\Barnim.net.xml
18000000000,18,veh_0,52.652503370770106,13.56851740085628,7530.448948,8121.020008,35.28067408508156,186.82898630358906,true,SUMO_NET_XML_UTM_WGS84_WITH_NET_OFFSET,C:\Users\raffa\IdeaProjects\maga-core\data\mosaic-scenarios\MaGaIntegratedStudy\sumo\Barnim.net.xml
18000000000,18,veh_1,52.6537851781401,13.568775005785989,7550.705745,8263.244289,35.16470790399704,186.82872832337088,true,SUMO_NET_XML_UTM_WGS84_WITH_NET_OFFSET,C:\Users\raffa\IdeaProjects\maga-core\data\mosaic-scenarios\MaGaIntegratedStudy\sumo\Barnim.net.xml
18000000000,18,veh_2,52.65505436211214,13.568925410100913,7563.682804,8404.208620,34.858613961273804,186.33265938410452,true,SUMO_NET_XML_UTM_WGS84_WITH_NET_OFFSET,C:\Users\raffa\IdeaProjects\maga-core\data\mosaic-scenarios\MaGaIntegratedStudy\sumo\Barnim.net.xml
19000000000,19,veh_0,52.65218384011054,13.56846504227504,7526.201233,8085.550230,35.731124322665856,186.82898630357872,true,SUMO_NET_XML_UTM_WGS84_WITH_NET_OFFSET,C:\Users\raffa\IdeaProjects\maga-core\data\mosaic-scenarios\MaGaIntegratedStudy\sumo\Barnim.net.xml
19000000000,19,veh_1,52.653464540780774,13.56872246498762,7546.443477,8227.651640,35.83902778696734,186.82872832337088,true,SUMO_NET_XML_UTM_WGS84_WITH_NET_OFFSET,C:\Users\raffa\IdeaProjects\maga-core\data\mosaic-scenarios\MaGaIntegratedStudy\sumo\Barnim.net.xml
19000000000,19,veh_2,52.654732363542344,13.568877269834026,7559.715342,8368.458641,35.97741740293801,186.33265938410221,true,SUMO_NET_XML_UTM_WGS84_WITH_NET_OFFSET,C:\Users\raffa\IdeaProjects\maga-core\data\mosaic-scenarios\MaGaIntegratedStudy\sumo\Barnim.net.xml
19000000000,19,veh_3,52.65600297078149,13.569114794959726,7578.587750,8509.464295,34.86781140751205,186.33353035528182,true,SUMO_NET_XML_UTM_WGS84_WITH_NET_OFFSET,C:\Users\raffa\IdeaProjects\maga-core\data\mosaic-scenarios\MaGaIntegratedStudy\sumo\Barnim.net.xml
20000000000,20,veh_0,52.65186596310308,13.568413044643592,7521.981538,8050.263901,35.54560514939018,186.80510612248864,true,SUMO_NET_XML_UTM_WGS84_WITH_NET_OFFSET,C:\Users\raffa\IdeaProjects\maga-core\data\mosaic-scenarios\MaGaIntegratedStudy\sumo\Barnim.net.xml
20000000000,20,veh_1,52.65314324577573,13.568669817157629,7542.172468,8191.985992,35.912531799208374,186.82872832338123,true,SUMO_NET_XML_UTM_WGS84_WITH_NET_OFFSET,C:\Users\raffa\IdeaProjects\maga-core\data\mosaic-scenarios\MaGaIntegratedStudy\sumo\Barnim.net.xml
20000000000,20,veh_2,52.65442074716109,13.568830682387677,7555.875803,8333.861351,34.817395435473884,186.33265938410221,true,SUMO_NET_XML_UTM_WGS84_WITH_NET_OFFSET,C:\Users\raffa\IdeaProjects\maga-core\data\mosaic-scenarios\MaGaIntegratedStudy\sumo\Barnim.net.xml
20000000000,20,veh_3,52.65568123985211,13.56906668427982,7574.623036,8473.744030,35.93168107517064,186.33353035528413,true,SUMO_NET_XML_UTM_WGS84_WITH_NET_OFFSET,C:\Users\raffa\IdeaProjects\maga-core\data\mosaic-scenarios\MaGaIntegratedStudy\sumo\Barnim.net.xml
21000000000,21,veh_0,52.65154875596359,13.568361287767278,7517.779562,8015.051760,35.469821806941184,186.80510612248864,true,SUMO_NET_XML_UTM_WGS84_WITH_NET_OFFSET,C:\Users\raffa\IdeaProjects\maga-core\data\mosaic-scenarios\MaGaIntegratedStudy\sumo\Barnim.net.xml
21000000000,21,veh_1,52.6528218486125,13.568617153321528,7537.900101,8156.309008,35.92394655534532,186.8287283233721,true,SUMO_NET_XML_UTM_WGS84_WITH_NET_OFFSET,C:\Users\raffa\IdeaProjects\maga-core\data\mosaic-scenarios\MaGaIntegratedStudy\sumo\Barnim.net.xml
21000000000,21,veh_2,52.65410710999932,13.568780201964287,7551.768437,8299.044531,35.06622980264015,186.8289863035903,true,SUMO_NET_XML_UTM_WGS84_WITH_NET_OFFSET,C:\Users\raffa\IdeaProjects\maga-core\data\mosaic-scenarios\MaGaIntegratedStudy\sumo\Barnim.net.xml
21000000000,21,veh_3,52.65536567955015,13.569019496984636,7570.734363,8438.708863,35.24252719028387,186.33353035528413,true,SUMO_NET_XML_UTM_WGS84_WITH_NET_OFFSET,C:\Users\raffa\IdeaProjects\maga-core\data\mosaic-scenarios\MaGaIntegratedStudy\sumo\Barnim.net.xml
22000000000,22,veh_0,52.651237024426756,13.568310425006915,7513.650120,7980.447451,34.857541067493145,186.80510612248864,true,SUMO_NET_XML_UTM_WGS84_WITH_NET_OFFSET,C:\Users\raffa\IdeaProjects\maga-core\data\mosaic-scenarios\MaGaIntegratedStudy\sumo\Barnim.net.xml
22000000000,22,veh_1,52.65250459181034,13.56851760093842,7530.465180,8121.155551,35.50708014996722,186.82898630358906,true,SUMO_NET_XML_UTM_WGS84_WITH_NET_OFFSET,C:\Users\raffa\IdeaProjects\maga-core\data\mosaic-scenarios\MaGaIntegratedStudy\sumo\Barnim.net.xml
22000000000,22,veh_2,52.65379015929427,13.568728262522814,7547.555016,8263.861124,35.44264332327526,186.8289863035903,true,SUMO_NET_XML_UTM_WGS84_WITH_NET_OFFSET,C:\Users\raffa\IdeaProjects\maga-core\data\mosaic-scenarios\MaGaIntegratedStudy\sumo\Barnim.net.xml
22000000000,22,veh_3,52.65504586095333,13.568971673579837,7566.793215,8403.200922,35.718100257790645,186.33353035528413,true,SUMO_NET_XML_UTM_WGS84_WITH_NET_OFFSET,C:\Users\raffa\IdeaProjects\maga-core\data\mosaic-scenarios\MaGaIntegratedStudy\sumo\Barnim.net.xml
23000000000,23,veh_0,52.650920918119446,13.568258849151604,7509.462727,7945.357517,35.34672024805565,186.80510612248864,true,SUMO_NET_XML_UTM_WGS84_WITH_NET_OFFSET,C:\Users\raffa\IdeaProjects\maga-core\data\mosaic-scenarios\MaGaIntegratedStudy\sumo\Barnim.net.xml
23000000000,23,veh_1,52.652190992702224,13.568466214297208,7526.296316,8086.344210,35.06783590388019,186.8289863035903,true,SUMO_NET_XML_UTM_WGS84_WITH_NET_OFFSET,C:\Users\raffa\IdeaProjects\maga-core\data\mosaic-scenarios\MaGaIntegratedStudy\sumo\Barnim.net.xml
23000000000,23,veh_2,52.653476442370525,13.568676853711333,7543.384584,8229.036689,35.08102575285826,186.8289863035775,true,SUMO_NET_XML_UTM_WGS84_WITH_NET_OFFSET,C:\Users\raffa\IdeaProjects\maga-core\data\mosaic-scenarios\MaGaIntegratedStudy\sumo\Barnim.net.xml
23000000000,23,veh_3,52.65473161402957,13.568924683965085,7562.920728,8368.311580,35.095839184653016,186.33353035528182,true,SUMO_NET_XML_UTM_WGS84_WITH_NET_OFFSET,C:\Users\raffa\IdeaProjects\maga-core\data\mosaic-scenarios\MaGaIntegratedStudy\sumo\Barnim.net.xml
23000000000,23,veh_4,52.655997037296736,13.569066348213877,7575.297852,8508.869409,35.403716993997804,186.33265938410452,true,SUMO_NET_XML_UTM_WGS84_WITH_NET_OFFSET,C:\Users\raffa\IdeaProjects\maga-core\data\mosaic-scenarios\MaGaIntegratedStudy\sumo\Barnim.net.xml
24000000000,24,veh_0,52.650604083495885,13.568207155173273,7505.265687,7910.186739,35.42815613342915,186.80510612248864,true,SUMO_NET_XML_UTM_WGS84_WITH_NET_OFFSET,C:\Users\raffa\IdeaProjects\maga-core\data\mosaic-scenarios\MaGaIntegratedStudy\sumo\Barnim.net.xml
24000000000,24,veh_1,52.65187814880988,13.568415032929927,7522.142960,8051.616597,34.9828398701176,186.80510612248864,true,SUMO_NET_XML_UTM_WGS84_WITH_NET_OFFSET,C:\Users\raffa\IdeaProjects\maga-core\data\mosaic-scenarios\MaGaIntegratedStudy\sumo\Barnim.net.xml
24000000000,24,veh_2,52.65316358619052,13.568625586646288,7539.225595,8194.307806,34.984770387238825,186.8289863035775,true,SUMO_NET_XML_UTM_WGS84_WITH_NET_OFFSET,C:\Users\raffa\IdeaProjects\maga-core\data\mosaic-scenarios\MaGaIntegratedStudy\sumo\Barnim.net.xml
24000000000,24,veh_3,52.65441855773759,13.568877873018838,7559.062914,8333.554432,34.96286326755304,186.33353035529444,true,SUMO_NET_XML_UTM_WGS84_WITH_NET_OFFSET,C:\Users\raffa\IdeaProjects\maga-core\data\mosaic-scenarios\MaGaIntegratedStudy\sumo\Barnim.net.xml
24000000000,24,veh_4,52.655683337736136,13.569019446774615,7571.432644,8474.040820,35.05016589904204,186.33265938410452,true,SUMO_NET_XML_UTM_WGS84_WITH_NET_OFFSET,C:\Users\raffa\IdeaProjects\maga-core\data\mosaic-scenarios\MaGaIntegratedStudy\sumo\Barnim.net.xml
25000000000,25,veh_0,52.650287252033806,13.56815546242048,7501.068689,7875.016315,35.427798843188214,186.80510612248864,true,SUMO_NET_XML_UTM_WGS84_WITH_NET_OFFSET,C:\Users\raffa\IdeaProjects\maga-core\data\mosaic-scenarios\MaGaIntegratedStudy\sumo\Barnim.net.xml
25000000000,25,veh_1,52.651561564667205,13.56836337767647,7517.949236,8016.473612,35.40015900250524,186.8051061224783,true,SUMO_NET_XML_UTM_WGS84_WITH_NET_OFFSET,C:\Users\raffa\IdeaProjects\maga-core\data\mosaic-scenarios\MaGaIntegratedStudy\sumo\Barnim.net.xml
25000000000,25,veh_2,52.65284558492057,13.568573477179067,7534.998210,8159.007791,35.56011016041972,186.8289863035903,true,SUMO_NET_XML_UTM_WGS84_WITH_NET_OFFSET,C:\Users\raffa\IdeaProjects\maga-core\data\mosaic-scenarios\MaGaIntegratedStudy\sumo\Barnim.net.xml
25000000000,25,veh_3,52.65410534550151,13.568827470297556,7554.961765,8298.784769,35.0031762909051,186.8287283233837,true,SUMO_NET_XML_UTM_WGS84_WITH_NET_OFFSET,C:\Users\raffa\IdeaProjects\maga-core\data\mosaic-scenarios\MaGaIntegratedStudy\sumo\Barnim.net.xml
25000000000,25,veh_4,52.655370233019624,13.568972634902737,7567.574766,8439.278277,34.983699649749326,186.33265938410221,true,SUMO_NET_XML_UTM_WGS84_WITH_NET_OFFSET,C:\Users\raffa\IdeaProjects\maga-core\data\mosaic-scenarios\MaGaIntegratedStudy\sumo\Barnim.net.xml
26000000000,26,veh_0,52.64997516363346,13.568102762638906,7496.814004,7840.374802,34.90964255942032,187.09837029306172,true,SUMO_NET_XML_UTM_WGS84_WITH_NET_OFFSET,C:\Users\raffa\IdeaProjects\maga-core\data\mosaic-scenarios\MaGaIntegratedStudy\sumo\Barnim.net.xml
26000000000,26,veh_1,52.65124971906348,13.568312496276599,7513.818284,7981.856641,34.870296075418594,186.80510612248864,true,SUMO_NET_XML_UTM_WGS84_WITH_NET_OFFSET,C:\Users\raffa\IdeaProjects\maga-core\data\mosaic-scenarios\MaGaIntegratedStudy\sumo\Barnim.net.xml
26000000000,26,veh_2,52.65252769759644,13.56852138710163,7530.772340,8123.720429,35.5473644786654,186.82898630358906,true,SUMO_NET_XML_UTM_WGS84_WITH_NET_OFFSET,C:\Users\raffa\IdeaProjects\maga-core\data\mosaic-scenarios\MaGaIntegratedStudy\sumo\Barnim.net.xml
26000000000,26,veh_3,52.65378671183138,13.568775257103947,7550.726132,8263.414537,35.61507063018158,186.82872832338123,true,SUMO_NET_XML_UTM_WGS84_WITH_NET_OFFSET,C:\Users\raffa\IdeaProjects\maga-core\data\mosaic-scenarios\MaGaIntegratedStudy\sumo\Barnim.net.xml
26000000000,26,veh_4,52.65505733656105,13.568925854797817,7563.719453,8404.538859,34.96042731293943,186.33265938410452,true,SUMO_NET_XML_UTM_WGS84_WITH_NET_OFFSET,C:\Users\raffa\IdeaProjects\maga-core\data\mosaic-scenarios\MaGaIntegratedStudy\sumo\Barnim.net.xml
27000000000,27,veh_0,52.649654691584324,13.568047752354587,7492.384444,7804.803919,35.853557178857734,187.09837029306303,true,SUMO_NET_XML_UTM_WGS84_WITH_NET_OFFSET,C:\Users\raffa\IdeaProjects\maga-core\data\mosaic-scenarios\MaGaIntegratedStudy\sumo\Barnim.net.xml
27000000000,27,veh_1,52.650935536009484,13.568261234188661,7509.656367,7946.980201,35.13166396968532,186.8051061224783,true,SUMO_NET_XML_UTM_WGS84_WITH_NET_OFFSET,C:\Users\raffa\IdeaProjects\maga-core\data\mosaic-scenarios\MaGaIntegratedStudy\sumo\Barnim.net.xml
27000000000,27,veh_2,52.652205524600745,13.568468595492167,7526.489498,8087.957336,36.02660060207359,186.82898630358906,true,SUMO_NET_XML_UTM_WGS84_WITH_NET_OFFSET,C:\Users\raffa\IdeaProjects\maga-core\data\mosaic-scenarios\MaGaIntegratedStudy\sumo\Barnim.net.xml
27000000000,27,veh_3,52.653464088918916,13.568722390944414,7546.437471,8227.601480,36.060961675844155,186.82872832337335,true,SUMO_NET_XML_UTM_WGS84_WITH_NET_OFFSET,C:\Users\raffa\IdeaProjects\maga-core\data\mosaic-scenarios\MaGaIntegratedStudy\sumo\Barnim.net.xml
27000000000,27,veh_4,52.65474089884392,13.568878545892249,7559.820509,8369.406275,35.356094465069475,186.33265938410452,true,SUMO_NET_XML_UTM_WGS84_WITH_NET_OFFSET,C:\Users\raffa\IdeaProjects\maga-core\data\mosaic-scenarios\MaGaIntegratedStudy\sumo\Barnim.net.xml
27000000000,27,veh_5,52.65599494830139,13.569113595293965,7578.488888,8508.573597,35.76378125114366,186.33353035529217,true,SUMO_NET_XML_UTM_WGS84_WITH_NET_OFFSET,C:\Users\raffa\IdeaProjects\maga-core\data\mosaic-scenarios\MaGaIntegratedStudy\sumo\Barnim.net.xml
28000000000,28,veh_0,52.64933457579658,13.567992803989288,7487.959809,7769.272584,35.81369549957104,187.09837029307337,true,SUMO_NET_XML_UTM_WGS84_WITH_NET_OFFSET,C:\Users\raffa\IdeaProjects\maga-core\data\mosaic-scenarios\MaGaIntegratedStudy\sumo\Barnim.net.xml
28000000000,28,veh_1,52.65062368940058,13.568210354005124,7505.525402,7912.363126,34.87040112378541,186.80510612248864,true,SUMO_NET_XML_UTM_WGS84_WITH_NET_OFFSET,C:\Users\raffa\IdeaProjects\maga-core\data\mosaic-scenarios\MaGaIntegratedStudy\sumo\Barnim.net.xml
28000000000,28,veh_2,52.651889300060795,13.568416852429726,7522.290678,8052.854461,35.36092843852472,186.80510612248864,true,SUMO_NET_XML_UTM_WGS84_WITH_NET_OFFSET,C:\Users\raffa\IdeaProjects\maga-core\data\mosaic-scenarios\MaGaIntegratedStudy\sumo\Barnim.net.xml
28000000000,28,veh_3,52.65314225119999,13.568669654186253,7542.159247,8191.875588,35.97319326700177,186.82872832338245,true,SUMO_NET_XML_UTM_WGS84_WITH_NET_OFFSET,C:\Users\raffa\IdeaProjects\maga-core\data\mosaic-scenarios\MaGaIntegratedStudy\sumo\Barnim.net.xml
28000000000,28,veh_4,52.65442025591343,13.568830608945389,7555.869750,8333.806810,35.8259462271491,186.33265938410221,true,SUMO_NET_XML_UTM_WGS84_WITH_NET_OFFSET,C:\Users\raffa\IdeaProjects\maga-core\data\mosaic-scenarios\MaGaIntegratedStudy\sumo\Barnim.net.xml
28000000000,28,veh_5,52.655679452956434,13.569066417074653,7574.601016,8473.545639,35.23527601111215,186.33353035528413,true,SUMO_NET_XML_UTM_WGS84_WITH_NET_OFFSET,C:\Users\raffa\IdeaProjects\maga-core\data\mosaic-scenarios\MaGaIntegratedStudy\sumo\Barnim.net.xml
29000000000,29,veh_0,52.64901277361967,13.567937566923664,7483.511865,7733.554072,36.00236005966086,187.09837029306303,true,SUMO_NET_XML_UTM_WGS84_WITH_NET_OFFSET,C:\Users\raffa\IdeaProjects\maga-core\data\mosaic-scenarios\MaGaIntegratedStudy\sumo\Barnim.net.xml
29000000000,29,veh_1,52.65030595693114,13.568158514205118,7501.316469,7877.092684,35.528548875744455,186.80510612248864,true,SUMO_NET_XML_UTM_WGS84_WITH_NET_OFFSET,C:\Users\raffa\IdeaProjects\maga-core\data\mosaic-scenarios\MaGaIntegratedStudy\sumo\Barnim.net.xml
29000000000,29,veh_2,52.65157587446366,13.56836571251016,7518.138795,8018.062097,35.046973382555876,186.80510612248864,true,SUMO_NET_XML_UTM_WGS84_WITH_NET_OFFSET,C:\Users\raffa\IdeaProjects\maga-core\data\mosaic-scenarios\MaGaIntegratedStudy\sumo\Barnim.net.xml
29000000000,29,veh_3,52.652823313569826,13.568617393366388,7537.919575,8156.471627,35.64903394420631,186.8287283233721,true,SUMO_NET_XML_UTM_WGS84_WITH_NET_OFFSET,C:\Users\raffa\IdeaProjects\maga-core\data\mosaic-scenarios\MaGaIntegratedStudy\sumo\Barnim.net.xml
29000000000,29,veh_4,52.654101364562216,13.568779260439936,7551.692060,8298.406753,35.65381876457482,186.82898630358784,true,SUMO_NET_XML_UTM_WGS84_WITH_NET_OFFSET,C:\Users\raffa\IdeaProjects\maga-core\data\mosaic-scenarios\MaGaIntegratedStudy\sumo\Barnim.net.xml
29000000000,29,veh_5,52.65536482651281,13.569019369426606,7570.723851,8438.614155,35.138231650264935,186.33353035529444,true,SUMO_NET_XML_UTM_WGS84_WITH_NET_OFFSET,C:\Users\raffa\IdeaProjects\maga-core\data\mosaic-scenarios\MaGaIntegratedStudy\sumo\Barnim.net.xml
30000000000,30,veh_0,52.64870162378069,13.56788415905765,7479.211157,7699.017922,34.81060126380995,187.09837029307337,true,SUMO_NET_XML_UTM_WGS84_WITH_NET_OFFSET,C:\Users\raffa\IdeaProjects\maga-core\data\mosaic-scenarios\MaGaIntegratedStudy\sumo\Barnim.net.xml
30000000000,30,veh_1,52.649992981385054,13.568105821148356,7497.060281,7842.352488,35.007804050100965,187.09837029306303,true,SUMO_NET_XML_UTM_WGS84_WITH_NET_OFFSET,C:\Users\raffa\IdeaProjects\maga-core\data\mosaic-scenarios\MaGaIntegratedStudy\sumo\Barnim.net.xml
30000000000,30,veh_2,52.65125733921711,13.56831373958907,7513.919226,7982.702530,35.61832607592456,186.80510612248864,true,SUMO_NET_XML_UTM_WGS84_WITH_NET_OFFSET,C:\Users\raffa\IdeaProjects\maga-core\data\mosaic-scenarios\MaGaIntegratedStudy\sumo\Barnim.net.xml
30000000000,30,veh_3,52.6525098528582,13.568566030693313,7533.752709,8121.675639,35.03685139530804,186.82872832337088,true,SUMO_NET_XML_UTM_WGS84_WITH_NET_OFFSET,C:\Users\raffa\IdeaProjects\maga-core\data\mosaic-scenarios\MaGaIntegratedStudy\sumo\Barnim.net.xml
30000000000,30,veh_4,52.65378259725925,13.568727023323452,7547.454490,8263.021693,35.64578218661714,186.8289863035775,true,SUMO_NET_XML_UTM_WGS84_WITH_NET_OFFSET,C:\Users\raffa\IdeaProjects\maga-core\data\mosaic-scenarios\MaGaIntegratedStudy\sumo\Barnim.net.xml
30000000000,30,veh_5,52.655052984200985,13.568972738732601,7566.880996,8403.991782,34.827289843806064,186.33353035529217,true,SUMO_NET_XML_UTM_WGS84_WITH_NET_OFFSET,C:\Users\raffa\IdeaProjects\maga-core\data\mosaic-scenarios\MaGaIntegratedStudy\sumo\Barnim.net.xml
31000000000,31,veh_0,52.64838784882998,13.56783030133146,7474.874166,7664.190402,35.10428772984538,187.0983702930721,true,SUMO_NET_XML_UTM_WGS84_WITH_NET_OFFSET,C:\Users\raffa\IdeaProjects\maga-core\data\mosaic-scenarios\MaGaIntegratedStudy\sumo\Barnim.net.xml
31000000000,31,veh_1,52.64967197792823,13.568050719603766,7492.623376,7806.722621,35.913009877773,187.09837029306172,true,SUMO_NET_XML_UTM_WGS84_WITH_NET_OFFSET,C:\Users\raffa\IdeaProjects\maga-core\data\mosaic-scenarios\MaGaIntegratedStudy\sumo\Barnim.net.xml
31000000000,31,veh_2,52.65094326767552,13.568262495678443,7509.758787,7947.838468,35.119194845287126,186.8051061224783,true,SUMO_NET_XML_UTM_WGS84_WITH_NET_OFFSET,C:\Users\raffa\IdeaProjects\maga-core\data\mosaic-scenarios\MaGaIntegratedStudy\sumo\Barnim.net.xml
31000000000,31,veh_3,52.652189544863596,13.568465977054647,7526.277069,8086.183491,35.8637120168563,186.82898630358906,true,SUMO_NET_XML_UTM_WGS84_WITH_NET_OFFSET,C:\Users\raffa\IdeaProjects\maga-core\data\mosaic-scenarios\MaGaIntegratedStudy\sumo\Barnim.net.xml
31000000000,31,veh_4,52.65346533570287,13.56867503367384,7543.236937,8227.803784,35.47740001412109,186.8289863035903,true,SUMO_NET_XML_UTM_WGS84_WITH_NET_OFFSET,C:\Users\raffa\IdeaProjects\maga-core\data\mosaic-scenarios\MaGaIntegratedStudy\sumo\Barnim.net.xml
31000000000,31,veh_5,52.65473502578616,13.568925194124587,7562.962772,8368.690372,35.510347338477146,186.33353035529444,true,SUMO_NET_XML_UTM_WGS84_WITH_NET_OFFSET,C:\Users\raffa\IdeaProjects\maga-core\data\mosaic-scenarios\MaGaIntegratedStudy\sumo\Barnim.net.xml
31000000000,31,veh_6,52.655999284911545,13.569066684258614,7575.325546,8509.118952,35.152587297270074,186.33265938410452,true,SUMO_NET_XML_UTM_WGS84_WITH_NET_OFFSET,C:\Users\raffa\IdeaProjects\maga-core\data\mosaic-scenarios\MaGaIntegratedStudy\sumo\Barnim.net.xml
32000000000,32,veh_0,52.64806516511443,13.567774915231732,7470.414039,7628.374055,36.100971989091484,187.09837029307337,true,SUMO_NET_XML_UTM_WGS84_WITH_NET_OFFSET,C:\Users\raffa\IdeaProjects\maga-core\data\mosaic-scenarios\MaGaIntegratedStudy\sumo\Barnim.net.xml
32000000000,32,veh_1,52.64935987849613,13.567997147208583,7488.309542,7772.081064,34.916847402849235,187.09837029307337,true,SUMO_NET_XML_UTM_WGS84_WITH_NET_OFFSET,C:\Users\raffa\IdeaProjects\maga-core\data\mosaic-scenarios\MaGaIntegratedStudy\sumo\Barnim.net.xml
32000000000,32,veh_2,52.65063179104441,13.568211675842205,7505.632723,7913.262463,34.829030641205605,186.80510612248742,true,SUMO_NET_XML_UTM_WGS84_WITH_NET_OFFSET,C:\Users\raffa\IdeaProjects\maga-core\data\mosaic-scenarios\MaGaIntegratedStudy\sumo\Barnim.net.xml
32000000000,32,veh_3,52.65187524623668,13.568414559330172,7522.104510,8051.294392,35.14550028407481,186.80510612248864,true,SUMO_NET_XML_UTM_WGS84_WITH_NET_OFFSET,C:\Users\raffa\IdeaProjects\maga-core\data\mosaic-scenarios\MaGaIntegratedStudy\sumo\Barnim.net.xml
32000000000,32,veh_4,52.65315359772066,13.568623949868806,7539.092812,8193.199027,34.85972912489902,186.8289863035903,true,SUMO_NET_XML_UTM_WGS84_WITH_NET_OFFSET,C:\Users\raffa\IdeaProjects\maga-core\data\mosaic-scenarios\MaGaIntegratedStudy\sumo\Barnim.net.xml
32000000000,32,veh_5,52.65441606692996,13.568877500573779,7559.032219,8333.277890,35.622075531180016,186.33353035528413,true,SUMO_NET_XML_UTM_WGS84_WITH_NET_OFFSET,C:\Users\raffa\IdeaProjects\maga-core\data\mosaic-scenarios\MaGaIntegratedStudy\sumo\Barnim.net.xml
32000000000,32,veh_6,52.65568124076207,13.569019133256695,7571.406806,8473.808003,35.53559393357951,186.33265938410452,true,SUMO_NET_XML_UTM_WGS84_WITH_NET_OFFSET,C:\Users\raffa\IdeaProjects\maga-core\data\mosaic-scenarios\MaGaIntegratedStudy\sumo\Barnim.net.xml
33000000000,33,veh_0,52.64775076637254,13.56772095192947,7466.068427,7593.477305,35.17406777307857,187.09837029306303,true,SUMO_NET_XML_UTM_WGS84_WITH_NET_OFFSET,C:\Users\raffa\IdeaProjects\maga-core\data\mosaic-scenarios\MaGaIntegratedStudy\sumo\Barnim.net.xml
33000000000,33,veh_1,52.64904359653226,13.567942857616506,7483.937898,7736.975268,35.38477386177052,187.0983702930721,true,SUMO_NET_XML_UTM_WGS84_WITH_NET_OFFSET,C:\Users\raffa\IdeaProjects\maga-core\data\mosaic-scenarios\MaGaIntegratedStudy\sumo\Barnim.net.xml
33000000000,33,veh_2,52.65031214223545,13.568159523364725,7501.398404,7877.779295,35.74283226084896,186.80510612248986,true,SUMO_NET_XML_UTM_WGS84_WITH_NET_OFFSET,C:\Users\raffa\IdeaProjects\maga-core\data\mosaic-scenarios\MaGaIntegratedStudy\sumo\Barnim.net.xml
33000000000,33,veh_3,52.65156085291064,13.568363261543956,7517.939808,8016.394603,35.15518380144145,186.80510612248864,true,SUMO_NET_XML_UTM_WGS84_WITH_NET_OFFSET,C:\Users\raffa\IdeaProjects\maga-core\data\mosaic-scenarios\MaGaIntegratedStudy\sumo\Barnim.net.xml
33000000000,33,veh_4,52.652833951003174,13.568571570793894,7534.843553,8157.716358,35.74411022354849,186.82898630358906,true,SUMO_NET_XML_UTM_WGS84_WITH_NET_OFFSET,C:\Users\raffa\IdeaProjects\maga-core\data\mosaic-scenarios\MaGaIntegratedStudy\sumo\Barnim.net.xml
33000000000,33,veh_5,52.654097350181495,13.56882616012841,7554.855482,8297.897241,35.61866877487861,186.82872832338123,true,SUMO_NET_XML_UTM_WGS84_WITH_NET_OFFSET,C:\Users\raffa\IdeaProjects\maga-core\data\mosaic-scenarios\MaGaIntegratedStudy\sumo\Barnim.net.xml
33000000000,33,veh_6,52.655369520848296,13.568972528427665,7567.565991,8439.199208,34.828973369640295,186.33265938410452,true,SUMO_NET_XML_UTM_WGS84_WITH_NET_OFFSET,C:\Users\raffa\IdeaProjects\maga-core\data\mosaic-scenarios\MaGaIntegratedStudy\sumo\Barnim.net.xml
34000000000,34,veh_0,52.64743472471981,13.56766670738201,7461.700107,7558.398203,35.3578681377368,187.09837029306303,true,SUMO_NET_XML_UTM_WGS84_WITH_NET_OFFSET,C:\Users\raffa\IdeaProjects\maga-core\data\mosaic-scenarios\MaGaIntegratedStudy\sumo\Barnim.net.xml
34000000000,34,veh_1,52.648721039514804,13.56788749168463,7479.479521,7701.172976,36.08680582117755,187.09837029306172,true,SUMO_NET_XML_UTM_WGS84_WITH_NET_OFFSET,C:\Users\raffa\IdeaProjects\maga-core\data\mosaic-scenarios\MaGaIntegratedStudy\sumo\Barnim.net.xml
34000000000,34,veh_2,52.649996399319846,13.568106407854856,7497.107524,7842.731863,35.31704953917302,187.09837029306172,true,SUMO_NET_XML_UTM_WGS84_WITH_NET_OFFSET,C:\Users\raffa\IdeaProjects\maga-core\data\mosaic-scenarios\MaGaIntegratedStudy\sumo\Barnim.net.xml
34000000000,34,veh_3,52.651246754563736,13.568312012585737,7513.779013,7981.527562,35.1221957808733,186.80510612248864,true,SUMO_NET_XML_UTM_WGS84_WITH_NET_OFFSET,C:\Users\raffa\IdeaProjects\maga-core\data\mosaic-scenarios\MaGaIntegratedStudy\sumo\Barnim.net.xml
34000000000,34,veh_4,52.652517790646975,13.568519763727373,7530.640641,8122.620699,35.35424825548194,186.82898630357994,true,SUMO_NET_XML_UTM_WGS84_WITH_NET_OFFSET,C:\Users\raffa\IdeaProjects\maga-core\data\mosaic-scenarios\MaGaIntegratedStudy\sumo\Barnim.net.xml
34000000000,34,veh_5,52.653779573230594,13.568774087338953,7550.631238,8262.622110,35.519311305964365,186.82872832338123,true,SUMO_NET_XML_UTM_WGS84_WITH_NET_OFFSET,C:\Users\raffa\IdeaProjects\maga-core\data\mosaic-scenarios\MaGaIntegratedStudy\sumo\Barnim.net.xml
34000000000,34,veh_6,52.65505012770436,13.568924777033146,7563.630631,8403.738494,35.68631243239157,186.33265938410452,true,SUMO_NET_XML_UTM_WGS84_WITH_NET_OFFSET,C:\Users\raffa\IdeaProjects\maga-core\data\mosaic-scenarios\MaGaIntegratedStudy\sumo\Barnim.net.xml
35000000000,35,veh_0,52.6471173431437,13.567612233603848,7457.313268,7523.170380,35.50777104484383,187.09837029307337,true,SUMO_NET_XML_UTM_WGS84_WITH_NET_OFFSET,C:\Users\raffa\IdeaProjects\maga-core\data\mosaic-scenarios\MaGaIntegratedStudy\sumo\Barnim.net.xml
35000000000,35,veh_1,52.64840958376429,13.567834031988435,7475.174586,7666.602876,34.844822177444584,187.09837029306172,true,SUMO_NET_XML_UTM_WGS84_WITH_NET_OFFSET,C:\Users\raffa\IdeaProjects\maga-core\data\mosaic-scenarios\MaGaIntegratedStudy\sumo\Barnim.net.xml
35000000000,35,veh_2,52.649681038585825,13.568052274891821,7492.748612,7807.728312,35.2817171918368,187.0983702930721,true,SUMO_NET_XML_UTM_WGS84_WITH_NET_OFFSET,C:\Users\raffa\IdeaProjects\maga-core\data\mosaic-scenarios\MaGaIntegratedStudy\sumo\Barnim.net.xml
35000000000,35,veh_3,52.650934391179895,13.56826104739961,7509.641202,7946.853118,34.92819007971789,186.80510612248864,true,SUMO_NET_XML_UTM_WGS84_WITH_NET_OFFSET,C:\Users\raffa\IdeaProjects\maga-core\data\mosaic-scenarios\MaGaIntegratedStudy\sumo\Barnim.net.xml
35000000000,35,veh_4,52.65220054644365,13.568467779771838,7526.423320,8087.404731,35.47544434400275,186.82898630358906,true,SUMO_NET_XML_UTM_WGS84_WITH_NET_OFFSET,C:\Users\raffa\IdeaProjects\maga-core\data\mosaic-scenarios\MaGaIntegratedStudy\sumo\Barnim.net.xml
35000000000,35,veh_5,52.65346463653479,13.568722480678108,7546.444750,8227.662269,35.2018398757698,186.82872832337088,true,SUMO_NET_XML_UTM_WGS84_WITH_NET_OFFSET,C:\Users\raffa\IdeaProjects\maga-core\data\mosaic-scenarios\MaGaIntegratedStudy\sumo\Barnim.net.xml
35000000000,35,veh_6,52.65472897529839,13.568876763279526,7559.673594,8368.082460,35.88287411615252,186.33265938410221,true,SUMO_NET_XML_UTM_WGS84_WITH_NET_OFFSET,C:\Users\raffa\IdeaProjects\maga-core\data\mosaic-scenarios\MaGaIntegratedStudy\sumo\Barnim.net.xml
35000000000,35,veh_7,52.65599255647636,13.56911323762528,7578.459414,8508.308044,36.03090601117816,186.33353035529444,true,SUMO_NET_XML_UTM_WGS84_WITH_NET_OFFSET,C:\Users\raffa\IdeaProjects\maga-core\data\mosaic-scenarios\MaGaIntegratedStudy\sumo\Barnim.net.xml
36000000000,36,veh_0,52.64680030366434,13.567557819291979,7452.931157,7487.980533,35.46949418083764,187.09837029306172,true,SUMO_NET_XML_UTM_WGS84_WITH_NET_OFFSET,C:\Users\raffa\IdeaProjects\maga-core\data\mosaic-scenarios\MaGaIntegratedStudy\sumo\Barnim.net.xml
36000000000,36,veh_1,52.64809211368057,13.567779540709571,7470.786522,7631.365217,35.51768542187288,187.09837029306172,true,SUMO_NET_XML_UTM_WGS84_WITH_NET_OFFSET,C:\Users\raffa\IdeaProjects\maga-core\data\mosaic-scenarios\MaGaIntegratedStudy\sumo\Barnim.net.xml
36000000000,36,veh_2,52.649366234093975,13.567998238150446,7488.397389,7772.786505,35.219482329781165,187.09837029306303,true,SUMO_NET_XML_UTM_WGS84_WITH_NET_OFFSET,C:\Users\raffa\IdeaProjects\maga-core\data\mosaic-scenarios\MaGaIntegratedStudy\sumo\Barnim.net.xml
36000000000,36,veh_3,52.65061680258815,13.568209230376228,7505.434174,7911.598644,35.51246431878768,186.80510612248864,true,SUMO_NET_XML_UTM_WGS84_WITH_NET_OFFSET,C:\Users\raffa\IdeaProjects\maga-core\data\mosaic-scenarios\MaGaIntegratedStudy\sumo\Barnim.net.xml
36000000000,36,veh_4,52.65188573124035,13.56841627012114,7522.243403,8052.458298,35.20331452073529,186.80510612248864,true,SUMO_NET_XML_UTM_WGS84_WITH_NET_OFFSET,C:\Users\raffa\IdeaProjects\maga-core\data\mosaic-scenarios\MaGaIntegratedStudy\sumo\Barnim.net.xml
36000000000,36,veh_5,52.65314188460637,13.568669594116153,7542.154374,8191.834894,36.07537841544487,186.82872832338245,true,SUMO_NET_XML_UTM_WGS84_WITH_NET_OFFSET,C:\Users\raffa\IdeaProjects\maga-core\data\mosaic-scenarios\MaGaIntegratedStudy\sumo\Barnim.net.xml
36000000000,36,veh_6,52.65441719631451,13.56883015153063,7555.832052,8333.467117,34.835563251180574,186.33265938410452,true,SUMO_NET_XML_UTM_WGS84_WITH_NET_OFFSET,C:\Users\raffa\IdeaProjects\maga-core\data\mosaic-scenarios\MaGaIntegratedStudy\sumo\Barnim.net.xml
36000000000,36,veh_7,52.65567571445825,13.569065858034788,7574.554946,8473.130571,35.38567566577345,186.33353035528413,true,SUMO_NET_XML_UTM_WGS84_WITH_NET_OFFSET,C:\Users\raffa\IdeaProjects\maga-core\data\mosaic-scenarios\MaGaIntegratedStudy\sumo\Barnim.net.xml
37000000000,37,veh_0,52.646486723236286,13.567505513873472,7448.699314,7453.172591,35.33464680459816,186.8997196608967,true,SUMO_NET_XML_UTM_WGS84_WITH_NET_OFFSET,C:\Users\raffa\IdeaProjects\maga-core\data\mosaic-scenarios\MaGaIntegratedStudy\sumo\Barnim.net.xml
37000000000,37,veh_1,52.64777914068266,13.567725822056948,7466.460616,7596.626717,35.014559798678384,187.0983702930721,true,SUMO_NET_XML_UTM_WGS84_WITH_NET_OFFSET,C:\Users\raffa\IdeaProjects\maga-core\data\mosaic-scenarios\MaGaIntegratedStudy\sumo\Barnim.net.xml
37000000000,37,veh_2,52.649048648249746,13.56794372473464,7484.007723,7737.535985,35.53064855487551,187.0983702930721,true,SUMO_NET_XML_UTM_WGS84_WITH_NET_OFFSET,C:\Users\raffa\IdeaProjects\maga-core\data\mosaic-scenarios\MaGaIntegratedStudy\sumo\Barnim.net.xml
37000000000,37,veh_3,52.650304220287886,13.56815823086418,7501.293464,7876.899905,34.95266170184128,186.80510612248864,true,SUMO_NET_XML_UTM_WGS84_WITH_NET_OFFSET,C:\Users\raffa\IdeaProjects\maga-core\data\mosaic-scenarios\MaGaIntegratedStudy\sumo\Barnim.net.xml
37000000000,37,veh_4,52.65156797837434,13.568364424157949,7518.034197,8017.185577,35.53084469625261,186.80510612248864,true,SUMO_NET_XML_UTM_WGS84_WITH_NET_OFFSET,C:\Users\raffa\IdeaProjects\maga-core\data\mosaic-scenarios\MaGaIntegratedStudy\sumo\Barnim.net.xml
37000000000,37,veh_5,52.65282799591351,13.568618160605594,7537.981818,8156.991394,35.08469247875269,186.82872832338245,true,SUMO_NET_XML_UTM_WGS84_WITH_NET_OFFSET,C:\Users\raffa\IdeaProjects\maga-core\data\mosaic-scenarios\MaGaIntegratedStudy\sumo\Barnim.net.xml
37000000000,37,veh_6,52.65409797855485,13.568778705563481,7551.647047,8298.030887,35.69060126039199,186.8289863035903,true,SUMO_NET_XML_UTM_WGS84_WITH_NET_OFFSET,C:\Users\raffa\IdeaProjects\maga-core\data\mosaic-scenarios\MaGaIntegratedStudy\sumo\Barnim.net.xml
37000000000,37,veh_7,52.655356951199344,13.569018191800213,7570.626803,8437.739796,35.60024098473601,186.33353035529444,true,SUMO_NET_XML_UTM_WGS84_WITH_NET_OFFSET,C:\Users\raffa\IdeaProjects\maga-core\data\mosaic-scenarios\MaGaIntegratedStudy\sumo\Barnim.net.xml
38000000000,38,veh_0,52.646166560664625,13.56745240926163,7444.398803,7417.633623,35.79901281971485,186.89971966090704,true,SUMO_NET_XML_UTM_WGS84_WITH_NET_OFFSET,C:\Users\raffa\IdeaProjects\maga-core\data\mosaic-scenarios\MaGaIntegratedStudy\sumo\Barnim.net.xml
38000000000,38,veh_1,52.64746050640237,13.567671132453407,7462.056461,7561.259846,35.64792450244073,187.09837029306303,true,SUMO_NET_XML_UTM_WGS84_WITH_NET_OFFSET,C:\Users\raffa\IdeaProjects\maga-core\data\mosaic-scenarios\MaGaIntegratedStudy\sumo\Barnim.net.xml
38000000000,38,veh_2,52.64872729113638,13.567888564749099,7479.565931,7701.866876,35.952563872411844,187.09837029306172,true,SUMO_NET_XML_UTM_WGS84_WITH_NET_OFFSET,C:\Users\raffa\IdeaProjects\maga-core\data\mosaic-scenarios\MaGaIntegratedStudy\sumo\Barnim.net.xml
38000000000,38,veh_3,52.649986024619324,13.568104626983162,7496.964125,7841.580320,35.59191865340341,187.0983702930721,true,SUMO_NET_XML_UTM_WGS84_WITH_NET_OFFSET,C:\Users\raffa\IdeaProjects\maga-core\data\mosaic-scenarios\MaGaIntegratedStudy\sumo\Barnim.net.xml
38000000000,38,veh_4,52.65125559320741,13.56831345470821,7513.896097,7982.508711,34.93062962320633,186.80510612248864,true,SUMO_NET_XML_UTM_WGS84_WITH_NET_OFFSET,C:\Users\raffa\IdeaProjects\maga-core\data\mosaic-scenarios\MaGaIntegratedStudy\sumo\Barnim.net.xml
38000000000,38,veh_5,52.65251388634573,13.568519123960286,7530.588738,8122.187299,35.15484036606736,186.82898630358906,true,SUMO_NET_XML_UTM_WGS84_WITH_NET_OFFSET,C:\Users\raffa\IdeaProjects\maga-core\data\mosaic-scenarios\MaGaIntegratedStudy\sumo\Barnim.net.xml
38000000000,38,veh_6,52.65377787828825,13.568726250020458,7547.391757,8262.497860,35.79483924341854,186.8289863035903,true,SUMO_NET_XML_UTM_WGS84_WITH_NET_OFFSET,C:\Users\raffa\IdeaProjects\maga-core\data\mosaic-scenarios\MaGaIntegratedStudy\sumo\Barnim.net.xml
38000000000,38,veh_7,52.65503868357888,13.56897060033372,7566.704768,8402.404052,35.544883449273186,186.33353035528413,true,SUMO_NET_XML_UTM_WGS84_WITH_NET_OFFSET,C:\Users\raffa\IdeaProjects\maga-core\data\mosaic-scenarios\MaGaIntegratedStudy\sumo\Barnim.net.xml
39000000000,39,veh_0,52.645845424063175,13.567399143830604,7440.085208,7381.986539,35.90792011321988,186.89971966089794,true,SUMO_NET_XML_UTM_WGS84_WITH_NET_OFFSET,C:\Users\raffa\IdeaProjects\maga-core\data\mosaic-scenarios\MaGaIntegratedStudy\sumo\Barnim.net.xml
39000000000,39,veh_1,52.64714508205924,13.567616994541881,7457.696674,7526.249266,35.2888015804952,187.0983702930721,true,SUMO_NET_XML_UTM_WGS84_WITH_NET_OFFSET,C:\Users\raffa\IdeaProjects\maga-core\data\mosaic-scenarios\MaGaIntegratedStudy\sumo\Barnim.net.xml
39000000000,39,veh_2,52.64840792134118,13.567833746644434,7475.151608,7666.418355,35.73022400179412,187.09837029306172,true,SUMO_NET_XML_UTM_WGS84_WITH_NET_OFFSET,C:\Users\raffa\IdeaProjects\maga-core\data\mosaic-scenarios\MaGaIntegratedStudy\sumo\Barnim.net.xml
39000000000,39,veh_3,52.64966993561223,13.568050369034406,7492.595147,7806.495934,35.36319430341479,187.09837029306172,true,SUMO_NET_XML_UTM_WGS84_WITH_NET_OFFSET,C:\Users\raffa\IdeaProjects\maga-core\data\mosaic-scenarios\MaGaIntegratedStudy\sumo\Barnim.net.xml
39000000000,39,veh_4,52.65094319693247,13.568262484136085,7509.757850,7947.830615,34.93186803775839,186.80510612248864,true,SUMO_NET_XML_UTM_WGS84_WITH_NET_OFFSET,C:\Users\raffa\IdeaProjects\maga-core\data\mosaic-scenarios\MaGaIntegratedStudy\sumo\Barnim.net.xml
39000000000,39,veh_5,52.65220168763564,13.568467966767429,7526.438491,8087.531410,34.911238229405136,186.8289863035903,true,SUMO_NET_XML_UTM_WGS84_WITH_NET_OFFSET,C:\Users\raffa\IdeaProjects\maga-core\data\mosaic-scenarios\MaGaIntegratedStudy\sumo\Barnim.net.xml
39000000000,39,veh_6,52.653466550031354,13.568675232664482,7543.253079,8227.938581,34.81391576269176,186.8289863035903,true,SUMO_NET_XML_UTM_WGS84_WITH_NET_OFFSET,C:\Users\raffa\IdeaProjects\maga-core\data\mosaic-scenarios\MaGaIntegratedStudy\sumo\Barnim.net.xml
39000000000,39,veh_7,52.65472399902155,13.56892354529423,7562.826888,8367.466122,35.144715057210995,186.33353035528182,true,SUMO_NET_XML_UTM_WGS84_WITH_NET_OFFSET,C:\Users\raffa\IdeaProjects\maga-core\data\mosaic-scenarios\MaGaIntegratedStudy\sumo\Barnim.net.xml
39000000000,39,veh_8,52.65599737375903,13.569066398518926,7575.301998,8508.906765,35.36612351023592,186.33265938410452,true,SUMO_NET_XML_UTM_WGS84_WITH_NET_OFFSET,C:\Users\raffa\IdeaProjects\maga-core\data\mosaic-scenarios\MaGaIntegratedStudy\sumo\Barnim.net.xml
40000000000,40,veh_0,52.645529814368395,13.56734679584472,7435.845854,7346.952961,35.28992465465795,186.89971966089794,true,SUMO_NET_XML_UTM_WGS84_WITH_NET_OFFSET,C:\Users\raffa\IdeaProjects\maga-core\data\mosaic-scenarios\MaGaIntegratedStudy\sumo\Barnim.net.xml
40000000000,40,veh_1,52.64682845269263,13.567562650552702,7453.320232,7491.104939,35.42361226346344,187.0983702930721,true,SUMO_NET_XML_UTM_WGS84_WITH_NET_OFFSET,C:\Users\raffa\IdeaProjects\maga-core\data\mosaic-scenarios\MaGaIntegratedStudy\sumo\Barnim.net.xml
40000000000,40,veh_2,52.64809427016217,13.567779910850383,7470.816329,7631.604576,35.090436800559985,187.09837029306172,true,SUMO_NET_XML_UTM_WGS84_WITH_NET_OFFSET,C:\Users\raffa\IdeaProjects\maga-core\data\mosaic-scenarios\MaGaIntegratedStudy\sumo\Barnim.net.xml
40000000000,40,veh_3,52.64935508571986,13.567996324526103,7488.243297,7771.549088,35.22456147693097,187.09837029307337,true,SUMO_NET_XML_UTM_WGS84_WITH_NET_OFFSET,C:\Users\raffa\IdeaProjects\maga-core\data\mosaic-scenarios\MaGaIntegratedStudy\sumo\Barnim.net.xml
40000000000,40,veh_4,52.65062284699867,13.568210216561676,7505.514243,7912.269614,35.821235136562024,186.80510612248864,true,SUMO_NET_XML_UTM_WGS84_WITH_NET_OFFSET,C:\Users\raffa\IdeaProjects\maga-core\data\mosaic-scenarios\MaGaIntegratedStudy\sumo\Barnim.net.xml
40000000000,40,veh_5,52.65188361862401,13.568415925414955,7522.215417,8052.223783,35.56715781494509,186.8051061224783,true,SUMO_NET_XML_UTM_WGS84_WITH_NET_OFFSET,C:\Users\raffa\IdeaProjects\maga-core\data\mosaic-scenarios\MaGaIntegratedStudy\sumo\Barnim.net.xml
40000000000,40,veh_6,52.65314866421152,13.56862314143126,7539.027228,8192.651378,35.54720373478718,186.8289863035775,true,SUMO_NET_XML_UTM_WGS84_WITH_NET_OFFSET,C:\Users\raffa\IdeaProjects\maga-core\data\mosaic-scenarios\MaGaIntegratedStudy\sumo\Barnim.net.xml
40000000000,40,veh_7,52.65440810653603,13.56887631027361,7558.934123,8332.394085,35.27961593755987,186.33353035528413,true,SUMO_NET_XML_UTM_WGS84_WITH_NET_OFFSET,C:\Users\raffa\IdeaProjects\maga-core\data\mosaic-scenarios\MaGaIntegratedStudy\sumo\Barnim.net.xml
40000000000,40,veh_8,52.65568385582767,13.569019524234317,7571.439028,8474.098341,35.02987216942944,186.33265938410452,true,SUMO_NET_XML_UTM_WGS84_WITH_NET_OFFSET,C:\Users\raffa\IdeaProjects\maga-core\data\mosaic-scenarios\MaGaIntegratedStudy\sumo\Barnim.net.xml
41000000000,41,veh_0,52.64521295318404,13.567294241003838,7431.589689,7311.780468,35.42985622099601,186.8997196608967,true,SUMO_NET_XML_UTM_WGS84_WITH_NET_OFFSET,C:\Users\raffa\IdeaProjects\maga-core\data\mosaic-scenarios\MaGaIntegratedStudy\sumo\Barnim.net.xml
41000000000,41,veh_1,52.64651607921808,13.567510383117957,7449.093632,7456.431189,35.201439049574546,186.89971966089794,true,SUMO_NET_XML_UTM_WGS84_WITH_NET_OFFSET,C:\Users\raffa\IdeaProjects\maga-core\data\mosaic-scenarios\MaGaIntegratedStudy\sumo\Barnim.net.xml
41000000000,41,veh_2,52.64777896308337,13.567725791574027,7466.458161,7596.607004,35.27569037560839,187.09837029307337,true,SUMO_NET_XML_UTM_WGS84_WITH_NET_OFFSET,C:\Users\raffa\IdeaProjects\maga-core\data\mosaic-scenarios\MaGaIntegratedStudy\sumo\Barnim.net.xml
41000000000,41,veh_3,52.649032733156346,13.567940992938404,7483.787745,7735.769485,36.063936091228385,187.0983702930721,true,SUMO_NET_XML_UTM_WGS84_WITH_NET_OFFSET,C:\Users\raffa\IdeaProjects\maga-core\data\mosaic-scenarios\MaGaIntegratedStudy\sumo\Barnim.net.xml
41000000000,41,veh_4,52.650305870731295,13.568158500141234,7501.315327,7877.083116,35.44399105942808,186.8051061224783,true,SUMO_NET_XML_UTM_WGS84_WITH_NET_OFFSET,C:\Users\raffa\IdeaProjects\maga-core\data\mosaic-scenarios\MaGaIntegratedStudy\sumo\Barnim.net.xml
41000000000,41,veh_5,52.651563839450155,13.568363748837479,7517.979370,8016.726129,35.757424610750746,186.80510612248864,true,SUMO_NET_XML_UTM_WGS84_WITH_NET_OFFSET,C:\Users\raffa\IdeaProjects\maga-core\data\mosaic-scenarios\MaGaIntegratedStudy\sumo\Barnim.net.xml
41000000000,41,veh_6,52.65283116615925,13.568571114457194,7534.806532,8157.407224,35.50383826851845,186.82898630358906,true,SUMO_NET_XML_UTM_WGS84_WITH_NET_OFFSET,C:\Users\raffa\IdeaProjects\maga-core\data\mosaic-scenarios\MaGaIntegratedStudy\sumo\Barnim.net.xml
41000000000,41,veh_7,52.654086297965755,13.568824349035665,7554.708564,8296.670379,35.96498756153974,186.82872832338123,true,SUMO_NET_XML_UTM_WGS84_WITH_NET_OFFSET,C:\Users\raffa\IdeaProjects\maga-core\data\mosaic-scenarios\MaGaIntegratedStudy\sumo\Barnim.net.xml
41000000000,41,veh_8,52.6553643797275,13.568971759790786,7567.502645,8438.628414,35.69558468897827,186.33265938410452,true,SUMO_NET_XML_UTM_WGS84_WITH_NET_OFFSET,C:\Users\raffa\IdeaProjects\maga-core\data\mosaic-scenarios\MaGaIntegratedStudy\sumo\Barnim.net.xml
42000000000,42,veh_0,52.64489811400912,13.567242022250383,7427.360685,7276.832428,35.20376127254218,186.89971966089794,true,SUMO_NET_XML_UTM_WGS84_WITH_NET_OFFSET,C:\Users\raffa\IdeaProjects\maga-core\data\mosaic-scenarios\MaGaIntegratedStudy\sumo\Barnim.net.xml
42000000000,42,veh_1,52.646199181444985,13.56745781995991,7444.836974,7421.254623,35.43395938972477,186.89971966090826,true,SUMO_NET_XML_UTM_WGS84_WITH_NET_OFFSET,C:\Users\raffa\IdeaProjects\maga-core\data\mosaic-scenarios\MaGaIntegratedStudy\sumo\Barnim.net.xml
42000000000,42,veh_2,52.64746743290663,13.567672321293493,7462.152199,7562.028654,34.85313702925574,187.09837029306303,true,SUMO_NET_XML_UTM_WGS84_WITH_NET_OFFSET,C:\Users\raffa\IdeaProjects\maga-core\data\mosaic-scenarios\MaGaIntegratedStudy\sumo\Barnim.net.xml
42000000000,42,veh_3,52.64871464286898,13.567886393727665,7479.391107,7700.462979,35.587080042893064,187.09837029306172,true,SUMO_NET_XML_UTM_WGS84_WITH_NET_OFFSET,C:\Users\raffa\IdeaProjects\maga-core\data\mosaic-scenarios\MaGaIntegratedStudy\sumo\Barnim.net.xml
42000000000,42,veh_4,52.649983340728134,13.568104166279314,7496.927028,7841.282421,36.07673628531862,187.09837029306303,true,SUMO_NET_XML_UTM_WGS84_WITH_NET_OFFSET,C:\Users\raffa\IdeaProjects\maga-core\data\mosaic-scenarios\MaGaIntegratedStudy\sumo\Barnim.net.xml
42000000000,42,veh_5,52.651249446682634,13.568312451834656,7513.814675,7981.826405,35.15511766226496,186.80510612248864,true,SUMO_NET_XML_UTM_WGS84_WITH_NET_OFFSET,C:\Users\raffa\IdeaProjects\maga-core\data\mosaic-scenarios\MaGaIntegratedStudy\sumo\Barnim.net.xml
42000000000,42,veh_6,52.65251212562794,13.568518835445364,7530.565332,8121.991849,35.676320292977614,186.82898630357872,true,SUMO_NET_XML_UTM_WGS84_WITH_NET_OFFSET,C:\Users\raffa\IdeaProjects\maga-core\data\mosaic-scenarios\MaGaIntegratedStudy\sumo\Barnim.net.xml
42000000000,42,veh_7,52.6537701701579,13.568772546507407,7550.506242,8261.578313,35.33497929295059,186.82872832338123,true,SUMO_NET_XML_UTM_WGS84_WITH_NET_OFFSET,C:\Users\raffa\IdeaProjects\maga-core\data\mosaic-scenarios\MaGaIntegratedStudy\sumo\Barnim.net.xml
42000000000,42,veh_8,52.655042876468734,13.568923692932927,7563.541285,8402.933423,35.922078905431555,186.33265938410452,true,SUMO_NET_XML_UTM_WGS84_WITH_NET_OFFSET,C:\Users\raffa\IdeaProjects\maga-core\data\mosaic-scenarios\MaGaIntegratedStudy\sumo\Barnim.net.xml
43000000000,43,veh_0,52.64458437167581,13.567189929993804,7423.142617,7242.006219,35.08077579984907,186.94302107175417,true,SUMO_NET_XML_UTM_WGS84_WITH_NET_OFFSET,C:\Users\raffa\IdeaProjects\maga-core\data\mosaic-scenarios\MaGaIntegratedStudy\sumo\Barnim.net.xml
43000000000,43,veh_1,52.6458817149651,13.567405163196138,7440.572678,7386.014933,35.497545538065026,186.89971966089794,true,SUMO_NET_XML_UTM_WGS84_WITH_NET_OFFSET,C:\Users\raffa\IdeaProjects\maga-core\data\mosaic-scenarios\MaGaIntegratedStudy\sumo\Barnim.net.xml
43000000000,43,veh_2,52.647148414649116,13.56761756652764,7457.742737,7526.619167,35.69087882960681,187.0983702930721,true,SUMO_NET_XML_UTM_WGS84_WITH_NET_OFFSET,C:\Users\raffa\IdeaProjects\maga-core\data\mosaic-scenarios\MaGaIntegratedStudy\sumo\Barnim.net.xml
43000000000,43,veh_3,52.648393111944735,13.567831204709792,7474.946913,7664.774582,35.972005061889064,187.09837029306172,true,SUMO_NET_XML_UTM_WGS84_WITH_NET_OFFSET,C:\Users\raffa\IdeaProjects\maga-core\data\mosaic-scenarios\MaGaIntegratedStudy\sumo\Barnim.net.xml
43000000000,43,veh_4,52.64966072056297,13.568048787245345,7492.467777,7805.473107,36.09388275725301,187.09837029306172,true,SUMO_NET_XML_UTM_WGS84_WITH_NET_OFFSET,C:\Users\raffa\IdeaProjects\maga-core\data\mosaic-scenarios\MaGaIntegratedStudy\sumo\Barnim.net.xml
43000000000,43,veh_5,52.650933615783735,13.568260920886893,7509.630931,7946.767043,35.31592447761446,186.80510612248864,true,SUMO_NET_XML_UTM_WGS84_WITH_NET_OFFSET,C:\Users\raffa\IdeaProjects\maga-core\data\mosaic-scenarios\MaGaIntegratedStudy\sumo\Barnim.net.xml
43000000000,43,veh_6,52.65219564814703,13.568466977137613,7526.358204,8086.860991,35.389706485848876,186.82898630358906,true,SUMO_NET_XML_UTM_WGS84_WITH_NET_OFFSET,C:\Users\raffa\IdeaProjects\maga-core\data\mosaic-scenarios\MaGaIntegratedStudy\sumo\Barnim.net.xml
43000000000,43,veh_7,52.65344830226473,13.568719804105028,7546.227617,8225.849068,35.976569700534455,186.82872832338123,true,SUMO_NET_XML_UTM_WGS84_WITH_NET_OFFSET,C:\Users\raffa\IdeaProjects\maga-core\data\mosaic-scenarios\MaGaIntegratedStudy\sumo\Barnim.net.xml
43000000000,43,veh_8,52.65472929927964,13.568876811715866,7559.677586,8368.118430,35.036482933759686,186.33265938410452,true,SUMO_NET_XML_UTM_WGS84_WITH_NET_OFFSET,C:\Users\raffa\IdeaProjects\maga-core\data\mosaic-scenarios\MaGaIntegratedStudy\sumo\Barnim.net.xml
43000000000,43,veh_9,52.65599707822184,13.569113913798004,7578.515136,8508.810072,35.52590662000235,186.33353035528413,true,SUMO_NET_XML_UTM_WGS84_WITH_NET_OFFSET,C:\Users\raffa\IdeaProjects\maga-core\data\mosaic-scenarios\MaGaIntegratedStudy\sumo\Barnim.net.xml
44000000000,44,veh_0,52.644268404947,13.56713690584261,7418.856534,7206.933858,35.33092792938929,186.9469881362973,true,SUMO_NET_XML_UTM_WGS84_WITH_NET_OFFSET,C:\Users\raffa\IdeaProjects\maga-core\data\mosaic-scenarios\MaGaIntegratedStudy\sumo\Barnim.net.xml
44000000000,44,veh_1,52.64556015956539,13.56735182896044,7436.253459,7350.321364,35.954744562893175,186.8997196608967,true,SUMO_NET_XML_UTM_WGS84_WITH_NET_OFFSET,C:\Users\raffa\IdeaProjects\maga-core\data\mosaic-scenarios\MaGaIntegratedStudy\sumo\Barnim.net.xml
44000000000,44,veh_2,52.6468342110928,13.567563638876448,7453.399824,7491.744093,35.15221941716969,187.09837029306172,true,SUMO_NET_XML_UTM_WGS84_WITH_NET_OFFSET,C:\Users\raffa\IdeaProjects\maga-core\data\mosaic-scenarios\MaGaIntegratedStudy\sumo\Barnim.net.xml
44000000000,44,veh_3,52.648081359302694,13.56777769481715,7470.637875,7630.171532,34.87803349945694,187.09837029306172,true,SUMO_NET_XML_UTM_WGS84_WITH_NET_OFFSET,C:\Users\raffa\IdeaProjects\maga-core\data\mosaic-scenarios\MaGaIntegratedStudy\sumo\Barnim.net.xml
44000000000,44,veh_4,52.649341769063035,13.567994038716094,7488.059234,7770.071002,35.68343818678055,187.09837029306172,true,SUMO_NET_XML_UTM_WGS84_WITH_NET_OFFSET,C:\Users\raffa\IdeaProjects\maga-core\data\mosaic-scenarios\MaGaIntegratedStudy\sumo\Barnim.net.xml
44000000000,44,veh_5,52.650614171511016,13.568208801098718,7505.399321,7911.306576,35.71996484034695,186.80510612247704,true,SUMO_NET_XML_UTM_WGS84_WITH_NET_OFFSET,C:\Users\raffa\IdeaProjects\maga-core\data\mosaic-scenarios\MaGaIntegratedStudy\sumo\Barnim.net.xml
44000000000,44,veh_6,52.651882681623206,13.568415772528722,7522.203005,8052.119770,34.996574046104215,186.80510612248864,true,SUMO_NET_XML_UTM_WGS84_WITH_NET_OFFSET,C:\Users\raffa\IdeaProjects\maga-core\data\mosaic-scenarios\MaGaIntegratedStudy\sumo\Barnim.net.xml
44000000000,44,veh_7,52.65313118832515,13.568667841421899,7542.012187,8190.647543,35.44519586592447,186.82872832338245,true,SUMO_NET_XML_UTM_WGS84_WITH_NET_OFFSET,C:\Users\raffa\IdeaProjects\maga-core\data\mosaic-scenarios\MaGaIntegratedStudy\sumo\Barnim.net.xml
44000000000,44,veh_8,52.65440620996286,13.568828509054606,7555.696685,8332.247354,36.09928472879343,186.33265938410452,true,SUMO_NET_XML_UTM_WGS84_WITH_NET_OFFSET,C:\Users\raffa\IdeaProjects\maga-core\data\mosaic-scenarios\MaGaIntegratedStudy\sumo\Barnim.net.xml
44000000000,44,veh_9,52.655676832616166,13.569066025239582,7574.568725,8473.254715,35.76579650742002,186.33353035528413,true,SUMO_NET_XML_UTM_WGS84_WITH_NET_OFFSET,C:\Users\raffa\IdeaProjects\maga-core\data\mosaic-scenarios\MaGaIntegratedStudy\sumo\Barnim.net.xml
45000000000,45,veh_0,52.6439473095766,13.56708321167391,7414.513731,7171.291966,35.9067646417208,186.946988136287,true,SUMO_NET_XML_UTM_WGS84_WITH_NET_OFFSET,C:\Users\raffa\IdeaProjects\maga-core\data\mosaic-scenarios\MaGaIntegratedStudy\sumo\Barnim.net.xml
45000000000,45,veh_1,52.64524091964746,13.567298879514007,7431.965342,7314.884825,35.69583484448027,186.89971966090826,true,SUMO_NET_XML_UTM_WGS84_WITH_NET_OFFSET,C:\Users\raffa\IdeaProjects\maga-core\data\mosaic-scenarios\MaGaIntegratedStudy\sumo\Barnim.net.xml
45000000000,45,veh_2,52.64651782601813,13.56751067285796,7449.117095,7456.625089,35.65035414739046,186.89971966089794,true,SUMO_NET_XML_UTM_WGS84_WITH_NET_OFFSET,C:\Users\raffa\IdeaProjects\maga-core\data\mosaic-scenarios\MaGaIntegratedStudy\sumo\Barnim.net.xml
45000000000,45,veh_3,52.64776543417504,13.567723469490122,7466.271165,7595.105360,35.34483581545297,187.09837029306172,true,SUMO_NET_XML_UTM_WGS84_WITH_NET_OFFSET,C:\Users\raffa\IdeaProjects\maga-core\data\mosaic-scenarios\MaGaIntegratedStudy\sumo\Barnim.net.xml
45000000000,45,veh_4,52.64902691971494,13.56793999507245,7483.707392,7735.124221,35.22449645040557,187.09837029306172,true,SUMO_NET_XML_UTM_WGS84_WITH_NET_OFFSET,C:\Users\raffa\IdeaProjects\maga-core\data\mosaic-scenarios\MaGaIntegratedStudy\sumo\Barnim.net.xml
45000000000,45,veh_5,52.65030197248538,13.568157864125403,7501.263688,7876.650384,34.90980426339898,186.80510612248864,true,SUMO_NET_XML_UTM_WGS84_WITH_NET_OFFSET,C:\Users\raffa\IdeaProjects\maga-core\data\mosaic-scenarios\MaGaIntegratedStudy\sumo\Barnim.net.xml
45000000000,45,veh_6,52.651562655275725,13.56836355562371,7517.963683,8016.594677,35.7850633348478,186.80510612248864,true,SUMO_NET_XML_UTM_WGS84_WITH_NET_OFFSET,C:\Users\raffa\IdeaProjects\maga-core\data\mosaic-scenarios\MaGaIntegratedStudy\sumo\Barnim.net.xml
45000000000,45,veh_7,52.652813410161244,13.568615770614748,7537.787928,8155.372290,35.519435275755825,186.82872832338123,true,SUMO_NET_XML_UTM_WGS84_WITH_NET_OFFSET,C:\Users\raffa\IdeaProjects\maga-core\data\mosaic-scenarios\MaGaIntegratedStudy\sumo\Barnim.net.xml
45000000000,45,veh_8,52.654083418877555,13.56877631962096,7551.453497,8296.414676,36.09119775252417,186.8289863035903,true,SUMO_NET_XML_UTM_WGS84_WITH_NET_OFFSET,C:\Users\raffa\IdeaProjects\maga-core\data\mosaic-scenarios\MaGaIntegratedStudy\sumo\Barnim.net.xml
45000000000,45,veh_9,52.655360506503726,13.569018723438719,7570.670615,8438.134524,35.32805468050297,186.33353035528413,true,SUMO_NET_XML_UTM_WGS84_WITH_NET_OFFSET,C:\Users\raffa\IdeaProjects\maga-core\data\mosaic-scenarios\MaGaIntegratedStudy\sumo\Barnim.net.xml
46000000000,46,veh_0,52.64363488798429,13.567026233353136,7409.967867,7136.619246,34.97796565568075,186.32751799415365,true,SUMO_NET_XML_UTM_WGS84_WITH_NET_OFFSET,C:\Users\raffa\IdeaProjects\maga-core\data\mosaic-scenarios\MaGaIntegratedStudy\sumo\Barnim.net.xml
46000000000,46,veh_1,52.64492394283818,13.56724630615439,7427.707625,7279.699501,35.44278131471015,186.89971966090826,true,SUMO_NET_XML_UTM_WGS84_WITH_NET_OFFSET,C:\Users\raffa\IdeaProjects\maga-core\data\mosaic-scenarios\MaGaIntegratedStudy\sumo\Barnim.net.xml
46000000000,46,veh_2,52.64620609899311,13.567458967351158,7444.929892,7422.022491,34.85579167549964,186.8997196608967,true,SUMO_NET_XML_UTM_WGS84_WITH_NET_OFFSET,C:\Users\raffa\IdeaProjects\maga-core\data\mosaic-scenarios\MaGaIntegratedStudy\sumo\Barnim.net.xml
46000000000,46,veh_3,52.64744399888076,13.567668299163676,7461.828295,7559.427590,35.96129402820021,187.0983702930721,true,SUMO_NET_XML_UTM_WGS84_WITH_NET_OFFSET,C:\Users\raffa\IdeaProjects\maga-core\data\mosaic-scenarios\MaGaIntegratedStudy\sumo\Barnim.net.xml
46000000000,46,veh_4,52.6487142872517,13.567886332687486,7479.386192,7700.423507,34.97647341866046,187.09837029306172,true,SUMO_NET_XML_UTM_WGS84_WITH_NET_OFFSET,C:\Users\raffa\IdeaProjects\maga-core\data\mosaic-scenarios\MaGaIntegratedStudy\sumo\Barnim.net.xml
46000000000,46,veh_5,52.64998236221162,13.568103998311889,7496.913503,7841.173810,35.75031189973466,187.09837029306303,true,SUMO_NET_XML_UTM_WGS84_WITH_NET_OFFSET,C:\Users\raffa\IdeaProjects\maga-core\data\mosaic-scenarios\MaGaIntegratedStudy\sumo\Barnim.net.xml
46000000000,46,veh_6,52.65124729590578,13.568312100911667,7513.786184,7981.587655,35.26320225805044,186.80510612248864,true,SUMO_NET_XML_UTM_WGS84_WITH_NET_OFFSET,C:\Users\raffa\IdeaProjects\maga-core\data\mosaic-scenarios\MaGaIntegratedStudy\sumo\Barnim.net.xml
46000000000,46,veh_7,52.65249579832642,13.56856372777888,7533.565880,8120.115504,35.500840140287764,186.82872832337088,true,SUMO_NET_XML_UTM_WGS84_WITH_NET_OFFSET,C:\Users\raffa\IdeaProjects\maga-core\data\mosaic-scenarios\MaGaIntegratedStudy\sumo\Barnim.net.xml
46000000000,46,veh_8,52.653763608998716,13.568723911697177,7547.202067,8260.913884,35.762366796485146,186.82898630357994,true,SUMO_NET_XML_UTM_WGS84_WITH_NET_OFFSET,C:\Users\raffa\IdeaProjects\maga-core\data\mosaic-scenarios\MaGaIntegratedStudy\sumo\Barnim.net.xml
46000000000,46,veh_9,52.6550451593835,13.568971568672783,7566.784570,8403.123030,35.21871510298457,186.33353035528413,true,SUMO_NET_XML_UTM_WGS84_WITH_NET_OFFSET,C:\Users\raffa\IdeaProjects\maga-core\data\mosaic-scenarios\MaGaIntegratedStudy\sumo\Barnim.net.xml
47000000000,47,veh_0,52.64331702205213,13.566978782973706,7406.054538,7101.328161,35.507614142275415,186.3275179941525,true,SUMO_NET_XML_UTM_WGS84_WITH_NET_OFFSET,C:\Users\raffa\IdeaProjects\maga-core\data\mosaic-scenarios\MaGaIntegratedStudy\sumo\Barnim.net.xml
47000000000,47,veh_1,52.64461121321081,13.567194437935141,7423.506957,7244.985629,34.96787863219157,186.89971966089794,true,SUMO_NET_XML_UTM_WGS84_WITH_NET_OFFSET,C:\Users\raffa\IdeaProjects\maga-core\data\mosaic-scenarios\MaGaIntegratedStudy\sumo\Barnim.net.xml
47000000000,47,veh_2,52.64588696583149,13.567406034128275,7440.643209,7386.597794,35.68390579292551,186.8997196608967,true,SUMO_NET_XML_UTM_WGS84_WITH_NET_OFFSET,C:\Users\raffa\IdeaProjects\maga-core\data\mosaic-scenarios\MaGaIntegratedStudy\sumo\Barnim.net.xml
47000000000,47,veh_3,52.647131449062115,13.56761465465681,7457.508239,7524.736069,34.96720755679067,187.09837029306303,true,SUMO_NET_XML_UTM_WGS84_WITH_NET_OFFSET,C:\Users\raffa\IdeaProjects\maga-core\data\mosaic-scenarios\MaGaIntegratedStudy\sumo\Barnim.net.xml
47000000000,47,veh_4,52.648399127956324,13.567832237318068,7475.030066,7665.442331,35.25916459498927,187.09837029306172,true,SUMO_NET_XML_UTM_WGS84_WITH_NET_OFFSET,C:\Users\raffa\IdeaProjects\maga-core\data\mosaic-scenarios\MaGaIntegratedStudy\sumo\Barnim.net.xml
47000000000,47,veh_5,52.6496600738969,13.568048676243322,7492.458839,7805.401330,36.05675620647613,187.0983702930721,true,SUMO_NET_XML_UTM_WGS84_WITH_NET_OFFSET,C:\Users\raffa\IdeaProjects\maga-core\data\mosaic-scenarios\MaGaIntegratedStudy\sumo\Barnim.net.xml
47000000000,47,veh_6,52.65093171321214,13.568260610465575,7509.605728,7946.555845,35.288170368936846,186.8051061224783,true,SUMO_NET_XML_UTM_WGS84_WITH_NET_OFFSET,C:\Users\raffa\IdeaProjects\maga-core\data\mosaic-scenarios\MaGaIntegratedStudy\sumo\Barnim.net.xml
47000000000,47,veh_7,52.65217659471088,13.568463855045746,7526.104915,8084.745948,35.74091153390705,186.82898630358906,true,SUMO_NET_XML_UTM_WGS84_WITH_NET_OFFSET,C:\Users\raffa\IdeaProjects\maga-core\data\mosaic-scenarios\MaGaIntegratedStudy\sumo\Barnim.net.xml
47000000000,47,veh_8,52.65345031238556,13.568672571820644,7543.037222,8226.136107,35.03402470342349,186.8289863035903,true,SUMO_NET_XML_UTM_WGS84_WITH_NET_OFFSET,C:\Users\raffa\IdeaProjects\maga-core\data\mosaic-scenarios\MaGaIntegratedStudy\sumo\Barnim.net.xml
47000000000,47,veh_9,52.654723129739395,13.56892341531064,7562.816176,8367.369610,35.9650317379646,186.33353035528413,true,SUMO_NET_XML_UTM_WGS84_WITH_NET_OFFSET,C:\Users\raffa\IdeaProjects\maga-core\data\mosaic-scenarios\MaGaIntegratedStudy\sumo\Barnim.net.xml
47000000000,47,veh_10,52.65599347112606,13.569065815029658,7575.253912,8508.473474,35.802171106440944,186.33265938410221,true,SUMO_NET_XML_UTM_WGS84_WITH_NET_OFFSET,C:\Users\raffa\IdeaProjects\maga-core\data\mosaic-scenarios\MaGaIntegratedStudy\sumo\Barnim.net.xml
48000000000,48,veh_0,52.64299429470663,13.566930607556474,7402.081359,7065.497340,36.05066092194989,186.32751799415365,true,SUMO_NET_XML_UTM_WGS84_WITH_NET_OFFSET,C:\Users\raffa\IdeaProjects\maga-core\data\mosaic-scenarios\MaGaIntegratedStudy\sumo\Barnim.net.xml
48000000000,48,veh_1,52.64429661824501,13.56714162375886,7419.238118,7210.065562,35.176900635091584,186.94698813628827,true,SUMO_NET_XML_UTM_WGS84_WITH_NET_OFFSET,C:\Users\raffa\IdeaProjects\maga-core\data\mosaic-scenarios\MaGaIntegratedStudy\sumo\Barnim.net.xml
48000000000,48,veh_2,52.64557427507987,13.567354170190466,7436.443062,7351.888226,34.96354329440743,186.8997196608967,true,SUMO_NET_XML_UTM_WGS84_WITH_NET_OFFSET,C:\Users\raffa\IdeaProjects\maga-core\data\mosaic-scenarios\MaGaIntegratedStudy\sumo\Barnim.net.xml
48000000000,48,veh_3,52.64680887694703,13.567559290736957,7453.049657,7488.932126,36.088470207657664,187.09837029306303,true,SUMO_NET_XML_UTM_WGS84_WITH_NET_OFFSET,C:\Users\raffa\IdeaProjects\maga-core\data\mosaic-scenarios\MaGaIntegratedStudy\sumo\Barnim.net.xml
48000000000,48,veh_4,52.64807778348951,13.567777081061106,7470.588450,7629.774634,35.951140654264016,187.09837029306303,true,SUMO_NET_XML_UTM_WGS84_WITH_NET_OFFSET,C:\Users\raffa\IdeaProjects\maga-core\data\mosaic-scenarios\MaGaIntegratedStudy\sumo\Barnim.net.xml
48000000000,48,veh_5,52.64933741778812,13.567993291818123,7487.999091,7769.588032,36.09789985412732,187.09837029306303,true,SUMO_NET_XML_UTM_WGS84_WITH_NET_OFFSET,C:\Users\raffa\IdeaProjects\maga-core\data\mosaic-scenarios\MaGaIntegratedStudy\sumo\Barnim.net.xml
48000000000,48,veh_6,52.65061766067313,13.568209370378435,7505.445541,7911.693897,35.11706614309456,186.80510612248742,true,SUMO_NET_XML_UTM_WGS84_WITH_NET_OFFSET,C:\Users\raffa\IdeaProjects\maga-core\data\mosaic-scenarios\MaGaIntegratedStudy\sumo\Barnim.net.xml
48000000000,48,veh_7,52.65186283432493,13.568412534135268,7521.940092,8049.916585,35.08525448135566,186.80510612248864,true,SUMO_NET_XML_UTM_WGS84_WITH_NET_OFFSET,C:\Users\raffa\IdeaProjects\maga-core\data\mosaic-scenarios\MaGaIntegratedStudy\sumo\Barnim.net.xml
48000000000,48,veh_8,52.653132689375965,13.568620523689889,7538.814865,8190.878077,35.517815097179266,186.8289863035903,true,SUMO_NET_XML_UTM_WGS84_WITH_NET_OFFSET,C:\Users\raffa\IdeaProjects\maga-core\data\mosaic-scenarios\MaGaIntegratedStudy\sumo\Barnim.net.xml
48000000000,48,veh_9,52.65440982370816,13.56887656703854,7558.955284,8332.584735,34.99075464395806,186.33353035528182,true,SUMO_NET_XML_UTM_WGS84_WITH_NET_OFFSET,C:\Users\raffa\IdeaProjects\maga-core\data\mosaic-scenarios\MaGaIntegratedStudy\sumo\Barnim.net.xml
48000000000,48,veh_10,52.65567734381632,13.569018550625666,7571.358791,8473.375343,35.32142223612405,186.33265938410452,true,SUMO_NET_XML_UTM_WGS84_WITH_NET_OFFSET,C:\Users\raffa\IdeaProjects\maga-core\data\mosaic-scenarios\MaGaIntegratedStudy\sumo\Barnim.net.xml
49000000000,49,veh_0,52.642673073487494,13.566882657632043,7398.126723,7029.833741,35.8824136820063,186.32751799415365,true,SUMO_NET_XML_UTM_WGS84_WITH_NET_OFFSET,C:\Users\raffa\IdeaProjects\maga-core\data\mosaic-scenarios\MaGaIntegratedStudy\sumo\Barnim.net.xml
49000000000,49,veh_1,52.643979307107344,13.567088562327312,7414.946496,7174.843722,35.48358994965907,186.946988136287,true,SUMO_NET_XML_UTM_WGS84_WITH_NET_OFFSET,C:\Users\raffa\IdeaProjects\maga-core\data\mosaic-scenarios\MaGaIntegratedStudy\sumo\Barnim.net.xml
49000000000,49,veh_2,52.645254095307806,13.56730106482747,7432.142321,7316.347360,35.80092487336602,186.8997196608967,true,SUMO_NET_XML_UTM_WGS84_WITH_NET_OFFSET,C:\Users\raffa\IdeaProjects\maga-core\data\mosaic-scenarios\MaGaIntegratedStudy\sumo\Barnim.net.xml
49000000000,49,veh_3,52.646497594778566,13.567507317123539,7448.845343,7454.379363,35.078198994384145,186.89971966090826,true,SUMO_NET_XML_UTM_WGS84_WITH_NET_OFFSET,C:\Users\raffa\IdeaProjects\maga-core\data\mosaic-scenarios\MaGaIntegratedStudy\sumo\Barnim.net.xml
49000000000,49,veh_4,52.647759576960375,13.567722464165977,7466.190207,7594.455238,35.60007268929854,187.09837029307337,true,SUMO_NET_XML_UTM_WGS84_WITH_NET_OFFSET,C:\Users\raffa\IdeaProjects\maga-core\data\mosaic-scenarios\MaGaIntegratedStudy\sumo\Barnim.net.xml
49000000000,49,veh_5,52.64901869051336,13.567938582546377,7483.593648,7734.210819,35.65834835228976,187.09837029306172,true,SUMO_NET_XML_UTM_WGS84_WITH_NET_OFFSET,C:\Users\raffa\IdeaProjects\maga-core\data\mosaic-scenarios\MaGaIntegratedStudy\sumo\Barnim.net.xml
49000000000,49,veh_6,52.65029679543393,13.568157019467044,7501.195108,7876.075697,35.87885218003299,186.80510612248986,true,SUMO_NET_XML_UTM_WGS84_WITH_NET_OFFSET,C:\Users\raffa\IdeaProjects\maga-core\data\mosaic-scenarios\MaGaIntegratedStudy\sumo\Barnim.net.xml
49000000000,49,veh_7,52.651548119664305,13.568361183946676,7517.771133,8014.981126,35.19111500204541,186.80510612248864,true,SUMO_NET_XML_UTM_WGS84_WITH_NET_OFFSET,C:\Users\raffa\IdeaProjects\maga-core\data\mosaic-scenarios\MaGaIntegratedStudy\sumo\Barnim.net.xml
49000000000,49,veh_8,52.65281215404629,13.568567999050702,7534.553793,8155.296767,35.84347795542795,186.8289863035903,true,SUMO_NET_XML_UTM_WGS84_WITH_NET_OFFSET,C:\Users\raffa\IdeaProjects\maga-core\data\mosaic-scenarios\MaGaIntegratedStudy\sumo\Barnim.net.xml
49000000000,49,veh_9,52.65409460628696,13.568825710494737,7554.819008,8297.592652,35.22810814456548,186.82872832338123,true,SUMO_NET_XML_UTM_WGS84_WITH_NET_OFFSET,C:\Users\raffa\IdeaProjects\maga-core\data\mosaic-scenarios\MaGaIntegratedStudy\sumo\Barnim.net.xml
49000000000,49,veh_10,52.65536167343009,13.568971355178697,7567.469300,8438.327946,35.27036602479871,186.33265938411486,true,SUMO_NET_XML_UTM_WGS84_WITH_NET_OFFSET,C:\Users\raffa\IdeaProjects\maga-core\data\mosaic-scenarios\MaGaIntegratedStudy\sumo\Barnim.net.xml
50000000000,50,veh_0,52.64235884388014,13.566835752013713,7394.258163,6994.946390,35.10140363987535,186.3275179941525,true,SUMO_NET_XML_UTM_WGS84_WITH_NET_OFFSET,C:\Users\raffa\IdeaProjects\maga-core\data\mosaic-scenarios\MaGaIntegratedStudy\sumo\Barnim.net.xml
50000000000,50,veh_1,52.643667590884164,13.5670311152123,7410.370481,7140.250087,34.902997941863724,186.32751799415365,true,SUMO_NET_XML_UTM_WGS84_WITH_NET_OFFSET,C:\Users\raffa\IdeaProjects\maga-core\data\mosaic-scenarios\MaGaIntegratedStudy\sumo\Barnim.net.xml
50000000000,50,veh_2,52.64493283299821,13.567247780654869,7427.827040,7280.686333,35.92196492982563,186.89971966090826,true,SUMO_NET_XML_UTM_WGS84_WITH_NET_OFFSET,C:\Users\raffa\IdeaProjects\maga-core\data\mosaic-scenarios\MaGaIntegratedStudy\sumo\Barnim.net.xml
50000000000,50,veh_3,52.64618396900133,13.567455296722487,7444.632636,7419.565998,35.068100609201935,186.89971966090826,true,SUMO_NET_XML_UTM_WGS84_WITH_NET_OFFSET,C:\Users\raffa\IdeaProjects\maga-core\data\mosaic-scenarios\MaGaIntegratedStudy\sumo\Barnim.net.xml
50000000000,50,veh_4,52.64744092276794,13.567667771191315,7461.785777,7559.086157,35.650151967853304,187.09837029306172,true,SUMO_NET_XML_UTM_WGS84_WITH_NET_OFFSET,C:\Users\raffa\IdeaProjects\maga-core\data\mosaic-scenarios\MaGaIntegratedStudy\sumo\Barnim.net.xml
50000000000,50,veh_5,52.64870679052835,13.567885045907316,7479.282572,7699.591407,34.89452563842293,187.09837029306303,true,SUMO_NET_XML_UTM_WGS84_WITH_NET_OFFSET,C:\Users\raffa\IdeaProjects\maga-core\data\mosaic-scenarios\MaGaIntegratedStudy\sumo\Barnim.net.xml
50000000000,50,veh_6,52.64997980964361,13.56810356015041,7496.878222,7840.890487,35.4569933725195,187.09837029306172,true,SUMO_NET_XML_UTM_WGS84_WITH_NET_OFFSET,C:\Users\raffa\IdeaProjects\maga-core\data\mosaic-scenarios\MaGaIntegratedStudy\sumo\Barnim.net.xml
50000000000,50,veh_7,52.65122970697544,13.568309231084724,7513.553188,7979.635164,35.60462145268917,186.8051061224783,true,SUMO_NET_XML_UTM_WGS84_WITH_NET_OFFSET,C:\Users\raffa\IdeaProjects\maga-core\data\mosaic-scenarios\MaGaIntegratedStudy\sumo\Barnim.net.xml
50000000000,50,veh_8,52.65249370168686,13.56851581646096,7530.320411,8119.946683,35.61054845963605,186.8289863035903,true,SUMO_NET_XML_UTM_WGS84_WITH_NET_OFFSET,C:\Users\raffa\IdeaProjects\maga-core\data\mosaic-scenarios\MaGaIntegratedStudy\sumo\Barnim.net.xml
50000000000,50,veh_9,52.65377761832759,13.568773766999339,7550.605251,8262.405104,35.43112226325553,186.82872832337335,true,SUMO_NET_XML_UTM_WGS84_WITH_NET_OFFSET,C:\Users\raffa\IdeaProjects\maga-core\data\mosaic-scenarios\MaGaIntegratedStudy\sumo\Barnim.net.xml
50000000000,50,veh_10,52.655049219882535,13.568924641308698,7563.619445,8403.637702,34.910940060103314,186.33265938411486,true,SUMO_NET_XML_UTM_WGS84_WITH_NET_OFFSET,C:\Users\raffa\IdeaProjects\maga-core\data\mosaic-scenarios\MaGaIntegratedStudy\sumo\Barnim.net.xml
51000000000,51,veh_0,52.64203956199577,13.566788092882586,7390.327403,6959.498112,35.66577100019436,186.32751799415365,true,SUMO_NET_XML_UTM_WGS84_WITH_NET_OFFSET,C:\Users\raffa\IdeaProjects\maga-core\data\mosaic-scenarios\MaGaIntegratedStudy\sumo\Barnim.net.xml
51000000000,51,veh_1,52.64335081163963,13.566983826983726,7406.470530,7105.079651,35.38622469007038,186.3275179941525,true,SUMO_NET_XML_UTM_WGS84_WITH_NET_OFFSET,C:\Users\raffa\IdeaProjects\maga-core\data\mosaic-scenarios\MaGaIntegratedStudy\sumo\Barnim.net.xml
51000000000,51,veh_2,52.644616932572745,13.567195386521773,7423.583781,7245.620495,35.322421664060094,186.8997196608967,true,SUMO_NET_XML_UTM_WGS84_WITH_NET_OFFSET,C:\Users\raffa\IdeaProjects\maga-core\data\mosaic-scenarios\MaGaIntegratedStudy\sumo\Barnim.net.xml
51000000000,51,veh_3,52.6458692001554,13.567403087434748,7440.404575,7384.625753,35.19590916492976,186.89971966090704,true,SUMO_NET_XML_UTM_WGS84_WITH_NET_OFFSET,C:\Users\raffa\IdeaProjects\maga-core\data\mosaic-scenarios\MaGaIntegratedStudy\sumo\Barnim.net.xml
51000000000,51,veh_4,52.64712926822487,13.56761428035124,7457.478096,7524.494007,34.86704657218885,187.0983702930721,true,SUMO_NET_XML_UTM_WGS84_WITH_NET_OFFSET,C:\Users\raffa\IdeaProjects\maga-core\data\mosaic-scenarios\MaGaIntegratedStudy\sumo\Barnim.net.xml
51000000000,51,veh_5,52.64839117513267,13.567830872268972,7474.920143,7664.559605,35.31019175964408,187.09837029306303,true,SUMO_NET_XML_UTM_WGS84_WITH_NET_OFFSET,C:\Users\raffa\IdeaProjects\maga-core\data\mosaic-scenarios\MaGaIntegratedStudy\sumo\Barnim.net.xml
51000000000,51,veh_6,52.64966433400744,13.568049407503153,7492.517722,7805.874182,35.294571927925574,187.09837029306172,true,SUMO_NET_XML_UTM_WGS84_WITH_NET_OFFSET,C:\Users\raffa\IdeaProjects\maga-core\data\mosaic-scenarios\MaGaIntegratedStudy\sumo\Barnim.net.xml
51000000000,51,veh_7,52.65091065541989,13.568257174703003,7509.326780,7944.218288,35.676055126069116,186.80510612248864,true,SUMO_NET_XML_UTM_WGS84_WITH_NET_OFFSET,C:\Users\raffa\IdeaProjects\maga-core\data\mosaic-scenarios\MaGaIntegratedStudy\sumo\Barnim.net.xml
51000000000,51,veh_8,52.65217784411947,13.56846405977348,7526.121524,8084.884640,35.320385201126335,186.8289863035903,true,SUMO_NET_XML_UTM_WGS84_WITH_NET_OFFSET,C:\Users\raffa\IdeaProjects\maga-core\data\mosaic-scenarios\MaGaIntegratedStudy\sumo\Barnim.net.xml
51000000000,51,veh_9,52.653466121565444,13.568722724018926,7546.464491,8227.827116,34.81734357552137,186.82872832337088,true,SUMO_NET_XML_UTM_WGS84_WITH_NET_OFFSET,C:\Users\raffa\IdeaProjects\maga-core\data\mosaic-scenarios\MaGaIntegratedStudy\sumo\Barnim.net.xml
51000000000,51,veh_10,52.65473123035549,13.56887710041856,7559.701380,8368.332829,35.5294805839099,186.33265938410452,true,SUMO_NET_XML_UTM_WGS84_WITH_NET_OFFSET,C:\Users\raffa\IdeaProjects\maga-core\data\mosaic-scenarios\MaGaIntegratedStudy\sumo\Barnim.net.xml
51000000000,51,veh_11,52.655998094785005,13.569114065812835,7578.527663,8508.922936,35.41237440401688,186.33353035528413,true,SUMO_NET_XML_UTM_WGS84_WITH_NET_OFFSET,C:\Users\raffa\IdeaProjects\maga-core\data\mosaic-scenarios\MaGaIntegratedStudy\sumo\Barnim.net.xml
52000000000,52,veh_0,52.64171772507575,13.566738338038078,7386.249153,6923.768473,35.96919079410378,186.9042388770483,true,SUMO_NET_XML_UTM_WGS84_WITH_NET_OFFSET,C:\Users\raffa\IdeaProjects\maga-core\data\mosaic-scenarios\MaGaIntegratedStudy\sumo\Barnim.net.xml
52000000000,52,veh_1,52.643030172817355,13.566935963260939,7402.523064,7069.480709,35.81736020931508,186.3275179941525,true,SUMO_NET_XML_UTM_WGS84_WITH_NET_OFFSET,C:\Users\raffa\IdeaProjects\maga-core\data\mosaic-scenarios\MaGaIntegratedStudy\sumo\Barnim.net.xml
52000000000,52,veh_2,52.64430337162139,13.56714275308051,7419.329457,7210.815193,35.061209192862734,186.9469881362986,true,SUMO_NET_XML_UTM_WGS84_WITH_NET_OFFSET,C:\Users\raffa\IdeaProjects\maga-core\data\mosaic-scenarios\MaGaIntegratedStudy\sumo\Barnim.net.xml
52000000000,52,veh_3,52.645557750697506,13.5673514294205,7436.221102,7350.053973,34.824747726358474,186.8997196608967,true,SUMO_NET_XML_UTM_WGS84_WITH_NET_OFFSET,C:\Users\raffa\IdeaProjects\maga-core\data\mosaic-scenarios\MaGaIntegratedStudy\sumo\Barnim.net.xml
52000000000,52,veh_4,52.64681143766624,13.567559730237026,7453.085051,7489.216353,35.557998075955545,187.09837029307337,true,SUMO_NET_XML_UTM_WGS84_WITH_NET_OFFSET,C:\Users\raffa\IdeaProjects\maga-core\data\mosaic-scenarios\MaGaIntegratedStudy\sumo\Barnim.net.xml
52000000000,52,veh_5,52.648078074354366,13.567777130985426,7470.592470,7629.806919,35.028859268003146,187.09837029306172,true,SUMO_NET_XML_UTM_WGS84_WITH_NET_OFFSET,C:\Users\raffa\IdeaProjects\maga-core\data\mosaic-scenarios\MaGaIntegratedStudy\sumo\Barnim.net.xml
52000000000,52,veh_6,52.64934929812045,13.56799533108195,7488.163301,7770.906692,35.245369986551815,187.0983702930721,true,SUMO_NET_XML_UTM_WGS84_WITH_NET_OFFSET,C:\Users\raffa\IdeaProjects\maga-core\data\mosaic-scenarios\MaGaIntegratedStudy\sumo\Barnim.net.xml
52000000000,52,veh_7,52.65059611258563,13.568205854667797,7505.160098,7909.301914,35.17189025558997,186.80510612248742,true,SUMO_NET_XML_UTM_WGS84_WITH_NET_OFFSET,C:\Users\raffa\IdeaProjects\maga-core\data\mosaic-scenarios\MaGaIntegratedStudy\sumo\Barnim.net.xml
52000000000,52,veh_8,52.651858374424236,13.568411806433925,7521.881013,8049.421506,35.72367023237981,186.80510612248864,true,SUMO_NET_XML_UTM_WGS84_WITH_NET_OFFSET,C:\Users\raffa\IdeaProjects\maga-core\data\mosaic-scenarios\MaGaIntegratedStudy\sumo\Barnim.net.xml
52000000000,52,veh_9,52.65314977129447,13.568670886430578,7542.259212,8192.710363,35.35983754255809,186.82872832338123,true,SUMO_NET_XML_UTM_WGS84_WITH_NET_OFFSET,C:\Users\raffa\IdeaProjects\maga-core\data\mosaic-scenarios\MaGaIntegratedStudy\sumo\Barnim.net.xml
52000000000,52,veh_10,52.654408343833595,13.568828828071418,7555.722977,8332.484268,36.07662615586538,186.33265938411253,true,SUMO_NET_XML_UTM_WGS84_WITH_NET_OFFSET,C:\Users\raffa\IdeaProjects\maga-core\data\mosaic-scenarios\MaGaIntegratedStudy\sumo\Barnim.net.xml
52000000000,52,veh_11,52.65568537784911,13.569067303059272,7574.674029,8474.203452,34.92497668013908,186.33353035529217,true,SUMO_NET_XML_UTM_WGS84_WITH_NET_OFFSET,C:\Users\raffa\IdeaProjects\maga-core\data\mosaic-scenarios\MaGaIntegratedStudy\sumo\Barnim.net.xml
53000000000,53,veh_0,52.64139760241131,13.566685208920713,7381.946348,6888.234048,35.79518823538907,186.90423887703798,true,SUMO_NET_XML_UTM_WGS84_WITH_NET_OFFSET,C:\Users\raffa\IdeaProjects\maga-core\data\mosaic-scenarios\MaGaIntegratedStudy\sumo\Barnim.net.xml
53000000000,53,veh_1,52.64271510211261,13.566888931368558,7398.644148,7034.499971,35.19536327881738,186.3275179941525,true,SUMO_NET_XML_UTM_WGS84_WITH_NET_OFFSET,C:\Users\raffa\IdeaProjects\maga-core\data\mosaic-scenarios\MaGaIntegratedStudy\sumo\Barnim.net.xml
53000000000,53,veh_2,52.643989923073924,13.567090337539616,7415.090077,7176.022105,35.05165259459987,186.946988136287,true,SUMO_NET_XML_UTM_WGS84_WITH_NET_OFFSET,C:\Users\raffa\IdeaProjects\maga-core\data\mosaic-scenarios\MaGaIntegratedStudy\sumo\Barnim.net.xml
53000000000,53,veh_3,52.64524546690038,13.567299633720697,7432.026422,7315.389583,34.91803569846321,186.8997196608967,true,SUMO_NET_XML_UTM_WGS84_WITH_NET_OFFSET,C:\Users\raffa\IdeaProjects\maga-core\data\mosaic-scenarios\MaGaIntegratedStudy\sumo\Barnim.net.xml
53000000000,53,veh_4,52.64649423870207,13.567506760454945,7448.800264,7454.006829,35.73994519432541,186.89971966089794,true,SUMO_NET_XML_UTM_WGS84_WITH_NET_OFFSET,C:\Users\raffa\IdeaProjects\maga-core\data\mosaic-scenarios\MaGaIntegratedStudy\sumo\Barnim.net.xml
53000000000,53,veh_5,52.64776242171511,13.567722952435673,7466.229527,7594.770992,35.31435052188113,187.09837029306172,true,SUMO_NET_XML_UTM_WGS84_WITH_NET_OFFSET,C:\Users\raffa\IdeaProjects\maga-core\data\mosaic-scenarios\MaGaIntegratedStudy\sumo\Barnim.net.xml
53000000000,53,veh_6,52.649037724986705,13.567941849776615,7483.856742,7736.323555,34.85796253161039,187.09837029306303,true,SUMO_NET_XML_UTM_WGS84_WITH_NET_OFFSET,C:\Users\raffa\IdeaProjects\maga-core\data\mosaic-scenarios\MaGaIntegratedStudy\sumo\Barnim.net.xml
53000000000,53,veh_7,52.6502832046465,13.56815480207212,7501.015074,7874.567028,34.98907409104518,186.80510612248742,true,SUMO_NET_XML_UTM_WGS84_WITH_NET_OFFSET,C:\Users\raffa\IdeaProjects\maga-core\data\mosaic-scenarios\MaGaIntegratedStudy\sumo\Barnim.net.xml
53000000000,53,veh_8,52.65153617982846,13.56835923580584,7517.612969,8013.655723,36.02751463555265,186.80510612248864,true,SUMO_NET_XML_UTM_WGS84_WITH_NET_OFFSET,C:\Users\raffa\IdeaProjects\maga-core\data\mosaic-scenarios\MaGaIntegratedStudy\sumo\Barnim.net.xml
53000000000,53,veh_9,52.65283207103941,13.568618828347466,7538.035989,8157.443757,35.5107272912655,186.82872832338245,true,SUMO_NET_XML_UTM_WGS84_WITH_NET_OFFSET,C:\Users\raffa\IdeaProjects\maga-core\data\mosaic-scenarios\MaGaIntegratedStudy\sumo\Barnim.net.xml
53000000000,53,veh_10,52.65408914863189,13.568777258574594,7551.529666,8297.050713,35.68889538861345,186.8289863035903,true,SUMO_NET_XML_UTM_WGS84_WITH_NET_OFFSET,C:\Users\raffa\IdeaProjects\maga-core\data\mosaic-scenarios\MaGaIntegratedStudy\sumo\Barnim.net.xml
53000000000,53,veh_11,52.65536862978625,13.569019938145084,7570.770719,8439.036414,35.3751791997021,186.33353035528413,true,SUMO_NET_XML_UTM_WGS84_WITH_NET_OFFSET,C:\Users\raffa\IdeaProjects\maga-core\data\mosaic-scenarios\MaGaIntegratedStudy\sumo\Barnim.net.xml
54000000000,54,veh_0,52.64108545798845,13.566633404621456,7377.750780,6853.585233,34.90308059858158,186.90423887703798,true,SUMO_NET_XML_UTM_WGS84_WITH_NET_OFFSET,C:\Users\raffa\IdeaProjects\maga-core\data\mosaic-scenarios\MaGaIntegratedStudy\sumo\Barnim.net.xml
54000000000,54,veh_1,52.64239514768243,13.566841171115131,7394.705108,6998.977020,35.74090242173057,186.3275179941525,true,SUMO_NET_XML_UTM_WGS84_WITH_NET_OFFSET,C:\Users\raffa\IdeaProjects\maga-core\data\mosaic-scenarios\MaGaIntegratedStudy\sumo\Barnim.net.xml
54000000000,54,veh_2,52.643677278056984,13.567032561305972,7410.489742,7141.325606,35.0080195405893,186.3275179941525,true,SUMO_NET_XML_UTM_WGS84_WITH_NET_OFFSET,C:\Users\raffa\IdeaProjects\maga-core\data\mosaic-scenarios\MaGaIntegratedStudy\sumo\Barnim.net.xml
54000000000,54,veh_3,52.64493072533856,13.567247431083477,7427.798729,7280.452377,35.19284705260303,186.89971966090704,true,SUMO_NET_XML_UTM_WGS84_WITH_NET_OFFSET,C:\Users\raffa\IdeaProjects\maga-core\data\mosaic-scenarios\MaGaIntegratedStudy\sumo\Barnim.net.xml
54000000000,54,veh_4,52.64617164480752,13.567453252550678,7444.467094,7418.197977,36.07087153144181,186.89971966090826,true,SUMO_NET_XML_UTM_WGS84_WITH_NET_OFFSET,C:\Users\raffa\IdeaProjects\maga-core\data\mosaic-scenarios\MaGaIntegratedStudy\sumo\Barnim.net.xml
54000000000,54,veh_5,52.64745034241658,13.567669387944377,7461.915975,7560.131692,34.91457105101086,187.09837029307337,true,SUMO_NET_XML_UTM_WGS84_WITH_NET_OFFSET,C:\Users\raffa\IdeaProjects\maga-core\data\mosaic-scenarios\MaGaIntegratedStudy\sumo\Barnim.net.xml
54000000000,54,veh_6,52.648724157271836,13.567888026834435,7479.522615,7701.519032,35.081106967912056,187.09837029307337,true,SUMO_NET_XML_UTM_WGS84_WITH_NET_OFFSET,C:\Users\raffa\IdeaProjects\maga-core\data\mosaic-scenarios\MaGaIntegratedStudy\sumo\Barnim.net.xml
54000000000,54,veh_7,52.64996691557963,13.568101346818498,7496.700000,7839.459307,35.37983779985458,187.09837029306172,true,SUMO_NET_XML_UTM_WGS84_WITH_NET_OFFSET,C:\Users\raffa\IdeaProjects\maga-core\data\mosaic-scenarios\MaGaIntegratedStudy\sumo\Barnim.net.xml
54000000000,54,veh_8,52.65122246045439,13.56830804873595,7513.457194,7978.830752,35.079819088513034,186.80510612248864,true,SUMO_NET_XML_UTM_WGS84_WITH_NET_OFFSET,C:\Users\raffa\IdeaProjects\maga-core\data\mosaic-scenarios\MaGaIntegratedStudy\sumo\Barnim.net.xml
54000000000,54,veh_9,52.65251862304577,13.568519900126022,7530.651706,8122.713100,35.08065902627073,186.82898630357994,true,SUMO_NET_XML_UTM_WGS84_WITH_NET_OFFSET,C:\Users\raffa\IdeaProjects\maga-core\data\mosaic-scenarios\MaGaIntegratedStudy\sumo\Barnim.net.xml
54000000000,54,veh_10,52.6537739667362,13.568725609030222,7547.339759,8262.063654,35.244848072985185,186.82898630357994,true,SUMO_NET_XML_UTM_WGS84_WITH_NET_OFFSET,C:\Users\raffa\IdeaProjects\maga-core\data\mosaic-scenarios\MaGaIntegratedStudy\sumo\Barnim.net.xml
54000000000,54,veh_11,52.6550547854263,13.568973008073298,7566.903192,8404.191764,35.05088336224668,186.33353035528413,true,SUMO_NET_XML_UTM_WGS84_WITH_NET_OFFSET,C:\Users\raffa\IdeaProjects\maga-core\data\mosaic-scenarios\MaGaIntegratedStudy\sumo\Barnim.net.xml
55000000000,55,veh_0,52.64077317693143,13.566581578347762,7373.553375,6818.921254,34.91835489039309,186.90423887703798,true,SUMO_NET_XML_UTM_WGS84_WITH_NET_OFFSET,C:\Users\raffa\IdeaProjects\maga-core\data\mosaic-scenarios\MaGaIntegratedStudy\sumo\Barnim.net.xml
55000000000,55,veh_1,52.6420794404535,13.566794045494724,7390.818357,6963.925619,35.26646017789841,186.32751799416405,true,SUMO_NET_XML_UTM_WGS84_WITH_NET_OFFSET,C:\Users\raffa\IdeaProjects\maga-core\data\mosaic-scenarios\MaGaIntegratedStudy\sumo\Barnim.net.xml
55000000000,55,veh_2,52.64335827195682,13.566984940638875,7406.562376,7105.907934,35.63497849718202,186.32751799415365,true,SUMO_NET_XML_UTM_WGS84_WITH_NET_OFFSET,C:\Users\raffa\IdeaProjects\maga-core\data\mosaic-scenarios\MaGaIntegratedStudy\sumo\Barnim.net.xml
55000000000,55,veh_3,52.64461398441258,13.567194897553682,7423.544180,7245.293241,35.416402239366434,186.89971966090826,true,SUMO_NET_XML_UTM_WGS84_WITH_NET_OFFSET,C:\Users\raffa\IdeaProjects\maga-core\data\mosaic-scenarios\MaGaIntegratedStudy\sumo\Barnim.net.xml
55000000000,55,veh_4,52.64585445024592,13.567400640951321,7440.206451,7382.988471,35.46714063353371,186.89971966090826,true,SUMO_NET_XML_UTM_WGS84_WITH_NET_OFFSET,C:\Users\raffa\IdeaProjects\maga-core\data\mosaic-scenarios\MaGaIntegratedStudy\sumo\Barnim.net.xml
55000000000,55,veh_5,52.647129829999095,13.567614376770727,7457.485861,7524.556361,35.85804108098615,187.0983702930721,true,SUMO_NET_XML_UTM_WGS84_WITH_NET_OFFSET,C:\Users\raffa\IdeaProjects\maga-core\data\mosaic-scenarios\MaGaIntegratedStudy\sumo\Barnim.net.xml
55000000000,55,veh_6,52.648403439041616,13.56783297728728,7475.089654,7665.920841,35.8810831952747,187.09837029306303,true,SUMO_NET_XML_UTM_WGS84_WITH_NET_OFFSET,C:\Users\raffa\IdeaProjects\maga-core\data\mosaic-scenarios\MaGaIntegratedStudy\sumo\Barnim.net.xml
55000000000,55,veh_7,52.6496551924399,13.568047838327814,7492.391367,7804.859512,34.87475250571966,187.09837029306172,true,SUMO_NET_XML_UTM_WGS84_WITH_NET_OFFSET,C:\Users\raffa\IdeaProjects\maga-core\data\mosaic-scenarios\MaGaIntegratedStudy\sumo\Barnim.net.xml
55000000000,55,veh_8,52.65090095671015,13.568255592274927,7509.198303,7943.141666,35.95025653281715,186.80510612248986,true,SUMO_NET_XML_UTM_WGS84_WITH_NET_OFFSET,C:\Users\raffa\IdeaProjects\maga-core\data\mosaic-scenarios\MaGaIntegratedStudy\sumo\Barnim.net.xml
55000000000,55,veh_9,52.65220643008462,13.568468743864681,7526.501535,8088.057850,34.91059541733935,186.8289863035903,true,SUMO_NET_XML_UTM_WGS84_WITH_NET_OFFSET,C:\Users\raffa\IdeaProjects\maga-core\data\mosaic-scenarios\MaGaIntegratedStudy\sumo\Barnim.net.xml
55000000000,55,veh_10,52.65345616206686,13.56867353040079,7543.114986,8226.785456,35.5381328747049,186.82898630358784,true,SUMO_NET_XML_UTM_WGS84_WITH_NET_OFFSET,C:\Users\raffa\IdeaProjects\maga-core\data\mosaic-scenarios\MaGaIntegratedStudy\sumo\Barnim.net.xml
55000000000,55,veh_11,52.654732388202525,13.568924799727055,7562.930269,8368.397533,36.00608400838915,186.33353035528413,true,SUMO_NET_XML_UTM_WGS84_WITH_NET_OFFSET,C:\Users\raffa\IdeaProjects\maga-core\data\mosaic-scenarios\MaGaIntegratedStudy\sumo\Barnim.net.xml
56000000000,56,veh_0,52.64045924709206,13.566529479149002,7369.333810,6784.074260,35.102713137273675,186.90423887703798,true,SUMO_NET_XML_UTM_WGS84_WITH_NET_OFFSET,C:\Users\raffa\IdeaProjects\maga-core\data\mosaic-scenarios\MaGaIntegratedStudy\sumo\Barnim.net.xml
56000000000,56,veh_1,52.64176544429685,13.566746257815723,7386.890553,6929.065427,35.08803690782748,186.74159904013072,true,SUMO_NET_XML_UTM_WGS84_WITH_NET_OFFSET,C:\Users\raffa\IdeaProjects\maga-core\data\mosaic-scenarios\MaGaIntegratedStudy\sumo\Barnim.net.xml
56000000000,56,veh_2,52.6430370461591,13.56693698927987,7402.607683,7070.243822,35.88292911368422,186.3275179941525,true,SUMO_NET_XML_UTM_WGS84_WITH_NET_OFFSET,C:\Users\raffa\IdeaProjects\maga-core\data\mosaic-scenarios\MaGaIntegratedStudy\sumo\Barnim.net.xml
56000000000,56,veh_3,52.644295863019096,13.567141497467537,7419.227904,7209.981731,35.571216470366345,186.9469881362973,true,SUMO_NET_XML_UTM_WGS84_WITH_NET_OFFSET,C:\Users\raffa\IdeaProjects\maga-core\data\mosaic-scenarios\MaGaIntegratedStudy\sumo\Barnim.net.xml
56000000000,56,veh_4,52.645538829948634,13.567348291186393,7435.966953,7347.953716,35.29111028426792,186.89971966090826,true,SUMO_NET_XML_UTM_WGS84_WITH_NET_OFFSET,C:\Users\raffa\IdeaProjects\maga-core\data\mosaic-scenarios\MaGaIntegratedStudy\sumo\Barnim.net.xml
56000000000,56,veh_5,52.64681176173219,13.567559785856954,7453.089530,7489.252323,35.58459221894387,187.09837029306172,true,SUMO_NET_XML_UTM_WGS84_WITH_NET_OFFSET,C:\Users\raffa\IdeaProjects\maga-core\data\mosaic-scenarios\MaGaIntegratedStudy\sumo\Barnim.net.xml
56000000000,56,veh_6,52.64808331789875,13.567778030992514,7470.664947,7630.388927,35.814278576862996,187.0983702930721,true,SUMO_NET_XML_UTM_WGS84_WITH_NET_OFFSET,C:\Users\raffa\IdeaProjects\maga-core\data\mosaic-scenarios\MaGaIntegratedStudy\sumo\Barnim.net.xml
56000000000,56,veh_7,52.64933852913984,13.567993482582049,7488.014452,7769.711386,35.427440469353456,187.09837029306172,true,SUMO_NET_XML_UTM_WGS84_WITH_NET_OFFSET,C:\Users\raffa\IdeaProjects\maga-core\data\mosaic-scenarios\MaGaIntegratedStudy\sumo\Barnim.net.xml
56000000000,56,veh_8,52.650588704911826,13.56820464605839,7505.061970,7908.479612,34.91570862535387,186.8051061224783,true,SUMO_NET_XML_UTM_WGS84_WITH_NET_OFFSET,C:\Users\raffa\IdeaProjects\maga-core\data\mosaic-scenarios\MaGaIntegratedStudy\sumo\Barnim.net.xml
56000000000,56,veh_9,52.65188718687192,13.568416507630069,7522.262685,8052.619883,35.698477983744816,186.80510612248864,true,SUMO_NET_XML_UTM_WGS84_WITH_NET_OFFSET,C:\Users\raffa\IdeaProjects\maga-core\data\mosaic-scenarios\MaGaIntegratedStudy\sumo\Barnim.net.xml
56000000000,56,veh_10,52.65314153545785,13.568621973266685,7538.932461,8191.860045,35.18274625415448,186.8289863035903,true,SUMO_NET_XML_UTM_WGS84_WITH_NET_OFFSET,C:\Users\raffa\IdeaProjects\maga-core\data\mosaic-scenarios\MaGaIntegratedStudy\sumo\Barnim.net.xml
56000000000,56,veh_11,52.65440959089055,13.568876532225842,7558.952415,8332.558886,36.0507632549759,186.33353035529217,true,SUMO_NET_XML_UTM_WGS84_WITH_NET_OFFSET,C:\Users\raffa\IdeaProjects\maga-core\data\mosaic-scenarios\MaGaIntegratedStudy\sumo\Barnim.net.xml
57000000000,57,veh_0,52.64014413674843,13.566477184749276,7365.098378,6749.096230,35.23470985271502,186.90423887703798,true,SUMO_NET_XML_UTM_WGS84_WITH_NET_OFFSET,C:\Users\raffa\IdeaProjects\maga-core\data\mosaic-scenarios\MaGaIntegratedStudy\sumo\Barnim.net.xml
57000000000,57,veh_1,52.64145004966443,13.5666939132719,7382.651298,6894.055826,35.26651400769129,186.90423887703798,true,SUMO_NET_XML_UTM_WGS84_WITH_NET_OFFSET,C:\Users\raffa\IdeaProjects\maga-core\data\mosaic-scenarios\MaGaIntegratedStudy\sumo\Barnim.net.xml
57000000000,57,veh_2,52.642714683419115,13.566888868868892,7398.638993,7034.453485,36.00992914134636,186.32751799415365,true,SUMO_NET_XML_UTM_WGS84_WITH_NET_OFFSET,C:\Users\raffa\IdeaProjects\maga-core\data\mosaic-scenarios\MaGaIntegratedStudy\sumo\Barnim.net.xml
57000000000,57,veh_3,52.64397981310741,13.56708864694112,7414.953340,7174.899889,35.342552272244355,186.946988136287,true,SUMO_NET_XML_UTM_WGS84_WITH_NET_OFFSET,C:\Users\raffa\IdeaProjects\maga-core\data\mosaic-scenarios\MaGaIntegratedStudy\sumo\Barnim.net.xml
57000000000,57,veh_4,52.645216220106434,13.567294782854425,7431.633571,7312.143105,36.072642888608385,186.89971966090826,true,SUMO_NET_XML_UTM_WGS84_WITH_NET_OFFSET,C:\Users\raffa\IdeaProjects\maga-core\data\mosaic-scenarios\MaGaIntegratedStudy\sumo\Barnim.net.xml
57000000000,57,veh_5,52.64649489421549,13.567506869184205,7448.809069,7454.079593,35.70290448052343,186.89971966090704,true,SUMO_NET_XML_UTM_WGS84_WITH_NET_OFFSET,C:\Users\raffa\IdeaProjects\maga-core\data\mosaic-scenarios\MaGaIntegratedStudy\sumo\Barnim.net.xml
57000000000,57,veh_6,52.64776283275961,13.567723022986778,7466.235209,7594.816616,35.854997375831005,187.09837029306303,true,SUMO_NET_XML_UTM_WGS84_WITH_NET_OFFSET,C:\Users\raffa\IdeaProjects\maga-core\data\mosaic-scenarios\MaGaIntegratedStudy\sumo\Barnim.net.xml
57000000000,57,veh_7,52.64902043914258,13.56793888269506,7483.617817,7734.404908,35.587051481418314,187.09837029306172,true,SUMO_NET_XML_UTM_WGS84_WITH_NET_OFFSET,C:\Users\raffa\IdeaProjects\maga-core\data\mosaic-scenarios\MaGaIntegratedStudy\sumo\Barnim.net.xml
57000000000,57,veh_8,52.65027002727974,13.568152652129788,7500.840516,7873.104252,35.63423565578647,186.80510612248864,true,SUMO_NET_XML_UTM_WGS84_WITH_NET_OFFSET,C:\Users\raffa\IdeaProjects\maga-core\data\mosaic-scenarios\MaGaIntegratedStudy\sumo\Barnim.net.xml
57000000000,57,veh_9,52.65156531236342,13.568363989162831,7517.998881,8016.889632,35.99172311109956,186.80510612248864,true,SUMO_NET_XML_UTM_WGS84_WITH_NET_OFFSET,C:\Users\raffa\IdeaProjects\maga-core\data\mosaic-scenarios\MaGaIntegratedStudy\sumo\Barnim.net.xml
57000000000,57,veh_10,52.65281902844902,13.568569125519565,7534.645178,8156.059867,36.063958702320235,186.8289863035903,true,SUMO_NET_XML_UTM_WGS84_WITH_NET_OFFSET,C:\Users\raffa\IdeaProjects\maga-core\data\mosaic-scenarios\MaGaIntegratedStudy\sumo\Barnim.net.xml
57000000000,57,veh_11,52.65408852578259,13.56882471410112,7554.738179,8296.917680,35.88175097116269,186.82872832337088,true,SUMO_NET_XML_UTM_WGS84_WITH_NET_OFFSET,C:\Users\raffa\IdeaProjects\maga-core\data\mosaic-scenarios\MaGaIntegratedStudy\sumo\Barnim.net.xml
58000000000,58,veh_0,52.63982409831497,13.566424073235742,7360.796707,6713.571175,35.7857504289737,186.90423887703923,true,SUMO_NET_XML_UTM_WGS84_WITH_NET_OFFSET,C:\Users\raffa\IdeaProjects\maga-core\data\mosaic-scenarios\MaGaIntegratedStudy\sumo\Barnim.net.xml
58000000000,58,veh_1,52.64113093072129,13.566640951350681,7378.361984,6858.632820,35.68295175364707,186.90423887703923,true,SUMO_NET_XML_UTM_WGS84_WITH_NET_OFFSET,C:\Users\raffa\IdeaProjects\maga-core\data\mosaic-scenarios\MaGaIntegratedStudy\sumo\Barnim.net.xml
58000000000,58,veh_2,52.642396334684165,13.566841348300098,7394.719721,6999.108807,35.56153626885731,186.32751799415365,true,SUMO_NET_XML_UTM_WGS84_WITH_NET_OFFSET,C:\Users\raffa\IdeaProjects\maga-core\data\mosaic-scenarios\MaGaIntegratedStudy\sumo\Barnim.net.xml
58000000000,58,veh_3,52.64366189490236,13.56703026492082,7410.300356,7139.617691,35.59585868556984,186.32751799415365,true,SUMO_NET_XML_UTM_WGS84_WITH_NET_OFFSET,C:\Users\raffa\IdeaProjects\maga-core\data\mosaic-scenarios\MaGaIntegratedStudy\sumo\Barnim.net.xml
58000000000,58,veh_4,52.64490295437073,13.567242825060104,7427.425702,7277.369721,35.02782712189015,186.89971966090826,true,SUMO_NET_XML_UTM_WGS84_WITH_NET_OFFSET,C:\Users\raffa\IdeaProjects\maga-core\data\mosaic-scenarios\MaGaIntegratedStudy\sumo\Barnim.net.xml
58000000000,58,veh_5,52.64617934603594,13.567454529926927,7444.570539,7419.052836,35.283054190422405,186.89971966089794,true,SUMO_NET_XML_UTM_WGS84_WITH_NET_OFFSET,C:\Users\raffa\IdeaProjects\maga-core\data\mosaic-scenarios\MaGaIntegratedStudy\sumo\Barnim.net.xml
58000000000,58,veh_6,52.647445790344484,13.567668606643762,7461.853056,7559.626434,35.46983082044404,187.0983702930721,true,SUMO_NET_XML_UTM_WGS84_WITH_NET_OFFSET,C:\Users\raffa\IdeaProjects\maga-core\data\mosaic-scenarios\MaGaIntegratedStudy\sumo\Barnim.net.xml
58000000000,58,veh_7,52.64870571278295,13.567884860917008,7479.267676,7699.471782,35.210732782203706,187.09837029306303,true,SUMO_NET_XML_UTM_WGS84_WITH_NET_OFFSET,C:\Users\raffa\IdeaProjects\maga-core\data\mosaic-scenarios\MaGaIntegratedStudy\sumo\Barnim.net.xml
58000000000,58,veh_8,52.64995455839333,13.56809922564555,7496.529199,7838.087717,35.288846092591996,187.0983702930721,true,SUMO_NET_XML_UTM_WGS84_WITH_NET_OFFSET,C:\Users\raffa\IdeaProjects\maga-core\data\mosaic-scenarios\MaGaIntegratedStudy\sumo\Barnim.net.xml
58000000000,58,veh_9,52.651252167936164,13.568312895837257,7513.850723,7982.128483,35.01552939600311,186.80510612247704,true,SUMO_NET_XML_UTM_WGS84_WITH_NET_OFFSET,C:\Users\raffa\IdeaProjects\maga-core\data\mosaic-scenarios\MaGaIntegratedStudy\sumo\Barnim.net.xml
58000000000,58,veh_10,52.65249887969056,13.568516664938919,7530.389246,8120.521472,35.80024629483465,186.82898630358906,true,SUMO_NET_XML_UTM_WGS84_WITH_NET_OFFSET,C:\Users\raffa\IdeaProjects\maga-core\data\mosaic-scenarios\MaGaIntegratedStudy\sumo\Barnim.net.xml
58000000000,58,veh_11,52.65377420966972,13.568773208440662,7550.559940,8262.026723,35.13247830890119,186.82872832337088,true,SUMO_NET_XML_UTM_WGS84_WITH_NET_OFFSET,C:\Users\raffa\IdeaProjects\maga-core\data\mosaic-scenarios\MaGaIntegratedStudy\sumo\Barnim.net.xml
59000000000,59,veh_0,52.639502031159466,13.566370625792715,7356.467768,6677.820930,36.01259215033147,186.90423887703798,true,SUMO_NET_XML_UTM_WGS84_WITH_NET_OFFSET,C:\Users\raffa\IdeaProjects\maga-core\data\mosaic-scenarios\MaGaIntegratedStudy\sumo\Barnim.net.xml
59000000000,59,veh_1,52.64081594678764,13.56658867640661,7374.128250,6823.668815,35.22058318694122,186.90423887703923,true,SUMO_NET_XML_UTM_WGS84_WITH_NET_OFFSET,C:\Users\raffa\IdeaProjects\maga-core\data\mosaic-scenarios\MaGaIntegratedStudy\sumo\Barnim.net.xml
59000000000,59,veh_2,52.64207348445096,13.566793156448332,7390.745031,6963.264353,36.06437813696917,186.3275179941525,true,SUMO_NET_XML_UTM_WGS84_WITH_NET_OFFSET,C:\Users\raffa\IdeaProjects\maga-core\data\mosaic-scenarios\MaGaIntegratedStudy\sumo\Barnim.net.xml
59000000000,59,veh_3,52.64334751698915,13.566983335167693,7406.429969,7104.713863,35.11798089997843,186.32751799415365,true,SUMO_NET_XML_UTM_WGS84_WITH_NET_OFFSET,C:\Users\raffa\IdeaProjects\maga-core\data\mosaic-scenarios\MaGaIntegratedStudy\sumo\Barnim.net.xml
59000000000,59,veh_4,52.64459112031635,13.567191078605042,7423.235249,7242.755298,34.867578227506016,186.9204091602485,true,SUMO_NET_XML_UTM_WGS84_WITH_NET_OFFSET,C:\Users\raffa\IdeaProjects\maga-core\data\mosaic-scenarios\MaGaIntegratedStudy\sumo\Barnim.net.xml
59000000000,59,veh_5,52.64585763957714,13.567401169947383,7440.249291,7383.342496,35.97163892371114,186.89971966090826,true,SUMO_NET_XML_UTM_WGS84_WITH_NET_OFFSET,C:\Users\raffa\IdeaProjects\maga-core\data\mosaic-scenarios\MaGaIntegratedStudy\sumo\Barnim.net.xml
59000000000,59,veh_6,52.64713461045494,13.567615197259006,7457.551936,7525.086969,34.813943716990764,187.0983702930721,true,SUMO_NET_XML_UTM_WGS84_WITH_NET_OFFSET,C:\Users\raffa\IdeaProjects\maga-core\data\mosaic-scenarios\MaGaIntegratedStudy\sumo\Barnim.net.xml
59000000000,59,veh_7,52.648394414944185,13.567831428360934,7474.964923,7664.919209,34.82715525237378,187.0983702930721,true,SUMO_NET_XML_UTM_WGS84_WITH_NET_OFFSET,C:\Users\raffa\IdeaProjects\maga-core\data\mosaic-scenarios\MaGaIntegratedStudy\sumo\Barnim.net.xml
59000000000,59,veh_8,52.64963804516858,13.568044894952973,7492.154358,7802.956246,35.41065424151253,187.09837029306172,true,SUMO_NET_XML_UTM_WGS84_WITH_NET_OFFSET,C:\Users\raffa\IdeaProjects\maga-core\data\mosaic-scenarios\MaGaIntegratedStudy\sumo\Barnim.net.xml
59000000000,59,veh_9,52.65093099232951,13.568260492847234,7509.596178,7946.475822,35.91356484882068,186.80510612248864,true,SUMO_NET_XML_UTM_WGS84_WITH_NET_OFFSET,C:\Users\raffa\IdeaProjects\maga-core\data\mosaic-scenarios\MaGaIntegratedStudy\sumo\Barnim.net.xml
59000000000,59,veh_10,52.65217939141985,13.5684643133137,7526.142094,8085.056399,35.726384187527,186.82898630358906,true,SUMO_NET_XML_UTM_WGS84_WITH_NET_OFFSET,C:\Users\raffa\IdeaProjects\maga-core\data\mosaic-scenarios\MaGaIntegratedStudy\sumo\Barnim.net.xml
59000000000,59,veh_11,52.6534548556832,13.568720877963832,7546.314732,8226.576536,35.6955795201147,186.82872832337088,true,SUMO_NET_XML_UTM_WGS84_WITH_NET_OFFSET,C:\Users\raffa\IdeaProjects\maga-core\data\mosaic-scenarios\MaGaIntegratedStudy\sumo\Barnim.net.xml
60000000000,60,veh_0,52.63918585451416,13.56631815661324,7352.218005,6642.724550,35.353928933702406,186.90423887703923,true,SUMO_NET_XML_UTM_WGS84_WITH_NET_OFFSET,C:\Users\raffa\IdeaProjects\maga-core\data\mosaic-scenarios\MaGaIntegratedStudy\sumo\Barnim.net.xml
60000000000,60,veh_1,52.64049976779924,13.56653620384859,7369.878453,6788.572159,35.35420688550454,186.90423887703798,true,SUMO_NET_XML_UTM_WGS84_WITH_NET_OFFSET,C:\Users\raffa\IdeaProjects\maga-core\data\mosaic-scenarios\MaGaIntegratedStudy\sumo\Barnim.net.xml
60000000000,60,veh_2,52.6417527140029,13.566744145015646,7386.719444,6927.652333,35.846179089359936,186.82554430604011,true,SUMO_NET_XML_UTM_WGS84_WITH_NET_OFFSET,C:\Users\raffa\IdeaProjects\maga-core\data\mosaic-scenarios\MaGaIntegratedStudy\sumo\Barnim.net.xml
60000000000,60,veh_3,52.643027116399836,13.566935507013934,7402.485435,7069.141370,35.79074806474615,186.3275179941525,true,SUMO_NET_XML_UTM_WGS84_WITH_NET_OFFSET,C:\Users\raffa\IdeaProjects\maga-core\data\mosaic-scenarios\MaGaIntegratedStudy\sumo\Barnim.net.xml
60000000000,60,veh_4,52.64427097135948,13.56713733500592,7418.891245,7207.218733,35.798359507080164,186.946988136287,true,SUMO_NET_XML_UTM_WGS84_WITH_NET_OFFSET,C:\Users\raffa\IdeaProjects\maga-core\data\mosaic-scenarios\MaGaIntegratedStudy\sumo\Barnim.net.xml
60000000000,60,veh_5,52.64553483675159,13.567347628866889,7435.913316,7347.510460,36.09422528670635,186.89971966089794,true,SUMO_NET_XML_UTM_WGS84_WITH_NET_OFFSET,C:\Users\raffa\IdeaProjects\maga-core\data\mosaic-scenarios\MaGaIntegratedStudy\sumo\Barnim.net.xml
60000000000,60,veh_6,52.64681467555513,13.56756028596081,7453.129805,7489.575743,35.79342596134171,187.09837029307337,true,SUMO_NET_XML_UTM_WGS84_WITH_NET_OFFSET,C:\Users\raffa\IdeaProjects\maga-core\data\mosaic-scenarios\MaGaIntegratedStudy\sumo\Barnim.net.xml
60000000000,60,veh_7,52.64807183628113,13.567776060276703,7470.506248,7629.114523,36.08921908600256,187.09837029306172,true,SUMO_NET_XML_UTM_WGS84_WITH_NET_OFFSET,C:\Users\raffa\IdeaProjects\maga-core\data\mosaic-scenarios\MaGaIntegratedStudy\sumo\Barnim.net.xml
60000000000,60,veh_8,52.649323481333504,13.567990899621421,7487.806461,7768.041151,35.19255775575526,187.09837029306303,true,SUMO_NET_XML_UTM_WGS84_WITH_NET_OFFSET,C:\Users\raffa\IdeaProjects\maga-core\data\mosaic-scenarios\MaGaIntegratedStudy\sumo\Barnim.net.xml
60000000000,60,veh_9,52.65061339073764,13.568208673710425,7505.388978,7911.219905,35.51391794142779,186.80510612248986,true,SUMO_NET_XML_UTM_WGS84_WITH_NET_OFFSET,C:\Users\raffa\IdeaProjects\maga-core\data\mosaic-scenarios\MaGaIntegratedStudy\sumo\Barnim.net.xml
60000000000,60,veh_10,52.65186091000999,13.568412220153691,7521.914601,8049.702973,35.6131682229368,186.80510612248864,true,SUMO_NET_XML_UTM_WGS84_WITH_NET_OFFSET,C:\Users\raffa\IdeaProjects\maga-core\data\mosaic-scenarios\MaGaIntegratedStudy\sumo\Barnim.net.xml
60000000000,60,veh_11,52.65314020256392,13.568669318496369,7542.132014,8191.648177,35.17013943615835,186.82872832337088,true,SUMO_NET_XML_UTM_WGS84_WITH_NET_OFFSET,C:\Users\raffa\IdeaProjects\maga-core\data\mosaic-scenarios\MaGaIntegratedStudy\sumo\Barnim.net.xml
61000000000,61,veh_0,52.63887428619178,13.566266452883802,7348.030183,6608.139709,34.83863625998143,186.90423887703798,true,SUMO_NET_XML_UTM_WGS84_WITH_NET_OFFSET,C:\Users\raffa\IdeaProjects\maga-core\data\mosaic-scenarios\MaGaIntegratedStudy\sumo\Barnim.net.xml
61000000000,61,veh_1,52.64018201575868,13.566483470954207,7365.607513,6753.300894,35.530097095216625,186.90423887703798,true,SUMO_NET_XML_UTM_WGS84_WITH_NET_OFFSET,C:\Users\raffa\IdeaProjects\maga-core\data\mosaic-scenarios\MaGaIntegratedStudy\sumo\Barnim.net.xml
61000000000,61,veh_2,52.64143675234085,13.566691706394215,7382.472567,6892.579789,35.329917459995485,186.90423887703798,true,SUMO_NET_XML_UTM_WGS84_WITH_NET_OFFSET,C:\Users\raffa\IdeaProjects\maga-core\data\mosaic-scenarios\MaGaIntegratedStudy\sumo\Barnim.net.xml
61000000000,61,veh_3,52.64270544859129,13.566887490358027,7398.525301,7033.428188,35.932300859354434,186.32751799415365,true,SUMO_NET_XML_UTM_WGS84_WITH_NET_OFFSET,C:\Users\raffa\IdeaProjects\maga-core\data\mosaic-scenarios\MaGaIntegratedStudy\sumo\Barnim.net.xml
61000000000,61,veh_4,52.64395046523844,13.567083739365948,7414.556411,7171.642248,35.84087136384565,186.9469881362973,true,SUMO_NET_XML_UTM_WGS84_WITH_NET_OFFSET,C:\Users\raffa\IdeaProjects\maga-core\data\mosaic-scenarios\MaGaIntegratedStudy\sumo\Barnim.net.xml
61000000000,61,veh_5,52.645216130902504,13.56729476805909,7431.632373,7312.133204,35.63611758976709,186.8997196608967,true,SUMO_NET_XML_UTM_WGS84_WITH_NET_OFFSET,C:\Users\raffa\IdeaProjects\maga-core\data\mosaic-scenarios\MaGaIntegratedStudy\sumo\Barnim.net.xml
61000000000,61,veh_6,52.64649775435984,13.567507343593105,7448.847487,7454.397077,35.70908749014139,186.89971966090826,true,SUMO_NET_XML_UTM_WGS84_WITH_NET_OFFSET,C:\Users\raffa\IdeaProjects\maga-core\data\mosaic-scenarios\MaGaIntegratedStudy\sumo\Barnim.net.xml
61000000000,61,veh_7,52.6477551643407,13.56772170679027,7466.129216,7593.965458,35.42838705271948,187.09837029306172,true,SUMO_NET_XML_UTM_WGS84_WITH_NET_OFFSET,C:\Users\raffa\IdeaProjects\maga-core\data\mosaic-scenarios\MaGaIntegratedStudy\sumo\Barnim.net.xml
61000000000,61,veh_8,52.64900732055473,13.567936630916437,7483.436493,7732.948807,35.37121554004494,187.09837029306172,true,SUMO_NET_XML_UTM_WGS84_WITH_NET_OFFSET,C:\Users\raffa\IdeaProjects\maga-core\data\mosaic-scenarios\MaGaIntegratedStudy\sumo\Barnim.net.xml
61000000000,61,veh_9,52.650296903922275,13.568157037167385,7501.196545,7876.087740,35.38926087968517,186.80510612248864,true,SUMO_NET_XML_UTM_WGS84_WITH_NET_OFFSET,C:\Users\raffa\IdeaProjects\maga-core\data\mosaic-scenarios\MaGaIntegratedStudy\sumo\Barnim.net.xml
61000000000,61,veh_10,52.65153885044093,13.568359671551205,7517.648346,8013.952180,36.01241609932855,186.8051061224783,true,SUMO_NET_XML_UTM_WGS84_WITH_NET_OFFSET,C:\Users\raffa\IdeaProjects\maga-core\data\mosaic-scenarios\MaGaIntegratedStudy\sumo\Barnim.net.xml
61000000000,61,veh_11,52.65282850912861,13.568618244699973,7537.988640,8157.048364,34.839319069976916,186.82872832338123,true,SUMO_NET_XML_UTM_WGS84_WITH_NET_OFFSET,C:\Users\raffa\IdeaProjects\maga-core\data\mosaic-scenarios\MaGaIntegratedStudy\sumo\Barnim.net.xml
62000000000,62,veh_0,52.63855512109747,13.56621348921956,7343.740253,6572.711612,35.68808067044243,186.90423887703798,true,SUMO_NET_XML_UTM_WGS84_WITH_NET_OFFSET,C:\Users\raffa\IdeaProjects\maga-core\data\mosaic-scenarios\MaGaIntegratedStudy\sumo\Barnim.net.xml
62000000000,62,veh_1,52.639866694077284,13.566431142111107,7361.369241,6718.299409,35.258337659751994,186.90423887703923,true,SUMO_NET_XML_UTM_WGS84_WITH_NET_OFFSET,C:\Users\raffa\IdeaProjects\maga-core\data\mosaic-scenarios\MaGaIntegratedStudy\sumo\Barnim.net.xml
62000000000,62,veh_2,52.6411174648612,13.566638716532932,7378.180988,6857.138076,35.70179685090203,186.90423887703798,true,SUMO_NET_XML_UTM_WGS84_WITH_NET_OFFSET,C:\Users\raffa\IdeaProjects\maga-core\data\mosaic-scenarios\MaGaIntegratedStudy\sumo\Barnim.net.xml
62000000000,62,veh_3,52.642392827016536,13.566840824706981,7394.676538,6998.719368,34.92177674042992,186.3275179941525,true,SUMO_NET_XML_UTM_WGS84_WITH_NET_OFFSET,C:\Users\raffa\IdeaProjects\maga-core\data\mosaic-scenarios\MaGaIntegratedStudy\sumo\Barnim.net.xml
62000000000,62,veh_4,52.64362871928283,13.56702531249576,7409.891923,7135.934365,36.019932818613015,186.32751799415365,true,SUMO_NET_XML_UTM_WGS84_WITH_NET_OFFSET,C:\Users\raffa\IdeaProjects\maga-core\data\mosaic-scenarios\MaGaIntegratedStudy\sumo\Barnim.net.xml
62000000000,62,veh_5,52.64490000211948,13.567242335407409,7427.386046,7277.042013,35.347958911713214,186.89971966089794,true,SUMO_NET_XML_UTM_WGS84_WITH_NET_OFFSET,C:\Users\raffa\IdeaProjects\maga-core\data\mosaic-scenarios\MaGaIntegratedStudy\sumo\Barnim.net.xml
62000000000,62,veh_6,52.64618411435228,13.567455320831359,7444.634589,7419.582132,35.069691776218825,186.89971966089794,true,SUMO_NET_XML_UTM_WGS84_WITH_NET_OFFSET,C:\Users\raffa\IdeaProjects\maga-core\data\mosaic-scenarios\MaGaIntegratedStudy\sumo\Barnim.net.xml
62000000000,62,veh_7,52.64743618951889,13.567666958794506,7461.720354,7558.560789,35.686023038988935,187.0983702930721,true,SUMO_NET_XML_UTM_WGS84_WITH_NET_OFFSET,C:\Users\raffa\IdeaProjects\maga-core\data\mosaic-scenarios\MaGaIntegratedStudy\sumo\Barnim.net.xml
62000000000,62,veh_8,52.648689812340145,13.56788213167622,7479.047900,7697.706909,35.521958996625614,187.0983702930721,true,SUMO_NET_XML_UTM_WGS84_WITH_NET_OFFSET,C:\Users\raffa\IdeaProjects\maga-core\data\mosaic-scenarios\MaGaIntegratedStudy\sumo\Barnim.net.xml
62000000000,62,veh_9,52.64997676725738,13.568103037909168,7496.836170,7840.552796,35.80949850705452,187.09837029307337,true,SUMO_NET_XML_UTM_WGS84_WITH_NET_OFFSET,C:\Users\raffa\IdeaProjects\maga-core\data\mosaic-scenarios\MaGaIntegratedStudy\sumo\Barnim.net.xml
62000000000,62,veh_10,52.65121655500707,13.56830708519823,7513.378966,7978.175207,36.03878638152033,186.80510612248742,true,SUMO_NET_XML_UTM_WGS84_WITH_NET_OFFSET,C:\Users\raffa\IdeaProjects\maga-core\data\mosaic-scenarios\MaGaIntegratedStudy\sumo\Barnim.net.xml
62000000000,62,veh_11,52.65251076851422,13.568518613065871,7530.547291,8121.841201,35.560852334708905,186.8289863035903,true,SUMO_NET_XML_UTM_WGS84_WITH_NET_OFFSET,C:\Users\raffa\IdeaProjects\maga-core\data\mosaic-scenarios\MaGaIntegratedStudy\sumo\Barnim.net.xml
63000000000,63,veh_0,52.63823877200607,13.566160993578595,7339.488173,6537.596102,35.373199835806155,186.90423887703798,true,SUMO_NET_XML_UTM_WGS84_WITH_NET_OFFSET,C:\Users\raffa\IdeaProjects\maga-core\data\mosaic-scenarios\MaGaIntegratedStudy\sumo\Barnim.net.xml
63000000000,63,veh_1,52.63954793975406,13.566378244335183,7357.084830,6682.916897,35.64216163332108,186.90423887703798,true,SUMO_NET_XML_UTM_WGS84_WITH_NET_OFFSET,C:\Users\raffa\IdeaProjects\maga-core\data\mosaic-scenarios\MaGaIntegratedStudy\sumo\Barnim.net.xml
63000000000,63,veh_2,52.64079822915128,13.566585735997055,7373.890105,6821.702113,35.69600419687573,186.90423887703923,true,SUMO_NET_XML_UTM_WGS84_WITH_NET_OFFSET,C:\Users\raffa\IdeaProjects\maga-core\data\mosaic-scenarios\MaGaIntegratedStudy\sumo\Barnim.net.xml
63000000000,63,veh_3,52.642075593658134,13.566793471287498,7390.770998,6963.498528,35.4369382950617,186.32751799415365,true,SUMO_NET_XML_UTM_WGS84_WITH_NET_OFFSET,C:\Users\raffa\IdeaProjects\maga-core\data\mosaic-scenarios\MaGaIntegratedStudy\sumo\Barnim.net.xml
63000000000,63,veh_4,52.64331507019159,13.566978491605946,7406.030508,7101.111455,35.0365665729763,186.3275179941525,true,SUMO_NET_XML_UTM_WGS84_WITH_NET_OFFSET,C:\Users\raffa\IdeaProjects\maga-core\data\mosaic-scenarios\MaGaIntegratedStudy\sumo\Barnim.net.xml
63000000000,63,veh_5,52.64457836589536,13.567188907816824,7423.060180,7241.339596,35.96327433948405,186.9631410966845,true,SUMO_NET_XML_UTM_WGS84_WITH_NET_OFFSET,C:\Users\raffa\IdeaProjects\maga-core\data\mosaic-scenarios\MaGaIntegratedStudy\sumo\Barnim.net.xml
63000000000,63,veh_6,52.6458613284719,13.567401781803273,7440.298841,7383.751973,36.09233460437041,186.89971966089794,true,SUMO_NET_XML_UTM_WGS84_WITH_NET_OFFSET,C:\Users\raffa\IdeaProjects\maga-core\data\mosaic-scenarios\MaGaIntegratedStudy\sumo\Barnim.net.xml
63000000000,63,veh_7,52.64711719301785,13.56761220783718,7457.311193,7523.153717,35.688444378101266,187.09837029306172,true,SUMO_NET_XML_UTM_WGS84_WITH_NET_OFFSET,C:\Users\raffa\IdeaProjects\maga-core\data\mosaic-scenarios\MaGaIntegratedStudy\sumo\Barnim.net.xml
63000000000,63,veh_8,52.64836815457063,13.56782692094582,7474.601953,7662.004433,35.986195844332684,187.0983702930721,true,SUMO_NET_XML_UTM_WGS84_WITH_NET_OFFSET,C:\Users\raffa\IdeaProjects\maga-core\data\mosaic-scenarios\MaGaIntegratedStudy\sumo\Barnim.net.xml
63000000000,63,veh_9,52.649658826176505,13.568048462068672,7492.441593,7805.262839,35.570399243282154,187.09837029306303,true,SUMO_NET_XML_UTM_WGS84_WITH_NET_OFFSET,C:\Users\raffa\IdeaProjects\maga-core\data\mosaic-scenarios\MaGaIntegratedStudy\sumo\Barnim.net.xml
63000000000,63,veh_10,52.65090429938338,13.568256137660795,7509.242583,7943.512725,34.91614008365664,186.8051061224783,true,SUMO_NET_XML_UTM_WGS84_WITH_NET_OFFSET,C:\Users\raffa\IdeaProjects\maga-core\data\mosaic-scenarios\MaGaIntegratedStudy\sumo\Barnim.net.xml
63000000000,63,veh_11,52.65219458628457,13.568466803140995,7526.344088,8086.743118,35.35669036024716,186.82898630358906,true,SUMO_NET_XML_UTM_WGS84_WITH_NET_OFFSET,C:\Users\raffa\IdeaProjects\maga-core\data\mosaic-scenarios\MaGaIntegratedStudy\sumo\Barnim.net.xml
64000000000,64,veh_0,52.63791774762248,13.56610772284584,7335.173253,6501.961627,35.89597295838408,186.90423887703798,true,SUMO_NET_XML_UTM_WGS84_WITH_NET_OFFSET,C:\Users\raffa\IdeaProjects\maga-core\data\mosaic-scenarios\MaGaIntegratedStudy\sumo\Barnim.net.xml
64000000000,64,veh_1,52.639226233565786,13.566324857434028,7352.760744,6647.206724,35.97222646008245,186.90423887703923,true,SUMO_NET_XML_UTM_WGS84_WITH_NET_OFFSET,C:\Users\raffa\IdeaProjects\maga-core\data\mosaic-scenarios\MaGaIntegratedStudy\sumo\Barnim.net.xml
64000000000,64,veh_2,52.640481868071774,13.566533233260035,7369.637861,6786.585245,35.37456756244879,186.90423887703923,true,SUMO_NET_XML_UTM_WGS84_WITH_NET_OFFSET,C:\Users\raffa\IdeaProjects\maga-core\data\mosaic-scenarios\MaGaIntegratedStudy\sumo\Barnim.net.xml
64000000000,64,veh_3,52.64175398352847,13.56674435571408,7386.736508,6927.793253,35.93983595554251,186.81717466474547,true,SUMO_NET_XML_UTM_WGS84_WITH_NET_OFFSET,C:\Users\raffa\IdeaProjects\maga-core\data\mosaic-scenarios\MaGaIntegratedStudy\sumo\Barnim.net.xml
64000000000,64,veh_4,52.643001277116426,13.566931649854949,7402.167321,7066.272563,35.05264713153243,186.32751799416405,true,SUMO_NET_XML_UTM_WGS84_WITH_NET_OFFSET,C:\Users\raffa\IdeaProjects\maga-core\data\mosaic-scenarios\MaGaIntegratedStudy\sumo\Barnim.net.xml
64000000000,64,veh_5,52.6442563125336,13.567134883713054,7418.692985,7205.591589,36.01179310129024,186.9469881362986,true,SUMO_NET_XML_UTM_WGS84_WITH_NET_OFFSET,C:\Users\raffa\IdeaProjects\maga-core\data\mosaic-scenarios\MaGaIntegratedStudy\sumo\Barnim.net.xml
64000000000,64,veh_6,52.64554853411972,13.567349900739735,7436.097302,7349.030907,34.97512709329836,186.89971966090704,true,SUMO_NET_XML_UTM_WGS84_WITH_NET_OFFSET,C:\Users\raffa\IdeaProjects\maga-core\data\mosaic-scenarios\MaGaIntegratedStudy\sumo\Barnim.net.xml
64000000000,64,veh_7,52.646801414030804,13.56755800986576,7452.946504,7488.103778,35.32847381670959,187.09837029306303,true,SUMO_NET_XML_UTM_WGS84_WITH_NET_OFFSET,C:\Users\raffa\IdeaProjects\maga-core\data\mosaic-scenarios\MaGaIntegratedStudy\sumo\Barnim.net.xml
64000000000,64,veh_8,52.64804559850089,13.567771556802747,7470.143590,7626.202255,36.08669106919784,187.09837029307337,true,SUMO_NET_XML_UTM_WGS84_WITH_NET_OFFSET,C:\Users\raffa\IdeaProjects\maga-core\data\mosaic-scenarios\MaGaIntegratedStudy\sumo\Barnim.net.xml
64000000000,64,veh_9,52.649341633678695,13.567994015477316,7488.057363,7770.055975,35.486645737187935,187.09837029306172,true,SUMO_NET_XML_UTM_WGS84_WITH_NET_OFFSET,C:\Users\raffa\IdeaProjects\maga-core\data\mosaic-scenarios\MaGaIntegratedStudy\sumo\Barnim.net.xml
64000000000,64,veh_10,52.6505865797092,13.568204299318044,7505.033818,7908.243701,35.5271214772854,186.80510612248864,true,SUMO_NET_XML_UTM_WGS84_WITH_NET_OFFSET,C:\Users\raffa\IdeaProjects\maga-core\data\mosaic-scenarios\MaGaIntegratedStudy\sumo\Barnim.net.xml
64000000000,64,veh_11,52.65187821593351,13.56841504388219,7522.143849,8051.624048,35.37718208484817,186.80510612248864,true,SUMO_NET_XML_UTM_WGS84_WITH_NET_OFFSET,C:\Users\raffa\IdeaProjects\maga-core\data\mosaic-scenarios\MaGaIntegratedStudy\sumo\Barnim.net.xml
65000000000,65,veh_0,52.637600378120936,13.56605505933251,7330.907459,6466.732856,35.48729124159087,186.90423887703798,true,SUMO_NET_XML_UTM_WGS84_WITH_NET_OFFSET,C:\Users\raffa\IdeaProjects\maga-core\data\mosaic-scenarios\MaGaIntegratedStudy\sumo\Barnim.net.xml
65000000000,65,veh_1,52.63890879759804,13.566272179902773,7348.494054,6611.970559,35.494739240142515,186.90423887703798,true,SUMO_NET_XML_UTM_WGS84_WITH_NET_OFFSET,C:\Users\raffa\IdeaProjects\maga-core\data\mosaic-scenarios\MaGaIntegratedStudy\sumo\Barnim.net.xml
65000000000,65,veh_2,52.640167921206185,13.566481131893854,7365.418067,6751.736364,35.104613446947184,186.9042388770483,true,SUMO_NET_XML_UTM_WGS84_WITH_NET_OFFSET,C:\Users\raffa\IdeaProjects\maga-core\data\mosaic-scenarios\MaGaIntegratedStudy\sumo\Barnim.net.xml
65000000000,65,veh_3,52.64143366335567,13.566691193733902,7382.431047,6892.236904,35.817273489423094,186.90423887703798,true,SUMO_NET_XML_UTM_WGS84_WITH_NET_OFFSET,C:\Users\raffa\IdeaProjects\maga-core\data\mosaic-scenarios\MaGaIntegratedStudy\sumo\Barnim.net.xml
65000000000,65,veh_4,52.642680346750126,13.566883743332545,7398.216266,7030.641256,35.84992368206382,186.32751799415365,true,SUMO_NET_XML_UTM_WGS84_WITH_NET_OFFSET,C:\Users\raffa\IdeaProjects\maga-core\data\mosaic-scenarios\MaGaIntegratedStudy\sumo\Barnim.net.xml
65000000000,65,veh_5,52.643935273059554,13.567080653825382,7414.314059,7169.956635,35.90473339517135,187.3675487031523,true,SUMO_NET_XML_UTM_WGS84_WITH_NET_OFFSET,C:\Users\raffa\IdeaProjects\maga-core\data\mosaic-scenarios\MaGaIntegratedStudy\sumo\Barnim.net.xml
65000000000,65,veh_6,52.64523715205588,13.567298254621946,7431.914735,7314.466611,34.817208220125174,186.8997196608967,true,SUMO_NET_XML_UTM_WGS84_WITH_NET_OFFSET,C:\Users\raffa\IdeaProjects\maga-core\data\mosaic-scenarios\MaGaIntegratedStudy\sumo\Barnim.net.xml
65000000000,65,veh_7,52.64648916045052,13.567505918131289,7448.732051,7453.443128,35.186354115479624,186.8997196608967,true,SUMO_NET_XML_UTM_WGS84_WITH_NET_OFFSET,C:\Users\raffa\IdeaProjects\maga-core\data\mosaic-scenarios\MaGaIntegratedStudy\sumo\Barnim.net.xml
65000000000,65,veh_8,52.647730099198384,13.567717404647965,7465.782766,7591.183348,35.29719522017054,187.0983702930721,true,SUMO_NET_XML_UTM_WGS84_WITH_NET_OFFSET,C:\Users\raffa\IdeaProjects\maga-core\data\mosaic-scenarios\MaGaIntegratedStudy\sumo\Barnim.net.xml
65000000000,65,veh_9,52.64902330063814,13.56793937386506,7483.657369,7734.722521,35.614242546577,187.09837029306303,true,SUMO_NET_XML_UTM_WGS84_WITH_NET_OFFSET,C:\Users\raffa\IdeaProjects\maga-core\data\mosaic-scenarios\MaGaIntegratedStudy\sumo\Barnim.net.xml
65000000000,65,veh_10,52.65026909932038,13.568152500729395,7500.828224,7873.001242,35.50036101051606,186.80510612248864,true,SUMO_NET_XML_UTM_WGS84_WITH_NET_OFFSET,C:\Users\raffa\IdeaProjects\maga-core\data\mosaic-scenarios\MaGaIntegratedStudy\sumo\Barnim.net.xml
65000000000,65,veh_11,52.6515630200915,13.568363615148243,7517.968516,8016.635174,35.24492045826278,186.80510612248864,true,SUMO_NET_XML_UTM_WGS84_WITH_NET_OFFSET,C:\Users\raffa\IdeaProjects\maga-core\data\mosaic-scenarios\MaGaIntegratedStudy\sumo\Barnim.net.xml
66000000000,66,veh_0,52.6372801818213,13.56600192748169,7326.603670,6431.190308,35.803371277395634,186.90423887703798,true,SUMO_NET_XML_UTM_WGS84_WITH_NET_OFFSET,C:\Users\raffa\IdeaProjects\maga-core\data\mosaic-scenarios\MaGaIntegratedStudy\sumo\Barnim.net.xml
66000000000,66,veh_1,52.63858929734331,13.566219160541573,7344.199619,6576.505258,35.72555772204883,186.9042388770483,true,SUMO_NET_XML_UTM_WGS84_WITH_NET_OFFSET,C:\Users\raffa\IdeaProjects\maga-core\data\mosaic-scenarios\MaGaIntegratedStudy\sumo\Barnim.net.xml
66000000000,66,veh_2,52.639849483152446,13.566428285912677,7361.137907,6716.388954,35.60680100388359,186.90423887703923,true,SUMO_NET_XML_UTM_WGS84_WITH_NET_OFFSET,C:\Users\raffa\IdeaProjects\maga-core\data\mosaic-scenarios\MaGaIntegratedStudy\sumo\Barnim.net.xml
66000000000,66,veh_3,52.6411155105846,13.56663839219787,7378.154720,6856.921146,35.574917008322664,186.90423887703798,true,SUMO_NET_XML_UTM_WGS84_WITH_NET_OFFSET,C:\Users\raffa\IdeaProjects\maga-core\data\mosaic-scenarios\MaGaIntegratedStudy\sumo\Barnim.net.xml
66000000000,66,veh_4,52.6423611640205,13.566836098342913,7394.286726,6995.203983,35.654698291341774,186.32751799415365,true,SUMO_NET_XML_UTM_WGS84_WITH_NET_OFFSET,C:\Users\raffa\IdeaProjects\maga-core\data\mosaic-scenarios\MaGaIntegratedStudy\sumo\Barnim.net.xml
66000000000,66,veh_5,52.64361647397526,13.567023484529631,7409.741168,7134.574829,35.68471250703092,186.32751799415365,true,SUMO_NET_XML_UTM_WGS84_WITH_NET_OFFSET,C:\Users\raffa\IdeaProjects\maga-core\data\mosaic-scenarios\MaGaIntegratedStudy\sumo\Barnim.net.xml
66000000000,66,veh_6,52.64491435726543,13.56724471631507,7427.578869,7278.635475,36.09331915317103,186.89971966089794,true,SUMO_NET_XML_UTM_WGS84_WITH_NET_OFFSET,C:\Users\raffa\IdeaProjects\maga-core\data\mosaic-scenarios\MaGaIntegratedStudy\sumo\Barnim.net.xml
66000000000,66,veh_7,52.64617464755415,13.567453750605871,7444.507428,7418.531291,35.167293827389365,186.89971966090826,true,SUMO_NET_XML_UTM_WGS84_WITH_NET_OFFSET,C:\Users\raffa\IdeaProjects\maga-core\data\mosaic-scenarios\MaGaIntegratedStudy\sumo\Barnim.net.xml
66000000000,66,veh_8,52.647409036137304,13.567662298294891,7461.345040,7555.546894,35.919649151819755,187.0983702930721,true,SUMO_NET_XML_UTM_WGS84_WITH_NET_OFFSET,C:\Users\raffa\IdeaProjects\maga-core\data\mosaic-scenarios\MaGaIntegratedStudy\sumo\Barnim.net.xml
66000000000,66,veh_9,52.64870574539246,13.567884866514289,7479.268126,7699.475402,35.52722091063857,187.09837029306172,true,SUMO_NET_XML_UTM_WGS84_WITH_NET_OFFSET,C:\Users\raffa\IdeaProjects\maga-core\data\mosaic-scenarios\MaGaIntegratedStudy\sumo\Barnim.net.xml
66000000000,66,veh_10,52.64995721762259,13.56809968211548,7496.565955,7838.382879,34.887575063914994,187.09837029306172,true,SUMO_NET_XML_UTM_WGS84_WITH_NET_OFFSET,C:\Users\raffa\IdeaProjects\maga-core\data\mosaic-scenarios\MaGaIntegratedStudy\sumo\Barnim.net.xml
66000000000,66,veh_11,52.651249836294994,13.568312515404218,7513.819836,7981.869655,35.019931603330186,186.80510612248864,true,SUMO_NET_XML_UTM_WGS84_WITH_NET_OFFSET,C:\Users\raffa\IdeaProjects\maga-core\data\mosaic-scenarios\MaGaIntegratedStudy\sumo\Barnim.net.xml
67000000000,67,veh_0,52.63696488964046,13.565949610117803,7322.365798,6396.192133,35.2550038620038,186.90423887703923,true,SUMO_NET_XML_UTM_WGS84_WITH_NET_OFFSET,C:\Users\raffa\IdeaProjects\maga-core\data\mosaic-scenarios\MaGaIntegratedStudy\sumo\Barnim.net.xml
67000000000,67,veh_1,52.63827311206739,13.566166692006552,7339.949741,6541.407931,35.35488289973233,186.90423887703798,true,SUMO_NET_XML_UTM_WGS84_WITH_NET_OFFSET,C:\Users\raffa\IdeaProjects\maga-core\data\mosaic-scenarios\MaGaIntegratedStudy\sumo\Barnim.net.xml
67000000000,67,veh_2,52.63953366475533,13.566375875394039,7356.892959,6681.332337,35.313874905919654,186.90423887703798,true,SUMO_NET_XML_UTM_WGS84_WITH_NET_OFFSET,C:\Users\raffa\IdeaProjects\maga-core\data\mosaic-scenarios\MaGaIntegratedStudy\sumo\Barnim.net.xml
67000000000,67,veh_3,52.64079896430028,13.56658585800195,7373.899986,6821.783716,35.39528047699947,186.90423887703798,true,SUMO_NET_XML_UTM_WGS84_WITH_NET_OFFSET,C:\Users\raffa\IdeaProjects\maga-core\data\mosaic-scenarios\MaGaIntegratedStudy\sumo\Barnim.net.xml
67000000000,67,veh_4,52.64204326673814,13.566788645884845,7390.373013,6959.909431,35.511102383015675,186.3275179941525,true,SUMO_NET_XML_UTM_WGS84_WITH_NET_OFFSET,C:\Users\raffa\IdeaProjects\maga-core\data\mosaic-scenarios\MaGaIntegratedStudy\sumo\Barnim.net.xml
67000000000,67,veh_5,52.643299904167094,13.566976227669086,7405.843795,7099.427646,35.36282878845464,186.32751799415365,true,SUMO_NET_XML_UTM_WGS84_WITH_NET_OFFSET,C:\Users\raffa\IdeaProjects\maga-core\data\mosaic-scenarios\MaGaIntegratedStudy\sumo\Barnim.net.xml
67000000000,67,veh_6,52.64459924428301,13.567192452825498,7423.346187,7243.657045,35.234373461003415,186.89971966089794,true,SUMO_NET_XML_UTM_WGS84_WITH_NET_OFFSET,C:\Users\raffa\IdeaProjects\maga-core\data\mosaic-scenarios\MaGaIntegratedStudy\sumo\Barnim.net.xml
67000000000,67,veh_7,52.64585834879781,13.567401287581752,7440.258817,7383.421221,35.36697612271178,186.89971966089794,true,SUMO_NET_XML_UTM_WGS84_WITH_NET_OFFSET,C:\Users\raffa\IdeaProjects\maga-core\data\mosaic-scenarios\MaGaIntegratedStudy\sumo\Barnim.net.xml
67000000000,67,veh_8,52.647089831906825,13.567607511748866,7456.933008,7520.116766,35.711684221625326,187.0983702930721,true,SUMO_NET_XML_UTM_WGS84_WITH_NET_OFFSET,C:\Users\raffa\IdeaProjects\maga-core\data\mosaic-scenarios\MaGaIntegratedStudy\sumo\Barnim.net.xml
67000000000,67,veh_9,52.64838773157322,13.567830281205126,7474.872546,7664.177387,35.57852083371486,187.09837029307337,true,SUMO_NET_XML_UTM_WGS84_WITH_NET_OFFSET,C:\Users\raffa\IdeaProjects\maga-core\data\mosaic-scenarios\MaGaIntegratedStudy\sumo\Barnim.net.xml
67000000000,67,veh_10,52.64963560664915,13.56804447637479,7492.120653,7802.685582,35.98097674983088,187.09837029306172,true,SUMO_NET_XML_UTM_WGS84_WITH_NET_OFFSET,C:\Users\raffa\IdeaProjects\maga-core\data\mosaic-scenarios\MaGaIntegratedStudy\sumo\Barnim.net.xml
67000000000,67,veh_11,52.65093616022499,13.568261336034933,7509.664636,7947.049493,35.07497348519042,186.80510612248864,true,SUMO_NET_XML_UTM_WGS84_WITH_NET_OFFSET,C:\Users\raffa\IdeaProjects\maga-core\data\mosaic-scenarios\MaGaIntegratedStudy\sumo\Barnim.net.xml
68000000000,68,veh_0,52.636646407182674,13.565896764107938,7318.085046,6360.839833,35.61172696143854,186.90423887703798,true,SUMO_NET_XML_UTM_WGS84_WITH_NET_OFFSET,C:\Users\raffa\IdeaProjects\maga-core\data\mosaic-scenarios\MaGaIntegratedStudy\sumo\Barnim.net.xml
68000000000,68,veh_1,52.637957417112894,13.566114305554319,7335.706454,6506.365035,35.30005280900747,186.90423887703798,true,SUMO_NET_XML_UTM_WGS84_WITH_NET_OFFSET,C:\Users\raffa\IdeaProjects\maga-core\data\mosaic-scenarios\MaGaIntegratedStudy\sumo\Barnim.net.xml
68000000000,68,veh_2,52.63922120498719,13.566324022951086,7352.693154,6646.648539,34.938319223225115,186.90423887703798,true,SUMO_NET_XML_UTM_WGS84_WITH_NET_OFFSET,C:\Users\raffa\IdeaProjects\maga-core\data\mosaic-scenarios\MaGaIntegratedStudy\sumo\Barnim.net.xml
68000000000,68,veh_3,52.64047832548709,13.566532645342892,7369.590245,6786.192009,35.852891173344105,186.90423887703798,true,SUMO_NET_XML_UTM_WGS84_WITH_NET_OFFSET,C:\Users\raffa\IdeaProjects\maga-core\data\mosaic-scenarios\MaGaIntegratedStudy\sumo\Barnim.net.xml
68000000000,68,veh_4,52.64172453416685,13.566739468116026,7386.340675,6924.524299,35.62166065700818,186.90423887703798,true,SUMO_NET_XML_UTM_WGS84_WITH_NET_OFFSET,C:\Users\raffa\IdeaProjects\maga-core\data\mosaic-scenarios\MaGaIntegratedStudy\sumo\Barnim.net.xml
68000000000,68,veh_5,52.64298049409467,13.566928547472521,7401.911456,7063.965127,35.68010062520858,186.32751799415365,true,SUMO_NET_XML_UTM_WGS84_WITH_NET_OFFSET,C:\Users\raffa\IdeaProjects\maga-core\data\mosaic-scenarios\MaGaIntegratedStudy\sumo\Barnim.net.xml
68000000000,68,veh_6,52.644279550756494,13.56713876967917,7419.007281,7208.171054,35.747181092705574,186.9469881362986,true,SUMO_NET_XML_UTM_WGS84_WITH_NET_OFFSET,C:\Users\raffa\IdeaProjects\maga-core\data\mosaic-scenarios\MaGaIntegratedStudy\sumo\Barnim.net.xml
68000000000,68,veh_7,52.645540250049265,13.567348526727098,7435.986029,7348.111351,35.56823855327908,186.8997196608967,true,SUMO_NET_XML_UTM_WGS84_WITH_NET_OFFSET,C:\Users\raffa\IdeaProjects\maga-core\data\mosaic-scenarios\MaGaIntegratedStudy\sumo\Barnim.net.xml
68000000000,68,veh_8,52.64677927774753,13.567554245747209,7452.642916,7485.646711,34.81672069310676,187.07084604867345,true,SUMO_NET_XML_UTM_WGS84_WITH_NET_OFFSET,C:\Users\raffa\IdeaProjects\maga-core\data\mosaic-scenarios\MaGaIntegratedStudy\sumo\Barnim.net.xml
68000000000,68,veh_9,52.64806779094129,13.567775365930945,7470.450333,7628.665509,35.79408330657985,187.09837029306303,true,SUMO_NET_XML_UTM_WGS84_WITH_NET_OFFSET,C:\Users\raffa\IdeaProjects\maga-core\data\mosaic-scenarios\MaGaIntegratedStudy\sumo\Barnim.net.xml
68000000000,68,veh_10,52.649316767102306,13.567989747122098,7487.713657,7767.295903,35.67091285685543,187.09837029306172,true,SUMO_NET_XML_UTM_WGS84_WITH_NET_OFFSET,C:\Users\raffa\IdeaProjects\maga-core\data\mosaic-scenarios\MaGaIntegratedStudy\sumo\Barnim.net.xml
68000000000,68,veh_11,52.65062222476573,13.568210115040255,7505.506001,7912.200542,35.103974445317874,186.80510612248864,true,SUMO_NET_XML_UTM_WGS84_WITH_NET_OFFSET,C:\Users\raffa\IdeaProjects\maga-core\data\mosaic-scenarios\MaGaIntegratedStudy\sumo\Barnim.net.xml
69000000000,69,veh_0,52.63633423891385,13.565844966523903,7313.889164,6326.188427,34.90569002960343,186.90423887703798,true,SUMO_NET_XML_UTM_WGS84_WITH_NET_OFFSET,C:\Users\raffa\IdeaProjects\maga-core\data\mosaic-scenarios\MaGaIntegratedStudy\sumo\Barnim.net.xml
69000000000,69,veh_1,52.637641197521575,13.566061832762692,7331.456116,6471.263907,35.35871227063704,186.90423887703923,true,SUMO_NET_XML_UTM_WGS84_WITH_NET_OFFSET,C:\Users\raffa\IdeaProjects\maga-core\data\mosaic-scenarios\MaGaIntegratedStudy\sumo\Barnim.net.xml
69000000000,69,veh_2,52.638899623783594,13.56627065754701,7348.370748,6610.952244,35.958247010516935,186.9042388770483,true,SUMO_NET_XML_UTM_WGS84_WITH_NET_OFFSET,C:\Users\raffa\IdeaProjects\maga-core\data\mosaic-scenarios\MaGaIntegratedStudy\sumo\Barnim.net.xml
69000000000,69,veh_3,52.640164539335416,13.566480570655969,7365.372611,6751.360968,35.086642848341725,186.90423887703798,true,SUMO_NET_XML_UTM_WGS84_WITH_NET_OFFSET,C:\Users\raffa\IdeaProjects\maga-core\data\mosaic-scenarios\MaGaIntegratedStudy\sumo\Barnim.net.xml
69000000000,69,veh_4,52.641406841551905,13.566686742283176,7382.070533,6889.259616,35.523467240263706,186.9042388770483,true,SUMO_NET_XML_UTM_WGS84_WITH_NET_OFFSET,C:\Users\raffa\IdeaProjects\maga-core\data\mosaic-scenarios\MaGaIntegratedStudy\sumo\Barnim.net.xml
69000000000,69,veh_5,52.64266566377618,13.566881551563814,7398.035500,7029.011078,35.16851010393817,186.32751799415365,true,SUMO_NET_XML_UTM_WGS84_WITH_NET_OFFSET,C:\Users\raffa\IdeaProjects\maga-core\data\mosaic-scenarios\MaGaIntegratedStudy\sumo\Barnim.net.xml
69000000000,69,veh_6,52.64395846306183,13.567085076768038,7414.664581,7172.530014,35.90590643844567,186.946988136287,true,SUMO_NET_XML_UTM_WGS84_WITH_NET_OFFSET,C:\Users\raffa\IdeaProjects\maga-core\data\mosaic-scenarios\MaGaIntegratedStudy\sumo\Barnim.net.xml
69000000000,69,veh_7,52.6452249387011,13.567296228917812,7431.750682,7313.110894,35.25656131230295,186.8997196608967,true,SUMO_NET_XML_UTM_WGS84_WITH_NET_OFFSET,C:\Users\raffa\IdeaProjects\maga-core\data\mosaic-scenarios\MaGaIntegratedStudy\sumo\Barnim.net.xml
69000000000,69,veh_8,52.64645874871181,13.567500873775566,7448.323552,7450.067338,36.037514214231635,186.89971966090826,true,SUMO_NET_XML_UTM_WGS84_WITH_NET_OFFSET,C:\Users\raffa\IdeaProjects\maga-core\data\mosaic-scenarios\MaGaIntegratedStudy\sumo\Barnim.net.xml
69000000000,69,veh_9,52.64774658948278,13.567720235014376,7466.010694,7593.013690,35.93513701634016,187.0983702930721,true,SUMO_NET_XML_UTM_WGS84_WITH_NET_OFFSET,C:\Users\raffa\IdeaProjects\maga-core\data\mosaic-scenarios\MaGaIntegratedStudy\sumo\Barnim.net.xml
69000000000,69,veh_10,52.648994276613244,13.567934391951987,7483.256199,7731.500992,36.07936633337755,187.09837029306303,true,SUMO_NET_XML_UTM_WGS84_WITH_NET_OFFSET,C:\Users\raffa\IdeaProjects\maga-core\data\mosaic-scenarios\MaGaIntegratedStudy\sumo\Barnim.net.xml
69000000000,69,veh_11,52.65030377026137,13.56815815744039,7501.287502,7876.849949,35.60928612580989,186.80510612248864,true,SUMO_NET_XML_UTM_WGS84_WITH_NET_OFFSET,C:\Users\raffa\IdeaProjects\maga-core\data\mosaic-scenarios\MaGaIntegratedStudy\sumo\Barnim.net.xml
70000000000,70,veh_0,52.63601716948689,13.565792356416164,7309.627405,6290.992984,35.453718540132975,186.90423887703923,true,SUMO_NET_XML_UTM_WGS84_WITH_NET_OFFSET,C:\Users\raffa\IdeaProjects\maga-core\data\mosaic-scenarios\MaGaIntegratedStudy\sumo\Barnim.net.xml
70000000000,70,veh_1,52.63732281726115,13.566009002161191,7327.176737,6435.922943,35.60030783490743,186.90423887703798,true,SUMO_NET_XML_UTM_WGS84_WITH_NET_OFFSET,C:\Users\raffa\IdeaProjects\maga-core\data\mosaic-scenarios\MaGaIntegratedStudy\sumo\Barnim.net.xml
70000000000,70,veh_2,52.63858399523195,13.566218280690704,7344.128353,6575.916711,35.292635436509734,186.90423887703798,true,SUMO_NET_XML_UTM_WGS84_WITH_NET_OFFSET,C:\Users\raffa\IdeaProjects\maga-core\data\mosaic-scenarios\MaGaIntegratedStudy\sumo\Barnim.net.xml
70000000000,70,veh_3,52.6398494933471,13.566428287604506,7361.138044,6716.390086,35.22751026471611,186.90423887703798,true,SUMO_NET_XML_UTM_WGS84_WITH_NET_OFFSET,C:\Users\raffa\IdeaProjects\maga-core\data\mosaic-scenarios\MaGaIntegratedStudy\sumo\Barnim.net.xml
70000000000,70,veh_4,52.641092710642965,13.56663460828288,7377.848264,6854.390295,35.12520379038993,186.90423887703798,true,SUMO_NET_XML_UTM_WGS84_WITH_NET_OFFSET,C:\Users\raffa\IdeaProjects\maga-core\data\mosaic-scenarios\MaGaIntegratedStudy\sumo\Barnim.net.xml
70000000000,70,veh_5,52.6423508585555,13.566834560038217,7394.159853,6994.059819,35.16570314980578,186.3275179941525,true,SUMO_NET_XML_UTM_WGS84_WITH_NET_OFFSET,C:\Users\raffa\IdeaProjects\maga-core\data\mosaic-scenarios\MaGaIntegratedStudy\sumo\Barnim.net.xml
70000000000,70,veh_6,52.64364176606235,13.567027260105808,7410.052545,7137.382885,35.45688921160996,186.32751799415365,true,SUMO_NET_XML_UTM_WGS84_WITH_NET_OFFSET,C:\Users\raffa\IdeaProjects\maga-core\data\mosaic-scenarios\MaGaIntegratedStudy\sumo\Barnim.net.xml
70000000000,70,veh_7,52.64490660151962,13.567243429966796,7427.474691,7277.774565,35.59489121003077,186.8997196608967,true,SUMO_NET_XML_UTM_WGS84_WITH_NET_OFFSET,C:\Users\raffa\IdeaProjects\maga-core\data\mosaic-scenarios\MaGaIntegratedStudy\sumo\Barnim.net.xml
70000000000,70,veh_8,52.646144975746736,13.567448829048665,7444.108868,7415.237635,35.08455796359573,186.89971966090826,true,SUMO_NET_XML_UTM_WGS84_WITH_NET_OFFSET,C:\Users\raffa\IdeaProjects\maga-core\data\mosaic-scenarios\MaGaIntegratedStudy\sumo\Barnim.net.xml
70000000000,70,veh_9,52.64742452091512,13.567664956040575,7461.559071,7557.265630,36.03214265807998,187.0983702930721,true,SUMO_NET_XML_UTM_WGS84_WITH_NET_OFFSET,C:\Users\raffa\IdeaProjects\maga-core\data\mosaic-scenarios\MaGaIntegratedStudy\sumo\Barnim.net.xml
70000000000,70,veh_10,52.64868127348544,13.567880666020297,7478.929876,7696.759137,35.01794195740018,187.0983702930721,true,SUMO_NET_XML_UTM_WGS84_WITH_NET_OFFSET,C:\Users\raffa\IdeaProjects\maga-core\data\mosaic-scenarios\MaGaIntegratedStudy\sumo\Barnim.net.xml
70000000000,70,veh_11,52.64998916684826,13.568105166363136,7497.007557,7841.929092,35.19005290394649,187.09837029306172,true,SUMO_NET_XML_UTM_WGS84_WITH_NET_OFFSET,C:\Users\raffa\IdeaProjects\maga-core\data\mosaic-scenarios\MaGaIntegratedStudy\sumo\Barnim.net.xml
71000000000,71,veh_0,52.63570062806156,13.56573983463913,7305.372744,6255.856155,35.39467518663965,186.90423887703798,true,SUMO_NET_XML_UTM_WGS84_WITH_NET_OFFSET,C:\Users\raffa\IdeaProjects\maga-core\data\mosaic-scenarios\MaGaIntegratedStudy\sumo\Barnim.net.xml
71000000000,71,veh_1,52.63700927040296,13.56595697430571,7322.962324,6401.118502,35.05984776256606,186.90423887703798,true,SUMO_NET_XML_UTM_WGS84_WITH_NET_OFFSET,C:\Users\raffa\IdeaProjects\maga-core\data\mosaic-scenarios\MaGaIntegratedStudy\sumo\Barnim.net.xml
71000000000,71,veh_2,52.63827195465912,13.5661664999448,7339.934184,6541.279456,34.891434677680955,186.90423887703923,true,SUMO_NET_XML_UTM_WGS84_WITH_NET_OFFSET,C:\Users\raffa\IdeaProjects\maga-core\data\mosaic-scenarios\MaGaIntegratedStudy\sumo\Barnim.net.xml
71000000000,71,veh_3,52.63953007389271,13.566375279489332,7356.844693,6680.933742,35.71653441024478,186.90423887703798,true,SUMO_NET_XML_UTM_WGS84_WITH_NET_OFFSET,C:\Users\raffa\IdeaProjects\maga-core\data\mosaic-scenarios\MaGaIntegratedStudy\sumo\Barnim.net.xml
71000000000,71,veh_4,52.64077172171161,13.56658133684061,7373.533816,6818.759721,35.89204397947993,186.90423887703923,true,SUMO_NET_XML_UTM_WGS84_WITH_NET_OFFSET,C:\Users\raffa\IdeaProjects\maga-core\data\mosaic-scenarios\MaGaIntegratedStudy\sumo\Barnim.net.xml
71000000000,71,veh_5,52.64203914315314,13.566788030362476,7390.322246,6959.451610,34.82054788623005,186.32751799415365,true,SUMO_NET_XML_UTM_WGS84_WITH_NET_OFFSET,C:\Users\raffa\IdeaProjects\maga-core\data\mosaic-scenarios\MaGaIntegratedStudy\sumo\Barnim.net.xml
71000000000,71,veh_6,52.643319524268854,13.566979156496995,7406.085343,7101.605969,35.99642529321369,186.32751799415365,true,SUMO_NET_XML_UTM_WGS84_WITH_NET_OFFSET,C:\Users\raffa\IdeaProjects\maga-core\data\mosaic-scenarios\MaGaIntegratedStudy\sumo\Barnim.net.xml
71000000000,71,veh_7,52.644592358507786,13.567191289343903,7423.252245,7242.892733,35.1369683657214,186.9162601215047,true,SUMO_NET_XML_UTM_WGS84_WITH_NET_OFFSET,C:\Users\raffa\IdeaProjects\maga-core\data\mosaic-scenarios\MaGaIntegratedStudy\sumo\Barnim.net.xml
71000000000,71,veh_8,52.64582218396109,13.567395289131998,7439.773041,7379.406821,36.092994417962615,186.89971966089794,true,SUMO_NET_XML_UTM_WGS84_WITH_NET_OFFSET,C:\Users\raffa\IdeaProjects\maga-core\data\mosaic-scenarios\MaGaIntegratedStudy\sumo\Barnim.net.xml
71000000000,71,veh_9,52.64710789760712,13.567610612430958,7457.182712,7522.121972,35.422937984196466,187.0983702930721,true,SUMO_NET_XML_UTM_WGS84_WITH_NET_OFFSET,C:\Users\raffa\IdeaProjects\maga-core\data\mosaic-scenarios\MaGaIntegratedStudy\sumo\Barnim.net.xml
71000000000,71,veh_10,52.6483632026907,13.567826070989772,7474.533508,7661.454798,35.584894782551565,187.09837029306172,true,SUMO_NET_XML_UTM_WGS84_WITH_NET_OFFSET,C:\Users\raffa\IdeaProjects\maga-core\data\mosaic-scenarios\MaGaIntegratedStudy\sumo\Barnim.net.xml
71000000000,71,veh_11,52.64966741281782,13.568049935989604,7492.560277,7806.215916,35.99698199710343,187.09837029307337,true,SUMO_NET_XML_UTM_WGS84_WITH_NET_OFFSET,C:\Users\raffa\IdeaProjects\maga-core\data\mosaic-scenarios\MaGaIntegratedStudy\sumo\Barnim.net.xml
72000000000,72,veh_0,52.635380138995934,13.565686658588705,7301.065023,6220.281133,35.83608409661334,186.90423887703923,true,SUMO_NET_XML_UTM_WGS84_WITH_NET_OFFSET,C:\Users\raffa\IdeaProjects\maga-core\data\mosaic-scenarios\MaGaIntegratedStudy\sumo\Barnim.net.xml
72000000000,72,veh_1,52.636693376512824,13.565904557714818,7318.716365,6366.053539,35.322281859572975,186.90423887703798,true,SUMO_NET_XML_UTM_WGS84_WITH_NET_OFFSET,C:\Users\raffa\IdeaProjects\maga-core\data\mosaic-scenarios\MaGaIntegratedStudy\sumo\Barnim.net.xml
72000000000,72,veh_2,52.63795878719049,13.566114532903583,7335.724870,6506.517117,35.01743700147141,186.9042388770483,true,SUMO_NET_XML_UTM_WGS84_WITH_NET_OFFSET,C:\Users\raffa\IdeaProjects\maga-core\data\mosaic-scenarios\MaGaIntegratedStudy\sumo\Barnim.net.xml
72000000000,72,veh_3,52.63921630993384,13.566323210626575,7352.627359,6646.105176,35.08414988912642,186.90423887703923,true,SUMO_NET_XML_UTM_WGS84_WITH_NET_OFFSET,C:\Users\raffa\IdeaProjects\maga-core\data\mosaic-scenarios\MaGaIntegratedStudy\sumo\Barnim.net.xml
72000000000,72,veh_4,52.640460144112446,13.566529628015786,7369.345867,6784.173831,34.83969253784977,186.90423887703798,true,SUMO_NET_XML_UTM_WGS84_WITH_NET_OFFSET,C:\Users\raffa\IdeaProjects\maga-core\data\mosaic-scenarios\MaGaIntegratedStudy\sumo\Barnim.net.xml
72000000000,72,veh_5,52.64172167551224,13.566738993676376,7386.302252,6924.206982,35.48067709178664,186.90423887703798,true,SUMO_NET_XML_UTM_WGS84_WITH_NET_OFFSET,C:\Users\raffa\IdeaProjects\maga-core\data\mosaic-scenarios\MaGaIntegratedStudy\sumo\Barnim.net.xml
72000000000,72,veh_6,52.64299740411401,13.566931071712888,7402.119640,7065.842562,35.98283396425191,186.32751799415365,true,SUMO_NET_XML_UTM_WGS84_WITH_NET_OFFSET,C:\Users\raffa\IdeaProjects\maga-core\data\mosaic-scenarios\MaGaIntegratedStudy\sumo\Barnim.net.xml
72000000000,72,veh_7,52.644270343517604,13.56713723001629,7418.882753,7207.149042,36.006984477876685,186.946988136287,true,SUMO_NET_XML_UTM_WGS84_WITH_NET_OFFSET,C:\Users\raffa\IdeaProjects\maga-core\data\mosaic-scenarios\MaGaIntegratedStudy\sumo\Barnim.net.xml
72000000000,72,veh_8,52.64550968680456,13.567343457449946,7435.575495,7344.718744,34.94189566668589,186.89971966090704,true,SUMO_NET_XML_UTM_WGS84_WITH_NET_OFFSET,C:\Users\raffa\IdeaProjects\maga-core\data\mosaic-scenarios\MaGaIntegratedStudy\sumo\Barnim.net.xml
72000000000,72,veh_9,52.64678914196469,13.567555920964214,7452.778055,7486.741615,35.69745073257014,187.08487428656463,true,SUMO_NET_XML_UTM_WGS84_WITH_NET_OFFSET,C:\Users\raffa\IdeaProjects\maga-core\data\mosaic-scenarios\MaGaIntegratedStudy\sumo\Barnim.net.xml
72000000000,72,veh_10,52.64804468443424,13.567771399911692,7470.130956,7626.100798,35.63495152447373,187.09837029306303,true,SUMO_NET_XML_UTM_WGS84_WITH_NET_OFFSET,C:\Users\raffa\IdeaProjects\maga-core\data\mosaic-scenarios\MaGaIntegratedStudy\sumo\Barnim.net.xml
72000000000,72,veh_11,52.649350724203885,13.567995575869816,7488.183012,7771.064981,35.430272671524435,187.0983702930721,true,SUMO_NET_XML_UTM_WGS84_WITH_NET_OFFSET,C:\Users\raffa\IdeaProjects\maga-core\data\mosaic-scenarios\MaGaIntegratedStudy\sumo\Barnim.net.xml
73000000000,73,veh_0,52.63506747865669,13.565634782204912,7296.862529,6185.575120,34.960696618994696,186.9042388770483,true,SUMO_NET_XML_UTM_WGS84_WITH_NET_OFFSET,C:\Users\raffa\IdeaProjects\maga-core\data\mosaic-scenarios\MaGaIntegratedStudy\sumo\Barnim.net.xml
73000000000,73,veh_1,52.63638160510633,13.565852825875721,7314.525817,6331.446184,34.86131467569154,186.90423887703798,true,SUMO_NET_XML_UTM_WGS84_WITH_NET_OFFSET,C:\Users\raffa\IdeaProjects\maga-core\data\mosaic-scenarios\MaGaIntegratedStudy\sumo\Barnim.net.xml
73000000000,73,veh_2,52.63763671852724,13.566061089533274,7331.395914,6470.766728,36.01273767365143,186.90423887703798,true,SUMO_NET_XML_UTM_WGS84_WITH_NET_OFFSET,C:\Users\raffa\IdeaProjects\maga-core\data\mosaic-scenarios\MaGaIntegratedStudy\sumo\Barnim.net.xml
73000000000,73,veh_3,52.63890116164059,13.566270912747841,7348.391419,6611.122949,35.238938221931456,186.90423887703798,true,SUMO_NET_XML_UTM_WGS84_WITH_NET_OFFSET,C:\Users\raffa\IdeaProjects\maga-core\data\mosaic-scenarios\MaGaIntegratedStudy\sumo\Barnim.net.xml
73000000000,73,veh_4,52.640148556206704,13.566477918179219,7365.157780,6749.586801,34.84084126079921,186.90423887703798,true,SUMO_NET_XML_UTM_WGS84_WITH_NET_OFFSET,C:\Users\raffa\IdeaProjects\maga-core\data\mosaic-scenarios\MaGaIntegratedStudy\sumo\Barnim.net.xml
73000000000,73,veh_5,52.64140499091275,13.566686435144103,7382.045658,6889.054191,35.41075384830125,186.90423887703798,true,SUMO_NET_XML_UTM_WGS84_WITH_NET_OFFSET,C:\Users\raffa\IdeaProjects\maga-core\data\mosaic-scenarios\MaGaIntegratedStudy\sumo\Barnim.net.xml
73000000000,73,veh_6,52.642679437614376,13.566883607623256,7398.205073,7030.540319,35.51884126476012,186.3275179941525,true,SUMO_NET_XML_UTM_WGS84_WITH_NET_OFFSET,C:\Users\raffa\IdeaProjects\maga-core\data\mosaic-scenarios\MaGaIntegratedStudy\sumo\Barnim.net.xml
73000000000,73,veh_7,52.64395601691844,13.567084667722035,7414.631497,7172.258489,35.149841073425485,186.946988136287,true,SUMO_NET_XML_UTM_WGS84_WITH_NET_OFFSET,C:\Users\raffa\IdeaProjects\maga-core\data\mosaic-scenarios\MaGaIntegratedStudy\sumo\Barnim.net.xml
73000000000,73,veh_8,52.64519210236347,13.567290782695954,7431.309615,7309.465968,35.51072697587311,186.89971966089794,true,SUMO_NET_XML_UTM_WGS84_WITH_NET_OFFSET,C:\Users\raffa\IdeaProjects\maga-core\data\mosaic-scenarios\MaGaIntegratedStudy\sumo\Barnim.net.xml
73000000000,73,veh_9,52.646471070433236,13.567502917562747,7448.489061,7451.435084,35.80016983245965,186.8997196608967,true,SUMO_NET_XML_UTM_WGS84_WITH_NET_OFFSET,C:\Users\raffa\IdeaProjects\maga-core\data\mosaic-scenarios\MaGaIntegratedStudy\sumo\Barnim.net.xml
73000000000,73,veh_10,52.64772410807458,13.567716376341426,7465.699957,7590.518362,35.86520238059107,187.09837029306172,true,SUMO_NET_XML_UTM_WGS84_WITH_NET_OFFSET,C:\Users\raffa\IdeaProjects\maga-core\data\mosaic-scenarios\MaGaIntegratedStudy\sumo\Barnim.net.xml
73000000000,73,veh_11,52.64903000235427,13.56794052420149,7483.750000,7735.466379,35.88149616680108,187.09837029306172,true,SUMO_NET_XML_UTM_WGS84_WITH_NET_OFFSET,C:\Users\raffa\IdeaProjects\maga-core\data\mosaic-scenarios\MaGaIntegratedStudy\sumo\Barnim.net.xml
74000000000,74,veh_0,52.63474544140606,13.56558350809178,7292.679986,6149.825348,35.99490807996131,186.601415979438,true,SUMO_NET_XML_UTM_WGS84_WITH_NET_OFFSET,C:\Users\raffa\IdeaProjects\maga-core\data\mosaic-scenarios\MaGaIntegratedStudy\sumo\Barnim.net.xml
74000000000,74,veh_1,52.63606373332727,13.565800082529389,7310.253274,6296.161678,35.54343563354574,186.90423887703923,true,SUMO_NET_XML_UTM_WGS84_WITH_NET_OFFSET,C:\Users\raffa\IdeaProjects\maga-core\data\mosaic-scenarios\MaGaIntegratedStudy\sumo\Barnim.net.xml
74000000000,74,veh_2,52.63731964062301,13.56600847504769,7327.134039,6435.570328,35.45468229785561,186.90423887703798,true,SUMO_NET_XML_UTM_WGS84_WITH_NET_OFFSET,C:\Users\raffa\IdeaProjects\maga-core\data\mosaic-scenarios\MaGaIntegratedStudy\sumo\Barnim.net.xml
74000000000,74,veh_3,52.63858778262805,13.566218909184414,7344.179260,6576.337121,35.04109877221286,186.90423887703798,true,SUMO_NET_XML_UTM_WGS84_WITH_NET_OFFSET,C:\Users\raffa\IdeaProjects\maga-core\data\mosaic-scenarios\MaGaIntegratedStudy\sumo\Barnim.net.xml
74000000000,74,veh_4,52.639834358734824,13.566425775977386,7360.934618,6714.710107,35.132631481243294,186.90423887703798,true,SUMO_NET_XML_UTM_WGS84_WITH_NET_OFFSET,C:\Users\raffa\IdeaProjects\maga-core\data\mosaic-scenarios\MaGaIntegratedStudy\sumo\Barnim.net.xml
74000000000,74,veh_5,52.64108329844384,13.566633046220263,7377.721753,6853.345518,35.970715344315394,186.90423887703798,true,SUMO_NET_XML_UTM_WGS84_WITH_NET_OFFSET,C:\Users\raffa\IdeaProjects\maga-core\data\mosaic-scenarios\MaGaIntegratedStudy\sumo\Barnim.net.xml
74000000000,74,veh_6,52.64236213048898,13.566836242608442,7394.298625,6995.311285,35.445181618481875,186.32751799415365,true,SUMO_NET_XML_UTM_WGS84_WITH_NET_OFFSET,C:\Users\raffa\IdeaProjects\maga-core\data\mosaic-scenarios\MaGaIntegratedStudy\sumo\Barnim.net.xml
74000000000,74,veh_7,52.64364277901422,13.567027411318282,7410.065016,7137.495348,35.070194079764185,186.32751799415365,true,SUMO_NET_XML_UTM_WGS84_WITH_NET_OFFSET,C:\Users\raffa\IdeaProjects\maga-core\data\mosaic-scenarios\MaGaIntegratedStudy\sumo\Barnim.net.xml
74000000000,74,veh_8,52.644873803786716,13.567237990223003,7427.034143,7274.133924,35.59057422130368,186.89971966090704,true,SUMO_NET_XML_UTM_WGS84_WITH_NET_OFFSET,C:\Users\raffa\IdeaProjects\maga-core\data\mosaic-scenarios\MaGaIntegratedStudy\sumo\Barnim.net.xml
74000000000,74,veh_9,52.64615515323592,13.567450517151899,7444.245575,7416.367365,35.32431566285901,186.89971966090704,true,SUMO_NET_XML_UTM_WGS84_WITH_NET_OFFSET,C:\Users\raffa\IdeaProjects\maga-core\data\mosaic-scenarios\MaGaIntegratedStudy\sumo\Barnim.net.xml
74000000000,74,veh_10,52.64740832411748,13.567662176086682,7461.335199,7555.467864,35.32903752763755,187.09837029307337,true,SUMO_NET_XML_UTM_WGS84_WITH_NET_OFFSET,C:\Users\raffa\IdeaProjects\maga-core\data\mosaic-scenarios\MaGaIntegratedStudy\sumo\Barnim.net.xml
74000000000,74,veh_11,52.64871551131796,13.567886542793211,7479.403111,7700.559373,35.18440556923393,187.0983702930721,true,SUMO_NET_XML_UTM_WGS84_WITH_NET_OFFSET,C:\Users\raffa\IdeaProjects\maga-core\data\mosaic-scenarios\MaGaIntegratedStudy\sumo\Barnim.net.xml
75000000000,75,veh_0,52.634431546907244,13.565534181521745,7288.647212,6114.978641,35.080463247504085,186.601415979438,true,SUMO_NET_XML_UTM_WGS84_WITH_NET_OFFSET,C:\Users\raffa\IdeaProjects\maga-core\data\mosaic-scenarios\MaGaIntegratedStudy\sumo\Barnim.net.xml
75000000000,75,veh_1,52.635745061350896,13.565747207138786,7305.969976,6260.788353,35.632907317476345,186.90423887703798,true,SUMO_NET_XML_UTM_WGS84_WITH_NET_OFFSET,C:\Users\raffa\IdeaProjects\maga-core\data\mosaic-scenarios\MaGaIntegratedStudy\sumo\Barnim.net.xml
75000000000,75,veh_2,52.63700434827919,13.565956157567255,7322.896165,6400.572135,35.25502256216947,186.90423887703798,true,SUMO_NET_XML_UTM_WGS84_WITH_NET_OFFSET,C:\Users\raffa\IdeaProjects\maga-core\data\mosaic-scenarios\MaGaIntegratedStudy\sumo\Barnim.net.xml
75000000000,75,veh_3,52.63827464021719,13.566166945589629,7339.970281,6541.577559,35.01463891646359,186.90423887703798,true,SUMO_NET_XML_UTM_WGS84_WITH_NET_OFFSET,C:\Users\raffa\IdeaProjects\maga-core\data\mosaic-scenarios\MaGaIntegratedStudy\sumo\Barnim.net.xml
75000000000,75,veh_4,52.63951478481092,13.566372742262763,7356.639191,6679.236617,35.73380654455628,186.90423887703798,true,SUMO_NET_XML_UTM_WGS84_WITH_NET_OFFSET,C:\Users\raffa\IdeaProjects\maga-core\data\mosaic-scenarios\MaGaIntegratedStudy\sumo\Barnim.net.xml
75000000000,75,veh_5,52.6407706888801,13.566581165432709,7373.519933,6818.645074,34.955087522733955,186.90423887703798,true,SUMO_NET_XML_UTM_WGS84_WITH_NET_OFFSET,C:\Users\raffa\IdeaProjects\maga-core\data\mosaic-scenarios\MaGaIntegratedStudy\sumo\Barnim.net.xml
75000000000,75,veh_6,52.64204603290188,13.566789058786703,7390.407068,6960.216545,35.31006525733042,186.3275179941525,true,SUMO_NET_XML_UTM_WGS84_WITH_NET_OFFSET,C:\Users\raffa\IdeaProjects\maga-core\data\mosaic-scenarios\MaGaIntegratedStudy\sumo\Barnim.net.xml
75000000000,75,veh_7,52.64332186547692,13.566979505985433,7406.114167,7101.865902,35.84805077914149,186.3275179941525,true,SUMO_NET_XML_UTM_WGS84_WITH_NET_OFFSET,C:\Users\raffa\IdeaProjects\maga-core\data\mosaic-scenarios\MaGaIntegratedStudy\sumo\Barnim.net.xml
75000000000,75,veh_8,52.64455125012595,13.56718429274714,7422.687986,7238.329827,36.06514741442166,187.04953893125608,true,SUMO_NET_XML_UTM_WGS84_WITH_NET_OFFSET,C:\Users\raffa\IdeaProjects\maga-core\data\mosaic-scenarios\MaGaIntegratedStudy\sumo\Barnim.net.xml
75000000000,75,veh_9,52.6458420727466,13.567398587967254,7440.040193,7381.614533,35.00712506961077,186.89971966089794,true,SUMO_NET_XML_UTM_WGS84_WITH_NET_OFFSET,C:\Users\raffa\IdeaProjects\maga-core\data\mosaic-scenarios\MaGaIntegratedStudy\sumo\Barnim.net.xml
75000000000,75,veh_10,52.647095592879545,13.56760850052538,7457.012636,7520.756206,34.98750379471108,187.09837029307337,true,SUMO_NET_XML_UTM_WGS84_WITH_NET_OFFSET,C:\Users\raffa\IdeaProjects\maga-core\data\mosaic-scenarios\MaGaIntegratedStudy\sumo\Barnim.net.xml
75000000000,75,veh_11,52.648402996529015,13.567832901332919,7475.083538,7665.871724,34.96330444187857,187.09837029306303,true,SUMO_NET_XML_UTM_WGS84_WITH_NET_OFFSET,C:\Users\raffa\IdeaProjects\maga-core\data\mosaic-scenarios\MaGaIntegratedStudy\sumo\Barnim.net.xml
76000000000,76,veh_0,52.63411259444233,13.565484060808648,7284.549456,6079.570432,35.6457316856971,186.601415979438,true,SUMO_NET_XML_UTM_WGS84_WITH_NET_OFFSET,C:\Users\raffa\IdeaProjects\maga-core\data\mosaic-scenarios\MaGaIntegratedStudy\sumo\Barnim.net.xml
76000000000,76,veh_1,52.63543104520594,13.565695104977868,7301.749258,6225.931839,35.11230294375215,186.90423887703923,true,SUMO_NET_XML_UTM_WGS84_WITH_NET_OFFSET,C:\Users\raffa\IdeaProjects\maga-core\data\mosaic-scenarios\MaGaIntegratedStudy\sumo\Barnim.net.xml
76000000000,76,veh_2,52.63668564471193,13.56590327477832,7318.612441,6365.195291,35.636451223762705,186.90423887703798,true,SUMO_NET_XML_UTM_WGS84_WITH_NET_OFFSET,C:\Users\raffa\IdeaProjects\maga-core\data\mosaic-scenarios\MaGaIntegratedStudy\sumo\Barnim.net.xml
76000000000,76,veh_3,52.63795848504662,13.566114482766139,7335.720809,6506.483578,35.35151279099751,186.90423887703798,true,SUMO_NET_XML_UTM_WGS84_WITH_NET_OFFSET,C:\Users\raffa\IdeaProjects\maga-core\data\mosaic-scenarios\MaGaIntegratedStudy\sumo\Barnim.net.xml
76000000000,76,veh_4,52.63919252705393,13.566319263906719,7352.307691,6643.465219,36.033900815076194,186.90423887703798,true,SUMO_NET_XML_UTM_WGS84_WITH_NET_OFFSET,C:\Users\raffa\IdeaProjects\maga-core\data\mosaic-scenarios\MaGaIntegratedStudy\sumo\Barnim.net.xml
76000000000,76,veh_5,52.64045685933507,13.566529082884111,7369.301716,6783.809213,35.09149849004112,186.90423887703798,true,SUMO_NET_XML_UTM_WGS84_WITH_NET_OFFSET,C:\Users\raffa\IdeaProjects\maga-core\data\mosaic-scenarios\MaGaIntegratedStudy\sumo\Barnim.net.xml
76000000000,76,veh_6,52.64173365629215,13.56674098207965,7386.463287,6925.536878,34.91064865993336,186.90423887703798,true,SUMO_NET_XML_UTM_WGS84_WITH_NET_OFFSET,C:\Users\raffa\IdeaProjects\maga-core\data\mosaic-scenarios\MaGaIntegratedStudy\sumo\Barnim.net.xml
76000000000,76,veh_7,52.643008450199886,13.566932720616538,7402.255631,7067.068955,35.010444794562645,186.3275179941525,true,SUMO_NET_XML_UTM_WGS84_WITH_NET_OFFSET,C:\Users\raffa\IdeaProjects\maga-core\data\mosaic-scenarios\MaGaIntegratedStudy\sumo\Barnim.net.xml
76000000000,76,veh_8,52.644237056900266,13.567131663730615,7418.432553,7203.454195,35.13382982703857,186.946988136287,true,SUMO_NET_XML_UTM_WGS84_WITH_NET_OFFSET,C:\Users\raffa\IdeaProjects\maga-core\data\mosaic-scenarios\MaGaIntegratedStudy\sumo\Barnim.net.xml
76000000000,76,veh_9,52.645528797581484,13.5673466271985,7435.832196,7346.840094,35.02888899661135,186.89971966090826,true,SUMO_NET_XML_UTM_WGS84_WITH_NET_OFFSET,C:\Users\raffa\IdeaProjects\maga-core\data\mosaic-scenarios\MaGaIntegratedStudy\sumo\Barnim.net.xml
76000000000,76,veh_10,52.64677396313629,13.56755334317947,7452.570106,7485.056802,36.07566891151015,187.06320037579457,true,SUMO_NET_XML_UTM_WGS84_WITH_NET_OFFSET,C:\Users\raffa\IdeaProjects\maga-core\data\mosaic-scenarios\MaGaIntegratedStudy\sumo\Barnim.net.xml
76000000000,76,veh_11,52.64809024459313,13.567779219897428,7470.760687,7631.157757,34.98983188088983,187.0983702930721,true,SUMO_NET_XML_UTM_WGS84_WITH_NET_OFFSET,C:\Users\raffa\IdeaProjects\maga-core\data\mosaic-scenarios\MaGaIntegratedStudy\sumo\Barnim.net.xml
77000000000,77,veh_0,52.63379931206454,13.565434831774377,7280.524546,6044.791686,35.012046217885796,186.601415979438,true,SUMO_NET_XML_UTM_WGS84_WITH_NET_OFFSET,C:\Users\raffa\IdeaProjects\maga-core\data\mosaic-scenarios\MaGaIntegratedStudy\sumo\Barnim.net.xml
77000000000,77,veh_1,52.63511157702618,13.565642098932795,7297.455259,6190.470140,35.72192853481043,186.90423887703798,true,SUMO_NET_XML_UTM_WGS84_WITH_NET_OFFSET,C:\Users\raffa\IdeaProjects\maga-core\data\mosaic-scenarios\MaGaIntegratedStudy\sumo\Barnim.net.xml
77000000000,77,veh_2,52.6363719681002,13.565851226830503,7314.396285,6330.376454,35.074348730095664,186.90423887703798,true,SUMO_NET_XML_UTM_WGS84_WITH_NET_OFFSET,C:\Users\raffa\IdeaProjects\maga-core\data\mosaic-scenarios\MaGaIntegratedStudy\sumo\Barnim.net.xml
77000000000,77,veh_3,52.63764274879214,13.566062090175402,7331.476967,6471.436101,35.30466703236103,186.90423887703923,true,SUMO_NET_XML_UTM_WGS84_WITH_NET_OFFSET,C:\Users\raffa\IdeaProjects\maga-core\data\mosaic-scenarios\MaGaIntegratedStudy\sumo\Barnim.net.xml
77000000000,77,veh_4,52.63887125176399,13.566265949334014,7347.989397,6607.802881,35.924040309214035,186.90423887703798,true,SUMO_NET_XML_UTM_WGS84_WITH_NET_OFFSET,C:\Users\raffa\IdeaProjects\maga-core\data\mosaic-scenarios\MaGaIntegratedStudy\sumo\Barnim.net.xml
77000000000,77,veh_5,52.64014349675801,13.56647707853986,7365.089775,6749.025190,35.03927972723264,186.90423887703798,true,SUMO_NET_XML_UTM_WGS84_WITH_NET_OFFSET,C:\Users\raffa\IdeaProjects\maga-core\data\mosaic-scenarios\MaGaIntegratedStudy\sumo\Barnim.net.xml
77000000000,77,veh_6,52.64141735991529,13.566688487950998,7382.211911,6890.427181,35.36734406576957,186.90423887703923,true,SUMO_NET_XML_UTM_WGS84_WITH_NET_OFFSET,C:\Users\raffa\IdeaProjects\maga-core\data\mosaic-scenarios\MaGaIntegratedStudy\sumo\Barnim.net.xml
77000000000,77,veh_7,52.64268771162094,13.566884842707998,7398.306937,7031.458941,35.82849991877097,186.32751799415365,true,SUMO_NET_XML_UTM_WGS84_WITH_NET_OFFSET,C:\Users\raffa\IdeaProjects\maga-core\data\mosaic-scenarios\MaGaIntegratedStudy\sumo\Barnim.net.xml
77000000000,77,veh_8,52.643917253661606,13.567075391178653,7413.918160,7167.959490,35.783902884568086,189.10295873097218,true,SUMO_NET_XML_UTM_WGS84_WITH_NET_OFFSET,C:\Users\raffa\IdeaProjects\maga-core\data\mosaic-scenarios\MaGaIntegratedStudy\sumo\Barnim.net.xml
77000000000,77,veh_9,52.64520992934389,13.567293739470854,7431.549072,7311.444813,35.6542749978276,186.89971966089794,true,SUMO_NET_XML_UTM_WGS84_WITH_NET_OFFSET,C:\Users\raffa\IdeaProjects\maga-core\data\mosaic-scenarios\MaGaIntegratedStudy\sumo\Barnim.net.xml
77000000000,77,veh_10,52.646458486459586,13.567500830276163,7448.320030,7450.038227,35.452411373974755,186.89971966090704,true,SUMO_NET_XML_UTM_WGS84_WITH_NET_OFFSET,C:\Users\raffa\IdeaProjects\maga-core\data\mosaic-scenarios\MaGaIntegratedStudy\sumo\Barnim.net.xml
77000000000,77,veh_11,52.647778024021385,13.56772563039463,7466.445182,7596.502773,34.93038040722254,187.09837029306172,true,SUMO_NET_XML_UTM_WGS84_WITH_NET_OFFSET,C:\Users\raffa\IdeaProjects\maga-core\data\mosaic-scenarios\MaGaIntegratedStudy\sumo\Barnim.net.xml
78000000000,78,veh_0,52.63348618006911,13.565385627036626,7276.501570,6010.029638,34.99523614068981,186.60141597942766,true,SUMO_NET_XML_UTM_WGS84_WITH_NET_OFFSET,C:\Users\raffa\IdeaProjects\maga-core\data\mosaic-scenarios\MaGaIntegratedStudy\sumo\Barnim.net.xml
78000000000,78,veh_1,52.6347928285974,13.565590954752535,7293.288795,6155.085994,35.62991440623533,186.60141597942766,true,SUMO_NET_XML_UTM_WGS84_WITH_NET_OFFSET,C:\Users\raffa\IdeaProjects\maga-core\data\mosaic-scenarios\MaGaIntegratedStudy\sumo\Barnim.net.xml
78000000000,78,veh_2,52.63605629272801,13.565798847945633,7310.153264,6295.335755,35.29784013011027,186.90423887703798,true,SUMO_NET_XML_UTM_WGS84_WITH_NET_OFFSET,C:\Users\raffa\IdeaProjects\maga-core\data\mosaic-scenarios\MaGaIntegratedStudy\sumo\Barnim.net.xml
78000000000,78,veh_3,52.63733003161898,13.566010199271501,7327.273706,6436.723754,34.96707877590321,186.90423887703798,true,SUMO_NET_XML_UTM_WGS84_WITH_NET_OFFSET,C:\Users\raffa\IdeaProjects\maga-core\data\mosaic-scenarios\MaGaIntegratedStudy\sumo\Barnim.net.xml
78000000000,78,veh_4,52.638557139121986,13.56621382409715,7343.767377,6572.935618,35.1231306481082,186.90423887703798,true,SUMO_NET_XML_UTM_WGS84_WITH_NET_OFFSET,C:\Users\raffa\IdeaProjects\maga-core\data\mosaic-scenarios\MaGaIntegratedStudy\sumo\Barnim.net.xml
78000000000,78,veh_5,52.6398208794188,13.566423539052247,7360.753441,6713.213870,36.07411601321306,186.9042388770483,true,SUMO_NET_XML_UTM_WGS84_WITH_NET_OFFSET,C:\Users\raffa\IdeaProjects\maga-core\data\mosaic-scenarios\MaGaIntegratedStudy\sumo\Barnim.net.xml
78000000000,78,veh_6,52.64110235003452,13.566636208051353,7377.977828,6855.460292,35.22348798354156,186.90423887703798,true,SUMO_NET_XML_UTM_WGS84_WITH_NET_OFFSET,C:\Users\raffa\IdeaProjects\maga-core\data\mosaic-scenarios\MaGaIntegratedStudy\sumo\Barnim.net.xml
78000000000,78,veh_7,52.642372398224225,13.56683777528193,7394.425034,6996.451261,35.22246981064323,186.32751799415365,true,SUMO_NET_XML_UTM_WGS84_WITH_NET_OFFSET,C:\Users\raffa\IdeaProjects\maga-core\data\mosaic-scenarios\MaGaIntegratedStudy\sumo\Barnim.net.xml
78000000000,78,veh_8,52.64360510589701,13.567021787516197,7409.601212,7133.312687,34.922150779762305,186.3275179941525,true,SUMO_NET_XML_UTM_WGS84_WITH_NET_OFFSET,C:\Users\raffa\IdeaProjects\maga-core\data\mosaic-scenarios\MaGaIntegratedStudy\sumo\Barnim.net.xml
78000000000,78,veh_9,52.64489049114125,13.567240757941788,7427.258292,7275.986268,35.71800177122,186.8997196608967,true,SUMO_NET_XML_UTM_WGS84_WITH_NET_OFFSET,C:\Users\raffa\IdeaProjects\maga-core\data\mosaic-scenarios\MaGaIntegratedStudy\sumo\Barnim.net.xml
78000000000,78,veh_10,52.64614688450969,13.567449145648201,7444.134507,7415.449513,34.841805678061206,186.89971966090704,true,SUMO_NET_XML_UTM_WGS84_WITH_NET_OFFSET,C:\Users\raffa\IdeaProjects\maga-core\data\mosaic-scenarios\MaGaIntegratedStudy\sumo\Barnim.net.xml
78000000000,78,veh_11,52.64746655540454,13.567672170682195,7462.140070,7561.931256,34.846249867989684,187.09837029306172,true,SUMO_NET_XML_UTM_WGS84_WITH_NET_OFFSET,C:\Users\raffa\IdeaProjects\maga-core\data\mosaic-scenarios\MaGaIntegratedStudy\sumo\Barnim.net.xml
79000000000,79,veh_0,52.63317159464822,13.565336194581395,7272.459920,5975.106243,35.15766558087431,186.601415979438,true,SUMO_NET_XML_UTM_WGS84_WITH_NET_OFFSET,C:\Users\raffa\IdeaProjects\maga-core\data\mosaic-scenarios\MaGaIntegratedStudy\sumo\Barnim.net.xml
79000000000,79,veh_1,52.63447298478055,13.565540693187742,7289.179587,6119.578828,35.74535222606733,186.60141597942766,true,SUMO_NET_XML_UTM_WGS84_WITH_NET_OFFSET,C:\Users\raffa\IdeaProjects\maga-core\data\mosaic-scenarios\MaGaIntegratedStudy\sumo\Barnim.net.xml
79000000000,79,veh_2,52.63573908730623,13.56574621590722,7305.889678,6260.125220,35.468921673125585,186.90423887703923,true,SUMO_NET_XML_UTM_WGS84_WITH_NET_OFFSET,C:\Users\raffa\IdeaProjects\maga-core\data\mosaic-scenarios\MaGaIntegratedStudy\sumo\Barnim.net.xml
79000000000,79,veh_3,52.63701639620097,13.565958156704816,7323.058102,6401.909482,35.06975033720024,186.90423887703798,true,SUMO_NET_XML_UTM_WGS84_WITH_NET_OFFSET,C:\Users\raffa\IdeaProjects\maga-core\data\mosaic-scenarios\MaGaIntegratedStudy\sumo\Barnim.net.xml
79000000000,79,veh_4,52.63824409404347,13.566161876722841,7339.559707,6538.186861,35.00375513975974,186.90423887703923,true,SUMO_NET_XML_UTM_WGS84_WITH_NET_OFFSET,C:\Users\raffa\IdeaProjects\maga-core\data\mosaic-scenarios\MaGaIntegratedStudy\sumo\Barnim.net.xml
79000000000,79,veh_5,52.63950878080277,13.566371745896713,7356.558491,6678.570157,34.89793971533887,186.90423887703923,true,SUMO_NET_XML_UTM_WGS84_WITH_NET_OFFSET,C:\Users\raffa\IdeaProjects\maga-core\data\mosaic-scenarios\MaGaIntegratedStudy\sumo\Barnim.net.xml
79000000000,79,veh_6,52.64078567905895,13.566583653191742,7373.721418,6820.309021,35.409222926679064,186.90423887703923,true,SUMO_NET_XML_UTM_WGS84_WITH_NET_OFFSET,C:\Users\raffa\IdeaProjects\maga-core\data\mosaic-scenarios\MaGaIntegratedStudy\sumo\Barnim.net.xml
79000000000,79,veh_7,52.64205799602568,13.566790844508041,7390.554349,6961.544751,35.12067993724719,186.3275179941525,true,SUMO_NET_XML_UTM_WGS84_WITH_NET_OFFSET,C:\Users\raffa\IdeaProjects\maga-core\data\mosaic-scenarios\MaGaIntegratedStudy\sumo\Barnim.net.xml
79000000000,79,veh_8,52.6432928154493,13.566975169487902,7405.756524,7098.640621,34.884797343811954,186.32751799415365,true,SUMO_NET_XML_UTM_WGS84_WITH_NET_OFFSET,C:\Users\raffa\IdeaProjects\maga-core\data\mosaic-scenarios\MaGaIntegratedStudy\sumo\Barnim.net.xml
79000000000,79,veh_9,52.644572733178805,13.567187949135139,7422.982865,7240.714381,35.52947878114879,186.98200885725257,true,SUMO_NET_XML_UTM_WGS84_WITH_NET_OFFSET,C:\Users\raffa\IdeaProjects\maga-core\data\mosaic-scenarios\MaGaIntegratedStudy\sumo\Barnim.net.xml
79000000000,79,veh_10,52.64582652922696,13.567396009855312,7439.831408,7379.889158,35.82055665065069,186.89971966089794,true,SUMO_NET_XML_UTM_WGS84_WITH_NET_OFFSET,C:\Users\raffa\IdeaProjects\maga-core\data\mosaic-scenarios\MaGaIntegratedStudy\sumo\Barnim.net.xml
79000000000,79,veh_11,52.647154890187934,13.567618677950556,7457.832242,7527.337921,34.868241020073185,187.09837029306303,true,SUMO_NET_XML_UTM_WGS84_WITH_NET_OFFSET,C:\Users\raffa\IdeaProjects\maga-core\data\mosaic-scenarios\MaGaIntegratedStudy\sumo\Barnim.net.xml
80000000000,80,veh_0,52.63285914790199,13.565283989362866,7268.235321,5940.424463,34.93945941484068,187.02911890487374,true,SUMO_NET_XML_UTM_WGS84_WITH_NET_OFFSET,C:\Users\raffa\IdeaProjects\maga-core\data\mosaic-scenarios\MaGaIntegratedStudy\sumo\Barnim.net.xml
80000000000,80,veh_1,52.63415182295326,13.565490225203918,7285.053446,6083.925348,35.892647749478925,186.601415979438,true,SUMO_NET_XML_UTM_WGS84_WITH_NET_OFFSET,C:\Users\raffa\IdeaProjects\maga-core\data\mosaic-scenarios\MaGaIntegratedStudy\sumo\Barnim.net.xml
80000000000,80,veh_2,52.635424637439804,13.565694041796405,7301.663130,6225.220562,35.16080024797935,186.9042388770496,true,SUMO_NET_XML_UTM_WGS84_WITH_NET_OFFSET,C:\Users\raffa\IdeaProjects\maga-core\data\mosaic-scenarios\MaGaIntegratedStudy\sumo\Barnim.net.xml
80000000000,80,veh_3,52.63669526509312,13.565904871086712,7318.741750,6366.263175,35.90789146699477,186.90423887703798,true,SUMO_NET_XML_UTM_WGS84_WITH_NET_OFFSET,C:\Users\raffa\IdeaProjects\maga-core\data\mosaic-scenarios\MaGaIntegratedStudy\sumo\Barnim.net.xml
80000000000,80,veh_4,52.637923475805515,13.566108673373085,7335.250246,6502.597469,35.850559050627055,186.90423887703923,true,SUMO_NET_XML_UTM_WGS84_WITH_NET_OFFSET,C:\Users\raffa\IdeaProjects\maga-core\data\mosaic-scenarios\MaGaIntegratedStudy\sumo\Barnim.net.xml
80000000000,80,veh_5,52.63919122640451,13.566319048066747,7352.290209,6643.320843,35.50798523047939,186.90423887703798,true,SUMO_NET_XML_UTM_WGS84_WITH_NET_OFFSET,C:\Users\raffa\IdeaProjects\maga-core\data\mosaic-scenarios\MaGaIntegratedStudy\sumo\Barnim.net.xml
80000000000,80,veh_6,52.64046314301169,13.566530125704062,7369.386175,6784.506716,36.0650341434544,186.9042388770483,true,SUMO_NET_XML_UTM_WGS84_WITH_NET_OFFSET,C:\Users\raffa\IdeaProjects\maga-core\data\mosaic-scenarios\MaGaIntegratedStudy\sumo\Barnim.net.xml
80000000000,80,veh_7,52.64174354080672,13.56674262257473,7386.596146,6926.634085,35.14174605434761,186.88600894846684,true,SUMO_NET_XML_UTM_WGS84_WITH_NET_OFFSET,C:\Users\raffa\IdeaProjects\maga-core\data\mosaic-scenarios\MaGaIntegratedStudy\sumo\Barnim.net.xml
80000000000,80,veh_8,52.64298017400073,13.566928499690569,7401.907516,7063.929588,34.92400301479734,186.32751799415365,true,SUMO_NET_XML_UTM_WGS84_WITH_NET_OFFSET,C:\Users\raffa\IdeaProjects\maga-core\data\mosaic-scenarios\MaGaIntegratedStudy\sumo\Barnim.net.xml
80000000000,80,veh_9,52.644255408516536,13.567134732540659,7418.680758,7205.491242,35.483210601322355,186.9469881362986,true,SUMO_NET_XML_UTM_WGS84_WITH_NET_OFFSET,C:\Users\raffa\IdeaProjects\maga-core\data\mosaic-scenarios\MaGaIntegratedStudy\sumo\Barnim.net.xml
80000000000,80,veh_10,52.64551244431705,13.567343914815867,7435.612534,7345.024836,35.11943048759363,186.89971966089794,true,SUMO_NET_XML_UTM_WGS84_WITH_NET_OFFSET,C:\Users\raffa\IdeaProjects\maga-core\data\mosaic-scenarios\MaGaIntegratedStudy\sumo\Barnim.net.xml
80000000000,80,veh_11,52.64683527045867,13.567563820697194,7453.414467,7491.861678,35.7581658188859,187.09837029307337,true,SUMO_NET_XML_UTM_WGS84_WITH_NET_OFFSET,C:\Users\raffa\IdeaProjects\maga-core\data\mosaic-scenarios\MaGaIntegratedStudy\sumo\Barnim.net.xml
81000000000,81,veh_0,52.63254233024483,13.565230282090148,7263.899347,5905.258554,35.433404465895144,187.02911890487374,true,SUMO_NET_XML_UTM_WGS84_WITH_NET_OFFSET,C:\Users\raffa\IdeaProjects\maga-core\data\mosaic-scenarios\MaGaIntegratedStudy\sumo\Barnim.net.xml
81000000000,81,veh_1,52.63382888346645,13.565439478581041,7280.904466,6048.074527,36.091313027231955,186.60141597942766,true,SUMO_NET_XML_UTM_WGS84_WITH_NET_OFFSET,C:\Users\raffa\IdeaProjects\maga-core\data\mosaic-scenarios\MaGaIntegratedStudy\sumo\Barnim.net.xml
81000000000,81,veh_2,52.63510594469481,13.565641164424992,7297.379554,6189.844938,35.63522178003564,186.90423887703798,true,SUMO_NET_XML_UTM_WGS84_WITH_NET_OFFSET,C:\Users\raffa\IdeaProjects\maga-core\data\mosaic-scenarios\MaGaIntegratedStudy\sumo\Barnim.net.xml
81000000000,81,veh_3,52.6363732508963,13.56585143968173,7314.413527,6330.518848,36.00663178080227,186.9042388770496,true,SUMO_NET_XML_UTM_WGS84_WITH_NET_OFFSET,C:\Users\raffa\IdeaProjects\maga-core\data\mosaic-scenarios\MaGaIntegratedStudy\sumo\Barnim.net.xml
81000000000,81,veh_4,52.637608365207655,13.566056384681113,7331.014814,6467.619442,35.234707597144876,186.90423887703798,true,SUMO_NET_XML_UTM_WGS84_WITH_NET_OFFSET,C:\Users\raffa\IdeaProjects\maga-core\data\mosaic-scenarios\MaGaIntegratedStudy\sumo\Barnim.net.xml
81000000000,81,veh_5,52.63887829970398,13.566267118908396,7348.084129,6608.585219,34.990526089505295,186.9042388770496,true,SUMO_NET_XML_UTM_WGS84_WITH_NET_OFFSET,C:\Users\raffa\IdeaProjects\maga-core\data\mosaic-scenarios\MaGaIntegratedStudy\sumo\Barnim.net.xml
81000000000,81,veh_6,52.640142630396866,13.566476934763164,7365.078131,6748.929022,35.83877590891439,186.90423887703798,true,SUMO_NET_XML_UTM_WGS84_WITH_NET_OFFSET,C:\Users\raffa\IdeaProjects\maga-core\data\mosaic-scenarios\MaGaIntegratedStudy\sumo\Barnim.net.xml
81000000000,81,veh_7,52.64143208682687,13.566690932086916,7382.409857,6892.061906,34.82588141610846,186.90423887703798,true,SUMO_NET_XML_UTM_WGS84_WITH_NET_OFFSET,C:\Users\raffa\IdeaProjects\maga-core\data\mosaic-scenarios\MaGaIntegratedStudy\sumo\Barnim.net.xml
81000000000,81,veh_8,52.642658762302595,13.566880521361961,7397.950534,7028.244842,35.90369121824857,186.32751799415365,true,SUMO_NET_XML_UTM_WGS84_WITH_NET_OFFSET,C:\Users\raffa\IdeaProjects\maga-core\data\mosaic-scenarios\MaGaIntegratedStudy\sumo\Barnim.net.xml
81000000000,81,veh_9,52.64393845107916,13.567081581980833,7414.383882,7170.308864,35.44518512956798,187.06145428384707,true,SUMO_NET_XML_UTM_WGS84_WITH_NET_OFFSET,C:\Users\raffa\IdeaProjects\maga-core\data\mosaic-scenarios\MaGaIntegratedStudy\sumo\Barnim.net.xml
81000000000,81,veh_10,52.64520093702752,13.567292248009045,7431.428285,7310.446640,34.831209908183666,186.89971966089794,true,SUMO_NET_XML_UTM_WGS84_WITH_NET_OFFSET,C:\Users\raffa\IdeaProjects\maga-core\data\mosaic-scenarios\MaGaIntegratedStudy\sumo\Barnim.net.xml
81000000000,81,veh_11,52.64652478654856,13.567511827394501,7449.210591,7457.397728,34.990580526473934,186.89971966089794,true,SUMO_NET_XML_UTM_WGS84_WITH_NET_OFFSET,C:\Users\raffa\IdeaProjects\maga-core\data\mosaic-scenarios\MaGaIntegratedStudy\sumo\Barnim.net.xml
82000000000,82,veh_0,52.632227958178895,13.565176990126906,7259.596845,5870.364102,35.159881635257044,187.02911890487374,true,SUMO_NET_XML_UTM_WGS84_WITH_NET_OFFSET,C:\Users\raffa\IdeaProjects\maga-core\data\mosaic-scenarios\MaGaIntegratedStudy\sumo\Barnim.net.xml
82000000000,82,veh_1,52.633517208254105,13.56539050269427,7276.900206,6013.474202,34.832428244771435,186.6014159794368,true,SUMO_NET_XML_UTM_WGS84_WITH_NET_OFFSET,C:\Users\raffa\IdeaProjects\maga-core\data\mosaic-scenarios\MaGaIntegratedStudy\sumo\Barnim.net.xml
82000000000,82,veh_2,52.63478677003437,13.565590002678727,7293.210958,6154.413408,35.67722243446857,186.601415979438,true,SUMO_NET_XML_UTM_WGS84_WITH_NET_OFFSET,C:\Users\raffa\IdeaProjects\maga-core\data\mosaic-scenarios\MaGaIntegratedStudy\sumo\Barnim.net.xml
82000000000,82,veh_3,52.63605911530718,13.565799316282918,7310.191203,6295.649068,35.12566639111843,186.90423887703923,true,SUMO_NET_XML_UTM_WGS84_WITH_NET_OFFSET,C:\Users\raffa\IdeaProjects\maga-core\data\mosaic-scenarios\MaGaIntegratedStudy\sumo\Barnim.net.xml
82000000000,82,veh_4,52.63729586789737,13.566004530337349,7326.814508,6432.931500,34.94249396726023,186.90423887703798,true,SUMO_NET_XML_UTM_WGS84_WITH_NET_OFFSET,C:\Users\raffa\IdeaProjects\maga-core\data\mosaic-scenarios\MaGaIntegratedStudy\sumo\Barnim.net.xml
82000000000,82,veh_5,52.63856587319626,13.566215273458353,7343.884773,6573.905121,34.93459227917716,186.90423887703798,true,SUMO_NET_XML_UTM_WGS84_WITH_NET_OFFSET,C:\Users\raffa\IdeaProjects\maga-core\data\mosaic-scenarios\MaGaIntegratedStudy\sumo\Barnim.net.xml
82000000000,82,veh_6,52.63982625303291,13.566424430816369,7360.825669,6713.810354,35.37638047513552,186.90423887703798,true,SUMO_NET_XML_UTM_WGS84_WITH_NET_OFFSET,C:\Users\raffa\IdeaProjects\maga-core\data\mosaic-scenarios\MaGaIntegratedStudy\sumo\Barnim.net.xml
82000000000,82,veh_7,52.64111364750574,13.566638082998164,7378.129678,6856.714340,35.606958180982616,186.90423887703923,true,SUMO_NET_XML_UTM_WGS84_WITH_NET_OFFSET,C:\Users\raffa\IdeaProjects\maga-core\data\mosaic-scenarios\MaGaIntegratedStudy\sumo\Barnim.net.xml
82000000000,82,veh_8,52.64233995794279,13.566832932896105,7394.025653,6992.849578,35.612431791997516,186.3275179941525,true,SUMO_NET_XML_UTM_WGS84_WITH_NET_OFFSET,C:\Users\raffa\IdeaProjects\maga-core\data\mosaic-scenarios\MaGaIntegratedStudy\sumo\Barnim.net.xml
82000000000,82,veh_9,52.64361714728546,13.567023585040618,7409.749457,7134.649583,35.96795531887561,186.32751799415365,true,SUMO_NET_XML_UTM_WGS84_WITH_NET_OFFSET,C:\Users\raffa\IdeaProjects\maga-core\data\mosaic-scenarios\MaGaIntegratedStudy\sumo\Barnim.net.xml
82000000000,82,veh_10,52.64488519457025,13.567239879466854,7427.187148,7275.398333,35.30476169215049,186.89971966090826,true,SUMO_NET_XML_UTM_WGS84_WITH_NET_OFFSET,C:\Users\raffa\IdeaProjects\maga-core\data\mosaic-scenarios\MaGaIntegratedStudy\sumo\Barnim.net.xml
82000000000,82,veh_11,52.64620417258859,13.567458647824658,7444.904016,7421.808654,35.849485320239324,186.89971966089794,true,SUMO_NET_XML_UTM_WGS84_WITH_NET_OFFSET,C:\Users\raffa\IdeaProjects\maga-core\data\mosaic-scenarios\MaGaIntegratedStudy\sumo\Barnim.net.xml
83000000000,83,veh_0,52.631909100072214,13.565119934500688,7255.029658,5834.975764,35.68376226971392,187.76400786501054,true,SUMO_NET_XML_UTM_WGS84_WITH_NET_OFFSET,C:\Users\raffa\IdeaProjects\maga-core\data\mosaic-scenarios\MaGaIntegratedStudy\sumo\Barnim.net.xml
83000000000,83,veh_1,52.63320028744394,13.565340703202875,7272.828552,5978.291546,35.41866604784969,186.60141597942766,true,SUMO_NET_XML_UTM_WGS84_WITH_NET_OFFSET,C:\Users\raffa\IdeaProjects\maga-core\data\mosaic-scenarios\MaGaIntegratedStudy\sumo\Barnim.net.xml
83000000000,83,veh_2,52.63446723256593,13.565539789267577,7289.105685,6118.940251,35.7111150370352,186.601415979438,true,SUMO_NET_XML_UTM_WGS84_WITH_NET_OFFSET,C:\Users\raffa\IdeaProjects\maga-core\data\mosaic-scenarios\MaGaIntegratedStudy\sumo\Barnim.net.xml
83000000000,83,veh_3,52.635737374729935,13.565745931751424,7305.866659,6259.935120,35.97602863096632,186.90423887703798,true,SUMO_NET_XML_UTM_WGS84_WITH_NET_OFFSET,C:\Users\raffa\IdeaProjects\maga-core\data\mosaic-scenarios\MaGaIntegratedStudy\sumo\Barnim.net.xml
83000000000,83,veh_4,52.63697812236698,13.565951805848867,7322.543660,6397.660997,35.52933005244937,186.90423887703923,true,SUMO_NET_XML_UTM_WGS84_WITH_NET_OFFSET,C:\Users\raffa\IdeaProjects\maga-core\data\mosaic-scenarios\MaGaIntegratedStudy\sumo\Barnim.net.xml
83000000000,83,veh_5,52.63824589209795,13.566162175093861,7339.583875,6538.386449,35.77931998706423,186.9042388770496,true,SUMO_NET_XML_UTM_WGS84_WITH_NET_OFFSET,C:\Users\raffa\IdeaProjects\maga-core\data\mosaic-scenarios\MaGaIntegratedStudy\sumo\Barnim.net.xml
83000000000,83,veh_6,52.6395046318237,13.566371057373175,7356.502724,6678.109610,35.96272779201623,186.90423887703923,true,SUMO_NET_XML_UTM_WGS84_WITH_NET_OFFSET,C:\Users\raffa\IdeaProjects\maga-core\data\mosaic-scenarios\MaGaIntegratedStudy\sumo\Barnim.net.xml
83000000000,83,veh_7,52.64079705144299,13.566585540545288,7373.874275,6821.571384,35.40084653430618,186.90423887703798,true,SUMO_NET_XML_UTM_WGS84_WITH_NET_OFFSET,C:\Users\raffa\IdeaProjects\maga-core\data\mosaic-scenarios\MaGaIntegratedStudy\sumo\Barnim.net.xml
83000000000,83,veh_8,52.64202393625671,13.566785760449033,7390.135030,6957.763264,35.30158640268724,186.32751799415365,true,SUMO_NET_XML_UTM_WGS84_WITH_NET_OFFSET,C:\Users\raffa\IdeaProjects\maga-core\data\mosaic-scenarios\MaGaIntegratedStudy\sumo\Barnim.net.xml
83000000000,83,veh_9,52.64329616949181,13.566975670168631,7405.797817,7099.013004,35.85522833689116,186.3275179941525,true,SUMO_NET_XML_UTM_WGS84_WITH_NET_OFFSET,C:\Users\raffa\IdeaProjects\maga-core\data\mosaic-scenarios\MaGaIntegratedStudy\sumo\Barnim.net.xml
83000000000,83,veh_10,52.6445667638424,13.567186933161409,7422.900929,7240.051803,35.604547747122126,187.00200158217066,true,SUMO_NET_XML_UTM_WGS84_WITH_NET_OFFSET,C:\Users\raffa\IdeaProjects\maga-core\data\mosaic-scenarios\MaGaIntegratedStudy\sumo\Barnim.net.xml
83000000000,83,veh_11,52.645889673517935,13.56740648323731,7440.679579,7386.898355,35.16574446045794,186.89971966090826,true,SUMO_NET_XML_UTM_WGS84_WITH_NET_OFFSET,C:\Users\raffa\IdeaProjects\maga-core\data\mosaic-scenarios\MaGaIntegratedStudy\sumo\Barnim.net.xml
84000000000,84,veh_0,52.631593820707714,13.565059764054164,7250.259548,5799.989674,35.310962985749356,187.7640078650209,true,SUMO_NET_XML_UTM_WGS84_WITH_NET_OFFSET,C:\Users\raffa\IdeaProjects\maga-core\data\mosaic-scenarios\MaGaIntegratedStudy\sumo\Barnim.net.xml
84000000000,84,veh_1,52.63288553278693,13.565288462190487,7268.596425,5943.353115,35.195200716438706,187.02911890487374,true,SUMO_NET_XML_UTM_WGS84_WITH_NET_OFFSET,C:\Users\raffa\IdeaProjects\maga-core\data\mosaic-scenarios\MaGaIntegratedStudy\sumo\Barnim.net.xml
84000000000,84,veh_2,52.634151397929934,13.565490158415404,7285.047985,6083.878165,35.29728741765953,186.601415979438,true,SUMO_NET_XML_UTM_WGS84_WITH_NET_OFFSET,C:\Users\raffa\IdeaProjects\maga-core\data\mosaic-scenarios\MaGaIntegratedStudy\sumo\Barnim.net.xml
84000000000,84,veh_3,52.635417468521645,13.565692852324371,7301.566772,6224.424795,35.7709112681821,186.9042388770483,true,SUMO_NET_XML_UTM_WGS84_WITH_NET_OFFSET,C:\Users\raffa\IdeaProjects\maga-core\data\mosaic-scenarios\MaGaIntegratedStudy\sumo\Barnim.net.xml
84000000000,84,veh_4,52.63666593002317,13.565900003525087,7318.347454,6363.006914,34.908385997698645,186.90423887703923,true,SUMO_NET_XML_UTM_WGS84_WITH_NET_OFFSET,C:\Users\raffa\IdeaProjects\maga-core\data\mosaic-scenarios\MaGaIntegratedStudy\sumo\Barnim.net.xml
84000000000,84,veh_5,52.63793127352973,13.566109967317676,7335.355056,6503.463035,35.17969423650298,186.9042388770483,true,SUMO_NET_XML_UTM_WGS84_WITH_NET_OFFSET,C:\Users\raffa\IdeaProjects\maga-core\data\mosaic-scenarios\MaGaIntegratedStudy\sumo\Barnim.net.xml
84000000000,84,veh_6,52.639193230667146,13.56631938066982,7352.317149,6643.543321,34.81994809374679,186.90423887703798,true,SUMO_NET_XML_UTM_WGS84_WITH_NET_OFFSET,C:\Users\raffa\IdeaProjects\maga-core\data\mosaic-scenarios\MaGaIntegratedStudy\sumo\Barnim.net.xml
84000000000,84,veh_7,52.64047631485148,13.566532311663643,7369.563219,6785.968823,35.863824431542305,186.90423887703798,true,SUMO_NET_XML_UTM_WGS84_WITH_NET_OFFSET,C:\Users\raffa\IdeaProjects\maga-core\data\mosaic-scenarios\MaGaIntegratedStudy\sumo\Barnim.net.xml
84000000000,84,veh_8,52.64170337056293,13.566735955677384,7386.056213,6922.175086,35.82877879858948,186.90423887703798,true,SUMO_NET_XML_UTM_WGS84_WITH_NET_OFFSET,C:\Users\raffa\IdeaProjects\maga-core\data\mosaic-scenarios\MaGaIntegratedStudy\sumo\Barnim.net.xml
84000000000,84,veh_9,52.642979469775774,13.566928394567547,7401.898846,7063.851402,35.37733685685322,186.3275179941525,true,SUMO_NET_XML_UTM_WGS84_WITH_NET_OFFSET,C:\Users\raffa\IdeaProjects\maga-core\data\mosaic-scenarios\MaGaIntegratedStudy\sumo\Barnim.net.xml
84000000000,84,veh_10,52.6442447784773,13.567132954954635,7418.536987,7204.311298,36.00461856004782,186.9469881362973,true,SUMO_NET_XML_UTM_WGS84_WITH_NET_OFFSET,C:\Users\raffa\IdeaProjects\maga-core\data\mosaic-scenarios\MaGaIntegratedStudy\sumo\Barnim.net.xml
84000000000,84,veh_11,52.64557693488929,13.567354611352417,7436.478789,7352.183473,34.968896701270715,186.89971966090826,true,SUMO_NET_XML_UTM_WGS84_WITH_NET_OFFSET,C:\Users\raffa\IdeaProjects\maga-core\data\mosaic-scenarios\MaGaIntegratedStudy\sumo\Barnim.net.xml
85000000000,85,veh_0,52.63128109534845,13.564997626058718,7245.361884,5765.290313,35.04479378959164,188.25471148991207,true,SUMO_NET_XML_UTM_WGS84_WITH_NET_OFFSET,C:\Users\raffa\IdeaProjects\maga-core\data\mosaic-scenarios\MaGaIntegratedStudy\sumo\Barnim.net.xml
85000000000,85,veh_1,52.632569467878064,13.565234882462226,7264.270754,5908.270758,35.34921619895846,187.02911890487374,true,SUMO_NET_XML_UTM_WGS84_WITH_NET_OFFSET,C:\Users\raffa\IdeaProjects\maga-core\data\mosaic-scenarios\MaGaIntegratedStudy\sumo\Barnim.net.xml
85000000000,85,veh_2,52.63383939432042,13.565441130242622,7281.039505,6049.241380,34.86913312046323,186.601415979438,true,SUMO_NET_XML_UTM_WGS84_WITH_NET_OFFSET,C:\Users\raffa\IdeaProjects\maga-core\data\mosaic-scenarios\MaGaIntegratedStudy\sumo\Barnim.net.xml
85000000000,85,veh_3,52.63509461846284,13.565639285194605,7297.227317,6188.587701,36.1000794389192,186.90423887703798,true,SUMO_NET_XML_UTM_WGS84_WITH_NET_OFFSET,C:\Users\raffa\IdeaProjects\maga-core\data\mosaic-scenarios\MaGaIntegratedStudy\sumo\Barnim.net.xml
85000000000,85,veh_4,52.63635123868485,13.565847787250801,7314.117659,6328.075441,35.18781207612716,186.90423887703923,true,SUMO_NET_XML_UTM_WGS84_WITH_NET_OFFSET,C:\Users\raffa\IdeaProjects\maga-core\data\mosaic-scenarios\MaGaIntegratedStudy\sumo\Barnim.net.xml
85000000000,85,veh_5,52.637615684545096,13.566057599226198,7331.113194,6468.431906,35.288199438611045,186.90423887703798,true,SUMO_NET_XML_UTM_WGS84_WITH_NET_OFFSET,C:\Users\raffa\IdeaProjects\maga-core\data\mosaic-scenarios\MaGaIntegratedStudy\sumo\Barnim.net.xml
85000000000,85,veh_6,52.63887142736145,13.566265978473627,7347.991757,6607.822372,35.98308145435527,186.90423887703798,true,SUMO_NET_XML_UTM_WGS84_WITH_NET_OFFSET,C:\Users\raffa\IdeaProjects\maga-core\data\mosaic-scenarios\MaGaIntegratedStudy\sumo\Barnim.net.xml
85000000000,85,veh_7,52.64016096552845,13.566479977565429,7365.324575,6750.964267,35.261432030182334,186.90423887703798,true,SUMO_NET_XML_UTM_WGS84_WITH_NET_OFFSET,C:\Users\raffa\IdeaProjects\maga-core\data\mosaic-scenarios\MaGaIntegratedStudy\sumo\Barnim.net.xml
85000000000,85,veh_8,52.64138101184461,13.566682455489524,7381.723352,6886.392454,36.045217104922045,186.90423887703798,true,SUMO_NET_XML_UTM_WGS84_WITH_NET_OFFSET,C:\Users\raffa\IdeaProjects\maga-core\data\mosaic-scenarios\MaGaIntegratedStudy\sumo\Barnim.net.xml
85000000000,85,veh_9,52.64266516341972,13.566881476874226,7398.029340,7028.955526,35.10998022499494,186.32751799415365,true,SUMO_NET_XML_UTM_WGS84_WITH_NET_OFFSET,C:\Users\raffa\IdeaProjects\maga-core\data\mosaic-scenarios\MaGaIntegratedStudy\sumo\Barnim.net.xml
85000000000,85,veh_10,52.64393323975307,13.56708005998881,7414.269385,7169.731277,34.844268696187065,187.5634000961248,true,SUMO_NET_XML_UTM_WGS84_WITH_NET_OFFSET,C:\Users\raffa\IdeaProjects\maga-core\data\mosaic-scenarios\MaGaIntegratedStudy\sumo\Barnim.net.xml
85000000000,85,veh_11,52.64525781093178,13.567301681100652,7432.192230,7316.759805,35.68286892682314,186.89971966089794,true,SUMO_NET_XML_UTM_WGS84_WITH_NET_OFFSET,C:\Users\raffa\IdeaProjects\maga-core\data\mosaic-scenarios\MaGaIntegratedStudy\sumo\Barnim.net.xml
86000000000,86,veh_0,52.630969989136275,13.564933811090823,7240.354258,5730.773307,34.879530943781134,188.25471148991357,true,SUMO_NET_XML_UTM_WGS84_WITH_NET_OFFSET,C:\Users\raffa\IdeaProjects\maga-core\data\mosaic-scenarios\MaGaIntegratedStudy\sumo\Barnim.net.xml
86000000000,86,veh_1,52.63225257112943,13.56518116245755,7259.933698,5873.096073,35.44224656630773,187.02911890487374,true,SUMO_NET_XML_UTM_WGS84_WITH_NET_OFFSET,C:\Users\raffa\IdeaProjects\maga-core\data\mosaic-scenarios\MaGaIntegratedStudy\sumo\Barnim.net.xml
86000000000,86,veh_2,52.6335241281718,13.565391590066191,7276.989109,6014.242410,35.2337468483625,186.601415979438,true,SUMO_NET_XML_UTM_WGS84_WITH_NET_OFFSET,C:\Users\raffa\IdeaProjects\maga-core\data\mosaic-scenarios\MaGaIntegratedStudy\sumo\Barnim.net.xml
86000000000,86,veh_3,52.63477220724483,13.565587714207963,7293.023862,6152.796733,36.038278375789524,186.60141597942766,true,SUMO_NET_XML_UTM_WGS84_WITH_NET_OFFSET,C:\Users\raffa\IdeaProjects\maga-core\data\mosaic-scenarios\MaGaIntegratedStudy\sumo\Barnim.net.xml
86000000000,86,veh_4,52.636033022402714,13.565794986812199,7309.840486,6292.752695,35.58195652378723,186.90423887703798,true,SUMO_NET_XML_UTM_WGS84_WITH_NET_OFFSET,C:\Users\raffa\IdeaProjects\maga-core\data\mosaic-scenarios\MaGaIntegratedStudy\sumo\Barnim.net.xml
86000000000,86,veh_5,52.637304320987695,13.56600593299442,7326.928127,6433.869813,34.81572128212079,186.90423887703798,true,SUMO_NET_XML_UTM_WGS84_WITH_NET_OFFSET,C:\Users\raffa\IdeaProjects\maga-core\data\mosaic-scenarios\MaGaIntegratedStudy\sumo\Barnim.net.xml
86000000000,86,veh_6,52.63855532428754,13.566213522937582,7343.742984,6572.734167,35.345694745159705,186.90423887703798,true,SUMO_NET_XML_UTM_WGS84_WITH_NET_OFFSET,C:\Users\raffa\IdeaProjects\maga-core\data\mosaic-scenarios\MaGaIntegratedStudy\sumo\Barnim.net.xml
86000000000,86,veh_7,52.63984783727341,13.566428012774812,7361.115785,6716.206258,35.01307497337926,186.90423887703798,true,SUMO_NET_XML_UTM_WGS84_WITH_NET_OFFSET,C:\Users\raffa\IdeaProjects\maga-core\data\mosaic-scenarios\MaGaIntegratedStudy\sumo\Barnim.net.xml
86000000000,86,veh_8,52.64106886510868,13.566630650843656,7377.527753,6851.743381,34.90333904176019,186.90423887703798,true,SUMO_NET_XML_UTM_WGS84_WITH_NET_OFFSET,C:\Users\raffa\IdeaProjects\maga-core\data\mosaic-scenarios\MaGaIntegratedStudy\sumo\Barnim.net.xml
86000000000,86,veh_9,52.64235250609893,13.566834805968249,7394.180137,6994.242737,34.9257693644287,186.32751799415365,true,SUMO_NET_XML_UTM_WGS84_WITH_NET_OFFSET,C:\Users\raffa\IdeaProjects\maga-core\data\mosaic-scenarios\MaGaIntegratedStudy\sumo\Barnim.net.xml
86000000000,86,veh_10,52.64361121633351,13.567022699674913,7409.676439,7133.991099,36.04268294068984,186.32751799415365,true,SUMO_NET_XML_UTM_WGS84_WITH_NET_OFFSET,C:\Users\raffa\IdeaProjects\maga-core\data\mosaic-scenarios\MaGaIntegratedStudy\sumo\Barnim.net.xml
86000000000,86,veh_11,52.64494294379814,13.56724945760843,7427.962851,7281.808661,35.20688802093733,186.89971966089794,true,SUMO_NET_XML_UTM_WGS84_WITH_NET_OFFSET,C:\Users\raffa\IdeaProjects\maga-core\data\mosaic-scenarios\MaGaIntegratedStudy\sumo\Barnim.net.xml
87000000000,87,veh_0,52.63068261564299,13.564873001706681,7235.602538,5698.891945,32.26458244884387,189.36008626206416,true,SUMO_NET_XML_UTM_WGS84_WITH_NET_OFFSET,C:\Users\raffa\IdeaProjects\maga-core\data\mosaic-scenarios\MaGaIntegratedStudy\sumo\Barnim.net.xml
87000000000,87,veh_1,52.631932438884185,13.565124388700044,7255.382769,5837.565638,35.82259142735507,187.76400786501054,true,SUMO_NET_XML_UTM_WGS84_WITH_NET_OFFSET,C:\Users\raffa\IdeaProjects\maga-core\data\mosaic-scenarios\MaGaIntegratedStudy\sumo\Barnim.net.xml
87000000000,87,veh_2,52.63320519145042,13.565341473790905,7272.891557,5978.835959,35.64396178472322,186.601415979438,true,SUMO_NET_XML_UTM_WGS84_WITH_NET_OFFSET,C:\Users\raffa\IdeaProjects\maga-core\data\mosaic-scenarios\MaGaIntegratedStudy\sumo\Barnim.net.xml
87000000000,87,veh_3,52.63444923246546,13.565536960679548,7288.874428,6116.941987,36.095264495247974,186.60141597942766,true,SUMO_NET_XML_UTM_WGS84_WITH_NET_OFFSET,C:\Users\raffa\IdeaProjects\maga-core\data\mosaic-scenarios\MaGaIntegratedStudy\sumo\Barnim.net.xml
87000000000,87,veh_4,52.635712856464735,13.565741863609677,7305.537107,6257.213536,35.799957061852325,186.90423887703798,true,SUMO_NET_XML_UTM_WGS84_WITH_NET_OFFSET,C:\Users\raffa\IdeaProjects\maga-core\data\mosaic-scenarios\MaGaIntegratedStudy\sumo\Barnim.net.xml
87000000000,87,veh_5,52.636991752533845,13.565954067529265,7322.726865,6399.173977,34.95044537413865,186.90423887703923,true,SUMO_NET_XML_UTM_WGS84_WITH_NET_OFFSET,C:\Users\raffa\IdeaProjects\maga-core\data\mosaic-scenarios\MaGaIntegratedStudy\sumo\Barnim.net.xml
87000000000,87,veh_6,52.63823687251618,13.566160678375379,7339.462642,6537.385254,35.60831514614634,186.90423887703923,true,SUMO_NET_XML_UTM_WGS84_WITH_NET_OFFSET,C:\Users\raffa\IdeaProjects\maga-core\data\mosaic-scenarios\MaGaIntegratedStudy\sumo\Barnim.net.xml
87000000000,87,veh_7,52.63952978751904,13.566375231965537,7356.840844,6680.901954,35.56337861261796,186.90423887703798,true,SUMO_NET_XML_UTM_WGS84_WITH_NET_OFFSET,C:\Users\raffa\IdeaProjects\maga-core\data\mosaic-scenarios\MaGaIntegratedStudy\sumo\Barnim.net.xml
87000000000,87,veh_8,52.64074921835746,13.566577602203418,7373.231345,6816.261792,35.741965033174495,186.90423887703798,true,SUMO_NET_XML_UTM_WGS84_WITH_NET_OFFSET,C:\Users\raffa\IdeaProjects\maga-core\data\mosaic-scenarios\MaGaIntegratedStudy\sumo\Barnim.net.xml
87000000000,87,veh_9,52.64203783238701,13.56678783470608,7390.306109,6959.306082,35.15100945361424,186.3275179941525,true,SUMO_NET_XML_UTM_WGS84_WITH_NET_OFFSET,C:\Users\raffa\IdeaProjects\maga-core\data\mosaic-scenarios\MaGaIntegratedStudy\sumo\Barnim.net.xml
87000000000,87,veh_10,52.64328810471919,13.566974466285313,7405.698529,7098.117612,36.09358938058372,186.3275179941525,true,SUMO_NET_XML_UTM_WGS84_WITH_NET_OFFSET,C:\Users\raffa\IdeaProjects\maga-core\data\mosaic-scenarios\MaGaIntegratedStudy\sumo\Barnim.net.xml
87000000000,87,veh_11,52.644629617320895,13.567197490355639,7423.754166,7247.028538,35.034615653115324,186.89971966090704,true,SUMO_NET_XML_UTM_WGS84_WITH_NET_OFFSET,C:\Users\raffa\IdeaProjects\maga-core\data\mosaic-scenarios\MaGaIntegratedStudy\sumo\Barnim.net.xml
88000000000,88,veh_0,52.63039203114018,13.564804016960604,7230.290375,5666.664457,32.666705429549324,189.36008626207445,true,SUMO_NET_XML_UTM_WGS84_WITH_NET_OFFSET,C:\Users\raffa\IdeaProjects\maga-core\data\mosaic-scenarios\MaGaIntegratedStudy\sumo\Barnim.net.xml
88000000000,88,veh_1,52.631611030243846,13.565063048438859,7250.519924,5801.899391,35.997435843423006,187.76400786501054,true,SUMO_NET_XML_UTM_WGS84_WITH_NET_OFFSET,C:\Users\raffa\IdeaProjects\maga-core\data\mosaic-scenarios\MaGaIntegratedStudy\sumo\Barnim.net.xml
88000000000,88,veh_2,52.632886129706286,13.565288563381719,7268.604594,5943.419371,35.676505763377065,187.02911890487374,true,SUMO_NET_XML_UTM_WGS84_WITH_NET_OFFSET,C:\Users\raffa\IdeaProjects\maga-core\data\mosaic-scenarios\MaGaIntegratedStudy\sumo\Barnim.net.xml
88000000000,88,veh_3,52.63412626133886,13.565486208433011,7284.725042,6081.087650,36.094852510457855,186.601415979438,true,SUMO_NET_XML_UTM_WGS84_WITH_NET_OFFSET,C:\Users\raffa\IdeaProjects\maga-core\data\mosaic-scenarios\MaGaIntegratedStudy\sumo\Barnim.net.xml
88000000000,88,veh_4,52.63539360777925,13.565688893335567,7301.246058,6221.776198,35.69738883000333,186.90423887703798,true,SUMO_NET_XML_UTM_WGS84_WITH_NET_OFFSET,C:\Users\raffa\IdeaProjects\maga-core\data\mosaic-scenarios\MaGaIntegratedStudy\sumo\Barnim.net.xml
88000000000,88,veh_5,52.63667575770395,13.56590163422928,7318.479549,6364.097810,35.33356841808651,186.9042388770496,true,SUMO_NET_XML_UTM_WGS84_WITH_NET_OFFSET,C:\Users\raffa\IdeaProjects\maga-core\data\mosaic-scenarios\MaGaIntegratedStudy\sumo\Barnim.net.xml
88000000000,88,veh_6,52.63792473311577,13.56610888200954,7335.267146,6502.737033,34.90248111695051,186.90423887703798,true,SUMO_NET_XML_UTM_WGS84_WITH_NET_OFFSET,C:\Users\raffa\IdeaProjects\maga-core\data\mosaic-scenarios\MaGaIntegratedStudy\sumo\Barnim.net.xml
88000000000,88,veh_7,52.639215698368545,13.566323109138526,7352.619139,6646.037291,35.12051183794625,186.90423887703798,true,SUMO_NET_XML_UTM_WGS84_WITH_NET_OFFSET,C:\Users\raffa\IdeaProjects\maga-core\data\mosaic-scenarios\MaGaIntegratedStudy\sumo\Barnim.net.xml
88000000000,88,veh_8,52.64043750538822,13.566525870963469,7369.041577,6781.660877,34.85482895294204,186.9042388770483,true,SUMO_NET_XML_UTM_WGS84_WITH_NET_OFFSET,C:\Users\raffa\IdeaProjects\maga-core\data\mosaic-scenarios\MaGaIntegratedStudy\sumo\Barnim.net.xml
88000000000,88,veh_9,52.6417235368344,13.566739302592682,7386.327270,6924.413593,35.1261287161056,186.90423887703798,true,SUMO_NET_XML_UTM_WGS84_WITH_NET_OFFSET,C:\Users\raffa\IdeaProjects\maga-core\data\mosaic-scenarios\MaGaIntegratedStudy\sumo\Barnim.net.xml
88000000000,88,veh_10,52.64296977216903,13.566926946959782,7401.779456,7062.774724,35.55973453625571,186.3275179941525,true,SUMO_NET_XML_UTM_WGS84_WITH_NET_OFFSET,C:\Users\raffa\IdeaProjects\maga-core\data\mosaic-scenarios\MaGaIntegratedStudy\sumo\Barnim.net.xml
88000000000,88,veh_11,52.64431671528946,13.567144984453234,7419.509930,7212.296353,34.987387651614846,186.946988136287,true,SUMO_NET_XML_UTM_WGS84_WITH_NET_OFFSET,C:\Users\raffa\IdeaProjects\maga-core\data\mosaic-scenarios\MaGaIntegratedStudy\sumo\Barnim.net.xml
89000000000,89,veh_0,52.63009606303368,13.564733755061562,7224.879796,5633.839903,33.27190975564997,189.36008626206248,true,SUMO_NET_XML_UTM_WGS84_WITH_NET_OFFSET,C:\Users\raffa\IdeaProjects\maga-core\data\mosaic-scenarios\MaGaIntegratedStudy\sumo\Barnim.net.xml
89000000000,89,veh_1,52.63129605277893,13.565000694190278,7245.602641,5766.949829,35.295298318671996,188.2547114899239,true,SUMO_NET_XML_UTM_WGS84_WITH_NET_OFFSET,C:\Users\raffa\IdeaProjects\maga-core\data\mosaic-scenarios\MaGaIntegratedStudy\sumo\Barnim.net.xml
89000000000,89,veh_2,52.63256672994862,13.565234418328133,7264.233282,5907.966855,35.72219112803228,187.02911890487505,true,SUMO_NET_XML_UTM_WGS84_WITH_NET_OFFSET,C:\Users\raffa\IdeaProjects\maga-core\data\mosaic-scenarios\MaGaIntegratedStudy\sumo\Barnim.net.xml
89000000000,89,veh_3,52.633814533066854,13.565437223579583,7280.720099,6046.481431,34.83836146331392,186.60141597942766,true,SUMO_NET_XML_UTM_WGS84_WITH_NET_OFFSET,C:\Users\raffa\IdeaProjects\maga-core\data\mosaic-scenarios\MaGaIntegratedStudy\sumo\Barnim.net.xml
89000000000,89,veh_4,52.63508053573235,13.56563694861166,7297.038030,6187.024486,35.006732634911316,186.90423887703798,true,SUMO_NET_XML_UTM_WGS84_WITH_NET_OFFSET,C:\Users\raffa\IdeaProjects\maga-core\data\mosaic-scenarios\MaGaIntegratedStudy\sumo\Barnim.net.xml
89000000000,89,veh_5,52.63636144212824,13.565849480282086,7314.254805,6329.208047,35.1457955851825,186.90423887703798,true,SUMO_NET_XML_UTM_WGS84_WITH_NET_OFFSET,C:\Users\raffa\IdeaProjects\maga-core\data\mosaic-scenarios\MaGaIntegratedStudy\sumo\Barnim.net.xml
89000000000,89,veh_6,52.637612508544876,13.566057072211857,7331.070505,6468.079362,34.91200087877456,186.90423887703923,true,SUMO_NET_XML_UTM_WGS84_WITH_NET_OFFSET,C:\Users\raffa\IdeaProjects\maga-core\data\mosaic-scenarios\MaGaIntegratedStudy\sumo\Barnim.net.xml
89000000000,89,veh_7,52.63889548276143,13.566269970362068,7348.315088,6610.492580,35.8055500443466,186.9042388770496,true,SUMO_NET_XML_UTM_WGS84_WITH_NET_OFFSET,C:\Users\raffa\IdeaProjects\maga-core\data\mosaic-scenarios\MaGaIntegratedStudy\sumo\Barnim.net.xml
89000000000,89,veh_8,52.640121948738816,13.566473502546579,7364.800146,6746.633307,35.28461418292951,186.90423887703798,true,SUMO_NET_XML_UTM_WGS84_WITH_NET_OFFSET,C:\Users\raffa\IdeaProjects\maga-core\data\mosaic-scenarios\MaGaIntegratedStudy\sumo\Barnim.net.xml
89000000000,89,veh_9,52.641409703800775,13.566687217312866,7382.109004,6889.577333,35.091900060223416,186.90423887703798,true,SUMO_NET_XML_UTM_WGS84_WITH_NET_OFFSET,C:\Users\raffa\IdeaProjects\maga-core\data\mosaic-scenarios\MaGaIntegratedStudy\sumo\Barnim.net.xml
89000000000,89,veh_10,52.642651048621246,13.566879369919999,7397.855569,7027.388430,35.60340795867611,186.3275179941525,true,SUMO_NET_XML_UTM_WGS84_WITH_NET_OFFSET,C:\Users\raffa\IdeaProjects\maga-core\data\mosaic-scenarios\MaGaIntegratedStudy\sumo\Barnim.net.xml
89000000000,89,veh_11,52.64400324607026,13.567092565425236,7415.270270,7177.500970,35.05396439206321,186.9469881362973,true,SUMO_NET_XML_UTM_WGS84_WITH_NET_OFFSET,C:\Users\raffa\IdeaProjects\maga-core\data\mosaic-scenarios\MaGaIntegratedStudy\sumo\Barnim.net.xml
90000000000,90,veh_0,52.629800105439855,13.564663496580788,7219.469409,5601.016520,33.270722400462255,189.36008626206416,true,SUMO_NET_XML_UTM_WGS84_WITH_NET_OFFSET,C:\Users\raffa\IdeaProjects\maga-core\data\mosaic-scenarios\MaGaIntegratedStudy\sumo\Barnim.net.xml
90000000000,90,veh_1,52.63098148752743,13.564936169657129,7240.539338,5732.049045,35.267339770649556,188.25471148992239,true,SUMO_NET_XML_UTM_WGS84_WITH_NET_OFFSET,C:\Users\raffa\IdeaProjects\maga-core\data\mosaic-scenarios\MaGaIntegratedStudy\sumo\Barnim.net.xml
90000000000,90,veh_2,52.63224924830095,13.565180599179065,7259.888222,5872.727249,35.507662587091325,187.02911890487505,true,SUMO_NET_XML_UTM_WGS84_WITH_NET_OFFSET,C:\Users\raffa\IdeaProjects\maga-core\data\mosaic-scenarios\MaGaIntegratedStudy\sumo\Barnim.net.xml
90000000000,90,veh_3,52.63349371990518,13.56538681181881,7276.598438,6010.866666,35.85367370514665,186.601415979438,true,SUMO_NET_XML_UTM_WGS84_WITH_NET_OFFSET,C:\Users\raffa\IdeaProjects\maga-core\data\mosaic-scenarios\MaGaIntegratedStudy\sumo\Barnim.net.xml
90000000000,90,veh_4,52.634762656938705,13.565586213425101,7292.901164,6151.736515,35.530922311837784,186.601415979438,true,SUMO_NET_XML_UTM_WGS84_WITH_NET_OFFSET,C:\Users\raffa\IdeaProjects\maga-core\data\mosaic-scenarios\MaGaIntegratedStudy\sumo\Barnim.net.xml
90000000000,90,veh_5,52.636040852568605,13.565796286033626,7309.945732,6293.621861,35.84732915318105,186.90423887703798,true,SUMO_NET_XML_UTM_WGS84_WITH_NET_OFFSET,C:\Users\raffa\IdeaProjects\maga-core\data\mosaic-scenarios\MaGaIntegratedStudy\sumo\Barnim.net.xml
90000000000,90,veh_6,52.63729344705075,13.566004128636113,7326.781969,6432.662780,35.6764809502894,186.90423887703798,true,SUMO_NET_XML_UTM_WGS84_WITH_NET_OFFSET,C:\Users\raffa\IdeaProjects\maga-core\data\mosaic-scenarios\MaGaIntegratedStudy\sumo\Barnim.net.xml
90000000000,90,veh_7,52.63857409749141,13.566216638225617,7343.995316,6574.818038,35.93633428701665,186.90423887703798,true,SUMO_NET_XML_UTM_WGS84_WITH_NET_OFFSET,C:\Users\raffa\IdeaProjects\maga-core\data\mosaic-scenarios\MaGaIntegratedStudy\sumo\Barnim.net.xml
90000000000,90,veh_8,52.63980572968908,13.566421024919471,7360.549812,6711.532212,35.358677999712526,186.90423887703798,true,SUMO_NET_XML_UTM_WGS84_WITH_NET_OFFSET,C:\Users\raffa\IdeaProjects\maga-core\data\mosaic-scenarios\MaGaIntegratedStudy\sumo\Barnim.net.xml
90000000000,90,veh_9,52.64109046447421,13.566634235505305,7377.818073,6854.140965,35.696412180238404,186.90423887703798,true,SUMO_NET_XML_UTM_WGS84_WITH_NET_OFFSET,C:\Users\raffa\IdeaProjects\maga-core\data\mosaic-scenarios\MaGaIntegratedStudy\sumo\Barnim.net.xml
90000000000,90,veh_10,52.642333470226205,13.566831964470458,7393.945781,6992.129279,35.47548382223118,186.3275179941525,true,SUMO_NET_XML_UTM_WGS84_WITH_NET_OFFSET,C:\Users\raffa\IdeaProjects\maga-core\data\mosaic-scenarios\MaGaIntegratedStudy\sumo\Barnim.net.xml
90000000000,90,veh_11,52.6436836215758,13.567033508261884,7410.567839,7142.029896,35.78926415263209,186.3275179941525,true,SUMO_NET_XML_UTM_WGS84_WITH_NET_OFFSET,C:\Users\raffa\IdeaProjects\maga-core\data\mosaic-scenarios\MaGaIntegratedStudy\sumo\Barnim.net.xml
91000000000,91,veh_0,52.62950958901494,13.564588639737753,7213.759806,5568.804538,32.71997257875744,190.49828346893077,true,SUMO_NET_XML_UTM_WGS84_WITH_NET_OFFSET,C:\Users\raffa\IdeaProjects\maga-core\data\mosaic-scenarios\MaGaIntegratedStudy\sumo\Barnim.net.xml
91000000000,91,veh_1,52.63068976362078,13.564874698647454,7235.733210,5699.684696,32.75016329069156,189.36008626207445,true,SUMO_NET_XML_UTM_WGS84_WITH_NET_OFFSET,C:\Users\raffa\IdeaProjects\maga-core\data\mosaic-scenarios\MaGaIntegratedStudy\sumo\Barnim.net.xml
91000000000,91,veh_2,52.63193400273131,13.565124687159567,7255.406430,5837.739175,35.27581164307426,187.76400786501054,true,SUMO_NET_XML_UTM_WGS84_WITH_NET_OFFSET,C:\Users\raffa\IdeaProjects\maga-core\data\mosaic-scenarios\MaGaIntegratedStudy\sumo\Barnim.net.xml
91000000000,91,veh_3,52.63317723817688,13.565337081372705,7272.532426,5975.732754,35.36959455482662,186.60141597942766,true,SUMO_NET_XML_UTM_WGS84_WITH_NET_OFFSET,C:\Users\raffa\IdeaProjects\maga-core\data\mosaic-scenarios\MaGaIntegratedStudy\sumo\Barnim.net.xml
91000000000,91,veh_4,52.63443962365122,13.565535450723491,7288.750978,6115.875273,36.10180317909922,186.60141597942766,true,SUMO_NET_XML_UTM_WGS84_WITH_NET_OFFSET,C:\Users\raffa\IdeaProjects\maga-core\data\mosaic-scenarios\MaGaIntegratedStudy\sumo\Barnim.net.xml
91000000000,91,veh_5,52.635727832068994,13.565744348404902,7305.738396,6258.875863,35.00097655822989,186.90423887703798,true,SUMO_NET_XML_UTM_WGS84_WITH_NET_OFFSET,C:\Users\raffa\IdeaProjects\maga-core\data\mosaic-scenarios\MaGaIntegratedStudy\sumo\Barnim.net.xml
91000000000,91,veh_6,52.63697194322947,13.565950780532864,7322.460606,6396.975098,35.94957055376377,186.90423887703798,true,SUMO_NET_XML_UTM_WGS84_WITH_NET_OFFSET,C:\Users\raffa\IdeaProjects\maga-core\data\mosaic-scenarios\MaGaIntegratedStudy\sumo\Barnim.net.xml
91000000000,91,veh_7,52.63826153224909,13.566164770437682,7339.794096,6540.122543,34.950101510775276,186.90423887703923,true,SUMO_NET_XML_UTM_WGS84_WITH_NET_OFFSET,C:\Users\raffa\IdeaProjects\maga-core\data\mosaic-scenarios\MaGaIntegratedStudy\sumo\Barnim.net.xml
91000000000,91,veh_8,52.63948995970977,13.566368622535213,7356.305514,6676.480970,35.308460437636825,186.90423887703798,true,SUMO_NET_XML_UTM_WGS84_WITH_NET_OFFSET,C:\Users\raffa\IdeaProjects\maga-core\data\mosaic-scenarios\MaGaIntegratedStudy\sumo\Barnim.net.xml
91000000000,91,veh_9,52.640773373156385,13.566581610913104,7373.556013,6818.943035,35.45622422310058,186.90423887703923,true,SUMO_NET_XML_UTM_WGS84_WITH_NET_OFFSET,C:\Users\raffa\IdeaProjects\maga-core\data\mosaic-scenarios\MaGaIntegratedStudy\sumo\Barnim.net.xml
91000000000,91,veh_10,52.642010280561145,13.566783722082569,7389.966912,6956.247141,36.10229409128893,186.32751799415365,true,SUMO_NET_XML_UTM_WGS84_WITH_NET_OFFSET,C:\Users\raffa\IdeaProjects\maga-core\data\mosaic-scenarios\MaGaIntegratedStudy\sumo\Barnim.net.xml
91000000000,91,veh_11,52.64336877501972,13.566986508507142,7406.691682,7107.074037,35.17033147319685,186.32751799415365,true,SUMO_NET_XML_UTM_WGS84_WITH_NET_OFFSET,C:\Users\raffa\IdeaProjects\maga-core\data\mosaic-scenarios\MaGaIntegratedStudy\sumo\Barnim.net.xml
92000000000,92,veh_0,52.62921960349499,13.564510106884558,7207.802529,5536.656569,32.69962226436007,190.49828346892053,true,SUMO_NET_XML_UTM_WGS84_WITH_NET_OFFSET,C:\Users\raffa\IdeaProjects\maga-core\data\mosaic-scenarios\MaGaIntegratedStudy\sumo\Barnim.net.xml
92000000000,92,veh_1,52.630403027469505,13.564806627472432,7230.491398,5667.884013,32.23408456833101,189.36008626206416,true,SUMO_NET_XML_UTM_WGS84_WITH_NET_OFFSET,C:\Users\raffa\IdeaProjects\maga-core\data\mosaic-scenarios\MaGaIntegratedStudy\sumo\Barnim.net.xml
92000000000,92,veh_2,52.631617335646645,13.565064251805353,7250.615324,5802.599093,35.466386562110856,187.7640078650209,true,SUMO_NET_XML_UTM_WGS84_WITH_NET_OFFSET,C:\Users\raffa\IdeaProjects\maga-core\data\mosaic-scenarios\MaGaIntegratedStudy\sumo\Barnim.net.xml
92000000000,92,veh_3,52.63285798837193,13.565283792796725,7268.219451,5940.295759,35.69985669645481,187.02911890487374,true,SUMO_NET_XML_UTM_WGS84_WITH_NET_OFFSET,C:\Users\raffa\IdeaProjects\maga-core\data\mosaic-scenarios\MaGaIntegratedStudy\sumo\Barnim.net.xml
92000000000,92,veh_4,52.63412137772944,13.565485441019538,7284.662299,6080.545500,35.56676939680707,186.601415979438,true,SUMO_NET_XML_UTM_WGS84_WITH_NET_OFFSET,C:\Users\raffa\IdeaProjects\maga-core\data\mosaic-scenarios\MaGaIntegratedStudy\sumo\Barnim.net.xml
92000000000,92,veh_5,52.63541597746095,13.56569260492656,7301.546731,6224.259284,34.87060645482503,186.90423887703798,true,SUMO_NET_XML_UTM_WGS84_WITH_NET_OFFSET,C:\Users\raffa\IdeaProjects\maga-core\data\mosaic-scenarios\MaGaIntegratedStudy\sumo\Barnim.net.xml
92000000000,92,veh_6,52.63665253667786,13.56589778117234,7318.167433,6361.520221,35.71505636376329,186.90423887703798,true,SUMO_NET_XML_UTM_WGS84_WITH_NET_OFFSET,C:\Users\raffa\IdeaProjects\maga-core\data\mosaic-scenarios\MaGaIntegratedStudy\sumo\Barnim.net.xml
92000000000,92,veh_7,52.63793916374384,13.566111276610368,7335.461109,6504.338867,36.04626884047408,186.90423887703798,true,SUMO_NET_XML_UTM_WGS84_WITH_NET_OFFSET,C:\Users\raffa\IdeaProjects\maga-core\data\mosaic-scenarios\MaGaIntegratedStudy\sumo\Barnim.net.xml
92000000000,92,veh_8,52.639172178886646,13.566315887173568,7352.034189,6641.206522,35.533303153296,186.90423887703798,true,SUMO_NET_XML_UTM_WGS84_WITH_NET_OFFSET,C:\Users\raffa\IdeaProjects\maga-core\data\mosaic-scenarios\MaGaIntegratedStudy\sumo\Barnim.net.xml
92000000000,92,veh_9,52.64045447885276,13.56652868782655,7369.269719,6783.544973,35.65782492986415,186.90423887703798,true,SUMO_NET_XML_UTM_WGS84_WITH_NET_OFFSET,C:\Users\raffa\IdeaProjects\maga-core\data\mosaic-scenarios\MaGaIntegratedStudy\sumo\Barnim.net.xml
92000000000,92,veh_10,52.64169612769179,13.566734753607788,7385.958861,6921.371109,35.11322970310226,186.90423887703923,true,SUMO_NET_XML_UTM_WGS84_WITH_NET_OFFSET,C:\Users\raffa\IdeaProjects\maga-core\data\mosaic-scenarios\MaGaIntegratedStudy\sumo\Barnim.net.xml
92000000000,92,veh_11,52.64304627437364,13.56693836682321,7402.721294,7071.268385,36.02533775036223,186.3275179941525,true,SUMO_NET_XML_UTM_WGS84_WITH_NET_OFFSET,C:\Users\raffa\IdeaProjects\maga-core\data\mosaic-scenarios\MaGaIntegratedStudy\sumo\Barnim.net.xml
93000000000,93,veh_0,52.6289301638576,13.564428721050426,7201.653306,5504.573169,32.67206726574339,191.0491508258282,true,SUMO_NET_XML_UTM_WGS84_WITH_NET_OFFSET,C:\Users\raffa\IdeaProjects\maga-core\data\mosaic-scenarios\MaGaIntegratedStudy\sumo\Barnim.net.xml
93000000000,93,veh_1,52.63011244731508,13.564737644614391,7225.179316,5635.657013,32.66621145000215,189.36008626206248,true,SUMO_NET_XML_UTM_WGS84_WITH_NET_OFFSET,C:\Users\raffa\IdeaProjects\maga-core\data\mosaic-scenarios\MaGaIntegratedStudy\sumo\Barnim.net.xml
93000000000,93,veh_2,52.6312993518709,13.565001370914283,7245.655744,5767.315861,35.631620657271704,188.25471148992239,true,SUMO_NET_XML_UTM_WGS84_WITH_NET_OFFSET,C:\Users\raffa\IdeaProjects\maga-core\data\mosaic-scenarios\MaGaIntegratedStudy\sumo\Barnim.net.xml
93000000000,93,veh_3,52.63254587894194,13.56523088366504,7263.947915,5905.652450,34.90682865969371,187.02911890487374,true,SUMO_NET_XML_UTM_WGS84_WITH_NET_OFFSET,C:\Users\raffa\IdeaProjects\maga-core\data\mosaic-scenarios\MaGaIntegratedStudy\sumo\Barnim.net.xml
93000000000,93,veh_4,52.63380196912524,13.565435249300748,7280.558683,6045.086657,35.696705676163546,186.601415979438,true,SUMO_NET_XML_UTM_WGS84_WITH_NET_OFFSET,C:\Users\raffa\IdeaProjects\maga-core\data\mosaic-scenarios\MaGaIntegratedStudy\sumo\Barnim.net.xml
93000000000,93,veh_5,52.63509607217738,13.565639526392557,7297.246857,6188.749066,35.77080392308068,186.90423887703798,true,SUMO_NET_XML_UTM_WGS84_WITH_NET_OFFSET,C:\Users\raffa\IdeaProjects\maga-core\data\mosaic-scenarios\MaGaIntegratedStudy\sumo\Barnim.net.xml
93000000000,93,veh_6,52.636330252184116,13.565844305016718,7313.835578,6325.745890,36.036855017500926,186.90423887703798,true,SUMO_NET_XML_UTM_WGS84_WITH_NET_OFFSET,C:\Users\raffa\IdeaProjects\maga-core\data\mosaic-scenarios\MaGaIntegratedStudy\sumo\Barnim.net.xml
93000000000,93,veh_7,52.63762561126327,13.566059246431474,7331.246620,6469.533795,35.0604838605877,186.90423887703798,true,SUMO_NET_XML_UTM_WGS84_WITH_NET_OFFSET,C:\Users\raffa\IdeaProjects\maga-core\data\mosaic-scenarios\MaGaIntegratedStudy\sumo\Barnim.net.xml
93000000000,93,veh_8,52.63886013317594,13.566264104254364,7347.839951,6606.568690,34.892016225834375,186.90423887703798,true,SUMO_NET_XML_UTM_WGS84_WITH_NET_OFFSET,C:\Users\raffa\IdeaProjects\maga-core\data\mosaic-scenarios\MaGaIntegratedStudy\sumo\Barnim.net.xml
93000000000,93,veh_9,52.640142360264754,13.566476889933476,7365.074500,6748.899036,34.90018051561434,186.90423887703798,true,SUMO_NET_XML_UTM_WGS84_WITH_NET_OFFSET,C:\Users\raffa\IdeaProjects\maga-core\data\mosaic-scenarios\MaGaIntegratedStudy\sumo\Barnim.net.xml
93000000000,93,veh_10,52.6413804384786,13.566682360331637,7381.715646,6886.328809,35.29945233337581,186.90423887703923,true,SUMO_NET_XML_UTM_WGS84_WITH_NET_OFFSET,C:\Users\raffa\IdeaProjects\maga-core\data\mosaic-scenarios\MaGaIntegratedStudy\sumo\Barnim.net.xml
93000000000,93,veh_11,52.64273314008934,13.56689162395389,7398.866218,7036.502638,34.97905321641825,186.32751799415365,true,SUMO_NET_XML_UTM_WGS84_WITH_NET_OFFSET,C:\Users\raffa\IdeaProjects\maga-core\data\mosaic-scenarios\MaGaIntegratedStudy\sumo\Barnim.net.xml
94000000000,94,veh_0,52.62863885586615,13.564345096641429,7195.348370,5472.284986,32.90238149968907,191.0491508258282,true,SUMO_NET_XML_UTM_WGS84_WITH_NET_OFFSET,C:\Users\raffa\IdeaProjects\maga-core\data\mosaic-scenarios\MaGaIntegratedStudy\sumo\Barnim.net.xml
94000000000,94,veh_1,52.62981604043872,13.564667279426304,7219.760716,5602.783802,33.32122978695668,189.36008626206248,true,SUMO_NET_XML_UTM_WGS84_WITH_NET_OFFSET,C:\Users\raffa\IdeaProjects\maga-core\data\mosaic-scenarios\MaGaIntegratedStudy\sumo\Barnim.net.xml
94000000000,94,veh_2,52.6309872603814,13.564937353793574,7240.632259,5732.689539,34.98999514366966,188.25471148992239,true,SUMO_NET_XML_UTM_WGS84_WITH_NET_OFFSET,C:\Users\raffa\IdeaProjects\maga-core\data\mosaic-scenarios\MaGaIntegratedStudy\sumo\Barnim.net.xml
94000000000,94,veh_3,52.63223187646871,13.565177654346067,7259.650471,5870.799022,35.11854583433829,187.02911890487374,true,SUMO_NET_XML_UTM_WGS84_WITH_NET_OFFSET,C:\Users\raffa\IdeaProjects\maga-core\data\mosaic-scenarios\MaGaIntegratedStudy\sumo\Barnim.net.xml
94000000000,94,veh_4,52.633481540823226,13.565384898042739,7276.441967,6009.514617,35.81066213395912,186.601415979438,true,SUMO_NET_XML_UTM_WGS84_WITH_NET_OFFSET,C:\Users\raffa\IdeaProjects\maga-core\data\mosaic-scenarios\MaGaIntegratedStudy\sumo\Barnim.net.xml
94000000000,94,veh_5,52.6347773200624,13.565588517661936,7293.089549,6153.364328,35.62942592062987,186.601415979438,true,SUMO_NET_XML_UTM_WGS84_WITH_NET_OFFSET,C:\Users\raffa\IdeaProjects\maga-core\data\mosaic-scenarios\MaGaIntegratedStudy\sumo\Barnim.net.xml
94000000000,94,veh_6,52.63601111486386,13.565791351802941,7309.546025,6290.320907,35.68494388427585,186.90423887703923,true,SUMO_NET_XML_UTM_WGS84_WITH_NET_OFFSET,C:\Users\raffa\IdeaProjects\maga-core\data\mosaic-scenarios\MaGaIntegratedStudy\sumo\Barnim.net.xml
94000000000,94,veh_7,52.63730720767744,13.566006411995193,7326.966927,6434.190242,35.60291581911966,186.90423887703798,true,SUMO_NET_XML_UTM_WGS84_WITH_NET_OFFSET,C:\Users\raffa\IdeaProjects\maga-core\data\mosaic-scenarios\MaGaIntegratedStudy\sumo\Barnim.net.xml
94000000000,94,veh_8,52.63854701865576,13.566212144674164,7343.631347,6571.812222,35.011523540960624,186.90423887703798,true,SUMO_NET_XML_UTM_WGS84_WITH_NET_OFFSET,C:\Users\raffa\IdeaProjects\maga-core\data\mosaic-scenarios\MaGaIntegratedStudy\sumo\Barnim.net.xml
94000000000,94,veh_9,52.63982890011791,13.566424870106534,7360.861248,6714.104187,35.05018590738997,186.90423887703798,true,SUMO_NET_XML_UTM_WGS84_WITH_NET_OFFSET,C:\Users\raffa\IdeaProjects\maga-core\data\mosaic-scenarios\MaGaIntegratedStudy\sumo\Barnim.net.xml
94000000000,94,veh_10,52.64106070621066,13.566629296782125,7377.418088,6850.837723,35.75153108897153,186.9042388770483,true,SUMO_NET_XML_UTM_WGS84_WITH_NET_OFFSET,C:\Users\raffa\IdeaProjects\maga-core\data\mosaic-scenarios\MaGaIntegratedStudy\sumo\Barnim.net.xml
94000000000,94,veh_11,52.64241308292332,13.566843848327892,7394.925913,7000.968281,35.752378851003016,186.3275179941525,true,SUMO_NET_XML_UTM_WGS84_WITH_NET_OFFSET,C:\Users\raffa\IdeaProjects\maga-core\data\mosaic-scenarios\MaGaIntegratedStudy\sumo\Barnim.net.xml
95000000000,95,veh_0,52.62835023064526,13.564262243441313,7189.101499,5440.294165,32.599363191211594,191.0491508258282,true,SUMO_NET_XML_UTM_WGS84_WITH_NET_OFFSET,C:\Users\raffa\IdeaProjects\maga-core\data\mosaic-scenarios\MaGaIntegratedStudy\sumo\Barnim.net.xml
95000000000,95,veh_1,52.629526437765634,13.564593202688158,7214.105936,5570.672401,32.61142529325559,190.49828346893077,true,SUMO_NET_XML_UTM_WGS84_WITH_NET_OFFSET,C:\Users\raffa\IdeaProjects\maga-core\data\mosaic-scenarios\MaGaIntegratedStudy\sumo\Barnim.net.xml
95000000000,95,veh_2,52.63069225822294,13.564875290869917,7235.778813,5699.961362,33.1169478429202,189.36008626207274,true,SUMO_NET_XML_UTM_WGS84_WITH_NET_OFFSET,C:\Users\raffa\IdeaProjects\maga-core\data\mosaic-scenarios\MaGaIntegratedStudy\sumo\Barnim.net.xml
95000000000,95,veh_3,52.631915592834396,13.5651211736403,7255.127892,5835.696256,35.394807431395165,187.7640078650209,true,SUMO_NET_XML_UTM_WGS84_WITH_NET_OFFSET,C:\Users\raffa\IdeaProjects\maga-core\data\mosaic-scenarios\MaGaIntegratedStudy\sumo\Barnim.net.xml
95000000000,95,veh_4,52.63316852252202,13.565335711845426,7272.420451,5974.765194,34.98252623599488,186.60141597942766,true,SUMO_NET_XML_UTM_WGS84_WITH_NET_OFFSET,C:\Users\raffa\IdeaProjects\maga-core\data\mosaic-scenarios\MaGaIntegratedStudy\sumo\Barnim.net.xml
95000000000,95,veh_5,52.63446251010745,13.565539047166533,7289.045013,6118.415992,35.182773854620756,186.60141597942766,true,SUMO_NET_XML_UTM_WGS84_WITH_NET_OFFSET,C:\Users\raffa\IdeaProjects\maga-core\data\mosaic-scenarios\MaGaIntegratedStudy\sumo\Barnim.net.xml
95000000000,95,veh_6,52.63568876978687,13.565737867082358,7305.213356,6254.539859,36.04362130750902,186.90423887703798,true,SUMO_NET_XML_UTM_WGS84_WITH_NET_OFFSET,C:\Users\raffa\IdeaProjects\maga-core\data\mosaic-scenarios\MaGaIntegratedStudy\sumo\Barnim.net.xml
95000000000,95,veh_7,52.63698709296537,13.565953294357753,7322.664235,6398.656754,35.79424480292015,186.90423887703798,true,SUMO_NET_XML_UTM_WGS84_WITH_NET_OFFSET,C:\Users\raffa\IdeaProjects\maga-core\data\mosaic-scenarios\MaGaIntegratedStudy\sumo\Barnim.net.xml
95000000000,95,veh_8,52.638226884593806,13.56615902097016,7339.328393,6536.276571,35.79642368700821,186.90423887703798,true,SUMO_NET_XML_UTM_WGS84_WITH_NET_OFFSET,C:\Users\raffa\IdeaProjects\maga-core\data\mosaic-scenarios\MaGaIntegratedStudy\sumo\Barnim.net.xml
95000000000,95,veh_9,52.639506719461664,13.566371403816914,7356.530784,6678.341343,36.02528352587484,186.90423887703798,true,SUMO_NET_XML_UTM_WGS84_WITH_NET_OFFSET,C:\Users\raffa\IdeaProjects\maga-core\data\mosaic-scenarios\MaGaIntegratedStudy\sumo\Barnim.net.xml
95000000000,95,veh_10,52.6407425118009,13.566576489189794,7373.141202,6815.517348,35.579568367768076,186.90423887703798,true,SUMO_NET_XML_UTM_WGS84_WITH_NET_OFFSET,C:\Users\raffa\IdeaProjects\maga-core\data\mosaic-scenarios\MaGaIntegratedStudy\sumo\Barnim.net.xml
95000000000,95,veh_11,52.642094457976135,13.566796287145934,7391.003241,6965.592939,35.59238762554247,186.3275179941525,true,SUMO_NET_XML_UTM_WGS84_WITH_NET_OFFSET,C:\Users\raffa\IdeaProjects\maga-core\data\mosaic-scenarios\MaGaIntegratedStudy\sumo\Barnim.net.xml
96000000000,96,veh_0,52.62805990454674,13.564179462305585,7182.855666,5408.114074,32.785016194074416,190.8465233570806,true,SUMO_NET_XML_UTM_WGS84_WITH_NET_OFFSET,C:\Users\raffa\IdeaProjects\maga-core\data\mosaic-scenarios\MaGaIntegratedStudy\sumo\Barnim.net.xml
96000000000,96,veh_1,52.629235927322476,13.56451452761874,7208.137875,5538.466238,32.75881453239825,190.4982834689224,true,SUMO_NET_XML_UTM_WGS84_WITH_NET_OFFSET,C:\Users\raffa\IdeaProjects\maga-core\data\mosaic-scenarios\MaGaIntegratedStudy\sumo\Barnim.net.xml
96000000000,96,veh_2,52.63040223422376,13.564806439157056,7230.476897,5667.796038,32.60369534722529,189.36008626207445,true,SUMO_NET_XML_UTM_WGS84_WITH_NET_OFFSET,C:\Users\raffa\IdeaProjects\maga-core\data\mosaic-scenarios\MaGaIntegratedStudy\sumo\Barnim.net.xml
96000000000,96,veh_3,52.63159673269881,13.565060319798139,7250.303606,5800.312814,35.71200571361929,187.76400786502225,true,SUMO_NET_XML_UTM_WGS84_WITH_NET_OFFSET,C:\Users\raffa\IdeaProjects\maga-core\data\mosaic-scenarios\MaGaIntegratedStudy\sumo\Barnim.net.xml
96000000000,96,veh_4,52.63285194533216,13.565282768367213,7268.136746,5939.624997,35.401669750516305,187.02911890487374,true,SUMO_NET_XML_UTM_WGS84_WITH_NET_OFFSET,C:\Users\raffa\IdeaProjects\maga-core\data\mosaic-scenarios\MaGaIntegratedStudy\sumo\Barnim.net.xml
96000000000,96,veh_5,52.634141831129895,13.56548865508091,7284.925075,6082.816115,35.83868494333234,186.60141597942766,true,SUMO_NET_XML_UTM_WGS84_WITH_NET_OFFSET,C:\Users\raffa\IdeaProjects\maga-core\data\mosaic-scenarios\MaGaIntegratedStudy\sumo\Barnim.net.xml
96000000000,96,veh_6,52.63537220151177,13.56568534159821,7300.958335,6219.400054,35.39767345380038,186.90423887703798,true,SUMO_NET_XML_UTM_WGS84_WITH_NET_OFFSET,C:\Users\raffa\IdeaProjects\maga-core\data\mosaic-scenarios\MaGaIntegratedStudy\sumo\Barnim.net.xml
96000000000,96,veh_7,52.63667134330021,13.56590090174847,7318.420215,6363.607800,35.30615479880012,186.90423887703798,true,SUMO_NET_XML_UTM_WGS84_WITH_NET_OFFSET,C:\Users\raffa\IdeaProjects\maga-core\data\mosaic-scenarios\MaGaIntegratedStudy\sumo\Barnim.net.xml
96000000000,96,veh_8,52.63791267225904,13.56610688064683,7335.105034,6501.398249,35.134270216212606,186.90423887703798,true,SUMO_NET_XML_UTM_WGS84_WITH_NET_OFFSET,C:\Users\raffa\IdeaProjects\maga-core\data\mosaic-scenarios\MaGaIntegratedStudy\sumo\Barnim.net.xml
96000000000,96,veh_9,52.639187541327466,13.566318436536212,7352.240678,6642.911791,35.6895465040952,186.90423887703798,true,SUMO_NET_XML_UTM_WGS84_WITH_NET_OFFSET,C:\Users\raffa\IdeaProjects\maga-core\data\mosaic-scenarios\MaGaIntegratedStudy\sumo\Barnim.net.xml
96000000000,96,veh_10,52.64042418023545,13.566523659564245,7368.862472,6780.181752,35.59490082616918,186.90423887703923,true,SUMO_NET_XML_UTM_WGS84_WITH_NET_OFFSET,C:\Users\raffa\IdeaProjects\maga-core\data\mosaic-scenarios\MaGaIntegratedStudy\sumo\Barnim.net.xml
96000000000,96,veh_11,52.64178084314131,13.56674881350687,7387.097531,6930.774738,35.04373319974635,186.64000430113848,true,SUMO_NET_XML_UTM_WGS84_WITH_NET_OFFSET,C:\Users\raffa\IdeaProjects\maga-core\data\mosaic-scenarios\MaGaIntegratedStudy\sumo\Barnim.net.xml
97000000000,97,veh_0,52.62777043010671,13.56409810014194,7176.707686,5376.026805,32.675285491249525,190.8465233570806,true,SUMO_NET_XML_UTM_WGS84_WITH_NET_OFFSET,C:\Users\raffa\IdeaProjects\maga-core\data\mosaic-scenarios\MaGaIntegratedStudy\sumo\Barnim.net.xml
97000000000,97,veh_1,52.62894305177914,13.56443242075044,7201.932247,5506.001649,33.05713697901927,191.04915082583844,true,SUMO_NET_XML_UTM_WGS84_WITH_NET_OFFSET,C:\Users\raffa\IdeaProjects\maga-core\data\mosaic-scenarios\MaGaIntegratedStudy\sumo\Barnim.net.xml
97000000000,97,veh_2,52.63010923272525,13.564736881485368,7225.120550,5635.300497,32.938412169362415,189.36008626207274,true,SUMO_NET_XML_UTM_WGS84_WITH_NET_OFFSET,C:\Users\raffa\IdeaProjects\maga-core\data\mosaic-scenarios\MaGaIntegratedStudy\sumo\Barnim.net.xml
97000000000,97,veh_3,52.63128005242868,13.564997412130667,7245.345097,5765.174602,35.48786024517845,188.25471148991207,true,SUMO_NET_XML_UTM_WGS84_WITH_NET_OFFSET,C:\Users\raffa\IdeaProjects\maga-core\data\mosaic-scenarios\MaGaIntegratedStudy\sumo\Barnim.net.xml
97000000000,97,veh_4,52.632534022213086,13.565228873713542,7263.785643,5904.336385,35.55704103500116,187.02911890487374,true,SUMO_NET_XML_UTM_WGS84_WITH_NET_OFFSET,C:\Users\raffa\IdeaProjects\maga-core\data\mosaic-scenarios\MaGaIntegratedStudy\sumo\Barnim.net.xml
97000000000,97,veh_5,52.63382848238095,13.565439415555016,7280.899313,6048.030001,35.01946410282049,186.60141597942766,true,SUMO_NET_XML_UTM_WGS84_WITH_NET_OFFSET,C:\Users\raffa\IdeaProjects\maga-core\data\mosaic-scenarios\MaGaIntegratedStudy\sumo\Barnim.net.xml
97000000000,97,veh_6,52.635049821871334,13.565631852624467,7296.625202,6183.615177,36.04747817808762,186.9042388770483,true,SUMO_NET_XML_UTM_WGS84_WITH_NET_OFFSET,C:\Users\raffa\IdeaProjects\maga-core\data\mosaic-scenarios\MaGaIntegratedStudy\sumo\Barnim.net.xml
97000000000,97,veh_7,52.63635880612682,13.565849042897037,7314.219374,6328.915445,34.94694009252358,186.90423887703923,true,SUMO_NET_XML_UTM_WGS84_WITH_NET_OFFSET,C:\Users\raffa\IdeaProjects\maga-core\data\mosaic-scenarios\MaGaIntegratedStudy\sumo\Barnim.net.xml
97000000000,97,veh_8,52.63759307887168,13.56605384812159,7330.809349,6465.922622,35.735959306769075,186.90423887703923,true,SUMO_NET_XML_UTM_WGS84_WITH_NET_OFFSET,C:\Users\raffa\IdeaProjects\maga-core\data\mosaic-scenarios\MaGaIntegratedStudy\sumo\Barnim.net.xml
97000000000,97,veh_9,52.63886921641514,13.566265611576963,7347.962040,6607.576952,35.59413788350299,186.90423887703923,true,SUMO_NET_XML_UTM_WGS84_WITH_NET_OFFSET,C:\Users\raffa\IdeaProjects\maga-core\data\mosaic-scenarios\MaGaIntegratedStudy\sumo\Barnim.net.xml
97000000000,97,veh_10,52.64010416496599,13.566470551249877,7364.561113,6744.659264,35.783163740104065,186.90423887703798,true,SUMO_NET_XML_UTM_WGS84_WITH_NET_OFFSET,C:\Users\raffa\IdeaProjects\maga-core\data\mosaic-scenarios\MaGaIntegratedStudy\sumo\Barnim.net.xml
97000000000,97,veh_11,52.64146368202094,13.566696175754325,7382.834532,6895.569052,35.464037749022246,186.90423887703798,true,SUMO_NET_XML_UTM_WGS84_WITH_NET_OFFSET,C:\Users\raffa\IdeaProjects\maga-core\data\mosaic-scenarios\MaGaIntegratedStudy\sumo\Barnim.net.xml
98000000000,98,veh_0,52.627491703267616,13.563926832687155,7164.498573,5345.256177,33.24651988008525,206.15095769662156,true,SUMO_NET_XML_UTM_WGS84_WITH_NET_OFFSET,C:\Users\raffa\IdeaProjects\maga-core\data\mosaic-scenarios\MaGaIntegratedStudy\sumo\Barnim.net.xml
98000000000,98,veh_1,52.628657919077476,13.56435056899401,7195.760965,5474.397926,32.204901060177946,191.0491508258282,true,SUMO_NET_XML_UTM_WGS84_WITH_NET_OFFSET,C:\Users\raffa\IdeaProjects\maga-core\data\mosaic-scenarios\MaGaIntegratedStudy\sumo\Barnim.net.xml
98000000000,98,veh_2,52.62982420889694,13.56466921855616,7219.910044,5603.689730,32.04157949236222,189.36008626207445,true,SUMO_NET_XML_UTM_WGS84_WITH_NET_OFFSET,C:\Users\raffa\IdeaProjects\maga-core\data\mosaic-scenarios\MaGaIntegratedStudy\sumo\Barnim.net.xml
98000000000,98,veh_3,52.630960634491025,13.564931892253597,7240.203684,5729.735416,35.81139616737142,188.25471148991207,true,SUMO_NET_XML_UTM_WGS84_WITH_NET_OFFSET,C:\Users\raffa\IdeaProjects\maga-core\data\mosaic-scenarios\MaGaIntegratedStudy\sumo\Barnim.net.xml
98000000000,98,veh_4,52.63221664649567,13.565175072597931,7259.442033,5869.108536,35.49581476663239,187.0291189048841,true,SUMO_NET_XML_UTM_WGS84_WITH_NET_OFFSET,C:\Users\raffa\IdeaProjects\maga-core\data\mosaic-scenarios\MaGaIntegratedStudy\sumo\Barnim.net.xml
98000000000,98,veh_5,52.633506836646916,13.565388872936408,7276.766956,6012.322808,35.94672109914478,186.60141597942766,true,SUMO_NET_XML_UTM_WGS84_WITH_NET_OFFSET,C:\Users\raffa\IdeaProjects\maga-core\data\mosaic-scenarios\MaGaIntegratedStudy\sumo\Barnim.net.xml
98000000000,98,veh_6,52.63472832118974,13.565580817738924,7292.460033,6147.924763,35.93391635668464,186.60141597942766,true,SUMO_NET_XML_UTM_WGS84_WITH_NET_OFFSET,C:\Users\raffa\IdeaProjects\maga-core\data\mosaic-scenarios\MaGaIntegratedStudy\sumo\Barnim.net.xml
98000000000,98,veh_7,52.636045733413994,13.565797095888833,7310.011336,6294.163646,35.00681869859341,186.90423887703798,true,SUMO_NET_XML_UTM_WGS84_WITH_NET_OFFSET,C:\Users\raffa\IdeaProjects\maga-core\data\mosaic-scenarios\MaGaIntegratedStudy\sumo\Barnim.net.xml
98000000000,98,veh_8,52.63727831065384,13.566001616991228,7326.578519,6430.982604,35.19641971044708,186.90423887703798,true,SUMO_NET_XML_UTM_WGS84_WITH_NET_OFFSET,C:\Users\raffa\IdeaProjects\maga-core\data\mosaic-scenarios\MaGaIntegratedStudy\sumo\Barnim.net.xml
98000000000,98,veh_9,52.638553181097556,13.566213167289657,7343.714177,6572.496268,35.33811840793584,186.90423887703923,true,SUMO_NET_XML_UTM_WGS84_WITH_NET_OFFSET,C:\Users\raffa\IdeaProjects\maga-core\data\mosaic-scenarios\MaGaIntegratedStudy\sumo\Barnim.net.xml
98000000000,98,veh_10,52.6397912006475,13.566418613792884,7360.354526,6709.919453,34.9947433912335,186.90423887703798,true,SUMO_NET_XML_UTM_WGS84_WITH_NET_OFFSET,C:\Users\raffa\IdeaProjects\maga-core\data\mosaic-scenarios\MaGaIntegratedStudy\sumo\Barnim.net.xml
98000000000,98,veh_11,52.641143772347256,13.566643082570652,7378.534590,6860.058273,35.771369106848724,186.90423887703798,true,SUMO_NET_XML_UTM_WGS84_WITH_NET_OFFSET,C:\Users\raffa\IdeaProjects\maga-core\data\mosaic-scenarios\MaGaIntegratedStudy\sumo\Barnim.net.xml
99000000000,99,veh_0,52.627196669499,13.56385961424024,7159.295360,5312.531520,33.122873293790036,189.03438941908115,true,SUMO_NET_XML_UTM_WGS84_WITH_NET_OFFSET,C:\Users\raffa\IdeaProjects\maga-core\data\mosaic-scenarios\MaGaIntegratedStudy\sumo\Barnim.net.xml
99000000000,99,veh_1,52.62837312351293,13.564268815063938,7189.596982,5442.831579,32.16681537783705,191.04915082583844,true,SUMO_NET_XML_UTM_WGS84_WITH_NET_OFFSET,C:\Users\raffa\IdeaProjects\maga-core\data\mosaic-scenarios\MaGaIntegratedStudy\sumo\Barnim.net.xml
99000000000,99,veh_2,52.62953281702998,13.564594930310726,7214.236988,5571.379610,32.81035564408637,190.49828346892053,true,SUMO_NET_XML_UTM_WGS84_WITH_NET_OFFSET,C:\Users\raffa\IdeaProjects\maga-core\data\mosaic-scenarios\MaGaIntegratedStudy\sumo\Barnim.net.xml
99000000000,99,veh_3,52.63066841630118,13.564869630762997,7235.342960,5697.317156,32.812041566539556,189.36008626206416,true,SUMO_NET_XML_UTM_WGS84_WITH_NET_OFFSET,C:\Users\raffa\IdeaProjects\maga-core\data\mosaic-scenarios\MaGaIntegratedStudy\sumo\Barnim.net.xml
99000000000,99,veh_4,52.631899174746934,13.565118040259224,7254.879490,5833.874365,35.53027159135323,187.7640078650209,true,SUMO_NET_XML_UTM_WGS84_WITH_NET_OFFSET,C:\Users\raffa\IdeaProjects\maga-core\data\mosaic-scenarios\MaGaIntegratedStudy\sumo\Barnim.net.xml
99000000000,99,veh_5,52.63319126513264,13.565339285487983,7272.712638,5977.289943,35.267870348123836,186.601415979438,true,SUMO_NET_XML_UTM_WGS84_WITH_NET_OFFSET,C:\Users\raffa\IdeaProjects\maga-core\data\mosaic-scenarios\MaGaIntegratedStudy\sumo\Barnim.net.xml
99000000000,99,veh_6,52.634414134018726,13.565531445214088,7288.423499,6113.045566,35.11317173658404,186.60141597942766,true,SUMO_NET_XML_UTM_WGS84_WITH_NET_OFFSET,C:\Users\raffa\IdeaProjects\maga-core\data\mosaic-scenarios\MaGaIntegratedStudy\sumo\Barnim.net.xml
99000000000,99,veh_7,52.63572465808,13.565743821767406,7305.695734,6258.523543,35.90164304130245,186.90423887703798,true,SUMO_NET_XML_UTM_WGS84_WITH_NET_OFFSET,C:\Users\raffa\IdeaProjects\maga-core\data\mosaic-scenarios\MaGaIntegratedStudy\sumo\Barnim.net.xml
99000000000,99,veh_8,52.636955653205604,13.565948077499641,7322.241650,6395.166867,36.078565384112295,186.90423887703798,true,SUMO_NET_XML_UTM_WGS84_WITH_NET_OFFSET,C:\Users\raffa\IdeaProjects\maga-core\data\mosaic-scenarios\MaGaIntegratedStudy\sumo\Barnim.net.xml
99000000000,99,veh_9,52.638240875890084,13.5661613426992,7339.516452,6537.829638,34.921024953331795,186.90423887703798,true,SUMO_NET_XML_UTM_WGS84_WITH_NET_OFFSET,C:\Users\raffa\IdeaProjects\maga-core\data\mosaic-scenarios\MaGaIntegratedStudy\sumo\Barnim.net.xml
99000000000,99,veh_10,52.63946834768147,13.566365036020972,7356.015025,6674.081982,36.100458736405706,186.90423887703798,true,SUMO_NET_XML_UTM_WGS84_WITH_NET_OFFSET,C:\Users\raffa\IdeaProjects\maga-core\data\mosaic-scenarios\MaGaIntegratedStudy\sumo\Barnim.net.xml
99000000000,99,veh_11,52.64082927602427,13.566590888521155,7374.307409,6825.148393,35.16606014432851,186.90423887703923,true,SUMO_NET_XML_UTM_WGS84_WITH_NET_OFFSET,C:\Users\raffa\IdeaProjects\maga-core\data\mosaic-scenarios\MaGaIntegratedStudy\sumo\Barnim.net.xml
100000000000,100,veh_0,52.626903562046465,13.563800197831505,7154.624414,5280.010603,32.843028379715975,187.9109781042538,true,SUMO_NET_XML_UTM_WGS84_WITH_NET_OFFSET,C:\Users\raffa\IdeaProjects\maga-core\data\mosaic-scenarios\MaGaIntegratedStudy\sumo\Barnim.net.xml
100000000000,100,veh_1,52.628082305412946,13.564185758528781,7183.331426,5410.597135,32.84213301038369,190.84652335708256,true,SUMO_NET_XML_UTM_WGS84_WITH_NET_OFFSET,C:\Users\raffa\IdeaProjects\maga-core\data\mosaic-scenarios\MaGaIntegratedStudy\sumo\Barnim.net.xml
100000000000,100,veh_2,52.62923889816111,13.564515332166179,7208.198906,5538.795587,33.143158777193165,190.4982834689224,true,SUMO_NET_XML_UTM_WGS84_WITH_NET_OFFSET,C:\Users\raffa\IdeaProjects\maga-core\data\mosaic-scenarios\MaGaIntegratedStudy\sumo\Barnim.net.xml
100000000000,100,veh_3,52.63037979543649,13.56480111222469,7230.066695,5665.307448,32.44595842791721,189.36008626207445,true,SUMO_NET_XML_UTM_WGS84_WITH_NET_OFFSET,C:\Users\raffa\IdeaProjects\maga-core\data\mosaic-scenarios\MaGaIntegratedStudy\sumo\Barnim.net.xml
100000000000,100,veh_4,52.63157691997517,13.565056538606045,7250.003843,5798.114225,36.092201191270725,187.7640078650209,true,SUMO_NET_XML_UTM_WGS84_WITH_NET_OFFSET,C:\Users\raffa\IdeaProjects\maga-core\data\mosaic-scenarios\MaGaIntegratedStudy\sumo\Barnim.net.xml
100000000000,100,veh_5,52.63287865210745,13.56528729576106,7268.502256,5942.589378,34.956425234735946,187.02911890487374,true,SUMO_NET_XML_UTM_WGS84_WITH_NET_OFFSET,C:\Users\raffa\IdeaProjects\maga-core\data\mosaic-scenarios\MaGaIntegratedStudy\sumo\Barnim.net.xml
100000000000,100,veh_6,52.634095058465704,13.565481305196561,7284.324161,6077.623692,35.65948765826411,186.60141597942766,true,SUMO_NET_XML_UTM_WGS84_WITH_NET_OFFSET,C:\Users\raffa\IdeaProjects\maga-core\data\mosaic-scenarios\MaGaIntegratedStudy\sumo\Barnim.net.xml
100000000000,100,veh_7,52.635410547424165,13.565691703971272,7301.473745,6223.656538,35.12287060768809,186.90423887703798,true,SUMO_NET_XML_UTM_WGS84_WITH_NET_OFFSET,C:\Users\raffa\IdeaProjects\maga-core\data\mosaic-scenarios\MaGaIntegratedStudy\sumo\Barnim.net.xml
100000000000,100,veh_8,52.636635150476266,13.565894896288375,7317.933743,6359.590312,35.83762737392914,186.90423887703923,true,SUMO_NET_XML_UTM_WGS84_WITH_NET_OFFSET,C:\Users\raffa\IdeaProjects\maga-core\data\mosaic-scenarios\MaGaIntegratedStudy\sumo\Barnim.net.xml
100000000000,100,veh_9,52.63792007029001,13.566108108266238,7335.204472,6502.219448,35.87150927615818,186.90423887703798,true,SUMO_NET_XML_UTM_WGS84_WITH_NET_OFFSET,C:\Users\raffa\IdeaProjects\maga-core\data\mosaic-scenarios\MaGaIntegratedStudy\sumo\Barnim.net.xml
100000000000,100,veh_10,52.63914622357844,13.566311579952162,7351.685321,6638.325420,36.01895545301028,186.90423887703798,true,SUMO_NET_XML_UTM_WGS84_WITH_NET_OFFSET,C:\Users\raffa\IdeaProjects\maga-core\data\mosaic-scenarios\MaGaIntegratedStudy\sumo\Barnim.net.xml
100000000000,100,veh_11,52.64050741598255,13.56653747312034,7369.981253,6789.421126,35.98944572984706,186.9042388770483,true,SUMO_NET_XML_UTM_WGS84_WITH_NET_OFFSET,C:\Users\raffa\IdeaProjects\maga-core\data\mosaic-scenarios\MaGaIntegratedStudy\sumo\Barnim.net.xml
101000000000,101,veh_0,52.62661521177824,13.563743948939749,7150.178345,5248.014541,32.290957392002454,187.9109781042538,true,SUMO_NET_XML_UTM_WGS84_WITH_NET_OFFSET,C:\Users\raffa\IdeaProjects\maga-core\data\mosaic-scenarios\MaGaIntegratedStudy\sumo\Barnim.net.xml
101000000000,101,veh_1,52.62779241048018,13.56410427809679,7177.174514,5378.463256,32.72275039148051,190.8465233570704,true,SUMO_NET_XML_UTM_WGS84_WITH_NET_OFFSET,C:\Users\raffa\IdeaProjects\maga-core\data\mosaic-scenarios\MaGaIntegratedStudy\sumo\Barnim.net.xml
101000000000,101,veh_2,52.628949677949635,13.564434322907722,7202.075660,5506.736085,32.64373089791741,191.04915082583844,true,SUMO_NET_XML_UTM_WGS84_WITH_NET_OFFSET,C:\Users\raffa\IdeaProjects\maga-core\data\mosaic-scenarios\MaGaIntegratedStudy\sumo\Barnim.net.xml
101000000000,101,veh_3,52.63009194557419,13.564732777596115,7224.804525,5633.383253,32.35927921700757,189.36008626206416,true,SUMO_NET_XML_UTM_WGS84_WITH_NET_OFFSET,C:\Users\raffa\IdeaProjects\maga-core\data\mosaic-scenarios\MaGaIntegratedStudy\sumo\Barnim.net.xml
101000000000,101,veh_4,52.63126319198609,13.564993953647775,7245.073708,5763.303948,35.15915676910896,188.25471148992239,true,SUMO_NET_XML_UTM_WGS84_WITH_NET_OFFSET,C:\Users\raffa\IdeaProjects\maga-core\data\mosaic-scenarios\MaGaIntegratedStudy\sumo\Barnim.net.xml
101000000000,101,veh_5,52.63256653091032,13.56523438458714,7264.230558,5907.944763,34.908144971323196,187.0291189048841,true,SUMO_NET_XML_UTM_WGS84_WITH_NET_OFFSET,C:\Users\raffa\IdeaProjects\maga-core\data\mosaic-scenarios\MaGaIntegratedStudy\sumo\Barnim.net.xml
101000000000,101,veh_6,52.63378112674599,13.565431974163076,7280.290910,6042.772860,35.08461565679405,186.60141597942766,true,SUMO_NET_XML_UTM_WGS84_WITH_NET_OFFSET,C:\Users\raffa\IdeaProjects\maga-core\data\mosaic-scenarios\MaGaIntegratedStudy\sumo\Barnim.net.xml
101000000000,101,veh_7,52.635098975213886,13.565640008059697,7297.285877,6189.071310,34.839025827697476,186.90423887703798,true,SUMO_NET_XML_UTM_WGS84_WITH_NET_OFFSET,C:\Users\raffa\IdeaProjects\maga-core\data\mosaic-scenarios\MaGaIntegratedStudy\sumo\Barnim.net.xml
101000000000,101,veh_8,52.636317464279784,13.565842183155418,7313.663694,6324.326403,35.52268745830748,186.90423887703923,true,SUMO_NET_XML_UTM_WGS84_WITH_NET_OFFSET,C:\Users\raffa\IdeaProjects\maga-core\data\mosaic-scenarios\MaGaIntegratedStudy\sumo\Barnim.net.xml
101000000000,101,veh_9,52.63760323012383,13.566055532583617,7330.945793,6467.049435,35.428102604197335,186.90423887703923,true,SUMO_NET_XML_UTM_WGS84_WITH_NET_OFFSET,C:\Users\raffa\IdeaProjects\maga-core\data\mosaic-scenarios\MaGaIntegratedStudy\sumo\Barnim.net.xml
101000000000,101,veh_10,52.63882378407205,13.566258072290369,7347.351379,6602.533852,36.05421892554965,186.90423887703923,true,SUMO_NET_XML_UTM_WGS84_WITH_NET_OFFSET,C:\Users\raffa\IdeaProjects\maga-core\data\mosaic-scenarios\MaGaIntegratedStudy\sumo\Barnim.net.xml
101000000000,101,veh_11,52.64018772256532,13.566484418027262,7365.684219,6753.934364,35.747176196859215,186.9042388770483,true,SUMO_NET_XML_UTM_WGS84_WITH_NET_OFFSET,C:\Users\raffa\IdeaProjects\maga-core\data\mosaic-scenarios\MaGaIntegratedStudy\sumo\Barnim.net.xml
102000000000,102,veh_0,52.62631822509231,13.563686016072758,7145.599111,5215.060164,33.258104086685925,187.91097810425234,true,SUMO_NET_XML_UTM_WGS84_WITH_NET_OFFSET,C:\Users\raffa\IdeaProjects\maga-core\data\mosaic-scenarios\MaGaIntegratedStudy\sumo\Barnim.net.xml
102000000000,102,veh_1,52.627525589378656,13.563944460015637,7165.766696,5349.001410,32.064197728056456,242.74187913671554,true,SUMO_NET_XML_UTM_WGS84_WITH_NET_OFFSET,C:\Users\raffa\IdeaProjects\maga-core\data\mosaic-scenarios\MaGaIntegratedStudy\sumo\Barnim.net.xml
102000000000,102,veh_2,52.62866341793005,13.564352147514867,7195.879980,5475.007412,32.33222845696844,191.04915082582622,true,SUMO_NET_XML_UTM_WGS84_WITH_NET_OFFSET,C:\Users\raffa\IdeaProjects\maga-core\data\mosaic-scenarios\MaGaIntegratedStudy\sumo\Barnim.net.xml
102000000000,102,veh_3,52.629803969125966,13.56466441378975,7219.540041,5601.445024,32.373504400528034,189.36008626207445,true,SUMO_NET_XML_UTM_WGS84_WITH_NET_OFFSET,C:\Users\raffa\IdeaProjects\maga-core\data\mosaic-scenarios\MaGaIntegratedStudy\sumo\Barnim.net.xml
102000000000,102,veh_4,52.630944394012204,13.564928560986944,7239.942274,5727.933547,35.74188894491177,188.25471148991207,true,SUMO_NET_XML_UTM_WGS84_WITH_NET_OFFSET,C:\Users\raffa\IdeaProjects\maga-core\data\mosaic-scenarios\MaGaIntegratedStudy\sumo\Barnim.net.xml
102000000000,102,veh_5,52.63224572335505,13.565180001638176,7259.839979,5872.335989,35.87963746289257,187.02911890487505,true,SUMO_NET_XML_UTM_WGS84_WITH_NET_OFFSET,C:\Users\raffa\IdeaProjects\maga-core\data\mosaic-scenarios\MaGaIntegratedStudy\sumo\Barnim.net.xml
102000000000,102,veh_6,52.63346556252764,13.565382387273761,7276.236685,6007.740802,35.26705808075145,186.601415979438,true,SUMO_NET_XML_UTM_WGS84_WITH_NET_OFFSET,C:\Users\raffa\IdeaProjects\maga-core\data\mosaic-scenarios\MaGaIntegratedStudy\sumo\Barnim.net.xml
102000000000,102,veh_7,52.63477934359305,13.565588835649814,7293.115546,6153.588968,35.72788701319601,186.601415979438,true,SUMO_NET_XML_UTM_WGS84_WITH_NET_OFFSET,C:\Users\raffa\IdeaProjects\maga-core\data\mosaic-scenarios\MaGaIntegratedStudy\sumo\Barnim.net.xml
102000000000,102,veh_8,52.636001370033746,13.565789734892727,7309.415043,6289.239208,35.3446766409697,186.90423887703798,true,SUMO_NET_XML_UTM_WGS84_WITH_NET_OFFSET,C:\Users\raffa\IdeaProjects\maga-core\data\mosaic-scenarios\MaGaIntegratedStudy\sumo\Barnim.net.xml
102000000000,102,veh_9,52.63728846239606,13.566003301511579,7326.714970,6432.109472,35.196365037085485,186.90423887703923,true,SUMO_NET_XML_UTM_WGS84_WITH_NET_OFFSET,C:\Users\raffa\IdeaProjects\maga-core\data\mosaic-scenarios\MaGaIntegratedStudy\sumo\Barnim.net.xml
102000000000,102,veh_10,52.638509301897656,13.566205885839508,7343.124392,6567.625571,35.164450071323664,186.90423887703923,true,SUMO_NET_XML_UTM_WGS84_WITH_NET_OFFSET,C:\Users\raffa\IdeaProjects\maga-core\data\mosaic-scenarios\MaGaIntegratedStudy\sumo\Barnim.net.xml
102000000000,102,veh_11,52.63987564559998,13.566432627640783,7361.489559,6719.293050,34.89552319579758,186.90423887703923,true,SUMO_NET_XML_UTM_WGS84_WITH_NET_OFFSET,C:\Users\raffa\IdeaProjects\maga-core\data\mosaic-scenarios\MaGaIntegratedStudy\sumo\Barnim.net.xml
103000000000,103,veh_0,52.62602289263507,13.56362840664188,7141.045385,5182.289348,33.07285087031312,187.9109781042538,true,SUMO_NET_XML_UTM_WGS84_WITH_NET_OFFSET,C:\Users\raffa\IdeaProjects\maga-core\data\mosaic-scenarios\MaGaIntegratedStudy\sumo\Barnim.net.xml
103000000000,103,veh_1,52.62723166071627,13.563867586350547,7159.912465,5316.412687,32.8578986738529,189.03438941907083,true,SUMO_NET_XML_UTM_WGS84_WITH_NET_OFFSET,C:\Users\raffa\IdeaProjects\maga-core\data\mosaic-scenarios\MaGaIntegratedStudy\sumo\Barnim.net.xml
103000000000,103,veh_2,52.62837083538496,13.564268158234015,7189.547459,5442.577966,33.046331804636864,191.04915082582622,true,SUMO_NET_XML_UTM_WGS84_WITH_NET_OFFSET,C:\Users\raffa\IdeaProjects\maga-core\data\mosaic-scenarios\MaGaIntegratedStudy\sumo\Barnim.net.xml
103000000000,103,veh_3,52.62951405550419,13.564589849344546,7213.851563,5569.299696,32.650662745926525,190.49828346893077,true,SUMO_NET_XML_UTM_WGS84_WITH_NET_OFFSET,C:\Users\raffa\IdeaProjects\maga-core\data\mosaic-scenarios\MaGaIntegratedStudy\sumo\Barnim.net.xml
103000000000,103,veh_4,52.63065194859021,13.564865721307948,7235.041915,5695.490792,32.84250245170668,189.36008626207445,true,SUMO_NET_XML_UTM_WGS84_WITH_NET_OFFSET,C:\Users\raffa\IdeaProjects\maga-core\data\mosaic-scenarios\MaGaIntegratedStudy\sumo\Barnim.net.xml
103000000000,103,veh_5,52.63193303764492,13.56512450297326,7255.391828,5837.632081,34.98966468478553,187.76400786501054,true,SUMO_NET_XML_UTM_WGS84_WITH_NET_OFFSET,C:\Users\raffa\IdeaProjects\maga-core\data\mosaic-scenarios\MaGaIntegratedStudy\sumo\Barnim.net.xml
103000000000,103,veh_6,52.633143565000985,13.56533179016867,7272.099808,5971.994559,35.98603278676979,186.60141597942766,true,SUMO_NET_XML_UTM_WGS84_WITH_NET_OFFSET,C:\Users\raffa\IdeaProjects\maga-core\data\mosaic-scenarios\MaGaIntegratedStudy\sumo\Barnim.net.xml
103000000000,103,veh_7,52.634458786126785,13.565538461969343,7288.997169,6118.002578,35.82510865059681,186.60141597942766,true,SUMO_NET_XML_UTM_WGS84_WITH_NET_OFFSET,C:\Users\raffa\IdeaProjects\maga-core\data\mosaic-scenarios\MaGaIntegratedStudy\sumo\Barnim.net.xml
103000000000,103,veh_8,52.63568464060465,13.565737181957596,7305.157855,6254.081511,35.41569698777981,186.90423887703798,true,SUMO_NET_XML_UTM_WGS84_WITH_NET_OFFSET,C:\Users\raffa\IdeaProjects\maga-core\data\mosaic-scenarios\MaGaIntegratedStudy\sumo\Barnim.net.xml
103000000000,103,veh_9,52.636967007533976,13.565949961543753,7322.394265,6396.427224,35.94409602351021,186.90423887703798,true,SUMO_NET_XML_UTM_WGS84_WITH_NET_OFFSET,C:\Users\raffa\IdeaProjects\maga-core\data\mosaic-scenarios\MaGaIntegratedStudy\sumo\Barnim.net.xml
103000000000,103,veh_10,52.638197544443535,13.56615415224223,7338.934029,6533.019744,34.85977630451322,186.90423887703798,true,SUMO_NET_XML_UTM_WGS84_WITH_NET_OFFSET,C:\Users\raffa\IdeaProjects\maga-core\data\mosaic-scenarios\MaGaIntegratedStudy\sumo\Barnim.net.xml
103000000000,103,veh_11,52.639555201038526,13.5663794493485,7357.182430,6683.722917,35.83115915243048,186.90423887703798,true,SUMO_NET_XML_UTM_WGS84_WITH_NET_OFFSET,C:\Users\raffa\IdeaProjects\maga-core\data\mosaic-scenarios\MaGaIntegratedStudy\sumo\Barnim.net.xml
104000000000,104,veh_0,52.62573461794337,13.563572174662646,7136.600483,5150.301684,32.28248192343861,187.9109781042538,true,SUMO_NET_XML_UTM_WGS84_WITH_NET_OFFSET,C:\Users\raffa\IdeaProjects\maga-core\data\mosaic-scenarios\MaGaIntegratedStudy\sumo\Barnim.net.xml
104000000000,104,veh_1,52.62693750769542,13.563806819703668,7155.147822,5283.777297,32.97001476923003,187.91097810424347,true,SUMO_NET_XML_UTM_WGS84_WITH_NET_OFFSET,C:\Users\raffa\IdeaProjects\maga-core\data\mosaic-scenarios\MaGaIntegratedStudy\sumo\Barnim.net.xml
104000000000,104,veh_2,52.62807999663129,13.564185109598023,7183.282391,5410.341215,32.844306366629894,190.84652335707233,true,SUMO_NET_XML_UTM_WGS84_WITH_NET_OFFSET,C:\Users\raffa\IdeaProjects\maga-core\data\mosaic-scenarios\MaGaIntegratedStudy\sumo\Barnim.net.xml
104000000000,104,veh_3,52.62922955032658,13.564512800633446,7208.006870,5537.759280,32.081642865082244,190.49828346892053,true,SUMO_NET_XML_UTM_WGS84_WITH_NET_OFFSET,C:\Users\raffa\IdeaProjects\maga-core\data\mosaic-scenarios\MaGaIntegratedStudy\sumo\Barnim.net.xml
104000000000,104,veh_4,52.630364406354936,13.564797458884296,7229.785368,5663.600710,32.32470160638448,189.36008626207445,true,SUMO_NET_XML_UTM_WGS84_WITH_NET_OFFSET,C:\Users\raffa\IdeaProjects\maga-core\data\mosaic-scenarios\MaGaIntegratedStudy\sumo\Barnim.net.xml
104000000000,104,veh_5,52.63161289484409,13.565063404291978,7250.548135,5802.106303,35.855663144043646,187.76400786501054,true,SUMO_NET_XML_UTM_WGS84_WITH_NET_OFFSET,C:\Users\raffa\IdeaProjects\maga-core\data\mosaic-scenarios\MaGaIntegratedStudy\sumo\Barnim.net.xml
104000000000,104,veh_6,52.63282407217772,13.565278043251693,7267.755273,5936.531152,35.729828461902216,187.02911890487374,true,SUMO_NET_XML_UTM_WGS84_WITH_NET_OFFSET,C:\Users\raffa\IdeaProjects\maga-core\data\mosaic-scenarios\MaGaIntegratedStudy\sumo\Barnim.net.xml
104000000000,104,veh_7,52.63413983250489,13.565488341015483,7284.899398,6082.594240,35.64586130016483,186.601415979438,true,SUMO_NET_XML_UTM_WGS84_WITH_NET_OFFSET,C:\Users\raffa\IdeaProjects\maga-core\data\mosaic-scenarios\MaGaIntegratedStudy\sumo\Barnim.net.xml
104000000000,104,veh_8,52.63536900291951,13.565684810886651,7300.915342,6219.045003,35.293617753349245,186.90423887703798,true,SUMO_NET_XML_UTM_WGS84_WITH_NET_OFFSET,C:\Users\raffa\IdeaProjects\maga-core\data\mosaic-scenarios\MaGaIntegratedStudy\sumo\Barnim.net.xml
104000000000,104,veh_9,52.63665155176642,13.565897617746405,7318.154195,6361.410894,35.27329183040652,186.90423887703798,true,SUMO_NET_XML_UTM_WGS84_WITH_NET_OFFSET,C:\Users\raffa\IdeaProjects\maga-core\data\mosaic-scenarios\MaGaIntegratedStudy\sumo\Barnim.net.xml
104000000000,104,veh_10,52.63788262799455,13.56610189514563,7334.701207,6498.063264,35.21300177256577,186.90423887703798,true,SUMO_NET_XML_UTM_WGS84_WITH_NET_OFFSET,C:\Users\raffa\IdeaProjects\maga-core\data\mosaic-scenarios\MaGaIntegratedStudy\sumo\Barnim.net.xml
104000000000,104,veh_11,52.639234916948034,13.566326298425032,7352.877458,6648.170600,35.81321182566695,186.90423887703798,true,SUMO_NET_XML_UTM_WGS84_WITH_NET_OFFSET,C:\Users\raffa\IdeaProjects\maga-core\data\mosaic-scenarios\MaGaIntegratedStudy\sumo\Barnim.net.xml
105000000000,105,veh_0,52.625440215179346,13.563514748050883,7132.061092,5117.634037,32.96873090457637,187.91097810424347,true,SUMO_NET_XML_UTM_WGS84_WITH_NET_OFFSET,C:\Users\raffa\IdeaProjects\maga-core\data\mosaic-scenarios\MaGaIntegratedStudy\sumo\Barnim.net.xml
105000000000,105,veh_1,52.62663990360059,13.56374876558039,7150.559068,5250.754406,33.32724926319904,187.91097810425234,true,SUMO_NET_XML_UTM_WGS84_WITH_NET_OFFSET,C:\Users\raffa\IdeaProjects\maga-core\data\mosaic-scenarios\MaGaIntegratedStudy\sumo\Barnim.net.xml
105000000000,105,veh_2,52.62778800220525,13.564103039076247,7177.080889,5377.974613,32.959736842843704,190.8465233570806,true,SUMO_NET_XML_UTM_WGS84_WITH_NET_OFFSET,C:\Users\raffa\IdeaProjects\maga-core\data\mosaic-scenarios\MaGaIntegratedStudy\sumo\Barnim.net.xml
105000000000,105,veh_3,52.628943576388345,13.564432571348599,7201.943601,5506.059796,32.2787951101968,191.04915082583844,true,SUMO_NET_XML_UTM_WGS84_WITH_NET_OFFSET,C:\Users\raffa\IdeaProjects\maga-core\data\mosaic-scenarios\MaGaIntegratedStudy\sumo\Barnim.net.xml
105000000000,105,veh_4,52.63007754813294,13.564729359712933,7224.541326,5631.786495,32.24780150639825,189.36008626207445,true,SUMO_NET_XML_UTM_WGS84_WITH_NET_OFFSET,C:\Users\raffa\IdeaProjects\maga-core\data\mosaic-scenarios\MaGaIntegratedStudy\sumo\Barnim.net.xml
105000000000,105,veh_5,52.63129163024864,13.564999787021906,7245.531456,5766.459152,35.9999616088951,188.25471148992239,true,SUMO_NET_XML_UTM_WGS84_WITH_NET_OFFSET,C:\Users\raffa\IdeaProjects\maga-core\data\mosaic-scenarios\MaGaIntegratedStudy\sumo\Barnim.net.xml
105000000000,105,veh_6,52.6325075841899,13.5652243919462,7263.423812,5901.401835,35.39653327217326,187.02911890487374,true,SUMO_NET_XML_UTM_WGS84_WITH_NET_OFFSET,C:\Users\raffa\IdeaProjects\maga-core\data\mosaic-scenarios\MaGaIntegratedStudy\sumo\Barnim.net.xml
105000000000,105,veh_7,52.6338206422988,13.565438183575463,7280.798588,6047.159642,35.6722979887994,186.601415979438,true,SUMO_NET_XML_UTM_WGS84_WITH_NET_OFFSET,C:\Users\raffa\IdeaProjects\maga-core\data\mosaic-scenarios\MaGaIntegratedStudy\sumo\Barnim.net.xml
105000000000,105,veh_8,52.63504716485237,13.5656314117771,7296.589489,6183.320242,35.98692111728247,186.90423887703798,true,SUMO_NET_XML_UTM_WGS84_WITH_NET_OFFSET,C:\Users\raffa\IdeaProjects\maga-core\data\mosaic-scenarios\MaGaIntegratedStudy\sumo\Barnim.net.xml
105000000000,105,veh_9,52.63633670068975,13.565845374999718,7313.922253,6326.461690,35.205673349499705,186.9042388770496,true,SUMO_NET_XML_UTM_WGS84_WITH_NET_OFFSET,C:\Users\raffa\IdeaProjects\maga-core\data\mosaic-scenarios\MaGaIntegratedStudy\sumo\Barnim.net.xml
105000000000,105,veh_10,52.63756270808997,13.566048808508476,7330.401132,6462.551393,35.77246909652837,186.9042388770496,true,SUMO_NET_XML_UTM_WGS84_WITH_NET_OFFSET,C:\Users\raffa\IdeaProjects\maga-core\data\mosaic-scenarios\MaGaIntegratedStudy\sumo\Barnim.net.xml
105000000000,105,veh_11,52.63891671954422,13.566273494516771,7348.600534,6612.849914,35.57988084171899,186.90423887703923,true,SUMO_NET_XML_UTM_WGS84_WITH_NET_OFFSET,C:\Users\raffa\IdeaProjects\maga-core\data\mosaic-scenarios\MaGaIntegratedStudy\sumo\Barnim.net.xml
106000000000,106,veh_0,52.625147667410005,13.563457684010675,7127.550304,5085.172230,32.76099502765108,187.91097810424347,true,SUMO_NET_XML_UTM_WGS84_WITH_NET_OFFSET,C:\Users\raffa\IdeaProjects\maga-core\data\mosaic-scenarios\MaGaIntegratedStudy\sumo\Barnim.net.xml
106000000000,106,veh_1,52.62634326200743,13.563690899967224,7145.985155,5217.838322,33.21945916581433,187.9109781042538,true,SUMO_NET_XML_UTM_WGS84_WITH_NET_OFFSET,C:\Users\raffa\IdeaProjects\maga-core\data\mosaic-scenarios\MaGaIntegratedStudy\sumo\Barnim.net.xml
106000000000,106,veh_2,52.62751272441032,13.56393308492099,7164.968311,5347.585835,32.890825842153276,232.30213845684136,true,SUMO_NET_XML_UTM_WGS84_WITH_NET_OFFSET,C:\Users\raffa\IdeaProjects\maga-core\data\mosaic-scenarios\MaGaIntegratedStudy\sumo\Barnim.net.xml
106000000000,106,veh_3,52.62865913473569,13.564350917965303,7195.787276,5474.532668,32.12684912387747,191.0491508258282,true,SUMO_NET_XML_UTM_WGS84_WITH_NET_OFFSET,C:\Users\raffa\IdeaProjects\maga-core\data\mosaic-scenarios\MaGaIntegratedStudy\sumo\Barnim.net.xml
106000000000,106,veh_4,52.62978213019573,13.564659229400034,7219.140805,5599.022963,33.21005537667777,189.36008626206248,true,SUMO_NET_XML_UTM_WGS84_WITH_NET_OFFSET,C:\Users\raffa\IdeaProjects\maga-core\data\mosaic-scenarios\MaGaIntegratedStudy\sumo\Barnim.net.xml
106000000000,106,veh_5,52.630976583252036,13.564935163685057,7240.460398,5731.504920,35.32135032938328,188.25471148992239,true,SUMO_NET_XML_UTM_WGS84_WITH_NET_OFFSET,C:\Users\raffa\IdeaProjects\maga-core\data\mosaic-scenarios\MaGaIntegratedStudy\sumo\Barnim.net.xml
106000000000,106,veh_6,52.63219180849645,13.565170862124141,7259.102100,5866.351585,35.31686517143622,187.02911890487374,true,SUMO_NET_XML_UTM_WGS84_WITH_NET_OFFSET,C:\Users\raffa\IdeaProjects\maga-core\data\mosaic-scenarios\MaGaIntegratedStudy\sumo\Barnim.net.xml
106000000000,106,veh_7,52.63350153335148,13.565388039595504,7276.698822,6011.734068,35.66321294423193,186.60141597942766,true,SUMO_NET_XML_UTM_WGS84_WITH_NET_OFFSET,C:\Users\raffa\IdeaProjects\maga-core\data\mosaic-scenarios\MaGaIntegratedStudy\sumo\Barnim.net.xml
106000000000,106,veh_8,52.63473095486686,13.565581231607442,7292.493870,6148.217138,35.342480333419516,186.601415979438,true,SUMO_NET_XML_UTM_WGS84_WITH_NET_OFFSET,C:\Users\raffa\IdeaProjects\maga-core\data\mosaic-scenarios\MaGaIntegratedStudy\sumo\Barnim.net.xml
106000000000,106,veh_9,52.63602500499866,13.565793656523711,7309.732723,6291.862744,34.85284414777067,186.90423887703798,true,SUMO_NET_XML_UTM_WGS84_WITH_NET_OFFSET,C:\Users\raffa\IdeaProjects\maga-core\data\mosaic-scenarios\MaGaIntegratedStudy\sumo\Barnim.net.xml
106000000000,106,veh_10,52.637250354834684,13.565996978170968,7326.202762,6427.879442,34.92638563328888,186.90423887703798,true,SUMO_NET_XML_UTM_WGS84_WITH_NET_OFFSET,C:\Users\raffa\IdeaProjects\maga-core\data\mosaic-scenarios\MaGaIntegratedStudy\sumo\Barnim.net.xml
106000000000,106,veh_11,52.638601001313475,13.566221102739965,7344.356933,6577.804427,35.302663291236385,186.90423887703798,true,SUMO_NET_XML_UTM_WGS84_WITH_NET_OFFSET,C:\Users\raffa\IdeaProjects\maga-core\data\mosaic-scenarios\MaGaIntegratedStudy\sumo\Barnim.net.xml
107000000000,107,veh_0,52.62485590219013,13.56340077334215,7123.051583,5052.797260,32.67335710015148,187.9109781042538,true,SUMO_NET_XML_UTM_WGS84_WITH_NET_OFFSET,C:\Users\raffa\IdeaProjects\maga-core\data\mosaic-scenarios\MaGaIntegratedStudy\sumo\Barnim.net.xml
107000000000,107,veh_1,52.62605632410495,13.563634927959994,7141.560864,5185.998986,32.13278575422708,187.91097810424205,true,SUMO_NET_XML_UTM_WGS84_WITH_NET_OFFSET,C:\Users\raffa\IdeaProjects\maga-core\data\mosaic-scenarios\MaGaIntegratedStudy\sumo\Barnim.net.xml
107000000000,107,veh_2,52.62721899662524,13.563864701067086,7159.689121,5315.008007,32.955446537765674,189.03438941908115,true,SUMO_NET_XML_UTM_WGS84_WITH_NET_OFFSET,C:\Users\raffa\IdeaProjects\maga-core\data\mosaic-scenarios\MaGaIntegratedStudy\sumo\Barnim.net.xml
107000000000,107,veh_3,52.62836637277569,13.564266877197774,7189.450872,5442.083336,33.066596076842394,191.04915082583844,true,SUMO_NET_XML_UTM_WGS84_WITH_NET_OFFSET,C:\Users\raffa\IdeaProjects\maga-core\data\mosaic-scenarios\MaGaIntegratedStudy\sumo\Barnim.net.xml
107000000000,107,veh_4,52.6294942468234,13.564584484794166,7213.444626,5567.103693,32.42927716127131,190.49828346892053,true,SUMO_NET_XML_UTM_WGS84_WITH_NET_OFFSET,C:\Users\raffa\IdeaProjects\maga-core\data\mosaic-scenarios\MaGaIntegratedStudy\sumo\Barnim.net.xml
107000000000,107,veh_5,52.63068141611767,13.564872716937606,7235.580609,5698.758910,33.13872600253205,189.36008626206248,true,SUMO_NET_XML_UTM_WGS84_WITH_NET_OFFSET,C:\Users\raffa\IdeaProjects\maga-core\data\mosaic-scenarios\MaGaIntegratedStudy\sumo\Barnim.net.xml
107000000000,107,veh_6,52.63186963046893,13.56511240175908,7254.432491,5830.595879,36.06127844240051,187.76400786501193,true,SUMO_NET_XML_UTM_WGS84_WITH_NET_OFFSET,C:\Users\raffa\IdeaProjects\maga-core\data\mosaic-scenarios\MaGaIntegratedStudy\sumo\Barnim.net.xml
107000000000,107,veh_7,52.63318240762349,13.565337893669707,7272.598840,5976.306635,35.665084660951976,186.60141597942766,true,SUMO_NET_XML_UTM_WGS84_WITH_NET_OFFSET,C:\Users\raffa\IdeaProjects\maga-core\data\mosaic-scenarios\MaGaIntegratedStudy\sumo\Barnim.net.xml
107000000000,107,veh_8,52.63441443971988,13.565531493252763,7288.427427,6113.079503,35.373343483419156,186.601415979438,true,SUMO_NET_XML_UTM_WGS84_WITH_NET_OFFSET,C:\Users\raffa\IdeaProjects\maga-core\data\mosaic-scenarios\MaGaIntegratedStudy\sumo\Barnim.net.xml
107000000000,107,veh_9,52.63571111870576,13.565741575275824,7305.513750,6257.020641,35.09778666728176,186.90423887703923,true,SUMO_NET_XML_UTM_WGS84_WITH_NET_OFFSET,C:\Users\raffa\IdeaProjects\maga-core\data\mosaic-scenarios\MaGaIntegratedStudy\sumo\Barnim.net.xml
107000000000,107,veh_10,52.636930170282454,13.565943849075783,7321.899132,6392.338202,35.80205341483466,186.9042388770483,true,SUMO_NET_XML_UTM_WGS84_WITH_NET_OFFSET,C:\Users\raffa\IdeaProjects\maga-core\data\mosaic-scenarios\MaGaIntegratedStudy\sumo\Barnim.net.xml
107000000000,107,veh_11,52.63828144433096,13.566168074672914,7340.061736,6542.332832,35.73189707458019,186.9042388770483,true,SUMO_NET_XML_UTM_WGS84_WITH_NET_OFFSET,C:\Users\raffa\IdeaProjects\maga-core\data\mosaic-scenarios\MaGaIntegratedStudy\sumo\Barnim.net.xml
108000000000,108,veh_0,52.62456293966993,13.563343629864493,7118.534401,5020.289439,32.807432843786664,187.9109781042538,true,SUMO_NET_XML_UTM_WGS84_WITH_NET_OFFSET,C:\Users\raffa\IdeaProjects\maga-core\data\mosaic-scenarios\MaGaIntegratedStudy\sumo\Barnim.net.xml
108000000000,108,veh_1,52.625761623337695,13.563577442409436,7137.016878,5153.298268,33.00210731967352,187.91097810425234,true,SUMO_NET_XML_UTM_WGS84_WITH_NET_OFFSET,C:\Users\raffa\IdeaProjects\maga-core\data\mosaic-scenarios\MaGaIntegratedStudy\sumo\Barnim.net.xml
108000000000,108,veh_2,52.626924039763395,13.563804192475526,7154.940160,5282.282862,33.05645066974219,187.91097810424347,true,SUMO_NET_XML_UTM_WGS84_WITH_NET_OFFSET,C:\Users\raffa\IdeaProjects\maga-core\data\mosaic-scenarios\MaGaIntegratedStudy\sumo\Barnim.net.xml
108000000000,108,veh_3,52.62808202506863,13.56418567973222,7183.325472,5410.566060,32.11130202188622,190.8465233570806,true,SUMO_NET_XML_UTM_WGS84_WITH_NET_OFFSET,C:\Users\raffa\IdeaProjects\maga-core\data\mosaic-scenarios\MaGaIntegratedStudy\sumo\Barnim.net.xml
108000000000,108,veh_4,52.62920587964559,13.56450639026543,7207.520595,5535.135135,32.51713290535379,190.49828346892053,true,SUMO_NET_XML_UTM_WGS84_WITH_NET_OFFSET,C:\Users\raffa\IdeaProjects\maga-core\data\mosaic-scenarios\MaGaIntegratedStudy\sumo\Barnim.net.xml
108000000000,108,veh_5,52.63038987945129,13.564803506153092,7230.251040,5666.425823,32.77374499081168,189.36008626206248,true,SUMO_NET_XML_UTM_WGS84_WITH_NET_OFFSET,C:\Users\raffa\IdeaProjects\maga-core\data\mosaic-scenarios\MaGaIntegratedStudy\sumo\Barnim.net.xml
108000000000,108,veh_6,52.6315492072103,13.565051249722993,7249.584555,5795.038980,35.88707319261972,187.7640078650209,true,SUMO_NET_XML_UTM_WGS84_WITH_NET_OFFSET,C:\Users\raffa\IdeaProjects\maga-core\data\mosaic-scenarios\MaGaIntegratedStudy\sumo\Barnim.net.xml
108000000000,108,veh_7,52.63286353766981,13.565284733526255,7268.295399,5940.911716,35.656944854944015,187.02911890487374,true,SUMO_NET_XML_UTM_WGS84_WITH_NET_OFFSET,C:\Users\raffa\IdeaProjects\maga-core\data\mosaic-scenarios\MaGaIntegratedStudy\sumo\Barnim.net.xml
108000000000,108,veh_8,52.634095424027905,13.565481362641165,7284.328858,6077.664275,35.652797666881234,186.601415979438,true,SUMO_NET_XML_UTM_WGS84_WITH_NET_OFFSET,C:\Users\raffa\IdeaProjects\maga-core\data\mosaic-scenarios\MaGaIntegratedStudy\sumo\Barnim.net.xml
108000000000,108,veh_9,52.63539232033715,13.565688679722511,7301.228753,6221.633289,35.64703578813001,186.90423887703798,true,SUMO_NET_XML_UTM_WGS84_WITH_NET_OFFSET,C:\Users\raffa\IdeaProjects\maga-core\data\mosaic-scenarios\MaGaIntegratedStudy\sumo\Barnim.net.xml
108000000000,108,veh_10,52.63661879070305,13.565892181721157,7317.713850,6357.774339,34.817504618144596,186.90423887703798,true,SUMO_NET_XML_UTM_WGS84_WITH_NET_OFFSET,C:\Users\raffa\IdeaProjects\maga-core\data\mosaic-scenarios\MaGaIntegratedStudy\sumo\Barnim.net.xml
108000000000,108,veh_11,52.63796789638348,13.566116044474018,7335.847307,6507.528259,35.05998110604938,186.90423887703798,true,SUMO_NET_XML_UTM_WGS84_WITH_NET_OFFSET,C:\Users\raffa\IdeaProjects\maga-core\data\mosaic-scenarios\MaGaIntegratedStudy\sumo\Barnim.net.xml
109000000000,109,veh_0,52.624271151789394,13.563288733877336,7114.171898,4987.909240,32.66069513842929,187.14832257868892,true,SUMO_NET_XML_UTM_WGS84_WITH_NET_OFFSET,C:\Users\raffa\IdeaProjects\maga-core\data\mosaic-scenarios\MaGaIntegratedStudy\sumo\Barnim.net.xml
109000000000,109,veh_1,52.625465482725886,13.563519676744521,7132.450692,5120.437786,33.16334437655285,187.9109781042538,true,SUMO_NET_XML_UTM_WGS84_WITH_NET_OFFSET,C:\Users\raffa\IdeaProjects\maga-core\data\mosaic-scenarios\MaGaIntegratedStudy\sumo\Barnim.net.xml
109000000000,109,veh_2,52.626633494282146,13.56374751531236,7150.460243,5250.043212,32.53678898813203,187.91097810424347,true,SUMO_NET_XML_UTM_WGS84_WITH_NET_OFFSET,C:\Users\raffa\IdeaProjects\maga-core\data\mosaic-scenarios\MaGaIntegratedStudy\sumo\Barnim.net.xml
109000000000,109,veh_3,52.627792740347,13.564104370811469,7177.181520,5378.499820,32.65387100146152,190.84652335708256,true,SUMO_NET_XML_UTM_WGS84_WITH_NET_OFFSET,C:\Users\raffa\IdeaProjects\maga-core\data\mosaic-scenarios\MaGaIntegratedStudy\sumo\Barnim.net.xml
109000000000,109,veh_4,52.628920668439086,13.564425995228241,7201.447792,5503.520709,32.19700543658808,191.04915082583844,true,SUMO_NET_XML_UTM_WGS84_WITH_NET_OFFSET,C:\Users\raffa\IdeaProjects\maga-core\data\mosaic-scenarios\MaGaIntegratedStudy\sumo\Barnim.net.xml
109000000000,109,veh_5,52.63010231956289,13.564735240332404,7224.994171,5634.533788,32.326681346511464,189.36008626207445,true,SUMO_NET_XML_UTM_WGS84_WITH_NET_OFFSET,C:\Users\raffa\IdeaProjects\maga-core\data\mosaic-scenarios\MaGaIntegratedStudy\sumo\Barnim.net.xml
109000000000,109,veh_6,52.63123125931654,13.564987403495113,7244.559713,5759.761041,35.63547285053879,188.25471148991357,true,SUMO_NET_XML_UTM_WGS84_WITH_NET_OFFSET,C:\Users\raffa\IdeaProjects\maga-core\data\mosaic-scenarios\MaGaIntegratedStudy\sumo\Barnim.net.xml
109000000000,109,veh_7,52.63255138438276,13.565231816947172,7264.023262,5906.263539,34.91173377410974,187.02911890487374,true,SUMO_NET_XML_UTM_WGS84_WITH_NET_OFFSET,C:\Users\raffa\IdeaProjects\maga-core\data\mosaic-scenarios\MaGaIntegratedStudy\sumo\Barnim.net.xml
109000000000,109,veh_8,52.63377765578464,13.565431428742125,7280.246316,6042.387535,35.51338070318103,186.601415979438,true,SUMO_NET_XML_UTM_WGS84_WITH_NET_OFFSET,C:\Users\raffa\IdeaProjects\maga-core\data\mosaic-scenarios\MaGaIntegratedStudy\sumo\Barnim.net.xml
109000000000,109,veh_9,52.635080020286786,13.565636863089825,7297.031102,6186.967270,34.920410396731455,186.90423887703923,true,SUMO_NET_XML_UTM_WGS84_WITH_NET_OFFSET,C:\Users\raffa\IdeaProjects\maga-core\data\mosaic-scenarios\MaGaIntegratedStudy\sumo\Barnim.net.xml
109000000000,109,veh_10,52.63630138238033,13.565839514732366,7313.447536,6322.541275,35.491616275548004,186.90423887703798,true,SUMO_NET_XML_UTM_WGS84_WITH_NET_OFFSET,C:\Users\raffa\IdeaProjects\maga-core\data\mosaic-scenarios\MaGaIntegratedStudy\sumo\Barnim.net.xml
109000000000,109,veh_11,52.637645920431105,13.566062616466741,7331.519597,6471.788161,36.00237113744021,186.90423887703923,true,SUMO_NET_XML_UTM_WGS84_WITH_NET_OFFSET,C:\Users\raffa\IdeaProjects\maga-core\data\mosaic-scenarios\MaGaIntegratedStudy\sumo\Barnim.net.xml
110000000000,110,veh_0,52.623981892534346,13.5632387205357,7110.145442,4955.803707,32.34447863760404,187.14832257868892,true,SUMO_NET_XML_UTM_WGS84_WITH_NET_OFFSET,C:\Users\raffa\IdeaProjects\maga-core\data\mosaic-scenarios\MaGaIntegratedStudy\sumo\Barnim.net.xml
110000000000,110,veh_1,52.62517069156056,13.563462175049182,7127.905313,5087.727045,33.012222315622495,187.9109781042538,true,SUMO_NET_XML_UTM_WGS84_WITH_NET_OFFSET,C:\Users\raffa\IdeaProjects\maga-core\data\mosaic-scenarios\MaGaIntegratedStudy\sumo\Barnim.net.xml
110000000000,110,veh_2,52.626344562079616,13.563691153569511,7146.005201,5217.982581,32.35612171270884,187.91097810424205,true,SUMO_NET_XML_UTM_WGS84_WITH_NET_OFFSET,C:\Users\raffa\IdeaProjects\maga-core\data\mosaic-scenarios\MaGaIntegratedStudy\sumo\Barnim.net.xml
110000000000,110,veh_3,52.62752238008629,13.563941622386146,7165.567531,5348.648281,32.43177336854394,240.37337274210458,true,SUMO_NET_XML_UTM_WGS84_WITH_NET_OFFSET,C:\Users\raffa\IdeaProjects\maga-core\data\mosaic-scenarios\MaGaIntegratedStudy\sumo\Barnim.net.xml
110000000000,110,veh_4,52.628631469736824,13.564342976354396,7195.188508,5471.466318,32.664143270761706,191.0491508258282,true,SUMO_NET_XML_UTM_WGS84_WITH_NET_OFFSET,C:\Users\raffa\IdeaProjects\maga-core\data\mosaic-scenarios\MaGaIntegratedStudy\sumo\Barnim.net.xml
110000000000,110,veh_5,52.62981564327536,13.56466718514276,7219.753456,5602.739754,32.22734418408479,189.36008626206248,true,SUMO_NET_XML_UTM_WGS84_WITH_NET_OFFSET,C:\Users\raffa\IdeaProjects\maga-core\data\mosaic-scenarios\MaGaIntegratedStudy\sumo\Barnim.net.xml
110000000000,110,veh_6,52.6309155038119,13.564922635000002,7239.477252,5724.728201,35.40078340982087,188.25471148991357,true,SUMO_NET_XML_UTM_WGS84_WITH_NET_OFFSET,C:\Users\raffa\IdeaProjects\maga-core\data\mosaic-scenarios\MaGaIntegratedStudy\sumo\Barnim.net.xml
110000000000,110,veh_7,52.632229584258205,13.565177265775985,7259.619099,5870.544593,35.990647824937476,187.02911890487374,true,SUMO_NET_XML_UTM_WGS84_WITH_NET_OFFSET,C:\Users\raffa\IdeaProjects\maga-core\data\mosaic-scenarios\MaGaIntegratedStudy\sumo\Barnim.net.xml
110000000000,110,veh_8,52.63345940171184,13.565381419186917,7276.157534,6007.056865,35.56767275809776,186.60141597942766,true,SUMO_NET_XML_UTM_WGS84_WITH_NET_OFFSET,C:\Users\raffa\IdeaProjects\maga-core\data\mosaic-scenarios\MaGaIntegratedStudy\sumo\Barnim.net.xml
110000000000,110,veh_9,52.634759661935114,13.56558574277539,7292.862685,6151.404027,35.80800474725198,186.60141597942766,true,SUMO_NET_XML_UTM_WGS84_WITH_NET_OFFSET,C:\Users\raffa\IdeaProjects\maga-core\data\mosaic-scenarios\MaGaIntegratedStudy\sumo\Barnim.net.xml
110000000000,110,veh_10,52.63598419276277,13.565786884756974,7309.184162,6287.332492,35.467157479180024,186.90423887703923,true,SUMO_NET_XML_UTM_WGS84_WITH_NET_OFFSET,C:\Users\raffa\IdeaProjects\maga-core\data\mosaic-scenarios\MaGaIntegratedStudy\sumo\Barnim.net.xml
110000000000,110,veh_11,52.63733272026323,13.56601064541023,7327.309844,6437.022199,35.02108580478467,186.90423887703798,true,SUMO_NET_XML_UTM_WGS84_WITH_NET_OFFSET,C:\Users\raffa\IdeaProjects\maga-core\data\mosaic-scenarios\MaGaIntegratedStudy\sumo\Barnim.net.xml
111000000000,111,veh_0,52.62368678513483,13.563202929326305,7107.068630,4923.028528,32.9701939121075,182.41227707861347,true,SUMO_NET_XML_UTM_WGS84_WITH_NET_OFFSET,C:\Users\raffa\IdeaProjects\maga-core\data\mosaic-scenarios\MaGaIntegratedStudy\sumo\Barnim.net.xml
111000000000,111,veh_1,52.624877767517155,13.56340503828854,7123.388724,5055.223489,32.803128382069985,187.9109781042538,true,SUMO_NET_XML_UTM_WGS84_WITH_NET_OFFSET,C:\Users\raffa\IdeaProjects\maga-core\data\mosaic-scenarios\MaGaIntegratedStudy\sumo\Barnim.net.xml
111000000000,111,veh_2,52.62604964626394,13.563633625344487,7141.457899,5185.257997,33.026193569223395,187.91097810424347,true,SUMO_NET_XML_UTM_WGS84_WITH_NET_OFFSET,C:\Users\raffa\IdeaProjects\maga-core\data\mosaic-scenarios\MaGaIntegratedStudy\sumo\Barnim.net.xml
111000000000,111,veh_3,52.62722753755668,13.563866646963234,7159.839749,5315.955353,32.99045688732993,189.03438941908115,true,SUMO_NET_XML_UTM_WGS84_WITH_NET_OFFSET,C:\Users\raffa\IdeaProjects\maga-core\data\mosaic-scenarios\MaGaIntegratedStudy\sumo\Barnim.net.xml
111000000000,111,veh_4,52.62834567456243,13.564260935573774,7189.002890,5439.789175,32.2797176801553,191.04915082583844,true,SUMO_NET_XML_UTM_WGS84_WITH_NET_OFFSET,C:\Users\raffa\IdeaProjects\maga-core\data\mosaic-scenarios\MaGaIntegratedStudy\sumo\Barnim.net.xml
111000000000,111,veh_5,52.629522801301356,13.564592217866716,7214.031231,5570.269260,32.97683578344993,190.49828346892053,true,SUMO_NET_XML_UTM_WGS84_WITH_NET_OFFSET,C:\Users\raffa\IdeaProjects\maga-core\data\mosaic-scenarios\MaGaIntegratedStudy\sumo\Barnim.net.xml
111000000000,111,veh_6,52.63062362856399,13.564858998105203,7234.524197,5692.349939,32.787150257029566,189.36008626207445,true,SUMO_NET_XML_UTM_WGS84_WITH_NET_OFFSET,C:\Users\raffa\IdeaProjects\maga-core\data\mosaic-scenarios\MaGaIntegratedStudy\sumo\Barnim.net.xml
111000000000,111,veh_7,52.63191094785315,13.56512028714849,7255.057614,5835.180809,35.65867603741586,187.7640078650209,true,SUMO_NET_XML_UTM_WGS84_WITH_NET_OFFSET,C:\Users\raffa\IdeaProjects\maga-core\data\mosaic-scenarios\MaGaIntegratedStudy\sumo\Barnim.net.xml
111000000000,111,veh_8,52.63314741007755,13.565332394360908,7272.149208,5972.421417,34.86778700909577,186.60141597942766,true,SUMO_NET_XML_UTM_WGS84_WITH_NET_OFFSET,C:\Users\raffa\IdeaProjects\maga-core\data\mosaic-scenarios\MaGaIntegratedStudy\sumo\Barnim.net.xml
111000000000,111,veh_9,52.63444658945254,13.565536545349012,7288.840472,6116.648575,34.988595888079146,186.601415979438,true,SUMO_NET_XML_UTM_WGS84_WITH_NET_OFFSET,C:\Users\raffa\IdeaProjects\maga-core\data\mosaic-scenarios\MaGaIntegratedStudy\sumo\Barnim.net.xml
111000000000,111,veh_10,52.63567238639174,13.565735148707118,7304.993145,6252.721265,34.86521581077483,186.90423887703923,true,SUMO_NET_XML_UTM_WGS84_WITH_NET_OFFSET,C:\Users\raffa\IdeaProjects\maga-core\data\mosaic-scenarios\MaGaIntegratedStudy\sumo\Barnim.net.xml
111000000000,111,veh_11,52.6370132342807,13.565957632040488,7323.015603,6401.558502,35.723942510448396,186.90423887703798,true,SUMO_NET_XML_UTM_WGS84_WITH_NET_OFFSET,C:\Users\raffa\IdeaProjects\maga-core\data\mosaic-scenarios\MaGaIntegratedStudy\sumo\Barnim.net.xml
112000000000,112,veh_0,52.623391007309095,13.563176915103016,7104.652079,4890.165592,33.05382670403458,188.77102441059827,true,SUMO_NET_XML_UTM_WGS84_WITH_NET_OFFSET,C:\Users\raffa\IdeaProjects\maga-core\data\mosaic-scenarios\MaGaIntegratedStudy\sumo\Barnim.net.xml
112000000000,112,veh_1,52.6245856584344,13.563348061221527,7118.884702,5022.810367,32.71186088595539,187.9109781042538,true,SUMO_NET_XML_UTM_WGS84_WITH_NET_OFFSET,C:\Users\raffa\IdeaProjects\maga-core\data\mosaic-scenarios\MaGaIntegratedStudy\sumo\Barnim.net.xml
112000000000,112,veh_2,52.62575227384062,13.56357561867001,7136.872718,5152.260825,33.30129299254156,187.91097810424347,true,SUMO_NET_XML_UTM_WGS84_WITH_NET_OFFSET,C:\Users\raffa\IdeaProjects\maga-core\data\mosaic-scenarios\MaGaIntegratedStudy\sumo\Barnim.net.xml
112000000000,112,veh_3,52.62694094127042,13.563807489501244,7155.200764,5284.158295,32.12260605319869,187.91097810425234,true,SUMO_NET_XML_UTM_WGS84_WITH_NET_OFFSET,C:\Users\raffa\IdeaProjects\maga-core\data\mosaic-scenarios\MaGaIntegratedStudy\sumo\Barnim.net.xml
112000000000,112,veh_4,52.628054737427135,13.564178009981472,7182.745925,5407.541316,32.853674205271524,190.84652335708256,true,SUMO_NET_XML_UTM_WGS84_WITH_NET_OFFSET,C:\Users\raffa\IdeaProjects\maga-core\data\mosaic-scenarios\MaGaIntegratedStudy\sumo\Barnim.net.xml
112000000000,112,veh_5,52.62923839011288,13.56451519457913,7208.188469,5538.739264,32.07104457146022,190.49828346892053,true,SUMO_NET_XML_UTM_WGS84_WITH_NET_OFFSET,C:\Users\raffa\IdeaProjects\maga-core\data\mosaic-scenarios\MaGaIntegratedStudy\sumo\Barnim.net.xml
112000000000,112,veh_6,52.63033278700844,13.564789952515914,7229.207336,5660.093944,32.69560149961151,189.36008626206416,true,SUMO_NET_XML_UTM_WGS84_WITH_NET_OFFSET,C:\Users\raffa\IdeaProjects\maga-core\data\mosaic-scenarios\MaGaIntegratedStudy\sumo\Barnim.net.xml
112000000000,112,veh_7,52.631597177705494,13.565060404726214,7250.310339,5800.362196,35.14193229627796,187.76400786501054,true,SUMO_NET_XML_UTM_WGS84_WITH_NET_OFFSET,C:\Users\raffa\IdeaProjects\maga-core\data\mosaic-scenarios\MaGaIntegratedStudy\sumo\Barnim.net.xml
112000000000,112,veh_8,52.63283204849855,13.565279395413723,7267.864438,5937.416502,35.26746449502185,187.02911890487374,true,SUMO_NET_XML_UTM_WGS84_WITH_NET_OFFSET,C:\Users\raffa\IdeaProjects\maga-core\data\mosaic-scenarios\MaGaIntegratedStudy\sumo\Barnim.net.xml
112000000000,112,veh_9,52.6341249973299,13.565486009805827,7284.708802,6080.947327,35.940736715905366,186.601415979438,true,SUMO_NET_XML_UTM_WGS84_WITH_NET_OFFSET,C:\Users\raffa\IdeaProjects\maga-core\data\mosaic-scenarios\MaGaIntegratedStudy\sumo\Barnim.net.xml
112000000000,112,veh_10,52.635350455260514,13.565681733453967,7300.666041,6216.986170,35.9973310020892,186.90423887703798,true,SUMO_NET_XML_UTM_WGS84_WITH_NET_OFFSET,C:\Users\raffa\IdeaProjects\maga-core\data\mosaic-scenarios\MaGaIntegratedStudy\sumo\Barnim.net.xml
112000000000,112,veh_11,52.636696325592304,13.565905047055221,7318.756004,6366.380893,35.43575351689011,186.9042388770483,true,SUMO_NET_XML_UTM_WGS84_WITH_NET_OFFSET,C:\Users\raffa\IdeaProjects\maga-core\data\mosaic-scenarios\MaGaIntegratedStudy\sumo\Barnim.net.xml
113000000000,113,veh_0,52.623101175983045,13.56307938437546,7097.407901,4858.060553,32.9468491524877,195.64941906043254,true,SUMO_NET_XML_UTM_WGS84_WITH_NET_OFFSET,C:\Users\raffa\IdeaProjects\maga-core\data\mosaic-scenarios\MaGaIntegratedStudy\sumo\Barnim.net.xml
113000000000,113,veh_1,52.6242909148156,13.563292150955965,7114.446997,4990.102783,32.99498962321784,187.14832257868892,true,SUMO_NET_XML_UTM_WGS84_WITH_NET_OFFSET,C:\Users\raffa\IdeaProjects\maga-core\data\mosaic-scenarios\MaGaIntegratedStudy\sumo\Barnim.net.xml
113000000000,113,veh_2,52.62545766693325,13.563518152193566,7132.330180,5119.570526,32.99159216766245,187.9109781042538,true,SUMO_NET_XML_UTM_WGS84_WITH_NET_OFFSET,C:\Users\raffa\IdeaProjects\maga-core\data\mosaic-scenarios\MaGaIntegratedStudy\sumo\Barnim.net.xml
113000000000,113,veh_3,52.62665312389637,13.5637513444693,7150.762912,5252.221363,32.23128165164496,187.9109781042538,true,SUMO_NET_XML_UTM_WGS84_WITH_NET_OFFSET,C:\Users\raffa\IdeaProjects\maga-core\data\mosaic-scenarios\MaGaIntegratedStudy\sumo\Barnim.net.xml
113000000000,113,veh_4,52.62776198330945,13.564095726028665,7176.528289,5375.090506,33.04548866210505,190.8465233570806,true,SUMO_NET_XML_UTM_WGS84_WITH_NET_OFFSET,C:\Users\raffa\IdeaProjects\maga-core\data\mosaic-scenarios\MaGaIntegratedStudy\sumo\Barnim.net.xml
113000000000,113,veh_5,52.62894718042898,13.564433605950992,7202.021605,5506.459263,32.86852953854948,191.04915082582622,true,SUMO_NET_XML_UTM_WGS84_WITH_NET_OFFSET,C:\Users\raffa\IdeaProjects\maga-core\data\mosaic-scenarios\MaGaIntegratedStudy\sumo\Barnim.net.xml
113000000000,113,veh_6,52.63004343275479,13.564721260895254,7223.917664,5628.002905,32.52839782256167,189.36008626206416,true,SUMO_NET_XML_UTM_WGS84_WITH_NET_OFFSET,C:\Users\raffa\IdeaProjects\maga-core\data\mosaic-scenarios\MaGaIntegratedStudy\sumo\Barnim.net.xml
113000000000,113,veh_7,52.631282906397225,13.564997997548614,7245.391035,5765.491247,35.21772912644315,188.25471148992239,true,SUMO_NET_XML_UTM_WGS84_WITH_NET_OFFSET,C:\Users\raffa\IdeaProjects\maga-core\data\mosaic-scenarios\MaGaIntegratedStudy\sumo\Barnim.net.xml
113000000000,113,veh_8,52.63251747472941,13.565226068587483,7263.559174,5902.499659,35.18244403983932,187.02911890487374,true,SUMO_NET_XML_UTM_WGS84_WITH_NET_OFFSET,C:\Users\raffa\IdeaProjects\maga-core\data\mosaic-scenarios\MaGaIntegratedStudy\sumo\Barnim.net.xml
113000000000,113,veh_9,52.63380872839322,13.565436311441792,7280.645523,6045.837031,35.345820423276166,186.60141597942766,true,SUMO_NET_XML_UTM_WGS84_WITH_NET_OFFSET,C:\Users\raffa\IdeaProjects\maga-core\data\mosaic-scenarios\MaGaIntegratedStudy\sumo\Barnim.net.xml
113000000000,113,veh_10,52.63503595432908,13.565629551749652,7296.438808,6182.075848,35.16650548231788,186.90423887703798,true,SUMO_NET_XML_UTM_WGS84_WITH_NET_OFFSET,C:\Users\raffa\IdeaProjects\maga-core\data\mosaic-scenarios\MaGaIntegratedStudy\sumo\Barnim.net.xml
113000000000,113,veh_11,52.636376234705516,13.565851934777964,7314.453633,6330.850057,35.7915732244635,186.90423887703798,true,SUMO_NET_XML_UTM_WGS84_WITH_NET_OFFSET,C:\Users\raffa\IdeaProjects\maga-core\data\mosaic-scenarios\MaGaIntegratedStudy\sumo\Barnim.net.xml
114000000000,114,veh_0,52.62281557381068,13.562949655168062,7087.993559,4826.469362,32.99121979882009,197.35905646699592,true,SUMO_NET_XML_UTM_WGS84_WITH_NET_OFFSET,C:\Users\raffa\IdeaProjects\maga-core\data\mosaic-scenarios\MaGaIntegratedStudy\sumo\Barnim.net.xml
114000000000,114,veh_1,52.62399434883621,13.563240874235273,7110.318832,4957.186260,33.16150433739647,187.14832257868892,true,SUMO_NET_XML_UTM_WGS84_WITH_NET_OFFSET,C:\Users\raffa\IdeaProjects\maga-core\data\mosaic-scenarios\MaGaIntegratedStudy\sumo\Barnim.net.xml
114000000000,114,veh_2,52.625161323011405,13.563460347640717,7127.760860,5086.687488,33.18610781139694,187.9109781042538,true,SUMO_NET_XML_UTM_WGS84_WITH_NET_OFFSET,C:\Users\raffa\IdeaProjects\maga-core\data\mosaic-scenarios\MaGaIntegratedStudy\sumo\Barnim.net.xml
114000000000,114,veh_3,52.62635552532371,13.563693292146581,7146.174243,5219.199089,33.326626855991776,187.9109781042538,true,SUMO_NET_XML_UTM_WGS84_WITH_NET_OFFSET,C:\Users\raffa\IdeaProjects\maga-core\data\mosaic-scenarios\MaGaIntegratedStudy\sumo\Barnim.net.xml
114000000000,114,veh_4,52.627493366519836,13.56392721163349,7164.527906,5345.440662,32.10633256530389,208.3876607568539,true,SUMO_NET_XML_UTM_WGS84_WITH_NET_OFFSET,C:\Users\raffa\IdeaProjects\maga-core\data\mosaic-scenarios\MaGaIntegratedStudy\sumo\Barnim.net.xml
114000000000,114,veh_5,52.62866205679718,13.56435175678302,7195.850520,5474.856546,32.20387674741912,191.04915082583844,true,SUMO_NET_XML_UTM_WGS84_WITH_NET_OFFSET,C:\Users\raffa\IdeaProjects\maga-core\data\mosaic-scenarios\MaGaIntegratedStudy\sumo\Barnim.net.xml
114000000000,114,veh_6,52.62975539384978,13.564652882409309,7218.652039,5596.057750,32.38052473244723,189.36008626206416,true,SUMO_NET_XML_UTM_WGS84_WITH_NET_OFFSET,C:\Users\raffa\IdeaProjects\maga-core\data\mosaic-scenarios\MaGaIntegratedStudy\sumo\Barnim.net.xml
114000000000,114,veh_7,52.630971412082616,13.564934102967529,7240.377162,5730.931182,34.923042898010465,188.25471148991207,true,SUMO_NET_XML_UTM_WGS84_WITH_NET_OFFSET,C:\Users\raffa\IdeaProjects\maga-core\data\mosaic-scenarios\MaGaIntegratedStudy\sumo\Barnim.net.xml
114000000000,114,veh_8,52.63220418249356,13.56517295973176,7259.271450,5867.725066,35.03911139032803,187.02911890487374,true,SUMO_NET_XML_UTM_WGS84_WITH_NET_OFFSET,C:\Users\raffa\IdeaProjects\maga-core\data\mosaic-scenarios\MaGaIntegratedStudy\sumo\Barnim.net.xml
114000000000,114,veh_9,52.63348863540894,13.565386012859676,7276.533115,6010.302215,35.7731875280058,186.60141597942766,true,SUMO_NET_XML_UTM_WGS84_WITH_NET_OFFSET,C:\Users\raffa\IdeaProjects\maga-core\data\mosaic-scenarios\MaGaIntegratedStudy\sumo\Barnim.net.xml
114000000000,114,veh_10,52.63471560675154,13.56557881973245,7292.296684,6146.513282,35.80424149857368,186.601415979438,true,SUMO_NET_XML_UTM_WGS84_WITH_NET_OFFSET,C:\Users\raffa\IdeaProjects\maga-core\data\mosaic-scenarios\MaGaIntegratedStudy\sumo\Barnim.net.xml
114000000000,114,veh_11,52.6360564642099,13.565798876398814,7310.155569,6295.354790,35.75574414531235,186.9042388770496,true,SUMO_NET_XML_UTM_WGS84_WITH_NET_OFFSET,C:\Users\raffa\IdeaProjects\maga-core\data\mosaic-scenarios\MaGaIntegratedStudy\sumo\Barnim.net.xml
115000000000,115,veh_0,52.62253608457342,13.562784803000461,7076.215236,4795.605502,33.069023243146944,202.98606077669882,true,SUMO_NET_XML_UTM_WGS84_WITH_NET_OFFSET,C:\Users\raffa\IdeaProjects\maga-core\data\mosaic-scenarios\MaGaIntegratedStudy\sumo\Barnim.net.xml
115000000000,115,veh_1,52.62370034481709,13.563203423459377,7107.132137,4924.536044,32.851100506512445,182.9272649729268,true,SUMO_NET_XML_UTM_WGS84_WITH_NET_OFFSET,C:\Users\raffa\IdeaProjects\maga-core\data\mosaic-scenarios\MaGaIntegratedStudy\sumo\Barnim.net.xml
115000000000,115,veh_2,52.62486862415283,13.563403254827012,7123.247743,5054.208919,32.77791090718936,187.91097810424347,true,SUMO_NET_XML_UTM_WGS84_WITH_NET_OFFSET,C:\Users\raffa\IdeaProjects\maga-core\data\mosaic-scenarios\MaGaIntegratedStudy\sumo\Barnim.net.xml
115000000000,115,veh_3,52.62606156635808,13.56363595054229,7141.641694,5186.580679,32.919040729426776,187.91097810424347,true,SUMO_NET_XML_UTM_WGS84_WITH_NET_OFFSET,C:\Users\raffa\IdeaProjects\maga-core\data\mosaic-scenarios\MaGaIntegratedStudy\sumo\Barnim.net.xml
115000000000,115,veh_4,52.627204788148696,13.56386146392532,7159.438541,5313.432027,32.39813832896296,189.03438941908115,true,SUMO_NET_XML_UTM_WGS84_WITH_NET_OFFSET,C:\Users\raffa\IdeaProjects\maga-core\data\mosaic-scenarios\MaGaIntegratedStudy\sumo\Barnim.net.xml
115000000000,115,veh_5,52.62837168420005,13.56426840189483,7189.565830,5442.672047,32.79672472308855,191.0491508258282,true,SUMO_NET_XML_UTM_WGS84_WITH_NET_OFFSET,C:\Users\raffa\IdeaProjects\maga-core\data\mosaic-scenarios\MaGaIntegratedStudy\sumo\Barnim.net.xml
115000000000,115,veh_6,52.62946731834682,13.56457719208145,7212.891425,5564.118386,32.4601871252479,190.49828346892053,true,SUMO_NET_XML_UTM_WGS84_WITH_NET_OFFSET,C:\Users\raffa\IdeaProjects\maga-core\data\mosaic-scenarios\MaGaIntegratedStudy\sumo\Barnim.net.xml
115000000000,115,veh_7,52.63068141166279,13.56487271588001,7235.580528,5698.758416,32.55946354709565,189.36008626207445,true,SUMO_NET_XML_UTM_WGS84_WITH_NET_OFFSET,C:\Users\raffa\IdeaProjects\maga-core\data\mosaic-scenarios\MaGaIntegratedStudy\sumo\Barnim.net.xml
115000000000,115,veh_8,52.63188705352131,13.565115726932818,7254.696098,5832.529290,35.493842289308084,187.76400786501054,true,SUMO_NET_XML_UTM_WGS84_WITH_NET_OFFSET,C:\Users\raffa\IdeaProjects\maga-core\data\mosaic-scenarios\MaGaIntegratedStudy\sumo\Barnim.net.xml
115000000000,115,veh_9,52.63317297397723,13.565336411321127,7272.477641,5975.259368,35.27791919702664,186.60141597942766,true,SUMO_NET_XML_UTM_WGS84_WITH_NET_OFFSET,C:\Users\raffa\IdeaProjects\maga-core\data\mosaic-scenarios\MaGaIntegratedStudy\sumo\Barnim.net.xml
115000000000,115,veh_10,52.63439603498889,13.565528601086537,7288.190971,6111.036319,35.71494689717889,186.60141597942766,true,SUMO_NET_XML_UTM_WGS84_WITH_NET_OFFSET,C:\Users\raffa\IdeaProjects\maga-core\data\mosaic-scenarios\MaGaIntegratedStudy\sumo\Barnim.net.xml
115000000000,115,veh_11,52.635739327908404,13.565746255828653,7305.892912,6260.151927,35.46119286123663,186.90423887703798,true,SUMO_NET_XML_UTM_WGS84_WITH_NET_OFFSET,C:\Users\raffa\IdeaProjects\maga-core\data\mosaic-scenarios\MaGaIntegratedStudy\sumo\Barnim.net.xml
116000000000,116,veh_0,52.62226134482134,13.562593242321325,7062.639434,4765.305982,33.237798903365615,206.2505403088144,true,SUMO_NET_XML_UTM_WGS84_WITH_NET_OFFSET,C:\Users\raffa\IdeaProjects\maga-core\data\mosaic-scenarios\MaGaIntegratedStudy\sumo\Barnim.net.xml
116000000000,116,veh_1,52.623407528893516,13.563182195313738,7105.046110,4891.996090,32.69200298927724,186.70118713212764,true,SUMO_NET_XML_UTM_WGS84_WITH_NET_OFFSET,C:\Users\raffa\IdeaProjects\maga-core\data\mosaic-scenarios\MaGaIntegratedStudy\sumo\Barnim.net.xml
116000000000,116,veh_2,52.62457177917427,13.563345354033423,7118.670698,5021.270291,33.24221042505931,187.91097810424347,true,SUMO_NET_XML_UTM_WGS84_WITH_NET_OFFSET,C:\Users\raffa\IdeaProjects\maga-core\data\mosaic-scenarios\MaGaIntegratedStudy\sumo\Barnim.net.xml
116000000000,116,veh_3,52.62576580849398,13.563578258778135,7137.081409,5153.762663,33.12048652616329,187.91097810424347,true,SUMO_NET_XML_UTM_WGS84_WITH_NET_OFFSET,C:\Users\raffa\IdeaProjects\maga-core\data\mosaic-scenarios\MaGaIntegratedStudy\sumo\Barnim.net.xml
116000000000,116,veh_4,52.62690811555595,13.563801086096692,7154.694625,5280.515872,33.24456786452327,187.91097810424347,true,SUMO_NET_XML_UTM_WGS84_WITH_NET_OFFSET,C:\Users\raffa\IdeaProjects\maga-core\data\mosaic-scenarios\MaGaIntegratedStudy\sumo\Barnim.net.xml
116000000000,116,veh_5,52.62808157659142,13.564185553678435,7183.315947,5410.516348,32.76183480135631,190.8465233570806,true,SUMO_NET_XML_UTM_WGS84_WITH_NET_OFFSET,C:\Users\raffa\IdeaProjects\maga-core\data\mosaic-scenarios\MaGaIntegratedStudy\sumo\Barnim.net.xml
116000000000,116,veh_6,52.62917437820751,13.564497859223927,7206.873449,5531.642867,33.03279285139404,190.49828346892053,true,SUMO_NET_XML_UTM_WGS84_WITH_NET_OFFSET,C:\Users\raffa\IdeaProjects\maga-core\data\mosaic-scenarios\MaGaIntegratedStudy\sumo\Barnim.net.xml
116000000000,116,veh_7,52.63039030341476,13.56480360680134,7230.258791,5666.472843,32.72558339121286,189.36008626206416,true,SUMO_NET_XML_UTM_WGS84_WITH_NET_OFFSET,C:\Users\raffa\IdeaProjects\maga-core\data\mosaic-scenarios\MaGaIntegratedStudy\sumo\Barnim.net.xml
116000000000,116,veh_8,52.63156962341376,13.565055146082514,7249.893448,5797.304536,35.55184364778921,187.7640078650209,true,SUMO_NET_XML_UTM_WGS84_WITH_NET_OFFSET,C:\Users\raffa\IdeaProjects\maga-core\data\mosaic-scenarios\MaGaIntegratedStudy\sumo\Barnim.net.xml
116000000000,116,veh_9,52.63285657593154,13.565283553356675,7268.200121,5940.138981,35.38126485295594,187.02911890487374,true,SUMO_NET_XML_UTM_WGS84_WITH_NET_OFFSET,C:\Users\raffa\IdeaProjects\maga-core\data\mosaic-scenarios\MaGaIntegratedStudy\sumo\Barnim.net.xml
116000000000,116,veh_10,52.63407559476229,13.565478246662968,7284.074101,6075.462948,35.81200166869908,186.60141597942766,true,SUMO_NET_XML_UTM_WGS84_WITH_NET_OFFSET,C:\Users\raffa\IdeaProjects\maga-core\data\mosaic-scenarios\MaGaIntegratedStudy\sumo\Barnim.net.xml
116000000000,116,veh_11,52.63541820944306,13.565692975258566,7301.576731,6224.507039,35.90646207599435,186.90423887703798,true,SUMO_NET_XML_UTM_WGS84_WITH_NET_OFFSET,C:\Users\raffa\IdeaProjects\maga-core\data\mosaic-scenarios\MaGaIntegratedStudy\sumo\Barnim.net.xml
117000000000,117,veh_0,52.621994127657906,13.562376575817229,7047.380759,4735.877093,33.176858029696156,208.0566873785172,true,SUMO_NET_XML_UTM_WGS84_WITH_NET_OFFSET,C:\Users\raffa\IdeaProjects\maga-core\data\mosaic-scenarios\MaGaIntegratedStudy\sumo\Barnim.net.xml
117000000000,117,veh_1,52.62312509642674,13.56308955517987,7098.149373,4860.707393,32.06991703186184,194.9415724915841,true,SUMO_NET_XML_UTM_WGS84_WITH_NET_OFFSET,C:\Users\raffa\IdeaProjects\maga-core\data\mosaic-scenarios\MaGaIntegratedStudy\sumo\Barnim.net.xml
117000000000,117,veh_2,52.62427723623073,13.563289785892753,7114.256593,4988.584566,32.97023579542991,187.14832257868892,true,SUMO_NET_XML_UTM_WGS84_WITH_NET_OFFSET,C:\Users\raffa\IdeaProjects\maga-core\data\mosaic-scenarios\MaGaIntegratedStudy\sumo\Barnim.net.xml
117000000000,117,veh_3,52.625477528546604,13.5635220264071,7132.636426,5121.774419,32.28306697147898,187.9109781042538,true,SUMO_NET_XML_UTM_WGS84_WITH_NET_OFFSET,C:\Users\raffa\IdeaProjects\maga-core\data\mosaic-scenarios\MaGaIntegratedStudy\sumo\Barnim.net.xml
117000000000,117,veh_4,52.62661336057092,13.563743587824437,7150.149801,5247.809126,33.008190788184294,187.9109781042538,true,SUMO_NET_XML_UTM_WGS84_WITH_NET_OFFSET,C:\Users\raffa\IdeaProjects\maga-core\data\mosaic-scenarios\MaGaIntegratedStudy\sumo\Barnim.net.xml
117000000000,117,veh_5,52.62779697690692,13.564105561568836,7177.271498,5378.969429,32.1250335848378,190.84652335707233,true,SUMO_NET_XML_UTM_WGS84_WITH_NET_OFFSET,C:\Users\raffa\IdeaProjects\maga-core\data\mosaic-scenarios\MaGaIntegratedStudy\sumo\Barnim.net.xml
117000000000,117,veh_6,52.62888633635351,13.564416139625962,7200.704724,5499.715387,32.52251934699714,191.0491508258282,true,SUMO_NET_XML_UTM_WGS84_WITH_NET_OFFSET,C:\Users\raffa\IdeaProjects\maga-core\data\mosaic-scenarios\MaGaIntegratedStudy\sumo\Barnim.net.xml
117000000000,117,veh_7,52.63010500865959,13.56473587871154,7225.043330,5634.832024,32.072041407548824,189.36008626207445,true,SUMO_NET_XML_UTM_WGS84_WITH_NET_OFFSET,C:\Users\raffa\IdeaProjects\maga-core\data\mosaic-scenarios\MaGaIntegratedStudy\sumo\Barnim.net.xml
117000000000,117,veh_8,52.63125664089181,13.564992609861232,7244.968260,5762.577109,35.07642248288263,188.25471148992239,true,SUMO_NET_XML_UTM_WGS84_WITH_NET_OFFSET,C:\Users\raffa\IdeaProjects\maga-core\data\mosaic-scenarios\MaGaIntegratedStudy\sumo\Barnim.net.xml
117000000000,117,veh_9,52.632540011592575,13.565229889032429,7263.867614,5905.001190,35.40507291582413,187.02911890487374,true,SUMO_NET_XML_UTM_WGS84_WITH_NET_OFFSET,C:\Users\raffa\IdeaProjects\maga-core\data\mosaic-scenarios\MaGaIntegratedStudy\sumo\Barnim.net.xml
117000000000,117,veh_10,52.633760113685234,13.565428672207773,7280.020944,6040.440116,35.25776965924538,186.601415979438,true,SUMO_NET_XML_UTM_WGS84_WITH_NET_OFFSET,C:\Users\raffa\IdeaProjects\maga-core\data\mosaic-scenarios\MaGaIntegratedStudy\sumo\Barnim.net.xml
117000000000,117,veh_11,52.6350970619682,13.565639690617049,7297.260160,6188.858935,35.90970186925493,186.90423887703923,true,SUMO_NET_XML_UTM_WGS84_WITH_NET_OFFSET,C:\Users\raffa\IdeaProjects\maga-core\data\mosaic-scenarios\MaGaIntegratedStudy\sumo\Barnim.net.xml
118000000000,118,veh_0,52.62173008486557,13.562144738892078,7031.102067,4706.821804,33.32956429994199,209.4427559033446,true,SUMO_NET_XML_UTM_WGS84_WITH_NET_OFFSET,C:\Users\raffa\IdeaProjects\maga-core\data\mosaic-scenarios\MaGaIntegratedStudy\sumo\Barnim.net.xml
118000000000,118,veh_1,52.622841942013466,13.56296225716826,7088.905031,4829.385173,32.6847839828534,197.35905646700897,true,SUMO_NET_XML_UTM_WGS84_WITH_NET_OFFSET,C:\Users\raffa\IdeaProjects\maga-core\data\mosaic-scenarios\MaGaIntegratedStudy\sumo\Barnim.net.xml
118000000000,118,veh_2,52.62398990686932,13.563240106217284,7110.257001,4956.693236,32.128681291542016,187.14832257869926,true,SUMO_NET_XML_UTM_WGS84_WITH_NET_OFFSET,C:\Users\raffa\IdeaProjects\maga-core\data\mosaic-scenarios\MaGaIntegratedStudy\sumo\Barnim.net.xml
118000000000,118,veh_3,52.625183457853495,13.563464665215228,7128.102156,5089.143624,32.93154032702557,187.91097810425234,true,SUMO_NET_XML_UTM_WGS84_WITH_NET_OFFSET,C:\Users\raffa\IdeaProjects\maga-core\data\mosaic-scenarios\MaGaIntegratedStudy\sumo\Barnim.net.xml
118000000000,118,veh_4,52.626325921871384,13.56368751746549,7145.717788,5215.914217,32.188871263149196,187.9109781042538,true,SUMO_NET_XML_UTM_WGS84_WITH_NET_OFFSET,C:\Users\raffa\IdeaProjects\maga-core\data\mosaic-scenarios\MaGaIntegratedStudy\sumo\Barnim.net.xml
118000000000,118,veh_5,52.62752974643984,13.563948135655084,7166.024678,5349.458825,32.15174932491034,242.85904170182926,true,SUMO_NET_XML_UTM_WGS84_WITH_NET_OFFSET,C:\Users\raffa\IdeaProjects\maga-core\data\mosaic-scenarios\MaGaIntegratedStudy\sumo\Barnim.net.xml
118000000000,118,veh_6,52.62859920795808,13.564333715188313,7194.490249,5467.890466,32.43030736993067,191.0491508258282,true,SUMO_NET_XML_UTM_WGS84_WITH_NET_OFFSET,C:\Users\raffa\IdeaProjects\maga-core\data\mosaic-scenarios\MaGaIntegratedStudy\sumo\Barnim.net.xml
118000000000,118,veh_7,52.629818273839895,13.564667809618685,7219.801545,5603.031499,32.233924254863524,189.36008626206416,true,SUMO_NET_XML_UTM_WGS84_WITH_NET_OFFSET,C:\Users\raffa\IdeaProjects\maga-core\data\mosaic-scenarios\MaGaIntegratedStudy\sumo\Barnim.net.xml
118000000000,118,veh_8,52.63094142765755,13.564927952524949,7239.894527,5727.604432,35.33998742444906,188.25471148992239,true,SUMO_NET_XML_UTM_WGS84_WITH_NET_OFFSET,C:\Users\raffa\IdeaProjects\maga-core\data\mosaic-scenarios\MaGaIntegratedStudy\sumo\Barnim.net.xml
118000000000,118,veh_9,52.63222043722473,13.565175715192979,7259.493913,5869.529297,35.74171545639634,187.02911890487374,true,SUMO_NET_XML_UTM_WGS84_WITH_NET_OFFSET,C:\Users\raffa\IdeaProjects\maga-core\data\mosaic-scenarios\MaGaIntegratedStudy\sumo\Barnim.net.xml
118000000000,118,veh_10,52.633441396812174,13.565378589967864,7275.926215,6005.058068,35.61939452575985,186.601415979438,true,SUMO_NET_XML_UTM_WGS84_WITH_NET_OFFSET,C:\Users\raffa\IdeaProjects\maga-core\data\mosaic-scenarios\MaGaIntegratedStudy\sumo\Barnim.net.xml
118000000000,118,veh_11,52.63477804927061,13.565588632253414,7293.098917,6153.445280,35.658605796624904,186.60141597942766,true,SUMO_NET_XML_UTM_WGS84_WITH_NET_OFFSET,C:\Users\raffa\IdeaProjects\maga-core\data\mosaic-scenarios\MaGaIntegratedStudy\sumo\Barnim.net.xml
119000000000,119,veh_0,52.62147082656893,13.561915860412984,7015.034063,4678.294731,32.76462755859364,209.10087432509735,true,SUMO_NET_XML_UTM_WGS84_WITH_NET_OFFSET,C:\Users\raffa\IdeaProjects\maga-core\data\mosaic-scenarios\MaGaIntegratedStudy\sumo\Barnim.net.xml
119000000000,119,veh_1,52.62256820754026,13.562805962120427,7077.718700,4799.149839,32.27337977806572,202.84184584081495,true,SUMO_NET_XML_UTM_WGS84_WITH_NET_OFFSET,C:\Users\raffa\IdeaProjects\maga-core\data\mosaic-scenarios\MaGaIntegratedStudy\sumo\Barnim.net.xml
119000000000,119,veh_2,52.62369470566586,13.563203217961089,7107.105726,4923.909103,32.983185708285305,182.60464755769246,true,SUMO_NET_XML_UTM_WGS84_WITH_NET_OFFSET,C:\Users\raffa\IdeaProjects\maga-core\data\mosaic-scenarios\MaGaIntegratedStudy\sumo\Barnim.net.xml
119000000000,119,veh_3,52.624891357354755,13.563407689059497,7123.598265,5056.731450,32.7109038301697,187.9109781042538,true,SUMO_NET_XML_UTM_WGS84_WITH_NET_OFFSET,C:\Users\raffa\IdeaProjects\maga-core\data\mosaic-scenarios\MaGaIntegratedStudy\sumo\Barnim.net.xml
119000000000,119,veh_4,52.62603006699642,13.563629806109684,7141.156006,5183.085433,33.131354002347216,187.91097810425234,true,SUMO_NET_XML_UTM_WGS84_WITH_NET_OFFSET,C:\Users\raffa\IdeaProjects\maga-core\data\mosaic-scenarios\MaGaIntegratedStudy\sumo\Barnim.net.xml
119000000000,119,veh_5,52.62723801183167,13.563869033337614,7160.024473,5317.117142,32.57276852428447,189.03438941907947,true,SUMO_NET_XML_UTM_WGS84_WITH_NET_OFFSET,C:\Users\raffa\IdeaProjects\maga-core\data\mosaic-scenarios\MaGaIntegratedStudy\sumo\Barnim.net.xml
119000000000,119,veh_6,52.62831198087255,13.564251263483255,7188.273639,5436.054614,32.44144697859417,191.0491508258282,true,SUMO_NET_XML_UTM_WGS84_WITH_NET_OFFSET,C:\Users\raffa\IdeaProjects\maga-core\data\mosaic-scenarios\MaGaIntegratedStudy\sumo\Barnim.net.xml
119000000000,119,veh_7,52.62952888023646,13.564593864154295,7214.156113,5570.943175,32.587077725371344,190.49828346892053,true,SUMO_NET_XML_UTM_WGS84_WITH_NET_OFFSET,C:\Users\raffa\IdeaProjects\maga-core\data\mosaic-scenarios\MaGaIntegratedStudy\sumo\Barnim.net.xml
119000000000,119,veh_8,52.63064618135267,13.56486435215926,7234.936484,5694.851173,33.1582679035794,189.36008626206416,true,SUMO_NET_XML_UTM_WGS84_WITH_NET_OFFSET,C:\Users\raffa\IdeaProjects\maga-core\data\mosaic-scenarios\MaGaIntegratedStudy\sumo\Barnim.net.xml
119000000000,119,veh_9,52.6319073993475,13.565119609918494,7255.003926,5834.787037,35.03308602968696,187.76400786501944,true,SUMO_NET_XML_UTM_WGS84_WITH_NET_OFFSET,C:\Users\raffa\IdeaProjects\maga-core\data\mosaic-scenarios\MaGaIntegratedStudy\sumo\Barnim.net.xml
119000000000,119,veh_10,52.63312417127923,13.565328742757233,7271.850647,5969.841584,35.45272061076481,186.601415979438,true,SUMO_NET_XML_UTM_WGS84_WITH_NET_OFFSET,C:\Users\raffa\IdeaProjects\maga-core\data\mosaic-scenarios\MaGaIntegratedStudy\sumo\Barnim.net.xml
119000000000,119,veh_11,52.634458478823845,13.565538413678867,7288.993221,6117.968463,35.71480055268854,186.60141597942766,true,SUMO_NET_XML_UTM_WGS84_WITH_NET_OFFSET,C:\Users\raffa\IdeaProjects\maga-core\data\mosaic-scenarios\MaGaIntegratedStudy\sumo\Barnim.net.xml
120000000000,120,veh_0,52.621209613976625,13.561696027654367,6999.573851,4649.538126,32.67229497208726,208.26349583882364,true,SUMO_NET_XML_UTM_WGS84_WITH_NET_OFFSET,C:\Users\raffa\IdeaProjects\maga-core\data\mosaic-scenarios\MaGaIntegratedStudy\sumo\Barnim.net.xml
120000000000,120,veh_1,52.622296233617526,13.562620107084907,7064.535260,4769.150245,32.80120149650145,206.2505403088144,true,SUMO_NET_XML_UTM_WGS84_WITH_NET_OFFSET,C:\Users\raffa\IdeaProjects\maga-core\data\mosaic-scenarios\MaGaIntegratedStudy\sumo\Barnim.net.xml
120000000000,120,veh_2,52.623403384770924,13.563180870873776,7104.947275,4891.536945,32.53322127032559,187.22011254742532,true,SUMO_NET_XML_UTM_WGS84_WITH_NET_OFFSET,C:\Users\raffa\IdeaProjects\maga-core\data\mosaic-scenarios\MaGaIntegratedStudy\sumo\Barnim.net.xml
120000000000,120,veh_3,52.62460292905113,13.56335142990542,7119.150997,5024.726756,32.29966872806661,187.9109781042538,true,SUMO_NET_XML_UTM_WGS84_WITH_NET_OFFSET,C:\Users\raffa\IdeaProjects\maga-core\data\mosaic-scenarios\MaGaIntegratedStudy\sumo\Barnim.net.xml
120000000000,120,veh_4,52.625732889969115,13.56357183759943,7136.573839,5150.109944,33.27941126769409,187.91097810424205,true,SUMO_NET_XML_UTM_WGS84_WITH_NET_OFFSET,C:\Users\raffa\IdeaProjects\maga-core\data\mosaic-scenarios\MaGaIntegratedStudy\sumo\Barnim.net.xml
120000000000,120,veh_5,52.62695138186288,13.563809526178945,7155.361748,5285.316809,32.12934093230404,187.9109781042538,true,SUMO_NET_XML_UTM_WGS84_WITH_NET_OFFSET,C:\Users\raffa\IdeaProjects\maga-core\data\mosaic-scenarios\MaGaIntegratedStudy\sumo\Barnim.net.xml
120000000000,120,veh_6,52.62802694639492,13.564170198752091,7182.155687,5404.460774,32.18506771900691,190.84652335708256,true,SUMO_NET_XML_UTM_WGS84_WITH_NET_OFFSET,C:\Users\raffa\IdeaProjects\maga-core\data\mosaic-scenarios\MaGaIntegratedStudy\sumo\Barnim.net.xml
120000000000,120,veh_7,52.62923564259218,13.564514450509535,7208.132026,5538.434673,33.06634179974906,190.4982834689224,true,SUMO_NET_XML_UTM_WGS84_WITH_NET_OFFSET,C:\Users\raffa\IdeaProjects\maga-core\data\mosaic-scenarios\MaGaIntegratedStudy\sumo\Barnim.net.xml
120000000000,120,veh_8,52.63035966424804,13.56479633311712,7229.698677,5663.074784,32.20945916124154,189.36008626206416,true,SUMO_NET_XML_UTM_WGS84_WITH_NET_OFFSET,C:\Users\raffa\IdeaProjects\maga-core\data\mosaic-scenarios\MaGaIntegratedStudy\sumo\Barnim.net.xml
120000000000,120,veh_9,52.63159163235893,13.565059346415005,7250.226439,5799.746837,35.36557634863071,187.76400786500912,true,SUMO_NET_XML_UTM_WGS84_WITH_NET_OFFSET,C:\Users\raffa\IdeaProjects\maga-core\data\mosaic-scenarios\MaGaIntegratedStudy\sumo\Barnim.net.xml
120000000000,120,veh_10,52.63280674300691,13.565275105577246,7267.518106,5934.607660,35.50053383585997,187.02911890487505,true,SUMO_NET_XML_UTM_WGS84_WITH_NET_OFFSET,C:\Users\raffa\IdeaProjects\maga-core\data\mosaic-scenarios\MaGaIntegratedStudy\sumo\Barnim.net.xml
120000000000,120,veh_11,52.634142823660795,13.56548881104797,7284.937827,6082.926300,35.27722964483779,186.601415979438,true,SUMO_NET_XML_UTM_WGS84_WITH_NET_OFFSET,C:\Users\raffa\IdeaProjects\maga-core\data\mosaic-scenarios\MaGaIntegratedStudy\sumo\Barnim.net.xml
121000000000,121,veh_0,52.620947507408516,13.56148959676938,6985.018667,4620.664033,32.362323469407855,206.20459453012833,true,SUMO_NET_XML_UTM_WGS84_WITH_NET_OFFSET,C:\Users\raffa\IdeaProjects\maga-core\data\mosaic-scenarios\MaGaIntegratedStudy\sumo\Barnim.net.xml
121000000000,121,veh_1,52.622031615052606,13.562407845625536,7049.580546,4740.004434,32.785931311449964,208.05668737852216,true,SUMO_NET_XML_UTM_WGS84_WITH_NET_OFFSET,C:\Users\raffa\IdeaProjects\maga-core\data\mosaic-scenarios\MaGaIntegratedStudy\sumo\Barnim.net.xml
121000000000,121,veh_2,52.6231212783594,13.563087931763738,7098.031023,4860.284917,32.038972696773705,195.26738013465427,true,SUMO_NET_XML_UTM_WGS84_WITH_NET_OFFSET,C:\Users\raffa\IdeaProjects\maga-core\data\mosaic-scenarios\MaGaIntegratedStudy\sumo\Barnim.net.xml
121000000000,121,veh_3,52.6243061775992,13.56329478993295,7114.659453,4991.796834,33.222382371705024,187.1483225786876,true,SUMO_NET_XML_UTM_WGS84_WITH_NET_OFFSET,C:\Users\raffa\IdeaProjects\maga-core\data\mosaic-scenarios\MaGaIntegratedStudy\sumo\Barnim.net.xml
121000000000,121,veh_4,52.625439021314676,13.563514515175491,7132.042684,5117.501563,32.90891855421476,187.9109781042538,true,SUMO_NET_XML_UTM_WGS84_WITH_NET_OFFSET,C:\Users\raffa\IdeaProjects\maga-core\data\mosaic-scenarios\MaGaIntegratedStudy\sumo\Barnim.net.xml
121000000000,121,veh_5,52.62665512864337,13.563751735536307,7150.793823,5252.443815,33.175971446856856,187.91097810424205,true,SUMO_NET_XML_UTM_WGS84_WITH_NET_OFFSET,C:\Users\raffa\IdeaProjects\maga-core\data\mosaic-scenarios\MaGaIntegratedStudy\sumo\Barnim.net.xml
121000000000,121,veh_6,52.62773824073066,13.564089052785643,7176.024034,5372.458721,32.588506862726064,190.8465233570806,true,SUMO_NET_XML_UTM_WGS84_WITH_NET_OFFSET,C:\Users\raffa\IdeaProjects\maga-core\data\mosaic-scenarios\MaGaIntegratedStudy\sumo\Barnim.net.xml
121000000000,121,veh_7,52.628941057362255,13.564431848218554,7201.889080,5505.780590,33.25029350856319,191.0491508258282,true,SUMO_NET_XML_UTM_WGS84_WITH_NET_OFFSET,C:\Users\raffa\IdeaProjects\maga-core\data\mosaic-scenarios\MaGaIntegratedStudy\sumo\Barnim.net.xml
121000000000,121,veh_8,52.63006785563372,13.56472705876155,7224.364138,5630.711541,32.804310676753516,189.36008626206416,true,SUMO_NET_XML_UTM_WGS84_WITH_NET_OFFSET,C:\Users\raffa\IdeaProjects\maga-core\data\mosaic-scenarios\MaGaIntegratedStudy\sumo\Barnim.net.xml
121000000000,121,veh_9,52.631275865480184,13.564996553286443,7245.277703,5764.710063,35.38604533622507,188.25471148991207,true,SUMO_NET_XML_UTM_WGS84_WITH_NET_OFFSET,C:\Users\raffa\IdeaProjects\maga-core\data\mosaic-scenarios\MaGaIntegratedStudy\sumo\Barnim.net.xml
121000000000,121,veh_10,52.632495311003275,13.5652223114003,7263.255841,5900.039545,34.831063564298674,187.02911890487374,true,SUMO_NET_XML_UTM_WGS84_WITH_NET_OFFSET,C:\Users\raffa\IdeaProjects\maga-core\data\mosaic-scenarios\MaGaIntegratedStudy\sumo\Barnim.net.xml
121000000000,121,veh_11,52.63382796565345,13.565439334357164,7280.892675,6047.972637,35.1881369384611,186.601415979438,true,SUMO_NET_XML_UTM_WGS84_WITH_NET_OFFSET,C:\Users\raffa\IdeaProjects\maga-core\data\mosaic-scenarios\MaGaIntegratedStudy\sumo\Barnim.net.xml
122000000000,122,veh_0,52.62068062084528,13.561299110782514,6971.532041,4591.236785,32.397409865465015,203.76537332250956,true,SUMO_NET_XML_UTM_WGS84_WITH_NET_OFFSET,C:\Users\raffa\IdeaProjects\maga-core\data\mosaic-scenarios\MaGaIntegratedStudy\sumo\Barnim.net.xml
122000000000,122,veh_1,52.62176789696652,13.562178193377187,7033.450480,4710.982304,33.228927016835655,209.4427559033588,true,SUMO_NET_XML_UTM_WGS84_WITH_NET_OFFSET,C:\Users\raffa\IdeaProjects\maga-core\data\mosaic-scenarios\MaGaIntegratedStudy\sumo\Barnim.net.xml
122000000000,122,veh_2,52.62283578865532,13.562959316328577,7088.692327,4828.704731,32.95915157203097,197.35905646699592,true,SUMO_NET_XML_UTM_WGS84_WITH_NET_OFFSET,C:\Users\raffa\IdeaProjects\maga-core\data\mosaic-scenarios\MaGaIntegratedStudy\sumo\Barnim.net.xml
122000000000,122,veh_3,52.62401191474605,13.563243911390085,7110.563348,4959.135940,32.90397286738269,187.1483225786876,true,SUMO_NET_XML_UTM_WGS84_WITH_NET_OFFSET,C:\Users\raffa\IdeaProjects\maga-core\data\mosaic-scenarios\MaGaIntegratedStudy\sumo\Barnim.net.xml
122000000000,122,veh_4,52.625146861213615,13.563457526755924,7127.537874,5085.082772,32.71758193743415,187.91097810424347,true,SUMO_NET_XML_UTM_WGS84_WITH_NET_OFFSET,C:\Users\raffa\IdeaProjects\maga-core\data\mosaic-scenarios\MaGaIntegratedStudy\sumo\Barnim.net.xml
122000000000,122,veh_5,52.626364387388755,13.563695020851798,7146.310887,5220.182446,32.558709001978855,187.9109781042538,true,SUMO_NET_XML_UTM_WGS84_WITH_NET_OFFSET,C:\Users\raffa\IdeaProjects\maga-core\data\mosaic-scenarios\MaGaIntegratedStudy\sumo\Barnim.net.xml
122000000000,122,veh_6,52.62746278014168,13.563920243004011,7163.988485,5342.048071,32.86019297642167,189.03438941908115,true,SUMO_NET_XML_UTM_WGS84_WITH_NET_OFFSET,C:\Users\raffa\IdeaProjects\maga-core\data\mosaic-scenarios\MaGaIntegratedStudy\sumo\Barnim.net.xml
122000000000,122,veh_7,52.62864622387914,13.564347211728636,7195.507840,5473.101647,33.30057565192226,191.04915082583844,true,SUMO_NET_XML_UTM_WGS84_WITH_NET_OFFSET,C:\Users\raffa\IdeaProjects\maga-core\data\mosaic-scenarios\MaGaIntegratedStudy\sumo\Barnim.net.xml
122000000000,122,veh_8,52.62977867738086,13.56465840972949,7219.077684,5598.640026,32.50860745284706,189.36008626207445,true,SUMO_NET_XML_UTM_WGS84_WITH_NET_OFFSET,C:\Users\raffa\IdeaProjects\maga-core\data\mosaic-scenarios\MaGaIntegratedStudy\sumo\Barnim.net.xml
122000000000,122,veh_9,52.63095764157863,13.564931278343613,7240.155509,5729.403355,35.67752729662694,188.2547114899239,true,SUMO_NET_XML_UTM_WGS84_WITH_NET_OFFSET,C:\Users\raffa\IdeaProjects\maga-core\data\mosaic-scenarios\MaGaIntegratedStudy\sumo\Barnim.net.xml
122000000000,122,veh_10,52.63217257024412,13.565167600908168,7258.838804,5864.216192,36.09584920610301,187.02911890487374,true,SUMO_NET_XML_UTM_WGS84_WITH_NET_OFFSET,C:\Users\raffa\IdeaProjects\maga-core\data\mosaic-scenarios\MaGaIntegratedStudy\sumo\Barnim.net.xml
122000000000,122,veh_11,52.633505076636354,13.56538859637461,7276.744344,6012.127422,36.08566883161198,186.60141597942766,true,SUMO_NET_XML_UTM_WGS84_WITH_NET_OFFSET,C:\Users\raffa\IdeaProjects\maga-core\data\mosaic-scenarios\MaGaIntegratedStudy\sumo\Barnim.net.xml
123000000000,123,veh_0,52.62041044036951,13.561129810107822,6959.472021,4561.414582,32.19365799796768,203.27757243616665,true,SUMO_NET_XML_UTM_WGS84_WITH_NET_OFFSET,C:\Users\raffa\IdeaProjects\maga-core\data\mosaic-scenarios\MaGaIntegratedStudy\sumo\Barnim.net.xml
123000000000,123,veh_1,52.62150939973608,13.561949487693733,7017.395887,4682.539640,32.68416363296099,209.4427559033588,true,SUMO_NET_XML_UTM_WGS84_WITH_NET_OFFSET,C:\Users\raffa\IdeaProjects\maga-core\data\mosaic-scenarios\MaGaIntegratedStudy\sumo\Barnim.net.xml
123000000000,123,veh_2,52.622563507381194,13.56280286616431,7077.498717,4798.631239,32.12368853708729,202.98606077669882,true,SUMO_NET_XML_UTM_WGS84_WITH_NET_OFFSET,C:\Users\raffa\IdeaProjects\maga-core\data\mosaic-scenarios\MaGaIntegratedStudy\sumo\Barnim.net.xml
123000000000,123,veh_3,52.623720384790595,13.563204153743397,7107.225995,4926.764014,32.58078733765986,184.0740105546775,true,SUMO_NET_XML_UTM_WGS84_WITH_NET_OFFSET,C:\Users\raffa\IdeaProjects\maga-core\data\mosaic-scenarios\MaGaIntegratedStudy\sumo\Barnim.net.xml
123000000000,123,veh_4,52.624854123651275,13.563400426429025,7123.024160,5052.599909,32.78224495041184,187.9109781042538,true,SUMO_NET_XML_UTM_WGS84_WITH_NET_OFFSET,C:\Users\raffa\IdeaProjects\maga-core\data\mosaic-scenarios\MaGaIntegratedStudy\sumo\Barnim.net.xml
123000000000,123,veh_5,52.62606731763408,13.563637072417617,7141.730373,5187.218855,33.267403027829715,187.91097810424347,true,SUMO_NET_XML_UTM_WGS84_WITH_NET_OFFSET,C:\Users\raffa\IdeaProjects\maga-core\data\mosaic-scenarios\MaGaIntegratedStudy\sumo\Barnim.net.xml
123000000000,123,veh_6,52.627174719557416,13.563854613352909,7158.908251,5310.096869,32.34000687384512,189.03438941908115,true,SUMO_NET_XML_UTM_WGS84_WITH_NET_OFFSET,C:\Users\raffa\IdeaProjects\maga-core\data\mosaic-scenarios\MaGaIntegratedStudy\sumo\Barnim.net.xml
123000000000,123,veh_7,52.628360479546785,13.56426518548837,7189.323322,5441.430139,32.27397559091449,191.0491508258282,true,SUMO_NET_XML_UTM_WGS84_WITH_NET_OFFSET,C:\Users\raffa\IdeaProjects\maga-core\data\mosaic-scenarios\MaGaIntegratedStudy\sumo\Barnim.net.xml
123000000000,123,veh_8,52.62948904136198,13.5645830750615,7213.337688,5566.526613,32.628104667547156,190.49828346893077,true,SUMO_NET_XML_UTM_WGS84_WITH_NET_OFFSET,C:\Users\raffa\IdeaProjects\maga-core\data\mosaic-scenarios\MaGaIntegratedStudy\sumo\Barnim.net.xml
123000000000,123,veh_9,52.63066537874637,13.564868909643494,7235.287431,5696.980274,32.81796611633152,189.36008626206416,true,SUMO_NET_XML_UTM_WGS84_WITH_NET_OFFSET,C:\Users\raffa\IdeaProjects\maga-core\data\mosaic-scenarios\MaGaIntegratedStudy\sumo\Barnim.net.xml
123000000000,123,veh_10,52.63185207001701,13.565109050365335,7254.166805,5828.647222,35.87639381106943,187.76400786501054,true,SUMO_NET_XML_UTM_WGS84_WITH_NET_OFFSET,C:\Users\raffa\IdeaProjects\maga-core\data\mosaic-scenarios\MaGaIntegratedStudy\sumo\Barnim.net.xml
123000000000,123,veh_11,52.633182394412884,13.565337891593867,7272.598671,5976.305169,36.06255408384837,186.60141597943922,true,SUMO_NET_XML_UTM_WGS84_WITH_NET_OFFSET,C:\Users\raffa\IdeaProjects\maga-core\data\mosaic-scenarios\MaGaIntegratedStudy\sumo\Barnim.net.xml
124000000000,124,veh_0,52.62013460712329,13.560952183832644,6946.835733,4530.974928,32.98554141248576,201.51405013979948,true,SUMO_NET_XML_UTM_WGS84_WITH_NET_OFFSET,C:\Users\raffa\IdeaProjects\maga-core\data\mosaic-scenarios\MaGaIntegratedStudy\sumo\Barnim.net.xml
124000000000,124,veh_1,52.62125155016746,13.561731320351438,7002.055898,4654.154832,32.288344172034414,208.26349583883285,true,SUMO_NET_XML_UTM_WGS84_WITH_NET_OFFSET,C:\Users\raffa\IdeaProjects\maga-core\data\mosaic-scenarios\MaGaIntegratedStudy\sumo\Barnim.net.xml
124000000000,124,veh_2,52.6222971017035,13.562620775521424,7064.582431,4769.245896,32.1307468522992,206.25054030881904,true,SUMO_NET_XML_UTM_WGS84_WITH_NET_OFFSET,C:\Users\raffa\IdeaProjects\maga-core\data\mosaic-scenarios\MaGaIntegratedStudy\sumo\Barnim.net.xml
124000000000,124,veh_3,52.62342998361462,13.563185833565626,7105.342154,4894.488719,32.411019071000624,186.62830983179714,true,SUMO_NET_XML_UTM_WGS84_WITH_NET_OFFSET,C:\Users\raffa\IdeaProjects\maga-core\data\mosaic-scenarios\MaGaIntegratedStudy\sumo\Barnim.net.xml
124000000000,124,veh_4,52.624562678132655,13.563343578850958,7118.530369,5020.260418,32.63755127831362,187.91097810424205,true,SUMO_NET_XML_UTM_WGS84_WITH_NET_OFFSET,C:\Users\raffa\IdeaProjects\maga-core\data\mosaic-scenarios\MaGaIntegratedStudy\sumo\Barnim.net.xml
124000000000,124,veh_5,52.62577653777641,13.563580351663706,7137.246844,5154.953211,32.56302388163283,187.9109781042538,true,SUMO_NET_XML_UTM_WGS84_WITH_NET_OFFSET,C:\Users\raffa\IdeaProjects\maga-core\data\mosaic-scenarios\MaGaIntegratedStudy\sumo\Barnim.net.xml
124000000000,124,veh_6,52.62688505480342,13.563796587576268,7154.339051,5277.956993,32.45128800479695,187.9109781042538,true,SUMO_NET_XML_UTM_WGS84_WITH_NET_OFFSET,C:\Users\raffa\IdeaProjects\maga-core\data\mosaic-scenarios\MaGaIntegratedStudy\sumo\Barnim.net.xml
124000000000,124,veh_7,52.62807415734065,13.564183468345101,7183.158373,5409.693949,32.33377257633954,190.8465233570806,true,SUMO_NET_XML_UTM_WGS84_WITH_NET_OFFSET,C:\Users\raffa\IdeaProjects\maga-core\data\mosaic-scenarios\MaGaIntegratedStudy\sumo\Barnim.net.xml
124000000000,124,veh_8,52.62919437083337,13.56450327351253,7207.284165,5533.859261,33.22791712707374,190.49828346893267,true,SUMO_NET_XML_UTM_WGS84_WITH_NET_OFFSET,C:\Users\raffa\IdeaProjects\maga-core\data\mosaic-scenarios\MaGaIntegratedStudy\sumo\Barnim.net.xml
124000000000,124,veh_9,52.63037330526206,13.564799571468603,7229.948048,5664.587650,32.83409227572381,189.36008626207445,true,SUMO_NET_XML_UTM_WGS84_WITH_NET_OFFSET,C:\Users\raffa\IdeaProjects\maga-core\data\mosaic-scenarios\MaGaIntegratedStudy\sumo\Barnim.net.xml
124000000000,124,veh_10,52.63153270286706,13.565048099930568,7249.334848,5793.207518,35.768789865113796,187.7640078650209,true,SUMO_NET_XML_UTM_WGS84_WITH_NET_OFFSET,C:\Users\raffa\IdeaProjects\maga-core\data\mosaic-scenarios\MaGaIntegratedStudy\sumo\Barnim.net.xml
124000000000,124,veh_11,52.632864059296764,13.565284821953647,7268.302538,5940.969615,35.59712884064298,187.02911890487505,true,SUMO_NET_XML_UTM_WGS84_WITH_NET_OFFSET,C:\Users\raffa\IdeaProjects\maga-core\data\mosaic-scenarios\MaGaIntegratedStudy\sumo\Barnim.net.xml
125000000000,125,veh_0,52.61986326986762,13.56074713611547,6932.353048,4501.072433,33.213838860411194,198.21595230600158,true,SUMO_NET_XML_UTM_WGS84_WITH_NET_OFFSET,C:\Users\raffa\IdeaProjects\maga-core\data\mosaic-scenarios\MaGaIntegratedStudy\sumo\Barnim.net.xml
125000000000,125,veh_1,52.62098481288115,13.561518260491702,6987.041742,4624.774632,33.02293992230668,206.20459453011895,true,SUMO_NET_XML_UTM_WGS84_WITH_NET_OFFSET,C:\Users\raffa\IdeaProjects\maga-core\data\mosaic-scenarios\MaGaIntegratedStudy\sumo\Barnim.net.xml
125000000000,125,veh_2,52.62203173944996,13.562407949390682,7049.587846,4740.018130,32.87712629818823,208.05668737852216,true,SUMO_NET_XML_UTM_WGS84_WITH_NET_OFFSET,C:\Users\raffa\IdeaProjects\maga-core\data\mosaic-scenarios\MaGaIntegratedStudy\sumo\Barnim.net.xml
125000000000,125,veh_3,52.62314410388582,13.563097637025795,7098.738556,4862.810602,32.39967297627125,193.318917556846,true,SUMO_NET_XML_UTM_WGS84_WITH_NET_OFFSET,C:\Users\raffa\IdeaProjects\maga-core\data\mosaic-scenarios\MaGaIntegratedStudy\sumo\Barnim.net.xml
125000000000,125,veh_4,52.624269945968464,13.563288525387854,7114.155113,4987.775403,32.766239723418835,187.14832257868892,true,SUMO_NET_XML_UTM_WGS84_WITH_NET_OFFSET,C:\Users\raffa\IdeaProjects\maga-core\data\mosaic-scenarios\MaGaIntegratedStudy\sumo\Barnim.net.xml
125000000000,125,veh_5,52.62548898623688,13.563524261349867,7132.813092,5123.045792,32.20149627674371,187.9109781042538,true,SUMO_NET_XML_UTM_WGS84_WITH_NET_OFFSET,C:\Users\raffa\IdeaProjects\maga-core\data\mosaic-scenarios\MaGaIntegratedStudy\sumo\Barnim.net.xml
125000000000,125,veh_6,52.62659755161921,13.563740503970823,7149.906043,5246.054925,32.19609628533479,187.91097810424205,true,SUMO_NET_XML_UTM_WGS84_WITH_NET_OFFSET,C:\Users\raffa\IdeaProjects\maga-core\data\mosaic-scenarios\MaGaIntegratedStudy\sumo\Barnim.net.xml
125000000000,125,veh_7,52.62778000145178,13.564100790329224,7176.910966,5377.087757,33.20371819829568,190.8465233570806,true,SUMO_NET_XML_UTM_WGS84_WITH_NET_OFFSET,C:\Users\raffa\IdeaProjects\maga-core\data\mosaic-scenarios\MaGaIntegratedStudy\sumo\Barnim.net.xml
125000000000,125,veh_8,52.628903230878436,13.564420989481436,7201.070381,5501.587954,32.868759406935425,191.04915082583844,true,SUMO_NET_XML_UTM_WGS84_WITH_NET_OFFSET,C:\Users\raffa\IdeaProjects\maga-core\data\mosaic-scenarios\MaGaIntegratedStudy\sumo\Barnim.net.xml
125000000000,125,veh_9,52.63007821397897,13.56472951778153,7224.553498,5631.860341,33.1733393681189,189.36008626207274,true,SUMO_NET_XML_UTM_WGS84_WITH_NET_OFFSET,C:\Users\raffa\IdeaProjects\maga-core\data\mosaic-scenarios\MaGaIntegratedStudy\sumo\Barnim.net.xml
125000000000,125,veh_10,52.63121249149892,13.564983553772079,7244.257623,5757.678766,35.891149020884185,188.25471148991207,true,SUMO_NET_XML_UTM_WGS84_WITH_NET_OFFSET,C:\Users\raffa\IdeaProjects\maga-core\data\mosaic-scenarios\MaGaIntegratedStudy\sumo\Barnim.net.xml
125000000000,125,veh_11,52.63254175323531,13.565230184275544,7263.891450,5905.194507,36.04723659720272,187.02911890487374,true,SUMO_NET_XML_UTM_WGS84_WITH_NET_OFFSET,C:\Users\raffa\IdeaProjects\maga-core\data\mosaic-scenarios\MaGaIntegratedStudy\sumo\Barnim.net.xml
126000000000,126,veh_0,52.61958295335167,13.560605686914545,6922.155435,4470.085296,32.61844574624672,198.21595230600158,true,SUMO_NET_XML_UTM_WGS84_WITH_NET_OFFSET,C:\Users\raffa\IdeaProjects\maga-core\data\mosaic-scenarios\MaGaIntegratedStudy\sumo\Barnim.net.xml
126000000000,126,veh_1,52.62071247350703,13.561320705714081,6973.064538,4594.750437,33.145127630834466,204.42739902861982,true,SUMO_NET_XML_UTM_WGS84_WITH_NET_OFFSET,C:\Users\raffa\IdeaProjects\maga-core\data\mosaic-scenarios\MaGaIntegratedStudy\sumo\Barnim.net.xml
126000000000,126,veh_2,52.62176882301526,13.562179012705245,7033.507995,4711.084198,33.127369114542375,209.4427559033588,true,SUMO_NET_XML_UTM_WGS84_WITH_NET_OFFSET,C:\Users\raffa\IdeaProjects\maga-core\data\mosaic-scenarios\MaGaIntegratedStudy\sumo\Barnim.net.xml
126000000000,126,veh_3,52.62285747278365,13.562969679705255,7089.441884,4831.102574,33.0698788055405,197.35905646699902,true,SUMO_NET_XML_UTM_WGS84_WITH_NET_OFFSET,C:\Users\raffa\IdeaProjects\maga-core\data\mosaic-scenarios\MaGaIntegratedStudy\sumo\Barnim.net.xml
126000000000,126,veh_4,52.62397280184817,13.563237148753164,7110.018901,4954.794711,33.226150814671996,187.14832257868892,true,SUMO_NET_XML_UTM_WGS84_WITH_NET_OFFSET,C:\Users\raffa\IdeaProjects\maga-core\data\mosaic-scenarios\MaGaIntegratedStudy\sumo\Barnim.net.xml
126000000000,126,veh_5,52.62519154999206,13.563466243651355,7128.226929,5090.041547,33.30843215747271,187.9109781042538,true,SUMO_NET_XML_UTM_WGS84_WITH_NET_OFFSET,C:\Users\raffa\IdeaProjects\maga-core\data\mosaic-scenarios\MaGaIntegratedStudy\sumo\Barnim.net.xml
126000000000,126,veh_6,52.62630631033694,13.563683691890226,7145.415398,5213.738073,32.61470388704445,187.9109781042538,true,SUMO_NET_XML_UTM_WGS84_WITH_NET_OFFSET,C:\Users\raffa\IdeaProjects\maga-core\data\mosaic-scenarios\MaGaIntegratedStudy\sumo\Barnim.net.xml
126000000000,126,veh_7,52.62750545237882,13.563929965210663,7164.741052,5346.781206,32.78332733865361,224.2653585587042,true,SUMO_NET_XML_UTM_WGS84_WITH_NET_OFFSET,C:\Users\raffa\IdeaProjects\maga-core\data\mosaic-scenarios\MaGaIntegratedStudy\sumo\Barnim.net.xml
126000000000,126,veh_8,52.6286193570136,13.564339499236992,7194.926346,5470.123760,32.06271817301865,191.0491508258282,true,SUMO_NET_XML_UTM_WGS84_WITH_NET_OFFSET,C:\Users\raffa\IdeaProjects\maga-core\data\mosaic-scenarios\MaGaIntegratedStudy\sumo\Barnim.net.xml
126000000000,126,veh_9,52.62978915485523,13.564660896998221,7219.269222,5599.802038,32.495215485775844,189.36008626207445,true,SUMO_NET_XML_UTM_WGS84_WITH_NET_OFFSET,C:\Users\raffa\IdeaProjects\maga-core\data\mosaic-scenarios\MaGaIntegratedStudy\sumo\Barnim.net.xml
126000000000,126,veh_10,52.63089524315479,13.564918479118129,7239.151132,5722.480296,35.568152110036465,188.25471148992239,true,SUMO_NET_XML_UTM_WGS84_WITH_NET_OFFSET,C:\Users\raffa\IdeaProjects\maga-core\data\mosaic-scenarios\MaGaIntegratedStudy\sumo\Barnim.net.xml
126000000000,126,veh_11,52.632227956578994,13.565176989855695,7259.596823,5870.363925,35.09552688776981,187.0291189048841,true,SUMO_NET_XML_UTM_WGS84_WITH_NET_OFFSET,C:\Users\raffa\IdeaProjects\maga-core\data\mosaic-scenarios\MaGaIntegratedStudy\sumo\Barnim.net.xml
127000000000,127,veh_0,52.61929112799765,13.560511440464984,6915.127464,4437.754300,32.669408491854554,190.4034415036599,true,SUMO_NET_XML_UTM_WGS84_WITH_NET_OFFSET,C:\Users\raffa\IdeaProjects\maga-core\data\mosaic-scenarios\MaGaIntegratedStudy\sumo\Barnim.net.xml
127000000000,127,veh_1,52.62044077522167,13.561150084085897,6960.911748,4564.761196,32.38491390426177,202.8746688125574,true,SUMO_NET_XML_UTM_WGS84_WITH_NET_OFFSET,C:\Users\raffa\IdeaProjects\maga-core\data\mosaic-scenarios\MaGaIntegratedStudy\sumo\Barnim.net.xml
127000000000,127,veh_2,52.62150863991749,13.561948815447979,7017.348697,4682.456037,32.897323242896235,209.4427559033588,true,SUMO_NET_XML_UTM_WGS84_WITH_NET_OFFSET,C:\Users\raffa\IdeaProjects\maga-core\data\mosaic-scenarios\MaGaIntegratedStudy\sumo\Barnim.net.xml
127000000000,127,veh_3,52.62258332109574,13.562815917299925,7078.426066,4800.817416,32.261323350057935,201.9129457324486,true,SUMO_NET_XML_UTM_WGS84_WITH_NET_OFFSET,C:\Users\raffa\IdeaProjects\maga-core\data\mosaic-scenarios\MaGaIntegratedStudy\sumo\Barnim.net.xml
127000000000,127,veh_4,52.62367520198229,13.563202507220819,7107.014380,4921.740756,33.245237104170954,182.41227707860259,true,SUMO_NET_XML_UTM_WGS84_WITH_NET_OFFSET,C:\Users\raffa\IdeaProjects\maga-core\data\mosaic-scenarios\MaGaIntegratedStudy\sumo\Barnim.net.xml
127000000000,127,veh_5,52.62490294492857,13.563409949279375,7123.776934,5058.017235,32.319467296772636,187.9109781042538,true,SUMO_NET_XML_UTM_WGS84_WITH_NET_OFFSET,C:\Users\raffa\IdeaProjects\maga-core\data\mosaic-scenarios\MaGaIntegratedStudy\sumo\Barnim.net.xml
127000000000,127,veh_6,52.62601992974429,13.5636278286853,7140.999700,5181.960579,32.070374830877405,187.91097810424347,true,SUMO_NET_XML_UTM_WGS84_WITH_NET_OFFSET,C:\Users\raffa\IdeaProjects\maga-core\data\mosaic-scenarios\MaGaIntegratedStudy\sumo\Barnim.net.xml
127000000000,127,veh_7,52.62721907887185,13.563864719805478,7159.690572,5315.017130,32.150602697716096,189.0343894190692,true,SUMO_NET_XML_UTM_WGS84_WITH_NET_OFFSET,C:\Users\raffa\IdeaProjects\maga-core\data\mosaic-scenarios\MaGaIntegratedStudy\sumo\Barnim.net.xml
127000000000,127,veh_8,52.62832653753931,13.56425544210953,7188.588697,5437.668054,33.073091134238055,191.0491508258282,true,SUMO_NET_XML_UTM_WGS84_WITH_NET_OFFSET,C:\Users\raffa\IdeaProjects\maga-core\data\mosaic-scenarios\MaGaIntegratedStudy\sumo\Barnim.net.xml
127000000000,127,veh_9,52.62949602065057,13.564584965178575,7213.481067,5567.300341,33.01894760098774,190.49828346892053,true,SUMO_NET_XML_UTM_WGS84_WITH_NET_OFFSET,C:\Users\raffa\IdeaProjects\maga-core\data\mosaic-scenarios\MaGaIntegratedStudy\sumo\Barnim.net.xml
127000000000,127,veh_10,52.630603735241095,13.564854275415367,7234.160528,5690.143655,32.75198854938615,189.36008626207445,true,SUMO_NET_XML_UTM_WGS84_WITH_NET_OFFSET,C:\Users\raffa\IdeaProjects\maga-core\data\mosaic-scenarios\MaGaIntegratedStudy\sumo\Barnim.net.xml
127000000000,127,veh_11,52.631908609491674,13.565119840873711,7255.022235,5834.921325,35.73852785058785,187.76400786501054,true,SUMO_NET_XML_UTM_WGS84_WITH_NET_OFFSET,C:\Users\raffa\IdeaProjects\maga-core\data\mosaic-scenarios\MaGaIntegratedStudy\sumo\Barnim.net.xml
128000000000,128,veh_0,52.61900115947631,13.560447866373675,6910.179871,4405.588379,32.46652764582075,186.95743832181446,true,SUMO_NET_XML_UTM_WGS84_WITH_NET_OFFSET,C:\Users\raffa\IdeaProjects\maga-core\data\mosaic-scenarios\MaGaIntegratedStudy\sumo\Barnim.net.xml
128000000000,128,veh_1,52.62016974732185,13.560973622890517,6948.365013,4534.854440,32.45827997864224,201.51405013980917,true,SUMO_NET_XML_UTM_WGS84_WITH_NET_OFFSET,C:\Users\raffa\IdeaProjects\maga-core\data\mosaic-scenarios\MaGaIntegratedStudy\sumo\Barnim.net.xml
128000000000,128,veh_2,52.62124811382719,13.561728428390284,7001.852514,4653.776529,32.62208834916353,208.26349583882856,true,SUMO_NET_XML_UTM_WGS84_WITH_NET_OFFSET,C:\Users\raffa\IdeaProjects\maga-core\data\mosaic-scenarios\MaGaIntegratedStudy\sumo\Barnim.net.xml
128000000000,128,veh_3,52.62230984715622,13.562630589674807,7065.275007,4770.650268,32.94019117555115,206.2505403088144,true,SUMO_NET_XML_UTM_WGS84_WITH_NET_OFFSET,C:\Users\raffa\IdeaProjects\maga-core\data\mosaic-scenarios\MaGaIntegratedStudy\sumo\Barnim.net.xml
128000000000,128,veh_4,52.62338454503152,13.563174849794473,7104.497957,4889.449609,32.49518362509087,189.58079925064834,true,SUMO_NET_XML_UTM_WGS84_WITH_NET_OFFSET,C:\Users\raffa\IdeaProjects\maga-core\data\mosaic-scenarios\MaGaIntegratedStudy\sumo\Barnim.net.xml
128000000000,128,veh_5,52.62460796040657,13.563352411286374,7119.228575,5025.285047,33.03386753098573,187.9109781042538,true,SUMO_NET_XML_UTM_WGS84_WITH_NET_OFFSET,C:\Users\raffa\IdeaProjects\maga-core\data\mosaic-scenarios\MaGaIntegratedStudy\sumo\Barnim.net.xml
128000000000,128,veh_6,52.62573260258012,13.563571781540576,7136.569408,5150.078054,32.176372883836734,187.91097810425234,true,SUMO_NET_XML_UTM_WGS84_WITH_NET_OFFSET,C:\Users\raffa\IdeaProjects\maga-core\data\mosaic-scenarios\MaGaIntegratedStudy\sumo\Barnim.net.xml
128000000000,128,veh_7,52.62692231062071,13.563803855166812,7154.913498,5282.090992,33.25932271081954,187.9109781042538,true,SUMO_NET_XML_UTM_WGS84_WITH_NET_OFFSET,C:\Users\raffa\IdeaProjects\maga-core\data\mosaic-scenarios\MaGaIntegratedStudy\sumo\Barnim.net.xml
128000000000,128,veh_8,52.62804154727716,13.564174302622924,7182.465787,5406.079232,32.181081852032804,190.8465233570806,true,SUMO_NET_XML_UTM_WGS84_WITH_NET_OFFSET,C:\Users\raffa\IdeaProjects\maga-core\data\mosaic-scenarios\MaGaIntegratedStudy\sumo\Barnim.net.xml
128000000000,128,veh_9,52.62920992820245,13.564507486673598,7207.603766,5535.583960,32.26062774790451,190.49828346892053,true,SUMO_NET_XML_UTM_WGS84_WITH_NET_OFFSET,C:\Users\raffa\IdeaProjects\maga-core\data\mosaic-scenarios\MaGaIntegratedStudy\sumo\Barnim.net.xml
128000000000,128,veh_10,52.6303127568584,13.564785197404593,7228.841165,5657.872486,32.71098285866435,189.36008626206416,true,SUMO_NET_XML_UTM_WGS84_WITH_NET_OFFSET,C:\Users\raffa\IdeaProjects\maga-core\data\mosaic-scenarios\MaGaIntegratedStudy\sumo\Barnim.net.xml
128000000000,128,veh_11,52.63159539824974,13.565060065122891,7250.283416,5800.164732,35.07933540250175,187.76400786501944,true,SUMO_NET_XML_UTM_WGS84_WITH_NET_OFFSET,C:\Users\raffa\IdeaProjects\maga-core\data\mosaic-scenarios\MaGaIntegratedStudy\sumo\Barnim.net.xml
129000000000,129,veh_0,52.61871209817324,13.560403002954235,6906.500848,4373.498076,32.21312819718849,186.05684965555358,true,SUMO_NET_XML_UTM_WGS84_WITH_NET_OFFSET,C:\Users\raffa\IdeaProjects\maga-core\data\mosaic-scenarios\MaGaIntegratedStudy\sumo\Barnim.net.xml
129000000000,129,veh_1,52.619900513673,13.560765929677341,6933.707938,4505.189491,33.053058189940636,201.37403969693656,true,SUMO_NET_XML_UTM_WGS84_WITH_NET_OFFSET,C:\Users\raffa\IdeaProjects\maga-core\data\mosaic-scenarios\MaGaIntegratedStudy\sumo\Barnim.net.xml
129000000000,129,veh_2,52.62098715573099,13.56152006062608,6987.168795,4625.032785,32.30519578477367,206.20459453012833,true,SUMO_NET_XML_UTM_WGS84_WITH_NET_OFFSET,C:\Users\raffa\IdeaProjects\maga-core\data\mosaic-scenarios\MaGaIntegratedStudy\sumo\Barnim.net.xml
129000000000,129,veh_3,52.622046834059994,13.562420540455001,7050.473608,4741.680038,32.559543626192024,208.05668737852216,true,SUMO_NET_XML_UTM_WGS84_WITH_NET_OFFSET,C:\Users\raffa\IdeaProjects\maga-core\data\mosaic-scenarios\MaGaIntegratedStudy\sumo\Barnim.net.xml
129000000000,129,veh_4,52.62309187301747,13.563075428822962,7097.119533,4857.031163,33.28372305244673,195.64941906043254,true,SUMO_NET_XML_UTM_WGS84_WITH_NET_OFFSET,C:\Users\raffa\IdeaProjects\maga-core\data\mosaic-scenarios\MaGaIntegratedStudy\sumo\Barnim.net.xml
129000000000,129,veh_5,52.624318208539925,13.563296870116705,7114.826923,4993.132175,32.44053966612089,187.1597926899938,true,SUMO_NET_XML_UTM_WGS84_WITH_NET_OFFSET,C:\Users\raffa\IdeaProjects\maga-core\data\mosaic-scenarios\MaGaIntegratedStudy\sumo\Barnim.net.xml
129000000000,129,veh_6,52.625441800064586,13.563515057198812,7132.085529,5117.809900,32.5655566187296,187.9109781042538,true,SUMO_NET_XML_UTM_WGS84_WITH_NET_OFFSET,C:\Users\raffa\IdeaProjects\maga-core\data\mosaic-scenarios\MaGaIntegratedStudy\sumo\Barnim.net.xml
129000000000,129,veh_7,52.626634404650396,13.563747692898199,7150.474280,5250.144229,32.24120286469813,187.91097810424347,true,SUMO_NET_XML_UTM_WGS84_WITH_NET_OFFSET,C:\Users\raffa\IdeaProjects\maga-core\data\mosaic-scenarios\MaGaIntegratedStudy\sumo\Barnim.net.xml
129000000000,129,veh_8,52.62774783883603,13.564091750490467,7176.227883,5373.522639,33.15321041438263,190.8465233570704,true,SUMO_NET_XML_UTM_WGS84_WITH_NET_OFFSET,C:\Users\raffa\IdeaProjects\maga-core\data\mosaic-scenarios\MaGaIntegratedStudy\sumo\Barnim.net.xml
129000000000,129,veh_9,52.628920417341206,13.564425923146317,7201.442357,5503.492878,32.681893366198054,191.0491508258282,true,SUMO_NET_XML_UTM_WGS84_WITH_NET_OFFSET,C:\Users\raffa\IdeaProjects\maga-core\data\mosaic-scenarios\MaGaIntegratedStudy\sumo\Barnim.net.xml
129000000000,129,veh_10,52.63001987963799,13.564715669511978,7223.487091,5625.390730,32.92443951435387,189.36008626206248,true,SUMO_NET_XML_UTM_WGS84_WITH_NET_OFFSET,C:\Users\raffa\IdeaProjects\maga-core\data\mosaic-scenarios\MaGaIntegratedStudy\sumo\Barnim.net.xml
129000000000,129,veh_11,52.631284695731516,13.56499836458437,7245.419836,5765.689773,34.817821523933674,188.25471148991207,true,SUMO_NET_XML_UTM_WGS84_WITH_NET_OFFSET,C:\Users\raffa\IdeaProjects\maga-core\data\mosaic-scenarios\MaGaIntegratedStudy\sumo\Barnim.net.xml
130000000000,130,veh_0,52.61841785770262,13.560367468629783,6903.441816,4340.819110,32.73634967305232,184.1272483673034,true,SUMO_NET_XML_UTM_WGS84_WITH_NET_OFFSET,C:\Users\raffa\IdeaProjects\maga-core\data\mosaic-scenarios\MaGaIntegratedStudy\sumo\Barnim.net.xml
130000000000,130,veh_1,52.61961896960739,13.560623860804,6923.465667,4474.066654,32.76128958083689,198.21595230600158,true,SUMO_NET_XML_UTM_WGS84_WITH_NET_OFFSET,C:\Users\raffa\IdeaProjects\maga-core\data\mosaic-scenarios\MaGaIntegratedStudy\sumo\Barnim.net.xml
130000000000,130,veh_2,52.620721033254725,13.5613267583156,6973.493248,4595.694321,32.395636405581605,204.42739902861982,true,SUMO_NET_XML_UTM_WGS84_WITH_NET_OFFSET,C:\Users\raffa\IdeaProjects\maga-core\data\mosaic-scenarios\MaGaIntegratedStudy\sumo\Barnim.net.xml
130000000000,130,veh_3,52.62178893859487,13.562196810113528,7034.757323,4713.297534,32.46853039899841,209.4427559033446,true,SUMO_NET_XML_UTM_WGS84_WITH_NET_OFFSET,C:\Users\raffa\IdeaProjects\maga-core\data\mosaic-scenarios\MaGaIntegratedStudy\sumo\Barnim.net.xml
130000000000,130,veh_4,52.62280706828987,13.562945590177781,7087.699547,4825.528816,32.90757018334232,197.35905646699902,true,SUMO_NET_XML_UTM_WGS84_WITH_NET_OFFSET,C:\Users\raffa\IdeaProjects\maga-core\data\mosaic-scenarios\MaGaIntegratedStudy\sumo\Barnim.net.xml
130000000000,130,veh_5,52.62402640975655,13.563246417586575,7110.765117,4960.744773,32.6284449226642,187.14832257868892,true,SUMO_NET_XML_UTM_WGS84_WITH_NET_OFFSET,C:\Users\raffa\IdeaProjects\maga-core\data\mosaic-scenarios\MaGaIntegratedStudy\sumo\Barnim.net.xml
130000000000,130,veh_6,52.62515129904968,13.563458392389762,7127.606300,5085.575205,32.53178903383203,187.91097810424347,true,SUMO_NET_XML_UTM_WGS84_WITH_NET_OFFSET,C:\Users\raffa\IdeaProjects\maga-core\data\mosaic-scenarios\MaGaIntegratedStudy\sumo\Barnim.net.xml
130000000000,130,veh_7,52.62634600053151,13.563691434165253,7146.027381,5218.142195,32.296984191886146,187.91097810424347,true,SUMO_NET_XML_UTM_WGS84_WITH_NET_OFFSET,C:\Users\raffa\IdeaProjects\maga-core\data\mosaic-scenarios\MaGaIntegratedStudy\sumo\Barnim.net.xml
130000000000,130,veh_8,52.62747410634847,13.563922823502574,7164.188234,5343.304356,32.672035914165896,193.38604412150772,true,SUMO_NET_XML_UTM_WGS84_WITH_NET_OFFSET,C:\Users\raffa\IdeaProjects\maga-core\data\mosaic-scenarios\MaGaIntegratedStudy\sumo\Barnim.net.xml
130000000000,130,veh_9,52.628628586334806,13.564342148635538,7195.126101,5471.146725,32.96145424611866,191.0491508258282,true,SUMO_NET_XML_UTM_WGS84_WITH_NET_OFFSET,C:\Users\raffa\IdeaProjects\maga-core\data\mosaic-scenarios\MaGaIntegratedStudy\sumo\Barnim.net.xml
130000000000,130,veh_10,52.629730429824065,13.564646956159768,7218.195673,5593.289098,32.53913470389787,189.36008626206416,true,SUMO_NET_XML_UTM_WGS84_WITH_NET_OFFSET,C:\Users\raffa\IdeaProjects\maga-core\data\mosaic-scenarios\MaGaIntegratedStudy\sumo\Barnim.net.xml
130000000000,130,veh_11,52.63096796767177,13.56493339644528,7240.321720,5730.549027,35.509821829679424,188.2547114899239,true,SUMO_NET_XML_UTM_WGS84_WITH_NET_OFFSET,C:\Users\raffa\IdeaProjects\maga-core\data\mosaic-scenarios\MaGaIntegratedStudy\sumo\Barnim.net.xml
131000000000,131,veh_0,52.61812692466061,13.560350337584799,6901.635918,4308.483138,32.14691586237866,181.0863371817169,true,SUMO_NET_XML_UTM_WGS84_WITH_NET_OFFSET,C:\Users\raffa\IdeaProjects\maga-core\data\mosaic-scenarios\MaGaIntegratedStudy\sumo\Barnim.net.xml
131000000000,131,veh_1,52.61933098532542,13.560521983204362,6915.929661,4442.173196,32.38133704310283,191.38480440724075,true,SUMO_NET_XML_UTM_WGS84_WITH_NET_OFFSET,C:\Users\raffa\IdeaProjects\maga-core\data\mosaic-scenarios\MaGaIntegratedStudy\sumo\Barnim.net.xml
131000000000,131,veh_2,52.620447533148045,13.561154600678709,6961.232487,4565.506747,32.61014122762251,202.60889684537278,true,SUMO_NET_XML_UTM_WGS84_WITH_NET_OFFSET,C:\Users\raffa\IdeaProjects\maga-core\data\mosaic-scenarios\MaGaIntegratedStudy\sumo\Barnim.net.xml
131000000000,131,veh_3,52.62152816549322,13.561966090613204,7018.561379,4684.604450,32.97192705533933,209.4427559033588,true,SUMO_NET_XML_UTM_WGS84_WITH_NET_OFFSET,C:\Users\raffa\IdeaProjects\maga-core\data\mosaic-scenarios\MaGaIntegratedStudy\sumo\Barnim.net.xml
131000000000,131,veh_4,52.6225266374064,13.562778580239687,7075.773076,4794.563134,33.21596997677814,202.98606077669882,true,SUMO_NET_XML_UTM_WGS84_WITH_NET_OFFSET,C:\Users\raffa\IdeaProjects\maga-core\data\mosaic-scenarios\MaGaIntegratedStudy\sumo\Barnim.net.xml
131000000000,131,veh_5,52.62372878549261,13.563204459876605,7107.265340,4927.697973,33.26489707275294,184.55468577945535,true,SUMO_NET_XML_UTM_WGS84_WITH_NET_OFFSET,C:\Users\raffa\IdeaProjects\maga-core\data\mosaic-scenarios\MaGaIntegratedStudy\sumo\Barnim.net.xml
131000000000,131,veh_6,52.624863674677044,13.563402289405905,7123.171427,5053.659714,32.20964399026241,187.91097810424347,true,SUMO_NET_XML_UTM_WGS84_WITH_NET_OFFSET,C:\Users\raffa\IdeaProjects\maga-core\data\mosaic-scenarios\MaGaIntegratedStudy\sumo\Barnim.net.xml
131000000000,131,veh_7,52.62605149224403,13.563633985431233,7141.486362,5185.462831,32.98055648472626,187.91097810425234,true,SUMO_NET_XML_UTM_WGS84_WITH_NET_OFFSET,C:\Users\raffa\IdeaProjects\maga-core\data\mosaic-scenarios\MaGaIntegratedStudy\sumo\Barnim.net.xml
131000000000,131,veh_8,52.62718500739383,13.563856957245136,7159.089688,5311.237978,32.45658290213439,189.03438941907947,true,SUMO_NET_XML_UTM_WGS84_WITH_NET_OFFSET,C:\Users\raffa\IdeaProjects\maga-core\data\mosaic-scenarios\MaGaIntegratedStudy\sumo\Barnim.net.xml
131000000000,131,veh_9,52.62834332176749,13.564260260181381,7188.951967,5439.528395,32.21978711939417,191.04915082583844,true,SUMO_NET_XML_UTM_WGS84_WITH_NET_OFFSET,C:\Users\raffa\IdeaProjects\maga-core\data\mosaic-scenarios\MaGaIntegratedStudy\sumo\Barnim.net.xml
131000000000,131,veh_10,52.62943505532403,13.564568454689848,7212.228634,5560.541688,33.29187551319599,190.49828346892053,true,SUMO_NET_XML_UTM_WGS84_WITH_NET_OFFSET,C:\Users\raffa\IdeaProjects\maga-core\data\mosaic-scenarios\MaGaIntegratedStudy\sumo\Barnim.net.xml
131000000000,131,veh_11,52.6306812107643,13.56487266818642,7235.576855,5698.736135,32.195879478794524,189.36008626206416,true,SUMO_NET_XML_UTM_WGS84_WITH_NET_OFFSET,C:\Users\raffa\IdeaProjects\maga-core\data\mosaic-scenarios\MaGaIntegratedStudy\sumo\Barnim.net.xml
132000000000,132,veh_0,52.61782867512925,13.560354594816257,6901.261653,4275.304474,33.155894008623434,180.10872051375733,true,SUMO_NET_XML_UTM_WGS84_WITH_NET_OFFSET,C:\Users\raffa\IdeaProjects\maga-core\data\mosaic-scenarios\MaGaIntegratedStudy\sumo\Barnim.net.xml
132000000000,132,veh_1,52.619036709135415,13.560453813334084,6910.661402,4409.534364,32.981172727555965,186.95743832181574,true,SUMO_NET_XML_UTM_WGS84_WITH_NET_OFFSET,C:\Users\raffa\IdeaProjects\maga-core\data\mosaic-scenarios\MaGaIntegratedStudy\sumo\Barnim.net.xml
132000000000,132,veh_2,52.62017625569865,13.560977593659377,6948.648253,4535.572972,32.49758113543037,201.51405013980917,true,SUMO_NET_XML_UTM_WGS84_WITH_NET_OFFSET,C:\Users\raffa\IdeaProjects\maga-core\data\mosaic-scenarios\MaGaIntegratedStudy\sumo\Barnim.net.xml
132000000000,132,veh_3,52.62126223912896,13.56174031598933,7002.688538,4655.331567,33.324100792985405,208.26349583882364,true,SUMO_NET_XML_UTM_WGS84_WITH_NET_OFFSET,C:\Users\raffa\IdeaProjects\maga-core\data\mosaic-scenarios\MaGaIntegratedStudy\sumo\Barnim.net.xml
132000000000,132,veh_4,52.62225271896045,13.562586600319129,7062.170713,4764.355531,33.16522051905747,206.25054030881904,true,SUMO_NET_XML_UTM_WGS84_WITH_NET_OFFSET,C:\Users\raffa\IdeaProjects\maga-core\data\mosaic-scenarios\MaGaIntegratedStudy\sumo\Barnim.net.xml
132000000000,132,veh_5,52.62343445949382,13.563186540003683,7105.399894,4894.985597,32.8464722966263,186.62830983179833,true,SUMO_NET_XML_UTM_WGS84_WITH_NET_OFFSET,C:\Users\raffa\IdeaProjects\maga-core\data\mosaic-scenarios\MaGaIntegratedStudy\sumo\Barnim.net.xml
132000000000,132,veh_6,52.62457454239861,13.563345893007849,7118.713304,5021.576905,32.378503024550156,187.91097810424347,true,SUMO_NET_XML_UTM_WGS84_WITH_NET_OFFSET,C:\Users\raffa\IdeaProjects\maga-core\data\mosaic-scenarios\MaGaIntegratedStudy\sumo\Barnim.net.xml
132000000000,132,veh_7,52.62575799558801,13.5635767347702,7136.960942,5152.895724,32.86726469429675,187.91097810424205,true,SUMO_NET_XML_UTM_WGS84_WITH_NET_OFFSET,C:\Users\raffa\IdeaProjects\maga-core\data\mosaic-scenarios\MaGaIntegratedStudy\sumo\Barnim.net.xml
132000000000,132,veh_8,52.62689539637679,13.563798604933073,7154.498508,5279.104520,32.44818045054097,187.9109781042538,true,SUMO_NET_XML_UTM_WGS84_WITH_NET_OFFSET,C:\Users\raffa\IdeaProjects\maga-core\data\mosaic-scenarios\MaGaIntegratedStudy\sumo\Barnim.net.xml
132000000000,132,veh_9,52.628052567204705,13.56417739999639,7182.699833,5407.300755,32.83290333540179,190.8465233570806,true,SUMO_NET_XML_UTM_WGS84_WITH_NET_OFFSET,C:\Users\raffa\IdeaProjects\maga-core\data\mosaic-scenarios\MaGaIntegratedStudy\sumo\Barnim.net.xml
132000000000,132,veh_10,52.629144030514425,13.564489640644497,7206.250006,5528.278504,32.816813916498795,190.4982834689224,true,SUMO_NET_XML_UTM_WGS84_WITH_NET_OFFSET,C:\Users\raffa\IdeaProjects\maga-core\data\mosaic-scenarios\MaGaIntegratedStudy\sumo\Barnim.net.xml
132000000000,132,veh_11,52.630387439136804,13.564802926826378,7230.206429,5666.155178,33.02499311072286,189.36008626207445,true,SUMO_NET_XML_UTM_WGS84_WITH_NET_OFFSET,C:\Users\raffa\IdeaProjects\maga-core\data\mosaic-scenarios\MaGaIntegratedStudy\sumo\Barnim.net.xml
133000000000,133,veh_0,52.617541239358054,13.560389785388049,6903.005486,4243.286758,32.40583185110707,159.04849011065986,true,SUMO_NET_XML_UTM_WGS84_WITH_NET_OFFSET,C:\Users\raffa\IdeaProjects\maga-core\data\mosaic-scenarios\MaGaIntegratedStudy\sumo\Barnim.net.xml
133000000000,133,veh_1,52.61874004675504,13.560406950130982,6906.830126,4376.601331,33.06537154076621,186.0568496555432,true,SUMO_NET_XML_UTM_WGS84_WITH_NET_OFFSET,C:\Users\raffa\IdeaProjects\maga-core\data\mosaic-scenarios\MaGaIntegratedStudy\sumo\Barnim.net.xml
133000000000,133,veh_2,52.619915638836936,13.560773561981577,6934.258176,4506.861479,32.06594137639738,209.279538683758,true,SUMO_NET_XML_UTM_WGS84_WITH_NET_OFFSET,C:\Users\raffa\IdeaProjects\maga-core\data\mosaic-scenarios\MaGaIntegratedStudy\sumo\Barnim.net.xml
133000000000,133,veh_3,52.62099731621992,13.561527867464939,6987.719798,4626.152345,32.823284362088884,206.20459453011895,true,SUMO_NET_XML_UTM_WGS84_WITH_NET_OFFSET,C:\Users\raffa\IdeaProjects\maga-core\data\mosaic-scenarios\MaGaIntegratedStudy\sumo\Barnim.net.xml
133000000000,133,veh_4,52.62198544982989,13.56236933728541,7046.871538,4734.921669,33.19978551247157,208.05668737851292,true,SUMO_NET_XML_UTM_WGS84_WITH_NET_OFFSET,C:\Users\raffa\IdeaProjects\maga-core\data\mosaic-scenarios\MaGaIntegratedStudy\sumo\Barnim.net.xml
133000000000,133,veh_5,52.623141087374044,13.563096354424454,7098.645052,4862.476820,33.24779618773144,193.5764515424072,true,SUMO_NET_XML_UTM_WGS84_WITH_NET_OFFSET,C:\Users\raffa\IdeaProjects\maga-core\data\mosaic-scenarios\MaGaIntegratedStudy\sumo\Barnim.net.xml
133000000000,133,veh_6,52.62427936795288,13.563290154473012,7114.286266,4988.821171,33.0413101282157,187.14832257868892,true,SUMO_NET_XML_UTM_WGS84_WITH_NET_OFFSET,C:\Users\raffa\IdeaProjects\maga-core\data\mosaic-scenarios\MaGaIntegratedStudy\sumo\Barnim.net.xml
133000000000,133,veh_7,52.625460603576016,13.563518725015964,7132.375460,5119.896383,33.3034825246036,187.91097810425234,true,SUMO_NET_XML_UTM_WGS84_WITH_NET_OFFSET,C:\Users\raffa\IdeaProjects\maga-core\data\mosaic-scenarios\MaGaIntegratedStudy\sumo\Barnim.net.xml
133000000000,133,veh_8,52.62660762421304,13.563742468832345,7150.061352,5247.172605,32.22621814819984,187.9109781042538,true,SUMO_NET_XML_UTM_WGS84_WITH_NET_OFFSET,C:\Users\raffa\IdeaProjects\maga-core\data\mosaic-scenarios\MaGaIntegratedStudy\sumo\Barnim.net.xml
133000000000,133,veh_9,52.62776853492469,13.564097567469343,7176.667435,5375.816731,32.0609854368912,190.8465233570806,true,SUMO_NET_XML_UTM_WGS84_WITH_NET_OFFSET,C:\Users\raffa\IdeaProjects\maga-core\data\mosaic-scenarios\MaGaIntegratedStudy\sumo\Barnim.net.xml
133000000000,133,veh_10,52.62885225868642,13.564406357073816,7199.967162,5495.938265,32.94939707866404,191.0491508258282,true,SUMO_NET_XML_UTM_WGS84_WITH_NET_OFFSET,C:\Users\raffa\IdeaProjects\maga-core\data\mosaic-scenarios\MaGaIntegratedStudy\sumo\Barnim.net.xml
133000000000,133,veh_11,52.63009154688348,13.564732682948833,7224.797236,5633.339036,33.2633824679954,189.36008626207274,true,SUMO_NET_XML_UTM_WGS84_WITH_NET_OFFSET,C:\Users\raffa\IdeaProjects\maga-core\data\mosaic-scenarios\MaGaIntegratedStudy\sumo\Barnim.net.xml
134000000000,134,veh_0,52.61724906802713,13.560362987724261,6900.542433,4210.826129,32.786179757113565,186.29755969663836,true,SUMO_NET_XML_UTM_WGS84_WITH_NET_OFFSET,C:\Users\raffa\IdeaProjects\maga-core\data\mosaic-scenarios\MaGaIntegratedStudy\sumo\Barnim.net.xml
134000000000,134,veh_1,52.618443295386065,13.56036964673933,6903.645764,4343.645481,33.02252076612319,184.1272483673034,true,SUMO_NET_XML_UTM_WGS84_WITH_NET_OFFSET,C:\Users\raffa\IdeaProjects\maga-core\data\mosaic-scenarios\MaGaIntegratedStudy\sumo\Barnim.net.xml
134000000000,134,veh_2,52.61963487708892,13.560631887767324,6924.044364,4475.825121,32.6702579086367,198.21595230600158,true,SUMO_NET_XML_UTM_WGS84_WITH_NET_OFFSET,C:\Users\raffa\IdeaProjects\maga-core\data\mosaic-scenarios\MaGaIntegratedStudy\sumo\Barnim.net.xml
134000000000,134,veh_3,52.62073210669359,13.561334588353082,6974.047854,4596.915391,32.30225642849226,204.42739902861982,true,SUMO_NET_XML_UTM_WGS84_WITH_NET_OFFSET,C:\Users\raffa\IdeaProjects\maga-core\data\mosaic-scenarios\MaGaIntegratedStudy\sumo\Barnim.net.xml
134000000000,134,veh_4,52.62172892472026,13.562143712447533,7031.030013,4706.694152,32.39282687988132,209.4427559033588,true,SUMO_NET_XML_UTM_WGS84_WITH_NET_OFFSET,C:\Users\raffa\IdeaProjects\maga-core\data\mosaic-scenarios\MaGaIntegratedStudy\sumo\Barnim.net.xml
134000000000,134,veh_5,52.622853074507084,13.562967577660178,7089.289848,4830.616210,33.232935917745344,197.35905646700897,true,SUMO_NET_XML_UTM_WGS84_WITH_NET_OFFSET,C:\Users\raffa\IdeaProjects\maga-core\data\mosaic-scenarios\MaGaIntegratedStudy\sumo\Barnim.net.xml
134000000000,134,veh_6,52.62398837706163,13.563239841712914,7110.235706,4956.523439,32.53810734285042,187.14832257868892,true,SUMO_NET_XML_UTM_WGS84_WITH_NET_OFFSET,C:\Users\raffa\IdeaProjects\maga-core\data\mosaic-scenarios\MaGaIntegratedStudy\sumo\Barnim.net.xml
134000000000,134,veh_7,52.6251713873586,13.563462310770037,7127.916042,5087.804253,32.38791110931896,187.91097810424347,true,SUMO_NET_XML_UTM_WGS84_WITH_NET_OFFSET,C:\Users\raffa\IdeaProjects\maga-core\data\mosaic-scenarios\MaGaIntegratedStudy\sumo\Barnim.net.xml
134000000000,134,veh_8,52.62631714381382,13.563685805150326,7145.582439,5214.940182,32.52949641325511,187.91097810424347,true,SUMO_NET_XML_UTM_WGS84_WITH_NET_OFFSET,C:\Users\raffa\IdeaProjects\maga-core\data\mosaic-scenarios\MaGaIntegratedStudy\sumo\Barnim.net.xml
134000000000,134,veh_9,52.6274962000918,13.563927857219168,7164.577879,5345.754957,32.52774577997159,212.19715355990675,true,SUMO_NET_XML_UTM_WGS84_WITH_NET_OFFSET,C:\Users\raffa\IdeaProjects\maga-core\data\mosaic-scenarios\MaGaIntegratedStudy\sumo\Barnim.net.xml
134000000000,134,veh_10,52.62856228467757,13.564323115893561,7193.691098,5463.797941,32.75171014174819,191.0491508258282,true,SUMO_NET_XML_UTM_WGS84_WITH_NET_OFFSET,C:\Users\raffa\IdeaProjects\maga-core\data\mosaic-scenarios\MaGaIntegratedStudy\sumo\Barnim.net.xml
134000000000,134,veh_11,52.629798106961594,13.564663022157692,7219.432875,5600.794877,32.98769272365141,189.36008626206416,true,SUMO_NET_XML_UTM_WGS84_WITH_NET_OFFSET,C:\Users\raffa\IdeaProjects\maga-core\data\mosaic-scenarios\MaGaIntegratedStudy\sumo\Barnim.net.xml
135000000000,135,veh_0,52.61695242635669,13.560326743943204,6897.429954,4177.881057,33.09205047769472,185.11208072552822,true,SUMO_NET_XML_UTM_WGS84_WITH_NET_OFFSET,C:\Users\raffa\IdeaProjects\maga-core\data\mosaic-scenarios\MaGaIntegratedStudy\sumo\Barnim.net.xml
135000000000,135,veh_1,52.618141935712025,13.56035031274392,6901.667578,4310.152781,33.30425214922987,181.08633718171674,true,SUMO_NET_XML_UTM_WGS84_WITH_NET_OFFSET,C:\Users\raffa\IdeaProjects\maga-core\data\mosaic-scenarios\MaGaIntegratedStudy\sumo\Barnim.net.xml
135000000000,135,veh_2,52.61934375685334,13.560525774379473,6916.214664,4443.588589,32.79252514417283,191.38480440723868,true,SUMO_NET_XML_UTM_WGS84_WITH_NET_OFFSET,C:\Users\raffa\IdeaProjects\maga-core\data\mosaic-scenarios\MaGaIntegratedStudy\sumo\Barnim.net.xml
135000000000,135,veh_3,52.62046064531797,13.561163364071179,6961.854806,4566.953313,32.376344747510736,202.09322059654838,true,SUMO_NET_XML_UTM_WGS84_WITH_NET_OFFSET,C:\Users\raffa\IdeaProjects\maga-core\data\mosaic-scenarios\MaGaIntegratedStudy\sumo\Barnim.net.xml
135000000000,135,veh_4,52.62146811086123,13.561913574897371,7014.873330,4677.995762,32.957618861873634,209.02075855198467,true,SUMO_NET_XML_UTM_WGS84_WITH_NET_OFFSET,C:\Users\raffa\IdeaProjects\maga-core\data\mosaic-scenarios\MaGaIntegratedStudy\sumo\Barnim.net.xml
135000000000,135,veh_5,52.62258011753928,13.562813807142005,7078.276129,4800.463947,32.1356163104251,202.1098663758045,true,SUMO_NET_XML_UTM_WGS84_WITH_NET_OFFSET,C:\Users\raffa\IdeaProjects\maga-core\data\mosaic-scenarios\MaGaIntegratedStudy\sumo\Barnim.net.xml
135000000000,135,veh_6,52.6236955076602,13.563203247186843,7107.109482,4923.998266,32.72270099957939,182.6505261356969,true,SUMO_NET_XML_UTM_WGS84_WITH_NET_OFFSET,C:\Users\raffa\IdeaProjects\maga-core\data\mosaic-scenarios\MaGaIntegratedStudy\sumo\Barnim.net.xml
135000000000,135,veh_7,52.62487449488116,13.563404399943513,7123.338263,5054.860349,33.24753384694457,187.9109781042538,true,SUMO_NET_XML_UTM_WGS84_WITH_NET_OFFSET,C:\Users\raffa\IdeaProjects\maga-core\data\mosaic-scenarios\MaGaIntegratedStudy\sumo\Barnim.net.xml
135000000000,135,veh_8,52.626027633788226,13.563629331475537,7141.118489,5182.815438,32.4208249869477,187.91097810424347,true,SUMO_NET_XML_UTM_WGS84_WITH_NET_OFFSET,C:\Users\raffa\IdeaProjects\maga-core\data\mosaic-scenarios\MaGaIntegratedStudy\sumo\Barnim.net.xml
135000000000,135,veh_9,52.62720661050514,13.563861879115823,7159.470680,5313.634159,32.51166558917146,189.03438941908115,true,SUMO_NET_XML_UTM_WGS84_WITH_NET_OFFSET,C:\Users\raffa\IdeaProjects\maga-core\data\mosaic-scenarios\MaGaIntegratedStudy\sumo\Barnim.net.xml
135000000000,135,veh_10,52.62826826190683,13.564238713564848,7187.327406,5431.208865,33.20899842807091,191.0491508258282,true,SUMO_NET_XML_UTM_WGS84_WITH_NET_OFFSET,C:\Users\raffa\IdeaProjects\maga-core\data\mosaic-scenarios\MaGaIntegratedStudy\sumo\Barnim.net.xml
135000000000,135,veh_11,52.62950690715621,13.564587913441587,7213.704712,5568.507226,32.79772360650357,190.49828346892053,true,SUMO_NET_XML_UTM_WGS84_WITH_NET_OFFSET,C:\Users\raffa\IdeaProjects\maga-core\data\mosaic-scenarios\MaGaIntegratedStudy\sumo\Barnim.net.xml
136000000000,136,veh_0,52.61665788160616,13.560272068307444,6893.074309,4145.194139,32.997335295700466,189.3969987709504,true,SUMO_NET_XML_UTM_WGS84_WITH_NET_OFFSET,C:\Users\raffa\IdeaProjects\maga-core\data\mosaic-scenarios\MaGaIntegratedStudy\sumo\Barnim.net.xml
136000000000,136,veh_1,52.61784354085827,13.560354153422846,6901.264791,4276.958516,33.17177917584311,180.10872051375733,true,SUMO_NET_XML_UTM_WGS84_WITH_NET_OFFSET,C:\Users\raffa\IdeaProjects\maga-core\data\mosaic-scenarios\MaGaIntegratedStudy\sumo\Barnim.net.xml
136000000000,136,veh_2,52.619052991587196,13.560456537163432,6910.881953,4411.341704,32.60525935992598,186.95743832182603,true,SUMO_NET_XML_UTM_WGS84_WITH_NET_OFFSET,C:\Users\raffa\IdeaProjects\maga-core\data\mosaic-scenarios\MaGaIntegratedStudy\sumo\Barnim.net.xml
136000000000,136,veh_3,52.62018597670985,13.560983524462848,6949.071306,4536.646181,32.91904802128673,201.51405013980917,true,SUMO_NET_XML_UTM_WGS84_WITH_NET_OFFSET,C:\Users\raffa\IdeaProjects\maga-core\data\mosaic-scenarios\MaGaIntegratedStudy\sumo\Barnim.net.xml
136000000000,136,veh_4,52.62120846788788,13.561695063129047,6999.506018,4649.411954,32.47596772021614,208.26349583882364,true,SUMO_NET_XML_UTM_WGS84_WITH_NET_OFFSET,C:\Users\raffa\IdeaProjects\maga-core\data\mosaic-scenarios\MaGaIntegratedStudy\sumo\Barnim.net.xml
136000000000,136,veh_5,52.622309533799545,13.562630348386284,7065.257980,4770.615741,32.59448765557725,206.25054030881904,true,SUMO_NET_XML_UTM_WGS84_WITH_NET_OFFSET,C:\Users\raffa\IdeaProjects\maga-core\data\mosaic-scenarios\MaGaIntegratedStudy\sumo\Barnim.net.xml
136000000000,136,veh_6,52.62340248503137,13.56318058332174,7104.925817,4891.437259,32.724687497033734,187.33281040374555,true,SUMO_NET_XML_UTM_WGS84_WITH_NET_OFFSET,C:\Users\raffa\IdeaProjects\maga-core\data\mosaic-scenarios\MaGaIntegratedStudy\sumo\Barnim.net.xml
136000000000,136,veh_7,52.62457829635953,13.563346625228238,7118.771186,5021.993453,33.1698169784341,187.91097810425234,true,SUMO_NET_XML_UTM_WGS84_WITH_NET_OFFSET,C:\Users\raffa\IdeaProjects\maga-core\data\mosaic-scenarios\MaGaIntegratedStudy\sumo\Barnim.net.xml
136000000000,136,veh_8,52.62573940888346,13.563573109196193,7136.674354,5150.833298,32.27690659232437,187.91097810424347,true,SUMO_NET_XML_UTM_WGS84_WITH_NET_OFFSET,C:\Users\raffa\IdeaProjects\maga-core\data\mosaic-scenarios\MaGaIntegratedStudy\sumo\Barnim.net.xml
136000000000,136,veh_9,52.62691112721572,13.563801673589259,7154.741062,5280.850053,33.11189900945872,187.91097810425234,true,SUMO_NET_XML_UTM_WGS84_WITH_NET_OFFSET,C:\Users\raffa\IdeaProjects\maga-core\data\mosaic-scenarios\MaGaIntegratedStudy\sumo\Barnim.net.xml
136000000000,136,veh_10,52.62797408034418,13.564155339710545,7181.032896,5398.600749,33.21455346510746,190.8465233570806,true,SUMO_NET_XML_UTM_WGS84_WITH_NET_OFFSET,C:\Users\raffa\IdeaProjects\maga-core\data\mosaic-scenarios\MaGaIntegratedStudy\sumo\Barnim.net.xml
136000000000,136,veh_11,52.6292121737646,13.564508094804625,7207.649897,5535.832904,33.235006156116725,190.49828346893077,true,SUMO_NET_XML_UTM_WGS84_WITH_NET_OFFSET,C:\Users\raffa\IdeaProjects\maga-core\data\mosaic-scenarios\MaGaIntegratedStudy\sumo\Barnim.net.xml
137000000000,137,veh_0,52.61636315374376,13.56020183367729,6887.664895,4112.507895,33.12982221899554,189.3969987709504,true,SUMO_NET_XML_UTM_WGS84_WITH_NET_OFFSET,C:\Users\raffa\IdeaProjects\maga-core\data\mosaic-scenarios\MaGaIntegratedStudy\sumo\Barnim.net.xml
137000000000,137,veh_1,52.61755142238148,13.560379738454923,6902.347963,4244.432950,32.7358707866352,166.60043957298907,true,SUMO_NET_XML_UTM_WGS84_WITH_NET_OFFSET,C:\Users\raffa\IdeaProjects\maga-core\data\mosaic-scenarios\MaGaIntegratedStudy\sumo\Barnim.net.xml
137000000000,137,veh_2,52.61876337051145,13.560410244147498,6907.104917,4379.191072,32.283983834409156,186.05684965555466,true,SUMO_NET_XML_UTM_WGS84_WITH_NET_OFFSET,C:\Users\raffa\IdeaProjects\maga-core\data\mosaic-scenarios\MaGaIntegratedStudy\sumo\Barnim.net.xml
137000000000,137,veh_3,52.61992400529447,13.560777783779418,6934.562538,4507.786336,32.24679894784465,216.48051807141917,true,SUMO_NET_XML_UTM_WGS84_WITH_NET_OFFSET,C:\Users\raffa\IdeaProjects\maga-core\data\mosaic-scenarios\MaGaIntegratedStudy\sumo\Barnim.net.xml
137000000000,137,veh_4,52.620943284380495,13.561486352002106,6984.789652,4620.198708,32.737968993834215,206.20459453011895,true,SUMO_NET_XML_UTM_WGS84_WITH_NET_OFFSET,C:\Users\raffa\IdeaProjects\maga-core\data\mosaic-scenarios\MaGaIntegratedStudy\sumo\Barnim.net.xml
137000000000,137,veh_5,52.62204452888251,13.56241861760656,7050.338339,4741.426240,32.80881938077044,208.05668737852216,true,SUMO_NET_XML_UTM_WGS84_WITH_NET_OFFSET,C:\Users\raffa\IdeaProjects\maga-core\data\mosaic-scenarios\MaGaIntegratedStudy\sumo\Barnim.net.xml
137000000000,137,veh_6,52.62311412741491,13.563084891231798,7097.809362,4859.493652,32.759241680237466,195.64941906042975,true,SUMO_NET_XML_UTM_WGS84_WITH_NET_OFFSET,C:\Users\raffa\IdeaProjects\maga-core\data\mosaic-scenarios\MaGaIntegratedStudy\sumo\Barnim.net.xml
137000000000,137,veh_7,52.6242911135316,13.563292185314488,7114.449763,4990.124839,32.148326998455445,187.14832257869926,true,SUMO_NET_XML_UTM_WGS84_WITH_NET_OFFSET,C:\Users\raffa\IdeaProjects\maga-core\data\mosaic-scenarios\MaGaIntegratedStudy\sumo\Barnim.net.xml
137000000000,137,veh_8,52.625445254735816,13.563515731067532,7132.138797,5118.193239,32.940889635002236,187.91097810424205,true,SUMO_NET_XML_UTM_WGS84_WITH_NET_OFFSET,C:\Users\raffa\IdeaProjects\maga-core\data\mosaic-scenarios\MaGaIntegratedStudy\sumo\Barnim.net.xml
137000000000,137,veh_9,52.62661665194118,13.56374422987259,7150.200551,5248.174345,32.9768674025964,187.9109781042538,true,SUMO_NET_XML_UTM_WGS84_WITH_NET_OFFSET,C:\Users\raffa\IdeaProjects\maga-core\data\mosaic-scenarios\MaGaIntegratedStudy\sumo\Barnim.net.xml
137000000000,137,veh_10,52.62768094299475,13.56407294834203,7174.807121,5366.107461,33.08874509825371,190.84652335708256,true,SUMO_NET_XML_UTM_WGS84_WITH_NET_OFFSET,C:\Users\raffa\IdeaProjects\maga-core\data\mosaic-scenarios\MaGaIntegratedStudy\sumo\Barnim.net.xml
137000000000,137,veh_11,52.62891774435207,13.564425155819315,7201.384504,5503.196608,33.23701584762428,191.0491508258282,true,SUMO_NET_XML_UTM_WGS84_WITH_NET_OFFSET,C:\Users\raffa\IdeaProjects\maga-core\data\mosaic-scenarios\MaGaIntegratedStudy\sumo\Barnim.net.xml
138000000000,138,veh_0,52.61607538828018,13.560112348980248,6880.967685,4080.622080,32.603589008231644,193.74364691619493,true,SUMO_NET_XML_UTM_WGS84_WITH_NET_OFFSET,C:\Users\raffa\IdeaProjects\maga-core\data\mosaic-scenarios\MaGaIntegratedStudy\sumo\Barnim.net.xml
138000000000,138,veh_1,52.61726417302234,13.560365225997005,6900.727507,4212.503161,32.42172458834946,186.29755969663725,true,SUMO_NET_XML_UTM_WGS84_WITH_NET_OFFSET,C:\Users\raffa\IdeaProjects\maga-core\data\mosaic-scenarios\MaGaIntegratedStudy\sumo\Barnim.net.xml
138000000000,138,veh_2,52.618469253027115,13.560371869372734,6903.853880,4346.529624,32.735942986067386,184.1272483673034,true,SUMO_NET_XML_UTM_WGS84_WITH_NET_OFFSET,C:\Users\raffa\IdeaProjects\maga-core\data\mosaic-scenarios\MaGaIntegratedStudy\sumo\Barnim.net.xml
138000000000,138,veh_3,52.61964509863061,13.560637045591351,6924.416213,4476.955044,32.45439554028678,198.21595230600158,true,SUMO_NET_XML_UTM_WGS84_WITH_NET_OFFSET,C:\Users\raffa\IdeaProjects\maga-core\data\mosaic-scenarios\MaGaIntegratedStudy\sumo\Barnim.net.xml
138000000000,138,veh_4,52.62067442600713,13.561295305424183,6971.260700,4590.552902,32.61468182077631,203.35509483868356,true,SUMO_NET_XML_UTM_WGS84_WITH_NET_OFFSET,C:\Users\raffa\IdeaProjects\maga-core\data\mosaic-scenarios\MaGaIntegratedStudy\sumo\Barnim.net.xml
138000000000,138,veh_5,52.62178467056665,13.562193033942354,7034.492246,4712.827919,32.72037558485288,209.4427559033537,true,SUMO_NET_XML_UTM_WGS84_WITH_NET_OFFSET,C:\Users\raffa\IdeaProjects\maga-core\data\mosaic-scenarios\MaGaIntegratedStudy\sumo\Barnim.net.xml
138000000000,138,veh_6,52.62282779395437,13.562955495467586,7088.415973,4827.820672,33.0637456345791,197.35905646699902,true,SUMO_NET_XML_UTM_WGS84_WITH_NET_OFFSET,C:\Users\raffa\IdeaProjects\maga-core\data\mosaic-scenarios\MaGaIntegratedStudy\sumo\Barnim.net.xml
138000000000,138,veh_7,52.623998251776996,13.563241549055533,7110.373161,4957.619456,32.74730423355475,187.14832257868892,true,SUMO_NET_XML_UTM_WGS84_WITH_NET_OFFSET,C:\Users\raffa\IdeaProjects\maga-core\data\mosaic-scenarios\MaGaIntegratedStudy\sumo\Barnim.net.xml
138000000000,138,veh_8,52.62515489562342,13.563459093929078,7127.661756,5085.974290,32.51589811630081,187.91097810424205,true,SUMO_NET_XML_UTM_WGS84_WITH_NET_OFFSET,C:\Users\raffa\IdeaProjects\maga-core\data\mosaic-scenarios\MaGaIntegratedStudy\sumo\Barnim.net.xml
138000000000,138,veh_9,52.626330327829876,13.563688376925764,7145.785723,5216.403113,32.06405396088492,187.9109781042538,true,SUMO_NET_XML_UTM_WGS84_WITH_NET_OFFSET,C:\Users\raffa\IdeaProjects\maga-core\data\mosaic-scenarios\MaGaIntegratedStudy\sumo\Barnim.net.xml
138000000000,138,veh_10,52.62740879656116,13.563907943709706,7163.036431,5336.060302,32.453175144568085,189.0343894190692,true,SUMO_NET_XML_UTM_WGS84_WITH_NET_OFFSET,C:\Users\raffa\IdeaProjects\maga-core\data\mosaic-scenarios\MaGaIntegratedStudy\sumo\Barnim.net.xml
138000000000,138,veh_11,52.62863004839008,13.564342568337915,7195.157745,5471.308777,32.49441311966628,191.04915082583844,true,SUMO_NET_XML_UTM_WGS84_WITH_NET_OFFSET,C:\Users\raffa\IdeaProjects\maga-core\data\mosaic-scenarios\MaGaIntegratedStudy\sumo\Barnim.net.xml
139000000000,139,veh_0,52.61579299099952,13.559988097958541,6871.928680,4049.380366,32.535754572828296,197.19925219166262,true,SUMO_NET_XML_UTM_WGS84_WITH_NET_OFFSET,C:\Users\raffa\IdeaProjects\maga-core\data\mosaic-scenarios\MaGaIntegratedStudy\sumo\Barnim.net.xml
139000000000,139,veh_1,52.616972486592466,13.560329030159044,6897.629282,4180.109173,32.54226711785421,185.11208072552822,true,SUMO_NET_XML_UTM_WGS84_WITH_NET_OFFSET,C:\Users\raffa\IdeaProjects\maga-core\data\mosaic-scenarios\MaGaIntegratedStudy\sumo\Barnim.net.xml
139000000000,139,veh_2,52.618173900872975,13.560350259846327,6901.734997,4313.708189,32.634730918793935,181.3761549198826,true,SUMO_NET_XML_UTM_WGS84_WITH_NET_OFFSET,C:\Users\raffa\IdeaProjects\maga-core\data\mosaic-scenarios\MaGaIntegratedStudy\sumo\Barnim.net.xml
139000000000,139,veh_3,52.61935319054508,13.560528574733146,6916.425181,4444.634070,32.918386014779095,191.38480440725095,true,SUMO_NET_XML_UTM_WGS84_WITH_NET_OFFSET,C:\Users\raffa\IdeaProjects\maga-core\data\mosaic-scenarios\MaGaIntegratedStudy\sumo\Barnim.net.xml
139000000000,139,veh_4,52.620397631046224,13.561121249140886,6958.864076,4560.001427,32.99686129968148,203.27757243615704,true,SUMO_NET_XML_UTM_WGS84_WITH_NET_OFFSET,C:\Users\raffa\IdeaProjects\maga-core\data\mosaic-scenarios\MaGaIntegratedStudy\sumo\Barnim.net.xml
139000000000,139,veh_5,52.62152332484315,13.561961807868228,7018.260739,4684.071830,33.04432789340615,209.4427559033588,true,SUMO_NET_XML_UTM_WGS84_WITH_NET_OFFSET,C:\Users\raffa\IdeaProjects\maga-core\data\mosaic-scenarios\MaGaIntegratedStudy\sumo\Barnim.net.xml
139000000000,139,veh_6,52.62254723569883,13.562792148146421,7076.737147,4796.835878,33.14837987785693,202.98606077670843,true,SUMO_NET_XML_UTM_WGS84_WITH_NET_OFFSET,C:\Users\raffa\IdeaProjects\maga-core\data\mosaic-scenarios\MaGaIntegratedStudy\sumo\Barnim.net.xml
139000000000,139,veh_7,52.623709165220646,13.563203744886874,7107.173448,4925.516664,32.30402534938883,183.43197266542762,true,SUMO_NET_XML_UTM_WGS84_WITH_NET_OFFSET,C:\Users\raffa\IdeaProjects\maga-core\data\mosaic-scenarios\MaGaIntegratedStudy\sumo\Barnim.net.xml
139000000000,139,veh_8,52.6248595903465,13.56340149273605,7123.108451,5053.206507,33.06979081772268,187.91097810424205,true,SUMO_NET_XML_UTM_WGS84_WITH_NET_OFFSET,C:\Users\raffa\IdeaProjects\maga-core\data\mosaic-scenarios\MaGaIntegratedStudy\sumo\Barnim.net.xml
139000000000,139,veh_9,52.626041216932634,13.563631981074426,7141.327927,5184.322657,32.37612872279249,187.9109781042538,true,SUMO_NET_XML_UTM_WGS84_WITH_NET_OFFSET,C:\Users\raffa\IdeaProjects\maga-core\data\mosaic-scenarios\MaGaIntegratedStudy\sumo\Barnim.net.xml
139000000000,139,veh_10,52.62712218152785,13.563842844714397,7157.995306,5304.269167,32.17597967700101,188.87988030274087,true,SUMO_NET_XML_UTM_WGS84_WITH_NET_OFFSET,C:\Users\raffa\IdeaProjects\maga-core\data\mosaic-scenarios\MaGaIntegratedStudy\sumo\Barnim.net.xml
139000000000,139,veh_11,52.62833701403813,13.564258449487436,7188.815445,5438.829255,33.097361196409906,191.0491508258282,true,SUMO_NET_XML_UTM_WGS84_WITH_NET_OFFSET,C:\Users\raffa\IdeaProjects\maga-core\data\mosaic-scenarios\MaGaIntegratedStudy\sumo\Barnim.net.xml
140000000000,140,veh_0,52.61550962719697,13.559854245997485,6862.237443,4018.044150,32.79982570253313,197.10629478457298,true,SUMO_NET_XML_UTM_WGS84_WITH_NET_OFFSET,C:\Users\raffa\IdeaProjects\maga-core\data\mosaic-scenarios\MaGaIntegratedStudy\sumo\Barnim.net.xml
140000000000,140,veh_1,52.61668617419711,13.560278810574292,6893.593589,4148.331876,32.05396170587744,189.3969987709504,true,SUMO_NET_XML_UTM_WGS84_WITH_NET_OFFSET,C:\Users\raffa\IdeaProjects\maga-core\data\mosaic-scenarios\MaGaIntegratedStudy\sumo\Barnim.net.xml
140000000000,140,veh_2,52.61788550162305,13.560352907521155,6901.273651,4281.627301,32.05990723561961,180.10872051375733,true,SUMO_NET_XML_UTM_WGS84_WITH_NET_OFFSET,C:\Users\raffa\IdeaProjects\maga-core\data\mosaic-scenarios\MaGaIntegratedStudy\sumo\Barnim.net.xml
140000000000,140,veh_3,52.61906391758832,13.56045836493363,6911.029949,4412.554482,32.45037472287193,186.95743832182478,true,SUMO_NET_XML_UTM_WGS84_WITH_NET_OFFSET,C:\Users\raffa\IdeaProjects\maga-core\data\mosaic-scenarios\MaGaIntegratedStudy\sumo\Barnim.net.xml
140000000000,140,veh_4,52.62012032963966,13.560943473141,6946.214386,4529.398680,33.14156847462989,201.51405013979948,true,SUMO_NET_XML_UTM_WGS84_WITH_NET_OFFSET,C:\Users\raffa\IdeaProjects\maga-core\data\mosaic-scenarios\MaGaIntegratedStudy\sumo\Barnim.net.xml
140000000000,140,veh_5,52.62125936271102,13.56173789524721,7002.518294,4655.014906,33.07183393204585,208.26349583883285,true,SUMO_NET_XML_UTM_WGS84_WITH_NET_OFFSET,C:\Users\raffa\IdeaProjects\maga-core\data\mosaic-scenarios\MaGaIntegratedStudy\sumo\Barnim.net.xml
140000000000,140,veh_6,52.622275956980225,13.562604493841514,7063.433446,4766.916039,32.77876755075529,206.2505403088144,true,SUMO_NET_XML_UTM_WGS84_WITH_NET_OFFSET,C:\Users\raffa\IdeaProjects\maga-core\data\mosaic-scenarios\MaGaIntegratedStudy\sumo\Barnim.net.xml
140000000000,140,veh_7,52.62342186202529,13.56318455171731,7105.237384,4893.587120,32.069531082380564,186.62830983178796,true,SUMO_NET_XML_UTM_WGS84_WITH_NET_OFFSET,C:\Users\raffa\IdeaProjects\maga-core\data\mosaic-scenarios\MaGaIntegratedStudy\sumo\Barnim.net.xml
140000000000,140,veh_8,52.6245720927755,13.563345415202196,7118.675533,5021.305089,32.19544012539089,187.9109781042538,true,SUMO_NET_XML_UTM_WGS84_WITH_NET_OFFSET,C:\Users\raffa\IdeaProjects\maga-core\data\mosaic-scenarios\MaGaIntegratedStudy\sumo\Barnim.net.xml
140000000000,140,veh_9,52.62574396592578,13.563573998105204,7136.744619,5151.338959,33.287696032221426,187.91097810424347,true,SUMO_NET_XML_UTM_WGS84_WITH_NET_OFFSET,C:\Users\raffa\IdeaProjects\maga-core\data\mosaic-scenarios\MaGaIntegratedStudy\sumo\Barnim.net.xml
140000000000,140,veh_10,52.62683579998923,13.56378697932796,7153.579592,5272.491556,32.07049182299059,187.9109781042538,true,SUMO_NET_XML_UTM_WGS84_WITH_NET_OFFSET,C:\Users\raffa\IdeaProjects\maga-core\data\mosaic-scenarios\MaGaIntegratedStudy\sumo\Barnim.net.xml
140000000000,140,veh_11,52.6280430989868,13.564174738762203,7182.498743,5406.251234,33.18921735244337,190.8465233570704,true,SUMO_NET_XML_UTM_WGS84_WITH_NET_OFFSET,C:\Users\raffa\IdeaProjects\maga-core\data\mosaic-scenarios\MaGaIntegratedStudy\sumo\Barnim.net.xml
141000000000,141,veh_0,52.61522643034571,13.559707844978503,6851.696893,3986.743496,32.95617087725084,203.63214448432495,true,SUMO_NET_XML_UTM_WGS84_WITH_NET_OFFSET,C:\Users\raffa\IdeaProjects\maga-core\data\mosaic-scenarios\MaGaIntegratedStudy\sumo\Barnim.net.xml
141000000000,141,veh_1,52.61640025871759,13.560210675865484,6888.345917,4116.622952,32.13923890499398,189.3969987709504,true,SUMO_NET_XML_UTM_WGS84_WITH_NET_OFFSET,C:\Users\raffa\IdeaProjects\maga-core\data\mosaic-scenarios\MaGaIntegratedStudy\sumo\Barnim.net.xml
141000000000,141,veh_2,52.6175901734687,13.560361676356262,6901.211298,4248.767471,32.83406661240849,180.10872051374696,true,SUMO_NET_XML_UTM_WGS84_WITH_NET_OFFSET,C:\Users\raffa\IdeaProjects\maga-core\data\mosaic-scenarios\MaGaIntegratedStudy\sumo\Barnim.net.xml
141000000000,141,veh_3,52.61877278110348,13.560411573207306,6907.215789,4380.235972,32.45452485268004,186.05684965555358,true,SUMO_NET_XML_UTM_WGS84_WITH_NET_OFFSET,C:\Users\raffa\IdeaProjects\maga-core\data\mosaic-scenarios\MaGaIntegratedStudy\sumo\Barnim.net.xml
141000000000,141,veh_4,52.619855642514594,13.560743287288034,6932.075573,4500.229280,32.40588038188405,198.21595230599834,true,SUMO_NET_XML_UTM_WGS84_WITH_NET_OFFSET,C:\Users\raffa\IdeaProjects\maga-core\data\mosaic-scenarios\MaGaIntegratedStudy\sumo\Barnim.net.xml
141000000000,141,veh_5,52.620995648192135,13.561526585831057,6987.629341,4625.968549,32.66849975345656,206.20459453012833,true,SUMO_NET_XML_UTM_WGS84_WITH_NET_OFFSET,C:\Users\raffa\IdeaProjects\maga-core\data\mosaic-scenarios\MaGaIntegratedStudy\sumo\Barnim.net.xml
141000000000,141,veh_6,52.6220116246541,13.562391170788212,7048.407495,4737.803502,32.78883830853272,208.0566873785172,true,SUMO_NET_XML_UTM_WGS84_WITH_NET_OFFSET,C:\Users\raffa\IdeaProjects\maga-core\data\mosaic-scenarios\MaGaIntegratedStudy\sumo\Barnim.net.xml
141000000000,141,veh_7,52.62313592469049,13.563094159285145,7098.485022,4861.905560,32.430706048007124,194.01722909881008,true,SUMO_NET_XML_UTM_WGS84_WITH_NET_OFFSET,C:\Users\raffa\IdeaProjects\maga-core\data\mosaic-scenarios\MaGaIntegratedStudy\sumo\Barnim.net.xml
141000000000,141,veh_8,52.62428447019853,13.563291036664587,7114.357289,4989.387480,32.19646441726479,187.14832257868892,true,SUMO_NET_XML_UTM_WGS84_WITH_NET_OFFSET,C:\Users\raffa\IdeaProjects\maga-core\data\mosaic-scenarios\MaGaIntegratedStudy\sumo\Barnim.net.xml
141000000000,141,veh_9,52.625451718281845,13.563516991848115,7132.238458,5118.910450,32.72738965220749,187.91097810424347,true,SUMO_NET_XML_UTM_WGS84_WITH_NET_OFFSET,C:\Users\raffa\IdeaProjects\maga-core\data\mosaic-scenarios\MaGaIntegratedStudy\sumo\Barnim.net.xml
141000000000,141,veh_10,52.626542490849474,13.563729763278264,7149.057062,5239.945246,32.846276548430325,187.9109781042538,true,SUMO_NET_XML_UTM_WGS84_WITH_NET_OFFSET,C:\Users\raffa\IdeaProjects\maga-core\data\mosaic-scenarios\MaGaIntegratedStudy\sumo\Barnim.net.xml
141000000000,141,veh_11,52.62774817405914,13.564091844710445,7176.235003,5373.559797,33.29052495606709,190.8465233570704,true,SUMO_NET_XML_UTM_WGS84_WITH_NET_OFFSET,C:\Users\raffa\IdeaProjects\maga-core\data\mosaic-scenarios\MaGaIntegratedStudy\sumo\Barnim.net.xml
142000000000,142,veh_0,52.614970081241765,13.559522168685996,6838.556935,3958.482139,31.05871881867759,209.1110086678901,true,SUMO_NET_XML_UTM_WGS84_WITH_NET_OFFSET,C:\Users\raffa\IdeaProjects\maga-core\data\mosaic-scenarios\MaGaIntegratedStudy\sumo\Barnim.net.xml
142000000000,142,veh_1,52.616108992436644,13.560124689311255,6881.877758,4084.343028,32.943984417682515,193.74364691619493,true,SUMO_NET_XML_UTM_WGS84_WITH_NET_OFFSET,C:\Users\raffa\IdeaProjects\maga-core\data\mosaic-scenarios\MaGaIntegratedStudy\sumo\Barnim.net.xml
142000000000,142,veh_2,52.617301629702325,13.560370776370203,6901.186445,4216.661790,32.80490564663894,186.29755969663836,true,SUMO_NET_XML_UTM_WGS84_WITH_NET_OFFSET,C:\Users\raffa\IdeaProjects\maga-core\data\mosaic-scenarios\MaGaIntegratedStudy\sumo\Barnim.net.xml
142000000000,142,veh_3,52.618482896467874,13.560373037598747,6903.963267,4348.045541,32.2681331045879,184.202735637214,true,SUMO_NET_XML_UTM_WGS84_WITH_NET_OFFSET,C:\Users\raffa\IdeaProjects\maga-core\data\mosaic-scenarios\MaGaIntegratedStudy\sumo\Barnim.net.xml
142000000000,142,veh_4,52.61957282206886,13.56060057465036,6921.786870,4468.965350,32.909809674527494,198.21595230600158,true,SUMO_NET_XML_UTM_WGS84_WITH_NET_OFFSET,C:\Users\raffa\IdeaProjects\maga-core\data\mosaic-scenarios\MaGaIntegratedStudy\sumo\Barnim.net.xml
142000000000,142,veh_5,52.620722317778586,13.561327666603233,6973.557582,4595.835966,33.28365337706171,204.42739902862417,true,SUMO_NET_XML_UTM_WGS84_WITH_NET_OFFSET,C:\Users\raffa\IdeaProjects\maga-core\data\mosaic-scenarios\MaGaIntegratedStudy\sumo\Barnim.net.xml
142000000000,142,veh_6,52.62174877030389,13.562161270938518,7032.262572,4708.877780,33.1514892696822,209.4427559033588,true,SUMO_NET_XML_UTM_WGS84_WITH_NET_OFFSET,C:\Users\raffa\IdeaProjects\maga-core\data\mosaic-scenarios\MaGaIntegratedStudy\sumo\Barnim.net.xml
142000000000,142,veh_7,52.62285098376608,13.562966578443524,7089.217578,4830.385015,32.88166204574052,197.35905646700587,true,SUMO_NET_XML_UTM_WGS84_WITH_NET_OFFSET,C:\Users\raffa\IdeaProjects\maga-core\data\mosaic-scenarios\MaGaIntegratedStudy\sumo\Barnim.net.xml
142000000000,142,veh_8,52.623988050419186,13.563239785236302,7110.231159,4956.487184,33.1451564208325,187.14832257868892,true,SUMO_NET_XML_UTM_WGS84_WITH_NET_OFFSET,C:\Users\raffa\IdeaProjects\maga-core\data\mosaic-scenarios\MaGaIntegratedStudy\sumo\Barnim.net.xml
142000000000,142,veh_9,52.62516103971027,13.563460292380636,7127.756491,5086.656053,32.55167287471238,187.91097810424347,true,SUMO_NET_XML_UTM_WGS84_WITH_NET_OFFSET,C:\Users\raffa\IdeaProjects\maga-core\data\mosaic-scenarios\MaGaIntegratedStudy\sumo\Barnim.net.xml
142000000000,142,veh_10,52.62624956523258,13.563672622776531,7144.540446,5207.441496,32.80332360693254,187.91097810424347,true,SUMO_NET_XML_UTM_WGS84_WITH_NET_OFFSET,C:\Users\raffa\IdeaProjects\maga-core\data\mosaic-scenarios\MaGaIntegratedStudy\sumo\Barnim.net.xml
142000000000,142,veh_11,52.627479895165365,13.563924142394201,7164.290325,5343.946442,32.05997583982069,196.31416885210407,true,SUMO_NET_XML_UTM_WGS84_WITH_NET_OFFSET,C:\Users\raffa\IdeaProjects\maga-core\data\mosaic-scenarios\MaGaIntegratedStudy\sumo\Barnim.net.xml
143000000000,143,veh_0,52.61475392105645,13.559333489253794,6825.302844,3934.694904,27.11927734824829,209.18653204208442,true,SUMO_NET_XML_UTM_WGS84_WITH_NET_OFFSET,C:\Users\raffa\IdeaProjects\maga-core\data\mosaic-scenarios\MaGaIntegratedStudy\sumo\Barnim.net.xml
143000000000,143,veh_1,52.61582785396226,13.560004581566455,6873.122056,4053.235720,32.33035970530007,197.19925219166413,true,SUMO_NET_XML_UTM_WGS84_WITH_NET_OFFSET,C:\Users\raffa\IdeaProjects\maga-core\data\mosaic-scenarios\MaGaIntegratedStudy\sumo\Barnim.net.xml
143000000000,143,veh_2,52.61701217544479,13.560333553405817,6898.023648,4184.517464,32.30025442929007,185.1120807255386,true,SUMO_NET_XML_UTM_WGS84_WITH_NET_OFFSET,C:\Users\raffa\IdeaProjects\maga-core\data\mosaic-scenarios\MaGaIntegratedStudy\sumo\Barnim.net.xml
143000000000,143,veh_3,52.61818708072048,13.560350238035486,6901.762796,4315.174151,32.68535769371781,182.23715359757682,true,SUMO_NET_XML_UTM_WGS84_WITH_NET_OFFSET,C:\Users\raffa\IdeaProjects\maga-core\data\mosaic-scenarios\MaGaIntegratedStudy\sumo\Barnim.net.xml
143000000000,143,veh_4,52.61927817351328,13.560508112589167,6914.873417,4436.317931,32.94517508539837,190.03004322788723,true,SUMO_NET_XML_UTM_WGS84_WITH_NET_OFFSET,C:\Users\raffa\IdeaProjects\maga-core\data\mosaic-scenarios\MaGaIntegratedStudy\sumo\Barnim.net.xml
143000000000,143,veh_5,52.620448771683634,13.561155428441806,6961.291270,4565.643385,32.616970485630446,202.560187371473,true,SUMO_NET_XML_UTM_WGS84_WITH_NET_OFFSET,C:\Users\raffa\IdeaProjects\maga-core\data\mosaic-scenarios\MaGaIntegratedStudy\sumo\Barnim.net.xml
143000000000,143,veh_6,52.621494695449016,13.561936478152953,7016.482643,4680.921717,32.12499881176743,209.4427559033588,true,SUMO_NET_XML_UTM_WGS84_WITH_NET_OFFSET,C:\Users\raffa\IdeaProjects\maga-core\data\mosaic-scenarios\MaGaIntegratedStudy\sumo\Barnim.net.xml
143000000000,143,veh_7,52.62257487829772,13.562810356094714,7078.030914,4799.885867,32.52160122401081,202.43189658833268,true,SUMO_NET_XML_UTM_WGS84_WITH_NET_OFFSET,C:\Users\raffa\IdeaProjects\maga-core\data\mosaic-scenarios\MaGaIntegratedStudy\sumo\Barnim.net.xml
143000000000,143,veh_8,52.62369784243515,13.563203332269195,7107.120417,4924.257838,32.425843602670355,182.7840957798027,true,SUMO_NET_XML_UTM_WGS84_WITH_NET_OFFSET,C:\Users\raffa\IdeaProjects\maga-core\data\mosaic-scenarios\MaGaIntegratedStudy\sumo\Barnim.net.xml
143000000000,143,veh_9,52.62486578168449,13.56340270038869,7123.203915,5053.893512,33.06449947929475,187.9109781042538,true,SUMO_NET_XML_UTM_WGS84_WITH_NET_OFFSET,C:\Users\raffa\IdeaProjects\maga-core\data\mosaic-scenarios\MaGaIntegratedStudy\sumo\Barnim.net.xml
143000000000,143,veh_10,52.62596260780425,13.563616647190273,7140.115854,5175.599996,32.134971088119784,187.91097810424347,true,SUMO_NET_XML_UTM_WGS84_WITH_NET_OFFSET,C:\Users\raffa\IdeaProjects\maga-core\data\mosaic-scenarios\MaGaIntegratedStudy\sumo\Barnim.net.xml
143000000000,143,veh_11,52.62719281995239,13.563858737192046,7159.227470,5312.104534,32.22938143792096,189.03438941908115,true,SUMO_NET_XML_UTM_WGS84_WITH_NET_OFFSET,C:\Users\raffa\IdeaProjects\maga-core\data\mosaic-scenarios\MaGaIntegratedStudy\sumo\Barnim.net.xml
144000000000,144,veh_0,52.614547452591,13.559118261201666,6810.272807,3912.021591,27.15487026085146,215.9524280000994,true,SUMO_NET_XML_UTM_WGS84_WITH_NET_OFFSET,C:\Users\raffa\IdeaProjects\maga-core\data\mosaic-scenarios\MaGaIntegratedStudy\sumo\Barnim.net.xml
144000000000,144,veh_1,52.61554178971408,13.559869327907053,6863.329939,4021.601040,33.11614430392626,197.19925219166262,true,SUMO_NET_XML_UTM_WGS84_WITH_NET_OFFSET,C:\Users\raffa\IdeaProjects\maga-core\data\mosaic-scenarios\MaGaIntegratedStudy\sumo\Barnim.net.xml
144000000000,144,veh_2,52.61671442164003,13.560285542090575,6894.112040,4151.464607,33.30447795504704,189.3969987709487,true,SUMO_NET_XML_UTM_WGS84_WITH_NET_OFFSET,C:\Users\raffa\IdeaProjects\maga-core\data\mosaic-scenarios\MaGaIntegratedStudy\sumo\Barnim.net.xml
144000000000,144,veh_3,52.6178942733746,13.560352647069351,6901.275503,4282.603294,32.54975323166698,180.10872051374696,true,SUMO_NET_XML_UTM_WGS84_WITH_NET_OFFSET,C:\Users\raffa\IdeaProjects\maga-core\data\mosaic-scenarios\MaGaIntegratedStudy\sumo\Barnim.net.xml
144000000000,144,veh_4,52.618990557799975,13.560446092863376,6910.036268,4404.411601,32.19412009897176,186.95743832181446,true,SUMO_NET_XML_UTM_WGS84_WITH_NET_OFFSET,C:\Users\raffa\IdeaProjects\maga-core\data\mosaic-scenarios\MaGaIntegratedStudy\sumo\Barnim.net.xml
144000000000,144,veh_5,52.62018142713859,13.560980748762272,6948.873311,4536.143904,32.03230684985872,201.51405013980917,true,SUMO_NET_XML_UTM_WGS84_WITH_NET_OFFSET,C:\Users\raffa\IdeaProjects\maga-core\data\mosaic-scenarios\MaGaIntegratedStudy\sumo\Barnim.net.xml
144000000000,144,veh_6,52.621229590491495,13.561712839498238,7000.756186,4651.737317,33.175848488318735,208.26349583882856,true,SUMO_NET_XML_UTM_WGS84_WITH_NET_OFFSET,C:\Users\raffa\IdeaProjects\maga-core\data\mosaic-scenarios\MaGaIntegratedStudy\sumo\Barnim.net.xml
144000000000,144,veh_7,52.622303572349644,13.56262575799676,7064.934040,4769.958871,32.69902700299397,206.25054030881904,true,SUMO_NET_XML_UTM_WGS84_WITH_NET_OFFSET,C:\Users\raffa\IdeaProjects\maga-core\data\mosaic-scenarios\MaGaIntegratedStudy\sumo\Barnim.net.xml
144000000000,144,veh_8,52.62340353084678,13.563180917558855,7104.950759,4891.553129,32.86641140926629,187.20181664036429,true,SUMO_NET_XML_UTM_WGS84_WITH_NET_OFFSET,C:\Users\raffa\IdeaProjects\maga-core\data\mosaic-scenarios\MaGaIntegratedStudy\sumo\Barnim.net.xml
144000000000,144,veh_9,52.624570888419086,13.563345180289215,7118.656963,5021.171451,33.02364763468038,187.91097810425234,true,SUMO_NET_XML_UTM_WGS84_WITH_NET_OFFSET,C:\Users\raffa\IdeaProjects\maga-core\data\mosaic-scenarios\MaGaIntegratedStudy\sumo\Barnim.net.xml
144000000000,144,veh_10,52.62567094345994,13.563559754166752,7135.618687,5143.236208,32.66207179170567,187.9109781042538,true,SUMO_NET_XML_UTM_WGS84_WITH_NET_OFFSET,C:\Users\raffa\IdeaProjects\maga-core\data\mosaic-scenarios\MaGaIntegratedStudy\sumo\Barnim.net.xml
144000000000,144,veh_11,52.626901913736226,13.563799876291288,7154.598999,5279.827702,32.595433561545796,187.91097810425234,true,SUMO_NET_XML_UTM_WGS84_WITH_NET_OFFSET,C:\Users\raffa\IdeaProjects\maga-core\data\mosaic-scenarios\MaGaIntegratedStudy\sumo\Barnim.net.xml
145000000000,145,veh_0,52.614345629544545,13.558886733065538,6794.149427,3889.887069,27.251080892509783,216.59219049351802,true,SUMO_NET_XML_UTM_WGS84_WITH_NET_OFFSET,C:\Users\raffa\IdeaProjects\maga-core\data\mosaic-scenarios\MaGaIntegratedStudy\sumo\Barnim.net.xml
145000000000,145,veh_1,52.61526303531406,13.559732740164007,6853.463631,3990.781223,32.28732861186843,203.63214448432495,true,SUMO_NET_XML_UTM_WGS84_WITH_NET_OFFSET,C:\Users\raffa\IdeaProjects\maga-core\data\mosaic-scenarios\MaGaIntegratedStudy\sumo\Barnim.net.xml
145000000000,145,veh_2,52.616428091713715,13.56021730853272,6888.856762,4119.709719,32.18582662755623,189.3969987709504,true,SUMO_NET_XML_UTM_WGS84_WITH_NET_OFFSET,C:\Users\raffa\IdeaProjects\maga-core\data\mosaic-scenarios\MaGaIntegratedStudy\sumo\Barnim.net.xml
145000000000,145,veh_3,52.617596715395365,13.560361482116146,6901.212679,4249.495361,33.081974680298,180.10872051375733,true,SUMO_NET_XML_UTM_WGS84_WITH_NET_OFFSET,C:\Users\raffa\IdeaProjects\maga-core\data\mosaic-scenarios\MaGaIntegratedStudy\sumo\Barnim.net.xml
145000000000,145,veh_4,52.61870089506436,13.560401420741076,6906.368857,4372.254145,32.27835565993562,186.05684965555358,true,SUMO_NET_XML_UTM_WGS84_WITH_NET_OFFSET,C:\Users\raffa\IdeaProjects\maga-core\data\mosaic-scenarios\MaGaIntegratedStudy\sumo\Barnim.net.xml
145000000000,145,veh_5,52.619916796634186,13.560774146217508,6934.300295,4506.989465,32.54534284139052,210.27982004257026,true,SUMO_NET_XML_UTM_WGS84_WITH_NET_OFFSET,C:\Users\raffa\IdeaProjects\maga-core\data\mosaic-scenarios\MaGaIntegratedStudy\sumo\Barnim.net.xml
145000000000,145,veh_6,52.62097053060279,13.561507286672896,6986.267214,4623.200903,32.03148932039738,206.20459453011895,true,SUMO_NET_XML_UTM_WGS84_WITH_NET_OFFSET,C:\Users\raffa\IdeaProjects\maga-core\data\mosaic-scenarios\MaGaIntegratedStudy\sumo\Barnim.net.xml
145000000000,145,veh_7,52.62204244903158,13.56241688271296,7050.216292,4741.197249,32.33556384106166,208.056687378508,true,SUMO_NET_XML_UTM_WGS84_WITH_NET_OFFSET,C:\Users\raffa\IdeaProjects\maga-core\data\mosaic-scenarios\MaGaIntegratedStudy\sumo\Barnim.net.xml
145000000000,145,veh_8,52.62311552202262,13.563085484209232,7097.852591,4859.647968,32.717479964597146,195.64941906043254,true,SUMO_NET_XML_UTM_WGS84_WITH_NET_OFFSET,C:\Users\raffa\IdeaProjects\maga-core\data\mosaic-scenarios\MaGaIntegratedStudy\sumo\Barnim.net.xml
145000000000,145,veh_9,52.624282837095606,13.563290754296814,7114.334556,4989.206219,32.24420527282171,187.14832257868892,true,SUMO_NET_XML_UTM_WGS84_WITH_NET_OFFSET,C:\Users\raffa\IdeaProjects\maga-core\data\mosaic-scenarios\MaGaIntegratedStudy\sumo\Barnim.net.xml
145000000000,145,veh_10,52.62538276399506,13.563503541629512,7131.175253,5111.259115,32.27181313416921,187.91097810424347,true,SUMO_NET_XML_UTM_WGS84_WITH_NET_OFFSET,C:\Users\raffa\IdeaProjects\maga-core\data\mosaic-scenarios\MaGaIntegratedStudy\sumo\Barnim.net.xml
145000000000,145,veh_11,52.626610272222095,13.563742985379788,7150.102182,5247.466435,32.65952811697032,187.91097810424205,true,SUMO_NET_XML_UTM_WGS84_WITH_NET_OFFSET,C:\Users\raffa\IdeaProjects\maga-core\data\mosaic-scenarios\MaGaIntegratedStudy\sumo\Barnim.net.xml
146000000000,146,veh_0,52.61414639113114,13.55864206209213,6777.141862,3868.057866,27.603290762258695,220.2393242434215,true,SUMO_NET_XML_UTM_WGS84_WITH_NET_OFFSET,C:\Users\raffa\IdeaProjects\maga-core\data\mosaic-scenarios\MaGaIntegratedStudy\sumo\Barnim.net.xml
146000000000,146,veh_1,52.61499985063796,13.559548136924288,6840.381148,3961.758122,31.713590162196198,207.64471553716507,true,SUMO_NET_XML_UTM_WGS84_WITH_NET_OFFSET,C:\Users\raffa\IdeaProjects\maga-core\data\mosaic-scenarios\MaGaIntegratedStudy\sumo\Barnim.net.xml
146000000000,146,veh_2,52.616135076617866,13.560134268122408,6882.584174,4087.231297,33.09932877334766,193.7436469161937,true,SUMO_NET_XML_UTM_WGS84_WITH_NET_OFFSET,C:\Users\raffa\IdeaProjects\maga-core\data\mosaic-scenarios\MaGaIntegratedStudy\sumo\Barnim.net.xml
146000000000,146,veh_3,52.61731005378282,13.56037202466121,6901.289660,4217.597073,32.59129257297143,186.29755969663725,true,SUMO_NET_XML_UTM_WGS84_WITH_NET_OFFSET,C:\Users\raffa\IdeaProjects\maga-core\data\mosaic-scenarios\MaGaIntegratedStudy\sumo\Barnim.net.xml
146000000000,146,veh_4,52.618405349198916,13.560366397586096,6903.341528,4339.429295,32.878474323702974,184.1272483673034,true,SUMO_NET_XML_UTM_WGS84_WITH_NET_OFFSET,C:\Users\raffa\IdeaProjects\maga-core\data\mosaic-scenarios\MaGaIntegratedStudy\sumo\Barnim.net.xml
146000000000,146,veh_5,52.61963250371401,13.560630690154785,6923.958023,4475.562760,33.08115538197569,198.21595230599834,true,SUMO_NET_XML_UTM_WGS84_WITH_NET_OFFSET,C:\Users\raffa\IdeaProjects\maga-core\data\mosaic-scenarios\MaGaIntegratedStudy\sumo\Barnim.net.xml
146000000000,146,veh_6,52.620698296436736,13.561310681106779,6972.354489,4593.187129,33.1081045118114,204.42739902861464,true,SUMO_NET_XML_UTM_WGS84_WITH_NET_OFFSET,C:\Users\raffa\IdeaProjects\maga-core\data\mosaic-scenarios\MaGaIntegratedStudy\sumo\Barnim.net.xml
146000000000,146,veh_7,52.621786417024445,13.562194579134383,7034.600714,4713.020083,32.23988568468019,209.4427559033588,true,SUMO_NET_XML_UTM_WGS84_WITH_NET_OFFSET,C:\Users\raffa\IdeaProjects\maga-core\data\mosaic-scenarios\MaGaIntegratedStudy\sumo\Barnim.net.xml
146000000000,146,veh_8,52.62283396634358,13.56295844540158,7088.629335,4828.503218,32.508489873837675,197.35905646699902,true,SUMO_NET_XML_UTM_WGS84_WITH_NET_OFFSET,C:\Users\raffa\IdeaProjects\maga-core\data\mosaic-scenarios\MaGaIntegratedStudy\sumo\Barnim.net.xml
146000000000,146,veh_9,52.62398978246103,13.56324008470704,7110.255269,4956.679428,32.76887164688203,187.14832257868892,true,SUMO_NET_XML_UTM_WGS84_WITH_NET_OFFSET,C:\Users\raffa\IdeaProjects\maga-core\data\mosaic-scenarios\MaGaIntegratedStudy\sumo\Barnim.net.xml
146000000000,146,veh_10,52.625093641017614,13.5634471457631,7126.717273,5079.177331,32.377468555672095,187.91097810425234,true,SUMO_NET_XML_UTM_WGS84_WITH_NET_OFFSET,C:\Users\raffa\IdeaProjects\maga-core\data\mosaic-scenarios\MaGaIntegratedStudy\sumo\Barnim.net.xml
146000000000,146,veh_11,52.62632120436227,13.563686597231934,7145.645049,5215.390751,32.371312999115325,187.91097810425234,true,SUMO_NET_XML_UTM_WGS84_WITH_NET_OFFSET,C:\Users\raffa\IdeaProjects\maga-core\data\mosaic-scenarios\MaGaIntegratedStudy\sumo\Barnim.net.xml
147000000000,147,veh_0,52.61395708255348,13.558382688580245,6759.160844,3847.353073,27.355011292286218,222.50443773092118,true,SUMO_NET_XML_UTM_WGS84_WITH_NET_OFFSET,C:\Users\raffa\IdeaProjects\maga-core\data\mosaic-scenarios\MaGaIntegratedStudy\sumo\Barnim.net.xml
147000000000,147,veh_1,52.6147829028847,13.559358804719556,6827.081131,3937.884168,27.213590162196198,209.17021223274267,true,SUMO_NET_XML_UTM_WGS84_WITH_NET_OFFSET,C:\Users\raffa\IdeaProjects\maga-core\data\mosaic-scenarios\MaGaIntegratedStudy\sumo\Barnim.net.xml
147000000000,147,veh_2,52.61585038187029,13.56001523303353,6873.893197,4055.726990,32.695734110306944,197.1992521916725,true,SUMO_NET_XML_UTM_WGS84_WITH_NET_OFFSET,C:\Users\raffa\IdeaProjects\maga-core\data\mosaic-scenarios\MaGaIntegratedStudy\sumo\Barnim.net.xml
147000000000,147,veh_3,52.61701432216177,13.560333798062404,6898.044979,4184.755902,33.00180397030897,185.1120807255386,true,SUMO_NET_XML_UTM_WGS84_WITH_NET_OFFSET,C:\Users\raffa\IdeaProjects\maga-core\data\mosaic-scenarios\MaGaIntegratedStudy\sumo\Barnim.net.xml
147000000000,147,veh_4,52.61811162842628,13.56035036289749,6901.603656,4306.781774,32.45763138418086,181.0863371817169,true,SUMO_NET_XML_UTM_WGS84_WITH_NET_OFFSET,C:\Users\raffa\IdeaProjects\maga-core\data\mosaic-scenarios\MaGaIntegratedStudy\sumo\Barnim.net.xml
147000000000,147,veh_5,52.61934099701263,13.560524955132012,6916.153076,4443.282732,32.82749473638367,191.38480440724075,true,SUMO_NET_XML_UTM_WGS84_WITH_NET_OFFSET,C:\Users\raffa\IdeaProjects\maga-core\data\mosaic-scenarios\MaGaIntegratedStudy\sumo\Barnim.net.xml
147000000000,147,veh_6,52.620420453075205,13.561136501990626,6959.947236,4562.519208,33.109080043779684,203.27757243617077,true,SUMO_NET_XML_UTM_WGS84_WITH_NET_OFFSET,C:\Users\raffa\IdeaProjects\maga-core\data\mosaic-scenarios\MaGaIntegratedStudy\sumo\Barnim.net.xml
147000000000,147,veh_7,52.6215311368535,13.561968719512379,7018.745922,4684.931391,32.277405660222286,209.4427559033537,true,SUMO_NET_XML_UTM_WGS84_WITH_NET_OFFSET,C:\Users\raffa\IdeaProjects\maga-core\data\mosaic-scenarios\MaGaIntegratedStudy\sumo\Barnim.net.xml
147000000000,147,veh_8,52.62255316588933,13.562796054311159,7077.014700,4797.490195,33.15274983858224,202.98606077669882,true,SUMO_NET_XML_UTM_WGS84_WITH_NET_OFFSET,C:\Users\raffa\IdeaProjects\maga-core\data\mosaic-scenarios\MaGaIntegratedStudy\sumo\Barnim.net.xml
147000000000,147,veh_9,52.6236981759692,13.563203344423627,7107.121979,4924.294919,32.58232775586191,182.8031777003452,true,SUMO_NET_XML_UTM_WGS84_WITH_NET_OFFSET,C:\Users\raffa\IdeaProjects\maga-core\data\mosaic-scenarios\MaGaIntegratedStudy\sumo\Barnim.net.xml
147000000000,147,veh_10,52.624806289314954,13.563391096106526,7122.286603,5047.292096,32.17910823269747,187.9109781042538,true,SUMO_NET_XML_UTM_WGS84_WITH_NET_OFFSET,C:\Users\raffa\IdeaProjects\maga-core\data\mosaic-scenarios\MaGaIntegratedStudy\sumo\Barnim.net.xml
147000000000,147,veh_11,52.62602512646956,13.563628842385068,7141.079828,5182.537220,33.15632861298043,187.91097810424205,true,SUMO_NET_XML_UTM_WGS84_WITH_NET_OFFSET,C:\Users\raffa\IdeaProjects\maga-core\data\mosaic-scenarios\MaGaIntegratedStudy\sumo\Barnim.net.xml
148000000000,148,veh_0,52.61378647158133,13.558106821134876,6740.104596,3828.750324,26.558576043690557,225.68993794475963,true,SUMO_NET_XML_UTM_WGS84_WITH_NET_OFFSET,C:\Users\raffa\IdeaProjects\maga-core\data\mosaic-scenarios\MaGaIntegratedStudy\sumo\Barnim.net.xml
148000000000,148,veh_1,52.6145718850137,13.55914616688285,6812.216358,3914.701335,27.494905611146244,215.95242800010246,true,SUMO_NET_XML_UTM_WGS84_WITH_NET_OFFSET,C:\Users\raffa\IdeaProjects\maga-core\data\mosaic-scenarios\MaGaIntegratedStudy\sumo\Barnim.net.xml
148000000000,148,veh_2,52.61557007346182,13.5598827006281,6864.298105,4024.728823,32.449822762277904,197.1992521916725,true,SUMO_NET_XML_UTM_WGS84_WITH_NET_OFFSET,C:\Users\raffa\IdeaProjects\maga-core\data\mosaic-scenarios\MaGaIntegratedStudy\sumo\Barnim.net.xml
148000000000,148,veh_3,52.61672476571352,13.56028800714056,6894.301895,4152.611797,32.38110281098168,189.3969987709504,true,SUMO_NET_XML_UTM_WGS84_WITH_NET_OFFSET,C:\Users\raffa\IdeaProjects\maga-core\data\mosaic-scenarios\MaGaIntegratedStudy\sumo\Barnim.net.xml
148000000000,148,veh_4,52.61781349055472,13.560355045676424,6901.258447,4273.614955,33.14375654838048,180.10872051374696,true,SUMO_NET_XML_UTM_WGS84_WITH_NET_OFFSET,C:\Users\raffa\IdeaProjects\maga-core\data\mosaic-scenarios\MaGaIntegratedStudy\sumo\Barnim.net.xml
148000000000,148,veh_5,52.619054269704115,13.560456750974828,6910.899265,4411.483574,32.15158559116069,186.95743832181574,true,SUMO_NET_XML_UTM_WGS84_WITH_NET_OFFSET,C:\Users\raffa\IdeaProjects\maga-core\data\mosaic-scenarios\MaGaIntegratedStudy\sumo\Barnim.net.xml
148000000000,148,veh_6,52.62014607111958,13.560959178020212,6947.334639,4532.240564,32.827517512436025,201.51405013980917,true,SUMO_NET_XML_UTM_WGS84_WITH_NET_OFFSET,C:\Users\raffa\IdeaProjects\maga-core\data\mosaic-scenarios\MaGaIntegratedStudy\sumo\Barnim.net.xml
148000000000,148,veh_7,52.62127457416716,13.56175069694189,7003.418603,4656.689517,32.1569391103182,208.26349583883285,true,SUMO_NET_XML_UTM_WGS84_WITH_NET_OFFSET,C:\Users\raffa\IdeaProjects\maga-core\data\mosaic-scenarios\MaGaIntegratedStudy\sumo\Barnim.net.xml
148000000000,148,veh_8,52.62228317313138,13.562610050358888,7063.825565,4767.711160,32.60284141173586,206.25054030881904,true,SUMO_NET_XML_UTM_WGS84_WITH_NET_OFFSET,C:\Users\raffa\IdeaProjects\maga-core\data\mosaic-scenarios\MaGaIntegratedStudy\sumo\Barnim.net.xml
148000000000,148,veh_9,52.623404162773014,13.56318111951917,7104.965830,4891.623143,32.83193268414587,187.12267161435574,true,SUMO_NET_XML_UTM_WGS84_WITH_NET_OFFSET,C:\Users\raffa\IdeaProjects\maga-core\data\mosaic-scenarios\MaGaIntegratedStudy\sumo\Barnim.net.xml
148000000000,148,veh_10,52.62450915585634,13.563333139202399,7117.705110,5014.321459,33.274515010598115,187.91097810424205,true,SUMO_NET_XML_UTM_WGS84_WITH_NET_OFFSET,C:\Users\raffa\IdeaProjects\maga-core\data\mosaic-scenarios\MaGaIntegratedStudy\sumo\Barnim.net.xml
148000000000,148,veh_11,52.62572781567993,13.56357084779534,7136.495599,5149.546888,33.29439058801625,187.91097810424347,true,SUMO_NET_XML_UTM_WGS84_WITH_NET_OFFSET,C:\Users\raffa\IdeaProjects\maga-core\data\mosaic-scenarios\MaGaIntegratedStudy\sumo\Barnim.net.xml
149000000000,149,veh_0,52.61361847124928,13.557808514937337,6719.534856,3810.468407,27.360462015559897,228.4109449553501,true,SUMO_NET_XML_UTM_WGS84_WITH_NET_OFFSET,C:\Users\raffa\IdeaProjects\maga-core\data\mosaic-scenarios\MaGaIntegratedStudy\sumo\Barnim.net.xml
149000000000,149,veh_1,52.61437541615166,13.558921769532159,6796.587662,3893.152678,26.52993612491526,215.95242800010246,true,SUMO_NET_XML_UTM_WGS84_WITH_NET_OFFSET,C:\Users\raffa\IdeaProjects\maga-core\data\mosaic-scenarios\MaGaIntegratedStudy\sumo\Barnim.net.xml
149000000000,149,veh_2,52.615287504781584,13.559749381971686,6854.644649,3993.480339,32.628039281438106,202.75170164477007,true,SUMO_NET_XML_UTM_WGS84_WITH_NET_OFFSET,C:\Users\raffa\IdeaProjects\maga-core\data\mosaic-scenarios\MaGaIntegratedStudy\sumo\Barnim.net.xml
149000000000,149,veh_3,52.61643335002182,13.560218561600601,6888.953272,4120.292881,32.75750841532834,189.3969987709504,true,SUMO_NET_XML_UTM_WGS84_WITH_NET_OFFSET,C:\Users\raffa\IdeaProjects\maga-core\data\mosaic-scenarios\MaGaIntegratedStudy\sumo\Barnim.net.xml
149000000000,149,veh_4,52.617529878798244,13.560398526238838,6903.571976,4242.011359,32.135374607257546,155.16846875016734,true,SUMO_NET_XML_UTM_WGS84_WITH_NET_OFFSET,C:\Users\raffa\IdeaProjects\maga-core\data\mosaic-scenarios\MaGaIntegratedStudy\sumo\Barnim.net.xml
149000000000,149,veh_5,52.61875737297805,13.560409397114926,6907.034257,4378.525139,33.094354269881734,186.0568496555443,true,SUMO_NET_XML_UTM_WGS84_WITH_NET_OFFSET,C:\Users\raffa\IdeaProjects\maga-core\data\mosaic-scenarios\MaGaIntegratedStudy\sumo\Barnim.net.xml
149000000000,149,veh_6,52.61987652993804,13.560753827263458,6932.835435,4502.538247,33.03224658541847,198.21595230600158,true,SUMO_NET_XML_UTM_WGS84_WITH_NET_OFFSET,C:\Users\raffa\IdeaProjects\maga-core\data\mosaic-scenarios\MaGaIntegratedStudy\sumo\Barnim.net.xml
149000000000,149,veh_7,52.62101055961445,13.56153804306852,6988.437987,4627.611602,32.73856822333298,206.20459453011895,true,SUMO_NET_XML_UTM_WGS84_WITH_NET_OFFSET,C:\Users\raffa\IdeaProjects\maga-core\data\mosaic-scenarios\MaGaIntegratedStudy\sumo\Barnim.net.xml
149000000000,149,veh_8,52.6220213746215,13.562399303646485,7048.979630,4738.876968,32.458738983534275,208.05668737852216,true,SUMO_NET_XML_UTM_WGS84_WITH_NET_OFFSET,C:\Users\raffa\IdeaProjects\maga-core\data\mosaic-scenarios\MaGaIntegratedStudy\sumo\Barnim.net.xml
149000000000,149,veh_9,52.62311576137712,13.563085585981092,7097.860011,4859.674453,32.76162433232646,195.64941906043254,true,SUMO_NET_XML_UTM_WGS84_WITH_NET_OFFSET,C:\Users\raffa\IdeaProjects\maga-core\data\mosaic-scenarios\MaGaIntegratedStudy\sumo\Barnim.net.xml
149000000000,149,veh_10,52.62421590884084,13.563279182243427,7113.402923,4981.777701,32.814883570391686,187.14832257868892,true,SUMO_NET_XML_UTM_WGS84_WITH_NET_OFFSET,C:\Users\raffa\IdeaProjects\maga-core\data\mosaic-scenarios\MaGaIntegratedStudy\sumo\Barnim.net.xml
149000000000,149,veh_11,52.62543413368394,13.563513561793755,7131.967322,5116.959220,32.88801551677287,187.9109781042538,true,SUMO_NET_XML_UTM_WGS84_WITH_NET_OFFSET,C:\Users\raffa\IdeaProjects\maga-core\data\mosaic-scenarios\MaGaIntegratedStudy\sumo\Barnim.net.xml
150000000000,150,veh_0,52.613464395201675,13.557494278913763,6697.917461,3793.756885,27.24769697763957,233.2039846852452,true,SUMO_NET_XML_UTM_WGS84_WITH_NET_OFFSET,C:\Users\raffa\IdeaProjects\maga-core\data\mosaic-scenarios\MaGaIntegratedStudy\sumo\Barnim.net.xml
150000000000,150,veh_1,52.61417632154844,13.558682574743566,6779.951184,3871.332050,27.32112306223251,217.4686345881197,true,SUMO_NET_XML_UTM_WGS84_WITH_NET_OFFSET,C:\Users\raffa\IdeaProjects\maga-core\data\mosaic-scenarios\MaGaIntegratedStudy\sumo\Barnim.net.xml
150000000000,150,veh_2,52.61502404481357,13.559569241853207,6841.863723,3964.420579,31.612804991903197,204.31832834363365,true,SUMO_NET_XML_UTM_WGS84_WITH_NET_OFFSET,C:\Users\raffa\IdeaProjects\maga-core\data\mosaic-scenarios\MaGaIntegratedStudy\sumo\Barnim.net.xml
150000000000,150,veh_3,52.61614771413814,13.560138908962998,6882.926425,4088.630635,32.249866216927764,193.74364691620383,true,SUMO_NET_XML_UTM_WGS84_WITH_NET_OFFSET,C:\Users\raffa\IdeaProjects\maga-core\data\mosaic-scenarios\MaGaIntegratedStudy\sumo\Barnim.net.xml
150000000000,150,veh_4,52.61723284088679,13.560360583172589,6900.343610,4209.024510,33.180943250418636,186.29755969663725,true,SUMO_NET_XML_UTM_WGS84_WITH_NET_OFFSET,C:\Users\raffa\IdeaProjects\maga-core\data\mosaic-scenarios\MaGaIntegratedStudy\sumo\Barnim.net.xml
150000000000,150,veh_5,52.61846513496877,13.560371516762185,6903.820864,4346.072068,32.52559443853795,184.1272483673034,true,SUMO_NET_XML_UTM_WGS84_WITH_NET_OFFSET,C:\Users\raffa\IdeaProjects\maga-core\data\mosaic-scenarios\MaGaIntegratedStudy\sumo\Barnim.net.xml
150000000000,150,veh_6,52.619595916386174,13.56061222808947,6922.627016,4471.518274,32.65301062948536,198.21595230599164,true,SUMO_NET_XML_UTM_WGS84_WITH_NET_OFFSET,C:\Users\raffa\IdeaProjects\maga-core\data\mosaic-scenarios\MaGaIntegratedStudy\sumo\Barnim.net.xml
150000000000,150,veh_7,52.62074690086125,13.561345049327546,6974.788811,4598.546747,32.13681310135405,204.4273990286103,true,SUMO_NET_XML_UTM_WGS84_WITH_NET_OFFSET,C:\Users\raffa\IdeaProjects\maga-core\data\mosaic-scenarios\MaGaIntegratedStudy\sumo\Barnim.net.xml
150000000000,150,veh_8,52.62176047902376,13.562171630302284,7032.989771,4710.166101,32.8883297226578,209.4427559033446,true,SUMO_NET_XML_UTM_WGS84_WITH_NET_OFFSET,C:\Users\raffa\IdeaProjects\maga-core\data\mosaic-scenarios\MaGaIntegratedStudy\sumo\Barnim.net.xml
150000000000,150,veh_9,52.622829346665675,13.562956237545773,7088.469646,4827.992372,33.07161916798912,197.35905646700897,true,SUMO_NET_XML_UTM_WGS84_WITH_NET_OFFSET,C:\Users\raffa\IdeaProjects\maga-core\data\mosaic-scenarios\MaGaIntegratedStudy\sumo\Barnim.net.xml
150000000000,150,veh_10,52.62392477938496,13.563228845664266,7109.350434,4949.464591,32.553600658937356,187.14832257868892,true,SUMO_NET_XML_UTM_WGS84_WITH_NET_OFFSET,C:\Users\raffa\IdeaProjects\maga-core\data\mosaic-scenarios\MaGaIntegratedStudy\sumo\Barnim.net.xml
150000000000,150,veh_11,52.62514019017777,13.563456225519719,7127.435013,5084.342538,32.91729667821899,187.91097810424205,true,SUMO_NET_XML_UTM_WGS84_WITH_NET_OFFSET,C:\Users\raffa\IdeaProjects\maga-core\data\mosaic-scenarios\MaGaIntegratedStudy\sumo\Barnim.net.xml
151000000000,151,veh_0,52.61331878032652,13.55718215378765,6676.461665,3777.983694,26.551238843817266,235.7271466622537,true,SUMO_NET_XML_UTM_WGS84_WITH_NET_OFFSET,C:\Users\raffa\IdeaProjects\maga-core\data\mosaic-scenarios\MaGaIntegratedStudy\sumo\Barnim.net.xml
151000000000,151,veh_1,52.61398322360739,13.55842120615717,6761.826692,3850.208474,27.75792893075384,220.63031880988152,true,SUMO_NET_XML_UTM_WGS84_WITH_NET_OFFSET,C:\Users\raffa\IdeaProjects\maga-core\data\mosaic-scenarios\MaGaIntegratedStudy\sumo\Barnim.net.xml
151000000000,151,veh_2,52.61479293876937,13.559367609975173,6827.699557,3938.988500,28.986021052568645,209.1354488001649,true,SUMO_NET_XML_UTM_WGS84_WITH_NET_OFFSET,C:\Users\raffa\IdeaProjects\maga-core\data\mosaic-scenarios\MaGaIntegratedStudy\sumo\Barnim.net.xml
151000000000,151,veh_3,52.615860657383145,13.560020091423866,6874.244933,4056.863318,32.946731341625565,197.1992521916741,true,SUMO_NET_XML_UTM_WGS84_WITH_NET_OFFSET,C:\Users\raffa\IdeaProjects\maga-core\data\mosaic-scenarios\MaGaIntegratedStudy\sumo\Barnim.net.xml
151000000000,151,veh_4,52.61693578152809,13.5603248469744,6897.264563,4176.032295,33.13563823657576,185.1120807255386,true,SUMO_NET_XML_UTM_WGS84_WITH_NET_OFFSET,C:\Users\raffa\IdeaProjects\maga-core\data\mosaic-scenarios\MaGaIntegratedStudy\sumo\Barnim.net.xml
151000000000,151,veh_5,52.6181695845842,13.560350266989175,6901.725894,4313.228098,32.65703980540391,181.10818743737764,true,SUMO_NET_XML_UTM_WGS84_WITH_NET_OFFSET,C:\Users\raffa\IdeaProjects\maga-core\data\mosaic-scenarios\MaGaIntegratedStudy\sumo\Barnim.net.xml
151000000000,151,veh_6,52.619308800785376,13.560515980428239,6915.474041,4439.713826,32.19332976378035,190.94116569042146,true,SUMO_NET_XML_UTM_WGS84_WITH_NET_OFFSET,C:\Users\raffa\IdeaProjects\maga-core\data\mosaic-scenarios\MaGaIntegratedStudy\sumo\Barnim.net.xml
151000000000,151,veh_7,52.6204742572718,13.561172346605474,6962.493068,4568.455172,32.53625554851722,201.64150326054377,true,SUMO_NET_XML_UTM_WGS84_WITH_NET_OFFSET,C:\Users\raffa\IdeaProjects\maga-core\data\mosaic-scenarios\MaGaIntegratedStudy\sumo\Barnim.net.xml
151000000000,151,veh_8,52.62150323229049,13.561944031077413,7017.012844,4681.861032,32.526050432976334,209.4427559033588,true,SUMO_NET_XML_UTM_WGS84_WITH_NET_OFFSET,C:\Users\raffa\IdeaProjects\maga-core\data\mosaic-scenarios\MaGaIntegratedStudy\sumo\Barnim.net.xml
151000000000,151,veh_9,52.62254820080563,13.562792783853771,7076.782317,4796.942365,33.212647939352316,202.98606077669882,true,SUMO_NET_XML_UTM_WGS84_WITH_NET_OFFSET,C:\Users\raffa\IdeaProjects\maga-core\data\mosaic-scenarios\MaGaIntegratedStudy\sumo\Barnim.net.xml
151000000000,151,veh_10,52.62363262842899,13.563200955785316,7106.814985,4917.007584,32.622496550455686,182.41227707861347,true,SUMO_NET_XML_UTM_WGS84_WITH_NET_OFFSET,C:\Users\raffa\IdeaProjects\maga-core\data\mosaic-scenarios\MaGaIntegratedStudy\sumo\Barnim.net.xml
151000000000,151,veh_11,52.624843317371386,13.563398318609288,7122.857538,5051.400818,33.24533054264728,187.91097810424205,true,SUMO_NET_XML_UTM_WGS84_WITH_NET_OFFSET,C:\Users\raffa\IdeaProjects\maga-core\data\mosaic-scenarios\MaGaIntegratedStudy\sumo\Barnim.net.xml
152000000000,152,veh_0,52.6131890100596,13.55684525807127,6653.363964,3764.006485,26.90789388811216,238.82043378632906,true,SUMO_NET_XML_UTM_WGS84_WITH_NET_OFFSET,C:\Users\raffa\IdeaProjects\maga-core\data\mosaic-scenarios\MaGaIntegratedStudy\sumo\Barnim.net.xml
152000000000,152,veh_1,52.61381127220119,13.55814692201467,6742.874676,3831.454482,26.597533414904028,225.68993794474864,true,SUMO_NET_XML_UTM_WGS84_WITH_NET_OFFSET,C:\Users\raffa\IdeaProjects\maga-core\data\mosaic-scenarios\MaGaIntegratedStudy\sumo\Barnim.net.xml
152000000000,152,veh_2,52.61458441418158,13.559160477184019,6813.213029,3916.075533,27.064945229720326,215.952428000091,true,SUMO_NET_XML_UTM_WGS84_WITH_NET_OFFSET,C:\Users\raffa\IdeaProjects\maga-core\data\mosaic-scenarios\MaGaIntegratedStudy\sumo\Barnim.net.xml
152000000000,152,veh_3,52.615574374555024,13.55988473421162,6864.445333,4025.204464,33.14145020399708,197.1992521916741,true,SUMO_NET_XML_UTM_WGS84_WITH_NET_OFFSET,C:\Users\raffa\IdeaProjects\maga-core\data\mosaic-scenarios\MaGaIntegratedStudy\sumo\Barnim.net.xml
152000000000,152,veh_4,52.61664918351933,13.560269995511266,6892.914665,4144.229494,32.11898305606562,189.3969987709487,true,SUMO_NET_XML_UTM_WGS84_WITH_NET_OFFSET,C:\Users\raffa\IdeaProjects\maga-core\data\mosaic-scenarios\MaGaIntegratedStudy\sumo\Barnim.net.xml
152000000000,152,veh_5,52.617877429810264,13.560353147190177,6901.271946,4280.729187,32.47751790075097,180.10872051374696,true,SUMO_NET_XML_UTM_WGS84_WITH_NET_OFFSET,C:\Users\raffa\IdeaProjects\maga-core\data\mosaic-scenarios\MaGaIntegratedStudy\sumo\Barnim.net.xml
152000000000,152,veh_6,52.6190124611462,13.560449756983873,6910.332956,4406.842856,33.19069714236073,186.95743832182603,true,SUMO_NET_XML_UTM_WGS84_WITH_NET_OFFSET,C:\Users\raffa\IdeaProjects\maga-core\data\mosaic-scenarios\MaGaIntegratedStudy\sumo\Barnim.net.xml
152000000000,152,veh_7,52.62020540411484,13.560995377159994,6949.916775,4538.790986,32.245083393338135,201.51405013980917,true,SUMO_NET_XML_UTM_WGS84_WITH_NET_OFFSET,C:\Users\raffa\IdeaProjects\maga-core\data\mosaic-scenarios\MaGaIntegratedStudy\sumo\Barnim.net.xml
152000000000,152,veh_8,52.62124441287206,13.561725313734636,7001.633468,4653.369095,32.401266031102274,208.26349583882364,true,SUMO_NET_XML_UTM_WGS84_WITH_NET_OFFSET,C:\Users\raffa\IdeaProjects\maga-core\data\mosaic-scenarios\MaGaIntegratedStudy\sumo\Barnim.net.xml
152000000000,152,veh_9,52.62227813838785,13.562606173549652,7063.551981,4767.156400,32.6263297357317,206.2505403088144,true,SUMO_NET_XML_UTM_WGS84_WITH_NET_OFFSET,C:\Users\raffa\IdeaProjects\maga-core\data\mosaic-scenarios\MaGaIntegratedStudy\sumo\Barnim.net.xml
152000000000,152,veh_10,52.623344493451825,13.563162239681576,7103.555619,4885.011866,32.28806073052809,192.00315622348188,true,SUMO_NET_XML_UTM_WGS84_WITH_NET_OFFSET,C:\Users\raffa\IdeaProjects\maga-core\data\mosaic-scenarios\MaGaIntegratedStudy\sumo\Barnim.net.xml
152000000000,152,veh_11,52.62454784343562,13.563340685305215,7118.301633,5018.614324,33.08867373603396,187.91097810424347,true,SUMO_NET_XML_UTM_WGS84_WITH_NET_OFFSET,C:\Users\raffa\IdeaProjects\maga-core\data\mosaic-scenarios\MaGaIntegratedStudy\sumo\Barnim.net.xml
153000000000,153,veh_0,52.613062046807144,13.556497339037346,6629.526067,3750.356538,27.403185387719425,244.53449045093973,true,SUMO_NET_XML_UTM_WGS84_WITH_NET_OFFSET,C:\Users\raffa\IdeaProjects\maga-core\data\mosaic-scenarios\MaGaIntegratedStudy\sumo\Barnim.net.xml
153000000000,153,veh_1,52.61363955803204,13.557846010709032,6722.120323,3812.763008,27.775727993734183,228.41094495535398,true,SUMO_NET_XML_UTM_WGS84_WITH_NET_OFFSET,C:\Users\raffa\IdeaProjects\maga-core\data\mosaic-scenarios\MaGaIntegratedStudy\sumo\Barnim.net.xml
153000000000,153,veh_2,52.61438290519448,13.558930323113787,6797.183399,3893.974074,27.21052628312726,215.95242800009402,true,SUMO_NET_XML_UTM_WGS84_WITH_NET_OFFSET,C:\Users\raffa\IdeaProjects\maga-core\data\mosaic-scenarios\MaGaIntegratedStudy\sumo\Barnim.net.xml
153000000000,153,veh_3,52.61529100318353,13.559751761254036,6854.813500,3993.866232,32.706544286170974,202.09759760112638,true,SUMO_NET_XML_UTM_WGS84_WITH_NET_OFFSET,C:\Users\raffa\IdeaProjects\maga-core\data\mosaic-scenarios\MaGaIntegratedStudy\sumo\Barnim.net.xml
153000000000,153,veh_4,52.61636012902953,13.560201112882586,6887.609380,4112.172444,32.49208862781059,189.3969987709504,true,SUMO_NET_XML_UTM_WGS84_WITH_NET_OFFSET,C:\Users\raffa\IdeaProjects\maga-core\data\mosaic-scenarios\MaGaIntegratedStudy\sumo\Barnim.net.xml
153000000000,153,veh_5,52.6175795080508,13.560363359746356,6901.301568,4247.578930,33.13336758601479,179.0474479138956,true,SUMO_NET_XML_UTM_WGS84_WITH_NET_OFFSET,C:\Users\raffa\IdeaProjects\maga-core\data\mosaic-scenarios\MaGaIntegratedStudy\sumo\Barnim.net.xml
153000000000,153,veh_6,52.61871706709439,13.560403704714362,6906.559390,4374.049797,32.9201527330745,186.05684965555358,true,SUMO_NET_XML_UTM_WGS84_WITH_NET_OFFSET,C:\Users\raffa\IdeaProjects\maga-core\data\mosaic-scenarios\MaGaIntegratedStudy\sumo\Barnim.net.xml
153000000000,153,veh_7,52.61994374524286,13.560792209664248,6935.582898,4509.962423,32.24680777913425,228.18241761344848,true,SUMO_NET_XML_UTM_WGS84_WITH_NET_OFFSET,C:\Users\raffa\IdeaProjects\maga-core\data\mosaic-scenarios\MaGaIntegratedStudy\sumo\Barnim.net.xml
153000000000,153,veh_8,52.620980475915495,13.56151492817414,6986.806548,4624.296752,32.66321241585072,206.20459453011895,true,SUMO_NET_XML_UTM_WGS84_WITH_NET_OFFSET,C:\Users\raffa\IdeaProjects\maga-core\data\mosaic-scenarios\MaGaIntegratedStudy\sumo\Barnim.net.xml
153000000000,153,veh_9,52.62201698016519,13.562395638044984,7048.721760,4738.393141,32.388394607668744,208.056687378508,true,SUMO_NET_XML_UTM_WGS84_WITH_NET_OFFSET,C:\Users\raffa\IdeaProjects\maga-core\data\mosaic-scenarios\MaGaIntegratedStudy\sumo\Barnim.net.xml
153000000000,153,veh_10,52.6230603106089,13.563062008731798,7096.141179,4853.538727,32.37326310597825,195.64941906043254,true,SUMO_NET_XML_UTM_WGS84_WITH_NET_OFFSET,C:\Users\raffa\IdeaProjects\maga-core\data\mosaic-scenarios\MaGaIntegratedStudy\sumo\Barnim.net.xml
153000000000,153,veh_11,52.624250200788325,13.563285111397967,7113.880263,4985.583842,33.31284763277043,187.14832257868892,true,SUMO_NET_XML_UTM_WGS84_WITH_NET_OFFSET,C:\Users\raffa\IdeaProjects\maga-core\data\mosaic-scenarios\MaGaIntegratedStudy\sumo\Barnim.net.xml
154000000000,154,veh_0,52.612949956087846,13.55612981033455,6604.393523,3738.387495,27.744660129556433,244.53449045094422,true,SUMO_NET_XML_UTM_WGS84_WITH_NET_OFFSET,C:\Users\raffa\IdeaProjects\maga-core\data\mosaic-scenarios\MaGaIntegratedStudy\sumo\Barnim.net.xml
154000000000,154,veh_1,52.61348453663343,13.557536719510635,6700.835620,3795.939630,27.060994721804747,233.203984685239,true,SUMO_NET_XML_UTM_WGS84_WITH_NET_OFFSET,C:\Users\raffa\IdeaProjects\maga-core\data\mosaic-scenarios\MaGaIntegratedStudy\sumo\Barnim.net.xml
154000000000,154,veh_2,52.614180424824525,13.55868761326766,6780.301424,3871.781618,27.76392890139949,217.4106650401942,true,SUMO_NET_XML_UTM_WGS84_WITH_NET_OFFSET,C:\Users\raffa\IdeaProjects\maga-core\data\mosaic-scenarios\MaGaIntegratedStudy\sumo\Barnim.net.xml
154000000000,154,veh_3,52.61502027550904,13.559565953832681,6841.632747,3964.005784,32.504945307993786,204.83621702623273,true,SUMO_NET_XML_UTM_WGS84_WITH_NET_OFFSET,C:\Users\raffa\IdeaProjects\maga-core\data\mosaic-scenarios\MaGaIntegratedStudy\sumo\Barnim.net.xml
154000000000,154,veh_4,52.616072044318535,13.560111120990529,6880.877124,4080.251808,32.64476151579991,193.74364691620383,true,SUMO_NET_XML_UTM_WGS84_WITH_NET_OFFSET,C:\Users\raffa\IdeaProjects\maga-core\data\mosaic-scenarios\MaGaIntegratedStudy\sumo\Barnim.net.xml
154000000000,154,veh_5,52.61729043335159,13.560369117281354,6901.049261,4215.418715,32.858778117685574,186.29755969663725,true,SUMO_NET_XML_UTM_WGS84_WITH_NET_OFFSET,C:\Users\raffa\IdeaProjects\maga-core\data\mosaic-scenarios\MaGaIntegratedStudy\sumo\Barnim.net.xml
154000000000,154,veh_6,52.61841761595666,13.560367447930222,6903.439878,4340.792250,33.316506824055686,184.12724836730263,true,SUMO_NET_XML_UTM_WGS84_WITH_NET_OFFSET,C:\Users\raffa\IdeaProjects\maga-core\data\mosaic-scenarios\MaGaIntegratedStudy\sumo\Barnim.net.xml
154000000000,154,veh_7,52.61966071351074,13.560644924916716,6924.984265,4478.681166,32.944464986696836,198.21595230600158,true,SUMO_NET_XML_UTM_WGS84_WITH_NET_OFFSET,C:\Users\raffa\IdeaProjects\maga-core\data\mosaic-scenarios\MaGaIntegratedStudy\sumo\Barnim.net.xml
154000000000,154,veh_8,52.620714785454986,13.561322340493284,6973.180331,4595.005376,32.33192509368062,204.42739902862417,true,SUMO_NET_XML_UTM_WGS84_WITH_NET_OFFSET,C:\Users\raffa\IdeaProjects\maga-core\data\mosaic-scenarios\MaGaIntegratedStudy\sumo\Barnim.net.xml
154000000000,154,veh_9,52.621760813740174,13.562171926444835,7033.010559,4710.202930,32.29736126861069,209.44275590334973,true,SUMO_NET_XML_UTM_WGS84_WITH_NET_OFFSET,C:\Users\raffa\IdeaProjects\maga-core\data\mosaic-scenarios\MaGaIntegratedStudy\sumo\Barnim.net.xml
154000000000,154,veh_10,52.6227826430605,13.562932529400651,7086.761329,4822.829733,32.13862793726847,198.39369491977254,true,SUMO_NET_XML_UTM_WGS84_WITH_NET_OFFSET,C:\Users\raffa\IdeaProjects\maga-core\data\mosaic-scenarios\MaGaIntegratedStudy\sumo\Barnim.net.xml
154000000000,154,veh_11,52.62395474356075,13.563234026471353,7109.767532,4952.790382,33.03752511080354,187.14832257868892,true,SUMO_NET_XML_UTM_WGS84_WITH_NET_OFFSET,C:\Users\raffa\IdeaProjects\maga-core\data\mosaic-scenarios\MaGaIntegratedStudy\sumo\Barnim.net.xml
155000000000,155,veh_0,52.61283933859349,13.555767117602425,6579.591549,3726.575882,27.379733945261687,244.53449045094445,true,SUMO_NET_XML_UTM_WGS84_WITH_NET_OFFSET,C:\Users\raffa\IdeaProjects\maga-core\data\mosaic-scenarios\MaGaIntegratedStudy\sumo\Barnim.net.xml
155000000000,155,veh_1,52.61333386107143,13.557219228363214,6679.005284,3779.610821,27.171072902898306,233.203984685239,true,SUMO_NET_XML_UTM_WGS84_WITH_NET_OFFSET,C:\Users\raffa\IdeaProjects\maga-core\data\mosaic-scenarios\MaGaIntegratedStudy\sumo\Barnim.net.xml
155000000000,155,veh_2,52.61399272744964,13.558434070053933,6762.718737,3851.248127,26.96021560262423,220.63031880988152,true,SUMO_NET_XML_UTM_WGS84_WITH_NET_OFFSET,C:\Users\raffa\IdeaProjects\maga-core\data\mosaic-scenarios\MaGaIntegratedStudy\sumo\Barnim.net.xml
155000000000,155,veh_3,52.614796978694976,13.559371169832678,6827.949540,3939.433026,28.004945307993786,209.1110086678926,true,SUMO_NET_XML_UTM_WGS84_WITH_NET_OFFSET,C:\Users\raffa\IdeaProjects\maga-core\data\mosaic-scenarios\MaGaIntegratedStudy\sumo\Barnim.net.xml
155000000000,155,veh_4,52.61579397657645,13.559988563950226,6871.962416,4049.489357,32.04048442849424,197.1992521916725,true,SUMO_NET_XML_UTM_WGS84_WITH_NET_OFFSET,C:\Users\raffa\IdeaProjects\maga-core\data\mosaic-scenarios\MaGaIntegratedStudy\sumo\Barnim.net.xml
155000000000,155,veh_5,52.61700276729378,13.560332481179907,6897.930164,4183.472489,32.09878722582478,185.1120807255386,true,SUMO_NET_XML_UTM_WGS84_WITH_NET_OFFSET,C:\Users\raffa\IdeaProjects\maga-core\data\mosaic-scenarios\MaGaIntegratedStudy\sumo\Barnim.net.xml
155000000000,155,veh_6,52.61811723372118,13.560350353621685,6901.615478,4307.405238,33.19730579005088,181.0863371817169,true,SUMO_NET_XML_UTM_WGS84_WITH_NET_OFFSET,C:\Users\raffa\IdeaProjects\maga-core\data\mosaic-scenarios\MaGaIntegratedStudy\sumo\Barnim.net.xml
155000000000,155,veh_7,52.61937431031341,13.560534844056248,6916.896479,4446.974650,32.354351926147935,191.38480440725095,true,SUMO_NET_XML_UTM_WGS84_WITH_NET_OFFSET,C:\Users\raffa\IdeaProjects\maga-core\data\mosaic-scenarios\MaGaIntegratedStudy\sumo\Barnim.net.xml
155000000000,155,veh_8,52.62044280428039,13.561151440186926,6961.008050,4564.985047,32.4212563877413,202.79487247774017,true,SUMO_NET_XML_UTM_WGS84_WITH_NET_OFFSET,C:\Users\raffa\IdeaProjects\maga-core\data\mosaic-scenarios\MaGaIntegratedStudy\sumo\Barnim.net.xml
155000000000,155,veh_9,52.621499485936184,13.561940716510229,7016.780168,4681.448817,33.04205705518368,209.4427559033588,true,SUMO_NET_XML_UTM_WGS84_WITH_NET_OFFSET,C:\Users\raffa\IdeaProjects\maga-core\data\mosaic-scenarios\MaGaIntegratedStudy\sumo\Barnim.net.xml
155000000000,155,veh_10,52.62250204094785,13.562762378795327,7074.621878,4791.849246,33.30550035910681,202.98606077669882,true,SUMO_NET_XML_UTM_WGS84_WITH_NET_OFFSET,C:\Users\raffa\IdeaProjects\maga-core\data\mosaic-scenarios\MaGaIntegratedStudy\sumo\Barnim.net.xml
155000000000,155,veh_11,52.62365855113867,13.563201900442214,7106.936395,4919.889576,33.08259766259696,182.41227707861347,true,SUMO_NET_XML_UTM_WGS84_WITH_NET_OFFSET,C:\Users\raffa\IdeaProjects\maga-core\data\mosaic-scenarios\MaGaIntegratedStudy\sumo\Barnim.net.xml
156000000000,156,veh_0,52.61275446464514,13.555390660635794,6553.914936,3717.646396,27.144038074715063,252.71920084963983,true,SUMO_NET_XML_UTM_WGS84_WITH_NET_OFFSET,C:\Users\raffa\IdeaProjects\maga-core\data\mosaic-scenarios\MaGaIntegratedStudy\sumo\Barnim.net.xml
156000000000,156,veh_1,52.61320514601229,13.55688714826655,6656.235979,3765.744440,26.574356687995607,238.82043378632906,true,SUMO_NET_XML_UTM_WGS84_WITH_NET_OFFSET,C:\Users\raffa\IdeaProjects\maga-core\data\mosaic-scenarios\MaGaIntegratedStudy\sumo\Barnim.net.xml
156000000000,156,veh_2,52.61381943202019,13.558160115889871,6743.786079,3832.344195,26.693497038930655,225.68993794474864,true,SUMO_NET_XML_UTM_WGS84_WITH_NET_OFFSET,C:\Users\raffa\IdeaProjects\maga-core\data\mosaic-scenarios\MaGaIntegratedStudy\sumo\Barnim.net.xml
156000000000,156,veh_3,52.61458845203089,13.55916508905186,6813.534232,3916.518404,27.028043567338027,215.95242800009402,true,SUMO_NET_XML_UTM_WGS84_WITH_NET_OFFSET,C:\Users\raffa\IdeaProjects\maga-core\data\mosaic-scenarios\MaGaIntegratedStudy\sumo\Barnim.net.xml
156000000000,156,veh_4,52.615508852806045,13.559853912590324,6862.213151,4017.958469,33.002596668521875,197.08190476678163,true,SUMO_NET_XML_UTM_WGS84_WITH_NET_OFFSET,C:\Users\raffa\IdeaProjects\maga-core\data\mosaic-scenarios\MaGaIntegratedStudy\sumo\Barnim.net.xml
156000000000,156,veh_5,52.616714777243594,13.560285626832856,6894.118567,4151.504044,32.21538893770892,189.3969987709487,true,SUMO_NET_XML_UTM_WGS84_WITH_NET_OFFSET,C:\Users\raffa\IdeaProjects\maga-core\data\mosaic-scenarios\MaGaIntegratedStudy\sumo\Barnim.net.xml
156000000000,156,veh_6,52.617823585503004,13.560354745937412,6901.260578,4274.738174,32.64450335683767,180.10872051375742,true,SUMO_NET_XML_UTM_WGS84_WITH_NET_OFFSET,C:\Users\raffa\IdeaProjects\maga-core\data\mosaic-scenarios\MaGaIntegratedStudy\sumo\Barnim.net.xml
156000000000,156,veh_7,52.61908845811507,13.560462470230469,6911.362357,4415.278462,32.0947221714491,187.66399904701004,true,SUMO_NET_XML_UTM_WGS84_WITH_NET_OFFSET,C:\Users\raffa\IdeaProjects\maga-core\data\mosaic-scenarios\MaGaIntegratedStudy\sumo\Barnim.net.xml
156000000000,156,veh_8,52.6201704587397,13.560974056927373,6948.395973,4534.932982,32.61765662510413,201.51405013980917,true,SUMO_NET_XML_UTM_WGS84_WITH_NET_OFFSET,C:\Users\raffa\IdeaProjects\maga-core\data\mosaic-scenarios\MaGaIntegratedStudy\sumo\Barnim.net.xml
156000000000,156,veh_9,52.62123709445079,13.561719154687918,7001.200318,4652.563419,32.84296335530933,208.26349583882856,true,SUMO_NET_XML_UTM_WGS84_WITH_NET_OFFSET,C:\Users\raffa\IdeaProjects\maga-core\data\mosaic-scenarios\MaGaIntegratedStudy\sumo\Barnim.net.xml
156000000000,156,veh_10,52.62223747867965,13.562574865152124,7061.342570,4762.676263,32.08886671014596,206.25054030881904,true,SUMO_NET_XML_UTM_WGS84_WITH_NET_OFFSET,C:\Users\raffa\IdeaProjects\maga-core\data\mosaic-scenarios\MaGaIntegratedStudy\sumo\Barnim.net.xml
156000000000,156,veh_11,52.62336554029555,13.563168834890707,7104.048692,4887.343913,32.79320221626665,191.91303538648594,true,SUMO_NET_XML_UTM_WGS84_WITH_NET_OFFSET,C:\Users\raffa\IdeaProjects\maga-core\data\mosaic-scenarios\MaGaIntegratedStudy\sumo\Barnim.net.xml
157000000000,157,veh_0,52.61267562813019,13.555001979572898,6527.424068,3709.405148,27.651081607509404,252.71920084963983,true,SUMO_NET_XML_UTM_WGS84_WITH_NET_OFFSET,C:\Users\raffa\IdeaProjects\maga-core\data\mosaic-scenarios\MaGaIntegratedStudy\sumo\Barnim.net.xml
157000000000,157,veh_1,52.6130774090552,13.556547709987004,6632.970550,3751.996928,26.946487442702058,242.06232728349192,true,SUMO_NET_XML_UTM_WGS84_WITH_NET_OFFSET,C:\Users\raffa\IdeaProjects\maga-core\data\mosaic-scenarios\MaGaIntegratedStudy\sumo\Barnim.net.xml
157000000000,157,veh_2,52.61365138223817,13.557867036119248,6723.570099,3814.049684,27.11398241004907,228.41094495535398,true,SUMO_NET_XML_UTM_WGS84_WITH_NET_OFFSET,C:\Users\raffa\IdeaProjects\maga-core\data\mosaic-scenarios\MaGaIntegratedStudy\sumo\Barnim.net.xml
157000000000,157,veh_3,52.61439234063477,13.55894109977094,6797.933968,3895.008950,26.481670935261064,215.95242800010246,true,SUMO_NET_XML_UTM_WGS84_WITH_NET_OFFSET,C:\Users\raffa\IdeaProjects\maga-core\data\mosaic-scenarios\MaGaIntegratedStudy\sumo\Barnim.net.xml
157000000000,157,veh_4,52.615232458899555,13.55971194501904,6851.987861,3987.408478,32.14475544872228,203.63214448432495,true,SUMO_NET_XML_UTM_WGS84_WITH_NET_OFFSET,C:\Users\raffa\IdeaProjects\maga-core\data\mosaic-scenarios\MaGaIntegratedStudy\sumo\Barnim.net.xml
157000000000,157,veh_5,52.61642055270927,13.560215511969748,6888.718391,4118.873619,33.07324509748258,189.3969987709487,true,SUMO_NET_XML_UTM_WGS84_WITH_NET_OFFSET,C:\Users\raffa\IdeaProjects\maga-core\data\mosaic-scenarios\MaGaIntegratedStudy\sumo\Barnim.net.xml
157000000000,157,veh_6,52.61753595144546,13.560394811390786,6903.333983,4242.691814,32.52014473953284,156.50052039374006,true,SUMO_NET_XML_UTM_WGS84_WITH_NET_OFFSET,C:\Users\raffa\IdeaProjects\maga-core\data\mosaic-scenarios\MaGaIntegratedStudy\sumo\Barnim.net.xml
157000000000,157,veh_7,52.61879533394416,13.560414758351722,6907.481497,4382.740114,32.679893875001,186.05684965555358,true,SUMO_NET_XML_UTM_WGS84_WITH_NET_OFFSET,C:\Users\raffa\IdeaProjects\maga-core\data\mosaic-scenarios\MaGaIntegratedStudy\sumo\Barnim.net.xml
157000000000,157,veh_8,52.61990314848527,13.560767259228738,6933.803790,4505.480752,32.83094694762956,202.11265228373108,true,SUMO_NET_XML_UTM_WGS84_WITH_NET_OFFSET,C:\Users\raffa\IdeaProjects\maga-core\data\mosaic-scenarios\MaGaIntegratedStudy\sumo\Barnim.net.xml
157000000000,157,veh_9,52.62097555631185,13.561511148186195,6986.539758,4623.754673,32.352434316808356,206.2045945301237,true,SUMO_NET_XML_UTM_WGS84_WITH_NET_OFFSET,C:\Users\raffa\IdeaProjects\maga-core\data\mosaic-scenarios\MaGaIntegratedStudy\sumo\Barnim.net.xml
157000000000,157,veh_10,52.62197244232245,13.562358487196622,7046.108249,4733.489550,32.95006950371433,208.0566873785172,true,SUMO_NET_XML_UTM_WGS84_WITH_NET_OFFSET,C:\Users\raffa\IdeaProjects\maga-core\data\mosaic-scenarios\MaGaIntegratedStudy\sumo\Barnim.net.xml
157000000000,157,veh_11,52.623080013035555,13.563070386048405,7096.751904,4855.718835,32.49291585452855,195.64941906043254,true,SUMO_NET_XML_UTM_WGS84_WITH_NET_OFFSET,C:\Users\raffa\IdeaProjects\maga-core\data\mosaic-scenarios\MaGaIntegratedStudy\sumo\Barnim.net.xml
158000000000,158,veh_0,52.61260482561239,13.5546158165964,6501.121505,3702.054206,27.257113970881328,259.779816608903,true,SUMO_NET_XML_UTM_WGS84_WITH_NET_OFFSET,C:\Users\raffa\IdeaProjects\maga-core\data\mosaic-scenarios\MaGaIntegratedStudy\sumo\Barnim.net.xml
158000000000,158,veh_1,52.61296894004916,13.556192055510563,6608.650015,3740.414593,26.848256222759375,244.53449045094422,true,SUMO_NET_XML_UTM_WGS84_WITH_NET_OFFSET,C:\Users\raffa\IdeaProjects\maga-core\data\mosaic-scenarios\MaGaIntegratedStudy\sumo\Barnim.net.xml
158000000000,158,veh_2,52.61349189158188,13.55755221735414,6701.901231,3796.736693,27.666647547385658,233.203984685239,true,SUMO_NET_XML_UTM_WGS84_WITH_NET_OFFSET,C:\Users\raffa\IdeaProjects\maga-core\data\mosaic-scenarios\MaGaIntegratedStudy\sumo\Barnim.net.xml
158000000000,158,veh_3,52.61419631678766,13.558706767629083,6781.633539,3873.523281,26.851285787317902,217.4106650401891,true,SUMO_NET_XML_UTM_WGS84_WITH_NET_OFFSET,C:\Users\raffa\IdeaProjects\maga-core\data\mosaic-scenarios\MaGaIntegratedStudy\sumo\Barnim.net.xml
158000000000,158,veh_4,52.61496832189928,13.5595206339895,6838.449126,3958.288532,32.00210773499683,209.1110086678926,true,SUMO_NET_XML_UTM_WGS84_WITH_NET_OFFSET,C:\Users\raffa\IdeaProjects\maga-core\data\mosaic-scenarios\MaGaIntegratedStudy\sumo\Barnim.net.xml
158000000000,158,veh_5,52.61613474331183,13.560134145723417,6882.575147,4087.194391,32.289876307402736,193.7436469161937,true,SUMO_NET_XML_UTM_WGS84_WITH_NET_OFFSET,C:\Users\raffa\IdeaProjects\maga-core\data\mosaic-scenarios\MaGaIntegratedStudy\sumo\Barnim.net.xml
158000000000,158,veh_6,52.617245991807074,13.560362531887186,6900.504742,4210.484591,32.44961146995891,186.29755969663836,true,SUMO_NET_XML_UTM_WGS84_WITH_NET_OFFSET,C:\Users\raffa\IdeaProjects\maga-core\data\mosaic-scenarios\MaGaIntegratedStudy\sumo\Barnim.net.xml
158000000000,158,veh_7,52.618502132108006,13.56037468466056,6904.117490,4350.182806,32.642484278623016,185.02743799328852,true,SUMO_NET_XML_UTM_WGS84_WITH_NET_OFFSET,C:\Users\raffa\IdeaProjects\maga-core\data\mosaic-scenarios\MaGaIntegratedStudy\sumo\Barnim.net.xml
158000000000,158,veh_8,52.61961745597866,13.560623097022688,6923.410603,4473.899333,33.244014324848536,198.21595230599164,true,SUMO_NET_XML_UTM_WGS84_WITH_NET_OFFSET,C:\Users\raffa\IdeaProjects\maga-core\data\mosaic-scenarios\MaGaIntegratedStudy\sumo\Barnim.net.xml
158000000000,158,veh_9,52.62070451603148,13.561315078981751,6972.665993,4593.872964,32.97194948573131,204.42739902861982,true,SUMO_NET_XML_UTM_WGS84_WITH_NET_OFFSET,C:\Users\raffa\IdeaProjects\maga-core\data\mosaic-scenarios\MaGaIntegratedStudy\sumo\Barnim.net.xml
158000000000,158,veh_10,52.62170990031886,13.562126880519031,7029.848457,4704.600881,33.174271947699594,209.4427559033588,true,SUMO_NET_XML_UTM_WGS84_WITH_NET_OFFSET,C:\Users\raffa\IdeaProjects\maga-core\data\mosaic-scenarios\MaGaIntegratedStudy\sumo\Barnim.net.xml
158000000000,158,veh_11,52.62279852655442,13.562941507881305,7087.404285,4824.584266,32.53407945513725,197.35905646699902,true,SUMO_NET_XML_UTM_WGS84_WITH_NET_OFFSET,C:\Users\raffa\IdeaProjects\maga-core\data\mosaic-scenarios\MaGaIntegratedStudy\sumo\Barnim.net.xml
159000000000,159,veh_0,52.61255706854424,13.554225622829048,6474.597361,3697.272113,26.86230834393762,259.779816608903,true,SUMO_NET_XML_UTM_WGS84_WITH_NET_OFFSET,C:\Users\raffa\IdeaProjects\maga-core\data\mosaic-scenarios\MaGaIntegratedStudy\sumo\Barnim.net.xml
159000000000,159,veh_1,52.61285808752734,13.55582859123868,6583.795302,3728.577864,27.43795380952768,244.53449045094894,true,SUMO_NET_XML_UTM_WGS84_WITH_NET_OFFSET,C:\Users\raffa\IdeaProjects\maga-core\data\mosaic-scenarios\MaGaIntegratedStudy\sumo\Barnim.net.xml
159000000000,159,veh_2,52.613340978995105,13.557234226577346,6680.036548,3780.382193,27.213822466852143,233.203984685239,true,SUMO_NET_XML_UTM_WGS84_WITH_NET_OFFSET,C:\Users\raffa\IdeaProjects\maga-core\data\mosaic-scenarios\MaGaIntegratedStudy\sumo\Barnim.net.xml
159000000000,159,veh_3,52.61400274053738,13.558447623246433,6763.658581,3852.343488,27.70757609409746,220.63031880988152,true,SUMO_NET_XML_UTM_WGS84_WITH_NET_OFFSET,C:\Users\raffa\IdeaProjects\maga-core\data\mosaic-scenarios\MaGaIntegratedStudy\sumo\Barnim.net.xml
159000000000,159,veh_4,52.61474726612155,13.559327676210511,6824.894506,3933.962572,27.734286421043798,209.14339878095672,true,SUMO_NET_XML_UTM_WGS84_WITH_NET_OFFSET,C:\Users\raffa\IdeaProjects\maga-core\data\mosaic-scenarios\MaGaIntegratedStudy\sumo\Barnim.net.xml
159000000000,159,veh_5,52.615845635890565,13.560012989076048,6873.730740,4055.202151,33.20715798998251,197.19925219166262,true,SUMO_NET_XML_UTM_WGS84_WITH_NET_OFFSET,C:\Users\raffa\IdeaProjects\maga-core\data\mosaic-scenarios\MaGaIntegratedStudy\sumo\Barnim.net.xml
159000000000,159,veh_6,52.61694824376139,13.560326267263324,6897.388394,4177.416491,33.214857269097116,185.1120807255386,true,SUMO_NET_XML_UTM_WGS84_WITH_NET_OFFSET,C:\Users\raffa\IdeaProjects\maga-core\data\mosaic-scenarios\MaGaIntegratedStudy\sumo\Barnim.net.xml
159000000000,159,veh_7,52.6182060418263,13.560350206657297,6901.802787,4317.283149,32.71459716404323,183.47434912724336,true,SUMO_NET_XML_UTM_WGS84_WITH_NET_OFFSET,C:\Users\raffa\IdeaProjects\maga-core\data\mosaic-scenarios\MaGaIntegratedStudy\sumo\Barnim.net.xml
159000000000,159,veh_8,52.61932804823153,13.560521111340524,6915.864118,4441.847695,32.53633257629815,191.38480440724075,true,SUMO_NET_XML_UTM_WGS84_WITH_NET_OFFSET,C:\Users\raffa\IdeaProjects\maga-core\data\mosaic-scenarios\MaGaIntegratedStudy\sumo\Barnim.net.xml
159000000000,159,veh_9,52.620433571960426,13.561145269859608,6960.569873,4563.966515,32.286202526949346,203.1579347093263,true,SUMO_NET_XML_UTM_WGS84_WITH_NET_OFFSET,C:\Users\raffa\IdeaProjects\maga-core\data\mosaic-scenarios\MaGaIntegratedStudy\sumo\Barnim.net.xml
159000000000,159,veh_10,52.62145340957406,13.561901202429475,7014.003214,4676.377312,32.39101732694078,208.58705425479516,true,SUMO_NET_XML_UTM_WGS84_WITH_NET_OFFSET,C:\Users\raffa\IdeaProjects\maga-core\data\mosaic-scenarios\MaGaIntegratedStudy\sumo\Barnim.net.xml
159000000000,159,veh_11,52.62251795031915,13.562772858138878,7075.366491,4793.604631,33.2675553793041,202.98606077669882,true,SUMO_NET_XML_UTM_WGS84_WITH_NET_OFFSET,C:\Users\raffa\IdeaProjects\maga-core\data\mosaic-scenarios\MaGaIntegratedStudy\sumo\Barnim.net.xml
160000000000,160,veh_0,52.61250901383429,13.55383298211298,6447.906828,3692.460381,27.03077432303224,259.7838622656428,true,SUMO_NET_XML_UTM_WGS84_WITH_NET_OFFSET,C:\Users\raffa\IdeaProjects\maga-core\data\mosaic-scenarios\MaGaIntegratedStudy\sumo\Barnim.net.xml
160000000000,160,veh_1,52.61276670257562,13.555450996965932,6558.027198,3718.925712,27.49233705279883,252.71920084963983,true,SUMO_NET_XML_UTM_WGS84_WITH_NET_OFFSET,C:\Users\raffa\IdeaProjects\maga-core\data\mosaic-scenarios\MaGaIntegratedStudy\sumo\Barnim.net.xml
160000000000,160,veh_2,52.61320942248585,13.556898250337932,6656.997143,3766.205046,26.971191168501974,238.82043378632906,true,SUMO_NET_XML_UTM_WGS84_WITH_NET_OFFSET,C:\Users\raffa\IdeaProjects\maga-core\data\mosaic-scenarios\MaGaIntegratedStudy\sumo\Barnim.net.xml
160000000000,160,veh_3,52.61382301573731,13.558165910520255,6744.186358,3832.734949,27.575014274795542,225.68993794475588,true,SUMO_NET_XML_UTM_WGS84_WITH_NET_OFFSET,C:\Users\raffa\IdeaProjects\maga-core\data\mosaic-scenarios\MaGaIntegratedStudy\sumo\Barnim.net.xml
160000000000,160,veh_4,52.61453760848119,13.559107017686117,6809.489727,3910.941890,27.64850028000772,215.95242800010246,true,SUMO_NET_XML_UTM_WGS84_WITH_NET_OFFSET,C:\Users\raffa\IdeaProjects\maga-core\data\mosaic-scenarios\MaGaIntegratedStudy\sumo\Barnim.net.xml
160000000000,160,veh_5,52.61556114705872,13.559878480170697,6863.992550,4023.741689,32.93376785146072,197.19925219166413,true,SUMO_NET_XML_UTM_WGS84_WITH_NET_OFFSET,C:\Users\raffa\IdeaProjects\maga-core\data\mosaic-scenarios\MaGaIntegratedStudy\sumo\Barnim.net.xml
160000000000,160,veh_6,52.61665822442808,13.560272150003584,6893.080601,4145.232159,32.49239217573311,189.3969987709487,true,SUMO_NET_XML_UTM_WGS84_WITH_NET_OFFSET,C:\Users\raffa\IdeaProjects\maga-core\data\mosaic-scenarios\MaGaIntegratedStudy\sumo\Barnim.net.xml
160000000000,160,veh_7,52.617908120243754,13.560352235926322,6901.278426,4284.143973,33.118002143078485,180.10872051374696,true,SUMO_NET_XML_UTM_WGS84_WITH_NET_OFFSET,C:\Users\raffa\IdeaProjects\maga-core\data\mosaic-scenarios\MaGaIntegratedStudy\sumo\Barnim.net.xml
160000000000,160,veh_8,52.61903804557573,13.56045403690202,6910.679504,4409.682708,32.501011542528865,186.95743832181574,true,SUMO_NET_XML_UTM_WGS84_WITH_NET_OFFSET,C:\Users\raffa\IdeaProjects\maga-core\data\mosaic-scenarios\MaGaIntegratedStudy\sumo\Barnim.net.xml
160000000000,160,veh_9,52.62015518374246,13.560964737636915,6947.731215,4533.246607,33.32203960171435,201.51405013980917,true,SUMO_NET_XML_UTM_WGS84_WITH_NET_OFFSET,C:\Users\raffa\IdeaProjects\maga-core\data\mosaic-scenarios\MaGaIntegratedStudy\sumo\Barnim.net.xml
160000000000,160,veh_10,52.621196356702626,13.561684870601574,6998.789202,4648.078649,32.151996990265324,208.26349583882856,true,SUMO_NET_XML_UTM_WGS84_WITH_NET_OFFSET,C:\Users\raffa\IdeaProjects\maga-core\data\mosaic-scenarios\MaGaIntegratedStudy\sumo\Barnim.net.xml
160000000000,160,veh_11,52.62225187280151,13.562585948768138,7062.124733,4764.262296,32.22733713800088,206.25054030881904,true,SUMO_NET_XML_UTM_WGS84_WITH_NET_OFFSET,C:\Users\raffa\IdeaProjects\maga-core\data\mosaic-scenarios\MaGaIntegratedStudy\sumo\Barnim.net.xml
161000000000,161,veh_0,52.61248816480749,13.553438459529012,6421.149542,3690.677307,26.727604285995476,266.18751397884915,true,SUMO_NET_XML_UTM_WGS84_WITH_NET_OFFSET,C:\Users\raffa\IdeaProjects\maga-core\data\mosaic-scenarios\MaGaIntegratedStudy\sumo\Barnim.net.xml
161000000000,161,veh_1,52.61269085959577,13.555077073393925,6532.542154,3710.997373,26.601204993966967,252.71920084963983,true,SUMO_NET_XML_UTM_WGS84_WITH_NET_OFFSET,C:\Users\raffa\IdeaProjects\maga-core\data\mosaic-scenarios\MaGaIntegratedStudy\sumo\Barnim.net.xml
161000000000,161,veh_2,52.61308101367862,13.55655952912554,6633.778770,3752.381832,26.940991726676003,241.04187277059393,true,SUMO_NET_XML_UTM_WGS84_WITH_NET_OFFSET,C:\Users\raffa\IdeaProjects\maga-core\data\mosaic-scenarios\MaGaIntegratedStudy\sumo\Barnim.net.xml
161000000000,161,veh_3,52.61365115883287,13.557866638867225,6723.542707,3814.025374,27.708352220286617,228.41094495535398,true,SUMO_NET_XML_UTM_WGS84_WITH_NET_OFFSET,C:\Users\raffa\IdeaProjects\maga-core\data\mosaic-scenarios\MaGaIntegratedStudy\sumo\Barnim.net.xml
161000000000,161,veh_4,52.61434127729881,13.558881487317782,6793.784607,3889.410089,26.5206655669678,216.76536502868635,true,SUMO_NET_XML_UTM_WGS84_WITH_NET_OFFSET,C:\Users\raffa\IdeaProjects\maga-core\data\mosaic-scenarios\MaGaIntegratedStudy\sumo\Barnim.net.xml
161000000000,161,veh_5,52.61527874222622,13.559743422511518,6854.221725,3992.513782,32.645185435558666,203.63214448432288,true,SUMO_NET_XML_UTM_WGS84_WITH_NET_OFFSET,C:\Users\raffa\IdeaProjects\maga-core\data\mosaic-scenarios\MaGaIntegratedStudy\sumo\Barnim.net.xml
161000000000,161,veh_6,52.616369006073164,13.560203228297924,6887.772308,4113.156936,32.510508574005215,189.3969987709504,true,SUMO_NET_XML_UTM_WGS84_WITH_NET_OFFSET,C:\Users\raffa\IdeaProjects\maga-core\data\mosaic-scenarios\MaGaIntegratedStudy\sumo\Barnim.net.xml
161000000000,161,veh_7,52.61761121894659,13.56036105148257,6901.215741,4251.109106,33.00896600330714,180.10872051375733,true,SUMO_NET_XML_UTM_WGS84_WITH_NET_OFFSET,C:\Users\raffa\IdeaProjects\maga-core\data\mosaic-scenarios\MaGaIntegratedStudy\sumo\Barnim.net.xml
161000000000,161,veh_8,52.61873915495896,13.560406824182596,6906.819620,4376.502311,33.31371051547583,186.05684965555358,true,SUMO_NET_XML_UTM_WGS84_WITH_NET_OFFSET,C:\Users\raffa\IdeaProjects\maga-core\data\mosaic-scenarios\MaGaIntegratedStudy\sumo\Barnim.net.xml
161000000000,161,veh_9,52.619892566533466,13.560761919475915,6933.418830,4504.310987,32.24833605261054,199.10826787449454,true,SUMO_NET_XML_UTM_WGS84_WITH_NET_OFFSET,C:\Users\raffa\IdeaProjects\maga-core\data\mosaic-scenarios\MaGaIntegratedStudy\sumo\Barnim.net.xml
161000000000,161,veh_10,52.620933658077966,13.5614789556267,6984.267618,4619.138009,32.40615486860741,206.20459453011895,true,SUMO_NET_XML_UTM_WGS84_WITH_NET_OFFSET,C:\Users\raffa\IdeaProjects\maga-core\data\mosaic-scenarios\MaGaIntegratedStudy\sumo\Barnim.net.xml
161000000000,161,veh_11,52.62198662053552,13.562370313818741,7046.940236,4735.050563,32.9495929727517,208.0566873785172,true,SUMO_NET_XML_UTM_WGS84_WITH_NET_OFFSET,C:\Users\raffa\IdeaProjects\maga-core\data\mosaic-scenarios\MaGaIntegratedStudy\sumo\Barnim.net.xml
162000000000,162,veh_0,52.61247047045076,13.55303669229736,6393.908781,3689.255102,27.197008263524623,269.85525307548187,true,SUMO_NET_XML_UTM_WGS84_WITH_NET_OFFSET,C:\Users\raffa\IdeaProjects\maga-core\data\mosaic-scenarios\MaGaIntegratedStudy\sumo\Barnim.net.xml
162000000000,162,veh_1,52.6126139662134,13.554690500143295,6506.198251,3702.969503,27.457885688422248,254.5506038931385,true,SUMO_NET_XML_UTM_WGS84_WITH_NET_OFFSET,C:\Users\raffa\IdeaProjects\maga-core\data\mosaic-scenarios\MaGaIntegratedStudy\sumo\Barnim.net.xml
162000000000,162,veh_2,52.612973925431575,13.556208401757056,6609.767815,3740.946931,26.506500884606503,244.53449045094894,true,SUMO_NET_XML_UTM_WGS84_WITH_NET_OFFSET,C:\Users\raffa\IdeaProjects\maga-core\data\mosaic-scenarios\MaGaIntegratedStudy\sumo\Barnim.net.xml
162000000000,162,veh_3,52.61349820325487,13.557565516886562,6702.815688,3797.420696,26.491968172620982,233.203984685239,true,SUMO_NET_XML_UTM_WGS84_WITH_NET_OFFSET,C:\Users\raffa\IdeaProjects\maga-core\data\mosaic-scenarios\MaGaIntegratedStudy\sumo\Barnim.net.xml
162000000000,162,veh_4,52.614143143661884,13.558637666448181,6776.837049,3867.702615,27.471243437840606,220.53983455000474,true,SUMO_NET_XML_UTM_WGS84_WITH_NET_OFFSET,C:\Users\raffa\IdeaProjects\maga-core\data\mosaic-scenarios\MaGaIntegratedStudy\sumo\Barnim.net.xml
162000000000,162,veh_5,52.61501952896071,13.559565302607513,6841.587000,3963.923630,31.128656256636607,204.93882250755064,true,SUMO_NET_XML_UTM_WGS84_WITH_NET_OFFSET,C:\Users\raffa\IdeaProjects\maga-core\data\mosaic-scenarios\MaGaIntegratedStudy\sumo\Barnim.net.xml
162000000000,162,veh_6,52.61608099265073,13.560114407051355,6881.119464,4081.242645,32.62260162243154,193.74364691619493,true,SUMO_NET_XML_UTM_WGS84_WITH_NET_OFFSET,C:\Users\raffa\IdeaProjects\maga-core\data\mosaic-scenarios\MaGaIntegratedStudy\sumo\Barnim.net.xml
162000000000,162,veh_7,52.61732186193711,13.56037377440935,6901.434340,4218.908074,32.884852680163455,186.29755969663836,true,SUMO_NET_XML_UTM_WGS84_WITH_NET_OFFSET,C:\Users\raffa\IdeaProjects\maga-core\data\mosaic-scenarios\MaGaIntegratedStudy\sumo\Barnim.net.xml
162000000000,162,veh_8,52.618445717849006,13.56036985416359,6903.665186,4343.914640,32.65409679123666,184.1272483673034,true,SUMO_NET_XML_UTM_WGS84_WITH_NET_OFFSET,C:\Users\raffa\IdeaProjects\maga-core\data\mosaic-scenarios\MaGaIntegratedStudy\sumo\Barnim.net.xml
162000000000,162,veh_9,52.61961290751417,13.560620801855006,6923.245135,4473.396530,32.54193959405646,198.21595230600158,true,SUMO_NET_XML_UTM_WGS84_WITH_NET_OFFSET,C:\Users\raffa\IdeaProjects\maga-core\data\mosaic-scenarios\MaGaIntegratedStudy\sumo\Barnim.net.xml
162000000000,162,veh_10,52.62066437228439,13.561289129636922,6970.820334,4589.443016,32.626544071193784,202.6891945698544,true,SUMO_NET_XML_UTM_WGS84_WITH_NET_OFFSET,C:\Users\raffa\IdeaProjects\maga-core\data\mosaic-scenarios\MaGaIntegratedStudy\sumo\Barnim.net.xml
162000000000,162,veh_11,52.62172821360045,13.562143083280628,7030.985848,4706.615907,32.62890268414747,209.4427559033588,true,SUMO_NET_XML_UTM_WGS84_WITH_NET_OFFSET,C:\Users\raffa\IdeaProjects\maga-core\data\mosaic-scenarios\MaGaIntegratedStudy\sumo\Barnim.net.xml
163000000000,163,veh_0,52.612461291421695,13.552632703788927,6366.536625,3688.783187,27.319553060405887,267.22346444163395,true,SUMO_NET_XML_UTM_WGS84_WITH_NET_OFFSET,C:\Users\raffa\IdeaProjects\maga-core\data\mosaic-scenarios\MaGaIntegratedStudy\sumo\Barnim.net.xml
163000000000,163,veh_1,52.61256555999798,13.554295000471019,6479.313439,3698.122384,27.227574214311318,259.7798166089063,true,SUMO_NET_XML_UTM_WGS84_WITH_NET_OFFSET,C:\Users\raffa\IdeaProjects\maga-core\data\mosaic-scenarios\MaGaIntegratedStudy\sumo\Barnim.net.xml
163000000000,163,veh_2,52.61286537942697,13.555852499818306,6585.430242,3729.356483,26.86706495151855,244.53449045093973,true,SUMO_NET_XML_UTM_WGS84_WITH_NET_OFFSET,C:\Users\raffa\IdeaProjects\maga-core\data\mosaic-scenarios\MaGaIntegratedStudy\sumo\Barnim.net.xml
163000000000,163,veh_3,52.613346836417705,13.557246568789711,6680.885187,3781.016964,27.29574284306262,233.203984685239,true,SUMO_NET_XML_UTM_WGS84_WITH_NET_OFFSET,C:\Users\raffa\IdeaProjects\maga-core\data\mosaic-scenarios\MaGaIntegratedStudy\sumo\Barnim.net.xml
163000000000,163,veh_4,52.613957508539436,13.558383377377275,6759.208425,3847.399521,26.821873173532076,222.43730084702563,true,SUMO_NET_XML_UTM_WGS84_WITH_NET_OFFSET,C:\Users\raffa\IdeaProjects\maga-core\data\mosaic-scenarios\MaGaIntegratedStudy\sumo\Barnim.net.xml
163000000000,163,veh_5,52.61479396388135,13.559368537260422,6827.764613,3939.101264,28.289549224361362,209.11287577826923,true,SUMO_NET_XML_UTM_WGS84_WITH_NET_OFFSET,C:\Users\raffa\IdeaProjects\maga-core\data\mosaic-scenarios\MaGaIntegratedStudy\sumo\Barnim.net.xml
163000000000,163,veh_6,52.61579591892552,13.559989482314448,6872.028904,4049.704153,32.8356410233723,197.19925219166413,true,SUMO_NET_XML_UTM_WGS84_WITH_NET_OFFSET,C:\Users\raffa\IdeaProjects\maga-core\data\mosaic-scenarios\MaGaIntegratedStudy\sumo\Barnim.net.xml
163000000000,163,veh_7,52.61702850183454,13.560335414088911,6898.185874,4186.330856,32.739527801652436,185.1120807255386,true,SUMO_NET_XML_UTM_WGS84_WITH_NET_OFFSET,C:\Users\raffa\IdeaProjects\maga-core\data\mosaic-scenarios\MaGaIntegratedStudy\sumo\Barnim.net.xml
163000000000,163,veh_8,52.61815101640472,13.560350297716777,6901.686731,4311.162804,32.56396133224014,181.0863371817169,true,SUMO_NET_XML_UTM_WGS84_WITH_NET_OFFSET,C:\Users\raffa\IdeaProjects\maga-core\data\mosaic-scenarios\MaGaIntegratedStudy\sumo\Barnim.net.xml
163000000000,163,veh_9,52.61932296497009,13.560519619068884,6915.751811,4441.284325,32.57995611617341,191.37210955639765,true,SUMO_NET_XML_UTM_WGS84_WITH_NET_OFFSET,C:\Users\raffa\IdeaProjects\maga-core\data\mosaic-scenarios\MaGaIntegratedStudy\sumo\Barnim.net.xml
163000000000,163,veh_10,52.62039542650126,13.561119775758634,6958.759446,4559.758216,32.06690601461567,203.27757243617077,true,SUMO_NET_XML_UTM_WGS84_WITH_NET_OFFSET,C:\Users\raffa\IdeaProjects\maga-core\data\mosaic-scenarios\MaGaIntegratedStudy\sumo\Barnim.net.xml
163000000000,163,veh_11,52.621470228396205,13.561915356996066,7014.998659,4678.228879,32.602845393791796,209.0832277737724,true,SUMO_NET_XML_UTM_WGS84_WITH_NET_OFFSET,C:\Users\raffa\IdeaProjects\maga-core\data\mosaic-scenarios\MaGaIntegratedStudy\sumo\Barnim.net.xml
164000000000,164,veh_0,52.61245783029643,13.552233829698313,6339.523497,3688.940447,27.042793259299362,274.1083277912563,true,SUMO_NET_XML_UTM_WGS84_WITH_NET_OFFSET,C:\Users\raffa\IdeaProjects\maga-core\data\mosaic-scenarios\MaGaIntegratedStudy\sumo\Barnim.net.xml
164000000000,164,veh_1,52.61251714724414,13.553899459018947,6452.425726,3693.274742,27.230512239406817,259.77981660890117,true,SUMO_NET_XML_UTM_WGS84_WITH_NET_OFFSET,C:\Users\raffa\IdeaProjects\maga-core\data\mosaic-scenarios\MaGaIntegratedStudy\sumo\Barnim.net.xml
164000000000,164,veh_2,52.612774471559575,13.555489300268485,6560.637783,3719.737859,26.572281822557564,252.71920084964296,true,SUMO_NET_XML_UTM_WGS84_WITH_NET_OFFSET,C:\Users\raffa\IdeaProjects\maga-core\data\mosaic-scenarios\MaGaIntegratedStudy\sumo\Barnim.net.xml
164000000000,164,veh_3,52.61321153786927,13.556903742046241,6657.373658,3766.432888,27.588823718177157,238.8204337863281,true,SUMO_NET_XML_UTM_WGS84_WITH_NET_OFFSET,C:\Users\raffa\IdeaProjects\maga-core\data\mosaic-scenarios\MaGaIntegratedStudy\sumo\Barnim.net.xml
164000000000,164,veh_4,52.61378719980524,13.55810799862141,6740.185934,3828.829726,26.511527760764587,225.68993794475588,true,SUMO_NET_XML_UTM_WGS84_WITH_NET_OFFSET,C:\Users\raffa\IdeaProjects\maga-core\data\mosaic-scenarios\MaGaIntegratedStudy\sumo\Barnim.net.xml
164000000000,164,veh_5,52.614581949355376,13.559157661959913,6813.016957,3915.805191,27.527892652847804,215.95242800010246,true,SUMO_NET_XML_UTM_WGS84_WITH_NET_OFFSET,C:\Users\raffa\IdeaProjects\maga-core\data\mosaic-scenarios\MaGaIntegratedStudy\sumo\Barnim.net.xml
164000000000,164,veh_6,52.61551027285875,13.559854523981457,6862.257697,4018.115588,33.064841200290246,197.1266330798571,true,SUMO_NET_XML_UTM_WGS84_WITH_NET_OFFSET,C:\Users\raffa\IdeaProjects\maga-core\data\mosaic-scenarios\MaGaIntegratedStudy\sumo\Barnim.net.xml
164000000000,164,veh_7,52.616730583522816,13.560289393557222,6894.408674,4153.257010,33.308328812890686,189.3969987709487,true,SUMO_NET_XML_UTM_WGS84_WITH_NET_OFFSET,C:\Users\raffa\IdeaProjects\maga-core\data\mosaic-scenarios\MaGaIntegratedStudy\sumo\Barnim.net.xml
164000000000,164,veh_8,52.61785719458949,13.56035374801574,6901.267674,4278.477705,32.6631925019389,180.10872051374696,true,SUMO_NET_XML_UTM_WGS84_WITH_NET_OFFSET,C:\Users\raffa\IdeaProjects\maga-core\data\mosaic-scenarios\MaGaIntegratedStudy\sumo\Barnim.net.xml
164000000000,164,veh_9,52.61902956187304,13.560452617696386,6910.564590,4408.741024,32.87419031527359,186.95743832181446,true,SUMO_NET_XML_UTM_WGS84_WITH_NET_OFFSET,C:\Users\raffa\IdeaProjects\maga-core\data\mosaic-scenarios\MaGaIntegratedStudy\sumo\Barnim.net.xml
164000000000,164,veh_10,52.620116922214855,13.560941394272279,6946.066097,4529.022497,33.28126124594826,201.51405013980917,true,SUMO_NET_XML_UTM_WGS84_WITH_NET_OFFSET,C:\Users\raffa\IdeaProjects\maga-core\data\mosaic-scenarios\MaGaIntegratedStudy\sumo\Barnim.net.xml
164000000000,164,veh_11,52.621212687833136,13.561698614550728,6999.755781,4649.876523,32.21300026138313,208.26349583883285,true,SUMO_NET_XML_UTM_WGS84_WITH_NET_OFFSET,C:\Users\raffa\IdeaProjects\maga-core\data\mosaic-scenarios\MaGaIntegratedStudy\sumo\Barnim.net.xml
165000000000,165,veh_0,52.61247966543312,13.551839951326826,6312.905111,3691.904643,26.766709565948695,276.35421869678913,true,SUMO_NET_XML_UTM_WGS84_WITH_NET_OFFSET,C:\Users\raffa\IdeaProjects\maga-core\data\mosaic-scenarios\MaGaIntegratedStudy\sumo\Barnim.net.xml
165000000000,165,veh_1,52.612491926298624,13.553509635720914,6425.976851,3690.998993,26.482116789016874,266.18751397884915,true,SUMO_NET_XML_UTM_WGS84_WITH_NET_OFFSET,C:\Users\raffa\IdeaProjects\maga-core\data\mosaic-scenarios\MaGaIntegratedStudy\sumo\Barnim.net.xml
165000000000,165,veh_2,52.61269849151042,13.55511470019149,6535.106641,3711.795179,26.64932257029694,252.71920084964296,true,SUMO_NET_XML_UTM_WGS84_WITH_NET_OFFSET,C:\Users\raffa\IdeaProjects\maga-core\data\mosaic-scenarios\MaGaIntegratedStudy\sumo\Barnim.net.xml
165000000000,165,veh_3,52.61308330388276,13.556567038440063,6634.292274,3752.626381,26.81274138006382,240.39369349471352,true,SUMO_NET_XML_UTM_WGS84_WITH_NET_OFFSET,C:\Users\raffa\IdeaProjects\maga-core\data\mosaic-scenarios\MaGaIntegratedStudy\sumo\Barnim.net.xml
165000000000,165,veh_4,52.613617241508045,13.557806328256682,6719.384077,3810.334590,27.674750392856076,228.41094495535398,true,SUMO_NET_XML_UTM_WGS84_WITH_NET_OFFSET,C:\Users\raffa\IdeaProjects\maga-core\data\mosaic-scenarios\MaGaIntegratedStudy\sumo\Barnim.net.xml
165000000000,165,veh_5,52.61438515921978,13.558932897540853,6797.362702,3894.221294,26.573321755412035,215.95242800009402,true,SUMO_NET_XML_UTM_WGS84_WITH_NET_OFFSET,C:\Users\raffa\IdeaProjects\maga-core\data\mosaic-scenarios\MaGaIntegratedStudy\sumo\Barnim.net.xml
165000000000,165,veh_6,52.615225854162716,13.559707453114498,6851.669083,3986.679940,33.09918225360568,203.63214448432495,true,SUMO_NET_XML_UTM_WGS84_WITH_NET_OFFSET,C:\Users\raffa\IdeaProjects\maga-core\data\mosaic-scenarios\MaGaIntegratedStudy\sumo\Barnim.net.xml
165000000000,165,veh_7,52.61643964003116,13.560220060525834,6889.068719,4120.990463,32.70442937709856,189.3969987709504,true,SUMO_NET_XML_UTM_WGS84_WITH_NET_OFFSET,C:\Users\raffa\IdeaProjects\maga-core\data\mosaic-scenarios\MaGaIntegratedStudy\sumo\Barnim.net.xml
165000000000,165,veh_8,52.617558674439806,13.560372246846185,6901.856917,4245.249690,33.300093821641056,172.5328851045951,true,SUMO_NET_XML_UTM_WGS84_WITH_NET_OFFSET,C:\Users\raffa\IdeaProjects\maga-core\data\mosaic-scenarios\MaGaIntegratedStudy\sumo\Barnim.net.xml
165000000000,165,veh_9,52.618730996703164,13.560405671992111,6906.723502,4375.596464,33.276076134825125,186.05684965555466,true,SUMO_NET_XML_UTM_WGS84_WITH_NET_OFFSET,C:\Users\raffa\IdeaProjects\maga-core\data\mosaic-scenarios\MaGaIntegratedStudy\sumo\Barnim.net.xml
165000000000,165,veh_10,52.61984840257357,13.560739633953279,6931.812192,4499.428952,32.84369795291684,198.21595230599834,true,SUMO_NET_XML_UTM_WGS84_WITH_NET_OFFSET,C:\Users\raffa\IdeaProjects\maga-core\data\mosaic-scenarios\MaGaIntegratedStudy\sumo\Barnim.net.xml
165000000000,165,veh_11,52.62095172194427,13.561492835012306,6985.247221,4621.128422,32.22884532231372,206.20459453012833,true,SUMO_NET_XML_UTM_WGS84_WITH_NET_OFFSET,C:\Users\raffa\IdeaProjects\maga-core\data\mosaic-scenarios\MaGaIntegratedStudy\sumo\Barnim.net.xml
166000000000,166,veh_0,52.612501490127386,13.551446237290948,6286.297856,3694.867599,26.75551693050191,276.35421869679317,true,SUMO_NET_XML_UTM_WGS84_WITH_NET_OFFSET,C:\Users\raffa\IdeaProjects\maga-core\data\mosaic-scenarios\MaGaIntegratedStudy\sumo\Barnim.net.xml
166000000000,166,veh_1,52.61247135853944,13.553101256826888,6398.282044,3689.266151,27.660204223422333,267.4726068607608,true,SUMO_NET_XML_UTM_WGS84_WITH_NET_OFFSET,C:\Users\raffa\IdeaProjects\maga-core\data\mosaic-scenarios\MaGaIntegratedStudy\sumo\Barnim.net.xml
166000000000,166,veh_2,52.61262043898951,13.5547298897374,6508.879510,3703.635978,27.375793831674383,252.71920084964296,true,SUMO_NET_XML_UTM_WGS84_WITH_NET_OFFSET,C:\Users\raffa\IdeaProjects\maga-core\data\mosaic-scenarios\MaGaIntegratedStudy\sumo\Barnim.net.xml
166000000000,166,veh_3,52.61297410905187,13.556209003817933,6609.808985,3740.966538,27.027925876337104,244.53449045094422,true,SUMO_NET_XML_UTM_WGS84_WITH_NET_OFFSET,C:\Users\raffa\IdeaProjects\maga-core\data\mosaic-scenarios\MaGaIntegratedStudy\sumo\Barnim.net.xml
166000000000,166,veh_4,52.61346211550051,13.557489475293561,6697.587170,3793.509832,27.457864687284456,233.203984685239,true,SUMO_NET_XML_UTM_WGS84_WITH_NET_OFFSET,C:\Users\raffa\IdeaProjects\maga-core\data\mosaic-scenarios\MaGaIntegratedStudy\sumo\Barnim.net.xml
166000000000,166,veh_5,52.61418833663392,13.558697149258926,6780.964617,3872.648704,26.97962774391752,217.4106650401942,true,SUMO_NET_XML_UTM_WGS84_WITH_NET_OFFSET,C:\Users\raffa\IdeaProjects\maga-core\data\mosaic-scenarios\MaGaIntegratedStudy\sumo\Barnim.net.xml
166000000000,166,veh_6,52.614968117407166,13.559520455608496,6838.436595,3958.266029,31.235938467243688,209.1110086678901,true,SUMO_NET_XML_UTM_WGS84_WITH_NET_OFFSET,C:\Users\raffa\IdeaProjects\maga-core\data\mosaic-scenarios\MaGaIntegratedStudy\sumo\Barnim.net.xml
166000000000,166,veh_7,52.616154423754516,13.560141372917409,6883.108136,4089.373582,32.19209164282773,193.74364691619493,true,SUMO_NET_XML_UTM_WGS84_WITH_NET_OFFSET,C:\Users\raffa\IdeaProjects\maga-core\data\mosaic-scenarios\MaGaIntegratedStudy\sumo\Barnim.net.xml
166000000000,166,veh_8,52.61726799948031,13.560365793005465,6900.774391,4212.927994,32.94810085740872,186.29755969663836,true,SUMO_NET_XML_UTM_WGS84_WITH_NET_OFFSET,C:\Users\raffa\IdeaProjects\maga-core\data\mosaic-scenarios\MaGaIntegratedStudy\sumo\Barnim.net.xml
166000000000,166,veh_9,52.61844134997627,13.560369480162933,6903.630166,4343.429327,32.230899696326816,184.1272483673034,true,SUMO_NET_XML_UTM_WGS84_WITH_NET_OFFSET,C:\Users\raffa\IdeaProjects\maga-core\data\mosaic-scenarios\MaGaIntegratedStudy\sumo\Barnim.net.xml
166000000000,166,veh_10,52.61957216260499,13.560600241883748,6921.762879,4468.892451,32.144085940900254,198.21595230599834,true,SUMO_NET_XML_UTM_WGS84_WITH_NET_OFFSET,C:\Users\raffa\IdeaProjects\maga-core\data\mosaic-scenarios\MaGaIntegratedStudy\sumo\Barnim.net.xml
166000000000,166,veh_11,52.62067847943628,13.561297795360026,6971.438245,4591.000383,33.16987453118898,203.6235560977755,true,SUMO_NET_XML_UTM_WGS84_WITH_NET_OFFSET,C:\Users\raffa\IdeaProjects\maga-core\data\mosaic-scenarios\MaGaIntegratedStudy\sumo\Barnim.net.xml
167000000000,167,veh_0,52.61252391984215,13.551041583741167,6258.951332,3697.912879,27.498904525740073,276.35421869678913,true,SUMO_NET_XML_UTM_WGS84_WITH_NET_OFFSET,C:\Users\raffa\IdeaProjects\maga-core\data\mosaic-scenarios\MaGaIntegratedStudy\sumo\Barnim.net.xml
167000000000,167,veh_1,52.612464415201345,13.552707643307016,6371.617310,3689.028775,26.593428593543358,267.9077764772285,true,SUMO_NET_XML_UTM_WGS84_WITH_NET_OFFSET,C:\Users\raffa\IdeaProjects\maga-core\data\mosaic-scenarios\MaGaIntegratedStudy\sumo\Barnim.net.xml
167000000000,167,veh_2,52.61257112683563,13.554340483344992,6482.405223,3698.679809,26.855266543542967,259.77981660890117,true,SUMO_NET_XML_UTM_WGS84_WITH_NET_OFFSET,C:\Users\raffa\IdeaProjects\maga-core\data\mosaic-scenarios\MaGaIntegratedStudy\sumo\Barnim.net.xml
167000000000,167,veh_3,52.612866539839146,13.55585630456388,6585.690422,3729.480390,26.62529321275186,244.53449045094894,true,SUMO_NET_XML_UTM_WGS84_WITH_NET_OFFSET,C:\Users\raffa\IdeaProjects\maga-core\data\mosaic-scenarios\MaGaIntegratedStudy\sumo\Barnim.net.xml
167000000000,167,veh_4,52.61331175196655,13.557163907395342,6675.210689,3777.226685,27.59748035484925,237.365216720232,true,SUMO_NET_XML_UTM_WGS84_WITH_NET_OFFSET,C:\Users\raffa\IdeaProjects\maga-core\data\mosaic-scenarios\MaGaIntegratedStudy\sumo\Barnim.net.xml
167000000000,167,veh_5,52.61400305607712,13.558448050344657,6763.688198,3852.378006,26.56414235797245,220.63031880988152,true,SUMO_NET_XML_UTM_WGS84_WITH_NET_OFFSET,C:\Users\raffa\IdeaProjects\maga-core\data\mosaic-scenarios\MaGaIntegratedStudy\sumo\Barnim.net.xml
167000000000,167,veh_6,52.614748458400584,13.559328717658516,6824.967663,3934.093774,27.55892570279073,209.1433987809542,true,SUMO_NET_XML_UTM_WGS84_WITH_NET_OFFSET,C:\Users\raffa\IdeaProjects\maga-core\data\mosaic-scenarios\MaGaIntegratedStudy\sumo\Barnim.net.xml
167000000000,167,veh_7,52.61587425801296,13.560026521974454,6874.710489,4058.367356,32.137080887653866,197.1992521916741,true,SUMO_NET_XML_UTM_WGS84_WITH_NET_OFFSET,C:\Users\raffa\IdeaProjects\maga-core\data\mosaic-scenarios\MaGaIntegratedStudy\sumo\Barnim.net.xml
167000000000,167,veh_8,52.61697761956252,13.560329615151353,6897.680285,4180.679298,32.39728098650929,185.1120807255386,true,SUMO_NET_XML_UTM_WGS84_WITH_NET_OFFSET,C:\Users\raffa\IdeaProjects\maga-core\data\mosaic-scenarios\MaGaIntegratedStudy\sumo\Barnim.net.xml
167000000000,167,veh_9,52.61814811639795,13.560350302515843,6901.680614,4310.840243,32.401083270898084,181.0863371817169,true,SUMO_NET_XML_UTM_WGS84_WITH_NET_OFFSET,C:\Users\raffa\IdeaProjects\maga-core\data\mosaic-scenarios\MaGaIntegratedStudy\sumo\Barnim.net.xml
167000000000,167,veh_10,52.619277961586654,13.56050805814738,6914.869261,4436.294433,32.89223542306107,190.03004322788723,true,SUMO_NET_XML_UTM_WGS84_WITH_NET_OFFSET,C:\Users\raffa\IdeaProjects\maga-core\data\mosaic-scenarios\MaGaIntegratedStudy\sumo\Barnim.net.xml
167000000000,167,veh_11,52.62040747889316,13.561127830837988,6959.331466,4561.087865,32.29506846854463,203.27757243617077,true,SUMO_NET_XML_UTM_WGS84_WITH_NET_OFFSET,C:\Users\raffa\IdeaProjects\maga-core\data\mosaic-scenarios\MaGaIntegratedStudy\sumo\Barnim.net.xml
168000000000,168,veh_0,52.61254627055328,13.550638330239652,6231.699450,3700.947620,27.403735746229067,276.3542186967943,true,SUMO_NET_XML_UTM_WGS84_WITH_NET_OFFSET,C:\Users\raffa\IdeaProjects\maga-core\data\mosaic-scenarios\MaGaIntegratedStudy\sumo\Barnim.net.xml
168000000000,168,veh_1,52.61245550449844,13.552307817845625,6344.527601,3688.581170,27.111976831960494,273.55248526793844,true,SUMO_NET_XML_UTM_WGS84_WITH_NET_OFFSET,C:\Users\raffa\IdeaProjects\maga-core\data\mosaic-scenarios\MaGaIntegratedStudy\sumo\Barnim.net.xml
168000000000,168,veh_2,52.61252217636609,13.553940547364602,6455.218790,3693.778310,27.533040718683043,259.779816608903,true,SUMO_NET_XML_UTM_WGS84_WITH_NET_OFFSET,C:\Users\raffa\IdeaProjects\maga-core\data\mosaic-scenarios\MaGaIntegratedStudy\sumo\Barnim.net.xml
168000000000,168,veh_3,52.61277223485216,13.555478272656519,6559.886190,3719.504040,27.644014085684905,252.71920084963983,true,SUMO_NET_XML_UTM_WGS84_WITH_NET_OFFSET,C:\Users\raffa\IdeaProjects\maga-core\data\mosaic-scenarios\MaGaIntegratedStudy\sumo\Barnim.net.xml
168000000000,168,veh_4,52.613183114329495,13.55682995231196,6652.314592,3763.371474,26.67303314150311,238.82043378632906,true,SUMO_NET_XML_UTM_WGS84_WITH_NET_OFFSET,C:\Users\raffa\IdeaProjects\maga-core\data\mosaic-scenarios\MaGaIntegratedStudy\sumo\Barnim.net.xml
168000000000,168,veh_5,52.613824354011975,13.558168074421072,6744.335836,3832.880869,27.412047623605467,225.68993794475236,true,SUMO_NET_XML_UTM_WGS84_WITH_NET_OFFSET,C:\Users\raffa\IdeaProjects\maga-core\data\mosaic-scenarios\MaGaIntegratedStudy\sumo\Barnim.net.xml
168000000000,168,veh_6,52.61454353427835,13.559113785874043,6809.961113,3911.591831,26.99803099368699,215.95242800010246,true,SUMO_NET_XML_UTM_WGS84_WITH_NET_OFFSET,C:\Users\raffa\IdeaProjects\maga-core\data\mosaic-scenarios\MaGaIntegratedStudy\sumo\Barnim.net.xml
168000000000,168,veh_7,52.615589573014454,13.55989192014069,6864.965584,4026.885199,32.95647881493903,197.1992521916741,true,SUMO_NET_XML_UTM_WGS84_WITH_NET_OFFSET,C:\Users\raffa\IdeaProjects\maga-core\data\mosaic-scenarios\MaGaIntegratedStudy\sumo\Barnim.net.xml
168000000000,168,veh_8,52.616688307030344,13.560279318839532,6893.632735,4148.568414,32.3865985500114,189.3969987709504,true,SUMO_NET_XML_UTM_WGS84_WITH_NET_OFFSET,C:\Users\raffa\IdeaProjects\maga-core\data\mosaic-scenarios\MaGaIntegratedStudy\sumo\Barnim.net.xml
168000000000,168,veh_9,52.61784843049307,13.560354008239663,6901.265824,4277.502564,33.315204182961025,180.10872051375742,true,SUMO_NET_XML_UTM_WGS84_WITH_NET_OFFSET,C:\Users\raffa\IdeaProjects\maga-core\data\mosaic-scenarios\MaGaIntegratedStudy\sumo\Barnim.net.xml
168000000000,168,veh_10,52.61898854469174,13.560445756098975,6910.009000,4404.188148,32.394817887870595,186.95743832181446,true,SUMO_NET_XML_UTM_WGS84_WITH_NET_OFFSET,C:\Users\raffa\IdeaProjects\maga-core\data\mosaic-scenarios\MaGaIntegratedStudy\sumo\Barnim.net.xml
168000000000,168,veh_11,52.62013530714595,13.56095261091657,6946.866198,4531.052211,32.546489960136824,201.51405013980917,true,SUMO_NET_XML_UTM_WGS84_WITH_NET_OFFSET,C:\Users\raffa\IdeaProjects\maga-core\data\mosaic-scenarios\MaGaIntegratedStudy\sumo\Barnim.net.xml
169000000000,169,veh_0,52.61257626252035,13.550231531556749,6204.224666,3704.837240,27.736739628105425,278.72341132746544,true,SUMO_NET_XML_UTM_WGS84_WITH_NET_OFFSET,C:\Users\raffa\IdeaProjects\maga-core\data\mosaic-scenarios\MaGaIntegratedStudy\sumo\Barnim.net.xml
169000000000,169,veh_1,52.61247550237062,13.551915049587643,6317.980266,3691.339479,26.678974054772407,276.3542186967943,true,SUMO_NET_XML_UTM_WGS84_WITH_NET_OFFSET,C:\Users\raffa\IdeaProjects\maga-core\data\mosaic-scenarios\MaGaIntegratedStudy\sumo\Barnim.net.xml
169000000000,169,veh_2,52.612493151197754,13.553532813848395,6427.548837,3691.103748,27.740548648331316,266.18751397884984,true,SUMO_NET_XML_UTM_WGS84_WITH_NET_OFFSET,C:\Users\raffa\IdeaProjects\maga-core\data\mosaic-scenarios\MaGaIntegratedStudy\sumo\Barnim.net.xml
169000000000,169,veh_3,52.612694157824116,13.555093334281073,6533.650429,3711.342155,27.384800823284316,252.71920084963983,true,SUMO_NET_XML_UTM_WGS84_WITH_NET_OFFSET,C:\Users\raffa\IdeaProjects\maga-core\data\mosaic-scenarios\MaGaIntegratedStudy\sumo\Barnim.net.xml
169000000000,169,veh_4,52.61305566490853,13.556476413596098,6628.095136,3749.675076,27.760362163973042,244.53449045094422,true,SUMO_NET_XML_UTM_WGS84_WITH_NET_OFFSET,C:\Users\raffa\IdeaProjects\maga-core\data\mosaic-scenarios\MaGaIntegratedStudy\sumo\Barnim.net.xml
169000000000,169,veh_5,52.61365849189694,13.557879678286737,6724.441820,3814.823337,26.718524924544617,228.4109449553501,true,SUMO_NET_XML_UTM_WGS84_WITH_NET_OFFSET,C:\Users\raffa\IdeaProjects\maga-core\data\mosaic-scenarios\MaGaIntegratedStudy\sumo\Barnim.net.xml
169000000000,169,veh_6,52.61434386008962,13.558884600347056,6794.001105,3889.693147,26.965454546567052,216.6625933043152,true,SUMO_NET_XML_UTM_WGS84_WITH_NET_OFFSET,C:\Users\raffa\IdeaProjects\maga-core\data\mosaic-scenarios\MaGaIntegratedStudy\sumo\Barnim.net.xml
169000000000,169,veh_7,52.61531101741573,13.559765373050933,6855.779486,3996.073912,32.06656125199049,198.34878028235406,true,SUMO_NET_XML_UTM_WGS84_WITH_NET_OFFSET,C:\Users\raffa\IdeaProjects\maga-core\data\mosaic-scenarios\MaGaIntegratedStudy\sumo\Barnim.net.xml
169000000000,169,veh_8,52.61639516137114,13.560209461156944,6888.252361,4116.057641,32.95197022261098,189.3969987709504,true,SUMO_NET_XML_UTM_WGS84_WITH_NET_OFFSET,C:\Users\raffa\IdeaProjects\maga-core\data\mosaic-scenarios\MaGaIntegratedStudy\sumo\Barnim.net.xml
169000000000,169,veh_9,52.61755762977434,13.560373326019274,6901.927653,4245.132038,32.46310904686805,171.68609496604154,true,SUMO_NET_XML_UTM_WGS84_WITH_NET_OFFSET,C:\Users\raffa\IdeaProjects\maga-core\data\mosaic-scenarios\MaGaIntegratedStudy\sumo\Barnim.net.xml
169000000000,169,veh_10,52.61869931981695,13.560401198269215,6906.350298,4372.079238,32.22926780979149,186.05684965555358,true,SUMO_NET_XML_UTM_WGS84_WITH_NET_OFFSET,C:\Users\raffa\IdeaProjects\maga-core\data\mosaic-scenarios\MaGaIntegratedStudy\sumo\Barnim.net.xml
169000000000,169,veh_11,52.619872743816174,13.560751916752691,6932.697700,4502.119716,32.19455235967878,198.21595230600158,true,SUMO_NET_XML_UTM_WGS84_WITH_NET_OFFSET,C:\Users\raffa\IdeaProjects\maga-core\data\mosaic-scenarios\MaGaIntegratedStudy\sumo\Barnim.net.xml
170000000000,170,veh_0,52.61260916118754,13.549824915207779,6176.768767,3709.050065,27.760410694144667,278.7234113274603,true,SUMO_NET_XML_UTM_WGS84_WITH_NET_OFFSET,C:\Users\raffa\IdeaProjects\maga-core\data\mosaic-scenarios\MaGaIntegratedStudy\sumo\Barnim.net.xml
170000000000,170,veh_1,52.612497746868925,13.551513766789544,6290.861508,3694.359395,27.269869830850514,276.354218696788,true,SUMO_NET_XML_UTM_WGS84_WITH_NET_OFFSET,C:\Users\raffa\IdeaProjects\maga-core\data\mosaic-scenarios\MaGaIntegratedStudy\sumo\Barnim.net.xml
170000000000,170,veh_2,52.61247236144499,13.55313943199269,6400.868897,3689.325829,26.650344227948228,266.18751397884984,true,SUMO_NET_XML_UTM_WGS84_WITH_NET_OFFSET,C:\Users\raffa\IdeaProjects\maga-core\data\mosaic-scenarios\MaGaIntegratedStudy\sumo\Barnim.net.xml
170000000000,170,veh_3,52.612616000606955,13.554707122271438,6507.328169,3703.173219,27.470375596634113,252.9358311449721,true,SUMO_NET_XML_UTM_WGS84_WITH_NET_OFFSET,C:\Users\raffa\IdeaProjects\maga-core\data\mosaic-scenarios\MaGaIntegratedStudy\sumo\Barnim.net.xml
170000000000,170,veh_4,52.61294411150573,13.556110646977519,6603.083081,3737.763414,27.611648543756456,244.53449045094445,true,SUMO_NET_XML_UTM_WGS84_WITH_NET_OFFSET,C:\Users\raffa\IdeaProjects\maga-core\data\mosaic-scenarios\MaGaIntegratedStudy\sumo\Barnim.net.xml
170000000000,170,veh_5,52.613498285968035,13.55756569117425,6702.827672,3797.429659,27.675205486821945,233.203984685239,true,SUMO_NET_XML_UTM_WGS84_WITH_NET_OFFSET,C:\Users\raffa\IdeaProjects\maga-core\data\mosaic-scenarios\MaGaIntegratedStudy\sumo\Barnim.net.xml
170000000000,170,veh_6,52.61414581845654,13.558641286942741,6777.088110,3867.995219,27.442134421314115,220.2923230418295,true,SUMO_NET_XML_UTM_WGS84_WITH_NET_OFFSET,C:\Users\raffa\IdeaProjects\maga-core\data\mosaic-scenarios\MaGaIntegratedStudy\sumo\Barnim.net.xml
170000000000,170,veh_7,52.615037571230346,13.559579401846056,6842.581615,3965.911315,32.782376270480455,203.63214448432495,true,SUMO_NET_XML_UTM_WGS84_WITH_NET_OFFSET,C:\Users\raffa\IdeaProjects\maga-core\data\mosaic-scenarios\MaGaIntegratedStudy\sumo\Barnim.net.xml
170000000000,170,veh_8,52.616110216967925,13.560125138991737,6881.910921,4084.478618,32.23141782972496,193.74364691619493,true,SUMO_NET_XML_UTM_WGS84_WITH_NET_OFFSET,C:\Users\raffa\IdeaProjects\maga-core\data\mosaic-scenarios\MaGaIntegratedStudy\sumo\Barnim.net.xml
170000000000,170,veh_9,52.61727446844829,13.560366751583976,6900.853652,4213.646211,32.088153270767066,186.29755969663725,true,SUMO_NET_XML_UTM_WGS84_WITH_NET_OFFSET,C:\Users\raffa\IdeaProjects\maga-core\data\mosaic-scenarios\MaGaIntegratedStudy\sumo\Barnim.net.xml
170000000000,170,veh_10,52.61840009664411,13.560365947834967,6903.299416,4338.845686,33.28659285017755,184.12724836730263,true,SUMO_NET_XML_UTM_WGS84_WITH_NET_OFFSET,C:\Users\raffa\IdeaProjects\maga-core\data\mosaic-scenarios\MaGaIntegratedStudy\sumo\Barnim.net.xml
170000000000,170,veh_11,52.61959191247782,13.560610207708331,6922.481358,4471.075668,32.678352626850824,198.21595230599164,true,SUMO_NET_XML_UTM_WGS84_WITH_NET_OFFSET,C:\Users\raffa\IdeaProjects\maga-core\data\mosaic-scenarios\MaGaIntegratedStudy\sumo\Barnim.net.xml
171000000000,171,veh_0,52.612640684039135,13.549435286684623,6150.459973,3713.086879,26.60058470551856,278.72341132745873,true,SUMO_NET_XML_UTM_WGS84_WITH_NET_OFFSET,C:\Users\raffa\IdeaProjects\maga-core\data\mosaic-scenarios\MaGaIntegratedStudy\sumo\Barnim.net.xml
171000000000,171,veh_1,52.61252002174839,13.551111910910732,6263.704047,3697.383622,27.308788595856168,276.35421869679317,true,SUMO_NET_XML_UTM_WGS84_WITH_NET_OFFSET,C:\Users\raffa\IdeaProjects\maga-core\data\mosaic-scenarios\MaGaIntegratedStudy\sumo\Barnim.net.xml
171000000000,171,veh_2,52.61246536060903,13.552733953705529,6373.400742,3689.098169,27.389475201531315,268.6523253653951,true,SUMO_NET_XML_UTM_WGS84_WITH_NET_OFFSET,C:\Users\raffa\IdeaProjects\maga-core\data\mosaic-scenarios\MaGaIntegratedStudy\sumo\Barnim.net.xml
171000000000,171,veh_3,52.61256805904597,13.554315418486786,6480.701392,3698.372621,26.96624923278112,259.7798166089081,true,SUMO_NET_XML_UTM_WGS84_WITH_NET_OFFSET,C:\Users\raffa\IdeaProjects\maga-core\data\mosaic-scenarios\MaGaIntegratedStudy\sumo\Barnim.net.xml
171000000000,171,veh_4,52.61283639215334,13.555757456886546,6578.930919,3726.261266,26.66238339109812,244.53449045094422,true,SUMO_NET_XML_UTM_WGS84_WITH_NET_OFFSET,C:\Users\raffa\IdeaProjects\maga-core\data\mosaic-scenarios\MaGaIntegratedStudy\sumo\Barnim.net.xml
171000000000,171,veh_5,52.61334489489541,13.557242477795103,6680.603894,3780.806560,27.6607690796908,233.203984685239,true,SUMO_NET_XML_UTM_WGS84_WITH_NET_OFFSET,C:\Users\raffa\IdeaProjects\maga-core\data\mosaic-scenarios\MaGaIntegratedStudy\sumo\Barnim.net.xml
171000000000,171,veh_6,52.61396022301452,13.55838776654221,6759.511616,3847.695497,26.78382043728605,222.00954438008927,true,SUMO_NET_XML_UTM_WGS84_WITH_NET_OFFSET,C:\Users\raffa\IdeaProjects\maga-core\data\mosaic-scenarios\MaGaIntegratedStudy\sumo\Barnim.net.xml
171000000000,171,veh_7,52.614794565271495,13.559369064591948,6827.801650,3939.167440,30.429623448909258,209.1110086678901,true,SUMO_NET_XML_UTM_WGS84_WITH_NET_OFFSET,C:\Users\raffa\IdeaProjects\maga-core\data\mosaic-scenarios\MaGaIntegratedStudy\sumo\Barnim.net.xml
171000000000,171,veh_8,52.61582625409013,13.560003825128007,6873.067291,4053.058796,32.65515167980455,197.19925219166262,true,SUMO_NET_XML_UTM_WGS84_WITH_NET_OFFSET,C:\Users\raffa\IdeaProjects\maga-core\data\mosaic-scenarios\MaGaIntegratedStudy\sumo\Barnim.net.xml
171000000000,171,veh_9,52.61697838595949,13.560329702495793,6897.687900,4180.764423,33.034374433448534,185.11208072552822,true,SUMO_NET_XML_UTM_WGS84_WITH_NET_OFFSET,C:\Users\raffa\IdeaProjects\maga-core\data\mosaic-scenarios\MaGaIntegratedStudy\sumo\Barnim.net.xml
171000000000,171,veh_10,52.6181067211632,13.56035037101816,6901.593305,4306.235951,32.419597622631116,181.08633718170648,true,SUMO_NET_XML_UTM_WGS84_WITH_NET_OFFSET,C:\Users\raffa\IdeaProjects\maga-core\data\mosaic-scenarios\MaGaIntegratedStudy\sumo\Barnim.net.xml
171000000000,171,veh_11,52.61929579908303,13.560512640419972,6915.219068,4438.272222,33.18739741516299,190.54556577937066,true,SUMO_NET_XML_UTM_WGS84_WITH_NET_OFFSET,C:\Users\raffa\IdeaProjects\maga-core\data\mosaic-scenarios\MaGaIntegratedStudy\sumo\Barnim.net.xml
172000000000,172,veh_0,52.612674539370225,13.54902805627284,6122.964725,3717.407249,27.77896937243175,279.86394619065334,true,SUMO_NET_XML_UTM_WGS84_WITH_NET_OFFSET,C:\Users\raffa\IdeaProjects\maga-core\data\mosaic-scenarios\MaGaIntegratedStudy\sumo\Barnim.net.xml
172000000000,172,veh_1,52.6125421984153,13.550711801990655,6236.664671,3700.394699,27.19004531425424,276.35421869679317,true,SUMO_NET_XML_UTM_WGS84_WITH_NET_OFFSET,C:\Users\raffa\IdeaProjects\maga-core\data\mosaic-scenarios\MaGaIntegratedStudy\sumo\Barnim.net.xml
172000000000,172,veh_2,52.61245500417843,13.552327411040014,6345.853023,3688.498885,27.56859896445647,273.55248526793844,true,SUMO_NET_XML_UTM_WGS84_WITH_NET_OFFSET,C:\Users\raffa\IdeaProjects\maga-core\data\mosaic-scenarios\MaGaIntegratedStudy\sumo\Barnim.net.xml
172000000000,172,veh_3,52.61252027655151,13.553925025706253,6454.163674,3693.588081,26.876055420138876,259.779816608903,true,SUMO_NET_XML_UTM_WGS84_WITH_NET_OFFSET,C:\Users\raffa\IdeaProjects\maga-core\data\mosaic-scenarios\MaGaIntegratedStudy\sumo\Barnim.net.xml
172000000000,172,veh_4,52.6127533590693,13.555385209854895,6553.543434,3717.530823,26.802519355919213,252.71920084964475,true,SUMO_NET_XML_UTM_WGS84_WITH_NET_OFFSET,C:\Users\raffa\IdeaProjects\maga-core\data\mosaic-scenarios\MaGaIntegratedStudy\sumo\Barnim.net.xml
172000000000,172,veh_5,52.61321343625925,13.556908670422905,6657.711550,3766.637358,26.84508238615934,238.82043378632906,true,SUMO_NET_XML_UTM_WGS84_WITH_NET_OFFSET,C:\Users\raffa\IdeaProjects\maga-core\data\mosaic-scenarios\MaGaIntegratedStudy\sumo\Barnim.net.xml
172000000000,172,veh_6,52.61378650847467,13.558106880788793,6740.108717,3828.754347,27.04170146558434,225.68993794475588,true,SUMO_NET_XML_UTM_WGS84_WITH_NET_OFFSET,C:\Users\raffa\IdeaProjects\maga-core\data\mosaic-scenarios\MaGaIntegratedStudy\sumo\Barnim.net.xml
172000000000,172,veh_7,52.614589570869946,13.55916636694469,6813.623233,3916.641118,26.574281106116253,215.9524280000994,true,SUMO_NET_XML_UTM_WGS84_WITH_NET_OFFSET,C:\Users\raffa\IdeaProjects\maga-core\data\mosaic-scenarios\MaGaIntegratedStudy\sumo\Barnim.net.xml
172000000000,172,veh_8,52.61554268433795,13.559869750890176,6863.360562,4021.699972,32.827369678760874,197.1992521916725,true,SUMO_NET_XML_UTM_WGS84_WITH_NET_OFFSET,C:\Users\raffa\IdeaProjects\maga-core\data\mosaic-scenarios\MaGaIntegratedStudy\sumo\Barnim.net.xml
172000000000,172,veh_9,52.616682351318595,13.560277899562603,6893.523424,4147.907907,33.1415313391434,189.3969987709487,true,SUMO_NET_XML_UTM_WGS84_WITH_NET_OFFSET,C:\Users\raffa\IdeaProjects\maga-core\data\mosaic-scenarios\MaGaIntegratedStudy\sumo\Barnim.net.xml
172000000000,172,veh_10,52.61781392978178,13.560355032634906,6901.258540,4273.663825,32.54943189979065,180.10872051374696,true,SUMO_NET_XML_UTM_WGS84_WITH_NET_OFFSET,C:\Users\raffa\IdeaProjects\maga-core\data\mosaic-scenarios\MaGaIntegratedStudy\sumo\Barnim.net.xml
172000000000,172,veh_11,52.619007826285994,13.560448981636926,6910.270175,4406.328390,32.24758762768004,186.95743832181574,true,SUMO_NET_XML_UTM_WGS84_WITH_NET_OFFSET,C:\Users\raffa\IdeaProjects\maga-core\data\mosaic-scenarios\MaGaIntegratedStudy\sumo\Barnim.net.xml
173000000000,173,veh_0,52.612716555444514,13.548630929936785,6096.171877,3722.621682,27.265238019982355,281.16243108301023,true,SUMO_NET_XML_UTM_WGS84_WITH_NET_OFFSET,C:\Users\raffa\IdeaProjects\maga-core\data\mosaic-scenarios\MaGaIntegratedStudy\sumo\Barnim.net.xml
173000000000,173,veh_1,52.6125694783248,13.550315379683518,6209.886336,3703.968515,27.005164365023376,278.72341132745873,true,SUMO_NET_XML_UTM_WGS84_WITH_NET_OFFSET,C:\Users\raffa\IdeaProjects\maga-core\data\mosaic-scenarios\MaGaIntegratedStudy\sumo\Barnim.net.xml
173000000000,173,veh_2,52.612475107921306,13.551922165087099,6318.461133,3691.285930,27.522861125105994,276.35421869679317,true,SUMO_NET_XML_UTM_WGS84_WITH_NET_OFFSET,C:\Users\raffa\IdeaProjects\maga-core\data\mosaic-scenarios\MaGaIntegratedStudy\sumo\Barnim.net.xml
173000000000,173,veh_3,52.61249317207558,13.553533208909586,6427.575631,3691.105534,26.645216123848222,266.18751397884984,true,SUMO_NET_XML_UTM_WGS84_WITH_NET_OFFSET,C:\Users\raffa\IdeaProjects\maga-core\data\mosaic-scenarios\MaGaIntegratedStudy\sumo\Barnim.net.xml
173000000000,173,veh_4,52.612674463929416,13.554996239868771,6527.032873,3709.283448,27.671637290478685,252.71920084963983,true,SUMO_NET_XML_UTM_WGS84_WITH_NET_OFFSET,C:\Users\raffa\IdeaProjects\maga-core\data\mosaic-scenarios\MaGaIntegratedStudy\sumo\Barnim.net.xml
173000000000,173,veh_5,52.61308130701688,13.556560490947657,6633.844541,3752.413155,27.700639067539015,240.95883888210622,true,SUMO_NET_XML_UTM_WGS84_WITH_NET_OFFSET,C:\Users\raffa\IdeaProjects\maga-core\data\mosaic-scenarios\MaGaIntegratedStudy\sumo\Barnim.net.xml
173000000000,173,veh_6,52.61361879801987,13.557809095988796,6719.574922,3810.503965,27.312813944388182,228.41094495536086,true,SUMO_NET_XML_UTM_WGS84_WITH_NET_OFFSET,C:\Users\raffa\IdeaProjects\maga-core\data\mosaic-scenarios\MaGaIntegratedStudy\sumo\Barnim.net.xml
173000000000,173,veh_7,52.61438446117437,13.5589321002707,6797.307174,3894.144733,27.69674467374105,215.95242800010246,true,SUMO_NET_XML_UTM_WGS84_WITH_NET_OFFSET,C:\Users\raffa\IdeaProjects\maga-core\data\mosaic-scenarios\MaGaIntegratedStudy\sumo\Barnim.net.xml
173000000000,173,veh_8,52.61526452444579,13.559733752929404,6853.535504,3990.945483,32.21236831037793,203.63214448432495,true,SUMO_NET_XML_UTM_WGS84_WITH_NET_OFFSET,C:\Users\raffa\IdeaProjects\maga-core\data\mosaic-scenarios\MaGaIntegratedStudy\sumo\Barnim.net.xml
173000000000,173,veh_9,52.61638668195113,13.560207440493661,6888.096730,4115.117246,33.23565554087516,189.3969987709504,true,SUMO_NET_XML_UTM_WGS84_WITH_NET_OFFSET,C:\Users\raffa\IdeaProjects\maga-core\data\mosaic-scenarios\MaGaIntegratedStudy\sumo\Barnim.net.xml
173000000000,173,veh_10,52.617528482624095,13.560398746719102,6903.583801,4241.855771,32.34037220719736,155.34958767112397,true,SUMO_NET_XML_UTM_WGS84_WITH_NET_OFFSET,C:\Users\raffa\IdeaProjects\maga-core\data\mosaic-scenarios\MaGaIntegratedStudy\sumo\Barnim.net.xml
173000000000,173,veh_11,52.61870899471187,13.560402564652836,6906.464284,4373.153485,33.30216648175381,186.05684965555358,true,SUMO_NET_XML_UTM_WGS84_WITH_NET_OFFSET,C:\Users\raffa\IdeaProjects\maga-core\data\mosaic-scenarios\MaGaIntegratedStudy\sumo\Barnim.net.xml
174000000000,174,veh_0,52.612759618256185,13.54823008529765,6069.129684,3727.957756,27.563739981474356,281.16243108301535,true,SUMO_NET_XML_UTM_WGS84_WITH_NET_OFFSET,C:\Users\raffa\IdeaProjects\maga-core\data\mosaic-scenarios\MaGaIntegratedStudy\sumo\Barnim.net.xml
174000000000,174,veh_1,52.61260121157968,13.549923171299413,6183.403296,3708.032065,26.776762283705175,278.7234113274603,true,SUMO_NET_XML_UTM_WGS84_WITH_NET_OFFSET,C:\Users\raffa\IdeaProjects\maga-core\data\mosaic-scenarios\MaGaIntegratedStudy\sumo\Barnim.net.xml
174000000000,174,veh_2,52.612496888099336,13.551529259149016,6291.908484,3694.242805,26.700606466173195,276.35421869679317,true,SUMO_NET_XML_UTM_WGS84_WITH_NET_OFFSET,C:\Users\raffa\IdeaProjects\maga-core\data\mosaic-scenarios\MaGaIntegratedStudy\sumo\Barnim.net.xml
174000000000,174,veh_3,52.61247201746524,13.553132923448882,6400.427474,3689.296413,27.118041277951562,266.18751397884984,true,SUMO_NET_XML_UTM_WGS84_WITH_NET_OFFSET,C:\Users\raffa\IdeaProjects\maga-core\data\mosaic-scenarios\MaGaIntegratedStudy\sumo\Barnim.net.xml
174000000000,174,veh_4,52.61260424516753,13.554611074068637,6500.799123,3701.996083,27.175277968188748,259.779816608903,true,SUMO_NET_XML_UTM_WGS84_WITH_NET_OFFSET,C:\Users\raffa\IdeaProjects\maga-core\data\mosaic-scenarios\MaGaIntegratedStudy\sumo\Barnim.net.xml
174000000000,174,veh_5,52.612972104253934,13.556202430414704,6609.359478,3740.752466,27.029884362891316,244.53449045094422,true,SUMO_NET_XML_UTM_WGS84_WITH_NET_OFFSET,C:\Users\raffa\IdeaProjects\maga-core\data\mosaic-scenarios\MaGaIntegratedStudy\sumo\Barnim.net.xml
174000000000,174,veh_6,52.61346402265678,13.557493493914249,6697.863485,3793.716512,27.36826866610907,233.203984685239,true,SUMO_NET_XML_UTM_WGS84_WITH_NET_OFFSET,C:\Users\raffa\IdeaProjects\maga-core\data\mosaic-scenarios\MaGaIntegratedStudy\sumo\Barnim.net.xml
174000000000,174,veh_7,52.61418952603336,13.55869858282552,6781.064316,3872.779055,26.721705917101353,217.41066504019736,true,SUMO_NET_XML_UTM_WGS84_WITH_NET_OFFSET,C:\Users\raffa\IdeaProjects\maga-core\data\mosaic-scenarios\MaGaIntegratedStudy\sumo\Barnim.net.xml
174000000000,174,veh_8,52.61499797402092,13.559546499925231,6840.266153,3961.551609,32.127473842115144,207.90265566230912,true,SUMO_NET_XML_UTM_WGS84_WITH_NET_OFFSET,C:\Users\raffa\IdeaProjects\maga-core\data\mosaic-scenarios\MaGaIntegratedStudy\sumo\Barnim.net.xml
174000000000,174,veh_9,52.61609966452845,13.560121263855875,6881.625138,4083.310160,32.481124599180184,193.74364691619493,true,SUMO_NET_XML_UTM_WGS84_WITH_NET_OFFSET,C:\Users\raffa\IdeaProjects\maga-core\data\mosaic-scenarios\MaGaIntegratedStudy\sumo\Barnim.net.xml
174000000000,174,veh_10,52.617232497418094,13.560360532277118,6900.339402,4208.986377,33.06314209976233,186.29755969663725,true,SUMO_NET_XML_UTM_WGS84_WITH_NET_OFFSET,C:\Users\raffa\IdeaProjects\maga-core\data\mosaic-scenarios\MaGaIntegratedStudy\sumo\Barnim.net.xml
174000000000,174,veh_11,52.61841908731719,13.560367573915862,6903.451674,4340.955732,32.25416970613412,184.1272483673034,true,SUMO_NET_XML_UTM_WGS84_WITH_NET_OFFSET,C:\Users\raffa\IdeaProjects\maga-core\data\mosaic-scenarios\MaGaIntegratedStudy\sumo\Barnim.net.xml
175000000000,175,veh_0,52.612802939278176,13.547826823574415,6041.924479,3733.325997,27.729895889894106,281.16243108301535,true,SUMO_NET_XML_UTM_WGS84_WITH_NET_OFFSET,C:\Users\raffa\IdeaProjects\maga-core\data\mosaic-scenarios\MaGaIntegratedStudy\sumo\Barnim.net.xml
175000000000,175,veh_1,52.61263348450997,13.549524275700955,6156.468754,3712.164893,27.233272279677912,278.72341132745873,true,SUMO_NET_XML_UTM_WGS84_WITH_NET_OFFSET,C:\Users\raffa\IdeaProjects\maga-core\data\mosaic-scenarios\MaGaIntegratedStudy\sumo\Barnim.net.xml
175000000000,175,veh_2,52.61251864741002,13.55113670575188,6265.379684,3697.197025,26.676624159906062,276.35421869678913,true,SUMO_NET_XML_UTM_WGS84_WITH_NET_OFFSET,C:\Users\raffa\IdeaProjects\maga-core\data\mosaic-scenarios\MaGaIntegratedStudy\sumo\Barnim.net.xml
175000000000,175,veh_3,52.6124651183996,13.552727213078073,6372.943833,3689.080391,27.405610726443122,268.46170729633644,true,SUMO_NET_XML_UTM_WGS84_WITH_NET_OFFSET,C:\Users\raffa\IdeaProjects\maga-core\data\mosaic-scenarios\MaGaIntegratedStudy\sumo\Barnim.net.xml
175000000000,175,veh_4,52.61255633092199,13.554219596258045,6474.187693,3697.198253,26.950707219140604,259.779816608903,true,SUMO_NET_XML_UTM_WGS84_WITH_NET_OFFSET,C:\Users\raffa\IdeaProjects\maga-core\data\mosaic-scenarios\MaGaIntegratedStudy\sumo\Barnim.net.xml
175000000000,175,veh_5,52.61286473946251,13.555850401510723,6585.286753,3729.288148,26.574690759968945,244.53449045093973,true,SUMO_NET_XML_UTM_WGS84_WITH_NET_OFFSET,C:\Users\raffa\IdeaProjects\maga-core\data\mosaic-scenarios\MaGaIntegratedStudy\sumo\Barnim.net.xml
175000000000,175,veh_6,52.613315099730215,13.557172598554857,6675.806556,3777.587265,27.247233482794837,236.58507924156044,true,SUMO_NET_XML_UTM_WGS84_WITH_NET_OFFSET,C:\Users\raffa\IdeaProjects\maga-core\data\mosaic-scenarios\MaGaIntegratedStudy\sumo\Barnim.net.xml
175000000000,175,veh_7,52.61399895195534,13.558442495218701,6763.302979,3851.929044,27.317773478217426,220.63031880988152,true,SUMO_NET_XML_UTM_WGS84_WITH_NET_OFFSET,C:\Users\raffa\IdeaProjects\maga-core\data\mosaic-scenarios\MaGaIntegratedStudy\sumo\Barnim.net.xml
175000000000,175,veh_8,52.614777732522256,13.559354288433957,6826.763884,3937.315203,27.627473842115144,209.1744235976189,true,SUMO_NET_XML_UTM_WGS84_WITH_NET_OFFSET,C:\Users\raffa\IdeaProjects\maga-core\data\mosaic-scenarios\MaGaIntegratedStudy\sumo\Barnim.net.xml
175000000000,175,veh_9,52.61581203994583,13.559997104515118,6872.580734,4051.486912,33.09778550632298,197.1992521916725,true,SUMO_NET_XML_UTM_WGS84_WITH_NET_OFFSET,C:\Users\raffa\IdeaProjects\maga-core\data\mosaic-scenarios\MaGaIntegratedStudy\sumo\Barnim.net.xml
175000000000,175,veh_10,52.61693423925415,13.560324671205427,6897.249239,4175.860993,33.2692554347869,185.11208072552822,true,SUMO_NET_XML_UTM_WGS84_WITH_NET_OFFSET,C:\Users\raffa\IdeaProjects\maga-core\data\mosaic-scenarios\MaGaIntegratedStudy\sumo\Barnim.net.xml
175000000000,175,veh_11,52.61812896839289,13.560350334202758,6901.640228,4308.710457,32.05633672468364,181.08633718171674,true,SUMO_NET_XML_UTM_WGS84_WITH_NET_OFFSET,C:\Users\raffa\IdeaProjects\maga-core\data\mosaic-scenarios\MaGaIntegratedStudy\sumo\Barnim.net.xml
176000000000,176,veh_0,52.61284472284945,13.54743786060215,6015.683958,3738.503882,26.746606146586128,281.1624310830082,true,SUMO_NET_XML_UTM_WGS84_WITH_NET_OFFSET,C:\Users\raffa\IdeaProjects\maga-core\data\mosaic-scenarios\MaGaIntegratedStudy\sumo\Barnim.net.xml
176000000000,176,veh_1,52.61266590163155,13.549123580550884,6129.412739,3716.316360,27.356092118397356,278.72341132745873,true,SUMO_NET_XML_UTM_WGS84_WITH_NET_OFFSET,C:\Users\raffa\IdeaProjects\maga-core\data\mosaic-scenarios\MaGaIntegratedStudy\sumo\Barnim.net.xml
176000000000,176,veh_2,52.61254061160783,13.550740431816392,6238.599475,3700.179241,26.929434467963876,276.35421869679317,true,SUMO_NET_XML_UTM_WGS84_WITH_NET_OFFSET,C:\Users\raffa\IdeaProjects\maga-core\data\mosaic-scenarios\MaGaIntegratedStudy\sumo\Barnim.net.xml
176000000000,176,veh_3,52.612455045313254,13.552325800150763,6345.744051,3688.505650,27.22066778626293,273.55248526793844,true,SUMO_NET_XML_UTM_WGS84_WITH_NET_OFFSET,C:\Users\raffa\IdeaProjects\maga-core\data\mosaic-scenarios\MaGaIntegratedStudy\sumo\Barnim.net.xml
176000000000,176,veh_4,52.61250916330439,13.55383422982329,6447.991636,3692.475311,26.530037735747175,259.779816608903,true,SUMO_NET_XML_UTM_WGS84_WITH_NET_OFFSET,C:\Users\raffa\IdeaProjects\maga-core\data\mosaic-scenarios\MaGaIntegratedStudy\sumo\Barnim.net.xml
176000000000,176,veh_5,52.612773530630434,13.555484661215992,6560.321606,3719.639497,26.743905025972055,252.71920084963983,true,SUMO_NET_XML_UTM_WGS84_WITH_NET_OFFSET,C:\Users\raffa\IdeaProjects\maga-core\data\mosaic-scenarios\MaGaIntegratedStudy\sumo\Barnim.net.xml
176000000000,176,veh_6,52.6131847573991,13.556834217843445,6652.607039,3763.548444,27.026505499747582,238.82043378632906,true,SUMO_NET_XML_UTM_WGS84_WITH_NET_OFFSET,C:\Users\raffa\IdeaProjects\maga-core\data\mosaic-scenarios\MaGaIntegratedStudy\sumo\Barnim.net.xml
176000000000,176,veh_7,52.61382327337709,13.558166327106575,6744.215135,3832.763041,26.990298208822498,225.68993794475963,true,SUMO_NET_XML_UTM_WGS84_WITH_NET_OFFSET,C:\Users\raffa\IdeaProjects\maga-core\data\mosaic-scenarios\MaGaIntegratedStudy\sumo\Barnim.net.xml
176000000000,176,veh_8,52.61457039947393,13.559144470160991,6812.098186,3914.538401,27.046262680618092,215.95242800010246,true,SUMO_NET_XML_UTM_WGS84_WITH_NET_OFFSET,C:\Users\raffa\IdeaProjects\maga-core\data\mosaic-scenarios\MaGaIntegratedStudy\sumo\Barnim.net.xml
176000000000,176,veh_9,52.615527999471546,13.559862807806274,6862.857892,4020.076033,32.88186178477015,197.1992521916741,true,SUMO_NET_XML_UTM_WGS84_WITH_NET_OFFSET,C:\Users\raffa\IdeaProjects\maga-core\data\mosaic-scenarios\MaGaIntegratedStudy\sumo\Barnim.net.xml
176000000000,176,veh_10,52.616637095655534,13.560267114916165,6892.692805,4142.888912,33.30577675997745,189.3969987709504,true,SUMO_NET_XML_UTM_WGS84_WITH_NET_OFFSET,C:\Users\raffa\IdeaProjects\maga-core\data\mosaic-scenarios\MaGaIntegratedStudy\sumo\Barnim.net.xml
176000000000,176,veh_11,52.617831141137316,13.560354521595542,6901.262173,4275.578855,33.10890915770549,180.10872051375742,true,SUMO_NET_XML_UTM_WGS84_WITH_NET_OFFSET,C:\Users\raffa\IdeaProjects\maga-core\data\mosaic-scenarios\MaGaIntegratedStudy\sumo\Barnim.net.xml
177000000000,177,veh_0,52.61288720284572,13.547042401635672,5989.005249,3743.768231,27.19324543769006,281.16243108301023,true,SUMO_NET_XML_UTM_WGS84_WITH_NET_OFFSET,C:\Users\raffa\IdeaProjects\maga-core\data\mosaic-scenarios\MaGaIntegratedStudy\sumo\Barnim.net.xml
177000000000,177,veh_1,52.61270693842924,13.548720446849067,6102.210966,3721.430025,27.607978279837408,281.16243108301535,true,SUMO_NET_XML_UTM_WGS84_WITH_NET_OFFSET,C:\Users\raffa\IdeaProjects\maga-core\data\mosaic-scenarios\MaGaIntegratedStudy\sumo\Barnim.net.xml
177000000000,177,veh_2,52.61256687385322,13.55034756901096,6212.059853,3703.635011,26.75312523191795,278.7234113274603,true,SUMO_NET_XML_UTM_WGS84_WITH_NET_OFFSET,C:\Users\raffa\IdeaProjects\maga-core\data\mosaic-scenarios\MaGaIntegratedStudy\sumo\Barnim.net.xml
177000000000,177,veh_3,52.61247469658038,13.551929585287125,6318.962591,3691.230088,26.90947098989971,276.35421869678913,true,SUMO_NET_XML_UTM_WGS84_WITH_NET_OFFSET,C:\Users\raffa\IdeaProjects\maga-core\data\mosaic-scenarios\MaGaIntegratedStudy\sumo\Barnim.net.xml
177000000000,177,veh_4,52.612487564188974,13.55342709450087,6420.378743,3690.625942,27.583393690334635,266.18751397884984,true,SUMO_NET_XML_UTM_WGS84_WITH_NET_OFFSET,C:\Users\raffa\IdeaProjects\maga-core\data\mosaic-scenarios\MaGaIntegratedStudy\sumo\Barnim.net.xml
177000000000,177,veh_5,52.61269447915111,13.555094918484413,6533.758402,3711.375745,27.726585235348903,252.71920084964296,true,SUMO_NET_XML_UTM_WGS84_WITH_NET_OFFSET,C:\Users\raffa\IdeaProjects\maga-core\data\mosaic-scenarios\MaGaIntegratedStudy\sumo\Barnim.net.xml
177000000000,177,veh_6,52.613061958250036,13.55649704866961,6629.506211,3750.347082,26.54331834055018,244.53449045094894,true,SUMO_NET_XML_UTM_WGS84_WITH_NET_OFFSET,C:\Users\raffa\IdeaProjects\maga-core\data\mosaic-scenarios\MaGaIntegratedStudy\sumo\Barnim.net.xml
177000000000,177,veh_7,52.61365445983349,13.55787250859987,6723.947445,3814.384579,27.20910624614451,228.41094495535398,true,SUMO_NET_XML_UTM_WGS84_WITH_NET_OFFSET,C:\Users\raffa\IdeaProjects\maga-core\data\mosaic-scenarios\MaGaIntegratedStudy\sumo\Barnim.net.xml
177000000000,177,veh_8,52.614371639299385,13.558917455816145,6796.287221,3892.738434,26.839339986974373,215.95242800010246,true,SUMO_NET_XML_UTM_WGS84_WITH_NET_OFFSET,C:\Users\raffa\IdeaProjects\maga-core\data\mosaic-scenarios\MaGaIntegratedStudy\sumo\Barnim.net.xml
177000000000,177,veh_9,52.61524114229473,13.559717850628566,6852.406965,3988.366304,33.315573511081745,203.63214448432495,true,SUMO_NET_XML_UTM_WGS84_WITH_NET_OFFSET,C:\Users\raffa\IdeaProjects\maga-core\data\mosaic-scenarios\MaGaIntegratedStudy\sumo\Barnim.net.xml
177000000000,177,veh_10,52.616350520798356,13.560198823224887,6887.433031,4111.106861,32.21335744629148,189.3969987709487,true,SUMO_NET_XML_UTM_WGS84_WITH_NET_OFFSET,C:\Users\raffa\IdeaProjects\maga-core\data\mosaic-scenarios\MaGaIntegratedStudy\sumo\Barnim.net.xml
177000000000,177,veh_11,52.61754476867258,13.560386430879372,6902.786237,4243.683842,32.22603296110872,161.2708620031627,true,SUMO_NET_XML_UTM_WGS84_WITH_NET_OFFSET,C:\Users\raffa\IdeaProjects\maga-core\data\mosaic-scenarios\MaGaIntegratedStudy\sumo\Barnim.net.xml
178000000000,178,veh_0,52.61292727784276,13.546669319527636,5963.836187,3748.734692,25.654481815970502,281.16243108301535,true,SUMO_NET_XML_UTM_WGS84_WITH_NET_OFFSET,C:\Users\raffa\IdeaProjects\maga-core\data\mosaic-scenarios\MaGaIntegratedStudy\sumo\Barnim.net.xml
178000000000,178,veh_1,52.6127487192083,13.548331538952565,6075.974050,3726.607199,26.742932146084495,281.16243108301023,true,SUMO_NET_XML_UTM_WGS84_WITH_NET_OFFSET,C:\Users\raffa\IdeaProjects\maga-core\data\mosaic-scenarios\MaGaIntegratedStudy\sumo\Barnim.net.xml
178000000000,178,veh_2,52.61259937647865,13.549945852754634,6184.934812,3707.797070,27.425884244004266,278.7234113274603,true,SUMO_NET_XML_UTM_WGS84_WITH_NET_OFFSET,C:\Users\raffa\IdeaProjects\maga-core\data\mosaic-scenarios\MaGaIntegratedStudy\sumo\Barnim.net.xml
178000000000,178,veh_3,52.61249688268621,13.551529356802751,6291.915083,3694.242070,27.198223078432495,276.35421869679317,true,SUMO_NET_XML_UTM_WGS84_WITH_NET_OFFSET,C:\Users\raffa\IdeaProjects\maga-core\data\mosaic-scenarios\MaGaIntegratedStudy\sumo\Barnim.net.xml
178000000000,178,veh_4,52.61247028389704,13.553023130066046,6392.990147,3689.252782,27.342652407819408,269.8552530754871,true,SUMO_NET_XML_UTM_WGS84_WITH_NET_OFFSET,C:\Users\raffa\IdeaProjects\maga-core\data\mosaic-scenarios\MaGaIntegratedStudy\sumo\Barnim.net.xml
178000000000,178,veh_5,52.612618292249714,13.55471930609934,6508.158171,3703.411571,26.72143797249999,252.71920084964296,true,SUMO_NET_XML_UTM_WGS84_WITH_NET_OFFSET,C:\Users\raffa\IdeaProjects\maga-core\data\mosaic-scenarios\MaGaIntegratedStudy\sumo\Barnim.net.xml
178000000000,178,veh_6,52.61295366690871,13.556141977471542,6605.225545,3738.783735,26.804243633355945,244.53449045094422,true,SUMO_NET_XML_UTM_WGS84_WITH_NET_OFFSET,C:\Users\raffa\IdeaProjects\maga-core\data\mosaic-scenarios\MaGaIntegratedStudy\sumo\Barnim.net.xml
178000000000,178,veh_7,52.61350035468187,13.557570050230318,6703.127394,3797.653848,26.643355695875364,233.20398468524314,true,SUMO_NET_XML_UTM_WGS84_WITH_NET_OFFSET,C:\Users\raffa\IdeaProjects\maga-core\data\mosaic-scenarios\MaGaIntegratedStudy\sumo\Barnim.net.xml
178000000000,178,veh_8,52.61417779188532,13.558684439824464,6780.080722,3871.493064,26.604948146520183,217.4106650401891,true,SUMO_NET_XML_UTM_WGS84_WITH_NET_OFFSET,C:\Users\raffa\IdeaProjects\maga-core\data\mosaic-scenarios\MaGaIntegratedStudy\sumo\Barnim.net.xml
178000000000,178,veh_9,52.61498255218046,13.559533047246008,6839.321131,3959.854508,31.258423075540925,209.1110086678926,true,SUMO_NET_XML_UTM_WGS84_WITH_NET_OFFSET,C:\Users\raffa\IdeaProjects\maga-core\data\mosaic-scenarios\MaGaIntegratedStudy\sumo\Barnim.net.xml
178000000000,178,veh_10,52.61606713230302,13.56010931717096,6880.744096,4079.707906,32.12463394847698,193.74364691620383,true,SUMO_NET_XML_UTM_WGS84_WITH_NET_OFFSET,C:\Users\raffa\IdeaProjects\maga-core\data\mosaic-scenarios\MaGaIntegratedStudy\sumo\Barnim.net.xml
178000000000,178,veh_11,52.617251862106784,13.560363401753564,6900.576668,4211.136342,32.92805862114299,186.29755969663836,true,SUMO_NET_XML_UTM_WGS84_WITH_NET_OFFSET,C:\Users\raffa\IdeaProjects\maga-core\data\mosaic-scenarios\MaGaIntegratedStudy\sumo\Barnim.net.xml
179000000000,179,veh_0,52.61296062564343,13.546358873342426,5942.892742,3752.867544,21.447241967595183,281.1634984121304,true,SUMO_NET_XML_UTM_WGS84_WITH_NET_OFFSET,C:\Users\raffa\IdeaProjects\maga-core\data\mosaic-scenarios\MaGaIntegratedStudy\sumo\Barnim.net.xml
179000000000,179,veh_1,52.61279168459918,13.547931591138024,6048.992397,3731.931327,27.50203165157698,281.16243108301023,true,SUMO_NET_XML_UTM_WGS84_WITH_NET_OFFSET,C:\Users\raffa\IdeaProjects\maga-core\data\mosaic-scenarios\MaGaIntegratedStudy\sumo\Barnim.net.xml
179000000000,179,veh_2,52.61263174708231,13.549545750862736,6157.918816,3711.942396,27.31563008545898,278.7234113274603,true,SUMO_NET_XML_UTM_WGS84_WITH_NET_OFFSET,C:\Users\raffa\IdeaProjects\maga-core\data\mosaic-scenarios\MaGaIntegratedStudy\sumo\Barnim.net.xml
179000000000,179,veh_3,52.61251934439755,13.55112413120751,6264.529895,3697.291656,27.537784219016324,276.35421869678913,true,SUMO_NET_XML_UTM_WGS84_WITH_NET_OFFSET,C:\Users\raffa\IdeaProjects\maga-core\data\mosaic-scenarios\MaGaIntegratedStudy\sumo\Barnim.net.xml
179000000000,179,veh_4,52.61246090384968,13.552624988827105,6366.013425,3688.750566,26.927967870952564,267.0830783102308,true,SUMO_NET_XML_UTM_WGS84_WITH_NET_OFFSET,C:\Users\raffa\IdeaProjects\maga-core\data\mosaic-scenarios\MaGaIntegratedStudy\sumo\Barnim.net.xml
179000000000,179,veh_5,52.61257036042999,13.554334221552544,6481.979566,3698.603066,26.53341870856937,259.7798166089081,true,SUMO_NET_XML_UTM_WGS84_WITH_NET_OFFSET,C:\Users\raffa\IdeaProjects\maga-core\data\mosaic-scenarios\MaGaIntegratedStudy\sumo\Barnim.net.xml
179000000000,179,veh_6,52.61284147112664,13.555774109702392,6580.069690,3726.803590,27.770394610352817,244.53449045094445,true,SUMO_NET_XML_UTM_WGS84_WITH_NET_OFFSET,C:\Users\raffa\IdeaProjects\maga-core\data\mosaic-scenarios\MaGaIntegratedStudy\sumo\Barnim.net.xml
179000000000,179,veh_7,52.613347142214586,13.557247213136424,6680.929492,3781.050103,27.62856366659515,233.20398468524314,true,SUMO_NET_XML_UTM_WGS84_WITH_NET_OFFSET,C:\Users\raffa\IdeaProjects\maga-core\data\mosaic-scenarios\MaGaIntegratedStudy\sumo\Barnim.net.xml
179000000000,179,veh_8,52.61399062483491,13.558431224065538,6762.521383,3851.018116,26.900172915933656,220.63031880988152,true,SUMO_NET_XML_UTM_WGS84_WITH_NET_OFFSET,C:\Users\raffa\IdeaProjects\maga-core\data\mosaic-scenarios\MaGaIntegratedStudy\sumo\Barnim.net.xml
179000000000,179,veh_9,52.61476925044474,13.55934687938448,6826.243435,3936.381805,26.758423075540925,209.1813346177045,true,SUMO_NET_XML_UTM_WGS84_WITH_NET_OFFSET,C:\Users\raffa\IdeaProjects\maga-core\data\mosaic-scenarios\MaGaIntegratedStudy\sumo\Barnim.net.xml
179000000000,179,veh_10,52.61578887770594,13.559986153148014,6871.787880,4048.925493,32.07083769947756,197.19925219166413,true,SUMO_NET_XML_UTM_WGS84_WITH_NET_OFFSET,C:\Users\raffa\IdeaProjects\maga-core\data\mosaic-scenarios\MaGaIntegratedStudy\sumo\Barnim.net.xml
179000000000,179,veh_11,52.61695314363107,13.560326825689172,6897.437081,4177.960726,33.32415268138982,185.11208072552822,true,SUMO_NET_XML_UTM_WGS84_WITH_NET_OFFSET,C:\Users\raffa\IdeaProjects\maga-core\data\mosaic-scenarios\MaGaIntegratedStudy\sumo\Barnim.net.xml
180000000000,180,veh_0,52.61299393054679,13.546048834915428,5921.976839,3756.995158,21.319046781356445,281.1634984121233,true,SUMO_NET_XML_UTM_WGS84_WITH_NET_OFFSET,C:\Users\raffa\IdeaProjects\maga-core\data\mosaic-scenarios\MaGaIntegratedStudy\sumo\Barnim.net.xml
180000000000,180,veh_1,52.61283371955591,13.547540291412616,6022.594220,3737.140321,26.907303583128378,281.16243108301023,true,SUMO_NET_XML_UTM_WGS84_WITH_NET_OFFSET,C:\Users\raffa\IdeaProjects\maga-core\data\mosaic-scenarios\MaGaIntegratedStudy\sumo\Barnim.net.xml
180000000000,180,veh_2,52.61266415023017,13.549145229371096,6130.874525,3716.092064,27.344238261594437,278.72341132746385,true,SUMO_NET_XML_UTM_WGS84_WITH_NET_OFFSET,C:\Users\raffa\IdeaProjects\maga-core\data\mosaic-scenarios\MaGaIntegratedStudy\sumo\Barnim.net.xml
180000000000,180,veh_3,52.6125410729488,13.55073210812784,6238.036960,3700.241882,26.640560046229513,276.3542186967943,true,SUMO_NET_XML_UTM_WGS84_WITH_NET_OFFSET,C:\Users\raffa\IdeaProjects\maga-core\data\mosaic-scenarios\MaGaIntegratedStudy\sumo\Barnim.net.xml
180000000000,180,veh_4,52.61245867255365,13.55221863688411,6338.496762,3689.054783,27.551246056398377,274.68696230129297,true,SUMO_NET_XML_UTM_WGS84_WITH_NET_OFFSET,C:\Users\raffa\IdeaProjects\maga-core\data\mosaic-scenarios\MaGaIntegratedStudy\sumo\Barnim.net.xml
180000000000,180,veh_5,52.61252307705536,13.553947906084293,6455.719014,3693.868496,26.59535527117085,259.77981660890117,true,SUMO_NET_XML_UTM_WGS84_WITH_NET_OFFSET,C:\Users\raffa\IdeaProjects\maga-core\data\mosaic-scenarios\MaGaIntegratedStudy\sumo\Barnim.net.xml
180000000000,180,veh_6,52.61275685360657,13.555402438851704,6554.717688,3717.896131,26.83396404378116,252.71920084963983,true,SUMO_NET_XML_UTM_WGS84_WITH_NET_OFFSET,C:\Users\raffa\IdeaProjects\maga-core\data\mosaic-scenarios\MaGaIntegratedStudy\sumo\Barnim.net.xml
180000000000,180,veh_7,52.613213885407035,13.55690983644764,6657.791493,3766.685734,27.15720607747324,238.82043378633347,true,SUMO_NET_XML_UTM_WGS84_WITH_NET_OFFSET,C:\Users\raffa\IdeaProjects\maga-core\data\mosaic-scenarios\MaGaIntegratedStudy\sumo\Barnim.net.xml
180000000000,180,veh_8,52.6138123236933,13.558148622205856,6742.992121,3831.569132,27.497779311328195,225.68993794475236,true,SUMO_NET_XML_UTM_WGS84_WITH_NET_OFFSET,C:\Users\raffa\IdeaProjects\maga-core\data\mosaic-scenarios\MaGaIntegratedStudy\sumo\Barnim.net.xml
180000000000,180,veh_9,52.61456229172366,13.559135209827625,6811.453231,3913.649144,27.075991605427117,215.9524280000994,true,SUMO_NET_XML_UTM_WGS84_WITH_NET_OFFSET,C:\Users\raffa\IdeaProjects\maga-core\data\mosaic-scenarios\MaGaIntegratedStudy\sumo\Barnim.net.xml
180000000000,180,veh_10,52.615501190709494,13.559850613743102,6861.972796,4017.110712,33.28971803856082,196.84077323542857,true,SUMO_NET_XML_UTM_WGS84_WITH_NET_OFFSET,C:\Users\raffa\IdeaProjects\maga-core\data\mosaic-scenarios\MaGaIntegratedStudy\sumo\Barnim.net.xml
180000000000,180,veh_11,52.616663929646556,13.560273509585206,6893.185314,4145.864886,32.39747031426057,189.39699877096066,true,SUMO_NET_XML_UTM_WGS84_WITH_NET_OFFSET,C:\Users\raffa\IdeaProjects\maga-core\data\mosaic-scenarios\MaGaIntegratedStudy\sumo\Barnim.net.xml
