sourceFile,direction,timeRaw,regionId,trafficObservedRaw,unitStatus
tmp\mosaic-25.2\logs\log-20260602-172233-MaGaCellStudy\bandwidthMeasurements\ALL#ALL#ALL#Dn.csv,DOWNLINK,0,globalNetwork,0,UNRESOLVED
tmp\mosaic-25.2\logs\log-20260602-172233-MaGaCellStudy\bandwidthMeasurements\ALL#ALL#ALL#Dn.csv,DOWNLINK,0,region_central_degraded,0,UNRESOLVED
tmp\mosaic-25.2\logs\log-20260602-172233-MaGaCellStudy\bandwidthMeasurements\ALL#ALL#ALL#Dn.csv,DOWNLINK,0,region_north_normal,0,UNRESOLVED
tmp\mosaic-25.2\logs\log-20260602-172233-MaGaCellStudy\bandwidthMeasurements\ALL#ALL#ALL#Dn.csv,DOWNLINK,1,globalNetwork,0,UNRESOLVED
tmp\mosaic-25.2\logs\log-20260602-172233-MaGaCellStudy\bandwidthMeasurements\ALL#ALL#ALL#Dn.csv,DOWNLINK,1,region_central_degraded,0,UNRESOLVED
tmp\mosaic-25.2\logs\log-20260602-172233-MaGaCellStudy\bandwidthMeasurements\ALL#ALL#ALL#Dn.csv,DOWNLINK,1,region_north_normal,0,UNRESOLVED
tmp\mosaic-25.2\logs\log-20260602-172233-MaGaCellStudy\bandwidthMeasurements\ALL#ALL#ALL#Dn.csv,DOWNLINK,2,globalNetwork,0,UNRESOLVED
tmp\mosaic-25.2\logs\log-20260602-172233-MaGaCellStudy\bandwidthMeasurements\ALL#ALL#ALL#Dn.csv,DOWNLINK,2,region_central_degraded,0,UNRESOLVED
tmp\mosaic-25.2\logs\log-20260602-172233-MaGaCellStudy\bandwidthMeasurements\ALL#ALL#ALL#Dn.csv,DOWNLINK,2,region_north_normal,0,UNRESOLVED
tmp\mosaic-25.2\logs\log-20260602-172233-MaGaCellStudy\bandwidthMeasurements\ALL#ALL#ALL#Dn.csv,DOWNLINK,3,globalNetwork,0,UNRESOLVED
tmp\mosaic-25.2\logs\log-20260602-172233-MaGaCellStudy\bandwidthMeasurements\ALL#ALL#ALL#Dn.csv,DOWNLINK,3,region_central_degraded,0,UNRESOLVED
tmp\mosaic-25.2\logs\log-20260602-172233-MaGaCellStudy\bandwidthMeasurements\ALL#ALL#ALL#Dn.csv,DOWNLINK,3,region_north_normal,0,UNRESOLVED
tmp\mosaic-25.2\logs\log-20260602-172233-MaGaCellStudy\bandwidthMeasurements\ALL#ALL#ALL#Dn.csv,DOWNLINK,4,globalNetwork,0,UNRESOLVED
tmp\mosaic-25.2\logs\log-20260602-172233-MaGaCellStudy\bandwidthMeasurements\ALL#ALL#ALL#Dn.csv,DOWNLINK,4,region_central_degraded,0,UNRESOLVED
tmp\mosaic-25.2\logs\log-20260602-172233-MaGaCellStudy\bandwidthMeasurements\ALL#ALL#ALL#Dn.csv,DOWNLINK,4,region_north_normal,0,UNRESOLVED
tmp\mosaic-25.2\logs\log-20260602-172233-MaGaCellStudy\bandwidthMeasurements\ALL#ALL#ALL#Dn.csv,DOWNLINK,5,globalNetwork,0,UNRESOLVED
tmp\mosaic-25.2\logs\log-20260602-172233-MaGaCellStudy\bandwidthMeasurements\ALL#ALL#ALL#Dn.csv,DOWNLINK,5,region_central_degraded,0,UNRESOLVED
tmp\mosaic-25.2\logs\log-20260602-172233-MaGaCellStudy\bandwidthMeasurements\ALL#ALL#ALL#Dn.csv,DOWNLINK,5,region_north_normal,0,UNRESOLVED
tmp\mosaic-25.2\logs\log-20260602-172233-MaGaCellStudy\bandwidthMeasurements\ALL#ALL#ALL#Dn.csv,DOWNLINK,6,globalNetwork,0,UNRESOLVED
tmp\mosaic-25.2\logs\log-20260602-172233-MaGaCellStudy\bandwidthMeasurements\ALL#ALL#ALL#Dn.csv,DOWNLINK,6,region_central_degraded,0,UNRESOLVED
tmp\mosaic-25.2\logs\log-20260602-172233-MaGaCellStudy\bandwidthMeasurements\ALL#ALL#ALL#Dn.csv,DOWNLINK,6,region_north_normal,0,UNRESOLVED
tmp\mosaic-25.2\logs\log-20260602-172233-MaGaCellStudy\bandwidthMeasurements\ALL#ALL#ALL#Dn.csv,DOWNLINK,7,globalNetwork,0,UNRESOLVED
tmp\mosaic-25.2\logs\log-20260602-172233-MaGaCellStudy\bandwidthMeasurements\ALL#ALL#ALL#Dn.csv,DOWNLINK,7,region_central_degraded,0,UNRESOLVED
tmp\mosaic-25.2\logs\log-20260602-172233-MaGaCellStudy\bandwidthMeasurements\ALL#ALL#ALL#Dn.csv,DOWNLINK,7,region_north_normal,0,UNRESOLVED
tmp\mosaic-25.2\logs\log-20260602-172233-MaGaCellStudy\bandwidthMeasurements\ALL#ALL#ALL#Dn.csv,DOWNLINK,8,globalNetwork,0,UNRESOLVED
tmp\mosaic-25.2\logs\log-20260602-172233-MaGaCellStudy\bandwidthMeasurements\ALL#ALL#ALL#Dn.csv,DOWNLINK,8,region_central_degraded,0,UNRESOLVED
tmp\mosaic-25.2\logs\log-20260602-172233-MaGaCellStudy\bandwidthMeasurements\ALL#ALL#ALL#Dn.csv,DOWNLINK,8,region_north_normal,0,UNRESOLVED
tmp\mosaic-25.2\logs\log-20260602-172233-MaGaCellStudy\bandwidthMeasurements\ALL#ALL#ALL#Dn.csv,DOWNLINK,9,globalNetwork,0,UNRESOLVED
tmp\mosaic-25.2\logs\log-20260602-172233-MaGaCellStudy\bandwidthMeasurements\ALL#ALL#ALL#Dn.csv,DOWNLINK,9,region_central_degraded,0,UNRESOLVED
tmp\mosaic-25.2\logs\log-20260602-172233-MaGaCellStudy\bandwidthMeasurements\ALL#ALL#ALL#Dn.csv,DOWNLINK,9,region_north_normal,0,UNRESOLVED
tmp\mosaic-25.2\logs\log-20260602-172233-MaGaCellStudy\bandwidthMeasurements\ALL#ALL#ALL#Dn.csv,DOWNLINK,10,globalNetwork,0,UNRESOLVED
tmp\mosaic-25.2\logs\log-20260602-172233-MaGaCellStudy\bandwidthMeasurements\ALL#ALL#ALL#Dn.csv,DOWNLINK,10,region_central_degraded,0,UNRESOLVED
tmp\mosaic-25.2\logs\log-20260602-172233-MaGaCellStudy\bandwidthMeasurements\ALL#ALL#ALL#Dn.csv,DOWNLINK,10,region_north_normal,0,UNRESOLVED
tmp\mosaic-25.2\logs\log-20260602-172233-MaGaCellStudy\bandwidthMeasurements\ALL#ALL#ALL#Dn.csv,DOWNLINK,11,globalNetwork,0,UNRESOLVED
tmp\mosaic-25.2\logs\log-20260602-172233-MaGaCellStudy\bandwidthMeasurements\ALL#ALL#ALL#Dn.csv,DOWNLINK,11,region_central_degraded,0,UNRESOLVED
tmp\mosaic-25.2\logs\log-20260602-172233-MaGaCellStudy\bandwidthMeasurements\ALL#ALL#ALL#Dn.csv,DOWNLINK,11,region_north_normal,0,UNRESOLVED
tmp\mosaic-25.2\logs\log-20260602-172233-MaGaCellStudy\bandwidthMeasurements\ALL#ALL#ALL#Dn.csv,DOWNLINK,12,globalNetwork,0,UNRESOLVED
tmp\mosaic-25.2\logs\log-20260602-172233-MaGaCellStudy\bandwidthMeasurements\ALL#ALL#ALL#Dn.csv,DOWNLINK,12,region_central_degraded,0,UNRESOLVED
tmp\mosaic-25.2\logs\log-20260602-172233-MaGaCellStudy\bandwidthMeasurements\ALL#ALL#ALL#Dn.csv,DOWNLINK,12,region_north_normal,0,UNRESOLVED
tmp\mosaic-25.2\logs\log-20260602-172233-MaGaCellStudy\bandwidthMeasurements\ALL#ALL#ALL#Dn.csv,DOWNLINK,13,globalNetwork,0,UNRESOLVED
tmp\mosaic-25.2\logs\log-20260602-172233-MaGaCellStudy\bandwidthMeasurements\ALL#ALL#ALL#Dn.csv,DOWNLINK,13,region_central_degraded,0,UNRESOLVED
tmp\mosaic-25.2\logs\log-20260602-172233-MaGaCellStudy\bandwidthMeasurements\ALL#ALL#ALL#Dn.csv,DOWNLINK,13,region_north_normal,0,UNRESOLVED
tmp\mosaic-25.2\logs\log-20260602-172233-MaGaCellStudy\bandwidthMeasurements\ALL#ALL#ALL#Dn.csv,DOWNLINK,14,globalNetwork,0,UNRESOLVED
tmp\mosaic-25.2\logs\log-20260602-172233-MaGaCellStudy\bandwidthMeasurements\ALL#ALL#ALL#Dn.csv,DOWNLINK,14,region_central_degraded,0,UNRESOLVED
tmp\mosaic-25.2\logs\log-20260602-172233-MaGaCellStudy\bandwidthMeasurements\ALL#ALL#ALL#Dn.csv,DOWNLINK,14,region_north_normal,0,UNRESOLVED
tmp\mosaic-25.2\logs\log-20260602-172233-MaGaCellStudy\bandwidthMeasurements\ALL#ALL#ALL#Dn.csv,DOWNLINK,15,globalNetwork,0,UNRESOLVED
tmp\mosaic-25.2\logs\log-20260602-172233-MaGaCellStudy\bandwidthMeasurements\ALL#ALL#ALL#Dn.csv,DOWNLINK,15,region_central_degraded,0,UNRESOLVED
tmp\mosaic-25.2\logs\log-20260602-172233-MaGaCellStudy\bandwidthMeasurements\ALL#ALL#ALL#Dn.csv,DOWNLINK,15,region_north_normal,0,UNRESOLVED
tmp\mosaic-25.2\logs\log-20260602-172233-MaGaCellStudy\bandwidthMeasurements\ALL#ALL#ALL#Dn.csv,DOWNLINK,16,globalNetwork,0,UNRESOLVED
tmp\mosaic-25.2\logs\log-20260602-172233-MaGaCellStudy\bandwidthMeasurements\ALL#ALL#ALL#Dn.csv,DOWNLINK,16,region_central_degraded,0,UNRESOLVED
tmp\mosaic-25.2\logs\log-20260602-172233-MaGaCellStudy\bandwidthMeasurements\ALL#ALL#ALL#Dn.csv,DOWNLINK,16,region_north_normal,0,UNRESOLVED
tmp\mosaic-25.2\logs\log-20260602-172233-MaGaCellStudy\bandwidthMeasurements\ALL#ALL#ALL#Dn.csv,DOWNLINK,17,globalNetwork,0,UNRESOLVED
tmp\mosaic-25.2\logs\log-20260602-172233-MaGaCellStudy\bandwidthMeasurements\ALL#ALL#ALL#Dn.csv,DOWNLINK,17,region_central_degraded,0,UNRESOLVED
tmp\mosaic-25.2\logs\log-20260602-172233-MaGaCellStudy\bandwidthMeasurements\ALL#ALL#ALL#Dn.csv,DOWNLINK,17,region_north_normal,0,UNRESOLVED
tmp\mosaic-25.2\logs\log-20260602-172233-MaGaCellStudy\bandwidthMeasurements\ALL#ALL#ALL#Dn.csv,DOWNLINK,18,globalNetwork,0,UNRESOLVED
tmp\mosaic-25.2\logs\log-20260602-172233-MaGaCellStudy\bandwidthMeasurements\ALL#ALL#ALL#Dn.csv,DOWNLINK,18,region_central_degraded,0,UNRESOLVED
tmp\mosaic-25.2\logs\log-20260602-172233-MaGaCellStudy\bandwidthMeasurements\ALL#ALL#ALL#Dn.csv,DOWNLINK,18,region_north_normal,0,UNRESOLVED
tmp\mosaic-25.2\logs\log-20260602-172233-MaGaCellStudy\bandwidthMeasurements\ALL#ALL#ALL#Dn.csv,DOWNLINK,19,globalNetwork,0,UNRESOLVED
tmp\mosaic-25.2\logs\log-20260602-172233-MaGaCellStudy\bandwidthMeasurements\ALL#ALL#ALL#Dn.csv,DOWNLINK,19,region_central_degraded,0,UNRESOLVED
tmp\mosaic-25.2\logs\log-20260602-172233-MaGaCellStudy\bandwidthMeasurements\ALL#ALL#ALL#Dn.csv,DOWNLINK,19,region_north_normal,0,UNRESOLVED
tmp\mosaic-25.2\logs\log-20260602-172233-MaGaCellStudy\bandwidthMeasurements\ALL#ALL#ALL#Dn.csv,DOWNLINK,20,globalNetwork,0,UNRESOLVED
tmp\mosaic-25.2\logs\log-20260602-172233-MaGaCellStudy\bandwidthMeasurements\ALL#ALL#ALL#Dn.csv,DOWNLINK,20,region_central_degraded,0,UNRESOLVED
tmp\mosaic-25.2\logs\log-20260602-172233-MaGaCellStudy\bandwidthMeasurements\ALL#ALL#ALL#Dn.csv,DOWNLINK,20,region_north_normal,0,UNRESOLVED
tmp\mosaic-25.2\logs\log-20260602-172233-MaGaCellStudy\bandwidthMeasurements\ALL#ALL#ALL#Dn.csv,DOWNLINK,21,globalNetwork,0,UNRESOLVED
tmp\mosaic-25.2\logs\log-20260602-172233-MaGaCellStudy\bandwidthMeasurements\ALL#ALL#ALL#Dn.csv,DOWNLINK,21,region_central_degraded,0,UNRESOLVED
tmp\mosaic-25.2\logs\log-20260602-172233-MaGaCellStudy\bandwidthMeasurements\ALL#ALL#ALL#Dn.csv,DOWNLINK,21,region_north_normal,0,UNRESOLVED
tmp\mosaic-25.2\logs\log-20260602-172233-MaGaCellStudy\bandwidthMeasurements\ALL#ALL#ALL#Dn.csv,DOWNLINK,22,globalNetwork,0,UNRESOLVED
tmp\mosaic-25.2\logs\log-20260602-172233-MaGaCellStudy\bandwidthMeasurements\ALL#ALL#ALL#Dn.csv,DOWNLINK,22,region_central_degraded,0,UNRESOLVED
tmp\mosaic-25.2\logs\log-20260602-172233-MaGaCellStudy\bandwidthMeasurements\ALL#ALL#ALL#Dn.csv,DOWNLINK,22,region_north_normal,0,UNRESOLVED
tmp\mosaic-25.2\logs\log-20260602-172233-MaGaCellStudy\bandwidthMeasurements\ALL#ALL#ALL#Dn.csv,DOWNLINK,23,globalNetwork,0,UNRESOLVED
tmp\mosaic-25.2\logs\log-20260602-172233-MaGaCellStudy\bandwidthMeasurements\ALL#ALL#ALL#Dn.csv,DOWNLINK,23,region_central_degraded,0,UNRESOLVED
tmp\mosaic-25.2\logs\log-20260602-172233-MaGaCellStudy\bandwidthMeasurements\ALL#ALL#ALL#Dn.csv,DOWNLINK,23,region_north_normal,0,UNRESOLVED
tmp\mosaic-25.2\logs\log-20260602-172233-MaGaCellStudy\bandwidthMeasurements\ALL#ALL#ALL#Dn.csv,DOWNLINK,24,globalNetwork,0,UNRESOLVED
tmp\mosaic-25.2\logs\log-20260602-172233-MaGaCellStudy\bandwidthMeasurements\ALL#ALL#ALL#Dn.csv,DOWNLINK,24,region_central_degraded,0,UNRESOLVED
tmp\mosaic-25.2\logs\log-20260602-172233-MaGaCellStudy\bandwidthMeasurements\ALL#ALL#ALL#Dn.csv,DOWNLINK,24,region_north_normal,0,UNRESOLVED
tmp\mosaic-25.2\logs\log-20260602-172233-MaGaCellStudy\bandwidthMeasurements\ALL#ALL#ALL#Dn.csv,DOWNLINK,25,globalNetwork,0,UNRESOLVED
tmp\mosaic-25.2\logs\log-20260602-172233-MaGaCellStudy\bandwidthMeasurements\ALL#ALL#ALL#Dn.csv,DOWNLINK,25,region_central_degraded,0,UNRESOLVED
tmp\mosaic-25.2\logs\log-20260602-172233-MaGaCellStudy\bandwidthMeasurements\ALL#ALL#ALL#Dn.csv,DOWNLINK,25,region_north_normal,0,UNRESOLVED
tmp\mosaic-25.2\logs\log-20260602-172233-MaGaCellStudy\bandwidthMeasurements\ALL#ALL#ALL#Dn.csv,DOWNLINK,26,globalNetwork,0,UNRESOLVED
tmp\mosaic-25.2\logs\log-20260602-172233-MaGaCellStudy\bandwidthMeasurements\ALL#ALL#ALL#Dn.csv,DOWNLINK,26,region_central_degraded,0,UNRESOLVED
tmp\mosaic-25.2\logs\log-20260602-172233-MaGaCellStudy\bandwidthMeasurements\ALL#ALL#ALL#Dn.csv,DOWNLINK,26,region_north_normal,0,UNRESOLVED
tmp\mosaic-25.2\logs\log-20260602-172233-MaGaCellStudy\bandwidthMeasurements\ALL#ALL#ALL#Dn.csv,DOWNLINK,27,globalNetwork,0,UNRESOLVED
tmp\mosaic-25.2\logs\log-20260602-172233-MaGaCellStudy\bandwidthMeasurements\ALL#ALL#ALL#Dn.csv,DOWNLINK,27,region_central_degraded,0,UNRESOLVED
tmp\mosaic-25.2\logs\log-20260602-172233-MaGaCellStudy\bandwidthMeasurements\ALL#ALL#ALL#Dn.csv,DOWNLINK,27,region_north_normal,0,UNRESOLVED
tmp\mosaic-25.2\logs\log-20260602-172233-MaGaCellStudy\bandwidthMeasurements\ALL#ALL#ALL#Dn.csv,DOWNLINK,28,globalNetwork,0,UNRESOLVED
tmp\mosaic-25.2\logs\log-20260602-172233-MaGaCellStudy\bandwidthMeasurements\ALL#ALL#ALL#Dn.csv,DOWNLINK,28,region_central_degraded,0,UNRESOLVED
tmp\mosaic-25.2\logs\log-20260602-172233-MaGaCellStudy\bandwidthMeasurements\ALL#ALL#ALL#Dn.csv,DOWNLINK,28,region_north_normal,0,UNRESOLVED
tmp\mosaic-25.2\logs\log-20260602-172233-MaGaCellStudy\bandwidthMeasurements\ALL#ALL#ALL#Dn.csv,DOWNLINK,29,globalNetwork,0,UNRESOLVED
tmp\mosaic-25.2\logs\log-20260602-172233-MaGaCellStudy\bandwidthMeasurements\ALL#ALL#ALL#Dn.csv,DOWNLINK,29,region_central_degraded,0,UNRESOLVED
tmp\mosaic-25.2\logs\log-20260602-172233-MaGaCellStudy\bandwidthMeasurements\ALL#ALL#ALL#Dn.csv,DOWNLINK,29,region_north_normal,0,UNRESOLVED
tmp\mosaic-25.2\logs\log-20260602-172233-MaGaCellStudy\bandwidthMeasurements\ALL#ALL#ALL#Dn.csv,DOWNLINK,30,globalNetwork,0,UNRESOLVED
tmp\mosaic-25.2\logs\log-20260602-172233-MaGaCellStudy\bandwidthMeasurements\ALL#ALL#ALL#Dn.csv,DOWNLINK,30,region_central_degraded,0,UNRESOLVED
tmp\mosaic-25.2\logs\log-20260602-172233-MaGaCellStudy\bandwidthMeasurements\ALL#ALL#ALL#Dn.csv,DOWNLINK,30,region_north_normal,0,UNRESOLVED
tmp\mosaic-25.2\logs\log-20260602-172233-MaGaCellStudy\bandwidthMeasurements\ALL#ALL#ALL#Dn.csv,DOWNLINK,31,globalNetwork,0,UNRESOLVED
tmp\mosaic-25.2\logs\log-20260602-172233-MaGaCellStudy\bandwidthMeasurements\ALL#ALL#ALL#Dn.csv,DOWNLINK,31,region_central_degraded,0,UNRESOLVED
tmp\mosaic-25.2\logs\log-20260602-172233-MaGaCellStudy\bandwidthMeasurements\ALL#ALL#ALL#Dn.csv,DOWNLINK,31,region_north_normal,0,UNRESOLVED
tmp\mosaic-25.2\logs\log-20260602-172233-MaGaCellStudy\bandwidthMeasurements\ALL#ALL#ALL#Dn.csv,DOWNLINK,32,globalNetwork,0,UNRESOLVED
tmp\mosaic-25.2\logs\log-20260602-172233-MaGaCellStudy\bandwidthMeasurements\ALL#ALL#ALL#Dn.csv,DOWNLINK,32,region_central_degraded,0,UNRESOLVED
tmp\mosaic-25.2\logs\log-20260602-172233-MaGaCellStudy\bandwidthMeasurements\ALL#ALL#ALL#Dn.csv,DOWNLINK,32,region_north_normal,0,UNRESOLVED
tmp\mosaic-25.2\logs\log-20260602-172233-MaGaCellStudy\bandwidthMeasurements\ALL#ALL#ALL#Dn.csv,DOWNLINK,33,globalNetwork,0,UNRESOLVED
tmp\mosaic-25.2\logs\log-20260602-172233-MaGaCellStudy\bandwidthMeasurements\ALL#ALL#ALL#Dn.csv,DOWNLINK,33,region_central_degraded,0,UNRESOLVED
tmp\mosaic-25.2\logs\log-20260602-172233-MaGaCellStudy\bandwidthMeasurements\ALL#ALL#ALL#Dn.csv,DOWNLINK,33,region_north_normal,0,UNRESOLVED
tmp\mosaic-25.2\logs\log-20260602-172233-MaGaCellStudy\bandwidthMeasurements\ALL#ALL#ALL#Dn.csv,DOWNLINK,34,globalNetwork,0,UNRESOLVED
tmp\mosaic-25.2\logs\log-20260602-172233-MaGaCellStudy\bandwidthMeasurements\ALL#ALL#ALL#Dn.csv,DOWNLINK,34,region_central_degraded,0,UNRESOLVED
tmp\mosaic-25.2\logs\log-20260602-172233-MaGaCellStudy\bandwidthMeasurements\ALL#ALL#ALL#Dn.csv,DOWNLINK,34,region_north_normal,0,UNRESOLVED
tmp\mosaic-25.2\logs\log-20260602-172233-MaGaCellStudy\bandwidthMeasurements\ALL#ALL#ALL#Dn.csv,DOWNLINK,35,globalNetwork,0,UNRESOLVED
tmp\mosaic-25.2\logs\log-20260602-172233-MaGaCellStudy\bandwidthMeasurements\ALL#ALL#ALL#Dn.csv,DOWNLINK,35,region_central_degraded,0,UNRESOLVED
tmp\mosaic-25.2\logs\log-20260602-172233-MaGaCellStudy\bandwidthMeasurements\ALL#ALL#ALL#Dn.csv,DOWNLINK,35,region_north_normal,0,UNRESOLVED
tmp\mosaic-25.2\logs\log-20260602-172233-MaGaCellStudy\bandwidthMeasurements\ALL#ALL#ALL#Dn.csv,DOWNLINK,36,globalNetwork,0,UNRESOLVED
tmp\mosaic-25.2\logs\log-20260602-172233-MaGaCellStudy\bandwidthMeasurements\ALL#ALL#ALL#Dn.csv,DOWNLINK,36,region_central_degraded,0,UNRESOLVED
tmp\mosaic-25.2\logs\log-20260602-172233-MaGaCellStudy\bandwidthMeasurements\ALL#ALL#ALL#Dn.csv,DOWNLINK,36,region_north_normal,0,UNRESOLVED
tmp\mosaic-25.2\logs\log-20260602-172233-MaGaCellStudy\bandwidthMeasurements\ALL#ALL#ALL#Dn.csv,DOWNLINK,37,globalNetwork,0,UNRESOLVED
tmp\mosaic-25.2\logs\log-20260602-172233-MaGaCellStudy\bandwidthMeasurements\ALL#ALL#ALL#Dn.csv,DOWNLINK,37,region_central_degraded,0,UNRESOLVED
tmp\mosaic-25.2\logs\log-20260602-172233-MaGaCellStudy\bandwidthMeasurements\ALL#ALL#ALL#Dn.csv,DOWNLINK,37,region_north_normal,0,UNRESOLVED
tmp\mosaic-25.2\logs\log-20260602-172233-MaGaCellStudy\bandwidthMeasurements\ALL#ALL#ALL#Dn.csv,DOWNLINK,38,globalNetwork,0,UNRESOLVED
tmp\mosaic-25.2\logs\log-20260602-172233-MaGaCellStudy\bandwidthMeasurements\ALL#ALL#ALL#Dn.csv,DOWNLINK,38,region_central_degraded,0,UNRESOLVED
tmp\mosaic-25.2\logs\log-20260602-172233-MaGaCellStudy\bandwidthMeasurements\ALL#ALL#ALL#Dn.csv,DOWNLINK,38,region_north_normal,0,UNRESOLVED
tmp\mosaic-25.2\logs\log-20260602-172233-MaGaCellStudy\bandwidthMeasurements\ALL#ALL#ALL#Dn.csv,DOWNLINK,39,globalNetwork,0,UNRESOLVED
tmp\mosaic-25.2\logs\log-20260602-172233-MaGaCellStudy\bandwidthMeasurements\ALL#ALL#ALL#Dn.csv,DOWNLINK,39,region_central_degraded,0,UNRESOLVED
tmp\mosaic-25.2\logs\log-20260602-172233-MaGaCellStudy\bandwidthMeasurements\ALL#ALL#ALL#Dn.csv,DOWNLINK,39,region_north_normal,0,UNRESOLVED
tmp\mosaic-25.2\logs\log-20260602-172233-MaGaCellStudy\bandwidthMeasurements\ALL#ALL#ALL#Dn.csv,DOWNLINK,40,globalNetwork,0,UNRESOLVED
tmp\mosaic-25.2\logs\log-20260602-172233-MaGaCellStudy\bandwidthMeasurements\ALL#ALL#ALL#Dn.csv,DOWNLINK,40,region_central_degraded,0,UNRESOLVED
tmp\mosaic-25.2\logs\log-20260602-172233-MaGaCellStudy\bandwidthMeasurements\ALL#ALL#ALL#Dn.csv,DOWNLINK,40,region_north_normal,0,UNRESOLVED
tmp\mosaic-25.2\logs\log-20260602-172233-MaGaCellStudy\bandwidthMeasurements\ALL#ALL#ALL#Dn.csv,DOWNLINK,41,globalNetwork,0,UNRESOLVED
tmp\mosaic-25.2\logs\log-20260602-172233-MaGaCellStudy\bandwidthMeasurements\ALL#ALL#ALL#Dn.csv,DOWNLINK,41,region_central_degraded,0,UNRESOLVED
tmp\mosaic-25.2\logs\log-20260602-172233-MaGaCellStudy\bandwidthMeasurements\ALL#ALL#ALL#Dn.csv,DOWNLINK,41,region_north_normal,0,UNRESOLVED
tmp\mosaic-25.2\logs\log-20260602-172233-MaGaCellStudy\bandwidthMeasurements\ALL#ALL#ALL#Dn.csv,DOWNLINK,42,globalNetwork,0,UNRESOLVED
tmp\mosaic-25.2\logs\log-20260602-172233-MaGaCellStudy\bandwidthMeasurements\ALL#ALL#ALL#Dn.csv,DOWNLINK,42,region_central_degraded,0,UNRESOLVED
tmp\mosaic-25.2\logs\log-20260602-172233-MaGaCellStudy\bandwidthMeasurements\ALL#ALL#ALL#Dn.csv,DOWNLINK,42,region_north_normal,0,UNRESOLVED
tmp\mosaic-25.2\logs\log-20260602-172233-MaGaCellStudy\bandwidthMeasurements\ALL#ALL#ALL#Dn.csv,DOWNLINK,43,globalNetwork,0,UNRESOLVED
tmp\mosaic-25.2\logs\log-20260602-172233-MaGaCellStudy\bandwidthMeasurements\ALL#ALL#ALL#Dn.csv,DOWNLINK,43,region_central_degraded,0,UNRESOLVED
tmp\mosaic-25.2\logs\log-20260602-172233-MaGaCellStudy\bandwidthMeasurements\ALL#ALL#ALL#Dn.csv,DOWNLINK,43,region_north_normal,0,UNRESOLVED
tmp\mosaic-25.2\logs\log-20260602-172233-MaGaCellStudy\bandwidthMeasurements\ALL#ALL#ALL#Dn.csv,DOWNLINK,44,globalNetwork,0,UNRESOLVED
tmp\mosaic-25.2\logs\log-20260602-172233-MaGaCellStudy\bandwidthMeasurements\ALL#ALL#ALL#Dn.csv,DOWNLINK,44,region_central_degraded,0,UNRESOLVED
tmp\mosaic-25.2\logs\log-20260602-172233-MaGaCellStudy\bandwidthMeasurements\ALL#ALL#ALL#Dn.csv,DOWNLINK,44,region_north_normal,0,UNRESOLVED
tmp\mosaic-25.2\logs\log-20260602-172233-MaGaCellStudy\bandwidthMeasurements\ALL#ALL#ALL#Dn.csv,DOWNLINK,45,globalNetwork,0,UNRESOLVED
tmp\mosaic-25.2\logs\log-20260602-172233-MaGaCellStudy\bandwidthMeasurements\ALL#ALL#ALL#Dn.csv,DOWNLINK,45,region_central_degraded,0,UNRESOLVED
tmp\mosaic-25.2\logs\log-20260602-172233-MaGaCellStudy\bandwidthMeasurements\ALL#ALL#ALL#Dn.csv,DOWNLINK,45,region_north_normal,0,UNRESOLVED
tmp\mosaic-25.2\logs\log-20260602-172233-MaGaCellStudy\bandwidthMeasurements\ALL#ALL#ALL#Dn.csv,DOWNLINK,46,globalNetwork,0,UNRESOLVED
tmp\mosaic-25.2\logs\log-20260602-172233-MaGaCellStudy\bandwidthMeasurements\ALL#ALL#ALL#Dn.csv,DOWNLINK,46,region_central_degraded,0,UNRESOLVED
tmp\mosaic-25.2\logs\log-20260602-172233-MaGaCellStudy\bandwidthMeasurements\ALL#ALL#ALL#Dn.csv,DOWNLINK,46,region_north_normal,0,UNRESOLVED
tmp\mosaic-25.2\logs\log-20260602-172233-MaGaCellStudy\bandwidthMeasurements\ALL#ALL#ALL#Dn.csv,DOWNLINK,47,globalNetwork,0,UNRESOLVED
tmp\mosaic-25.2\logs\log-20260602-172233-MaGaCellStudy\bandwidthMeasurements\ALL#ALL#ALL#Dn.csv,DOWNLINK,47,region_central_degraded,0,UNRESOLVED
tmp\mosaic-25.2\logs\log-20260602-172233-MaGaCellStudy\bandwidthMeasurements\ALL#ALL#ALL#Dn.csv,DOWNLINK,47,region_north_normal,0,UNRESOLVED
tmp\mosaic-25.2\logs\log-20260602-172233-MaGaCellStudy\bandwidthMeasurements\ALL#ALL#ALL#Dn.csv,DOWNLINK,48,globalNetwork,0,UNRESOLVED
tmp\mosaic-25.2\logs\log-20260602-172233-MaGaCellStudy\bandwidthMeasurements\ALL#ALL#ALL#Dn.csv,DOWNLINK,48,region_central_degraded,0,UNRESOLVED
tmp\mosaic-25.2\logs\log-20260602-172233-MaGaCellStudy\bandwidthMeasurements\ALL#ALL#ALL#Dn.csv,DOWNLINK,48,region_north_normal,0,UNRESOLVED
tmp\mosaic-25.2\logs\log-20260602-172233-MaGaCellStudy\bandwidthMeasurements\ALL#ALL#ALL#Dn.csv,DOWNLINK,49,globalNetwork,0,UNRESOLVED
tmp\mosaic-25.2\logs\log-20260602-172233-MaGaCellStudy\bandwidthMeasurements\ALL#ALL#ALL#Dn.csv,DOWNLINK,49,region_central_degraded,0,UNRESOLVED
tmp\mosaic-25.2\logs\log-20260602-172233-MaGaCellStudy\bandwidthMeasurements\ALL#ALL#ALL#Dn.csv,DOWNLINK,49,region_north_normal,0,UNRESOLVED
tmp\mosaic-25.2\logs\log-20260602-172233-MaGaCellStudy\bandwidthMeasurements\ALL#ALL#ALL#Dn.csv,DOWNLINK,50,globalNetwork,0,UNRESOLVED
tmp\mosaic-25.2\logs\log-20260602-172233-MaGaCellStudy\bandwidthMeasurements\ALL#ALL#ALL#Dn.csv,DOWNLINK,50,region_central_degraded,0,UNRESOLVED
tmp\mosaic-25.2\logs\log-20260602-172233-MaGaCellStudy\bandwidthMeasurements\ALL#ALL#ALL#Dn.csv,DOWNLINK,50,region_north_normal,0,UNRESOLVED
tmp\mosaic-25.2\logs\log-20260602-172233-MaGaCellStudy\bandwidthMeasurements\ALL#ALL#ALL#Dn.csv,DOWNLINK,51,globalNetwork,0,UNRESOLVED
tmp\mosaic-25.2\logs\log-20260602-172233-MaGaCellStudy\bandwidthMeasurements\ALL#ALL#ALL#Dn.csv,DOWNLINK,51,region_central_degraded,0,UNRESOLVED
tmp\mosaic-25.2\logs\log-20260602-172233-MaGaCellStudy\bandwidthMeasurements\ALL#ALL#ALL#Dn.csv,DOWNLINK,51,region_north_normal,0,UNRESOLVED
tmp\mosaic-25.2\logs\log-20260602-172233-MaGaCellStudy\bandwidthMeasurements\ALL#ALL#ALL#Dn.csv,DOWNLINK,52,globalNetwork,0,UNRESOLVED
tmp\mosaic-25.2\logs\log-20260602-172233-MaGaCellStudy\bandwidthMeasurements\ALL#ALL#ALL#Dn.csv,DOWNLINK,52,region_central_degraded,0,UNRESOLVED
tmp\mosaic-25.2\logs\log-20260602-172233-MaGaCellStudy\bandwidthMeasurements\ALL#ALL#ALL#Dn.csv,DOWNLINK,52,region_north_normal,0,UNRESOLVED
tmp\mosaic-25.2\logs\log-20260602-172233-MaGaCellStudy\bandwidthMeasurements\ALL#ALL#ALL#Dn.csv,DOWNLINK,53,globalNetwork,0,UNRESOLVED
tmp\mosaic-25.2\logs\log-20260602-172233-MaGaCellStudy\bandwidthMeasurements\ALL#ALL#ALL#Dn.csv,DOWNLINK,53,region_central_degraded,0,UNRESOLVED
tmp\mosaic-25.2\logs\log-20260602-172233-MaGaCellStudy\bandwidthMeasurements\ALL#ALL#ALL#Dn.csv,DOWNLINK,53,region_north_normal,0,UNRESOLVED
tmp\mosaic-25.2\logs\log-20260602-172233-MaGaCellStudy\bandwidthMeasurements\ALL#ALL#ALL#Dn.csv,DOWNLINK,54,globalNetwork,0,UNRESOLVED
tmp\mosaic-25.2\logs\log-20260602-172233-MaGaCellStudy\bandwidthMeasurements\ALL#ALL#ALL#Dn.csv,DOWNLINK,54,region_central_degraded,0,UNRESOLVED
tmp\mosaic-25.2\logs\log-20260602-172233-MaGaCellStudy\bandwidthMeasurements\ALL#ALL#ALL#Dn.csv,DOWNLINK,54,region_north_normal,0,UNRESOLVED
tmp\mosaic-25.2\logs\log-20260602-172233-MaGaCellStudy\bandwidthMeasurements\ALL#ALL#ALL#Dn.csv,DOWNLINK,55,globalNetwork,0,UNRESOLVED
tmp\mosaic-25.2\logs\log-20260602-172233-MaGaCellStudy\bandwidthMeasurements\ALL#ALL#ALL#Dn.csv,DOWNLINK,55,region_central_degraded,0,UNRESOLVED
tmp\mosaic-25.2\logs\log-20260602-172233-MaGaCellStudy\bandwidthMeasurements\ALL#ALL#ALL#Dn.csv,DOWNLINK,55,region_north_normal,0,UNRESOLVED
tmp\mosaic-25.2\logs\log-20260602-172233-MaGaCellStudy\bandwidthMeasurements\ALL#ALL#ALL#Dn.csv,DOWNLINK,56,globalNetwork,0,UNRESOLVED
tmp\mosaic-25.2\logs\log-20260602-172233-MaGaCellStudy\bandwidthMeasurements\ALL#ALL#ALL#Dn.csv,DOWNLINK,56,region_central_degraded,0,UNRESOLVED
tmp\mosaic-25.2\logs\log-20260602-172233-MaGaCellStudy\bandwidthMeasurements\ALL#ALL#ALL#Dn.csv,DOWNLINK,56,region_north_normal,0,UNRESOLVED
tmp\mosaic-25.2\logs\log-20260602-172233-MaGaCellStudy\bandwidthMeasurements\ALL#ALL#ALL#Dn.csv,DOWNLINK,57,globalNetwork,0,UNRESOLVED
tmp\mosaic-25.2\logs\log-20260602-172233-MaGaCellStudy\bandwidthMeasurements\ALL#ALL#ALL#Dn.csv,DOWNLINK,57,region_central_degraded,0,UNRESOLVED
tmp\mosaic-25.2\logs\log-20260602-172233-MaGaCellStudy\bandwidthMeasurements\ALL#ALL#ALL#Dn.csv,DOWNLINK,57,region_north_normal,0,UNRESOLVED
tmp\mosaic-25.2\logs\log-20260602-172233-MaGaCellStudy\bandwidthMeasurements\ALL#ALL#ALL#Dn.csv,DOWNLINK,58,globalNetwork,0,UNRESOLVED
tmp\mosaic-25.2\logs\log-20260602-172233-MaGaCellStudy\bandwidthMeasurements\ALL#ALL#ALL#Dn.csv,DOWNLINK,58,region_central_degraded,0,UNRESOLVED
tmp\mosaic-25.2\logs\log-20260602-172233-MaGaCellStudy\bandwidthMeasurements\ALL#ALL#ALL#Dn.csv,DOWNLINK,58,region_north_normal,0,UNRESOLVED
tmp\mosaic-25.2\logs\log-20260602-172233-MaGaCellStudy\bandwidthMeasurements\ALL#ALL#ALL#Dn.csv,DOWNLINK,59,globalNetwork,0,UNRESOLVED
tmp\mosaic-25.2\logs\log-20260602-172233-MaGaCellStudy\bandwidthMeasurements\ALL#ALL#ALL#Dn.csv,DOWNLINK,59,region_central_degraded,0,UNRESOLVED
tmp\mosaic-25.2\logs\log-20260602-172233-MaGaCellStudy\bandwidthMeasurements\ALL#ALL#ALL#Dn.csv,DOWNLINK,59,region_north_normal,0,UNRESOLVED
tmp\mosaic-25.2\logs\log-20260602-172233-MaGaCellStudy\bandwidthMeasurements\ALL#ALL#ALL#Dn.csv,DOWNLINK,60,globalNetwork,0,UNRESOLVED
tmp\mosaic-25.2\logs\log-20260602-172233-MaGaCellStudy\bandwidthMeasurements\ALL#ALL#ALL#Dn.csv,DOWNLINK,60,region_central_degraded,0,UNRESOLVED
tmp\mosaic-25.2\logs\log-20260602-172233-MaGaCellStudy\bandwidthMeasurements\ALL#ALL#ALL#Dn.csv,DOWNLINK,60,region_north_normal,0,UNRESOLVED
tmp\mosaic-25.2\logs\log-20260602-172233-MaGaCellStudy\bandwidthMeasurements\ALL#ALL#ALL#Dn.csv,DOWNLINK,61,globalNetwork,0,UNRESOLVED
tmp\mosaic-25.2\logs\log-20260602-172233-MaGaCellStudy\bandwidthMeasurements\ALL#ALL#ALL#Dn.csv,DOWNLINK,61,region_central_degraded,0,UNRESOLVED
tmp\mosaic-25.2\logs\log-20260602-172233-MaGaCellStudy\bandwidthMeasurements\ALL#ALL#ALL#Dn.csv,DOWNLINK,61,region_north_normal,0,UNRESOLVED
tmp\mosaic-25.2\logs\log-20260602-172233-MaGaCellStudy\bandwidthMeasurements\ALL#ALL#ALL#Dn.csv,DOWNLINK,62,globalNetwork,0,UNRESOLVED
tmp\mosaic-25.2\logs\log-20260602-172233-MaGaCellStudy\bandwidthMeasurements\ALL#ALL#ALL#Dn.csv,DOWNLINK,62,region_central_degraded,0,UNRESOLVED
tmp\mosaic-25.2\logs\log-20260602-172233-MaGaCellStudy\bandwidthMeasurements\ALL#ALL#ALL#Dn.csv,DOWNLINK,62,region_north_normal,0,UNRESOLVED
tmp\mosaic-25.2\logs\log-20260602-172233-MaGaCellStudy\bandwidthMeasurements\ALL#ALL#ALL#Dn.csv,DOWNLINK,63,globalNetwork,0,UNRESOLVED
tmp\mosaic-25.2\logs\log-20260602-172233-MaGaCellStudy\bandwidthMeasurements\ALL#ALL#ALL#Dn.csv,DOWNLINK,63,region_central_degraded,0,UNRESOLVED
tmp\mosaic-25.2\logs\log-20260602-172233-MaGaCellStudy\bandwidthMeasurements\ALL#ALL#ALL#Dn.csv,DOWNLINK,63,region_north_normal,0,UNRESOLVED
tmp\mosaic-25.2\logs\log-20260602-172233-MaGaCellStudy\bandwidthMeasurements\ALL#ALL#ALL#Dn.csv,DOWNLINK,64,globalNetwork,0,UNRESOLVED
tmp\mosaic-25.2\logs\log-20260602-172233-MaGaCellStudy\bandwidthMeasurements\ALL#ALL#ALL#Dn.csv,DOWNLINK,64,region_central_degraded,0,UNRESOLVED
tmp\mosaic-25.2\logs\log-20260602-172233-MaGaCellStudy\bandwidthMeasurements\ALL#ALL#ALL#Dn.csv,DOWNLINK,64,region_north_normal,0,UNRESOLVED
tmp\mosaic-25.2\logs\log-20260602-172233-MaGaCellStudy\bandwidthMeasurements\ALL#ALL#ALL#Dn.csv,DOWNLINK,65,globalNetwork,0,UNRESOLVED
tmp\mosaic-25.2\logs\log-20260602-172233-MaGaCellStudy\bandwidthMeasurements\ALL#ALL#ALL#Dn.csv,DOWNLINK,65,region_central_degraded,0,UNRESOLVED
tmp\mosaic-25.2\logs\log-20260602-172233-MaGaCellStudy\bandwidthMeasurements\ALL#ALL#ALL#Dn.csv,DOWNLINK,65,region_north_normal,0,UNRESOLVED
tmp\mosaic-25.2\logs\log-20260602-172233-MaGaCellStudy\bandwidthMeasurements\ALL#ALL#ALL#Dn.csv,DOWNLINK,66,globalNetwork,0,UNRESOLVED
tmp\mosaic-25.2\logs\log-20260602-172233-MaGaCellStudy\bandwidthMeasurements\ALL#ALL#ALL#Dn.csv,DOWNLINK,66,region_central_degraded,0,UNRESOLVED
tmp\mosaic-25.2\logs\log-20260602-172233-MaGaCellStudy\bandwidthMeasurements\ALL#ALL#ALL#Dn.csv,DOWNLINK,66,region_north_normal,0,UNRESOLVED
tmp\mosaic-25.2\logs\log-20260602-172233-MaGaCellStudy\bandwidthMeasurements\ALL#ALL#ALL#Dn.csv,DOWNLINK,67,globalNetwork,0,UNRESOLVED
tmp\mosaic-25.2\logs\log-20260602-172233-MaGaCellStudy\bandwidthMeasurements\ALL#ALL#ALL#Dn.csv,DOWNLINK,67,region_central_degraded,0,UNRESOLVED
tmp\mosaic-25.2\logs\log-20260602-172233-MaGaCellStudy\bandwidthMeasurements\ALL#ALL#ALL#Dn.csv,DOWNLINK,67,region_north_normal,0,UNRESOLVED
tmp\mosaic-25.2\logs\log-20260602-172233-MaGaCellStudy\bandwidthMeasurements\ALL#ALL#ALL#Dn.csv,DOWNLINK,68,globalNetwork,0,UNRESOLVED
tmp\mosaic-25.2\logs\log-20260602-172233-MaGaCellStudy\bandwidthMeasurements\ALL#ALL#ALL#Dn.csv,DOWNLINK,68,region_central_degraded,0,UNRESOLVED
tmp\mosaic-25.2\logs\log-20260602-172233-MaGaCellStudy\bandwidthMeasurements\ALL#ALL#ALL#Dn.csv,DOWNLINK,68,region_north_normal,0,UNRESOLVED
tmp\mosaic-25.2\logs\log-20260602-172233-MaGaCellStudy\bandwidthMeasurements\ALL#ALL#ALL#Dn.csv,DOWNLINK,69,globalNetwork,0,UNRESOLVED
tmp\mosaic-25.2\logs\log-20260602-172233-MaGaCellStudy\bandwidthMeasurements\ALL#ALL#ALL#Dn.csv,DOWNLINK,69,region_central_degraded,0,UNRESOLVED
tmp\mosaic-25.2\logs\log-20260602-172233-MaGaCellStudy\bandwidthMeasurements\ALL#ALL#ALL#Dn.csv,DOWNLINK,69,region_north_normal,0,UNRESOLVED
tmp\mosaic-25.2\logs\log-20260602-172233-MaGaCellStudy\bandwidthMeasurements\ALL#ALL#ALL#Dn.csv,DOWNLINK,70,globalNetwork,0,UNRESOLVED
tmp\mosaic-25.2\logs\log-20260602-172233-MaGaCellStudy\bandwidthMeasurements\ALL#ALL#ALL#Dn.csv,DOWNLINK,70,region_central_degraded,0,UNRESOLVED
tmp\mosaic-25.2\logs\log-20260602-172233-MaGaCellStudy\bandwidthMeasurements\ALL#ALL#ALL#Dn.csv,DOWNLINK,70,region_north_normal,0,UNRESOLVED
tmp\mosaic-25.2\logs\log-20260602-172233-MaGaCellStudy\bandwidthMeasurements\ALL#ALL#ALL#Dn.csv,DOWNLINK,71,globalNetwork,0,UNRESOLVED
tmp\mosaic-25.2\logs\log-20260602-172233-MaGaCellStudy\bandwidthMeasurements\ALL#ALL#ALL#Dn.csv,DOWNLINK,71,region_central_degraded,0,UNRESOLVED
tmp\mosaic-25.2\logs\log-20260602-172233-MaGaCellStudy\bandwidthMeasurements\ALL#ALL#ALL#Dn.csv,DOWNLINK,71,region_north_normal,0,UNRESOLVED
tmp\mosaic-25.2\logs\log-20260602-172233-MaGaCellStudy\bandwidthMeasurements\ALL#ALL#ALL#Dn.csv,DOWNLINK,72,globalNetwork,0,UNRESOLVED
tmp\mosaic-25.2\logs\log-20260602-172233-MaGaCellStudy\bandwidthMeasurements\ALL#ALL#ALL#Dn.csv,DOWNLINK,72,region_central_degraded,0,UNRESOLVED
tmp\mosaic-25.2\logs\log-20260602-172233-MaGaCellStudy\bandwidthMeasurements\ALL#ALL#ALL#Dn.csv,DOWNLINK,72,region_north_normal,0,UNRESOLVED
tmp\mosaic-25.2\logs\log-20260602-172233-MaGaCellStudy\bandwidthMeasurements\ALL#ALL#ALL#Dn.csv,DOWNLINK,73,globalNetwork,0,UNRESOLVED
tmp\mosaic-25.2\logs\log-20260602-172233-MaGaCellStudy\bandwidthMeasurements\ALL#ALL#ALL#Dn.csv,DOWNLINK,73,region_central_degraded,0,UNRESOLVED
tmp\mosaic-25.2\logs\log-20260602-172233-MaGaCellStudy\bandwidthMeasurements\ALL#ALL#ALL#Dn.csv,DOWNLINK,73,region_north_normal,0,UNRESOLVED
tmp\mosaic-25.2\logs\log-20260602-172233-MaGaCellStudy\bandwidthMeasurements\ALL#ALL#ALL#Dn.csv,DOWNLINK,74,globalNetwork,0,UNRESOLVED
tmp\mosaic-25.2\logs\log-20260602-172233-MaGaCellStudy\bandwidthMeasurements\ALL#ALL#ALL#Dn.csv,DOWNLINK,74,region_central_degraded,0,UNRESOLVED
tmp\mosaic-25.2\logs\log-20260602-172233-MaGaCellStudy\bandwidthMeasurements\ALL#ALL#ALL#Dn.csv,DOWNLINK,74,region_north_normal,0,UNRESOLVED
tmp\mosaic-25.2\logs\log-20260602-172233-MaGaCellStudy\bandwidthMeasurements\ALL#ALL#ALL#Dn.csv,DOWNLINK,75,globalNetwork,0,UNRESOLVED
tmp\mosaic-25.2\logs\log-20260602-172233-MaGaCellStudy\bandwidthMeasurements\ALL#ALL#ALL#Dn.csv,DOWNLINK,75,region_central_degraded,0,UNRESOLVED
tmp\mosaic-25.2\logs\log-20260602-172233-MaGaCellStudy\bandwidthMeasurements\ALL#ALL#ALL#Dn.csv,DOWNLINK,75,region_north_normal,0,UNRESOLVED
tmp\mosaic-25.2\logs\log-20260602-172233-MaGaCellStudy\bandwidthMeasurements\ALL#ALL#ALL#Dn.csv,DOWNLINK,76,globalNetwork,0,UNRESOLVED
tmp\mosaic-25.2\logs\log-20260602-172233-MaGaCellStudy\bandwidthMeasurements\ALL#ALL#ALL#Dn.csv,DOWNLINK,76,region_central_degraded,0,UNRESOLVED
tmp\mosaic-25.2\logs\log-20260602-172233-MaGaCellStudy\bandwidthMeasurements\ALL#ALL#ALL#Dn.csv,DOWNLINK,76,region_north_normal,0,UNRESOLVED
tmp\mosaic-25.2\logs\log-20260602-172233-MaGaCellStudy\bandwidthMeasurements\ALL#ALL#ALL#Dn.csv,DOWNLINK,77,globalNetwork,0,UNRESOLVED
tmp\mosaic-25.2\logs\log-20260602-172233-MaGaCellStudy\bandwidthMeasurements\ALL#ALL#ALL#Dn.csv,DOWNLINK,77,region_central_degraded,0,UNRESOLVED
tmp\mosaic-25.2\logs\log-20260602-172233-MaGaCellStudy\bandwidthMeasurements\ALL#ALL#ALL#Dn.csv,DOWNLINK,77,region_north_normal,0,UNRESOLVED
tmp\mosaic-25.2\logs\log-20260602-172233-MaGaCellStudy\bandwidthMeasurements\ALL#ALL#ALL#Dn.csv,DOWNLINK,78,globalNetwork,0,UNRESOLVED
tmp\mosaic-25.2\logs\log-20260602-172233-MaGaCellStudy\bandwidthMeasurements\ALL#ALL#ALL#Dn.csv,DOWNLINK,78,region_central_degraded,0,UNRESOLVED
tmp\mosaic-25.2\logs\log-20260602-172233-MaGaCellStudy\bandwidthMeasurements\ALL#ALL#ALL#Dn.csv,DOWNLINK,78,region_north_normal,0,UNRESOLVED
tmp\mosaic-25.2\logs\log-20260602-172233-MaGaCellStudy\bandwidthMeasurements\ALL#ALL#ALL#Dn.csv,DOWNLINK,79,globalNetwork,0,UNRESOLVED
tmp\mosaic-25.2\logs\log-20260602-172233-MaGaCellStudy\bandwidthMeasurements\ALL#ALL#ALL#Dn.csv,DOWNLINK,79,region_central_degraded,0,UNRESOLVED
tmp\mosaic-25.2\logs\log-20260602-172233-MaGaCellStudy\bandwidthMeasurements\ALL#ALL#ALL#Dn.csv,DOWNLINK,79,region_north_normal,0,UNRESOLVED
tmp\mosaic-25.2\logs\log-20260602-172233-MaGaCellStudy\bandwidthMeasurements\ALL#ALL#ALL#Dn.csv,DOWNLINK,80,globalNetwork,0,UNRESOLVED
tmp\mosaic-25.2\logs\log-20260602-172233-MaGaCellStudy\bandwidthMeasurements\ALL#ALL#ALL#Dn.csv,DOWNLINK,80,region_central_degraded,0,UNRESOLVED
tmp\mosaic-25.2\logs\log-20260602-172233-MaGaCellStudy\bandwidthMeasurements\ALL#ALL#ALL#Dn.csv,DOWNLINK,80,region_north_normal,0,UNRESOLVED
tmp\mosaic-25.2\logs\log-20260602-172233-MaGaCellStudy\bandwidthMeasurements\ALL#ALL#ALL#Dn.csv,DOWNLINK,81,globalNetwork,0,UNRESOLVED
tmp\mosaic-25.2\logs\log-20260602-172233-MaGaCellStudy\bandwidthMeasurements\ALL#ALL#ALL#Dn.csv,DOWNLINK,81,region_central_degraded,0,UNRESOLVED
tmp\mosaic-25.2\logs\log-20260602-172233-MaGaCellStudy\bandwidthMeasurements\ALL#ALL#ALL#Dn.csv,DOWNLINK,81,region_north_normal,0,UNRESOLVED
tmp\mosaic-25.2\logs\log-20260602-172233-MaGaCellStudy\bandwidthMeasurements\ALL#ALL#ALL#Dn.csv,DOWNLINK,82,globalNetwork,0,UNRESOLVED
tmp\mosaic-25.2\logs\log-20260602-172233-MaGaCellStudy\bandwidthMeasurements\ALL#ALL#ALL#Dn.csv,DOWNLINK,82,region_central_degraded,0,UNRESOLVED
tmp\mosaic-25.2\logs\log-20260602-172233-MaGaCellStudy\bandwidthMeasurements\ALL#ALL#ALL#Dn.csv,DOWNLINK,82,region_north_normal,0,UNRESOLVED
tmp\mosaic-25.2\logs\log-20260602-172233-MaGaCellStudy\bandwidthMeasurements\ALL#ALL#ALL#Dn.csv,DOWNLINK,83,globalNetwork,0,UNRESOLVED
tmp\mosaic-25.2\logs\log-20260602-172233-MaGaCellStudy\bandwidthMeasurements\ALL#ALL#ALL#Dn.csv,DOWNLINK,83,region_central_degraded,0,UNRESOLVED
tmp\mosaic-25.2\logs\log-20260602-172233-MaGaCellStudy\bandwidthMeasurements\ALL#ALL#ALL#Dn.csv,DOWNLINK,83,region_north_normal,0,UNRESOLVED
tmp\mosaic-25.2\logs\log-20260602-172233-MaGaCellStudy\bandwidthMeasurements\ALL#ALL#ALL#Dn.csv,DOWNLINK,84,globalNetwork,0,UNRESOLVED
tmp\mosaic-25.2\logs\log-20260602-172233-MaGaCellStudy\bandwidthMeasurements\ALL#ALL#ALL#Dn.csv,DOWNLINK,84,region_central_degraded,0,UNRESOLVED
tmp\mosaic-25.2\logs\log-20260602-172233-MaGaCellStudy\bandwidthMeasurements\ALL#ALL#ALL#Dn.csv,DOWNLINK,84,region_north_normal,0,UNRESOLVED
tmp\mosaic-25.2\logs\log-20260602-172233-MaGaCellStudy\bandwidthMeasurements\ALL#ALL#ALL#Dn.csv,DOWNLINK,85,globalNetwork,0,UNRESOLVED
tmp\mosaic-25.2\logs\log-20260602-172233-MaGaCellStudy\bandwidthMeasurements\ALL#ALL#ALL#Dn.csv,DOWNLINK,85,region_central_degraded,0,UNRESOLVED
tmp\mosaic-25.2\logs\log-20260602-172233-MaGaCellStudy\bandwidthMeasurements\ALL#ALL#ALL#Dn.csv,DOWNLINK,85,region_north_normal,0,UNRESOLVED
tmp\mosaic-25.2\logs\log-20260602-172233-MaGaCellStudy\bandwidthMeasurements\ALL#ALL#ALL#Dn.csv,DOWNLINK,86,globalNetwork,0,UNRESOLVED
tmp\mosaic-25.2\logs\log-20260602-172233-MaGaCellStudy\bandwidthMeasurements\ALL#ALL#ALL#Dn.csv,DOWNLINK,86,region_central_degraded,0,UNRESOLVED
tmp\mosaic-25.2\logs\log-20260602-172233-MaGaCellStudy\bandwidthMeasurements\ALL#ALL#ALL#Dn.csv,DOWNLINK,86,region_north_normal,0,UNRESOLVED
tmp\mosaic-25.2\logs\log-20260602-172233-MaGaCellStudy\bandwidthMeasurements\ALL#ALL#ALL#Dn.csv,DOWNLINK,87,globalNetwork,0,UNRESOLVED
tmp\mosaic-25.2\logs\log-20260602-172233-MaGaCellStudy\bandwidthMeasurements\ALL#ALL#ALL#Dn.csv,DOWNLINK,87,region_central_degraded,0,UNRESOLVED
tmp\mosaic-25.2\logs\log-20260602-172233-MaGaCellStudy\bandwidthMeasurements\ALL#ALL#ALL#Dn.csv,DOWNLINK,87,region_north_normal,0,UNRESOLVED
tmp\mosaic-25.2\logs\log-20260602-172233-MaGaCellStudy\bandwidthMeasurements\ALL#ALL#ALL#Dn.csv,DOWNLINK,88,globalNetwork,0,UNRESOLVED
tmp\mosaic-25.2\logs\log-20260602-172233-MaGaCellStudy\bandwidthMeasurements\ALL#ALL#ALL#Dn.csv,DOWNLINK,88,region_central_degraded,0,UNRESOLVED
tmp\mosaic-25.2\logs\log-20260602-172233-MaGaCellStudy\bandwidthMeasurements\ALL#ALL#ALL#Dn.csv,DOWNLINK,88,region_north_normal,98400,UNRESOLVED
tmp\mosaic-25.2\logs\log-20260602-172233-MaGaCellStudy\bandwidthMeasurements\ALL#ALL#ALL#Dn.csv,DOWNLINK,89,globalNetwork,0,UNRESOLVED
tmp\mosaic-25.2\logs\log-20260602-172233-MaGaCellStudy\bandwidthMeasurements\ALL#ALL#ALL#Dn.csv,DOWNLINK,89,region_central_degraded,0,UNRESOLVED
tmp\mosaic-25.2\logs\log-20260602-172233-MaGaCellStudy\bandwidthMeasurements\ALL#ALL#ALL#Dn.csv,DOWNLINK,89,region_north_normal,0,UNRESOLVED
tmp\mosaic-25.2\logs\log-20260602-172233-MaGaCellStudy\bandwidthMeasurements\ALL#ALL#ALL#Dn.csv,DOWNLINK,90,globalNetwork,0,UNRESOLVED
tmp\mosaic-25.2\logs\log-20260602-172233-MaGaCellStudy\bandwidthMeasurements\ALL#ALL#ALL#Dn.csv,DOWNLINK,90,region_central_degraded,7872,UNRESOLVED
tmp\mosaic-25.2\logs\log-20260602-172233-MaGaCellStudy\bandwidthMeasurements\ALL#ALL#ALL#Dn.csv,DOWNLINK,90,region_north_normal,73800,UNRESOLVED
tmp\mosaic-25.2\logs\log-20260602-172233-MaGaCellStudy\bandwidthMeasurements\ALL#ALL#ALL#Dn.csv,DOWNLINK,91,globalNetwork,0,UNRESOLVED
tmp\mosaic-25.2\logs\log-20260602-172233-MaGaCellStudy\bandwidthMeasurements\ALL#ALL#ALL#Dn.csv,DOWNLINK,91,region_central_degraded,0,UNRESOLVED
tmp\mosaic-25.2\logs\log-20260602-172233-MaGaCellStudy\bandwidthMeasurements\ALL#ALL#ALL#Dn.csv,DOWNLINK,91,region_north_normal,0,UNRESOLVED
tmp\mosaic-25.2\logs\log-20260602-172233-MaGaCellStudy\bandwidthMeasurements\ALL#ALL#ALL#Dn.csv,DOWNLINK,92,globalNetwork,0,UNRESOLVED
tmp\mosaic-25.2\logs\log-20260602-172233-MaGaCellStudy\bandwidthMeasurements\ALL#ALL#ALL#Dn.csv,DOWNLINK,92,region_central_degraded,7872,UNRESOLVED
tmp\mosaic-25.2\logs\log-20260602-172233-MaGaCellStudy\bandwidthMeasurements\ALL#ALL#ALL#Dn.csv,DOWNLINK,92,region_north_normal,98400,UNRESOLVED
tmp\mosaic-25.2\logs\log-20260602-172233-MaGaCellStudy\bandwidthMeasurements\ALL#ALL#ALL#Dn.csv,DOWNLINK,93,globalNetwork,0,UNRESOLVED
tmp\mosaic-25.2\logs\log-20260602-172233-MaGaCellStudy\bandwidthMeasurements\ALL#ALL#ALL#Dn.csv,DOWNLINK,93,region_central_degraded,0,UNRESOLVED
tmp\mosaic-25.2\logs\log-20260602-172233-MaGaCellStudy\bandwidthMeasurements\ALL#ALL#ALL#Dn.csv,DOWNLINK,93,region_north_normal,0,UNRESOLVED
tmp\mosaic-25.2\logs\log-20260602-172233-MaGaCellStudy\bandwidthMeasurements\ALL#ALL#ALL#Dn.csv,DOWNLINK,94,globalNetwork,0,UNRESOLVED
tmp\mosaic-25.2\logs\log-20260602-172233-MaGaCellStudy\bandwidthMeasurements\ALL#ALL#ALL#Dn.csv,DOWNLINK,94,region_central_degraded,7872,UNRESOLVED
tmp\mosaic-25.2\logs\log-20260602-172233-MaGaCellStudy\bandwidthMeasurements\ALL#ALL#ALL#Dn.csv,DOWNLINK,94,region_north_normal,98400,UNRESOLVED
tmp\mosaic-25.2\logs\log-20260602-172233-MaGaCellStudy\bandwidthMeasurements\ALL#ALL#ALL#Dn.csv,DOWNLINK,95,globalNetwork,0,UNRESOLVED
tmp\mosaic-25.2\logs\log-20260602-172233-MaGaCellStudy\bandwidthMeasurements\ALL#ALL#ALL#Dn.csv,DOWNLINK,95,region_central_degraded,0,UNRESOLVED
tmp\mosaic-25.2\logs\log-20260602-172233-MaGaCellStudy\bandwidthMeasurements\ALL#ALL#ALL#Dn.csv,DOWNLINK,95,region_north_normal,0,UNRESOLVED
tmp\mosaic-25.2\logs\log-20260602-172233-MaGaCellStudy\bandwidthMeasurements\ALL#ALL#ALL#Dn.csv,DOWNLINK,96,globalNetwork,0,UNRESOLVED
tmp\mosaic-25.2\logs\log-20260602-172233-MaGaCellStudy\bandwidthMeasurements\ALL#ALL#ALL#Dn.csv,DOWNLINK,96,region_central_degraded,7872,UNRESOLVED
tmp\mosaic-25.2\logs\log-20260602-172233-MaGaCellStudy\bandwidthMeasurements\ALL#ALL#ALL#Dn.csv,DOWNLINK,96,region_north_normal,98400,UNRESOLVED
tmp\mosaic-25.2\logs\log-20260602-172233-MaGaCellStudy\bandwidthMeasurements\ALL#ALL#ALL#Dn.csv,DOWNLINK,97,globalNetwork,0,UNRESOLVED
tmp\mosaic-25.2\logs\log-20260602-172233-MaGaCellStudy\bandwidthMeasurements\ALL#ALL#ALL#Dn.csv,DOWNLINK,97,region_central_degraded,0,UNRESOLVED
tmp\mosaic-25.2\logs\log-20260602-172233-MaGaCellStudy\bandwidthMeasurements\ALL#ALL#ALL#Dn.csv,DOWNLINK,97,region_north_normal,0,UNRESOLVED
tmp\mosaic-25.2\logs\log-20260602-172233-MaGaCellStudy\bandwidthMeasurements\ALL#ALL#ALL#Dn.csv,DOWNLINK,98,globalNetwork,0,UNRESOLVED
tmp\mosaic-25.2\logs\log-20260602-172233-MaGaCellStudy\bandwidthMeasurements\ALL#ALL#ALL#Dn.csv,DOWNLINK,98,region_central_degraded,7872,UNRESOLVED
tmp\mosaic-25.2\logs\log-20260602-172233-MaGaCellStudy\bandwidthMeasurements\ALL#ALL#ALL#Dn.csv,DOWNLINK,98,region_north_normal,98400,UNRESOLVED
tmp\mosaic-25.2\logs\log-20260602-172233-MaGaCellStudy\bandwidthMeasurements\ALL#ALL#ALL#Dn.csv,DOWNLINK,99,globalNetwork,0,UNRESOLVED
tmp\mosaic-25.2\logs\log-20260602-172233-MaGaCellStudy\bandwidthMeasurements\ALL#ALL#ALL#Dn.csv,DOWNLINK,99,region_central_degraded,0,UNRESOLVED
tmp\mosaic-25.2\logs\log-20260602-172233-MaGaCellStudy\bandwidthMeasurements\ALL#ALL#ALL#Dn.csv,DOWNLINK,99,region_north_normal,0,UNRESOLVED
tmp\mosaic-25.2\logs\log-20260602-172233-MaGaCellStudy\bandwidthMeasurements\ALL#ALL#ALL#Dn.csv,DOWNLINK,100,globalNetwork,0,UNRESOLVED
tmp\mosaic-25.2\logs\log-20260602-172233-MaGaCellStudy\bandwidthMeasurements\ALL#ALL#ALL#Dn.csv,DOWNLINK,100,region_central_degraded,7872,UNRESOLVED
tmp\mosaic-25.2\logs\log-20260602-172233-MaGaCellStudy\bandwidthMeasurements\ALL#ALL#ALL#Dn.csv,DOWNLINK,100,region_north_normal,98400,UNRESOLVED
tmp\mosaic-25.2\logs\log-20260602-172233-MaGaCellStudy\bandwidthMeasurements\ALL#ALL#ALL#Dn.csv,DOWNLINK,101,globalNetwork,0,UNRESOLVED
tmp\mosaic-25.2\logs\log-20260602-172233-MaGaCellStudy\bandwidthMeasurements\ALL#ALL#ALL#Dn.csv,DOWNLINK,101,region_central_degraded,0,UNRESOLVED
tmp\mosaic-25.2\logs\log-20260602-172233-MaGaCellStudy\bandwidthMeasurements\ALL#ALL#ALL#Dn.csv,DOWNLINK,101,region_north_normal,0,UNRESOLVED
tmp\mosaic-25.2\logs\log-20260602-172233-MaGaCellStudy\bandwidthMeasurements\ALL#ALL#ALL#Dn.csv,DOWNLINK,102,globalNetwork,0,UNRESOLVED
tmp\mosaic-25.2\logs\log-20260602-172233-MaGaCellStudy\bandwidthMeasurements\ALL#ALL#ALL#Dn.csv,DOWNLINK,102,region_central_degraded,7872,UNRESOLVED
tmp\mosaic-25.2\logs\log-20260602-172233-MaGaCellStudy\bandwidthMeasurements\ALL#ALL#ALL#Dn.csv,DOWNLINK,102,region_north_normal,98400,UNRESOLVED
tmp\mosaic-25.2\logs\log-20260602-172233-MaGaCellStudy\bandwidthMeasurements\ALL#ALL#ALL#Dn.csv,DOWNLINK,103,globalNetwork,0,UNRESOLVED
tmp\mosaic-25.2\logs\log-20260602-172233-MaGaCellStudy\bandwidthMeasurements\ALL#ALL#ALL#Dn.csv,DOWNLINK,103,region_central_degraded,0,UNRESOLVED
tmp\mosaic-25.2\logs\log-20260602-172233-MaGaCellStudy\bandwidthMeasurements\ALL#ALL#ALL#Dn.csv,DOWNLINK,103,region_north_normal,0,UNRESOLVED
tmp\mosaic-25.2\logs\log-20260602-172233-MaGaCellStudy\bandwidthMeasurements\ALL#ALL#ALL#Dn.csv,DOWNLINK,104,globalNetwork,0,UNRESOLVED
tmp\mosaic-25.2\logs\log-20260602-172233-MaGaCellStudy\bandwidthMeasurements\ALL#ALL#ALL#Dn.csv,DOWNLINK,104,region_central_degraded,7872,UNRESOLVED
tmp\mosaic-25.2\logs\log-20260602-172233-MaGaCellStudy\bandwidthMeasurements\ALL#ALL#ALL#Dn.csv,DOWNLINK,104,region_north_normal,98400,UNRESOLVED
tmp\mosaic-25.2\logs\log-20260602-172233-MaGaCellStudy\bandwidthMeasurements\ALL#ALL#ALL#Dn.csv,DOWNLINK,105,globalNetwork,0,UNRESOLVED
tmp\mosaic-25.2\logs\log-20260602-172233-MaGaCellStudy\bandwidthMeasurements\ALL#ALL#ALL#Dn.csv,DOWNLINK,105,region_central_degraded,0,UNRESOLVED
tmp\mosaic-25.2\logs\log-20260602-172233-MaGaCellStudy\bandwidthMeasurements\ALL#ALL#ALL#Dn.csv,DOWNLINK,105,region_north_normal,0,UNRESOLVED
tmp\mosaic-25.2\logs\log-20260602-172233-MaGaCellStudy\bandwidthMeasurements\ALL#ALL#ALL#Dn.csv,DOWNLINK,106,globalNetwork,0,UNRESOLVED
tmp\mosaic-25.2\logs\log-20260602-172233-MaGaCellStudy\bandwidthMeasurements\ALL#ALL#ALL#Dn.csv,DOWNLINK,106,region_central_degraded,7872,UNRESOLVED
tmp\mosaic-25.2\logs\log-20260602-172233-MaGaCellStudy\bandwidthMeasurements\ALL#ALL#ALL#Dn.csv,DOWNLINK,106,region_north_normal,98400,UNRESOLVED
tmp\mosaic-25.2\logs\log-20260602-172233-MaGaCellStudy\bandwidthMeasurements\ALL#ALL#ALL#Dn.csv,DOWNLINK,107,globalNetwork,0,UNRESOLVED
tmp\mosaic-25.2\logs\log-20260602-172233-MaGaCellStudy\bandwidthMeasurements\ALL#ALL#ALL#Dn.csv,DOWNLINK,107,region_central_degraded,0,UNRESOLVED
tmp\mosaic-25.2\logs\log-20260602-172233-MaGaCellStudy\bandwidthMeasurements\ALL#ALL#ALL#Dn.csv,DOWNLINK,107,region_north_normal,0,UNRESOLVED
tmp\mosaic-25.2\logs\log-20260602-172233-MaGaCellStudy\bandwidthMeasurements\ALL#ALL#ALL#Dn.csv,DOWNLINK,108,globalNetwork,0,UNRESOLVED
tmp\mosaic-25.2\logs\log-20260602-172233-MaGaCellStudy\bandwidthMeasurements\ALL#ALL#ALL#Dn.csv,DOWNLINK,108,region_central_degraded,7872,UNRESOLVED
tmp\mosaic-25.2\logs\log-20260602-172233-MaGaCellStudy\bandwidthMeasurements\ALL#ALL#ALL#Dn.csv,DOWNLINK,108,region_north_normal,98400,UNRESOLVED
tmp\mosaic-25.2\logs\log-20260602-172233-MaGaCellStudy\bandwidthMeasurements\ALL#ALL#ALL#Dn.csv,DOWNLINK,109,globalNetwork,0,UNRESOLVED
tmp\mosaic-25.2\logs\log-20260602-172233-MaGaCellStudy\bandwidthMeasurements\ALL#ALL#ALL#Dn.csv,DOWNLINK,109,region_central_degraded,0,UNRESOLVED
tmp\mosaic-25.2\logs\log-20260602-172233-MaGaCellStudy\bandwidthMeasurements\ALL#ALL#ALL#Dn.csv,DOWNLINK,109,region_north_normal,0,UNRESOLVED
tmp\mosaic-25.2\logs\log-20260602-172233-MaGaCellStudy\bandwidthMeasurements\ALL#ALL#ALL#Dn.csv,DOWNLINK,110,globalNetwork,0,UNRESOLVED
tmp\mosaic-25.2\logs\log-20260602-172233-MaGaCellStudy\bandwidthMeasurements\ALL#ALL#ALL#Dn.csv,DOWNLINK,110,region_central_degraded,7872,UNRESOLVED
tmp\mosaic-25.2\logs\log-20260602-172233-MaGaCellStudy\bandwidthMeasurements\ALL#ALL#ALL#Dn.csv,DOWNLINK,110,region_north_normal,98400,UNRESOLVED
tmp\mosaic-25.2\logs\log-20260602-172233-MaGaCellStudy\bandwidthMeasurements\ALL#ALL#ALL#Dn.csv,DOWNLINK,111,globalNetwork,0,UNRESOLVED
tmp\mosaic-25.2\logs\log-20260602-172233-MaGaCellStudy\bandwidthMeasurements\ALL#ALL#ALL#Dn.csv,DOWNLINK,111,region_central_degraded,0,UNRESOLVED
tmp\mosaic-25.2\logs\log-20260602-172233-MaGaCellStudy\bandwidthMeasurements\ALL#ALL#ALL#Dn.csv,DOWNLINK,111,region_north_normal,0,UNRESOLVED
tmp\mosaic-25.2\logs\log-20260602-172233-MaGaCellStudy\bandwidthMeasurements\ALL#ALL#ALL#Dn.csv,DOWNLINK,112,globalNetwork,0,UNRESOLVED
tmp\mosaic-25.2\logs\log-20260602-172233-MaGaCellStudy\bandwidthMeasurements\ALL#ALL#ALL#Dn.csv,DOWNLINK,112,region_central_degraded,7872,UNRESOLVED
tmp\mosaic-25.2\logs\log-20260602-172233-MaGaCellStudy\bandwidthMeasurements\ALL#ALL#ALL#Dn.csv,DOWNLINK,112,region_north_normal,123000,UNRESOLVED
tmp\mosaic-25.2\logs\log-20260602-172233-MaGaCellStudy\bandwidthMeasurements\ALL#ALL#ALL#Dn.csv,DOWNLINK,113,globalNetwork,0,UNRESOLVED
tmp\mosaic-25.2\logs\log-20260602-172233-MaGaCellStudy\bandwidthMeasurements\ALL#ALL#ALL#Dn.csv,DOWNLINK,113,region_central_degraded,0,UNRESOLVED
tmp\mosaic-25.2\logs\log-20260602-172233-MaGaCellStudy\bandwidthMeasurements\ALL#ALL#ALL#Dn.csv,DOWNLINK,113,region_north_normal,0,UNRESOLVED
tmp\mosaic-25.2\logs\log-20260602-172233-MaGaCellStudy\bandwidthMeasurements\ALL#ALL#ALL#Dn.csv,DOWNLINK,114,globalNetwork,19680,UNRESOLVED
tmp\mosaic-25.2\logs\log-20260602-172233-MaGaCellStudy\bandwidthMeasurements\ALL#ALL#ALL#Dn.csv,DOWNLINK,114,region_central_degraded,7872,UNRESOLVED
tmp\mosaic-25.2\logs\log-20260602-172233-MaGaCellStudy\bandwidthMeasurements\ALL#ALL#ALL#Dn.csv,DOWNLINK,114,region_north_normal,98400,UNRESOLVED
tmp\mosaic-25.2\logs\log-20260602-172233-MaGaCellStudy\bandwidthMeasurements\ALL#ALL#ALL#Dn.csv,DOWNLINK,115,globalNetwork,0,UNRESOLVED
tmp\mosaic-25.2\logs\log-20260602-172233-MaGaCellStudy\bandwidthMeasurements\ALL#ALL#ALL#Dn.csv,DOWNLINK,115,region_central_degraded,0,UNRESOLVED
tmp\mosaic-25.2\logs\log-20260602-172233-MaGaCellStudy\bandwidthMeasurements\ALL#ALL#ALL#Dn.csv,DOWNLINK,115,region_north_normal,0,UNRESOLVED
tmp\mosaic-25.2\logs\log-20260602-172233-MaGaCellStudy\bandwidthMeasurements\ALL#ALL#ALL#Dn.csv,DOWNLINK,116,globalNetwork,19680,UNRESOLVED
tmp\mosaic-25.2\logs\log-20260602-172233-MaGaCellStudy\bandwidthMeasurements\ALL#ALL#ALL#Dn.csv,DOWNLINK,116,region_central_degraded,15744,UNRESOLVED
tmp\mosaic-25.2\logs\log-20260602-172233-MaGaCellStudy\bandwidthMeasurements\ALL#ALL#ALL#Dn.csv,DOWNLINK,116,region_north_normal,73800,UNRESOLVED
tmp\mosaic-25.2\logs\log-20260602-172233-MaGaCellStudy\bandwidthMeasurements\ALL#ALL#ALL#Dn.csv,DOWNLINK,117,globalNetwork,0,UNRESOLVED
tmp\mosaic-25.2\logs\log-20260602-172233-MaGaCellStudy\bandwidthMeasurements\ALL#ALL#ALL#Dn.csv,DOWNLINK,117,region_central_degraded,0,UNRESOLVED
tmp\mosaic-25.2\logs\log-20260602-172233-MaGaCellStudy\bandwidthMeasurements\ALL#ALL#ALL#Dn.csv,DOWNLINK,117,region_north_normal,0,UNRESOLVED
tmp\mosaic-25.2\logs\log-20260602-172233-MaGaCellStudy\bandwidthMeasurements\ALL#ALL#ALL#Dn.csv,DOWNLINK,118,globalNetwork,19680,UNRESOLVED
tmp\mosaic-25.2\logs\log-20260602-172233-MaGaCellStudy\bandwidthMeasurements\ALL#ALL#ALL#Dn.csv,DOWNLINK,118,region_central_degraded,15744,UNRESOLVED
tmp\mosaic-25.2\logs\log-20260602-172233-MaGaCellStudy\bandwidthMeasurements\ALL#ALL#ALL#Dn.csv,DOWNLINK,118,region_north_normal,73800,UNRESOLVED
tmp\mosaic-25.2\logs\log-20260602-172233-MaGaCellStudy\bandwidthMeasurements\ALL#ALL#ALL#Dn.csv,DOWNLINK,119,globalNetwork,0,UNRESOLVED
tmp\mosaic-25.2\logs\log-20260602-172233-MaGaCellStudy\bandwidthMeasurements\ALL#ALL#ALL#Dn.csv,DOWNLINK,119,region_central_degraded,0,UNRESOLVED
tmp\mosaic-25.2\logs\log-20260602-172233-MaGaCellStudy\bandwidthMeasurements\ALL#ALL#ALL#Dn.csv,DOWNLINK,119,region_north_normal,0,UNRESOLVED
tmp\mosaic-25.2\logs\log-20260602-172233-MaGaCellStudy\bandwidthMeasurements\ALL#ALL#ALL#Dn.csv,DOWNLINK,120,globalNetwork,19680,UNRESOLVED
tmp\mosaic-25.2\logs\log-20260602-172233-MaGaCellStudy\bandwidthMeasurements\ALL#ALL#ALL#Dn.csv,DOWNLINK,120,region_central_degraded,15744,UNRESOLVED
tmp\mosaic-25.2\logs\log-20260602-172233-MaGaCellStudy\bandwidthMeasurements\ALL#ALL#ALL#Dn.csv,DOWNLINK,120,region_north_normal,73800,UNRESOLVED
tmp\mosaic-25.2\logs\log-20260602-172233-MaGaCellStudy\bandwidthMeasurements\ALL#ALL#ALL#Dn.csv,DOWNLINK,121,globalNetwork,0,UNRESOLVED
tmp\mosaic-25.2\logs\log-20260602-172233-MaGaCellStudy\bandwidthMeasurements\ALL#ALL#ALL#Dn.csv,DOWNLINK,121,region_central_degraded,0,UNRESOLVED
tmp\mosaic-25.2\logs\log-20260602-172233-MaGaCellStudy\bandwidthMeasurements\ALL#ALL#ALL#Dn.csv,DOWNLINK,121,region_north_normal,0,UNRESOLVED
tmp\mosaic-25.2\logs\log-20260602-172233-MaGaCellStudy\bandwidthMeasurements\ALL#ALL#ALL#Dn.csv,DOWNLINK,122,globalNetwork,19680,UNRESOLVED
tmp\mosaic-25.2\logs\log-20260602-172233-MaGaCellStudy\bandwidthMeasurements\ALL#ALL#ALL#Dn.csv,DOWNLINK,122,region_central_degraded,15744,UNRESOLVED
tmp\mosaic-25.2\logs\log-20260602-172233-MaGaCellStudy\bandwidthMeasurements\ALL#ALL#ALL#Dn.csv,DOWNLINK,122,region_north_normal,73800,UNRESOLVED
tmp\mosaic-25.2\logs\log-20260602-172233-MaGaCellStudy\bandwidthMeasurements\ALL#ALL#ALL#Dn.csv,DOWNLINK,123,globalNetwork,0,UNRESOLVED
tmp\mosaic-25.2\logs\log-20260602-172233-MaGaCellStudy\bandwidthMeasurements\ALL#ALL#ALL#Dn.csv,DOWNLINK,123,region_central_degraded,0,UNRESOLVED
tmp\mosaic-25.2\logs\log-20260602-172233-MaGaCellStudy\bandwidthMeasurements\ALL#ALL#ALL#Dn.csv,DOWNLINK,123,region_north_normal,0,UNRESOLVED
tmp\mosaic-25.2\logs\log-20260602-172233-MaGaCellStudy\bandwidthMeasurements\ALL#ALL#ALL#Dn.csv,DOWNLINK,124,globalNetwork,19680,UNRESOLVED
tmp\mosaic-25.2\logs\log-20260602-172233-MaGaCellStudy\bandwidthMeasurements\ALL#ALL#ALL#Dn.csv,DOWNLINK,124,region_central_degraded,15744,UNRESOLVED
tmp\mosaic-25.2\logs\log-20260602-172233-MaGaCellStudy\bandwidthMeasurements\ALL#ALL#ALL#Dn.csv,DOWNLINK,124,region_north_normal,73800,UNRESOLVED
tmp\mosaic-25.2\logs\log-20260602-172233-MaGaCellStudy\bandwidthMeasurements\ALL#ALL#ALL#Dn.csv,DOWNLINK,125,globalNetwork,0,UNRESOLVED
tmp\mosaic-25.2\logs\log-20260602-172233-MaGaCellStudy\bandwidthMeasurements\ALL#ALL#ALL#Dn.csv,DOWNLINK,125,region_central_degraded,0,UNRESOLVED
tmp\mosaic-25.2\logs\log-20260602-172233-MaGaCellStudy\bandwidthMeasurements\ALL#ALL#ALL#Dn.csv,DOWNLINK,125,region_north_normal,0,UNRESOLVED
tmp\mosaic-25.2\logs\log-20260602-172233-MaGaCellStudy\bandwidthMeasurements\ALL#ALL#ALL#Dn.csv,DOWNLINK,126,globalNetwork,19680,UNRESOLVED
tmp\mosaic-25.2\logs\log-20260602-172233-MaGaCellStudy\bandwidthMeasurements\ALL#ALL#ALL#Dn.csv,DOWNLINK,126,region_central_degraded,7872,UNRESOLVED
tmp\mosaic-25.2\logs\log-20260602-172233-MaGaCellStudy\bandwidthMeasurements\ALL#ALL#ALL#Dn.csv,DOWNLINK,126,region_north_normal,73800,UNRESOLVED
tmp\mosaic-25.2\logs\log-20260602-172233-MaGaCellStudy\bandwidthMeasurements\ALL#ALL#ALL#Dn.csv,DOWNLINK,127,globalNetwork,0,UNRESOLVED
tmp\mosaic-25.2\logs\log-20260602-172233-MaGaCellStudy\bandwidthMeasurements\ALL#ALL#ALL#Dn.csv,DOWNLINK,127,region_central_degraded,0,UNRESOLVED
tmp\mosaic-25.2\logs\log-20260602-172233-MaGaCellStudy\bandwidthMeasurements\ALL#ALL#ALL#Dn.csv,DOWNLINK,127,region_north_normal,0,UNRESOLVED
tmp\mosaic-25.2\logs\log-20260602-172233-MaGaCellStudy\bandwidthMeasurements\ALL#ALL#ALL#Dn.csv,DOWNLINK,128,globalNetwork,19680,UNRESOLVED
tmp\mosaic-25.2\logs\log-20260602-172233-MaGaCellStudy\bandwidthMeasurements\ALL#ALL#ALL#Dn.csv,DOWNLINK,128,region_central_degraded,15744,UNRESOLVED
tmp\mosaic-25.2\logs\log-20260602-172233-MaGaCellStudy\bandwidthMeasurements\ALL#ALL#ALL#Dn.csv,DOWNLINK,128,region_north_normal,73800,UNRESOLVED
tmp\mosaic-25.2\logs\log-20260602-172233-MaGaCellStudy\bandwidthMeasurements\ALL#ALL#ALL#Dn.csv,DOWNLINK,129,globalNetwork,0,UNRESOLVED
tmp\mosaic-25.2\logs\log-20260602-172233-MaGaCellStudy\bandwidthMeasurements\ALL#ALL#ALL#Dn.csv,DOWNLINK,129,region_central_degraded,0,UNRESOLVED
tmp\mosaic-25.2\logs\log-20260602-172233-MaGaCellStudy\bandwidthMeasurements\ALL#ALL#ALL#Dn.csv,DOWNLINK,129,region_north_normal,0,UNRESOLVED
tmp\mosaic-25.2\logs\log-20260602-172233-MaGaCellStudy\bandwidthMeasurements\ALL#ALL#ALL#Dn.csv,DOWNLINK,130,globalNetwork,19680,UNRESOLVED
tmp\mosaic-25.2\logs\log-20260602-172233-MaGaCellStudy\bandwidthMeasurements\ALL#ALL#ALL#Dn.csv,DOWNLINK,130,region_central_degraded,15744,UNRESOLVED
tmp\mosaic-25.2\logs\log-20260602-172233-MaGaCellStudy\bandwidthMeasurements\ALL#ALL#ALL#Dn.csv,DOWNLINK,130,region_north_normal,73800,UNRESOLVED
tmp\mosaic-25.2\logs\log-20260602-172233-MaGaCellStudy\bandwidthMeasurements\ALL#ALL#ALL#Dn.csv,DOWNLINK,131,globalNetwork,0,UNRESOLVED
tmp\mosaic-25.2\logs\log-20260602-172233-MaGaCellStudy\bandwidthMeasurements\ALL#ALL#ALL#Dn.csv,DOWNLINK,131,region_central_degraded,0,UNRESOLVED
tmp\mosaic-25.2\logs\log-20260602-172233-MaGaCellStudy\bandwidthMeasurements\ALL#ALL#ALL#Dn.csv,DOWNLINK,131,region_north_normal,0,UNRESOLVED
tmp\mosaic-25.2\logs\log-20260602-172233-MaGaCellStudy\bandwidthMeasurements\ALL#ALL#ALL#Dn.csv,DOWNLINK,132,globalNetwork,19680,UNRESOLVED
tmp\mosaic-25.2\logs\log-20260602-172233-MaGaCellStudy\bandwidthMeasurements\ALL#ALL#ALL#Dn.csv,DOWNLINK,132,region_central_degraded,7872,UNRESOLVED
tmp\mosaic-25.2\logs\log-20260602-172233-MaGaCellStudy\bandwidthMeasurements\ALL#ALL#ALL#Dn.csv,DOWNLINK,132,region_north_normal,98400,UNRESOLVED
tmp\mosaic-25.2\logs\log-20260602-172233-MaGaCellStudy\bandwidthMeasurements\ALL#ALL#ALL#Dn.csv,DOWNLINK,133,globalNetwork,0,UNRESOLVED
tmp\mosaic-25.2\logs\log-20260602-172233-MaGaCellStudy\bandwidthMeasurements\ALL#ALL#ALL#Dn.csv,DOWNLINK,133,region_central_degraded,0,UNRESOLVED
tmp\mosaic-25.2\logs\log-20260602-172233-MaGaCellStudy\bandwidthMeasurements\ALL#ALL#ALL#Dn.csv,DOWNLINK,133,region_north_normal,0,UNRESOLVED
tmp\mosaic-25.2\logs\log-20260602-172233-MaGaCellStudy\bandwidthMeasurements\ALL#ALL#ALL#Dn.csv,DOWNLINK,134,globalNetwork,19680,UNRESOLVED
tmp\mosaic-25.2\logs\log-20260602-172233-MaGaCellStudy\bandwidthMeasurements\ALL#ALL#ALL#Dn.csv,DOWNLINK,134,region_central_degraded,15744,UNRESOLVED
tmp\mosaic-25.2\logs\log-20260602-172233-MaGaCellStudy\bandwidthMeasurements\ALL#ALL#ALL#Dn.csv,DOWNLINK,134,region_north_normal,98400,UNRESOLVED
tmp\mosaic-25.2\logs\log-20260602-172233-MaGaCellStudy\bandwidthMeasurements\ALL#ALL#ALL#Dn.csv,DOWNLINK,135,globalNetwork,0,UNRESOLVED
tmp\mosaic-25.2\logs\log-20260602-172233-MaGaCellStudy\bandwidthMeasurements\ALL#ALL#ALL#Dn.csv,DOWNLINK,135,region_central_degraded,0,UNRESOLVED
tmp\mosaic-25.2\logs\log-20260602-172233-MaGaCellStudy\bandwidthMeasurements\ALL#ALL#ALL#Dn.csv,DOWNLINK,135,region_north_normal,0,UNRESOLVED
tmp\mosaic-25.2\logs\log-20260602-172233-MaGaCellStudy\bandwidthMeasurements\ALL#ALL#ALL#Dn.csv,DOWNLINK,136,globalNetwork,39360,UNRESOLVED
tmp\mosaic-25.2\logs\log-20260602-172233-MaGaCellStudy\bandwidthMeasurements\ALL#ALL#ALL#Dn.csv,DOWNLINK,136,region_central_degraded,15744,UNRESOLVED
tmp\mosaic-25.2\logs\log-20260602-172233-MaGaCellStudy\bandwidthMeasurements\ALL#ALL#ALL#Dn.csv,DOWNLINK,136,region_north_normal,73800,UNRESOLVED
tmp\mosaic-25.2\logs\log-20260602-172233-MaGaCellStudy\bandwidthMeasurements\ALL#ALL#ALL#Dn.csv,DOWNLINK,137,globalNetwork,0,UNRESOLVED
tmp\mosaic-25.2\logs\log-20260602-172233-MaGaCellStudy\bandwidthMeasurements\ALL#ALL#ALL#Dn.csv,DOWNLINK,137,region_central_degraded,0,UNRESOLVED
tmp\mosaic-25.2\logs\log-20260602-172233-MaGaCellStudy\bandwidthMeasurements\ALL#ALL#ALL#Dn.csv,DOWNLINK,137,region_north_normal,0,UNRESOLVED
tmp\mosaic-25.2\logs\log-20260602-172233-MaGaCellStudy\bandwidthMeasurements\ALL#ALL#ALL#Dn.csv,DOWNLINK,138,globalNetwork,39360,UNRESOLVED
tmp\mosaic-25.2\logs\log-20260602-172233-MaGaCellStudy\bandwidthMeasurements\ALL#ALL#ALL#Dn.csv,DOWNLINK,138,region_central_degraded,15744,UNRESOLVED
tmp\mosaic-25.2\logs\log-20260602-172233-MaGaCellStudy\bandwidthMeasurements\ALL#ALL#ALL#Dn.csv,DOWNLINK,138,region_north_normal,73800,UNRESOLVED
tmp\mosaic-25.2\logs\log-20260602-172233-MaGaCellStudy\bandwidthMeasurements\ALL#ALL#ALL#Dn.csv,DOWNLINK,139,globalNetwork,0,UNRESOLVED
tmp\mosaic-25.2\logs\log-20260602-172233-MaGaCellStudy\bandwidthMeasurements\ALL#ALL#ALL#Dn.csv,DOWNLINK,139,region_central_degraded,0,UNRESOLVED
tmp\mosaic-25.2\logs\log-20260602-172233-MaGaCellStudy\bandwidthMeasurements\ALL#ALL#ALL#Dn.csv,DOWNLINK,139,region_north_normal,0,UNRESOLVED
tmp\mosaic-25.2\logs\log-20260602-172233-MaGaCellStudy\bandwidthMeasurements\ALL#ALL#ALL#Dn.csv,DOWNLINK,140,globalNetwork,39360,UNRESOLVED
tmp\mosaic-25.2\logs\log-20260602-172233-MaGaCellStudy\bandwidthMeasurements\ALL#ALL#ALL#Dn.csv,DOWNLINK,140,region_central_degraded,15744,UNRESOLVED
tmp\mosaic-25.2\logs\log-20260602-172233-MaGaCellStudy\bandwidthMeasurements\ALL#ALL#ALL#Dn.csv,DOWNLINK,140,region_north_normal,73800,UNRESOLVED
tmp\mosaic-25.2\logs\log-20260602-172233-MaGaCellStudy\bandwidthMeasurements\ALL#ALL#ALL#Dn.csv,DOWNLINK,141,globalNetwork,0,UNRESOLVED
tmp\mosaic-25.2\logs\log-20260602-172233-MaGaCellStudy\bandwidthMeasurements\ALL#ALL#ALL#Dn.csv,DOWNLINK,141,region_central_degraded,0,UNRESOLVED
tmp\mosaic-25.2\logs\log-20260602-172233-MaGaCellStudy\bandwidthMeasurements\ALL#ALL#ALL#Dn.csv,DOWNLINK,141,region_north_normal,0,UNRESOLVED
tmp\mosaic-25.2\logs\log-20260602-172233-MaGaCellStudy\bandwidthMeasurements\ALL#ALL#ALL#Dn.csv,DOWNLINK,142,globalNetwork,39360,UNRESOLVED
tmp\mosaic-25.2\logs\log-20260602-172233-MaGaCellStudy\bandwidthMeasurements\ALL#ALL#ALL#Dn.csv,DOWNLINK,142,region_central_degraded,15744,UNRESOLVED
tmp\mosaic-25.2\logs\log-20260602-172233-MaGaCellStudy\bandwidthMeasurements\ALL#ALL#ALL#Dn.csv,DOWNLINK,142,region_north_normal,73800,UNRESOLVED
tmp\mosaic-25.2\logs\log-20260602-172233-MaGaCellStudy\bandwidthMeasurements\ALL#ALL#ALL#Dn.csv,DOWNLINK,143,globalNetwork,0,UNRESOLVED
tmp\mosaic-25.2\logs\log-20260602-172233-MaGaCellStudy\bandwidthMeasurements\ALL#ALL#ALL#Dn.csv,DOWNLINK,143,region_central_degraded,0,UNRESOLVED
tmp\mosaic-25.2\logs\log-20260602-172233-MaGaCellStudy\bandwidthMeasurements\ALL#ALL#ALL#Dn.csv,DOWNLINK,143,region_north_normal,0,UNRESOLVED
tmp\mosaic-25.2\logs\log-20260602-172233-MaGaCellStudy\bandwidthMeasurements\ALL#ALL#ALL#Dn.csv,DOWNLINK,144,globalNetwork,39360,UNRESOLVED
tmp\mosaic-25.2\logs\log-20260602-172233-MaGaCellStudy\bandwidthMeasurements\ALL#ALL#ALL#Dn.csv,DOWNLINK,144,region_central_degraded,15744,UNRESOLVED
tmp\mosaic-25.2\logs\log-20260602-172233-MaGaCellStudy\bandwidthMeasurements\ALL#ALL#ALL#Dn.csv,DOWNLINK,144,region_north_normal,73800,UNRESOLVED
tmp\mosaic-25.2\logs\log-20260602-172233-MaGaCellStudy\bandwidthMeasurements\ALL#ALL#ALL#Dn.csv,DOWNLINK,145,globalNetwork,0,UNRESOLVED
tmp\mosaic-25.2\logs\log-20260602-172233-MaGaCellStudy\bandwidthMeasurements\ALL#ALL#ALL#Dn.csv,DOWNLINK,145,region_central_degraded,0,UNRESOLVED
tmp\mosaic-25.2\logs\log-20260602-172233-MaGaCellStudy\bandwidthMeasurements\ALL#ALL#ALL#Dn.csv,DOWNLINK,145,region_north_normal,0,UNRESOLVED
tmp\mosaic-25.2\logs\log-20260602-172233-MaGaCellStudy\bandwidthMeasurements\ALL#ALL#ALL#Dn.csv,DOWNLINK,146,globalNetwork,39360,UNRESOLVED
tmp\mosaic-25.2\logs\log-20260602-172233-MaGaCellStudy\bandwidthMeasurements\ALL#ALL#ALL#Dn.csv,DOWNLINK,146,region_central_degraded,15744,UNRESOLVED
tmp\mosaic-25.2\logs\log-20260602-172233-MaGaCellStudy\bandwidthMeasurements\ALL#ALL#ALL#Dn.csv,DOWNLINK,146,region_north_normal,73800,UNRESOLVED
tmp\mosaic-25.2\logs\log-20260602-172233-MaGaCellStudy\bandwidthMeasurements\ALL#ALL#ALL#Dn.csv,DOWNLINK,147,globalNetwork,0,UNRESOLVED
tmp\mosaic-25.2\logs\log-20260602-172233-MaGaCellStudy\bandwidthMeasurements\ALL#ALL#ALL#Dn.csv,DOWNLINK,147,region_central_degraded,0,UNRESOLVED
tmp\mosaic-25.2\logs\log-20260602-172233-MaGaCellStudy\bandwidthMeasurements\ALL#ALL#ALL#Dn.csv,DOWNLINK,147,region_north_normal,0,UNRESOLVED
tmp\mosaic-25.2\logs\log-20260602-172233-MaGaCellStudy\bandwidthMeasurements\ALL#ALL#ALL#Dn.csv,DOWNLINK,148,globalNetwork,39360,UNRESOLVED
tmp\mosaic-25.2\logs\log-20260602-172233-MaGaCellStudy\bandwidthMeasurements\ALL#ALL#ALL#Dn.csv,DOWNLINK,148,region_central_degraded,15744,UNRESOLVED
tmp\mosaic-25.2\logs\log-20260602-172233-MaGaCellStudy\bandwidthMeasurements\ALL#ALL#ALL#Dn.csv,DOWNLINK,148,region_north_normal,73800,UNRESOLVED
tmp\mosaic-25.2\logs\log-20260602-172233-MaGaCellStudy\bandwidthMeasurements\ALL#ALL#ALL#Dn.csv,DOWNLINK,149,globalNetwork,0,UNRESOLVED
tmp\mosaic-25.2\logs\log-20260602-172233-MaGaCellStudy\bandwidthMeasurements\ALL#ALL#ALL#Dn.csv,DOWNLINK,149,region_central_degraded,0,UNRESOLVED
tmp\mosaic-25.2\logs\log-20260602-172233-MaGaCellStudy\bandwidthMeasurements\ALL#ALL#ALL#Dn.csv,DOWNLINK,149,region_north_normal,0,UNRESOLVED
tmp\mosaic-25.2\logs\log-20260602-172233-MaGaCellStudy\bandwidthMeasurements\ALL#ALL#ALL#Dn.csv,DOWNLINK,150,globalNetwork,39360,UNRESOLVED
tmp\mosaic-25.2\logs\log-20260602-172233-MaGaCellStudy\bandwidthMeasurements\ALL#ALL#ALL#Dn.csv,DOWNLINK,150,region_central_degraded,15744,UNRESOLVED
tmp\mosaic-25.2\logs\log-20260602-172233-MaGaCellStudy\bandwidthMeasurements\ALL#ALL#ALL#Dn.csv,DOWNLINK,150,region_north_normal,73800,UNRESOLVED
tmp\mosaic-25.2\logs\log-20260602-172233-MaGaCellStudy\bandwidthMeasurements\ALL#ALL#ALL#Dn.csv,DOWNLINK,151,globalNetwork,0,UNRESOLVED
tmp\mosaic-25.2\logs\log-20260602-172233-MaGaCellStudy\bandwidthMeasurements\ALL#ALL#ALL#Dn.csv,DOWNLINK,151,region_central_degraded,0,UNRESOLVED
tmp\mosaic-25.2\logs\log-20260602-172233-MaGaCellStudy\bandwidthMeasurements\ALL#ALL#ALL#Dn.csv,DOWNLINK,151,region_north_normal,0,UNRESOLVED
tmp\mosaic-25.2\logs\log-20260602-172233-MaGaCellStudy\bandwidthMeasurements\ALL#ALL#ALL#Dn.csv,DOWNLINK,152,globalNetwork,39360,UNRESOLVED
tmp\mosaic-25.2\logs\log-20260602-172233-MaGaCellStudy\bandwidthMeasurements\ALL#ALL#ALL#Dn.csv,DOWNLINK,152,region_central_degraded,15744,UNRESOLVED
tmp\mosaic-25.2\logs\log-20260602-172233-MaGaCellStudy\bandwidthMeasurements\ALL#ALL#ALL#Dn.csv,DOWNLINK,152,region_north_normal,73800,UNRESOLVED
tmp\mosaic-25.2\logs\log-20260602-172233-MaGaCellStudy\bandwidthMeasurements\ALL#ALL#ALL#Dn.csv,DOWNLINK,153,globalNetwork,0,UNRESOLVED
tmp\mosaic-25.2\logs\log-20260602-172233-MaGaCellStudy\bandwidthMeasurements\ALL#ALL#ALL#Dn.csv,DOWNLINK,153,region_central_degraded,0,UNRESOLVED
tmp\mosaic-25.2\logs\log-20260602-172233-MaGaCellStudy\bandwidthMeasurements\ALL#ALL#ALL#Dn.csv,DOWNLINK,153,region_north_normal,0,UNRESOLVED
tmp\mosaic-25.2\logs\log-20260602-172233-MaGaCellStudy\bandwidthMeasurements\ALL#ALL#ALL#Dn.csv,DOWNLINK,154,globalNetwork,39360,UNRESOLVED
tmp\mosaic-25.2\logs\log-20260602-172233-MaGaCellStudy\bandwidthMeasurements\ALL#ALL#ALL#Dn.csv,DOWNLINK,154,region_central_degraded,15744,UNRESOLVED
tmp\mosaic-25.2\logs\log-20260602-172233-MaGaCellStudy\bandwidthMeasurements\ALL#ALL#ALL#Dn.csv,DOWNLINK,154,region_north_normal,98400,UNRESOLVED
tmp\mosaic-25.2\logs\log-20260602-172233-MaGaCellStudy\bandwidthMeasurements\ALL#ALL#ALL#Dn.csv,DOWNLINK,155,globalNetwork,0,UNRESOLVED
tmp\mosaic-25.2\logs\log-20260602-172233-MaGaCellStudy\bandwidthMeasurements\ALL#ALL#ALL#Dn.csv,DOWNLINK,155,region_central_degraded,0,UNRESOLVED
tmp\mosaic-25.2\logs\log-20260602-172233-MaGaCellStudy\bandwidthMeasurements\ALL#ALL#ALL#Dn.csv,DOWNLINK,155,region_north_normal,0,UNRESOLVED
tmp\mosaic-25.2\logs\log-20260602-172233-MaGaCellStudy\bandwidthMeasurements\ALL#ALL#ALL#Dn.csv,DOWNLINK,156,globalNetwork,39360,UNRESOLVED
tmp\mosaic-25.2\logs\log-20260602-172233-MaGaCellStudy\bandwidthMeasurements\ALL#ALL#ALL#Dn.csv,DOWNLINK,156,region_central_degraded,15744,UNRESOLVED
tmp\mosaic-25.2\logs\log-20260602-172233-MaGaCellStudy\bandwidthMeasurements\ALL#ALL#ALL#Dn.csv,DOWNLINK,156,region_north_normal,98400,UNRESOLVED
tmp\mosaic-25.2\logs\log-20260602-172233-MaGaCellStudy\bandwidthMeasurements\ALL#ALL#ALL#Dn.csv,DOWNLINK,157,globalNetwork,0,UNRESOLVED
tmp\mosaic-25.2\logs\log-20260602-172233-MaGaCellStudy\bandwidthMeasurements\ALL#ALL#ALL#Dn.csv,DOWNLINK,157,region_central_degraded,0,UNRESOLVED
tmp\mosaic-25.2\logs\log-20260602-172233-MaGaCellStudy\bandwidthMeasurements\ALL#ALL#ALL#Dn.csv,DOWNLINK,157,region_north_normal,0,UNRESOLVED
tmp\mosaic-25.2\logs\log-20260602-172233-MaGaCellStudy\bandwidthMeasurements\ALL#ALL#ALL#Dn.csv,DOWNLINK,158,globalNetwork,39360,UNRESOLVED
tmp\mosaic-25.2\logs\log-20260602-172233-MaGaCellStudy\bandwidthMeasurements\ALL#ALL#ALL#Dn.csv,DOWNLINK,158,region_central_degraded,15744,UNRESOLVED
tmp\mosaic-25.2\logs\log-20260602-172233-MaGaCellStudy\bandwidthMeasurements\ALL#ALL#ALL#Dn.csv,DOWNLINK,158,region_north_normal,98400,UNRESOLVED
tmp\mosaic-25.2\logs\log-20260602-172233-MaGaCellStudy\bandwidthMeasurements\ALL#ALL#ALL#Dn.csv,DOWNLINK,159,globalNetwork,0,UNRESOLVED
tmp\mosaic-25.2\logs\log-20260602-172233-MaGaCellStudy\bandwidthMeasurements\ALL#ALL#ALL#Dn.csv,DOWNLINK,159,region_central_degraded,0,UNRESOLVED
tmp\mosaic-25.2\logs\log-20260602-172233-MaGaCellStudy\bandwidthMeasurements\ALL#ALL#ALL#Dn.csv,DOWNLINK,159,region_north_normal,0,UNRESOLVED
tmp\mosaic-25.2\logs\log-20260602-172233-MaGaCellStudy\bandwidthMeasurements\ALL#ALL#ALL#Dn.csv,DOWNLINK,160,globalNetwork,39360,UNRESOLVED
tmp\mosaic-25.2\logs\log-20260602-172233-MaGaCellStudy\bandwidthMeasurements\ALL#ALL#ALL#Dn.csv,DOWNLINK,160,region_central_degraded,7872,UNRESOLVED
tmp\mosaic-25.2\logs\log-20260602-172233-MaGaCellStudy\bandwidthMeasurements\ALL#ALL#ALL#Dn.csv,DOWNLINK,160,region_north_normal,98400,UNRESOLVED
tmp\mosaic-25.2\logs\log-20260602-172233-MaGaCellStudy\bandwidthMeasurements\ALL#ALL#ALL#Dn.csv,DOWNLINK,161,globalNetwork,0,UNRESOLVED
tmp\mosaic-25.2\logs\log-20260602-172233-MaGaCellStudy\bandwidthMeasurements\ALL#ALL#ALL#Dn.csv,DOWNLINK,161,region_central_degraded,0,UNRESOLVED
tmp\mosaic-25.2\logs\log-20260602-172233-MaGaCellStudy\bandwidthMeasurements\ALL#ALL#ALL#Dn.csv,DOWNLINK,161,region_north_normal,0,UNRESOLVED
tmp\mosaic-25.2\logs\log-20260602-172233-MaGaCellStudy\bandwidthMeasurements\ALL#ALL#ALL#Dn.csv,DOWNLINK,162,globalNetwork,39360,UNRESOLVED
tmp\mosaic-25.2\logs\log-20260602-172233-MaGaCellStudy\bandwidthMeasurements\ALL#ALL#ALL#Dn.csv,DOWNLINK,162,region_central_degraded,15744,UNRESOLVED
tmp\mosaic-25.2\logs\log-20260602-172233-MaGaCellStudy\bandwidthMeasurements\ALL#ALL#ALL#Dn.csv,DOWNLINK,162,region_north_normal,98400,UNRESOLVED
tmp\mosaic-25.2\logs\log-20260602-172233-MaGaCellStudy\bandwidthMeasurements\ALL#ALL#ALL#Dn.csv,DOWNLINK,163,globalNetwork,0,UNRESOLVED
tmp\mosaic-25.2\logs\log-20260602-172233-MaGaCellStudy\bandwidthMeasurements\ALL#ALL#ALL#Dn.csv,DOWNLINK,163,region_central_degraded,0,UNRESOLVED
tmp\mosaic-25.2\logs\log-20260602-172233-MaGaCellStudy\bandwidthMeasurements\ALL#ALL#ALL#Dn.csv,DOWNLINK,163,region_north_normal,0,UNRESOLVED
tmp\mosaic-25.2\logs\log-20260602-172233-MaGaCellStudy\bandwidthMeasurements\ALL#ALL#ALL#Dn.csv,DOWNLINK,164,globalNetwork,39360,UNRESOLVED
tmp\mosaic-25.2\logs\log-20260602-172233-MaGaCellStudy\bandwidthMeasurements\ALL#ALL#ALL#Dn.csv,DOWNLINK,164,region_central_degraded,15744,UNRESOLVED
tmp\mosaic-25.2\logs\log-20260602-172233-MaGaCellStudy\bandwidthMeasurements\ALL#ALL#ALL#Dn.csv,DOWNLINK,164,region_north_normal,98400,UNRESOLVED
tmp\mosaic-25.2\logs\log-20260602-172233-MaGaCellStudy\bandwidthMeasurements\ALL#ALL#ALL#Dn.csv,DOWNLINK,165,globalNetwork,0,UNRESOLVED
tmp\mosaic-25.2\logs\log-20260602-172233-MaGaCellStudy\bandwidthMeasurements\ALL#ALL#ALL#Dn.csv,DOWNLINK,165,region_central_degraded,0,UNRESOLVED
tmp\mosaic-25.2\logs\log-20260602-172233-MaGaCellStudy\bandwidthMeasurements\ALL#ALL#ALL#Dn.csv,DOWNLINK,165,region_north_normal,0,UNRESOLVED
tmp\mosaic-25.2\logs\log-20260602-172233-MaGaCellStudy\bandwidthMeasurements\ALL#ALL#ALL#Dn.csv,DOWNLINK,166,globalNetwork,39360,UNRESOLVED
tmp\mosaic-25.2\logs\log-20260602-172233-MaGaCellStudy\bandwidthMeasurements\ALL#ALL#ALL#Dn.csv,DOWNLINK,166,region_central_degraded,15744,UNRESOLVED
tmp\mosaic-25.2\logs\log-20260602-172233-MaGaCellStudy\bandwidthMeasurements\ALL#ALL#ALL#Dn.csv,DOWNLINK,166,region_north_normal,98400,UNRESOLVED
tmp\mosaic-25.2\logs\log-20260602-172233-MaGaCellStudy\bandwidthMeasurements\ALL#ALL#ALL#Dn.csv,DOWNLINK,167,globalNetwork,0,UNRESOLVED
tmp\mosaic-25.2\logs\log-20260602-172233-MaGaCellStudy\bandwidthMeasurements\ALL#ALL#ALL#Dn.csv,DOWNLINK,167,region_central_degraded,0,UNRESOLVED
tmp\mosaic-25.2\logs\log-20260602-172233-MaGaCellStudy\bandwidthMeasurements\ALL#ALL#ALL#Dn.csv,DOWNLINK,167,region_north_normal,0,UNRESOLVED
tmp\mosaic-25.2\logs\log-20260602-172233-MaGaCellStudy\bandwidthMeasurements\ALL#ALL#ALL#Dn.csv,DOWNLINK,168,globalNetwork,39360,UNRESOLVED
tmp\mosaic-25.2\logs\log-20260602-172233-MaGaCellStudy\bandwidthMeasurements\ALL#ALL#ALL#Dn.csv,DOWNLINK,168,region_central_degraded,15744,UNRESOLVED
tmp\mosaic-25.2\logs\log-20260602-172233-MaGaCellStudy\bandwidthMeasurements\ALL#ALL#ALL#Dn.csv,DOWNLINK,168,region_north_normal,98400,UNRESOLVED
tmp\mosaic-25.2\logs\log-20260602-172233-MaGaCellStudy\bandwidthMeasurements\ALL#ALL#ALL#Dn.csv,DOWNLINK,169,globalNetwork,0,UNRESOLVED
tmp\mosaic-25.2\logs\log-20260602-172233-MaGaCellStudy\bandwidthMeasurements\ALL#ALL#ALL#Dn.csv,DOWNLINK,169,region_central_degraded,0,UNRESOLVED
tmp\mosaic-25.2\logs\log-20260602-172233-MaGaCellStudy\bandwidthMeasurements\ALL#ALL#ALL#Dn.csv,DOWNLINK,169,region_north_normal,0,UNRESOLVED
tmp\mosaic-25.2\logs\log-20260602-172233-MaGaCellStudy\bandwidthMeasurements\ALL#ALL#ALL#Dn.csv,DOWNLINK,170,globalNetwork,39360,UNRESOLVED
tmp\mosaic-25.2\logs\log-20260602-172233-MaGaCellStudy\bandwidthMeasurements\ALL#ALL#ALL#Dn.csv,DOWNLINK,170,region_central_degraded,15744,UNRESOLVED
tmp\mosaic-25.2\logs\log-20260602-172233-MaGaCellStudy\bandwidthMeasurements\ALL#ALL#ALL#Dn.csv,DOWNLINK,170,region_north_normal,98400,UNRESOLVED
tmp\mosaic-25.2\logs\log-20260602-172233-MaGaCellStudy\bandwidthMeasurements\ALL#ALL#ALL#Dn.csv,DOWNLINK,171,globalNetwork,0,UNRESOLVED
tmp\mosaic-25.2\logs\log-20260602-172233-MaGaCellStudy\bandwidthMeasurements\ALL#ALL#ALL#Dn.csv,DOWNLINK,171,region_central_degraded,0,UNRESOLVED
tmp\mosaic-25.2\logs\log-20260602-172233-MaGaCellStudy\bandwidthMeasurements\ALL#ALL#ALL#Dn.csv,DOWNLINK,171,region_north_normal,0,UNRESOLVED
tmp\mosaic-25.2\logs\log-20260602-172233-MaGaCellStudy\bandwidthMeasurements\ALL#ALL#ALL#Dn.csv,DOWNLINK,172,globalNetwork,39360,UNRESOLVED
tmp\mosaic-25.2\logs\log-20260602-172233-MaGaCellStudy\bandwidthMeasurements\ALL#ALL#ALL#Dn.csv,DOWNLINK,172,region_central_degraded,15744,UNRESOLVED
tmp\mosaic-25.2\logs\log-20260602-172233-MaGaCellStudy\bandwidthMeasurements\ALL#ALL#ALL#Dn.csv,DOWNLINK,172,region_north_normal,98400,UNRESOLVED
tmp\mosaic-25.2\logs\log-20260602-172233-MaGaCellStudy\bandwidthMeasurements\ALL#ALL#ALL#Dn.csv,DOWNLINK,173,globalNetwork,0,UNRESOLVED
tmp\mosaic-25.2\logs\log-20260602-172233-MaGaCellStudy\bandwidthMeasurements\ALL#ALL#ALL#Dn.csv,DOWNLINK,173,region_central_degraded,0,UNRESOLVED
tmp\mosaic-25.2\logs\log-20260602-172233-MaGaCellStudy\bandwidthMeasurements\ALL#ALL#ALL#Dn.csv,DOWNLINK,173,region_north_normal,0,UNRESOLVED
tmp\mosaic-25.2\logs\log-20260602-172233-MaGaCellStudy\bandwidthMeasurements\ALL#ALL#ALL#Dn.csv,DOWNLINK,174,globalNetwork,39360,UNRESOLVED
tmp\mosaic-25.2\logs\log-20260602-172233-MaGaCellStudy\bandwidthMeasurements\ALL#ALL#ALL#Dn.csv,DOWNLINK,174,region_central_degraded,15744,UNRESOLVED
tmp\mosaic-25.2\logs\log-20260602-172233-MaGaCellStudy\bandwidthMeasurements\ALL#ALL#ALL#Dn.csv,DOWNLINK,174,region_north_normal,98400,UNRESOLVED
tmp\mosaic-25.2\logs\log-20260602-172233-MaGaCellStudy\bandwidthMeasurements\ALL#ALL#ALL#Dn.csv,DOWNLINK,175,globalNetwork,0,UNRESOLVED
tmp\mosaic-25.2\logs\log-20260602-172233-MaGaCellStudy\bandwidthMeasurements\ALL#ALL#ALL#Dn.csv,DOWNLINK,175,region_central_degraded,0,UNRESOLVED
tmp\mosaic-25.2\logs\log-20260602-172233-MaGaCellStudy\bandwidthMeasurements\ALL#ALL#ALL#Dn.csv,DOWNLINK,175,region_north_normal,0,UNRESOLVED
tmp\mosaic-25.2\logs\log-20260602-172233-MaGaCellStudy\bandwidthMeasurements\ALL#ALL#ALL#Dn.csv,DOWNLINK,176,globalNetwork,39360,UNRESOLVED
tmp\mosaic-25.2\logs\log-20260602-172233-MaGaCellStudy\bandwidthMeasurements\ALL#ALL#ALL#Dn.csv,DOWNLINK,176,region_central_degraded,7872,UNRESOLVED
tmp\mosaic-25.2\logs\log-20260602-172233-MaGaCellStudy\bandwidthMeasurements\ALL#ALL#ALL#Dn.csv,DOWNLINK,176,region_north_normal,123000,UNRESOLVED
tmp\mosaic-25.2\logs\log-20260602-172233-MaGaCellStudy\bandwidthMeasurements\ALL#ALL#ALL#Dn.csv,DOWNLINK,177,globalNetwork,0,UNRESOLVED
tmp\mosaic-25.2\logs\log-20260602-172233-MaGaCellStudy\bandwidthMeasurements\ALL#ALL#ALL#Dn.csv,DOWNLINK,177,region_central_degraded,0,UNRESOLVED
tmp\mosaic-25.2\logs\log-20260602-172233-MaGaCellStudy\bandwidthMeasurements\ALL#ALL#ALL#Dn.csv,DOWNLINK,177,region_north_normal,0,UNRESOLVED
tmp\mosaic-25.2\logs\log-20260602-172233-MaGaCellStudy\bandwidthMeasurements\ALL#ALL#ALL#Dn.csv,DOWNLINK,178,globalNetwork,39360,UNRESOLVED
tmp\mosaic-25.2\logs\log-20260602-172233-MaGaCellStudy\bandwidthMeasurements\ALL#ALL#ALL#Dn.csv,DOWNLINK,178,region_central_degraded,15744,UNRESOLVED
tmp\mosaic-25.2\logs\log-20260602-172233-MaGaCellStudy\bandwidthMeasurements\ALL#ALL#ALL#Dn.csv,DOWNLINK,178,region_north_normal,98400,UNRESOLVED
tmp\mosaic-25.2\logs\log-20260602-172233-MaGaCellStudy\bandwidthMeasurements\ALL#ALL#ALL#Dn.csv,DOWNLINK,179,globalNetwork,0,UNRESOLVED
tmp\mosaic-25.2\logs\log-20260602-172233-MaGaCellStudy\bandwidthMeasurements\ALL#ALL#ALL#Dn.csv,DOWNLINK,179,region_central_degraded,0,UNRESOLVED
tmp\mosaic-25.2\logs\log-20260602-172233-MaGaCellStudy\bandwidthMeasurements\ALL#ALL#ALL#Dn.csv,DOWNLINK,179,region_north_normal,0,UNRESOLVED
tmp\mosaic-25.2\logs\log-20260602-172233-MaGaCellStudy\bandwidthMeasurements\ALL#ALL#ALL#Dn.csv,DOWNLINK,180,globalNetwork,39360,UNRESOLVED
tmp\mosaic-25.2\logs\log-20260602-172233-MaGaCellStudy\bandwidthMeasurements\ALL#ALL#ALL#Dn.csv,DOWNLINK,180,region_central_degraded,15744,UNRESOLVED
tmp\mosaic-25.2\logs\log-20260602-172233-MaGaCellStudy\bandwidthMeasurements\ALL#ALL#ALL#Dn.csv,DOWNLINK,180,region_north_normal,123000,UNRESOLVED
tmp\mosaic-25.2\logs\log-20260602-172233-MaGaCellStudy\bandwidthMeasurements\ALL#ALL#ALL#Dn.csv,DOWNLINK,181,globalNetwork,0,UNRESOLVED
tmp\mosaic-25.2\logs\log-20260602-172233-MaGaCellStudy\bandwidthMeasurements\ALL#ALL#ALL#Dn.csv,DOWNLINK,181,region_central_degraded,0,UNRESOLVED
tmp\mosaic-25.2\logs\log-20260602-172233-MaGaCellStudy\bandwidthMeasurements\ALL#ALL#ALL#Dn.csv,DOWNLINK,181,region_north_normal,0,UNRESOLVED
tmp\mosaic-25.2\logs\log-20260602-172233-MaGaCellStudy\bandwidthMeasurements\ALL#ALL#ALL#Dn.csv,DOWNLINK,182,globalNetwork,39360,UNRESOLVED
tmp\mosaic-25.2\logs\log-20260602-172233-MaGaCellStudy\bandwidthMeasurements\ALL#ALL#ALL#Dn.csv,DOWNLINK,182,region_central_degraded,15744,UNRESOLVED
tmp\mosaic-25.2\logs\log-20260602-172233-MaGaCellStudy\bandwidthMeasurements\ALL#ALL#ALL#Dn.csv,DOWNLINK,182,region_north_normal,123000,UNRESOLVED
tmp\mosaic-25.2\logs\log-20260602-172233-MaGaCellStudy\bandwidthMeasurements\ALL#ALL#ALL#Dn.csv,DOWNLINK,183,globalNetwork,0,UNRESOLVED
tmp\mosaic-25.2\logs\log-20260602-172233-MaGaCellStudy\bandwidthMeasurements\ALL#ALL#ALL#Dn.csv,DOWNLINK,183,region_central_degraded,0,UNRESOLVED
tmp\mosaic-25.2\logs\log-20260602-172233-MaGaCellStudy\bandwidthMeasurements\ALL#ALL#ALL#Dn.csv,DOWNLINK,183,region_north_normal,0,UNRESOLVED
tmp\mosaic-25.2\logs\log-20260602-172233-MaGaCellStudy\bandwidthMeasurements\ALL#ALL#ALL#Dn.csv,DOWNLINK,184,globalNetwork,39360,UNRESOLVED
tmp\mosaic-25.2\logs\log-20260602-172233-MaGaCellStudy\bandwidthMeasurements\ALL#ALL#ALL#Dn.csv,DOWNLINK,184,region_central_degraded,15744,UNRESOLVED
tmp\mosaic-25.2\logs\log-20260602-172233-MaGaCellStudy\bandwidthMeasurements\ALL#ALL#ALL#Dn.csv,DOWNLINK,184,region_north_normal,123000,UNRESOLVED
tmp\mosaic-25.2\logs\log-20260602-172233-MaGaCellStudy\bandwidthMeasurements\ALL#ALL#ALL#Dn.csv,DOWNLINK,185,globalNetwork,0,UNRESOLVED
tmp\mosaic-25.2\logs\log-20260602-172233-MaGaCellStudy\bandwidthMeasurements\ALL#ALL#ALL#Dn.csv,DOWNLINK,185,region_central_degraded,0,UNRESOLVED
tmp\mosaic-25.2\logs\log-20260602-172233-MaGaCellStudy\bandwidthMeasurements\ALL#ALL#ALL#Dn.csv,DOWNLINK,185,region_north_normal,0,UNRESOLVED
tmp\mosaic-25.2\logs\log-20260602-172233-MaGaCellStudy\bandwidthMeasurements\ALL#ALL#ALL#Dn.csv,DOWNLINK,186,globalNetwork,39360,UNRESOLVED
tmp\mosaic-25.2\logs\log-20260602-172233-MaGaCellStudy\bandwidthMeasurements\ALL#ALL#ALL#Dn.csv,DOWNLINK,186,region_central_degraded,15744,UNRESOLVED
tmp\mosaic-25.2\logs\log-20260602-172233-MaGaCellStudy\bandwidthMeasurements\ALL#ALL#ALL#Dn.csv,DOWNLINK,186,region_north_normal,123000,UNRESOLVED
tmp\mosaic-25.2\logs\log-20260602-172233-MaGaCellStudy\bandwidthMeasurements\ALL#ALL#ALL#Dn.csv,DOWNLINK,187,globalNetwork,0,UNRESOLVED
tmp\mosaic-25.2\logs\log-20260602-172233-MaGaCellStudy\bandwidthMeasurements\ALL#ALL#ALL#Dn.csv,DOWNLINK,187,region_central_degraded,0,UNRESOLVED
tmp\mosaic-25.2\logs\log-20260602-172233-MaGaCellStudy\bandwidthMeasurements\ALL#ALL#ALL#Dn.csv,DOWNLINK,187,region_north_normal,0,UNRESOLVED
tmp\mosaic-25.2\logs\log-20260602-172233-MaGaCellStudy\bandwidthMeasurements\ALL#ALL#ALL#Dn.csv,DOWNLINK,188,globalNetwork,39360,UNRESOLVED
tmp\mosaic-25.2\logs\log-20260602-172233-MaGaCellStudy\bandwidthMeasurements\ALL#ALL#ALL#Dn.csv,DOWNLINK,188,region_central_degraded,15744,UNRESOLVED
tmp\mosaic-25.2\logs\log-20260602-172233-MaGaCellStudy\bandwidthMeasurements\ALL#ALL#ALL#Dn.csv,DOWNLINK,188,region_north_normal,123000,UNRESOLVED
tmp\mosaic-25.2\logs\log-20260602-172233-MaGaCellStudy\bandwidthMeasurements\ALL#ALL#ALL#Dn.csv,DOWNLINK,189,globalNetwork,0,UNRESOLVED
tmp\mosaic-25.2\logs\log-20260602-172233-MaGaCellStudy\bandwidthMeasurements\ALL#ALL#ALL#Dn.csv,DOWNLINK,189,region_central_degraded,0,UNRESOLVED
tmp\mosaic-25.2\logs\log-20260602-172233-MaGaCellStudy\bandwidthMeasurements\ALL#ALL#ALL#Dn.csv,DOWNLINK,189,region_north_normal,0,UNRESOLVED
tmp\mosaic-25.2\logs\log-20260602-172233-MaGaCellStudy\bandwidthMeasurements\ALL#ALL#ALL#Dn.csv,DOWNLINK,190,globalNetwork,39360,UNRESOLVED
tmp\mosaic-25.2\logs\log-20260602-172233-MaGaCellStudy\bandwidthMeasurements\ALL#ALL#ALL#Dn.csv,DOWNLINK,190,region_central_degraded,15744,UNRESOLVED
tmp\mosaic-25.2\logs\log-20260602-172233-MaGaCellStudy\bandwidthMeasurements\ALL#ALL#ALL#Dn.csv,DOWNLINK,190,region_north_normal,123000,UNRESOLVED
tmp\mosaic-25.2\logs\log-20260602-172233-MaGaCellStudy\bandwidthMeasurements\ALL#ALL#ALL#Dn.csv,DOWNLINK,191,globalNetwork,0,UNRESOLVED
tmp\mosaic-25.2\logs\log-20260602-172233-MaGaCellStudy\bandwidthMeasurements\ALL#ALL#ALL#Dn.csv,DOWNLINK,191,region_central_degraded,0,UNRESOLVED
tmp\mosaic-25.2\logs\log-20260602-172233-MaGaCellStudy\bandwidthMeasurements\ALL#ALL#ALL#Dn.csv,DOWNLINK,191,region_north_normal,0,UNRESOLVED
tmp\mosaic-25.2\logs\log-20260602-172233-MaGaCellStudy\bandwidthMeasurements\ALL#ALL#ALL#Dn.csv,DOWNLINK,192,globalNetwork,39360,UNRESOLVED
tmp\mosaic-25.2\logs\log-20260602-172233-MaGaCellStudy\bandwidthMeasurements\ALL#ALL#ALL#Dn.csv,DOWNLINK,192,region_central_degraded,15744,UNRESOLVED
tmp\mosaic-25.2\logs\log-20260602-172233-MaGaCellStudy\bandwidthMeasurements\ALL#ALL#ALL#Dn.csv,DOWNLINK,192,region_north_normal,123000,UNRESOLVED
tmp\mosaic-25.2\logs\log-20260602-172233-MaGaCellStudy\bandwidthMeasurements\ALL#ALL#ALL#Dn.csv,DOWNLINK,193,globalNetwork,0,UNRESOLVED
tmp\mosaic-25.2\logs\log-20260602-172233-MaGaCellStudy\bandwidthMeasurements\ALL#ALL#ALL#Dn.csv,DOWNLINK,193,region_central_degraded,0,UNRESOLVED
tmp\mosaic-25.2\logs\log-20260602-172233-MaGaCellStudy\bandwidthMeasurements\ALL#ALL#ALL#Dn.csv,DOWNLINK,193,region_north_normal,0,UNRESOLVED
tmp\mosaic-25.2\logs\log-20260602-172233-MaGaCellStudy\bandwidthMeasurements\ALL#ALL#ALL#Dn.csv,DOWNLINK,194,globalNetwork,39360,UNRESOLVED
tmp\mosaic-25.2\logs\log-20260602-172233-MaGaCellStudy\bandwidthMeasurements\ALL#ALL#ALL#Dn.csv,DOWNLINK,194,region_central_degraded,15744,UNRESOLVED
tmp\mosaic-25.2\logs\log-20260602-172233-MaGaCellStudy\bandwidthMeasurements\ALL#ALL#ALL#Dn.csv,DOWNLINK,194,region_north_normal,123000,UNRESOLVED
tmp\mosaic-25.2\logs\log-20260602-172233-MaGaCellStudy\bandwidthMeasurements\ALL#ALL#ALL#Dn.csv,DOWNLINK,195,globalNetwork,0,UNRESOLVED
tmp\mosaic-25.2\logs\log-20260602-172233-MaGaCellStudy\bandwidthMeasurements\ALL#ALL#ALL#Dn.csv,DOWNLINK,195,region_central_degraded,0,UNRESOLVED
tmp\mosaic-25.2\logs\log-20260602-172233-MaGaCellStudy\bandwidthMeasurements\ALL#ALL#ALL#Dn.csv,DOWNLINK,195,region_north_normal,0,UNRESOLVED
tmp\mosaic-25.2\logs\log-20260602-172233-MaGaCellStudy\bandwidthMeasurements\ALL#ALL#ALL#Dn.csv,DOWNLINK,196,globalNetwork,39360,UNRESOLVED
tmp\mosaic-25.2\logs\log-20260602-172233-MaGaCellStudy\bandwidthMeasurements\ALL#ALL#ALL#Dn.csv,DOWNLINK,196,region_central_degraded,15744,UNRESOLVED
tmp\mosaic-25.2\logs\log-20260602-172233-MaGaCellStudy\bandwidthMeasurements\ALL#ALL#ALL#Dn.csv,DOWNLINK,196,region_north_normal,123000,UNRESOLVED
tmp\mosaic-25.2\logs\log-20260602-172233-MaGaCellStudy\bandwidthMeasurements\ALL#ALL#ALL#Dn.csv,DOWNLINK,197,globalNetwork,0,UNRESOLVED
tmp\mosaic-25.2\logs\log-20260602-172233-MaGaCellStudy\bandwidthMeasurements\ALL#ALL#ALL#Dn.csv,DOWNLINK,197,region_central_degraded,0,UNRESOLVED
tmp\mosaic-25.2\logs\log-20260602-172233-MaGaCellStudy\bandwidthMeasurements\ALL#ALL#ALL#Dn.csv,DOWNLINK,197,region_north_normal,0,UNRESOLVED
tmp\mosaic-25.2\logs\log-20260602-172233-MaGaCellStudy\bandwidthMeasurements\ALL#ALL#ALL#Dn.csv,DOWNLINK,198,globalNetwork,39360,UNRESOLVED
tmp\mosaic-25.2\logs\log-20260602-172233-MaGaCellStudy\bandwidthMeasurements\ALL#ALL#ALL#Dn.csv,DOWNLINK,198,region_central_degraded,15744,UNRESOLVED
tmp\mosaic-25.2\logs\log-20260602-172233-MaGaCellStudy\bandwidthMeasurements\ALL#ALL#ALL#Dn.csv,DOWNLINK,198,region_north_normal,123000,UNRESOLVED
tmp\mosaic-25.2\logs\log-20260602-172233-MaGaCellStudy\bandwidthMeasurements\ALL#ALL#ALL#Dn.csv,DOWNLINK,199,globalNetwork,0,UNRESOLVED
tmp\mosaic-25.2\logs\log-20260602-172233-MaGaCellStudy\bandwidthMeasurements\ALL#ALL#ALL#Dn.csv,DOWNLINK,199,region_central_degraded,0,UNRESOLVED
tmp\mosaic-25.2\logs\log-20260602-172233-MaGaCellStudy\bandwidthMeasurements\ALL#ALL#ALL#Dn.csv,DOWNLINK,199,region_north_normal,0,UNRESOLVED
tmp\mosaic-25.2\logs\log-20260602-172233-MaGaCellStudy\bandwidthMeasurements\ALL#ALL#ALL#Dn.csv,DOWNLINK,200,globalNetwork,59040,UNRESOLVED
tmp\mosaic-25.2\logs\log-20260602-172233-MaGaCellStudy\bandwidthMeasurements\ALL#ALL#ALL#Dn.csv,DOWNLINK,200,region_central_degraded,15744,UNRESOLVED
tmp\mosaic-25.2\logs\log-20260602-172233-MaGaCellStudy\bandwidthMeasurements\ALL#ALL#ALL#Dn.csv,DOWNLINK,200,region_north_normal,98400,UNRESOLVED
tmp\mosaic-25.2\logs\log-20260602-172233-MaGaCellStudy\bandwidthMeasurements\ALL#ALL#ALL#Dn.csv,DOWNLINK,201,globalNetwork,0,UNRESOLVED
tmp\mosaic-25.2\logs\log-20260602-172233-MaGaCellStudy\bandwidthMeasurements\ALL#ALL#ALL#Dn.csv,DOWNLINK,201,region_central_degraded,0,UNRESOLVED
tmp\mosaic-25.2\logs\log-20260602-172233-MaGaCellStudy\bandwidthMeasurements\ALL#ALL#ALL#Dn.csv,DOWNLINK,201,region_north_normal,0,UNRESOLVED
tmp\mosaic-25.2\logs\log-20260602-172233-MaGaCellStudy\bandwidthMeasurements\ALL#ALL#ALL#Dn.csv,DOWNLINK,202,globalNetwork,78720,UNRESOLVED
tmp\mosaic-25.2\logs\log-20260602-172233-MaGaCellStudy\bandwidthMeasurements\ALL#ALL#ALL#Dn.csv,DOWNLINK,202,region_central_degraded,15744,UNRESOLVED
tmp\mosaic-25.2\logs\log-20260602-172233-MaGaCellStudy\bandwidthMeasurements\ALL#ALL#ALL#Dn.csv,DOWNLINK,202,region_north_normal,98400,UNRESOLVED
tmp\mosaic-25.2\logs\log-20260602-172233-MaGaCellStudy\bandwidthMeasurements\ALL#ALL#ALL#Dn.csv,DOWNLINK,203,globalNetwork,0,UNRESOLVED
tmp\mosaic-25.2\logs\log-20260602-172233-MaGaCellStudy\bandwidthMeasurements\ALL#ALL#ALL#Dn.csv,DOWNLINK,203,region_central_degraded,0,UNRESOLVED
tmp\mosaic-25.2\logs\log-20260602-172233-MaGaCellStudy\bandwidthMeasurements\ALL#ALL#ALL#Dn.csv,DOWNLINK,203,region_north_normal,0,UNRESOLVED
tmp\mosaic-25.2\logs\log-20260602-172233-MaGaCellStudy\bandwidthMeasurements\ALL#ALL#ALL#Dn.csv,DOWNLINK,204,globalNetwork,78720,UNRESOLVED
tmp\mosaic-25.2\logs\log-20260602-172233-MaGaCellStudy\bandwidthMeasurements\ALL#ALL#ALL#Dn.csv,DOWNLINK,204,region_central_degraded,7872,UNRESOLVED
tmp\mosaic-25.2\logs\log-20260602-172233-MaGaCellStudy\bandwidthMeasurements\ALL#ALL#ALL#Dn.csv,DOWNLINK,204,region_north_normal,98400,UNRESOLVED
tmp\mosaic-25.2\logs\log-20260602-172233-MaGaCellStudy\bandwidthMeasurements\ALL#ALL#ALL#Dn.csv,DOWNLINK,205,globalNetwork,0,UNRESOLVED
tmp\mosaic-25.2\logs\log-20260602-172233-MaGaCellStudy\bandwidthMeasurements\ALL#ALL#ALL#Dn.csv,DOWNLINK,205,region_central_degraded,0,UNRESOLVED
tmp\mosaic-25.2\logs\log-20260602-172233-MaGaCellStudy\bandwidthMeasurements\ALL#ALL#ALL#Dn.csv,DOWNLINK,205,region_north_normal,0,UNRESOLVED
tmp\mosaic-25.2\logs\log-20260602-172233-MaGaCellStudy\bandwidthMeasurements\ALL#ALL#ALL#Dn.csv,DOWNLINK,206,globalNetwork,98400,UNRESOLVED
tmp\mosaic-25.2\logs\log-20260602-172233-MaGaCellStudy\bandwidthMeasurements\ALL#ALL#ALL#Dn.csv,DOWNLINK,206,region_central_degraded,7872,UNRESOLVED
tmp\mosaic-25.2\logs\log-20260602-172233-MaGaCellStudy\bandwidthMeasurements\ALL#ALL#ALL#Dn.csv,DOWNLINK,206,region_north_normal,73800,UNRESOLVED
tmp\mosaic-25.2\logs\log-20260602-172233-MaGaCellStudy\bandwidthMeasurements\ALL#ALL#ALL#Dn.csv,DOWNLINK,207,globalNetwork,0,UNRESOLVED
tmp\mosaic-25.2\logs\log-20260602-172233-MaGaCellStudy\bandwidthMeasurements\ALL#ALL#ALL#Dn.csv,DOWNLINK,207,region_central_degraded,0,UNRESOLVED
tmp\mosaic-25.2\logs\log-20260602-172233-MaGaCellStudy\bandwidthMeasurements\ALL#ALL#ALL#Dn.csv,DOWNLINK,207,region_north_normal,0,UNRESOLVED
tmp\mosaic-25.2\logs\log-20260602-172233-MaGaCellStudy\bandwidthMeasurements\ALL#ALL#ALL#Dn.csv,DOWNLINK,208,globalNetwork,98400,UNRESOLVED
tmp\mosaic-25.2\logs\log-20260602-172233-MaGaCellStudy\bandwidthMeasurements\ALL#ALL#ALL#Dn.csv,DOWNLINK,208,region_central_degraded,15744,UNRESOLVED
tmp\mosaic-25.2\logs\log-20260602-172233-MaGaCellStudy\bandwidthMeasurements\ALL#ALL#ALL#Dn.csv,DOWNLINK,208,region_north_normal,73800,UNRESOLVED
tmp\mosaic-25.2\logs\log-20260602-172233-MaGaCellStudy\bandwidthMeasurements\ALL#ALL#ALL#Dn.csv,DOWNLINK,209,globalNetwork,0,UNRESOLVED
tmp\mosaic-25.2\logs\log-20260602-172233-MaGaCellStudy\bandwidthMeasurements\ALL#ALL#ALL#Dn.csv,DOWNLINK,209,region_central_degraded,0,UNRESOLVED
tmp\mosaic-25.2\logs\log-20260602-172233-MaGaCellStudy\bandwidthMeasurements\ALL#ALL#ALL#Dn.csv,DOWNLINK,209,region_north_normal,0,UNRESOLVED
tmp\mosaic-25.2\logs\log-20260602-172233-MaGaCellStudy\bandwidthMeasurements\ALL#ALL#ALL#Dn.csv,DOWNLINK,210,globalNetwork,98400,UNRESOLVED
tmp\mosaic-25.2\logs\log-20260602-172233-MaGaCellStudy\bandwidthMeasurements\ALL#ALL#ALL#Dn.csv,DOWNLINK,210,region_central_degraded,15744,UNRESOLVED
tmp\mosaic-25.2\logs\log-20260602-172233-MaGaCellStudy\bandwidthMeasurements\ALL#ALL#ALL#Dn.csv,DOWNLINK,210,region_north_normal,73800,UNRESOLVED
tmp\mosaic-25.2\logs\log-20260602-172233-MaGaCellStudy\bandwidthMeasurements\ALL#ALL#ALL#Dn.csv,DOWNLINK,211,globalNetwork,0,UNRESOLVED
tmp\mosaic-25.2\logs\log-20260602-172233-MaGaCellStudy\bandwidthMeasurements\ALL#ALL#ALL#Dn.csv,DOWNLINK,211,region_central_degraded,0,UNRESOLVED
tmp\mosaic-25.2\logs\log-20260602-172233-MaGaCellStudy\bandwidthMeasurements\ALL#ALL#ALL#Dn.csv,DOWNLINK,211,region_north_normal,0,UNRESOLVED
tmp\mosaic-25.2\logs\log-20260602-172233-MaGaCellStudy\bandwidthMeasurements\ALL#ALL#ALL#Dn.csv,DOWNLINK,212,globalNetwork,98400,UNRESOLVED
tmp\mosaic-25.2\logs\log-20260602-172233-MaGaCellStudy\bandwidthMeasurements\ALL#ALL#ALL#Dn.csv,DOWNLINK,212,region_central_degraded,15744,UNRESOLVED
tmp\mosaic-25.2\logs\log-20260602-172233-MaGaCellStudy\bandwidthMeasurements\ALL#ALL#ALL#Dn.csv,DOWNLINK,212,region_north_normal,73800,UNRESOLVED
tmp\mosaic-25.2\logs\log-20260602-172233-MaGaCellStudy\bandwidthMeasurements\ALL#ALL#ALL#Dn.csv,DOWNLINK,213,globalNetwork,0,UNRESOLVED
tmp\mosaic-25.2\logs\log-20260602-172233-MaGaCellStudy\bandwidthMeasurements\ALL#ALL#ALL#Dn.csv,DOWNLINK,213,region_central_degraded,0,UNRESOLVED
tmp\mosaic-25.2\logs\log-20260602-172233-MaGaCellStudy\bandwidthMeasurements\ALL#ALL#ALL#Dn.csv,DOWNLINK,213,region_north_normal,0,UNRESOLVED
tmp\mosaic-25.2\logs\log-20260602-172233-MaGaCellStudy\bandwidthMeasurements\ALL#ALL#ALL#Dn.csv,DOWNLINK,214,globalNetwork,98400,UNRESOLVED
tmp\mosaic-25.2\logs\log-20260602-172233-MaGaCellStudy\bandwidthMeasurements\ALL#ALL#ALL#Dn.csv,DOWNLINK,214,region_central_degraded,15744,UNRESOLVED
tmp\mosaic-25.2\logs\log-20260602-172233-MaGaCellStudy\bandwidthMeasurements\ALL#ALL#ALL#Dn.csv,DOWNLINK,214,region_north_normal,73800,UNRESOLVED
tmp\mosaic-25.2\logs\log-20260602-172233-MaGaCellStudy\bandwidthMeasurements\ALL#ALL#ALL#Dn.csv,DOWNLINK,215,globalNetwork,0,UNRESOLVED
tmp\mosaic-25.2\logs\log-20260602-172233-MaGaCellStudy\bandwidthMeasurements\ALL#ALL#ALL#Dn.csv,DOWNLINK,215,region_central_degraded,0,UNRESOLVED
tmp\mosaic-25.2\logs\log-20260602-172233-MaGaCellStudy\bandwidthMeasurements\ALL#ALL#ALL#Dn.csv,DOWNLINK,215,region_north_normal,0,UNRESOLVED
tmp\mosaic-25.2\logs\log-20260602-172233-MaGaCellStudy\bandwidthMeasurements\ALL#ALL#ALL#Dn.csv,DOWNLINK,216,globalNetwork,118080,UNRESOLVED
tmp\mosaic-25.2\logs\log-20260602-172233-MaGaCellStudy\bandwidthMeasurements\ALL#ALL#ALL#Dn.csv,DOWNLINK,216,region_central_degraded,15744,UNRESOLVED
tmp\mosaic-25.2\logs\log-20260602-172233-MaGaCellStudy\bandwidthMeasurements\ALL#ALL#ALL#Dn.csv,DOWNLINK,216,region_north_normal,49200,UNRESOLVED
tmp\mosaic-25.2\logs\log-20260602-172233-MaGaCellStudy\bandwidthMeasurements\ALL#ALL#ALL#Dn.csv,DOWNLINK,217,globalNetwork,0,UNRESOLVED
tmp\mosaic-25.2\logs\log-20260602-172233-MaGaCellStudy\bandwidthMeasurements\ALL#ALL#ALL#Dn.csv,DOWNLINK,217,region_central_degraded,0,UNRESOLVED
tmp\mosaic-25.2\logs\log-20260602-172233-MaGaCellStudy\bandwidthMeasurements\ALL#ALL#ALL#Dn.csv,DOWNLINK,217,region_north_normal,0,UNRESOLVED
tmp\mosaic-25.2\logs\log-20260602-172233-MaGaCellStudy\bandwidthMeasurements\ALL#ALL#ALL#Dn.csv,DOWNLINK,218,globalNetwork,118080,UNRESOLVED
tmp\mosaic-25.2\logs\log-20260602-172233-MaGaCellStudy\bandwidthMeasurements\ALL#ALL#ALL#Dn.csv,DOWNLINK,218,region_central_degraded,15744,UNRESOLVED
tmp\mosaic-25.2\logs\log-20260602-172233-MaGaCellStudy\bandwidthMeasurements\ALL#ALL#ALL#Dn.csv,DOWNLINK,218,region_north_normal,49200,UNRESOLVED
tmp\mosaic-25.2\logs\log-20260602-172233-MaGaCellStudy\bandwidthMeasurements\ALL#ALL#ALL#Dn.csv,DOWNLINK,219,globalNetwork,0,UNRESOLVED
tmp\mosaic-25.2\logs\log-20260602-172233-MaGaCellStudy\bandwidthMeasurements\ALL#ALL#ALL#Dn.csv,DOWNLINK,219,region_central_degraded,0,UNRESOLVED
tmp\mosaic-25.2\logs\log-20260602-172233-MaGaCellStudy\bandwidthMeasurements\ALL#ALL#ALL#Dn.csv,DOWNLINK,219,region_north_normal,0,UNRESOLVED
tmp\mosaic-25.2\logs\log-20260602-172233-MaGaCellStudy\bandwidthMeasurements\ALL#ALL#ALL#Dn.csv,DOWNLINK,220,globalNetwork,118080,UNRESOLVED
tmp\mosaic-25.2\logs\log-20260602-172233-MaGaCellStudy\bandwidthMeasurements\ALL#ALL#ALL#Dn.csv,DOWNLINK,220,region_central_degraded,7872,UNRESOLVED
tmp\mosaic-25.2\logs\log-20260602-172233-MaGaCellStudy\bandwidthMeasurements\ALL#ALL#ALL#Dn.csv,DOWNLINK,220,region_north_normal,49200,UNRESOLVED
tmp\mosaic-25.2\logs\log-20260602-172233-MaGaCellStudy\bandwidthMeasurements\ALL#ALL#ALL#Dn.csv,DOWNLINK,221,globalNetwork,0,UNRESOLVED
tmp\mosaic-25.2\logs\log-20260602-172233-MaGaCellStudy\bandwidthMeasurements\ALL#ALL#ALL#Dn.csv,DOWNLINK,221,region_central_degraded,0,UNRESOLVED
tmp\mosaic-25.2\logs\log-20260602-172233-MaGaCellStudy\bandwidthMeasurements\ALL#ALL#ALL#Dn.csv,DOWNLINK,221,region_north_normal,0,UNRESOLVED
tmp\mosaic-25.2\logs\log-20260602-172233-MaGaCellStudy\bandwidthMeasurements\ALL#ALL#ALL#Dn.csv,DOWNLINK,222,globalNetwork,118080,UNRESOLVED
tmp\mosaic-25.2\logs\log-20260602-172233-MaGaCellStudy\bandwidthMeasurements\ALL#ALL#ALL#Dn.csv,DOWNLINK,222,region_central_degraded,15744,UNRESOLVED
tmp\mosaic-25.2\logs\log-20260602-172233-MaGaCellStudy\bandwidthMeasurements\ALL#ALL#ALL#Dn.csv,DOWNLINK,222,region_north_normal,49200,UNRESOLVED
tmp\mosaic-25.2\logs\log-20260602-172233-MaGaCellStudy\bandwidthMeasurements\ALL#ALL#ALL#Dn.csv,DOWNLINK,223,globalNetwork,0,UNRESOLVED
tmp\mosaic-25.2\logs\log-20260602-172233-MaGaCellStudy\bandwidthMeasurements\ALL#ALL#ALL#Dn.csv,DOWNLINK,223,region_central_degraded,0,UNRESOLVED
tmp\mosaic-25.2\logs\log-20260602-172233-MaGaCellStudy\bandwidthMeasurements\ALL#ALL#ALL#Dn.csv,DOWNLINK,223,region_north_normal,0,UNRESOLVED
tmp\mosaic-25.2\logs\log-20260602-172233-MaGaCellStudy\bandwidthMeasurements\ALL#ALL#ALL#Dn.csv,DOWNLINK,224,globalNetwork,118080,UNRESOLVED
tmp\mosaic-25.2\logs\log-20260602-172233-MaGaCellStudy\bandwidthMeasurements\ALL#ALL#ALL#Dn.csv,DOWNLINK,224,region_central_degraded,15744,UNRESOLVED
tmp\mosaic-25.2\logs\log-20260602-172233-MaGaCellStudy\bandwidthMeasurements\ALL#ALL#ALL#Dn.csv,DOWNLINK,224,region_north_normal,49200,UNRESOLVED
tmp\mosaic-25.2\logs\log-20260602-172233-MaGaCellStudy\bandwidthMeasurements\ALL#ALL#ALL#Dn.csv,DOWNLINK,225,globalNetwork,0,UNRESOLVED
tmp\mosaic-25.2\logs\log-20260602-172233-MaGaCellStudy\bandwidthMeasurements\ALL#ALL#ALL#Dn.csv,DOWNLINK,225,region_central_degraded,0,UNRESOLVED
tmp\mosaic-25.2\logs\log-20260602-172233-MaGaCellStudy\bandwidthMeasurements\ALL#ALL#ALL#Dn.csv,DOWNLINK,225,region_north_normal,0,UNRESOLVED
tmp\mosaic-25.2\logs\log-20260602-172233-MaGaCellStudy\bandwidthMeasurements\ALL#ALL#ALL#Dn.csv,DOWNLINK,226,globalNetwork,118080,UNRESOLVED
tmp\mosaic-25.2\logs\log-20260602-172233-MaGaCellStudy\bandwidthMeasurements\ALL#ALL#ALL#Dn.csv,DOWNLINK,226,region_central_degraded,15744,UNRESOLVED
tmp\mosaic-25.2\logs\log-20260602-172233-MaGaCellStudy\bandwidthMeasurements\ALL#ALL#ALL#Dn.csv,DOWNLINK,226,region_north_normal,73800,UNRESOLVED
tmp\mosaic-25.2\logs\log-20260602-172233-MaGaCellStudy\bandwidthMeasurements\ALL#ALL#ALL#Dn.csv,DOWNLINK,227,globalNetwork,0,UNRESOLVED
tmp\mosaic-25.2\logs\log-20260602-172233-MaGaCellStudy\bandwidthMeasurements\ALL#ALL#ALL#Dn.csv,DOWNLINK,227,region_central_degraded,0,UNRESOLVED
tmp\mosaic-25.2\logs\log-20260602-172233-MaGaCellStudy\bandwidthMeasurements\ALL#ALL#ALL#Dn.csv,DOWNLINK,227,region_north_normal,0,UNRESOLVED
tmp\mosaic-25.2\logs\log-20260602-172233-MaGaCellStudy\bandwidthMeasurements\ALL#ALL#ALL#Dn.csv,DOWNLINK,228,globalNetwork,118080,UNRESOLVED
tmp\mosaic-25.2\logs\log-20260602-172233-MaGaCellStudy\bandwidthMeasurements\ALL#ALL#ALL#Dn.csv,DOWNLINK,228,region_central_degraded,15744,UNRESOLVED
tmp\mosaic-25.2\logs\log-20260602-172233-MaGaCellStudy\bandwidthMeasurements\ALL#ALL#ALL#Dn.csv,DOWNLINK,228,region_north_normal,73800,UNRESOLVED
tmp\mosaic-25.2\logs\log-20260602-172233-MaGaCellStudy\bandwidthMeasurements\ALL#ALL#ALL#Dn.csv,DOWNLINK,229,globalNetwork,0,UNRESOLVED
tmp\mosaic-25.2\logs\log-20260602-172233-MaGaCellStudy\bandwidthMeasurements\ALL#ALL#ALL#Dn.csv,DOWNLINK,229,region_central_degraded,0,UNRESOLVED
tmp\mosaic-25.2\logs\log-20260602-172233-MaGaCellStudy\bandwidthMeasurements\ALL#ALL#ALL#Dn.csv,DOWNLINK,229,region_north_normal,0,UNRESOLVED
tmp\mosaic-25.2\logs\log-20260602-172233-MaGaCellStudy\bandwidthMeasurements\ALL#ALL#ALL#Dn.csv,DOWNLINK,230,globalNetwork,118080,UNRESOLVED
tmp\mosaic-25.2\logs\log-20260602-172233-MaGaCellStudy\bandwidthMeasurements\ALL#ALL#ALL#Dn.csv,DOWNLINK,230,region_central_degraded,15744,UNRESOLVED
tmp\mosaic-25.2\logs\log-20260602-172233-MaGaCellStudy\bandwidthMeasurements\ALL#ALL#ALL#Dn.csv,DOWNLINK,230,region_north_normal,73800,UNRESOLVED
tmp\mosaic-25.2\logs\log-20260602-172233-MaGaCellStudy\bandwidthMeasurements\ALL#ALL#ALL#Dn.csv,DOWNLINK,231,globalNetwork,0,UNRESOLVED
tmp\mosaic-25.2\logs\log-20260602-172233-MaGaCellStudy\bandwidthMeasurements\ALL#ALL#ALL#Dn.csv,DOWNLINK,231,region_central_degraded,0,UNRESOLVED
tmp\mosaic-25.2\logs\log-20260602-172233-MaGaCellStudy\bandwidthMeasurements\ALL#ALL#ALL#Dn.csv,DOWNLINK,231,region_north_normal,0,UNRESOLVED
tmp\mosaic-25.2\logs\log-20260602-172233-MaGaCellStudy\bandwidthMeasurements\ALL#ALL#ALL#Dn.csv,DOWNLINK,232,globalNetwork,118080,UNRESOLVED
tmp\mosaic-25.2\logs\log-20260602-172233-MaGaCellStudy\bandwidthMeasurements\ALL#ALL#ALL#Dn.csv,DOWNLINK,232,region_central_degraded,15744,UNRESOLVED
tmp\mosaic-25.2\logs\log-20260602-172233-MaGaCellStudy\bandwidthMeasurements\ALL#ALL#ALL#Dn.csv,DOWNLINK,232,region_north_normal,73800,UNRESOLVED
tmp\mosaic-25.2\logs\log-20260602-172233-MaGaCellStudy\bandwidthMeasurements\ALL#ALL#ALL#Dn.csv,DOWNLINK,233,globalNetwork,0,UNRESOLVED
tmp\mosaic-25.2\logs\log-20260602-172233-MaGaCellStudy\bandwidthMeasurements\ALL#ALL#ALL#Dn.csv,DOWNLINK,233,region_central_degraded,0,UNRESOLVED
tmp\mosaic-25.2\logs\log-20260602-172233-MaGaCellStudy\bandwidthMeasurements\ALL#ALL#ALL#Dn.csv,DOWNLINK,233,region_north_normal,0,UNRESOLVED
tmp\mosaic-25.2\logs\log-20260602-172233-MaGaCellStudy\bandwidthMeasurements\ALL#ALL#ALL#Dn.csv,DOWNLINK,234,globalNetwork,118080,UNRESOLVED
tmp\mosaic-25.2\logs\log-20260602-172233-MaGaCellStudy\bandwidthMeasurements\ALL#ALL#ALL#Dn.csv,DOWNLINK,234,region_central_degraded,15744,UNRESOLVED
tmp\mosaic-25.2\logs\log-20260602-172233-MaGaCellStudy\bandwidthMeasurements\ALL#ALL#ALL#Dn.csv,DOWNLINK,234,region_north_normal,73800,UNRESOLVED
tmp\mosaic-25.2\logs\log-20260602-172233-MaGaCellStudy\bandwidthMeasurements\ALL#ALL#ALL#Dn.csv,DOWNLINK,235,globalNetwork,0,UNRESOLVED
tmp\mosaic-25.2\logs\log-20260602-172233-MaGaCellStudy\bandwidthMeasurements\ALL#ALL#ALL#Dn.csv,DOWNLINK,235,region_central_degraded,0,UNRESOLVED
tmp\mosaic-25.2\logs\log-20260602-172233-MaGaCellStudy\bandwidthMeasurements\ALL#ALL#ALL#Dn.csv,DOWNLINK,235,region_north_normal,0,UNRESOLVED
tmp\mosaic-25.2\logs\log-20260602-172233-MaGaCellStudy\bandwidthMeasurements\ALL#ALL#ALL#Dn.csv,DOWNLINK,236,globalNetwork,137760,UNRESOLVED
tmp\mosaic-25.2\logs\log-20260602-172233-MaGaCellStudy\bandwidthMeasurements\ALL#ALL#ALL#Dn.csv,DOWNLINK,236,region_central_degraded,15744,UNRESOLVED
tmp\mosaic-25.2\logs\log-20260602-172233-MaGaCellStudy\bandwidthMeasurements\ALL#ALL#ALL#Dn.csv,DOWNLINK,236,region_north_normal,49200,UNRESOLVED
tmp\mosaic-25.2\logs\log-20260602-172233-MaGaCellStudy\bandwidthMeasurements\ALL#ALL#ALL#Dn.csv,DOWNLINK,237,globalNetwork,0,UNRESOLVED
tmp\mosaic-25.2\logs\log-20260602-172233-MaGaCellStudy\bandwidthMeasurements\ALL#ALL#ALL#Dn.csv,DOWNLINK,237,region_central_degraded,0,UNRESOLVED
tmp\mosaic-25.2\logs\log-20260602-172233-MaGaCellStudy\bandwidthMeasurements\ALL#ALL#ALL#Dn.csv,DOWNLINK,237,region_north_normal,0,UNRESOLVED
tmp\mosaic-25.2\logs\log-20260602-172233-MaGaCellStudy\bandwidthMeasurements\ALL#ALL#ALL#Dn.csv,DOWNLINK,238,globalNetwork,137760,UNRESOLVED
tmp\mosaic-25.2\logs\log-20260602-172233-MaGaCellStudy\bandwidthMeasurements\ALL#ALL#ALL#Dn.csv,DOWNLINK,238,region_central_degraded,15744,UNRESOLVED
tmp\mosaic-25.2\logs\log-20260602-172233-MaGaCellStudy\bandwidthMeasurements\ALL#ALL#ALL#Dn.csv,DOWNLINK,238,region_north_normal,49200,UNRESOLVED
tmp\mosaic-25.2\logs\log-20260602-172233-MaGaCellStudy\bandwidthMeasurements\ALL#ALL#ALL#Dn.csv,DOWNLINK,239,globalNetwork,0,UNRESOLVED
tmp\mosaic-25.2\logs\log-20260602-172233-MaGaCellStudy\bandwidthMeasurements\ALL#ALL#ALL#Dn.csv,DOWNLINK,239,region_central_degraded,0,UNRESOLVED
tmp\mosaic-25.2\logs\log-20260602-172233-MaGaCellStudy\bandwidthMeasurements\ALL#ALL#ALL#Dn.csv,DOWNLINK,239,region_north_normal,0,UNRESOLVED
tmp\mosaic-25.2\logs\log-20260602-172233-MaGaCellStudy\bandwidthMeasurements\ALL#ALL#ALL#Dn.csv,DOWNLINK,240,globalNetwork,137760,UNRESOLVED
tmp\mosaic-25.2\logs\log-20260602-172233-MaGaCellStudy\bandwidthMeasurements\ALL#ALL#ALL#Dn.csv,DOWNLINK,240,region_central_degraded,15744,UNRESOLVED
tmp\mosaic-25.2\logs\log-20260602-172233-MaGaCellStudy\bandwidthMeasurements\ALL#ALL#ALL#Dn.csv,DOWNLINK,240,region_north_normal,49200,UNRESOLVED
tmp\mosaic-25.2\logs\log-20260602-172233-MaGaCellStudy\bandwidthMeasurements\ALL#ALL#ALL#Dn.csv,DOWNLINK,241,globalNetwork,0,UNRESOLVED
tmp\mosaic-25.2\logs\log-20260602-172233-MaGaCellStudy\bandwidthMeasurements\ALL#ALL#ALL#Dn.csv,DOWNLINK,241,region_central_degraded,0,UNRESOLVED
tmp\mosaic-25.2\logs\log-20260602-172233-MaGaCellStudy\bandwidthMeasurements\ALL#ALL#ALL#Dn.csv,DOWNLINK,241,region_north_normal,0,UNRESOLVED
tmp\mosaic-25.2\logs\log-20260602-172233-MaGaCellStudy\bandwidthMeasurements\ALL#ALL#ALL#Dn.csv,DOWNLINK,242,globalNetwork,137760,UNRESOLVED
tmp\mosaic-25.2\logs\log-20260602-172233-MaGaCellStudy\bandwidthMeasurements\ALL#ALL#ALL#Dn.csv,DOWNLINK,242,region_central_degraded,7872,UNRESOLVED
tmp\mosaic-25.2\logs\log-20260602-172233-MaGaCellStudy\bandwidthMeasurements\ALL#ALL#ALL#Dn.csv,DOWNLINK,242,region_north_normal,49200,UNRESOLVED
tmp\mosaic-25.2\logs\log-20260602-172233-MaGaCellStudy\bandwidthMeasurements\ALL#ALL#ALL#Dn.csv,DOWNLINK,243,globalNetwork,0,UNRESOLVED
tmp\mosaic-25.2\logs\log-20260602-172233-MaGaCellStudy\bandwidthMeasurements\ALL#ALL#ALL#Dn.csv,DOWNLINK,243,region_central_degraded,0,UNRESOLVED
tmp\mosaic-25.2\logs\log-20260602-172233-MaGaCellStudy\bandwidthMeasurements\ALL#ALL#ALL#Dn.csv,DOWNLINK,243,region_north_normal,0,UNRESOLVED
tmp\mosaic-25.2\logs\log-20260602-172233-MaGaCellStudy\bandwidthMeasurements\ALL#ALL#ALL#Dn.csv,DOWNLINK,244,globalNetwork,137760,UNRESOLVED
tmp\mosaic-25.2\logs\log-20260602-172233-MaGaCellStudy\bandwidthMeasurements\ALL#ALL#ALL#Dn.csv,DOWNLINK,244,region_central_degraded,15744,UNRESOLVED
tmp\mosaic-25.2\logs\log-20260602-172233-MaGaCellStudy\bandwidthMeasurements\ALL#ALL#ALL#Dn.csv,DOWNLINK,244,region_north_normal,49200,UNRESOLVED
tmp\mosaic-25.2\logs\log-20260602-172233-MaGaCellStudy\bandwidthMeasurements\ALL#ALL#ALL#Dn.csv,DOWNLINK,245,globalNetwork,0,UNRESOLVED
tmp\mosaic-25.2\logs\log-20260602-172233-MaGaCellStudy\bandwidthMeasurements\ALL#ALL#ALL#Dn.csv,DOWNLINK,245,region_central_degraded,0,UNRESOLVED
tmp\mosaic-25.2\logs\log-20260602-172233-MaGaCellStudy\bandwidthMeasurements\ALL#ALL#ALL#Dn.csv,DOWNLINK,245,region_north_normal,0,UNRESOLVED
tmp\mosaic-25.2\logs\log-20260602-172233-MaGaCellStudy\bandwidthMeasurements\ALL#ALL#ALL#Dn.csv,DOWNLINK,246,globalNetwork,137760,UNRESOLVED
tmp\mosaic-25.2\logs\log-20260602-172233-MaGaCellStudy\bandwidthMeasurements\ALL#ALL#ALL#Dn.csv,DOWNLINK,246,region_central_degraded,7872,UNRESOLVED
tmp\mosaic-25.2\logs\log-20260602-172233-MaGaCellStudy\bandwidthMeasurements\ALL#ALL#ALL#Dn.csv,DOWNLINK,246,region_north_normal,49200,UNRESOLVED
tmp\mosaic-25.2\logs\log-20260602-172233-MaGaCellStudy\bandwidthMeasurements\ALL#ALL#ALL#Dn.csv,DOWNLINK,247,globalNetwork,0,UNRESOLVED
tmp\mosaic-25.2\logs\log-20260602-172233-MaGaCellStudy\bandwidthMeasurements\ALL#ALL#ALL#Dn.csv,DOWNLINK,247,region_central_degraded,0,UNRESOLVED
tmp\mosaic-25.2\logs\log-20260602-172233-MaGaCellStudy\bandwidthMeasurements\ALL#ALL#ALL#Dn.csv,DOWNLINK,247,region_north_normal,0,UNRESOLVED
tmp\mosaic-25.2\logs\log-20260602-172233-MaGaCellStudy\bandwidthMeasurements\ALL#ALL#ALL#Dn.csv,DOWNLINK,248,globalNetwork,137760,UNRESOLVED
tmp\mosaic-25.2\logs\log-20260602-172233-MaGaCellStudy\bandwidthMeasurements\ALL#ALL#ALL#Dn.csv,DOWNLINK,248,region_central_degraded,15744,UNRESOLVED
tmp\mosaic-25.2\logs\log-20260602-172233-MaGaCellStudy\bandwidthMeasurements\ALL#ALL#ALL#Dn.csv,DOWNLINK,248,region_north_normal,49200,UNRESOLVED
tmp\mosaic-25.2\logs\log-20260602-172233-MaGaCellStudy\bandwidthMeasurements\ALL#ALL#ALL#Dn.csv,DOWNLINK,249,globalNetwork,0,UNRESOLVED
tmp\mosaic-25.2\logs\log-20260602-172233-MaGaCellStudy\bandwidthMeasurements\ALL#ALL#ALL#Dn.csv,DOWNLINK,249,region_central_degraded,0,UNRESOLVED
tmp\mosaic-25.2\logs\log-20260602-172233-MaGaCellStudy\bandwidthMeasurements\ALL#ALL#ALL#Dn.csv,DOWNLINK,249,region_north_normal,0,UNRESOLVED
tmp\mosaic-25.2\logs\log-20260602-172233-MaGaCellStudy\bandwidthMeasurements\ALL#ALL#ALL#Dn.csv,DOWNLINK,250,globalNetwork,137760,UNRESOLVED
tmp\mosaic-25.2\logs\log-20260602-172233-MaGaCellStudy\bandwidthMeasurements\ALL#ALL#ALL#Dn.csv,DOWNLINK,250,region_central_degraded,15744,UNRESOLVED
tmp\mosaic-25.2\logs\log-20260602-172233-MaGaCellStudy\bandwidthMeasurements\ALL#ALL#ALL#Dn.csv,DOWNLINK,250,region_north_normal,49200,UNRESOLVED
tmp\mosaic-25.2\logs\log-20260602-172233-MaGaCellStudy\bandwidthMeasurements\ALL#ALL#ALL#Dn.csv,DOWNLINK,251,globalNetwork,0,UNRESOLVED
tmp\mosaic-25.2\logs\log-20260602-172233-MaGaCellStudy\bandwidthMeasurements\ALL#ALL#ALL#Dn.csv,DOWNLINK,251,region_central_degraded,0,UNRESOLVED
tmp\mosaic-25.2\logs\log-20260602-172233-MaGaCellStudy\bandwidthMeasurements\ALL#ALL#ALL#Dn.csv,DOWNLINK,251,region_north_normal,0,UNRESOLVED
tmp\mosaic-25.2\logs\log-20260602-172233-MaGaCellStudy\bandwidthMeasurements\ALL#ALL#ALL#Dn.csv,DOWNLINK,252,globalNetwork,137760,UNRESOLVED
tmp\mosaic-25.2\logs\log-20260602-172233-MaGaCellStudy\bandwidthMeasurements\ALL#ALL#ALL#Dn.csv,DOWNLINK,252,region_central_degraded,15744,UNRESOLVED
tmp\mosaic-25.2\logs\log-20260602-172233-MaGaCellStudy\bandwidthMeasurements\ALL#ALL#ALL#Dn.csv,DOWNLINK,252,region_north_normal,73800,UNRESOLVED
tmp\mosaic-25.2\logs\log-20260602-172233-MaGaCellStudy\bandwidthMeasurements\ALL#ALL#ALL#Dn.csv,DOWNLINK,253,globalNetwork,0,UNRESOLVED
tmp\mosaic-25.2\logs\log-20260602-172233-MaGaCellStudy\bandwidthMeasurements\ALL#ALL#ALL#Dn.csv,DOWNLINK,253,region_central_degraded,0,UNRESOLVED
tmp\mosaic-25.2\logs\log-20260602-172233-MaGaCellStudy\bandwidthMeasurements\ALL#ALL#ALL#Dn.csv,DOWNLINK,253,region_north_normal,0,UNRESOLVED
tmp\mosaic-25.2\logs\log-20260602-172233-MaGaCellStudy\bandwidthMeasurements\ALL#ALL#ALL#Dn.csv,DOWNLINK,254,globalNetwork,137760,UNRESOLVED
tmp\mosaic-25.2\logs\log-20260602-172233-MaGaCellStudy\bandwidthMeasurements\ALL#ALL#ALL#Dn.csv,DOWNLINK,254,region_central_degraded,7872,UNRESOLVED
tmp\mosaic-25.2\logs\log-20260602-172233-MaGaCellStudy\bandwidthMeasurements\ALL#ALL#ALL#Dn.csv,DOWNLINK,254,region_north_normal,49200,UNRESOLVED
tmp\mosaic-25.2\logs\log-20260602-172233-MaGaCellStudy\bandwidthMeasurements\ALL#ALL#ALL#Dn.csv,DOWNLINK,255,globalNetwork,0,UNRESOLVED
tmp\mosaic-25.2\logs\log-20260602-172233-MaGaCellStudy\bandwidthMeasurements\ALL#ALL#ALL#Dn.csv,DOWNLINK,255,region_central_degraded,0,UNRESOLVED
tmp\mosaic-25.2\logs\log-20260602-172233-MaGaCellStudy\bandwidthMeasurements\ALL#ALL#ALL#Dn.csv,DOWNLINK,255,region_north_normal,0,UNRESOLVED
tmp\mosaic-25.2\logs\log-20260602-172233-MaGaCellStudy\bandwidthMeasurements\ALL#ALL#ALL#Dn.csv,DOWNLINK,256,globalNetwork,137760,UNRESOLVED
tmp\mosaic-25.2\logs\log-20260602-172233-MaGaCellStudy\bandwidthMeasurements\ALL#ALL#ALL#Dn.csv,DOWNLINK,256,region_central_degraded,15744,UNRESOLVED
tmp\mosaic-25.2\logs\log-20260602-172233-MaGaCellStudy\bandwidthMeasurements\ALL#ALL#ALL#Dn.csv,DOWNLINK,256,region_north_normal,73800,UNRESOLVED
tmp\mosaic-25.2\logs\log-20260602-172233-MaGaCellStudy\bandwidthMeasurements\ALL#ALL#ALL#Dn.csv,DOWNLINK,257,globalNetwork,0,UNRESOLVED
tmp\mosaic-25.2\logs\log-20260602-172233-MaGaCellStudy\bandwidthMeasurements\ALL#ALL#ALL#Dn.csv,DOWNLINK,257,region_central_degraded,0,UNRESOLVED
tmp\mosaic-25.2\logs\log-20260602-172233-MaGaCellStudy\bandwidthMeasurements\ALL#ALL#ALL#Dn.csv,DOWNLINK,257,region_north_normal,0,UNRESOLVED
tmp\mosaic-25.2\logs\log-20260602-172233-MaGaCellStudy\bandwidthMeasurements\ALL#ALL#ALL#Dn.csv,DOWNLINK,258,globalNetwork,137760,UNRESOLVED
tmp\mosaic-25.2\logs\log-20260602-172233-MaGaCellStudy\bandwidthMeasurements\ALL#ALL#ALL#Dn.csv,DOWNLINK,258,region_central_degraded,15744,UNRESOLVED
tmp\mosaic-25.2\logs\log-20260602-172233-MaGaCellStudy\bandwidthMeasurements\ALL#ALL#ALL#Dn.csv,DOWNLINK,258,region_north_normal,73800,UNRESOLVED
tmp\mosaic-25.2\logs\log-20260602-172233-MaGaCellStudy\bandwidthMeasurements\ALL#ALL#ALL#Dn.csv,DOWNLINK,259,globalNetwork,0,UNRESOLVED
tmp\mosaic-25.2\logs\log-20260602-172233-MaGaCellStudy\bandwidthMeasurements\ALL#ALL#ALL#Dn.csv,DOWNLINK,259,region_central_degraded,0,UNRESOLVED
tmp\mosaic-25.2\logs\log-20260602-172233-MaGaCellStudy\bandwidthMeasurements\ALL#ALL#ALL#Dn.csv,DOWNLINK,259,region_north_normal,0,UNRESOLVED
tmp\mosaic-25.2\logs\log-20260602-172233-MaGaCellStudy\bandwidthMeasurements\ALL#ALL#ALL#Dn.csv,DOWNLINK,260,globalNetwork,137760,UNRESOLVED
tmp\mosaic-25.2\logs\log-20260602-172233-MaGaCellStudy\bandwidthMeasurements\ALL#ALL#ALL#Dn.csv,DOWNLINK,260,region_central_degraded,15744,UNRESOLVED
tmp\mosaic-25.2\logs\log-20260602-172233-MaGaCellStudy\bandwidthMeasurements\ALL#ALL#ALL#Dn.csv,DOWNLINK,260,region_north_normal,73800,UNRESOLVED
tmp\mosaic-25.2\logs\log-20260602-172233-MaGaCellStudy\bandwidthMeasurements\ALL#ALL#ALL#Dn.csv,DOWNLINK,261,globalNetwork,0,UNRESOLVED
tmp\mosaic-25.2\logs\log-20260602-172233-MaGaCellStudy\bandwidthMeasurements\ALL#ALL#ALL#Dn.csv,DOWNLINK,261,region_central_degraded,0,UNRESOLVED
tmp\mosaic-25.2\logs\log-20260602-172233-MaGaCellStudy\bandwidthMeasurements\ALL#ALL#ALL#Dn.csv,DOWNLINK,261,region_north_normal,0,UNRESOLVED
tmp\mosaic-25.2\logs\log-20260602-172233-MaGaCellStudy\bandwidthMeasurements\ALL#ALL#ALL#Dn.csv,DOWNLINK,262,globalNetwork,137760,UNRESOLVED
tmp\mosaic-25.2\logs\log-20260602-172233-MaGaCellStudy\bandwidthMeasurements\ALL#ALL#ALL#Dn.csv,DOWNLINK,262,region_central_degraded,15744,UNRESOLVED
tmp\mosaic-25.2\logs\log-20260602-172233-MaGaCellStudy\bandwidthMeasurements\ALL#ALL#ALL#Dn.csv,DOWNLINK,262,region_north_normal,73800,UNRESOLVED
tmp\mosaic-25.2\logs\log-20260602-172233-MaGaCellStudy\bandwidthMeasurements\ALL#ALL#ALL#Dn.csv,DOWNLINK,263,globalNetwork,0,UNRESOLVED
tmp\mosaic-25.2\logs\log-20260602-172233-MaGaCellStudy\bandwidthMeasurements\ALL#ALL#ALL#Dn.csv,DOWNLINK,263,region_central_degraded,0,UNRESOLVED
tmp\mosaic-25.2\logs\log-20260602-172233-MaGaCellStudy\bandwidthMeasurements\ALL#ALL#ALL#Dn.csv,DOWNLINK,263,region_north_normal,0,UNRESOLVED
tmp\mosaic-25.2\logs\log-20260602-172233-MaGaCellStudy\bandwidthMeasurements\ALL#ALL#ALL#Dn.csv,DOWNLINK,264,globalNetwork,137760,UNRESOLVED
tmp\mosaic-25.2\logs\log-20260602-172233-MaGaCellStudy\bandwidthMeasurements\ALL#ALL#ALL#Dn.csv,DOWNLINK,264,region_central_degraded,15744,UNRESOLVED
tmp\mosaic-25.2\logs\log-20260602-172233-MaGaCellStudy\bandwidthMeasurements\ALL#ALL#ALL#Dn.csv,DOWNLINK,264,region_north_normal,73800,UNRESOLVED
tmp\mosaic-25.2\logs\log-20260602-172233-MaGaCellStudy\bandwidthMeasurements\ALL#ALL#ALL#Dn.csv,DOWNLINK,265,globalNetwork,0,UNRESOLVED
tmp\mosaic-25.2\logs\log-20260602-172233-MaGaCellStudy\bandwidthMeasurements\ALL#ALL#ALL#Dn.csv,DOWNLINK,265,region_central_degraded,0,UNRESOLVED
tmp\mosaic-25.2\logs\log-20260602-172233-MaGaCellStudy\bandwidthMeasurements\ALL#ALL#ALL#Dn.csv,DOWNLINK,265,region_north_normal,0,UNRESOLVED
tmp\mosaic-25.2\logs\log-20260602-172233-MaGaCellStudy\bandwidthMeasurements\ALL#ALL#ALL#Dn.csv,DOWNLINK,266,globalNetwork,137760,UNRESOLVED
tmp\mosaic-25.2\logs\log-20260602-172233-MaGaCellStudy\bandwidthMeasurements\ALL#ALL#ALL#Dn.csv,DOWNLINK,266,region_central_degraded,15744,UNRESOLVED
tmp\mosaic-25.2\logs\log-20260602-172233-MaGaCellStudy\bandwidthMeasurements\ALL#ALL#ALL#Dn.csv,DOWNLINK,266,region_north_normal,73800,UNRESOLVED
tmp\mosaic-25.2\logs\log-20260602-172233-MaGaCellStudy\bandwidthMeasurements\ALL#ALL#ALL#Dn.csv,DOWNLINK,267,globalNetwork,0,UNRESOLVED
tmp\mosaic-25.2\logs\log-20260602-172233-MaGaCellStudy\bandwidthMeasurements\ALL#ALL#ALL#Dn.csv,DOWNLINK,267,region_central_degraded,0,UNRESOLVED
tmp\mosaic-25.2\logs\log-20260602-172233-MaGaCellStudy\bandwidthMeasurements\ALL#ALL#ALL#Dn.csv,DOWNLINK,267,region_north_normal,0,UNRESOLVED
tmp\mosaic-25.2\logs\log-20260602-172233-MaGaCellStudy\bandwidthMeasurements\ALL#ALL#ALL#Dn.csv,DOWNLINK,268,globalNetwork,137760,UNRESOLVED
tmp\mosaic-25.2\logs\log-20260602-172233-MaGaCellStudy\bandwidthMeasurements\ALL#ALL#ALL#Dn.csv,DOWNLINK,268,region_central_degraded,15744,UNRESOLVED
tmp\mosaic-25.2\logs\log-20260602-172233-MaGaCellStudy\bandwidthMeasurements\ALL#ALL#ALL#Dn.csv,DOWNLINK,268,region_north_normal,73800,UNRESOLVED
tmp\mosaic-25.2\logs\log-20260602-172233-MaGaCellStudy\bandwidthMeasurements\ALL#ALL#ALL#Dn.csv,DOWNLINK,269,globalNetwork,0,UNRESOLVED
tmp\mosaic-25.2\logs\log-20260602-172233-MaGaCellStudy\bandwidthMeasurements\ALL#ALL#ALL#Dn.csv,DOWNLINK,269,region_central_degraded,0,UNRESOLVED
tmp\mosaic-25.2\logs\log-20260602-172233-MaGaCellStudy\bandwidthMeasurements\ALL#ALL#ALL#Dn.csv,DOWNLINK,269,region_north_normal,0,UNRESOLVED
tmp\mosaic-25.2\logs\log-20260602-172233-MaGaCellStudy\bandwidthMeasurements\ALL#ALL#ALL#Dn.csv,DOWNLINK,270,globalNetwork,137760,UNRESOLVED
tmp\mosaic-25.2\logs\log-20260602-172233-MaGaCellStudy\bandwidthMeasurements\ALL#ALL#ALL#Dn.csv,DOWNLINK,270,region_central_degraded,15744,UNRESOLVED
tmp\mosaic-25.2\logs\log-20260602-172233-MaGaCellStudy\bandwidthMeasurements\ALL#ALL#ALL#Dn.csv,DOWNLINK,270,region_north_normal,73800,UNRESOLVED
tmp\mosaic-25.2\logs\log-20260602-172233-MaGaCellStudy\bandwidthMeasurements\ALL#ALL#ALL#Dn.csv,DOWNLINK,271,globalNetwork,0,UNRESOLVED
tmp\mosaic-25.2\logs\log-20260602-172233-MaGaCellStudy\bandwidthMeasurements\ALL#ALL#ALL#Dn.csv,DOWNLINK,271,region_central_degraded,0,UNRESOLVED
tmp\mosaic-25.2\logs\log-20260602-172233-MaGaCellStudy\bandwidthMeasurements\ALL#ALL#ALL#Dn.csv,DOWNLINK,271,region_north_normal,0,UNRESOLVED
tmp\mosaic-25.2\logs\log-20260602-172233-MaGaCellStudy\bandwidthMeasurements\ALL#ALL#ALL#Dn.csv,DOWNLINK,272,globalNetwork,137760,UNRESOLVED
tmp\mosaic-25.2\logs\log-20260602-172233-MaGaCellStudy\bandwidthMeasurements\ALL#ALL#ALL#Dn.csv,DOWNLINK,272,region_central_degraded,15744,UNRESOLVED
tmp\mosaic-25.2\logs\log-20260602-172233-MaGaCellStudy\bandwidthMeasurements\ALL#ALL#ALL#Dn.csv,DOWNLINK,272,region_north_normal,73800,UNRESOLVED
tmp\mosaic-25.2\logs\log-20260602-172233-MaGaCellStudy\bandwidthMeasurements\ALL#ALL#ALL#Dn.csv,DOWNLINK,273,globalNetwork,0,UNRESOLVED
tmp\mosaic-25.2\logs\log-20260602-172233-MaGaCellStudy\bandwidthMeasurements\ALL#ALL#ALL#Dn.csv,DOWNLINK,273,region_central_degraded,0,UNRESOLVED
tmp\mosaic-25.2\logs\log-20260602-172233-MaGaCellStudy\bandwidthMeasurements\ALL#ALL#ALL#Dn.csv,DOWNLINK,273,region_north_normal,0,UNRESOLVED
tmp\mosaic-25.2\logs\log-20260602-172233-MaGaCellStudy\bandwidthMeasurements\ALL#ALL#ALL#Dn.csv,DOWNLINK,274,globalNetwork,137760,UNRESOLVED
tmp\mosaic-25.2\logs\log-20260602-172233-MaGaCellStudy\bandwidthMeasurements\ALL#ALL#ALL#Dn.csv,DOWNLINK,274,region_central_degraded,15744,UNRESOLVED
tmp\mosaic-25.2\logs\log-20260602-172233-MaGaCellStudy\bandwidthMeasurements\ALL#ALL#ALL#Dn.csv,DOWNLINK,274,region_north_normal,73800,UNRESOLVED
tmp\mosaic-25.2\logs\log-20260602-172233-MaGaCellStudy\bandwidthMeasurements\ALL#ALL#ALL#Dn.csv,DOWNLINK,275,globalNetwork,0,UNRESOLVED
tmp\mosaic-25.2\logs\log-20260602-172233-MaGaCellStudy\bandwidthMeasurements\ALL#ALL#ALL#Dn.csv,DOWNLINK,275,region_central_degraded,0,UNRESOLVED
tmp\mosaic-25.2\logs\log-20260602-172233-MaGaCellStudy\bandwidthMeasurements\ALL#ALL#ALL#Dn.csv,DOWNLINK,275,region_north_normal,0,UNRESOLVED
tmp\mosaic-25.2\logs\log-20260602-172233-MaGaCellStudy\bandwidthMeasurements\ALL#ALL#ALL#Dn.csv,DOWNLINK,276,globalNetwork,137760,UNRESOLVED
tmp\mosaic-25.2\logs\log-20260602-172233-MaGaCellStudy\bandwidthMeasurements\ALL#ALL#ALL#Dn.csv,DOWNLINK,276,region_central_degraded,15744,UNRESOLVED
tmp\mosaic-25.2\logs\log-20260602-172233-MaGaCellStudy\bandwidthMeasurements\ALL#ALL#ALL#Dn.csv,DOWNLINK,276,region_north_normal,73800,UNRESOLVED
tmp\mosaic-25.2\logs\log-20260602-172233-MaGaCellStudy\bandwidthMeasurements\ALL#ALL#ALL#Dn.csv,DOWNLINK,277,globalNetwork,0,UNRESOLVED
tmp\mosaic-25.2\logs\log-20260602-172233-MaGaCellStudy\bandwidthMeasurements\ALL#ALL#ALL#Dn.csv,DOWNLINK,277,region_central_degraded,0,UNRESOLVED
tmp\mosaic-25.2\logs\log-20260602-172233-MaGaCellStudy\bandwidthMeasurements\ALL#ALL#ALL#Dn.csv,DOWNLINK,277,region_north_normal,0,UNRESOLVED
tmp\mosaic-25.2\logs\log-20260602-172233-MaGaCellStudy\bandwidthMeasurements\ALL#ALL#ALL#Dn.csv,DOWNLINK,278,globalNetwork,137760,UNRESOLVED
tmp\mosaic-25.2\logs\log-20260602-172233-MaGaCellStudy\bandwidthMeasurements\ALL#ALL#ALL#Dn.csv,DOWNLINK,278,region_central_degraded,15744,UNRESOLVED
tmp\mosaic-25.2\logs\log-20260602-172233-MaGaCellStudy\bandwidthMeasurements\ALL#ALL#ALL#Dn.csv,DOWNLINK,278,region_north_normal,73800,UNRESOLVED
tmp\mosaic-25.2\logs\log-20260602-172233-MaGaCellStudy\bandwidthMeasurements\ALL#ALL#ALL#Dn.csv,DOWNLINK,279,globalNetwork,0,UNRESOLVED
tmp\mosaic-25.2\logs\log-20260602-172233-MaGaCellStudy\bandwidthMeasurements\ALL#ALL#ALL#Dn.csv,DOWNLINK,279,region_central_degraded,0,UNRESOLVED
tmp\mosaic-25.2\logs\log-20260602-172233-MaGaCellStudy\bandwidthMeasurements\ALL#ALL#ALL#Dn.csv,DOWNLINK,279,region_north_normal,0,UNRESOLVED
tmp\mosaic-25.2\logs\log-20260602-172233-MaGaCellStudy\bandwidthMeasurements\ALL#ALL#ALL#Dn.csv,DOWNLINK,280,globalNetwork,137760,UNRESOLVED
tmp\mosaic-25.2\logs\log-20260602-172233-MaGaCellStudy\bandwidthMeasurements\ALL#ALL#ALL#Dn.csv,DOWNLINK,280,region_central_degraded,15744,UNRESOLVED
tmp\mosaic-25.2\logs\log-20260602-172233-MaGaCellStudy\bandwidthMeasurements\ALL#ALL#ALL#Dn.csv,DOWNLINK,280,region_north_normal,73800,UNRESOLVED
tmp\mosaic-25.2\logs\log-20260602-172233-MaGaCellStudy\bandwidthMeasurements\ALL#ALL#ALL#Dn.csv,DOWNLINK,281,globalNetwork,0,UNRESOLVED
tmp\mosaic-25.2\logs\log-20260602-172233-MaGaCellStudy\bandwidthMeasurements\ALL#ALL#ALL#Dn.csv,DOWNLINK,281,region_central_degraded,0,UNRESOLVED
tmp\mosaic-25.2\logs\log-20260602-172233-MaGaCellStudy\bandwidthMeasurements\ALL#ALL#ALL#Dn.csv,DOWNLINK,281,region_north_normal,0,UNRESOLVED
tmp\mosaic-25.2\logs\log-20260602-172233-MaGaCellStudy\bandwidthMeasurements\ALL#ALL#ALL#Dn.csv,DOWNLINK,282,globalNetwork,137760,UNRESOLVED
tmp\mosaic-25.2\logs\log-20260602-172233-MaGaCellStudy\bandwidthMeasurements\ALL#ALL#ALL#Dn.csv,DOWNLINK,282,region_central_degraded,15744,UNRESOLVED
tmp\mosaic-25.2\logs\log-20260602-172233-MaGaCellStudy\bandwidthMeasurements\ALL#ALL#ALL#Dn.csv,DOWNLINK,282,region_north_normal,73800,UNRESOLVED
tmp\mosaic-25.2\logs\log-20260602-172233-MaGaCellStudy\bandwidthMeasurements\ALL#ALL#ALL#Dn.csv,DOWNLINK,283,globalNetwork,0,UNRESOLVED
tmp\mosaic-25.2\logs\log-20260602-172233-MaGaCellStudy\bandwidthMeasurements\ALL#ALL#ALL#Dn.csv,DOWNLINK,283,region_central_degraded,0,UNRESOLVED
tmp\mosaic-25.2\logs\log-20260602-172233-MaGaCellStudy\bandwidthMeasurements\ALL#ALL#ALL#Dn.csv,DOWNLINK,283,region_north_normal,0,UNRESOLVED
tmp\mosaic-25.2\logs\log-20260602-172233-MaGaCellStudy\bandwidthMeasurements\ALL#ALL#ALL#Dn.csv,DOWNLINK,284,globalNetwork,137760,UNRESOLVED
tmp\mosaic-25.2\logs\log-20260602-172233-MaGaCellStudy\bandwidthMeasurements\ALL#ALL#ALL#Dn.csv,DOWNLINK,284,region_central_degraded,15744,UNRESOLVED
tmp\mosaic-25.2\logs\log-20260602-172233-MaGaCellStudy\bandwidthMeasurements\ALL#ALL#ALL#Dn.csv,DOWNLINK,284,region_north_normal,73800,UNRESOLVED
tmp\mosaic-25.2\logs\log-20260602-172233-MaGaCellStudy\bandwidthMeasurements\ALL#ALL#ALL#Dn.csv,DOWNLINK,285,globalNetwork,0,UNRESOLVED
tmp\mosaic-25.2\logs\log-20260602-172233-MaGaCellStudy\bandwidthMeasurements\ALL#ALL#ALL#Dn.csv,DOWNLINK,285,region_central_degraded,0,UNRESOLVED
tmp\mosaic-25.2\logs\log-20260602-172233-MaGaCellStudy\bandwidthMeasurements\ALL#ALL#ALL#Dn.csv,DOWNLINK,285,region_north_normal,0,UNRESOLVED
tmp\mosaic-25.2\logs\log-20260602-172233-MaGaCellStudy\bandwidthMeasurements\ALL#ALL#ALL#Dn.csv,DOWNLINK,286,globalNetwork,157440,UNRESOLVED
tmp\mosaic-25.2\logs\log-20260602-172233-MaGaCellStudy\bandwidthMeasurements\ALL#ALL#ALL#Dn.csv,DOWNLINK,286,region_central_degraded,15744,UNRESOLVED
tmp\mosaic-25.2\logs\log-20260602-172233-MaGaCellStudy\bandwidthMeasurements\ALL#ALL#ALL#Dn.csv,DOWNLINK,286,region_north_normal,49200,UNRESOLVED
tmp\mosaic-25.2\logs\log-20260602-172233-MaGaCellStudy\bandwidthMeasurements\ALL#ALL#ALL#Dn.csv,DOWNLINK,287,globalNetwork,0,UNRESOLVED
tmp\mosaic-25.2\logs\log-20260602-172233-MaGaCellStudy\bandwidthMeasurements\ALL#ALL#ALL#Dn.csv,DOWNLINK,287,region_central_degraded,0,UNRESOLVED
tmp\mosaic-25.2\logs\log-20260602-172233-MaGaCellStudy\bandwidthMeasurements\ALL#ALL#ALL#Dn.csv,DOWNLINK,287,region_north_normal,0,UNRESOLVED
tmp\mosaic-25.2\logs\log-20260602-172233-MaGaCellStudy\bandwidthMeasurements\ALL#ALL#ALL#Dn.csv,DOWNLINK,288,globalNetwork,157440,UNRESOLVED
tmp\mosaic-25.2\logs\log-20260602-172233-MaGaCellStudy\bandwidthMeasurements\ALL#ALL#ALL#Dn.csv,DOWNLINK,288,region_central_degraded,15744,UNRESOLVED
tmp\mosaic-25.2\logs\log-20260602-172233-MaGaCellStudy\bandwidthMeasurements\ALL#ALL#ALL#Dn.csv,DOWNLINK,288,region_north_normal,49200,UNRESOLVED
tmp\mosaic-25.2\logs\log-20260602-172233-MaGaCellStudy\bandwidthMeasurements\ALL#ALL#ALL#Dn.csv,DOWNLINK,289,globalNetwork,0,UNRESOLVED
tmp\mosaic-25.2\logs\log-20260602-172233-MaGaCellStudy\bandwidthMeasurements\ALL#ALL#ALL#Dn.csv,DOWNLINK,289,region_central_degraded,0,UNRESOLVED
tmp\mosaic-25.2\logs\log-20260602-172233-MaGaCellStudy\bandwidthMeasurements\ALL#ALL#ALL#Dn.csv,DOWNLINK,289,region_north_normal,0,UNRESOLVED
tmp\mosaic-25.2\logs\log-20260602-172233-MaGaCellStudy\bandwidthMeasurements\ALL#ALL#ALL#Dn.csv,DOWNLINK,290,globalNetwork,157440,UNRESOLVED
tmp\mosaic-25.2\logs\log-20260602-172233-MaGaCellStudy\bandwidthMeasurements\ALL#ALL#ALL#Dn.csv,DOWNLINK,290,region_central_degraded,15744,UNRESOLVED
tmp\mosaic-25.2\logs\log-20260602-172233-MaGaCellStudy\bandwidthMeasurements\ALL#ALL#ALL#Dn.csv,DOWNLINK,290,region_north_normal,49200,UNRESOLVED
tmp\mosaic-25.2\logs\log-20260602-172233-MaGaCellStudy\bandwidthMeasurements\ALL#ALL#ALL#Dn.csv,DOWNLINK,291,globalNetwork,0,UNRESOLVED
tmp\mosaic-25.2\logs\log-20260602-172233-MaGaCellStudy\bandwidthMeasurements\ALL#ALL#ALL#Dn.csv,DOWNLINK,291,region_central_degraded,0,UNRESOLVED
tmp\mosaic-25.2\logs\log-20260602-172233-MaGaCellStudy\bandwidthMeasurements\ALL#ALL#ALL#Dn.csv,DOWNLINK,291,region_north_normal,0,UNRESOLVED
tmp\mosaic-25.2\logs\log-20260602-172233-MaGaCellStudy\bandwidthMeasurements\ALL#ALL#ALL#Dn.csv,DOWNLINK,292,globalNetwork,177120,UNRESOLVED
tmp\mosaic-25.2\logs\log-20260602-172233-MaGaCellStudy\bandwidthMeasurements\ALL#ALL#ALL#Dn.csv,DOWNLINK,292,region_central_degraded,15744,UNRESOLVED
tmp\mosaic-25.2\logs\log-20260602-172233-MaGaCellStudy\bandwidthMeasurements\ALL#ALL#ALL#Dn.csv,DOWNLINK,292,region_north_normal,24600,UNRESOLVED
tmp\mosaic-25.2\logs\log-20260602-172233-MaGaCellStudy\bandwidthMeasurements\ALL#ALL#ALL#Dn.csv,DOWNLINK,293,globalNetwork,0,UNRESOLVED
tmp\mosaic-25.2\logs\log-20260602-172233-MaGaCellStudy\bandwidthMeasurements\ALL#ALL#ALL#Dn.csv,DOWNLINK,293,region_central_degraded,0,UNRESOLVED
tmp\mosaic-25.2\logs\log-20260602-172233-MaGaCellStudy\bandwidthMeasurements\ALL#ALL#ALL#Dn.csv,DOWNLINK,293,region_north_normal,0,UNRESOLVED
tmp\mosaic-25.2\logs\log-20260602-172233-MaGaCellStudy\bandwidthMeasurements\ALL#ALL#ALL#Dn.csv,DOWNLINK,294,globalNetwork,177120,UNRESOLVED
tmp\mosaic-25.2\logs\log-20260602-172233-MaGaCellStudy\bandwidthMeasurements\ALL#ALL#ALL#Dn.csv,DOWNLINK,294,region_central_degraded,15744,UNRESOLVED
tmp\mosaic-25.2\logs\log-20260602-172233-MaGaCellStudy\bandwidthMeasurements\ALL#ALL#ALL#Dn.csv,DOWNLINK,294,region_north_normal,24600,UNRESOLVED
tmp\mosaic-25.2\logs\log-20260602-172233-MaGaCellStudy\bandwidthMeasurements\ALL#ALL#ALL#Dn.csv,DOWNLINK,295,globalNetwork,0,UNRESOLVED
tmp\mosaic-25.2\logs\log-20260602-172233-MaGaCellStudy\bandwidthMeasurements\ALL#ALL#ALL#Dn.csv,DOWNLINK,295,region_central_degraded,0,UNRESOLVED
tmp\mosaic-25.2\logs\log-20260602-172233-MaGaCellStudy\bandwidthMeasurements\ALL#ALL#ALL#Dn.csv,DOWNLINK,295,region_north_normal,0,UNRESOLVED
tmp\mosaic-25.2\logs\log-20260602-172233-MaGaCellStudy\bandwidthMeasurements\ALL#ALL#ALL#Dn.csv,DOWNLINK,296,globalNetwork,177120,UNRESOLVED
tmp\mosaic-25.2\logs\log-20260602-172233-MaGaCellStudy\bandwidthMeasurements\ALL#ALL#ALL#Dn.csv,DOWNLINK,296,region_central_degraded,15744,UNRESOLVED
tmp\mosaic-25.2\logs\log-20260602-172233-MaGaCellStudy\bandwidthMeasurements\ALL#ALL#ALL#Dn.csv,DOWNLINK,296,region_north_normal,24600,UNRESOLVED
tmp\mosaic-25.2\logs\log-20260602-172233-MaGaCellStudy\bandwidthMeasurements\ALL#ALL#ALL#Dn.csv,DOWNLINK,297,globalNetwork,0,UNRESOLVED
tmp\mosaic-25.2\logs\log-20260602-172233-MaGaCellStudy\bandwidthMeasurements\ALL#ALL#ALL#Dn.csv,DOWNLINK,297,region_central_degraded,0,UNRESOLVED
tmp\mosaic-25.2\logs\log-20260602-172233-MaGaCellStudy\bandwidthMeasurements\ALL#ALL#ALL#Dn.csv,DOWNLINK,297,region_north_normal,0,UNRESOLVED
tmp\mosaic-25.2\logs\log-20260602-172233-MaGaCellStudy\bandwidthMeasurements\ALL#ALL#ALL#Dn.csv,DOWNLINK,298,globalNetwork,196800,UNRESOLVED
tmp\mosaic-25.2\logs\log-20260602-172233-MaGaCellStudy\bandwidthMeasurements\ALL#ALL#ALL#Dn.csv,DOWNLINK,298,region_central_degraded,15744,UNRESOLVED
tmp\mosaic-25.2\logs\log-20260602-172233-MaGaCellStudy\bandwidthMeasurements\ALL#ALL#ALL#Dn.csv,DOWNLINK,298,region_north_normal,0,UNRESOLVED
tmp\mosaic-25.2\logs\log-20260602-172233-MaGaCellStudy\bandwidthMeasurements\ALL#ALL#ALL#Dn.csv,DOWNLINK,299,globalNetwork,0,UNRESOLVED
tmp\mosaic-25.2\logs\log-20260602-172233-MaGaCellStudy\bandwidthMeasurements\ALL#ALL#ALL#Dn.csv,DOWNLINK,299,region_central_degraded,0,UNRESOLVED
tmp\mosaic-25.2\logs\log-20260602-172233-MaGaCellStudy\bandwidthMeasurements\ALL#ALL#ALL#Dn.csv,DOWNLINK,299,region_north_normal,0,UNRESOLVED
tmp\mosaic-25.2\logs\log-20260602-172233-MaGaCellStudy\bandwidthMeasurements\ALL#ALL#ALL#Dn.csv,DOWNLINK,300,globalNetwork,196800,UNRESOLVED
tmp\mosaic-25.2\logs\log-20260602-172233-MaGaCellStudy\bandwidthMeasurements\ALL#ALL#ALL#Dn.csv,DOWNLINK,300,region_central_degraded,15744,UNRESOLVED
tmp\mosaic-25.2\logs\log-20260602-172233-MaGaCellStudy\bandwidthMeasurements\ALL#ALL#ALL#Dn.csv,DOWNLINK,300,region_north_normal,0,UNRESOLVED
tmp\mosaic-25.2\logs\log-20260602-172233-MaGaCellStudy\bandwidthMeasurements\ALL#ALL#ALL#Dn.csv,DOWNLINK,301,globalNetwork,0,UNRESOLVED
tmp\mosaic-25.2\logs\log-20260602-172233-MaGaCellStudy\bandwidthMeasurements\ALL#ALL#ALL#Dn.csv,DOWNLINK,301,region_central_degraded,0,UNRESOLVED
tmp\mosaic-25.2\logs\log-20260602-172233-MaGaCellStudy\bandwidthMeasurements\ALL#ALL#ALL#Dn.csv,DOWNLINK,301,region_north_normal,0,UNRESOLVED
tmp\mosaic-25.2\logs\log-20260602-172233-MaGaCellStudy\bandwidthMeasurements\ALL#ALL#ALL#Dn.csv,DOWNLINK,302,globalNetwork,196800,UNRESOLVED
tmp\mosaic-25.2\logs\log-20260602-172233-MaGaCellStudy\bandwidthMeasurements\ALL#ALL#ALL#Dn.csv,DOWNLINK,302,region_central_degraded,15744,UNRESOLVED
tmp\mosaic-25.2\logs\log-20260602-172233-MaGaCellStudy\bandwidthMeasurements\ALL#ALL#ALL#Dn.csv,DOWNLINK,302,region_north_normal,0,UNRESOLVED
tmp\mosaic-25.2\logs\log-20260602-172233-MaGaCellStudy\bandwidthMeasurements\ALL#ALL#ALL#Dn.csv,DOWNLINK,303,globalNetwork,0,UNRESOLVED
tmp\mosaic-25.2\logs\log-20260602-172233-MaGaCellStudy\bandwidthMeasurements\ALL#ALL#ALL#Dn.csv,DOWNLINK,303,region_central_degraded,0,UNRESOLVED
tmp\mosaic-25.2\logs\log-20260602-172233-MaGaCellStudy\bandwidthMeasurements\ALL#ALL#ALL#Dn.csv,DOWNLINK,303,region_north_normal,0,UNRESOLVED
tmp\mosaic-25.2\logs\log-20260602-172233-MaGaCellStudy\bandwidthMeasurements\ALL#ALL#ALL#Dn.csv,DOWNLINK,304,globalNetwork,216480,UNRESOLVED
tmp\mosaic-25.2\logs\log-20260602-172233-MaGaCellStudy\bandwidthMeasurements\ALL#ALL#ALL#Dn.csv,DOWNLINK,304,region_central_degraded,7872,UNRESOLVED
tmp\mosaic-25.2\logs\log-20260602-172233-MaGaCellStudy\bandwidthMeasurements\ALL#ALL#ALL#Dn.csv,DOWNLINK,304,region_north_normal,0,UNRESOLVED
tmp\mosaic-25.2\logs\log-20260602-172233-MaGaCellStudy\bandwidthMeasurements\ALL#ALL#ALL#Dn.csv,DOWNLINK,305,globalNetwork,0,UNRESOLVED
tmp\mosaic-25.2\logs\log-20260602-172233-MaGaCellStudy\bandwidthMeasurements\ALL#ALL#ALL#Dn.csv,DOWNLINK,305,region_central_degraded,0,UNRESOLVED
tmp\mosaic-25.2\logs\log-20260602-172233-MaGaCellStudy\bandwidthMeasurements\ALL#ALL#ALL#Dn.csv,DOWNLINK,305,region_north_normal,0,UNRESOLVED
tmp\mosaic-25.2\logs\log-20260602-172233-MaGaCellStudy\bandwidthMeasurements\ALL#ALL#ALL#Dn.csv,DOWNLINK,306,globalNetwork,216480,UNRESOLVED
tmp\mosaic-25.2\logs\log-20260602-172233-MaGaCellStudy\bandwidthMeasurements\ALL#ALL#ALL#Dn.csv,DOWNLINK,306,region_central_degraded,7872,UNRESOLVED
tmp\mosaic-25.2\logs\log-20260602-172233-MaGaCellStudy\bandwidthMeasurements\ALL#ALL#ALL#Dn.csv,DOWNLINK,306,region_north_normal,0,UNRESOLVED
tmp\mosaic-25.2\logs\log-20260602-172233-MaGaCellStudy\bandwidthMeasurements\ALL#ALL#ALL#Dn.csv,DOWNLINK,307,globalNetwork,0,UNRESOLVED
tmp\mosaic-25.2\logs\log-20260602-172233-MaGaCellStudy\bandwidthMeasurements\ALL#ALL#ALL#Dn.csv,DOWNLINK,307,region_central_degraded,0,UNRESOLVED
tmp\mosaic-25.2\logs\log-20260602-172233-MaGaCellStudy\bandwidthMeasurements\ALL#ALL#ALL#Dn.csv,DOWNLINK,307,region_north_normal,0,UNRESOLVED
tmp\mosaic-25.2\logs\log-20260602-172233-MaGaCellStudy\bandwidthMeasurements\ALL#ALL#ALL#Dn.csv,DOWNLINK,308,globalNetwork,216480,UNRESOLVED
tmp\mosaic-25.2\logs\log-20260602-172233-MaGaCellStudy\bandwidthMeasurements\ALL#ALL#ALL#Dn.csv,DOWNLINK,308,region_central_degraded,7872,UNRESOLVED
tmp\mosaic-25.2\logs\log-20260602-172233-MaGaCellStudy\bandwidthMeasurements\ALL#ALL#ALL#Dn.csv,DOWNLINK,308,region_north_normal,0,UNRESOLVED
tmp\mosaic-25.2\logs\log-20260602-172233-MaGaCellStudy\bandwidthMeasurements\ALL#ALL#ALL#Dn.csv,DOWNLINK,309,globalNetwork,0,UNRESOLVED
tmp\mosaic-25.2\logs\log-20260602-172233-MaGaCellStudy\bandwidthMeasurements\ALL#ALL#ALL#Dn.csv,DOWNLINK,309,region_central_degraded,0,UNRESOLVED
tmp\mosaic-25.2\logs\log-20260602-172233-MaGaCellStudy\bandwidthMeasurements\ALL#ALL#ALL#Dn.csv,DOWNLINK,309,region_north_normal,0,UNRESOLVED
tmp\mosaic-25.2\logs\log-20260602-172233-MaGaCellStudy\bandwidthMeasurements\ALL#ALL#ALL#Dn.csv,DOWNLINK,310,globalNetwork,216480,UNRESOLVED
tmp\mosaic-25.2\logs\log-20260602-172233-MaGaCellStudy\bandwidthMeasurements\ALL#ALL#ALL#Dn.csv,DOWNLINK,310,region_central_degraded,7872,UNRESOLVED
tmp\mosaic-25.2\logs\log-20260602-172233-MaGaCellStudy\bandwidthMeasurements\ALL#ALL#ALL#Dn.csv,DOWNLINK,310,region_north_normal,0,UNRESOLVED
tmp\mosaic-25.2\logs\log-20260602-172233-MaGaCellStudy\bandwidthMeasurements\ALL#ALL#ALL#Dn.csv,DOWNLINK,311,globalNetwork,0,UNRESOLVED
tmp\mosaic-25.2\logs\log-20260602-172233-MaGaCellStudy\bandwidthMeasurements\ALL#ALL#ALL#Dn.csv,DOWNLINK,311,region_central_degraded,0,UNRESOLVED
tmp\mosaic-25.2\logs\log-20260602-172233-MaGaCellStudy\bandwidthMeasurements\ALL#ALL#ALL#Dn.csv,DOWNLINK,311,region_north_normal,0,UNRESOLVED
tmp\mosaic-25.2\logs\log-20260602-172233-MaGaCellStudy\bandwidthMeasurements\ALL#ALL#ALL#Dn.csv,DOWNLINK,312,globalNetwork,216480,UNRESOLVED
tmp\mosaic-25.2\logs\log-20260602-172233-MaGaCellStudy\bandwidthMeasurements\ALL#ALL#ALL#Dn.csv,DOWNLINK,312,region_central_degraded,7872,UNRESOLVED
tmp\mosaic-25.2\logs\log-20260602-172233-MaGaCellStudy\bandwidthMeasurements\ALL#ALL#ALL#Dn.csv,DOWNLINK,312,region_north_normal,0,UNRESOLVED
tmp\mosaic-25.2\logs\log-20260602-172233-MaGaCellStudy\bandwidthMeasurements\ALL#ALL#ALL#Dn.csv,DOWNLINK,313,globalNetwork,0,UNRESOLVED
tmp\mosaic-25.2\logs\log-20260602-172233-MaGaCellStudy\bandwidthMeasurements\ALL#ALL#ALL#Dn.csv,DOWNLINK,313,region_central_degraded,0,UNRESOLVED
tmp\mosaic-25.2\logs\log-20260602-172233-MaGaCellStudy\bandwidthMeasurements\ALL#ALL#ALL#Dn.csv,DOWNLINK,313,region_north_normal,0,UNRESOLVED
tmp\mosaic-25.2\logs\log-20260602-172233-MaGaCellStudy\bandwidthMeasurements\ALL#ALL#ALL#Dn.csv,DOWNLINK,314,globalNetwork,216480,UNRESOLVED
tmp\mosaic-25.2\logs\log-20260602-172233-MaGaCellStudy\bandwidthMeasurements\ALL#ALL#ALL#Dn.csv,DOWNLINK,314,region_central_degraded,7872,UNRESOLVED
tmp\mosaic-25.2\logs\log-20260602-172233-MaGaCellStudy\bandwidthMeasurements\ALL#ALL#ALL#Dn.csv,DOWNLINK,314,region_north_normal,0,UNRESOLVED
tmp\mosaic-25.2\logs\log-20260602-172233-MaGaCellStudy\bandwidthMeasurements\ALL#ALL#ALL#Dn.csv,DOWNLINK,315,globalNetwork,0,UNRESOLVED
tmp\mosaic-25.2\logs\log-20260602-172233-MaGaCellStudy\bandwidthMeasurements\ALL#ALL#ALL#Dn.csv,DOWNLINK,315,region_central_degraded,0,UNRESOLVED
tmp\mosaic-25.2\logs\log-20260602-172233-MaGaCellStudy\bandwidthMeasurements\ALL#ALL#ALL#Dn.csv,DOWNLINK,315,region_north_normal,0,UNRESOLVED
tmp\mosaic-25.2\logs\log-20260602-172233-MaGaCellStudy\bandwidthMeasurements\ALL#ALL#ALL#Dn.csv,DOWNLINK,316,globalNetwork,216480,UNRESOLVED
tmp\mosaic-25.2\logs\log-20260602-172233-MaGaCellStudy\bandwidthMeasurements\ALL#ALL#ALL#Dn.csv,DOWNLINK,316,region_central_degraded,7872,UNRESOLVED
tmp\mosaic-25.2\logs\log-20260602-172233-MaGaCellStudy\bandwidthMeasurements\ALL#ALL#ALL#Dn.csv,DOWNLINK,316,region_north_normal,0,UNRESOLVED
tmp\mosaic-25.2\logs\log-20260602-172233-MaGaCellStudy\bandwidthMeasurements\ALL#ALL#ALL#Dn.csv,DOWNLINK,317,globalNetwork,0,UNRESOLVED
tmp\mosaic-25.2\logs\log-20260602-172233-MaGaCellStudy\bandwidthMeasurements\ALL#ALL#ALL#Dn.csv,DOWNLINK,317,region_central_degraded,0,UNRESOLVED
tmp\mosaic-25.2\logs\log-20260602-172233-MaGaCellStudy\bandwidthMeasurements\ALL#ALL#ALL#Dn.csv,DOWNLINK,317,region_north_normal,0,UNRESOLVED
tmp\mosaic-25.2\logs\log-20260602-172233-MaGaCellStudy\bandwidthMeasurements\ALL#ALL#ALL#Dn.csv,DOWNLINK,318,globalNetwork,216480,UNRESOLVED
tmp\mosaic-25.2\logs\log-20260602-172233-MaGaCellStudy\bandwidthMeasurements\ALL#ALL#ALL#Dn.csv,DOWNLINK,318,region_central_degraded,7872,UNRESOLVED
tmp\mosaic-25.2\logs\log-20260602-172233-MaGaCellStudy\bandwidthMeasurements\ALL#ALL#ALL#Dn.csv,DOWNLINK,318,region_north_normal,0,UNRESOLVED
tmp\mosaic-25.2\logs\log-20260602-172233-MaGaCellStudy\bandwidthMeasurements\ALL#ALL#ALL#Dn.csv,DOWNLINK,319,globalNetwork,0,UNRESOLVED
tmp\mosaic-25.2\logs\log-20260602-172233-MaGaCellStudy\bandwidthMeasurements\ALL#ALL#ALL#Dn.csv,DOWNLINK,319,region_central_degraded,0,UNRESOLVED
tmp\mosaic-25.2\logs\log-20260602-172233-MaGaCellStudy\bandwidthMeasurements\ALL#ALL#ALL#Dn.csv,DOWNLINK,319,region_north_normal,0,UNRESOLVED
tmp\mosaic-25.2\logs\log-20260602-172233-MaGaCellStudy\bandwidthMeasurements\ALL#ALL#ALL#Dn.csv,DOWNLINK,320,globalNetwork,216480,UNRESOLVED
tmp\mosaic-25.2\logs\log-20260602-172233-MaGaCellStudy\bandwidthMeasurements\ALL#ALL#ALL#Dn.csv,DOWNLINK,320,region_central_degraded,7872,UNRESOLVED
tmp\mosaic-25.2\logs\log-20260602-172233-MaGaCellStudy\bandwidthMeasurements\ALL#ALL#ALL#Dn.csv,DOWNLINK,320,region_north_normal,0,UNRESOLVED
tmp\mosaic-25.2\logs\log-20260602-172233-MaGaCellStudy\bandwidthMeasurements\ALL#ALL#ALL#Dn.csv,DOWNLINK,321,globalNetwork,0,UNRESOLVED
tmp\mosaic-25.2\logs\log-20260602-172233-MaGaCellStudy\bandwidthMeasurements\ALL#ALL#ALL#Dn.csv,DOWNLINK,321,region_central_degraded,0,UNRESOLVED
tmp\mosaic-25.2\logs\log-20260602-172233-MaGaCellStudy\bandwidthMeasurements\ALL#ALL#ALL#Dn.csv,DOWNLINK,321,region_north_normal,0,UNRESOLVED
tmp\mosaic-25.2\logs\log-20260602-172233-MaGaCellStudy\bandwidthMeasurements\ALL#ALL#ALL#Dn.csv,DOWNLINK,322,globalNetwork,216480,UNRESOLVED
tmp\mosaic-25.2\logs\log-20260602-172233-MaGaCellStudy\bandwidthMeasurements\ALL#ALL#ALL#Dn.csv,DOWNLINK,322,region_central_degraded,7872,UNRESOLVED
tmp\mosaic-25.2\logs\log-20260602-172233-MaGaCellStudy\bandwidthMeasurements\ALL#ALL#ALL#Dn.csv,DOWNLINK,322,region_north_normal,0,UNRESOLVED
tmp\mosaic-25.2\logs\log-20260602-172233-MaGaCellStudy\bandwidthMeasurements\ALL#ALL#ALL#Dn.csv,DOWNLINK,323,globalNetwork,0,UNRESOLVED
tmp\mosaic-25.2\logs\log-20260602-172233-MaGaCellStudy\bandwidthMeasurements\ALL#ALL#ALL#Dn.csv,DOWNLINK,323,region_central_degraded,0,UNRESOLVED
tmp\mosaic-25.2\logs\log-20260602-172233-MaGaCellStudy\bandwidthMeasurements\ALL#ALL#ALL#Dn.csv,DOWNLINK,323,region_north_normal,0,UNRESOLVED
tmp\mosaic-25.2\logs\log-20260602-172233-MaGaCellStudy\bandwidthMeasurements\ALL#ALL#ALL#Dn.csv,DOWNLINK,324,globalNetwork,216480,UNRESOLVED
tmp\mosaic-25.2\logs\log-20260602-172233-MaGaCellStudy\bandwidthMeasurements\ALL#ALL#ALL#Dn.csv,DOWNLINK,324,region_central_degraded,7872,UNRESOLVED
tmp\mosaic-25.2\logs\log-20260602-172233-MaGaCellStudy\bandwidthMeasurements\ALL#ALL#ALL#Dn.csv,DOWNLINK,324,region_north_normal,0,UNRESOLVED
tmp\mosaic-25.2\logs\log-20260602-172233-MaGaCellStudy\bandwidthMeasurements\ALL#ALL#ALL#Dn.csv,DOWNLINK,325,globalNetwork,0,UNRESOLVED
tmp\mosaic-25.2\logs\log-20260602-172233-MaGaCellStudy\bandwidthMeasurements\ALL#ALL#ALL#Dn.csv,DOWNLINK,325,region_central_degraded,0,UNRESOLVED
tmp\mosaic-25.2\logs\log-20260602-172233-MaGaCellStudy\bandwidthMeasurements\ALL#ALL#ALL#Dn.csv,DOWNLINK,325,region_north_normal,0,UNRESOLVED
tmp\mosaic-25.2\logs\log-20260602-172233-MaGaCellStudy\bandwidthMeasurements\ALL#ALL#ALL#Dn.csv,DOWNLINK,326,globalNetwork,216480,UNRESOLVED
tmp\mosaic-25.2\logs\log-20260602-172233-MaGaCellStudy\bandwidthMeasurements\ALL#ALL#ALL#Dn.csv,DOWNLINK,326,region_central_degraded,7872,UNRESOLVED
tmp\mosaic-25.2\logs\log-20260602-172233-MaGaCellStudy\bandwidthMeasurements\ALL#ALL#ALL#Dn.csv,DOWNLINK,326,region_north_normal,0,UNRESOLVED
tmp\mosaic-25.2\logs\log-20260602-172233-MaGaCellStudy\bandwidthMeasurements\ALL#ALL#ALL#Dn.csv,DOWNLINK,327,globalNetwork,0,UNRESOLVED
tmp\mosaic-25.2\logs\log-20260602-172233-MaGaCellStudy\bandwidthMeasurements\ALL#ALL#ALL#Dn.csv,DOWNLINK,327,region_central_degraded,0,UNRESOLVED
tmp\mosaic-25.2\logs\log-20260602-172233-MaGaCellStudy\bandwidthMeasurements\ALL#ALL#ALL#Dn.csv,DOWNLINK,327,region_north_normal,0,UNRESOLVED
tmp\mosaic-25.2\logs\log-20260602-172233-MaGaCellStudy\bandwidthMeasurements\ALL#ALL#ALL#Dn.csv,DOWNLINK,328,globalNetwork,216480,UNRESOLVED
tmp\mosaic-25.2\logs\log-20260602-172233-MaGaCellStudy\bandwidthMeasurements\ALL#ALL#ALL#Dn.csv,DOWNLINK,328,region_central_degraded,7872,UNRESOLVED
tmp\mosaic-25.2\logs\log-20260602-172233-MaGaCellStudy\bandwidthMeasurements\ALL#ALL#ALL#Dn.csv,DOWNLINK,328,region_north_normal,0,UNRESOLVED
tmp\mosaic-25.2\logs\log-20260602-172233-MaGaCellStudy\bandwidthMeasurements\ALL#ALL#ALL#Dn.csv,DOWNLINK,329,globalNetwork,0,UNRESOLVED
tmp\mosaic-25.2\logs\log-20260602-172233-MaGaCellStudy\bandwidthMeasurements\ALL#ALL#ALL#Dn.csv,DOWNLINK,329,region_central_degraded,0,UNRESOLVED
tmp\mosaic-25.2\logs\log-20260602-172233-MaGaCellStudy\bandwidthMeasurements\ALL#ALL#ALL#Dn.csv,DOWNLINK,329,region_north_normal,0,UNRESOLVED
tmp\mosaic-25.2\logs\log-20260602-172233-MaGaCellStudy\bandwidthMeasurements\ALL#ALL#ALL#Dn.csv,DOWNLINK,330,globalNetwork,236160,UNRESOLVED
tmp\mosaic-25.2\logs\log-20260602-172233-MaGaCellStudy\bandwidthMeasurements\ALL#ALL#ALL#Dn.csv,DOWNLINK,330,region_central_degraded,0,UNRESOLVED
tmp\mosaic-25.2\logs\log-20260602-172233-MaGaCellStudy\bandwidthMeasurements\ALL#ALL#ALL#Dn.csv,DOWNLINK,330,region_north_normal,0,UNRESOLVED
tmp\mosaic-25.2\logs\log-20260602-172233-MaGaCellStudy\bandwidthMeasurements\ALL#ALL#ALL#Dn.csv,DOWNLINK,331,globalNetwork,0,UNRESOLVED
tmp\mosaic-25.2\logs\log-20260602-172233-MaGaCellStudy\bandwidthMeasurements\ALL#ALL#ALL#Dn.csv,DOWNLINK,331,region_central_degraded,0,UNRESOLVED
tmp\mosaic-25.2\logs\log-20260602-172233-MaGaCellStudy\bandwidthMeasurements\ALL#ALL#ALL#Dn.csv,DOWNLINK,331,region_north_normal,0,UNRESOLVED
tmp\mosaic-25.2\logs\log-20260602-172233-MaGaCellStudy\bandwidthMeasurements\ALL#ALL#ALL#Dn.csv,DOWNLINK,332,globalNetwork,236160,UNRESOLVED
tmp\mosaic-25.2\logs\log-20260602-172233-MaGaCellStudy\bandwidthMeasurements\ALL#ALL#ALL#Dn.csv,DOWNLINK,332,region_central_degraded,0,UNRESOLVED
tmp\mosaic-25.2\logs\log-20260602-172233-MaGaCellStudy\bandwidthMeasurements\ALL#ALL#ALL#Dn.csv,DOWNLINK,332,region_north_normal,0,UNRESOLVED
tmp\mosaic-25.2\logs\log-20260602-172233-MaGaCellStudy\bandwidthMeasurements\ALL#ALL#ALL#Dn.csv,DOWNLINK,333,globalNetwork,0,UNRESOLVED
tmp\mosaic-25.2\logs\log-20260602-172233-MaGaCellStudy\bandwidthMeasurements\ALL#ALL#ALL#Dn.csv,DOWNLINK,333,region_central_degraded,0,UNRESOLVED
tmp\mosaic-25.2\logs\log-20260602-172233-MaGaCellStudy\bandwidthMeasurements\ALL#ALL#ALL#Dn.csv,DOWNLINK,333,region_north_normal,0,UNRESOLVED
tmp\mosaic-25.2\logs\log-20260602-172233-MaGaCellStudy\bandwidthMeasurements\ALL#ALL#ALL#Dn.csv,DOWNLINK,334,globalNetwork,236160,UNRESOLVED
tmp\mosaic-25.2\logs\log-20260602-172233-MaGaCellStudy\bandwidthMeasurements\ALL#ALL#ALL#Dn.csv,DOWNLINK,334,region_central_degraded,0,UNRESOLVED
tmp\mosaic-25.2\logs\log-20260602-172233-MaGaCellStudy\bandwidthMeasurements\ALL#ALL#ALL#Dn.csv,DOWNLINK,334,region_north_normal,0,UNRESOLVED
tmp\mosaic-25.2\logs\log-20260602-172233-MaGaCellStudy\bandwidthMeasurements\ALL#ALL#ALL#Dn.csv,DOWNLINK,335,globalNetwork,0,UNRESOLVED
tmp\mosaic-25.2\logs\log-20260602-172233-MaGaCellStudy\bandwidthMeasurements\ALL#ALL#ALL#Dn.csv,DOWNLINK,335,region_central_degraded,0,UNRESOLVED
tmp\mosaic-25.2\logs\log-20260602-172233-MaGaCellStudy\bandwidthMeasurements\ALL#ALL#ALL#Dn.csv,DOWNLINK,335,region_north_normal,0,UNRESOLVED
tmp\mosaic-25.2\logs\log-20260602-172233-MaGaCellStudy\bandwidthMeasurements\ALL#ALL#ALL#Dn.csv,DOWNLINK,336,globalNetwork,236160,UNRESOLVED
tmp\mosaic-25.2\logs\log-20260602-172233-MaGaCellStudy\bandwidthMeasurements\ALL#ALL#ALL#Dn.csv,DOWNLINK,336,region_central_degraded,0,UNRESOLVED
tmp\mosaic-25.2\logs\log-20260602-172233-MaGaCellStudy\bandwidthMeasurements\ALL#ALL#ALL#Dn.csv,DOWNLINK,336,region_north_normal,0,UNRESOLVED
tmp\mosaic-25.2\logs\log-20260602-172233-MaGaCellStudy\bandwidthMeasurements\ALL#ALL#ALL#Dn.csv,DOWNLINK,337,globalNetwork,0,UNRESOLVED
tmp\mosaic-25.2\logs\log-20260602-172233-MaGaCellStudy\bandwidthMeasurements\ALL#ALL#ALL#Dn.csv,DOWNLINK,337,region_central_degraded,0,UNRESOLVED
tmp\mosaic-25.2\logs\log-20260602-172233-MaGaCellStudy\bandwidthMeasurements\ALL#ALL#ALL#Dn.csv,DOWNLINK,337,region_north_normal,0,UNRESOLVED
tmp\mosaic-25.2\logs\log-20260602-172233-MaGaCellStudy\bandwidthMeasurements\ALL#ALL#ALL#Dn.csv,DOWNLINK,338,globalNetwork,236160,UNRESOLVED
tmp\mosaic-25.2\logs\log-20260602-172233-MaGaCellStudy\bandwidthMeasurements\ALL#ALL#ALL#Dn.csv,DOWNLINK,338,region_central_degraded,0,UNRESOLVED
tmp\mosaic-25.2\logs\log-20260602-172233-MaGaCellStudy\bandwidthMeasurements\ALL#ALL#ALL#Dn.csv,DOWNLINK,338,region_north_normal,0,UNRESOLVED
tmp\mosaic-25.2\logs\log-20260602-172233-MaGaCellStudy\bandwidthMeasurements\ALL#ALL#ALL#Dn.csv,DOWNLINK,339,globalNetwork,0,UNRESOLVED
tmp\mosaic-25.2\logs\log-20260602-172233-MaGaCellStudy\bandwidthMeasurements\ALL#ALL#ALL#Dn.csv,DOWNLINK,339,region_central_degraded,0,UNRESOLVED
tmp\mosaic-25.2\logs\log-20260602-172233-MaGaCellStudy\bandwidthMeasurements\ALL#ALL#ALL#Dn.csv,DOWNLINK,339,region_north_normal,0,UNRESOLVED
tmp\mosaic-25.2\logs\log-20260602-172233-MaGaCellStudy\bandwidthMeasurements\ALL#ALL#ALL#Dn.csv,DOWNLINK,340,globalNetwork,236160,UNRESOLVED
tmp\mosaic-25.2\logs\log-20260602-172233-MaGaCellStudy\bandwidthMeasurements\ALL#ALL#ALL#Dn.csv,DOWNLINK,340,region_central_degraded,0,UNRESOLVED
tmp\mosaic-25.2\logs\log-20260602-172233-MaGaCellStudy\bandwidthMeasurements\ALL#ALL#ALL#Dn.csv,DOWNLINK,340,region_north_normal,0,UNRESOLVED
tmp\mosaic-25.2\logs\log-20260602-172233-MaGaCellStudy\bandwidthMeasurements\ALL#ALL#ALL#Dn.csv,DOWNLINK,341,globalNetwork,0,UNRESOLVED
tmp\mosaic-25.2\logs\log-20260602-172233-MaGaCellStudy\bandwidthMeasurements\ALL#ALL#ALL#Dn.csv,DOWNLINK,341,region_central_degraded,0,UNRESOLVED
tmp\mosaic-25.2\logs\log-20260602-172233-MaGaCellStudy\bandwidthMeasurements\ALL#ALL#ALL#Dn.csv,DOWNLINK,341,region_north_normal,0,UNRESOLVED
tmp\mosaic-25.2\logs\log-20260602-172233-MaGaCellStudy\bandwidthMeasurements\ALL#ALL#ALL#Dn.csv,DOWNLINK,342,globalNetwork,236160,UNRESOLVED
tmp\mosaic-25.2\logs\log-20260602-172233-MaGaCellStudy\bandwidthMeasurements\ALL#ALL#ALL#Dn.csv,DOWNLINK,342,region_central_degraded,0,UNRESOLVED
tmp\mosaic-25.2\logs\log-20260602-172233-MaGaCellStudy\bandwidthMeasurements\ALL#ALL#ALL#Dn.csv,DOWNLINK,342,region_north_normal,0,UNRESOLVED
tmp\mosaic-25.2\logs\log-20260602-172233-MaGaCellStudy\bandwidthMeasurements\ALL#ALL#ALL#Dn.csv,DOWNLINK,343,globalNetwork,0,UNRESOLVED
tmp\mosaic-25.2\logs\log-20260602-172233-MaGaCellStudy\bandwidthMeasurements\ALL#ALL#ALL#Dn.csv,DOWNLINK,343,region_central_degraded,0,UNRESOLVED
tmp\mosaic-25.2\logs\log-20260602-172233-MaGaCellStudy\bandwidthMeasurements\ALL#ALL#ALL#Dn.csv,DOWNLINK,343,region_north_normal,0,UNRESOLVED
tmp\mosaic-25.2\logs\log-20260602-172233-MaGaCellStudy\bandwidthMeasurements\ALL#ALL#ALL#Dn.csv,DOWNLINK,344,globalNetwork,236160,UNRESOLVED
tmp\mosaic-25.2\logs\log-20260602-172233-MaGaCellStudy\bandwidthMeasurements\ALL#ALL#ALL#Dn.csv,DOWNLINK,344,region_central_degraded,0,UNRESOLVED
tmp\mosaic-25.2\logs\log-20260602-172233-MaGaCellStudy\bandwidthMeasurements\ALL#ALL#ALL#Dn.csv,DOWNLINK,344,region_north_normal,0,UNRESOLVED
tmp\mosaic-25.2\logs\log-20260602-172233-MaGaCellStudy\bandwidthMeasurements\ALL#ALL#ALL#Dn.csv,DOWNLINK,345,globalNetwork,0,UNRESOLVED
tmp\mosaic-25.2\logs\log-20260602-172233-MaGaCellStudy\bandwidthMeasurements\ALL#ALL#ALL#Dn.csv,DOWNLINK,345,region_central_degraded,0,UNRESOLVED
tmp\mosaic-25.2\logs\log-20260602-172233-MaGaCellStudy\bandwidthMeasurements\ALL#ALL#ALL#Dn.csv,DOWNLINK,345,region_north_normal,0,UNRESOLVED
tmp\mosaic-25.2\logs\log-20260602-172233-MaGaCellStudy\bandwidthMeasurements\ALL#ALL#ALL#Dn.csv,DOWNLINK,346,globalNetwork,236160,UNRESOLVED
tmp\mosaic-25.2\logs\log-20260602-172233-MaGaCellStudy\bandwidthMeasurements\ALL#ALL#ALL#Dn.csv,DOWNLINK,346,region_central_degraded,0,UNRESOLVED
tmp\mosaic-25.2\logs\log-20260602-172233-MaGaCellStudy\bandwidthMeasurements\ALL#ALL#ALL#Dn.csv,DOWNLINK,346,region_north_normal,0,UNRESOLVED
tmp\mosaic-25.2\logs\log-20260602-172233-MaGaCellStudy\bandwidthMeasurements\ALL#ALL#ALL#Dn.csv,DOWNLINK,347,globalNetwork,0,UNRESOLVED
tmp\mosaic-25.2\logs\log-20260602-172233-MaGaCellStudy\bandwidthMeasurements\ALL#ALL#ALL#Dn.csv,DOWNLINK,347,region_central_degraded,0,UNRESOLVED
tmp\mosaic-25.2\logs\log-20260602-172233-MaGaCellStudy\bandwidthMeasurements\ALL#ALL#ALL#Dn.csv,DOWNLINK,347,region_north_normal,0,UNRESOLVED
tmp\mosaic-25.2\logs\log-20260602-172233-MaGaCellStudy\bandwidthMeasurements\ALL#ALL#ALL#Dn.csv,DOWNLINK,348,globalNetwork,236160,UNRESOLVED
tmp\mosaic-25.2\logs\log-20260602-172233-MaGaCellStudy\bandwidthMeasurements\ALL#ALL#ALL#Dn.csv,DOWNLINK,348,region_central_degraded,0,UNRESOLVED
tmp\mosaic-25.2\logs\log-20260602-172233-MaGaCellStudy\bandwidthMeasurements\ALL#ALL#ALL#Dn.csv,DOWNLINK,348,region_north_normal,0,UNRESOLVED
tmp\mosaic-25.2\logs\log-20260602-172233-MaGaCellStudy\bandwidthMeasurements\ALL#ALL#ALL#Dn.csv,DOWNLINK,349,globalNetwork,0,UNRESOLVED
tmp\mosaic-25.2\logs\log-20260602-172233-MaGaCellStudy\bandwidthMeasurements\ALL#ALL#ALL#Dn.csv,DOWNLINK,349,region_central_degraded,0,UNRESOLVED
tmp\mosaic-25.2\logs\log-20260602-172233-MaGaCellStudy\bandwidthMeasurements\ALL#ALL#ALL#Dn.csv,DOWNLINK,349,region_north_normal,0,UNRESOLVED
tmp\mosaic-25.2\logs\log-20260602-172233-MaGaCellStudy\bandwidthMeasurements\ALL#ALL#ALL#Dn.csv,DOWNLINK,350,globalNetwork,236160,UNRESOLVED
tmp\mosaic-25.2\logs\log-20260602-172233-MaGaCellStudy\bandwidthMeasurements\ALL#ALL#ALL#Dn.csv,DOWNLINK,350,region_central_degraded,0,UNRESOLVED
tmp\mosaic-25.2\logs\log-20260602-172233-MaGaCellStudy\bandwidthMeasurements\ALL#ALL#ALL#Dn.csv,DOWNLINK,350,region_north_normal,0,UNRESOLVED
tmp\mosaic-25.2\logs\log-20260602-172233-MaGaCellStudy\bandwidthMeasurements\ALL#ALL#ALL#Dn.csv,DOWNLINK,351,globalNetwork,0,UNRESOLVED
tmp\mosaic-25.2\logs\log-20260602-172233-MaGaCellStudy\bandwidthMeasurements\ALL#ALL#ALL#Dn.csv,DOWNLINK,351,region_central_degraded,0,UNRESOLVED
tmp\mosaic-25.2\logs\log-20260602-172233-MaGaCellStudy\bandwidthMeasurements\ALL#ALL#ALL#Dn.csv,DOWNLINK,351,region_north_normal,0,UNRESOLVED
tmp\mosaic-25.2\logs\log-20260602-172233-MaGaCellStudy\bandwidthMeasurements\ALL#ALL#ALL#Dn.csv,DOWNLINK,352,globalNetwork,236160,UNRESOLVED
tmp\mosaic-25.2\logs\log-20260602-172233-MaGaCellStudy\bandwidthMeasurements\ALL#ALL#ALL#Dn.csv,DOWNLINK,352,region_central_degraded,0,UNRESOLVED
tmp\mosaic-25.2\logs\log-20260602-172233-MaGaCellStudy\bandwidthMeasurements\ALL#ALL#ALL#Dn.csv,DOWNLINK,352,region_north_normal,0,UNRESOLVED
tmp\mosaic-25.2\logs\log-20260602-172233-MaGaCellStudy\bandwidthMeasurements\ALL#ALL#ALL#Dn.csv,DOWNLINK,353,globalNetwork,0,UNRESOLVED
tmp\mosaic-25.2\logs\log-20260602-172233-MaGaCellStudy\bandwidthMeasurements\ALL#ALL#ALL#Dn.csv,DOWNLINK,353,region_central_degraded,0,UNRESOLVED
tmp\mosaic-25.2\logs\log-20260602-172233-MaGaCellStudy\bandwidthMeasurements\ALL#ALL#ALL#Dn.csv,DOWNLINK,353,region_north_normal,0,UNRESOLVED
tmp\mosaic-25.2\logs\log-20260602-172233-MaGaCellStudy\bandwidthMeasurements\ALL#ALL#ALL#Dn.csv,DOWNLINK,354,globalNetwork,236160,UNRESOLVED
tmp\mosaic-25.2\logs\log-20260602-172233-MaGaCellStudy\bandwidthMeasurements\ALL#ALL#ALL#Dn.csv,DOWNLINK,354,region_central_degraded,0,UNRESOLVED
tmp\mosaic-25.2\logs\log-20260602-172233-MaGaCellStudy\bandwidthMeasurements\ALL#ALL#ALL#Dn.csv,DOWNLINK,354,region_north_normal,0,UNRESOLVED
tmp\mosaic-25.2\logs\log-20260602-172233-MaGaCellStudy\bandwidthMeasurements\ALL#ALL#ALL#Dn.csv,DOWNLINK,355,globalNetwork,0,UNRESOLVED
tmp\mosaic-25.2\logs\log-20260602-172233-MaGaCellStudy\bandwidthMeasurements\ALL#ALL#ALL#Dn.csv,DOWNLINK,355,region_central_degraded,0,UNRESOLVED
tmp\mosaic-25.2\logs\log-20260602-172233-MaGaCellStudy\bandwidthMeasurements\ALL#ALL#ALL#Dn.csv,DOWNLINK,355,region_north_normal,0,UNRESOLVED
tmp\mosaic-25.2\logs\log-20260602-172233-MaGaCellStudy\bandwidthMeasurements\ALL#ALL#ALL#Dn.csv,DOWNLINK,356,globalNetwork,236160,UNRESOLVED
tmp\mosaic-25.2\logs\log-20260602-172233-MaGaCellStudy\bandwidthMeasurements\ALL#ALL#ALL#Dn.csv,DOWNLINK,356,region_central_degraded,0,UNRESOLVED
tmp\mosaic-25.2\logs\log-20260602-172233-MaGaCellStudy\bandwidthMeasurements\ALL#ALL#ALL#Dn.csv,DOWNLINK,356,region_north_normal,0,UNRESOLVED
tmp\mosaic-25.2\logs\log-20260602-172233-MaGaCellStudy\bandwidthMeasurements\ALL#ALL#ALL#Dn.csv,DOWNLINK,357,globalNetwork,0,UNRESOLVED
tmp\mosaic-25.2\logs\log-20260602-172233-MaGaCellStudy\bandwidthMeasurements\ALL#ALL#ALL#Dn.csv,DOWNLINK,357,region_central_degraded,0,UNRESOLVED
tmp\mosaic-25.2\logs\log-20260602-172233-MaGaCellStudy\bandwidthMeasurements\ALL#ALL#ALL#Dn.csv,DOWNLINK,357,region_north_normal,0,UNRESOLVED
tmp\mosaic-25.2\logs\log-20260602-172233-MaGaCellStudy\bandwidthMeasurements\ALL#ALL#ALL#Dn.csv,DOWNLINK,358,globalNetwork,236160,UNRESOLVED
tmp\mosaic-25.2\logs\log-20260602-172233-MaGaCellStudy\bandwidthMeasurements\ALL#ALL#ALL#Dn.csv,DOWNLINK,358,region_central_degraded,0,UNRESOLVED
tmp\mosaic-25.2\logs\log-20260602-172233-MaGaCellStudy\bandwidthMeasurements\ALL#ALL#ALL#Dn.csv,DOWNLINK,358,region_north_normal,0,UNRESOLVED
tmp\mosaic-25.2\logs\log-20260602-172233-MaGaCellStudy\bandwidthMeasurements\ALL#ALL#ALL#Dn.csv,DOWNLINK,359,globalNetwork,0,UNRESOLVED
tmp\mosaic-25.2\logs\log-20260602-172233-MaGaCellStudy\bandwidthMeasurements\ALL#ALL#ALL#Dn.csv,DOWNLINK,359,region_central_degraded,0,UNRESOLVED
tmp\mosaic-25.2\logs\log-20260602-172233-MaGaCellStudy\bandwidthMeasurements\ALL#ALL#ALL#Dn.csv,DOWNLINK,359,region_north_normal,0,UNRESOLVED
tmp\mosaic-25.2\logs\log-20260602-172233-MaGaCellStudy\bandwidthMeasurements\ALL#ALL#ALL#Dn.csv,DOWNLINK,360,globalNetwork,236160,UNRESOLVED
tmp\mosaic-25.2\logs\log-20260602-172233-MaGaCellStudy\bandwidthMeasurements\ALL#ALL#ALL#Dn.csv,DOWNLINK,360,region_central_degraded,0,UNRESOLVED
tmp\mosaic-25.2\logs\log-20260602-172233-MaGaCellStudy\bandwidthMeasurements\ALL#ALL#ALL#Dn.csv,DOWNLINK,360,region_north_normal,0,UNRESOLVED
tmp\mosaic-25.2\logs\log-20260602-172233-MaGaCellStudy\bandwidthMeasurements\ALL#ALL#ALL#Dn.csv,DOWNLINK,361,globalNetwork,0,UNRESOLVED
tmp\mosaic-25.2\logs\log-20260602-172233-MaGaCellStudy\bandwidthMeasurements\ALL#ALL#ALL#Dn.csv,DOWNLINK,361,region_central_degraded,0,UNRESOLVED
tmp\mosaic-25.2\logs\log-20260602-172233-MaGaCellStudy\bandwidthMeasurements\ALL#ALL#ALL#Dn.csv,DOWNLINK,361,region_north_normal,0,UNRESOLVED
tmp\mosaic-25.2\logs\log-20260602-172233-MaGaCellStudy\bandwidthMeasurements\ALL#ALL#ALL#Dn.csv,DOWNLINK,362,globalNetwork,236160,UNRESOLVED
tmp\mosaic-25.2\logs\log-20260602-172233-MaGaCellStudy\bandwidthMeasurements\ALL#ALL#ALL#Dn.csv,DOWNLINK,362,region_central_degraded,0,UNRESOLVED
tmp\mosaic-25.2\logs\log-20260602-172233-MaGaCellStudy\bandwidthMeasurements\ALL#ALL#ALL#Dn.csv,DOWNLINK,362,region_north_normal,0,UNRESOLVED
tmp\mosaic-25.2\logs\log-20260602-172233-MaGaCellStudy\bandwidthMeasurements\ALL#ALL#ALL#Dn.csv,DOWNLINK,363,globalNetwork,0,UNRESOLVED
tmp\mosaic-25.2\logs\log-20260602-172233-MaGaCellStudy\bandwidthMeasurements\ALL#ALL#ALL#Dn.csv,DOWNLINK,363,region_central_degraded,0,UNRESOLVED
tmp\mosaic-25.2\logs\log-20260602-172233-MaGaCellStudy\bandwidthMeasurements\ALL#ALL#ALL#Dn.csv,DOWNLINK,363,region_north_normal,0,UNRESOLVED
tmp\mosaic-25.2\logs\log-20260602-172233-MaGaCellStudy\bandwidthMeasurements\ALL#ALL#ALL#Dn.csv,DOWNLINK,364,globalNetwork,236160,UNRESOLVED
tmp\mosaic-25.2\logs\log-20260602-172233-MaGaCellStudy\bandwidthMeasurements\ALL#ALL#ALL#Dn.csv,DOWNLINK,364,region_central_degraded,0,UNRESOLVED
tmp\mosaic-25.2\logs\log-20260602-172233-MaGaCellStudy\bandwidthMeasurements\ALL#ALL#ALL#Dn.csv,DOWNLINK,364,region_north_normal,0,UNRESOLVED
tmp\mosaic-25.2\logs\log-20260602-172233-MaGaCellStudy\bandwidthMeasurements\ALL#ALL#ALL#Dn.csv,DOWNLINK,365,globalNetwork,0,UNRESOLVED
tmp\mosaic-25.2\logs\log-20260602-172233-MaGaCellStudy\bandwidthMeasurements\ALL#ALL#ALL#Dn.csv,DOWNLINK,365,region_central_degraded,0,UNRESOLVED
tmp\mosaic-25.2\logs\log-20260602-172233-MaGaCellStudy\bandwidthMeasurements\ALL#ALL#ALL#Dn.csv,DOWNLINK,365,region_north_normal,0,UNRESOLVED
tmp\mosaic-25.2\logs\log-20260602-172233-MaGaCellStudy\bandwidthMeasurements\ALL#ALL#ALL#Dn.csv,DOWNLINK,366,globalNetwork,236160,UNRESOLVED
tmp\mosaic-25.2\logs\log-20260602-172233-MaGaCellStudy\bandwidthMeasurements\ALL#ALL#ALL#Dn.csv,DOWNLINK,366,region_central_degraded,0,UNRESOLVED
tmp\mosaic-25.2\logs\log-20260602-172233-MaGaCellStudy\bandwidthMeasurements\ALL#ALL#ALL#Dn.csv,DOWNLINK,366,region_north_normal,0,UNRESOLVED
tmp\mosaic-25.2\logs\log-20260602-172233-MaGaCellStudy\bandwidthMeasurements\ALL#ALL#ALL#Dn.csv,DOWNLINK,367,globalNetwork,0,UNRESOLVED
tmp\mosaic-25.2\logs\log-20260602-172233-MaGaCellStudy\bandwidthMeasurements\ALL#ALL#ALL#Dn.csv,DOWNLINK,367,region_central_degraded,0,UNRESOLVED
tmp\mosaic-25.2\logs\log-20260602-172233-MaGaCellStudy\bandwidthMeasurements\ALL#ALL#ALL#Dn.csv,DOWNLINK,367,region_north_normal,0,UNRESOLVED
tmp\mosaic-25.2\logs\log-20260602-172233-MaGaCellStudy\bandwidthMeasurements\ALL#ALL#ALL#Dn.csv,DOWNLINK,368,globalNetwork,236160,UNRESOLVED
tmp\mosaic-25.2\logs\log-20260602-172233-MaGaCellStudy\bandwidthMeasurements\ALL#ALL#ALL#Dn.csv,DOWNLINK,368,region_central_degraded,0,UNRESOLVED
tmp\mosaic-25.2\logs\log-20260602-172233-MaGaCellStudy\bandwidthMeasurements\ALL#ALL#ALL#Dn.csv,DOWNLINK,368,region_north_normal,0,UNRESOLVED
tmp\mosaic-25.2\logs\log-20260602-172233-MaGaCellStudy\bandwidthMeasurements\ALL#ALL#ALL#Dn.csv,DOWNLINK,369,globalNetwork,0,UNRESOLVED
tmp\mosaic-25.2\logs\log-20260602-172233-MaGaCellStudy\bandwidthMeasurements\ALL#ALL#ALL#Dn.csv,DOWNLINK,369,region_central_degraded,0,UNRESOLVED
tmp\mosaic-25.2\logs\log-20260602-172233-MaGaCellStudy\bandwidthMeasurements\ALL#ALL#ALL#Dn.csv,DOWNLINK,369,region_north_normal,0,UNRESOLVED
tmp\mosaic-25.2\logs\log-20260602-172233-MaGaCellStudy\bandwidthMeasurements\ALL#ALL#ALL#Dn.csv,DOWNLINK,370,globalNetwork,236160,UNRESOLVED
tmp\mosaic-25.2\logs\log-20260602-172233-MaGaCellStudy\bandwidthMeasurements\ALL#ALL#ALL#Dn.csv,DOWNLINK,370,region_central_degraded,0,UNRESOLVED
tmp\mosaic-25.2\logs\log-20260602-172233-MaGaCellStudy\bandwidthMeasurements\ALL#ALL#ALL#Dn.csv,DOWNLINK,370,region_north_normal,0,UNRESOLVED
tmp\mosaic-25.2\logs\log-20260602-172233-MaGaCellStudy\bandwidthMeasurements\ALL#ALL#ALL#Dn.csv,DOWNLINK,371,globalNetwork,0,UNRESOLVED
tmp\mosaic-25.2\logs\log-20260602-172233-MaGaCellStudy\bandwidthMeasurements\ALL#ALL#ALL#Dn.csv,DOWNLINK,371,region_central_degraded,0,UNRESOLVED
tmp\mosaic-25.2\logs\log-20260602-172233-MaGaCellStudy\bandwidthMeasurements\ALL#ALL#ALL#Dn.csv,DOWNLINK,371,region_north_normal,0,UNRESOLVED
tmp\mosaic-25.2\logs\log-20260602-172233-MaGaCellStudy\bandwidthMeasurements\ALL#ALL#ALL#Dn.csv,DOWNLINK,372,globalNetwork,216480,UNRESOLVED
tmp\mosaic-25.2\logs\log-20260602-172233-MaGaCellStudy\bandwidthMeasurements\ALL#ALL#ALL#Dn.csv,DOWNLINK,372,region_central_degraded,0,UNRESOLVED
tmp\mosaic-25.2\logs\log-20260602-172233-MaGaCellStudy\bandwidthMeasurements\ALL#ALL#ALL#Dn.csv,DOWNLINK,372,region_north_normal,0,UNRESOLVED
tmp\mosaic-25.2\logs\log-20260602-172233-MaGaCellStudy\bandwidthMeasurements\ALL#ALL#ALL#Dn.csv,DOWNLINK,373,globalNetwork,0,UNRESOLVED
tmp\mosaic-25.2\logs\log-20260602-172233-MaGaCellStudy\bandwidthMeasurements\ALL#ALL#ALL#Dn.csv,DOWNLINK,373,region_central_degraded,0,UNRESOLVED
tmp\mosaic-25.2\logs\log-20260602-172233-MaGaCellStudy\bandwidthMeasurements\ALL#ALL#ALL#Dn.csv,DOWNLINK,373,region_north_normal,0,UNRESOLVED
tmp\mosaic-25.2\logs\log-20260602-172233-MaGaCellStudy\bandwidthMeasurements\ALL#ALL#ALL#Dn.csv,DOWNLINK,374,globalNetwork,216480,UNRESOLVED
tmp\mosaic-25.2\logs\log-20260602-172233-MaGaCellStudy\bandwidthMeasurements\ALL#ALL#ALL#Dn.csv,DOWNLINK,374,region_central_degraded,0,UNRESOLVED
tmp\mosaic-25.2\logs\log-20260602-172233-MaGaCellStudy\bandwidthMeasurements\ALL#ALL#ALL#Dn.csv,DOWNLINK,374,region_north_normal,0,UNRESOLVED
tmp\mosaic-25.2\logs\log-20260602-172233-MaGaCellStudy\bandwidthMeasurements\ALL#ALL#ALL#Dn.csv,DOWNLINK,375,globalNetwork,0,UNRESOLVED
tmp\mosaic-25.2\logs\log-20260602-172233-MaGaCellStudy\bandwidthMeasurements\ALL#ALL#ALL#Dn.csv,DOWNLINK,375,region_central_degraded,0,UNRESOLVED
tmp\mosaic-25.2\logs\log-20260602-172233-MaGaCellStudy\bandwidthMeasurements\ALL#ALL#ALL#Dn.csv,DOWNLINK,375,region_north_normal,0,UNRESOLVED
tmp\mosaic-25.2\logs\log-20260602-172233-MaGaCellStudy\bandwidthMeasurements\ALL#ALL#ALL#Dn.csv,DOWNLINK,376,globalNetwork,216480,UNRESOLVED
tmp\mosaic-25.2\logs\log-20260602-172233-MaGaCellStudy\bandwidthMeasurements\ALL#ALL#ALL#Dn.csv,DOWNLINK,376,region_central_degraded,0,UNRESOLVED
tmp\mosaic-25.2\logs\log-20260602-172233-MaGaCellStudy\bandwidthMeasurements\ALL#ALL#ALL#Dn.csv,DOWNLINK,376,region_north_normal,0,UNRESOLVED
tmp\mosaic-25.2\logs\log-20260602-172233-MaGaCellStudy\bandwidthMeasurements\ALL#ALL#ALL#Dn.csv,DOWNLINK,377,globalNetwork,0,UNRESOLVED
tmp\mosaic-25.2\logs\log-20260602-172233-MaGaCellStudy\bandwidthMeasurements\ALL#ALL#ALL#Dn.csv,DOWNLINK,377,region_central_degraded,0,UNRESOLVED
tmp\mosaic-25.2\logs\log-20260602-172233-MaGaCellStudy\bandwidthMeasurements\ALL#ALL#ALL#Dn.csv,DOWNLINK,377,region_north_normal,0,UNRESOLVED
tmp\mosaic-25.2\logs\log-20260602-172233-MaGaCellStudy\bandwidthMeasurements\ALL#ALL#ALL#Dn.csv,DOWNLINK,378,globalNetwork,216480,UNRESOLVED
tmp\mosaic-25.2\logs\log-20260602-172233-MaGaCellStudy\bandwidthMeasurements\ALL#ALL#ALL#Dn.csv,DOWNLINK,378,region_central_degraded,0,UNRESOLVED
tmp\mosaic-25.2\logs\log-20260602-172233-MaGaCellStudy\bandwidthMeasurements\ALL#ALL#ALL#Dn.csv,DOWNLINK,378,region_north_normal,0,UNRESOLVED
tmp\mosaic-25.2\logs\log-20260602-172233-MaGaCellStudy\bandwidthMeasurements\ALL#ALL#ALL#Dn.csv,DOWNLINK,379,globalNetwork,0,UNRESOLVED
tmp\mosaic-25.2\logs\log-20260602-172233-MaGaCellStudy\bandwidthMeasurements\ALL#ALL#ALL#Dn.csv,DOWNLINK,379,region_central_degraded,0,UNRESOLVED
tmp\mosaic-25.2\logs\log-20260602-172233-MaGaCellStudy\bandwidthMeasurements\ALL#ALL#ALL#Dn.csv,DOWNLINK,379,region_north_normal,0,UNRESOLVED
tmp\mosaic-25.2\logs\log-20260602-172233-MaGaCellStudy\bandwidthMeasurements\ALL#ALL#ALL#Dn.csv,DOWNLINK,380,globalNetwork,216480,UNRESOLVED
tmp\mosaic-25.2\logs\log-20260602-172233-MaGaCellStudy\bandwidthMeasurements\ALL#ALL#ALL#Dn.csv,DOWNLINK,380,region_central_degraded,0,UNRESOLVED
tmp\mosaic-25.2\logs\log-20260602-172233-MaGaCellStudy\bandwidthMeasurements\ALL#ALL#ALL#Dn.csv,DOWNLINK,380,region_north_normal,0,UNRESOLVED
tmp\mosaic-25.2\logs\log-20260602-172233-MaGaCellStudy\bandwidthMeasurements\ALL#ALL#ALL#Dn.csv,DOWNLINK,381,globalNetwork,0,UNRESOLVED
tmp\mosaic-25.2\logs\log-20260602-172233-MaGaCellStudy\bandwidthMeasurements\ALL#ALL#ALL#Dn.csv,DOWNLINK,381,region_central_degraded,0,UNRESOLVED
tmp\mosaic-25.2\logs\log-20260602-172233-MaGaCellStudy\bandwidthMeasurements\ALL#ALL#ALL#Dn.csv,DOWNLINK,381,region_north_normal,0,UNRESOLVED
tmp\mosaic-25.2\logs\log-20260602-172233-MaGaCellStudy\bandwidthMeasurements\ALL#ALL#ALL#Dn.csv,DOWNLINK,382,globalNetwork,216480,UNRESOLVED
tmp\mosaic-25.2\logs\log-20260602-172233-MaGaCellStudy\bandwidthMeasurements\ALL#ALL#ALL#Dn.csv,DOWNLINK,382,region_central_degraded,0,UNRESOLVED
tmp\mosaic-25.2\logs\log-20260602-172233-MaGaCellStudy\bandwidthMeasurements\ALL#ALL#ALL#Dn.csv,DOWNLINK,382,region_north_normal,0,UNRESOLVED
tmp\mosaic-25.2\logs\log-20260602-172233-MaGaCellStudy\bandwidthMeasurements\ALL#ALL#ALL#Dn.csv,DOWNLINK,383,globalNetwork,0,UNRESOLVED
tmp\mosaic-25.2\logs\log-20260602-172233-MaGaCellStudy\bandwidthMeasurements\ALL#ALL#ALL#Dn.csv,DOWNLINK,383,region_central_degraded,0,UNRESOLVED
tmp\mosaic-25.2\logs\log-20260602-172233-MaGaCellStudy\bandwidthMeasurements\ALL#ALL#ALL#Dn.csv,DOWNLINK,383,region_north_normal,0,UNRESOLVED
tmp\mosaic-25.2\logs\log-20260602-172233-MaGaCellStudy\bandwidthMeasurements\ALL#ALL#ALL#Dn.csv,DOWNLINK,384,globalNetwork,216480,UNRESOLVED
tmp\mosaic-25.2\logs\log-20260602-172233-MaGaCellStudy\bandwidthMeasurements\ALL#ALL#ALL#Dn.csv,DOWNLINK,384,region_central_degraded,0,UNRESOLVED
tmp\mosaic-25.2\logs\log-20260602-172233-MaGaCellStudy\bandwidthMeasurements\ALL#ALL#ALL#Dn.csv,DOWNLINK,384,region_north_normal,0,UNRESOLVED
tmp\mosaic-25.2\logs\log-20260602-172233-MaGaCellStudy\bandwidthMeasurements\ALL#ALL#ALL#Dn.csv,DOWNLINK,385,globalNetwork,0,UNRESOLVED
tmp\mosaic-25.2\logs\log-20260602-172233-MaGaCellStudy\bandwidthMeasurements\ALL#ALL#ALL#Dn.csv,DOWNLINK,385,region_central_degraded,0,UNRESOLVED
tmp\mosaic-25.2\logs\log-20260602-172233-MaGaCellStudy\bandwidthMeasurements\ALL#ALL#ALL#Dn.csv,DOWNLINK,385,region_north_normal,0,UNRESOLVED
tmp\mosaic-25.2\logs\log-20260602-172233-MaGaCellStudy\bandwidthMeasurements\ALL#ALL#ALL#Dn.csv,DOWNLINK,386,globalNetwork,216480,UNRESOLVED
tmp\mosaic-25.2\logs\log-20260602-172233-MaGaCellStudy\bandwidthMeasurements\ALL#ALL#ALL#Dn.csv,DOWNLINK,386,region_central_degraded,0,UNRESOLVED
tmp\mosaic-25.2\logs\log-20260602-172233-MaGaCellStudy\bandwidthMeasurements\ALL#ALL#ALL#Dn.csv,DOWNLINK,386,region_north_normal,0,UNRESOLVED
tmp\mosaic-25.2\logs\log-20260602-172233-MaGaCellStudy\bandwidthMeasurements\ALL#ALL#ALL#Dn.csv,DOWNLINK,387,globalNetwork,0,UNRESOLVED
tmp\mosaic-25.2\logs\log-20260602-172233-MaGaCellStudy\bandwidthMeasurements\ALL#ALL#ALL#Dn.csv,DOWNLINK,387,region_central_degraded,0,UNRESOLVED
tmp\mosaic-25.2\logs\log-20260602-172233-MaGaCellStudy\bandwidthMeasurements\ALL#ALL#ALL#Dn.csv,DOWNLINK,387,region_north_normal,0,UNRESOLVED
tmp\mosaic-25.2\logs\log-20260602-172233-MaGaCellStudy\bandwidthMeasurements\ALL#ALL#ALL#Dn.csv,DOWNLINK,388,globalNetwork,216480,UNRESOLVED
tmp\mosaic-25.2\logs\log-20260602-172233-MaGaCellStudy\bandwidthMeasurements\ALL#ALL#ALL#Dn.csv,DOWNLINK,388,region_central_degraded,0,UNRESOLVED
tmp\mosaic-25.2\logs\log-20260602-172233-MaGaCellStudy\bandwidthMeasurements\ALL#ALL#ALL#Dn.csv,DOWNLINK,388,region_north_normal,0,UNRESOLVED
tmp\mosaic-25.2\logs\log-20260602-172233-MaGaCellStudy\bandwidthMeasurements\ALL#ALL#ALL#Dn.csv,DOWNLINK,389,globalNetwork,0,UNRESOLVED
tmp\mosaic-25.2\logs\log-20260602-172233-MaGaCellStudy\bandwidthMeasurements\ALL#ALL#ALL#Dn.csv,DOWNLINK,389,region_central_degraded,0,UNRESOLVED
tmp\mosaic-25.2\logs\log-20260602-172233-MaGaCellStudy\bandwidthMeasurements\ALL#ALL#ALL#Dn.csv,DOWNLINK,389,region_north_normal,0,UNRESOLVED
tmp\mosaic-25.2\logs\log-20260602-172233-MaGaCellStudy\bandwidthMeasurements\ALL#ALL#ALL#Dn.csv,DOWNLINK,390,globalNetwork,216480,UNRESOLVED
tmp\mosaic-25.2\logs\log-20260602-172233-MaGaCellStudy\bandwidthMeasurements\ALL#ALL#ALL#Dn.csv,DOWNLINK,390,region_central_degraded,0,UNRESOLVED
tmp\mosaic-25.2\logs\log-20260602-172233-MaGaCellStudy\bandwidthMeasurements\ALL#ALL#ALL#Dn.csv,DOWNLINK,390,region_north_normal,0,UNRESOLVED
tmp\mosaic-25.2\logs\log-20260602-172233-MaGaCellStudy\bandwidthMeasurements\ALL#ALL#ALL#Dn.csv,DOWNLINK,391,globalNetwork,0,UNRESOLVED
tmp\mosaic-25.2\logs\log-20260602-172233-MaGaCellStudy\bandwidthMeasurements\ALL#ALL#ALL#Dn.csv,DOWNLINK,391,region_central_degraded,0,UNRESOLVED
tmp\mosaic-25.2\logs\log-20260602-172233-MaGaCellStudy\bandwidthMeasurements\ALL#ALL#ALL#Dn.csv,DOWNLINK,391,region_north_normal,0,UNRESOLVED
tmp\mosaic-25.2\logs\log-20260602-172233-MaGaCellStudy\bandwidthMeasurements\ALL#ALL#ALL#Dn.csv,DOWNLINK,392,globalNetwork,216480,UNRESOLVED
tmp\mosaic-25.2\logs\log-20260602-172233-MaGaCellStudy\bandwidthMeasurements\ALL#ALL#ALL#Dn.csv,DOWNLINK,392,region_central_degraded,0,UNRESOLVED
tmp\mosaic-25.2\logs\log-20260602-172233-MaGaCellStudy\bandwidthMeasurements\ALL#ALL#ALL#Dn.csv,DOWNLINK,392,region_north_normal,0,UNRESOLVED
tmp\mosaic-25.2\logs\log-20260602-172233-MaGaCellStudy\bandwidthMeasurements\ALL#ALL#ALL#Dn.csv,DOWNLINK,393,globalNetwork,0,UNRESOLVED
tmp\mosaic-25.2\logs\log-20260602-172233-MaGaCellStudy\bandwidthMeasurements\ALL#ALL#ALL#Dn.csv,DOWNLINK,393,region_central_degraded,0,UNRESOLVED
tmp\mosaic-25.2\logs\log-20260602-172233-MaGaCellStudy\bandwidthMeasurements\ALL#ALL#ALL#Dn.csv,DOWNLINK,393,region_north_normal,0,UNRESOLVED
tmp\mosaic-25.2\logs\log-20260602-172233-MaGaCellStudy\bandwidthMeasurements\ALL#ALL#ALL#Dn.csv,DOWNLINK,394,globalNetwork,216480,UNRESOLVED
tmp\mosaic-25.2\logs\log-20260602-172233-MaGaCellStudy\bandwidthMeasurements\ALL#ALL#ALL#Dn.csv,DOWNLINK,394,region_central_degraded,0,UNRESOLVED
tmp\mosaic-25.2\logs\log-20260602-172233-MaGaCellStudy\bandwidthMeasurements\ALL#ALL#ALL#Dn.csv,DOWNLINK,394,region_north_normal,0,UNRESOLVED
tmp\mosaic-25.2\logs\log-20260602-172233-MaGaCellStudy\bandwidthMeasurements\ALL#ALL#ALL#Dn.csv,DOWNLINK,395,globalNetwork,0,UNRESOLVED
tmp\mosaic-25.2\logs\log-20260602-172233-MaGaCellStudy\bandwidthMeasurements\ALL#ALL#ALL#Dn.csv,DOWNLINK,395,region_central_degraded,0,UNRESOLVED
tmp\mosaic-25.2\logs\log-20260602-172233-MaGaCellStudy\bandwidthMeasurements\ALL#ALL#ALL#Dn.csv,DOWNLINK,395,region_north_normal,0,UNRESOLVED
tmp\mosaic-25.2\logs\log-20260602-172233-MaGaCellStudy\bandwidthMeasurements\ALL#ALL#ALL#Dn.csv,DOWNLINK,396,globalNetwork,216480,UNRESOLVED
tmp\mosaic-25.2\logs\log-20260602-172233-MaGaCellStudy\bandwidthMeasurements\ALL#ALL#ALL#Dn.csv,DOWNLINK,396,region_central_degraded,0,UNRESOLVED
tmp\mosaic-25.2\logs\log-20260602-172233-MaGaCellStudy\bandwidthMeasurements\ALL#ALL#ALL#Dn.csv,DOWNLINK,396,region_north_normal,0,UNRESOLVED
tmp\mosaic-25.2\logs\log-20260602-172233-MaGaCellStudy\bandwidthMeasurements\ALL#ALL#ALL#Dn.csv,DOWNLINK,397,globalNetwork,0,UNRESOLVED
tmp\mosaic-25.2\logs\log-20260602-172233-MaGaCellStudy\bandwidthMeasurements\ALL#ALL#ALL#Dn.csv,DOWNLINK,397,region_central_degraded,0,UNRESOLVED
tmp\mosaic-25.2\logs\log-20260602-172233-MaGaCellStudy\bandwidthMeasurements\ALL#ALL#ALL#Dn.csv,DOWNLINK,397,region_north_normal,0,UNRESOLVED
tmp\mosaic-25.2\logs\log-20260602-172233-MaGaCellStudy\bandwidthMeasurements\ALL#ALL#ALL#Dn.csv,DOWNLINK,398,globalNetwork,216480,UNRESOLVED
tmp\mosaic-25.2\logs\log-20260602-172233-MaGaCellStudy\bandwidthMeasurements\ALL#ALL#ALL#Dn.csv,DOWNLINK,398,region_central_degraded,0,UNRESOLVED
tmp\mosaic-25.2\logs\log-20260602-172233-MaGaCellStudy\bandwidthMeasurements\ALL#ALL#ALL#Dn.csv,DOWNLINK,398,region_north_normal,0,UNRESOLVED
tmp\mosaic-25.2\logs\log-20260602-172233-MaGaCellStudy\bandwidthMeasurements\ALL#ALL#ALL#Dn.csv,DOWNLINK,399,globalNetwork,0,UNRESOLVED
tmp\mosaic-25.2\logs\log-20260602-172233-MaGaCellStudy\bandwidthMeasurements\ALL#ALL#ALL#Dn.csv,DOWNLINK,399,region_central_degraded,0,UNRESOLVED
tmp\mosaic-25.2\logs\log-20260602-172233-MaGaCellStudy\bandwidthMeasurements\ALL#ALL#ALL#Dn.csv,DOWNLINK,399,region_north_normal,0,UNRESOLVED
tmp\mosaic-25.2\logs\log-20260602-172233-MaGaCellStudy\bandwidthMeasurements\ALL#ALL#ALL#Dn.csv,DOWNLINK,400,globalNetwork,216480,UNRESOLVED
tmp\mosaic-25.2\logs\log-20260602-172233-MaGaCellStudy\bandwidthMeasurements\ALL#ALL#ALL#Dn.csv,DOWNLINK,400,region_central_degraded,0,UNRESOLVED
tmp\mosaic-25.2\logs\log-20260602-172233-MaGaCellStudy\bandwidthMeasurements\ALL#ALL#ALL#Dn.csv,DOWNLINK,400,region_north_normal,0,UNRESOLVED
tmp\mosaic-25.2\logs\log-20260602-172233-MaGaCellStudy\bandwidthMeasurements\ALL#ALL#ALL#Dn.csv,DOWNLINK,401,globalNetwork,0,UNRESOLVED
tmp\mosaic-25.2\logs\log-20260602-172233-MaGaCellStudy\bandwidthMeasurements\ALL#ALL#ALL#Dn.csv,DOWNLINK,401,region_central_degraded,0,UNRESOLVED
tmp\mosaic-25.2\logs\log-20260602-172233-MaGaCellStudy\bandwidthMeasurements\ALL#ALL#ALL#Dn.csv,DOWNLINK,401,region_north_normal,0,UNRESOLVED
tmp\mosaic-25.2\logs\log-20260602-172233-MaGaCellStudy\bandwidthMeasurements\ALL#ALL#ALL#Dn.csv,DOWNLINK,402,globalNetwork,216480,UNRESOLVED
tmp\mosaic-25.2\logs\log-20260602-172233-MaGaCellStudy\bandwidthMeasurements\ALL#ALL#ALL#Dn.csv,DOWNLINK,402,region_central_degraded,0,UNRESOLVED
tmp\mosaic-25.2\logs\log-20260602-172233-MaGaCellStudy\bandwidthMeasurements\ALL#ALL#ALL#Dn.csv,DOWNLINK,402,region_north_normal,0,UNRESOLVED
tmp\mosaic-25.2\logs\log-20260602-172233-MaGaCellStudy\bandwidthMeasurements\ALL#ALL#ALL#Dn.csv,DOWNLINK,403,globalNetwork,0,UNRESOLVED
tmp\mosaic-25.2\logs\log-20260602-172233-MaGaCellStudy\bandwidthMeasurements\ALL#ALL#ALL#Dn.csv,DOWNLINK,403,region_central_degraded,0,UNRESOLVED
tmp\mosaic-25.2\logs\log-20260602-172233-MaGaCellStudy\bandwidthMeasurements\ALL#ALL#ALL#Dn.csv,DOWNLINK,403,region_north_normal,0,UNRESOLVED
tmp\mosaic-25.2\logs\log-20260602-172233-MaGaCellStudy\bandwidthMeasurements\ALL#ALL#ALL#Dn.csv,DOWNLINK,404,globalNetwork,216480,UNRESOLVED
tmp\mosaic-25.2\logs\log-20260602-172233-MaGaCellStudy\bandwidthMeasurements\ALL#ALL#ALL#Dn.csv,DOWNLINK,404,region_central_degraded,0,UNRESOLVED
tmp\mosaic-25.2\logs\log-20260602-172233-MaGaCellStudy\bandwidthMeasurements\ALL#ALL#ALL#Dn.csv,DOWNLINK,404,region_north_normal,0,UNRESOLVED
tmp\mosaic-25.2\logs\log-20260602-172233-MaGaCellStudy\bandwidthMeasurements\ALL#ALL#ALL#Dn.csv,DOWNLINK,405,globalNetwork,0,UNRESOLVED
tmp\mosaic-25.2\logs\log-20260602-172233-MaGaCellStudy\bandwidthMeasurements\ALL#ALL#ALL#Dn.csv,DOWNLINK,405,region_central_degraded,0,UNRESOLVED
tmp\mosaic-25.2\logs\log-20260602-172233-MaGaCellStudy\bandwidthMeasurements\ALL#ALL#ALL#Dn.csv,DOWNLINK,405,region_north_normal,0,UNRESOLVED
tmp\mosaic-25.2\logs\log-20260602-172233-MaGaCellStudy\bandwidthMeasurements\ALL#ALL#ALL#Dn.csv,DOWNLINK,406,globalNetwork,216480,UNRESOLVED
tmp\mosaic-25.2\logs\log-20260602-172233-MaGaCellStudy\bandwidthMeasurements\ALL#ALL#ALL#Dn.csv,DOWNLINK,406,region_central_degraded,0,UNRESOLVED
tmp\mosaic-25.2\logs\log-20260602-172233-MaGaCellStudy\bandwidthMeasurements\ALL#ALL#ALL#Dn.csv,DOWNLINK,406,region_north_normal,0,UNRESOLVED
tmp\mosaic-25.2\logs\log-20260602-172233-MaGaCellStudy\bandwidthMeasurements\ALL#ALL#ALL#Dn.csv,DOWNLINK,407,globalNetwork,0,UNRESOLVED
tmp\mosaic-25.2\logs\log-20260602-172233-MaGaCellStudy\bandwidthMeasurements\ALL#ALL#ALL#Dn.csv,DOWNLINK,407,region_central_degraded,0,UNRESOLVED
tmp\mosaic-25.2\logs\log-20260602-172233-MaGaCellStudy\bandwidthMeasurements\ALL#ALL#ALL#Dn.csv,DOWNLINK,407,region_north_normal,0,UNRESOLVED
tmp\mosaic-25.2\logs\log-20260602-172233-MaGaCellStudy\bandwidthMeasurements\ALL#ALL#ALL#Dn.csv,DOWNLINK,408,globalNetwork,216480,UNRESOLVED
tmp\mosaic-25.2\logs\log-20260602-172233-MaGaCellStudy\bandwidthMeasurements\ALL#ALL#ALL#Dn.csv,DOWNLINK,408,region_central_degraded,0,UNRESOLVED
tmp\mosaic-25.2\logs\log-20260602-172233-MaGaCellStudy\bandwidthMeasurements\ALL#ALL#ALL#Dn.csv,DOWNLINK,408,region_north_normal,0,UNRESOLVED
tmp\mosaic-25.2\logs\log-20260602-172233-MaGaCellStudy\bandwidthMeasurements\ALL#ALL#ALL#Dn.csv,DOWNLINK,409,globalNetwork,0,UNRESOLVED
tmp\mosaic-25.2\logs\log-20260602-172233-MaGaCellStudy\bandwidthMeasurements\ALL#ALL#ALL#Dn.csv,DOWNLINK,409,region_central_degraded,0,UNRESOLVED
tmp\mosaic-25.2\logs\log-20260602-172233-MaGaCellStudy\bandwidthMeasurements\ALL#ALL#ALL#Dn.csv,DOWNLINK,409,region_north_normal,0,UNRESOLVED
tmp\mosaic-25.2\logs\log-20260602-172233-MaGaCellStudy\bandwidthMeasurements\ALL#ALL#ALL#Dn.csv,DOWNLINK,410,globalNetwork,216480,UNRESOLVED
tmp\mosaic-25.2\logs\log-20260602-172233-MaGaCellStudy\bandwidthMeasurements\ALL#ALL#ALL#Dn.csv,DOWNLINK,410,region_central_degraded,0,UNRESOLVED
tmp\mosaic-25.2\logs\log-20260602-172233-MaGaCellStudy\bandwidthMeasurements\ALL#ALL#ALL#Dn.csv,DOWNLINK,410,region_north_normal,0,UNRESOLVED
tmp\mosaic-25.2\logs\log-20260602-172233-MaGaCellStudy\bandwidthMeasurements\ALL#ALL#ALL#Dn.csv,DOWNLINK,411,globalNetwork,0,UNRESOLVED
tmp\mosaic-25.2\logs\log-20260602-172233-MaGaCellStudy\bandwidthMeasurements\ALL#ALL#ALL#Dn.csv,DOWNLINK,411,region_central_degraded,0,UNRESOLVED
tmp\mosaic-25.2\logs\log-20260602-172233-MaGaCellStudy\bandwidthMeasurements\ALL#ALL#ALL#Dn.csv,DOWNLINK,411,region_north_normal,0,UNRESOLVED
tmp\mosaic-25.2\logs\log-20260602-172233-MaGaCellStudy\bandwidthMeasurements\ALL#ALL#ALL#Dn.csv,DOWNLINK,412,globalNetwork,216480,UNRESOLVED
tmp\mosaic-25.2\logs\log-20260602-172233-MaGaCellStudy\bandwidthMeasurements\ALL#ALL#ALL#Dn.csv,DOWNLINK,412,region_central_degraded,0,UNRESOLVED
tmp\mosaic-25.2\logs\log-20260602-172233-MaGaCellStudy\bandwidthMeasurements\ALL#ALL#ALL#Dn.csv,DOWNLINK,412,region_north_normal,0,UNRESOLVED
tmp\mosaic-25.2\logs\log-20260602-172233-MaGaCellStudy\bandwidthMeasurements\ALL#ALL#ALL#Dn.csv,DOWNLINK,413,globalNetwork,0,UNRESOLVED
tmp\mosaic-25.2\logs\log-20260602-172233-MaGaCellStudy\bandwidthMeasurements\ALL#ALL#ALL#Dn.csv,DOWNLINK,413,region_central_degraded,0,UNRESOLVED
tmp\mosaic-25.2\logs\log-20260602-172233-MaGaCellStudy\bandwidthMeasurements\ALL#ALL#ALL#Dn.csv,DOWNLINK,413,region_north_normal,0,UNRESOLVED
tmp\mosaic-25.2\logs\log-20260602-172233-MaGaCellStudy\bandwidthMeasurements\ALL#ALL#ALL#Dn.csv,DOWNLINK,414,globalNetwork,216480,UNRESOLVED
tmp\mosaic-25.2\logs\log-20260602-172233-MaGaCellStudy\bandwidthMeasurements\ALL#ALL#ALL#Dn.csv,DOWNLINK,414,region_central_degraded,0,UNRESOLVED
tmp\mosaic-25.2\logs\log-20260602-172233-MaGaCellStudy\bandwidthMeasurements\ALL#ALL#ALL#Dn.csv,DOWNLINK,414,region_north_normal,0,UNRESOLVED
tmp\mosaic-25.2\logs\log-20260602-172233-MaGaCellStudy\bandwidthMeasurements\ALL#ALL#ALL#Dn.csv,DOWNLINK,415,globalNetwork,0,UNRESOLVED
tmp\mosaic-25.2\logs\log-20260602-172233-MaGaCellStudy\bandwidthMeasurements\ALL#ALL#ALL#Dn.csv,DOWNLINK,415,region_central_degraded,0,UNRESOLVED
tmp\mosaic-25.2\logs\log-20260602-172233-MaGaCellStudy\bandwidthMeasurements\ALL#ALL#ALL#Dn.csv,DOWNLINK,415,region_north_normal,0,UNRESOLVED
tmp\mosaic-25.2\logs\log-20260602-172233-MaGaCellStudy\bandwidthMeasurements\ALL#ALL#ALL#Dn.csv,DOWNLINK,416,globalNetwork,216480,UNRESOLVED
tmp\mosaic-25.2\logs\log-20260602-172233-MaGaCellStudy\bandwidthMeasurements\ALL#ALL#ALL#Dn.csv,DOWNLINK,416,region_central_degraded,0,UNRESOLVED
tmp\mosaic-25.2\logs\log-20260602-172233-MaGaCellStudy\bandwidthMeasurements\ALL#ALL#ALL#Dn.csv,DOWNLINK,416,region_north_normal,0,UNRESOLVED
tmp\mosaic-25.2\logs\log-20260602-172233-MaGaCellStudy\bandwidthMeasurements\ALL#ALL#ALL#Dn.csv,DOWNLINK,417,globalNetwork,0,UNRESOLVED
tmp\mosaic-25.2\logs\log-20260602-172233-MaGaCellStudy\bandwidthMeasurements\ALL#ALL#ALL#Dn.csv,DOWNLINK,417,region_central_degraded,0,UNRESOLVED
tmp\mosaic-25.2\logs\log-20260602-172233-MaGaCellStudy\bandwidthMeasurements\ALL#ALL#ALL#Dn.csv,DOWNLINK,417,region_north_normal,0,UNRESOLVED
tmp\mosaic-25.2\logs\log-20260602-172233-MaGaCellStudy\bandwidthMeasurements\ALL#ALL#ALL#Dn.csv,DOWNLINK,418,globalNetwork,216480,UNRESOLVED
tmp\mosaic-25.2\logs\log-20260602-172233-MaGaCellStudy\bandwidthMeasurements\ALL#ALL#ALL#Dn.csv,DOWNLINK,418,region_central_degraded,0,UNRESOLVED
tmp\mosaic-25.2\logs\log-20260602-172233-MaGaCellStudy\bandwidthMeasurements\ALL#ALL#ALL#Dn.csv,DOWNLINK,418,region_north_normal,0,UNRESOLVED
tmp\mosaic-25.2\logs\log-20260602-172233-MaGaCellStudy\bandwidthMeasurements\ALL#ALL#ALL#Dn.csv,DOWNLINK,419,globalNetwork,0,UNRESOLVED
tmp\mosaic-25.2\logs\log-20260602-172233-MaGaCellStudy\bandwidthMeasurements\ALL#ALL#ALL#Dn.csv,DOWNLINK,419,region_central_degraded,0,UNRESOLVED
tmp\mosaic-25.2\logs\log-20260602-172233-MaGaCellStudy\bandwidthMeasurements\ALL#ALL#ALL#Dn.csv,DOWNLINK,419,region_north_normal,0,UNRESOLVED
tmp\mosaic-25.2\logs\log-20260602-172233-MaGaCellStudy\bandwidthMeasurements\ALL#ALL#ALL#Dn.csv,DOWNLINK,420,globalNetwork,216480,UNRESOLVED
tmp\mosaic-25.2\logs\log-20260602-172233-MaGaCellStudy\bandwidthMeasurements\ALL#ALL#ALL#Dn.csv,DOWNLINK,420,region_central_degraded,0,UNRESOLVED
tmp\mosaic-25.2\logs\log-20260602-172233-MaGaCellStudy\bandwidthMeasurements\ALL#ALL#ALL#Dn.csv,DOWNLINK,420,region_north_normal,0,UNRESOLVED
tmp\mosaic-25.2\logs\log-20260602-172233-MaGaCellStudy\bandwidthMeasurements\ALL#ALL#ALL#Dn.csv,DOWNLINK,421,globalNetwork,0,UNRESOLVED
tmp\mosaic-25.2\logs\log-20260602-172233-MaGaCellStudy\bandwidthMeasurements\ALL#ALL#ALL#Dn.csv,DOWNLINK,421,region_central_degraded,0,UNRESOLVED
tmp\mosaic-25.2\logs\log-20260602-172233-MaGaCellStudy\bandwidthMeasurements\ALL#ALL#ALL#Dn.csv,DOWNLINK,421,region_north_normal,0,UNRESOLVED
tmp\mosaic-25.2\logs\log-20260602-172233-MaGaCellStudy\bandwidthMeasurements\ALL#ALL#ALL#Dn.csv,DOWNLINK,422,globalNetwork,216480,UNRESOLVED
tmp\mosaic-25.2\logs\log-20260602-172233-MaGaCellStudy\bandwidthMeasurements\ALL#ALL#ALL#Dn.csv,DOWNLINK,422,region_central_degraded,0,UNRESOLVED
tmp\mosaic-25.2\logs\log-20260602-172233-MaGaCellStudy\bandwidthMeasurements\ALL#ALL#ALL#Dn.csv,DOWNLINK,422,region_north_normal,0,UNRESOLVED
tmp\mosaic-25.2\logs\log-20260602-172233-MaGaCellStudy\bandwidthMeasurements\ALL#ALL#ALL#Dn.csv,DOWNLINK,423,globalNetwork,0,UNRESOLVED
tmp\mosaic-25.2\logs\log-20260602-172233-MaGaCellStudy\bandwidthMeasurements\ALL#ALL#ALL#Dn.csv,DOWNLINK,423,region_central_degraded,0,UNRESOLVED
tmp\mosaic-25.2\logs\log-20260602-172233-MaGaCellStudy\bandwidthMeasurements\ALL#ALL#ALL#Dn.csv,DOWNLINK,423,region_north_normal,0,UNRESOLVED
tmp\mosaic-25.2\logs\log-20260602-172233-MaGaCellStudy\bandwidthMeasurements\ALL#ALL#ALL#Dn.csv,DOWNLINK,424,globalNetwork,216480,UNRESOLVED
tmp\mosaic-25.2\logs\log-20260602-172233-MaGaCellStudy\bandwidthMeasurements\ALL#ALL#ALL#Dn.csv,DOWNLINK,424,region_central_degraded,0,UNRESOLVED
tmp\mosaic-25.2\logs\log-20260602-172233-MaGaCellStudy\bandwidthMeasurements\ALL#ALL#ALL#Dn.csv,DOWNLINK,424,region_north_normal,0,UNRESOLVED
tmp\mosaic-25.2\logs\log-20260602-172233-MaGaCellStudy\bandwidthMeasurements\ALL#ALL#ALL#Dn.csv,DOWNLINK,425,globalNetwork,0,UNRESOLVED
tmp\mosaic-25.2\logs\log-20260602-172233-MaGaCellStudy\bandwidthMeasurements\ALL#ALL#ALL#Dn.csv,DOWNLINK,425,region_central_degraded,0,UNRESOLVED
tmp\mosaic-25.2\logs\log-20260602-172233-MaGaCellStudy\bandwidthMeasurements\ALL#ALL#ALL#Dn.csv,DOWNLINK,425,region_north_normal,0,UNRESOLVED
tmp\mosaic-25.2\logs\log-20260602-172233-MaGaCellStudy\bandwidthMeasurements\ALL#ALL#ALL#Dn.csv,DOWNLINK,426,globalNetwork,216480,UNRESOLVED
tmp\mosaic-25.2\logs\log-20260602-172233-MaGaCellStudy\bandwidthMeasurements\ALL#ALL#ALL#Dn.csv,DOWNLINK,426,region_central_degraded,0,UNRESOLVED
tmp\mosaic-25.2\logs\log-20260602-172233-MaGaCellStudy\bandwidthMeasurements\ALL#ALL#ALL#Dn.csv,DOWNLINK,426,region_north_normal,0,UNRESOLVED
tmp\mosaic-25.2\logs\log-20260602-172233-MaGaCellStudy\bandwidthMeasurements\ALL#ALL#ALL#Dn.csv,DOWNLINK,427,globalNetwork,0,UNRESOLVED
tmp\mosaic-25.2\logs\log-20260602-172233-MaGaCellStudy\bandwidthMeasurements\ALL#ALL#ALL#Dn.csv,DOWNLINK,427,region_central_degraded,0,UNRESOLVED
tmp\mosaic-25.2\logs\log-20260602-172233-MaGaCellStudy\bandwidthMeasurements\ALL#ALL#ALL#Dn.csv,DOWNLINK,427,region_north_normal,0,UNRESOLVED
tmp\mosaic-25.2\logs\log-20260602-172233-MaGaCellStudy\bandwidthMeasurements\ALL#ALL#ALL#Dn.csv,DOWNLINK,428,globalNetwork,216480,UNRESOLVED
tmp\mosaic-25.2\logs\log-20260602-172233-MaGaCellStudy\bandwidthMeasurements\ALL#ALL#ALL#Dn.csv,DOWNLINK,428,region_central_degraded,0,UNRESOLVED
tmp\mosaic-25.2\logs\log-20260602-172233-MaGaCellStudy\bandwidthMeasurements\ALL#ALL#ALL#Dn.csv,DOWNLINK,428,region_north_normal,0,UNRESOLVED
tmp\mosaic-25.2\logs\log-20260602-172233-MaGaCellStudy\bandwidthMeasurements\ALL#ALL#ALL#Dn.csv,DOWNLINK,429,globalNetwork,0,UNRESOLVED
tmp\mosaic-25.2\logs\log-20260602-172233-MaGaCellStudy\bandwidthMeasurements\ALL#ALL#ALL#Dn.csv,DOWNLINK,429,region_central_degraded,0,UNRESOLVED
tmp\mosaic-25.2\logs\log-20260602-172233-MaGaCellStudy\bandwidthMeasurements\ALL#ALL#ALL#Dn.csv,DOWNLINK,429,region_north_normal,0,UNRESOLVED
tmp\mosaic-25.2\logs\log-20260602-172233-MaGaCellStudy\bandwidthMeasurements\ALL#ALL#ALL#Dn.csv,DOWNLINK,430,globalNetwork,216480,UNRESOLVED
tmp\mosaic-25.2\logs\log-20260602-172233-MaGaCellStudy\bandwidthMeasurements\ALL#ALL#ALL#Dn.csv,DOWNLINK,430,region_central_degraded,0,UNRESOLVED
tmp\mosaic-25.2\logs\log-20260602-172233-MaGaCellStudy\bandwidthMeasurements\ALL#ALL#ALL#Dn.csv,DOWNLINK,430,region_north_normal,0,UNRESOLVED
tmp\mosaic-25.2\logs\log-20260602-172233-MaGaCellStudy\bandwidthMeasurements\ALL#ALL#ALL#Dn.csv,DOWNLINK,431,globalNetwork,0,UNRESOLVED
tmp\mosaic-25.2\logs\log-20260602-172233-MaGaCellStudy\bandwidthMeasurements\ALL#ALL#ALL#Dn.csv,DOWNLINK,431,region_central_degraded,0,UNRESOLVED
tmp\mosaic-25.2\logs\log-20260602-172233-MaGaCellStudy\bandwidthMeasurements\ALL#ALL#ALL#Dn.csv,DOWNLINK,431,region_north_normal,0,UNRESOLVED
tmp\mosaic-25.2\logs\log-20260602-172233-MaGaCellStudy\bandwidthMeasurements\ALL#ALL#ALL#Dn.csv,DOWNLINK,432,globalNetwork,216480,UNRESOLVED
tmp\mosaic-25.2\logs\log-20260602-172233-MaGaCellStudy\bandwidthMeasurements\ALL#ALL#ALL#Dn.csv,DOWNLINK,432,region_central_degraded,0,UNRESOLVED
tmp\mosaic-25.2\logs\log-20260602-172233-MaGaCellStudy\bandwidthMeasurements\ALL#ALL#ALL#Dn.csv,DOWNLINK,432,region_north_normal,0,UNRESOLVED
tmp\mosaic-25.2\logs\log-20260602-172233-MaGaCellStudy\bandwidthMeasurements\ALL#ALL#ALL#Dn.csv,DOWNLINK,433,globalNetwork,0,UNRESOLVED
tmp\mosaic-25.2\logs\log-20260602-172233-MaGaCellStudy\bandwidthMeasurements\ALL#ALL#ALL#Dn.csv,DOWNLINK,433,region_central_degraded,0,UNRESOLVED
tmp\mosaic-25.2\logs\log-20260602-172233-MaGaCellStudy\bandwidthMeasurements\ALL#ALL#ALL#Dn.csv,DOWNLINK,433,region_north_normal,0,UNRESOLVED
tmp\mosaic-25.2\logs\log-20260602-172233-MaGaCellStudy\bandwidthMeasurements\ALL#ALL#ALL#Dn.csv,DOWNLINK,434,globalNetwork,216480,UNRESOLVED
tmp\mosaic-25.2\logs\log-20260602-172233-MaGaCellStudy\bandwidthMeasurements\ALL#ALL#ALL#Dn.csv,DOWNLINK,434,region_central_degraded,0,UNRESOLVED
tmp\mosaic-25.2\logs\log-20260602-172233-MaGaCellStudy\bandwidthMeasurements\ALL#ALL#ALL#Dn.csv,DOWNLINK,434,region_north_normal,0,UNRESOLVED
tmp\mosaic-25.2\logs\log-20260602-172233-MaGaCellStudy\bandwidthMeasurements\ALL#ALL#ALL#Dn.csv,DOWNLINK,435,globalNetwork,0,UNRESOLVED
tmp\mosaic-25.2\logs\log-20260602-172233-MaGaCellStudy\bandwidthMeasurements\ALL#ALL#ALL#Dn.csv,DOWNLINK,435,region_central_degraded,0,UNRESOLVED
tmp\mosaic-25.2\logs\log-20260602-172233-MaGaCellStudy\bandwidthMeasurements\ALL#ALL#ALL#Dn.csv,DOWNLINK,435,region_north_normal,0,UNRESOLVED
tmp\mosaic-25.2\logs\log-20260602-172233-MaGaCellStudy\bandwidthMeasurements\ALL#ALL#ALL#Dn.csv,DOWNLINK,436,globalNetwork,216480,UNRESOLVED
tmp\mosaic-25.2\logs\log-20260602-172233-MaGaCellStudy\bandwidthMeasurements\ALL#ALL#ALL#Dn.csv,DOWNLINK,436,region_central_degraded,0,UNRESOLVED
tmp\mosaic-25.2\logs\log-20260602-172233-MaGaCellStudy\bandwidthMeasurements\ALL#ALL#ALL#Dn.csv,DOWNLINK,436,region_north_normal,0,UNRESOLVED
tmp\mosaic-25.2\logs\log-20260602-172233-MaGaCellStudy\bandwidthMeasurements\ALL#ALL#ALL#Dn.csv,DOWNLINK,437,globalNetwork,0,UNRESOLVED
tmp\mosaic-25.2\logs\log-20260602-172233-MaGaCellStudy\bandwidthMeasurements\ALL#ALL#ALL#Dn.csv,DOWNLINK,437,region_central_degraded,0,UNRESOLVED
tmp\mosaic-25.2\logs\log-20260602-172233-MaGaCellStudy\bandwidthMeasurements\ALL#ALL#ALL#Dn.csv,DOWNLINK,437,region_north_normal,0,UNRESOLVED
tmp\mosaic-25.2\logs\log-20260602-172233-MaGaCellStudy\bandwidthMeasurements\ALL#ALL#ALL#Dn.csv,DOWNLINK,438,globalNetwork,216480,UNRESOLVED
tmp\mosaic-25.2\logs\log-20260602-172233-MaGaCellStudy\bandwidthMeasurements\ALL#ALL#ALL#Dn.csv,DOWNLINK,438,region_central_degraded,0,UNRESOLVED
tmp\mosaic-25.2\logs\log-20260602-172233-MaGaCellStudy\bandwidthMeasurements\ALL#ALL#ALL#Dn.csv,DOWNLINK,438,region_north_normal,0,UNRESOLVED
tmp\mosaic-25.2\logs\log-20260602-172233-MaGaCellStudy\bandwidthMeasurements\ALL#ALL#ALL#Dn.csv,DOWNLINK,439,globalNetwork,0,UNRESOLVED
tmp\mosaic-25.2\logs\log-20260602-172233-MaGaCellStudy\bandwidthMeasurements\ALL#ALL#ALL#Dn.csv,DOWNLINK,439,region_central_degraded,0,UNRESOLVED
tmp\mosaic-25.2\logs\log-20260602-172233-MaGaCellStudy\bandwidthMeasurements\ALL#ALL#ALL#Dn.csv,DOWNLINK,439,region_north_normal,0,UNRESOLVED
tmp\mosaic-25.2\logs\log-20260602-172233-MaGaCellStudy\bandwidthMeasurements\ALL#ALL#ALL#Dn.csv,DOWNLINK,440,globalNetwork,216480,UNRESOLVED
tmp\mosaic-25.2\logs\log-20260602-172233-MaGaCellStudy\bandwidthMeasurements\ALL#ALL#ALL#Dn.csv,DOWNLINK,440,region_central_degraded,0,UNRESOLVED
tmp\mosaic-25.2\logs\log-20260602-172233-MaGaCellStudy\bandwidthMeasurements\ALL#ALL#ALL#Dn.csv,DOWNLINK,440,region_north_normal,0,UNRESOLVED
tmp\mosaic-25.2\logs\log-20260602-172233-MaGaCellStudy\bandwidthMeasurements\ALL#ALL#ALL#Dn.csv,DOWNLINK,441,globalNetwork,0,UNRESOLVED
tmp\mosaic-25.2\logs\log-20260602-172233-MaGaCellStudy\bandwidthMeasurements\ALL#ALL#ALL#Dn.csv,DOWNLINK,441,region_central_degraded,0,UNRESOLVED
tmp\mosaic-25.2\logs\log-20260602-172233-MaGaCellStudy\bandwidthMeasurements\ALL#ALL#ALL#Dn.csv,DOWNLINK,441,region_north_normal,0,UNRESOLVED
tmp\mosaic-25.2\logs\log-20260602-172233-MaGaCellStudy\bandwidthMeasurements\ALL#ALL#ALL#Dn.csv,DOWNLINK,442,globalNetwork,216480,UNRESOLVED
tmp\mosaic-25.2\logs\log-20260602-172233-MaGaCellStudy\bandwidthMeasurements\ALL#ALL#ALL#Dn.csv,DOWNLINK,442,region_central_degraded,0,UNRESOLVED
tmp\mosaic-25.2\logs\log-20260602-172233-MaGaCellStudy\bandwidthMeasurements\ALL#ALL#ALL#Dn.csv,DOWNLINK,442,region_north_normal,0,UNRESOLVED
tmp\mosaic-25.2\logs\log-20260602-172233-MaGaCellStudy\bandwidthMeasurements\ALL#ALL#ALL#Dn.csv,DOWNLINK,443,globalNetwork,0,UNRESOLVED
tmp\mosaic-25.2\logs\log-20260602-172233-MaGaCellStudy\bandwidthMeasurements\ALL#ALL#ALL#Dn.csv,DOWNLINK,443,region_central_degraded,0,UNRESOLVED
tmp\mosaic-25.2\logs\log-20260602-172233-MaGaCellStudy\bandwidthMeasurements\ALL#ALL#ALL#Dn.csv,DOWNLINK,443,region_north_normal,0,UNRESOLVED
tmp\mosaic-25.2\logs\log-20260602-172233-MaGaCellStudy\bandwidthMeasurements\ALL#ALL#ALL#Dn.csv,DOWNLINK,444,globalNetwork,196800,UNRESOLVED
tmp\mosaic-25.2\logs\log-20260602-172233-MaGaCellStudy\bandwidthMeasurements\ALL#ALL#ALL#Dn.csv,DOWNLINK,444,region_central_degraded,0,UNRESOLVED
tmp\mosaic-25.2\logs\log-20260602-172233-MaGaCellStudy\bandwidthMeasurements\ALL#ALL#ALL#Dn.csv,DOWNLINK,444,region_north_normal,0,UNRESOLVED
tmp\mosaic-25.2\logs\log-20260602-172233-MaGaCellStudy\bandwidthMeasurements\ALL#ALL#ALL#Dn.csv,DOWNLINK,445,globalNetwork,0,UNRESOLVED
tmp\mosaic-25.2\logs\log-20260602-172233-MaGaCellStudy\bandwidthMeasurements\ALL#ALL#ALL#Dn.csv,DOWNLINK,445,region_central_degraded,0,UNRESOLVED
tmp\mosaic-25.2\logs\log-20260602-172233-MaGaCellStudy\bandwidthMeasurements\ALL#ALL#ALL#Dn.csv,DOWNLINK,445,region_north_normal,0,UNRESOLVED
tmp\mosaic-25.2\logs\log-20260602-172233-MaGaCellStudy\bandwidthMeasurements\ALL#ALL#ALL#Dn.csv,DOWNLINK,446,globalNetwork,196800,UNRESOLVED
tmp\mosaic-25.2\logs\log-20260602-172233-MaGaCellStudy\bandwidthMeasurements\ALL#ALL#ALL#Dn.csv,DOWNLINK,446,region_central_degraded,0,UNRESOLVED
tmp\mosaic-25.2\logs\log-20260602-172233-MaGaCellStudy\bandwidthMeasurements\ALL#ALL#ALL#Dn.csv,DOWNLINK,446,region_north_normal,0,UNRESOLVED
tmp\mosaic-25.2\logs\log-20260602-172233-MaGaCellStudy\bandwidthMeasurements\ALL#ALL#ALL#Dn.csv,DOWNLINK,447,globalNetwork,0,UNRESOLVED
tmp\mosaic-25.2\logs\log-20260602-172233-MaGaCellStudy\bandwidthMeasurements\ALL#ALL#ALL#Dn.csv,DOWNLINK,447,region_central_degraded,0,UNRESOLVED
tmp\mosaic-25.2\logs\log-20260602-172233-MaGaCellStudy\bandwidthMeasurements\ALL#ALL#ALL#Dn.csv,DOWNLINK,447,region_north_normal,0,UNRESOLVED
tmp\mosaic-25.2\logs\log-20260602-172233-MaGaCellStudy\bandwidthMeasurements\ALL#ALL#ALL#Dn.csv,DOWNLINK,448,globalNetwork,196800,UNRESOLVED
tmp\mosaic-25.2\logs\log-20260602-172233-MaGaCellStudy\bandwidthMeasurements\ALL#ALL#ALL#Dn.csv,DOWNLINK,448,region_central_degraded,0,UNRESOLVED
tmp\mosaic-25.2\logs\log-20260602-172233-MaGaCellStudy\bandwidthMeasurements\ALL#ALL#ALL#Dn.csv,DOWNLINK,448,region_north_normal,0,UNRESOLVED
tmp\mosaic-25.2\logs\log-20260602-172233-MaGaCellStudy\bandwidthMeasurements\ALL#ALL#ALL#Dn.csv,DOWNLINK,449,globalNetwork,0,UNRESOLVED
tmp\mosaic-25.2\logs\log-20260602-172233-MaGaCellStudy\bandwidthMeasurements\ALL#ALL#ALL#Dn.csv,DOWNLINK,449,region_central_degraded,0,UNRESOLVED
tmp\mosaic-25.2\logs\log-20260602-172233-MaGaCellStudy\bandwidthMeasurements\ALL#ALL#ALL#Dn.csv,DOWNLINK,449,region_north_normal,0,UNRESOLVED
tmp\mosaic-25.2\logs\log-20260602-172233-MaGaCellStudy\bandwidthMeasurements\ALL#ALL#ALL#Dn.csv,DOWNLINK,450,globalNetwork,196800,UNRESOLVED
tmp\mosaic-25.2\logs\log-20260602-172233-MaGaCellStudy\bandwidthMeasurements\ALL#ALL#ALL#Dn.csv,DOWNLINK,450,region_central_degraded,0,UNRESOLVED
tmp\mosaic-25.2\logs\log-20260602-172233-MaGaCellStudy\bandwidthMeasurements\ALL#ALL#ALL#Dn.csv,DOWNLINK,450,region_north_normal,0,UNRESOLVED
tmp\mosaic-25.2\logs\log-20260602-172233-MaGaCellStudy\bandwidthMeasurements\ALL#ALL#ALL#Dn.csv,DOWNLINK,451,globalNetwork,0,UNRESOLVED
tmp\mosaic-25.2\logs\log-20260602-172233-MaGaCellStudy\bandwidthMeasurements\ALL#ALL#ALL#Dn.csv,DOWNLINK,451,region_central_degraded,0,UNRESOLVED
tmp\mosaic-25.2\logs\log-20260602-172233-MaGaCellStudy\bandwidthMeasurements\ALL#ALL#ALL#Dn.csv,DOWNLINK,451,region_north_normal,0,UNRESOLVED
tmp\mosaic-25.2\logs\log-20260602-172233-MaGaCellStudy\bandwidthMeasurements\ALL#ALL#ALL#Dn.csv,DOWNLINK,452,globalNetwork,196800,UNRESOLVED
tmp\mosaic-25.2\logs\log-20260602-172233-MaGaCellStudy\bandwidthMeasurements\ALL#ALL#ALL#Dn.csv,DOWNLINK,452,region_central_degraded,0,UNRESOLVED
tmp\mosaic-25.2\logs\log-20260602-172233-MaGaCellStudy\bandwidthMeasurements\ALL#ALL#ALL#Dn.csv,DOWNLINK,452,region_north_normal,0,UNRESOLVED
tmp\mosaic-25.2\logs\log-20260602-172233-MaGaCellStudy\bandwidthMeasurements\ALL#ALL#ALL#Dn.csv,DOWNLINK,453,globalNetwork,0,UNRESOLVED
tmp\mosaic-25.2\logs\log-20260602-172233-MaGaCellStudy\bandwidthMeasurements\ALL#ALL#ALL#Dn.csv,DOWNLINK,453,region_central_degraded,0,UNRESOLVED
tmp\mosaic-25.2\logs\log-20260602-172233-MaGaCellStudy\bandwidthMeasurements\ALL#ALL#ALL#Dn.csv,DOWNLINK,453,region_north_normal,0,UNRESOLVED
tmp\mosaic-25.2\logs\log-20260602-172233-MaGaCellStudy\bandwidthMeasurements\ALL#ALL#ALL#Dn.csv,DOWNLINK,454,globalNetwork,196800,UNRESOLVED
tmp\mosaic-25.2\logs\log-20260602-172233-MaGaCellStudy\bandwidthMeasurements\ALL#ALL#ALL#Dn.csv,DOWNLINK,454,region_central_degraded,0,UNRESOLVED
tmp\mosaic-25.2\logs\log-20260602-172233-MaGaCellStudy\bandwidthMeasurements\ALL#ALL#ALL#Dn.csv,DOWNLINK,454,region_north_normal,0,UNRESOLVED
tmp\mosaic-25.2\logs\log-20260602-172233-MaGaCellStudy\bandwidthMeasurements\ALL#ALL#ALL#Dn.csv,DOWNLINK,455,globalNetwork,0,UNRESOLVED
tmp\mosaic-25.2\logs\log-20260602-172233-MaGaCellStudy\bandwidthMeasurements\ALL#ALL#ALL#Dn.csv,DOWNLINK,455,region_central_degraded,0,UNRESOLVED
tmp\mosaic-25.2\logs\log-20260602-172233-MaGaCellStudy\bandwidthMeasurements\ALL#ALL#ALL#Dn.csv,DOWNLINK,455,region_north_normal,0,UNRESOLVED
tmp\mosaic-25.2\logs\log-20260602-172233-MaGaCellStudy\bandwidthMeasurements\ALL#ALL#ALL#Dn.csv,DOWNLINK,456,globalNetwork,196800,UNRESOLVED
tmp\mosaic-25.2\logs\log-20260602-172233-MaGaCellStudy\bandwidthMeasurements\ALL#ALL#ALL#Dn.csv,DOWNLINK,456,region_central_degraded,0,UNRESOLVED
tmp\mosaic-25.2\logs\log-20260602-172233-MaGaCellStudy\bandwidthMeasurements\ALL#ALL#ALL#Dn.csv,DOWNLINK,456,region_north_normal,0,UNRESOLVED
tmp\mosaic-25.2\logs\log-20260602-172233-MaGaCellStudy\bandwidthMeasurements\ALL#ALL#ALL#Dn.csv,DOWNLINK,457,globalNetwork,0,UNRESOLVED
tmp\mosaic-25.2\logs\log-20260602-172233-MaGaCellStudy\bandwidthMeasurements\ALL#ALL#ALL#Dn.csv,DOWNLINK,457,region_central_degraded,0,UNRESOLVED
tmp\mosaic-25.2\logs\log-20260602-172233-MaGaCellStudy\bandwidthMeasurements\ALL#ALL#ALL#Dn.csv,DOWNLINK,457,region_north_normal,0,UNRESOLVED
tmp\mosaic-25.2\logs\log-20260602-172233-MaGaCellStudy\bandwidthMeasurements\ALL#ALL#ALL#Dn.csv,DOWNLINK,458,globalNetwork,196800,UNRESOLVED
tmp\mosaic-25.2\logs\log-20260602-172233-MaGaCellStudy\bandwidthMeasurements\ALL#ALL#ALL#Dn.csv,DOWNLINK,458,region_central_degraded,0,UNRESOLVED
tmp\mosaic-25.2\logs\log-20260602-172233-MaGaCellStudy\bandwidthMeasurements\ALL#ALL#ALL#Dn.csv,DOWNLINK,458,region_north_normal,0,UNRESOLVED
tmp\mosaic-25.2\logs\log-20260602-172233-MaGaCellStudy\bandwidthMeasurements\ALL#ALL#ALL#Dn.csv,DOWNLINK,459,globalNetwork,0,UNRESOLVED
tmp\mosaic-25.2\logs\log-20260602-172233-MaGaCellStudy\bandwidthMeasurements\ALL#ALL#ALL#Dn.csv,DOWNLINK,459,region_central_degraded,0,UNRESOLVED
tmp\mosaic-25.2\logs\log-20260602-172233-MaGaCellStudy\bandwidthMeasurements\ALL#ALL#ALL#Dn.csv,DOWNLINK,459,region_north_normal,0,UNRESOLVED
tmp\mosaic-25.2\logs\log-20260602-172233-MaGaCellStudy\bandwidthMeasurements\ALL#ALL#ALL#Dn.csv,DOWNLINK,460,globalNetwork,196800,UNRESOLVED
tmp\mosaic-25.2\logs\log-20260602-172233-MaGaCellStudy\bandwidthMeasurements\ALL#ALL#ALL#Dn.csv,DOWNLINK,460,region_central_degraded,0,UNRESOLVED
tmp\mosaic-25.2\logs\log-20260602-172233-MaGaCellStudy\bandwidthMeasurements\ALL#ALL#ALL#Dn.csv,DOWNLINK,460,region_north_normal,0,UNRESOLVED
tmp\mosaic-25.2\logs\log-20260602-172233-MaGaCellStudy\bandwidthMeasurements\ALL#ALL#ALL#Dn.csv,DOWNLINK,461,globalNetwork,0,UNRESOLVED
tmp\mosaic-25.2\logs\log-20260602-172233-MaGaCellStudy\bandwidthMeasurements\ALL#ALL#ALL#Dn.csv,DOWNLINK,461,region_central_degraded,0,UNRESOLVED
tmp\mosaic-25.2\logs\log-20260602-172233-MaGaCellStudy\bandwidthMeasurements\ALL#ALL#ALL#Dn.csv,DOWNLINK,461,region_north_normal,0,UNRESOLVED
tmp\mosaic-25.2\logs\log-20260602-172233-MaGaCellStudy\bandwidthMeasurements\ALL#ALL#ALL#Dn.csv,DOWNLINK,462,globalNetwork,196800,UNRESOLVED
tmp\mosaic-25.2\logs\log-20260602-172233-MaGaCellStudy\bandwidthMeasurements\ALL#ALL#ALL#Dn.csv,DOWNLINK,462,region_central_degraded,0,UNRESOLVED
tmp\mosaic-25.2\logs\log-20260602-172233-MaGaCellStudy\bandwidthMeasurements\ALL#ALL#ALL#Dn.csv,DOWNLINK,462,region_north_normal,0,UNRESOLVED
tmp\mosaic-25.2\logs\log-20260602-172233-MaGaCellStudy\bandwidthMeasurements\ALL#ALL#ALL#Dn.csv,DOWNLINK,463,globalNetwork,0,UNRESOLVED
tmp\mosaic-25.2\logs\log-20260602-172233-MaGaCellStudy\bandwidthMeasurements\ALL#ALL#ALL#Dn.csv,DOWNLINK,463,region_central_degraded,0,UNRESOLVED
tmp\mosaic-25.2\logs\log-20260602-172233-MaGaCellStudy\bandwidthMeasurements\ALL#ALL#ALL#Dn.csv,DOWNLINK,463,region_north_normal,0,UNRESOLVED
tmp\mosaic-25.2\logs\log-20260602-172233-MaGaCellStudy\bandwidthMeasurements\ALL#ALL#ALL#Dn.csv,DOWNLINK,464,globalNetwork,177120,UNRESOLVED
tmp\mosaic-25.2\logs\log-20260602-172233-MaGaCellStudy\bandwidthMeasurements\ALL#ALL#ALL#Dn.csv,DOWNLINK,464,region_central_degraded,0,UNRESOLVED
tmp\mosaic-25.2\logs\log-20260602-172233-MaGaCellStudy\bandwidthMeasurements\ALL#ALL#ALL#Dn.csv,DOWNLINK,464,region_north_normal,0,UNRESOLVED
tmp\mosaic-25.2\logs\log-20260602-172233-MaGaCellStudy\bandwidthMeasurements\ALL#ALL#ALL#Dn.csv,DOWNLINK,465,globalNetwork,0,UNRESOLVED
tmp\mosaic-25.2\logs\log-20260602-172233-MaGaCellStudy\bandwidthMeasurements\ALL#ALL#ALL#Dn.csv,DOWNLINK,465,region_central_degraded,0,UNRESOLVED
tmp\mosaic-25.2\logs\log-20260602-172233-MaGaCellStudy\bandwidthMeasurements\ALL#ALL#ALL#Dn.csv,DOWNLINK,465,region_north_normal,0,UNRESOLVED
tmp\mosaic-25.2\logs\log-20260602-172233-MaGaCellStudy\bandwidthMeasurements\ALL#ALL#ALL#Dn.csv,DOWNLINK,466,globalNetwork,177120,UNRESOLVED
tmp\mosaic-25.2\logs\log-20260602-172233-MaGaCellStudy\bandwidthMeasurements\ALL#ALL#ALL#Dn.csv,DOWNLINK,466,region_central_degraded,0,UNRESOLVED
tmp\mosaic-25.2\logs\log-20260602-172233-MaGaCellStudy\bandwidthMeasurements\ALL#ALL#ALL#Dn.csv,DOWNLINK,466,region_north_normal,0,UNRESOLVED
tmp\mosaic-25.2\logs\log-20260602-172233-MaGaCellStudy\bandwidthMeasurements\ALL#ALL#ALL#Dn.csv,DOWNLINK,467,globalNetwork,0,UNRESOLVED
tmp\mosaic-25.2\logs\log-20260602-172233-MaGaCellStudy\bandwidthMeasurements\ALL#ALL#ALL#Dn.csv,DOWNLINK,467,region_central_degraded,0,UNRESOLVED
tmp\mosaic-25.2\logs\log-20260602-172233-MaGaCellStudy\bandwidthMeasurements\ALL#ALL#ALL#Dn.csv,DOWNLINK,467,region_north_normal,0,UNRESOLVED
tmp\mosaic-25.2\logs\log-20260602-172233-MaGaCellStudy\bandwidthMeasurements\ALL#ALL#ALL#Dn.csv,DOWNLINK,468,globalNetwork,177120,UNRESOLVED
tmp\mosaic-25.2\logs\log-20260602-172233-MaGaCellStudy\bandwidthMeasurements\ALL#ALL#ALL#Dn.csv,DOWNLINK,468,region_central_degraded,0,UNRESOLVED
tmp\mosaic-25.2\logs\log-20260602-172233-MaGaCellStudy\bandwidthMeasurements\ALL#ALL#ALL#Dn.csv,DOWNLINK,468,region_north_normal,0,UNRESOLVED
tmp\mosaic-25.2\logs\log-20260602-172233-MaGaCellStudy\bandwidthMeasurements\ALL#ALL#ALL#Dn.csv,DOWNLINK,469,globalNetwork,0,UNRESOLVED
tmp\mosaic-25.2\logs\log-20260602-172233-MaGaCellStudy\bandwidthMeasurements\ALL#ALL#ALL#Dn.csv,DOWNLINK,469,region_central_degraded,0,UNRESOLVED
tmp\mosaic-25.2\logs\log-20260602-172233-MaGaCellStudy\bandwidthMeasurements\ALL#ALL#ALL#Dn.csv,DOWNLINK,469,region_north_normal,0,UNRESOLVED
tmp\mosaic-25.2\logs\log-20260602-172233-MaGaCellStudy\bandwidthMeasurements\ALL#ALL#ALL#Dn.csv,DOWNLINK,470,globalNetwork,177120,UNRESOLVED
tmp\mosaic-25.2\logs\log-20260602-172233-MaGaCellStudy\bandwidthMeasurements\ALL#ALL#ALL#Dn.csv,DOWNLINK,470,region_central_degraded,0,UNRESOLVED
tmp\mosaic-25.2\logs\log-20260602-172233-MaGaCellStudy\bandwidthMeasurements\ALL#ALL#ALL#Dn.csv,DOWNLINK,470,region_north_normal,0,UNRESOLVED
tmp\mosaic-25.2\logs\log-20260602-172233-MaGaCellStudy\bandwidthMeasurements\ALL#ALL#ALL#Dn.csv,DOWNLINK,471,globalNetwork,0,UNRESOLVED
tmp\mosaic-25.2\logs\log-20260602-172233-MaGaCellStudy\bandwidthMeasurements\ALL#ALL#ALL#Dn.csv,DOWNLINK,471,region_central_degraded,0,UNRESOLVED
tmp\mosaic-25.2\logs\log-20260602-172233-MaGaCellStudy\bandwidthMeasurements\ALL#ALL#ALL#Dn.csv,DOWNLINK,471,region_north_normal,0,UNRESOLVED
tmp\mosaic-25.2\logs\log-20260602-172233-MaGaCellStudy\bandwidthMeasurements\ALL#ALL#ALL#Dn.csv,DOWNLINK,472,globalNetwork,177120,UNRESOLVED
tmp\mosaic-25.2\logs\log-20260602-172233-MaGaCellStudy\bandwidthMeasurements\ALL#ALL#ALL#Dn.csv,DOWNLINK,472,region_central_degraded,0,UNRESOLVED
tmp\mosaic-25.2\logs\log-20260602-172233-MaGaCellStudy\bandwidthMeasurements\ALL#ALL#ALL#Dn.csv,DOWNLINK,472,region_north_normal,0,UNRESOLVED
tmp\mosaic-25.2\logs\log-20260602-172233-MaGaCellStudy\bandwidthMeasurements\ALL#ALL#ALL#Dn.csv,DOWNLINK,473,globalNetwork,0,UNRESOLVED
tmp\mosaic-25.2\logs\log-20260602-172233-MaGaCellStudy\bandwidthMeasurements\ALL#ALL#ALL#Dn.csv,DOWNLINK,473,region_central_degraded,0,UNRESOLVED
tmp\mosaic-25.2\logs\log-20260602-172233-MaGaCellStudy\bandwidthMeasurements\ALL#ALL#ALL#Dn.csv,DOWNLINK,473,region_north_normal,0,UNRESOLVED
tmp\mosaic-25.2\logs\log-20260602-172233-MaGaCellStudy\bandwidthMeasurements\ALL#ALL#ALL#Dn.csv,DOWNLINK,474,globalNetwork,177120,UNRESOLVED
tmp\mosaic-25.2\logs\log-20260602-172233-MaGaCellStudy\bandwidthMeasurements\ALL#ALL#ALL#Dn.csv,DOWNLINK,474,region_central_degraded,0,UNRESOLVED
tmp\mosaic-25.2\logs\log-20260602-172233-MaGaCellStudy\bandwidthMeasurements\ALL#ALL#ALL#Dn.csv,DOWNLINK,474,region_north_normal,0,UNRESOLVED
tmp\mosaic-25.2\logs\log-20260602-172233-MaGaCellStudy\bandwidthMeasurements\ALL#ALL#ALL#Dn.csv,DOWNLINK,475,globalNetwork,0,UNRESOLVED
tmp\mosaic-25.2\logs\log-20260602-172233-MaGaCellStudy\bandwidthMeasurements\ALL#ALL#ALL#Dn.csv,DOWNLINK,475,region_central_degraded,0,UNRESOLVED
tmp\mosaic-25.2\logs\log-20260602-172233-MaGaCellStudy\bandwidthMeasurements\ALL#ALL#ALL#Dn.csv,DOWNLINK,475,region_north_normal,0,UNRESOLVED
tmp\mosaic-25.2\logs\log-20260602-172233-MaGaCellStudy\bandwidthMeasurements\ALL#ALL#ALL#Dn.csv,DOWNLINK,476,globalNetwork,177120,UNRESOLVED
tmp\mosaic-25.2\logs\log-20260602-172233-MaGaCellStudy\bandwidthMeasurements\ALL#ALL#ALL#Dn.csv,DOWNLINK,476,region_central_degraded,0,UNRESOLVED
tmp\mosaic-25.2\logs\log-20260602-172233-MaGaCellStudy\bandwidthMeasurements\ALL#ALL#ALL#Dn.csv,DOWNLINK,476,region_north_normal,0,UNRESOLVED
tmp\mosaic-25.2\logs\log-20260602-172233-MaGaCellStudy\bandwidthMeasurements\ALL#ALL#ALL#Dn.csv,DOWNLINK,477,globalNetwork,0,UNRESOLVED
tmp\mosaic-25.2\logs\log-20260602-172233-MaGaCellStudy\bandwidthMeasurements\ALL#ALL#ALL#Dn.csv,DOWNLINK,477,region_central_degraded,0,UNRESOLVED
tmp\mosaic-25.2\logs\log-20260602-172233-MaGaCellStudy\bandwidthMeasurements\ALL#ALL#ALL#Dn.csv,DOWNLINK,477,region_north_normal,0,UNRESOLVED
tmp\mosaic-25.2\logs\log-20260602-172233-MaGaCellStudy\bandwidthMeasurements\ALL#ALL#ALL#Dn.csv,DOWNLINK,478,globalNetwork,177120,UNRESOLVED
tmp\mosaic-25.2\logs\log-20260602-172233-MaGaCellStudy\bandwidthMeasurements\ALL#ALL#ALL#Dn.csv,DOWNLINK,478,region_central_degraded,0,UNRESOLVED
tmp\mosaic-25.2\logs\log-20260602-172233-MaGaCellStudy\bandwidthMeasurements\ALL#ALL#ALL#Dn.csv,DOWNLINK,478,region_north_normal,0,UNRESOLVED
tmp\mosaic-25.2\logs\log-20260602-172233-MaGaCellStudy\bandwidthMeasurements\ALL#ALL#ALL#Dn.csv,DOWNLINK,479,globalNetwork,0,UNRESOLVED
tmp\mosaic-25.2\logs\log-20260602-172233-MaGaCellStudy\bandwidthMeasurements\ALL#ALL#ALL#Dn.csv,DOWNLINK,479,region_central_degraded,0,UNRESOLVED
tmp\mosaic-25.2\logs\log-20260602-172233-MaGaCellStudy\bandwidthMeasurements\ALL#ALL#ALL#Dn.csv,DOWNLINK,479,region_north_normal,0,UNRESOLVED
tmp\mosaic-25.2\logs\log-20260602-172233-MaGaCellStudy\bandwidthMeasurements\ALL#ALL#ALL#Dn.csv,DOWNLINK,480,globalNetwork,177120,UNRESOLVED
tmp\mosaic-25.2\logs\log-20260602-172233-MaGaCellStudy\bandwidthMeasurements\ALL#ALL#ALL#Dn.csv,DOWNLINK,480,region_central_degraded,0,UNRESOLVED
tmp\mosaic-25.2\logs\log-20260602-172233-MaGaCellStudy\bandwidthMeasurements\ALL#ALL#ALL#Dn.csv,DOWNLINK,480,region_north_normal,0,UNRESOLVED
tmp\mosaic-25.2\logs\log-20260602-172233-MaGaCellStudy\bandwidthMeasurements\ALL#ALL#ALL#Dn.csv,DOWNLINK,481,globalNetwork,0,UNRESOLVED
tmp\mosaic-25.2\logs\log-20260602-172233-MaGaCellStudy\bandwidthMeasurements\ALL#ALL#ALL#Dn.csv,DOWNLINK,481,region_central_degraded,0,UNRESOLVED
tmp\mosaic-25.2\logs\log-20260602-172233-MaGaCellStudy\bandwidthMeasurements\ALL#ALL#ALL#Dn.csv,DOWNLINK,481,region_north_normal,0,UNRESOLVED
tmp\mosaic-25.2\logs\log-20260602-172233-MaGaCellStudy\bandwidthMeasurements\ALL#ALL#ALL#Dn.csv,DOWNLINK,482,globalNetwork,177120,UNRESOLVED
tmp\mosaic-25.2\logs\log-20260602-172233-MaGaCellStudy\bandwidthMeasurements\ALL#ALL#ALL#Dn.csv,DOWNLINK,482,region_central_degraded,0,UNRESOLVED
tmp\mosaic-25.2\logs\log-20260602-172233-MaGaCellStudy\bandwidthMeasurements\ALL#ALL#ALL#Dn.csv,DOWNLINK,482,region_north_normal,0,UNRESOLVED
tmp\mosaic-25.2\logs\log-20260602-172233-MaGaCellStudy\bandwidthMeasurements\ALL#ALL#ALL#Dn.csv,DOWNLINK,483,globalNetwork,0,UNRESOLVED
tmp\mosaic-25.2\logs\log-20260602-172233-MaGaCellStudy\bandwidthMeasurements\ALL#ALL#ALL#Dn.csv,DOWNLINK,483,region_central_degraded,0,UNRESOLVED
tmp\mosaic-25.2\logs\log-20260602-172233-MaGaCellStudy\bandwidthMeasurements\ALL#ALL#ALL#Dn.csv,DOWNLINK,483,region_north_normal,0,UNRESOLVED
tmp\mosaic-25.2\logs\log-20260602-172233-MaGaCellStudy\bandwidthMeasurements\ALL#ALL#ALL#Dn.csv,DOWNLINK,484,globalNetwork,157440,UNRESOLVED
tmp\mosaic-25.2\logs\log-20260602-172233-MaGaCellStudy\bandwidthMeasurements\ALL#ALL#ALL#Dn.csv,DOWNLINK,484,region_central_degraded,0,UNRESOLVED
tmp\mosaic-25.2\logs\log-20260602-172233-MaGaCellStudy\bandwidthMeasurements\ALL#ALL#ALL#Dn.csv,DOWNLINK,484,region_north_normal,0,UNRESOLVED
tmp\mosaic-25.2\logs\log-20260602-172233-MaGaCellStudy\bandwidthMeasurements\ALL#ALL#ALL#Dn.csv,DOWNLINK,485,globalNetwork,0,UNRESOLVED
tmp\mosaic-25.2\logs\log-20260602-172233-MaGaCellStudy\bandwidthMeasurements\ALL#ALL#ALL#Dn.csv,DOWNLINK,485,region_central_degraded,0,UNRESOLVED
tmp\mosaic-25.2\logs\log-20260602-172233-MaGaCellStudy\bandwidthMeasurements\ALL#ALL#ALL#Dn.csv,DOWNLINK,485,region_north_normal,0,UNRESOLVED
tmp\mosaic-25.2\logs\log-20260602-172233-MaGaCellStudy\bandwidthMeasurements\ALL#ALL#ALL#Dn.csv,DOWNLINK,486,globalNetwork,157440,UNRESOLVED
tmp\mosaic-25.2\logs\log-20260602-172233-MaGaCellStudy\bandwidthMeasurements\ALL#ALL#ALL#Dn.csv,DOWNLINK,486,region_central_degraded,0,UNRESOLVED
tmp\mosaic-25.2\logs\log-20260602-172233-MaGaCellStudy\bandwidthMeasurements\ALL#ALL#ALL#Dn.csv,DOWNLINK,486,region_north_normal,0,UNRESOLVED
tmp\mosaic-25.2\logs\log-20260602-172233-MaGaCellStudy\bandwidthMeasurements\ALL#ALL#ALL#Dn.csv,DOWNLINK,487,globalNetwork,0,UNRESOLVED
tmp\mosaic-25.2\logs\log-20260602-172233-MaGaCellStudy\bandwidthMeasurements\ALL#ALL#ALL#Dn.csv,DOWNLINK,487,region_central_degraded,0,UNRESOLVED
tmp\mosaic-25.2\logs\log-20260602-172233-MaGaCellStudy\bandwidthMeasurements\ALL#ALL#ALL#Dn.csv,DOWNLINK,487,region_north_normal,0,UNRESOLVED
tmp\mosaic-25.2\logs\log-20260602-172233-MaGaCellStudy\bandwidthMeasurements\ALL#ALL#ALL#Dn.csv,DOWNLINK,488,globalNetwork,157440,UNRESOLVED
tmp\mosaic-25.2\logs\log-20260602-172233-MaGaCellStudy\bandwidthMeasurements\ALL#ALL#ALL#Dn.csv,DOWNLINK,488,region_central_degraded,0,UNRESOLVED
tmp\mosaic-25.2\logs\log-20260602-172233-MaGaCellStudy\bandwidthMeasurements\ALL#ALL#ALL#Dn.csv,DOWNLINK,488,region_north_normal,0,UNRESOLVED
tmp\mosaic-25.2\logs\log-20260602-172233-MaGaCellStudy\bandwidthMeasurements\ALL#ALL#ALL#Dn.csv,DOWNLINK,489,globalNetwork,0,UNRESOLVED
tmp\mosaic-25.2\logs\log-20260602-172233-MaGaCellStudy\bandwidthMeasurements\ALL#ALL#ALL#Dn.csv,DOWNLINK,489,region_central_degraded,0,UNRESOLVED
tmp\mosaic-25.2\logs\log-20260602-172233-MaGaCellStudy\bandwidthMeasurements\ALL#ALL#ALL#Dn.csv,DOWNLINK,489,region_north_normal,0,UNRESOLVED
tmp\mosaic-25.2\logs\log-20260602-172233-MaGaCellStudy\bandwidthMeasurements\ALL#ALL#ALL#Dn.csv,DOWNLINK,490,globalNetwork,137760,UNRESOLVED
tmp\mosaic-25.2\logs\log-20260602-172233-MaGaCellStudy\bandwidthMeasurements\ALL#ALL#ALL#Dn.csv,DOWNLINK,490,region_central_degraded,0,UNRESOLVED
tmp\mosaic-25.2\logs\log-20260602-172233-MaGaCellStudy\bandwidthMeasurements\ALL#ALL#ALL#Dn.csv,DOWNLINK,490,region_north_normal,0,UNRESOLVED
tmp\mosaic-25.2\logs\log-20260602-172233-MaGaCellStudy\bandwidthMeasurements\ALL#ALL#ALL#Dn.csv,DOWNLINK,491,globalNetwork,0,UNRESOLVED
tmp\mosaic-25.2\logs\log-20260602-172233-MaGaCellStudy\bandwidthMeasurements\ALL#ALL#ALL#Dn.csv,DOWNLINK,491,region_central_degraded,0,UNRESOLVED
tmp\mosaic-25.2\logs\log-20260602-172233-MaGaCellStudy\bandwidthMeasurements\ALL#ALL#ALL#Dn.csv,DOWNLINK,491,region_north_normal,0,UNRESOLVED
tmp\mosaic-25.2\logs\log-20260602-172233-MaGaCellStudy\bandwidthMeasurements\ALL#ALL#ALL#Dn.csv,DOWNLINK,492,globalNetwork,137760,UNRESOLVED
tmp\mosaic-25.2\logs\log-20260602-172233-MaGaCellStudy\bandwidthMeasurements\ALL#ALL#ALL#Dn.csv,DOWNLINK,492,region_central_degraded,0,UNRESOLVED
tmp\mosaic-25.2\logs\log-20260602-172233-MaGaCellStudy\bandwidthMeasurements\ALL#ALL#ALL#Dn.csv,DOWNLINK,492,region_north_normal,0,UNRESOLVED
tmp\mosaic-25.2\logs\log-20260602-172233-MaGaCellStudy\bandwidthMeasurements\ALL#ALL#ALL#Dn.csv,DOWNLINK,493,globalNetwork,0,UNRESOLVED
tmp\mosaic-25.2\logs\log-20260602-172233-MaGaCellStudy\bandwidthMeasurements\ALL#ALL#ALL#Dn.csv,DOWNLINK,493,region_central_degraded,0,UNRESOLVED
tmp\mosaic-25.2\logs\log-20260602-172233-MaGaCellStudy\bandwidthMeasurements\ALL#ALL#ALL#Dn.csv,DOWNLINK,493,region_north_normal,0,UNRESOLVED
tmp\mosaic-25.2\logs\log-20260602-172233-MaGaCellStudy\bandwidthMeasurements\ALL#ALL#ALL#Dn.csv,DOWNLINK,494,globalNetwork,118080,UNRESOLVED
tmp\mosaic-25.2\logs\log-20260602-172233-MaGaCellStudy\bandwidthMeasurements\ALL#ALL#ALL#Dn.csv,DOWNLINK,494,region_central_degraded,0,UNRESOLVED
tmp\mosaic-25.2\logs\log-20260602-172233-MaGaCellStudy\bandwidthMeasurements\ALL#ALL#ALL#Dn.csv,DOWNLINK,494,region_north_normal,0,UNRESOLVED
tmp\mosaic-25.2\logs\log-20260602-172233-MaGaCellStudy\bandwidthMeasurements\ALL#ALL#ALL#Dn.csv,DOWNLINK,495,globalNetwork,0,UNRESOLVED
tmp\mosaic-25.2\logs\log-20260602-172233-MaGaCellStudy\bandwidthMeasurements\ALL#ALL#ALL#Dn.csv,DOWNLINK,495,region_central_degraded,0,UNRESOLVED
tmp\mosaic-25.2\logs\log-20260602-172233-MaGaCellStudy\bandwidthMeasurements\ALL#ALL#ALL#Dn.csv,DOWNLINK,495,region_north_normal,0,UNRESOLVED
tmp\mosaic-25.2\logs\log-20260602-172233-MaGaCellStudy\bandwidthMeasurements\ALL#ALL#ALL#Dn.csv,DOWNLINK,496,globalNetwork,118080,UNRESOLVED
tmp\mosaic-25.2\logs\log-20260602-172233-MaGaCellStudy\bandwidthMeasurements\ALL#ALL#ALL#Dn.csv,DOWNLINK,496,region_central_degraded,0,UNRESOLVED
tmp\mosaic-25.2\logs\log-20260602-172233-MaGaCellStudy\bandwidthMeasurements\ALL#ALL#ALL#Dn.csv,DOWNLINK,496,region_north_normal,0,UNRESOLVED
tmp\mosaic-25.2\logs\log-20260602-172233-MaGaCellStudy\bandwidthMeasurements\ALL#ALL#ALL#Dn.csv,DOWNLINK,497,globalNetwork,0,UNRESOLVED
tmp\mosaic-25.2\logs\log-20260602-172233-MaGaCellStudy\bandwidthMeasurements\ALL#ALL#ALL#Dn.csv,DOWNLINK,497,region_central_degraded,0,UNRESOLVED
tmp\mosaic-25.2\logs\log-20260602-172233-MaGaCellStudy\bandwidthMeasurements\ALL#ALL#ALL#Dn.csv,DOWNLINK,497,region_north_normal,0,UNRESOLVED
tmp\mosaic-25.2\logs\log-20260602-172233-MaGaCellStudy\bandwidthMeasurements\ALL#ALL#ALL#Dn.csv,DOWNLINK,498,globalNetwork,98400,UNRESOLVED
tmp\mosaic-25.2\logs\log-20260602-172233-MaGaCellStudy\bandwidthMeasurements\ALL#ALL#ALL#Dn.csv,DOWNLINK,498,region_central_degraded,0,UNRESOLVED
tmp\mosaic-25.2\logs\log-20260602-172233-MaGaCellStudy\bandwidthMeasurements\ALL#ALL#ALL#Dn.csv,DOWNLINK,498,region_north_normal,0,UNRESOLVED
tmp\mosaic-25.2\logs\log-20260602-172233-MaGaCellStudy\bandwidthMeasurements\ALL#ALL#ALL#Dn.csv,DOWNLINK,499,globalNetwork,0,UNRESOLVED
tmp\mosaic-25.2\logs\log-20260602-172233-MaGaCellStudy\bandwidthMeasurements\ALL#ALL#ALL#Dn.csv,DOWNLINK,499,region_central_degraded,0,UNRESOLVED
tmp\mosaic-25.2\logs\log-20260602-172233-MaGaCellStudy\bandwidthMeasurements\ALL#ALL#ALL#Dn.csv,DOWNLINK,499,region_north_normal,0,UNRESOLVED
tmp\mosaic-25.2\logs\log-20260602-172233-MaGaCellStudy\bandwidthMeasurements\ALL#ALL#ALL#Dn.csv,DOWNLINK,500,globalNetwork,98400,UNRESOLVED
tmp\mosaic-25.2\logs\log-20260602-172233-MaGaCellStudy\bandwidthMeasurements\ALL#ALL#ALL#Dn.csv,DOWNLINK,500,region_central_degraded,0,UNRESOLVED
tmp\mosaic-25.2\logs\log-20260602-172233-MaGaCellStudy\bandwidthMeasurements\ALL#ALL#ALL#Dn.csv,DOWNLINK,500,region_north_normal,0,UNRESOLVED
tmp\mosaic-25.2\logs\log-20260602-172233-MaGaCellStudy\bandwidthMeasurements\ALL#ALL#ALL#Dn.csv,DOWNLINK,501,globalNetwork,0,UNRESOLVED
tmp\mosaic-25.2\logs\log-20260602-172233-MaGaCellStudy\bandwidthMeasurements\ALL#ALL#ALL#Dn.csv,DOWNLINK,501,region_central_degraded,0,UNRESOLVED
tmp\mosaic-25.2\logs\log-20260602-172233-MaGaCellStudy\bandwidthMeasurements\ALL#ALL#ALL#Dn.csv,DOWNLINK,501,region_north_normal,0,UNRESOLVED
tmp\mosaic-25.2\logs\log-20260602-172233-MaGaCellStudy\bandwidthMeasurements\ALL#ALL#ALL#Dn.csv,DOWNLINK,502,globalNetwork,98400,UNRESOLVED
tmp\mosaic-25.2\logs\log-20260602-172233-MaGaCellStudy\bandwidthMeasurements\ALL#ALL#ALL#Dn.csv,DOWNLINK,502,region_central_degraded,0,UNRESOLVED
tmp\mosaic-25.2\logs\log-20260602-172233-MaGaCellStudy\bandwidthMeasurements\ALL#ALL#ALL#Dn.csv,DOWNLINK,502,region_north_normal,0,UNRESOLVED
tmp\mosaic-25.2\logs\log-20260602-172233-MaGaCellStudy\bandwidthMeasurements\ALL#ALL#ALL#Dn.csv,DOWNLINK,503,globalNetwork,0,UNRESOLVED
tmp\mosaic-25.2\logs\log-20260602-172233-MaGaCellStudy\bandwidthMeasurements\ALL#ALL#ALL#Dn.csv,DOWNLINK,503,region_central_degraded,0,UNRESOLVED
tmp\mosaic-25.2\logs\log-20260602-172233-MaGaCellStudy\bandwidthMeasurements\ALL#ALL#ALL#Dn.csv,DOWNLINK,503,region_north_normal,0,UNRESOLVED
tmp\mosaic-25.2\logs\log-20260602-172233-MaGaCellStudy\bandwidthMeasurements\ALL#ALL#ALL#Dn.csv,DOWNLINK,504,globalNetwork,98400,UNRESOLVED
tmp\mosaic-25.2\logs\log-20260602-172233-MaGaCellStudy\bandwidthMeasurements\ALL#ALL#ALL#Dn.csv,DOWNLINK,504,region_central_degraded,0,UNRESOLVED
tmp\mosaic-25.2\logs\log-20260602-172233-MaGaCellStudy\bandwidthMeasurements\ALL#ALL#ALL#Dn.csv,DOWNLINK,504,region_north_normal,0,UNRESOLVED
tmp\mosaic-25.2\logs\log-20260602-172233-MaGaCellStudy\bandwidthMeasurements\ALL#ALL#ALL#Dn.csv,DOWNLINK,505,globalNetwork,0,UNRESOLVED
tmp\mosaic-25.2\logs\log-20260602-172233-MaGaCellStudy\bandwidthMeasurements\ALL#ALL#ALL#Dn.csv,DOWNLINK,505,region_central_degraded,0,UNRESOLVED
tmp\mosaic-25.2\logs\log-20260602-172233-MaGaCellStudy\bandwidthMeasurements\ALL#ALL#ALL#Dn.csv,DOWNLINK,505,region_north_normal,0,UNRESOLVED
tmp\mosaic-25.2\logs\log-20260602-172233-MaGaCellStudy\bandwidthMeasurements\ALL#ALL#ALL#Dn.csv,DOWNLINK,506,globalNetwork,98400,UNRESOLVED
tmp\mosaic-25.2\logs\log-20260602-172233-MaGaCellStudy\bandwidthMeasurements\ALL#ALL#ALL#Dn.csv,DOWNLINK,506,region_central_degraded,0,UNRESOLVED
tmp\mosaic-25.2\logs\log-20260602-172233-MaGaCellStudy\bandwidthMeasurements\ALL#ALL#ALL#Dn.csv,DOWNLINK,506,region_north_normal,0,UNRESOLVED
tmp\mosaic-25.2\logs\log-20260602-172233-MaGaCellStudy\bandwidthMeasurements\ALL#ALL#ALL#Dn.csv,DOWNLINK,507,globalNetwork,0,UNRESOLVED
tmp\mosaic-25.2\logs\log-20260602-172233-MaGaCellStudy\bandwidthMeasurements\ALL#ALL#ALL#Dn.csv,DOWNLINK,507,region_central_degraded,0,UNRESOLVED
tmp\mosaic-25.2\logs\log-20260602-172233-MaGaCellStudy\bandwidthMeasurements\ALL#ALL#ALL#Dn.csv,DOWNLINK,507,region_north_normal,0,UNRESOLVED
tmp\mosaic-25.2\logs\log-20260602-172233-MaGaCellStudy\bandwidthMeasurements\ALL#ALL#ALL#Dn.csv,DOWNLINK,508,globalNetwork,98400,UNRESOLVED
tmp\mosaic-25.2\logs\log-20260602-172233-MaGaCellStudy\bandwidthMeasurements\ALL#ALL#ALL#Dn.csv,DOWNLINK,508,region_central_degraded,0,UNRESOLVED
tmp\mosaic-25.2\logs\log-20260602-172233-MaGaCellStudy\bandwidthMeasurements\ALL#ALL#ALL#Dn.csv,DOWNLINK,508,region_north_normal,0,UNRESOLVED
tmp\mosaic-25.2\logs\log-20260602-172233-MaGaCellStudy\bandwidthMeasurements\ALL#ALL#ALL#Dn.csv,DOWNLINK,509,globalNetwork,0,UNRESOLVED
tmp\mosaic-25.2\logs\log-20260602-172233-MaGaCellStudy\bandwidthMeasurements\ALL#ALL#ALL#Dn.csv,DOWNLINK,509,region_central_degraded,0,UNRESOLVED
tmp\mosaic-25.2\logs\log-20260602-172233-MaGaCellStudy\bandwidthMeasurements\ALL#ALL#ALL#Dn.csv,DOWNLINK,509,region_north_normal,0,UNRESOLVED
tmp\mosaic-25.2\logs\log-20260602-172233-MaGaCellStudy\bandwidthMeasurements\ALL#ALL#ALL#Dn.csv,DOWNLINK,510,globalNetwork,98400,UNRESOLVED
tmp\mosaic-25.2\logs\log-20260602-172233-MaGaCellStudy\bandwidthMeasurements\ALL#ALL#ALL#Dn.csv,DOWNLINK,510,region_central_degraded,0,UNRESOLVED
tmp\mosaic-25.2\logs\log-20260602-172233-MaGaCellStudy\bandwidthMeasurements\ALL#ALL#ALL#Dn.csv,DOWNLINK,510,region_north_normal,0,UNRESOLVED
tmp\mosaic-25.2\logs\log-20260602-172233-MaGaCellStudy\bandwidthMeasurements\ALL#ALL#ALL#Dn.csv,DOWNLINK,511,globalNetwork,0,UNRESOLVED
tmp\mosaic-25.2\logs\log-20260602-172233-MaGaCellStudy\bandwidthMeasurements\ALL#ALL#ALL#Dn.csv,DOWNLINK,511,region_central_degraded,0,UNRESOLVED
tmp\mosaic-25.2\logs\log-20260602-172233-MaGaCellStudy\bandwidthMeasurements\ALL#ALL#ALL#Dn.csv,DOWNLINK,511,region_north_normal,0,UNRESOLVED
tmp\mosaic-25.2\logs\log-20260602-172233-MaGaCellStudy\bandwidthMeasurements\ALL#ALL#ALL#Dn.csv,DOWNLINK,512,globalNetwork,98400,UNRESOLVED
tmp\mosaic-25.2\logs\log-20260602-172233-MaGaCellStudy\bandwidthMeasurements\ALL#ALL#ALL#Dn.csv,DOWNLINK,512,region_central_degraded,0,UNRESOLVED
tmp\mosaic-25.2\logs\log-20260602-172233-MaGaCellStudy\bandwidthMeasurements\ALL#ALL#ALL#Dn.csv,DOWNLINK,512,region_north_normal,0,UNRESOLVED
tmp\mosaic-25.2\logs\log-20260602-172233-MaGaCellStudy\bandwidthMeasurements\ALL#ALL#ALL#Dn.csv,DOWNLINK,513,globalNetwork,0,UNRESOLVED
tmp\mosaic-25.2\logs\log-20260602-172233-MaGaCellStudy\bandwidthMeasurements\ALL#ALL#ALL#Dn.csv,DOWNLINK,513,region_central_degraded,0,UNRESOLVED
tmp\mosaic-25.2\logs\log-20260602-172233-MaGaCellStudy\bandwidthMeasurements\ALL#ALL#ALL#Dn.csv,DOWNLINK,513,region_north_normal,0,UNRESOLVED
tmp\mosaic-25.2\logs\log-20260602-172233-MaGaCellStudy\bandwidthMeasurements\ALL#ALL#ALL#Dn.csv,DOWNLINK,514,globalNetwork,98400,UNRESOLVED
tmp\mosaic-25.2\logs\log-20260602-172233-MaGaCellStudy\bandwidthMeasurements\ALL#ALL#ALL#Dn.csv,DOWNLINK,514,region_central_degraded,0,UNRESOLVED
tmp\mosaic-25.2\logs\log-20260602-172233-MaGaCellStudy\bandwidthMeasurements\ALL#ALL#ALL#Dn.csv,DOWNLINK,514,region_north_normal,0,UNRESOLVED
tmp\mosaic-25.2\logs\log-20260602-172233-MaGaCellStudy\bandwidthMeasurements\ALL#ALL#ALL#Dn.csv,DOWNLINK,515,globalNetwork,0,UNRESOLVED
tmp\mosaic-25.2\logs\log-20260602-172233-MaGaCellStudy\bandwidthMeasurements\ALL#ALL#ALL#Dn.csv,DOWNLINK,515,region_central_degraded,0,UNRESOLVED
tmp\mosaic-25.2\logs\log-20260602-172233-MaGaCellStudy\bandwidthMeasurements\ALL#ALL#ALL#Dn.csv,DOWNLINK,515,region_north_normal,0,UNRESOLVED
tmp\mosaic-25.2\logs\log-20260602-172233-MaGaCellStudy\bandwidthMeasurements\ALL#ALL#ALL#Dn.csv,DOWNLINK,516,globalNetwork,98400,UNRESOLVED
tmp\mosaic-25.2\logs\log-20260602-172233-MaGaCellStudy\bandwidthMeasurements\ALL#ALL#ALL#Dn.csv,DOWNLINK,516,region_central_degraded,0,UNRESOLVED
tmp\mosaic-25.2\logs\log-20260602-172233-MaGaCellStudy\bandwidthMeasurements\ALL#ALL#ALL#Dn.csv,DOWNLINK,516,region_north_normal,0,UNRESOLVED
tmp\mosaic-25.2\logs\log-20260602-172233-MaGaCellStudy\bandwidthMeasurements\ALL#ALL#ALL#Dn.csv,DOWNLINK,517,globalNetwork,0,UNRESOLVED
tmp\mosaic-25.2\logs\log-20260602-172233-MaGaCellStudy\bandwidthMeasurements\ALL#ALL#ALL#Dn.csv,DOWNLINK,517,region_central_degraded,0,UNRESOLVED
tmp\mosaic-25.2\logs\log-20260602-172233-MaGaCellStudy\bandwidthMeasurements\ALL#ALL#ALL#Dn.csv,DOWNLINK,517,region_north_normal,0,UNRESOLVED
tmp\mosaic-25.2\logs\log-20260602-172233-MaGaCellStudy\bandwidthMeasurements\ALL#ALL#ALL#Dn.csv,DOWNLINK,518,globalNetwork,98400,UNRESOLVED
tmp\mosaic-25.2\logs\log-20260602-172233-MaGaCellStudy\bandwidthMeasurements\ALL#ALL#ALL#Dn.csv,DOWNLINK,518,region_central_degraded,0,UNRESOLVED
tmp\mosaic-25.2\logs\log-20260602-172233-MaGaCellStudy\bandwidthMeasurements\ALL#ALL#ALL#Dn.csv,DOWNLINK,518,region_north_normal,0,UNRESOLVED
tmp\mosaic-25.2\logs\log-20260602-172233-MaGaCellStudy\bandwidthMeasurements\ALL#ALL#ALL#Dn.csv,DOWNLINK,519,globalNetwork,0,UNRESOLVED
tmp\mosaic-25.2\logs\log-20260602-172233-MaGaCellStudy\bandwidthMeasurements\ALL#ALL#ALL#Dn.csv,DOWNLINK,519,region_central_degraded,0,UNRESOLVED
tmp\mosaic-25.2\logs\log-20260602-172233-MaGaCellStudy\bandwidthMeasurements\ALL#ALL#ALL#Dn.csv,DOWNLINK,519,region_north_normal,0,UNRESOLVED
tmp\mosaic-25.2\logs\log-20260602-172233-MaGaCellStudy\bandwidthMeasurements\ALL#ALL#ALL#Dn.csv,DOWNLINK,520,globalNetwork,98400,UNRESOLVED
tmp\mosaic-25.2\logs\log-20260602-172233-MaGaCellStudy\bandwidthMeasurements\ALL#ALL#ALL#Dn.csv,DOWNLINK,520,region_central_degraded,0,UNRESOLVED
tmp\mosaic-25.2\logs\log-20260602-172233-MaGaCellStudy\bandwidthMeasurements\ALL#ALL#ALL#Dn.csv,DOWNLINK,520,region_north_normal,0,UNRESOLVED
tmp\mosaic-25.2\logs\log-20260602-172233-MaGaCellStudy\bandwidthMeasurements\ALL#ALL#ALL#Dn.csv,DOWNLINK,521,globalNetwork,0,UNRESOLVED
tmp\mosaic-25.2\logs\log-20260602-172233-MaGaCellStudy\bandwidthMeasurements\ALL#ALL#ALL#Dn.csv,DOWNLINK,521,region_central_degraded,0,UNRESOLVED
tmp\mosaic-25.2\logs\log-20260602-172233-MaGaCellStudy\bandwidthMeasurements\ALL#ALL#ALL#Dn.csv,DOWNLINK,521,region_north_normal,0,UNRESOLVED
tmp\mosaic-25.2\logs\log-20260602-172233-MaGaCellStudy\bandwidthMeasurements\ALL#ALL#ALL#Dn.csv,DOWNLINK,522,globalNetwork,98400,UNRESOLVED
tmp\mosaic-25.2\logs\log-20260602-172233-MaGaCellStudy\bandwidthMeasurements\ALL#ALL#ALL#Dn.csv,DOWNLINK,522,region_central_degraded,0,UNRESOLVED
tmp\mosaic-25.2\logs\log-20260602-172233-MaGaCellStudy\bandwidthMeasurements\ALL#ALL#ALL#Dn.csv,DOWNLINK,522,region_north_normal,0,UNRESOLVED
tmp\mosaic-25.2\logs\log-20260602-172233-MaGaCellStudy\bandwidthMeasurements\ALL#ALL#ALL#Dn.csv,DOWNLINK,523,globalNetwork,0,UNRESOLVED
tmp\mosaic-25.2\logs\log-20260602-172233-MaGaCellStudy\bandwidthMeasurements\ALL#ALL#ALL#Dn.csv,DOWNLINK,523,region_central_degraded,0,UNRESOLVED
tmp\mosaic-25.2\logs\log-20260602-172233-MaGaCellStudy\bandwidthMeasurements\ALL#ALL#ALL#Dn.csv,DOWNLINK,523,region_north_normal,0,UNRESOLVED
tmp\mosaic-25.2\logs\log-20260602-172233-MaGaCellStudy\bandwidthMeasurements\ALL#ALL#ALL#Dn.csv,DOWNLINK,524,globalNetwork,98400,UNRESOLVED
tmp\mosaic-25.2\logs\log-20260602-172233-MaGaCellStudy\bandwidthMeasurements\ALL#ALL#ALL#Dn.csv,DOWNLINK,524,region_central_degraded,0,UNRESOLVED
tmp\mosaic-25.2\logs\log-20260602-172233-MaGaCellStudy\bandwidthMeasurements\ALL#ALL#ALL#Dn.csv,DOWNLINK,524,region_north_normal,0,UNRESOLVED
tmp\mosaic-25.2\logs\log-20260602-172233-MaGaCellStudy\bandwidthMeasurements\ALL#ALL#ALL#Dn.csv,DOWNLINK,525,globalNetwork,0,UNRESOLVED
tmp\mosaic-25.2\logs\log-20260602-172233-MaGaCellStudy\bandwidthMeasurements\ALL#ALL#ALL#Dn.csv,DOWNLINK,525,region_central_degraded,0,UNRESOLVED
tmp\mosaic-25.2\logs\log-20260602-172233-MaGaCellStudy\bandwidthMeasurements\ALL#ALL#ALL#Dn.csv,DOWNLINK,525,region_north_normal,0,UNRESOLVED
tmp\mosaic-25.2\logs\log-20260602-172233-MaGaCellStudy\bandwidthMeasurements\ALL#ALL#ALL#Dn.csv,DOWNLINK,526,globalNetwork,98400,UNRESOLVED
tmp\mosaic-25.2\logs\log-20260602-172233-MaGaCellStudy\bandwidthMeasurements\ALL#ALL#ALL#Dn.csv,DOWNLINK,526,region_central_degraded,0,UNRESOLVED
tmp\mosaic-25.2\logs\log-20260602-172233-MaGaCellStudy\bandwidthMeasurements\ALL#ALL#ALL#Dn.csv,DOWNLINK,526,region_north_normal,0,UNRESOLVED
tmp\mosaic-25.2\logs\log-20260602-172233-MaGaCellStudy\bandwidthMeasurements\ALL#ALL#ALL#Dn.csv,DOWNLINK,527,globalNetwork,0,UNRESOLVED
tmp\mosaic-25.2\logs\log-20260602-172233-MaGaCellStudy\bandwidthMeasurements\ALL#ALL#ALL#Dn.csv,DOWNLINK,527,region_central_degraded,0,UNRESOLVED
tmp\mosaic-25.2\logs\log-20260602-172233-MaGaCellStudy\bandwidthMeasurements\ALL#ALL#ALL#Dn.csv,DOWNLINK,527,region_north_normal,0,UNRESOLVED
tmp\mosaic-25.2\logs\log-20260602-172233-MaGaCellStudy\bandwidthMeasurements\ALL#ALL#ALL#Dn.csv,DOWNLINK,528,globalNetwork,98400,UNRESOLVED
tmp\mosaic-25.2\logs\log-20260602-172233-MaGaCellStudy\bandwidthMeasurements\ALL#ALL#ALL#Dn.csv,DOWNLINK,528,region_central_degraded,0,UNRESOLVED
tmp\mosaic-25.2\logs\log-20260602-172233-MaGaCellStudy\bandwidthMeasurements\ALL#ALL#ALL#Dn.csv,DOWNLINK,528,region_north_normal,0,UNRESOLVED
tmp\mosaic-25.2\logs\log-20260602-172233-MaGaCellStudy\bandwidthMeasurements\ALL#ALL#ALL#Dn.csv,DOWNLINK,529,globalNetwork,0,UNRESOLVED
tmp\mosaic-25.2\logs\log-20260602-172233-MaGaCellStudy\bandwidthMeasurements\ALL#ALL#ALL#Dn.csv,DOWNLINK,529,region_central_degraded,0,UNRESOLVED
tmp\mosaic-25.2\logs\log-20260602-172233-MaGaCellStudy\bandwidthMeasurements\ALL#ALL#ALL#Dn.csv,DOWNLINK,529,region_north_normal,0,UNRESOLVED
tmp\mosaic-25.2\logs\log-20260602-172233-MaGaCellStudy\bandwidthMeasurements\ALL#ALL#ALL#Dn.csv,DOWNLINK,530,globalNetwork,98400,UNRESOLVED
tmp\mosaic-25.2\logs\log-20260602-172233-MaGaCellStudy\bandwidthMeasurements\ALL#ALL#ALL#Dn.csv,DOWNLINK,530,region_central_degraded,0,UNRESOLVED
tmp\mosaic-25.2\logs\log-20260602-172233-MaGaCellStudy\bandwidthMeasurements\ALL#ALL#ALL#Dn.csv,DOWNLINK,530,region_north_normal,0,UNRESOLVED
tmp\mosaic-25.2\logs\log-20260602-172233-MaGaCellStudy\bandwidthMeasurements\ALL#ALL#ALL#Dn.csv,DOWNLINK,531,globalNetwork,0,UNRESOLVED
tmp\mosaic-25.2\logs\log-20260602-172233-MaGaCellStudy\bandwidthMeasurements\ALL#ALL#ALL#Dn.csv,DOWNLINK,531,region_central_degraded,0,UNRESOLVED
tmp\mosaic-25.2\logs\log-20260602-172233-MaGaCellStudy\bandwidthMeasurements\ALL#ALL#ALL#Dn.csv,DOWNLINK,531,region_north_normal,0,UNRESOLVED
tmp\mosaic-25.2\logs\log-20260602-172233-MaGaCellStudy\bandwidthMeasurements\ALL#ALL#ALL#Dn.csv,DOWNLINK,532,globalNetwork,98400,UNRESOLVED
tmp\mosaic-25.2\logs\log-20260602-172233-MaGaCellStudy\bandwidthMeasurements\ALL#ALL#ALL#Dn.csv,DOWNLINK,532,region_central_degraded,0,UNRESOLVED
tmp\mosaic-25.2\logs\log-20260602-172233-MaGaCellStudy\bandwidthMeasurements\ALL#ALL#ALL#Dn.csv,DOWNLINK,532,region_north_normal,0,UNRESOLVED
tmp\mosaic-25.2\logs\log-20260602-172233-MaGaCellStudy\bandwidthMeasurements\ALL#ALL#ALL#Dn.csv,DOWNLINK,533,globalNetwork,0,UNRESOLVED
tmp\mosaic-25.2\logs\log-20260602-172233-MaGaCellStudy\bandwidthMeasurements\ALL#ALL#ALL#Dn.csv,DOWNLINK,533,region_central_degraded,0,UNRESOLVED
tmp\mosaic-25.2\logs\log-20260602-172233-MaGaCellStudy\bandwidthMeasurements\ALL#ALL#ALL#Dn.csv,DOWNLINK,533,region_north_normal,0,UNRESOLVED
tmp\mosaic-25.2\logs\log-20260602-172233-MaGaCellStudy\bandwidthMeasurements\ALL#ALL#ALL#Dn.csv,DOWNLINK,534,globalNetwork,98400,UNRESOLVED
tmp\mosaic-25.2\logs\log-20260602-172233-MaGaCellStudy\bandwidthMeasurements\ALL#ALL#ALL#Dn.csv,DOWNLINK,534,region_central_degraded,0,UNRESOLVED
tmp\mosaic-25.2\logs\log-20260602-172233-MaGaCellStudy\bandwidthMeasurements\ALL#ALL#ALL#Dn.csv,DOWNLINK,534,region_north_normal,0,UNRESOLVED
tmp\mosaic-25.2\logs\log-20260602-172233-MaGaCellStudy\bandwidthMeasurements\ALL#ALL#ALL#Dn.csv,DOWNLINK,535,globalNetwork,0,UNRESOLVED
tmp\mosaic-25.2\logs\log-20260602-172233-MaGaCellStudy\bandwidthMeasurements\ALL#ALL#ALL#Dn.csv,DOWNLINK,535,region_central_degraded,0,UNRESOLVED
tmp\mosaic-25.2\logs\log-20260602-172233-MaGaCellStudy\bandwidthMeasurements\ALL#ALL#ALL#Dn.csv,DOWNLINK,535,region_north_normal,0,UNRESOLVED
tmp\mosaic-25.2\logs\log-20260602-172233-MaGaCellStudy\bandwidthMeasurements\ALL#ALL#ALL#Dn.csv,DOWNLINK,536,globalNetwork,98400,UNRESOLVED
tmp\mosaic-25.2\logs\log-20260602-172233-MaGaCellStudy\bandwidthMeasurements\ALL#ALL#ALL#Dn.csv,DOWNLINK,536,region_central_degraded,0,UNRESOLVED
tmp\mosaic-25.2\logs\log-20260602-172233-MaGaCellStudy\bandwidthMeasurements\ALL#ALL#ALL#Dn.csv,DOWNLINK,536,region_north_normal,0,UNRESOLVED
tmp\mosaic-25.2\logs\log-20260602-172233-MaGaCellStudy\bandwidthMeasurements\ALL#ALL#ALL#Dn.csv,DOWNLINK,537,globalNetwork,0,UNRESOLVED
tmp\mosaic-25.2\logs\log-20260602-172233-MaGaCellStudy\bandwidthMeasurements\ALL#ALL#ALL#Dn.csv,DOWNLINK,537,region_central_degraded,0,UNRESOLVED
tmp\mosaic-25.2\logs\log-20260602-172233-MaGaCellStudy\bandwidthMeasurements\ALL#ALL#ALL#Dn.csv,DOWNLINK,537,region_north_normal,0,UNRESOLVED
tmp\mosaic-25.2\logs\log-20260602-172233-MaGaCellStudy\bandwidthMeasurements\ALL#ALL#ALL#Dn.csv,DOWNLINK,538,globalNetwork,98400,UNRESOLVED
tmp\mosaic-25.2\logs\log-20260602-172233-MaGaCellStudy\bandwidthMeasurements\ALL#ALL#ALL#Dn.csv,DOWNLINK,538,region_central_degraded,0,UNRESOLVED
tmp\mosaic-25.2\logs\log-20260602-172233-MaGaCellStudy\bandwidthMeasurements\ALL#ALL#ALL#Dn.csv,DOWNLINK,538,region_north_normal,0,UNRESOLVED
tmp\mosaic-25.2\logs\log-20260602-172233-MaGaCellStudy\bandwidthMeasurements\ALL#ALL#ALL#Dn.csv,DOWNLINK,539,globalNetwork,0,UNRESOLVED
tmp\mosaic-25.2\logs\log-20260602-172233-MaGaCellStudy\bandwidthMeasurements\ALL#ALL#ALL#Dn.csv,DOWNLINK,539,region_central_degraded,0,UNRESOLVED
tmp\mosaic-25.2\logs\log-20260602-172233-MaGaCellStudy\bandwidthMeasurements\ALL#ALL#ALL#Dn.csv,DOWNLINK,539,region_north_normal,0,UNRESOLVED
tmp\mosaic-25.2\logs\log-20260602-172233-MaGaCellStudy\bandwidthMeasurements\ALL#ALL#ALL#Dn.csv,DOWNLINK,540,globalNetwork,98400,UNRESOLVED
tmp\mosaic-25.2\logs\log-20260602-172233-MaGaCellStudy\bandwidthMeasurements\ALL#ALL#ALL#Dn.csv,DOWNLINK,540,region_central_degraded,0,UNRESOLVED
tmp\mosaic-25.2\logs\log-20260602-172233-MaGaCellStudy\bandwidthMeasurements\ALL#ALL#ALL#Dn.csv,DOWNLINK,540,region_north_normal,0,UNRESOLVED
tmp\mosaic-25.2\logs\log-20260602-172233-MaGaCellStudy\bandwidthMeasurements\ALL#ALL#ALL#Dn.csv,DOWNLINK,541,globalNetwork,0,UNRESOLVED
tmp\mosaic-25.2\logs\log-20260602-172233-MaGaCellStudy\bandwidthMeasurements\ALL#ALL#ALL#Dn.csv,DOWNLINK,541,region_central_degraded,0,UNRESOLVED
tmp\mosaic-25.2\logs\log-20260602-172233-MaGaCellStudy\bandwidthMeasurements\ALL#ALL#ALL#Dn.csv,DOWNLINK,541,region_north_normal,0,UNRESOLVED
tmp\mosaic-25.2\logs\log-20260602-172233-MaGaCellStudy\bandwidthMeasurements\ALL#ALL#ALL#Dn.csv,DOWNLINK,542,globalNetwork,98400,UNRESOLVED
tmp\mosaic-25.2\logs\log-20260602-172233-MaGaCellStudy\bandwidthMeasurements\ALL#ALL#ALL#Dn.csv,DOWNLINK,542,region_central_degraded,0,UNRESOLVED
tmp\mosaic-25.2\logs\log-20260602-172233-MaGaCellStudy\bandwidthMeasurements\ALL#ALL#ALL#Dn.csv,DOWNLINK,542,region_north_normal,0,UNRESOLVED
tmp\mosaic-25.2\logs\log-20260602-172233-MaGaCellStudy\bandwidthMeasurements\ALL#ALL#ALL#Dn.csv,DOWNLINK,543,globalNetwork,0,UNRESOLVED
tmp\mosaic-25.2\logs\log-20260602-172233-MaGaCellStudy\bandwidthMeasurements\ALL#ALL#ALL#Dn.csv,DOWNLINK,543,region_central_degraded,0,UNRESOLVED
tmp\mosaic-25.2\logs\log-20260602-172233-MaGaCellStudy\bandwidthMeasurements\ALL#ALL#ALL#Dn.csv,DOWNLINK,543,region_north_normal,0,UNRESOLVED
tmp\mosaic-25.2\logs\log-20260602-172233-MaGaCellStudy\bandwidthMeasurements\ALL#ALL#ALL#Dn.csv,DOWNLINK,544,globalNetwork,98400,UNRESOLVED
tmp\mosaic-25.2\logs\log-20260602-172233-MaGaCellStudy\bandwidthMeasurements\ALL#ALL#ALL#Dn.csv,DOWNLINK,544,region_central_degraded,0,UNRESOLVED
tmp\mosaic-25.2\logs\log-20260602-172233-MaGaCellStudy\bandwidthMeasurements\ALL#ALL#ALL#Dn.csv,DOWNLINK,544,region_north_normal,0,UNRESOLVED
tmp\mosaic-25.2\logs\log-20260602-172233-MaGaCellStudy\bandwidthMeasurements\ALL#ALL#ALL#Dn.csv,DOWNLINK,545,globalNetwork,0,UNRESOLVED
tmp\mosaic-25.2\logs\log-20260602-172233-MaGaCellStudy\bandwidthMeasurements\ALL#ALL#ALL#Dn.csv,DOWNLINK,545,region_central_degraded,0,UNRESOLVED
tmp\mosaic-25.2\logs\log-20260602-172233-MaGaCellStudy\bandwidthMeasurements\ALL#ALL#ALL#Dn.csv,DOWNLINK,545,region_north_normal,0,UNRESOLVED
tmp\mosaic-25.2\logs\log-20260602-172233-MaGaCellStudy\bandwidthMeasurements\ALL#ALL#ALL#Dn.csv,DOWNLINK,546,globalNetwork,98400,UNRESOLVED
tmp\mosaic-25.2\logs\log-20260602-172233-MaGaCellStudy\bandwidthMeasurements\ALL#ALL#ALL#Dn.csv,DOWNLINK,546,region_central_degraded,0,UNRESOLVED
tmp\mosaic-25.2\logs\log-20260602-172233-MaGaCellStudy\bandwidthMeasurements\ALL#ALL#ALL#Dn.csv,DOWNLINK,546,region_north_normal,0,UNRESOLVED
tmp\mosaic-25.2\logs\log-20260602-172233-MaGaCellStudy\bandwidthMeasurements\ALL#ALL#ALL#Dn.csv,DOWNLINK,547,globalNetwork,0,UNRESOLVED
tmp\mosaic-25.2\logs\log-20260602-172233-MaGaCellStudy\bandwidthMeasurements\ALL#ALL#ALL#Dn.csv,DOWNLINK,547,region_central_degraded,0,UNRESOLVED
tmp\mosaic-25.2\logs\log-20260602-172233-MaGaCellStudy\bandwidthMeasurements\ALL#ALL#ALL#Dn.csv,DOWNLINK,547,region_north_normal,0,UNRESOLVED
tmp\mosaic-25.2\logs\log-20260602-172233-MaGaCellStudy\bandwidthMeasurements\ALL#ALL#ALL#Dn.csv,DOWNLINK,548,globalNetwork,98400,UNRESOLVED
tmp\mosaic-25.2\logs\log-20260602-172233-MaGaCellStudy\bandwidthMeasurements\ALL#ALL#ALL#Dn.csv,DOWNLINK,548,region_central_degraded,0,UNRESOLVED
tmp\mosaic-25.2\logs\log-20260602-172233-MaGaCellStudy\bandwidthMeasurements\ALL#ALL#ALL#Dn.csv,DOWNLINK,548,region_north_normal,0,UNRESOLVED
tmp\mosaic-25.2\logs\log-20260602-172233-MaGaCellStudy\bandwidthMeasurements\ALL#ALL#ALL#Dn.csv,DOWNLINK,549,globalNetwork,0,UNRESOLVED
tmp\mosaic-25.2\logs\log-20260602-172233-MaGaCellStudy\bandwidthMeasurements\ALL#ALL#ALL#Dn.csv,DOWNLINK,549,region_central_degraded,0,UNRESOLVED
tmp\mosaic-25.2\logs\log-20260602-172233-MaGaCellStudy\bandwidthMeasurements\ALL#ALL#ALL#Dn.csv,DOWNLINK,549,region_north_normal,0,UNRESOLVED
tmp\mosaic-25.2\logs\log-20260602-172233-MaGaCellStudy\bandwidthMeasurements\ALL#ALL#ALL#Dn.csv,DOWNLINK,550,globalNetwork,98400,UNRESOLVED
tmp\mosaic-25.2\logs\log-20260602-172233-MaGaCellStudy\bandwidthMeasurements\ALL#ALL#ALL#Dn.csv,DOWNLINK,550,region_central_degraded,0,UNRESOLVED
tmp\mosaic-25.2\logs\log-20260602-172233-MaGaCellStudy\bandwidthMeasurements\ALL#ALL#ALL#Dn.csv,DOWNLINK,550,region_north_normal,0,UNRESOLVED
tmp\mosaic-25.2\logs\log-20260602-172233-MaGaCellStudy\bandwidthMeasurements\ALL#ALL#ALL#Dn.csv,DOWNLINK,551,globalNetwork,0,UNRESOLVED
tmp\mosaic-25.2\logs\log-20260602-172233-MaGaCellStudy\bandwidthMeasurements\ALL#ALL#ALL#Dn.csv,DOWNLINK,551,region_central_degraded,0,UNRESOLVED
tmp\mosaic-25.2\logs\log-20260602-172233-MaGaCellStudy\bandwidthMeasurements\ALL#ALL#ALL#Dn.csv,DOWNLINK,551,region_north_normal,0,UNRESOLVED
tmp\mosaic-25.2\logs\log-20260602-172233-MaGaCellStudy\bandwidthMeasurements\ALL#ALL#ALL#Dn.csv,DOWNLINK,552,globalNetwork,98400,UNRESOLVED
tmp\mosaic-25.2\logs\log-20260602-172233-MaGaCellStudy\bandwidthMeasurements\ALL#ALL#ALL#Dn.csv,DOWNLINK,552,region_central_degraded,0,UNRESOLVED
tmp\mosaic-25.2\logs\log-20260602-172233-MaGaCellStudy\bandwidthMeasurements\ALL#ALL#ALL#Dn.csv,DOWNLINK,552,region_north_normal,0,UNRESOLVED
tmp\mosaic-25.2\logs\log-20260602-172233-MaGaCellStudy\bandwidthMeasurements\ALL#ALL#ALL#Dn.csv,DOWNLINK,553,globalNetwork,0,UNRESOLVED
tmp\mosaic-25.2\logs\log-20260602-172233-MaGaCellStudy\bandwidthMeasurements\ALL#ALL#ALL#Dn.csv,DOWNLINK,553,region_central_degraded,0,UNRESOLVED
tmp\mosaic-25.2\logs\log-20260602-172233-MaGaCellStudy\bandwidthMeasurements\ALL#ALL#ALL#Dn.csv,DOWNLINK,553,region_north_normal,0,UNRESOLVED
tmp\mosaic-25.2\logs\log-20260602-172233-MaGaCellStudy\bandwidthMeasurements\ALL#ALL#ALL#Dn.csv,DOWNLINK,554,globalNetwork,98400,UNRESOLVED
tmp\mosaic-25.2\logs\log-20260602-172233-MaGaCellStudy\bandwidthMeasurements\ALL#ALL#ALL#Dn.csv,DOWNLINK,554,region_central_degraded,0,UNRESOLVED
tmp\mosaic-25.2\logs\log-20260602-172233-MaGaCellStudy\bandwidthMeasurements\ALL#ALL#ALL#Dn.csv,DOWNLINK,554,region_north_normal,0,UNRESOLVED
tmp\mosaic-25.2\logs\log-20260602-172233-MaGaCellStudy\bandwidthMeasurements\ALL#ALL#ALL#Dn.csv,DOWNLINK,555,globalNetwork,0,UNRESOLVED
tmp\mosaic-25.2\logs\log-20260602-172233-MaGaCellStudy\bandwidthMeasurements\ALL#ALL#ALL#Dn.csv,DOWNLINK,555,region_central_degraded,0,UNRESOLVED
tmp\mosaic-25.2\logs\log-20260602-172233-MaGaCellStudy\bandwidthMeasurements\ALL#ALL#ALL#Dn.csv,DOWNLINK,555,region_north_normal,0,UNRESOLVED
tmp\mosaic-25.2\logs\log-20260602-172233-MaGaCellStudy\bandwidthMeasurements\ALL#ALL#ALL#Dn.csv,DOWNLINK,556,globalNetwork,98400,UNRESOLVED
tmp\mosaic-25.2\logs\log-20260602-172233-MaGaCellStudy\bandwidthMeasurements\ALL#ALL#ALL#Dn.csv,DOWNLINK,556,region_central_degraded,0,UNRESOLVED
tmp\mosaic-25.2\logs\log-20260602-172233-MaGaCellStudy\bandwidthMeasurements\ALL#ALL#ALL#Dn.csv,DOWNLINK,556,region_north_normal,0,UNRESOLVED
tmp\mosaic-25.2\logs\log-20260602-172233-MaGaCellStudy\bandwidthMeasurements\ALL#ALL#ALL#Dn.csv,DOWNLINK,557,globalNetwork,0,UNRESOLVED
tmp\mosaic-25.2\logs\log-20260602-172233-MaGaCellStudy\bandwidthMeasurements\ALL#ALL#ALL#Dn.csv,DOWNLINK,557,region_central_degraded,0,UNRESOLVED
tmp\mosaic-25.2\logs\log-20260602-172233-MaGaCellStudy\bandwidthMeasurements\ALL#ALL#ALL#Dn.csv,DOWNLINK,557,region_north_normal,0,UNRESOLVED
tmp\mosaic-25.2\logs\log-20260602-172233-MaGaCellStudy\bandwidthMeasurements\ALL#ALL#ALL#Dn.csv,DOWNLINK,558,globalNetwork,98400,UNRESOLVED
tmp\mosaic-25.2\logs\log-20260602-172233-MaGaCellStudy\bandwidthMeasurements\ALL#ALL#ALL#Dn.csv,DOWNLINK,558,region_central_degraded,0,UNRESOLVED
tmp\mosaic-25.2\logs\log-20260602-172233-MaGaCellStudy\bandwidthMeasurements\ALL#ALL#ALL#Dn.csv,DOWNLINK,558,region_north_normal,0,UNRESOLVED
tmp\mosaic-25.2\logs\log-20260602-172233-MaGaCellStudy\bandwidthMeasurements\ALL#ALL#ALL#Dn.csv,DOWNLINK,559,globalNetwork,0,UNRESOLVED
tmp\mosaic-25.2\logs\log-20260602-172233-MaGaCellStudy\bandwidthMeasurements\ALL#ALL#ALL#Dn.csv,DOWNLINK,559,region_central_degraded,0,UNRESOLVED
tmp\mosaic-25.2\logs\log-20260602-172233-MaGaCellStudy\bandwidthMeasurements\ALL#ALL#ALL#Dn.csv,DOWNLINK,559,region_north_normal,0,UNRESOLVED
tmp\mosaic-25.2\logs\log-20260602-172233-MaGaCellStudy\bandwidthMeasurements\ALL#ALL#ALL#Dn.csv,DOWNLINK,560,globalNetwork,98400,UNRESOLVED
tmp\mosaic-25.2\logs\log-20260602-172233-MaGaCellStudy\bandwidthMeasurements\ALL#ALL#ALL#Dn.csv,DOWNLINK,560,region_central_degraded,0,UNRESOLVED
tmp\mosaic-25.2\logs\log-20260602-172233-MaGaCellStudy\bandwidthMeasurements\ALL#ALL#ALL#Dn.csv,DOWNLINK,560,region_north_normal,0,UNRESOLVED
tmp\mosaic-25.2\logs\log-20260602-172233-MaGaCellStudy\bandwidthMeasurements\ALL#ALL#ALL#Dn.csv,DOWNLINK,561,globalNetwork,0,UNRESOLVED
tmp\mosaic-25.2\logs\log-20260602-172233-MaGaCellStudy\bandwidthMeasurements\ALL#ALL#ALL#Dn.csv,DOWNLINK,561,region_central_degraded,0,UNRESOLVED
tmp\mosaic-25.2\logs\log-20260602-172233-MaGaCellStudy\bandwidthMeasurements\ALL#ALL#ALL#Dn.csv,DOWNLINK,561,region_north_normal,0,UNRESOLVED
tmp\mosaic-25.2\logs\log-20260602-172233-MaGaCellStudy\bandwidthMeasurements\ALL#ALL#ALL#Dn.csv,DOWNLINK,562,globalNetwork,98400,UNRESOLVED
tmp\mosaic-25.2\logs\log-20260602-172233-MaGaCellStudy\bandwidthMeasurements\ALL#ALL#ALL#Dn.csv,DOWNLINK,562,region_central_degraded,0,UNRESOLVED
tmp\mosaic-25.2\logs\log-20260602-172233-MaGaCellStudy\bandwidthMeasurements\ALL#ALL#ALL#Dn.csv,DOWNLINK,562,region_north_normal,0,UNRESOLVED
tmp\mosaic-25.2\logs\log-20260602-172233-MaGaCellStudy\bandwidthMeasurements\ALL#ALL#ALL#Dn.csv,DOWNLINK,563,globalNetwork,0,UNRESOLVED
tmp\mosaic-25.2\logs\log-20260602-172233-MaGaCellStudy\bandwidthMeasurements\ALL#ALL#ALL#Dn.csv,DOWNLINK,563,region_central_degraded,0,UNRESOLVED
tmp\mosaic-25.2\logs\log-20260602-172233-MaGaCellStudy\bandwidthMeasurements\ALL#ALL#ALL#Dn.csv,DOWNLINK,563,region_north_normal,0,UNRESOLVED
tmp\mosaic-25.2\logs\log-20260602-172233-MaGaCellStudy\bandwidthMeasurements\ALL#ALL#ALL#Dn.csv,DOWNLINK,564,globalNetwork,98400,UNRESOLVED
tmp\mosaic-25.2\logs\log-20260602-172233-MaGaCellStudy\bandwidthMeasurements\ALL#ALL#ALL#Dn.csv,DOWNLINK,564,region_central_degraded,0,UNRESOLVED
tmp\mosaic-25.2\logs\log-20260602-172233-MaGaCellStudy\bandwidthMeasurements\ALL#ALL#ALL#Dn.csv,DOWNLINK,564,region_north_normal,0,UNRESOLVED
tmp\mosaic-25.2\logs\log-20260602-172233-MaGaCellStudy\bandwidthMeasurements\ALL#ALL#ALL#Dn.csv,DOWNLINK,565,globalNetwork,0,UNRESOLVED
tmp\mosaic-25.2\logs\log-20260602-172233-MaGaCellStudy\bandwidthMeasurements\ALL#ALL#ALL#Dn.csv,DOWNLINK,565,region_central_degraded,0,UNRESOLVED
tmp\mosaic-25.2\logs\log-20260602-172233-MaGaCellStudy\bandwidthMeasurements\ALL#ALL#ALL#Dn.csv,DOWNLINK,565,region_north_normal,0,UNRESOLVED
tmp\mosaic-25.2\logs\log-20260602-172233-MaGaCellStudy\bandwidthMeasurements\ALL#ALL#ALL#Dn.csv,DOWNLINK,566,globalNetwork,98400,UNRESOLVED
tmp\mosaic-25.2\logs\log-20260602-172233-MaGaCellStudy\bandwidthMeasurements\ALL#ALL#ALL#Dn.csv,DOWNLINK,566,region_central_degraded,0,UNRESOLVED
tmp\mosaic-25.2\logs\log-20260602-172233-MaGaCellStudy\bandwidthMeasurements\ALL#ALL#ALL#Dn.csv,DOWNLINK,566,region_north_normal,0,UNRESOLVED
tmp\mosaic-25.2\logs\log-20260602-172233-MaGaCellStudy\bandwidthMeasurements\ALL#ALL#ALL#Dn.csv,DOWNLINK,567,globalNetwork,0,UNRESOLVED
tmp\mosaic-25.2\logs\log-20260602-172233-MaGaCellStudy\bandwidthMeasurements\ALL#ALL#ALL#Dn.csv,DOWNLINK,567,region_central_degraded,0,UNRESOLVED
tmp\mosaic-25.2\logs\log-20260602-172233-MaGaCellStudy\bandwidthMeasurements\ALL#ALL#ALL#Dn.csv,DOWNLINK,567,region_north_normal,0,UNRESOLVED
tmp\mosaic-25.2\logs\log-20260602-172233-MaGaCellStudy\bandwidthMeasurements\ALL#ALL#ALL#Dn.csv,DOWNLINK,568,globalNetwork,98400,UNRESOLVED
tmp\mosaic-25.2\logs\log-20260602-172233-MaGaCellStudy\bandwidthMeasurements\ALL#ALL#ALL#Dn.csv,DOWNLINK,568,region_central_degraded,0,UNRESOLVED
tmp\mosaic-25.2\logs\log-20260602-172233-MaGaCellStudy\bandwidthMeasurements\ALL#ALL#ALL#Dn.csv,DOWNLINK,568,region_north_normal,0,UNRESOLVED
tmp\mosaic-25.2\logs\log-20260602-172233-MaGaCellStudy\bandwidthMeasurements\ALL#ALL#ALL#Dn.csv,DOWNLINK,569,globalNetwork,0,UNRESOLVED
tmp\mosaic-25.2\logs\log-20260602-172233-MaGaCellStudy\bandwidthMeasurements\ALL#ALL#ALL#Dn.csv,DOWNLINK,569,region_central_degraded,0,UNRESOLVED
tmp\mosaic-25.2\logs\log-20260602-172233-MaGaCellStudy\bandwidthMeasurements\ALL#ALL#ALL#Dn.csv,DOWNLINK,569,region_north_normal,0,UNRESOLVED
tmp\mosaic-25.2\logs\log-20260602-172233-MaGaCellStudy\bandwidthMeasurements\ALL#ALL#ALL#Dn.csv,DOWNLINK,570,globalNetwork,98400,UNRESOLVED
tmp\mosaic-25.2\logs\log-20260602-172233-MaGaCellStudy\bandwidthMeasurements\ALL#ALL#ALL#Dn.csv,DOWNLINK,570,region_central_degraded,0,UNRESOLVED
tmp\mosaic-25.2\logs\log-20260602-172233-MaGaCellStudy\bandwidthMeasurements\ALL#ALL#ALL#Dn.csv,DOWNLINK,570,region_north_normal,0,UNRESOLVED
tmp\mosaic-25.2\logs\log-20260602-172233-MaGaCellStudy\bandwidthMeasurements\ALL#ALL#ALL#Dn.csv,DOWNLINK,571,globalNetwork,0,UNRESOLVED
tmp\mosaic-25.2\logs\log-20260602-172233-MaGaCellStudy\bandwidthMeasurements\ALL#ALL#ALL#Dn.csv,DOWNLINK,571,region_central_degraded,0,UNRESOLVED
tmp\mosaic-25.2\logs\log-20260602-172233-MaGaCellStudy\bandwidthMeasurements\ALL#ALL#ALL#Dn.csv,DOWNLINK,571,region_north_normal,0,UNRESOLVED
tmp\mosaic-25.2\logs\log-20260602-172233-MaGaCellStudy\bandwidthMeasurements\ALL#ALL#ALL#Dn.csv,DOWNLINK,572,globalNetwork,78720,UNRESOLVED
tmp\mosaic-25.2\logs\log-20260602-172233-MaGaCellStudy\bandwidthMeasurements\ALL#ALL#ALL#Dn.csv,DOWNLINK,572,region_central_degraded,0,UNRESOLVED
tmp\mosaic-25.2\logs\log-20260602-172233-MaGaCellStudy\bandwidthMeasurements\ALL#ALL#ALL#Dn.csv,DOWNLINK,572,region_north_normal,0,UNRESOLVED
tmp\mosaic-25.2\logs\log-20260602-172233-MaGaCellStudy\bandwidthMeasurements\ALL#ALL#ALL#Dn.csv,DOWNLINK,573,globalNetwork,0,UNRESOLVED
tmp\mosaic-25.2\logs\log-20260602-172233-MaGaCellStudy\bandwidthMeasurements\ALL#ALL#ALL#Dn.csv,DOWNLINK,573,region_central_degraded,0,UNRESOLVED
tmp\mosaic-25.2\logs\log-20260602-172233-MaGaCellStudy\bandwidthMeasurements\ALL#ALL#ALL#Dn.csv,DOWNLINK,573,region_north_normal,0,UNRESOLVED
tmp\mosaic-25.2\logs\log-20260602-172233-MaGaCellStudy\bandwidthMeasurements\ALL#ALL#ALL#Dn.csv,DOWNLINK,574,globalNetwork,78720,UNRESOLVED
tmp\mosaic-25.2\logs\log-20260602-172233-MaGaCellStudy\bandwidthMeasurements\ALL#ALL#ALL#Dn.csv,DOWNLINK,574,region_central_degraded,0,UNRESOLVED
tmp\mosaic-25.2\logs\log-20260602-172233-MaGaCellStudy\bandwidthMeasurements\ALL#ALL#ALL#Dn.csv,DOWNLINK,574,region_north_normal,0,UNRESOLVED
tmp\mosaic-25.2\logs\log-20260602-172233-MaGaCellStudy\bandwidthMeasurements\ALL#ALL#ALL#Dn.csv,DOWNLINK,575,globalNetwork,0,UNRESOLVED
tmp\mosaic-25.2\logs\log-20260602-172233-MaGaCellStudy\bandwidthMeasurements\ALL#ALL#ALL#Dn.csv,DOWNLINK,575,region_central_degraded,0,UNRESOLVED
tmp\mosaic-25.2\logs\log-20260602-172233-MaGaCellStudy\bandwidthMeasurements\ALL#ALL#ALL#Dn.csv,DOWNLINK,575,region_north_normal,0,UNRESOLVED
tmp\mosaic-25.2\logs\log-20260602-172233-MaGaCellStudy\bandwidthMeasurements\ALL#ALL#ALL#Dn.csv,DOWNLINK,576,globalNetwork,78720,UNRESOLVED
tmp\mosaic-25.2\logs\log-20260602-172233-MaGaCellStudy\bandwidthMeasurements\ALL#ALL#ALL#Dn.csv,DOWNLINK,576,region_central_degraded,0,UNRESOLVED
tmp\mosaic-25.2\logs\log-20260602-172233-MaGaCellStudy\bandwidthMeasurements\ALL#ALL#ALL#Dn.csv,DOWNLINK,576,region_north_normal,0,UNRESOLVED
tmp\mosaic-25.2\logs\log-20260602-172233-MaGaCellStudy\bandwidthMeasurements\ALL#ALL#ALL#Dn.csv,DOWNLINK,577,globalNetwork,0,UNRESOLVED
tmp\mosaic-25.2\logs\log-20260602-172233-MaGaCellStudy\bandwidthMeasurements\ALL#ALL#ALL#Dn.csv,DOWNLINK,577,region_central_degraded,0,UNRESOLVED
tmp\mosaic-25.2\logs\log-20260602-172233-MaGaCellStudy\bandwidthMeasurements\ALL#ALL#ALL#Dn.csv,DOWNLINK,577,region_north_normal,0,UNRESOLVED
tmp\mosaic-25.2\logs\log-20260602-172233-MaGaCellStudy\bandwidthMeasurements\ALL#ALL#ALL#Dn.csv,DOWNLINK,578,globalNetwork,78720,UNRESOLVED
tmp\mosaic-25.2\logs\log-20260602-172233-MaGaCellStudy\bandwidthMeasurements\ALL#ALL#ALL#Dn.csv,DOWNLINK,578,region_central_degraded,0,UNRESOLVED
tmp\mosaic-25.2\logs\log-20260602-172233-MaGaCellStudy\bandwidthMeasurements\ALL#ALL#ALL#Dn.csv,DOWNLINK,578,region_north_normal,0,UNRESOLVED
tmp\mosaic-25.2\logs\log-20260602-172233-MaGaCellStudy\bandwidthMeasurements\ALL#ALL#ALL#Dn.csv,DOWNLINK,579,globalNetwork,0,UNRESOLVED
tmp\mosaic-25.2\logs\log-20260602-172233-MaGaCellStudy\bandwidthMeasurements\ALL#ALL#ALL#Dn.csv,DOWNLINK,579,region_central_degraded,0,UNRESOLVED
tmp\mosaic-25.2\logs\log-20260602-172233-MaGaCellStudy\bandwidthMeasurements\ALL#ALL#ALL#Dn.csv,DOWNLINK,579,region_north_normal,0,UNRESOLVED
tmp\mosaic-25.2\logs\log-20260602-172233-MaGaCellStudy\bandwidthMeasurements\ALL#ALL#ALL#Dn.csv,DOWNLINK,580,globalNetwork,59040,UNRESOLVED
tmp\mosaic-25.2\logs\log-20260602-172233-MaGaCellStudy\bandwidthMeasurements\ALL#ALL#ALL#Dn.csv,DOWNLINK,580,region_central_degraded,0,UNRESOLVED
tmp\mosaic-25.2\logs\log-20260602-172233-MaGaCellStudy\bandwidthMeasurements\ALL#ALL#ALL#Dn.csv,DOWNLINK,580,region_north_normal,0,UNRESOLVED
tmp\mosaic-25.2\logs\log-20260602-172233-MaGaCellStudy\bandwidthMeasurements\ALL#ALL#ALL#Dn.csv,DOWNLINK,581,globalNetwork,0,UNRESOLVED
tmp\mosaic-25.2\logs\log-20260602-172233-MaGaCellStudy\bandwidthMeasurements\ALL#ALL#ALL#Dn.csv,DOWNLINK,581,region_central_degraded,0,UNRESOLVED
tmp\mosaic-25.2\logs\log-20260602-172233-MaGaCellStudy\bandwidthMeasurements\ALL#ALL#ALL#Dn.csv,DOWNLINK,581,region_north_normal,0,UNRESOLVED
tmp\mosaic-25.2\logs\log-20260602-172233-MaGaCellStudy\bandwidthMeasurements\ALL#ALL#ALL#Dn.csv,DOWNLINK,582,globalNetwork,39360,UNRESOLVED
tmp\mosaic-25.2\logs\log-20260602-172233-MaGaCellStudy\bandwidthMeasurements\ALL#ALL#ALL#Dn.csv,DOWNLINK,582,region_central_degraded,0,UNRESOLVED
tmp\mosaic-25.2\logs\log-20260602-172233-MaGaCellStudy\bandwidthMeasurements\ALL#ALL#ALL#Dn.csv,DOWNLINK,582,region_north_normal,0,UNRESOLVED
tmp\mosaic-25.2\logs\log-20260602-172233-MaGaCellStudy\bandwidthMeasurements\ALL#ALL#ALL#Dn.csv,DOWNLINK,583,globalNetwork,0,UNRESOLVED
tmp\mosaic-25.2\logs\log-20260602-172233-MaGaCellStudy\bandwidthMeasurements\ALL#ALL#ALL#Dn.csv,DOWNLINK,583,region_central_degraded,0,UNRESOLVED
tmp\mosaic-25.2\logs\log-20260602-172233-MaGaCellStudy\bandwidthMeasurements\ALL#ALL#ALL#Dn.csv,DOWNLINK,583,region_north_normal,0,UNRESOLVED
tmp\mosaic-25.2\logs\log-20260602-172233-MaGaCellStudy\bandwidthMeasurements\ALL#ALL#ALL#Dn.csv,DOWNLINK,584,globalNetwork,39360,UNRESOLVED
tmp\mosaic-25.2\logs\log-20260602-172233-MaGaCellStudy\bandwidthMeasurements\ALL#ALL#ALL#Dn.csv,DOWNLINK,584,region_central_degraded,0,UNRESOLVED
tmp\mosaic-25.2\logs\log-20260602-172233-MaGaCellStudy\bandwidthMeasurements\ALL#ALL#ALL#Dn.csv,DOWNLINK,584,region_north_normal,0,UNRESOLVED
tmp\mosaic-25.2\logs\log-20260602-172233-MaGaCellStudy\bandwidthMeasurements\ALL#ALL#ALL#Dn.csv,DOWNLINK,585,globalNetwork,0,UNRESOLVED
tmp\mosaic-25.2\logs\log-20260602-172233-MaGaCellStudy\bandwidthMeasurements\ALL#ALL#ALL#Dn.csv,DOWNLINK,585,region_central_degraded,0,UNRESOLVED
tmp\mosaic-25.2\logs\log-20260602-172233-MaGaCellStudy\bandwidthMeasurements\ALL#ALL#ALL#Dn.csv,DOWNLINK,585,region_north_normal,0,UNRESOLVED
tmp\mosaic-25.2\logs\log-20260602-172233-MaGaCellStudy\bandwidthMeasurements\ALL#ALL#ALL#Dn.csv,DOWNLINK,586,globalNetwork,39360,UNRESOLVED
tmp\mosaic-25.2\logs\log-20260602-172233-MaGaCellStudy\bandwidthMeasurements\ALL#ALL#ALL#Dn.csv,DOWNLINK,586,region_central_degraded,0,UNRESOLVED
tmp\mosaic-25.2\logs\log-20260602-172233-MaGaCellStudy\bandwidthMeasurements\ALL#ALL#ALL#Dn.csv,DOWNLINK,586,region_north_normal,0,UNRESOLVED
tmp\mosaic-25.2\logs\log-20260602-172233-MaGaCellStudy\bandwidthMeasurements\ALL#ALL#ALL#Dn.csv,DOWNLINK,587,globalNetwork,0,UNRESOLVED
tmp\mosaic-25.2\logs\log-20260602-172233-MaGaCellStudy\bandwidthMeasurements\ALL#ALL#ALL#Dn.csv,DOWNLINK,587,region_central_degraded,0,UNRESOLVED
tmp\mosaic-25.2\logs\log-20260602-172233-MaGaCellStudy\bandwidthMeasurements\ALL#ALL#ALL#Dn.csv,DOWNLINK,587,region_north_normal,0,UNRESOLVED
tmp\mosaic-25.2\logs\log-20260602-172233-MaGaCellStudy\bandwidthMeasurements\ALL#ALL#ALL#Dn.csv,DOWNLINK,588,globalNetwork,19680,UNRESOLVED
tmp\mosaic-25.2\logs\log-20260602-172233-MaGaCellStudy\bandwidthMeasurements\ALL#ALL#ALL#Dn.csv,DOWNLINK,588,region_central_degraded,0,UNRESOLVED
tmp\mosaic-25.2\logs\log-20260602-172233-MaGaCellStudy\bandwidthMeasurements\ALL#ALL#ALL#Dn.csv,DOWNLINK,588,region_north_normal,0,UNRESOLVED
tmp\mosaic-25.2\logs\log-20260602-172233-MaGaCellStudy\bandwidthMeasurements\ALL#ALL#ALL#Dn.csv,DOWNLINK,589,globalNetwork,0,UNRESOLVED
tmp\mosaic-25.2\logs\log-20260602-172233-MaGaCellStudy\bandwidthMeasurements\ALL#ALL#ALL#Dn.csv,DOWNLINK,589,region_central_degraded,0,UNRESOLVED
tmp\mosaic-25.2\logs\log-20260602-172233-MaGaCellStudy\bandwidthMeasurements\ALL#ALL#ALL#Dn.csv,DOWNLINK,589,region_north_normal,0,UNRESOLVED
tmp\mosaic-25.2\logs\log-20260602-172233-MaGaCellStudy\bandwidthMeasurements\ALL#ALL#ALL#Dn.csv,DOWNLINK,590,globalNetwork,19680,UNRESOLVED
tmp\mosaic-25.2\logs\log-20260602-172233-MaGaCellStudy\bandwidthMeasurements\ALL#ALL#ALL#Dn.csv,DOWNLINK,590,region_central_degraded,0,UNRESOLVED
tmp\mosaic-25.2\logs\log-20260602-172233-MaGaCellStudy\bandwidthMeasurements\ALL#ALL#ALL#Dn.csv,DOWNLINK,590,region_north_normal,0,UNRESOLVED
tmp\mosaic-25.2\logs\log-20260602-172233-MaGaCellStudy\bandwidthMeasurements\ALL#ALL#ALL#Dn.csv,DOWNLINK,591,globalNetwork,0,UNRESOLVED
tmp\mosaic-25.2\logs\log-20260602-172233-MaGaCellStudy\bandwidthMeasurements\ALL#ALL#ALL#Dn.csv,DOWNLINK,591,region_central_degraded,0,UNRESOLVED
tmp\mosaic-25.2\logs\log-20260602-172233-MaGaCellStudy\bandwidthMeasurements\ALL#ALL#ALL#Dn.csv,DOWNLINK,591,region_north_normal,0,UNRESOLVED
tmp\mosaic-25.2\logs\log-20260602-172233-MaGaCellStudy\bandwidthMeasurements\ALL#ALL#ALL#Dn.csv,DOWNLINK,592,globalNetwork,19680,UNRESOLVED
tmp\mosaic-25.2\logs\log-20260602-172233-MaGaCellStudy\bandwidthMeasurements\ALL#ALL#ALL#Dn.csv,DOWNLINK,592,region_central_degraded,0,UNRESOLVED
tmp\mosaic-25.2\logs\log-20260602-172233-MaGaCellStudy\bandwidthMeasurements\ALL#ALL#ALL#Dn.csv,DOWNLINK,592,region_north_normal,0,UNRESOLVED
tmp\mosaic-25.2\logs\log-20260602-172233-MaGaCellStudy\bandwidthMeasurements\ALL#ALL#ALL#Dn.csv,DOWNLINK,593,globalNetwork,0,UNRESOLVED
tmp\mosaic-25.2\logs\log-20260602-172233-MaGaCellStudy\bandwidthMeasurements\ALL#ALL#ALL#Dn.csv,DOWNLINK,593,region_central_degraded,0,UNRESOLVED
tmp\mosaic-25.2\logs\log-20260602-172233-MaGaCellStudy\bandwidthMeasurements\ALL#ALL#ALL#Dn.csv,DOWNLINK,593,region_north_normal,0,UNRESOLVED
tmp\mosaic-25.2\logs\log-20260602-172233-MaGaCellStudy\bandwidthMeasurements\ALL#ALL#ALL#Dn.csv,DOWNLINK,594,globalNetwork,19680,UNRESOLVED
tmp\mosaic-25.2\logs\log-20260602-172233-MaGaCellStudy\bandwidthMeasurements\ALL#ALL#ALL#Dn.csv,DOWNLINK,594,region_central_degraded,0,UNRESOLVED
tmp\mosaic-25.2\logs\log-20260602-172233-MaGaCellStudy\bandwidthMeasurements\ALL#ALL#ALL#Dn.csv,DOWNLINK,594,region_north_normal,0,UNRESOLVED
tmp\mosaic-25.2\logs\log-20260602-172233-MaGaCellStudy\bandwidthMeasurements\ALL#ALL#ALL#Dn.csv,DOWNLINK,595,globalNetwork,0,UNRESOLVED
tmp\mosaic-25.2\logs\log-20260602-172233-MaGaCellStudy\bandwidthMeasurements\ALL#ALL#ALL#Dn.csv,DOWNLINK,595,region_central_degraded,0,UNRESOLVED
tmp\mosaic-25.2\logs\log-20260602-172233-MaGaCellStudy\bandwidthMeasurements\ALL#ALL#ALL#Dn.csv,DOWNLINK,595,region_north_normal,0,UNRESOLVED
tmp\mosaic-25.2\logs\log-20260602-172233-MaGaCellStudy\bandwidthMeasurements\ALL#ALL#ALL#Dn.csv,DOWNLINK,596,globalNetwork,19680,UNRESOLVED
tmp\mosaic-25.2\logs\log-20260602-172233-MaGaCellStudy\bandwidthMeasurements\ALL#ALL#ALL#Dn.csv,DOWNLINK,596,region_central_degraded,0,UNRESOLVED
tmp\mosaic-25.2\logs\log-20260602-172233-MaGaCellStudy\bandwidthMeasurements\ALL#ALL#ALL#Dn.csv,DOWNLINK,596,region_north_normal,0,UNRESOLVED
tmp\mosaic-25.2\logs\log-20260602-172233-MaGaCellStudy\bandwidthMeasurements\ALL#ALL#ALL#Dn.csv,DOWNLINK,597,globalNetwork,0,UNRESOLVED
tmp\mosaic-25.2\logs\log-20260602-172233-MaGaCellStudy\bandwidthMeasurements\ALL#ALL#ALL#Dn.csv,DOWNLINK,597,region_central_degraded,0,UNRESOLVED
tmp\mosaic-25.2\logs\log-20260602-172233-MaGaCellStudy\bandwidthMeasurements\ALL#ALL#ALL#Dn.csv,DOWNLINK,597,region_north_normal,0,UNRESOLVED
tmp\mosaic-25.2\logs\log-20260602-172233-MaGaCellStudy\bandwidthMeasurements\ALL#ALL#ALL#Dn.csv,DOWNLINK,598,globalNetwork,19680,UNRESOLVED
tmp\mosaic-25.2\logs\log-20260602-172233-MaGaCellStudy\bandwidthMeasurements\ALL#ALL#ALL#Dn.csv,DOWNLINK,598,region_central_degraded,0,UNRESOLVED
tmp\mosaic-25.2\logs\log-20260602-172233-MaGaCellStudy\bandwidthMeasurements\ALL#ALL#ALL#Dn.csv,DOWNLINK,598,region_north_normal,0,UNRESOLVED
tmp\mosaic-25.2\logs\log-20260602-172233-MaGaCellStudy\bandwidthMeasurements\ALL#ALL#ALL#Dn.csv,DOWNLINK,599,globalNetwork,0,UNRESOLVED
tmp\mosaic-25.2\logs\log-20260602-172233-MaGaCellStudy\bandwidthMeasurements\ALL#ALL#ALL#Dn.csv,DOWNLINK,599,region_central_degraded,0,UNRESOLVED
tmp\mosaic-25.2\logs\log-20260602-172233-MaGaCellStudy\bandwidthMeasurements\ALL#ALL#ALL#Dn.csv,DOWNLINK,599,region_north_normal,0,UNRESOLVED
tmp\mosaic-25.2\logs\log-20260602-172233-MaGaCellStudy\bandwidthMeasurements\ALL#ALL#ALL#Dn.csv,DOWNLINK,600,globalNetwork,19680,UNRESOLVED
tmp\mosaic-25.2\logs\log-20260602-172233-MaGaCellStudy\bandwidthMeasurements\ALL#ALL#ALL#Dn.csv,DOWNLINK,600,region_central_degraded,0,UNRESOLVED
tmp\mosaic-25.2\logs\log-20260602-172233-MaGaCellStudy\bandwidthMeasurements\ALL#ALL#ALL#Dn.csv,DOWNLINK,600,region_north_normal,0,UNRESOLVED
tmp\mosaic-25.2\logs\log-20260602-172233-MaGaCellStudy\bandwidthMeasurements\ALL#ALL#ALL#Dn.csv,DOWNLINK,601,globalNetwork,0,UNRESOLVED
tmp\mosaic-25.2\logs\log-20260602-172233-MaGaCellStudy\bandwidthMeasurements\ALL#ALL#ALL#Dn.csv,DOWNLINK,601,region_central_degraded,0,UNRESOLVED
tmp\mosaic-25.2\logs\log-20260602-172233-MaGaCellStudy\bandwidthMeasurements\ALL#ALL#ALL#Dn.csv,DOWNLINK,601,region_north_normal,0,UNRESOLVED
tmp\mosaic-25.2\logs\log-20260602-172233-MaGaCellStudy\bandwidthMeasurements\ALL#ALL#ALL#Dn.csv,DOWNLINK,602,globalNetwork,19680,UNRESOLVED
tmp\mosaic-25.2\logs\log-20260602-172233-MaGaCellStudy\bandwidthMeasurements\ALL#ALL#ALL#Dn.csv,DOWNLINK,602,region_central_degraded,0,UNRESOLVED
tmp\mosaic-25.2\logs\log-20260602-172233-MaGaCellStudy\bandwidthMeasurements\ALL#ALL#ALL#Dn.csv,DOWNLINK,602,region_north_normal,0,UNRESOLVED
tmp\mosaic-25.2\logs\log-20260602-172233-MaGaCellStudy\bandwidthMeasurements\ALL#ALL#ALL#Dn.csv,DOWNLINK,603,globalNetwork,0,UNRESOLVED
tmp\mosaic-25.2\logs\log-20260602-172233-MaGaCellStudy\bandwidthMeasurements\ALL#ALL#ALL#Dn.csv,DOWNLINK,603,region_central_degraded,0,UNRESOLVED
tmp\mosaic-25.2\logs\log-20260602-172233-MaGaCellStudy\bandwidthMeasurements\ALL#ALL#ALL#Dn.csv,DOWNLINK,603,region_north_normal,0,UNRESOLVED
tmp\mosaic-25.2\logs\log-20260602-172233-MaGaCellStudy\bandwidthMeasurements\ALL#ALL#ALL#Dn.csv,DOWNLINK,604,globalNetwork,19680,UNRESOLVED
tmp\mosaic-25.2\logs\log-20260602-172233-MaGaCellStudy\bandwidthMeasurements\ALL#ALL#ALL#Dn.csv,DOWNLINK,604,region_central_degraded,0,UNRESOLVED
tmp\mosaic-25.2\logs\log-20260602-172233-MaGaCellStudy\bandwidthMeasurements\ALL#ALL#ALL#Dn.csv,DOWNLINK,604,region_north_normal,0,UNRESOLVED
tmp\mosaic-25.2\logs\log-20260602-172233-MaGaCellStudy\bandwidthMeasurements\ALL#ALL#ALL#Dn.csv,DOWNLINK,605,globalNetwork,0,UNRESOLVED
tmp\mosaic-25.2\logs\log-20260602-172233-MaGaCellStudy\bandwidthMeasurements\ALL#ALL#ALL#Dn.csv,DOWNLINK,605,region_central_degraded,0,UNRESOLVED
tmp\mosaic-25.2\logs\log-20260602-172233-MaGaCellStudy\bandwidthMeasurements\ALL#ALL#ALL#Dn.csv,DOWNLINK,605,region_north_normal,0,UNRESOLVED
tmp\mosaic-25.2\logs\log-20260602-172233-MaGaCellStudy\bandwidthMeasurements\ALL#ALL#ALL#Dn.csv,DOWNLINK,606,globalNetwork,19680,UNRESOLVED
tmp\mosaic-25.2\logs\log-20260602-172233-MaGaCellStudy\bandwidthMeasurements\ALL#ALL#ALL#Dn.csv,DOWNLINK,606,region_central_degraded,0,UNRESOLVED
tmp\mosaic-25.2\logs\log-20260602-172233-MaGaCellStudy\bandwidthMeasurements\ALL#ALL#ALL#Dn.csv,DOWNLINK,606,region_north_normal,0,UNRESOLVED
tmp\mosaic-25.2\logs\log-20260602-172233-MaGaCellStudy\bandwidthMeasurements\ALL#ALL#ALL#Dn.csv,DOWNLINK,607,globalNetwork,0,UNRESOLVED
tmp\mosaic-25.2\logs\log-20260602-172233-MaGaCellStudy\bandwidthMeasurements\ALL#ALL#ALL#Dn.csv,DOWNLINK,607,region_central_degraded,0,UNRESOLVED
tmp\mosaic-25.2\logs\log-20260602-172233-MaGaCellStudy\bandwidthMeasurements\ALL#ALL#ALL#Dn.csv,DOWNLINK,607,region_north_normal,0,UNRESOLVED
tmp\mosaic-25.2\logs\log-20260602-172233-MaGaCellStudy\bandwidthMeasurements\ALL#ALL#ALL#Dn.csv,DOWNLINK,608,globalNetwork,19680,UNRESOLVED
tmp\mosaic-25.2\logs\log-20260602-172233-MaGaCellStudy\bandwidthMeasurements\ALL#ALL#ALL#Dn.csv,DOWNLINK,608,region_central_degraded,0,UNRESOLVED
tmp\mosaic-25.2\logs\log-20260602-172233-MaGaCellStudy\bandwidthMeasurements\ALL#ALL#ALL#Dn.csv,DOWNLINK,608,region_north_normal,0,UNRESOLVED
tmp\mosaic-25.2\logs\log-20260602-172233-MaGaCellStudy\bandwidthMeasurements\ALL#ALL#ALL#Dn.csv,DOWNLINK,609,globalNetwork,0,UNRESOLVED
tmp\mosaic-25.2\logs\log-20260602-172233-MaGaCellStudy\bandwidthMeasurements\ALL#ALL#ALL#Dn.csv,DOWNLINK,609,region_central_degraded,0,UNRESOLVED
tmp\mosaic-25.2\logs\log-20260602-172233-MaGaCellStudy\bandwidthMeasurements\ALL#ALL#ALL#Dn.csv,DOWNLINK,609,region_north_normal,0,UNRESOLVED
tmp\mosaic-25.2\logs\log-20260602-172233-MaGaCellStudy\bandwidthMeasurements\ALL#ALL#ALL#Dn.csv,DOWNLINK,610,globalNetwork,19680,UNRESOLVED
tmp\mosaic-25.2\logs\log-20260602-172233-MaGaCellStudy\bandwidthMeasurements\ALL#ALL#ALL#Dn.csv,DOWNLINK,610,region_central_degraded,0,UNRESOLVED
tmp\mosaic-25.2\logs\log-20260602-172233-MaGaCellStudy\bandwidthMeasurements\ALL#ALL#ALL#Dn.csv,DOWNLINK,610,region_north_normal,0,UNRESOLVED
tmp\mosaic-25.2\logs\log-20260602-172233-MaGaCellStudy\bandwidthMeasurements\ALL#ALL#ALL#Dn.csv,DOWNLINK,611,globalNetwork,0,UNRESOLVED
tmp\mosaic-25.2\logs\log-20260602-172233-MaGaCellStudy\bandwidthMeasurements\ALL#ALL#ALL#Dn.csv,DOWNLINK,611,region_central_degraded,0,UNRESOLVED
tmp\mosaic-25.2\logs\log-20260602-172233-MaGaCellStudy\bandwidthMeasurements\ALL#ALL#ALL#Dn.csv,DOWNLINK,611,region_north_normal,0,UNRESOLVED
tmp\mosaic-25.2\logs\log-20260602-172233-MaGaCellStudy\bandwidthMeasurements\ALL#ALL#ALL#Dn.csv,DOWNLINK,612,globalNetwork,19680,UNRESOLVED
tmp\mosaic-25.2\logs\log-20260602-172233-MaGaCellStudy\bandwidthMeasurements\ALL#ALL#ALL#Dn.csv,DOWNLINK,612,region_central_degraded,0,UNRESOLVED
tmp\mosaic-25.2\logs\log-20260602-172233-MaGaCellStudy\bandwidthMeasurements\ALL#ALL#ALL#Dn.csv,DOWNLINK,612,region_north_normal,0,UNRESOLVED
tmp\mosaic-25.2\logs\log-20260602-172233-MaGaCellStudy\bandwidthMeasurements\ALL#ALL#ALL#Dn.csv,DOWNLINK,613,globalNetwork,0,UNRESOLVED
tmp\mosaic-25.2\logs\log-20260602-172233-MaGaCellStudy\bandwidthMeasurements\ALL#ALL#ALL#Dn.csv,DOWNLINK,613,region_central_degraded,0,UNRESOLVED
tmp\mosaic-25.2\logs\log-20260602-172233-MaGaCellStudy\bandwidthMeasurements\ALL#ALL#ALL#Dn.csv,DOWNLINK,613,region_north_normal,0,UNRESOLVED
tmp\mosaic-25.2\logs\log-20260602-172233-MaGaCellStudy\bandwidthMeasurements\ALL#ALL#ALL#Dn.csv,DOWNLINK,614,globalNetwork,19680,UNRESOLVED
tmp\mosaic-25.2\logs\log-20260602-172233-MaGaCellStudy\bandwidthMeasurements\ALL#ALL#ALL#Dn.csv,DOWNLINK,614,region_central_degraded,0,UNRESOLVED
tmp\mosaic-25.2\logs\log-20260602-172233-MaGaCellStudy\bandwidthMeasurements\ALL#ALL#ALL#Dn.csv,DOWNLINK,614,region_north_normal,0,UNRESOLVED
tmp\mosaic-25.2\logs\log-20260602-172233-MaGaCellStudy\bandwidthMeasurements\ALL#ALL#ALL#Dn.csv,DOWNLINK,615,globalNetwork,0,UNRESOLVED
tmp\mosaic-25.2\logs\log-20260602-172233-MaGaCellStudy\bandwidthMeasurements\ALL#ALL#ALL#Dn.csv,DOWNLINK,615,region_central_degraded,0,UNRESOLVED
tmp\mosaic-25.2\logs\log-20260602-172233-MaGaCellStudy\bandwidthMeasurements\ALL#ALL#ALL#Dn.csv,DOWNLINK,615,region_north_normal,0,UNRESOLVED
tmp\mosaic-25.2\logs\log-20260602-172233-MaGaCellStudy\bandwidthMeasurements\ALL#ALL#ALL#Dn.csv,DOWNLINK,616,globalNetwork,19680,UNRESOLVED
tmp\mosaic-25.2\logs\log-20260602-172233-MaGaCellStudy\bandwidthMeasurements\ALL#ALL#ALL#Dn.csv,DOWNLINK,616,region_central_degraded,0,UNRESOLVED
tmp\mosaic-25.2\logs\log-20260602-172233-MaGaCellStudy\bandwidthMeasurements\ALL#ALL#ALL#Dn.csv,DOWNLINK,616,region_north_normal,0,UNRESOLVED
tmp\mosaic-25.2\logs\log-20260602-172233-MaGaCellStudy\bandwidthMeasurements\ALL#ALL#ALL#Dn.csv,DOWNLINK,617,globalNetwork,0,UNRESOLVED
tmp\mosaic-25.2\logs\log-20260602-172233-MaGaCellStudy\bandwidthMeasurements\ALL#ALL#ALL#Dn.csv,DOWNLINK,617,region_central_degraded,0,UNRESOLVED
tmp\mosaic-25.2\logs\log-20260602-172233-MaGaCellStudy\bandwidthMeasurements\ALL#ALL#ALL#Dn.csv,DOWNLINK,617,region_north_normal,0,UNRESOLVED
tmp\mosaic-25.2\logs\log-20260602-172233-MaGaCellStudy\bandwidthMeasurements\ALL#ALL#ALL#Dn.csv,DOWNLINK,618,globalNetwork,19680,UNRESOLVED
tmp\mosaic-25.2\logs\log-20260602-172233-MaGaCellStudy\bandwidthMeasurements\ALL#ALL#ALL#Dn.csv,DOWNLINK,618,region_central_degraded,0,UNRESOLVED
tmp\mosaic-25.2\logs\log-20260602-172233-MaGaCellStudy\bandwidthMeasurements\ALL#ALL#ALL#Dn.csv,DOWNLINK,618,region_north_normal,0,UNRESOLVED
tmp\mosaic-25.2\logs\log-20260602-172233-MaGaCellStudy\bandwidthMeasurements\ALL#ALL#ALL#Dn.csv,DOWNLINK,619,globalNetwork,0,UNRESOLVED
tmp\mosaic-25.2\logs\log-20260602-172233-MaGaCellStudy\bandwidthMeasurements\ALL#ALL#ALL#Dn.csv,DOWNLINK,619,region_central_degraded,0,UNRESOLVED
tmp\mosaic-25.2\logs\log-20260602-172233-MaGaCellStudy\bandwidthMeasurements\ALL#ALL#ALL#Dn.csv,DOWNLINK,619,region_north_normal,0,UNRESOLVED
tmp\mosaic-25.2\logs\log-20260602-172233-MaGaCellStudy\bandwidthMeasurements\ALL#ALL#ALL#Dn.csv,DOWNLINK,620,globalNetwork,19680,UNRESOLVED
tmp\mosaic-25.2\logs\log-20260602-172233-MaGaCellStudy\bandwidthMeasurements\ALL#ALL#ALL#Dn.csv,DOWNLINK,620,region_central_degraded,0,UNRESOLVED
tmp\mosaic-25.2\logs\log-20260602-172233-MaGaCellStudy\bandwidthMeasurements\ALL#ALL#ALL#Dn.csv,DOWNLINK,620,region_north_normal,0,UNRESOLVED
tmp\mosaic-25.2\logs\log-20260602-172233-MaGaCellStudy\bandwidthMeasurements\ALL#ALL#ALL#Dn.csv,DOWNLINK,621,globalNetwork,0,UNRESOLVED
tmp\mosaic-25.2\logs\log-20260602-172233-MaGaCellStudy\bandwidthMeasurements\ALL#ALL#ALL#Dn.csv,DOWNLINK,621,region_central_degraded,0,UNRESOLVED
tmp\mosaic-25.2\logs\log-20260602-172233-MaGaCellStudy\bandwidthMeasurements\ALL#ALL#ALL#Dn.csv,DOWNLINK,621,region_north_normal,0,UNRESOLVED
tmp\mosaic-25.2\logs\log-20260602-172233-MaGaCellStudy\bandwidthMeasurements\ALL#ALL#ALL#Dn.csv,DOWNLINK,622,globalNetwork,19680,UNRESOLVED
tmp\mosaic-25.2\logs\log-20260602-172233-MaGaCellStudy\bandwidthMeasurements\ALL#ALL#ALL#Dn.csv,DOWNLINK,622,region_central_degraded,0,UNRESOLVED
tmp\mosaic-25.2\logs\log-20260602-172233-MaGaCellStudy\bandwidthMeasurements\ALL#ALL#ALL#Dn.csv,DOWNLINK,622,region_north_normal,0,UNRESOLVED
tmp\mosaic-25.2\logs\log-20260602-172233-MaGaCellStudy\bandwidthMeasurements\ALL#ALL#ALL#Dn.csv,DOWNLINK,623,globalNetwork,0,UNRESOLVED
tmp\mosaic-25.2\logs\log-20260602-172233-MaGaCellStudy\bandwidthMeasurements\ALL#ALL#ALL#Dn.csv,DOWNLINK,623,region_central_degraded,0,UNRESOLVED
tmp\mosaic-25.2\logs\log-20260602-172233-MaGaCellStudy\bandwidthMeasurements\ALL#ALL#ALL#Dn.csv,DOWNLINK,623,region_north_normal,0,UNRESOLVED
tmp\mosaic-25.2\logs\log-20260602-172233-MaGaCellStudy\bandwidthMeasurements\ALL#ALL#ALL#Dn.csv,DOWNLINK,624,globalNetwork,19680,UNRESOLVED
tmp\mosaic-25.2\logs\log-20260602-172233-MaGaCellStudy\bandwidthMeasurements\ALL#ALL#ALL#Dn.csv,DOWNLINK,624,region_central_degraded,0,UNRESOLVED
tmp\mosaic-25.2\logs\log-20260602-172233-MaGaCellStudy\bandwidthMeasurements\ALL#ALL#ALL#Dn.csv,DOWNLINK,624,region_north_normal,0,UNRESOLVED
tmp\mosaic-25.2\logs\log-20260602-172233-MaGaCellStudy\bandwidthMeasurements\ALL#ALL#ALL#Dn.csv,DOWNLINK,625,globalNetwork,0,UNRESOLVED
tmp\mosaic-25.2\logs\log-20260602-172233-MaGaCellStudy\bandwidthMeasurements\ALL#ALL#ALL#Dn.csv,DOWNLINK,625,region_central_degraded,0,UNRESOLVED
tmp\mosaic-25.2\logs\log-20260602-172233-MaGaCellStudy\bandwidthMeasurements\ALL#ALL#ALL#Dn.csv,DOWNLINK,625,region_north_normal,0,UNRESOLVED
tmp\mosaic-25.2\logs\log-20260602-172233-MaGaCellStudy\bandwidthMeasurements\ALL#ALL#ALL#Dn.csv,DOWNLINK,626,globalNetwork,19680,UNRESOLVED
tmp\mosaic-25.2\logs\log-20260602-172233-MaGaCellStudy\bandwidthMeasurements\ALL#ALL#ALL#Dn.csv,DOWNLINK,626,region_central_degraded,0,UNRESOLVED
tmp\mosaic-25.2\logs\log-20260602-172233-MaGaCellStudy\bandwidthMeasurements\ALL#ALL#ALL#Dn.csv,DOWNLINK,626,region_north_normal,0,UNRESOLVED
tmp\mosaic-25.2\logs\log-20260602-172233-MaGaCellStudy\bandwidthMeasurements\ALL#ALL#ALL#Dn.csv,DOWNLINK,627,globalNetwork,0,UNRESOLVED
tmp\mosaic-25.2\logs\log-20260602-172233-MaGaCellStudy\bandwidthMeasurements\ALL#ALL#ALL#Dn.csv,DOWNLINK,627,region_central_degraded,0,UNRESOLVED
tmp\mosaic-25.2\logs\log-20260602-172233-MaGaCellStudy\bandwidthMeasurements\ALL#ALL#ALL#Dn.csv,DOWNLINK,627,region_north_normal,0,UNRESOLVED
tmp\mosaic-25.2\logs\log-20260602-172233-MaGaCellStudy\bandwidthMeasurements\ALL#ALL#ALL#Dn.csv,DOWNLINK,628,globalNetwork,19680,UNRESOLVED
tmp\mosaic-25.2\logs\log-20260602-172233-MaGaCellStudy\bandwidthMeasurements\ALL#ALL#ALL#Dn.csv,DOWNLINK,628,region_central_degraded,0,UNRESOLVED
tmp\mosaic-25.2\logs\log-20260602-172233-MaGaCellStudy\bandwidthMeasurements\ALL#ALL#ALL#Dn.csv,DOWNLINK,628,region_north_normal,0,UNRESOLVED
tmp\mosaic-25.2\logs\log-20260602-172233-MaGaCellStudy\bandwidthMeasurements\ALL#ALL#ALL#Dn.csv,DOWNLINK,629,globalNetwork,0,UNRESOLVED
tmp\mosaic-25.2\logs\log-20260602-172233-MaGaCellStudy\bandwidthMeasurements\ALL#ALL#ALL#Dn.csv,DOWNLINK,629,region_central_degraded,0,UNRESOLVED
tmp\mosaic-25.2\logs\log-20260602-172233-MaGaCellStudy\bandwidthMeasurements\ALL#ALL#ALL#Dn.csv,DOWNLINK,629,region_north_normal,0,UNRESOLVED
tmp\mosaic-25.2\logs\log-20260602-172233-MaGaCellStudy\bandwidthMeasurements\ALL#ALL#ALL#Dn.csv,DOWNLINK,630,globalNetwork,19680,UNRESOLVED
tmp\mosaic-25.2\logs\log-20260602-172233-MaGaCellStudy\bandwidthMeasurements\ALL#ALL#ALL#Dn.csv,DOWNLINK,630,region_central_degraded,0,UNRESOLVED
tmp\mosaic-25.2\logs\log-20260602-172233-MaGaCellStudy\bandwidthMeasurements\ALL#ALL#ALL#Dn.csv,DOWNLINK,630,region_north_normal,0,UNRESOLVED
tmp\mosaic-25.2\logs\log-20260602-172233-MaGaCellStudy\bandwidthMeasurements\ALL#ALL#ALL#Dn.csv,DOWNLINK,631,globalNetwork,0,UNRESOLVED
tmp\mosaic-25.2\logs\log-20260602-172233-MaGaCellStudy\bandwidthMeasurements\ALL#ALL#ALL#Dn.csv,DOWNLINK,631,region_central_degraded,0,UNRESOLVED
tmp\mosaic-25.2\logs\log-20260602-172233-MaGaCellStudy\bandwidthMeasurements\ALL#ALL#ALL#Dn.csv,DOWNLINK,631,region_north_normal,0,UNRESOLVED
tmp\mosaic-25.2\logs\log-20260602-172233-MaGaCellStudy\bandwidthMeasurements\ALL#ALL#ALL#Dn.csv,DOWNLINK,632,globalNetwork,19680,UNRESOLVED
tmp\mosaic-25.2\logs\log-20260602-172233-MaGaCellStudy\bandwidthMeasurements\ALL#ALL#ALL#Dn.csv,DOWNLINK,632,region_central_degraded,0,UNRESOLVED
tmp\mosaic-25.2\logs\log-20260602-172233-MaGaCellStudy\bandwidthMeasurements\ALL#ALL#ALL#Dn.csv,DOWNLINK,632,region_north_normal,0,UNRESOLVED
tmp\mosaic-25.2\logs\log-20260602-172233-MaGaCellStudy\bandwidthMeasurements\ALL#ALL#ALL#Dn.csv,DOWNLINK,633,globalNetwork,0,UNRESOLVED
tmp\mosaic-25.2\logs\log-20260602-172233-MaGaCellStudy\bandwidthMeasurements\ALL#ALL#ALL#Dn.csv,DOWNLINK,633,region_central_degraded,0,UNRESOLVED
tmp\mosaic-25.2\logs\log-20260602-172233-MaGaCellStudy\bandwidthMeasurements\ALL#ALL#ALL#Dn.csv,DOWNLINK,633,region_north_normal,0,UNRESOLVED
tmp\mosaic-25.2\logs\log-20260602-172233-MaGaCellStudy\bandwidthMeasurements\ALL#ALL#ALL#Dn.csv,DOWNLINK,634,globalNetwork,19680,UNRESOLVED
tmp\mosaic-25.2\logs\log-20260602-172233-MaGaCellStudy\bandwidthMeasurements\ALL#ALL#ALL#Dn.csv,DOWNLINK,634,region_central_degraded,0,UNRESOLVED
tmp\mosaic-25.2\logs\log-20260602-172233-MaGaCellStudy\bandwidthMeasurements\ALL#ALL#ALL#Dn.csv,DOWNLINK,634,region_north_normal,0,UNRESOLVED
tmp\mosaic-25.2\logs\log-20260602-172233-MaGaCellStudy\bandwidthMeasurements\ALL#ALL#ALL#Dn.csv,DOWNLINK,635,globalNetwork,0,UNRESOLVED
tmp\mosaic-25.2\logs\log-20260602-172233-MaGaCellStudy\bandwidthMeasurements\ALL#ALL#ALL#Dn.csv,DOWNLINK,635,region_central_degraded,0,UNRESOLVED
tmp\mosaic-25.2\logs\log-20260602-172233-MaGaCellStudy\bandwidthMeasurements\ALL#ALL#ALL#Dn.csv,DOWNLINK,635,region_north_normal,0,UNRESOLVED
tmp\mosaic-25.2\logs\log-20260602-172233-MaGaCellStudy\bandwidthMeasurements\ALL#ALL#ALL#Dn.csv,DOWNLINK,636,globalNetwork,19680,UNRESOLVED
tmp\mosaic-25.2\logs\log-20260602-172233-MaGaCellStudy\bandwidthMeasurements\ALL#ALL#ALL#Dn.csv,DOWNLINK,636,region_central_degraded,0,UNRESOLVED
tmp\mosaic-25.2\logs\log-20260602-172233-MaGaCellStudy\bandwidthMeasurements\ALL#ALL#ALL#Dn.csv,DOWNLINK,636,region_north_normal,0,UNRESOLVED
tmp\mosaic-25.2\logs\log-20260602-172233-MaGaCellStudy\bandwidthMeasurements\ALL#ALL#ALL#Dn.csv,DOWNLINK,637,globalNetwork,0,UNRESOLVED
tmp\mosaic-25.2\logs\log-20260602-172233-MaGaCellStudy\bandwidthMeasurements\ALL#ALL#ALL#Dn.csv,DOWNLINK,637,region_central_degraded,0,UNRESOLVED
tmp\mosaic-25.2\logs\log-20260602-172233-MaGaCellStudy\bandwidthMeasurements\ALL#ALL#ALL#Dn.csv,DOWNLINK,637,region_north_normal,0,UNRESOLVED
tmp\mosaic-25.2\logs\log-20260602-172233-MaGaCellStudy\bandwidthMeasurements\ALL#ALL#ALL#Dn.csv,DOWNLINK,638,globalNetwork,19680,UNRESOLVED
tmp\mosaic-25.2\logs\log-20260602-172233-MaGaCellStudy\bandwidthMeasurements\ALL#ALL#ALL#Dn.csv,DOWNLINK,638,region_central_degraded,0,UNRESOLVED
tmp\mosaic-25.2\logs\log-20260602-172233-MaGaCellStudy\bandwidthMeasurements\ALL#ALL#ALL#Dn.csv,DOWNLINK,638,region_north_normal,0,UNRESOLVED
tmp\mosaic-25.2\logs\log-20260602-172233-MaGaCellStudy\bandwidthMeasurements\ALL#ALL#ALL#Dn.csv,DOWNLINK,639,globalNetwork,0,UNRESOLVED
tmp\mosaic-25.2\logs\log-20260602-172233-MaGaCellStudy\bandwidthMeasurements\ALL#ALL#ALL#Dn.csv,DOWNLINK,639,region_central_degraded,0,UNRESOLVED
tmp\mosaic-25.2\logs\log-20260602-172233-MaGaCellStudy\bandwidthMeasurements\ALL#ALL#ALL#Dn.csv,DOWNLINK,639,region_north_normal,0,UNRESOLVED
tmp\mosaic-25.2\logs\log-20260602-172233-MaGaCellStudy\bandwidthMeasurements\ALL#ALL#ALL#Dn.csv,DOWNLINK,640,globalNetwork,19680,UNRESOLVED
tmp\mosaic-25.2\logs\log-20260602-172233-MaGaCellStudy\bandwidthMeasurements\ALL#ALL#ALL#Dn.csv,DOWNLINK,640,region_central_degraded,0,UNRESOLVED
tmp\mosaic-25.2\logs\log-20260602-172233-MaGaCellStudy\bandwidthMeasurements\ALL#ALL#ALL#Dn.csv,DOWNLINK,640,region_north_normal,0,UNRESOLVED
tmp\mosaic-25.2\logs\log-20260602-172233-MaGaCellStudy\bandwidthMeasurements\ALL#ALL#ALL#Dn.csv,DOWNLINK,641,globalNetwork,0,UNRESOLVED
tmp\mosaic-25.2\logs\log-20260602-172233-MaGaCellStudy\bandwidthMeasurements\ALL#ALL#ALL#Dn.csv,DOWNLINK,641,region_central_degraded,0,UNRESOLVED
tmp\mosaic-25.2\logs\log-20260602-172233-MaGaCellStudy\bandwidthMeasurements\ALL#ALL#ALL#Dn.csv,DOWNLINK,641,region_north_normal,0,UNRESOLVED
tmp\mosaic-25.2\logs\log-20260602-172233-MaGaCellStudy\bandwidthMeasurements\ALL#ALL#ALL#Dn.csv,DOWNLINK,642,globalNetwork,19680,UNRESOLVED
tmp\mosaic-25.2\logs\log-20260602-172233-MaGaCellStudy\bandwidthMeasurements\ALL#ALL#ALL#Dn.csv,DOWNLINK,642,region_central_degraded,0,UNRESOLVED
tmp\mosaic-25.2\logs\log-20260602-172233-MaGaCellStudy\bandwidthMeasurements\ALL#ALL#ALL#Dn.csv,DOWNLINK,642,region_north_normal,0,UNRESOLVED
tmp\mosaic-25.2\logs\log-20260602-172233-MaGaCellStudy\bandwidthMeasurements\ALL#ALL#ALL#Dn.csv,DOWNLINK,643,globalNetwork,0,UNRESOLVED
tmp\mosaic-25.2\logs\log-20260602-172233-MaGaCellStudy\bandwidthMeasurements\ALL#ALL#ALL#Dn.csv,DOWNLINK,643,region_central_degraded,0,UNRESOLVED
tmp\mosaic-25.2\logs\log-20260602-172233-MaGaCellStudy\bandwidthMeasurements\ALL#ALL#ALL#Dn.csv,DOWNLINK,643,region_north_normal,0,UNRESOLVED
tmp\mosaic-25.2\logs\log-20260602-172233-MaGaCellStudy\bandwidthMeasurements\ALL#ALL#ALL#Dn.csv,DOWNLINK,644,globalNetwork,19680,UNRESOLVED
tmp\mosaic-25.2\logs\log-20260602-172233-MaGaCellStudy\bandwidthMeasurements\ALL#ALL#ALL#Dn.csv,DOWNLINK,644,region_central_degraded,0,UNRESOLVED
tmp\mosaic-25.2\logs\log-20260602-172233-MaGaCellStudy\bandwidthMeasurements\ALL#ALL#ALL#Dn.csv,DOWNLINK,644,region_north_normal,0,UNRESOLVED
tmp\mosaic-25.2\logs\log-20260602-172233-MaGaCellStudy\bandwidthMeasurements\ALL#ALL#ALL#Dn.csv,DOWNLINK,645,globalNetwork,0,UNRESOLVED
tmp\mosaic-25.2\logs\log-20260602-172233-MaGaCellStudy\bandwidthMeasurements\ALL#ALL#ALL#Dn.csv,DOWNLINK,645,region_central_degraded,0,UNRESOLVED
tmp\mosaic-25.2\logs\log-20260602-172233-MaGaCellStudy\bandwidthMeasurements\ALL#ALL#ALL#Dn.csv,DOWNLINK,645,region_north_normal,0,UNRESOLVED
tmp\mosaic-25.2\logs\log-20260602-172233-MaGaCellStudy\bandwidthMeasurements\ALL#ALL#ALL#Dn.csv,DOWNLINK,646,globalNetwork,19680,UNRESOLVED
tmp\mosaic-25.2\logs\log-20260602-172233-MaGaCellStudy\bandwidthMeasurements\ALL#ALL#ALL#Dn.csv,DOWNLINK,646,region_central_degraded,0,UNRESOLVED
tmp\mosaic-25.2\logs\log-20260602-172233-MaGaCellStudy\bandwidthMeasurements\ALL#ALL#ALL#Dn.csv,DOWNLINK,646,region_north_normal,0,UNRESOLVED
tmp\mosaic-25.2\logs\log-20260602-172233-MaGaCellStudy\bandwidthMeasurements\ALL#ALL#ALL#Dn.csv,DOWNLINK,647,globalNetwork,0,UNRESOLVED
tmp\mosaic-25.2\logs\log-20260602-172233-MaGaCellStudy\bandwidthMeasurements\ALL#ALL#ALL#Dn.csv,DOWNLINK,647,region_central_degraded,0,UNRESOLVED
tmp\mosaic-25.2\logs\log-20260602-172233-MaGaCellStudy\bandwidthMeasurements\ALL#ALL#ALL#Dn.csv,DOWNLINK,647,region_north_normal,0,UNRESOLVED
tmp\mosaic-25.2\logs\log-20260602-172233-MaGaCellStudy\bandwidthMeasurements\ALL#ALL#ALL#Dn.csv,DOWNLINK,648,globalNetwork,19680,UNRESOLVED
tmp\mosaic-25.2\logs\log-20260602-172233-MaGaCellStudy\bandwidthMeasurements\ALL#ALL#ALL#Dn.csv,DOWNLINK,648,region_central_degraded,0,UNRESOLVED
tmp\mosaic-25.2\logs\log-20260602-172233-MaGaCellStudy\bandwidthMeasurements\ALL#ALL#ALL#Dn.csv,DOWNLINK,648,region_north_normal,0,UNRESOLVED
tmp\mosaic-25.2\logs\log-20260602-172233-MaGaCellStudy\bandwidthMeasurements\ALL#ALL#ALL#Dn.csv,DOWNLINK,649,globalNetwork,0,UNRESOLVED
tmp\mosaic-25.2\logs\log-20260602-172233-MaGaCellStudy\bandwidthMeasurements\ALL#ALL#ALL#Dn.csv,DOWNLINK,649,region_central_degraded,0,UNRESOLVED
tmp\mosaic-25.2\logs\log-20260602-172233-MaGaCellStudy\bandwidthMeasurements\ALL#ALL#ALL#Dn.csv,DOWNLINK,649,region_north_normal,0,UNRESOLVED
tmp\mosaic-25.2\logs\log-20260602-172233-MaGaCellStudy\bandwidthMeasurements\ALL#ALL#ALL#Dn.csv,DOWNLINK,650,globalNetwork,19680,UNRESOLVED
tmp\mosaic-25.2\logs\log-20260602-172233-MaGaCellStudy\bandwidthMeasurements\ALL#ALL#ALL#Dn.csv,DOWNLINK,650,region_central_degraded,0,UNRESOLVED
tmp\mosaic-25.2\logs\log-20260602-172233-MaGaCellStudy\bandwidthMeasurements\ALL#ALL#ALL#Dn.csv,DOWNLINK,650,region_north_normal,0,UNRESOLVED
tmp\mosaic-25.2\logs\log-20260602-172233-MaGaCellStudy\bandwidthMeasurements\ALL#ALL#ALL#Dn.csv,DOWNLINK,651,globalNetwork,0,UNRESOLVED
tmp\mosaic-25.2\logs\log-20260602-172233-MaGaCellStudy\bandwidthMeasurements\ALL#ALL#ALL#Dn.csv,DOWNLINK,651,region_central_degraded,0,UNRESOLVED
tmp\mosaic-25.2\logs\log-20260602-172233-MaGaCellStudy\bandwidthMeasurements\ALL#ALL#ALL#Dn.csv,DOWNLINK,651,region_north_normal,0,UNRESOLVED
tmp\mosaic-25.2\logs\log-20260602-172233-MaGaCellStudy\bandwidthMeasurements\ALL#ALL#ALL#Dn.csv,DOWNLINK,652,globalNetwork,19680,UNRESOLVED
tmp\mosaic-25.2\logs\log-20260602-172233-MaGaCellStudy\bandwidthMeasurements\ALL#ALL#ALL#Dn.csv,DOWNLINK,652,region_central_degraded,0,UNRESOLVED
tmp\mosaic-25.2\logs\log-20260602-172233-MaGaCellStudy\bandwidthMeasurements\ALL#ALL#ALL#Dn.csv,DOWNLINK,652,region_north_normal,0,UNRESOLVED
tmp\mosaic-25.2\logs\log-20260602-172233-MaGaCellStudy\bandwidthMeasurements\ALL#ALL#ALL#Dn.csv,DOWNLINK,653,globalNetwork,0,UNRESOLVED
tmp\mosaic-25.2\logs\log-20260602-172233-MaGaCellStudy\bandwidthMeasurements\ALL#ALL#ALL#Dn.csv,DOWNLINK,653,region_central_degraded,0,UNRESOLVED
tmp\mosaic-25.2\logs\log-20260602-172233-MaGaCellStudy\bandwidthMeasurements\ALL#ALL#ALL#Dn.csv,DOWNLINK,653,region_north_normal,0,UNRESOLVED
tmp\mosaic-25.2\logs\log-20260602-172233-MaGaCellStudy\bandwidthMeasurements\ALL#ALL#ALL#Dn.csv,DOWNLINK,654,globalNetwork,19680,UNRESOLVED
tmp\mosaic-25.2\logs\log-20260602-172233-MaGaCellStudy\bandwidthMeasurements\ALL#ALL#ALL#Dn.csv,DOWNLINK,654,region_central_degraded,0,UNRESOLVED
tmp\mosaic-25.2\logs\log-20260602-172233-MaGaCellStudy\bandwidthMeasurements\ALL#ALL#ALL#Dn.csv,DOWNLINK,654,region_north_normal,0,UNRESOLVED
tmp\mosaic-25.2\logs\log-20260602-172233-MaGaCellStudy\bandwidthMeasurements\ALL#ALL#ALL#Dn.csv,DOWNLINK,655,globalNetwork,0,UNRESOLVED
tmp\mosaic-25.2\logs\log-20260602-172233-MaGaCellStudy\bandwidthMeasurements\ALL#ALL#ALL#Dn.csv,DOWNLINK,655,region_central_degraded,0,UNRESOLVED
tmp\mosaic-25.2\logs\log-20260602-172233-MaGaCellStudy\bandwidthMeasurements\ALL#ALL#ALL#Dn.csv,DOWNLINK,655,region_north_normal,0,UNRESOLVED
tmp\mosaic-25.2\logs\log-20260602-172233-MaGaCellStudy\bandwidthMeasurements\ALL#ALL#ALL#Dn.csv,DOWNLINK,656,globalNetwork,19680,UNRESOLVED
tmp\mosaic-25.2\logs\log-20260602-172233-MaGaCellStudy\bandwidthMeasurements\ALL#ALL#ALL#Dn.csv,DOWNLINK,656,region_central_degraded,0,UNRESOLVED
tmp\mosaic-25.2\logs\log-20260602-172233-MaGaCellStudy\bandwidthMeasurements\ALL#ALL#ALL#Dn.csv,DOWNLINK,656,region_north_normal,0,UNRESOLVED
tmp\mosaic-25.2\logs\log-20260602-172233-MaGaCellStudy\bandwidthMeasurements\ALL#ALL#ALL#Dn.csv,DOWNLINK,657,globalNetwork,0,UNRESOLVED
tmp\mosaic-25.2\logs\log-20260602-172233-MaGaCellStudy\bandwidthMeasurements\ALL#ALL#ALL#Dn.csv,DOWNLINK,657,region_central_degraded,0,UNRESOLVED
tmp\mosaic-25.2\logs\log-20260602-172233-MaGaCellStudy\bandwidthMeasurements\ALL#ALL#ALL#Dn.csv,DOWNLINK,657,region_north_normal,0,UNRESOLVED
tmp\mosaic-25.2\logs\log-20260602-172233-MaGaCellStudy\bandwidthMeasurements\ALL#ALL#ALL#Dn.csv,DOWNLINK,658,globalNetwork,19680,UNRESOLVED
tmp\mosaic-25.2\logs\log-20260602-172233-MaGaCellStudy\bandwidthMeasurements\ALL#ALL#ALL#Dn.csv,DOWNLINK,658,region_central_degraded,0,UNRESOLVED
tmp\mosaic-25.2\logs\log-20260602-172233-MaGaCellStudy\bandwidthMeasurements\ALL#ALL#ALL#Dn.csv,DOWNLINK,658,region_north_normal,0,UNRESOLVED
tmp\mosaic-25.2\logs\log-20260602-172233-MaGaCellStudy\bandwidthMeasurements\ALL#ALL#ALL#Dn.csv,DOWNLINK,659,globalNetwork,0,UNRESOLVED
tmp\mosaic-25.2\logs\log-20260602-172233-MaGaCellStudy\bandwidthMeasurements\ALL#ALL#ALL#Dn.csv,DOWNLINK,659,region_central_degraded,0,UNRESOLVED
tmp\mosaic-25.2\logs\log-20260602-172233-MaGaCellStudy\bandwidthMeasurements\ALL#ALL#ALL#Dn.csv,DOWNLINK,659,region_north_normal,0,UNRESOLVED
tmp\mosaic-25.2\logs\log-20260602-172233-MaGaCellStudy\bandwidthMeasurements\ALL#ALL#ALL#Dn.csv,DOWNLINK,660,globalNetwork,19680,UNRESOLVED
tmp\mosaic-25.2\logs\log-20260602-172233-MaGaCellStudy\bandwidthMeasurements\ALL#ALL#ALL#Dn.csv,DOWNLINK,660,region_central_degraded,0,UNRESOLVED
tmp\mosaic-25.2\logs\log-20260602-172233-MaGaCellStudy\bandwidthMeasurements\ALL#ALL#ALL#Dn.csv,DOWNLINK,660,region_north_normal,0,UNRESOLVED
tmp\mosaic-25.2\logs\log-20260602-172233-MaGaCellStudy\bandwidthMeasurements\ALL#ALL#ALL#Dn.csv,DOWNLINK,661,globalNetwork,0,UNRESOLVED
tmp\mosaic-25.2\logs\log-20260602-172233-MaGaCellStudy\bandwidthMeasurements\ALL#ALL#ALL#Dn.csv,DOWNLINK,661,region_central_degraded,0,UNRESOLVED
tmp\mosaic-25.2\logs\log-20260602-172233-MaGaCellStudy\bandwidthMeasurements\ALL#ALL#ALL#Dn.csv,DOWNLINK,661,region_north_normal,0,UNRESOLVED
tmp\mosaic-25.2\logs\log-20260602-172233-MaGaCellStudy\bandwidthMeasurements\ALL#ALL#ALL#Dn.csv,DOWNLINK,662,globalNetwork,19680,UNRESOLVED
tmp\mosaic-25.2\logs\log-20260602-172233-MaGaCellStudy\bandwidthMeasurements\ALL#ALL#ALL#Dn.csv,DOWNLINK,662,region_central_degraded,0,UNRESOLVED
tmp\mosaic-25.2\logs\log-20260602-172233-MaGaCellStudy\bandwidthMeasurements\ALL#ALL#ALL#Dn.csv,DOWNLINK,662,region_north_normal,0,UNRESOLVED
tmp\mosaic-25.2\logs\log-20260602-172233-MaGaCellStudy\bandwidthMeasurements\ALL#ALL#ALL#Up.csv,UPLINK,0,globalNetwork,0,UNRESOLVED
tmp\mosaic-25.2\logs\log-20260602-172233-MaGaCellStudy\bandwidthMeasurements\ALL#ALL#ALL#Up.csv,UPLINK,0,region_central_degraded,0,UNRESOLVED
tmp\mosaic-25.2\logs\log-20260602-172233-MaGaCellStudy\bandwidthMeasurements\ALL#ALL#ALL#Up.csv,UPLINK,0,region_north_normal,0,UNRESOLVED
tmp\mosaic-25.2\logs\log-20260602-172233-MaGaCellStudy\bandwidthMeasurements\ALL#ALL#ALL#Up.csv,UPLINK,1,globalNetwork,0,UNRESOLVED
tmp\mosaic-25.2\logs\log-20260602-172233-MaGaCellStudy\bandwidthMeasurements\ALL#ALL#ALL#Up.csv,UPLINK,1,region_central_degraded,0,UNRESOLVED
tmp\mosaic-25.2\logs\log-20260602-172233-MaGaCellStudy\bandwidthMeasurements\ALL#ALL#ALL#Up.csv,UPLINK,1,region_north_normal,0,UNRESOLVED
tmp\mosaic-25.2\logs\log-20260602-172233-MaGaCellStudy\bandwidthMeasurements\ALL#ALL#ALL#Up.csv,UPLINK,2,globalNetwork,0,UNRESOLVED
tmp\mosaic-25.2\logs\log-20260602-172233-MaGaCellStudy\bandwidthMeasurements\ALL#ALL#ALL#Up.csv,UPLINK,2,region_central_degraded,0,UNRESOLVED
tmp\mosaic-25.2\logs\log-20260602-172233-MaGaCellStudy\bandwidthMeasurements\ALL#ALL#ALL#Up.csv,UPLINK,2,region_north_normal,0,UNRESOLVED
tmp\mosaic-25.2\logs\log-20260602-172233-MaGaCellStudy\bandwidthMeasurements\ALL#ALL#ALL#Up.csv,UPLINK,3,globalNetwork,0,UNRESOLVED
tmp\mosaic-25.2\logs\log-20260602-172233-MaGaCellStudy\bandwidthMeasurements\ALL#ALL#ALL#Up.csv,UPLINK,3,region_central_degraded,0,UNRESOLVED
tmp\mosaic-25.2\logs\log-20260602-172233-MaGaCellStudy\bandwidthMeasurements\ALL#ALL#ALL#Up.csv,UPLINK,3,region_north_normal,0,UNRESOLVED
tmp\mosaic-25.2\logs\log-20260602-172233-MaGaCellStudy\bandwidthMeasurements\ALL#ALL#ALL#Up.csv,UPLINK,4,globalNetwork,0,UNRESOLVED
tmp\mosaic-25.2\logs\log-20260602-172233-MaGaCellStudy\bandwidthMeasurements\ALL#ALL#ALL#Up.csv,UPLINK,4,region_central_degraded,0,UNRESOLVED
tmp\mosaic-25.2\logs\log-20260602-172233-MaGaCellStudy\bandwidthMeasurements\ALL#ALL#ALL#Up.csv,UPLINK,4,region_north_normal,0,UNRESOLVED
tmp\mosaic-25.2\logs\log-20260602-172233-MaGaCellStudy\bandwidthMeasurements\ALL#ALL#ALL#Up.csv,UPLINK,5,globalNetwork,0,UNRESOLVED
tmp\mosaic-25.2\logs\log-20260602-172233-MaGaCellStudy\bandwidthMeasurements\ALL#ALL#ALL#Up.csv,UPLINK,5,region_central_degraded,0,UNRESOLVED
tmp\mosaic-25.2\logs\log-20260602-172233-MaGaCellStudy\bandwidthMeasurements\ALL#ALL#ALL#Up.csv,UPLINK,5,region_north_normal,0,UNRESOLVED
tmp\mosaic-25.2\logs\log-20260602-172233-MaGaCellStudy\bandwidthMeasurements\ALL#ALL#ALL#Up.csv,UPLINK,6,globalNetwork,0,UNRESOLVED
tmp\mosaic-25.2\logs\log-20260602-172233-MaGaCellStudy\bandwidthMeasurements\ALL#ALL#ALL#Up.csv,UPLINK,6,region_central_degraded,0,UNRESOLVED
tmp\mosaic-25.2\logs\log-20260602-172233-MaGaCellStudy\bandwidthMeasurements\ALL#ALL#ALL#Up.csv,UPLINK,6,region_north_normal,0,UNRESOLVED
tmp\mosaic-25.2\logs\log-20260602-172233-MaGaCellStudy\bandwidthMeasurements\ALL#ALL#ALL#Up.csv,UPLINK,7,globalNetwork,0,UNRESOLVED
tmp\mosaic-25.2\logs\log-20260602-172233-MaGaCellStudy\bandwidthMeasurements\ALL#ALL#ALL#Up.csv,UPLINK,7,region_central_degraded,0,UNRESOLVED
tmp\mosaic-25.2\logs\log-20260602-172233-MaGaCellStudy\bandwidthMeasurements\ALL#ALL#ALL#Up.csv,UPLINK,7,region_north_normal,0,UNRESOLVED
tmp\mosaic-25.2\logs\log-20260602-172233-MaGaCellStudy\bandwidthMeasurements\ALL#ALL#ALL#Up.csv,UPLINK,8,globalNetwork,0,UNRESOLVED
tmp\mosaic-25.2\logs\log-20260602-172233-MaGaCellStudy\bandwidthMeasurements\ALL#ALL#ALL#Up.csv,UPLINK,8,region_central_degraded,0,UNRESOLVED
tmp\mosaic-25.2\logs\log-20260602-172233-MaGaCellStudy\bandwidthMeasurements\ALL#ALL#ALL#Up.csv,UPLINK,8,region_north_normal,0,UNRESOLVED
tmp\mosaic-25.2\logs\log-20260602-172233-MaGaCellStudy\bandwidthMeasurements\ALL#ALL#ALL#Up.csv,UPLINK,9,globalNetwork,0,UNRESOLVED
tmp\mosaic-25.2\logs\log-20260602-172233-MaGaCellStudy\bandwidthMeasurements\ALL#ALL#ALL#Up.csv,UPLINK,9,region_central_degraded,0,UNRESOLVED
tmp\mosaic-25.2\logs\log-20260602-172233-MaGaCellStudy\bandwidthMeasurements\ALL#ALL#ALL#Up.csv,UPLINK,9,region_north_normal,0,UNRESOLVED
tmp\mosaic-25.2\logs\log-20260602-172233-MaGaCellStudy\bandwidthMeasurements\ALL#ALL#ALL#Up.csv,UPLINK,10,globalNetwork,0,UNRESOLVED
tmp\mosaic-25.2\logs\log-20260602-172233-MaGaCellStudy\bandwidthMeasurements\ALL#ALL#ALL#Up.csv,UPLINK,10,region_central_degraded,0,UNRESOLVED
tmp\mosaic-25.2\logs\log-20260602-172233-MaGaCellStudy\bandwidthMeasurements\ALL#ALL#ALL#Up.csv,UPLINK,10,region_north_normal,0,UNRESOLVED
tmp\mosaic-25.2\logs\log-20260602-172233-MaGaCellStudy\bandwidthMeasurements\ALL#ALL#ALL#Up.csv,UPLINK,11,globalNetwork,0,UNRESOLVED
tmp\mosaic-25.2\logs\log-20260602-172233-MaGaCellStudy\bandwidthMeasurements\ALL#ALL#ALL#Up.csv,UPLINK,11,region_central_degraded,0,UNRESOLVED
tmp\mosaic-25.2\logs\log-20260602-172233-MaGaCellStudy\bandwidthMeasurements\ALL#ALL#ALL#Up.csv,UPLINK,11,region_north_normal,0,UNRESOLVED
tmp\mosaic-25.2\logs\log-20260602-172233-MaGaCellStudy\bandwidthMeasurements\ALL#ALL#ALL#Up.csv,UPLINK,12,globalNetwork,0,UNRESOLVED
tmp\mosaic-25.2\logs\log-20260602-172233-MaGaCellStudy\bandwidthMeasurements\ALL#ALL#ALL#Up.csv,UPLINK,12,region_central_degraded,0,UNRESOLVED
tmp\mosaic-25.2\logs\log-20260602-172233-MaGaCellStudy\bandwidthMeasurements\ALL#ALL#ALL#Up.csv,UPLINK,12,region_north_normal,0,UNRESOLVED
tmp\mosaic-25.2\logs\log-20260602-172233-MaGaCellStudy\bandwidthMeasurements\ALL#ALL#ALL#Up.csv,UPLINK,13,globalNetwork,0,UNRESOLVED
tmp\mosaic-25.2\logs\log-20260602-172233-MaGaCellStudy\bandwidthMeasurements\ALL#ALL#ALL#Up.csv,UPLINK,13,region_central_degraded,0,UNRESOLVED
tmp\mosaic-25.2\logs\log-20260602-172233-MaGaCellStudy\bandwidthMeasurements\ALL#ALL#ALL#Up.csv,UPLINK,13,region_north_normal,0,UNRESOLVED
tmp\mosaic-25.2\logs\log-20260602-172233-MaGaCellStudy\bandwidthMeasurements\ALL#ALL#ALL#Up.csv,UPLINK,14,globalNetwork,0,UNRESOLVED
tmp\mosaic-25.2\logs\log-20260602-172233-MaGaCellStudy\bandwidthMeasurements\ALL#ALL#ALL#Up.csv,UPLINK,14,region_central_degraded,0,UNRESOLVED
tmp\mosaic-25.2\logs\log-20260602-172233-MaGaCellStudy\bandwidthMeasurements\ALL#ALL#ALL#Up.csv,UPLINK,14,region_north_normal,0,UNRESOLVED
tmp\mosaic-25.2\logs\log-20260602-172233-MaGaCellStudy\bandwidthMeasurements\ALL#ALL#ALL#Up.csv,UPLINK,15,globalNetwork,0,UNRESOLVED
tmp\mosaic-25.2\logs\log-20260602-172233-MaGaCellStudy\bandwidthMeasurements\ALL#ALL#ALL#Up.csv,UPLINK,15,region_central_degraded,0,UNRESOLVED
tmp\mosaic-25.2\logs\log-20260602-172233-MaGaCellStudy\bandwidthMeasurements\ALL#ALL#ALL#Up.csv,UPLINK,15,region_north_normal,0,UNRESOLVED
tmp\mosaic-25.2\logs\log-20260602-172233-MaGaCellStudy\bandwidthMeasurements\ALL#ALL#ALL#Up.csv,UPLINK,16,globalNetwork,0,UNRESOLVED
tmp\mosaic-25.2\logs\log-20260602-172233-MaGaCellStudy\bandwidthMeasurements\ALL#ALL#ALL#Up.csv,UPLINK,16,region_central_degraded,0,UNRESOLVED
tmp\mosaic-25.2\logs\log-20260602-172233-MaGaCellStudy\bandwidthMeasurements\ALL#ALL#ALL#Up.csv,UPLINK,16,region_north_normal,0,UNRESOLVED
tmp\mosaic-25.2\logs\log-20260602-172233-MaGaCellStudy\bandwidthMeasurements\ALL#ALL#ALL#Up.csv,UPLINK,17,globalNetwork,0,UNRESOLVED
tmp\mosaic-25.2\logs\log-20260602-172233-MaGaCellStudy\bandwidthMeasurements\ALL#ALL#ALL#Up.csv,UPLINK,17,region_central_degraded,0,UNRESOLVED
tmp\mosaic-25.2\logs\log-20260602-172233-MaGaCellStudy\bandwidthMeasurements\ALL#ALL#ALL#Up.csv,UPLINK,17,region_north_normal,0,UNRESOLVED
tmp\mosaic-25.2\logs\log-20260602-172233-MaGaCellStudy\bandwidthMeasurements\ALL#ALL#ALL#Up.csv,UPLINK,18,globalNetwork,0,UNRESOLVED
tmp\mosaic-25.2\logs\log-20260602-172233-MaGaCellStudy\bandwidthMeasurements\ALL#ALL#ALL#Up.csv,UPLINK,18,region_central_degraded,0,UNRESOLVED
tmp\mosaic-25.2\logs\log-20260602-172233-MaGaCellStudy\bandwidthMeasurements\ALL#ALL#ALL#Up.csv,UPLINK,18,region_north_normal,0,UNRESOLVED
tmp\mosaic-25.2\logs\log-20260602-172233-MaGaCellStudy\bandwidthMeasurements\ALL#ALL#ALL#Up.csv,UPLINK,19,globalNetwork,0,UNRESOLVED
tmp\mosaic-25.2\logs\log-20260602-172233-MaGaCellStudy\bandwidthMeasurements\ALL#ALL#ALL#Up.csv,UPLINK,19,region_central_degraded,0,UNRESOLVED
tmp\mosaic-25.2\logs\log-20260602-172233-MaGaCellStudy\bandwidthMeasurements\ALL#ALL#ALL#Up.csv,UPLINK,19,region_north_normal,0,UNRESOLVED
tmp\mosaic-25.2\logs\log-20260602-172233-MaGaCellStudy\bandwidthMeasurements\ALL#ALL#ALL#Up.csv,UPLINK,20,globalNetwork,0,UNRESOLVED
tmp\mosaic-25.2\logs\log-20260602-172233-MaGaCellStudy\bandwidthMeasurements\ALL#ALL#ALL#Up.csv,UPLINK,20,region_central_degraded,0,UNRESOLVED
tmp\mosaic-25.2\logs\log-20260602-172233-MaGaCellStudy\bandwidthMeasurements\ALL#ALL#ALL#Up.csv,UPLINK,20,region_north_normal,0,UNRESOLVED
tmp\mosaic-25.2\logs\log-20260602-172233-MaGaCellStudy\bandwidthMeasurements\ALL#ALL#ALL#Up.csv,UPLINK,21,globalNetwork,0,UNRESOLVED
tmp\mosaic-25.2\logs\log-20260602-172233-MaGaCellStudy\bandwidthMeasurements\ALL#ALL#ALL#Up.csv,UPLINK,21,region_central_degraded,0,UNRESOLVED
tmp\mosaic-25.2\logs\log-20260602-172233-MaGaCellStudy\bandwidthMeasurements\ALL#ALL#ALL#Up.csv,UPLINK,21,region_north_normal,0,UNRESOLVED
tmp\mosaic-25.2\logs\log-20260602-172233-MaGaCellStudy\bandwidthMeasurements\ALL#ALL#ALL#Up.csv,UPLINK,22,globalNetwork,0,UNRESOLVED
tmp\mosaic-25.2\logs\log-20260602-172233-MaGaCellStudy\bandwidthMeasurements\ALL#ALL#ALL#Up.csv,UPLINK,22,region_central_degraded,0,UNRESOLVED
tmp\mosaic-25.2\logs\log-20260602-172233-MaGaCellStudy\bandwidthMeasurements\ALL#ALL#ALL#Up.csv,UPLINK,22,region_north_normal,0,UNRESOLVED
tmp\mosaic-25.2\logs\log-20260602-172233-MaGaCellStudy\bandwidthMeasurements\ALL#ALL#ALL#Up.csv,UPLINK,23,globalNetwork,0,UNRESOLVED
tmp\mosaic-25.2\logs\log-20260602-172233-MaGaCellStudy\bandwidthMeasurements\ALL#ALL#ALL#Up.csv,UPLINK,23,region_central_degraded,0,UNRESOLVED
tmp\mosaic-25.2\logs\log-20260602-172233-MaGaCellStudy\bandwidthMeasurements\ALL#ALL#ALL#Up.csv,UPLINK,23,region_north_normal,0,UNRESOLVED
tmp\mosaic-25.2\logs\log-20260602-172233-MaGaCellStudy\bandwidthMeasurements\ALL#ALL#ALL#Up.csv,UPLINK,24,globalNetwork,0,UNRESOLVED
tmp\mosaic-25.2\logs\log-20260602-172233-MaGaCellStudy\bandwidthMeasurements\ALL#ALL#ALL#Up.csv,UPLINK,24,region_central_degraded,0,UNRESOLVED
tmp\mosaic-25.2\logs\log-20260602-172233-MaGaCellStudy\bandwidthMeasurements\ALL#ALL#ALL#Up.csv,UPLINK,24,region_north_normal,0,UNRESOLVED
tmp\mosaic-25.2\logs\log-20260602-172233-MaGaCellStudy\bandwidthMeasurements\ALL#ALL#ALL#Up.csv,UPLINK,25,globalNetwork,0,UNRESOLVED
tmp\mosaic-25.2\logs\log-20260602-172233-MaGaCellStudy\bandwidthMeasurements\ALL#ALL#ALL#Up.csv,UPLINK,25,region_central_degraded,0,UNRESOLVED
tmp\mosaic-25.2\logs\log-20260602-172233-MaGaCellStudy\bandwidthMeasurements\ALL#ALL#ALL#Up.csv,UPLINK,25,region_north_normal,0,UNRESOLVED
tmp\mosaic-25.2\logs\log-20260602-172233-MaGaCellStudy\bandwidthMeasurements\ALL#ALL#ALL#Up.csv,UPLINK,26,globalNetwork,0,UNRESOLVED
tmp\mosaic-25.2\logs\log-20260602-172233-MaGaCellStudy\bandwidthMeasurements\ALL#ALL#ALL#Up.csv,UPLINK,26,region_central_degraded,0,UNRESOLVED
tmp\mosaic-25.2\logs\log-20260602-172233-MaGaCellStudy\bandwidthMeasurements\ALL#ALL#ALL#Up.csv,UPLINK,26,region_north_normal,0,UNRESOLVED
tmp\mosaic-25.2\logs\log-20260602-172233-MaGaCellStudy\bandwidthMeasurements\ALL#ALL#ALL#Up.csv,UPLINK,27,globalNetwork,0,UNRESOLVED
tmp\mosaic-25.2\logs\log-20260602-172233-MaGaCellStudy\bandwidthMeasurements\ALL#ALL#ALL#Up.csv,UPLINK,27,region_central_degraded,0,UNRESOLVED
tmp\mosaic-25.2\logs\log-20260602-172233-MaGaCellStudy\bandwidthMeasurements\ALL#ALL#ALL#Up.csv,UPLINK,27,region_north_normal,0,UNRESOLVED
tmp\mosaic-25.2\logs\log-20260602-172233-MaGaCellStudy\bandwidthMeasurements\ALL#ALL#ALL#Up.csv,UPLINK,28,globalNetwork,0,UNRESOLVED
tmp\mosaic-25.2\logs\log-20260602-172233-MaGaCellStudy\bandwidthMeasurements\ALL#ALL#ALL#Up.csv,UPLINK,28,region_central_degraded,0,UNRESOLVED
tmp\mosaic-25.2\logs\log-20260602-172233-MaGaCellStudy\bandwidthMeasurements\ALL#ALL#ALL#Up.csv,UPLINK,28,region_north_normal,0,UNRESOLVED
tmp\mosaic-25.2\logs\log-20260602-172233-MaGaCellStudy\bandwidthMeasurements\ALL#ALL#ALL#Up.csv,UPLINK,29,globalNetwork,0,UNRESOLVED
tmp\mosaic-25.2\logs\log-20260602-172233-MaGaCellStudy\bandwidthMeasurements\ALL#ALL#ALL#Up.csv,UPLINK,29,region_central_degraded,0,UNRESOLVED
tmp\mosaic-25.2\logs\log-20260602-172233-MaGaCellStudy\bandwidthMeasurements\ALL#ALL#ALL#Up.csv,UPLINK,29,region_north_normal,0,UNRESOLVED
tmp\mosaic-25.2\logs\log-20260602-172233-MaGaCellStudy\bandwidthMeasurements\ALL#ALL#ALL#Up.csv,UPLINK,30,globalNetwork,0,UNRESOLVED
tmp\mosaic-25.2\logs\log-20260602-172233-MaGaCellStudy\bandwidthMeasurements\ALL#ALL#ALL#Up.csv,UPLINK,30,region_central_degraded,0,UNRESOLVED
tmp\mosaic-25.2\logs\log-20260602-172233-MaGaCellStudy\bandwidthMeasurements\ALL#ALL#ALL#Up.csv,UPLINK,30,region_north_normal,0,UNRESOLVED
tmp\mosaic-25.2\logs\log-20260602-172233-MaGaCellStudy\bandwidthMeasurements\ALL#ALL#ALL#Up.csv,UPLINK,31,globalNetwork,0,UNRESOLVED
tmp\mosaic-25.2\logs\log-20260602-172233-MaGaCellStudy\bandwidthMeasurements\ALL#ALL#ALL#Up.csv,UPLINK,31,region_central_degraded,0,UNRESOLVED
tmp\mosaic-25.2\logs\log-20260602-172233-MaGaCellStudy\bandwidthMeasurements\ALL#ALL#ALL#Up.csv,UPLINK,31,region_north_normal,0,UNRESOLVED
tmp\mosaic-25.2\logs\log-20260602-172233-MaGaCellStudy\bandwidthMeasurements\ALL#ALL#ALL#Up.csv,UPLINK,32,globalNetwork,0,UNRESOLVED
tmp\mosaic-25.2\logs\log-20260602-172233-MaGaCellStudy\bandwidthMeasurements\ALL#ALL#ALL#Up.csv,UPLINK,32,region_central_degraded,0,UNRESOLVED
tmp\mosaic-25.2\logs\log-20260602-172233-MaGaCellStudy\bandwidthMeasurements\ALL#ALL#ALL#Up.csv,UPLINK,32,region_north_normal,0,UNRESOLVED
tmp\mosaic-25.2\logs\log-20260602-172233-MaGaCellStudy\bandwidthMeasurements\ALL#ALL#ALL#Up.csv,UPLINK,33,globalNetwork,0,UNRESOLVED
tmp\mosaic-25.2\logs\log-20260602-172233-MaGaCellStudy\bandwidthMeasurements\ALL#ALL#ALL#Up.csv,UPLINK,33,region_central_degraded,0,UNRESOLVED
tmp\mosaic-25.2\logs\log-20260602-172233-MaGaCellStudy\bandwidthMeasurements\ALL#ALL#ALL#Up.csv,UPLINK,33,region_north_normal,0,UNRESOLVED
tmp\mosaic-25.2\logs\log-20260602-172233-MaGaCellStudy\bandwidthMeasurements\ALL#ALL#ALL#Up.csv,UPLINK,34,globalNetwork,0,UNRESOLVED
tmp\mosaic-25.2\logs\log-20260602-172233-MaGaCellStudy\bandwidthMeasurements\ALL#ALL#ALL#Up.csv,UPLINK,34,region_central_degraded,0,UNRESOLVED
tmp\mosaic-25.2\logs\log-20260602-172233-MaGaCellStudy\bandwidthMeasurements\ALL#ALL#ALL#Up.csv,UPLINK,34,region_north_normal,0,UNRESOLVED
tmp\mosaic-25.2\logs\log-20260602-172233-MaGaCellStudy\bandwidthMeasurements\ALL#ALL#ALL#Up.csv,UPLINK,35,globalNetwork,0,UNRESOLVED
tmp\mosaic-25.2\logs\log-20260602-172233-MaGaCellStudy\bandwidthMeasurements\ALL#ALL#ALL#Up.csv,UPLINK,35,region_central_degraded,0,UNRESOLVED
tmp\mosaic-25.2\logs\log-20260602-172233-MaGaCellStudy\bandwidthMeasurements\ALL#ALL#ALL#Up.csv,UPLINK,35,region_north_normal,0,UNRESOLVED
tmp\mosaic-25.2\logs\log-20260602-172233-MaGaCellStudy\bandwidthMeasurements\ALL#ALL#ALL#Up.csv,UPLINK,36,globalNetwork,0,UNRESOLVED
tmp\mosaic-25.2\logs\log-20260602-172233-MaGaCellStudy\bandwidthMeasurements\ALL#ALL#ALL#Up.csv,UPLINK,36,region_central_degraded,0,UNRESOLVED
tmp\mosaic-25.2\logs\log-20260602-172233-MaGaCellStudy\bandwidthMeasurements\ALL#ALL#ALL#Up.csv,UPLINK,36,region_north_normal,0,UNRESOLVED
tmp\mosaic-25.2\logs\log-20260602-172233-MaGaCellStudy\bandwidthMeasurements\ALL#ALL#ALL#Up.csv,UPLINK,37,globalNetwork,0,UNRESOLVED
tmp\mosaic-25.2\logs\log-20260602-172233-MaGaCellStudy\bandwidthMeasurements\ALL#ALL#ALL#Up.csv,UPLINK,37,region_central_degraded,0,UNRESOLVED
tmp\mosaic-25.2\logs\log-20260602-172233-MaGaCellStudy\bandwidthMeasurements\ALL#ALL#ALL#Up.csv,UPLINK,37,region_north_normal,0,UNRESOLVED
tmp\mosaic-25.2\logs\log-20260602-172233-MaGaCellStudy\bandwidthMeasurements\ALL#ALL#ALL#Up.csv,UPLINK,38,globalNetwork,0,UNRESOLVED
tmp\mosaic-25.2\logs\log-20260602-172233-MaGaCellStudy\bandwidthMeasurements\ALL#ALL#ALL#Up.csv,UPLINK,38,region_central_degraded,0,UNRESOLVED
tmp\mosaic-25.2\logs\log-20260602-172233-MaGaCellStudy\bandwidthMeasurements\ALL#ALL#ALL#Up.csv,UPLINK,38,region_north_normal,0,UNRESOLVED
tmp\mosaic-25.2\logs\log-20260602-172233-MaGaCellStudy\bandwidthMeasurements\ALL#ALL#ALL#Up.csv,UPLINK,39,globalNetwork,0,UNRESOLVED
tmp\mosaic-25.2\logs\log-20260602-172233-MaGaCellStudy\bandwidthMeasurements\ALL#ALL#ALL#Up.csv,UPLINK,39,region_central_degraded,0,UNRESOLVED
tmp\mosaic-25.2\logs\log-20260602-172233-MaGaCellStudy\bandwidthMeasurements\ALL#ALL#ALL#Up.csv,UPLINK,39,region_north_normal,0,UNRESOLVED
tmp\mosaic-25.2\logs\log-20260602-172233-MaGaCellStudy\bandwidthMeasurements\ALL#ALL#ALL#Up.csv,UPLINK,40,globalNetwork,0,UNRESOLVED
tmp\mosaic-25.2\logs\log-20260602-172233-MaGaCellStudy\bandwidthMeasurements\ALL#ALL#ALL#Up.csv,UPLINK,40,region_central_degraded,0,UNRESOLVED
tmp\mosaic-25.2\logs\log-20260602-172233-MaGaCellStudy\bandwidthMeasurements\ALL#ALL#ALL#Up.csv,UPLINK,40,region_north_normal,0,UNRESOLVED
tmp\mosaic-25.2\logs\log-20260602-172233-MaGaCellStudy\bandwidthMeasurements\ALL#ALL#ALL#Up.csv,UPLINK,41,globalNetwork,0,UNRESOLVED
tmp\mosaic-25.2\logs\log-20260602-172233-MaGaCellStudy\bandwidthMeasurements\ALL#ALL#ALL#Up.csv,UPLINK,41,region_central_degraded,0,UNRESOLVED
tmp\mosaic-25.2\logs\log-20260602-172233-MaGaCellStudy\bandwidthMeasurements\ALL#ALL#ALL#Up.csv,UPLINK,41,region_north_normal,0,UNRESOLVED
tmp\mosaic-25.2\logs\log-20260602-172233-MaGaCellStudy\bandwidthMeasurements\ALL#ALL#ALL#Up.csv,UPLINK,42,globalNetwork,0,UNRESOLVED
tmp\mosaic-25.2\logs\log-20260602-172233-MaGaCellStudy\bandwidthMeasurements\ALL#ALL#ALL#Up.csv,UPLINK,42,region_central_degraded,0,UNRESOLVED
tmp\mosaic-25.2\logs\log-20260602-172233-MaGaCellStudy\bandwidthMeasurements\ALL#ALL#ALL#Up.csv,UPLINK,42,region_north_normal,0,UNRESOLVED
tmp\mosaic-25.2\logs\log-20260602-172233-MaGaCellStudy\bandwidthMeasurements\ALL#ALL#ALL#Up.csv,UPLINK,43,globalNetwork,0,UNRESOLVED
tmp\mosaic-25.2\logs\log-20260602-172233-MaGaCellStudy\bandwidthMeasurements\ALL#ALL#ALL#Up.csv,UPLINK,43,region_central_degraded,0,UNRESOLVED
tmp\mosaic-25.2\logs\log-20260602-172233-MaGaCellStudy\bandwidthMeasurements\ALL#ALL#ALL#Up.csv,UPLINK,43,region_north_normal,0,UNRESOLVED
tmp\mosaic-25.2\logs\log-20260602-172233-MaGaCellStudy\bandwidthMeasurements\ALL#ALL#ALL#Up.csv,UPLINK,44,globalNetwork,0,UNRESOLVED
tmp\mosaic-25.2\logs\log-20260602-172233-MaGaCellStudy\bandwidthMeasurements\ALL#ALL#ALL#Up.csv,UPLINK,44,region_central_degraded,0,UNRESOLVED
tmp\mosaic-25.2\logs\log-20260602-172233-MaGaCellStudy\bandwidthMeasurements\ALL#ALL#ALL#Up.csv,UPLINK,44,region_north_normal,0,UNRESOLVED
tmp\mosaic-25.2\logs\log-20260602-172233-MaGaCellStudy\bandwidthMeasurements\ALL#ALL#ALL#Up.csv,UPLINK,45,globalNetwork,0,UNRESOLVED
tmp\mosaic-25.2\logs\log-20260602-172233-MaGaCellStudy\bandwidthMeasurements\ALL#ALL#ALL#Up.csv,UPLINK,45,region_central_degraded,0,UNRESOLVED
tmp\mosaic-25.2\logs\log-20260602-172233-MaGaCellStudy\bandwidthMeasurements\ALL#ALL#ALL#Up.csv,UPLINK,45,region_north_normal,0,UNRESOLVED
tmp\mosaic-25.2\logs\log-20260602-172233-MaGaCellStudy\bandwidthMeasurements\ALL#ALL#ALL#Up.csv,UPLINK,46,globalNetwork,0,UNRESOLVED
tmp\mosaic-25.2\logs\log-20260602-172233-MaGaCellStudy\bandwidthMeasurements\ALL#ALL#ALL#Up.csv,UPLINK,46,region_central_degraded,0,UNRESOLVED
tmp\mosaic-25.2\logs\log-20260602-172233-MaGaCellStudy\bandwidthMeasurements\ALL#ALL#ALL#Up.csv,UPLINK,46,region_north_normal,0,UNRESOLVED
tmp\mosaic-25.2\logs\log-20260602-172233-MaGaCellStudy\bandwidthMeasurements\ALL#ALL#ALL#Up.csv,UPLINK,47,globalNetwork,0,UNRESOLVED
tmp\mosaic-25.2\logs\log-20260602-172233-MaGaCellStudy\bandwidthMeasurements\ALL#ALL#ALL#Up.csv,UPLINK,47,region_central_degraded,0,UNRESOLVED
tmp\mosaic-25.2\logs\log-20260602-172233-MaGaCellStudy\bandwidthMeasurements\ALL#ALL#ALL#Up.csv,UPLINK,47,region_north_normal,0,UNRESOLVED
tmp\mosaic-25.2\logs\log-20260602-172233-MaGaCellStudy\bandwidthMeasurements\ALL#ALL#ALL#Up.csv,UPLINK,48,globalNetwork,0,UNRESOLVED
tmp\mosaic-25.2\logs\log-20260602-172233-MaGaCellStudy\bandwidthMeasurements\ALL#ALL#ALL#Up.csv,UPLINK,48,region_central_degraded,0,UNRESOLVED
tmp\mosaic-25.2\logs\log-20260602-172233-MaGaCellStudy\bandwidthMeasurements\ALL#ALL#ALL#Up.csv,UPLINK,48,region_north_normal,0,UNRESOLVED
tmp\mosaic-25.2\logs\log-20260602-172233-MaGaCellStudy\bandwidthMeasurements\ALL#ALL#ALL#Up.csv,UPLINK,49,globalNetwork,0,UNRESOLVED
tmp\mosaic-25.2\logs\log-20260602-172233-MaGaCellStudy\bandwidthMeasurements\ALL#ALL#ALL#Up.csv,UPLINK,49,region_central_degraded,0,UNRESOLVED
tmp\mosaic-25.2\logs\log-20260602-172233-MaGaCellStudy\bandwidthMeasurements\ALL#ALL#ALL#Up.csv,UPLINK,49,region_north_normal,0,UNRESOLVED
tmp\mosaic-25.2\logs\log-20260602-172233-MaGaCellStudy\bandwidthMeasurements\ALL#ALL#ALL#Up.csv,UPLINK,50,globalNetwork,0,UNRESOLVED
tmp\mosaic-25.2\logs\log-20260602-172233-MaGaCellStudy\bandwidthMeasurements\ALL#ALL#ALL#Up.csv,UPLINK,50,region_central_degraded,0,UNRESOLVED
tmp\mosaic-25.2\logs\log-20260602-172233-MaGaCellStudy\bandwidthMeasurements\ALL#ALL#ALL#Up.csv,UPLINK,50,region_north_normal,0,UNRESOLVED
tmp\mosaic-25.2\logs\log-20260602-172233-MaGaCellStudy\bandwidthMeasurements\ALL#ALL#ALL#Up.csv,UPLINK,51,globalNetwork,0,UNRESOLVED
tmp\mosaic-25.2\logs\log-20260602-172233-MaGaCellStudy\bandwidthMeasurements\ALL#ALL#ALL#Up.csv,UPLINK,51,region_central_degraded,0,UNRESOLVED
tmp\mosaic-25.2\logs\log-20260602-172233-MaGaCellStudy\bandwidthMeasurements\ALL#ALL#ALL#Up.csv,UPLINK,51,region_north_normal,0,UNRESOLVED
tmp\mosaic-25.2\logs\log-20260602-172233-MaGaCellStudy\bandwidthMeasurements\ALL#ALL#ALL#Up.csv,UPLINK,52,globalNetwork,0,UNRESOLVED
tmp\mosaic-25.2\logs\log-20260602-172233-MaGaCellStudy\bandwidthMeasurements\ALL#ALL#ALL#Up.csv,UPLINK,52,region_central_degraded,0,UNRESOLVED
tmp\mosaic-25.2\logs\log-20260602-172233-MaGaCellStudy\bandwidthMeasurements\ALL#ALL#ALL#Up.csv,UPLINK,52,region_north_normal,0,UNRESOLVED
tmp\mosaic-25.2\logs\log-20260602-172233-MaGaCellStudy\bandwidthMeasurements\ALL#ALL#ALL#Up.csv,UPLINK,53,globalNetwork,0,UNRESOLVED
tmp\mosaic-25.2\logs\log-20260602-172233-MaGaCellStudy\bandwidthMeasurements\ALL#ALL#ALL#Up.csv,UPLINK,53,region_central_degraded,0,UNRESOLVED
tmp\mosaic-25.2\logs\log-20260602-172233-MaGaCellStudy\bandwidthMeasurements\ALL#ALL#ALL#Up.csv,UPLINK,53,region_north_normal,0,UNRESOLVED
tmp\mosaic-25.2\logs\log-20260602-172233-MaGaCellStudy\bandwidthMeasurements\ALL#ALL#ALL#Up.csv,UPLINK,54,globalNetwork,0,UNRESOLVED
tmp\mosaic-25.2\logs\log-20260602-172233-MaGaCellStudy\bandwidthMeasurements\ALL#ALL#ALL#Up.csv,UPLINK,54,region_central_degraded,0,UNRESOLVED
tmp\mosaic-25.2\logs\log-20260602-172233-MaGaCellStudy\bandwidthMeasurements\ALL#ALL#ALL#Up.csv,UPLINK,54,region_north_normal,0,UNRESOLVED
tmp\mosaic-25.2\logs\log-20260602-172233-MaGaCellStudy\bandwidthMeasurements\ALL#ALL#ALL#Up.csv,UPLINK,55,globalNetwork,0,UNRESOLVED
tmp\mosaic-25.2\logs\log-20260602-172233-MaGaCellStudy\bandwidthMeasurements\ALL#ALL#ALL#Up.csv,UPLINK,55,region_central_degraded,0,UNRESOLVED
tmp\mosaic-25.2\logs\log-20260602-172233-MaGaCellStudy\bandwidthMeasurements\ALL#ALL#ALL#Up.csv,UPLINK,55,region_north_normal,0,UNRESOLVED
tmp\mosaic-25.2\logs\log-20260602-172233-MaGaCellStudy\bandwidthMeasurements\ALL#ALL#ALL#Up.csv,UPLINK,56,globalNetwork,0,UNRESOLVED
tmp\mosaic-25.2\logs\log-20260602-172233-MaGaCellStudy\bandwidthMeasurements\ALL#ALL#ALL#Up.csv,UPLINK,56,region_central_degraded,0,UNRESOLVED
tmp\mosaic-25.2\logs\log-20260602-172233-MaGaCellStudy\bandwidthMeasurements\ALL#ALL#ALL#Up.csv,UPLINK,56,region_north_normal,0,UNRESOLVED
tmp\mosaic-25.2\logs\log-20260602-172233-MaGaCellStudy\bandwidthMeasurements\ALL#ALL#ALL#Up.csv,UPLINK,57,globalNetwork,0,UNRESOLVED
tmp\mosaic-25.2\logs\log-20260602-172233-MaGaCellStudy\bandwidthMeasurements\ALL#ALL#ALL#Up.csv,UPLINK,57,region_central_degraded,0,UNRESOLVED
tmp\mosaic-25.2\logs\log-20260602-172233-MaGaCellStudy\bandwidthMeasurements\ALL#ALL#ALL#Up.csv,UPLINK,57,region_north_normal,0,UNRESOLVED
tmp\mosaic-25.2\logs\log-20260602-172233-MaGaCellStudy\bandwidthMeasurements\ALL#ALL#ALL#Up.csv,UPLINK,58,globalNetwork,0,UNRESOLVED
tmp\mosaic-25.2\logs\log-20260602-172233-MaGaCellStudy\bandwidthMeasurements\ALL#ALL#ALL#Up.csv,UPLINK,58,region_central_degraded,0,UNRESOLVED
tmp\mosaic-25.2\logs\log-20260602-172233-MaGaCellStudy\bandwidthMeasurements\ALL#ALL#ALL#Up.csv,UPLINK,58,region_north_normal,0,UNRESOLVED
tmp\mosaic-25.2\logs\log-20260602-172233-MaGaCellStudy\bandwidthMeasurements\ALL#ALL#ALL#Up.csv,UPLINK,59,globalNetwork,0,UNRESOLVED
tmp\mosaic-25.2\logs\log-20260602-172233-MaGaCellStudy\bandwidthMeasurements\ALL#ALL#ALL#Up.csv,UPLINK,59,region_central_degraded,0,UNRESOLVED
tmp\mosaic-25.2\logs\log-20260602-172233-MaGaCellStudy\bandwidthMeasurements\ALL#ALL#ALL#Up.csv,UPLINK,59,region_north_normal,0,UNRESOLVED
tmp\mosaic-25.2\logs\log-20260602-172233-MaGaCellStudy\bandwidthMeasurements\ALL#ALL#ALL#Up.csv,UPLINK,60,globalNetwork,0,UNRESOLVED
tmp\mosaic-25.2\logs\log-20260602-172233-MaGaCellStudy\bandwidthMeasurements\ALL#ALL#ALL#Up.csv,UPLINK,60,region_central_degraded,0,UNRESOLVED
tmp\mosaic-25.2\logs\log-20260602-172233-MaGaCellStudy\bandwidthMeasurements\ALL#ALL#ALL#Up.csv,UPLINK,60,region_north_normal,0,UNRESOLVED
tmp\mosaic-25.2\logs\log-20260602-172233-MaGaCellStudy\bandwidthMeasurements\ALL#ALL#ALL#Up.csv,UPLINK,61,globalNetwork,0,UNRESOLVED
tmp\mosaic-25.2\logs\log-20260602-172233-MaGaCellStudy\bandwidthMeasurements\ALL#ALL#ALL#Up.csv,UPLINK,61,region_central_degraded,0,UNRESOLVED
tmp\mosaic-25.2\logs\log-20260602-172233-MaGaCellStudy\bandwidthMeasurements\ALL#ALL#ALL#Up.csv,UPLINK,61,region_north_normal,0,UNRESOLVED
tmp\mosaic-25.2\logs\log-20260602-172233-MaGaCellStudy\bandwidthMeasurements\ALL#ALL#ALL#Up.csv,UPLINK,62,globalNetwork,0,UNRESOLVED
tmp\mosaic-25.2\logs\log-20260602-172233-MaGaCellStudy\bandwidthMeasurements\ALL#ALL#ALL#Up.csv,UPLINK,62,region_central_degraded,0,UNRESOLVED
tmp\mosaic-25.2\logs\log-20260602-172233-MaGaCellStudy\bandwidthMeasurements\ALL#ALL#ALL#Up.csv,UPLINK,62,region_north_normal,0,UNRESOLVED
tmp\mosaic-25.2\logs\log-20260602-172233-MaGaCellStudy\bandwidthMeasurements\ALL#ALL#ALL#Up.csv,UPLINK,63,globalNetwork,0,UNRESOLVED
tmp\mosaic-25.2\logs\log-20260602-172233-MaGaCellStudy\bandwidthMeasurements\ALL#ALL#ALL#Up.csv,UPLINK,63,region_central_degraded,0,UNRESOLVED
tmp\mosaic-25.2\logs\log-20260602-172233-MaGaCellStudy\bandwidthMeasurements\ALL#ALL#ALL#Up.csv,UPLINK,63,region_north_normal,0,UNRESOLVED
tmp\mosaic-25.2\logs\log-20260602-172233-MaGaCellStudy\bandwidthMeasurements\ALL#ALL#ALL#Up.csv,UPLINK,64,globalNetwork,0,UNRESOLVED
tmp\mosaic-25.2\logs\log-20260602-172233-MaGaCellStudy\bandwidthMeasurements\ALL#ALL#ALL#Up.csv,UPLINK,64,region_central_degraded,0,UNRESOLVED
tmp\mosaic-25.2\logs\log-20260602-172233-MaGaCellStudy\bandwidthMeasurements\ALL#ALL#ALL#Up.csv,UPLINK,64,region_north_normal,0,UNRESOLVED
tmp\mosaic-25.2\logs\log-20260602-172233-MaGaCellStudy\bandwidthMeasurements\ALL#ALL#ALL#Up.csv,UPLINK,65,globalNetwork,0,UNRESOLVED
tmp\mosaic-25.2\logs\log-20260602-172233-MaGaCellStudy\bandwidthMeasurements\ALL#ALL#ALL#Up.csv,UPLINK,65,region_central_degraded,0,UNRESOLVED
tmp\mosaic-25.2\logs\log-20260602-172233-MaGaCellStudy\bandwidthMeasurements\ALL#ALL#ALL#Up.csv,UPLINK,65,region_north_normal,0,UNRESOLVED
tmp\mosaic-25.2\logs\log-20260602-172233-MaGaCellStudy\bandwidthMeasurements\ALL#ALL#ALL#Up.csv,UPLINK,66,globalNetwork,0,UNRESOLVED
tmp\mosaic-25.2\logs\log-20260602-172233-MaGaCellStudy\bandwidthMeasurements\ALL#ALL#ALL#Up.csv,UPLINK,66,region_central_degraded,0,UNRESOLVED
tmp\mosaic-25.2\logs\log-20260602-172233-MaGaCellStudy\bandwidthMeasurements\ALL#ALL#ALL#Up.csv,UPLINK,66,region_north_normal,0,UNRESOLVED
tmp\mosaic-25.2\logs\log-20260602-172233-MaGaCellStudy\bandwidthMeasurements\ALL#ALL#ALL#Up.csv,UPLINK,67,globalNetwork,0,UNRESOLVED
tmp\mosaic-25.2\logs\log-20260602-172233-MaGaCellStudy\bandwidthMeasurements\ALL#ALL#ALL#Up.csv,UPLINK,67,region_central_degraded,0,UNRESOLVED
tmp\mosaic-25.2\logs\log-20260602-172233-MaGaCellStudy\bandwidthMeasurements\ALL#ALL#ALL#Up.csv,UPLINK,67,region_north_normal,0,UNRESOLVED
tmp\mosaic-25.2\logs\log-20260602-172233-MaGaCellStudy\bandwidthMeasurements\ALL#ALL#ALL#Up.csv,UPLINK,68,globalNetwork,0,UNRESOLVED
tmp\mosaic-25.2\logs\log-20260602-172233-MaGaCellStudy\bandwidthMeasurements\ALL#ALL#ALL#Up.csv,UPLINK,68,region_central_degraded,0,UNRESOLVED
tmp\mosaic-25.2\logs\log-20260602-172233-MaGaCellStudy\bandwidthMeasurements\ALL#ALL#ALL#Up.csv,UPLINK,68,region_north_normal,0,UNRESOLVED
tmp\mosaic-25.2\logs\log-20260602-172233-MaGaCellStudy\bandwidthMeasurements\ALL#ALL#ALL#Up.csv,UPLINK,69,globalNetwork,0,UNRESOLVED
tmp\mosaic-25.2\logs\log-20260602-172233-MaGaCellStudy\bandwidthMeasurements\ALL#ALL#ALL#Up.csv,UPLINK,69,region_central_degraded,0,UNRESOLVED
tmp\mosaic-25.2\logs\log-20260602-172233-MaGaCellStudy\bandwidthMeasurements\ALL#ALL#ALL#Up.csv,UPLINK,69,region_north_normal,0,UNRESOLVED
tmp\mosaic-25.2\logs\log-20260602-172233-MaGaCellStudy\bandwidthMeasurements\ALL#ALL#ALL#Up.csv,UPLINK,70,globalNetwork,0,UNRESOLVED
tmp\mosaic-25.2\logs\log-20260602-172233-MaGaCellStudy\bandwidthMeasurements\ALL#ALL#ALL#Up.csv,UPLINK,70,region_central_degraded,0,UNRESOLVED
tmp\mosaic-25.2\logs\log-20260602-172233-MaGaCellStudy\bandwidthMeasurements\ALL#ALL#ALL#Up.csv,UPLINK,70,region_north_normal,0,UNRESOLVED
tmp\mosaic-25.2\logs\log-20260602-172233-MaGaCellStudy\bandwidthMeasurements\ALL#ALL#ALL#Up.csv,UPLINK,71,globalNetwork,0,UNRESOLVED
tmp\mosaic-25.2\logs\log-20260602-172233-MaGaCellStudy\bandwidthMeasurements\ALL#ALL#ALL#Up.csv,UPLINK,71,region_central_degraded,0,UNRESOLVED
tmp\mosaic-25.2\logs\log-20260602-172233-MaGaCellStudy\bandwidthMeasurements\ALL#ALL#ALL#Up.csv,UPLINK,71,region_north_normal,0,UNRESOLVED
tmp\mosaic-25.2\logs\log-20260602-172233-MaGaCellStudy\bandwidthMeasurements\ALL#ALL#ALL#Up.csv,UPLINK,72,globalNetwork,0,UNRESOLVED
tmp\mosaic-25.2\logs\log-20260602-172233-MaGaCellStudy\bandwidthMeasurements\ALL#ALL#ALL#Up.csv,UPLINK,72,region_central_degraded,0,UNRESOLVED
tmp\mosaic-25.2\logs\log-20260602-172233-MaGaCellStudy\bandwidthMeasurements\ALL#ALL#ALL#Up.csv,UPLINK,72,region_north_normal,0,UNRESOLVED
tmp\mosaic-25.2\logs\log-20260602-172233-MaGaCellStudy\bandwidthMeasurements\ALL#ALL#ALL#Up.csv,UPLINK,73,globalNetwork,0,UNRESOLVED
tmp\mosaic-25.2\logs\log-20260602-172233-MaGaCellStudy\bandwidthMeasurements\ALL#ALL#ALL#Up.csv,UPLINK,73,region_central_degraded,0,UNRESOLVED
tmp\mosaic-25.2\logs\log-20260602-172233-MaGaCellStudy\bandwidthMeasurements\ALL#ALL#ALL#Up.csv,UPLINK,73,region_north_normal,0,UNRESOLVED
tmp\mosaic-25.2\logs\log-20260602-172233-MaGaCellStudy\bandwidthMeasurements\ALL#ALL#ALL#Up.csv,UPLINK,74,globalNetwork,0,UNRESOLVED
tmp\mosaic-25.2\logs\log-20260602-172233-MaGaCellStudy\bandwidthMeasurements\ALL#ALL#ALL#Up.csv,UPLINK,74,region_central_degraded,0,UNRESOLVED
tmp\mosaic-25.2\logs\log-20260602-172233-MaGaCellStudy\bandwidthMeasurements\ALL#ALL#ALL#Up.csv,UPLINK,74,region_north_normal,0,UNRESOLVED
tmp\mosaic-25.2\logs\log-20260602-172233-MaGaCellStudy\bandwidthMeasurements\ALL#ALL#ALL#Up.csv,UPLINK,75,globalNetwork,0,UNRESOLVED
tmp\mosaic-25.2\logs\log-20260602-172233-MaGaCellStudy\bandwidthMeasurements\ALL#ALL#ALL#Up.csv,UPLINK,75,region_central_degraded,0,UNRESOLVED
tmp\mosaic-25.2\logs\log-20260602-172233-MaGaCellStudy\bandwidthMeasurements\ALL#ALL#ALL#Up.csv,UPLINK,75,region_north_normal,0,UNRESOLVED
tmp\mosaic-25.2\logs\log-20260602-172233-MaGaCellStudy\bandwidthMeasurements\ALL#ALL#ALL#Up.csv,UPLINK,76,globalNetwork,0,UNRESOLVED
tmp\mosaic-25.2\logs\log-20260602-172233-MaGaCellStudy\bandwidthMeasurements\ALL#ALL#ALL#Up.csv,UPLINK,76,region_central_degraded,0,UNRESOLVED
tmp\mosaic-25.2\logs\log-20260602-172233-MaGaCellStudy\bandwidthMeasurements\ALL#ALL#ALL#Up.csv,UPLINK,76,region_north_normal,0,UNRESOLVED
tmp\mosaic-25.2\logs\log-20260602-172233-MaGaCellStudy\bandwidthMeasurements\ALL#ALL#ALL#Up.csv,UPLINK,77,globalNetwork,0,UNRESOLVED
tmp\mosaic-25.2\logs\log-20260602-172233-MaGaCellStudy\bandwidthMeasurements\ALL#ALL#ALL#Up.csv,UPLINK,77,region_central_degraded,0,UNRESOLVED
tmp\mosaic-25.2\logs\log-20260602-172233-MaGaCellStudy\bandwidthMeasurements\ALL#ALL#ALL#Up.csv,UPLINK,77,region_north_normal,0,UNRESOLVED
tmp\mosaic-25.2\logs\log-20260602-172233-MaGaCellStudy\bandwidthMeasurements\ALL#ALL#ALL#Up.csv,UPLINK,78,globalNetwork,0,UNRESOLVED
tmp\mosaic-25.2\logs\log-20260602-172233-MaGaCellStudy\bandwidthMeasurements\ALL#ALL#ALL#Up.csv,UPLINK,78,region_central_degraded,0,UNRESOLVED
tmp\mosaic-25.2\logs\log-20260602-172233-MaGaCellStudy\bandwidthMeasurements\ALL#ALL#ALL#Up.csv,UPLINK,78,region_north_normal,0,UNRESOLVED
tmp\mosaic-25.2\logs\log-20260602-172233-MaGaCellStudy\bandwidthMeasurements\ALL#ALL#ALL#Up.csv,UPLINK,79,globalNetwork,0,UNRESOLVED
tmp\mosaic-25.2\logs\log-20260602-172233-MaGaCellStudy\bandwidthMeasurements\ALL#ALL#ALL#Up.csv,UPLINK,79,region_central_degraded,0,UNRESOLVED
tmp\mosaic-25.2\logs\log-20260602-172233-MaGaCellStudy\bandwidthMeasurements\ALL#ALL#ALL#Up.csv,UPLINK,79,region_north_normal,0,UNRESOLVED
tmp\mosaic-25.2\logs\log-20260602-172233-MaGaCellStudy\bandwidthMeasurements\ALL#ALL#ALL#Up.csv,UPLINK,80,globalNetwork,0,UNRESOLVED
tmp\mosaic-25.2\logs\log-20260602-172233-MaGaCellStudy\bandwidthMeasurements\ALL#ALL#ALL#Up.csv,UPLINK,80,region_central_degraded,0,UNRESOLVED
tmp\mosaic-25.2\logs\log-20260602-172233-MaGaCellStudy\bandwidthMeasurements\ALL#ALL#ALL#Up.csv,UPLINK,80,region_north_normal,0,UNRESOLVED
tmp\mosaic-25.2\logs\log-20260602-172233-MaGaCellStudy\bandwidthMeasurements\ALL#ALL#ALL#Up.csv,UPLINK,81,globalNetwork,0,UNRESOLVED
tmp\mosaic-25.2\logs\log-20260602-172233-MaGaCellStudy\bandwidthMeasurements\ALL#ALL#ALL#Up.csv,UPLINK,81,region_central_degraded,0,UNRESOLVED
tmp\mosaic-25.2\logs\log-20260602-172233-MaGaCellStudy\bandwidthMeasurements\ALL#ALL#ALL#Up.csv,UPLINK,81,region_north_normal,0,UNRESOLVED
tmp\mosaic-25.2\logs\log-20260602-172233-MaGaCellStudy\bandwidthMeasurements\ALL#ALL#ALL#Up.csv,UPLINK,82,globalNetwork,0,UNRESOLVED
tmp\mosaic-25.2\logs\log-20260602-172233-MaGaCellStudy\bandwidthMeasurements\ALL#ALL#ALL#Up.csv,UPLINK,82,region_central_degraded,0,UNRESOLVED
tmp\mosaic-25.2\logs\log-20260602-172233-MaGaCellStudy\bandwidthMeasurements\ALL#ALL#ALL#Up.csv,UPLINK,82,region_north_normal,0,UNRESOLVED
tmp\mosaic-25.2\logs\log-20260602-172233-MaGaCellStudy\bandwidthMeasurements\ALL#ALL#ALL#Up.csv,UPLINK,83,globalNetwork,0,UNRESOLVED
tmp\mosaic-25.2\logs\log-20260602-172233-MaGaCellStudy\bandwidthMeasurements\ALL#ALL#ALL#Up.csv,UPLINK,83,region_central_degraded,0,UNRESOLVED
tmp\mosaic-25.2\logs\log-20260602-172233-MaGaCellStudy\bandwidthMeasurements\ALL#ALL#ALL#Up.csv,UPLINK,83,region_north_normal,0,UNRESOLVED
tmp\mosaic-25.2\logs\log-20260602-172233-MaGaCellStudy\bandwidthMeasurements\ALL#ALL#ALL#Up.csv,UPLINK,84,globalNetwork,0,UNRESOLVED
tmp\mosaic-25.2\logs\log-20260602-172233-MaGaCellStudy\bandwidthMeasurements\ALL#ALL#ALL#Up.csv,UPLINK,84,region_central_degraded,0,UNRESOLVED
tmp\mosaic-25.2\logs\log-20260602-172233-MaGaCellStudy\bandwidthMeasurements\ALL#ALL#ALL#Up.csv,UPLINK,84,region_north_normal,0,UNRESOLVED
tmp\mosaic-25.2\logs\log-20260602-172233-MaGaCellStudy\bandwidthMeasurements\ALL#ALL#ALL#Up.csv,UPLINK,85,globalNetwork,0,UNRESOLVED
tmp\mosaic-25.2\logs\log-20260602-172233-MaGaCellStudy\bandwidthMeasurements\ALL#ALL#ALL#Up.csv,UPLINK,85,region_central_degraded,0,UNRESOLVED
tmp\mosaic-25.2\logs\log-20260602-172233-MaGaCellStudy\bandwidthMeasurements\ALL#ALL#ALL#Up.csv,UPLINK,85,region_north_normal,0,UNRESOLVED
tmp\mosaic-25.2\logs\log-20260602-172233-MaGaCellStudy\bandwidthMeasurements\ALL#ALL#ALL#Up.csv,UPLINK,86,globalNetwork,0,UNRESOLVED
tmp\mosaic-25.2\logs\log-20260602-172233-MaGaCellStudy\bandwidthMeasurements\ALL#ALL#ALL#Up.csv,UPLINK,86,region_central_degraded,0,UNRESOLVED
tmp\mosaic-25.2\logs\log-20260602-172233-MaGaCellStudy\bandwidthMeasurements\ALL#ALL#ALL#Up.csv,UPLINK,86,region_north_normal,0,UNRESOLVED
tmp\mosaic-25.2\logs\log-20260602-172233-MaGaCellStudy\bandwidthMeasurements\ALL#ALL#ALL#Up.csv,UPLINK,87,globalNetwork,0,UNRESOLVED
tmp\mosaic-25.2\logs\log-20260602-172233-MaGaCellStudy\bandwidthMeasurements\ALL#ALL#ALL#Up.csv,UPLINK,87,region_central_degraded,0,UNRESOLVED
tmp\mosaic-25.2\logs\log-20260602-172233-MaGaCellStudy\bandwidthMeasurements\ALL#ALL#ALL#Up.csv,UPLINK,87,region_north_normal,9840,UNRESOLVED
tmp\mosaic-25.2\logs\log-20260602-172233-MaGaCellStudy\bandwidthMeasurements\ALL#ALL#ALL#Up.csv,UPLINK,88,globalNetwork,0,UNRESOLVED
tmp\mosaic-25.2\logs\log-20260602-172233-MaGaCellStudy\bandwidthMeasurements\ALL#ALL#ALL#Up.csv,UPLINK,88,region_central_degraded,0,UNRESOLVED
tmp\mosaic-25.2\logs\log-20260602-172233-MaGaCellStudy\bandwidthMeasurements\ALL#ALL#ALL#Up.csv,UPLINK,88,region_north_normal,9840,UNRESOLVED
tmp\mosaic-25.2\logs\log-20260602-172233-MaGaCellStudy\bandwidthMeasurements\ALL#ALL#ALL#Up.csv,UPLINK,89,globalNetwork,0,UNRESOLVED
tmp\mosaic-25.2\logs\log-20260602-172233-MaGaCellStudy\bandwidthMeasurements\ALL#ALL#ALL#Up.csv,UPLINK,89,region_central_degraded,0,UNRESOLVED
tmp\mosaic-25.2\logs\log-20260602-172233-MaGaCellStudy\bandwidthMeasurements\ALL#ALL#ALL#Up.csv,UPLINK,89,region_north_normal,9840,UNRESOLVED
tmp\mosaic-25.2\logs\log-20260602-172233-MaGaCellStudy\bandwidthMeasurements\ALL#ALL#ALL#Up.csv,UPLINK,90,globalNetwork,0,UNRESOLVED
tmp\mosaic-25.2\logs\log-20260602-172233-MaGaCellStudy\bandwidthMeasurements\ALL#ALL#ALL#Up.csv,UPLINK,90,region_central_degraded,9840,UNRESOLVED
tmp\mosaic-25.2\logs\log-20260602-172233-MaGaCellStudy\bandwidthMeasurements\ALL#ALL#ALL#Up.csv,UPLINK,90,region_north_normal,0,UNRESOLVED
tmp\mosaic-25.2\logs\log-20260602-172233-MaGaCellStudy\bandwidthMeasurements\ALL#ALL#ALL#Up.csv,UPLINK,91,globalNetwork,0,UNRESOLVED
tmp\mosaic-25.2\logs\log-20260602-172233-MaGaCellStudy\bandwidthMeasurements\ALL#ALL#ALL#Up.csv,UPLINK,91,region_central_degraded,0,UNRESOLVED
tmp\mosaic-25.2\logs\log-20260602-172233-MaGaCellStudy\bandwidthMeasurements\ALL#ALL#ALL#Up.csv,UPLINK,91,region_north_normal,0,UNRESOLVED
tmp\mosaic-25.2\logs\log-20260602-172233-MaGaCellStudy\bandwidthMeasurements\ALL#ALL#ALL#Up.csv,UPLINK,92,globalNetwork,0,UNRESOLVED
tmp\mosaic-25.2\logs\log-20260602-172233-MaGaCellStudy\bandwidthMeasurements\ALL#ALL#ALL#Up.csv,UPLINK,92,region_central_degraded,9840,UNRESOLVED
tmp\mosaic-25.2\logs\log-20260602-172233-MaGaCellStudy\bandwidthMeasurements\ALL#ALL#ALL#Up.csv,UPLINK,92,region_north_normal,0,UNRESOLVED
tmp\mosaic-25.2\logs\log-20260602-172233-MaGaCellStudy\bandwidthMeasurements\ALL#ALL#ALL#Up.csv,UPLINK,93,globalNetwork,0,UNRESOLVED
tmp\mosaic-25.2\logs\log-20260602-172233-MaGaCellStudy\bandwidthMeasurements\ALL#ALL#ALL#Up.csv,UPLINK,93,region_central_degraded,9840,UNRESOLVED
tmp\mosaic-25.2\logs\log-20260602-172233-MaGaCellStudy\bandwidthMeasurements\ALL#ALL#ALL#Up.csv,UPLINK,93,region_north_normal,0,UNRESOLVED
tmp\mosaic-25.2\logs\log-20260602-172233-MaGaCellStudy\bandwidthMeasurements\ALL#ALL#ALL#Up.csv,UPLINK,94,globalNetwork,0,UNRESOLVED
tmp\mosaic-25.2\logs\log-20260602-172233-MaGaCellStudy\bandwidthMeasurements\ALL#ALL#ALL#Up.csv,UPLINK,94,region_central_degraded,9840,UNRESOLVED
tmp\mosaic-25.2\logs\log-20260602-172233-MaGaCellStudy\bandwidthMeasurements\ALL#ALL#ALL#Up.csv,UPLINK,94,region_north_normal,0,UNRESOLVED
tmp\mosaic-25.2\logs\log-20260602-172233-MaGaCellStudy\bandwidthMeasurements\ALL#ALL#ALL#Up.csv,UPLINK,95,globalNetwork,0,UNRESOLVED
tmp\mosaic-25.2\logs\log-20260602-172233-MaGaCellStudy\bandwidthMeasurements\ALL#ALL#ALL#Up.csv,UPLINK,95,region_central_degraded,9840,UNRESOLVED
tmp\mosaic-25.2\logs\log-20260602-172233-MaGaCellStudy\bandwidthMeasurements\ALL#ALL#ALL#Up.csv,UPLINK,95,region_north_normal,0,UNRESOLVED
tmp\mosaic-25.2\logs\log-20260602-172233-MaGaCellStudy\bandwidthMeasurements\ALL#ALL#ALL#Up.csv,UPLINK,96,globalNetwork,0,UNRESOLVED
tmp\mosaic-25.2\logs\log-20260602-172233-MaGaCellStudy\bandwidthMeasurements\ALL#ALL#ALL#Up.csv,UPLINK,96,region_central_degraded,9840,UNRESOLVED
tmp\mosaic-25.2\logs\log-20260602-172233-MaGaCellStudy\bandwidthMeasurements\ALL#ALL#ALL#Up.csv,UPLINK,96,region_north_normal,0,UNRESOLVED
tmp\mosaic-25.2\logs\log-20260602-172233-MaGaCellStudy\bandwidthMeasurements\ALL#ALL#ALL#Up.csv,UPLINK,97,globalNetwork,0,UNRESOLVED
tmp\mosaic-25.2\logs\log-20260602-172233-MaGaCellStudy\bandwidthMeasurements\ALL#ALL#ALL#Up.csv,UPLINK,97,region_central_degraded,9840,UNRESOLVED
tmp\mosaic-25.2\logs\log-20260602-172233-MaGaCellStudy\bandwidthMeasurements\ALL#ALL#ALL#Up.csv,UPLINK,97,region_north_normal,0,UNRESOLVED
tmp\mosaic-25.2\logs\log-20260602-172233-MaGaCellStudy\bandwidthMeasurements\ALL#ALL#ALL#Up.csv,UPLINK,98,globalNetwork,0,UNRESOLVED
tmp\mosaic-25.2\logs\log-20260602-172233-MaGaCellStudy\bandwidthMeasurements\ALL#ALL#ALL#Up.csv,UPLINK,98,region_central_degraded,9840,UNRESOLVED
tmp\mosaic-25.2\logs\log-20260602-172233-MaGaCellStudy\bandwidthMeasurements\ALL#ALL#ALL#Up.csv,UPLINK,98,region_north_normal,0,UNRESOLVED
tmp\mosaic-25.2\logs\log-20260602-172233-MaGaCellStudy\bandwidthMeasurements\ALL#ALL#ALL#Up.csv,UPLINK,99,globalNetwork,0,UNRESOLVED
tmp\mosaic-25.2\logs\log-20260602-172233-MaGaCellStudy\bandwidthMeasurements\ALL#ALL#ALL#Up.csv,UPLINK,99,region_central_degraded,9840,UNRESOLVED
tmp\mosaic-25.2\logs\log-20260602-172233-MaGaCellStudy\bandwidthMeasurements\ALL#ALL#ALL#Up.csv,UPLINK,99,region_north_normal,0,UNRESOLVED
tmp\mosaic-25.2\logs\log-20260602-172233-MaGaCellStudy\bandwidthMeasurements\ALL#ALL#ALL#Up.csv,UPLINK,100,globalNetwork,0,UNRESOLVED
tmp\mosaic-25.2\logs\log-20260602-172233-MaGaCellStudy\bandwidthMeasurements\ALL#ALL#ALL#Up.csv,UPLINK,100,region_central_degraded,0,UNRESOLVED
tmp\mosaic-25.2\logs\log-20260602-172233-MaGaCellStudy\bandwidthMeasurements\ALL#ALL#ALL#Up.csv,UPLINK,100,region_north_normal,0,UNRESOLVED
tmp\mosaic-25.2\logs\log-20260602-172233-MaGaCellStudy\bandwidthMeasurements\ALL#ALL#ALL#Up.csv,UPLINK,101,globalNetwork,0,UNRESOLVED
tmp\mosaic-25.2\logs\log-20260602-172233-MaGaCellStudy\bandwidthMeasurements\ALL#ALL#ALL#Up.csv,UPLINK,101,region_central_degraded,0,UNRESOLVED
tmp\mosaic-25.2\logs\log-20260602-172233-MaGaCellStudy\bandwidthMeasurements\ALL#ALL#ALL#Up.csv,UPLINK,101,region_north_normal,0,UNRESOLVED
tmp\mosaic-25.2\logs\log-20260602-172233-MaGaCellStudy\bandwidthMeasurements\ALL#ALL#ALL#Up.csv,UPLINK,102,globalNetwork,0,UNRESOLVED
tmp\mosaic-25.2\logs\log-20260602-172233-MaGaCellStudy\bandwidthMeasurements\ALL#ALL#ALL#Up.csv,UPLINK,102,region_central_degraded,9840,UNRESOLVED
tmp\mosaic-25.2\logs\log-20260602-172233-MaGaCellStudy\bandwidthMeasurements\ALL#ALL#ALL#Up.csv,UPLINK,102,region_north_normal,0,UNRESOLVED
tmp\mosaic-25.2\logs\log-20260602-172233-MaGaCellStudy\bandwidthMeasurements\ALL#ALL#ALL#Up.csv,UPLINK,103,globalNetwork,0,UNRESOLVED
tmp\mosaic-25.2\logs\log-20260602-172233-MaGaCellStudy\bandwidthMeasurements\ALL#ALL#ALL#Up.csv,UPLINK,103,region_central_degraded,9840,UNRESOLVED
tmp\mosaic-25.2\logs\log-20260602-172233-MaGaCellStudy\bandwidthMeasurements\ALL#ALL#ALL#Up.csv,UPLINK,103,region_north_normal,0,UNRESOLVED
tmp\mosaic-25.2\logs\log-20260602-172233-MaGaCellStudy\bandwidthMeasurements\ALL#ALL#ALL#Up.csv,UPLINK,104,globalNetwork,0,UNRESOLVED
tmp\mosaic-25.2\logs\log-20260602-172233-MaGaCellStudy\bandwidthMeasurements\ALL#ALL#ALL#Up.csv,UPLINK,104,region_central_degraded,9840,UNRESOLVED
tmp\mosaic-25.2\logs\log-20260602-172233-MaGaCellStudy\bandwidthMeasurements\ALL#ALL#ALL#Up.csv,UPLINK,104,region_north_normal,0,UNRESOLVED
tmp\mosaic-25.2\logs\log-20260602-172233-MaGaCellStudy\bandwidthMeasurements\ALL#ALL#ALL#Up.csv,UPLINK,105,globalNetwork,0,UNRESOLVED
tmp\mosaic-25.2\logs\log-20260602-172233-MaGaCellStudy\bandwidthMeasurements\ALL#ALL#ALL#Up.csv,UPLINK,105,region_central_degraded,0,UNRESOLVED
tmp\mosaic-25.2\logs\log-20260602-172233-MaGaCellStudy\bandwidthMeasurements\ALL#ALL#ALL#Up.csv,UPLINK,105,region_north_normal,0,UNRESOLVED
tmp\mosaic-25.2\logs\log-20260602-172233-MaGaCellStudy\bandwidthMeasurements\ALL#ALL#ALL#Up.csv,UPLINK,106,globalNetwork,0,UNRESOLVED
tmp\mosaic-25.2\logs\log-20260602-172233-MaGaCellStudy\bandwidthMeasurements\ALL#ALL#ALL#Up.csv,UPLINK,106,region_central_degraded,9840,UNRESOLVED
tmp\mosaic-25.2\logs\log-20260602-172233-MaGaCellStudy\bandwidthMeasurements\ALL#ALL#ALL#Up.csv,UPLINK,106,region_north_normal,0,UNRESOLVED
tmp\mosaic-25.2\logs\log-20260602-172233-MaGaCellStudy\bandwidthMeasurements\ALL#ALL#ALL#Up.csv,UPLINK,107,globalNetwork,0,UNRESOLVED
tmp\mosaic-25.2\logs\log-20260602-172233-MaGaCellStudy\bandwidthMeasurements\ALL#ALL#ALL#Up.csv,UPLINK,107,region_central_degraded,9840,UNRESOLVED
tmp\mosaic-25.2\logs\log-20260602-172233-MaGaCellStudy\bandwidthMeasurements\ALL#ALL#ALL#Up.csv,UPLINK,107,region_north_normal,9840,UNRESOLVED
tmp\mosaic-25.2\logs\log-20260602-172233-MaGaCellStudy\bandwidthMeasurements\ALL#ALL#ALL#Up.csv,UPLINK,108,globalNetwork,0,UNRESOLVED
tmp\mosaic-25.2\logs\log-20260602-172233-MaGaCellStudy\bandwidthMeasurements\ALL#ALL#ALL#Up.csv,UPLINK,108,region_central_degraded,9840,UNRESOLVED
tmp\mosaic-25.2\logs\log-20260602-172233-MaGaCellStudy\bandwidthMeasurements\ALL#ALL#ALL#Up.csv,UPLINK,108,region_north_normal,9840,UNRESOLVED
tmp\mosaic-25.2\logs\log-20260602-172233-MaGaCellStudy\bandwidthMeasurements\ALL#ALL#ALL#Up.csv,UPLINK,109,globalNetwork,0,UNRESOLVED
tmp\mosaic-25.2\logs\log-20260602-172233-MaGaCellStudy\bandwidthMeasurements\ALL#ALL#ALL#Up.csv,UPLINK,109,region_central_degraded,9840,UNRESOLVED
tmp\mosaic-25.2\logs\log-20260602-172233-MaGaCellStudy\bandwidthMeasurements\ALL#ALL#ALL#Up.csv,UPLINK,109,region_north_normal,9840,UNRESOLVED
tmp\mosaic-25.2\logs\log-20260602-172233-MaGaCellStudy\bandwidthMeasurements\ALL#ALL#ALL#Up.csv,UPLINK,110,globalNetwork,0,UNRESOLVED
tmp\mosaic-25.2\logs\log-20260602-172233-MaGaCellStudy\bandwidthMeasurements\ALL#ALL#ALL#Up.csv,UPLINK,110,region_central_degraded,9840,UNRESOLVED
tmp\mosaic-25.2\logs\log-20260602-172233-MaGaCellStudy\bandwidthMeasurements\ALL#ALL#ALL#Up.csv,UPLINK,110,region_north_normal,9840,UNRESOLVED
tmp\mosaic-25.2\logs\log-20260602-172233-MaGaCellStudy\bandwidthMeasurements\ALL#ALL#ALL#Up.csv,UPLINK,111,globalNetwork,0,UNRESOLVED
tmp\mosaic-25.2\logs\log-20260602-172233-MaGaCellStudy\bandwidthMeasurements\ALL#ALL#ALL#Up.csv,UPLINK,111,region_central_degraded,9840,UNRESOLVED
tmp\mosaic-25.2\logs\log-20260602-172233-MaGaCellStudy\bandwidthMeasurements\ALL#ALL#ALL#Up.csv,UPLINK,111,region_north_normal,9840,UNRESOLVED
tmp\mosaic-25.2\logs\log-20260602-172233-MaGaCellStudy\bandwidthMeasurements\ALL#ALL#ALL#Up.csv,UPLINK,112,globalNetwork,0,UNRESOLVED
tmp\mosaic-25.2\logs\log-20260602-172233-MaGaCellStudy\bandwidthMeasurements\ALL#ALL#ALL#Up.csv,UPLINK,112,region_central_degraded,9840,UNRESOLVED
tmp\mosaic-25.2\logs\log-20260602-172233-MaGaCellStudy\bandwidthMeasurements\ALL#ALL#ALL#Up.csv,UPLINK,112,region_north_normal,9840,UNRESOLVED
tmp\mosaic-25.2\logs\log-20260602-172233-MaGaCellStudy\bandwidthMeasurements\ALL#ALL#ALL#Up.csv,UPLINK,113,globalNetwork,0,UNRESOLVED
tmp\mosaic-25.2\logs\log-20260602-172233-MaGaCellStudy\bandwidthMeasurements\ALL#ALL#ALL#Up.csv,UPLINK,113,region_central_degraded,9840,UNRESOLVED
tmp\mosaic-25.2\logs\log-20260602-172233-MaGaCellStudy\bandwidthMeasurements\ALL#ALL#ALL#Up.csv,UPLINK,113,region_north_normal,9840,UNRESOLVED
tmp\mosaic-25.2\logs\log-20260602-172233-MaGaCellStudy\bandwidthMeasurements\ALL#ALL#ALL#Up.csv,UPLINK,114,globalNetwork,0,UNRESOLVED
tmp\mosaic-25.2\logs\log-20260602-172233-MaGaCellStudy\bandwidthMeasurements\ALL#ALL#ALL#Up.csv,UPLINK,114,region_central_degraded,9840,UNRESOLVED
tmp\mosaic-25.2\logs\log-20260602-172233-MaGaCellStudy\bandwidthMeasurements\ALL#ALL#ALL#Up.csv,UPLINK,114,region_north_normal,9840,UNRESOLVED
tmp\mosaic-25.2\logs\log-20260602-172233-MaGaCellStudy\bandwidthMeasurements\ALL#ALL#ALL#Up.csv,UPLINK,115,globalNetwork,0,UNRESOLVED
tmp\mosaic-25.2\logs\log-20260602-172233-MaGaCellStudy\bandwidthMeasurements\ALL#ALL#ALL#Up.csv,UPLINK,115,region_central_degraded,19680,UNRESOLVED
tmp\mosaic-25.2\logs\log-20260602-172233-MaGaCellStudy\bandwidthMeasurements\ALL#ALL#ALL#Up.csv,UPLINK,115,region_north_normal,0,UNRESOLVED
tmp\mosaic-25.2\logs\log-20260602-172233-MaGaCellStudy\bandwidthMeasurements\ALL#ALL#ALL#Up.csv,UPLINK,116,globalNetwork,0,UNRESOLVED
tmp\mosaic-25.2\logs\log-20260602-172233-MaGaCellStudy\bandwidthMeasurements\ALL#ALL#ALL#Up.csv,UPLINK,116,region_central_degraded,19680,UNRESOLVED
tmp\mosaic-25.2\logs\log-20260602-172233-MaGaCellStudy\bandwidthMeasurements\ALL#ALL#ALL#Up.csv,UPLINK,116,region_north_normal,0,UNRESOLVED
tmp\mosaic-25.2\logs\log-20260602-172233-MaGaCellStudy\bandwidthMeasurements\ALL#ALL#ALL#Up.csv,UPLINK,117,globalNetwork,0,UNRESOLVED
tmp\mosaic-25.2\logs\log-20260602-172233-MaGaCellStudy\bandwidthMeasurements\ALL#ALL#ALL#Up.csv,UPLINK,117,region_central_degraded,19680,UNRESOLVED
tmp\mosaic-25.2\logs\log-20260602-172233-MaGaCellStudy\bandwidthMeasurements\ALL#ALL#ALL#Up.csv,UPLINK,117,region_north_normal,0,UNRESOLVED
tmp\mosaic-25.2\logs\log-20260602-172233-MaGaCellStudy\bandwidthMeasurements\ALL#ALL#ALL#Up.csv,UPLINK,118,globalNetwork,0,UNRESOLVED
tmp\mosaic-25.2\logs\log-20260602-172233-MaGaCellStudy\bandwidthMeasurements\ALL#ALL#ALL#Up.csv,UPLINK,118,region_central_degraded,19680,UNRESOLVED
tmp\mosaic-25.2\logs\log-20260602-172233-MaGaCellStudy\bandwidthMeasurements\ALL#ALL#ALL#Up.csv,UPLINK,118,region_north_normal,0,UNRESOLVED
tmp\mosaic-25.2\logs\log-20260602-172233-MaGaCellStudy\bandwidthMeasurements\ALL#ALL#ALL#Up.csv,UPLINK,119,globalNetwork,0,UNRESOLVED
tmp\mosaic-25.2\logs\log-20260602-172233-MaGaCellStudy\bandwidthMeasurements\ALL#ALL#ALL#Up.csv,UPLINK,119,region_central_degraded,19680,UNRESOLVED
tmp\mosaic-25.2\logs\log-20260602-172233-MaGaCellStudy\bandwidthMeasurements\ALL#ALL#ALL#Up.csv,UPLINK,119,region_north_normal,0,UNRESOLVED
tmp\mosaic-25.2\logs\log-20260602-172233-MaGaCellStudy\bandwidthMeasurements\ALL#ALL#ALL#Up.csv,UPLINK,120,globalNetwork,0,UNRESOLVED
tmp\mosaic-25.2\logs\log-20260602-172233-MaGaCellStudy\bandwidthMeasurements\ALL#ALL#ALL#Up.csv,UPLINK,120,region_central_degraded,19680,UNRESOLVED
tmp\mosaic-25.2\logs\log-20260602-172233-MaGaCellStudy\bandwidthMeasurements\ALL#ALL#ALL#Up.csv,UPLINK,120,region_north_normal,0,UNRESOLVED
tmp\mosaic-25.2\logs\log-20260602-172233-MaGaCellStudy\bandwidthMeasurements\ALL#ALL#ALL#Up.csv,UPLINK,121,globalNetwork,0,UNRESOLVED
tmp\mosaic-25.2\logs\log-20260602-172233-MaGaCellStudy\bandwidthMeasurements\ALL#ALL#ALL#Up.csv,UPLINK,121,region_central_degraded,19680,UNRESOLVED
tmp\mosaic-25.2\logs\log-20260602-172233-MaGaCellStudy\bandwidthMeasurements\ALL#ALL#ALL#Up.csv,UPLINK,121,region_north_normal,0,UNRESOLVED
tmp\mosaic-25.2\logs\log-20260602-172233-MaGaCellStudy\bandwidthMeasurements\ALL#ALL#ALL#Up.csv,UPLINK,122,globalNetwork,0,UNRESOLVED
tmp\mosaic-25.2\logs\log-20260602-172233-MaGaCellStudy\bandwidthMeasurements\ALL#ALL#ALL#Up.csv,UPLINK,122,region_central_degraded,19680,UNRESOLVED
tmp\mosaic-25.2\logs\log-20260602-172233-MaGaCellStudy\bandwidthMeasurements\ALL#ALL#ALL#Up.csv,UPLINK,122,region_north_normal,0,UNRESOLVED
tmp\mosaic-25.2\logs\log-20260602-172233-MaGaCellStudy\bandwidthMeasurements\ALL#ALL#ALL#Up.csv,UPLINK,123,globalNetwork,0,UNRESOLVED
tmp\mosaic-25.2\logs\log-20260602-172233-MaGaCellStudy\bandwidthMeasurements\ALL#ALL#ALL#Up.csv,UPLINK,123,region_central_degraded,19680,UNRESOLVED
tmp\mosaic-25.2\logs\log-20260602-172233-MaGaCellStudy\bandwidthMeasurements\ALL#ALL#ALL#Up.csv,UPLINK,123,region_north_normal,0,UNRESOLVED
tmp\mosaic-25.2\logs\log-20260602-172233-MaGaCellStudy\bandwidthMeasurements\ALL#ALL#ALL#Up.csv,UPLINK,124,globalNetwork,0,UNRESOLVED
tmp\mosaic-25.2\logs\log-20260602-172233-MaGaCellStudy\bandwidthMeasurements\ALL#ALL#ALL#Up.csv,UPLINK,124,region_central_degraded,19680,UNRESOLVED
tmp\mosaic-25.2\logs\log-20260602-172233-MaGaCellStudy\bandwidthMeasurements\ALL#ALL#ALL#Up.csv,UPLINK,124,region_north_normal,0,UNRESOLVED
tmp\mosaic-25.2\logs\log-20260602-172233-MaGaCellStudy\bandwidthMeasurements\ALL#ALL#ALL#Up.csv,UPLINK,125,globalNetwork,0,UNRESOLVED
tmp\mosaic-25.2\logs\log-20260602-172233-MaGaCellStudy\bandwidthMeasurements\ALL#ALL#ALL#Up.csv,UPLINK,125,region_central_degraded,9840,UNRESOLVED
tmp\mosaic-25.2\logs\log-20260602-172233-MaGaCellStudy\bandwidthMeasurements\ALL#ALL#ALL#Up.csv,UPLINK,125,region_north_normal,0,UNRESOLVED
tmp\mosaic-25.2\logs\log-20260602-172233-MaGaCellStudy\bandwidthMeasurements\ALL#ALL#ALL#Up.csv,UPLINK,126,globalNetwork,0,UNRESOLVED
tmp\mosaic-25.2\logs\log-20260602-172233-MaGaCellStudy\bandwidthMeasurements\ALL#ALL#ALL#Up.csv,UPLINK,126,region_central_degraded,19680,UNRESOLVED
tmp\mosaic-25.2\logs\log-20260602-172233-MaGaCellStudy\bandwidthMeasurements\ALL#ALL#ALL#Up.csv,UPLINK,126,region_north_normal,0,UNRESOLVED
tmp\mosaic-25.2\logs\log-20260602-172233-MaGaCellStudy\bandwidthMeasurements\ALL#ALL#ALL#Up.csv,UPLINK,127,globalNetwork,0,UNRESOLVED
tmp\mosaic-25.2\logs\log-20260602-172233-MaGaCellStudy\bandwidthMeasurements\ALL#ALL#ALL#Up.csv,UPLINK,127,region_central_degraded,19680,UNRESOLVED
tmp\mosaic-25.2\logs\log-20260602-172233-MaGaCellStudy\bandwidthMeasurements\ALL#ALL#ALL#Up.csv,UPLINK,127,region_north_normal,0,UNRESOLVED
tmp\mosaic-25.2\logs\log-20260602-172233-MaGaCellStudy\bandwidthMeasurements\ALL#ALL#ALL#Up.csv,UPLINK,128,globalNetwork,0,UNRESOLVED
tmp\mosaic-25.2\logs\log-20260602-172233-MaGaCellStudy\bandwidthMeasurements\ALL#ALL#ALL#Up.csv,UPLINK,128,region_central_degraded,19680,UNRESOLVED
tmp\mosaic-25.2\logs\log-20260602-172233-MaGaCellStudy\bandwidthMeasurements\ALL#ALL#ALL#Up.csv,UPLINK,128,region_north_normal,0,UNRESOLVED
tmp\mosaic-25.2\logs\log-20260602-172233-MaGaCellStudy\bandwidthMeasurements\ALL#ALL#ALL#Up.csv,UPLINK,129,globalNetwork,0,UNRESOLVED
tmp\mosaic-25.2\logs\log-20260602-172233-MaGaCellStudy\bandwidthMeasurements\ALL#ALL#ALL#Up.csv,UPLINK,129,region_central_degraded,19680,UNRESOLVED
tmp\mosaic-25.2\logs\log-20260602-172233-MaGaCellStudy\bandwidthMeasurements\ALL#ALL#ALL#Up.csv,UPLINK,129,region_north_normal,0,UNRESOLVED
tmp\mosaic-25.2\logs\log-20260602-172233-MaGaCellStudy\bandwidthMeasurements\ALL#ALL#ALL#Up.csv,UPLINK,130,globalNetwork,0,UNRESOLVED
tmp\mosaic-25.2\logs\log-20260602-172233-MaGaCellStudy\bandwidthMeasurements\ALL#ALL#ALL#Up.csv,UPLINK,130,region_central_degraded,19680,UNRESOLVED
tmp\mosaic-25.2\logs\log-20260602-172233-MaGaCellStudy\bandwidthMeasurements\ALL#ALL#ALL#Up.csv,UPLINK,130,region_north_normal,0,UNRESOLVED
tmp\mosaic-25.2\logs\log-20260602-172233-MaGaCellStudy\bandwidthMeasurements\ALL#ALL#ALL#Up.csv,UPLINK,131,globalNetwork,0,UNRESOLVED
tmp\mosaic-25.2\logs\log-20260602-172233-MaGaCellStudy\bandwidthMeasurements\ALL#ALL#ALL#Up.csv,UPLINK,131,region_central_degraded,19680,UNRESOLVED
tmp\mosaic-25.2\logs\log-20260602-172233-MaGaCellStudy\bandwidthMeasurements\ALL#ALL#ALL#Up.csv,UPLINK,131,region_north_normal,0,UNRESOLVED
tmp\mosaic-25.2\logs\log-20260602-172233-MaGaCellStudy\bandwidthMeasurements\ALL#ALL#ALL#Up.csv,UPLINK,132,globalNetwork,0,UNRESOLVED
tmp\mosaic-25.2\logs\log-20260602-172233-MaGaCellStudy\bandwidthMeasurements\ALL#ALL#ALL#Up.csv,UPLINK,132,region_central_degraded,19680,UNRESOLVED
tmp\mosaic-25.2\logs\log-20260602-172233-MaGaCellStudy\bandwidthMeasurements\ALL#ALL#ALL#Up.csv,UPLINK,132,region_north_normal,0,UNRESOLVED
tmp\mosaic-25.2\logs\log-20260602-172233-MaGaCellStudy\bandwidthMeasurements\ALL#ALL#ALL#Up.csv,UPLINK,133,globalNetwork,0,UNRESOLVED
tmp\mosaic-25.2\logs\log-20260602-172233-MaGaCellStudy\bandwidthMeasurements\ALL#ALL#ALL#Up.csv,UPLINK,133,region_central_degraded,19680,UNRESOLVED
tmp\mosaic-25.2\logs\log-20260602-172233-MaGaCellStudy\bandwidthMeasurements\ALL#ALL#ALL#Up.csv,UPLINK,133,region_north_normal,0,UNRESOLVED
tmp\mosaic-25.2\logs\log-20260602-172233-MaGaCellStudy\bandwidthMeasurements\ALL#ALL#ALL#Up.csv,UPLINK,134,globalNetwork,0,UNRESOLVED
tmp\mosaic-25.2\logs\log-20260602-172233-MaGaCellStudy\bandwidthMeasurements\ALL#ALL#ALL#Up.csv,UPLINK,134,region_central_degraded,19680,UNRESOLVED
tmp\mosaic-25.2\logs\log-20260602-172233-MaGaCellStudy\bandwidthMeasurements\ALL#ALL#ALL#Up.csv,UPLINK,134,region_north_normal,0,UNRESOLVED
tmp\mosaic-25.2\logs\log-20260602-172233-MaGaCellStudy\bandwidthMeasurements\ALL#ALL#ALL#Up.csv,UPLINK,135,globalNetwork,0,UNRESOLVED
tmp\mosaic-25.2\logs\log-20260602-172233-MaGaCellStudy\bandwidthMeasurements\ALL#ALL#ALL#Up.csv,UPLINK,135,region_central_degraded,19680,UNRESOLVED
tmp\mosaic-25.2\logs\log-20260602-172233-MaGaCellStudy\bandwidthMeasurements\ALL#ALL#ALL#Up.csv,UPLINK,135,region_north_normal,0,UNRESOLVED
tmp\mosaic-25.2\logs\log-20260602-172233-MaGaCellStudy\bandwidthMeasurements\ALL#ALL#ALL#Up.csv,UPLINK,136,globalNetwork,0,UNRESOLVED
tmp\mosaic-25.2\logs\log-20260602-172233-MaGaCellStudy\bandwidthMeasurements\ALL#ALL#ALL#Up.csv,UPLINK,136,region_central_degraded,9840,UNRESOLVED
tmp\mosaic-25.2\logs\log-20260602-172233-MaGaCellStudy\bandwidthMeasurements\ALL#ALL#ALL#Up.csv,UPLINK,136,region_north_normal,0,UNRESOLVED
tmp\mosaic-25.2\logs\log-20260602-172233-MaGaCellStudy\bandwidthMeasurements\ALL#ALL#ALL#Up.csv,UPLINK,137,globalNetwork,0,UNRESOLVED
tmp\mosaic-25.2\logs\log-20260602-172233-MaGaCellStudy\bandwidthMeasurements\ALL#ALL#ALL#Up.csv,UPLINK,137,region_central_degraded,19680,UNRESOLVED
tmp\mosaic-25.2\logs\log-20260602-172233-MaGaCellStudy\bandwidthMeasurements\ALL#ALL#ALL#Up.csv,UPLINK,137,region_north_normal,0,UNRESOLVED
tmp\mosaic-25.2\logs\log-20260602-172233-MaGaCellStudy\bandwidthMeasurements\ALL#ALL#ALL#Up.csv,UPLINK,138,globalNetwork,0,UNRESOLVED
tmp\mosaic-25.2\logs\log-20260602-172233-MaGaCellStudy\bandwidthMeasurements\ALL#ALL#ALL#Up.csv,UPLINK,138,region_central_degraded,19680,UNRESOLVED
tmp\mosaic-25.2\logs\log-20260602-172233-MaGaCellStudy\bandwidthMeasurements\ALL#ALL#ALL#Up.csv,UPLINK,138,region_north_normal,0,UNRESOLVED
tmp\mosaic-25.2\logs\log-20260602-172233-MaGaCellStudy\bandwidthMeasurements\ALL#ALL#ALL#Up.csv,UPLINK,139,globalNetwork,0,UNRESOLVED
tmp\mosaic-25.2\logs\log-20260602-172233-MaGaCellStudy\bandwidthMeasurements\ALL#ALL#ALL#Up.csv,UPLINK,139,region_central_degraded,19680,UNRESOLVED
tmp\mosaic-25.2\logs\log-20260602-172233-MaGaCellStudy\bandwidthMeasurements\ALL#ALL#ALL#Up.csv,UPLINK,139,region_north_normal,0,UNRESOLVED
tmp\mosaic-25.2\logs\log-20260602-172233-MaGaCellStudy\bandwidthMeasurements\ALL#ALL#ALL#Up.csv,UPLINK,140,globalNetwork,0,UNRESOLVED
tmp\mosaic-25.2\logs\log-20260602-172233-MaGaCellStudy\bandwidthMeasurements\ALL#ALL#ALL#Up.csv,UPLINK,140,region_central_degraded,19680,UNRESOLVED
tmp\mosaic-25.2\logs\log-20260602-172233-MaGaCellStudy\bandwidthMeasurements\ALL#ALL#ALL#Up.csv,UPLINK,140,region_north_normal,0,UNRESOLVED
tmp\mosaic-25.2\logs\log-20260602-172233-MaGaCellStudy\bandwidthMeasurements\ALL#ALL#ALL#Up.csv,UPLINK,141,globalNetwork,0,UNRESOLVED
tmp\mosaic-25.2\logs\log-20260602-172233-MaGaCellStudy\bandwidthMeasurements\ALL#ALL#ALL#Up.csv,UPLINK,141,region_central_degraded,19680,UNRESOLVED
tmp\mosaic-25.2\logs\log-20260602-172233-MaGaCellStudy\bandwidthMeasurements\ALL#ALL#ALL#Up.csv,UPLINK,141,region_north_normal,0,UNRESOLVED
tmp\mosaic-25.2\logs\log-20260602-172233-MaGaCellStudy\bandwidthMeasurements\ALL#ALL#ALL#Up.csv,UPLINK,142,globalNetwork,0,UNRESOLVED
tmp\mosaic-25.2\logs\log-20260602-172233-MaGaCellStudy\bandwidthMeasurements\ALL#ALL#ALL#Up.csv,UPLINK,142,region_central_degraded,19680,UNRESOLVED
tmp\mosaic-25.2\logs\log-20260602-172233-MaGaCellStudy\bandwidthMeasurements\ALL#ALL#ALL#Up.csv,UPLINK,142,region_north_normal,0,UNRESOLVED
tmp\mosaic-25.2\logs\log-20260602-172233-MaGaCellStudy\bandwidthMeasurements\ALL#ALL#ALL#Up.csv,UPLINK,143,globalNetwork,0,UNRESOLVED
tmp\mosaic-25.2\logs\log-20260602-172233-MaGaCellStudy\bandwidthMeasurements\ALL#ALL#ALL#Up.csv,UPLINK,143,region_central_degraded,9840,UNRESOLVED
tmp\mosaic-25.2\logs\log-20260602-172233-MaGaCellStudy\bandwidthMeasurements\ALL#ALL#ALL#Up.csv,UPLINK,143,region_north_normal,0,UNRESOLVED
tmp\mosaic-25.2\logs\log-20260602-172233-MaGaCellStudy\bandwidthMeasurements\ALL#ALL#ALL#Up.csv,UPLINK,144,globalNetwork,0,UNRESOLVED
tmp\mosaic-25.2\logs\log-20260602-172233-MaGaCellStudy\bandwidthMeasurements\ALL#ALL#ALL#Up.csv,UPLINK,144,region_central_degraded,19680,UNRESOLVED
tmp\mosaic-25.2\logs\log-20260602-172233-MaGaCellStudy\bandwidthMeasurements\ALL#ALL#ALL#Up.csv,UPLINK,144,region_north_normal,0,UNRESOLVED
tmp\mosaic-25.2\logs\log-20260602-172233-MaGaCellStudy\bandwidthMeasurements\ALL#ALL#ALL#Up.csv,UPLINK,145,globalNetwork,0,UNRESOLVED
tmp\mosaic-25.2\logs\log-20260602-172233-MaGaCellStudy\bandwidthMeasurements\ALL#ALL#ALL#Up.csv,UPLINK,145,region_central_degraded,9840,UNRESOLVED
tmp\mosaic-25.2\logs\log-20260602-172233-MaGaCellStudy\bandwidthMeasurements\ALL#ALL#ALL#Up.csv,UPLINK,145,region_north_normal,0,UNRESOLVED
tmp\mosaic-25.2\logs\log-20260602-172233-MaGaCellStudy\bandwidthMeasurements\ALL#ALL#ALL#Up.csv,UPLINK,146,globalNetwork,0,UNRESOLVED
tmp\mosaic-25.2\logs\log-20260602-172233-MaGaCellStudy\bandwidthMeasurements\ALL#ALL#ALL#Up.csv,UPLINK,146,region_central_degraded,9840,UNRESOLVED
tmp\mosaic-25.2\logs\log-20260602-172233-MaGaCellStudy\bandwidthMeasurements\ALL#ALL#ALL#Up.csv,UPLINK,146,region_north_normal,0,UNRESOLVED
tmp\mosaic-25.2\logs\log-20260602-172233-MaGaCellStudy\bandwidthMeasurements\ALL#ALL#ALL#Up.csv,UPLINK,147,globalNetwork,0,UNRESOLVED
tmp\mosaic-25.2\logs\log-20260602-172233-MaGaCellStudy\bandwidthMeasurements\ALL#ALL#ALL#Up.csv,UPLINK,147,region_central_degraded,19680,UNRESOLVED
tmp\mosaic-25.2\logs\log-20260602-172233-MaGaCellStudy\bandwidthMeasurements\ALL#ALL#ALL#Up.csv,UPLINK,147,region_north_normal,0,UNRESOLVED
tmp\mosaic-25.2\logs\log-20260602-172233-MaGaCellStudy\bandwidthMeasurements\ALL#ALL#ALL#Up.csv,UPLINK,148,globalNetwork,0,UNRESOLVED
tmp\mosaic-25.2\logs\log-20260602-172233-MaGaCellStudy\bandwidthMeasurements\ALL#ALL#ALL#Up.csv,UPLINK,148,region_central_degraded,19680,UNRESOLVED
tmp\mosaic-25.2\logs\log-20260602-172233-MaGaCellStudy\bandwidthMeasurements\ALL#ALL#ALL#Up.csv,UPLINK,148,region_north_normal,0,UNRESOLVED
tmp\mosaic-25.2\logs\log-20260602-172233-MaGaCellStudy\bandwidthMeasurements\ALL#ALL#ALL#Up.csv,UPLINK,149,globalNetwork,0,UNRESOLVED
tmp\mosaic-25.2\logs\log-20260602-172233-MaGaCellStudy\bandwidthMeasurements\ALL#ALL#ALL#Up.csv,UPLINK,149,region_central_degraded,19680,UNRESOLVED
tmp\mosaic-25.2\logs\log-20260602-172233-MaGaCellStudy\bandwidthMeasurements\ALL#ALL#ALL#Up.csv,UPLINK,149,region_north_normal,0,UNRESOLVED
tmp\mosaic-25.2\logs\log-20260602-172233-MaGaCellStudy\bandwidthMeasurements\ALL#ALL#ALL#Up.csv,UPLINK,150,globalNetwork,0,UNRESOLVED
tmp\mosaic-25.2\logs\log-20260602-172233-MaGaCellStudy\bandwidthMeasurements\ALL#ALL#ALL#Up.csv,UPLINK,150,region_central_degraded,19680,UNRESOLVED
tmp\mosaic-25.2\logs\log-20260602-172233-MaGaCellStudy\bandwidthMeasurements\ALL#ALL#ALL#Up.csv,UPLINK,150,region_north_normal,0,UNRESOLVED
tmp\mosaic-25.2\logs\log-20260602-172233-MaGaCellStudy\bandwidthMeasurements\ALL#ALL#ALL#Up.csv,UPLINK,151,globalNetwork,0,UNRESOLVED
tmp\mosaic-25.2\logs\log-20260602-172233-MaGaCellStudy\bandwidthMeasurements\ALL#ALL#ALL#Up.csv,UPLINK,151,region_central_degraded,9840,UNRESOLVED
tmp\mosaic-25.2\logs\log-20260602-172233-MaGaCellStudy\bandwidthMeasurements\ALL#ALL#ALL#Up.csv,UPLINK,151,region_north_normal,0,UNRESOLVED
tmp\mosaic-25.2\logs\log-20260602-172233-MaGaCellStudy\bandwidthMeasurements\ALL#ALL#ALL#Up.csv,UPLINK,152,globalNetwork,0,UNRESOLVED
tmp\mosaic-25.2\logs\log-20260602-172233-MaGaCellStudy\bandwidthMeasurements\ALL#ALL#ALL#Up.csv,UPLINK,152,region_central_degraded,19680,UNRESOLVED
tmp\mosaic-25.2\logs\log-20260602-172233-MaGaCellStudy\bandwidthMeasurements\ALL#ALL#ALL#Up.csv,UPLINK,152,region_north_normal,0,UNRESOLVED
tmp\mosaic-25.2\logs\log-20260602-172233-MaGaCellStudy\bandwidthMeasurements\ALL#ALL#ALL#Up.csv,UPLINK,153,globalNetwork,0,UNRESOLVED
tmp\mosaic-25.2\logs\log-20260602-172233-MaGaCellStudy\bandwidthMeasurements\ALL#ALL#ALL#Up.csv,UPLINK,153,region_central_degraded,19680,UNRESOLVED
tmp\mosaic-25.2\logs\log-20260602-172233-MaGaCellStudy\bandwidthMeasurements\ALL#ALL#ALL#Up.csv,UPLINK,153,region_north_normal,0,UNRESOLVED
tmp\mosaic-25.2\logs\log-20260602-172233-MaGaCellStudy\bandwidthMeasurements\ALL#ALL#ALL#Up.csv,UPLINK,154,globalNetwork,0,UNRESOLVED
tmp\mosaic-25.2\logs\log-20260602-172233-MaGaCellStudy\bandwidthMeasurements\ALL#ALL#ALL#Up.csv,UPLINK,154,region_central_degraded,19680,UNRESOLVED
tmp\mosaic-25.2\logs\log-20260602-172233-MaGaCellStudy\bandwidthMeasurements\ALL#ALL#ALL#Up.csv,UPLINK,154,region_north_normal,0,UNRESOLVED
tmp\mosaic-25.2\logs\log-20260602-172233-MaGaCellStudy\bandwidthMeasurements\ALL#ALL#ALL#Up.csv,UPLINK,155,globalNetwork,0,UNRESOLVED
tmp\mosaic-25.2\logs\log-20260602-172233-MaGaCellStudy\bandwidthMeasurements\ALL#ALL#ALL#Up.csv,UPLINK,155,region_central_degraded,19680,UNRESOLVED
tmp\mosaic-25.2\logs\log-20260602-172233-MaGaCellStudy\bandwidthMeasurements\ALL#ALL#ALL#Up.csv,UPLINK,155,region_north_normal,0,UNRESOLVED
tmp\mosaic-25.2\logs\log-20260602-172233-MaGaCellStudy\bandwidthMeasurements\ALL#ALL#ALL#Up.csv,UPLINK,156,globalNetwork,0,UNRESOLVED
tmp\mosaic-25.2\logs\log-20260602-172233-MaGaCellStudy\bandwidthMeasurements\ALL#ALL#ALL#Up.csv,UPLINK,156,region_central_degraded,9840,UNRESOLVED
tmp\mosaic-25.2\logs\log-20260602-172233-MaGaCellStudy\bandwidthMeasurements\ALL#ALL#ALL#Up.csv,UPLINK,156,region_north_normal,0,UNRESOLVED
tmp\mosaic-25.2\logs\log-20260602-172233-MaGaCellStudy\bandwidthMeasurements\ALL#ALL#ALL#Up.csv,UPLINK,157,globalNetwork,0,UNRESOLVED
tmp\mosaic-25.2\logs\log-20260602-172233-MaGaCellStudy\bandwidthMeasurements\ALL#ALL#ALL#Up.csv,UPLINK,157,region_central_degraded,9840,UNRESOLVED
tmp\mosaic-25.2\logs\log-20260602-172233-MaGaCellStudy\bandwidthMeasurements\ALL#ALL#ALL#Up.csv,UPLINK,157,region_north_normal,0,UNRESOLVED
tmp\mosaic-25.2\logs\log-20260602-172233-MaGaCellStudy\bandwidthMeasurements\ALL#ALL#ALL#Up.csv,UPLINK,158,globalNetwork,0,UNRESOLVED
tmp\mosaic-25.2\logs\log-20260602-172233-MaGaCellStudy\bandwidthMeasurements\ALL#ALL#ALL#Up.csv,UPLINK,158,region_central_degraded,19680,UNRESOLVED
tmp\mosaic-25.2\logs\log-20260602-172233-MaGaCellStudy\bandwidthMeasurements\ALL#ALL#ALL#Up.csv,UPLINK,158,region_north_normal,0,UNRESOLVED
tmp\mosaic-25.2\logs\log-20260602-172233-MaGaCellStudy\bandwidthMeasurements\ALL#ALL#ALL#Up.csv,UPLINK,159,globalNetwork,0,UNRESOLVED
tmp\mosaic-25.2\logs\log-20260602-172233-MaGaCellStudy\bandwidthMeasurements\ALL#ALL#ALL#Up.csv,UPLINK,159,region_central_degraded,19680,UNRESOLVED
tmp\mosaic-25.2\logs\log-20260602-172233-MaGaCellStudy\bandwidthMeasurements\ALL#ALL#ALL#Up.csv,UPLINK,159,region_north_normal,0,UNRESOLVED
tmp\mosaic-25.2\logs\log-20260602-172233-MaGaCellStudy\bandwidthMeasurements\ALL#ALL#ALL#Up.csv,UPLINK,160,globalNetwork,0,UNRESOLVED
tmp\mosaic-25.2\logs\log-20260602-172233-MaGaCellStudy\bandwidthMeasurements\ALL#ALL#ALL#Up.csv,UPLINK,160,region_central_degraded,19680,UNRESOLVED
tmp\mosaic-25.2\logs\log-20260602-172233-MaGaCellStudy\bandwidthMeasurements\ALL#ALL#ALL#Up.csv,UPLINK,160,region_north_normal,0,UNRESOLVED
tmp\mosaic-25.2\logs\log-20260602-172233-MaGaCellStudy\bandwidthMeasurements\ALL#ALL#ALL#Up.csv,UPLINK,161,globalNetwork,0,UNRESOLVED
tmp\mosaic-25.2\logs\log-20260602-172233-MaGaCellStudy\bandwidthMeasurements\ALL#ALL#ALL#Up.csv,UPLINK,161,region_central_degraded,9840,UNRESOLVED
tmp\mosaic-25.2\logs\log-20260602-172233-MaGaCellStudy\bandwidthMeasurements\ALL#ALL#ALL#Up.csv,UPLINK,161,region_north_normal,0,UNRESOLVED
tmp\mosaic-25.2\logs\log-20260602-172233-MaGaCellStudy\bandwidthMeasurements\ALL#ALL#ALL#Up.csv,UPLINK,162,globalNetwork,0,UNRESOLVED
tmp\mosaic-25.2\logs\log-20260602-172233-MaGaCellStudy\bandwidthMeasurements\ALL#ALL#ALL#Up.csv,UPLINK,162,region_central_degraded,19680,UNRESOLVED
tmp\mosaic-25.2\logs\log-20260602-172233-MaGaCellStudy\bandwidthMeasurements\ALL#ALL#ALL#Up.csv,UPLINK,162,region_north_normal,0,UNRESOLVED
tmp\mosaic-25.2\logs\log-20260602-172233-MaGaCellStudy\bandwidthMeasurements\ALL#ALL#ALL#Up.csv,UPLINK,163,globalNetwork,0,UNRESOLVED
tmp\mosaic-25.2\logs\log-20260602-172233-MaGaCellStudy\bandwidthMeasurements\ALL#ALL#ALL#Up.csv,UPLINK,163,region_central_degraded,19680,UNRESOLVED
tmp\mosaic-25.2\logs\log-20260602-172233-MaGaCellStudy\bandwidthMeasurements\ALL#ALL#ALL#Up.csv,UPLINK,163,region_north_normal,0,UNRESOLVED
tmp\mosaic-25.2\logs\log-20260602-172233-MaGaCellStudy\bandwidthMeasurements\ALL#ALL#ALL#Up.csv,UPLINK,164,globalNetwork,0,UNRESOLVED
tmp\mosaic-25.2\logs\log-20260602-172233-MaGaCellStudy\bandwidthMeasurements\ALL#ALL#ALL#Up.csv,UPLINK,164,region_central_degraded,19680,UNRESOLVED
tmp\mosaic-25.2\logs\log-20260602-172233-MaGaCellStudy\bandwidthMeasurements\ALL#ALL#ALL#Up.csv,UPLINK,164,region_north_normal,0,UNRESOLVED
tmp\mosaic-25.2\logs\log-20260602-172233-MaGaCellStudy\bandwidthMeasurements\ALL#ALL#ALL#Up.csv,UPLINK,165,globalNetwork,0,UNRESOLVED
tmp\mosaic-25.2\logs\log-20260602-172233-MaGaCellStudy\bandwidthMeasurements\ALL#ALL#ALL#Up.csv,UPLINK,165,region_central_degraded,19680,UNRESOLVED
tmp\mosaic-25.2\logs\log-20260602-172233-MaGaCellStudy\bandwidthMeasurements\ALL#ALL#ALL#Up.csv,UPLINK,165,region_north_normal,0,UNRESOLVED
tmp\mosaic-25.2\logs\log-20260602-172233-MaGaCellStudy\bandwidthMeasurements\ALL#ALL#ALL#Up.csv,UPLINK,166,globalNetwork,0,UNRESOLVED
tmp\mosaic-25.2\logs\log-20260602-172233-MaGaCellStudy\bandwidthMeasurements\ALL#ALL#ALL#Up.csv,UPLINK,166,region_central_degraded,9840,UNRESOLVED
tmp\mosaic-25.2\logs\log-20260602-172233-MaGaCellStudy\bandwidthMeasurements\ALL#ALL#ALL#Up.csv,UPLINK,166,region_north_normal,0,UNRESOLVED
tmp\mosaic-25.2\logs\log-20260602-172233-MaGaCellStudy\bandwidthMeasurements\ALL#ALL#ALL#Up.csv,UPLINK,167,globalNetwork,0,UNRESOLVED
tmp\mosaic-25.2\logs\log-20260602-172233-MaGaCellStudy\bandwidthMeasurements\ALL#ALL#ALL#Up.csv,UPLINK,167,region_central_degraded,19680,UNRESOLVED
tmp\mosaic-25.2\logs\log-20260602-172233-MaGaCellStudy\bandwidthMeasurements\ALL#ALL#ALL#Up.csv,UPLINK,167,region_north_normal,0,UNRESOLVED
tmp\mosaic-25.2\logs\log-20260602-172233-MaGaCellStudy\bandwidthMeasurements\ALL#ALL#ALL#Up.csv,UPLINK,168,globalNetwork,0,UNRESOLVED
tmp\mosaic-25.2\logs\log-20260602-172233-MaGaCellStudy\bandwidthMeasurements\ALL#ALL#ALL#Up.csv,UPLINK,168,region_central_degraded,19680,UNRESOLVED
tmp\mosaic-25.2\logs\log-20260602-172233-MaGaCellStudy\bandwidthMeasurements\ALL#ALL#ALL#Up.csv,UPLINK,168,region_north_normal,0,UNRESOLVED
tmp\mosaic-25.2\logs\log-20260602-172233-MaGaCellStudy\bandwidthMeasurements\ALL#ALL#ALL#Up.csv,UPLINK,169,globalNetwork,0,UNRESOLVED
tmp\mosaic-25.2\logs\log-20260602-172233-MaGaCellStudy\bandwidthMeasurements\ALL#ALL#ALL#Up.csv,UPLINK,169,region_central_degraded,19680,UNRESOLVED
tmp\mosaic-25.2\logs\log-20260602-172233-MaGaCellStudy\bandwidthMeasurements\ALL#ALL#ALL#Up.csv,UPLINK,169,region_north_normal,0,UNRESOLVED
tmp\mosaic-25.2\logs\log-20260602-172233-MaGaCellStudy\bandwidthMeasurements\ALL#ALL#ALL#Up.csv,UPLINK,170,globalNetwork,0,UNRESOLVED
tmp\mosaic-25.2\logs\log-20260602-172233-MaGaCellStudy\bandwidthMeasurements\ALL#ALL#ALL#Up.csv,UPLINK,170,region_central_degraded,19680,UNRESOLVED
tmp\mosaic-25.2\logs\log-20260602-172233-MaGaCellStudy\bandwidthMeasurements\ALL#ALL#ALL#Up.csv,UPLINK,170,region_north_normal,0,UNRESOLVED
tmp\mosaic-25.2\logs\log-20260602-172233-MaGaCellStudy\bandwidthMeasurements\ALL#ALL#ALL#Up.csv,UPLINK,171,globalNetwork,0,UNRESOLVED
tmp\mosaic-25.2\logs\log-20260602-172233-MaGaCellStudy\bandwidthMeasurements\ALL#ALL#ALL#Up.csv,UPLINK,171,region_central_degraded,9840,UNRESOLVED
tmp\mosaic-25.2\logs\log-20260602-172233-MaGaCellStudy\bandwidthMeasurements\ALL#ALL#ALL#Up.csv,UPLINK,171,region_north_normal,0,UNRESOLVED
tmp\mosaic-25.2\logs\log-20260602-172233-MaGaCellStudy\bandwidthMeasurements\ALL#ALL#ALL#Up.csv,UPLINK,172,globalNetwork,0,UNRESOLVED
tmp\mosaic-25.2\logs\log-20260602-172233-MaGaCellStudy\bandwidthMeasurements\ALL#ALL#ALL#Up.csv,UPLINK,172,region_central_degraded,19680,UNRESOLVED
tmp\mosaic-25.2\logs\log-20260602-172233-MaGaCellStudy\bandwidthMeasurements\ALL#ALL#ALL#Up.csv,UPLINK,172,region_north_normal,0,UNRESOLVED
tmp\mosaic-25.2\logs\log-20260602-172233-MaGaCellStudy\bandwidthMeasurements\ALL#ALL#ALL#Up.csv,UPLINK,173,globalNetwork,0,UNRESOLVED
tmp\mosaic-25.2\logs\log-20260602-172233-MaGaCellStudy\bandwidthMeasurements\ALL#ALL#ALL#Up.csv,UPLINK,173,region_central_degraded,19680,UNRESOLVED
tmp\mosaic-25.2\logs\log-20260602-172233-MaGaCellStudy\bandwidthMeasurements\ALL#ALL#ALL#Up.csv,UPLINK,173,region_north_normal,0,UNRESOLVED
tmp\mosaic-25.2\logs\log-20260602-172233-MaGaCellStudy\bandwidthMeasurements\ALL#ALL#ALL#Up.csv,UPLINK,174,globalNetwork,0,UNRESOLVED
tmp\mosaic-25.2\logs\log-20260602-172233-MaGaCellStudy\bandwidthMeasurements\ALL#ALL#ALL#Up.csv,UPLINK,174,region_central_degraded,19680,UNRESOLVED
tmp\mosaic-25.2\logs\log-20260602-172233-MaGaCellStudy\bandwidthMeasurements\ALL#ALL#ALL#Up.csv,UPLINK,174,region_north_normal,0,UNRESOLVED
tmp\mosaic-25.2\logs\log-20260602-172233-MaGaCellStudy\bandwidthMeasurements\ALL#ALL#ALL#Up.csv,UPLINK,175,globalNetwork,0,UNRESOLVED
tmp\mosaic-25.2\logs\log-20260602-172233-MaGaCellStudy\bandwidthMeasurements\ALL#ALL#ALL#Up.csv,UPLINK,175,region_central_degraded,19680,UNRESOLVED
tmp\mosaic-25.2\logs\log-20260602-172233-MaGaCellStudy\bandwidthMeasurements\ALL#ALL#ALL#Up.csv,UPLINK,175,region_north_normal,0,UNRESOLVED
tmp\mosaic-25.2\logs\log-20260602-172233-MaGaCellStudy\bandwidthMeasurements\ALL#ALL#ALL#Up.csv,UPLINK,176,globalNetwork,0,UNRESOLVED
tmp\mosaic-25.2\logs\log-20260602-172233-MaGaCellStudy\bandwidthMeasurements\ALL#ALL#ALL#Up.csv,UPLINK,176,region_central_degraded,9840,UNRESOLVED
tmp\mosaic-25.2\logs\log-20260602-172233-MaGaCellStudy\bandwidthMeasurements\ALL#ALL#ALL#Up.csv,UPLINK,176,region_north_normal,0,UNRESOLVED
tmp\mosaic-25.2\logs\log-20260602-172233-MaGaCellStudy\bandwidthMeasurements\ALL#ALL#ALL#Up.csv,UPLINK,177,globalNetwork,0,UNRESOLVED
tmp\mosaic-25.2\logs\log-20260602-172233-MaGaCellStudy\bandwidthMeasurements\ALL#ALL#ALL#Up.csv,UPLINK,177,region_central_degraded,9840,UNRESOLVED
tmp\mosaic-25.2\logs\log-20260602-172233-MaGaCellStudy\bandwidthMeasurements\ALL#ALL#ALL#Up.csv,UPLINK,177,region_north_normal,0,UNRESOLVED
tmp\mosaic-25.2\logs\log-20260602-172233-MaGaCellStudy\bandwidthMeasurements\ALL#ALL#ALL#Up.csv,UPLINK,178,globalNetwork,0,UNRESOLVED
tmp\mosaic-25.2\logs\log-20260602-172233-MaGaCellStudy\bandwidthMeasurements\ALL#ALL#ALL#Up.csv,UPLINK,178,region_central_degraded,19680,UNRESOLVED
tmp\mosaic-25.2\logs\log-20260602-172233-MaGaCellStudy\bandwidthMeasurements\ALL#ALL#ALL#Up.csv,UPLINK,178,region_north_normal,0,UNRESOLVED
tmp\mosaic-25.2\logs\log-20260602-172233-MaGaCellStudy\bandwidthMeasurements\ALL#ALL#ALL#Up.csv,UPLINK,179,globalNetwork,0,UNRESOLVED
tmp\mosaic-25.2\logs\log-20260602-172233-MaGaCellStudy\bandwidthMeasurements\ALL#ALL#ALL#Up.csv,UPLINK,179,region_central_degraded,19680,UNRESOLVED
tmp\mosaic-25.2\logs\log-20260602-172233-MaGaCellStudy\bandwidthMeasurements\ALL#ALL#ALL#Up.csv,UPLINK,179,region_north_normal,0,UNRESOLVED
tmp\mosaic-25.2\logs\log-20260602-172233-MaGaCellStudy\bandwidthMeasurements\ALL#ALL#ALL#Up.csv,UPLINK,180,globalNetwork,0,UNRESOLVED
tmp\mosaic-25.2\logs\log-20260602-172233-MaGaCellStudy\bandwidthMeasurements\ALL#ALL#ALL#Up.csv,UPLINK,180,region_central_degraded,19680,UNRESOLVED
tmp\mosaic-25.2\logs\log-20260602-172233-MaGaCellStudy\bandwidthMeasurements\ALL#ALL#ALL#Up.csv,UPLINK,180,region_north_normal,0,UNRESOLVED
tmp\mosaic-25.2\logs\log-20260602-172233-MaGaCellStudy\bandwidthMeasurements\ALL#ALL#ALL#Up.csv,UPLINK,181,globalNetwork,0,UNRESOLVED
tmp\mosaic-25.2\logs\log-20260602-172233-MaGaCellStudy\bandwidthMeasurements\ALL#ALL#ALL#Up.csv,UPLINK,181,region_central_degraded,19680,UNRESOLVED
tmp\mosaic-25.2\logs\log-20260602-172233-MaGaCellStudy\bandwidthMeasurements\ALL#ALL#ALL#Up.csv,UPLINK,181,region_north_normal,0,UNRESOLVED
tmp\mosaic-25.2\logs\log-20260602-172233-MaGaCellStudy\bandwidthMeasurements\ALL#ALL#ALL#Up.csv,UPLINK,182,globalNetwork,0,UNRESOLVED
tmp\mosaic-25.2\logs\log-20260602-172233-MaGaCellStudy\bandwidthMeasurements\ALL#ALL#ALL#Up.csv,UPLINK,182,region_central_degraded,19680,UNRESOLVED
tmp\mosaic-25.2\logs\log-20260602-172233-MaGaCellStudy\bandwidthMeasurements\ALL#ALL#ALL#Up.csv,UPLINK,182,region_north_normal,0,UNRESOLVED
tmp\mosaic-25.2\logs\log-20260602-172233-MaGaCellStudy\bandwidthMeasurements\ALL#ALL#ALL#Up.csv,UPLINK,183,globalNetwork,0,UNRESOLVED
tmp\mosaic-25.2\logs\log-20260602-172233-MaGaCellStudy\bandwidthMeasurements\ALL#ALL#ALL#Up.csv,UPLINK,183,region_central_degraded,19680,UNRESOLVED
tmp\mosaic-25.2\logs\log-20260602-172233-MaGaCellStudy\bandwidthMeasurements\ALL#ALL#ALL#Up.csv,UPLINK,183,region_north_normal,0,UNRESOLVED
tmp\mosaic-25.2\logs\log-20260602-172233-MaGaCellStudy\bandwidthMeasurements\ALL#ALL#ALL#Up.csv,UPLINK,184,globalNetwork,0,UNRESOLVED
tmp\mosaic-25.2\logs\log-20260602-172233-MaGaCellStudy\bandwidthMeasurements\ALL#ALL#ALL#Up.csv,UPLINK,184,region_central_degraded,19680,UNRESOLVED
tmp\mosaic-25.2\logs\log-20260602-172233-MaGaCellStudy\bandwidthMeasurements\ALL#ALL#ALL#Up.csv,UPLINK,184,region_north_normal,0,UNRESOLVED
tmp\mosaic-25.2\logs\log-20260602-172233-MaGaCellStudy\bandwidthMeasurements\ALL#ALL#ALL#Up.csv,UPLINK,185,globalNetwork,0,UNRESOLVED
tmp\mosaic-25.2\logs\log-20260602-172233-MaGaCellStudy\bandwidthMeasurements\ALL#ALL#ALL#Up.csv,UPLINK,185,region_central_degraded,19680,UNRESOLVED
tmp\mosaic-25.2\logs\log-20260602-172233-MaGaCellStudy\bandwidthMeasurements\ALL#ALL#ALL#Up.csv,UPLINK,185,region_north_normal,0,UNRESOLVED
tmp\mosaic-25.2\logs\log-20260602-172233-MaGaCellStudy\bandwidthMeasurements\ALL#ALL#ALL#Up.csv,UPLINK,186,globalNetwork,0,UNRESOLVED
tmp\mosaic-25.2\logs\log-20260602-172233-MaGaCellStudy\bandwidthMeasurements\ALL#ALL#ALL#Up.csv,UPLINK,186,region_central_degraded,19680,UNRESOLVED
tmp\mosaic-25.2\logs\log-20260602-172233-MaGaCellStudy\bandwidthMeasurements\ALL#ALL#ALL#Up.csv,UPLINK,186,region_north_normal,0,UNRESOLVED
tmp\mosaic-25.2\logs\log-20260602-172233-MaGaCellStudy\bandwidthMeasurements\ALL#ALL#ALL#Up.csv,UPLINK,187,globalNetwork,0,UNRESOLVED
tmp\mosaic-25.2\logs\log-20260602-172233-MaGaCellStudy\bandwidthMeasurements\ALL#ALL#ALL#Up.csv,UPLINK,187,region_central_degraded,19680,UNRESOLVED
tmp\mosaic-25.2\logs\log-20260602-172233-MaGaCellStudy\bandwidthMeasurements\ALL#ALL#ALL#Up.csv,UPLINK,187,region_north_normal,0,UNRESOLVED
tmp\mosaic-25.2\logs\log-20260602-172233-MaGaCellStudy\bandwidthMeasurements\ALL#ALL#ALL#Up.csv,UPLINK,188,globalNetwork,0,UNRESOLVED
tmp\mosaic-25.2\logs\log-20260602-172233-MaGaCellStudy\bandwidthMeasurements\ALL#ALL#ALL#Up.csv,UPLINK,188,region_central_degraded,19680,UNRESOLVED
tmp\mosaic-25.2\logs\log-20260602-172233-MaGaCellStudy\bandwidthMeasurements\ALL#ALL#ALL#Up.csv,UPLINK,188,region_north_normal,0,UNRESOLVED
tmp\mosaic-25.2\logs\log-20260602-172233-MaGaCellStudy\bandwidthMeasurements\ALL#ALL#ALL#Up.csv,UPLINK,189,globalNetwork,0,UNRESOLVED
tmp\mosaic-25.2\logs\log-20260602-172233-MaGaCellStudy\bandwidthMeasurements\ALL#ALL#ALL#Up.csv,UPLINK,189,region_central_degraded,19680,UNRESOLVED
tmp\mosaic-25.2\logs\log-20260602-172233-MaGaCellStudy\bandwidthMeasurements\ALL#ALL#ALL#Up.csv,UPLINK,189,region_north_normal,0,UNRESOLVED
tmp\mosaic-25.2\logs\log-20260602-172233-MaGaCellStudy\bandwidthMeasurements\ALL#ALL#ALL#Up.csv,UPLINK,190,globalNetwork,0,UNRESOLVED
tmp\mosaic-25.2\logs\log-20260602-172233-MaGaCellStudy\bandwidthMeasurements\ALL#ALL#ALL#Up.csv,UPLINK,190,region_central_degraded,19680,UNRESOLVED
tmp\mosaic-25.2\logs\log-20260602-172233-MaGaCellStudy\bandwidthMeasurements\ALL#ALL#ALL#Up.csv,UPLINK,190,region_north_normal,0,UNRESOLVED
tmp\mosaic-25.2\logs\log-20260602-172233-MaGaCellStudy\bandwidthMeasurements\ALL#ALL#ALL#Up.csv,UPLINK,191,globalNetwork,0,UNRESOLVED
tmp\mosaic-25.2\logs\log-20260602-172233-MaGaCellStudy\bandwidthMeasurements\ALL#ALL#ALL#Up.csv,UPLINK,191,region_central_degraded,19680,UNRESOLVED
tmp\mosaic-25.2\logs\log-20260602-172233-MaGaCellStudy\bandwidthMeasurements\ALL#ALL#ALL#Up.csv,UPLINK,191,region_north_normal,0,UNRESOLVED
tmp\mosaic-25.2\logs\log-20260602-172233-MaGaCellStudy\bandwidthMeasurements\ALL#ALL#ALL#Up.csv,UPLINK,192,globalNetwork,0,UNRESOLVED
tmp\mosaic-25.2\logs\log-20260602-172233-MaGaCellStudy\bandwidthMeasurements\ALL#ALL#ALL#Up.csv,UPLINK,192,region_central_degraded,19680,UNRESOLVED
tmp\mosaic-25.2\logs\log-20260602-172233-MaGaCellStudy\bandwidthMeasurements\ALL#ALL#ALL#Up.csv,UPLINK,192,region_north_normal,0,UNRESOLVED
tmp\mosaic-25.2\logs\log-20260602-172233-MaGaCellStudy\bandwidthMeasurements\ALL#ALL#ALL#Up.csv,UPLINK,193,globalNetwork,0,UNRESOLVED
tmp\mosaic-25.2\logs\log-20260602-172233-MaGaCellStudy\bandwidthMeasurements\ALL#ALL#ALL#Up.csv,UPLINK,193,region_central_degraded,19680,UNRESOLVED
tmp\mosaic-25.2\logs\log-20260602-172233-MaGaCellStudy\bandwidthMeasurements\ALL#ALL#ALL#Up.csv,UPLINK,193,region_north_normal,0,UNRESOLVED
tmp\mosaic-25.2\logs\log-20260602-172233-MaGaCellStudy\bandwidthMeasurements\ALL#ALL#ALL#Up.csv,UPLINK,194,globalNetwork,0,UNRESOLVED
tmp\mosaic-25.2\logs\log-20260602-172233-MaGaCellStudy\bandwidthMeasurements\ALL#ALL#ALL#Up.csv,UPLINK,194,region_central_degraded,19680,UNRESOLVED
tmp\mosaic-25.2\logs\log-20260602-172233-MaGaCellStudy\bandwidthMeasurements\ALL#ALL#ALL#Up.csv,UPLINK,194,region_north_normal,0,UNRESOLVED
tmp\mosaic-25.2\logs\log-20260602-172233-MaGaCellStudy\bandwidthMeasurements\ALL#ALL#ALL#Up.csv,UPLINK,195,globalNetwork,0,UNRESOLVED
tmp\mosaic-25.2\logs\log-20260602-172233-MaGaCellStudy\bandwidthMeasurements\ALL#ALL#ALL#Up.csv,UPLINK,195,region_central_degraded,19680,UNRESOLVED
tmp\mosaic-25.2\logs\log-20260602-172233-MaGaCellStudy\bandwidthMeasurements\ALL#ALL#ALL#Up.csv,UPLINK,195,region_north_normal,0,UNRESOLVED
tmp\mosaic-25.2\logs\log-20260602-172233-MaGaCellStudy\bandwidthMeasurements\ALL#ALL#ALL#Up.csv,UPLINK,196,globalNetwork,0,UNRESOLVED
tmp\mosaic-25.2\logs\log-20260602-172233-MaGaCellStudy\bandwidthMeasurements\ALL#ALL#ALL#Up.csv,UPLINK,196,region_central_degraded,19680,UNRESOLVED
tmp\mosaic-25.2\logs\log-20260602-172233-MaGaCellStudy\bandwidthMeasurements\ALL#ALL#ALL#Up.csv,UPLINK,196,region_north_normal,0,UNRESOLVED
tmp\mosaic-25.2\logs\log-20260602-172233-MaGaCellStudy\bandwidthMeasurements\ALL#ALL#ALL#Up.csv,UPLINK,197,globalNetwork,0,UNRESOLVED
tmp\mosaic-25.2\logs\log-20260602-172233-MaGaCellStudy\bandwidthMeasurements\ALL#ALL#ALL#Up.csv,UPLINK,197,region_central_degraded,19680,UNRESOLVED
tmp\mosaic-25.2\logs\log-20260602-172233-MaGaCellStudy\bandwidthMeasurements\ALL#ALL#ALL#Up.csv,UPLINK,197,region_north_normal,0,UNRESOLVED
tmp\mosaic-25.2\logs\log-20260602-172233-MaGaCellStudy\bandwidthMeasurements\ALL#ALL#ALL#Up.csv,UPLINK,198,globalNetwork,0,UNRESOLVED
tmp\mosaic-25.2\logs\log-20260602-172233-MaGaCellStudy\bandwidthMeasurements\ALL#ALL#ALL#Up.csv,UPLINK,198,region_central_degraded,19680,UNRESOLVED
tmp\mosaic-25.2\logs\log-20260602-172233-MaGaCellStudy\bandwidthMeasurements\ALL#ALL#ALL#Up.csv,UPLINK,198,region_north_normal,0,UNRESOLVED
tmp\mosaic-25.2\logs\log-20260602-172233-MaGaCellStudy\bandwidthMeasurements\ALL#ALL#ALL#Up.csv,UPLINK,199,globalNetwork,0,UNRESOLVED
tmp\mosaic-25.2\logs\log-20260602-172233-MaGaCellStudy\bandwidthMeasurements\ALL#ALL#ALL#Up.csv,UPLINK,199,region_central_degraded,19680,UNRESOLVED
tmp\mosaic-25.2\logs\log-20260602-172233-MaGaCellStudy\bandwidthMeasurements\ALL#ALL#ALL#Up.csv,UPLINK,199,region_north_normal,0,UNRESOLVED
tmp\mosaic-25.2\logs\log-20260602-172233-MaGaCellStudy\bandwidthMeasurements\ALL#ALL#ALL#Up.csv,UPLINK,200,globalNetwork,0,UNRESOLVED
tmp\mosaic-25.2\logs\log-20260602-172233-MaGaCellStudy\bandwidthMeasurements\ALL#ALL#ALL#Up.csv,UPLINK,200,region_central_degraded,19680,UNRESOLVED
tmp\mosaic-25.2\logs\log-20260602-172233-MaGaCellStudy\bandwidthMeasurements\ALL#ALL#ALL#Up.csv,UPLINK,200,region_north_normal,0,UNRESOLVED
tmp\mosaic-25.2\logs\log-20260602-172233-MaGaCellStudy\bandwidthMeasurements\ALL#ALL#ALL#Up.csv,UPLINK,201,globalNetwork,0,UNRESOLVED
tmp\mosaic-25.2\logs\log-20260602-172233-MaGaCellStudy\bandwidthMeasurements\ALL#ALL#ALL#Up.csv,UPLINK,201,region_central_degraded,19680,UNRESOLVED
tmp\mosaic-25.2\logs\log-20260602-172233-MaGaCellStudy\bandwidthMeasurements\ALL#ALL#ALL#Up.csv,UPLINK,201,region_north_normal,0,UNRESOLVED
tmp\mosaic-25.2\logs\log-20260602-172233-MaGaCellStudy\bandwidthMeasurements\ALL#ALL#ALL#Up.csv,UPLINK,202,globalNetwork,0,UNRESOLVED
tmp\mosaic-25.2\logs\log-20260602-172233-MaGaCellStudy\bandwidthMeasurements\ALL#ALL#ALL#Up.csv,UPLINK,202,region_central_degraded,19680,UNRESOLVED
tmp\mosaic-25.2\logs\log-20260602-172233-MaGaCellStudy\bandwidthMeasurements\ALL#ALL#ALL#Up.csv,UPLINK,202,region_north_normal,0,UNRESOLVED
tmp\mosaic-25.2\logs\log-20260602-172233-MaGaCellStudy\bandwidthMeasurements\ALL#ALL#ALL#Up.csv,UPLINK,203,globalNetwork,0,UNRESOLVED
tmp\mosaic-25.2\logs\log-20260602-172233-MaGaCellStudy\bandwidthMeasurements\ALL#ALL#ALL#Up.csv,UPLINK,203,region_central_degraded,19680,UNRESOLVED
tmp\mosaic-25.2\logs\log-20260602-172233-MaGaCellStudy\bandwidthMeasurements\ALL#ALL#ALL#Up.csv,UPLINK,203,region_north_normal,0,UNRESOLVED
tmp\mosaic-25.2\logs\log-20260602-172233-MaGaCellStudy\bandwidthMeasurements\ALL#ALL#ALL#Up.csv,UPLINK,204,globalNetwork,0,UNRESOLVED
tmp\mosaic-25.2\logs\log-20260602-172233-MaGaCellStudy\bandwidthMeasurements\ALL#ALL#ALL#Up.csv,UPLINK,204,region_central_degraded,19680,UNRESOLVED
tmp\mosaic-25.2\logs\log-20260602-172233-MaGaCellStudy\bandwidthMeasurements\ALL#ALL#ALL#Up.csv,UPLINK,204,region_north_normal,0,UNRESOLVED
tmp\mosaic-25.2\logs\log-20260602-172233-MaGaCellStudy\bandwidthMeasurements\ALL#ALL#ALL#Up.csv,UPLINK,205,globalNetwork,0,UNRESOLVED
tmp\mosaic-25.2\logs\log-20260602-172233-MaGaCellStudy\bandwidthMeasurements\ALL#ALL#ALL#Up.csv,UPLINK,205,region_central_degraded,19680,UNRESOLVED
tmp\mosaic-25.2\logs\log-20260602-172233-MaGaCellStudy\bandwidthMeasurements\ALL#ALL#ALL#Up.csv,UPLINK,205,region_north_normal,0,UNRESOLVED
tmp\mosaic-25.2\logs\log-20260602-172233-MaGaCellStudy\bandwidthMeasurements\ALL#ALL#ALL#Up.csv,UPLINK,206,globalNetwork,0,UNRESOLVED
tmp\mosaic-25.2\logs\log-20260602-172233-MaGaCellStudy\bandwidthMeasurements\ALL#ALL#ALL#Up.csv,UPLINK,206,region_central_degraded,19680,UNRESOLVED
tmp\mosaic-25.2\logs\log-20260602-172233-MaGaCellStudy\bandwidthMeasurements\ALL#ALL#ALL#Up.csv,UPLINK,206,region_north_normal,0,UNRESOLVED
tmp\mosaic-25.2\logs\log-20260602-172233-MaGaCellStudy\bandwidthMeasurements\ALL#ALL#ALL#Up.csv,UPLINK,207,globalNetwork,0,UNRESOLVED
tmp\mosaic-25.2\logs\log-20260602-172233-MaGaCellStudy\bandwidthMeasurements\ALL#ALL#ALL#Up.csv,UPLINK,207,region_central_degraded,19680,UNRESOLVED
tmp\mosaic-25.2\logs\log-20260602-172233-MaGaCellStudy\bandwidthMeasurements\ALL#ALL#ALL#Up.csv,UPLINK,207,region_north_normal,0,UNRESOLVED
tmp\mosaic-25.2\logs\log-20260602-172233-MaGaCellStudy\bandwidthMeasurements\ALL#ALL#ALL#Up.csv,UPLINK,208,globalNetwork,0,UNRESOLVED
tmp\mosaic-25.2\logs\log-20260602-172233-MaGaCellStudy\bandwidthMeasurements\ALL#ALL#ALL#Up.csv,UPLINK,208,region_central_degraded,19680,UNRESOLVED
tmp\mosaic-25.2\logs\log-20260602-172233-MaGaCellStudy\bandwidthMeasurements\ALL#ALL#ALL#Up.csv,UPLINK,208,region_north_normal,0,UNRESOLVED
tmp\mosaic-25.2\logs\log-20260602-172233-MaGaCellStudy\bandwidthMeasurements\ALL#ALL#ALL#Up.csv,UPLINK,209,globalNetwork,0,UNRESOLVED
tmp\mosaic-25.2\logs\log-20260602-172233-MaGaCellStudy\bandwidthMeasurements\ALL#ALL#ALL#Up.csv,UPLINK,209,region_central_degraded,19680,UNRESOLVED
tmp\mosaic-25.2\logs\log-20260602-172233-MaGaCellStudy\bandwidthMeasurements\ALL#ALL#ALL#Up.csv,UPLINK,209,region_north_normal,0,UNRESOLVED
tmp\mosaic-25.2\logs\log-20260602-172233-MaGaCellStudy\bandwidthMeasurements\ALL#ALL#ALL#Up.csv,UPLINK,210,globalNetwork,0,UNRESOLVED
tmp\mosaic-25.2\logs\log-20260602-172233-MaGaCellStudy\bandwidthMeasurements\ALL#ALL#ALL#Up.csv,UPLINK,210,region_central_degraded,19680,UNRESOLVED
tmp\mosaic-25.2\logs\log-20260602-172233-MaGaCellStudy\bandwidthMeasurements\ALL#ALL#ALL#Up.csv,UPLINK,210,region_north_normal,0,UNRESOLVED
tmp\mosaic-25.2\logs\log-20260602-172233-MaGaCellStudy\bandwidthMeasurements\ALL#ALL#ALL#Up.csv,UPLINK,211,globalNetwork,0,UNRESOLVED
tmp\mosaic-25.2\logs\log-20260602-172233-MaGaCellStudy\bandwidthMeasurements\ALL#ALL#ALL#Up.csv,UPLINK,211,region_central_degraded,19680,UNRESOLVED
tmp\mosaic-25.2\logs\log-20260602-172233-MaGaCellStudy\bandwidthMeasurements\ALL#ALL#ALL#Up.csv,UPLINK,211,region_north_normal,0,UNRESOLVED
tmp\mosaic-25.2\logs\log-20260602-172233-MaGaCellStudy\bandwidthMeasurements\ALL#ALL#ALL#Up.csv,UPLINK,212,globalNetwork,0,UNRESOLVED
tmp\mosaic-25.2\logs\log-20260602-172233-MaGaCellStudy\bandwidthMeasurements\ALL#ALL#ALL#Up.csv,UPLINK,212,region_central_degraded,19680,UNRESOLVED
tmp\mosaic-25.2\logs\log-20260602-172233-MaGaCellStudy\bandwidthMeasurements\ALL#ALL#ALL#Up.csv,UPLINK,212,region_north_normal,0,UNRESOLVED
tmp\mosaic-25.2\logs\log-20260602-172233-MaGaCellStudy\bandwidthMeasurements\ALL#ALL#ALL#Up.csv,UPLINK,213,globalNetwork,0,UNRESOLVED
tmp\mosaic-25.2\logs\log-20260602-172233-MaGaCellStudy\bandwidthMeasurements\ALL#ALL#ALL#Up.csv,UPLINK,213,region_central_degraded,9840,UNRESOLVED
tmp\mosaic-25.2\logs\log-20260602-172233-MaGaCellStudy\bandwidthMeasurements\ALL#ALL#ALL#Up.csv,UPLINK,213,region_north_normal,0,UNRESOLVED
tmp\mosaic-25.2\logs\log-20260602-172233-MaGaCellStudy\bandwidthMeasurements\ALL#ALL#ALL#Up.csv,UPLINK,214,globalNetwork,0,UNRESOLVED
tmp\mosaic-25.2\logs\log-20260602-172233-MaGaCellStudy\bandwidthMeasurements\ALL#ALL#ALL#Up.csv,UPLINK,214,region_central_degraded,19680,UNRESOLVED
tmp\mosaic-25.2\logs\log-20260602-172233-MaGaCellStudy\bandwidthMeasurements\ALL#ALL#ALL#Up.csv,UPLINK,214,region_north_normal,0,UNRESOLVED
tmp\mosaic-25.2\logs\log-20260602-172233-MaGaCellStudy\bandwidthMeasurements\ALL#ALL#ALL#Up.csv,UPLINK,215,globalNetwork,0,UNRESOLVED
tmp\mosaic-25.2\logs\log-20260602-172233-MaGaCellStudy\bandwidthMeasurements\ALL#ALL#ALL#Up.csv,UPLINK,215,region_central_degraded,19680,UNRESOLVED
tmp\mosaic-25.2\logs\log-20260602-172233-MaGaCellStudy\bandwidthMeasurements\ALL#ALL#ALL#Up.csv,UPLINK,215,region_north_normal,0,UNRESOLVED
tmp\mosaic-25.2\logs\log-20260602-172233-MaGaCellStudy\bandwidthMeasurements\ALL#ALL#ALL#Up.csv,UPLINK,216,globalNetwork,0,UNRESOLVED
tmp\mosaic-25.2\logs\log-20260602-172233-MaGaCellStudy\bandwidthMeasurements\ALL#ALL#ALL#Up.csv,UPLINK,216,region_central_degraded,19680,UNRESOLVED
tmp\mosaic-25.2\logs\log-20260602-172233-MaGaCellStudy\bandwidthMeasurements\ALL#ALL#ALL#Up.csv,UPLINK,216,region_north_normal,0,UNRESOLVED
tmp\mosaic-25.2\logs\log-20260602-172233-MaGaCellStudy\bandwidthMeasurements\ALL#ALL#ALL#Up.csv,UPLINK,217,globalNetwork,0,UNRESOLVED
tmp\mosaic-25.2\logs\log-20260602-172233-MaGaCellStudy\bandwidthMeasurements\ALL#ALL#ALL#Up.csv,UPLINK,217,region_central_degraded,19680,UNRESOLVED
tmp\mosaic-25.2\logs\log-20260602-172233-MaGaCellStudy\bandwidthMeasurements\ALL#ALL#ALL#Up.csv,UPLINK,217,region_north_normal,0,UNRESOLVED
tmp\mosaic-25.2\logs\log-20260602-172233-MaGaCellStudy\bandwidthMeasurements\ALL#ALL#ALL#Up.csv,UPLINK,218,globalNetwork,0,UNRESOLVED
tmp\mosaic-25.2\logs\log-20260602-172233-MaGaCellStudy\bandwidthMeasurements\ALL#ALL#ALL#Up.csv,UPLINK,218,region_central_degraded,19680,UNRESOLVED
tmp\mosaic-25.2\logs\log-20260602-172233-MaGaCellStudy\bandwidthMeasurements\ALL#ALL#ALL#Up.csv,UPLINK,218,region_north_normal,0,UNRESOLVED
tmp\mosaic-25.2\logs\log-20260602-172233-MaGaCellStudy\bandwidthMeasurements\ALL#ALL#ALL#Up.csv,UPLINK,219,globalNetwork,0,UNRESOLVED
tmp\mosaic-25.2\logs\log-20260602-172233-MaGaCellStudy\bandwidthMeasurements\ALL#ALL#ALL#Up.csv,UPLINK,219,region_central_degraded,19680,UNRESOLVED
tmp\mosaic-25.2\logs\log-20260602-172233-MaGaCellStudy\bandwidthMeasurements\ALL#ALL#ALL#Up.csv,UPLINK,219,region_north_normal,0,UNRESOLVED
tmp\mosaic-25.2\logs\log-20260602-172233-MaGaCellStudy\bandwidthMeasurements\ALL#ALL#ALL#Up.csv,UPLINK,220,globalNetwork,0,UNRESOLVED
tmp\mosaic-25.2\logs\log-20260602-172233-MaGaCellStudy\bandwidthMeasurements\ALL#ALL#ALL#Up.csv,UPLINK,220,region_central_degraded,19680,UNRESOLVED
tmp\mosaic-25.2\logs\log-20260602-172233-MaGaCellStudy\bandwidthMeasurements\ALL#ALL#ALL#Up.csv,UPLINK,220,region_north_normal,0,UNRESOLVED
tmp\mosaic-25.2\logs\log-20260602-172233-MaGaCellStudy\bandwidthMeasurements\ALL#ALL#ALL#Up.csv,UPLINK,221,globalNetwork,0,UNRESOLVED
tmp\mosaic-25.2\logs\log-20260602-172233-MaGaCellStudy\bandwidthMeasurements\ALL#ALL#ALL#Up.csv,UPLINK,221,region_central_degraded,19680,UNRESOLVED
tmp\mosaic-25.2\logs\log-20260602-172233-MaGaCellStudy\bandwidthMeasurements\ALL#ALL#ALL#Up.csv,UPLINK,221,region_north_normal,0,UNRESOLVED
tmp\mosaic-25.2\logs\log-20260602-172233-MaGaCellStudy\bandwidthMeasurements\ALL#ALL#ALL#Up.csv,UPLINK,222,globalNetwork,0,UNRESOLVED
tmp\mosaic-25.2\logs\log-20260602-172233-MaGaCellStudy\bandwidthMeasurements\ALL#ALL#ALL#Up.csv,UPLINK,222,region_central_degraded,19680,UNRESOLVED
tmp\mosaic-25.2\logs\log-20260602-172233-MaGaCellStudy\bandwidthMeasurements\ALL#ALL#ALL#Up.csv,UPLINK,222,region_north_normal,0,UNRESOLVED
tmp\mosaic-25.2\logs\log-20260602-172233-MaGaCellStudy\bandwidthMeasurements\ALL#ALL#ALL#Up.csv,UPLINK,223,globalNetwork,0,UNRESOLVED
tmp\mosaic-25.2\logs\log-20260602-172233-MaGaCellStudy\bandwidthMeasurements\ALL#ALL#ALL#Up.csv,UPLINK,223,region_central_degraded,19680,UNRESOLVED
tmp\mosaic-25.2\logs\log-20260602-172233-MaGaCellStudy\bandwidthMeasurements\ALL#ALL#ALL#Up.csv,UPLINK,223,region_north_normal,0,UNRESOLVED
tmp\mosaic-25.2\logs\log-20260602-172233-MaGaCellStudy\bandwidthMeasurements\ALL#ALL#ALL#Up.csv,UPLINK,224,globalNetwork,0,UNRESOLVED
tmp\mosaic-25.2\logs\log-20260602-172233-MaGaCellStudy\bandwidthMeasurements\ALL#ALL#ALL#Up.csv,UPLINK,224,region_central_degraded,19680,UNRESOLVED
tmp\mosaic-25.2\logs\log-20260602-172233-MaGaCellStudy\bandwidthMeasurements\ALL#ALL#ALL#Up.csv,UPLINK,224,region_north_normal,0,UNRESOLVED
tmp\mosaic-25.2\logs\log-20260602-172233-MaGaCellStudy\bandwidthMeasurements\ALL#ALL#ALL#Up.csv,UPLINK,225,globalNetwork,0,UNRESOLVED
tmp\mosaic-25.2\logs\log-20260602-172233-MaGaCellStudy\bandwidthMeasurements\ALL#ALL#ALL#Up.csv,UPLINK,225,region_central_degraded,19680,UNRESOLVED
tmp\mosaic-25.2\logs\log-20260602-172233-MaGaCellStudy\bandwidthMeasurements\ALL#ALL#ALL#Up.csv,UPLINK,225,region_north_normal,0,UNRESOLVED
tmp\mosaic-25.2\logs\log-20260602-172233-MaGaCellStudy\bandwidthMeasurements\ALL#ALL#ALL#Up.csv,UPLINK,226,globalNetwork,0,UNRESOLVED
tmp\mosaic-25.2\logs\log-20260602-172233-MaGaCellStudy\bandwidthMeasurements\ALL#ALL#ALL#Up.csv,UPLINK,226,region_central_degraded,9840,UNRESOLVED
tmp\mosaic-25.2\logs\log-20260602-172233-MaGaCellStudy\bandwidthMeasurements\ALL#ALL#ALL#Up.csv,UPLINK,226,region_north_normal,0,UNRESOLVED
tmp\mosaic-25.2\logs\log-20260602-172233-MaGaCellStudy\bandwidthMeasurements\ALL#ALL#ALL#Up.csv,UPLINK,227,globalNetwork,0,UNRESOLVED
tmp\mosaic-25.2\logs\log-20260602-172233-MaGaCellStudy\bandwidthMeasurements\ALL#ALL#ALL#Up.csv,UPLINK,227,region_central_degraded,19680,UNRESOLVED
tmp\mosaic-25.2\logs\log-20260602-172233-MaGaCellStudy\bandwidthMeasurements\ALL#ALL#ALL#Up.csv,UPLINK,227,region_north_normal,0,UNRESOLVED
tmp\mosaic-25.2\logs\log-20260602-172233-MaGaCellStudy\bandwidthMeasurements\ALL#ALL#ALL#Up.csv,UPLINK,228,globalNetwork,0,UNRESOLVED
tmp\mosaic-25.2\logs\log-20260602-172233-MaGaCellStudy\bandwidthMeasurements\ALL#ALL#ALL#Up.csv,UPLINK,228,region_central_degraded,19680,UNRESOLVED
tmp\mosaic-25.2\logs\log-20260602-172233-MaGaCellStudy\bandwidthMeasurements\ALL#ALL#ALL#Up.csv,UPLINK,228,region_north_normal,0,UNRESOLVED
tmp\mosaic-25.2\logs\log-20260602-172233-MaGaCellStudy\bandwidthMeasurements\ALL#ALL#ALL#Up.csv,UPLINK,229,globalNetwork,0,UNRESOLVED
tmp\mosaic-25.2\logs\log-20260602-172233-MaGaCellStudy\bandwidthMeasurements\ALL#ALL#ALL#Up.csv,UPLINK,229,region_central_degraded,19680,UNRESOLVED
tmp\mosaic-25.2\logs\log-20260602-172233-MaGaCellStudy\bandwidthMeasurements\ALL#ALL#ALL#Up.csv,UPLINK,229,region_north_normal,0,UNRESOLVED
tmp\mosaic-25.2\logs\log-20260602-172233-MaGaCellStudy\bandwidthMeasurements\ALL#ALL#ALL#Up.csv,UPLINK,230,globalNetwork,0,UNRESOLVED
tmp\mosaic-25.2\logs\log-20260602-172233-MaGaCellStudy\bandwidthMeasurements\ALL#ALL#ALL#Up.csv,UPLINK,230,region_central_degraded,9840,UNRESOLVED
tmp\mosaic-25.2\logs\log-20260602-172233-MaGaCellStudy\bandwidthMeasurements\ALL#ALL#ALL#Up.csv,UPLINK,230,region_north_normal,0,UNRESOLVED
tmp\mosaic-25.2\logs\log-20260602-172233-MaGaCellStudy\bandwidthMeasurements\ALL#ALL#ALL#Up.csv,UPLINK,231,globalNetwork,0,UNRESOLVED
tmp\mosaic-25.2\logs\log-20260602-172233-MaGaCellStudy\bandwidthMeasurements\ALL#ALL#ALL#Up.csv,UPLINK,231,region_central_degraded,19680,UNRESOLVED
tmp\mosaic-25.2\logs\log-20260602-172233-MaGaCellStudy\bandwidthMeasurements\ALL#ALL#ALL#Up.csv,UPLINK,231,region_north_normal,0,UNRESOLVED
tmp\mosaic-25.2\logs\log-20260602-172233-MaGaCellStudy\bandwidthMeasurements\ALL#ALL#ALL#Up.csv,UPLINK,232,globalNetwork,0,UNRESOLVED
tmp\mosaic-25.2\logs\log-20260602-172233-MaGaCellStudy\bandwidthMeasurements\ALL#ALL#ALL#Up.csv,UPLINK,232,region_central_degraded,19680,UNRESOLVED
tmp\mosaic-25.2\logs\log-20260602-172233-MaGaCellStudy\bandwidthMeasurements\ALL#ALL#ALL#Up.csv,UPLINK,232,region_north_normal,0,UNRESOLVED
tmp\mosaic-25.2\logs\log-20260602-172233-MaGaCellStudy\bandwidthMeasurements\ALL#ALL#ALL#Up.csv,UPLINK,233,globalNetwork,0,UNRESOLVED
tmp\mosaic-25.2\logs\log-20260602-172233-MaGaCellStudy\bandwidthMeasurements\ALL#ALL#ALL#Up.csv,UPLINK,233,region_central_degraded,19680,UNRESOLVED
tmp\mosaic-25.2\logs\log-20260602-172233-MaGaCellStudy\bandwidthMeasurements\ALL#ALL#ALL#Up.csv,UPLINK,233,region_north_normal,0,UNRESOLVED
tmp\mosaic-25.2\logs\log-20260602-172233-MaGaCellStudy\bandwidthMeasurements\ALL#ALL#ALL#Up.csv,UPLINK,234,globalNetwork,0,UNRESOLVED
tmp\mosaic-25.2\logs\log-20260602-172233-MaGaCellStudy\bandwidthMeasurements\ALL#ALL#ALL#Up.csv,UPLINK,234,region_central_degraded,19680,UNRESOLVED
tmp\mosaic-25.2\logs\log-20260602-172233-MaGaCellStudy\bandwidthMeasurements\ALL#ALL#ALL#Up.csv,UPLINK,234,region_north_normal,0,UNRESOLVED
tmp\mosaic-25.2\logs\log-20260602-172233-MaGaCellStudy\bandwidthMeasurements\ALL#ALL#ALL#Up.csv,UPLINK,235,globalNetwork,0,UNRESOLVED
tmp\mosaic-25.2\logs\log-20260602-172233-MaGaCellStudy\bandwidthMeasurements\ALL#ALL#ALL#Up.csv,UPLINK,235,region_central_degraded,19680,UNRESOLVED
tmp\mosaic-25.2\logs\log-20260602-172233-MaGaCellStudy\bandwidthMeasurements\ALL#ALL#ALL#Up.csv,UPLINK,235,region_north_normal,0,UNRESOLVED
tmp\mosaic-25.2\logs\log-20260602-172233-MaGaCellStudy\bandwidthMeasurements\ALL#ALL#ALL#Up.csv,UPLINK,236,globalNetwork,0,UNRESOLVED
tmp\mosaic-25.2\logs\log-20260602-172233-MaGaCellStudy\bandwidthMeasurements\ALL#ALL#ALL#Up.csv,UPLINK,236,region_central_degraded,19680,UNRESOLVED
tmp\mosaic-25.2\logs\log-20260602-172233-MaGaCellStudy\bandwidthMeasurements\ALL#ALL#ALL#Up.csv,UPLINK,236,region_north_normal,0,UNRESOLVED
tmp\mosaic-25.2\logs\log-20260602-172233-MaGaCellStudy\bandwidthMeasurements\ALL#ALL#ALL#Up.csv,UPLINK,237,globalNetwork,0,UNRESOLVED
tmp\mosaic-25.2\logs\log-20260602-172233-MaGaCellStudy\bandwidthMeasurements\ALL#ALL#ALL#Up.csv,UPLINK,237,region_central_degraded,19680,UNRESOLVED
tmp\mosaic-25.2\logs\log-20260602-172233-MaGaCellStudy\bandwidthMeasurements\ALL#ALL#ALL#Up.csv,UPLINK,237,region_north_normal,0,UNRESOLVED
tmp\mosaic-25.2\logs\log-20260602-172233-MaGaCellStudy\bandwidthMeasurements\ALL#ALL#ALL#Up.csv,UPLINK,238,globalNetwork,0,UNRESOLVED
tmp\mosaic-25.2\logs\log-20260602-172233-MaGaCellStudy\bandwidthMeasurements\ALL#ALL#ALL#Up.csv,UPLINK,238,region_central_degraded,19680,UNRESOLVED
tmp\mosaic-25.2\logs\log-20260602-172233-MaGaCellStudy\bandwidthMeasurements\ALL#ALL#ALL#Up.csv,UPLINK,238,region_north_normal,0,UNRESOLVED
tmp\mosaic-25.2\logs\log-20260602-172233-MaGaCellStudy\bandwidthMeasurements\ALL#ALL#ALL#Up.csv,UPLINK,239,globalNetwork,0,UNRESOLVED
tmp\mosaic-25.2\logs\log-20260602-172233-MaGaCellStudy\bandwidthMeasurements\ALL#ALL#ALL#Up.csv,UPLINK,239,region_central_degraded,19680,UNRESOLVED
tmp\mosaic-25.2\logs\log-20260602-172233-MaGaCellStudy\bandwidthMeasurements\ALL#ALL#ALL#Up.csv,UPLINK,239,region_north_normal,0,UNRESOLVED
tmp\mosaic-25.2\logs\log-20260602-172233-MaGaCellStudy\bandwidthMeasurements\ALL#ALL#ALL#Up.csv,UPLINK,240,globalNetwork,0,UNRESOLVED
tmp\mosaic-25.2\logs\log-20260602-172233-MaGaCellStudy\bandwidthMeasurements\ALL#ALL#ALL#Up.csv,UPLINK,240,region_central_degraded,19680,UNRESOLVED
tmp\mosaic-25.2\logs\log-20260602-172233-MaGaCellStudy\bandwidthMeasurements\ALL#ALL#ALL#Up.csv,UPLINK,240,region_north_normal,0,UNRESOLVED
tmp\mosaic-25.2\logs\log-20260602-172233-MaGaCellStudy\bandwidthMeasurements\ALL#ALL#ALL#Up.csv,UPLINK,241,globalNetwork,0,UNRESOLVED
tmp\mosaic-25.2\logs\log-20260602-172233-MaGaCellStudy\bandwidthMeasurements\ALL#ALL#ALL#Up.csv,UPLINK,241,region_central_degraded,19680,UNRESOLVED
tmp\mosaic-25.2\logs\log-20260602-172233-MaGaCellStudy\bandwidthMeasurements\ALL#ALL#ALL#Up.csv,UPLINK,241,region_north_normal,0,UNRESOLVED
tmp\mosaic-25.2\logs\log-20260602-172233-MaGaCellStudy\bandwidthMeasurements\ALL#ALL#ALL#Up.csv,UPLINK,242,globalNetwork,0,UNRESOLVED
tmp\mosaic-25.2\logs\log-20260602-172233-MaGaCellStudy\bandwidthMeasurements\ALL#ALL#ALL#Up.csv,UPLINK,242,region_central_degraded,19680,UNRESOLVED
tmp\mosaic-25.2\logs\log-20260602-172233-MaGaCellStudy\bandwidthMeasurements\ALL#ALL#ALL#Up.csv,UPLINK,242,region_north_normal,0,UNRESOLVED
tmp\mosaic-25.2\logs\log-20260602-172233-MaGaCellStudy\bandwidthMeasurements\ALL#ALL#ALL#Up.csv,UPLINK,243,globalNetwork,0,UNRESOLVED
tmp\mosaic-25.2\logs\log-20260602-172233-MaGaCellStudy\bandwidthMeasurements\ALL#ALL#ALL#Up.csv,UPLINK,243,region_central_degraded,19680,UNRESOLVED
tmp\mosaic-25.2\logs\log-20260602-172233-MaGaCellStudy\bandwidthMeasurements\ALL#ALL#ALL#Up.csv,UPLINK,243,region_north_normal,0,UNRESOLVED
tmp\mosaic-25.2\logs\log-20260602-172233-MaGaCellStudy\bandwidthMeasurements\ALL#ALL#ALL#Up.csv,UPLINK,244,globalNetwork,0,UNRESOLVED
tmp\mosaic-25.2\logs\log-20260602-172233-MaGaCellStudy\bandwidthMeasurements\ALL#ALL#ALL#Up.csv,UPLINK,244,region_central_degraded,19680,UNRESOLVED
tmp\mosaic-25.2\logs\log-20260602-172233-MaGaCellStudy\bandwidthMeasurements\ALL#ALL#ALL#Up.csv,UPLINK,244,region_north_normal,0,UNRESOLVED
tmp\mosaic-25.2\logs\log-20260602-172233-MaGaCellStudy\bandwidthMeasurements\ALL#ALL#ALL#Up.csv,UPLINK,245,globalNetwork,0,UNRESOLVED
tmp\mosaic-25.2\logs\log-20260602-172233-MaGaCellStudy\bandwidthMeasurements\ALL#ALL#ALL#Up.csv,UPLINK,245,region_central_degraded,19680,UNRESOLVED
tmp\mosaic-25.2\logs\log-20260602-172233-MaGaCellStudy\bandwidthMeasurements\ALL#ALL#ALL#Up.csv,UPLINK,245,region_north_normal,0,UNRESOLVED
tmp\mosaic-25.2\logs\log-20260602-172233-MaGaCellStudy\bandwidthMeasurements\ALL#ALL#ALL#Up.csv,UPLINK,246,globalNetwork,0,UNRESOLVED
tmp\mosaic-25.2\logs\log-20260602-172233-MaGaCellStudy\bandwidthMeasurements\ALL#ALL#ALL#Up.csv,UPLINK,246,region_central_degraded,19680,UNRESOLVED
tmp\mosaic-25.2\logs\log-20260602-172233-MaGaCellStudy\bandwidthMeasurements\ALL#ALL#ALL#Up.csv,UPLINK,246,region_north_normal,0,UNRESOLVED
tmp\mosaic-25.2\logs\log-20260602-172233-MaGaCellStudy\bandwidthMeasurements\ALL#ALL#ALL#Up.csv,UPLINK,247,globalNetwork,0,UNRESOLVED
tmp\mosaic-25.2\logs\log-20260602-172233-MaGaCellStudy\bandwidthMeasurements\ALL#ALL#ALL#Up.csv,UPLINK,247,region_central_degraded,9840,UNRESOLVED
tmp\mosaic-25.2\logs\log-20260602-172233-MaGaCellStudy\bandwidthMeasurements\ALL#ALL#ALL#Up.csv,UPLINK,247,region_north_normal,0,UNRESOLVED
tmp\mosaic-25.2\logs\log-20260602-172233-MaGaCellStudy\bandwidthMeasurements\ALL#ALL#ALL#Up.csv,UPLINK,248,globalNetwork,0,UNRESOLVED
tmp\mosaic-25.2\logs\log-20260602-172233-MaGaCellStudy\bandwidthMeasurements\ALL#ALL#ALL#Up.csv,UPLINK,248,region_central_degraded,19680,UNRESOLVED
tmp\mosaic-25.2\logs\log-20260602-172233-MaGaCellStudy\bandwidthMeasurements\ALL#ALL#ALL#Up.csv,UPLINK,248,region_north_normal,0,UNRESOLVED
tmp\mosaic-25.2\logs\log-20260602-172233-MaGaCellStudy\bandwidthMeasurements\ALL#ALL#ALL#Up.csv,UPLINK,249,globalNetwork,0,UNRESOLVED
tmp\mosaic-25.2\logs\log-20260602-172233-MaGaCellStudy\bandwidthMeasurements\ALL#ALL#ALL#Up.csv,UPLINK,249,region_central_degraded,19680,UNRESOLVED
tmp\mosaic-25.2\logs\log-20260602-172233-MaGaCellStudy\bandwidthMeasurements\ALL#ALL#ALL#Up.csv,UPLINK,249,region_north_normal,0,UNRESOLVED
tmp\mosaic-25.2\logs\log-20260602-172233-MaGaCellStudy\bandwidthMeasurements\ALL#ALL#ALL#Up.csv,UPLINK,250,globalNetwork,0,UNRESOLVED
tmp\mosaic-25.2\logs\log-20260602-172233-MaGaCellStudy\bandwidthMeasurements\ALL#ALL#ALL#Up.csv,UPLINK,250,region_central_degraded,19680,UNRESOLVED
tmp\mosaic-25.2\logs\log-20260602-172233-MaGaCellStudy\bandwidthMeasurements\ALL#ALL#ALL#Up.csv,UPLINK,250,region_north_normal,0,UNRESOLVED
tmp\mosaic-25.2\logs\log-20260602-172233-MaGaCellStudy\bandwidthMeasurements\ALL#ALL#ALL#Up.csv,UPLINK,251,globalNetwork,0,UNRESOLVED
tmp\mosaic-25.2\logs\log-20260602-172233-MaGaCellStudy\bandwidthMeasurements\ALL#ALL#ALL#Up.csv,UPLINK,251,region_central_degraded,19680,UNRESOLVED
tmp\mosaic-25.2\logs\log-20260602-172233-MaGaCellStudy\bandwidthMeasurements\ALL#ALL#ALL#Up.csv,UPLINK,251,region_north_normal,0,UNRESOLVED
tmp\mosaic-25.2\logs\log-20260602-172233-MaGaCellStudy\bandwidthMeasurements\ALL#ALL#ALL#Up.csv,UPLINK,252,globalNetwork,0,UNRESOLVED
tmp\mosaic-25.2\logs\log-20260602-172233-MaGaCellStudy\bandwidthMeasurements\ALL#ALL#ALL#Up.csv,UPLINK,252,region_central_degraded,19680,UNRESOLVED
tmp\mosaic-25.2\logs\log-20260602-172233-MaGaCellStudy\bandwidthMeasurements\ALL#ALL#ALL#Up.csv,UPLINK,252,region_north_normal,0,UNRESOLVED
tmp\mosaic-25.2\logs\log-20260602-172233-MaGaCellStudy\bandwidthMeasurements\ALL#ALL#ALL#Up.csv,UPLINK,253,globalNetwork,0,UNRESOLVED
tmp\mosaic-25.2\logs\log-20260602-172233-MaGaCellStudy\bandwidthMeasurements\ALL#ALL#ALL#Up.csv,UPLINK,253,region_central_degraded,9840,UNRESOLVED
tmp\mosaic-25.2\logs\log-20260602-172233-MaGaCellStudy\bandwidthMeasurements\ALL#ALL#ALL#Up.csv,UPLINK,253,region_north_normal,0,UNRESOLVED
tmp\mosaic-25.2\logs\log-20260602-172233-MaGaCellStudy\bandwidthMeasurements\ALL#ALL#ALL#Up.csv,UPLINK,254,globalNetwork,0,UNRESOLVED
tmp\mosaic-25.2\logs\log-20260602-172233-MaGaCellStudy\bandwidthMeasurements\ALL#ALL#ALL#Up.csv,UPLINK,254,region_central_degraded,9840,UNRESOLVED
tmp\mosaic-25.2\logs\log-20260602-172233-MaGaCellStudy\bandwidthMeasurements\ALL#ALL#ALL#Up.csv,UPLINK,254,region_north_normal,0,UNRESOLVED
tmp\mosaic-25.2\logs\log-20260602-172233-MaGaCellStudy\bandwidthMeasurements\ALL#ALL#ALL#Up.csv,UPLINK,255,globalNetwork,0,UNRESOLVED
tmp\mosaic-25.2\logs\log-20260602-172233-MaGaCellStudy\bandwidthMeasurements\ALL#ALL#ALL#Up.csv,UPLINK,255,region_central_degraded,19680,UNRESOLVED
tmp\mosaic-25.2\logs\log-20260602-172233-MaGaCellStudy\bandwidthMeasurements\ALL#ALL#ALL#Up.csv,UPLINK,255,region_north_normal,0,UNRESOLVED
tmp\mosaic-25.2\logs\log-20260602-172233-MaGaCellStudy\bandwidthMeasurements\ALL#ALL#ALL#Up.csv,UPLINK,256,globalNetwork,0,UNRESOLVED
tmp\mosaic-25.2\logs\log-20260602-172233-MaGaCellStudy\bandwidthMeasurements\ALL#ALL#ALL#Up.csv,UPLINK,256,region_central_degraded,19680,UNRESOLVED
tmp\mosaic-25.2\logs\log-20260602-172233-MaGaCellStudy\bandwidthMeasurements\ALL#ALL#ALL#Up.csv,UPLINK,256,region_north_normal,0,UNRESOLVED
tmp\mosaic-25.2\logs\log-20260602-172233-MaGaCellStudy\bandwidthMeasurements\ALL#ALL#ALL#Up.csv,UPLINK,257,globalNetwork,0,UNRESOLVED
tmp\mosaic-25.2\logs\log-20260602-172233-MaGaCellStudy\bandwidthMeasurements\ALL#ALL#ALL#Up.csv,UPLINK,257,region_central_degraded,19680,UNRESOLVED
tmp\mosaic-25.2\logs\log-20260602-172233-MaGaCellStudy\bandwidthMeasurements\ALL#ALL#ALL#Up.csv,UPLINK,257,region_north_normal,0,UNRESOLVED
tmp\mosaic-25.2\logs\log-20260602-172233-MaGaCellStudy\bandwidthMeasurements\ALL#ALL#ALL#Up.csv,UPLINK,258,globalNetwork,0,UNRESOLVED
tmp\mosaic-25.2\logs\log-20260602-172233-MaGaCellStudy\bandwidthMeasurements\ALL#ALL#ALL#Up.csv,UPLINK,258,region_central_degraded,19680,UNRESOLVED
tmp\mosaic-25.2\logs\log-20260602-172233-MaGaCellStudy\bandwidthMeasurements\ALL#ALL#ALL#Up.csv,UPLINK,258,region_north_normal,0,UNRESOLVED
tmp\mosaic-25.2\logs\log-20260602-172233-MaGaCellStudy\bandwidthMeasurements\ALL#ALL#ALL#Up.csv,UPLINK,259,globalNetwork,0,UNRESOLVED
tmp\mosaic-25.2\logs\log-20260602-172233-MaGaCellStudy\bandwidthMeasurements\ALL#ALL#ALL#Up.csv,UPLINK,259,region_central_degraded,19680,UNRESOLVED
tmp\mosaic-25.2\logs\log-20260602-172233-MaGaCellStudy\bandwidthMeasurements\ALL#ALL#ALL#Up.csv,UPLINK,259,region_north_normal,0,UNRESOLVED
tmp\mosaic-25.2\logs\log-20260602-172233-MaGaCellStudy\bandwidthMeasurements\ALL#ALL#ALL#Up.csv,UPLINK,260,globalNetwork,0,UNRESOLVED
tmp\mosaic-25.2\logs\log-20260602-172233-MaGaCellStudy\bandwidthMeasurements\ALL#ALL#ALL#Up.csv,UPLINK,260,region_central_degraded,19680,UNRESOLVED
tmp\mosaic-25.2\logs\log-20260602-172233-MaGaCellStudy\bandwidthMeasurements\ALL#ALL#ALL#Up.csv,UPLINK,260,region_north_normal,0,UNRESOLVED
tmp\mosaic-25.2\logs\log-20260602-172233-MaGaCellStudy\bandwidthMeasurements\ALL#ALL#ALL#Up.csv,UPLINK,261,globalNetwork,0,UNRESOLVED
tmp\mosaic-25.2\logs\log-20260602-172233-MaGaCellStudy\bandwidthMeasurements\ALL#ALL#ALL#Up.csv,UPLINK,261,region_central_degraded,19680,UNRESOLVED
tmp\mosaic-25.2\logs\log-20260602-172233-MaGaCellStudy\bandwidthMeasurements\ALL#ALL#ALL#Up.csv,UPLINK,261,region_north_normal,0,UNRESOLVED
tmp\mosaic-25.2\logs\log-20260602-172233-MaGaCellStudy\bandwidthMeasurements\ALL#ALL#ALL#Up.csv,UPLINK,262,globalNetwork,0,UNRESOLVED
tmp\mosaic-25.2\logs\log-20260602-172233-MaGaCellStudy\bandwidthMeasurements\ALL#ALL#ALL#Up.csv,UPLINK,262,region_central_degraded,19680,UNRESOLVED
tmp\mosaic-25.2\logs\log-20260602-172233-MaGaCellStudy\bandwidthMeasurements\ALL#ALL#ALL#Up.csv,UPLINK,262,region_north_normal,0,UNRESOLVED
tmp\mosaic-25.2\logs\log-20260602-172233-MaGaCellStudy\bandwidthMeasurements\ALL#ALL#ALL#Up.csv,UPLINK,263,globalNetwork,0,UNRESOLVED
tmp\mosaic-25.2\logs\log-20260602-172233-MaGaCellStudy\bandwidthMeasurements\ALL#ALL#ALL#Up.csv,UPLINK,263,region_central_degraded,19680,UNRESOLVED
tmp\mosaic-25.2\logs\log-20260602-172233-MaGaCellStudy\bandwidthMeasurements\ALL#ALL#ALL#Up.csv,UPLINK,263,region_north_normal,0,UNRESOLVED
tmp\mosaic-25.2\logs\log-20260602-172233-MaGaCellStudy\bandwidthMeasurements\ALL#ALL#ALL#Up.csv,UPLINK,264,globalNetwork,0,UNRESOLVED
tmp\mosaic-25.2\logs\log-20260602-172233-MaGaCellStudy\bandwidthMeasurements\ALL#ALL#ALL#Up.csv,UPLINK,264,region_central_degraded,19680,UNRESOLVED
tmp\mosaic-25.2\logs\log-20260602-172233-MaGaCellStudy\bandwidthMeasurements\ALL#ALL#ALL#Up.csv,UPLINK,264,region_north_normal,0,UNRESOLVED
tmp\mosaic-25.2\logs\log-20260602-172233-MaGaCellStudy\bandwidthMeasurements\ALL#ALL#ALL#Up.csv,UPLINK,265,globalNetwork,0,UNRESOLVED
tmp\mosaic-25.2\logs\log-20260602-172233-MaGaCellStudy\bandwidthMeasurements\ALL#ALL#ALL#Up.csv,UPLINK,265,region_central_degraded,19680,UNRESOLVED
tmp\mosaic-25.2\logs\log-20260602-172233-MaGaCellStudy\bandwidthMeasurements\ALL#ALL#ALL#Up.csv,UPLINK,265,region_north_normal,0,UNRESOLVED
tmp\mosaic-25.2\logs\log-20260602-172233-MaGaCellStudy\bandwidthMeasurements\ALL#ALL#ALL#Up.csv,UPLINK,266,globalNetwork,0,UNRESOLVED
tmp\mosaic-25.2\logs\log-20260602-172233-MaGaCellStudy\bandwidthMeasurements\ALL#ALL#ALL#Up.csv,UPLINK,266,region_central_degraded,19680,UNRESOLVED
tmp\mosaic-25.2\logs\log-20260602-172233-MaGaCellStudy\bandwidthMeasurements\ALL#ALL#ALL#Up.csv,UPLINK,266,region_north_normal,0,UNRESOLVED
tmp\mosaic-25.2\logs\log-20260602-172233-MaGaCellStudy\bandwidthMeasurements\ALL#ALL#ALL#Up.csv,UPLINK,267,globalNetwork,0,UNRESOLVED
tmp\mosaic-25.2\logs\log-20260602-172233-MaGaCellStudy\bandwidthMeasurements\ALL#ALL#ALL#Up.csv,UPLINK,267,region_central_degraded,19680,UNRESOLVED
tmp\mosaic-25.2\logs\log-20260602-172233-MaGaCellStudy\bandwidthMeasurements\ALL#ALL#ALL#Up.csv,UPLINK,267,region_north_normal,0,UNRESOLVED
tmp\mosaic-25.2\logs\log-20260602-172233-MaGaCellStudy\bandwidthMeasurements\ALL#ALL#ALL#Up.csv,UPLINK,268,globalNetwork,0,UNRESOLVED
tmp\mosaic-25.2\logs\log-20260602-172233-MaGaCellStudy\bandwidthMeasurements\ALL#ALL#ALL#Up.csv,UPLINK,268,region_central_degraded,19680,UNRESOLVED
tmp\mosaic-25.2\logs\log-20260602-172233-MaGaCellStudy\bandwidthMeasurements\ALL#ALL#ALL#Up.csv,UPLINK,268,region_north_normal,0,UNRESOLVED
tmp\mosaic-25.2\logs\log-20260602-172233-MaGaCellStudy\bandwidthMeasurements\ALL#ALL#ALL#Up.csv,UPLINK,269,globalNetwork,0,UNRESOLVED
tmp\mosaic-25.2\logs\log-20260602-172233-MaGaCellStudy\bandwidthMeasurements\ALL#ALL#ALL#Up.csv,UPLINK,269,region_central_degraded,19680,UNRESOLVED
tmp\mosaic-25.2\logs\log-20260602-172233-MaGaCellStudy\bandwidthMeasurements\ALL#ALL#ALL#Up.csv,UPLINK,269,region_north_normal,0,UNRESOLVED
tmp\mosaic-25.2\logs\log-20260602-172233-MaGaCellStudy\bandwidthMeasurements\ALL#ALL#ALL#Up.csv,UPLINK,270,globalNetwork,0,UNRESOLVED
tmp\mosaic-25.2\logs\log-20260602-172233-MaGaCellStudy\bandwidthMeasurements\ALL#ALL#ALL#Up.csv,UPLINK,270,region_central_degraded,19680,UNRESOLVED
tmp\mosaic-25.2\logs\log-20260602-172233-MaGaCellStudy\bandwidthMeasurements\ALL#ALL#ALL#Up.csv,UPLINK,270,region_north_normal,0,UNRESOLVED
tmp\mosaic-25.2\logs\log-20260602-172233-MaGaCellStudy\bandwidthMeasurements\ALL#ALL#ALL#Up.csv,UPLINK,271,globalNetwork,0,UNRESOLVED
tmp\mosaic-25.2\logs\log-20260602-172233-MaGaCellStudy\bandwidthMeasurements\ALL#ALL#ALL#Up.csv,UPLINK,271,region_central_degraded,19680,UNRESOLVED
tmp\mosaic-25.2\logs\log-20260602-172233-MaGaCellStudy\bandwidthMeasurements\ALL#ALL#ALL#Up.csv,UPLINK,271,region_north_normal,0,UNRESOLVED
tmp\mosaic-25.2\logs\log-20260602-172233-MaGaCellStudy\bandwidthMeasurements\ALL#ALL#ALL#Up.csv,UPLINK,272,globalNetwork,0,UNRESOLVED
tmp\mosaic-25.2\logs\log-20260602-172233-MaGaCellStudy\bandwidthMeasurements\ALL#ALL#ALL#Up.csv,UPLINK,272,region_central_degraded,19680,UNRESOLVED
tmp\mosaic-25.2\logs\log-20260602-172233-MaGaCellStudy\bandwidthMeasurements\ALL#ALL#ALL#Up.csv,UPLINK,272,region_north_normal,0,UNRESOLVED
tmp\mosaic-25.2\logs\log-20260602-172233-MaGaCellStudy\bandwidthMeasurements\ALL#ALL#ALL#Up.csv,UPLINK,273,globalNetwork,0,UNRESOLVED
tmp\mosaic-25.2\logs\log-20260602-172233-MaGaCellStudy\bandwidthMeasurements\ALL#ALL#ALL#Up.csv,UPLINK,273,region_central_degraded,19680,UNRESOLVED
tmp\mosaic-25.2\logs\log-20260602-172233-MaGaCellStudy\bandwidthMeasurements\ALL#ALL#ALL#Up.csv,UPLINK,273,region_north_normal,0,UNRESOLVED
tmp\mosaic-25.2\logs\log-20260602-172233-MaGaCellStudy\bandwidthMeasurements\ALL#ALL#ALL#Up.csv,UPLINK,274,globalNetwork,0,UNRESOLVED
tmp\mosaic-25.2\logs\log-20260602-172233-MaGaCellStudy\bandwidthMeasurements\ALL#ALL#ALL#Up.csv,UPLINK,274,region_central_degraded,19680,UNRESOLVED
tmp\mosaic-25.2\logs\log-20260602-172233-MaGaCellStudy\bandwidthMeasurements\ALL#ALL#ALL#Up.csv,UPLINK,274,region_north_normal,0,UNRESOLVED
tmp\mosaic-25.2\logs\log-20260602-172233-MaGaCellStudy\bandwidthMeasurements\ALL#ALL#ALL#Up.csv,UPLINK,275,globalNetwork,0,UNRESOLVED
tmp\mosaic-25.2\logs\log-20260602-172233-MaGaCellStudy\bandwidthMeasurements\ALL#ALL#ALL#Up.csv,UPLINK,275,region_central_degraded,19680,UNRESOLVED
tmp\mosaic-25.2\logs\log-20260602-172233-MaGaCellStudy\bandwidthMeasurements\ALL#ALL#ALL#Up.csv,UPLINK,275,region_north_normal,0,UNRESOLVED
tmp\mosaic-25.2\logs\log-20260602-172233-MaGaCellStudy\bandwidthMeasurements\ALL#ALL#ALL#Up.csv,UPLINK,276,globalNetwork,0,UNRESOLVED
tmp\mosaic-25.2\logs\log-20260602-172233-MaGaCellStudy\bandwidthMeasurements\ALL#ALL#ALL#Up.csv,UPLINK,276,region_central_degraded,19680,UNRESOLVED
tmp\mosaic-25.2\logs\log-20260602-172233-MaGaCellStudy\bandwidthMeasurements\ALL#ALL#ALL#Up.csv,UPLINK,276,region_north_normal,0,UNRESOLVED
tmp\mosaic-25.2\logs\log-20260602-172233-MaGaCellStudy\bandwidthMeasurements\ALL#ALL#ALL#Up.csv,UPLINK,277,globalNetwork,0,UNRESOLVED
tmp\mosaic-25.2\logs\log-20260602-172233-MaGaCellStudy\bandwidthMeasurements\ALL#ALL#ALL#Up.csv,UPLINK,277,region_central_degraded,9840,UNRESOLVED
tmp\mosaic-25.2\logs\log-20260602-172233-MaGaCellStudy\bandwidthMeasurements\ALL#ALL#ALL#Up.csv,UPLINK,277,region_north_normal,0,UNRESOLVED
tmp\mosaic-25.2\logs\log-20260602-172233-MaGaCellStudy\bandwidthMeasurements\ALL#ALL#ALL#Up.csv,UPLINK,278,globalNetwork,0,UNRESOLVED
tmp\mosaic-25.2\logs\log-20260602-172233-MaGaCellStudy\bandwidthMeasurements\ALL#ALL#ALL#Up.csv,UPLINK,278,region_central_degraded,19680,UNRESOLVED
tmp\mosaic-25.2\logs\log-20260602-172233-MaGaCellStudy\bandwidthMeasurements\ALL#ALL#ALL#Up.csv,UPLINK,278,region_north_normal,0,UNRESOLVED
tmp\mosaic-25.2\logs\log-20260602-172233-MaGaCellStudy\bandwidthMeasurements\ALL#ALL#ALL#Up.csv,UPLINK,279,globalNetwork,0,UNRESOLVED
tmp\mosaic-25.2\logs\log-20260602-172233-MaGaCellStudy\bandwidthMeasurements\ALL#ALL#ALL#Up.csv,UPLINK,279,region_central_degraded,19680,UNRESOLVED
tmp\mosaic-25.2\logs\log-20260602-172233-MaGaCellStudy\bandwidthMeasurements\ALL#ALL#ALL#Up.csv,UPLINK,279,region_north_normal,0,UNRESOLVED
tmp\mosaic-25.2\logs\log-20260602-172233-MaGaCellStudy\bandwidthMeasurements\ALL#ALL#ALL#Up.csv,UPLINK,280,globalNetwork,0,UNRESOLVED
tmp\mosaic-25.2\logs\log-20260602-172233-MaGaCellStudy\bandwidthMeasurements\ALL#ALL#ALL#Up.csv,UPLINK,280,region_central_degraded,19680,UNRESOLVED
tmp\mosaic-25.2\logs\log-20260602-172233-MaGaCellStudy\bandwidthMeasurements\ALL#ALL#ALL#Up.csv,UPLINK,280,region_north_normal,0,UNRESOLVED
tmp\mosaic-25.2\logs\log-20260602-172233-MaGaCellStudy\bandwidthMeasurements\ALL#ALL#ALL#Up.csv,UPLINK,281,globalNetwork,0,UNRESOLVED
tmp\mosaic-25.2\logs\log-20260602-172233-MaGaCellStudy\bandwidthMeasurements\ALL#ALL#ALL#Up.csv,UPLINK,281,region_central_degraded,19680,UNRESOLVED
tmp\mosaic-25.2\logs\log-20260602-172233-MaGaCellStudy\bandwidthMeasurements\ALL#ALL#ALL#Up.csv,UPLINK,281,region_north_normal,0,UNRESOLVED
tmp\mosaic-25.2\logs\log-20260602-172233-MaGaCellStudy\bandwidthMeasurements\ALL#ALL#ALL#Up.csv,UPLINK,282,globalNetwork,0,UNRESOLVED
tmp\mosaic-25.2\logs\log-20260602-172233-MaGaCellStudy\bandwidthMeasurements\ALL#ALL#ALL#Up.csv,UPLINK,282,region_central_degraded,9840,UNRESOLVED
tmp\mosaic-25.2\logs\log-20260602-172233-MaGaCellStudy\bandwidthMeasurements\ALL#ALL#ALL#Up.csv,UPLINK,282,region_north_normal,0,UNRESOLVED
tmp\mosaic-25.2\logs\log-20260602-172233-MaGaCellStudy\bandwidthMeasurements\ALL#ALL#ALL#Up.csv,UPLINK,283,globalNetwork,0,UNRESOLVED
tmp\mosaic-25.2\logs\log-20260602-172233-MaGaCellStudy\bandwidthMeasurements\ALL#ALL#ALL#Up.csv,UPLINK,283,region_central_degraded,9840,UNRESOLVED
tmp\mosaic-25.2\logs\log-20260602-172233-MaGaCellStudy\bandwidthMeasurements\ALL#ALL#ALL#Up.csv,UPLINK,283,region_north_normal,0,UNRESOLVED
tmp\mosaic-25.2\logs\log-20260602-172233-MaGaCellStudy\bandwidthMeasurements\ALL#ALL#ALL#Up.csv,UPLINK,284,globalNetwork,0,UNRESOLVED
tmp\mosaic-25.2\logs\log-20260602-172233-MaGaCellStudy\bandwidthMeasurements\ALL#ALL#ALL#Up.csv,UPLINK,284,region_central_degraded,19680,UNRESOLVED
tmp\mosaic-25.2\logs\log-20260602-172233-MaGaCellStudy\bandwidthMeasurements\ALL#ALL#ALL#Up.csv,UPLINK,284,region_north_normal,0,UNRESOLVED
tmp\mosaic-25.2\logs\log-20260602-172233-MaGaCellStudy\bandwidthMeasurements\ALL#ALL#ALL#Up.csv,UPLINK,285,globalNetwork,0,UNRESOLVED
tmp\mosaic-25.2\logs\log-20260602-172233-MaGaCellStudy\bandwidthMeasurements\ALL#ALL#ALL#Up.csv,UPLINK,285,region_central_degraded,19680,UNRESOLVED
tmp\mosaic-25.2\logs\log-20260602-172233-MaGaCellStudy\bandwidthMeasurements\ALL#ALL#ALL#Up.csv,UPLINK,285,region_north_normal,0,UNRESOLVED
tmp\mosaic-25.2\logs\log-20260602-172233-MaGaCellStudy\bandwidthMeasurements\ALL#ALL#ALL#Up.csv,UPLINK,286,globalNetwork,0,UNRESOLVED
tmp\mosaic-25.2\logs\log-20260602-172233-MaGaCellStudy\bandwidthMeasurements\ALL#ALL#ALL#Up.csv,UPLINK,286,region_central_degraded,9840,UNRESOLVED
tmp\mosaic-25.2\logs\log-20260602-172233-MaGaCellStudy\bandwidthMeasurements\ALL#ALL#ALL#Up.csv,UPLINK,286,region_north_normal,0,UNRESOLVED
tmp\mosaic-25.2\logs\log-20260602-172233-MaGaCellStudy\bandwidthMeasurements\ALL#ALL#ALL#Up.csv,UPLINK,287,globalNetwork,0,UNRESOLVED
tmp\mosaic-25.2\logs\log-20260602-172233-MaGaCellStudy\bandwidthMeasurements\ALL#ALL#ALL#Up.csv,UPLINK,287,region_central_degraded,19680,UNRESOLVED
tmp\mosaic-25.2\logs\log-20260602-172233-MaGaCellStudy\bandwidthMeasurements\ALL#ALL#ALL#Up.csv,UPLINK,287,region_north_normal,0,UNRESOLVED
tmp\mosaic-25.2\logs\log-20260602-172233-MaGaCellStudy\bandwidthMeasurements\ALL#ALL#ALL#Up.csv,UPLINK,288,globalNetwork,0,UNRESOLVED
tmp\mosaic-25.2\logs\log-20260602-172233-MaGaCellStudy\bandwidthMeasurements\ALL#ALL#ALL#Up.csv,UPLINK,288,region_central_degraded,9840,UNRESOLVED
tmp\mosaic-25.2\logs\log-20260602-172233-MaGaCellStudy\bandwidthMeasurements\ALL#ALL#ALL#Up.csv,UPLINK,288,region_north_normal,0,UNRESOLVED
tmp\mosaic-25.2\logs\log-20260602-172233-MaGaCellStudy\bandwidthMeasurements\ALL#ALL#ALL#Up.csv,UPLINK,289,globalNetwork,0,UNRESOLVED
tmp\mosaic-25.2\logs\log-20260602-172233-MaGaCellStudy\bandwidthMeasurements\ALL#ALL#ALL#Up.csv,UPLINK,289,region_central_degraded,19680,UNRESOLVED
tmp\mosaic-25.2\logs\log-20260602-172233-MaGaCellStudy\bandwidthMeasurements\ALL#ALL#ALL#Up.csv,UPLINK,289,region_north_normal,0,UNRESOLVED
tmp\mosaic-25.2\logs\log-20260602-172233-MaGaCellStudy\bandwidthMeasurements\ALL#ALL#ALL#Up.csv,UPLINK,290,globalNetwork,0,UNRESOLVED
tmp\mosaic-25.2\logs\log-20260602-172233-MaGaCellStudy\bandwidthMeasurements\ALL#ALL#ALL#Up.csv,UPLINK,290,region_central_degraded,19680,UNRESOLVED
tmp\mosaic-25.2\logs\log-20260602-172233-MaGaCellStudy\bandwidthMeasurements\ALL#ALL#ALL#Up.csv,UPLINK,290,region_north_normal,0,UNRESOLVED
tmp\mosaic-25.2\logs\log-20260602-172233-MaGaCellStudy\bandwidthMeasurements\ALL#ALL#ALL#Up.csv,UPLINK,291,globalNetwork,0,UNRESOLVED
tmp\mosaic-25.2\logs\log-20260602-172233-MaGaCellStudy\bandwidthMeasurements\ALL#ALL#ALL#Up.csv,UPLINK,291,region_central_degraded,19680,UNRESOLVED
tmp\mosaic-25.2\logs\log-20260602-172233-MaGaCellStudy\bandwidthMeasurements\ALL#ALL#ALL#Up.csv,UPLINK,291,region_north_normal,0,UNRESOLVED
tmp\mosaic-25.2\logs\log-20260602-172233-MaGaCellStudy\bandwidthMeasurements\ALL#ALL#ALL#Up.csv,UPLINK,292,globalNetwork,0,UNRESOLVED
tmp\mosaic-25.2\logs\log-20260602-172233-MaGaCellStudy\bandwidthMeasurements\ALL#ALL#ALL#Up.csv,UPLINK,292,region_central_degraded,9840,UNRESOLVED
tmp\mosaic-25.2\logs\log-20260602-172233-MaGaCellStudy\bandwidthMeasurements\ALL#ALL#ALL#Up.csv,UPLINK,292,region_north_normal,0,UNRESOLVED
tmp\mosaic-25.2\logs\log-20260602-172233-MaGaCellStudy\bandwidthMeasurements\ALL#ALL#ALL#Up.csv,UPLINK,293,globalNetwork,0,UNRESOLVED
tmp\mosaic-25.2\logs\log-20260602-172233-MaGaCellStudy\bandwidthMeasurements\ALL#ALL#ALL#Up.csv,UPLINK,293,region_central_degraded,9840,UNRESOLVED
tmp\mosaic-25.2\logs\log-20260602-172233-MaGaCellStudy\bandwidthMeasurements\ALL#ALL#ALL#Up.csv,UPLINK,293,region_north_normal,0,UNRESOLVED
tmp\mosaic-25.2\logs\log-20260602-172233-MaGaCellStudy\bandwidthMeasurements\ALL#ALL#ALL#Up.csv,UPLINK,294,globalNetwork,0,UNRESOLVED
tmp\mosaic-25.2\logs\log-20260602-172233-MaGaCellStudy\bandwidthMeasurements\ALL#ALL#ALL#Up.csv,UPLINK,294,region_central_degraded,0,UNRESOLVED
tmp\mosaic-25.2\logs\log-20260602-172233-MaGaCellStudy\bandwidthMeasurements\ALL#ALL#ALL#Up.csv,UPLINK,294,region_north_normal,0,UNRESOLVED
tmp\mosaic-25.2\logs\log-20260602-172233-MaGaCellStudy\bandwidthMeasurements\ALL#ALL#ALL#Up.csv,UPLINK,295,globalNetwork,0,UNRESOLVED
tmp\mosaic-25.2\logs\log-20260602-172233-MaGaCellStudy\bandwidthMeasurements\ALL#ALL#ALL#Up.csv,UPLINK,295,region_central_degraded,9840,UNRESOLVED
tmp\mosaic-25.2\logs\log-20260602-172233-MaGaCellStudy\bandwidthMeasurements\ALL#ALL#ALL#Up.csv,UPLINK,295,region_north_normal,0,UNRESOLVED
tmp\mosaic-25.2\logs\log-20260602-172233-MaGaCellStudy\bandwidthMeasurements\ALL#ALL#ALL#Up.csv,UPLINK,296,globalNetwork,0,UNRESOLVED
tmp\mosaic-25.2\logs\log-20260602-172233-MaGaCellStudy\bandwidthMeasurements\ALL#ALL#ALL#Up.csv,UPLINK,296,region_central_degraded,9840,UNRESOLVED
tmp\mosaic-25.2\logs\log-20260602-172233-MaGaCellStudy\bandwidthMeasurements\ALL#ALL#ALL#Up.csv,UPLINK,296,region_north_normal,0,UNRESOLVED
tmp\mosaic-25.2\logs\log-20260602-172233-MaGaCellStudy\bandwidthMeasurements\ALL#ALL#ALL#Up.csv,UPLINK,297,globalNetwork,0,UNRESOLVED
tmp\mosaic-25.2\logs\log-20260602-172233-MaGaCellStudy\bandwidthMeasurements\ALL#ALL#ALL#Up.csv,UPLINK,297,region_central_degraded,9840,UNRESOLVED
tmp\mosaic-25.2\logs\log-20260602-172233-MaGaCellStudy\bandwidthMeasurements\ALL#ALL#ALL#Up.csv,UPLINK,297,region_north_normal,0,UNRESOLVED
tmp\mosaic-25.2\logs\log-20260602-172233-MaGaCellStudy\bandwidthMeasurements\ALL#ALL#ALL#Up.csv,UPLINK,298,globalNetwork,0,UNRESOLVED
tmp\mosaic-25.2\logs\log-20260602-172233-MaGaCellStudy\bandwidthMeasurements\ALL#ALL#ALL#Up.csv,UPLINK,298,region_central_degraded,9840,UNRESOLVED
tmp\mosaic-25.2\logs\log-20260602-172233-MaGaCellStudy\bandwidthMeasurements\ALL#ALL#ALL#Up.csv,UPLINK,298,region_north_normal,0,UNRESOLVED
tmp\mosaic-25.2\logs\log-20260602-172233-MaGaCellStudy\bandwidthMeasurements\ALL#ALL#ALL#Up.csv,UPLINK,299,globalNetwork,0,UNRESOLVED
tmp\mosaic-25.2\logs\log-20260602-172233-MaGaCellStudy\bandwidthMeasurements\ALL#ALL#ALL#Up.csv,UPLINK,299,region_central_degraded,9840,UNRESOLVED
tmp\mosaic-25.2\logs\log-20260602-172233-MaGaCellStudy\bandwidthMeasurements\ALL#ALL#ALL#Up.csv,UPLINK,299,region_north_normal,0,UNRESOLVED
tmp\mosaic-25.2\logs\log-20260602-172233-MaGaCellStudy\bandwidthMeasurements\ALL#ALL#ALL#Up.csv,UPLINK,300,globalNetwork,0,UNRESOLVED
tmp\mosaic-25.2\logs\log-20260602-172233-MaGaCellStudy\bandwidthMeasurements\ALL#ALL#ALL#Up.csv,UPLINK,300,region_central_degraded,9840,UNRESOLVED
tmp\mosaic-25.2\logs\log-20260602-172233-MaGaCellStudy\bandwidthMeasurements\ALL#ALL#ALL#Up.csv,UPLINK,300,region_north_normal,0,UNRESOLVED
tmp\mosaic-25.2\logs\log-20260602-172233-MaGaCellStudy\bandwidthMeasurements\ALL#ALL#ALL#Up.csv,UPLINK,301,globalNetwork,0,UNRESOLVED
tmp\mosaic-25.2\logs\log-20260602-172233-MaGaCellStudy\bandwidthMeasurements\ALL#ALL#ALL#Up.csv,UPLINK,301,region_central_degraded,0,UNRESOLVED
tmp\mosaic-25.2\logs\log-20260602-172233-MaGaCellStudy\bandwidthMeasurements\ALL#ALL#ALL#Up.csv,UPLINK,301,region_north_normal,0,UNRESOLVED
tmp\mosaic-25.2\logs\log-20260602-172233-MaGaCellStudy\bandwidthMeasurements\ALL#ALL#ALL#Up.csv,UPLINK,302,globalNetwork,0,UNRESOLVED
tmp\mosaic-25.2\logs\log-20260602-172233-MaGaCellStudy\bandwidthMeasurements\ALL#ALL#ALL#Up.csv,UPLINK,302,region_central_degraded,9840,UNRESOLVED
tmp\mosaic-25.2\logs\log-20260602-172233-MaGaCellStudy\bandwidthMeasurements\ALL#ALL#ALL#Up.csv,UPLINK,302,region_north_normal,0,UNRESOLVED
tmp\mosaic-25.2\logs\log-20260602-172233-MaGaCellStudy\bandwidthMeasurements\ALL#ALL#ALL#Up.csv,UPLINK,303,globalNetwork,0,UNRESOLVED
tmp\mosaic-25.2\logs\log-20260602-172233-MaGaCellStudy\bandwidthMeasurements\ALL#ALL#ALL#Up.csv,UPLINK,303,region_central_degraded,9840,UNRESOLVED
tmp\mosaic-25.2\logs\log-20260602-172233-MaGaCellStudy\bandwidthMeasurements\ALL#ALL#ALL#Up.csv,UPLINK,303,region_north_normal,0,UNRESOLVED
tmp\mosaic-25.2\logs\log-20260602-172233-MaGaCellStudy\bandwidthMeasurements\ALL#ALL#ALL#Up.csv,UPLINK,304,globalNetwork,0,UNRESOLVED
tmp\mosaic-25.2\logs\log-20260602-172233-MaGaCellStudy\bandwidthMeasurements\ALL#ALL#ALL#Up.csv,UPLINK,304,region_central_degraded,9840,UNRESOLVED
tmp\mosaic-25.2\logs\log-20260602-172233-MaGaCellStudy\bandwidthMeasurements\ALL#ALL#ALL#Up.csv,UPLINK,304,region_north_normal,0,UNRESOLVED
tmp\mosaic-25.2\logs\log-20260602-172233-MaGaCellStudy\bandwidthMeasurements\ALL#ALL#ALL#Up.csv,UPLINK,305,globalNetwork,0,UNRESOLVED
tmp\mosaic-25.2\logs\log-20260602-172233-MaGaCellStudy\bandwidthMeasurements\ALL#ALL#ALL#Up.csv,UPLINK,305,region_central_degraded,9840,UNRESOLVED
tmp\mosaic-25.2\logs\log-20260602-172233-MaGaCellStudy\bandwidthMeasurements\ALL#ALL#ALL#Up.csv,UPLINK,305,region_north_normal,0,UNRESOLVED
tmp\mosaic-25.2\logs\log-20260602-172233-MaGaCellStudy\bandwidthMeasurements\ALL#ALL#ALL#Up.csv,UPLINK,306,globalNetwork,0,UNRESOLVED
tmp\mosaic-25.2\logs\log-20260602-172233-MaGaCellStudy\bandwidthMeasurements\ALL#ALL#ALL#Up.csv,UPLINK,306,region_central_degraded,9840,UNRESOLVED
tmp\mosaic-25.2\logs\log-20260602-172233-MaGaCellStudy\bandwidthMeasurements\ALL#ALL#ALL#Up.csv,UPLINK,306,region_north_normal,0,UNRESOLVED
tmp\mosaic-25.2\logs\log-20260602-172233-MaGaCellStudy\bandwidthMeasurements\ALL#ALL#ALL#Up.csv,UPLINK,307,globalNetwork,0,UNRESOLVED
tmp\mosaic-25.2\logs\log-20260602-172233-MaGaCellStudy\bandwidthMeasurements\ALL#ALL#ALL#Up.csv,UPLINK,307,region_central_degraded,0,UNRESOLVED
tmp\mosaic-25.2\logs\log-20260602-172233-MaGaCellStudy\bandwidthMeasurements\ALL#ALL#ALL#Up.csv,UPLINK,307,region_north_normal,0,UNRESOLVED
tmp\mosaic-25.2\logs\log-20260602-172233-MaGaCellStudy\bandwidthMeasurements\ALL#ALL#ALL#Up.csv,UPLINK,308,globalNetwork,0,UNRESOLVED
tmp\mosaic-25.2\logs\log-20260602-172233-MaGaCellStudy\bandwidthMeasurements\ALL#ALL#ALL#Up.csv,UPLINK,308,region_central_degraded,9840,UNRESOLVED
tmp\mosaic-25.2\logs\log-20260602-172233-MaGaCellStudy\bandwidthMeasurements\ALL#ALL#ALL#Up.csv,UPLINK,308,region_north_normal,0,UNRESOLVED
tmp\mosaic-25.2\logs\log-20260602-172233-MaGaCellStudy\bandwidthMeasurements\ALL#ALL#ALL#Up.csv,UPLINK,309,globalNetwork,0,UNRESOLVED
tmp\mosaic-25.2\logs\log-20260602-172233-MaGaCellStudy\bandwidthMeasurements\ALL#ALL#ALL#Up.csv,UPLINK,309,region_central_degraded,9840,UNRESOLVED
tmp\mosaic-25.2\logs\log-20260602-172233-MaGaCellStudy\bandwidthMeasurements\ALL#ALL#ALL#Up.csv,UPLINK,309,region_north_normal,0,UNRESOLVED
tmp\mosaic-25.2\logs\log-20260602-172233-MaGaCellStudy\bandwidthMeasurements\ALL#ALL#ALL#Up.csv,UPLINK,310,globalNetwork,0,UNRESOLVED
tmp\mosaic-25.2\logs\log-20260602-172233-MaGaCellStudy\bandwidthMeasurements\ALL#ALL#ALL#Up.csv,UPLINK,310,region_central_degraded,9840,UNRESOLVED
tmp\mosaic-25.2\logs\log-20260602-172233-MaGaCellStudy\bandwidthMeasurements\ALL#ALL#ALL#Up.csv,UPLINK,310,region_north_normal,0,UNRESOLVED
tmp\mosaic-25.2\logs\log-20260602-172233-MaGaCellStudy\bandwidthMeasurements\ALL#ALL#ALL#Up.csv,UPLINK,311,globalNetwork,0,UNRESOLVED
tmp\mosaic-25.2\logs\log-20260602-172233-MaGaCellStudy\bandwidthMeasurements\ALL#ALL#ALL#Up.csv,UPLINK,311,region_central_degraded,9840,UNRESOLVED
tmp\mosaic-25.2\logs\log-20260602-172233-MaGaCellStudy\bandwidthMeasurements\ALL#ALL#ALL#Up.csv,UPLINK,311,region_north_normal,0,UNRESOLVED
tmp\mosaic-25.2\logs\log-20260602-172233-MaGaCellStudy\bandwidthMeasurements\ALL#ALL#ALL#Up.csv,UPLINK,312,globalNetwork,0,UNRESOLVED
tmp\mosaic-25.2\logs\log-20260602-172233-MaGaCellStudy\bandwidthMeasurements\ALL#ALL#ALL#Up.csv,UPLINK,312,region_central_degraded,9840,UNRESOLVED
tmp\mosaic-25.2\logs\log-20260602-172233-MaGaCellStudy\bandwidthMeasurements\ALL#ALL#ALL#Up.csv,UPLINK,312,region_north_normal,0,UNRESOLVED
tmp\mosaic-25.2\logs\log-20260602-172233-MaGaCellStudy\bandwidthMeasurements\ALL#ALL#ALL#Up.csv,UPLINK,313,globalNetwork,0,UNRESOLVED
tmp\mosaic-25.2\logs\log-20260602-172233-MaGaCellStudy\bandwidthMeasurements\ALL#ALL#ALL#Up.csv,UPLINK,313,region_central_degraded,9840,UNRESOLVED
tmp\mosaic-25.2\logs\log-20260602-172233-MaGaCellStudy\bandwidthMeasurements\ALL#ALL#ALL#Up.csv,UPLINK,313,region_north_normal,0,UNRESOLVED
tmp\mosaic-25.2\logs\log-20260602-172233-MaGaCellStudy\bandwidthMeasurements\ALL#ALL#ALL#Up.csv,UPLINK,314,globalNetwork,0,UNRESOLVED
tmp\mosaic-25.2\logs\log-20260602-172233-MaGaCellStudy\bandwidthMeasurements\ALL#ALL#ALL#Up.csv,UPLINK,314,region_central_degraded,9840,UNRESOLVED
tmp\mosaic-25.2\logs\log-20260602-172233-MaGaCellStudy\bandwidthMeasurements\ALL#ALL#ALL#Up.csv,UPLINK,314,region_north_normal,0,UNRESOLVED
tmp\mosaic-25.2\logs\log-20260602-172233-MaGaCellStudy\bandwidthMeasurements\ALL#ALL#ALL#Up.csv,UPLINK,315,globalNetwork,0,UNRESOLVED
tmp\mosaic-25.2\logs\log-20260602-172233-MaGaCellStudy\bandwidthMeasurements\ALL#ALL#ALL#Up.csv,UPLINK,315,region_central_degraded,9840,UNRESOLVED
tmp\mosaic-25.2\logs\log-20260602-172233-MaGaCellStudy\bandwidthMeasurements\ALL#ALL#ALL#Up.csv,UPLINK,315,region_north_normal,0,UNRESOLVED
tmp\mosaic-25.2\logs\log-20260602-172233-MaGaCellStudy\bandwidthMeasurements\ALL#ALL#ALL#Up.csv,UPLINK,316,globalNetwork,0,UNRESOLVED
tmp\mosaic-25.2\logs\log-20260602-172233-MaGaCellStudy\bandwidthMeasurements\ALL#ALL#ALL#Up.csv,UPLINK,316,region_central_degraded,9840,UNRESOLVED
tmp\mosaic-25.2\logs\log-20260602-172233-MaGaCellStudy\bandwidthMeasurements\ALL#ALL#ALL#Up.csv,UPLINK,316,region_north_normal,0,UNRESOLVED
tmp\mosaic-25.2\logs\log-20260602-172233-MaGaCellStudy\bandwidthMeasurements\ALL#ALL#ALL#Up.csv,UPLINK,317,globalNetwork,0,UNRESOLVED
tmp\mosaic-25.2\logs\log-20260602-172233-MaGaCellStudy\bandwidthMeasurements\ALL#ALL#ALL#Up.csv,UPLINK,317,region_central_degraded,9840,UNRESOLVED
tmp\mosaic-25.2\logs\log-20260602-172233-MaGaCellStudy\bandwidthMeasurements\ALL#ALL#ALL#Up.csv,UPLINK,317,region_north_normal,0,UNRESOLVED
